date,open,high,low,close,volume,amount
2017-08-11,0.9880,0.9950,0.9700,0.9730,104464580,103065730
2017-08-14,0.9730,0.9930,0.9730,0.9920,24258358,23849589
2017-08-15,0.9930,0.9950,0.9810,0.9870,5838350,5771978
2017-08-16,0.9840,0.9940,0.9830,0.9890,5700850,5631654
2017-08-17,0.9860,0.9970,0.9860,0.9950,14398800,14286922
2017-08-18,0.9870,0.9930,0.9850,0.9890,2795223,2763550
2017-08-21,0.9860,0.9930,0.9840,0.9900,2978993,2945887
2017-08-22,0.9900,0.9970,0.9850,0.9940,3638033,3615600
2017-08-23,0.9890,1.0100,0.9890,0.9980,34711603,34758582
2017-08-24,0.9920,0.9960,0.9840,0.9860,1305670,1293253
2017-08-25,0.9800,1.0130,0.9800,1.0080,36905778,37164634
2017-08-28,1.0110,1.0800,1.0110,1.0650,54111514,57194733
2017-08-29,1.0560,1.0700,1.0520,1.0580,8487705,8992419
2017-08-30,1.0550,1.1000,1.0550,1.0560,7060705,7573379
2017-08-31,1.0560,1.0790,1.0560,1.0680,3120714,3327024
2017-09-01,1.0670,1.0800,1.0670,1.0750,4102614,4408055
2017-09-04,1.0630,1.0780,1.0630,1.0720,1984964,2121375
2017-09-05,1.0720,1.0800,1.0670,1.0690,965900,1036643
2017-09-06,1.0550,1.0690,1.0550,1.0620,1267000,1344043
2017-09-07,1.0650,1.0720,1.0520,1.0550,1492000,1584807
2017-09-08,1.0560,1.0600,1.0470,1.0480,3163300,3324977
2017-09-11,1.0420,1.0580,1.0420,1.0500,1957000,2054166
2017-09-12,1.0500,1.0750,1.0500,1.0590,4997738,5326170
2017-09-13,1.0590,1.0620,1.0540,1.0550,581500,613717
2017-09-14,1.0550,1.0680,1.0540,1.0540,1263458,1342245
2017-09-15,1.0500,1.0670,1.0480,1.0560,2510638,2649290
2017-09-18,1.0560,1.0750,1.0560,1.0700,3784038,4050758
2017-09-19,1.0610,1.0650,1.0510,1.0580,1061200,1126429
2017-09-20,1.0560,1.0580,1.0510,1.0570,586120,617514
2017-09-21,1.0560,1.0710,1.0510,1.0590,1377478,1461059
2017-09-22,1.0550,1.0550,1.0420,1.0520,581500,607452
2017-09-25,1.0430,1.0490,1.0430,1.0440,553300,577565
2017-09-26,1.0000,1.0680,1.0000,1.0440,422000,440549
2017-09-27,1.0400,1.0450,1.0400,1.0420,282800,294583
2017-09-28,1.0420,1.0430,1.0360,1.0380,568800,591460
2017-09-29,1.0410,1.0590,1.0410,1.0530,828000,872872
2017-10-09,1.0550,1.0750,1.0550,1.0550,772800,820677
2017-10-10,1.0430,1.0550,1.0430,1.0550,542240,569838
2017-10-11,1.0450,1.0590,1.0450,1.0500,233900,245024
2017-10-12,1.0460,1.0480,1.0420,1.0420,305200,318749
2017-10-13,1.0420,1.0520,1.0420,1.0500,261800,273903
2017-10-16,1.0480,1.0550,1.0400,1.0400,1099158,1147745
2017-10-17,1.0370,1.0400,1.0250,1.0330,1292900,1337643
2017-10-18,1.0330,1.0390,1.0300,1.0300,332400,343187
2017-10-19,1.0300,1.0300,1.0010,1.0100,705348,714849
2017-10-20,1.0100,1.0190,1.0100,1.0140,200800,203590
2017-10-23,1.0020,1.0130,1.0020,1.0080,238400,239949
2017-10-24,1.0140,1.0180,1.0020,1.0160,180000,182814
2017-10-25,1.0110,1.0210,1.0110,1.0170,863500,877691
2017-10-26,1.0170,1.0320,1.0110,1.0210,878800,901350
2017-10-27,1.0210,1.0300,1.0060,1.0100,1443900,1467015
2017-10-30,1.0050,1.0050,0.9860,0.9860,1297400,1288362
2017-10-31,0.9850,0.9970,0.9800,0.9810,767900,756584
2017-11-01,0.9800,0.9990,0.9790,0.9790,992800,981103
2017-11-02,0.9790,0.9930,0.9730,0.9810,180500,177994
2017-11-03,0.9770,0.9880,0.9730,0.9840,291900,285517
2017-11-06,0.9800,0.9870,0.9760,0.9830,202100,197549
2017-11-07,0.9840,0.9910,0.9800,0.9910,213000,210093
2017-11-08,0.9850,1.0220,0.9850,1.0080,2306200,2330199
2017-11-09,1.0080,1.0080,1.0030,1.0030,430900,433814
2017-11-10,1.0180,1.0180,1.0000,1.0060,577200,581234
2017-11-13,1.0170,1.0170,1.0030,1.0030,671600,679093
2017-11-14,1.0040,1.0040,0.9910,0.9970,379500,378185
2017-11-15,0.9900,1.0000,0.9900,0.9900,608700,604641
2017-11-16,0.9810,0.9890,0.9810,0.9820,366300,360233
2017-11-17,0.9750,0.9900,0.9700,0.9730,1474600,1434979
2017-11-20,0.9730,0.9730,0.9600,0.9690,617800,596410
2017-11-21,0.9780,1.0200,0.9730,1.0030,2926700,2944498
2017-11-22,1.0000,1.0200,1.0000,1.0060,1777200,1794146
2017-11-23,1.0060,1.0160,0.9810,0.9820,666700,670813
2017-11-24,0.9940,0.9940,0.9740,0.9820,748700,731491
2017-11-27,0.9700,0.9880,0.9700,0.9880,123600,121094
2017-11-28,0.9880,0.9880,0.9710,0.9880,188700,184510
2017-11-29,0.9870,0.9870,0.9730,0.9850,173300,169542
2017-11-30,0.9860,1.0000,0.9790,0.9900,455300,449382
2017-12-01,0.9870,0.9870,0.9760,0.9840,61600,60654
2017-12-04,0.9760,0.9790,0.9720,0.9780,318500,309875
2017-12-05,0.9780,0.9820,0.9780,0.9820,340500,333849
2017-12-06,0.9750,0.9800,0.9700,0.9800,493900,480037
2017-12-07,0.9750,0.9780,0.9680,0.9680,121900,118285
2017-12-08,0.9700,0.9730,0.9670,0.9720,502348,487650
2017-12-11,0.9680,0.9760,0.9630,0.9700,281100,272111
2017-12-12,0.9610,0.9720,0.9610,0.9650,71348,68855
2017-12-13,0.9620,0.9700,0.9520,0.9520,985800,942945
2017-12-14,0.9520,0.9520,0.9360,0.9410,343600,323534
2017-12-15,0.9360,0.9400,0.9330,0.9400,340500,318520
2017-12-18,0.9400,0.9430,0.9240,0.9250,610600,567650
2017-12-19,0.9350,0.9350,0.9300,0.9330,182900,170855
2017-12-20,0.9300,0.9300,0.9170,0.9180,299100,275610
2017-12-21,0.9260,0.9300,0.9120,0.9230,302600,278464
2017-12-22,0.9190,0.9270,0.9180,0.9180,211600,194555
2017-12-25,0.9120,0.9200,0.9030,0.9030,241600,219461
2017-12-26,0.9050,0.9180,0.9040,0.9130,99800,90768
2017-12-27,0.9030,0.9040,0.8970,0.8970,237400,214189
2017-12-28,0.8970,0.9100,0.8970,0.9040,345380,311588
2017-12-29,0.9020,0.9040,0.9000,0.9040,277500,250233
2018-01-02,0.9070,0.9190,0.9070,0.9150,109890,100430
2018-01-03,0.9160,0.9300,0.9160,0.9290,730200,675567
2018-01-04,0.9230,0.9290,0.9210,0.9250,479990,443728
2018-01-05,0.9300,0.9490,0.9290,0.9320,683750,640671
2018-01-08,0.9340,0.9590,0.9340,0.9520,838800,794457
2018-01-09,0.9520,0.9520,0.9410,0.9460,447300,423479
2018-01-10,0.9430,0.9590,0.9350,0.9440,337100,319292
2018-01-11,0.9350,0.9450,0.9350,0.9440,79100,74136
2018-01-12,0.9570,0.9570,0.9340,0.9370,233700,220462
2018-01-15,0.9300,0.9310,0.9180,0.9300,715200,660981
2018-01-16,0.9040,0.9360,0.9030,0.9300,303500,279523
2018-01-17,0.9400,0.9950,0.9400,0.9730,3043270,2956739
2018-01-18,0.9730,0.9870,0.9600,0.9760,871770,851833
2018-01-19,0.9660,1.0170,0.9660,1.0030,3030673,3035970
2018-01-22,1.0000,1.0250,0.9880,1.0100,553200,554766
2018-01-23,1.0100,1.0100,0.9850,1.0020,433531,433466
2018-01-24,1.0090,1.0400,0.9950,1.0380,2102528,2153981
2018-01-25,1.0210,1.0350,1.0200,1.0200,1335400,1370793
2018-01-26,1.0110,1.0280,1.0110,1.0170,467475,477397
2018-01-29,1.0240,1.0240,0.9980,1.0050,713275,718872
2018-01-30,1.0150,1.0150,0.9870,0.9870,246600,245473
2018-01-31,0.9840,0.9900,0.9540,0.9810,411100,402921
2018-02-01,0.9800,0.9800,0.9520,0.9640,686600,661340
2018-02-02,0.9430,0.9600,0.9430,0.9600,350100,333175
2018-02-05,0.9390,0.9690,0.9390,0.9690,493400,469523
2018-02-06,0.9520,0.9520,0.9200,0.9350,234000,220084
2018-02-07,0.9350,0.9500,0.9260,0.9350,159000,148039
2018-02-08,0.9350,0.9350,0.8970,0.9120,794700,719622
2018-02-09,0.8970,0.8970,0.8300,0.8370,1552100,1331373
2018-02-12,0.8340,0.8480,0.8300,0.8400,738075,617166
2018-02-13,0.8500,0.8590,0.8430,0.8540,302300,257436
2018-02-14,0.8340,0.8540,0.8340,0.8520,138200,116749
2018-02-22,0.8660,0.8660,0.8490,0.8520,400700,342162
2018-02-23,0.8520,0.8630,0.8520,0.8570,149300,127589
2018-02-26,0.8520,0.8780,0.8520,0.8750,342100,297149
2018-02-27,0.8660,0.8720,0.8610,0.8650,126500,109426
2018-02-28,0.8500,0.8790,0.8490,0.8670,436400,377040
2018-03-01,0.8540,0.8700,0.8540,0.8650,63800,55044
2018-03-02,0.8630,0.8630,0.8530,0.8580,151900,129889
2018-03-05,0.8530,0.8550,0.8530,0.8530,160900,137266
2018-03-06,0.8770,0.8770,0.8530,0.8730,686200,593730
2018-03-07,0.8690,0.8790,0.8600,0.8600,146500,127738
2018-03-08,0.8560,0.8700,0.8560,0.8670,40600,35138
2018-03-09,0.8660,0.8790,0.8610,0.8770,259000,225406
2018-03-12,0.8800,0.8970,0.8800,0.8890,495200,439100
2018-03-13,0.8880,0.8920,0.8780,0.8820,179900,158798
2018-03-14,0.8800,0.8800,0.8710,0.8750,123720,108570
2018-03-15,0.8640,0.8740,0.8630,0.8690,157400,136484
2018-03-16,0.8730,0.8810,0.8670,0.8690,81500,70984
2018-03-19,0.8600,0.8710,0.8600,0.8630,60800,52613
2018-03-20,0.8600,0.8600,0.8520,0.8560,95100,81286
2018-03-21,0.8560,0.8810,0.8560,0.8720,320500,281151
2018-03-22,0.8620,0.8710,0.8590,0.8600,291100,252013
2018-03-23,0.8300,0.8570,0.8070,0.8120,934500,769907
2018-03-26,0.8100,0.8190,0.7810,0.8190,247100,198089
2018-03-27,0.8280,0.8320,0.8230,0.8290,333300,275270
2018-03-28,0.8300,0.8300,0.8160,0.8200,73300,60422
2018-03-29,0.8180,0.8390,0.8180,0.8360,309700,258824
2018-03-30,0.8440,0.8470,0.8370,0.8430,258900,217940
2018-04-02,0.8930,0.8930,0.8300,0.8570,270300,235565
2018-04-03,0.8500,0.8660,0.8440,0.8570,242300,206735
2018-04-04,0.8550,0.8550,0.8500,0.8530,30600,26122
2018-04-09,0.8420,0.8510,0.8380,0.8510,15600,13099
2018-04-10,0.8570,0.8690,0.8530,0.8690,266300,228634
2018-04-11,0.8520,0.8660,0.8520,0.8590,17600,15062
2018-04-12,0.8580,0.8600,0.8510,0.8510,38200,32567
2018-04-13,0.8630,0.8630,0.8400,0.8430,129500,109547
2018-04-16,0.8290,0.8490,0.8260,0.8280,409100,340118
2018-04-17,0.8400,0.8400,0.8270,0.8350,91600,76708
2018-04-18,0.8330,0.8480,0.8260,0.8390,178353,149344
2018-04-19,0.8480,0.8480,0.8330,0.8430,180200,151728
2018-04-20,0.8430,0.8480,0.8180,0.8180,312600,258717
2018-04-23,0.8200,0.8270,0.8090,0.8120,178100,145348
2018-04-24,0.8310,0.8390,0.8310,0.8390,110400,92310
2018-04-25,0.8360,0.8380,0.8300,0.8380,261500,218387
2018-04-26,0.8340,0.8370,0.8190,0.8190,145500,120000
2018-04-27,0.8200,0.8350,0.8200,0.8290,47700,39349
2018-05-02,0.8300,0.8370,0.8290,0.8340,28800,23962
2018-05-03,0.8390,0.8500,0.8380,0.8490,203600,172223
2018-05-04,0.8490,0.8490,0.8420,0.8450,103900,87893
2018-05-07,0.8410,0.8570,0.8410,0.8550,79700,67576
2018-05-08,0.8590,0.8590,0.8480,0.8560,297000,252923
2018-05-09,0.8430,0.8540,0.8430,0.8490,42800,36247
2018-05-10,0.8470,0.8530,0.8470,0.8530,68900,58550
2018-05-11,0.8520,0.8520,0.8440,0.8480,99600,84256
2018-05-14,0.8500,0.8500,0.8470,0.8470,25600,21727
2018-05-15,0.8700,0.8700,0.8350,0.8420,85100,71703
2018-05-16,0.8380,0.8420,0.8340,0.8390,99600,83472
2018-05-17,0.8300,0.8360,0.8280,0.8360,20400,16934
2018-05-18,0.8260,0.8380,0.8260,0.8380,50200,41635
2018-05-21,0.8390,0.8460,0.8380,0.8440,270100,227301
2018-05-22,0.8490,0.8490,0.8340,0.8400,1111400,928123
2018-05-23,0.8320,0.8380,0.8300,0.8320,242500,201926
2018-05-24,0.8260,0.8350,0.8230,0.8230,295933,245239
2018-05-25,0.8200,0.8320,0.8000,0.8200,288100,235820
2018-05-28,0.8020,0.8370,0.8020,0.8210,38200,31121
2018-05-29,0.8100,0.8170,0.8030,0.8100,190100,153873
2018-05-30,0.7810,0.8150,0.7770,0.7770,474300,371447
2018-05-31,0.7780,0.7860,0.7780,0.7830,307600,239998
2018-06-01,0.7830,0.7890,0.7770,0.7840,109300,85484
2018-06-04,0.7830,0.7900,0.7820,0.7860,122400,95969
2018-06-05,0.7830,0.7880,0.7770,0.7880,31100,24332
2018-06-06,0.7880,0.7940,0.7770,0.7850,182300,142767
2018-06-07,0.7970,0.8020,0.7890,0.7930,239300,189978
2018-06-08,0.7840,0.7860,0.7700,0.7740,108700,84348
2018-06-11,0.7700,0.7800,0.7660,0.7780,113200,87282
2018-06-12,0.7690,0.7820,0.7690,0.7810,22300,17266
2018-06-13,0.7700,0.7760,0.7670,0.7750,90000,69354
2018-06-14,0.7720,0.7750,0.7670,0.7740,144014,111445
2018-06-15,0.7690,0.7740,0.7660,0.7680,58500,44923
2018-06-19,0.7630,0.7630,0.7060,0.7270,193800,142512
2018-06-20,0.7280,0.7280,0.7050,0.7100,237000,167632
2018-06-21,0.7100,0.7100,0.6890,0.6890,126500,88189
2018-06-22,0.6780,0.6960,0.6780,0.6960,94400,65057
2018-06-25,0.7170,0.7170,0.6900,0.6990,51300,35743
2018-06-26,0.6810,0.6960,0.6810,0.6940,24300,16835
2018-06-27,0.6890,0.6960,0.6840,0.6960,20600,14119
2018-06-28,0.6970,0.7100,0.6960,0.6980,197200,138896
2018-06-29,0.6810,0.7120,0.6810,0.7120,38100,26843
2018-07-02,0.7030,0.7090,0.6930,0.7030,55700,38735
2018-07-03,0.7030,0.7090,0.6910,0.7090,52500,36645
2018-07-04,0.6920,0.7060,0.6920,0.7000,22300,15671
2018-07-05,0.7180,0.7180,0.6940,0.7020,18000,12722
2018-07-06,0.6780,0.7000,0.6780,0.7000,67900,47496
2018-07-09,0.7320,0.7320,0.7000,0.7130,52300,37329
2018-07-10,0.7110,0.7150,0.7110,0.7120,4200,2991
2018-07-11,0.6700,0.7490,0.6700,0.7140,58453,39986
2018-07-12,0.7000,0.7180,0.6950,0.7090,333253,234749
2018-07-13,0.7080,0.7090,0.7000,0.7060,50500,35716
2018-07-16,0.7000,0.7050,0.7000,0.7050,200,141
2018-07-17,0.7140,0.7140,0.6830,0.7000,47500,33204
2018-07-18,0.7050,0.7050,0.6880,0.6940,97600,67816
2018-07-20,0.6830,0.7090,0.6830,0.7090,220548,154412
2018-07-23,0.6990,0.7150,0.6990,0.7150,55300,39365
2018-07-24,0.7140,0.7380,0.7140,0.7280,366108,266088
2018-07-25,0.7240,0.7260,0.7120,0.7260,33100,23824
2018-07-26,0.7350,0.7350,0.7140,0.7140,245660,176790
2018-07-27,0.7140,0.7250,0.7120,0.7190,159900,114831
2018-07-30,0.6990,0.7180,0.6990,0.7060,225300,158961
2018-07-31,0.7060,0.7130,0.7060,0.7130,28700,20283
2018-08-01,0.7160,0.7160,0.6950,0.7010,22500,15893
2018-08-02,0.6830,0.6940,0.6710,0.6800,118700,80312
2018-08-03,0.6860,0.6900,0.6750,0.6810,107400,72898
2018-08-06,0.6810,0.6810,0.6480,0.6730,144900,96760
2018-08-07,0.6610,0.6990,0.6610,0.6920,42800,28982
2018-08-08,0.6770,0.6790,0.6740,0.6790,3200,2167
2018-08-09,0.6880,0.6950,0.6820,0.6930,161200,110671
2018-08-10,0.6910,0.6980,0.6770,0.6940,47200,32462
2018-08-13,0.6890,0.6890,0.6780,0.6890,22900,15592
2018-08-14,0.6930,0.6930,0.6740,0.6840,12000,8173
2018-08-15,0.6740,0.6740,0.6660,0.6660,34300,22890
2018-08-16,0.6610,0.6790,0.6600,0.6760,109800,72983
2018-08-17,0.6750,0.6850,0.6610,0.6800,6200,4211
2018-08-20,0.6740,0.6790,0.6740,0.6790,54100,36671
2018-08-21,0.6790,0.6940,0.6790,0.6880,1300,894
2018-08-22,0.6800,0.6800,0.6750,0.6760,10500,7121
2018-08-23,0.7100,0.7100,0.6790,0.6810,88100,59910
2018-08-24,0.6900,0.6940,0.6680,0.6870,34700,23733
2018-08-27,0.6880,0.6960,0.6830,0.6960,66900,46143
2018-08-28,0.6860,0.6970,0.6860,0.6970,67100,46130
2018-08-29,0.6700,0.7000,0.6700,0.7000,45900,31504
2018-08-30,0.6870,0.6950,0.6800,0.6920,150100,103086
2018-08-31,0.6870,0.6890,0.6810,0.6870,20500,14084
2018-09-04,0.6730,0.6920,0.6730,0.6920,25900,17844
2018-09-05,0.6610,0.6920,0.6610,0.6920,26800,18212
2018-09-06,0.6720,0.6890,0.6720,0.6890,1600,1078
2018-09-07,0.6800,0.6900,0.6800,0.6870,19700,13411
2018-09-10,0.6630,0.6630,0.6590,0.6590,90800,59996
2018-09-11,0.6790,0.6790,0.6480,0.6660,15800,10299
2018-09-12,0.6650,0.6800,0.6650,0.6700,11700,7834
2018-09-13,0.6660,0.6750,0.6660,0.6740,28800,19335
2018-09-14,0.6910,0.6910,0.6670,0.6790,32300,21789
2018-09-17,0.6780,0.6780,0.6730,0.6730,5300,3583
2018-09-18,0.6710,0.6800,0.6610,0.6750,25900,17379
2018-09-19,0.6700,0.6980,0.6700,0.6790,2300,1569
2018-09-20,0.6730,0.6810,0.6720,0.6790,22500,15124
2018-09-21,0.6700,0.6890,0.6700,0.6890,159200,108976
2018-09-26,0.6870,0.6950,0.6860,0.6950,4300,2979
2018-09-27,0.6900,0.6900,0.6790,0.6900,73300,50038
2018-09-28,0.6810,0.6900,0.6810,0.6890,119500,81976
2018-10-08,0.6640,0.6700,0.6640,0.6700,67200,44743
2018-10-09,0.6690,0.6690,0.6620,0.6690,228100,151022
2018-10-10,0.6590,0.6700,0.6410,0.6680,76400,50442
2018-10-11,0.6430,0.6660,0.6370,0.6610,386248,246528
2018-10-12,0.6360,0.6650,0.6020,0.6300,234300,146303
2018-10-15,0.6300,0.6300,0.6050,0.6280,216600,131796
2018-10-16,0.6040,0.6040,0.5890,0.5930,331100,196889
2018-10-17,0.5950,0.6060,0.5860,0.6030,84200,50375
2018-10-18,0.5920,0.6010,0.5800,0.5970,41200,24405
2018-10-19,0.6040,0.6080,0.5950,0.6080,52800,31726
2018-10-22,0.6320,0.6690,0.6320,0.6690,1323700,878484
2018-10-23,0.7170,0.7170,0.6510,0.6800,820300,554901
2018-10-24,0.6730,0.6950,0.6420,0.6830,321000,218378
2018-10-25,0.6710,0.7010,0.6500,0.6960,312200,212869
2018-10-26,0.6820,0.7070,0.6820,0.6940,235400,164712
2018-10-29,0.6870,0.6950,0.6510,0.6840,196500,134400
2018-10-30,0.6610,0.7300,0.6610,0.7130,507900,355850
2018-10-31,0.7130,0.7130,0.7000,0.7070,46600,32865
2018-11-01,0.7190,0.7490,0.7020,0.7110,382700,277050
2018-11-02,0.7080,0.7360,0.7080,0.7320,254900,184876
2018-11-05,0.7260,0.7700,0.7190,0.7360,391700,285539
2018-11-06,0.7070,0.7400,0.7070,0.7300,169500,121731
2018-11-07,0.7300,0.7300,0.7100,0.7130,218400,156479
2018-11-08,0.7020,0.7190,0.6980,0.7070,254200,179210
2018-11-09,0.6970,0.7060,0.6910,0.6990,107900,75082
2018-11-12,0.7070,0.7210,0.7070,0.7150,26000,18417
2018-11-13,0.7340,0.7350,0.7100,0.7340,240200,173884
2018-11-14,0.7380,0.7380,0.7180,0.7230,209200,151307
2018-11-15,0.7010,0.7400,0.7010,0.7380,277500,201372
2018-11-16,0.7280,0.7690,0.7280,0.7560,417700,316241
2018-11-19,0.7340,0.7950,0.7340,0.7800,2445200,1904110
2018-11-20,0.7800,0.7970,0.7440,0.7510,1126500,860403
2018-11-21,0.7290,0.7620,0.7290,0.7530,231415,172982
2018-11-22,0.7520,0.7520,0.7360,0.7480,94600,70477
2018-11-23,0.7400,0.7410,0.7230,0.7330,373800,272295
2018-11-26,0.7280,0.7300,0.7080,0.7230,156700,112820
2018-11-27,0.7080,0.7220,0.7070,0.7190,70900,50655
2018-11-28,0.7190,0.7390,0.7190,0.7390,165800,120795
2018-11-29,0.7390,0.7440,0.7100,0.7100,114400,83573
2018-11-30,0.7190,0.7230,0.6940,0.7220,346600,246481
2018-12-03,0.7390,0.7920,0.7370,0.7500,649000,491730
2018-12-04,0.7400,0.7560,0.7400,0.7540,356700,266164
2018-12-05,0.7470,0.7470,0.7350,0.7440,574600,424699
2018-12-06,0.7320,0.7370,0.7220,0.7370,153600,111670
2018-12-07,0.7330,0.7360,0.7250,0.7360,81500,59257
2018-12-10,0.7360,0.7360,0.7130,0.7250,37600,26921
2018-12-11,0.7700,0.7700,0.7160,0.7260,187000,136229
2018-12-12,0.7300,0.7310,0.7220,0.7310,27600,19970
2018-12-13,0.7210,0.7390,0.7210,0.7390,271000,200011
2018-12-14,0.7330,0.7360,0.7150,0.7360,39300,28179
2018-12-17,0.7080,0.7300,0.7080,0.7220,119300,85140
2018-12-18,0.6960,0.7140,0.6960,0.7140,26800,18885
2018-12-19,0.6970,0.7150,0.6960,0.6980,102000,71028
2018-12-20,0.6960,0.7070,0.6960,0.7070,84800,59174
2018-12-21,0.7070,0.7070,0.6820,0.6980,38600,27080
2018-12-24,0.6810,0.6980,0.6810,0.6920,90000,62068
2018-12-25,0.6760,0.6990,0.6630,0.6800,235900,159358
2018-12-26,0.6700,0.6760,0.6660,0.6740,71900,48139
2018-12-27,0.6760,0.6790,0.6720,0.6780,56400,38072
2018-12-28,0.6810,0.6820,0.6800,0.6820,110000,74834
2019-01-02,0.6730,0.6790,0.6720,0.6790,89490,60224
2019-01-03,0.6800,0.7030,0.6800,0.6940,142800,98993
2019-01-04,0.6570,0.7460,0.6570,0.7390,1009773,731955
2019-01-07,0.7500,0.7500,0.7340,0.7380,418115,309771
2019-01-08,0.7280,0.7440,0.7260,0.7410,203500,148973
2019-01-09,0.7430,0.7490,0.7410,0.7430,165800,123150
2019-01-10,0.7340,0.7450,0.7270,0.7350,409990,302552
2019-01-11,0.7340,0.7480,0.7300,0.7390,106300,77995
2019-01-14,0.7380,0.7380,0.7330,0.7350,25400,18657
2019-01-15,0.7320,0.7540,0.7320,0.7540,448900,336427
2019-01-16,0.7410,0.7540,0.7410,0.7530,324000,242848
2019-01-17,0.7500,0.7550,0.7160,0.7550,343615,252177
2019-01-18,0.7350,0.7540,0.7350,0.7530,155800,115327
2019-01-21,0.7370,0.7520,0.7370,0.7440,64400,47647
2019-01-22,0.7390,0.7440,0.7300,0.7310,69400,50757
2019-01-23,0.7330,0.7410,0.7290,0.7370,22900,16799
2019-01-24,0.7370,0.7490,0.7350,0.7440,241015,178997
2019-01-25,0.7420,0.7420,0.7380,0.7420,197200,146314
2019-01-28,0.7490,0.7490,0.7340,0.7400,309300,229070
2019-01-29,0.7230,0.7480,0.7230,0.7480,55015,39905
2019-01-30,0.7370,0.7470,0.7250,0.7250,101500,75796
2019-01-31,0.7280,0.7470,0.7280,0.7350,59500,43779
2019-02-01,0.7440,0.7520,0.7440,0.7520,101100,75659
2019-02-11,0.7400,0.7680,0.7400,0.7670,116700,88331
2019-02-12,0.7310,0.7760,0.7310,0.7750,442000,340248
2019-02-13,0.7750,0.7950,0.7580,0.7950,838700,660992
2019-02-14,0.7960,0.7970,0.7750,0.7960,813000,641688
2019-02-15,0.7860,0.7950,0.7750,0.7950,189800,148436
2019-02-18,0.7650,0.8250,0.7650,0.8230,744400,593347
2019-02-19,0.8220,0.8480,0.8140,0.8290,344900,286250
2019-02-20,0.8210,0.8360,0.8170,0.8300,249700,206349
2019-02-21,0.8250,0.8550,0.8110,0.8480,669500,565475
2019-02-22,0.8440,0.9320,0.8320,0.9220,1173200,1030682
2019-02-25,0.9390,1.0140,0.9390,1.0140,7000765,6981868
2019-02-26,1.0560,1.0570,1.0000,1.0000,6376600,6574958
2019-02-27,1.0000,1.0090,0.9520,0.9950,3660900,3573669
2019-02-28,0.9920,0.9920,0.9410,0.9500,2443000,2325725
2019-03-01,0.9510,0.9920,0.9480,0.9750,4178900,4086044
2019-03-04,1.0090,1.0500,0.9600,0.9860,5157840,5115384
2019-03-05,0.9860,0.9860,0.9620,0.9820,1403000,1368355
2019-03-06,0.9860,1.0500,0.9860,1.0210,5840500,5904838
2019-03-07,1.0220,1.1230,1.0220,1.0890,9080163,9724925
2019-03-08,1.0600,1.0600,0.9810,0.9900,6133500,6307169
2019-03-11,0.9800,1.0260,0.9430,1.0000,5955600,5877046
2019-03-12,1.0010,1.0380,0.9910,1.0110,4007500,4068714
2019-03-13,1.0260,1.0260,0.9790,0.9820,1126500,1113684
2019-03-14,0.9700,0.9890,0.9500,0.9630,972900,939336
2019-03-15,0.9740,0.9880,0.9640,0.9850,973500,952506
2019-03-18,0.9970,0.9990,0.9500,0.9920,1892400,1836116
2019-03-19,0.9920,0.9980,0.9690,0.9870,968100,955222
2019-03-20,0.9590,1.0080,0.9580,0.9920,2144000,2110570
2019-03-21,0.9860,1.0290,0.9830,1.0100,1600600,1623696
2019-03-22,1.0080,1.0110,0.9800,1.0030,713300,710374
2019-03-25,0.9830,0.9960,0.9690,0.9900,813000,797096
2019-03-26,0.9880,0.9880,0.9350,0.9400,1313800,1252217
2019-03-27,0.9700,0.9700,0.9300,0.9380,665900,627453
2019-03-28,0.9350,0.9480,0.9220,0.9300,632900,590527
2019-03-29,0.9480,1.0100,0.9420,1.0100,2344200,2309947
2019-04-01,1.0110,1.0380,0.9900,1.0250,2142000,2183352
2019-04-02,1.0260,1.0420,1.0130,1.0150,1752200,1801184
2019-04-03,1.0100,1.0700,1.0030,1.0640,2382700,2492158
2019-04-04,1.0640,1.0800,1.0500,1.0780,1515038,1616668
2019-04-08,1.0790,1.0910,1.0300,1.0470,1749682,1840491
2019-04-09,1.0450,1.0650,1.0290,1.0480,899200,938473
2019-04-10,1.0480,1.0480,1.0100,1.0430,1147500,1178664
2019-04-11,1.0260,1.0310,1.0100,1.0100,1417200,1441372
2019-04-12,1.0100,1.0230,1.0060,1.0180,787200,797890
2019-04-15,1.0480,1.0480,0.9960,0.9960,862400,879303
2019-04-16,0.9910,1.0180,0.9750,1.0180,831200,831903
2019-04-17,1.0180,1.0200,1.0030,1.0130,439600,445221
2019-04-18,0.9910,1.0200,0.9910,1.0100,192000,193542
2019-04-19,1.0110,1.0230,1.0100,1.0130,456800,464104
2019-04-22,1.0170,1.0240,0.9900,0.9920,580300,582041
2019-04-23,0.9900,1.0170,0.9850,1.0050,464100,464916
2019-04-24,1.0050,1.0100,0.9920,1.0090,203700,204168
2019-04-25,1.0010,1.0140,0.9650,0.9790,318800,318393
2019-04-26,0.9720,1.0020,0.9720,0.9760,823982,810533
2019-04-29,0.9830,0.9970,0.9280,0.9490,580300,553857
2019-04-30,0.9410,0.9530,0.9410,0.9430,776400,732104
2019-05-06,0.9400,0.9400,0.8500,0.8550,988400,869927
2019-05-07,0.8640,0.9040,0.8420,0.8710,665800,575834
2019-05-08,0.8580,0.8850,0.8160,0.8750,344500,291990
2019-05-09,0.8480,0.8740,0.8480,0.8680,407700,347648
2019-05-10,0.8680,0.9300,0.8480,0.8830,865700,768472
2019-05-13,0.8830,0.8830,0.8550,0.8670,354300,306079
2019-05-14,0.8500,0.8710,0.8500,0.8570,311600,267899
2019-05-15,0.8650,0.8750,0.8590,0.8680,167700,145340
2019-05-16,0.8600,0.8720,0.8600,0.8630,78800,68085
2019-05-17,0.8660,0.8700,0.8250,0.8270,1654000,1381831
2019-05-20,0.8170,0.8490,0.8170,0.8380,567100,470947
2019-05-21,0.8460,0.8600,0.8350,0.8550,413300,351327
2019-05-22,0.8510,0.8550,0.8420,0.8460,190000,160745
2019-05-23,0.8420,0.8560,0.8400,0.8420,375900,318681
2019-05-24,0.8420,0.8460,0.8420,0.8440,36300,30617
2019-05-27,0.8440,0.8730,0.8410,0.8640,476500,405419
2019-05-28,0.8640,0.8710,0.8600,0.8600,409000,353772
2019-05-29,0.8610,0.8750,0.8600,0.8680,251900,218018
2019-05-30,0.8630,0.8630,0.8440,0.8540,421400,360162
2019-05-31,0.8540,0.8570,0.8500,0.8510,331100,282442
2019-06-03,0.8540,0.8630,0.8470,0.8480,246000,210258
2019-06-04,0.8460,0.8550,0.8410,0.8500,408900,344325
2019-06-05,0.8520,0.8600,0.8460,0.8530,505600,431163
2019-06-06,0.8570,0.8570,0.8430,0.8530,70600,60318
2019-06-10,0.8530,0.8640,0.8230,0.8460,396800,332168
2019-06-11,0.8370,0.8800,0.8290,0.8770,787200,676426
2019-06-12,0.8730,0.8750,0.8630,0.8680,289000,250882
2019-06-13,0.8660,0.8790,0.8560,0.8720,426100,366576
2019-06-14,0.8740,0.8800,0.8550,0.8560,149800,130016
2019-06-17,0.8520,0.8690,0.8520,0.8600,26200,22576
2019-06-18,0.8350,0.8630,0.8350,0.8600,47800,41088
2019-06-19,0.8640,0.9460,0.8640,0.8830,311400,277768
2019-06-20,0.8790,0.9500,0.8790,0.9290,1809900,1674658
2019-06-21,0.9360,0.9760,0.9350,0.9450,842400,799725
2019-06-24,0.9590,0.9640,0.9410,0.9410,259400,246129
2019-06-25,0.9420,0.9550,0.9230,0.9500,817800,764888
2019-06-26,0.9440,0.9450,0.9170,0.9360,308740,286784
2019-06-27,0.9340,0.9520,0.9310,0.9400,536800,507207
2019-06-28,0.9400,0.9430,0.9300,0.9380,337700,315236
2019-07-01,0.9450,0.9660,0.9450,0.9530,1221500,1170832
2019-07-02,0.9490,0.9520,0.9450,0.9520,347700,329390
2019-07-03,0.9460,0.9460,0.9260,0.9280,629200,587539
2019-07-04,0.9320,0.9390,0.9250,0.9250,415900,387951
2019-07-05,0.9250,0.9330,0.9240,0.9290,141300,131277
2019-07-08,0.9280,0.9280,0.9010,0.9090,442500,403969
2019-07-09,0.9130,0.9250,0.8990,0.9160,477300,436890
2019-07-10,0.9160,0.9200,0.9100,0.9100,457300,418699
2019-07-11,0.9140,0.9230,0.9030,0.9100,515000,470781
2019-07-12,0.9100,0.9230,0.9100,0.9180,848100,774154
2019-07-15,0.9130,0.9560,0.9010,0.9340,360000,331968
2019-07-16,0.9310,0.9320,0.9300,0.9310,45500,42350
2019-07-17,0.9300,0.9340,0.9270,0.9280,535000,497554
2019-07-18,0.9280,0.9280,0.9130,0.9170,320400,295114
2019-07-19,0.9170,0.9370,0.9170,0.9350,643100,598151
2019-07-22,0.9350,0.9360,0.9150,0.9150,713400,658979
2019-07-23,0.9140,0.9240,0.9130,0.9240,280500,257562
2019-07-24,0.9180,0.9320,0.9180,0.9240,380300,351872
2019-07-25,0.9230,0.9270,0.9220,0.9250,693000,640443
2019-07-26,0.9240,0.9240,0.9230,0.9230,49900,46077
2019-07-29,0.9230,0.9230,0.9110,0.9140,813000,745390
2019-07-30,0.9140,0.9270,0.9140,0.9210,499100,459856
2019-07-31,0.9210,0.9210,0.9130,0.9170,90800,83311
2019-08-01,0.9140,0.9170,0.9040,0.9080,213300,194510
2019-08-02,0.8530,0.9060,0.8530,0.8770,485600,425665
2019-08-05,0.8650,0.8750,0.8600,0.8600,505000,438713
2019-08-06,0.8600,0.8720,0.8290,0.8580,302600,253149
2019-08-07,0.8500,0.8630,0.8410,0.8450,271820,231286
2019-08-08,0.8480,0.8650,0.8480,0.8520,979100,836779
2019-08-09,0.8540,0.8550,0.8300,0.8450,268500,227499
2019-08-12,0.8440,0.8630,0.8440,0.8620,514600,440093
2019-08-13,0.8580,0.8580,0.8490,0.8510,159900,136079
2019-08-14,0.8560,0.8640,0.8520,0.8540,290200,248268
2019-08-15,0.8500,0.8500,0.8320,0.8460,592300,498264
2019-08-16,0.8460,0.8620,0.8460,0.8520,610600,522115
2019-08-19,0.8550,0.9100,0.8550,0.9090,1097000,968139
2019-08-20,0.9090,0.9170,0.9020,0.9070,368500,334204
2019-08-21,0.9030,0.9060,0.9010,0.9010,357400,322724
2019-08-22,0.9040,0.9040,0.8930,0.9020,460000,413561
2019-08-23,0.8990,0.9070,0.8950,0.9020,345000,310735
2019-08-26,0.8850,0.8870,0.8810,0.8820,607600,537253
2019-08-27,0.8840,0.9140,0.8840,0.9000,1101600,991315
2019-08-28,0.9010,0.9010,0.8900,0.8900,552600,493189
2019-08-29,0.8900,0.8900,0.8850,0.8880,195200,172799
2019-08-30,0.8880,0.8960,0.8800,0.8860,372500,331038
2019-09-02,0.8830,0.9000,0.8830,0.8960,689600,615007
2019-09-03,0.8960,0.9010,0.8940,0.9010,617000,552513
2019-09-04,0.8980,0.9190,0.8980,0.9130,573620,522417
2019-09-05,0.9290,0.9700,0.9270,0.9400,2195620,2085143
2019-09-06,0.9490,0.9620,0.9200,0.9490,691900,653322
2019-09-09,0.9620,0.9740,0.9530,0.9560,803700,774715
2019-09-10,0.9560,0.9700,0.9500,0.9620,556000,531867
2019-09-11,0.9680,0.9830,0.9570,0.9790,1717500,1670941
2019-09-12,0.9780,0.9850,0.9650,0.9840,915500,891065
2019-09-16,0.9840,0.9870,0.9650,0.9740,2907000,2835840
2019-09-17,0.9590,0.9660,0.9400,0.9480,566700,538507
2019-09-18,0.9480,0.9480,0.9390,0.9390,612700,577266
2019-09-19,0.9400,0.9500,0.9370,0.9460,273400,257707
2019-09-20,0.9470,0.9470,0.9360,0.9460,361900,341191
2019-09-23,0.9460,0.9460,0.9240,0.9300,777600,720531
2019-09-24,0.9270,0.9450,0.9240,0.9290,159900,149031
2019-09-25,0.9250,0.9300,0.9180,0.9250,483000,445633
2019-09-26,0.9180,0.9290,0.9100,0.9160,399700,367148
2019-09-27,0.9160,0.9320,0.9130,0.9320,175200,160465
2019-09-30,0.9150,0.9250,0.9090,0.9120,181300,165556
2019-10-08,0.8990,0.9260,0.8900,0.8910,422300,377705
2019-10-09,0.8910,0.8910,0.8730,0.8900,345400,307247
2019-10-10,0.9000,0.9000,0.8910,0.8960,66000,59162
2019-10-11,0.8970,0.9180,0.8890,0.9160,567600,518667
2019-10-14,0.9270,0.9490,0.9200,0.9220,936300,872446
2019-10-15,0.9170,0.9180,0.9130,0.9130,90900,83276
2019-10-16,0.9230,0.9230,0.9080,0.9100,51300,46774
2019-10-17,0.9090,0.9150,0.9050,0.9060,98500,89591
2019-10-18,0.9070,0.9070,0.8860,0.8970,202600,182216
2019-10-21,0.8780,0.8870,0.8750,0.8810,412200,361640
2019-10-22,0.8810,0.8850,0.8730,0.8850,173300,152684
2019-10-23,0.8890,0.8890,0.8750,0.8800,54600,47997
2019-10-24,0.8700,0.8850,0.8700,0.8770,226400,198185
2019-10-25,0.8760,0.8940,0.8750,0.8860,169900,150443
2019-10-28,0.8920,0.9030,0.8860,0.8970,255400,228673
2019-10-29,0.8970,0.8970,0.8660,0.8740,124400,109893
2019-10-30,0.8900,0.8900,0.8740,0.8760,109900,96761
2019-10-31,0.8760,0.8910,0.8740,0.8780,82200,72062
2019-11-01,0.8850,0.8900,0.8700,0.8860,193900,170555
2019-11-04,0.8880,0.8960,0.8870,0.8870,195700,174828
2019-11-05,0.8950,0.9080,0.8860,0.9050,611800,549582
2019-11-06,0.9030,0.9150,0.8900,0.9020,262700,235603
2019-11-07,0.8970,0.9080,0.8890,0.8970,278600,248881
2019-11-08,0.9010,0.9060,0.8860,0.8910,418200,375305
2019-11-11,0.8860,0.8860,0.8680,0.8720,342400,299941
2019-11-12,0.8810,0.8810,0.8640,0.8730,287600,249719
2019-11-13,0.8680,0.8680,0.8600,0.8630,200600,173274
2019-11-14,0.8650,0.8650,0.8580,0.8640,117400,101476
2019-11-15,0.8640,0.8650,0.8560,0.8560,148700,127845
2019-11-18,0.8480,0.8690,0.8480,0.8640,245000,210756
2019-11-19,0.8650,0.8690,0.8640,0.8680,255400,221463
2019-11-20,0.8630,0.8700,0.8580,0.8580,144900,124926
2019-11-21,0.8580,0.8610,0.8550,0.8550,142300,122090
2019-11-22,0.8570,0.8640,0.8550,0.8580,118800,101855
2019-11-25,0.8550,0.8580,0.8530,0.8560,156900,133956
2019-11-26,0.8570,0.8570,0.8560,0.8560,92200,79010
2019-11-27,0.8500,0.8620,0.8500,0.8560,73800,62910
2019-11-28,0.8550,0.8560,0.8460,0.8530,40000,34059
2019-11-29,0.8530,0.8600,0.8510,0.8540,228900,196220
2019-12-02,0.8570,0.8720,0.8570,0.8620,289200,250193
2019-12-03,0.8610,0.8690,0.8520,0.8660,120900,104424
2019-12-04,0.8650,0.8660,0.8610,0.8660,215700,186208
2019-12-05,0.8690,0.8790,0.8690,0.8780,331600,289893
2019-12-06,0.8790,0.8830,0.8740,0.8790,204900,179562
2019-12-09,0.8840,0.8850,0.8780,0.8780,72900,64251
2019-12-10,0.8780,0.8780,0.8730,0.8770,125400,109863
2019-12-11,0.8780,0.8880,0.8750,0.8770,400100,352925
2019-12-12,0.8790,0.8800,0.8750,0.8750,235500,206827
2019-12-13,0.8880,0.9150,0.8780,0.9100,973100,876471
2019-12-16,0.9200,0.9280,0.9010,0.9240,1089400,998418
2019-12-17,0.9280,0.9770,0.9120,0.9510,2250700,2136317
2019-12-18,0.9510,0.9680,0.9460,0.9500,1003400,954478
2019-12-19,0.9320,0.9510,0.9320,0.9430,249800,236037
2019-12-20,0.9460,0.9680,0.9460,0.9510,924600,886021
2019-12-23,0.9500,0.9610,0.9270,0.9270,405500,383590
2019-12-24,0.9300,0.9360,0.9240,0.9360,255500,237444
2019-12-25,0.9300,0.9450,0.9260,0.9360,104200,97477
2019-12-26,0.9300,0.9630,0.9300,0.9630,438200,414457
2019-12-27,0.9630,0.9700,0.9400,0.9410,739400,710429
2019-12-30,0.9250,0.9990,0.9250,0.9950,1940300,1904696
2019-12-31,0.9970,0.9970,0.9800,0.9940,1204700,1193698
2020-01-02,1.0190,1.0200,0.9820,0.9990,1467600,1471863
2020-01-03,1.0100,1.0100,0.9830,1.0000,773300,768774
2020-01-06,0.9800,1.0070,0.9750,0.9990,1079500,1072671
2020-01-07,0.9980,1.0020,0.9870,1.0010,1139200,1134240
2020-01-08,0.9910,0.9950,0.9660,0.9740,1874200,1840904
2020-01-09,0.9870,0.9930,0.9720,0.9870,1185200,1168163
2020-01-10,0.9980,1.0010,0.9810,0.9940,599400,595238
2020-01-13,0.9750,0.9980,0.9700,0.9970,1429900,1404161
2020-01-14,1.0020,1.0020,0.9870,0.9870,1256000,1246957
2020-01-15,0.9750,0.9900,0.9700,0.9860,909500,891755
2020-01-16,0.9820,0.9850,0.9740,0.9790,723500,707655
2020-01-17,0.9810,0.9880,0.9760,0.9800,1529700,1502342
2020-01-20,0.9690,0.9940,0.9690,0.9920,485300,477590
2020-01-21,0.9880,0.9880,0.9770,0.9770,1878900,1847601
2020-01-22,0.9760,0.9880,0.9550,0.9840,735800,716593
2020-01-23,0.9730,0.9790,0.9330,0.9490,1061200,1012171
2020-02-03,0.8540,0.8540,0.8540,0.8540,754600,644428
2020-02-04,0.8250,0.8560,0.7690,0.8480,2668800,2201406
2020-02-05,0.8480,0.8790,0.8410,0.8590,2196000,1884010
2020-02-06,0.8590,0.8890,0.8500,0.8850,806900,702217
2020-02-07,0.8760,0.8930,0.8750,0.8830,601300,529701
2020-02-10,0.8830,0.8980,0.8730,0.8900,1175800,1050367
2020-02-11,0.8980,0.9310,0.8920,0.8970,870800,784829
2020-02-12,0.8900,0.9100,0.8830,0.9090,512000,460304
2020-02-13,0.9090,0.9220,0.8880,0.8930,2227100,1986639
2020-02-14,0.8930,0.9150,0.8900,0.9040,1040900,942456
2020-02-17,0.9200,0.9580,0.9200,0.9540,2865400,2697031
2020-02-18,0.9630,0.9630,0.9390,0.9480,2146800,2049590
2020-02-19,0.9430,0.9730,0.9310,0.9540,1867500,1776708
2020-02-20,0.9550,1.0160,0.9400,1.0070,3478200,3413515
2020-02-21,0.9990,1.0350,0.9980,1.0090,2437500,2465229
2020-02-24,1.0090,1.0250,0.9920,1.0130,2379100,2397255
2020-02-25,1.0000,1.0190,0.9630,1.0160,3909300,3895498
2020-02-26,1.0050,1.0280,0.9920,1.0000,1611494,1632351
2020-02-27,1.0100,1.0260,0.9990,0.9990,1478800,1504021
2020-02-28,0.9850,1.0120,0.9390,0.9440,1701100,1641990
2020-03-02,0.9740,0.9930,0.9460,0.9820,1020300,990187
2020-03-03,1.0100,1.0200,0.9820,0.9900,1611800,1604643
2020-03-04,0.9840,1.0160,0.9710,1.0150,1391400,1398291
2020-03-05,1.0160,1.0650,1.0120,1.0530,3151294,3273218
2020-03-06,1.0300,1.0580,1.0160,1.0230,3154200,3239366
2020-03-09,1.0200,1.0200,0.9740,0.9850,1983900,1974440
2020-03-10,0.9840,1.0190,0.9730,1.0150,2211500,2195979
2020-03-11,1.0150,1.0190,0.9860,0.9920,1325600,1321671
2020-03-12,0.9830,0.9890,0.9670,0.9740,635500,619721
2020-03-13,0.9400,0.9830,0.9200,0.9620,1206100,1147397
2020-03-16,0.9750,0.9750,0.9170,0.9170,1599200,1512082
2020-03-17,0.9170,0.9750,0.8980,0.9260,904800,831328
2020-03-18,0.9360,0.9360,0.8890,0.8890,924700,843064
2020-03-19,0.8900,0.9200,0.8740,0.9050,1360300,1209205
2020-03-20,0.9190,0.9190,0.8920,0.9070,822300,738842
2020-03-23,0.8920,0.9060,0.8730,0.8780,508400,449518
2020-03-24,0.8910,0.8910,0.8730,0.8890,265800,235544
2020-03-25,0.8910,0.9090,0.8910,0.9070,327200,296243
2020-03-26,0.9070,0.9090,0.8390,0.8900,218000,194232
2020-03-27,0.9130,0.9130,0.8910,0.8960,433000,392519
2020-03-30,0.8730,0.8980,0.8730,0.8840,176400,155668
2020-03-31,0.8900,0.9040,0.8780,0.8810,153600,137276
2020-04-01,0.8830,0.9020,0.8770,0.8870,127400,113115
2020-04-02,0.8820,0.8980,0.8820,0.8940,246600,219282
2020-04-03,0.8870,0.9040,0.8820,0.8820,171900,152753
2020-04-07,0.8990,0.9070,0.8920,0.9060,999400,899565
2020-04-08,0.8920,0.9040,0.8920,0.9020,893700,803603
2020-04-09,0.9070,0.9190,0.9030,0.9060,836300,763498
2020-04-10,0.8990,0.9070,0.8910,0.8960,346900,311179
2020-04-13,0.8960,0.8960,0.8810,0.8880,344100,305770
2020-04-14,0.8880,0.9100,0.8880,0.9060,234500,211109
2020-04-15,0.9070,0.9160,0.8980,0.9010,304600,274958
2020-04-16,0.9020,0.9140,0.9000,0.9080,357200,324130
2020-04-17,0.9150,0.9150,0.9020,0.9040,200800,182531
2020-04-20,0.9100,0.9100,0.9050,0.9080,56500,51305
2020-04-21,0.9070,0.9070,0.8900,0.8970,230800,206503
2020-04-22,0.8900,0.8970,0.8850,0.8970,122800,109400
2020-04-23,0.8980,0.9030,0.8870,0.8890,146600,130565
2020-04-24,0.8830,0.8900,0.8700,0.8750,283500,249738
2020-04-27,0.8730,0.8830,0.8720,0.8740,236500,207095
2020-04-28,0.8990,0.8990,0.8630,0.8820,313700,276262
2020-04-29,0.8790,0.8860,0.8720,0.8820,244800,215860
2020-04-30,0.8860,0.9480,0.8860,0.9040,474100,425351
2020-05-06,0.8950,0.9080,0.8870,0.9070,288600,258465
2020-05-07,0.8980,0.9080,0.8980,0.9060,461900,416975
2020-05-08,0.9040,0.9240,0.9040,0.9170,1861600,1707776
2020-05-11,0.9150,0.9190,0.9060,0.9140,618500,564862
2020-05-12,0.9140,0.9140,0.9010,0.9090,468600,424319
2020-05-13,0.9030,0.9100,0.8970,0.9060,185900,168053
2020-05-14,0.8820,0.9070,0.8820,0.9020,303300,272604
2020-05-15,0.9020,0.9020,0.8970,0.8990,539300,484651
2020-05-18,0.8990,0.9010,0.8910,0.8950,267300,239648
2020-05-19,0.8940,0.9000,0.8940,0.8980,356700,319315
2020-05-20,0.8980,0.8980,0.8860,0.8970,178200,159107
2020-05-21,0.8970,0.8970,0.8820,0.8890,311400,277224
2020-05-22,0.8870,0.8870,0.8630,0.8760,731800,638722
2020-05-25,0.8610,0.8690,0.8560,0.8600,355276,305954
2020-05-26,0.8740,0.8740,0.8630,0.8690,440100,380923
2020-05-27,0.8690,0.8690,0.8590,0.8600,513900,442517
2020-05-28,0.8600,0.8760,0.8600,0.8710,740800,643762
2020-05-29,0.8700,0.8700,0.8600,0.8660,60900,52822
2020-06-01,0.8720,0.9190,0.8720,0.9000,1368500,1227772
2020-06-02,0.9080,0.9080,0.8940,0.8960,596400,536847
2020-06-03,0.8970,0.9050,0.8910,0.8910,591700,531070
2020-06-04,0.8910,0.8960,0.8860,0.8880,361500,322379
2020-06-05,0.8880,0.8990,0.8840,0.8970,270600,241106
2020-06-08,0.9050,0.9050,0.8910,0.8970,585400,525271
2020-06-09,0.8900,0.9080,0.8900,0.9000,744500,672145
2020-06-10,0.8940,0.8990,0.8920,0.8940,188200,168353
2020-06-11,0.8940,0.9050,0.8880,0.8920,716800,642319
2020-06-12,0.8850,0.8930,0.8710,0.8910,402300,353910
2020-06-15,0.8910,0.9050,0.8870,0.8870,524700,470835
2020-06-16,0.8880,0.8940,0.8880,0.8930,435900,388464
2020-06-17,0.8930,0.8940,0.8870,0.8930,221600,197086
2020-06-18,0.8860,0.9050,0.8860,0.9010,741700,667358
2020-06-19,0.9050,0.9400,0.9020,0.9280,1924700,1771814
2020-06-22,0.9370,0.9860,0.9290,0.9560,3422500,3292470
2020-06-23,0.9640,0.9640,0.9450,0.9610,1026700,980545
2020-06-24,0.9620,0.9800,0.9580,0.9650,1276300,1231496
2020-06-29,0.9510,0.9530,0.9300,0.9340,1393148,1306078
2020-06-30,0.9400,0.9760,0.9350,0.9630,1780200,1695673
2020-07-01,0.9770,0.9810,0.9530,0.9790,1581200,1536071
2020-07-02,0.9990,1.0680,0.9700,1.0650,4925000,5052660
2020-07-03,1.0880,1.1720,1.0690,1.1710,13672798,15169769
2020-07-06,1.2200,1.2880,1.1900,1.2880,18522740,23022969
2020-07-07,1.3100,1.3490,1.1590,1.2130,18471500,22942546
2020-07-08,1.1930,1.3300,1.1930,1.3090,14895448,18763635
2020-07-09,1.2970,1.3500,1.2570,1.3090,13408900,17435039
2020-07-10,1.2700,1.3030,1.2610,1.2710,6033500,7720089
2020-07-13,1.2630,1.3130,1.2410,1.2880,7794600,9979455
2020-07-14,1.2850,1.3040,1.2560,1.2800,5352300,6835193
2020-07-15,1.2820,1.3050,1.2000,1.2580,5817500,7388825
2020-07-16,1.2580,1.2740,1.1670,1.1860,6544540,7974302
2020-07-17,1.1820,1.2170,1.1310,1.1520,4108900,4777827
2020-07-20,1.1800,1.2250,1.1690,1.2180,6141300,7325877
2020-07-21,1.2100,1.2170,1.1820,1.2000,3847700,4609145
2020-07-22,1.2000,1.2590,1.1860,1.2070,4920300,6026246
2020-07-23,1.2030,1.2190,1.1740,1.2070,4139640,4939429
2020-07-24,1.1950,1.2110,1.1280,1.1570,4141200,4817054
2020-07-27,1.1500,1.1500,1.1130,1.1370,3562172,4018112
2020-07-28,1.1450,1.1480,1.1190,1.1300,2162600,2448619
2020-07-29,1.1310,1.1790,1.1160,1.1740,3542600,4114018
2020-07-30,1.1750,1.1820,1.1560,1.1630,1838300,2147622
2020-07-31,1.1680,1.2010,1.1630,1.1800,2672198,3162544
2020-08-03,1.1980,1.2090,1.1860,1.2050,3097300,3710720
2020-08-04,1.2110,1.2250,1.1970,1.2000,2328900,2813764
2020-08-05,1.2010,1.2020,1.1590,1.1930,2128962,2530415
2020-08-06,1.1990,1.2490,1.1740,1.2340,3869400,4678691
2020-08-07,1.2220,1.2350,1.1730,1.2030,3702948,4442432
2020-08-10,1.1920,1.2350,1.1800,1.2090,3358100,4062674
2020-08-11,1.2100,1.2220,1.1620,1.1720,1930700,2313725
2020-08-12,1.1640,1.1980,1.1440,1.1700,1937948,2249195
2020-08-13,1.1700,1.1890,1.1600,1.1860,1846000,2174489
2020-08-14,1.1670,1.1870,1.1600,1.1870,1844000,2173159
2020-08-17,1.2020,1.2850,1.2020,1.2530,6637248,8257531
2020-08-18,1.2430,1.2540,1.2310,1.2420,4627600,5751889
2020-08-19,1.2410,1.2480,1.2160,1.2190,2586100,3189860
2020-08-20,1.2150,1.2170,1.1870,1.2000,1504400,1804359
2020-08-21,1.2030,1.2190,1.2010,1.2170,1513600,1833680
2020-08-24,1.2210,1.2300,1.2040,1.2120,1205000,1463740
2020-08-25,1.2170,1.2250,1.2020,1.2090,857300,1040358
2020-08-26,1.2060,1.2060,1.1790,1.1900,2143000,2539234
2020-08-27,1.1830,1.1880,1.1690,1.1830,1022800,1203935
2020-08-28,1.1830,1.2150,1.1760,1.2110,2681300,3217727
2020-08-31,1.2110,1.2420,1.2040,1.2070,2010900,2467752
2020-09-01,1.2050,1.2150,1.1900,1.2090,749000,903326
2020-09-02,1.2150,1.2250,1.1970,1.2120,1287300,1559399
2020-09-03,1.2150,1.2270,1.2010,1.2010,1367900,1658466
2020-09-04,1.1890,1.1990,1.1820,1.1900,1501100,1787074
2020-09-07,1.1900,1.1910,1.1540,1.1560,1970800,2316052
2020-09-08,1.1560,1.1820,1.1490,1.1770,2399100,2796829
2020-09-09,1.1610,1.1700,1.1460,1.1520,879800,1019454
2020-09-10,1.1580,1.1650,1.1280,1.1280,1690100,1934004
2020-09-11,1.1260,1.1360,1.1080,1.1360,743500,835721
2020-09-14,1.1280,1.1380,1.1270,1.1340,809400,916185
2020-09-15,1.1340,1.1380,1.1240,1.1350,669100,757763
2020-09-16,1.1350,1.1440,1.1270,1.1340,1387400,1574456
2020-09-17,1.1310,1.1380,1.1080,1.1270,1701900,1913956
2020-09-18,1.1250,1.1880,1.1210,1.1830,2987300,3440500
2020-09-21,1.2100,1.2300,1.1760,1.1800,1994700,2389950
2020-09-22,1.1650,1.2060,1.1620,1.1780,2302100,2731612
2020-09-23,1.1820,1.1820,1.1660,1.1680,984500,1153382
2020-09-24,1.1680,1.1730,1.1560,1.1570,1383700,1604325
2020-09-25,1.1570,1.1880,1.1550,1.1750,1827748,2148914
2020-09-28,1.1750,1.1780,1.1630,1.1750,753300,882697
2020-09-29,1.1720,1.1840,1.1710,1.1730,1244300,1465722
2020-09-30,1.1730,1.1790,1.1600,1.1740,948600,1107510
2020-10-09,1.1830,1.1860,1.1680,1.1770,1744500,2057623
2020-10-12,1.1880,1.2220,1.1820,1.2200,2978300,3603744
2020-10-13,1.2030,1.2100,1.1920,1.2050,1816300,2179261
2020-10-14,1.2000,1.2030,1.1850,1.1920,652000,777726
2020-10-15,1.1930,1.2100,1.1880,1.1890,340600,407323
2020-10-16,1.1930,1.2000,1.1880,1.1930,463600,552653
2020-10-19,1.2100,1.2160,1.1810,1.1850,711400,850114
2020-10-20,1.1770,1.1840,1.1700,1.1830,479700,564716
2020-10-21,1.1740,1.1820,1.1700,1.1790,285400,335268
2020-10-22,1.1840,1.1930,1.1720,1.1820,363900,430001
2020-10-23,1.1820,1.1890,1.1670,1.1700,492800,582073
2020-10-26,1.1700,1.1700,1.1250,1.1390,1388200,1579335
2020-10-27,1.1330,1.1400,1.1180,1.1370,584900,661130
2020-10-28,1.1390,1.1410,1.1220,1.1400,262000,297677
2020-10-29,1.1310,1.1530,1.1260,1.1500,486700,555888
2020-10-30,1.1360,1.1530,1.1180,1.1220,512800,580427
2020-11-02,1.1300,1.1390,1.0970,1.1060,1107300,1231737
2020-11-03,1.1270,1.1470,1.1200,1.1390,1549500,1759207
2020-11-04,1.1390,1.1470,1.0630,1.1380,1047300,1181284
2020-11-05,1.1380,1.1550,1.1360,1.1480,1114300,1278121
2020-11-06,1.1490,1.1610,1.1420,1.1530,953800,1099272
2020-11-09,1.1580,1.2100,1.1580,1.1970,1788800,2124925
2020-11-10,1.2100,1.2110,1.1740,1.1820,721200,859497
2020-11-11,1.1810,1.1810,1.1520,1.1530,662600,769717
2020-11-12,1.1530,1.1620,1.1460,1.1530,355200,409105
2020-11-13,1.1470,1.1510,1.1310,1.1420,827400,939903
2020-11-16,1.1380,1.1580,1.1310,1.1450,619900,708441
2020-11-17,1.1350,1.1490,1.1320,1.1470,800200,910104
2020-11-18,1.1470,1.1690,1.1450,1.1500,3615300,4176892
2020-11-19,1.1480,1.1580,1.1320,1.1550,787300,902219
2020-11-20,1.1480,1.1590,1.1480,1.1570,790700,912551
2020-11-23,1.1450,1.1960,1.1450,1.1810,3006300,3551777
2020-11-24,1.1800,1.1830,1.1560,1.1710,1000100,1174590
2020-11-25,1.1710,1.1820,1.1500,1.1530,713300,833908
2020-11-26,1.1590,1.1640,1.1410,1.1570,429300,495646
2020-11-27,1.1610,1.1840,1.1510,1.1810,1134000,1326966
2020-11-30,1.1840,1.2400,1.1840,1.1950,4719900,5736286
2020-12-01,1.1860,1.2370,1.1780,1.2290,2965300,3598549
2020-12-02,1.2340,1.2520,1.2080,1.2310,3278700,4046363
2020-12-03,1.2290,1.2400,1.2000,1.2300,1496400,1840089
2020-12-04,1.2300,1.2300,1.2050,1.2140,1454500,1762441
2020-12-07,1.2090,1.2130,1.1920,1.1930,1180000,1415858
2020-12-08,1.2060,1.2070,1.1880,1.1950,602876,720324
2020-12-09,1.1950,1.2030,1.1490,1.1710,1149400,1357577
2020-12-10,1.1570,1.1710,1.1440,1.1580,1085500,1252374
2020-12-11,1.1600,1.1600,1.1390,1.1550,694100,795356
2020-12-14,1.1540,1.1860,1.1330,1.1500,1380200,1579896
2020-12-15,1.1350,1.1500,1.1300,1.1490,684000,778298
2020-12-16,1.1490,1.1490,1.1260,1.1260,1275600,1447725
2020-12-17,1.1300,1.1590,1.1220,1.1570,1653200,1887717
2020-12-18,1.1400,1.1580,1.1400,1.1480,1496000,1718125
2020-12-21,1.1450,1.1570,1.1320,1.1550,1222200,1402576
2020-12-22,1.1550,1.1550,1.1010,1.1200,1590810,1801783
2020-12-23,1.1190,1.1330,1.1110,1.1250,2975900,3332771
2020-12-24,1.1250,1.1330,1.1100,1.1170,1273100,1424527
2020-12-25,1.1170,1.1280,1.1040,1.1210,937210,1048175
2020-12-28,1.1170,1.1330,1.1140,1.1170,1890810,2120348
2020-12-29,1.1210,1.1400,1.1210,1.1250,1172510,1326107
2020-12-30,1.1220,1.1420,1.1180,1.1420,1125400,1274088
2020-12-31,1.1480,1.2000,1.1480,1.1970,5269876,6245607
2021-01-04,1.2170,1.2240,1.1810,1.2080,6416000,7721697
2021-01-05,1.1980,1.2160,1.1820,1.2100,2759886,3311631
2021-01-06,1.2010,1.2230,1.1940,1.2100,2514400,3040884
2021-01-07,1.2070,1.2140,1.1900,1.2090,3333500,4006929
2021-01-08,1.2090,1.2190,1.2000,1.2070,2416400,2922477
2021-01-11,1.2180,1.2210,1.1800,1.1800,6975300,8412769
2021-01-12,1.1710,1.2620,1.1710,1.2490,8419100,10234831
2021-01-13,1.2550,1.2640,1.2190,1.2290,5038000,6244873
2021-01-14,1.2230,1.2250,1.1980,1.2050,3512500,4242450
2021-01-15,1.2030,1.2180,1.1850,1.1940,5416800,6516281
2021-01-18,1.1940,1.2190,1.1920,1.2080,4506200,5421254
2021-01-19,1.2000,1.2290,1.1980,1.2030,8515900,10298216
2021-01-20,1.2070,1.2210,1.2030,1.2080,3870900,4687150
2021-01-21,1.2090,1.2440,1.2060,1.2210,5440700,6653125
2021-01-22,1.2220,1.2230,1.1950,1.2000,8727400,10505058
2021-01-25,1.2150,1.2150,1.1880,1.1920,6342700,7594297
2021-01-26,1.1870,1.2000,1.1450,1.1450,8044800,9374717
2021-01-27,1.1640,1.1640,1.1460,1.1500,3409600,3930642
2021-01-28,1.1420,1.1560,1.1320,1.1450,5160700,5883696
2021-01-29,1.1530,1.1530,1.1110,1.1360,4949800,5625392
2021-02-01,1.1430,1.1440,1.1260,1.1270,2626700,2976046
2021-02-02,1.1270,1.1470,1.1170,1.1300,4577300,5149024
2021-02-03,1.1290,1.1300,1.0170,1.1170,3368900,3767027
2021-02-04,1.1100,1.1100,1.0790,1.0890,5462500,5973011
2021-02-05,1.0910,1.0980,1.0750,1.0790,4264800,4639571
2021-02-08,1.0830,1.0940,1.0690,1.0830,2767000,2988265
2021-02-09,1.0830,1.1140,1.0740,1.1120,3386200,3714109
2021-02-10,1.1120,1.1150,1.1030,1.1130,4164300,4621368
2021-02-18,1.1280,1.1380,1.1140,1.1170,3426200,3851565
2021-02-19,1.1200,1.1380,1.1100,1.1370,2740400,3079648
2021-02-22,1.1380,1.1450,1.1080,1.1120,3989800,4521458
2021-02-23,1.1060,1.1180,1.0960,1.1020,4410500,4887349
2021-02-24,1.1180,1.1180,1.0840,1.0960,2068700,2275018
2021-02-25,1.0960,1.1090,1.0870,1.1010,1905200,2092593
2021-02-26,1.0810,1.0920,1.0700,1.0790,2636900,2852469
2021-03-01,1.0790,1.0890,1.0600,1.0730,2500400,2667237
2021-03-02,1.0750,1.0770,1.0570,1.0580,2188600,2322879
2021-03-03,1.0580,1.0770,1.0580,1.0750,1905100,2039795
2021-03-04,1.0690,1.0700,1.0500,1.0520,1480400,1564587
2021-03-05,1.0490,1.0770,1.0440,1.0720,2831000,3020839
2021-03-08,1.0790,1.0880,1.0520,1.0590,1815300,1946455
2021-03-09,1.0550,1.0560,1.0200,1.0260,1761000,1823635
2021-03-10,1.0440,1.0440,1.0200,1.0240,1895800,1947241
2021-03-11,1.0240,1.0370,1.0210,1.0340,1603900,1651076
2021-03-12,1.0340,1.0450,1.0210,1.0350,2436000,2505411
2021-03-15,1.0450,1.0450,1.0100,1.0110,1865500,1897680
2021-03-16,1.0080,1.0230,1.0080,1.0150,1075000,1089504
2021-03-17,1.0160,1.0220,1.0010,1.0190,874300,889282
2021-03-18,1.0190,1.0290,1.0190,1.0220,2275700,2330517
2021-03-19,1.0130,1.0200,1.0060,1.0110,807900,816691
2021-03-22,1.0220,1.0340,1.0120,1.0290,1581100,1621661
2021-03-23,1.0280,1.0420,1.0200,1.0370,2526100,2611963
2021-03-24,1.0260,1.0620,1.0260,1.0440,2368300,2479396
2021-03-25,1.0350,1.0570,1.0270,1.0380,1055500,1093741
2021-03-26,1.0350,1.0400,1.0220,1.0360,1165400,1206762
2021-03-29,1.0360,1.0450,1.0270,1.0340,560000,581788
2021-03-30,1.0340,1.0390,1.0240,1.0310,596900,615992
2021-03-31,1.0310,1.0310,1.0150,1.0190,882200,900903
2021-04-01,1.0200,1.0380,1.0170,1.0340,924600,947475
2021-04-02,1.0400,1.0500,1.0260,1.0260,2677400,2759459
2021-04-06,1.0400,1.0600,1.0270,1.0270,1369900,1415668
2021-04-07,1.0230,1.0330,1.0190,1.0250,1199800,1227015
2021-04-08,1.0250,1.0380,1.0200,1.0310,1406200,1448651
2021-04-09,1.0310,1.0310,1.0190,1.0210,949000,969677
2021-04-12,1.0180,1.0210,1.0000,1.0090,1353600,1370867
2021-04-13,1.0030,1.0090,0.9900,0.9950,3118300,3109882
2021-04-14,0.9950,1.0090,0.9940,1.0050,2289400,2292645
2021-04-15,1.0010,1.0010,0.9910,0.9970,1008200,1004292
2021-04-16,0.9970,1.0060,0.9970,1.0030,609400,610792
2021-04-19,1.0050,1.0300,0.9980,1.0280,3062800,3124021
2021-04-20,1.0170,1.0360,1.0170,1.0190,2743500,2803100
2021-04-21,1.0180,1.0250,1.0150,1.0190,840100,855530
2021-04-22,1.0200,1.0300,1.0180,1.0210,973400,995846
2021-04-23,1.0140,1.0230,1.0140,1.0200,1161500,1183310
2021-04-26,1.0200,1.0320,1.0000,1.0140,1702100,1736306
2021-04-27,1.0140,1.0140,0.9890,0.9990,2645100,2637633
2021-04-28,0.9970,1.0040,0.9950,1.0020,1081000,1081921
2021-04-29,1.0020,1.0300,1.0020,1.0240,3086700,3155574
2021-04-30,1.0240,1.0290,1.0090,1.0140,1404200,1426371
2021-05-06,1.0150,1.0290,1.0050,1.0060,1858500,1880838
2021-05-07,1.0060,1.0060,0.9890,0.9910,2733900,2719416
2021-05-10,0.9910,0.9950,0.9780,0.9830,2016700,1980703
2021-05-11,0.9830,1.0020,0.9750,0.9970,1716400,1688375
2021-05-12,0.9860,0.9970,0.9860,0.9950,735900,730170
2021-05-13,0.9930,0.9990,0.9910,0.9950,1694300,1687163
2021-05-14,0.9920,1.0660,0.9920,1.0630,11045000,11410273
2021-05-17,1.0470,1.0580,1.0370,1.0440,5157200,5395259
2021-05-18,1.0440,1.0620,1.0430,1.0480,2635600,2766681
2021-05-19,1.0430,1.0610,1.0430,1.0470,1725000,1814816
2021-05-20,1.0410,1.0710,1.0390,1.0600,3665100,3876666
2021-05-21,1.0640,1.0650,1.0410,1.0420,2459900,2584797
2021-05-24,1.0460,1.0720,1.0460,1.0610,3501200,3723769
2021-05-25,1.0610,1.1110,1.0560,1.1010,8149400,8923583
2021-05-26,1.1130,1.1270,1.1020,1.1060,6937900,7746006
2021-05-27,1.1030,1.1150,1.0970,1.1030,2897000,3199250
2021-05-28,1.1030,1.1380,1.0810,1.1230,6581700,7378402
2021-05-31,1.1260,1.1260,1.1110,1.1230,3823100,4278629
2021-06-01,1.1170,1.1240,1.0960,1.1080,3302700,3653939
2021-06-02,1.1080,1.1160,1.0860,1.0920,2756300,3024537
2021-06-03,1.0860,1.1050,1.0860,1.0880,2649300,2908985
2021-06-04,1.0860,1.1390,1.0810,1.0950,4960200,5478152
2021-06-07,1.0940,1.1150,1.0900,1.1040,2222100,2446010
2021-06-08,1.1040,1.1190,1.0950,1.1050,3179100,3519930
2021-06-09,1.1080,1.1140,1.0900,1.0950,1795300,1968687
2021-06-10,1.0960,1.1100,1.0930,1.0990,3675500,4051592
2021-06-11,1.0990,1.1100,1.0800,1.0890,3408386,3710303
2021-06-15,1.0820,1.0960,1.0650,1.0670,3502600,3754980
2021-06-16,1.0650,1.0690,1.0510,1.0560,2958700,3135793
2021-06-17,1.0560,1.0690,1.0550,1.0620,1996500,2119342
2021-06-18,1.0620,1.0750,1.0560,1.0720,1940500,2070475
2021-06-21,1.0760,1.0850,1.0650,1.0730,4880100,5232959
2021-06-22,1.0870,1.0870,1.0620,1.0670,2816400,3011440
2021-06-23,1.0670,1.0760,1.0600,1.0710,1794600,1916689
2021-06-24,1.0730,1.0880,1.0670,1.0750,4983700,5380720
2021-06-25,1.0760,1.1170,1.0730,1.1070,6771300,7461907
2021-06-28,1.1100,1.1180,1.0930,1.0980,4946286,5437875
2021-06-29,1.0980,1.1040,1.0810,1.0840,4127500,4498316
2021-06-30,1.0910,1.0980,1.0800,1.0920,3210100,3497937
2021-07-01,1.1070,1.1150,1.0610,1.0670,4554300,4942910
2021-07-02,1.0620,1.0620,1.0320,1.0360,4947700,5165357
2021-07-05,1.0350,1.0450,1.0270,1.0350,2791900,2886137
2021-07-06,1.0500,1.0500,1.0300,1.0440,2045600,2119982
2021-07-07,1.0360,1.0500,1.0360,1.0460,3362500,3516513
2021-07-08,1.0540,1.0560,1.0420,1.0440,3924300,4124981
2021-07-09,1.0440,1.0490,1.0380,1.0470,3378200,3527946
2021-07-12,1.0610,1.0750,1.0510,1.0670,5465100,5825257
2021-07-13,1.0710,1.0710,1.0560,1.0620,2635600,2796949
2021-07-14,1.0610,1.0640,1.0500,1.0530,4240400,4473964
2021-07-15,1.0520,1.0670,1.0490,1.0640,3652400,3871304
2021-07-16,1.0660,1.0800,1.0630,1.0670,4610400,4935175
2021-07-19,1.0670,1.0690,1.0520,1.0630,3337500,3528155
2021-07-20,1.0520,1.0660,1.0520,1.0600,1126200,1192867
2021-07-21,1.0600,1.0840,1.0600,1.0730,4189400,4501202
2021-07-22,1.0730,1.0930,1.0690,1.0890,5599400,6071459
2021-07-23,1.0920,1.1250,1.0780,1.0960,7664500,8470564
2021-07-26,1.0960,1.1070,1.0700,1.0750,7794200,8482557
2021-07-27,1.0720,1.0740,1.0400,1.0420,7149700,7541433
2021-07-28,1.0380,1.0410,1.0210,1.0230,4537500,4679510
2021-07-29,1.0300,1.0470,1.0300,1.0430,3066000,3182358
2021-07-30,1.0450,1.0450,1.0170,1.0210,5183800,5300824
2021-08-02,1.0130,1.0700,1.0040,1.0520,8053400,8350239
2021-08-03,1.0540,1.0800,1.0440,1.0580,5731300,6090383
2021-08-04,1.0550,1.0640,1.0510,1.0610,6858700,7256250
2021-08-05,1.0610,1.0640,1.0400,1.0400,6637000,6952470
2021-08-06,1.0400,1.0530,1.0400,1.0450,3597900,3760455
2021-08-09,1.0440,1.0760,1.0410,1.0660,6645200,7103095
2021-08-10,1.0640,1.0830,1.0560,1.0820,7668500,8209178
2021-08-11,1.0820,1.0890,1.0710,1.0750,6483800,7003841
2021-08-12,1.0750,1.0750,1.0640,1.0660,4160800,4440837
2021-08-13,1.0660,1.0750,1.0600,1.0670,5361400,5715783
2021-08-16,1.0670,1.0890,1.0670,1.0750,5876300,6356281
2021-08-17,1.0710,1.1080,1.0650,1.0690,8767000,9542178
2021-08-18,1.0690,1.1430,1.0650,1.1330,21581800,24034012
2021-08-19,1.1380,1.1570,1.1170,1.1180,16141400,18358474
2021-08-20,1.1110,1.1340,1.1030,1.1200,9165500,10255393
2021-08-23,1.1300,1.1380,1.1140,1.1250,6141000,6902491
2021-08-24,1.1300,1.1620,1.1160,1.1440,12748900,14564746
2021-08-25,1.1440,1.1440,1.1220,1.1310,6018800,6798798
2021-08-26,1.1310,1.1350,1.1160,1.1180,5998100,6736479
2021-08-27,1.1100,1.1300,1.1090,1.1110,3860700,4309267
2021-08-30,1.1180,1.1180,1.0890,1.0930,7228800,7951968
2021-08-31,1.0930,1.1230,1.0830,1.1170,9134200,10045911
2021-09-01,1.1160,1.1830,1.1060,1.1590,17902300,20575994
2021-09-02,1.1590,1.1780,1.1500,1.1770,12410200,14506689
2021-09-03,1.2170,1.2420,1.1620,1.1630,16548900,19755679
2021-09-06,1.1680,1.2060,1.1630,1.1970,11723200,13999793
2021-09-07,1.1940,1.2320,1.1770,1.2250,12979700,15714889
2021-09-08,1.2320,1.2580,1.2150,1.2260,8944700,11052382
2021-09-09,1.2200,1.2200,1.2010,1.2150,5177000,6263934
2021-09-10,1.2250,1.2690,1.2190,1.2300,11227400,13958737
2021-09-13,1.2300,1.2520,1.2250,1.2320,7636700,9451792
2021-09-14,1.2320,1.2380,1.1930,1.1960,7139100,8637342
2021-09-15,1.1930,1.2090,1.1850,1.1950,4895500,5859003
2021-09-16,1.1980,1.2000,1.1660,1.1700,5104100,6004712
2021-09-17,1.1690,1.1890,1.1660,1.1880,4791600,5648892
2021-09-22,1.1660,1.1840,1.1630,1.1810,6103600,7155292
2021-09-23,1.1770,1.2030,1.1770,1.1890,7101900,8447836
2021-09-24,1.1890,1.1970,1.1730,1.1750,5178100,6136360
2021-09-27,1.1700,1.1830,1.1380,1.1440,6890200,7993933
2021-09-28,1.1460,1.1680,1.1380,1.1610,3380700,3913131
2021-09-29,1.1520,1.1520,1.1280,1.1440,4400300,5019595
2021-09-30,1.1520,1.1520,1.1360,1.1450,2403500,2746791
2021-10-08,1.1600,1.1620,1.1460,1.1550,4116700,4749755
2021-10-11,1.1560,1.1650,1.1460,1.1490,4389400,5084049
2021-10-12,1.1450,1.1450,1.0990,1.1100,11374300,12725634
2021-10-13,1.1100,1.1260,1.1030,1.1180,3293400,3667162
2021-10-14,1.1150,1.1200,1.1070,1.1160,2224000,2477289
2021-10-15,1.1160,1.1240,1.1070,1.1200,2415700,2697739
2021-10-18,1.1240,1.1250,1.1110,1.1180,5798200,6461609
2021-10-19,1.1190,1.1330,1.1160,1.1220,3094000,3477403
2021-10-20,1.1270,1.1290,1.1170,1.1190,3317100,3721235
2021-10-21,1.1210,1.1310,1.1130,1.1230,3829800,4295025
2021-10-22,1.1230,1.1310,1.1170,1.1210,2796900,3141141
2021-10-25,1.1210,1.1430,1.1130,1.1370,4802500,5395495
2021-10-26,1.1370,1.1400,1.1250,1.1270,3828500,4326338
2021-10-27,1.1220,1.1230,1.0970,1.0990,7782800,8604329
2021-10-28,1.0940,1.1090,1.0850,1.0880,8325700,9104859
2021-10-29,1.0860,1.1060,1.0740,1.0970,5253700,5716982
2021-11-01,1.0960,1.1090,1.0930,1.1020,3902200,4302263
2021-11-02,1.1020,1.1050,1.0720,1.0820,5849700,6348038
2021-11-03,1.0820,1.0890,1.0770,1.0830,2710000,2932809
2021-11-04,1.0880,1.0960,1.0810,1.0830,2617200,2840767
2021-11-05,1.0780,1.0900,1.0780,1.0810,3948900,4280758
2021-11-08,1.0780,1.0970,1.0770,1.0910,3246300,3531915
2021-11-09,1.0910,1.0990,1.0880,1.0990,3219100,3526367
2021-11-10,1.0980,1.1020,1.0880,1.0960,3438700,3759740
2021-11-11,1.0970,1.1300,1.0970,1.1250,9361000,10464867
2021-11-12,1.1240,1.1270,1.1140,1.1210,3160700,3541136
2021-11-15,1.1250,1.1270,1.1120,1.1160,4224900,4724252
2021-11-16,1.1130,1.1190,1.1000,1.1030,5093000,5635404
2021-11-17,1.1080,1.1080,1.1000,1.1030,2315100,2553176
2021-11-18,1.1010,1.1010,1.0890,1.0910,5652300,6177997
2021-11-19,1.0870,1.1180,1.0860,1.1090,6293500,6938774
2021-11-22,1.1080,1.1230,1.1040,1.1170,6871000,7671557
2021-11-23,1.1170,1.1330,1.1150,1.1170,7673600,8638671
2021-11-24,1.1200,1.1230,1.1110,1.1150,3249800,3627265
2021-11-25,1.1210,1.1210,1.1090,1.1120,3183000,3542543
2021-11-26,1.1120,1.1120,1.1040,1.1040,3418900,3782668
2021-11-29,1.0980,1.0990,1.0910,1.0960,6470900,7082290
2021-11-30,1.0930,1.1080,1.0930,1.0980,3015400,3317999
2021-12-01,1.0960,1.1130,1.0950,1.1110,4482000,4958154
2021-12-02,1.1070,1.1250,1.1050,1.1160,4292400,4794109
2021-12-03,1.1160,1.1270,1.1090,1.1220,4570800,5112044
2021-12-06,1.1290,1.1700,1.1280,1.1380,12461000,14367017
2021-12-07,1.1540,1.1600,1.1340,1.1450,7456700,8557278
2021-12-08,1.1460,1.1570,1.1360,1.1560,4349100,4993617
2021-12-09,1.1560,1.1970,1.1520,1.1790,13851100,16253207
2021-12-10,1.1650,1.1720,1.1610,1.1610,6987000,8134085
2021-12-13,1.1790,1.2000,1.1670,1.1710,7882500,9347831
2021-12-14,1.1620,1.1740,1.1580,1.1630,4443800,5172885
2021-12-15,1.1630,1.1810,1.1630,1.1680,3778000,4419223
2021-12-16,1.1680,1.1760,1.1650,1.1760,2925200,3425026
2021-12-17,1.1760,1.1840,1.1640,1.1660,4246300,4973368
2021-12-20,1.1530,1.1690,1.1300,1.1470,3430000,3965048
2021-12-21,1.1530,1.1620,1.1420,1.1610,3768600,4346014
2021-12-22,1.1610,1.1670,1.1480,1.1510,3606000,4157675
2021-12-23,1.1530,1.1570,1.1420,1.1500,3570700,4097521
2021-12-24,1.1490,1.1580,1.1410,1.1430,2755000,3160571
2021-12-27,1.1400,1.1500,1.1400,1.1450,2517300,2879759
2021-12-28,1.1530,1.1550,1.1420,1.1540,4211400,4832082
2021-12-29,1.1570,1.1570,1.1410,1.1420,5286700,6055392
2021-12-30,1.1430,1.1630,1.1380,1.1580,3589400,4146925
2021-12-31,1.1600,1.1660,1.1560,1.1640,4280300,4970519
2022-01-04,1.1600,1.1690,1.1460,1.1590,5353200,6179141
2022-01-05,1.1550,1.1610,1.1430,1.1490,5424000,6235491
2022-01-06,1.1450,1.1450,1.1220,1.1230,6190200,6988293
2022-01-07,1.1250,1.1440,1.1250,1.1260,2155100,2433662
2022-01-10,1.1230,1.1340,1.1230,1.1250,2171300,2447138
2022-01-11,1.1230,1.1370,1.1210,1.1250,3218900,3634911
2022-01-12,1.1340,1.1340,1.1220,1.1290,3664300,4122451
2022-01-13,1.1300,1.1380,1.1220,1.1220,3128100,3532018
2022-01-14,1.1230,1.1230,1.0920,1.0920,7117000,7839006
2022-01-17,1.0930,1.1090,1.0910,1.1000,3700700,4066230
2022-01-18,1.1000,1.1120,1.0980,1.1070,4097900,4534416
2022-01-19,1.1050,1.1200,1.1020,1.1080,2732200,3032664
2022-01-20,1.1060,1.1340,1.1060,1.1240,6747200,7596393
2022-01-21,1.1240,1.1240,1.1150,1.1180,7370200,8241910
2022-01-24,1.1150,1.1180,1.1080,1.1100,3035600,3374471
2022-01-25,1.1050,1.1080,1.0810,1.0840,8411800,9207227
2022-01-26,1.0830,1.0990,1.0800,1.0980,5458700,5932774
2022-01-27,1.0970,1.0970,1.0740,1.0760,6728700,7290447
2022-01-28,1.0900,1.0910,1.0630,1.0650,7040400,7560933
2022-02-07,1.0890,1.0890,1.0710,1.0780,3161200,3405581
2022-02-08,1.0800,1.0950,1.0710,1.0940,4952500,5359832
2022-02-09,1.0890,1.1060,1.0890,1.0960,3388300,3707345
2022-02-10,1.0990,1.0990,1.0900,1.0960,2799100,3061396
2022-02-11,1.0980,1.1110,1.0900,1.0970,6246000,6890489
2022-02-14,1.0880,1.0880,1.0450,1.0520,14172600,15058528
2022-02-15,1.0480,1.0530,1.0410,1.0500,5745400,6010772
2022-02-16,1.0530,1.0600,1.0480,1.0510,3791600,3995304
2022-02-17,1.0460,1.0530,1.0420,1.0440,4947400,5174694
2022-02-18,1.0410,1.0480,1.0380,1.0460,4137000,4307732
2022-02-21,1.0510,1.0510,1.0380,1.0450,4162200,4335574
2022-02-22,1.0360,1.0380,1.0210,1.0250,7109700,7324292
2022-02-23,1.0240,1.0380,1.0200,1.0370,3838400,3965331
2022-02-24,1.0380,1.0430,0.9990,1.0090,6318300,6416975
2022-02-25,1.0140,1.0230,1.0080,1.0110,5110500,5188702
2022-02-28,1.0110,1.0120,0.9970,1.0070,5404700,5412247
2022-03-01,1.0100,1.0180,1.0070,1.0180,3686300,3735110
2022-03-02,1.0170,1.0170,1.0090,1.0130,1941300,1964066
2022-03-03,1.0190,1.0190,1.0100,1.0130,2982800,3025112
2022-03-04,1.0110,1.0110,0.9970,1.0010,7033900,7041203
2022-03-07,0.9970,0.9990,0.9740,0.9770,10873300,10692336
2022-03-08,0.9710,0.9900,0.9530,0.9530,8666600,8401858
2022-03-09,0.9630,0.9630,0.8950,0.9310,11955900,11208760
2022-03-10,0.9490,0.9500,0.9260,0.9280,7776500,7279501
2022-03-11,0.9120,0.9490,0.8990,0.9450,9911400,9091391
2022-03-14,0.9350,0.9490,0.9280,0.9310,5728900,5384774
2022-03-15,0.9200,0.9410,0.8980,0.8990,6769300,6245612
2022-03-16,0.9070,0.9580,0.8950,0.9530,15029500,13890320
2022-03-17,0.9570,0.9730,0.9480,0.9520,8136400,7792608
2022-03-18,0.9500,0.9640,0.9450,0.9600,4571000,4364713
2022-03-21,0.9620,0.9620,0.9410,0.9460,3759700,3557005
2022-03-22,0.9430,0.9560,0.9380,0.9470,4507700,4266806
2022-03-23,0.9460,0.9510,0.9430,0.9460,3191500,3023625
2022-03-24,0.9460,0.9460,0.9330,0.9360,3681100,3453998
2022-03-25,0.9330,0.9440,0.9240,0.9260,4256200,3972757
2022-03-28,0.9230,0.9350,0.9130,0.9270,5297700,4913657
2022-03-29,0.9270,0.9330,0.9170,0.9200,3752600,3467229
2022-03-30,0.9290,0.9540,0.9290,0.9530,7135300,6734552
2022-03-31,0.9520,0.9550,0.9450,0.9450,2902900,2757590
2022-04-01,0.9410,0.9630,0.9400,0.9600,5259600,5030515
2022-04-06,0.9600,0.9620,0.9470,0.9590,3367300,3226509
2022-04-07,0.9590,0.9660,0.9410,0.9420,4467600,4267671
2022-04-08,0.9420,0.9590,0.9340,0.9530,5376300,5106097
2022-04-11,0.9520,0.9530,0.9240,0.9270,5583500,5208863
2022-04-12,0.9270,0.9640,0.9220,0.9550,10706400,10141585
2022-04-13,0.9520,0.9610,0.9420,0.9460,6045600,5761683
2022-04-14,0.9450,0.9680,0.9450,0.9620,6708500,6461790
2022-04-15,0.9620,0.9680,0.9360,0.9550,4379800,4198348
2022-04-18,0.9480,0.9480,0.9230,0.9320,6071300,5651351
2022-04-19,0.9320,0.9330,0.9200,0.9260,5128000,4749277
2022-04-20,0.9280,0.9280,0.9070,0.9100,6651500,6089061
2022-04-21,0.9090,0.9230,0.9040,0.9070,7392100,6711299
2022-04-22,0.9060,0.9140,0.9020,0.9070,5529700,5021672
2022-04-25,0.8990,0.9110,0.8790,0.8810,11184100,10005141
2022-04-26,0.8810,0.9030,0.8340,0.8390,19010600,16269726
2022-04-27,0.8280,0.8550,0.8120,0.8510,12059000,10141234
2022-04-28,0.8460,0.8470,0.8260,0.8340,7977900,6668331
2022-04-29,0.8450,0.8780,0.8420,0.8730,12194200,10506788
2022-05-05,0.8630,0.8640,0.8530,0.8590,5262600,4516596
2022-05-06,0.8410,0.8480,0.8340,0.8370,7880400,6614344
2022-05-09,0.8310,0.8460,0.8260,0.8370,2905600,2432378
2022-05-10,0.8270,0.8540,0.8270,0.8500,5034948,4259466
2022-05-11,0.8500,0.8720,0.8480,0.8550,6218500,5355806
2022-05-12,0.8510,0.8640,0.8420,0.8550,5792900,4947116
2022-05-13,0.8550,0.8660,0.8540,0.8600,3209200,2756115
2022-05-16,0.8680,0.8710,0.8510,0.8530,1636300,1402443
2022-05-17,0.8540,0.8600,0.8470,0.8580,5431500,4628181
2022-05-18,0.8610,0.8670,0.8580,0.8600,3519800,3035775
2022-05-19,0.8550,0.8590,0.8480,0.8570,4094700,3496653
2022-05-20,0.8580,0.8760,0.8580,0.8730,4573500,3982133
2022-05-23,0.8730,0.8780,0.8650,0.8760,3624100,3156988
2022-05-24,0.8720,0.8800,0.8510,0.8520,4029400,3483678
2022-05-25,0.8490,0.8570,0.8490,0.8570,3165200,2701190
2022-05-26,0.8570,0.8780,0.8500,0.8690,5074600,4390653
2022-05-27,0.8750,0.8760,0.8610,0.8670,3197000,2780288
2022-05-30,0.8650,0.8700,0.8600,0.8640,2404600,2079205
2022-05-31,0.8610,0.8760,0.8610,0.8740,5083700,4424028
2022-06-01,0.8720,0.8770,0.8650,0.8700,4005300,3488166
2022-06-02,0.8700,0.8790,0.8640,0.8780,4568100,3992819
2022-06-06,0.8770,0.8970,0.8730,0.8950,5780000,5129494
2022-06-07,0.8950,0.9120,0.8930,0.8960,7214600,6508784
2022-06-08,0.9080,0.9150,0.8950,0.9110,8405100,7613831
2022-06-09,0.9130,0.9340,0.9090,0.9130,7791800,7171459
2022-06-10,0.9100,0.9370,0.9000,0.9310,9844600,9050808
2022-06-13,0.9260,0.9340,0.9140,0.9220,4626000,4271254
2022-06-14,0.9180,0.9740,0.9010,0.9670,13337700,12428084
2022-06-15,0.9800,1.0390,0.9670,1.0060,32025500,32473403
2022-06-16,1.0070,1.0070,0.9580,0.9590,17866800,17477990
2022-06-17,0.9400,0.9730,0.9370,0.9640,18502200,17674446
2022-06-20,0.9540,0.9680,0.9490,0.9580,12569000,12006829
2022-06-21,0.9550,0.9590,0.9420,0.9500,9768422,9296486
2022-06-22,0.9470,0.9670,0.9330,0.9340,10411900,9845697
2022-06-23,0.9340,0.9750,0.9330,0.9660,13986700,13374992
2022-06-24,0.9700,0.9800,0.9590,0.9670,13637500,13189671
2022-06-27,0.9760,0.9820,0.9660,0.9710,10735300,10451154
2022-06-28,0.9700,0.9850,0.9570,0.9790,10610500,10267772
2022-06-29,0.9750,0.9850,0.9560,0.9590,13280700,12944759
2022-06-30,0.9600,0.9750,0.9600,0.9650,7561900,7323580
2022-07-01,0.9690,0.9690,0.9510,0.9550,8495300,8149419
2022-07-04,0.9530,0.9600,0.9420,0.9580,9595200,9117619
2022-07-05,0.9570,0.9630,0.9400,0.9460,7816100,7398280
2022-07-06,0.9460,0.9480,0.9330,0.9390,11438710,10754794
2022-07-07,0.9390,0.9440,0.9340,0.9350,14248100,13364072
2022-07-08,0.9350,0.9420,0.9260,0.9260,11536800,10749016
2022-07-11,0.9220,0.9250,0.9150,0.9170,9472129,8708902
2022-07-12,0.9180,0.9330,0.9150,0.9200,8397200,7758326
2022-07-13,0.9200,0.9250,0.9150,0.9180,5564600,5118069
2022-07-14,0.9190,0.9210,0.9100,0.9120,7207900,6609708
2022-07-15,0.9070,0.9130,0.8870,0.8880,14033800,12675378
2022-07-18,0.8840,0.9100,0.8840,0.9070,9629000,8698343
2022-07-19,0.9050,0.9160,0.9010,0.9140,7884600,7154369
2022-07-20,0.9140,0.9180,0.9100,0.9130,4973700,4546223
2022-07-21,0.9130,0.9130,0.9040,0.9050,4655700,4234780
2022-07-22,0.9070,0.9160,0.9000,0.9060,8917900,8095085
2022-07-25,0.9070,0.9070,0.8960,0.8970,8969100,8060116
2022-07-26,0.9010,0.9050,0.8960,0.9010,5618500,5059255
2022-07-27,0.9000,0.9020,0.8960,0.8990,3088800,2778365
2022-07-28,0.9010,0.9150,0.9010,0.9050,4445000,4049029
2022-07-29,0.9100,0.9130,0.8960,0.8980,5813400,5250001
2022-08-01,0.8950,0.8950,0.8850,0.8890,5243100,4659710
2022-08-02,0.8880,0.8880,0.8550,0.8630,10515300,9083661
2022-08-03,0.8610,0.8730,0.8570,0.8580,8536800,7388871
2022-08-04,0.8610,0.8690,0.8580,0.8670,7475300,6461877
2022-08-05,0.8670,0.8890,0.8650,0.8890,7806300,6818358
2022-08-08,0.8870,0.8900,0.8840,0.8880,4462500,3957682
2022-08-09,0.8860,0.8920,0.8830,0.8860,2430300,2152938
2022-08-10,0.8830,0.8950,0.8800,0.8830,5667800,5027179
2022-08-11,0.8870,0.9300,0.8870,0.9280,16481127,15071422
2022-08-12,0.9200,0.9330,0.9070,0.9260,10428800,9644919
2022-08-15,0.9230,0.9290,0.9110,0.9180,5294100,4871461
2022-08-16,0.9240,0.9250,0.9160,0.9170,4999900,4603773
2022-08-17,0.9190,0.9390,0.9130,0.9340,11838000,11014171
2022-08-18,0.9330,0.9340,0.9250,0.9270,6754300,6277649
2022-08-19,0.9280,0.9340,0.9220,0.9230,5211300,4840685
2022-08-22,0.9200,0.9250,0.9170,0.9200,3112900,2865182
2022-08-23,0.9190,0.9370,0.9150,0.9220,9188000,8506481
2022-08-24,0.9240,0.9420,0.9110,0.9110,6631300,6151070
2022-08-25,0.9110,0.9290,0.9110,0.9260,7658500,7031203
2022-08-26,0.9300,0.9300,0.9150,0.9180,8091000,7460553
2022-08-29,0.9130,0.9180,0.9000,0.9140,4168800,3796352
2022-08-30,0.9140,0.9220,0.9060,0.9150,6411700,5868371
2022-08-31,0.9150,0.9290,0.9110,0.9200,8076200,7416892
2022-09-01,0.9300,0.9300,0.9060,0.9070,14174800,12933781
2022-09-02,0.9130,0.9160,0.8990,0.9060,4183600,3793764
2022-09-05,0.9060,0.9120,0.9000,0.9120,7797500,7060068
2022-09-06,0.9140,0.9230,0.9130,0.9210,9767900,8965195
2022-09-07,0.9200,0.9200,0.9100,0.9150,5932800,5431844
2022-09-08,0.9180,0.9220,0.9130,0.9140,5030400,4612253
2022-09-09,0.9160,0.9330,0.9160,0.9280,12772700,11834999
2022-09-13,0.9290,0.9390,0.9260,0.9270,10274600,9570934
2022-09-14,0.9200,0.9210,0.9120,0.9160,9258100,8485142
2022-09-15,0.9200,0.9250,0.9080,0.9120,9795600,9003177
2022-09-16,0.9130,0.9130,0.8600,0.8610,17548700,15264106
2022-09-19,0.8630,0.8630,0.8480,0.8530,9062600,7740774
2022-09-20,0.8570,0.8600,0.8500,0.8530,5555600,4750995
2022-09-21,0.8470,0.8570,0.8400,0.8510,4655800,3944026
2022-09-22,0.8450,0.8550,0.8440,0.8500,5437600,4621664
2022-09-23,0.8500,0.8570,0.8430,0.8500,4097900,3484995
2022-09-26,0.8450,0.8450,0.8300,0.8310,6192200,5188128
2022-09-27,0.8360,0.8410,0.8300,0.8390,6545900,5459683
2022-09-28,0.8410,0.8410,0.8240,0.8240,6200400,5163384
2022-09-29,0.8270,0.8320,0.8110,0.8140,7823130,6407447
2022-09-30,0.8110,0.8210,0.8110,0.8110,8338354,6806141
2022-10-10,0.8110,0.8160,0.8020,0.8020,5270200,4268879
2022-10-11,0.8070,0.8170,0.8020,0.8110,4831100,3914009
2022-10-12,0.8150,0.8280,0.8080,0.8280,7934800,6474109
2022-10-13,0.8240,0.8290,0.8210,0.8240,4635100,3819723
2022-10-14,0.8270,0.8420,0.8240,0.8380,4517100,3782896
2022-10-17,0.8330,0.8430,0.8300,0.8420,2120300,1773530
2022-10-18,0.8450,0.8470,0.8370,0.8390,4596800,3866542
2022-10-19,0.8380,0.8420,0.8300,0.8310,2633700,2196602
2022-10-20,0.8270,0.8480,0.8270,0.8350,6550400,5474469
2022-10-21,0.8590,0.8620,0.8360,0.8390,11647500,9846854
2022-10-24,0.8410,0.8560,0.8170,0.8220,10996600,9157623
2022-10-25,0.8190,0.8220,0.7980,0.8040,15901100,12856581
2022-10-26,0.8050,0.8210,0.8050,0.8100,10993000,8925030
2022-10-27,0.8120,0.8230,0.8100,0.8140,7013900,5727671
2022-10-28,0.8140,0.8160,0.7950,0.7980,11490400,9281495
2022-10-31,0.7970,0.8080,0.7920,0.8000,6235600,4961280
2022-11-01,0.8040,0.8220,0.8000,0.8220,10616600,8626346
2022-11-02,0.8160,0.8290,0.8160,0.8240,6843700,5622592
2022-11-03,0.8200,0.8220,0.8150,0.8200,7825000,6404743
2022-11-04,0.8200,0.8490,0.8200,0.8400,13697100,11418292
2022-11-07,0.8390,0.8450,0.8360,0.8400,12496100,10515791
2022-11-08,0.8370,0.8430,0.8330,0.8380,8829985,7393052
2022-11-09,0.8340,0.8420,0.8320,0.8330,8958147,7492990
2022-11-10,0.8300,0.8440,0.8290,0.8380,10006100,8389177
2022-11-11,0.8550,0.8750,0.8500,0.8620,19997500,17173637
2022-11-14,0.8620,0.8840,0.8620,0.8670,10525000,9182551
2022-11-15,0.8660,0.9090,0.8630,0.9000,25868574,23090816
2022-11-16,0.8980,0.8980,0.8810,0.8820,9617797,8555818
2022-11-17,0.8860,0.8890,0.8770,0.8880,6947398,6140616
2022-11-18,0.8900,0.8900,0.8750,0.8760,10562300,9295468
2022-11-21,0.8750,0.8800,0.8560,0.8610,8859800,7617802
2022-11-22,0.8600,0.8730,0.8580,0.8650,8199300,7088243
2022-11-23,0.8650,0.8710,0.8610,0.8640,6494600,5620954
2022-11-24,0.8700,0.8900,0.8610,0.8620,9318400,8067360
2022-11-25,0.8600,0.8760,0.8600,0.8700,10062100,8731262
2022-11-28,0.8660,0.8660,0.8430,0.8570,8077300,6884563
2022-11-29,0.8550,0.8930,0.8530,0.8850,12912760,11268555
2022-11-30,0.8850,0.8970,0.8830,0.8840,9717999,8632475
2022-12-01,0.8880,0.9170,0.8850,0.8910,10502100,9507764
2022-12-02,0.8890,0.8960,0.8820,0.8860,6453700,5720873
2022-12-05,0.8910,0.9170,0.8910,0.9140,11999682,10909693
2022-12-06,0.9140,0.9240,0.9090,0.9120,7644008,6997873
2022-12-07,0.9040,0.9150,0.8960,0.9050,9539873,8633438
2022-12-08,0.9070,0.9070,0.8990,0.9030,5318300,4800738
2022-12-09,0.9030,0.9130,0.8960,0.9080,6730100,6090611
2022-12-12,0.9070,0.9090,0.8870,0.8880,8415900,7507702
2022-12-13,0.8880,0.8940,0.8850,0.8880,4580600,4073992
2022-12-14,0.8890,0.8990,0.8870,0.8940,3194100,2851863
2022-12-15,0.8950,0.8950,0.8850,0.8850,3460400,3074800
2022-12-16,0.8850,0.8930,0.8830,0.8880,8356200,7408323
2022-12-19,0.8880,0.8950,0.8580,0.8640,4661500,4066874
2022-12-20,0.8670,0.8670,0.8540,0.8590,4965200,4267773
2022-12-21,0.8610,0.8630,0.8530,0.8570,4029600,3449883
2022-12-22,0.8610,0.8690,0.8520,0.8570,5504000,4747736
2022-12-23,0.8550,0.8620,0.8530,0.8580,5329100,4571406
2022-12-26,0.8620,0.8660,0.8500,0.8560,5771700,4934303
2022-12-27,0.8600,0.8670,0.8560,0.8650,5317690,4590843
2022-12-28,0.8610,0.8650,0.8570,0.8590,4366800,3754301
2022-12-29,0.8570,0.8590,0.8510,0.8570,4241018,3627121
2022-12-30,0.8600,0.8650,0.8600,0.8630,2984999,2574253
2023-01-03,0.8600,0.8600,0.8360,0.8580,4281000,3621244
2023-01-04,0.8570,0.8640,0.8550,0.8580,3788300,3253703
2023-01-05,0.8650,0.8790,0.8640,0.8770,4623700,4031435
2023-01-06,0.8710,0.8830,0.8710,0.8750,3090400,2707036
2023-01-09,0.8790,0.9000,0.8790,0.8900,6083890,5419485
2023-01-10,0.8900,0.9040,0.8880,0.8890,5355310,4784417
2023-01-11,0.8880,0.8940,0.8820,0.8840,5031294,4464248
2023-01-12,0.8820,0.8920,0.8790,0.8910,4239201,3758466
2023-01-13,0.8920,0.9100,0.8890,0.9090,7291921,6561251
2023-01-16,0.9140,0.9590,0.9090,0.9380,18860400,17762977
2023-01-17,0.9390,0.9510,0.9350,0.9490,8272300,7801727
2023-01-18,0.9460,0.9560,0.9460,0.9470,3444500,3270150
2023-01-19,0.9460,0.9650,0.9420,0.9640,7756201,7398928
2023-01-20,0.9630,0.9650,0.9510,0.9590,7488500,7169201
2023-01-30,0.9680,0.9760,0.9510,0.9530,9167000,8809227
2023-01-31,0.9520,0.9580,0.9390,0.9430,6776400,6410336
2023-02-01,0.9450,0.9710,0.9440,0.9710,9490854,9069369
2023-02-02,0.9910,0.9920,0.9510,0.9510,11353100,10919774
2023-02-03,0.9490,0.9530,0.9360,0.9470,7168823,6764905
2023-02-06,0.9420,0.9420,0.9260,0.9290,5725600,5330078
2023-02-07,0.9290,0.9390,0.9260,0.9320,4550200,4234402
2023-02-08,0.9320,0.9320,0.9210,0.9220,6285009,5822719
2023-02-09,0.9200,0.9370,0.9020,0.9360,8703400,8085379
2023-02-10,0.9370,0.9370,0.9260,0.9290,3810200,3541959
2023-02-13,0.9240,0.9350,0.9230,0.9350,5948800,5531051
2023-02-14,0.9360,0.9360,0.9250,0.9330,6535100,6078634
2023-02-15,0.9350,0.9350,0.9230,0.9240,6936800,6422250
2023-02-16,0.9260,0.9400,0.9100,0.9190,12316337,11465496
2023-02-17,0.9210,0.9230,0.9010,0.9020,8657600,7882870
2023-02-20,0.9070,0.9390,0.9070,0.9350,11566800,10744957
2023-02-21,0.9310,0.9430,0.9280,0.9400,8328000,7800268
2023-02-22,0.9380,0.9430,0.9300,0.9320,6938000,6490188
2023-02-23,0.9340,0.9480,0.9340,0.9380,3837100,3609282
2023-02-24,0.9400,0.9430,0.9220,0.9240,7097900,6580528
2023-02-27,0.9190,0.9190,0.9100,0.9120,5035600,4600845
2023-02-28,0.9120,0.9290,0.9100,0.9210,5913400,5406329
2023-03-01,0.9180,0.9350,0.9180,0.9300,7175700,6666387
2023-03-02,0.9300,0.9330,0.9260,0.9290,7448600,6922181
2023-03-03,0.9290,0.9380,0.9250,0.9350,8701900,8099433
2023-03-06,0.9310,0.9360,0.9220,0.9230,11994100,11109059
2023-03-07,0.9180,0.9300,0.9060,0.9060,11740700,10764008
2023-03-08,0.9040,0.9070,0.9000,0.9060,8889000,8030513
2023-03-09,0.9090,0.9090,0.9000,0.9030,5827100,5264052
2023-03-10,0.9010,0.9010,0.8900,0.8910,6179900,5526154
2023-03-13,0.8890,0.8960,0.8860,0.8940,5507700,4910924
2023-03-14,0.8920,0.8920,0.8760,0.8840,9171400,8100938
2023-03-15,0.8900,0.9060,0.8900,0.8920,4253100,3795629
2023-03-16,0.8880,0.8900,0.8810,0.8820,5979100,5297857
2023-03-17,0.8860,0.9050,0.8860,0.8990,12597000,11332403
2023-03-20,0.8990,0.9050,0.8870,0.8910,29364000,26286055
2023-03-21,0.8920,0.8980,0.8880,0.8960,9026300,8063297
2023-03-22,0.8960,0.8990,0.8860,0.8910,8897000,7924602
2023-03-23,0.8870,0.9010,0.8850,0.9000,7048300,6310152
2023-03-24,0.8990,0.9080,0.8990,0.9050,7773600,7024238
2023-03-27,0.9050,0.9130,0.8990,0.9090,6537100,5924791
2023-03-28,0.9090,0.9090,0.8980,0.8990,4192500,3778143
2023-03-29,0.8990,0.9030,0.8900,0.8940,5618500,5031496
2023-03-30,0.8960,0.9040,0.8840,0.9000,8262500,7357003
2023-03-31,0.9000,0.9010,0.8950,0.8990,6131500,5509249
2023-04-03,0.8980,0.9350,0.8980,0.9300,19367900,17863975
2023-04-04,0.9350,0.9430,0.9320,0.9390,14343100,13449809
2023-04-06,0.9370,0.9370,0.9260,0.9300,11870200,11047089
2023-04-07,0.9300,0.9440,0.9280,0.9380,33192300,31171398
2023-04-10,0.9460,0.9520,0.9310,0.9330,28989000,27346197
2023-04-11,0.9350,0.9550,0.9350,0.9410,10967600,10361642
2023-04-12,0.9380,0.9490,0.9360,0.9440,10211800,9623309
2023-04-13,0.9410,0.9410,0.9280,0.9300,8383700,7825743
2023-04-14,0.9300,0.9360,0.9260,0.9320,6275800,5845943
2023-04-17,0.9300,0.9590,0.9300,0.9570,13516600,12852255
2023-04-18,0.9550,0.9660,0.9500,0.9530,5998400,5734638
2023-04-19,0.9490,0.9500,0.9370,0.9400,10986600,10373724
2023-04-20,0.9380,0.9450,0.9320,0.9440,9316900,8749322
2023-04-21,0.9390,0.9420,0.9070,0.9090,12882400,11903138
2023-04-24,0.9010,0.9080,0.8890,0.8950,8792500,7900221
2023-04-25,0.8960,0.9030,0.8880,0.9000,10121500,9063093
2023-04-26,0.8970,0.8980,0.8890,0.8950,7349100,6573298
2023-04-27,0.8910,0.9040,0.8900,0.9020,7639300,6841998
2023-04-28,0.9030,0.9270,0.9000,0.9190,9802400,8964666
2023-05-04,0.9150,0.9330,0.9100,0.9290,8717300,8065932
2023-05-05,0.9290,0.9630,0.9290,0.9450,21221900,20203149
2023-05-08,0.9500,0.9740,0.9350,0.9620,19814868,19016782
2023-05-09,0.9780,1.0160,0.9660,0.9770,51410296,51319367
2023-05-10,0.9680,0.9710,0.9420,0.9450,17541556,16756107
2023-05-11,0.9500,0.9650,0.9450,0.9460,7948400,7561196
2023-05-12,0.9460,0.9500,0.9320,0.9330,8977626,8439752
2023-05-15,0.9300,0.9510,0.9150,0.9480,9781500,9106897
2023-05-16,0.9490,0.9570,0.9380,0.9410,6165900,5826908
2023-05-17,0.9390,0.9450,0.9320,0.9380,5925900,5551127
2023-05-18,0.9340,0.9440,0.9300,0.9350,48664600,45556181
2023-05-19,0.9320,0.9340,0.9190,0.9200,15937100,14704377
2023-05-22,0.9180,0.9230,0.9150,0.9180,12727700,11684790
2023-05-23,0.9230,0.9230,0.9050,0.9060,9146300,8342543
2023-05-24,0.9070,0.9070,0.8920,0.8940,10500000,9433640
2023-05-25,0.8940,0.8950,0.8850,0.8950,13480600,11995622
2023-05-26,0.8950,0.9000,0.8880,0.8980,7436000,6649665
2023-05-29,0.8990,0.9000,0.8890,0.8930,8571800,7657839
2023-05-30,0.8920,0.8920,0.8800,0.8920,8375200,7429103
2023-05-31,0.8920,0.8920,0.8830,0.8850,8014800,7103932
2023-06-01,0.8860,0.8960,0.8830,0.8890,7525356,6694513
2023-06-02,0.8960,0.8960,0.8890,0.8940,7460500,6660338
2023-06-05,0.8950,0.8950,0.8870,0.8880,5822300,5186493
2023-06-06,0.8860,0.8950,0.8760,0.8770,7900200,7002242
2023-06-07,0.8790,0.8860,0.8750,0.8790,7897100,6937737
2023-06-08,0.8780,0.8920,0.8730,0.8890,8865200,7813153
2023-06-09,0.8880,0.8890,0.8820,0.8870,6629300,5874630
2023-06-12,0.8800,0.8830,0.8750,0.8780,8480000,7440621
2023-06-13,0.8770,0.8830,0.8770,0.8830,6123100,5388043
2023-06-14,0.8830,0.8930,0.8810,0.8820,6995800,6204984
2023-06-15,0.8820,0.8960,0.8820,0.8950,10973800,9769132
2023-06-16,0.8950,0.9010,0.8910,0.8990,9086600,8145838
2023-06-19,0.8990,0.8990,0.8910,0.8920,9057900,8087681
2023-06-20,0.8910,0.8960,0.8890,0.8900,8324700,7425802
2023-06-21,0.8900,0.8900,0.8740,0.8740,12950000,11426708
2023-06-26,0.8660,0.8670,0.8540,0.8540,10166200,8721862
2023-06-27,0.8560,0.8640,0.8550,0.8620,10778000,9274718
2023-06-28,0.8600,0.8640,0.8540,0.8590,9128700,7831306
2023-06-29,0.8590,0.8640,0.8570,0.8600,7296700,6267212
2023-06-30,0.8580,0.8760,0.8580,0.8730,7675900,6678352
2023-07-03,0.8760,0.8890,0.8730,0.8860,9734600,8586967
2023-07-04,0.8860,0.8880,0.8810,0.8850,5223200,4623506
2023-07-05,0.8830,0.8860,0.8790,0.8800,3372500,2973882
2023-07-06,0.8770,0.8830,0.8760,0.8770,5120400,4494998
2023-07-07,0.8740,0.8900,0.8740,0.8850,9760400,8643252
2023-07-10,0.8880,0.8910,0.8840,0.8850,7452400,6604971
2023-07-11,0.8880,0.8900,0.8860,0.8900,6521200,5789109
2023-07-12,0.8910,0.8920,0.8800,0.8820,6951600,6156666
2023-07-13,0.8850,0.8990,0.8850,0.8970,11722700,10500866
2023-07-14,0.8970,0.9000,0.8940,0.8960,6905200,6187947
2023-07-17,0.8950,0.8950,0.8880,0.8910,5565200,4954082
2023-07-18,0.8920,0.8970,0.8900,0.8940,4419300,3944900
2023-07-19,0.8950,0.8990,0.8920,0.8990,5801600,5193349
2023-07-20,0.9020,0.9030,0.8910,0.8920,5182100,4655384
2023-07-21,0.8920,0.8990,0.8910,0.8940,5190600,4641912
2023-07-24,0.8930,0.8970,0.8880,0.8910,6108100,5450417
2023-07-25,0.9180,0.9450,0.9170,0.9400,27044400,25128085
2023-07-26,0.9350,0.9420,0.9300,0.9390,12771400,11965436
2023-07-27,0.9410,0.9440,0.9290,0.9300,7876800,7372916
2023-07-28,0.9280,1.0110,0.9280,1.0100,33312168,32564422
2023-07-31,1.0140,1.0420,1.0090,1.0090,32584518,33347365
2023-08-01,0.9960,1.0240,0.9940,1.0030,24943618,25180458
2023-08-02,0.9990,1.0330,0.9990,1.0100,15032550,15300416
2023-08-03,1.0150,1.0500,1.0040,1.0470,15908600,16281886
2023-08-04,1.0760,1.1070,1.0550,1.0570,39384700,42485313
2023-08-07,1.0380,1.0590,1.0330,1.0590,15815800,16546552
2023-08-08,1.0540,1.0730,1.0210,1.0520,18251700,19070505
2023-08-09,1.0520,1.0610,1.0430,1.0460,10989900,11562727
2023-08-10,1.0510,1.0700,1.0470,1.0700,16901400,17845478
2023-08-11,1.0670,1.0670,1.0220,1.0230,21906900,22736847
2023-08-14,1.0050,1.0280,1.0020,1.0150,13614000,13800812
2023-08-15,1.0080,1.0310,1.0080,1.0310,12177083,12448039
2023-08-16,1.0220,1.0590,1.0100,1.0330,15146000,15734955
2023-08-17,1.0310,1.0400,1.0170,1.0330,14557200,14988929
2023-08-18,1.0300,1.0500,1.0180,1.0180,11255800,11620592
2023-08-21,1.0140,1.0170,0.9850,0.9870,16772800,16693516
2023-08-22,0.9870,1.0080,0.9830,1.0010,9940900,9868457
2023-08-23,0.9970,0.9970,0.9760,0.9770,9371900,9230039
2023-08-24,0.9820,1.0070,0.9820,0.9900,12729800,12667433
2023-08-25,0.9840,1.0050,0.9840,0.9970,8007300,7990905
2023-08-28,1.0970,1.0970,1.0200,1.0290,32623200,34697865
2023-08-29,1.0120,1.0230,0.9870,1.0160,22686300,22817140
2023-08-30,1.0080,1.0080,0.9860,0.9880,21264100,21170056
2023-08-31,0.9860,0.9910,0.9660,0.9670,11968600,11673943
2023-09-01,0.9670,0.9790,0.9660,0.9700,11100800,10776087
2023-09-04,0.9710,0.9810,0.9650,0.9750,7560817,7359796
2023-09-05,0.9720,0.9720,0.9640,0.9670,8126500,7846027
2023-09-06,0.9670,0.9670,0.9570,0.9630,10029500,9633105
2023-09-07,0.9650,0.9690,0.9570,0.9610,13238100,12744280
2023-09-08,0.9580,0.9660,0.9500,0.9620,11622400,11138666
2023-09-11,0.9620,0.9840,0.9580,0.9780,14273300,13920763
2023-09-12,0.9780,0.9780,0.9690,0.9690,7474700,7260738
2023-09-13,0.9700,0.9700,0.9550,0.9590,7139285,6860073
2023-09-14,0.9560,0.9650,0.9560,0.9620,7731300,7423448
2023-09-15,0.9660,0.9670,0.9520,0.9560,6810800,6537398
2023-09-18,0.9550,0.9580,0.9480,0.9550,6565900,6265723
2023-09-19,0.9550,0.9610,0.9530,0.9550,8072800,7732455
2023-09-20,0.9520,0.9590,0.9510,0.9540,6612900,6323822
2023-09-21,0.9560,0.9600,0.9450,0.9460,8226200,7825014
2023-09-22,0.9470,0.9740,0.9470,0.9730,10854100,10464912
2023-09-25,0.9710,0.9710,0.9510,0.9520,15034800,14348599
2023-09-26,0.9530,0.9570,0.9500,0.9530,10388300,9897062
2023-09-27,0.9520,0.9570,0.9500,0.9540,8280700,7889283
2023-09-28,0.9570,0.9570,0.9460,0.9480,9097200,8643083
2023-10-09,0.9400,0.9410,0.9260,0.9370,8351200,7812536
2023-10-10,0.9370,0.9440,0.9340,0.9340,9040800,8464740
2023-10-11,0.9380,0.9410,0.9290,0.9330,9150500,8549945
2023-10-12,0.9460,0.9480,0.9350,0.9420,9701400,9134089
2023-10-13,0.9360,0.9360,0.9310,0.9340,11711500,10919523
2023-10-16,0.9320,0.9370,0.9260,0.9310,9338700,8693412
2023-10-17,0.9330,0.9510,0.9280,0.9430,13466100,12687542
2023-10-18,0.9410,0.9470,0.9380,0.9410,9604115,9052276
2023-10-19,0.9360,0.9520,0.9350,0.9370,11538300,10887581
2023-10-20,0.9330,0.9460,0.9310,0.9390,10097200,9478267
2023-10-23,0.9380,0.9380,0.9140,0.9200,8523600,7847503
2023-10-24,0.9200,0.9500,0.9200,0.9470,15540700,14516304
2023-10-25,0.9570,0.9570,0.9440,0.9450,12343299,11721022
2023-10-26,0.9380,0.9470,0.9350,0.9450,9147300,8612582
2023-10-27,0.9410,0.9530,0.9350,0.9480,14640200,13857356
2023-10-30,0.9440,0.9470,0.9360,0.9440,9816200,9245874
2023-10-31,0.9450,0.9510,0.9410,0.9470,8503001,8045577
2023-11-01,0.9490,0.9560,0.9440,0.9460,5361500,5078548
2023-11-02,0.9440,0.9510,0.9370,0.9380,6941600,6549053
2023-11-03,0.9380,0.9500,0.9370,0.9470,5893300,5567860
2023-11-06,0.9700,0.9890,0.9650,0.9850,25669709,25090221
2023-11-07,0.9790,0.9940,0.9790,0.9920,17766300,17577377
2023-11-08,0.9910,0.9920,0.9740,0.9800,12979100,12719223
2023-11-09,0.9800,0.9810,0.9720,0.9770,10458200,10210168
2023-11-10,0.9730,0.9820,0.9720,0.9780,11693685,11431621
2023-11-13,0.9780,0.9780,0.9690,0.9730,8647700,8401333
2023-11-14,0.9720,0.9990,0.9720,0.9860,14405200,14182329
2023-11-15,0.9900,1.0000,0.9850,0.9880,15153400,15019474
2023-11-16,0.9830,0.9900,0.9790,0.9800,7501200,7382995
2023-11-17,0.9780,0.9830,0.9750,0.9800,11884600,11631696
2023-11-20,0.9800,0.9800,0.9670,0.9780,10093200,9829653
2023-11-21,0.9790,0.9940,0.9760,0.9770,12319700,12105000
2023-11-22,0.9740,0.9780,0.9680,0.9680,8075600,7848970
2023-11-23,0.9680,0.9690,0.9610,0.9680,9503600,9171656
2023-11-24,0.9680,0.9680,0.9590,0.9610,7754400,7460064
2023-11-27,0.9580,0.9580,0.9450,0.9500,6042400,5729780
2023-11-28,0.9490,0.9530,0.9440,0.9480,6239900,5918495
2023-11-29,0.9480,0.9480,0.9380,0.9400,6585400,6202215
2023-11-30,0.9380,0.9460,0.9380,0.9410,7003500,6589377
2023-12-01,0.9400,0.9480,0.9390,0.9450,9155800,8635941
2023-12-04,0.9470,0.9530,0.9450,0.9450,8256500,7825677
2023-12-05,0.9440,0.9480,0.9330,0.9370,8763800,8237490
2023-12-06,0.9330,0.9370,0.9290,0.9310,8181300,7631117
2023-12-07,0.9300,0.9380,0.9270,0.9360,7914100,7387543
2023-12-08,0.9360,0.9380,0.9290,0.9300,8062900,7513723
2023-12-11,0.9350,0.9460,0.9160,0.9450,9039600,8389777
2023-12-12,0.9430,0.9450,0.9380,0.9420,8200500,7721145
2023-12-13,0.9390,0.9390,0.9300,0.9320,6040000,5645037
2023-12-14,0.9320,0.9360,0.9260,0.9260,7087700,6597313
2023-12-15,0.9260,0.9360,0.9250,0.9260,5908500,5492264
2023-12-18,0.9230,0.9330,0.9200,0.9240,7396200,6856652
2023-12-19,0.9220,0.9280,0.9150,0.9230,11737700,10806086
2023-12-20,0.9190,0.9190,0.8980,0.8990,13275300,12026572
2023-12-21,0.8960,0.9010,0.8910,0.8980,12132300,10887439
2023-12-22,0.8970,0.9020,0.8910,0.8960,9640800,8642669
2023-12-25,0.8930,0.8950,0.8870,0.8880,9475400,8431625
2023-12-26,0.8880,0.8890,0.8780,0.8790,13658963,12086156
2023-12-27,0.8770,0.8910,0.8720,0.8870,9060522,7963186
2023-12-28,0.8850,0.9100,0.8850,0.9080,10934200,9863728
2023-12-29,0.9060,0.9110,0.9040,0.9080,10946400,9940031
2024-01-02,0.9120,0.9120,0.8960,0.8980,10077800,9074681
2024-01-03,0.8970,0.9020,0.8930,0.8990,11012600,9870995
2024-01-04,0.8990,0.8990,0.8840,0.8890,9122700,8114846
2024-01-05,0.8860,0.8970,0.8790,0.8840,9466600,8408723
2024-01-08,0.8870,0.8870,0.8660,0.8670,14634300,12757016
2024-01-09,0.8680,0.8710,0.8580,0.8630,25082985,21752858
2024-01-10,0.8640,0.8680,0.8550,0.8580,7458669,6420778
2024-01-11,0.8580,0.8700,0.8570,0.8670,11436000,9910790
2024-01-12,0.8670,0.8710,0.8590,0.8600,10461700,9030335
2024-01-15,0.8570,0.8670,0.8540,0.8600,9804200,8423505
2024-01-16,0.8580,0.8670,0.8520,0.8670,11323800,9724973
2024-01-17,0.8630,0.8650,0.8520,0.8530,11727966,10095277
2024-01-18,0.8480,0.8650,0.8330,0.8620,17379800,14645651
2024-01-19,0.8580,0.8590,0.8490,0.8550,12361400,10557807
2024-01-22,0.8530,0.8580,0.8280,0.8340,14763900,12510255
2024-01-23,0.8300,0.8580,0.8270,0.8530,19412700,16367534
2024-01-24,0.8530,0.8920,0.8430,0.8850,25038000,21723987
2024-01-25,0.8810,0.9040,0.8770,0.9000,17487200,15587022
2024-01-26,0.9000,0.9060,0.8880,0.8970,19489900,17464940
2024-01-29,0.8960,0.8980,0.8800,0.8820,14348000,12748615
2024-01-30,0.8800,0.8870,0.8690,0.8710,12812400,11282611
2024-01-31,0.8680,0.8750,0.8580,0.8630,13943271,12065792
2024-02-01,0.8530,0.8720,0.8510,0.8570,26375500,22668395
2024-02-02,0.8570,0.8600,0.8160,0.8380,20746094,17430033
2024-02-05,0.8330,0.8430,0.8070,0.8210,19198700,15808803
2024-02-06,0.8180,0.8730,0.8130,0.8670,17101961,14413368
2024-02-07,0.8630,0.8840,0.8630,0.8780,9084900,7966866
2024-02-08,0.8820,0.9020,0.8820,0.8880,11008600,9825851
2024-02-19,0.8880,0.8880,0.8650,0.8780,15012686,13124210
2024-02-20,0.8740,0.8930,0.8720,0.8880,10968600,9673585
2024-02-21,0.8820,0.9150,0.8780,0.8950,18176071,16261741
2024-02-22,0.8910,0.9100,0.8910,0.9060,11481669,10332088
2024-02-23,0.9080,0.9120,0.9010,0.9090,16157681,14659621
2024-02-26,0.9100,0.9110,0.8990,0.8990,12503400,11315463
2024-02-27,0.8990,0.9140,0.8990,0.9140,14971900,13579823
2024-02-28,0.9190,0.9370,0.9000,0.9020,17509400,16197072
2024-02-29,0.8940,0.9200,0.8940,0.9200,19144836,17374464
2024-03-01,0.9200,0.9300,0.9140,0.9250,13971831,12865124
2024-03-04,0.9230,0.9230,0.9110,0.9150,12725100,11638563
2024-03-05,0.9120,0.9150,0.9050,0.9100,11797500,10733899
2024-03-06,0.9100,0.9190,0.9020,0.9100,10928900,9976457
2024-03-07,0.9100,0.9130,0.8950,0.8990,10317144,9321915
2024-03-08,0.9000,0.9010,0.8930,0.8990,9576900,8593694
2024-03-11,0.8980,0.9120,0.8980,0.9100,13134000,11909498
2024-03-12,0.9160,0.9210,0.9050,0.9170,10843500,9924069
2024-03-13,0.9170,0.9180,0.9040,0.9060,14852000,13491674
2024-03-14,0.9040,0.9090,0.8930,0.8980,10970400,9878175
2024-03-15,0.8980,0.9040,0.8920,0.9030,7135300,6410631
2024-03-18,0.9090,0.9290,0.9070,0.9210,16000100,14719595
2024-03-19,0.9220,0.9220,0.9060,0.9070,8835100,8059144
2024-03-20,0.9080,0.9130,0.9030,0.9080,10287600,9338815
2024-03-21,0.9120,0.9220,0.9100,0.9120,9624900,8816972
2024-03-22,0.9120,0.9170,0.8970,0.8990,11614689,10490796
2024-03-25,0.8970,0.8970,0.8700,0.8720,17020966,14976413
2024-03-26,0.8720,0.8760,0.8670,0.8750,7687400,6698919
2024-03-27,0.8730,0.8730,0.8580,0.8590,8702300,7538532
2024-03-28,0.8590,0.8700,0.8560,0.8600,7526600,6488385
2024-03-29,0.8620,0.8660,0.8530,0.8660,8437600,7262941
2024-04-01,0.8760,0.8790,0.8720,0.8770,7958300,6962614
2024-04-02,0.8760,0.8810,0.8690,0.8710,9595900,8374455
2024-04-03,0.8690,0.8720,0.8650,0.8660,8213200,7116854
2024-04-08,0.8660,0.8660,0.8490,0.8490,9747500,8312289
2024-04-09,0.8510,0.8550,0.8490,0.8520,4514200,3842772
2024-04-10,0.8490,0.8510,0.8320,0.8360,8080600,6792357
2024-04-11,0.8310,0.8410,0.8310,0.8340,7651200,6397144
2024-04-12,0.8340,0.8360,0.8170,0.8190,12093800,9944129
2024-04-15,0.8120,0.8400,0.8080,0.8320,8124500,6674457
2024-04-16,0.8290,0.8330,0.8160,0.8260,5793400,4776203
2024-04-17,0.8260,0.8340,0.8150,0.8340,10362000,8554080
2024-04-18,0.8340,0.8510,0.8290,0.8400,7423600,6250706
2024-04-19,0.8380,0.8430,0.8330,0.8360,4548376,3810944
2024-04-22,0.8330,0.8440,0.8330,0.8390,5031700,4213604
2024-04-23,0.8380,0.8410,0.8330,0.8340,6551900,5476884
2024-04-24,0.8350,0.8380,0.8300,0.8360,4921500,4104461
2024-04-25,0.8320,0.8390,0.8300,0.8340,5747106,4795233
2024-04-26,0.8520,0.8860,0.8470,0.8850,28920900,25147858
2024-04-29,0.8870,0.9060,0.8850,0.8950,17094483,15304702
2024-04-30,0.8890,0.8950,0.8800,0.8820,11904300,10579755
2024-05-06,0.8840,0.9000,0.8830,0.8880,8027000,7152724
2024-05-07,0.8850,0.8890,0.8800,0.8860,5417500,4785935
2024-05-08,0.8830,0.8830,0.8700,0.8720,4108400,3594281
2024-05-09,0.8740,0.8830,0.8730,0.8790,55636100,48841530
2024-05-10,0.8790,0.8870,0.8760,0.8850,88851000,78329083
2024-05-13,0.8860,0.8920,0.8720,0.8860,46419800,40803031
2024-05-14,0.8860,0.8930,0.8800,0.8930,39131700,34584335
2024-05-15,0.8970,0.8970,0.8670,0.8720,19487600,17145599
2024-05-16,0.8660,0.8770,0.8650,0.8670,9323800,8118859
2024-05-17,0.8660,0.8790,0.8630,0.8780,9125800,7947215
2024-05-20,0.8760,0.8890,0.8760,0.8810,8409103,7433616
2024-05-21,0.8790,0.8820,0.8740,0.8760,5489800,4812824
2024-05-22,0.8760,0.8800,0.8720,0.8790,6669500,5847107
2024-05-23,0.8750,0.8750,0.8590,0.8620,8935100,7727216
2024-05-24,0.8590,0.8620,0.8480,0.8500,8425400,7213742
2024-05-27,0.8520,0.8590,0.8470,0.8580,8439200,7186416
2024-05-28,0.8520,0.8580,0.8470,0.8480,6875600,5853051
2024-05-29,0.8450,0.8570,0.8450,0.8490,7255900,6170347
2024-05-30,0.8470,0.8510,0.8440,0.8490,9942700,8410236
2024-05-31,0.8490,0.8550,0.8460,0.8470,7746090,6578870
2024-06-03,0.8470,0.8470,0.8330,0.8380,11984300,10031218
2024-06-04,0.8340,0.8440,0.8340,0.8420,6831200,5738402
2024-06-05,0.8420,0.8450,0.8370,0.8380,7314388,6151559
2024-06-06,0.8400,0.8400,0.8270,0.8290,9666966,8048469
2024-06-07,0.8310,0.8340,0.8130,0.8230,11469700,9442839
2024-06-11,0.8200,0.8300,0.8180,0.8250,6515800,5381528
2024-06-12,0.8250,0.8260,0.8200,0.8240,7614300,6275604
2024-06-13,0.8250,0.8270,0.8210,0.8230,8448000,6954505
2024-06-14,0.8240,0.8480,0.8210,0.8420,14784200,12340303
2024-06-17,0.8360,0.8430,0.8310,0.8430,9866900,8289652
2024-06-18,0.8450,0.8530,0.8450,0.8490,9300400,7891865
2024-06-19,0.8480,0.8480,0.8370,0.8380,9481500,7976536
2024-06-20,0.8370,0.8380,0.8280,0.8280,11309500,9404855
2024-06-21,0.8320,0.8360,0.8270,0.8320,5987100,4978462
2024-06-24,0.8280,0.8310,0.8210,0.8220,7594800,6267701
2024-06-25,0.8230,0.8230,0.8050,0.8090,11595600,9409360
2024-06-26,0.8090,0.8200,0.8060,0.8180,8818800,7180128
2024-06-27,0.8170,0.8170,0.8090,0.8110,8803620,7156554
2024-06-28,0.8110,0.8170,0.7910,0.7940,12944500,10389383
2024-07-01,0.7900,0.7950,0.7820,0.7940,7934000,6262790
2024-07-02,0.7940,0.8000,0.7880,0.7890,8112100,6430810
2024-07-03,0.7900,0.7950,0.7850,0.7920,3222600,2548370
2024-07-04,0.7940,0.7940,0.7760,0.7770,9300000,7272415
2024-07-05,0.7780,0.7830,0.7720,0.7790,6725100,5225183
2024-07-08,0.7750,0.7750,0.7550,0.7570,7300200,5562600
2024-07-09,0.7570,0.7740,0.7520,0.7720,12377600,9441253
2024-07-10,0.7680,0.7830,0.7680,0.7740,7747600,6003278
2024-07-11,0.7780,0.7900,0.7780,0.7850,11985100,9397799
2024-07-12,0.7850,0.7880,0.7790,0.7820,6866655,5374323
2024-07-15,0.7830,0.7860,0.7800,0.7820,6654100,5208064
2024-07-16,0.7820,0.7920,0.7820,0.7900,7556300,5956176
2024-07-17,0.7920,0.7970,0.7900,0.7960,8101000,6437795
2024-07-18,0.7960,0.7990,0.7850,0.7980,7427700,5892239
2024-07-19,0.7960,0.8100,0.7960,0.8100,15655600,12609225
2024-07-22,0.8130,0.8220,0.8050,0.8140,15063000,12242279
2024-07-23,0.8120,0.8150,0.7950,0.7960,9856300,7947525
2024-07-24,0.7900,0.7960,0.7850,0.7860,10344400,8164645
2024-07-25,0.7850,0.8000,0.7850,0.7950,13545800,10746920
2024-07-26,0.7950,0.8150,0.7950,0.8100,7689100,6205533
2024-07-29,0.8080,0.8130,0.8030,0.8040,6156200,4967167
2024-07-30,0.8040,0.8080,0.7990,0.8060,7772300,6260086
2024-07-31,0.8040,0.8580,0.8040,0.8490,15497200,13027798
2024-08-01,0.8400,0.8510,0.8400,0.8440,14679600,12426355
2024-08-02,0.8370,0.8480,0.8250,0.8270,8377538,7008476
2024-08-05,0.8300,0.8390,0.8230,0.8230,11640800,9649211
2024-08-06,0.8220,0.8330,0.8150,0.8230,6920500,5689983
2024-08-07,0.8200,0.8290,0.8180,0.8230,8290400,6812782
2024-08-08,0.8200,0.8340,0.8180,0.8250,6118500,5051447
2024-08-09,0.8290,0.8310,0.8150,0.8170,6764700,5553652
2024-08-12,0.8160,0.8170,0.8100,0.8160,2535600,2062175
2024-08-13,0.8150,0.8240,0.8110,0.8240,7283800,5940100
2024-08-14,0.8240,0.8250,0.8160,0.8160,4285500,3516147
2024-08-15,0.8180,0.8350,0.8180,0.8270,6348600,5251945
2024-08-16,0.8260,0.8280,0.8200,0.8240,6237100,5129567
2024-08-19,0.8230,0.8270,0.8180,0.8220,5321400,4374907
2024-08-20,0.8220,0.8220,0.8120,0.8140,5592900,4566556
2024-08-21,0.8130,0.8170,0.8090,0.8110,3593200,2916804
2024-08-22,0.8150,0.8160,0.7970,0.7980,6983300,5614795
2024-08-23,0.7980,0.8110,0.7970,0.8050,4964400,3991304
2024-08-26,0.8070,0.8110,0.8020,0.8060,2545000,2052968
2024-08-27,0.8020,0.8020,0.7950,0.7990,7725800,6162772
2024-08-28,0.7990,0.8020,0.7950,0.7990,5265400,4206052
2024-08-29,0.7990,0.8100,0.7990,0.8020,6876800,5540638
2024-08-30,0.8030,0.8300,0.8030,0.8230,10436100,8593034
2024-09-02,0.8230,0.8230,0.8020,0.8030,6557500,5304316
2024-09-03,0.8030,0.8140,0.8020,0.8090,5278600,4262943
2024-09-04,0.8070,0.8160,0.8070,0.8090,6773600,5483902
2024-09-05,0.8090,0.8170,0.8090,0.8130,5698900,4633765
2024-09-06,0.8290,0.8370,0.8180,0.8200,8631300,7146369
2024-09-09,0.8140,0.8270,0.8110,0.8190,4735100,3881345
2024-09-10,0.8190,0.8190,0.8060,0.8140,5972500,4844724
2024-09-11,0.8140,0.8200,0.8110,0.8170,4039700,3292400
2024-09-12,0.8170,0.8180,0.8120,0.8150,6195100,5057925
2024-09-13,0.8110,0.8230,0.8110,0.8140,4373000,3575546
2024-09-18,0.8100,0.8180,0.8070,0.8150,4726400,3842527
2024-09-19,0.8190,0.8350,0.8140,0.8260,7937400,6541048
2024-09-20,0.8250,0.8270,0.8190,0.8250,10829200,8910445
2024-09-23,0.8240,0.8300,0.8220,0.8250,5383300,4448009
2024-09-24,0.8290,0.8760,0.8290,0.8760,16877500,14405453
2024-09-25,0.8930,0.9160,0.8900,0.8930,27313820,24654583
2024-09-26,0.8860,0.9490,0.8820,0.9470,27901900,25523816
2024-09-27,0.9750,1.0240,0.9590,1.0190,11469800,11279972
2024-09-30,1.1200,1.1210,1.0900,1.1210,20062100,22386673
2024-10-08,1.2330,1.2330,1.2330,1.2330,5695600,7022675
2024-10-09,1.2480,1.3390,1.1590,1.2310,48648280,61192477
2024-10-10,1.2700,1.2810,1.1150,1.1380,47358100,55216683
2024-10-11,1.1150,1.1480,1.0970,1.1220,37005500,41442768
2024-10-14,1.1220,1.1300,1.0580,1.1160,75886000,83676338
2024-10-15,1.1000,1.1170,1.0740,1.0760,29325000,32102996
2024-10-16,1.0520,1.1130,1.0520,1.0870,78416650,84832942
2024-10-17,1.0880,1.1160,1.0790,1.0830,51267701,56571769
2024-10-18,1.0740,1.1910,1.0700,1.1560,45508645,51078795
2024-10-21,1.1350,1.1440,1.1200,1.1300,30255653,34228995
2024-10-22,1.1290,1.1480,1.1250,1.1380,38221478,43333450
2024-10-23,1.1490,1.1640,1.1270,1.1320,21693275,24826716
2024-10-24,1.1320,1.1360,1.1170,1.1340,17097020,19325725
2024-10-25,1.1360,1.1570,1.1270,1.1410,15044300,17131176
2024-10-28,1.1430,1.1470,1.1340,1.1420,37028000,42298292
2024-10-29,1.1460,1.1610,1.1260,1.1290,14495700,16577838
2024-10-30,1.1280,1.1380,1.1140,1.1250,13170000,14863616
2024-10-31,1.1250,1.1850,1.1160,1.1610,26951022,31089055
2024-11-01,1.1570,1.1800,1.1420,1.1480,24951612,28977931
2024-11-04,1.1490,1.1920,1.1480,1.1890,18469254,21568194
2024-11-05,1.1890,1.2660,1.1730,1.2580,36923095,44985977
2024-11-06,1.2650,1.3140,1.2380,1.2540,46579796,58899385
2024-11-07,1.2280,1.3600,1.2260,1.3540,51146277,65584164
2024-11-08,1.3890,1.3890,1.3060,1.3180,27384371,36608898
2024-11-11,1.2890,1.3210,1.2770,1.3170,18839991,24570449
2024-11-12,1.3110,1.3240,1.2650,1.2840,17616100,22851085
2024-11-13,1.2720,1.2900,1.2550,1.2790,9824400,12512400
2024-11-14,1.2800,1.2930,1.2580,1.2580,7884127,10057569
2024-11-15,1.2570,1.2690,1.2070,1.2090,15476900,19063304
2024-11-18,1.2070,1.2220,1.1800,1.1920,17464702,20909056
2024-11-19,1.1910,1.2200,1.1830,1.2160,13263200,15899827
2024-11-20,1.2140,1.2270,1.2000,1.2190,13634600,16546818
2024-11-21,1.2130,1.2400,1.2100,1.2290,8921300,10915065
2024-11-22,1.2250,1.2340,1.1700,1.1710,11466900,13785522
2024-11-25,1.1700,1.1780,1.1420,1.1600,9757800,11282770
2024-11-26,1.1580,1.1840,1.1550,1.1610,5470900,6396114
2024-11-27,1.1590,1.1930,1.1550,1.1900,9196460,10778140
2024-11-28,1.1860,1.1950,1.1750,1.1760,5077300,6011075
2024-11-29,1.1790,1.2460,1.1730,1.2100,20436560,24743188
2024-12-02,1.2070,1.2290,1.1990,1.2220,12416205,15114286
2024-12-03,1.2210,1.2320,1.2060,1.2220,54974639,66799388
2024-12-04,1.2210,1.2300,1.2030,1.2070,6879760,8355343
2024-12-05,1.2070,1.2300,1.2070,1.2230,9687798,11822080
2024-12-06,1.2230,1.2510,1.2140,1.2370,13962238,17202144
2024-12-09,1.2370,1.2410,1.2140,1.2260,10913000,13399790
2024-12-10,1.2910,1.2950,1.2340,1.2390,19722498,24947805
2024-12-11,1.2330,1.2470,1.2260,1.2350,16388100,20264916
2024-12-12,1.2350,1.2650,1.2270,1.2480,14875231,18493709
2024-12-13,1.2440,1.2440,1.2110,1.2130,14813463,18122048
2024-12-16,1.2080,1.2140,1.1900,1.1940,10575100,12655003
2024-12-17,1.1970,1.2070,1.1890,1.1940,11402500,13639306
2024-12-18,1.1990,1.2020,1.1910,1.1950,8640600,10333735
2024-12-19,1.1850,1.1950,1.1790,1.1920,9043100,10736056
2024-12-20,1.1920,1.2050,1.1900,1.1980,7568600,9067342
2024-12-23,1.1910,1.2060,1.1820,1.1850,11614600,13834416
2024-12-24,1.1850,1.2040,1.1830,1.2040,14111927,16863795
2024-12-25,1.2010,1.2050,1.1860,1.1960,12889100,15415007
2024-12-26,1.1930,1.2010,1.1920,1.1980,9695100,11609032
2024-12-27,1.1980,1.2270,1.1950,1.2080,12105110,14637727
2024-12-30,1.2090,1.2200,1.2010,1.2190,10289315,12470688
2024-12-31,1.2150,1.2180,1.1640,1.1670,17173200,20426408
2025-01-02,1.1560,1.1600,1.0920,1.1030,27297600,30760260
2025-01-03,1.1030,1.1030,1.0700,1.0730,15516100,16818652
2025-01-06,1.0660,1.0770,1.0620,1.0720,15210900,16247779
2025-01-07,1.0760,1.0850,1.0670,1.0830,12374700,13305220
2025-01-08,1.0790,1.0830,1.0500,1.0730,13668700,14538928
2025-01-09,1.0690,1.0790,1.0650,1.0680,6331600,6784130
2025-01-10,1.0680,1.0750,1.0480,1.0500,13206000,14047415
2025-01-13,1.0390,1.0570,1.0350,1.0520,11518300,12084077
2025-01-14,1.0550,1.1000,1.0540,1.1000,21149513,22840226
2025-01-15,1.0890,1.0940,1.0840,1.0870,10468500,11397801
2025-01-16,1.0910,1.1050,1.0760,1.0850,12207000,13329235
2025-01-17,1.0820,1.0960,1.0820,1.0880,11441100,12446204
2025-01-20,1.0960,1.1080,1.0910,1.0950,12865300,14150477
2025-01-21,1.1040,1.1040,1.0850,1.0970,11942900,13091604
2025-01-22,1.0920,1.0970,1.0860,1.0910,10337500,11269933
2025-01-23,1.1190,1.1360,1.0970,1.0970,19769020,22076285
2025-01-24,1.0970,1.1160,1.0950,1.1080,15642700,17246178
2025-01-27,1.1100,1.1100,1.0810,1.0810,8218000,9020411
2025-02-05,1.0880,1.0890,1.0780,1.0810,5446720,5894787
2025-02-06,1.0790,1.1000,1.0760,1.0980,9860700,10733055
2025-02-07,1.0980,1.1380,1.0940,1.1200,17024300,19046990
2025-02-10,1.1180,1.1300,1.1150,1.1230,15511426,17393723
2025-02-11,1.1230,1.1250,1.1070,1.1150,12357853,13759521
2025-02-12,1.1150,1.1410,1.1120,1.1370,13847477,15487319
2025-02-13,1.1430,1.1440,1.1210,1.1290,17515300,19841093
2025-02-14,1.1220,1.1330,1.1190,1.1270,15813800,17801901
2025-02-17,1.1340,1.1480,1.1260,1.1330,14896596,16917056
2025-02-18,1.1280,1.1300,1.1000,1.1030,9483200,10571510
2025-02-19,1.0970,1.1200,1.0970,1.1150,9385700,10449260
2025-02-20,1.1130,1.1200,1.1080,1.1140,7359300,8199393
2025-02-21,1.1140,1.1390,1.1070,1.1360,15896700,17916747
2025-02-24,1.1380,1.1390,1.1230,1.1300,12344192,13967450
2025-02-25,1.1230,1.1230,1.1100,1.1140,11072144,12360205
2025-02-26,1.1130,1.1440,1.1110,1.1440,23593344,26545327
2025-02-27,1.1310,1.1460,1.1180,1.1400,35488200,40092929
2025-02-28,1.1340,1.1470,1.1020,1.1050,23015651,25859634
2025-03-03,1.1050,1.1150,1.0950,1.1020,8817100,9744815
2025-03-04,1.1000,1.1130,1.0990,1.1090,8191000,9070599
2025-03-05,1.1090,1.1140,1.0990,1.1100,10198300,11286863
2025-03-06,1.1140,1.1380,1.1120,1.1340,22443400,25378794
2025-03-07,1.1310,1.1310,1.1150,1.1180,12218900,13711501
2025-03-10,1.1130,1.1150,1.1040,1.1090,7789000,8635732
2025-03-11,1.1050,1.1120,1.0960,1.1120,8132700,8985065
2025-03-12,1.1130,1.1340,1.1100,1.1190,15136793,16994337
2025-03-13,1.1160,1.1280,1.1050,1.1110,7005100,7808434
2025-03-14,1.1170,1.1600,1.1140,1.1470,30534400,34845972
2025-03-17,1.1580,1.1580,1.1340,1.1370,14879300,16942325
2025-03-18,1.1410,1.1430,1.1340,1.1370,11143300,12670134
2025-03-19,1.1350,1.1440,1.1330,1.1380,9294500,10573079
2025-03-20,1.1370,1.1370,1.1260,1.1280,10797314,12214502
2025-03-21,1.1270,1.1320,1.1070,1.1120,15532000,17346652
2025-03-24,1.1160,1.1160,1.0990,1.1100,9142400,10105347
2025-03-25,1.1110,1.1110,1.1020,1.1040,6097400,6742923
2025-03-26,1.1040,1.1100,1.1030,1.1040,7853300,8680250
2025-03-27,1.1050,1.1130,1.0970,1.1060,9007300,9957491
2025-03-28,1.1060,1.1100,1.1010,1.1050,9918500,10964291
2025-03-31,1.1020,1.1050,1.0800,1.0860,12591400,13746905
2025-04-01,1.0870,1.0920,1.0800,1.0830,9338100,10119066
2025-04-02,1.0830,1.0910,1.0830,1.0870,7149600,7768947
2025-04-03,1.0770,1.0920,1.0770,1.0860,4560300,4952780
2025-04-07,1.0310,1.0470,0.9770,0.9770,19857000,19901979
2025-04-08,0.9790,0.9970,0.9790,0.9910,40460900,39908090
2025-04-09,0.9850,1.0200,0.9710,1.0120,18780360,18737352
2025-04-10,1.0220,1.0380,1.0160,1.0230,16336300,16826506
2025-04-11,1.0230,1.0360,1.0180,1.0290,10467600,10756485
2025-04-14,1.0340,1.0390,1.0270,1.0300,11316488,11667873
2025-04-15,1.0300,1.0300,1.0200,1.0240,11596900,11865069
2025-04-16,1.0210,1.0240,1.0100,1.0220,9044300,9201645
2025-04-17,1.0200,1.0280,1.0170,1.0230,8989835,9199553
2025-04-18,1.0230,1.0330,1.0190,1.0310,9156600,9409547
2025-04-21,1.0250,1.0370,1.0240,1.0350,8706356,9002692
2025-04-22,1.0350,1.0400,1.0330,1.0340,8906100,9225594
2025-04-23,1.0350,1.0410,1.0320,1.0360,7331423,7599676
2025-04-24,1.0360,1.0380,1.0270,1.0310,9501300,9810953
2025-04-25,1.0340,1.0430,1.0330,1.0370,13046103,13539364
2025-04-28,1.0420,1.0420,1.0260,1.0300,8709500,8979390
2025-04-29,1.0290,1.0360,1.0280,1.0290,5605600,5781041
2025-04-30,1.0300,1.0400,1.0300,1.0320,6432400,6652885
2025-05-06,1.0310,1.0470,1.0310,1.0470,8099189,8449053
2025-05-07,1.0770,1.0870,1.0490,1.0530,15271950,16245715
2025-05-08,1.0510,1.0600,1.0480,1.0560,10572200,11156922
2025-05-09,1.0530,1.0550,1.0410,1.0440,10429472,10898318
2025-05-12,1.0450,1.0710,1.0450,1.0690,18436700,19582863
2025-05-13,1.0740,1.0780,1.0600,1.0610,10294654,10965771
2025-05-14,1.0620,1.1170,1.0570,1.0960,21138804,22953845
2025-05-15,1.0970,1.0970,1.0750,1.0770,25938945,28026910
2025-05-16,1.0760,1.0760,1.0630,1.0660,5429500,5798824
2025-05-19,1.0630,1.0690,1.0590,1.0660,4888200,5199841
2025-05-20,1.0660,1.0720,1.0630,1.0670,11362799,12142607
2025-05-21,1.0630,1.0720,1.0630,1.0650,3938700,4197418
2025-05-22,1.0600,1.0620,1.0550,1.0570,5021900,5317396
2025-05-23,1.0620,1.0630,1.0420,1.0420,17212300,18097407
2025-05-26,1.0400,1.0500,1.0370,1.0410,5537800,5766130
2025-05-27,1.0390,1.0430,1.0360,1.0390,8997277,9349267
2025-05-28,1.0400,1.0410,1.0340,1.0350,8278700,8583560
2025-05-29,1.0380,1.0490,1.0340,1.0480,8898800,9299408
2025-05-30,1.0440,1.0440,1.0350,1.0420,7643400,7946277
2025-06-03,1.0370,1.0560,1.0370,1.0510,9781800,10264065
2025-06-04,1.0510,1.0670,1.0510,1.0630,11408400,12102076
2025-06-05,1.0660,1.0780,1.0630,1.0740,13148400,14061816
2025-06-06,1.0730,1.0770,1.0650,1.0670,11166600,11941748
2025-06-09,1.0720,1.0880,1.0720,1.0830,12450500,13476824
2025-06-10,1.0830,1.0830,1.0610,1.0670,14037940,15026745
2025-06-11,1.0700,1.0990,1.0690,1.0890,18294800,19928133
2025-06-12,1.0880,1.0980,1.0810,1.0850,23749900,25890588
2025-06-13,1.0800,1.0850,1.0720,1.0740,16288500,17536764
2025-06-16,1.0730,1.0910,1.0730,1.0890,12942100,14019482
2025-06-17,1.0920,1.0950,1.0860,1.0930,159315300,173956915
2025-06-18,1.0940,1.0940,1.0750,1.0810,108371200,117261845
2025-06-19,1.0800,1.0800,1.0590,1.0610,65665100,69851749
2025-06-20,1.0640,1.0650,1.0570,1.0590,7965000,8456815
2025-06-23,1.0570,1.0740,1.0560,1.0710,16597700,17639976
2025-06-24,1.0690,1.1060,1.0690,1.0970,20663100,22602649
2025-06-25,1.1000,1.1650,1.1000,1.1600,68206345,76718256
2025-06-26,1.1570,1.1570,1.1340,1.1360,73206600,83501530
2025-06-27,1.1350,1.1730,1.1340,1.1380,66711532,76495121
2025-06-30,1.1420,1.1420,1.1240,1.1340,136644800,154839898
2025-07-01,1.1330,1.1340,1.1210,1.1280,19102900,21499215
2025-07-02,1.1280,1.1310,1.1200,1.1230,14441000,16248737
2025-07-03,1.1230,1.1350,1.1230,1.1310,19984600,22579396
2025-07-04,1.1310,1.1490,1.1200,1.1300,24690200,27897502
2025-07-07,1.1300,1.1350,1.1240,1.1320,10742400,12155252
2025-07-08,1.1320,1.1470,1.1320,1.1450,29206900,33329160
2025-07-09,1.1450,1.1550,1.1370,1.1380,27261900,31246240
2025-07-10,1.1350,1.1600,1.1350,1.1530,34458600,39686705
2025-07-11,1.1550,1.2030,1.1550,1.1830,38069720,45110759
2025-07-14,1.1850,1.1870,1.1660,1.1680,32147500,37681632
2025-07-15,1.1720,1.1780,1.1560,1.1630,17267960,20114122
2025-07-16,1.1600,1.1680,1.1520,1.1600,12248600,14189848
2025-07-17,1.1600,1.1670,1.1550,1.1660,13829300,16046749
2025-07-18,1.1660,1.1730,1.1630,1.1710,20670500,24156455
2025-07-21,1.1730,1.1880,1.1650,1.1850,19029600,22434830
2025-07-22,1.1840,1.1920,1.1720,1.1870,16009000,18910791
2025-07-23,1.1950,1.2200,1.1910,1.1990,29634700,35682193
2025-07-24,1.2000,1.2320,1.1940,1.2320,36397300,44364774
2025-07-25,1.2310,1.2370,1.2210,1.2260,46896400,57583326
2025-07-28,1.2260,1.2520,1.2210,1.2380,30095800,37222614
2025-07-29,1.2340,1.2410,1.2120,1.2410,19774100,24256904
2025-07-30,1.2410,1.2420,1.2150,1.2260,17707100,21842522
2025-07-31,1.2200,1.2290,1.1910,1.1980,20152400,24401013
2025-08-01,1.1930,1.2050,1.1860,1.1890,20695200,24727158
2025-08-04,1.1850,1.1920,1.1830,1.1920,13611900,16162581
2025-08-05,1.1940,1.2080,1.1930,1.2050,19760800,23728173
2025-08-06,1.2010,1.2100,1.2000,1.2090,17231100,20758305
2025-08-07,1.2100,1.2210,1.2020,1.2090,14529800,17600325
2025-08-08,1.2090,1.2090,1.1960,1.1980,20106600,24145816
2025-08-11,1.2000,1.2190,1.1990,1.2140,51909031,63020579
2025-08-12,1.2140,1.2210,1.2100,1.2190,17242900,20958120
2025-08-13,1.2230,1.2510,1.2150,1.2400,28811700,35583552
2025-08-14,1.2460,1.2670,1.2370,1.2390,45446786,56788747
2025-08-15,1.2380,1.3110,1.2350,1.2990,52780950,67131339
2025-08-18,1.3120,1.3390,1.2860,1.3170,43560827,57036217
2025-08-19,1.3040,1.3170,1.2900,1.2910,28266700,36821858
2025-08-20,1.2870,1.3030,1.2710,1.3030,69919200,89920944
2025-08-21,1.3100,1.3200,1.2870,1.2940,23099000,30077575
2025-08-22,1.2900,1.3360,1.2880,1.3360,33246300,43578920
2025-08-25,1.3700,1.3700,1.3300,1.3500,52772000,71086771
2025-08-26,1.3470,1.3500,1.3310,1.3340,32976800,44227495
2025-08-27,1.3340,1.3490,1.2990,1.3010,108206200,142231776
2025-08-28,1.3050,1.3250,1.2860,1.3240,32932312,42913274
2025-08-29,1.3330,1.3430,1.3200,1.3270,31809155,42325956
2025-09-01,1.3330,1.3370,1.3080,1.3130,23731900,31279015
2025-09-02,1.3130,1.3140,1.2880,1.2990,33058000,42928661
2025-09-03,1.3000,1.3050,1.2420,1.2510,31830600,40438038
2025-09-04,1.2440,1.2600,1.2330,1.2460,41402800,51599853
2025-09-05,1.2470,1.2600,1.2350,1.2600,19951700,24895789
2025-09-08,1.2600,1.2600,1.2420,1.2500,24369256,30425536
2025-09-09,1.2450,1.2600,1.2440,1.2490,16026000,20027219
2025-09-10,1.2490,1.2560,1.2410,1.2440,15710700,19588738
2025-09-11,1.2410,1.2840,1.2380,1.2840,35939317,45479326
2025-09-12,1.2840,1.2880,1.2620,1.2650,45059766,57469746
2025-09-15,1.2650,1.2740,1.2560,1.2620,51011014,64431132
2025-09-16,1.2610,1.2740,1.2500,1.2630,41717851,52538959
2025-09-17,1.2660,1.2790,1.2600,1.2690,34427449,43617816
2025-09-18,1.2660,1.2660,1.2190,1.2310,68474300,84964824
2025-09-19,1.2300,1.2320,1.2180,1.2210,26656800,32670318
2025-09-22,1.2180,1.2330,1.2180,1.2320,28222644,34570343
2025-09-23,1.2240,1.2270,1.2000,1.2120,25968500,31415464
2025-09-24,1.2050,1.2320,1.2050,1.2240,43253900,52670905
2025-09-25,1.2250,1.2330,1.2200,1.2230,18812300,23080190
2025-09-26,1.2170,1.2310,1.2170,1.2190,25505500,31215627
2025-09-29,1.2160,1.3050,1.2160,1.2770,71341360,90020767
2025-09-30,1.2730,1.2810,1.2590,1.2640,46783500,59287787
2025-10-09,1.2680,1.2750,1.2440,1.2680,44822500,56447520
2025-10-10,1.2660,1.2930,1.2600,1.2710,39187700,50045217
2025-10-13,1.2430,1.2590,1.2380,1.2560,24534600,30657461
2025-10-14,1.2550,1.2790,1.2460,1.2540,38270351,48292668
2025-10-15,1.2540,1.2670,1.2410,1.2660,31206130,39173990
2025-10-16,1.2640,1.2710,1.2550,1.2610,23194300,29276396
2025-10-17,1.2660,1.2720,1.2350,1.2390,31278800,39193205
2025-10-20,1.2450,1.2520,1.2340,1.2380,25763000,31998028
2025-10-21,1.2460,1.2630,1.2390,1.2470,120581400,150311337
2025-10-22,1.2400,1.2400,1.2310,1.2360,16893800,20864643
2025-10-23,1.2360,1.2480,1.2230,1.2450,18484400,22834004
2025-10-24,1.2500,1.2590,1.2440,1.2560,31038100,38816528
2025-10-27,1.2680,1.2800,1.2640,1.2720,42129800,53605247
2025-10-28,1.2720,1.2780,1.2630,1.2630,102034700,129368161
2025-10-29,1.2630,1.2970,1.2620,1.2930,73904600,95161567
2025-10-30,1.2930,1.2930,1.2670,1.2680,44775200,57297035
2025-10-31,1.2700,1.2740,1.2550,1.2550,31764200,40094804
2025-11-03,1.2550,1.2550,1.2370,1.2510,35148900,43801979
2025-11-04,1.2520,1.2520,1.2390,1.2460,37641400,46851722
2025-11-05,1.2380,1.2470,1.2380,1.2430,35472900,44099640
2025-11-06,1.2430,1.2630,1.2430,1.2580,43618900,54781280
2025-11-07,1.2520,1.2530,1.2450,1.2490,44429300,55456802
2025-11-10,1.2450,1.2680,1.2430,1.2610,63810300,80184957
2025-11-11,1.2590,1.2650,1.2450,1.2470,48588000,60929945
2025-11-12,1.2470,1.2480,1.2330,1.2390,39055600,48445702
2025-11-13,1.2360,1.2520,1.2360,1.2510,30316000,37695965
2025-11-14,1.2500,1.2500,1.2340,1.2360,32418100,40271174
2025-11-17,1.2340,1.2340,1.2180,1.2180,46619100,57072651
2025-11-18,1.2170,1.2320,1.2170,1.2220,46053700,56405797
2025-11-19,1.2200,1.2320,1.2170,1.2210,50295400,61536487
2025-11-20,1.2460,1.2490,1.2180,1.2200,90737500,112066226
2025-11-21,1.2060,1.2160,1.1780,1.1790,62506900,74753557
2025-11-24,1.1830,1.1860,1.1730,1.1780,95228700,112356966
2025-11-25,1.1800,1.1900,1.1800,1.1890,105635900,125138947
2025-11-26,1.1820,1.1870,1.1790,1.1790,40366400,47718732
2025-11-27,1.1780,1.1890,1.1760,1.1800,30607300,36225357
2025-11-28,1.1760,1.1850,1.1730,1.1850,32242400,38019589
2025-12-01,1.1780,1.1900,1.1780,1.1880,30876700,36620235
2025-12-02,1.1850,1.1860,1.1750,1.1770,26715400,31508607
2025-12-03,1.1800,1.1830,1.1640,1.1680,38866000,45558467
2025-12-04,1.1680,1.1750,1.1610,1.1680,41339000,48294982
2025-12-05,1.1650,1.2110,1.1650,1.1990,108808500,129597079
2025-12-08,1.2250,1.2420,1.2170,1.2230,96924814,119324111
2025-12-09,1.2210,1.2210,1.2050,1.2080,92829330,112326838
2025-12-10,1.2080,1.2140,1.1970,1.2110,50950858,61359227
2025-12-11,1.2120,1.2140,1.1940,1.1960,77377000,93047285
2025-12-12,1.1960,1.2090,1.1910,1.2050,46167700,55427266
2025-12-15,1.1990,1.2230,1.1940,1.2070,48843300,59183305
2025-12-16,1.2050,1.2110,1.1980,1.2010,56162600,67613270
2025-12-17,1.1980,1.2340,1.1940,1.2250,82972400,100347266
2025-12-18,1.2230,1.2250,1.2090,1.2110,79774200,96743423
2025-12-19,1.2130,1.2230,1.2040,1.2140,49879300,60593560
2025-12-22,1.2120,1.2190,1.2110,1.2150,30426100,36965430
2025-12-23,1.2140,1.2210,1.2080,1.2110,49274600,59846911
2025-12-24,1.2100,1.2230,1.2080,1.2200,42383800,51520005
2025-12-25,1.2170,1.2270,1.2160,1.2220,47008100,57500676
2025-12-26,1.2220,1.2470,1.2220,1.2330,90050600,111323814
2025-12-29,1.2320,1.2340,1.2230,1.2250,59838300,73484961
2025-12-30,1.2250,1.2300,1.2180,1.2220,55363400,67642233
2025-12-31,1.2220,1.2310,1.2150,1.2160,49279800,60309052
2026-01-05,1.2170,1.2380,1.2170,1.2360,60201100,73980850
2026-01-06,1.2360,1.2900,1.2360,1.2890,104616500,133050152
2026-01-07,1.2950,1.2960,1.2620,1.2690,162201407,206244178
2026-01-08,1.2690,1.2690,1.2330,1.2370,72320800,89832081
2026-01-09,1.2390,1.2470,1.2320,1.2400,79467500,98346041
2026-01-12,1.2400,1.2580,1.2320,1.2560,40846900,50812445
2026-01-13,1.2590,1.2750,1.2440,1.2490,35480200,44737776
2026-01-14,1.2430,1.2780,1.2320,1.2420,88733900,111698871
2026-01-15,1.2300,1.2430,1.2170,1.2220,65913500,80868213
2026-01-16,1.2300,1.2330,1.2090,1.2130,50585800,61577822
2026-01-19,1.2100,1.2120,1.2020,1.2070,38326400,46202934
2026-01-20,1.2050,1.2140,1.2050,1.2120,44438800,53771559
2026-01-21,1.2100,1.2120,1.2020,1.2050,44449000,53665202
2026-01-22,1.2050,1.2150,1.2040,1.2060,48750200,58887929
2026-01-23,1.2060,1.2120,1.2010,1.2050,57443200,69351787
2026-01-26,1.2050,1.2290,1.2020,1.2150,46033800,55917890
2026-01-27,1.2100,1.2110,1.1930,1.2000,48468465,58231402
2026-01-28,1.2030,1.2110,1.1980,1.2040,72821500,87720146
2026-01-29,1.2020,1.2180,1.1860,1.2160,66878300,80026098
2026-01-30,1.2120,1.2140,1.1930,1.1960,48645600,58416793
2026-02-02,1.1960,1.2110,1.1790,1.1810,63144800,75526443
2026-02-03,1.1910,1.1910,1.1670,1.1770,65353900,76894338
2026-02-04,1.1770,1.1960,1.1720,1.1930,65652500,77752601
2026-02-05,1.1930,1.2040,1.1850,1.1980,57680200,68834135
2026-02-06,1.1950,1.1990,1.1870,1.1890,49632000,59159311
2026-02-09,1.1930,1.2020,1.1930,1.2010,46798300,56089990
2026-02-10,1.2010,1.2050,1.1970,1.1980,39912200,47913764
2026-02-11,1.1980,1.2010,1.1940,1.1970,33346800,39911944
2026-02-12,1.1950,1.1950,1.1880,1.1890,35837600,42659423
2026-02-13,1.1890,1.1950,1.1770,1.1790,50857000,60391389
2026-02-24,1.1850,1.1870,1.1750,1.1760,25495000,30033725
2026-02-25,1.1810,1.1930,1.1770,1.1820,44606600,52909325
2026-02-26,1.1820,1.1830,1.1670,1.1700,57669300,67558384
2026-02-27,1.1700,1.1770,1.1660,1.1740,42097100,49297798
2026-03-02,1.1650,1.1650,1.1490,1.1560,61445800,71030054
2026-03-03,1.1560,1.1690,1.1460,1.1480,80342900,92943456
2026-03-04,1.1410,1.1420,1.1180,1.1200,85989600,97143046
2026-03-05,1.1300,1.1320,1.1180,1.1230,45032800,50568417
2026-03-06,1.1190,1.1390,1.1180,1.1350,47410400,53520952
2026-03-09,1.1230,1.1230,1.1090,1.1160,58208600,64882104
2026-03-10,1.1200,1.1290,1.1200,1.1250,43838100,49241193
2026-03-11,1.1230,1.1300,1.1200,1.1260,43947700,49413539
2026-03-12,1.1210,1.1300,1.1200,1.1260,51256900,57692740
2026-03-13,1.1230,1.1280,1.1150,1.1170,54734500,61353922
2026-03-16,1.1150,1.1150,1.1040,1.1110,48439900,53649021
2026-03-17,1.1120,1.1430,1.1120,1.1230,70887700,80105650
2026-03-18,1.1200,1.1200,1.1120,1.1190,64489500,71900578
2026-03-19,1.1130,1.1150,1.1020,1.1050,67483600,74741864
2026-03-20,1.1050,1.1090,1.0860,1.0860,58679200,64293591
2026-03-23,1.0780,1.0780,1.0360,1.0420,70444900,74498170
2026-03-24,1.0500,1.0580,1.0380,1.0520,70241400,73441105
2026-03-25,1.0550,1.0700,1.0520,1.0640,60880300,64554730
2026-03-26,1.0610,1.0630,1.0370,1.0400,57606600,60447308
2026-03-27,1.0290,1.0490,1.0290,1.0450,56633200,59027297
2026-03-30,1.0360,1.0430,1.0290,1.0410,52913900,54821229
2026-03-31,1.0400,1.0530,1.0320,1.0330,57330100,59741820
2026-04-01,1.0440,1.0530,1.0390,1.0480,57617500,60205173
2026-04-02,1.0450,1.0460,1.0270,1.0300,57931824,59894825
2026-04-03,1.0340,1.0350,1.0200,1.0210,48056800,49336708
2026-04-07,1.0240,1.0250,1.0150,1.0190,50482700,51469600
2026-04-08,1.0360,1.0610,1.0360,1.0610,78357000,82052286
2026-04-09,1.0520,1.0520,1.0330,1.0360,84550900,88055954
2026-04-10,1.0460,1.0950,1.0450,1.0750,110586500,119399750
2026-04-13,1.0660,1.0870,1.0620,1.0810,78086500,84277089
2026-04-14,1.0870,1.0890,1.0720,1.0860,79525500,85851444
2026-04-15,1.0870,1.0900,1.0760,1.0770,64377700,69632636
2026-04-16,1.0810,1.0920,1.0800,1.0870,75771700,82267556
2026-04-17,1.0800,1.0860,1.0760,1.0830,62035300,66991927
2026-04-20,1.0870,1.0870,1.0780,1.0820,67529700,73072590
2026-04-21,1.0780,1.0780,1.0690,1.0740,78770400,84453137
2026-04-22,1.0700,1.0910,1.0670,1.0830,95981300,103718947
2026-04-23,1.0830,1.0850,1.0680,1.0710,95500800,102681062
2026-04-24,1.0690,1.0710,1.0550,1.0610,83108070,88059974
2026-04-27,1.0640,1.0750,1.0600,1.0640,84093900,89611128
2026-04-28,1.0650,1.0880,1.0640,1.0770,119524732,129019113
2026-04-29,1.0750,1.0840,1.0700,1.0830,119001500,128064041
2026-04-30,1.0820,1.1000,1.0790,1.0860,126922600,138110493
2026-05-06,1.0910,1.1070,1.0780,1.1000,124559500,136667375
2026-05-07,1.1090,1.1090,1.0870,1.0950,111168200,121347464
2026-05-08,1.0870,1.0940,1.0820,1.0860,77858400,84665944
2026-05-11,1.0860,1.1090,1.0780,1.1060,147596000,161337583
2026-05-12,1.1070,1.1170,1.0960,1.1070,133544916,147846935
2026-05-13,1.1050,1.1070,1.0900,1.1020,103177200,113004315
2026-05-14,1.1050,1.1050,1.0760,1.0760,104005453,113557622
2026-05-15,1.0760,1.0800,1.0500,1.0560,111633481,118744361
2026-05-18,1.0470,1.0610,1.0460,1.0510,92870562,97794611
2026-05-19,1.0500,1.0640,1.0430,1.0620,146804201,154583512
2026-05-20,1.0580,1.0620,1.0510,1.0550,92074675,97244862
2026-05-21,1.0580,1.0970,1.0560,1.0630,256615743,277500234
2026-05-22,1.0570,1.0640,1.0390,1.0430,151871738,158574434
2026-05-25,1.0440,1.0570,1.0390,1.0510,101351985,106120392
2026-05-26,1.0450,1.0720,1.0430,1.0620,131246425,139257344
2026-05-27,1.0560,1.0710,1.0420,1.0500,223526500,235199440
2026-05-28,1.0500,1.0500,1.0200,1.0280,151585900,156206926
2026-05-29,1.0300,1.0530,1.0280,1.0380,234368300,244365058
2026-06-01,1.0330,1.0470,1.0300,1.0410,108714800,112966659
2026-06-02,1.0400,1.0480,1.0300,1.0430,126014400,130752568
2026-06-03,1.0350,1.0490,1.0310,1.0420,189474000,196996164
2026-06-04,1.0340,1.0450,1.0200,1.0290,118152700,121750789
2026-06-05,1.0290,1.0380,1.0200,1.0220,112725100,115974743
2026-06-08,1.0170,1.0220,1.0010,1.0070,141866877,143553487
2026-06-09,1.0050,1.0100,0.9980,1.0090,120553600,121147371
2026-06-10,1.0010,1.0250,1.0010,1.0230,137866800,139813866
2026-06-11,1.0160,1.0330,1.0050,1.0130,110991900,112654970
2026-06-12,1.0150,1.0530,1.0090,1.0500,169392300,175352569
2026-06-15,1.0570,1.1060,1.0540,1.0790,239886023,259378612
2026-06-16,1.0710,1.0920,1.0650,1.0870,150299600,162646942
2026-06-17,1.0850,1.0970,1.0800,1.0870,125778100,136773495
2026-06-18,1.0800,1.0850,1.0530,1.0560,136416500,145654917
2026-06-22,1.0510,1.1390,1.0490,1.1380,237514375,260081172
2026-06-23,1.1400,1.1670,1.1280,1.1390,255561368,294270725
2026-06-24,1.1250,1.1560,1.1120,1.1210,194611300,219117930
2026-06-25,1.1150,1.1650,1.1050,1.1560,218653600,248572398
2026-06-26,1.1480,1.1630,1.1100,1.1110,234062000,265671369
2026-06-29,1.1140,1.1420,1.1120,1.1300,188869900,212640478
2026-06-30,1.1220,1.1400,1.1150,1.1320,188740600,212621800
2026-07-01,1.1320,1.1990,1.1250,1.1900,300194439,350730246
2026-07-02,1.1900,1.1910,1.1510,1.1570,361865845,420169773
2026-07-03,1.1600,1.1720,1.1460,1.1630,255576882,295098339
2026-07-06,1.1830,1.1840,1.1540,1.1660,259282837,301937826
2026-07-07,1.1600,1.1600,1.1270,1.1320,214006400,243961564
2026-07-08,1.1260,1.1400,1.1150,1.1150,170468017,191906272
2026-07-09,1.1160,1.1420,1.1130,1.1390,206984012,232765541
2026-07-10,1.1380,1.1380,1.1160,1.1170,201417646,226125066
2026-07-13,1.1150,1.1210,1.1000,1.1040,209539000,232662269
2026-07-14,1.1050,1.1110,1.0900,1.1100,191032900,210264506
2026-07-15,1.1050,1.1460,1.1050,1.1370,216863082,244009949
2026-07-16,1.1310,1.1310,1.1150,1.1200,180571091,202254033
2026-07-17,1.1180,1.1290,1.1010,1.1020,232378700,259510045
2026-07-20,1.1100,1.1320,1.1080,1.1240,214727862,240610693
2026-07-21,1.1250,1.1380,1.1120,1.1290,211426459,237807059
2026-07-22,1.1240,1.1260,1.0730,1.1220,171752991,192073130
2026-07-23,1.1190,1.1370,1.1170,1.1340,169136600,190548173
2026-07-24,1.1290,1.1290,1.1040,1.1060,157735600,175973535
2026-07-27,1.1080,1.1110,1.0930,1.1100,104839500,115718743
2026-07-28,1.1000,1.1060,1.0890,1.0910,122147943,133710257
2026-07-29,1.0930,1.1180,1.0910,1.1140,162738181,179664697
2026-07-30,1.1090,1.1220,1.1020,1.1120,155682042,173263061
2026-07-31,1.1070,1.1230,1.1070,1.1130,154758658,172665781
2026-08-03,1.1040,1.1120,1.1000,1.1110,109734200,121548795
2026-08-04,1.1140,1.1180,1.1070,1.1100,140201500,155652590
2026-08-05,1.1120,1.1190,1.1060,1.1180,162898800,181533659
2026-08-06,1.1130,1.1140,1.0990,1.1040,185972900,205430059
2026-08-07,1.1000,1.1030,1.0960,1.1030,139666300,153475212
2026-08-10,1.1000,1.1100,1.1000,1.1070,126699000,140167257
2026-08-11,1.1080,1.1100,1.0990,1.1000,149166211,164805262
2026-08-12,1.0960,1.1050,1.0940,1.1040,127949000,140716160
2026-08-13,1.1040,1.1190,1.1030,1.1070,180468900,200693776
2026-08-14,1.1090,1.1110,1.0920,1.0940,175656700,192989891
2026-08-17,1.0890,1.1000,1.0870,1.1000,157972145,172776569
2026-08-18,1.0960,1.0980,1.0790,1.0850,153935600,167170254
2026-08-19,1.0840,1.0880,1.0670,1.0680,173069886,186394556
2026-08-20,1.0700,1.0740,1.0630,1.0690,131103100,139947122
2026-08-21,1.0690,1.0730,1.0620,1.0710,142461500,152037361
2026-08-24,1.0710,1.0790,1.0670,1.0730,139530240,149699530
2026-08-25,1.0730,1.0770,1.0670,1.0720,106387700,113914527
2026-08-26,1.0720,1.1050,1.0710,1.1020,235659760,257827737
2026-08-27,1.0980,1.1130,1.0970,1.1130,180953348,200000097
2026-08-28,1.1130,1.1150,1.1050,1.1100,140716395,156205475
2026-08-31,1.1090,1.1140,1.0970,1.1110,136346195,150529636
2026-09-01,1.1090,1.1230,1.1050,1.1200,156720746,175123921
2026-09-02,1.1140,1.1150,1.0950,1.0960,148876500,163927431
2026-09-03,1.0970,1.1170,1.0970,1.1050,137753200,152738736
2026-09-04,1.1090,1.1240,1.1090,1.1120,159783200,178594283
2026-09-07,1.1160,1.1160,1.0970,1.0990,126418100,139314904
2026-09-08,1.1020,1.1040,1.0900,1.0930,103526600,113533426
2026-09-09,1.0930,1.0930,1.0850,1.0900,81175900,88377827
2026-09-10,1.0870,1.1000,1.0850,1.0990,115400095,126281507
2026-09-11,1.0930,1.0930,1.0610,1.0640,160655200,171345795
2026-09-14,1.0610,1.0630,1.0550,1.0590,93853241,99404296
2026-09-15,1.0560,1.0630,1.0540,1.0540,76454500,80806595
2026-09-16,1.0530,1.0650,1.0440,1.0620,107642980,113575049
2026-09-17,1.0520,1.0610,1.0490,1.0510,101932200,107315491
2026-09-18,1.0540,1.0650,1.0540,1.0630,110949529,117589290
2026-09-21,1.0680,1.0760,1.0620,1.0750,118156800,126050492
2026-09-22,1.0790,1.0840,1.0720,1.0760,115129646,124143373
