date,open,high,low,close,volume,amount
2016-08-08,0.9950,1.0060,0.9880,1.0040,153492108,153164739
2016-08-09,1.0020,1.0160,1.0020,1.0120,45656067,46082947
2016-08-10,1.0130,1.0210,1.0080,1.0100,29543368,29975006
2016-08-11,1.0100,1.0290,1.0090,1.0140,37019624,37790066
2016-08-12,1.0130,1.0410,1.0090,1.0370,36498955,37355020
2016-08-15,1.0440,1.1320,1.0400,1.0970,108427801,117707931
2016-08-16,1.1000,1.1020,1.0840,1.0860,62083760,67776092
2016-08-17,1.0950,1.1060,1.0720,1.0800,40260190,43826593
2016-08-18,1.0710,1.0850,1.0620,1.0680,45597235,48873984
2016-08-19,1.0680,1.0730,1.0600,1.0680,36301312,38746370
2016-08-22,1.0710,1.0710,1.0440,1.0450,34605840,36569456
2016-08-23,1.0480,1.0620,1.0440,1.0560,24477575,25778161
2016-08-24,1.0580,1.0600,1.0450,1.0490,19764000,20780326
2016-08-25,1.0450,1.0580,1.0380,1.0540,24633332,25890452
2016-08-26,1.0510,1.0570,1.0460,1.0480,17801757,18724561
2016-08-29,1.0480,1.0530,1.0420,1.0490,12260053,12835434
2016-08-30,1.0500,1.0620,1.0470,1.0540,23384259,24691966
2016-08-31,1.0510,1.0670,1.0500,1.0610,27296587,28945104
2016-09-01,1.0600,1.0600,1.0440,1.0440,25067000,26393289
2016-09-02,1.0410,1.0630,1.0390,1.0510,23398195,24635967
2016-09-05,1.0500,1.0670,1.0500,1.0540,38431002,40671241
2016-09-06,1.0530,1.0600,1.0400,1.0570,25749077,27041171
2016-09-07,1.0570,1.0640,1.0530,1.0560,21027732,22267356
2016-09-08,1.0550,1.0570,1.0500,1.0540,14973145,15783936
2016-09-09,1.0530,1.0590,1.0480,1.0490,28409100,29982672
2016-09-12,1.0400,1.0400,1.0110,1.0230,42578338,43491163
2016-09-13,1.0210,1.0260,1.0150,1.0200,14943200,15221765
2016-09-14,1.0150,1.0180,1.0090,1.0120,13102200,13274348
2016-09-19,1.0120,1.0180,1.0120,1.0150,10762100,10918142
2016-09-20,1.0150,1.0160,1.0100,1.0130,23259931,23539946
2016-09-21,1.0120,1.0270,1.0120,1.0200,38803144,39474500
2016-09-22,1.0260,1.0290,1.0200,1.0200,15386044,15754393
2016-09-23,1.0200,1.0230,1.0150,1.0160,14765020,15052047
2016-09-26,1.0160,1.0160,0.9960,0.9980,20983120,21080177
2016-09-27,0.9970,1.0080,0.9960,1.0080,19371420,19416929
2016-09-28,1.0060,1.0080,1.0020,1.0020,6918844,6950766
2016-09-29,1.0040,1.0250,1.0040,1.0160,15085047,15329279
2016-09-30,1.0140,1.0180,1.0120,1.0170,12053971,12237644
2016-10-10,1.0200,1.0320,1.0190,1.0300,21597353,22168751
2016-10-11,1.0290,1.0350,1.0270,1.0320,14053201,14472926
2016-10-12,1.0300,1.0340,1.0250,1.0290,15680624,16159167
2016-10-13,1.0270,1.0340,1.0260,1.0300,13465500,13866866
2016-10-14,1.0300,1.0320,1.0210,1.0300,15834500,16238533
2016-10-17,1.0300,1.0320,1.0130,1.0130,14166035,14497419
2016-10-18,1.0130,1.0420,1.0130,1.0360,27449354,28215858
2016-10-19,1.0370,1.0390,1.0300,1.0320,14633300,15135889
2016-10-20,1.0320,1.0350,1.0280,1.0310,14964161,15430752
2016-10-21,1.0290,1.0470,1.0280,1.0350,21480556,22264784
2016-10-24,1.0350,1.0780,1.0350,1.0610,47401085,50354094
2016-10-25,1.0600,1.0600,1.0500,1.0540,10030579,10565683
2016-10-26,1.0550,1.0630,1.0490,1.0510,14251900,15025009
2016-10-27,1.0490,1.0540,1.0470,1.0530,19831205,20828317
2016-10-28,1.0560,1.0900,1.0560,1.0600,24529671,26369783
2016-10-31,1.0550,1.0650,1.0420,1.0600,16811311,17694036
2016-11-01,1.0580,1.0740,1.0580,1.0700,27260347,29110591
2016-11-02,1.0670,1.0830,1.0630,1.0640,18021672,19337187
2016-11-03,1.0600,1.1090,1.0600,1.0890,81183345,88598029
2016-11-04,1.0880,1.0980,1.0800,1.0830,16280694,17781190
2016-11-07,1.0850,1.0940,1.0840,1.0890,8455491,9202719
2016-11-08,1.0950,1.1060,1.0890,1.0910,14595913,15996541
2016-11-09,1.0930,1.0930,1.0670,1.0780,23586966,25395638
2016-11-10,1.0900,1.1050,1.0870,1.0950,30267507,33253742
2016-11-11,1.0980,1.1430,1.0950,1.1330,56521385,63486357
2016-11-14,1.1300,1.1700,1.1240,1.1420,69124807,79892319
2016-11-15,1.1410,1.1480,1.1270,1.1320,16890091,19217640
2016-11-16,1.1380,1.1420,1.1260,1.1400,27671088,31461495
2016-11-17,1.1350,1.1410,1.1240,1.1360,28057718,31798115
2016-11-18,1.1300,1.1330,1.1140,1.1190,29109000,32743143
2016-11-21,1.1130,1.1340,1.1120,1.1190,31463944,35488548
2016-11-22,1.1240,1.1410,1.1240,1.1350,22712227,25719705
2016-11-23,1.1370,1.1430,1.1220,1.1260,16324397,18482306
2016-11-24,1.1240,1.1530,1.1230,1.1370,35681731,40706223
2016-11-25,1.1340,1.1450,1.1170,1.1410,55584823,62944812
2016-11-28,1.1560,1.1560,1.1350,1.1360,26760123,30562693
2016-11-29,1.1340,1.1530,1.1220,1.1390,40098105,45528378
2016-11-30,1.1360,1.1510,1.1260,1.1300,21378326,24384075
2016-12-01,1.1280,1.1450,1.1280,1.1410,19292500,21941118
2016-12-02,1.1410,1.1430,1.1160,1.1190,23881300,26873102
2016-12-05,1.1090,1.1130,1.0800,1.0830,25532119,27850884
2016-12-06,1.0820,1.0890,1.0790,1.0820,16021020,17370985
2016-12-07,1.0820,1.0890,1.0790,1.0890,14914986,16179957
2016-12-08,1.0910,1.0910,1.0770,1.0780,14402600,15580062
2016-12-09,1.0770,1.0900,1.0750,1.0820,16332400,17689360
2016-12-12,1.0790,1.0830,1.0450,1.0510,24173185,25573401
2016-12-13,1.0480,1.0580,1.0440,1.0530,14025400,14765215
2016-12-14,1.0550,1.0550,1.0400,1.0410,11775200,12330893
2016-12-15,1.0420,1.0470,1.0320,1.0370,15161100,15742687
2016-12-16,1.0380,1.0430,1.0340,1.0370,11995500,12437164
2016-12-19,1.0370,1.0370,1.0270,1.0280,10260400,10561413
2016-12-20,1.0280,1.0330,1.0230,1.0300,12057500,12389437
2016-12-21,1.0340,1.0440,1.0330,1.0370,11384000,11829613
2016-12-22,1.0380,1.0380,1.0290,1.0320,10257300,10590625
2016-12-23,1.0320,1.0320,1.0200,1.0220,11811681,12084871
2016-12-26,1.0210,1.0350,1.0110,1.0330,12561297,12875513
2016-12-27,1.0300,1.0350,1.0250,1.0270,4960600,5111259
2016-12-28,1.0270,1.0310,1.0220,1.0250,8782913,9011484
2016-12-29,1.0250,1.0300,1.0220,1.0240,11453940,11747963
2016-12-30,1.0270,1.0300,1.0200,1.0270,11112232,11383583
2017-01-03,1.0280,1.0430,1.0280,1.0400,8804000,9135084
2017-01-04,1.0380,1.0450,1.0360,1.0440,9018400,9398174
2017-01-05,1.0450,1.0450,1.0390,1.0400,9841373,10244076
2017-01-06,1.0420,1.0420,1.0280,1.0300,9537600,9855754
2017-01-09,1.0280,1.0350,1.0270,1.0310,9804900,10113932
2017-01-10,1.0320,1.0390,1.0300,1.0330,9092680,9419041
2017-01-11,1.0330,1.0400,1.0300,1.0310,9132800,9442238
2017-01-12,1.0280,1.0390,1.0270,1.0320,10407500,10769423
2017-01-13,1.0310,1.0400,1.0240,1.0350,9514300,9827620
2017-01-16,1.0300,1.0370,1.0110,1.0310,17377100,17837389
2017-01-17,1.0270,1.0290,1.0160,1.0270,7869400,8052109
2017-01-18,1.0260,1.0330,1.0230,1.0260,13201700,13575457
2017-01-19,1.0260,1.0360,1.0230,1.0300,8986900,9247765
2017-01-20,1.0300,1.0400,1.0280,1.0390,12042800,12477033
2017-01-23,1.0370,1.0470,1.0350,1.0380,6428000,6681525
2017-01-24,1.0400,1.0400,1.0330,1.0330,5293600,5476622
2017-01-25,1.0330,1.0360,1.0300,1.0350,3500400,3617663
2017-01-26,1.0370,1.0420,1.0360,1.0410,3897400,4051308
2017-02-03,1.0410,1.0420,1.0300,1.0310,3059300,3165761
2017-02-06,1.0320,1.0350,1.0290,1.0310,8289300,8547266
2017-02-07,1.0310,1.0320,1.0230,1.0260,8296200,8512144
2017-02-08,1.0270,1.0480,1.0200,1.0450,22290600,23106952
2017-02-09,1.0420,1.0520,1.0410,1.0440,10142300,10612651
2017-02-10,1.0460,1.0570,1.0420,1.0500,9811700,10308158
2017-02-13,1.0500,1.0630,1.0500,1.0580,23711564,25090447
2017-02-14,1.0580,1.0610,1.0520,1.0560,17332664,18350492
2017-02-15,1.0550,1.0620,1.0480,1.0490,14346147,15135066
2017-02-16,1.0480,1.0620,1.0450,1.0590,9026047,9504261
2017-02-17,1.0620,1.0880,1.0580,1.0590,51725900,55679260
2017-02-20,1.0540,1.0680,1.0520,1.0670,12395578,13164538
2017-02-21,1.0680,1.0850,1.0660,1.0720,16322800,17579630
2017-02-22,1.0740,1.0740,0.9650,1.0690,10955400,11590887
2017-02-23,1.0690,1.0700,1.0540,1.0590,8705060,9244596
2017-02-24,1.0580,1.0650,1.0560,1.0630,6457160,6849026
2017-02-27,1.0620,1.0620,1.0500,1.0520,8196360,8657032
2017-02-28,1.0510,1.0570,1.0500,1.0520,6129500,6450677
2017-03-01,1.0520,1.0600,1.0510,1.0520,4019700,4239700
2017-03-02,1.0550,1.0670,1.0500,1.0510,6889600,7296201
2017-03-03,1.0480,1.0490,1.0400,1.0420,12093800,12615619
2017-03-06,1.0420,1.0510,1.0400,1.0510,8405000,8797222
2017-03-07,1.0510,1.0520,1.0460,1.0500,3600054,3777296
2017-03-08,1.0510,1.0540,1.0450,1.0470,5804500,6078445
2017-03-09,1.0450,1.0460,1.0370,1.0430,15424900,16053850
2017-03-10,1.0420,1.0450,1.0380,1.0390,2360900,2458331
2017-03-13,1.0360,1.0430,1.0310,1.0420,10424738,10827454
2017-03-14,1.0420,1.0470,1.0390,1.0410,11506938,11995641
2017-03-15,1.0420,1.0450,1.0390,1.0420,9002510,9370233
2017-03-16,1.0440,1.0630,1.0410,1.0630,18541410,19623987
2017-03-17,1.0620,1.0660,1.0430,1.0440,11651400,12278291
2017-03-20,1.0430,1.0470,1.0330,1.0370,9796791,10167434
2017-03-21,1.0390,1.0390,1.0300,1.0320,8294638,8570297
2017-03-22,1.0290,1.0300,1.0160,1.0170,18928900,19313515
2017-03-23,1.0170,1.0270,1.0170,1.0200,21894760,22397541
2017-03-24,1.0200,1.0400,1.0180,1.0350,16267324,16676584
2017-03-27,1.0320,1.0410,1.0300,1.0330,11976700,12400591
2017-03-28,1.0320,1.0330,1.0260,1.0280,7256491,7471974
2017-03-29,1.0290,1.0290,1.0170,1.0190,10208300,10437942
2017-03-30,1.0200,1.0230,1.0130,1.0160,11714773,11924330
2017-03-31,1.0150,1.0180,1.0120,1.0160,5899400,5985970
2017-04-05,1.0180,1.0320,1.0160,1.0310,11348100,11656842
2017-04-06,1.0310,1.0330,1.0270,1.0300,7028100,7238814
2017-04-07,1.0300,1.0350,1.0270,1.0330,6645090,6857884
2017-04-10,1.0290,1.0330,1.0230,1.0240,7547600,7745317
2017-04-11,1.0220,1.0270,1.0110,1.0240,14611400,14875799
2017-04-12,1.0250,1.0430,1.0250,1.0310,32807032,33978317
2017-04-13,1.0300,1.0320,1.0260,1.0280,9225732,9489483
2017-04-14,1.0280,1.0280,1.0140,1.0190,16165000,16490975
2017-04-17,1.0170,1.0210,1.0070,1.0180,14100400,14294432
2017-04-18,1.0160,1.0160,1.0060,1.0070,12639500,12771798
2017-04-19,1.0070,1.0070,0.9930,0.9990,19424700,19381273
2017-04-20,0.9990,1.0020,0.9880,0.9980,9581500,9524616
2017-04-21,0.9980,1.0070,0.9940,1.0050,12394700,12391747
2017-04-24,1.0010,1.0050,0.9910,1.0030,17047800,16985740
2017-04-25,1.0010,1.0040,0.9970,0.9970,7464500,7459126
2017-04-26,0.9980,1.0090,0.9950,1.0010,9018100,9039996
2017-04-27,0.9980,1.0010,0.9900,0.9980,7154500,7113297
2017-04-28,0.9970,1.0000,0.9930,0.9990,10986700,10950408
2017-05-02,1.0000,1.0000,0.9910,0.9920,5633500,5594779
2017-05-03,0.9920,0.9940,0.9810,0.9850,10591700,10457641
2017-05-04,0.9830,0.9830,0.9750,0.9770,11202534,10963374
2017-05-05,0.9740,0.9740,0.9510,0.9600,27122200,25990724
2017-05-08,0.9550,0.9620,0.9440,0.9580,29703134,28241892
2017-05-09,0.9550,0.9600,0.9530,0.9560,5937200,5679977
2017-05-10,0.9560,0.9580,0.9460,0.9490,12044200,11469358
2017-05-11,0.9400,0.9530,0.9400,0.9500,10704500,10095125
2017-05-12,0.9490,0.9680,0.9470,0.9600,11711100,11254302
2017-05-15,0.9610,0.9690,0.9590,0.9650,10736100,10359187
2017-05-16,0.9640,0.9700,0.9570,0.9700,9032900,8709682
2017-05-17,0.9690,0.9810,0.9670,0.9680,10691600,10400170
2017-05-18,0.9640,0.9660,0.9560,0.9600,10634000,10216207
2017-05-19,0.9570,0.9600,0.9530,0.9560,10748875,10277779
2017-05-22,0.9550,0.9550,0.9370,0.9420,20705400,19561588
2017-05-23,0.9410,0.9470,0.9360,0.9450,19316300,18189375
2017-05-24,0.9440,0.9500,0.9380,0.9490,9816200,9281786
2017-05-25,0.9440,0.9900,0.9440,0.9870,28820200,28030054
2017-05-26,0.9830,0.9940,0.9800,0.9840,12475400,12323892
2017-05-31,0.9920,1.0020,0.9840,0.9900,14981900,14868608
2017-06-01,0.9900,0.9950,0.9810,0.9850,12728200,12592865
2017-06-02,0.9850,0.9900,0.9790,0.9870,9047400,8904662
2017-06-05,0.9890,0.9890,0.9790,0.9820,9509700,9344247
2017-06-06,0.9830,0.9880,0.9810,0.9860,11108102,10921830
2017-06-07,0.9860,0.9970,0.9840,0.9950,25625502,25463468
2017-06-08,0.9950,0.9960,0.9900,0.9940,8283400,8225280
2017-06-09,0.9930,1.0020,0.9870,0.9900,13039835,12943881
2017-06-12,0.9880,0.9900,0.9750,0.9770,13048635,12824512
2017-06-13,0.9760,0.9870,0.9730,0.9820,8250800,8088390
2017-06-14,0.9820,0.9860,0.9780,0.9830,10739900,10560338
2017-06-15,0.9820,0.9970,0.9810,0.9930,19534800,19380325
2017-06-16,0.9940,0.9980,0.9890,0.9900,13469800,13391414
2017-06-19,0.9900,1.0120,0.9880,1.0080,26941300,27115548
2017-06-20,1.0120,1.0150,1.0030,1.0070,15660700,15815522
2017-06-21,1.0190,1.0250,1.0030,1.0080,14550600,14709483
2017-06-22,1.0050,1.0250,1.0030,1.0090,27716900,28177146
2017-06-23,1.0080,1.0080,0.9950,1.0070,13877600,13899047
2017-06-26,1.0070,1.0220,1.0060,1.0200,21751100,22111982
2017-06-27,1.0190,1.0210,1.0150,1.0180,12004200,12219621
2017-06-28,1.0150,1.0190,1.0110,1.0140,7183500,7287571
2017-06-29,1.0150,1.0180,1.0100,1.0120,7827400,7925873
2017-06-30,1.0120,1.0130,1.0050,1.0110,9423585,9521982
2017-07-03,1.0110,1.0130,1.0030,1.0070,9655800,9720894
2017-07-04,1.0070,1.0070,0.9980,0.9980,11147700,11167110
2017-07-05,0.9990,1.0070,0.9980,1.0060,11676000,11685643
2017-07-06,1.0060,1.0070,0.9970,1.0040,7588192,7599785
2017-07-07,1.0040,1.0200,0.9950,1.0170,24333600,24528260
2017-07-10,1.0120,1.0360,1.0100,1.0240,29924500,30725330
2017-07-11,1.0250,1.0410,1.0230,1.0280,31392092,32470436
2017-07-12,1.0270,1.0350,1.0170,1.0220,15485800,15900721
2017-07-13,1.0250,1.0430,1.0220,1.0410,25957400,26844635
2017-07-14,1.0420,1.0480,1.0360,1.0410,15187600,15822020
2017-07-17,1.0400,1.0450,1.0110,1.0110,32292300,33150057
2017-07-18,1.0120,1.0140,0.9930,1.0020,22143700,22222434
2017-07-19,1.0040,1.0680,0.9990,1.0650,52039556,53982755
2017-07-20,1.0670,1.0720,1.0560,1.0610,37384531,39754464
2017-07-21,1.0550,1.0670,1.0480,1.0540,17616400,18639967
2017-07-24,1.0530,1.0640,1.0500,1.0550,21291300,22507051
2017-07-25,1.0560,1.0640,1.0420,1.0440,11489000,12044632
2017-07-26,1.0480,1.0530,1.0380,1.0480,24356800,25410690
2017-07-27,1.0490,1.0620,1.0340,1.0560,28539000,29997343
2017-07-28,1.0530,1.0550,1.0470,1.0490,12214200,12822484
2017-07-31,1.0490,1.0620,1.0410,1.0550,26306100,27650211
2017-08-01,1.0550,1.0780,1.0520,1.0680,37215441,39781412
2017-08-02,1.0690,1.0900,1.0650,1.0750,41099332,44303489
2017-08-03,1.0760,1.0820,1.0650,1.0710,14635098,15729126
2017-08-04,1.0680,1.0920,1.0640,1.0740,25849730,27938588
2017-08-07,1.0720,1.0720,1.0560,1.0600,23196200,24664669
2017-08-08,1.0600,1.0720,1.0510,1.0640,35754100,37919666
2017-08-09,1.0620,1.0620,1.0490,1.0520,24312800,25603934
2017-08-10,1.0510,1.0630,1.0420,1.0540,32058600,33768657
2017-08-11,1.0440,1.0460,1.0210,1.0250,37630800,38962740
2017-08-14,1.0240,1.0440,1.0230,1.0420,22654900,23417537
2017-08-15,1.0390,1.0460,1.0340,1.0380,12165400,12648445
2017-08-16,1.0360,1.0440,1.0320,1.0390,10812500,11230440
2017-08-17,1.0390,1.0480,1.0360,1.0480,24834300,25888629
2017-08-18,1.0420,1.0460,1.0360,1.0390,21645900,22525822
2017-08-21,1.0370,1.0440,1.0370,1.0420,12570641,13079805
2017-08-22,1.0440,1.0500,1.0370,1.0420,21469400,22431529
2017-08-23,1.0430,1.0620,1.0400,1.0500,45769900,48212126
2017-08-24,1.0500,1.0520,1.0350,1.0360,24539541,25616653
2017-08-25,1.0340,1.0670,1.0340,1.0650,65606500,69288628
2017-08-28,1.0680,1.1370,1.0680,1.1270,94596620,105073436
2017-08-29,1.1230,1.1300,1.1130,1.1150,41914400,46929050
2017-08-30,1.1150,1.1440,1.1130,1.1160,70855700,80252131
2017-08-31,1.1200,1.1330,1.1170,1.1290,58484300,65862898
2017-09-01,1.1300,1.1420,1.1280,1.1360,32780500,37172835
2017-09-04,1.1360,1.1410,1.1260,1.1330,29251000,33114162
2017-09-05,1.1320,1.1410,1.1280,1.1310,23571500,26771713
2017-09-06,1.1270,1.1310,1.1120,1.1250,35737600,40035710
2017-09-07,1.1240,1.1350,1.1110,1.1140,32762700,36837948
2017-09-08,1.1140,1.1170,1.1030,1.1070,35473220,39348874
2017-09-11,1.1030,1.1170,1.1020,1.1100,28712720,31887478
2017-09-12,1.1130,1.1360,1.1120,1.1200,66110120,74415041
2017-09-13,1.1190,1.1240,1.1120,1.1170,17331132,19361055
2017-09-14,1.1180,1.1300,1.1120,1.1150,27703000,31048820
2017-09-15,1.1130,1.1240,1.1060,1.1180,46920000,52421809
2017-09-18,1.1160,1.1380,1.1160,1.1310,47041800,53182002
2017-09-19,1.1340,1.1340,1.1090,1.1140,28338000,31724439
2017-09-20,1.1140,1.1180,1.1090,1.1160,16164300,18009132
2017-09-21,1.1160,1.1290,1.1130,1.1140,25216700,28337783
2017-09-22,1.1100,1.1140,1.0980,1.1100,31412215,34730239
2017-09-25,1.1080,1.1080,1.0980,1.1020,19167620,21142061
2017-09-26,1.1010,1.1050,1.1000,1.1030,13508895,14904003
2017-09-27,1.1030,1.1060,1.1010,1.1010,13818600,15244418
2017-09-28,1.1030,1.1040,1.0980,1.1000,11665000,12837191
2017-09-29,1.1020,1.1190,1.1010,1.1120,21782400,24223417
2017-10-09,1.1380,1.1400,1.1110,1.1120,19500900,21861125
2017-10-10,1.1130,1.1150,1.1000,1.1110,21463800,23781525
2017-10-11,1.1100,1.1120,1.1040,1.1040,9837500,10897070
2017-10-12,1.1040,1.1090,1.0980,1.1000,15265100,16815064
2017-10-13,1.1020,1.1050,1.0990,1.1040,17156181,18911227
2017-10-16,1.1040,1.1110,1.0950,1.0960,25687800,28385944
2017-10-17,1.0950,1.0960,1.0840,1.0860,21640100,23548911
2017-10-18,1.0880,1.0920,1.0830,1.0850,18867500,20529087
2017-10-19,1.0850,1.0860,1.0590,1.0650,44880748,47953469
2017-10-20,1.0630,1.0680,1.0610,1.0670,12872748,13712054
2017-10-23,1.0660,1.0680,1.0590,1.0620,16734600,17767080
2017-10-24,1.0610,1.0740,1.0600,1.0710,35243200,37693445
2017-10-25,1.0710,1.0760,1.0670,1.0720,12098400,12967082
2017-10-26,1.0700,1.0870,1.0680,1.0760,29030100,31336681
2017-10-27,1.0760,1.0790,1.0640,1.0660,23121300,24774024
2017-10-30,1.0650,1.0650,1.0270,1.0410,66748553,69332441
2017-10-31,1.0390,1.0400,1.0300,1.0350,15782253,16330168
2017-11-01,1.0340,1.0430,1.0280,1.0290,35132300,36397802
2017-11-02,1.0300,1.0420,1.0210,1.0330,54762960,56492314
2017-11-03,1.0300,1.0320,1.0210,1.0310,41213119,42300950
2017-11-06,1.0280,1.0310,1.0220,1.0300,17005684,17454375
2017-11-07,1.0300,1.0480,1.0290,1.0440,45666500,47462749
2017-11-08,1.0440,1.0840,1.0400,1.0620,73245395,77999581
2017-11-09,1.0610,1.0680,1.0570,1.0640,12221100,12981523
2017-11-10,1.0650,1.0720,1.0560,1.0660,34336700,36525368
2017-11-13,1.0650,1.0770,1.0590,1.0600,25427884,27165542
2017-11-14,1.0580,1.0610,1.0470,1.0500,39358600,41456690
2017-11-15,1.0500,1.0550,1.0430,1.0460,24286500,25492486
2017-11-16,1.0450,1.0450,1.0270,1.0280,50715600,52536781
2017-11-17,1.0290,1.0390,1.0200,1.0360,71494900,73683104
2017-11-20,1.0310,1.0310,1.0120,1.0210,69834600,71240475
2017-11-21,1.0240,1.0760,1.0220,1.0620,206241300,218756936
2017-11-22,1.0600,1.0780,1.0580,1.0650,82609884,88203840
2017-11-23,1.0650,1.0790,1.0360,1.0400,44462100,47117083
2017-11-24,1.0360,1.0430,1.0300,1.0420,41044110,42468400
2017-11-27,1.0390,1.0500,1.0310,1.0400,83299247,86682714
2017-11-28,1.0400,1.0440,1.0320,1.0430,30952000,32096187
2017-11-29,1.0430,1.0440,1.0270,1.0410,43494500,45013374
2017-11-30,1.0390,1.0590,1.0340,1.0390,51115562,53576443
2017-12-01,1.0380,1.0450,1.0340,1.0360,43480400,45170115
2017-12-04,1.0350,1.0360,1.0220,1.0260,42418900,43580841
2017-12-05,1.0240,1.0410,1.0240,1.0360,70374200,72764943
2017-12-06,1.0350,1.0370,1.0240,1.0370,19759600,20343173
2017-12-07,1.0340,1.0360,1.0210,1.0220,36800200,37771957
2017-12-08,1.0230,1.0270,1.0190,1.0210,28824400,29463648
2017-12-11,1.0210,1.0250,1.0170,1.0230,45169500,46078723
2017-12-12,1.0220,1.0230,1.0040,1.0040,58915800,59656952
2017-12-13,1.0040,1.0100,0.9990,1.0060,33476700,33618204
2017-12-14,1.0060,1.0080,0.9880,0.9910,72698000,72266443
2017-12-15,0.9900,0.9910,0.9790,0.9820,59294600,58380668
2017-12-18,0.9820,0.9880,0.9750,0.9770,32302800,31645416
2017-12-19,0.9810,0.9840,0.9780,0.9800,40929000,40173763
2017-12-20,0.9820,0.9820,0.9620,0.9670,87133600,84518238
2017-12-21,0.9670,0.9800,0.9600,0.9730,71668900,69501215
2017-12-22,0.9730,0.9740,0.9630,0.9640,25082400,24307538
2017-12-25,0.9640,0.9660,0.9500,0.9510,42163600,40305051
2017-12-26,0.9510,0.9600,0.9500,0.9570,40472143,38641356
2017-12-27,0.9580,0.9580,0.9440,0.9470,31936610,30347131
2017-12-28,0.9460,0.9650,0.9420,0.9530,39446900,37673605
2017-12-29,0.9540,0.9580,0.9500,0.9530,32832500,31284758
2018-01-02,0.9560,0.9690,0.9530,0.9660,45872410,44187261
2018-01-03,0.9670,0.9860,0.9650,0.9810,59023210,57747307
2018-01-04,0.9810,0.9830,0.9740,0.9800,29521600,28876567
2018-01-05,0.9780,0.9900,0.9750,0.9830,43998310,43338652
2018-01-08,0.9830,1.0170,0.9810,1.0040,85643620,85728216
2018-01-09,1.0030,1.0090,0.9930,0.9960,37270810,37199837
2018-01-10,0.9970,1.0050,0.9850,0.9930,64368100,63942216
2018-01-11,0.9910,0.9920,0.9830,0.9890,40617200,40085901
2018-01-12,0.9890,0.9980,0.9850,0.9860,41740400,41351387
2018-01-15,0.9870,0.9880,0.9690,0.9700,66571700,65049917
2018-01-16,0.9690,0.9950,0.9670,0.9910,54058930,52818225
2018-01-17,0.9980,1.0520,0.9970,1.0270,200679124,206142702
2018-01-18,1.0280,1.0430,1.0220,1.0330,52498230,54323781
2018-01-19,1.0300,1.0770,1.0300,1.0610,93975800,99029698
2018-01-22,1.0560,1.0660,1.0450,1.0570,59195900,62362148
2018-01-23,1.0620,1.0720,1.0510,1.0610,78280900,83040588
2018-01-24,1.0670,1.1040,1.0540,1.0990,159088857,172401148
2018-01-25,1.0910,1.0950,1.0760,1.0770,75227872,81813415
2018-01-26,1.0760,1.0900,1.0750,1.0780,73054500,79121412
2018-01-29,1.0810,1.0870,1.0570,1.0600,69837192,74996995
2018-01-30,1.0610,1.0660,1.0440,1.0460,49340400,52031235
2018-01-31,1.0430,1.0440,1.0150,1.0230,93257000,96194590
2018-02-01,1.0250,1.0310,1.0000,1.0130,77087100,78460234
2018-02-02,1.0100,1.0130,0.9910,1.0100,67617400,67790479
2018-02-05,0.9940,1.0200,0.9910,1.0140,55918900,56078445
2018-02-06,0.9970,1.0030,0.9650,0.9670,83623400,82714452
2018-02-07,0.9840,0.9900,0.9540,0.9560,90347188,87690823
2018-02-08,0.9540,0.9630,0.9450,0.9510,79462098,75741289
2018-02-09,0.9310,0.9350,0.8680,0.8810,143747800,129233837
2018-02-12,0.8860,0.8900,0.8760,0.8770,80250000,70805937
2018-02-13,0.8860,0.9030,0.8850,0.8870,84063252,75040588
2018-02-14,0.8880,0.8890,0.8780,0.8850,48295100,42670112
2018-02-22,0.8950,0.9010,0.8890,0.8930,60213900,53894134
2018-02-23,0.8940,0.9070,0.8920,0.9000,72330800,65122111
2018-02-26,0.9060,0.9290,0.8970,0.9210,88619200,81022106
2018-02-27,0.9230,0.9240,0.9080,0.9130,49713600,45438150
2018-02-28,0.9020,0.9190,0.8940,0.9060,115726800,105046962
2018-03-01,0.9000,0.9110,0.8970,0.9090,57826900,52437453
2018-03-02,0.9020,0.9100,0.8990,0.9000,58065400,52509484
2018-03-05,0.9000,0.9060,0.8970,0.9000,40693076,36664866
2018-03-06,0.9060,0.9230,0.9020,0.9180,113391476,103614116
2018-03-07,0.9180,0.9230,0.9070,0.9080,63234233,57902289
2018-03-08,0.9100,0.9150,0.9070,0.9110,33382900,30390870
2018-03-09,0.9130,0.9300,0.9110,0.9260,106561176,98075721
2018-03-12,0.9340,0.9470,0.9290,0.9410,94092600,88230691
2018-03-13,0.9400,0.9400,0.9240,0.9250,57717300,53766455
2018-03-14,0.9200,0.9290,0.9170,0.9180,48084200,44354488
2018-03-15,0.9170,0.9200,0.9100,0.9150,71174400,65061100
2018-03-16,0.9150,0.9210,0.9040,0.9040,72365100,66119075
2018-03-19,0.9060,0.9120,0.8990,0.9050,48696400,44101830
2018-03-20,0.8980,0.9080,0.8960,0.9040,56883900,51233291
2018-03-21,0.9060,0.9280,0.9050,0.9080,127467400,117024858
2018-03-22,0.9080,0.9200,0.9040,0.9060,75155500,68568216
2018-03-23,0.8800,0.8860,0.8430,0.8560,153828700,133674312
2018-03-26,0.8490,0.8640,0.8410,0.8630,67737100,57730372
2018-03-27,0.8720,0.8790,0.8680,0.8750,64661300,56505789
2018-03-28,0.8660,0.8770,0.8600,0.8640,46203575,40161572
2018-03-29,0.8700,0.8870,0.8650,0.8850,71116400,62633436
2018-03-30,0.8890,0.8930,0.8840,0.8890,49982300,44401823
2018-04-02,0.8930,0.9160,0.8890,0.9000,96656999,87406107
2018-04-03,0.8900,0.9080,0.8860,0.9000,86287499,77415173
2018-04-04,0.9020,0.9110,0.8910,0.8910,67458399,60843814
2018-04-09,0.8890,0.8990,0.8850,0.8960,62757799,56047668
2018-04-10,0.8990,0.9150,0.8960,0.9120,97425900,88297643
2018-04-11,0.9110,0.9150,0.9050,0.9050,65994000,60007649
2018-04-12,0.9060,0.9140,0.8970,0.8990,72344000,65559375
2018-04-13,0.9040,0.9080,0.8900,0.8900,52561000,47155264
2018-04-16,0.8850,0.8900,0.8690,0.8700,79520800,69892358
2018-04-17,0.8710,0.8880,0.8700,0.8710,106751200,93804996
2018-04-18,0.8800,0.8850,0.8720,0.8820,73753500,64842981
2018-04-19,0.8840,0.8960,0.8820,0.8870,60140100,53503036
2018-04-20,0.8860,0.8860,0.8570,0.8580,84737700,73887706
2018-04-23,0.8600,0.8700,0.8590,0.8670,62493700,54020160
2018-04-24,0.8670,0.8900,0.8670,0.8900,84528300,74551304
2018-04-25,0.8850,0.8880,0.8820,0.8840,42290400,37427310
2018-04-26,0.8850,0.8880,0.8640,0.8660,49397100,43239839
2018-04-27,0.8710,0.8850,0.8680,0.8780,51471066,45163526
2018-05-02,0.8890,0.8930,0.8790,0.8820,58162700,51508530
2018-05-03,0.8810,0.9070,0.8800,0.9040,107051800,95916380
2018-05-04,0.9030,0.9050,0.8950,0.8960,70499900,63427943
2018-05-07,0.9030,0.9090,0.9010,0.9070,66748300,60412631
2018-05-08,0.9080,0.9120,0.9010,0.9120,77578600,70344784
2018-05-09,0.9080,0.9090,0.8990,0.9010,76516500,69054676
2018-05-10,0.9030,0.9070,0.8990,0.9060,76279100,68860800
2018-05-11,0.9070,0.9090,0.8950,0.8960,47744200,43003047
2018-05-14,0.8960,0.9040,0.8960,0.8980,42745200,38511510
2018-05-15,0.8990,0.9010,0.8880,0.8970,58862068,52572780
2018-05-16,0.8930,0.8940,0.8850,0.8860,68741668,61143100
2018-05-17,0.8860,0.8880,0.8760,0.8780,67482200,59563412
2018-05-18,0.8790,0.8900,0.8780,0.8890,65540427,57948308
2018-05-21,0.8940,0.9010,0.8930,0.8960,63785127,57186664
2018-05-22,0.8970,0.8970,0.8840,0.8890,88739092,78770631
2018-05-23,0.8870,0.8890,0.8780,0.8790,61673611,54484897
2018-05-24,0.8800,0.8820,0.8710,0.8720,54625700,47889127
2018-05-25,0.8720,0.8750,0.8640,0.8650,63072447,54824969
2018-05-28,0.8650,0.8700,0.8600,0.8640,52407832,45295898
2018-05-29,0.8630,0.8640,0.8480,0.8480,80615132,68874613
2018-05-30,0.8410,0.8430,0.8170,0.8190,126436300,105060562
2018-05-31,0.8250,0.8300,0.8200,0.8290,51071300,42162624
2018-06-01,0.8260,0.8440,0.8220,0.8340,85121710,70924704
2018-06-04,0.8350,0.8380,0.8300,0.8310,34024210,28350311
2018-06-05,0.8320,0.8350,0.8230,0.8350,68255032,56661083
2018-06-06,0.8320,0.8380,0.8260,0.8330,88821300,73829815
2018-06-07,0.8360,0.8510,0.8340,0.8380,102139832,86133981
2018-06-08,0.8350,0.8370,0.8140,0.8190,105201300,86528224
2018-06-11,0.8160,0.8260,0.8140,0.8220,46675900,38333819
2018-06-12,0.8220,0.8250,0.8150,0.8240,43609088,35835690
2018-06-13,0.8220,0.8230,0.8100,0.8100,64441200,52548254
2018-06-14,0.8100,0.8210,0.8080,0.8140,70101032,57108314
2018-06-15,0.8140,0.8180,0.8040,0.8070,87182915,70630932
2018-06-19,0.8000,0.8000,0.7370,0.7470,227387900,174661533
2018-06-20,0.7460,0.7540,0.7330,0.7470,106429100,79465253
2018-06-21,0.7480,0.7490,0.7220,0.7220,119473000,88021791
2018-06-22,0.7200,0.7350,0.7160,0.7340,89782100,65328165
2018-06-25,0.7390,0.7390,0.7240,0.7250,62588800,45867242
2018-06-26,0.7170,0.7360,0.7160,0.7320,55192673,40129449
2018-06-27,0.7300,0.7330,0.7200,0.7270,54559241,39603510
2018-06-28,0.7260,0.7520,0.7240,0.7340,100443041,74258488
2018-06-29,0.7350,0.7550,0.7340,0.7520,77975800,58171886
2018-07-02,0.7500,0.7500,0.7260,0.7330,93477300,69087181
2018-07-03,0.7330,0.7440,0.7280,0.7440,82223200,60569637
2018-07-04,0.7430,0.7430,0.7310,0.7330,57497700,42311616
2018-07-05,0.7340,0.7430,0.7240,0.7240,67540800,49467254
2018-07-06,0.7240,0.7420,0.7120,0.7320,118722600,86332072
2018-07-09,0.7320,0.7440,0.7300,0.7440,81779493,60528414
2018-07-10,0.7450,0.7460,0.7370,0.7430,60366800,44754386
2018-07-11,0.7300,0.7300,0.7140,0.7200,101918600,73672746
2018-07-12,0.7220,0.7460,0.7200,0.7410,112774600,83099906
2018-07-13,0.7420,0.7430,0.7360,0.7390,54103400,40027858
2018-07-16,0.7430,0.7440,0.7340,0.7370,59974900,44290411
2018-07-17,0.7370,0.7370,0.7270,0.7320,84735200,62057359
2018-07-18,0.7330,0.7380,0.7260,0.7270,57296100,41975495
2018-07-19,0.7270,0.7330,0.7210,0.7240,55108900,40012790
2018-07-20,0.7230,0.7500,0.7210,0.7460,132911200,97965660
2018-07-23,0.7410,0.7600,0.7380,0.7570,164094000,123208307
2018-07-24,0.7560,0.7800,0.7550,0.7710,152346700,117472571
2018-07-25,0.7710,0.7710,0.7620,0.7640,92107600,70493459
2018-07-26,0.7650,0.7690,0.7570,0.7600,58433700,44535889
2018-07-27,0.7570,0.7620,0.7530,0.7540,57100400,43199069
2018-07-30,0.7540,0.7600,0.7470,0.7500,71174500,53577921
2018-07-31,0.7490,0.7550,0.7470,0.7520,40698000,30545721
2018-08-01,0.7530,0.7600,0.7350,0.7370,68944400,51574288
2018-08-02,0.7350,0.7350,0.7060,0.7140,143698100,103236948
2018-08-03,0.7130,0.7190,0.7070,0.7080,53084934,37850652
2018-08-06,0.7100,0.7180,0.6980,0.7010,101481434,71779236
2018-08-07,0.7020,0.7220,0.7000,0.7210,80372034,57076555
2018-08-08,0.7190,0.7190,0.7090,0.7090,55653000,39748889
2018-08-09,0.7090,0.7260,0.7070,0.7240,70782500,51019710
2018-08-10,0.7220,0.7260,0.7170,0.7240,37966800,27415488
2018-08-13,0.7170,0.7220,0.7100,0.7210,89218500,63860047
2018-08-14,0.7180,0.7210,0.7150,0.7160,45350000,32535707
2018-08-15,0.7170,0.7180,0.7030,0.7030,70933200,50335322
2018-08-16,0.6980,0.7220,0.6940,0.7110,126044678,89330306
2018-08-17,0.7150,0.7190,0.7020,0.7040,71722034,51092792
2018-08-20,0.7050,0.7150,0.7030,0.7140,49607000,35229451
2018-08-21,0.7150,0.7230,0.7120,0.7200,63175300,45430597
2018-08-22,0.7190,0.7190,0.7140,0.7160,31593800,22631503
2018-08-23,0.7160,0.7270,0.7120,0.7220,61082800,43966054
2018-08-24,0.7200,0.7320,0.7160,0.7250,55422500,40142100
2018-08-27,0.7260,0.7360,0.7250,0.7350,65603400,47995658
2018-08-28,0.7340,0.7370,0.7290,0.7320,51089600,37406903
2018-08-29,0.7300,0.7310,0.7240,0.7260,58936500,42840036
2018-08-30,0.7240,0.7280,0.7160,0.7170,62262100,44913366
2018-08-31,0.7160,0.7220,0.7140,0.7170,55975200,40199325
2018-09-03,0.7170,0.7190,0.7100,0.7170,48576200,34717884
2018-09-04,0.7170,0.7250,0.7130,0.7230,119764400,86308289
2018-09-05,0.7210,0.7220,0.7110,0.7120,74087000,53168364
2018-09-06,0.7100,0.7150,0.7080,0.7090,44840400,31884711
2018-09-07,0.7100,0.7190,0.7070,0.7110,67804000,48255759
2018-09-10,0.7080,0.7090,0.6880,0.6880,122783100,85481195
2018-09-11,0.6890,0.6960,0.6870,0.6920,72043132,49777195
2018-09-12,0.6910,0.7010,0.6900,0.6950,94639900,65882449
2018-09-13,0.7010,0.7060,0.6970,0.7040,63402300,44465331
2018-09-14,0.7060,0.7070,0.6990,0.7000,73505885,51629519
2018-09-17,0.6970,0.7030,0.6950,0.6980,40994227,28665932
2018-09-18,0.6990,0.7120,0.6970,0.7110,86292542,60845890
2018-09-19,0.7100,0.7210,0.7090,0.7160,74681974,53426215
2018-09-20,0.7170,0.7200,0.7130,0.7150,47769148,34210066
2018-09-21,0.7150,0.7320,0.7120,0.7320,85411526,61767900
2018-09-25,0.7240,0.7270,0.7200,0.7240,55150206,39887525
2018-09-26,0.7250,0.7350,0.7220,0.7260,95100800,69321254
2018-09-27,0.7240,0.7270,0.7210,0.7220,41987500,30383337
2018-09-28,0.7230,0.7310,0.7230,0.7290,78842580,57368339
2018-10-08,0.7170,0.7200,0.7000,0.7020,104569328,74276481
2018-10-09,0.7020,0.7060,0.6980,0.7000,58273700,40883524
2018-10-10,0.7000,0.7050,0.6980,0.7020,47513000,33339915
2018-10-11,0.6870,0.6870,0.6440,0.6490,215828231,144103388
2018-10-12,0.6490,0.6500,0.6310,0.6400,202300500,129711009
2018-10-15,0.6420,0.6460,0.6300,0.6310,105596000,67478772
2018-10-16,0.6330,0.6420,0.6220,0.6240,102981200,65070704
2018-10-17,0.6330,0.6370,0.6220,0.6330,95289400,60143336
2018-10-18,0.6320,0.6340,0.6220,0.6230,108305700,68024040
2018-10-19,0.6130,0.6450,0.6130,0.6410,149419900,94428894
2018-10-22,0.6510,0.7050,0.6510,0.7050,270374908,185152991
2018-10-23,0.7340,0.7380,0.6970,0.7060,333156074,240465085
2018-10-24,0.6930,0.7430,0.6920,0.7220,293982504,211431335
2018-10-25,0.6960,0.7520,0.6930,0.7500,346162086,251360103
2018-10-26,0.7510,0.7520,0.7250,0.7300,243175610,179438086
2018-10-29,0.7290,0.7410,0.7170,0.7230,143721100,104869619
2018-10-30,0.7230,0.7780,0.7140,0.7610,310666100,232997582
2018-10-31,0.7540,0.7630,0.7390,0.7520,238508180,179184196
2018-11-01,0.7580,0.7990,0.7560,0.7590,335566472,260738534
2018-11-02,0.7820,0.7960,0.7630,0.7780,231941590,179708413
2018-11-05,0.7730,0.7810,0.7620,0.7780,241538500,187222106
2018-11-06,0.7750,0.7880,0.7640,0.7710,246025590,190633231
2018-11-07,0.7680,0.7700,0.7550,0.7590,208600279,158976096
2018-11-08,0.7650,0.7680,0.7430,0.7440,263038700,198518890
2018-11-09,0.7410,0.7550,0.7390,0.7450,150919470,112949153
2018-11-12,0.7480,0.7610,0.7440,0.7590,149214555,112512770
2018-11-13,0.7500,0.7940,0.7490,0.7810,360448807,278191534
2018-11-14,0.7760,0.7840,0.7650,0.7670,331307430,256208210
2018-11-15,0.7660,0.7920,0.7650,0.7900,346050511,270261797
2018-11-16,0.7910,0.8280,0.7870,0.8100,505851950,409110194
2018-11-19,0.8040,0.8420,0.8040,0.8340,480735592,396757713
2018-11-20,0.8260,0.8340,0.7940,0.7950,302727069,246430183
2018-11-21,0.7880,0.8050,0.7820,0.7980,491227413,390558501
2018-11-22,0.8010,0.8030,0.7770,0.7890,249348013,196866406
2018-11-23,0.7890,0.7970,0.7600,0.7640,264053109,205077241
2018-11-26,0.7640,0.7730,0.7540,0.7610,172796300,131990166
2018-11-27,0.7660,0.7720,0.7570,0.7650,167524270,128267909
2018-11-28,0.7610,0.7860,0.7590,0.7850,343660600,266781267
2018-11-29,0.7880,0.7940,0.7560,0.7590,264783600,205558871
2018-11-30,0.7550,0.7720,0.7480,0.7690,242846428,184155160
2018-12-03,0.8040,0.8120,0.7880,0.7940,435234868,347694343
2018-12-04,0.7900,0.8000,0.7870,0.7980,195846347,155778436
2018-12-05,0.7860,0.7980,0.7840,0.7910,210420068,166385664
2018-12-06,0.7810,0.7820,0.7650,0.7680,225642615,174448251
2018-12-07,0.7730,0.7780,0.7690,0.7710,142273800,110049525
2018-12-10,0.7650,0.7680,0.7550,0.7600,139176063,105920294
2018-12-11,0.7630,0.7660,0.7580,0.7640,100248733,76318088
2018-12-12,0.7670,0.7770,0.7640,0.7660,154668833,119009638
2018-12-13,0.7670,0.7830,0.7600,0.7750,189591623,146497010
2018-12-14,0.7720,0.7740,0.7510,0.7520,181094300,137810487
2018-12-17,0.7510,0.7590,0.7450,0.7570,158067368,118937793
2018-12-18,0.7530,0.7580,0.7400,0.7420,202848200,151304000
2018-12-19,0.7450,0.7470,0.7350,0.7360,113786500,84345505
2018-12-20,0.7350,0.7480,0.7300,0.7430,285979098,211873555
2018-12-21,0.7400,0.7420,0.7230,0.7290,191643300,140340350
2018-12-24,0.7270,0.7330,0.7200,0.7250,136930600,99253362
2018-12-25,0.7170,0.7170,0.6950,0.7080,184594900,130024370
2018-12-26,0.7070,0.7120,0.7000,0.7030,87383215,61613072
2018-12-27,0.7160,0.7170,0.7000,0.7000,124098600,88248266
2018-12-28,0.7050,0.7250,0.7050,0.7170,208270353,149126448
2019-01-02,0.7190,0.7190,0.7080,0.7140,97459200,69475072
2019-01-03,0.7120,0.7450,0.7120,0.7290,231008800,169554867
2019-01-04,0.7220,0.7950,0.7220,0.7840,649016408,496076660
2019-01-07,0.7840,0.7910,0.7740,0.7810,467941765,365839569
2019-01-08,0.7790,0.7940,0.7710,0.7820,300431625,235469364
2019-01-09,0.7850,0.7990,0.7800,0.7860,430922306,339932258
2019-01-10,0.7850,0.7880,0.7710,0.7730,293292721,228938895
2019-01-11,0.7750,0.7880,0.7720,0.7790,288377521,224598752
2019-01-14,0.7850,0.7880,0.7750,0.7770,137840391,107577864
2019-01-15,0.7770,0.8030,0.7760,0.7980,362328131,286610002
2019-01-16,0.7970,0.7980,0.7850,0.7890,206989260,163763157
2019-01-17,0.7910,0.7960,0.7800,0.7810,193915464,152552250
2019-01-18,0.7820,0.7930,0.7800,0.7910,149039300,117298418
2019-01-21,0.7920,0.7980,0.7820,0.7870,247123423,195210961
2019-01-22,0.7830,0.7880,0.7720,0.7740,159001900,124081647
2019-01-23,0.7730,0.7790,0.7700,0.7730,108533300,84068599
2019-01-24,0.7750,0.7950,0.7740,0.7860,273148000,214544813
2019-01-25,0.7840,0.7920,0.7830,0.7850,186449800,146753981
2019-01-28,0.7910,0.8000,0.7770,0.7800,219571558,173157502
2019-01-29,0.7780,0.7800,0.7600,0.7740,217151449,167442772
2019-01-30,0.7700,0.7760,0.7630,0.7640,143924700,111079807
2019-01-31,0.7680,0.7820,0.7670,0.7730,253447546,196166478
2019-02-01,0.7840,0.7950,0.7820,0.7940,272367981,215111032
2019-02-11,0.7970,0.8090,0.7860,0.8080,223231756,178565297
2019-02-12,0.8070,0.8190,0.8010,0.8140,232790056,188804145
2019-02-13,0.8130,0.8430,0.8070,0.8410,521779400,433439198
2019-02-14,0.8380,0.8450,0.8320,0.8400,316094600,265145655
2019-02-15,0.8350,0.8400,0.8170,0.8200,405842991,336945439
2019-02-18,0.8290,0.8710,0.8290,0.8680,576965500,490778360
2019-02-19,0.8720,0.9020,0.8620,0.8750,838405061,738486913
2019-02-20,0.8740,0.8880,0.8660,0.8780,513622474,449657097
2019-02-21,0.8730,0.9170,0.8660,0.8830,705490118,628323358
2019-02-22,0.8910,0.9710,0.8800,0.9710,1192371086,1101853001
2019-02-25,1.0220,1.0680,1.0020,1.0680,1417410138,1471834709
2019-02-26,1.0850,1.1190,1.0400,1.0440,1738491617,1879980765
2019-02-27,1.0350,1.0730,1.0100,1.0360,1149234983,1197522958
2019-02-28,1.0270,1.0290,0.9900,1.0040,1066938272,1074781201
2019-03-01,1.0130,1.0470,0.9970,1.0380,1053956538,1078977682
2019-03-04,1.0500,1.1010,1.0180,1.0440,1221807768,1286268222
2019-03-05,1.0280,1.0480,1.0250,1.0430,675774389,699952200
2019-03-06,1.0450,1.1290,1.0400,1.1020,1125440860,1204920416
2019-03-07,1.1110,1.1850,1.0900,1.1530,1340284179,1514270793
2019-03-08,1.0800,1.1130,1.0390,1.0400,1364251344,1473995167
2019-03-11,1.0410,1.0750,1.0150,1.0560,1075224256,1125528197
2019-03-12,1.0670,1.0980,1.0570,1.0710,981797869,1058867436
2019-03-13,1.0710,1.0760,1.0360,1.0500,849551172,897105981
2019-03-14,1.0380,1.0570,1.0030,1.0140,858049954,884080941
2019-03-15,1.0260,1.0480,1.0150,1.0290,755904147,779821913
2019-03-18,1.0290,1.0560,1.0080,1.0540,746204716,770066753
2019-03-19,1.0550,1.0590,1.0360,1.0420,567694881,595419790
2019-03-20,1.0390,1.0710,1.0340,1.0610,826397600,871116983
2019-03-21,1.0620,1.0990,1.0490,1.0710,992549422,1068137494
2019-03-22,1.0670,1.0760,1.0420,1.0610,734014027,776872465
2019-03-25,1.0400,1.0540,1.0180,1.0220,631737266,655205868
2019-03-26,1.0290,1.0320,0.9830,0.9890,870977884,876724285
2019-03-27,0.9990,1.0060,0.9860,0.9950,700439356,697980994
2019-03-28,0.9870,1.0090,0.9770,0.9880,679374338,674542666
2019-03-29,0.9920,1.0800,0.9910,1.0770,1379225097,1431120516
2019-04-01,1.0790,1.1060,1.0580,1.0880,1429697323,1546531575
2019-04-02,1.0900,1.1110,1.0750,1.0810,1024640866,1121574310
2019-04-03,1.0750,1.1420,1.0690,1.1360,1516277214,1675691855
2019-04-04,1.1410,1.1510,1.1200,1.1380,1114083973,1264494992
2019-04-08,1.1450,1.1530,1.0920,1.1140,1025025633,1148432607
2019-04-09,1.1100,1.1280,1.0900,1.1130,827732007,917698045
2019-04-10,1.1110,1.1170,1.0710,1.0940,1012882975,1104459515
2019-04-11,1.0880,1.0950,1.0700,1.0730,728909051,788169339
2019-04-12,1.0700,1.0890,1.0670,1.0770,702628915,756942820
2019-04-15,1.1010,1.1080,1.0500,1.0530,742338525,802661705
2019-04-16,1.0450,1.0830,1.0320,1.0820,970020644,1027294673
2019-04-17,1.0760,1.0860,1.0690,1.0740,561670834,604780092
2019-04-18,1.0710,1.0810,1.0620,1.0650,365859824,392033205
2019-04-19,1.0690,1.0850,1.0640,1.0800,512105069,550627795
2019-04-22,1.0920,1.0960,1.0480,1.0520,592416443,632076743
2019-04-23,1.0470,1.0830,1.0420,1.0590,642089530,682452674
2019-04-24,1.0580,1.0720,1.0520,1.0690,517370209,550544266
2019-04-25,1.0640,1.0800,1.0350,1.0360,682368186,723234834
2019-04-26,1.0300,1.0610,1.0280,1.0450,759932037,794509995
2019-04-29,1.0430,1.0450,0.9960,1.0000,1308209059,1322417310
2019-04-30,1.0010,1.0130,0.9990,1.0040,449031791,451590097
2019-05-06,0.9520,0.9660,0.9040,0.9050,972255679,908331781
2019-05-07,0.9160,0.9280,0.8950,0.9230,809280913,740937981
2019-05-08,0.9050,0.9260,0.8980,0.9100,540320592,492623301
2019-05-09,0.9000,0.9160,0.8960,0.8960,563096176,508948561
2019-05-10,0.9110,0.9400,0.8950,0.9380,978905213,905979980
2019-05-13,0.9210,0.9270,0.9120,0.9160,351290680,323149298
2019-05-14,0.9070,0.9250,0.9050,0.9070,433085406,396089048
2019-05-15,0.9150,0.9250,0.9120,0.9210,431194910,396019285
2019-05-16,0.9180,0.9260,0.9130,0.9250,337413914,310673197
2019-05-17,0.9250,0.9300,0.8770,0.8850,708300219,637619462
2019-05-20,0.8810,0.9050,0.8760,0.8930,535848721,476543795
2019-05-21,0.8900,0.9150,0.8890,0.9060,425739983,385048088
2019-05-22,0.9080,0.9100,0.8910,0.8960,295694270,266263871
2019-05-23,0.8910,0.9110,0.8870,0.8940,415671287,373539037
2019-05-24,0.8940,0.9040,0.8900,0.8940,250437196,224689345
2019-05-27,0.8940,0.9240,0.8900,0.9200,621177351,566286019
2019-05-28,0.9160,0.9290,0.9100,0.9160,421097313,386558480
2019-05-29,0.9120,0.9280,0.9100,0.9170,374740400,344035100
2019-05-30,0.9120,0.9130,0.8970,0.9040,387306593,349531552
2019-05-31,0.9020,0.9110,0.8990,0.8990,318869300,288390231
2019-06-03,0.9060,0.9180,0.8960,0.8990,413632114,374508424
2019-06-04,0.8980,0.9000,0.8900,0.8950,345870600,309612183
2019-06-05,0.9060,0.9160,0.9000,0.9040,501089530,454668581
2019-06-06,0.9020,0.9110,0.8930,0.8950,481250495,434315437
2019-06-10,0.8950,0.8970,0.8640,0.8830,535301313,470538036
2019-06-11,0.8830,0.9330,0.8820,0.9310,1008049124,921812857
2019-06-12,0.9250,0.9320,0.9160,0.9160,514311441,474080926
2019-06-13,0.9170,0.9320,0.9150,0.9250,552263164,510403894
2019-06-14,0.9240,0.9290,0.9050,0.9060,436285446,400189858
2019-06-17,0.9060,0.9170,0.9040,0.9120,322198942,293756442
2019-06-18,0.9130,0.9160,0.9010,0.9120,306301699,278710797
2019-06-19,0.9650,0.9760,0.9300,0.9310,991921491,941940389
2019-06-20,0.9310,1.0080,0.9280,0.9880,1554212041,1510640498
2019-06-21,0.9970,1.0110,0.9890,1.0010,1148073386,1149195925
2019-06-24,1.0150,1.0170,0.9930,0.9980,636824981,639262634
2019-06-25,0.9950,1.0060,0.9710,0.9990,946220415,937835825
2019-06-26,0.9800,0.9890,0.9710,0.9780,546230362,535390113
2019-06-27,0.9830,1.0090,0.9820,0.9910,864776106,861928666
2019-06-28,0.9900,0.9950,0.9800,0.9900,585660210,578135284
2019-07-01,1.0210,1.0250,1.0070,1.0120,917644020,930700748
2019-07-02,1.0110,1.0110,0.9990,1.0020,521904344,523520951
2019-07-03,0.9990,0.9990,0.9790,0.9840,630093742,620757508
2019-07-04,0.9840,0.9980,0.9780,0.9850,466509189,460218579
2019-07-05,0.9850,0.9890,0.9770,0.9850,405680653,398870170
2019-07-08,0.9800,0.9840,0.9510,0.9580,683076704,661082614
2019-07-09,0.9590,0.9690,0.9500,0.9650,506070986,485977523
2019-07-10,0.9680,0.9750,0.9590,0.9630,399052592,385762748
2019-07-11,0.9680,0.9790,0.9550,0.9640,486094602,470663434
2019-07-12,0.9620,0.9720,0.9550,0.9680,414287598,400442436
2019-07-15,0.9620,1.0010,0.9550,0.9860,848487678,830434563
2019-07-16,0.9820,0.9880,0.9800,0.9830,339705237,334114957
2019-07-17,0.9800,0.9890,0.9780,0.9790,392782531,385740598
2019-07-18,0.9730,0.9750,0.9660,0.9670,381902540,370675733
2019-07-19,0.9710,0.9920,0.9710,0.9860,606231536,596064939
2019-07-22,0.9900,0.9930,0.9630,0.9650,607584701,590503176
2019-07-23,0.9650,0.9730,0.9630,0.9680,264294734,255827876
2019-07-24,0.9730,0.9860,0.9720,0.9770,436704348,427523526
2019-07-25,0.9750,0.9810,0.9700,0.9800,350297924,341820536
2019-07-26,0.9750,0.9780,0.9720,0.9760,308458958,300730551
2019-07-29,0.9750,0.9750,0.9580,0.9600,517236248,498424141
2019-07-30,0.9620,0.9800,0.9610,0.9700,594719535,577946289
2019-07-31,0.9680,0.9680,0.9620,0.9650,287922800,277652987
2019-08-01,0.9600,0.9640,0.9500,0.9510,508390909,485490722
2019-08-02,0.9260,0.9310,0.9170,0.9230,685041862,632849319
2019-08-05,0.9170,0.9240,0.9030,0.9040,561513515,512589484
2019-08-06,0.8850,0.9080,0.8710,0.8970,1051954000,934000802
2019-08-07,0.8990,0.9010,0.8820,0.8830,418379849,372446868
2019-08-08,0.9060,0.9110,0.8920,0.8940,694936419,625534833
2019-08-09,0.9000,0.9010,0.8830,0.8840,448519606,400032731
2019-08-12,0.8930,0.9040,0.8930,0.9040,568291068,510657547
2019-08-13,0.8950,0.8960,0.8900,0.8930,280017687,250173853
2019-08-14,0.9080,0.9090,0.8940,0.8960,386663400,348935132
2019-08-15,0.8770,0.8960,0.8710,0.8930,570330238,503636796
2019-08-16,0.8920,0.9100,0.8900,0.8980,496031295,446733763
2019-08-19,0.9100,0.9610,0.9050,0.9600,1299469622,1213916371
2019-08-20,0.9560,0.9640,0.9480,0.9510,513292403,490442506
2019-08-21,0.9490,0.9550,0.9450,0.9480,294625508,279553034
2019-08-22,0.9500,0.9520,0.9390,0.9460,309099379,292086569
2019-08-23,0.9460,0.9560,0.9380,0.9420,438392949,414808683
2019-08-26,0.9240,0.9340,0.9220,0.9290,459761428,426554666
2019-08-27,0.9340,0.9610,0.9320,0.9440,601550451,570546724
2019-08-28,0.9410,0.9430,0.9320,0.9340,328334261,307287363
2019-08-29,0.9350,0.9360,0.9270,0.9280,292453100,272201301
2019-08-30,0.9360,0.9450,0.9200,0.9240,503635300,469435710
2019-09-02,0.9240,0.9490,0.9240,0.9440,644607462,605870710
2019-09-03,0.9440,0.9490,0.9390,0.9450,471010213,444369661
2019-09-04,0.9440,0.9690,0.9420,0.9640,911044662,872805450
2019-09-05,0.9770,1.0240,0.9760,0.9900,1428093090,1428798554
2019-09-06,1.0000,1.0050,0.9880,0.9990,711623222,708731366
2019-09-09,1.0170,1.0240,1.0040,1.0130,925447445,938761414
2019-09-10,1.0110,1.0230,0.9960,1.0140,768243476,774621051
2019-09-11,1.0300,1.0390,1.0140,1.0210,1061579923,1089939726
2019-09-12,1.0260,1.0390,1.0150,1.0370,653981951,672549149
2019-09-16,1.0390,1.0390,1.0160,1.0230,565565068,581237546
2019-09-17,1.0160,1.0190,0.9900,0.9930,865305406,867307497
2019-09-18,0.9960,0.9980,0.9850,0.9870,481729898,477317793
2019-09-19,0.9910,0.9950,0.9830,0.9940,464751604,459848306
2019-09-20,0.9930,0.9940,0.9800,0.9860,577467500,570160088
2019-09-23,0.9810,0.9810,0.9670,0.9730,653733050,635480364
2019-09-24,0.9760,0.9890,0.9700,0.9760,651416653,637745796
2019-09-25,0.9700,0.9800,0.9650,0.9700,561470102,545317342
2019-09-26,0.9730,0.9770,0.9550,0.9570,702996119,678606714
2019-09-27,0.9570,0.9640,0.9550,0.9620,437348878,419696683
2019-09-30,0.9610,0.9630,0.9400,0.9410,455860000,434292989
2019-10-08,0.9410,0.9460,0.9310,0.9340,408999765,383840788
2019-10-09,0.9290,0.9370,0.9240,0.9360,410476333,382056154
2019-10-10,0.9370,0.9450,0.9340,0.9440,466923101,439519565
2019-10-11,0.9460,0.9680,0.9380,0.9600,900009459,859113227
2019-10-14,0.9750,0.9890,0.9680,0.9750,957999621,937950874
2019-10-15,0.9730,0.9740,0.9620,0.9640,346196414,334445858
2019-10-16,0.9670,0.9760,0.9560,0.9570,446358669,430987601
2019-10-17,0.9560,0.9630,0.9500,0.9550,325070073,310749977
2019-10-18,0.9560,0.9570,0.9310,0.9320,671704750,632967135
2019-10-21,0.9260,0.9260,0.9130,0.9230,534452615,491511652
2019-10-22,0.9250,0.9300,0.9200,0.9280,370395231,342695786
2019-10-23,0.9290,0.9320,0.9190,0.9190,323452086,299005380
2019-10-24,0.9210,0.9320,0.9180,0.9250,441969554,408825284
2019-10-25,0.9240,0.9370,0.9200,0.9370,613148635,569940839
2019-10-28,0.9410,0.9530,0.9340,0.9500,609178059,575078729
2019-10-29,0.9480,0.9490,0.9300,0.9310,550724307,516656249
2019-10-30,0.9270,0.9310,0.9190,0.9210,525670621,485646584
2019-10-31,0.9220,0.9280,0.9180,0.9200,363350672,335070781
2019-11-01,0.9190,0.9360,0.9160,0.9330,557073732,516693911
2019-11-04,0.9340,0.9410,0.9310,0.9340,478726565,447980308
2019-11-05,0.9360,0.9550,0.9340,0.9470,962885981,911281761
2019-11-06,0.9470,0.9470,0.9340,0.9370,425202055,400009106
2019-11-07,0.9350,0.9470,0.9340,0.9410,597131531,561636896
2019-11-08,0.9490,0.9520,0.9280,0.9280,711932026,669532327
2019-11-11,0.9260,0.9260,0.9100,0.9110,807611900,741741087
2019-11-12,0.9110,0.9160,0.9060,0.9130,446287099,406612460
2019-11-13,0.9100,0.9120,0.9020,0.9050,417267454,378335376
2019-11-14,0.9050,0.9120,0.9020,0.9070,462245913,419051772
2019-11-15,0.9050,0.9090,0.8950,0.8960,566535210,510280327
2019-11-18,0.8940,0.9100,0.8930,0.9070,562639436,509231092
2019-11-19,0.9050,0.9150,0.9050,0.9140,532599398,484629617
2019-11-20,0.9120,0.9130,0.8980,0.9000,497905492,451244374
2019-11-21,0.8950,0.9040,0.8930,0.9000,430347029,387247459
2019-11-22,0.9010,0.9100,0.8940,0.8990,525415439,473528190
2019-11-25,0.8980,0.9040,0.8930,0.9030,376390484,338156069
2019-11-26,0.9040,0.9060,0.8970,0.8990,273885289,246578993
2019-11-27,0.8980,0.9000,0.8940,0.8950,304388300,272784403
2019-11-28,0.8940,0.8990,0.8920,0.8950,296155726,265008550
2019-11-29,0.8940,0.9040,0.8930,0.8980,469923500,422335845
2019-12-02,0.9110,0.9160,0.9040,0.9040,666385237,606297877
2019-12-03,0.9000,0.9100,0.8980,0.9100,478587214,432883890
2019-12-04,0.9050,0.9080,0.9030,0.9070,324270164,293653978
2019-12-05,0.9100,0.9230,0.9100,0.9210,855951053,785402346
2019-12-06,0.9220,0.9270,0.9170,0.9260,543803117,501622800
2019-12-09,0.9290,0.9300,0.9220,0.9240,411545597,380804624
2019-12-10,0.9210,0.9250,0.9160,0.9230,365133027,336197447
2019-12-11,0.9250,0.9330,0.9200,0.9240,577551150,534754497
2019-12-12,0.9230,0.9250,0.9170,0.9190,443039383,408012277
2019-12-13,0.9330,0.9630,0.9300,0.9570,1778612812,1678364001
2019-12-16,0.9570,0.9760,0.9480,0.9690,1513889812,1455029483
2019-12-17,0.9700,1.0260,0.9650,0.9990,1896030522,1885222035
2019-12-18,0.9970,1.0150,0.9930,0.9980,1457653754,1463243621
2019-12-19,0.9960,1.0020,0.9870,0.9930,1073191184,1066912796
2019-12-20,0.9970,1.0210,0.9950,1.0000,1678102072,1691121090
2019-12-23,0.9970,1.0100,0.9700,0.9720,1442284273,1429068874
2019-12-24,0.9750,0.9840,0.9700,0.9830,848032406,828122521
2019-12-25,0.9770,0.9960,0.9730,0.9850,942237371,925893091
2019-12-26,0.9840,1.0100,0.9820,1.0080,1223128006,1215654442
2019-12-27,1.0100,1.0240,0.9870,0.9890,1558966648,1573271367
2019-12-30,0.9830,1.0540,0.9800,1.0460,2219702870,2272345371
2019-12-31,1.0410,1.0500,1.0310,1.0400,1315452754,1369125300
2020-01-02,1.0610,1.0670,1.0450,1.0490,1395811390,1474289709
2020-01-03,1.0470,1.0570,1.0400,1.0450,1060671074,1111262359
2020-01-06,1.0370,1.0680,1.0320,1.0450,1328032835,1391825750
2020-01-07,1.0480,1.0590,1.0370,1.0530,1099468288,1151244030
2020-01-08,1.0430,1.0430,1.0170,1.0210,1852387823,1910873885
2020-01-09,1.0360,1.0440,1.0300,1.0360,1071229099,1110250800
2020-01-10,1.0520,1.0550,1.0300,1.0380,1119346534,1167206439
2020-01-13,1.0310,1.0510,1.0190,1.0500,1627089539,1681039995
2020-01-14,1.0510,1.0540,1.0350,1.0360,1174246379,1228355471
2020-01-15,1.0330,1.0400,1.0280,1.0310,850667929,878638296
2020-01-16,1.0340,1.0340,1.0250,1.0260,671749447,691366396
2020-01-17,1.0300,1.0460,1.0290,1.0310,1180433639,1223348986
2020-01-20,1.0310,1.0480,1.0260,1.0460,1071849303,1113824300
2020-01-21,1.0400,1.0470,1.0260,1.0280,1115706898,1155100122
2020-01-22,1.0200,1.0420,1.0030,1.0350,1591216324,1625051351
2020-01-23,1.0200,1.0250,0.9820,0.9940,1767009605,1776972279
2020-02-03,0.8950,0.8990,0.8950,0.8950,873652000,782087956
2020-02-04,0.8750,0.8990,0.8710,0.8920,2764857798,2450376171
2020-02-05,0.8960,0.9280,0.8880,0.9050,2083951097,1887759211
2020-02-06,0.9020,0.9350,0.8950,0.9280,1929203568,1767315174
2020-02-07,0.9200,0.9350,0.9170,0.9290,1453968657,1346519490
2020-02-10,0.9220,0.9450,0.9210,0.9380,1371475760,1283555739
2020-02-11,0.9450,0.9590,0.9360,0.9370,1640557560,1550498946
2020-02-12,0.9330,0.9570,0.9330,0.9530,1331651293,1259504042
2020-02-13,0.9500,0.9570,0.9330,0.9370,1102893398,1039313776
2020-02-14,0.9340,0.9650,0.9330,0.9540,1745827711,1660758938
2020-02-17,0.9800,1.0070,0.9700,1.0040,2256825685,2224697191
2020-02-18,1.0030,1.0070,0.9880,0.9970,1354257879,1349768722
2020-02-19,0.9960,1.0200,0.9930,0.9990,1611729191,1625513594
2020-02-20,1.0000,1.0690,1.0000,1.0680,2646199005,2729011598
2020-02-21,1.0660,1.0970,1.0470,1.0640,3265784774,3493794533
2020-02-24,1.0580,1.0790,1.0470,1.0650,2123327338,2256141905
2020-02-25,1.0480,1.0760,1.0210,1.0730,2959501778,3113867280
2020-02-26,1.0510,1.0840,1.0450,1.0530,2254892741,2405857963
2020-02-27,1.0590,1.0770,1.0460,1.0550,1964112331,2083164799
2020-02-28,1.0250,1.0320,0.9820,0.9870,2767060174,2786168053
2020-03-02,1.0010,1.0450,0.9910,1.0360,2514581474,2567095422
2020-03-03,1.0550,1.0730,1.0330,1.0460,2119792138,2232646982
2020-03-04,1.0400,1.0760,1.0370,1.0750,2328516630,2461078052
2020-03-05,1.0910,1.1240,1.0660,1.1080,3314683934,3626344263
2020-03-06,1.0880,1.0930,1.0660,1.0670,2244218434,2418711723
2020-03-09,1.0440,1.0580,1.0220,1.0340,2468008036,2571034975
2020-03-10,1.0380,1.0730,1.0230,1.0680,2447777386,2572280686
2020-03-11,1.0630,1.0660,1.0360,1.0370,1489474588,1566761953
2020-03-12,1.0210,1.0370,1.0130,1.0250,1568893726,1607243615
2020-03-13,0.9780,1.0300,0.9710,1.0160,2422327525,2416869510
2020-03-16,1.0150,1.0180,0.9550,0.9590,2332997007,2307577250
2020-03-17,0.9760,0.9850,0.9370,0.9610,1622277122,1560814819
2020-03-18,0.9640,0.9750,0.9290,0.9300,1580257478,1511489078
2020-03-19,0.9320,0.9530,0.9130,0.9420,2305305914,2153130480
2020-03-20,0.9490,0.9550,0.9330,0.9540,1328574592,1256608159
2020-03-23,0.9220,0.9370,0.9110,0.9120,1365918133,1261825944
2020-03-24,0.9310,0.9370,0.9090,0.9360,1682349810,1555062081
2020-03-25,0.9570,0.9600,0.9410,0.9510,1951251658,1855620866
2020-03-26,0.9430,0.9480,0.9330,0.9340,953476718,897295176
2020-03-27,0.9450,0.9580,0.9380,0.9410,1414177289,1339380290
2020-03-30,0.9250,0.9360,0.9200,0.9320,891627871,826049492
2020-03-31,0.9400,0.9410,0.9260,0.9270,842917969,787476120
2020-04-01,0.9220,0.9400,0.9210,0.9220,972639732,904759855
2020-04-02,0.9190,0.9410,0.9180,0.9400,952760943,885461888
2020-04-03,0.9340,0.9360,0.9230,0.9260,699871976,650499614
2020-04-07,0.9420,0.9510,0.9360,0.9480,1615844533,1523455061
2020-04-08,0.9410,0.9480,0.9380,0.9430,719548407,677583077
2020-04-09,0.9510,0.9670,0.9500,0.9520,1543837561,1478626006
2020-04-10,0.9540,0.9560,0.9370,0.9390,981249408,927458063
2020-04-13,0.9310,0.9340,0.9240,0.9290,926786247,861427952
2020-04-14,0.9350,0.9650,0.9310,0.9540,1510585547,1429156199
2020-04-15,0.9490,0.9620,0.9420,0.9440,1063552988,1011927059
2020-04-16,0.9380,0.9630,0.9370,0.9520,1260409089,1201238109
2020-04-17,0.9590,0.9610,0.9490,0.9500,1019803559,974978712
2020-04-20,0.9530,0.9540,0.9480,0.9540,588391832,559693658
2020-04-21,0.9490,0.9490,0.9310,0.9360,851129227,798056073
2020-04-22,0.9300,0.9400,0.9290,0.9390,596631172,557488004
2020-04-23,0.9390,0.9400,0.9300,0.9310,573634837,535741111
2020-04-24,0.9280,0.9310,0.9110,0.9150,910533345,838012780
2020-04-27,0.9150,0.9230,0.9110,0.9130,679684510,623913317
2020-04-28,0.9220,0.9300,0.9060,0.9250,1211560098,1117234180
2020-04-29,0.9180,0.9310,0.9170,0.9260,776110407,718150783
2020-04-30,0.9310,0.9490,0.9310,0.9470,1428528411,1345201024
2020-05-06,0.9310,0.9500,0.9300,0.9500,1461013519,1370175587
2020-05-07,0.9470,0.9550,0.9410,0.9430,1027533110,973411529
2020-05-08,0.9500,0.9700,0.9450,0.9610,2015456970,1928812106
2020-05-11,0.9630,0.9660,0.9470,0.9540,1058147859,1013073934
2020-05-12,0.9570,0.9590,0.9430,0.9510,767664445,729571903
2020-05-13,0.9450,0.9540,0.9430,0.9510,739240366,701368995
2020-05-14,0.9460,0.9470,0.9370,0.9380,887031952,835855536
2020-05-15,0.9440,0.9470,0.9390,0.9400,753318335,710136139
2020-05-18,0.9390,0.9440,0.9320,0.9360,772686839,725127591
2020-05-19,0.9450,0.9460,0.9380,0.9410,819509501,771786631
2020-05-20,0.9390,0.9430,0.9330,0.9340,1009980393,946630506
2020-05-21,0.9360,0.9380,0.9250,0.9260,833233993,776419898
2020-05-22,0.9250,0.9260,0.9030,0.9050,1480161122,1351169867
2020-05-25,0.9020,0.9070,0.8970,0.9000,849744806,765743229
2020-05-26,0.9040,0.9100,0.9030,0.9090,768498421,696974225
2020-05-27,0.9080,0.9090,0.8980,0.8990,615587480,555789113
2020-05-28,0.9000,0.9230,0.9000,0.9110,1241020857,1131795303
2020-05-29,0.9050,0.9100,0.9040,0.9070,555545507,503887879
2020-06-01,0.9300,0.9500,0.9240,0.9460,2208864732,2070539522
2020-06-02,0.9430,0.9500,0.9390,0.9430,861550754,813101765
2020-06-03,0.9460,0.9500,0.9320,0.9340,984915204,927883114
2020-06-04,0.9370,0.9390,0.9280,0.9290,827289169,771419910
2020-06-05,0.9300,0.9400,0.9240,0.9390,1077597438,1004675947
2020-06-08,0.9430,0.9430,0.9330,0.9340,783743685,735176268
2020-06-09,0.9350,0.9510,0.9340,0.9430,1195506390,1128223842
2020-06-10,0.9410,0.9410,0.9330,0.9360,685912385,642376599
2020-06-11,0.9360,0.9490,0.9300,0.9300,1283265802,1203275353
2020-06-12,0.9160,0.9330,0.9140,0.9290,939077316,868254599
2020-06-15,0.9300,0.9480,0.9260,0.9270,1250434451,1172653440
2020-06-16,0.9350,0.9400,0.9310,0.9360,813295989,760507111
2020-06-17,0.9360,0.9370,0.9270,0.9330,844916273,787087167
2020-06-18,0.9320,0.9500,0.9300,0.9430,1234593240,1163027658
2020-06-19,0.9430,0.9850,0.9410,0.9750,2720016391,2620407630
2020-06-22,0.9760,1.0350,0.9750,1.0020,2560719435,2579231466
2020-06-23,0.9970,1.0120,0.9900,1.0100,1646125143,1649072934
2020-06-24,1.0140,1.0290,1.0030,1.0110,1280620485,1297149738
2020-06-29,0.9980,1.0020,0.9740,0.9790,2100662197,2067763767
2020-06-30,0.9840,1.0240,0.9820,1.0120,1908825652,1910686980
2020-07-01,1.0100,1.0320,1.0050,1.0310,1971459693,2008427029
2020-07-02,1.0300,1.1180,1.0260,1.1160,3600699936,3872691365
2020-07-03,1.1280,1.2280,1.1150,1.2280,4721688470,5455384112
2020-07-06,1.2580,1.3510,1.2310,1.3510,6394959542,8251578222
2020-07-07,1.3550,1.3570,1.2510,1.2800,6320843770,8195282220
2020-07-08,1.2710,1.3940,1.2670,1.3530,5186884549,6865287391
2020-07-09,1.3390,1.3950,1.3190,1.3600,4499221912,6115415111
2020-07-10,1.3300,1.3690,1.3220,1.3310,3199129393,4299294633
2020-07-13,1.3150,1.3860,1.3060,1.3510,3930240896,5285610302
2020-07-14,1.3330,1.3680,1.3220,1.3560,3121793264,4196685492
2020-07-15,1.3710,1.3840,1.3100,1.3150,2654490464,3565836849
2020-07-16,1.3130,1.3460,1.2410,1.2460,2968407113,3858485864
2020-07-17,1.2580,1.2680,1.1880,1.2070,3300846867,4037401639
2020-07-20,1.2310,1.2930,1.2240,1.2760,2674731453,3357120393
2020-07-21,1.2750,1.2810,1.2430,1.2540,1602875716,2017432326
2020-07-22,1.2580,1.3160,1.2500,1.2650,2856735471,3670697670
2020-07-23,1.2440,1.2780,1.2300,1.2700,2614832868,3282170334
2020-07-24,1.2560,1.2670,1.1750,1.1910,3051827106,3707800297
2020-07-27,1.1930,1.2010,1.1630,1.1880,1764860754,2089739822
2020-07-28,1.2020,1.2060,1.1740,1.1880,1458475005,1732905535
2020-07-29,1.1830,1.2420,1.1790,1.2360,2983875206,3647846056
2020-07-30,1.2370,1.2440,1.2200,1.2260,1518334664,1868512947
2020-07-31,1.2230,1.2680,1.2220,1.2450,2294373835,2856561033
2020-08-03,1.2670,1.2740,1.2450,1.2720,2156572857,2718176207
2020-08-04,1.2720,1.2900,1.2580,1.2640,1872547134,2379678280
2020-08-05,1.2590,1.2680,1.2420,1.2580,1296944613,1626930866
2020-08-06,1.2590,1.3180,1.2350,1.3020,2692316312,3412767172
2020-08-07,1.2700,1.3020,1.2300,1.2570,3317998037,4190951744
2020-08-10,1.2420,1.2990,1.2370,1.2710,3162122724,4023647335
2020-08-11,1.2680,1.2870,1.2260,1.2280,2124082988,2680755447
2020-08-12,1.2210,1.2360,1.1970,1.2210,1909527654,2324228813
2020-08-13,1.2270,1.2490,1.2170,1.2290,1347456607,1659217599
2020-08-14,1.2210,1.2500,1.2180,1.2490,1592953198,1967844402
2020-08-17,1.2790,1.3450,1.2680,1.3110,4635742441,6021798580
2020-08-18,1.3020,1.3200,1.2910,1.3010,1821623336,2375620086
2020-08-19,1.2970,1.3110,1.2720,1.2760,1725670372,2233035504
2020-08-20,1.2650,1.2720,1.2500,1.2530,1216911159,1532331632
2020-08-21,1.2640,1.2830,1.2560,1.2750,1253501742,1590641699
2020-08-24,1.2790,1.2850,1.2630,1.2660,1113150834,1413882525
2020-08-25,1.2700,1.2860,1.2560,1.2610,1274817434,1621716537
2020-08-26,1.2560,1.2640,1.2260,1.2290,1843869936,2287919306
2020-08-27,1.2280,1.2420,1.2200,1.2330,1232631855,1517523500
2020-08-28,1.2310,1.2730,1.2280,1.2690,1959036902,2454933640
2020-08-31,1.2790,1.3040,1.2620,1.2660,2205295224,2841107392
2020-09-01,1.2580,1.2730,1.2530,1.2720,935211590,1181153815
2020-09-02,1.2760,1.2830,1.2510,1.2680,1544957742,1959985462
2020-09-03,1.2660,1.2880,1.2550,1.2580,1280200453,1625445542
2020-09-04,1.2370,1.2510,1.2340,1.2460,1080437338,1344220319
2020-09-07,1.2440,1.2480,1.2050,1.2080,1432938618,1758041796
2020-09-08,1.2110,1.2410,1.2020,1.2310,1491494982,1821402177
2020-09-09,1.2150,1.2240,1.2000,1.2060,1267466015,1537395400
2020-09-10,1.2160,1.2180,1.1780,1.1820,1584363762,1902161669
2020-09-11,1.1760,1.1860,1.1660,1.1810,1025753775,1208021403
2020-09-14,1.1880,1.1900,1.1740,1.1820,805212278,951598939
2020-09-15,1.1810,1.1900,1.1770,1.1860,732331082,866977668
2020-09-16,1.1860,1.1980,1.1760,1.1810,954584448,1134147475
2020-09-17,1.1790,1.1850,1.1600,1.1700,1027704443,1203667146
2020-09-18,1.1690,1.2380,1.1670,1.2340,2471359287,2978255158
2020-09-21,1.2640,1.2700,1.2250,1.2250,2160225746,2687063418
2020-09-22,1.2110,1.2660,1.2100,1.2300,2058375365,2546657941
2020-09-23,1.2280,1.2350,1.2160,1.2180,994805002,1216067415
2020-09-24,1.2100,1.2270,1.2030,1.2040,1093271608,1325209464
2020-09-25,1.2070,1.2320,1.2030,1.2230,1678149332,2046925522
2020-09-28,1.2160,1.2290,1.2140,1.2210,1143290756,1397391329
2020-09-29,1.2260,1.2360,1.2230,1.2250,1134873484,1394310578
2020-09-30,1.2270,1.2290,1.2000,1.2080,1130222820,1373201386
2020-10-09,1.2280,1.2310,1.2200,1.2280,1028689972,1260997555
2020-10-12,1.2370,1.2790,1.2350,1.2770,2320803226,2931925814
2020-10-13,1.2600,1.2610,1.2470,1.2580,2074017650,2602227492
2020-10-14,1.2560,1.2570,1.2380,1.2430,1412581570,1759083258
2020-10-15,1.2450,1.2620,1.2400,1.2400,1156693382,1444906604
2020-10-16,1.2440,1.2520,1.2390,1.2470,1117103139,1391261989
2020-10-19,1.2570,1.2660,1.2310,1.2320,1621908290,2024964112
2020-10-20,1.2280,1.2350,1.2160,1.2340,1005670064,1233010531
2020-10-21,1.2330,1.2360,1.2200,1.2260,968557522,1187702100
2020-10-22,1.2220,1.2460,1.2190,1.2350,1171951025,1441887185
2020-10-23,1.2330,1.2420,1.2140,1.2150,1287847556,1585309238
2020-10-26,1.2080,1.2080,1.1680,1.1770,1888945813,2231791753
2020-10-27,1.1720,1.1770,1.1640,1.1740,1025011180,1200711419
2020-10-28,1.1720,1.1850,1.1660,1.1810,1020986601,1201213221
2020-10-29,1.1680,1.2010,1.1660,1.1910,1656394267,1960638335
2020-10-30,1.1840,1.1940,1.1480,1.1490,1585129643,1854581873
2020-11-02,1.1500,1.1740,1.1300,1.1460,1580824211,1820588522
2020-11-03,1.1490,1.1870,1.1470,1.1740,1686656342,1973669855
2020-11-04,1.1730,1.1780,1.1570,1.1680,1084007376,1265763536
2020-11-05,1.1860,1.1960,1.1760,1.1860,1649836969,1955591168
2020-11-06,1.1870,1.2030,1.1800,1.1900,1637832188,1950758750
2020-11-09,1.1990,1.2520,1.1940,1.2360,3063137660,3756280402
2020-11-10,1.2380,1.2400,1.2110,1.2160,1584916021,1942670348
2020-11-11,1.2140,1.2170,1.1890,1.1900,1215585667,1457998571
2020-11-12,1.1900,1.1990,1.1820,1.1840,889837375,1056291041
2020-11-13,1.1800,1.1800,1.1630,1.1720,1417435086,1658362216
2020-11-16,1.1780,1.1830,1.1660,1.1790,1058250008,1244367895
2020-11-17,1.1770,1.1810,1.1630,1.1810,1104643356,1294234964
2020-11-18,1.1820,1.2010,1.1800,1.1870,1597316106,1903054403
2020-11-19,1.1770,1.1930,1.1610,1.1880,1582945785,1863065742
2020-11-20,1.1840,1.1930,1.1820,1.1890,1249614805,1484247815
2020-11-23,1.1850,1.2320,1.1780,1.2120,3179759480,3842872322
2020-11-24,1.2060,1.2170,1.1980,1.2020,1498033140,1808296329
2020-11-25,1.2110,1.2180,1.1810,1.1830,1701948222,2042975068
2020-11-26,1.1800,1.1940,1.1760,1.1880,1175563870,1391872069
2020-11-27,1.1890,1.2160,1.1860,1.2140,1903054212,2283288207
2020-11-30,1.2230,1.2670,1.2180,1.2220,3904670428,4859629902
2020-12-01,1.2180,1.2770,1.2130,1.2680,3210386870,4000212516
2020-12-02,1.2650,1.2880,1.2550,1.2650,2474974970,3137928239
2020-12-03,1.2600,1.2790,1.2530,1.2670,1730785520,2190507051
2020-12-04,1.2600,1.2600,1.2370,1.2480,1847915942,2301647633
2020-12-07,1.2470,1.2480,1.2230,1.2230,1528699293,1885709119
2020-12-08,1.2240,1.2370,1.2210,1.2260,1295767459,1592058578
2020-12-09,1.2280,1.2340,1.1820,1.1870,2278442171,2757443199
2020-12-10,1.1810,1.1900,1.1710,1.1810,1707153017,2017179126
2020-12-11,1.1810,1.1830,1.1550,1.1670,2067066192,2415174697
2020-12-14,1.1680,1.1700,1.1560,1.1660,1320139682,1535467599
2020-12-15,1.1630,1.1730,1.1560,1.1690,1260410554,1466245565
2020-12-16,1.1700,1.1710,1.1550,1.1560,1261148486,1465754432
2020-12-17,1.1550,1.1900,1.1480,1.1870,2723227548,3188213527
2020-12-18,1.1800,1.1870,1.1690,1.1730,1316038425,1548762552
2020-12-21,1.1730,1.1890,1.1630,1.1850,1721188916,2027072463
2020-12-22,1.1780,1.1810,1.1330,1.1350,2648504440,3063397425
2020-12-23,1.1380,1.1520,1.1310,1.1440,1928682840,2200577864
2020-12-24,1.1420,1.1540,1.1300,1.1330,1548858666,1764043040
2020-12-25,1.1300,1.1540,1.1230,1.1470,2112946204,2411150149
2020-12-28,1.1430,1.1600,1.1370,1.1410,1770120509,2028391632
2020-12-29,1.1450,1.1680,1.1430,1.1470,2034598292,2349104686
2020-12-30,1.1420,1.1700,1.1400,1.1690,2208461648,2555877582
2020-12-31,1.1800,1.2320,1.1800,1.2220,4696784702,5690329374
2021-01-04,1.2350,1.2440,1.2060,1.2320,3081342309,3778916843
2021-01-05,1.2210,1.2420,1.2070,1.2290,2725415646,3338472731
2021-01-06,1.2300,1.2530,1.2150,1.2290,2423354642,2985447343
2021-01-07,1.2320,1.2420,1.2050,1.2410,2831725121,3475369371
2021-01-08,1.2410,1.2500,1.2270,1.2310,2478486774,3061578852
2021-01-11,1.2370,1.2430,1.2010,1.2020,2676947419,3271542471
2021-01-12,1.1970,1.2930,1.1900,1.2860,5416773171,6735155498
2021-01-13,1.2800,1.2900,1.2450,1.2530,3091178428,3918412773
2021-01-14,1.2460,1.2490,1.2210,1.2220,2575705994,3174153957
2021-01-15,1.2200,1.2440,1.2110,1.2210,2179418209,2672655805
2021-01-18,1.2140,1.2510,1.2110,1.2330,2378499800,2935220796
2021-01-19,1.2300,1.2550,1.2230,1.2310,2229012116,2756421035
2021-01-20,1.2330,1.2500,1.2270,1.2310,1942581404,2402153355
2021-01-21,1.2360,1.2730,1.2300,1.2510,3087930983,3861601696
2021-01-22,1.2450,1.2480,1.2190,1.2240,2752955180,3385143881
2021-01-25,1.2250,1.2360,1.2110,1.2150,2493263691,3045305528
2021-01-26,1.2080,1.2160,1.1700,1.1710,2730856343,3250342649
2021-01-27,1.1720,1.1840,1.1690,1.1740,1489957790,1752824788
2021-01-28,1.1630,1.1800,1.1580,1.1680,1977095944,2305440217
2021-01-29,1.1740,1.1770,1.1380,1.1560,1924930319,2228624799
2021-02-01,1.1620,1.1670,1.1480,1.1510,1484350230,1715843213
2021-02-02,1.1520,1.1540,1.1380,1.1530,2205787961,2527778725
2021-02-03,1.1500,1.1540,1.1360,1.1370,1847339137,2114109363
2021-02-04,1.1320,1.1320,1.0970,1.1090,2826605952,3150276570
2021-02-05,1.1120,1.1240,1.0990,1.1010,1880670383,2091163363
2021-02-08,1.1040,1.1130,1.0870,1.1020,1917088596,2110497803
2021-02-09,1.1030,1.1370,1.0910,1.1340,3081214332,3448025511
2021-02-10,1.1300,1.1390,1.1230,1.1330,1786641478,2019944484
2021-02-18,1.1530,1.1590,1.1380,1.1390,2196956708,2521484046
2021-02-19,1.1340,1.1630,1.1310,1.1620,1820450442,2086356235
2021-02-22,1.1630,1.1700,1.1260,1.1270,2552975602,2939421142
2021-02-23,1.1230,1.1400,1.1160,1.1230,1606562462,1812369114
2021-02-24,1.1230,1.1330,1.1060,1.1150,1801254287,2018709151
2021-02-25,1.1200,1.1320,1.1100,1.1160,1875486053,2104365209
2021-02-26,1.1000,1.1090,1.0920,1.0980,1827337071,2012423009
2021-03-01,1.0990,1.1000,1.0810,1.0900,1900106565,2064865509
2021-03-02,1.0910,1.0960,1.0730,1.0770,1665232428,1803906203
2021-03-03,1.0750,1.0970,1.0730,1.0970,2008929548,2185597588
2021-03-04,1.0880,1.0910,1.0690,1.0710,1832150546,1975135516
2021-03-05,1.0630,1.1020,1.0620,1.0930,2584591601,2813655138
2021-03-08,1.1000,1.1080,1.0720,1.0730,1835950190,2004935964
2021-03-09,1.0730,1.0770,1.0370,1.0450,1826401997,1930858107
2021-03-10,1.0550,1.0560,1.0380,1.0390,1171412848,1224092470
2021-03-11,1.0400,1.0570,1.0390,1.0560,1426259963,1497464518
2021-03-12,1.0540,1.0680,1.0380,1.0560,1981006616,2084501938
2021-03-15,1.0460,1.0460,1.0290,1.0320,1442472935,1495015488
2021-03-16,1.0340,1.0390,1.0270,1.0370,1062890705,1099562953
2021-03-17,1.0340,1.0450,1.0320,1.0390,1130361441,1173982329
2021-03-18,1.0410,1.0510,1.0380,1.0410,1048012951,1094127066
2021-03-19,1.0310,1.0350,1.0260,1.0300,1133604079,1168192243
2021-03-22,1.0340,1.0570,1.0320,1.0490,1459578674,1524607595
2021-03-23,1.0460,1.0640,1.0390,1.0540,1616098393,1698546295
2021-03-24,1.0490,1.0850,1.0470,1.0600,2136040371,2280818393
2021-03-25,1.0520,1.0640,1.0500,1.0510,931242462,982796836
2021-03-26,1.0520,1.0610,1.0480,1.0570,1100542437,1161811245
2021-03-29,1.0560,1.0670,1.0520,1.0560,1025905772,1085407256
2021-03-30,1.0530,1.0580,1.0500,1.0520,930568723,980287327
2021-03-31,1.0510,1.0520,1.0360,1.0370,1024516773,1066227103
2021-04-01,1.0390,1.0460,1.0340,1.0450,1557134635,1619624533
2021-04-02,1.0470,1.0540,1.0430,1.0480,1141039349,1195138791
2021-04-06,1.0540,1.0560,1.0460,1.0460,976061464,1024950179
2021-04-07,1.0450,1.0490,1.0380,1.0430,1007469532,1050253057
2021-04-08,1.0400,1.0590,1.0380,1.0480,1868536616,1962728050
2021-04-09,1.0440,1.0470,1.0350,1.0360,927299896,964138247
2021-04-12,1.0340,1.0370,1.0140,1.0150,1229334207,1263212814
2021-04-13,1.0130,1.0180,1.0070,1.0130,1076366448,1090380152
2021-04-14,1.0130,1.0280,1.0120,1.0250,1070382690,1093744733
2021-04-15,1.0210,1.0210,1.0120,1.0150,793303100,805364346
2021-04-16,1.0170,1.0270,1.0140,1.0220,889544624,907821167
2021-04-19,1.0190,1.0520,1.0170,1.0490,1787944492,1855350937
2021-04-20,1.0450,1.0550,1.0380,1.0390,911114547,952557083
2021-04-21,1.0350,1.0440,1.0330,1.0370,658965109,683667768
2021-04-22,1.0420,1.0500,1.0380,1.0400,907704992,946779155
2021-04-23,1.0360,1.0450,1.0350,1.0380,797559785,828563451
2021-04-26,1.0400,1.0510,1.0200,1.0200,1290862154,1338399968
2021-04-27,1.0170,1.0230,1.0050,1.0140,1503969149,1522137418
2021-04-28,1.0110,1.0220,1.0100,1.0170,875188960,889584399
2021-04-29,1.0180,1.0500,1.0170,1.0420,2202481363,2287667613
2021-04-30,1.0380,1.0440,1.0270,1.0310,1343627998,1390274841
2021-05-06,1.0400,1.0450,1.0210,1.0220,1015853206,1047481682
2021-05-07,1.0210,1.0230,1.0050,1.0070,1456613045,1474271644
2021-05-10,1.0070,1.0070,0.9920,0.9980,1356928977,1353454701
2021-05-11,0.9930,1.0190,0.9900,1.0130,1479539941,1485504600
2021-05-12,1.0080,1.0130,1.0030,1.0100,869181358,876127860
2021-05-13,1.0040,1.0140,1.0020,1.0060,778747152,785282337
2021-05-14,1.0100,1.0870,1.0100,1.0810,4567532351,4804391524
2021-05-17,1.0630,1.0760,1.0560,1.0660,2113672667,2252407737
2021-05-18,1.0610,1.0830,1.0590,1.0650,1514681881,1619904635
2021-05-19,1.0600,1.0790,1.0600,1.0640,1271052461,1357576846
2021-05-20,1.0630,1.0920,1.0630,1.0790,1875845216,2020517118
2021-05-21,1.0790,1.0810,1.0580,1.0600,1442142949,1538183308
2021-05-24,1.0660,1.0920,1.0660,1.0800,1966175672,2126126465
2021-05-25,1.0780,1.1330,1.0760,1.1270,3616967616,4040635592
2021-05-26,1.1330,1.1480,1.1220,1.1240,2452220170,2787495913
2021-05-27,1.1200,1.1380,1.1170,1.1250,1425528617,1602782972
2021-05-28,1.1250,1.1620,1.1210,1.1420,2167460270,2469905284
2021-05-31,1.1420,1.1470,1.1310,1.1440,1274004907,1449849556
2021-06-01,1.1380,1.1380,1.1160,1.1290,1568411840,1763974226
2021-06-02,1.1260,1.1340,1.1030,1.1050,1621625076,1808567183
2021-06-03,1.1060,1.1240,1.1020,1.1050,1309727186,1458951834
2021-06-04,1.0990,1.1460,1.0970,1.1110,1931000273,2155242949
2021-06-07,1.1110,1.1320,1.1070,1.1200,1259354046,1409807498
2021-06-08,1.1160,1.1360,1.1140,1.1220,1333981541,1500778873
2021-06-09,1.1220,1.1260,1.1050,1.1090,1133290771,1260505612
2021-06-10,1.1090,1.1290,1.1070,1.1130,1219929778,1363471549
2021-06-11,1.1160,1.1190,1.0920,1.0930,1408942998,1558165467
2021-06-15,1.0940,1.0950,1.0770,1.0780,1144372925,1239179502
2021-06-16,1.0760,1.0840,1.0640,1.0700,1265084532,1356353722
2021-06-17,1.0710,1.0800,1.0680,1.0740,1164625185,1250603869
2021-06-18,1.0730,1.0900,1.0700,1.0850,1298921130,1404546982
2021-06-21,1.0860,1.0960,1.0800,1.0840,1098327079,1192539943
2021-06-22,1.0880,1.0910,1.0760,1.0800,1067297247,1154695494
2021-06-23,1.0800,1.0910,1.0720,1.0850,1307553735,1415815004
2021-06-24,1.0860,1.1010,1.0830,1.0890,1290951877,1408810944
2021-06-25,1.0920,1.1340,1.0870,1.1230,2801578598,3126190115
2021-06-28,1.1260,1.1290,1.1080,1.1120,1488619059,1657433314
2021-06-29,1.1110,1.1140,1.0940,1.0970,1329502283,1466534129
2021-06-30,1.0980,1.1120,1.0940,1.1090,1386706030,1529390794
2021-07-01,1.1250,1.1310,1.0750,1.0770,1907631660,2099328035
2021-07-02,1.0730,1.0730,1.0450,1.0460,1535304035,1622990469
2021-07-05,1.0470,1.0520,1.0380,1.0480,930519758,972641990
2021-07-06,1.0490,1.0560,1.0420,1.0540,961070297,1007629972
2021-07-07,1.0480,1.0610,1.0460,1.0570,1105445974,1167627390
2021-07-08,1.0640,1.0700,1.0540,1.0550,1107373216,1176688932
2021-07-09,1.0490,1.0640,1.0480,1.0600,1142756972,1207523507
2021-07-12,1.0740,1.0910,1.0650,1.0830,1934928922,2090064387
2021-07-13,1.0780,1.0850,1.0710,1.0770,915419711,985732158
2021-07-14,1.0750,1.0780,1.0620,1.0640,1029459373,1100980190
2021-07-15,1.0620,1.0820,1.0610,1.0800,1338591000,1437078466
2021-07-16,1.0860,1.0960,1.0760,1.0800,1783225902,1933758031
2021-07-19,1.0740,1.0770,1.0650,1.0760,1114990851,1194211808
2021-07-20,1.0670,1.0790,1.0660,1.0710,884505597,947608142
2021-07-21,1.0740,1.0990,1.0730,1.0880,1959305750,2133061512
2021-07-22,1.0880,1.1090,1.0840,1.1060,2125484766,2335833778
2021-07-23,1.1070,1.1430,1.0950,1.1110,2623444947,2930963702
2021-07-26,1.1110,1.1200,1.0790,1.0800,1948683670,2143096948
2021-07-27,1.0800,1.0860,1.0440,1.0490,1813527493,1932416805
2021-07-28,1.0450,1.0540,1.0320,1.0370,1324091198,1379023934
2021-07-29,1.0480,1.0600,1.0420,1.0510,1478399393,1551389221
2021-07-30,1.0440,1.0460,1.0260,1.0280,1430688264,1476924275
2021-08-02,1.0250,1.0840,1.0150,1.0690,2486605081,2618296392
2021-08-03,1.0600,1.0960,1.0570,1.0700,1866997796,2007488819
2021-08-04,1.0670,1.0760,1.0630,1.0720,1157531619,1237710014
2021-08-05,1.0670,1.0770,1.0500,1.0530,1180027884,1252809847
2021-08-06,1.0530,1.0640,1.0510,1.0570,1000155857,1057734903
2021-08-09,1.0510,1.0900,1.0510,1.0800,1882334714,2031465057
2021-08-10,1.0770,1.0970,1.0700,1.0960,1858556557,2016637173
2021-08-11,1.0940,1.1040,1.0850,1.0860,1331915661,1456132521
2021-08-12,1.0830,1.0900,1.0770,1.0790,891681262,964708417
2021-08-13,1.0770,1.0890,1.0720,1.0790,929520052,1003080389
2021-08-16,1.0830,1.1050,1.0820,1.0890,1644140464,1801028641
2021-08-17,1.0860,1.1240,1.0800,1.0820,2260942699,2492528462
2021-08-18,1.0780,1.1590,1.0770,1.1570,4662187494,5270225865
2021-08-19,1.1540,1.1750,1.1310,1.1330,3121012206,3587032014
2021-08-20,1.1290,1.1490,1.1160,1.1350,1903181598,2155381084
2021-08-23,1.1420,1.1540,1.1290,1.1390,1624459876,1851945357
2021-08-24,1.1380,1.1750,1.1290,1.1610,2702676427,3119255580
2021-08-25,1.1530,1.1580,1.1380,1.1430,1699089230,1946060237
2021-08-26,1.1400,1.1500,1.1270,1.1290,1630177026,1852677722
2021-08-27,1.1260,1.1430,1.1210,1.1250,1616535900,1823644999
2021-08-30,1.1300,1.1320,1.1000,1.1050,2264450329,2514663667
2021-08-31,1.1020,1.1400,1.0950,1.1300,3118745241,3481894655
2021-09-01,1.1250,1.1980,1.1210,1.1700,4495869172,5230316914
2021-09-02,1.1700,1.1960,1.1640,1.1910,3080116499,3650663167
2021-09-03,1.2400,1.2440,1.1770,1.1780,3572125271,4311095744
2021-09-06,1.1790,1.2270,1.1780,1.2150,2504603439,3034622449
2021-09-07,1.2050,1.2500,1.1950,1.2440,3012297507,3687195924
2021-09-08,1.2390,1.2770,1.2340,1.2430,2545687527,3190735445
2021-09-09,1.2260,1.2390,1.2170,1.2330,1778570043,2183068069
2021-09-10,1.2400,1.2890,1.2360,1.2490,2906473031,3660344926
2021-09-13,1.2470,1.2740,1.2440,1.2530,1659640802,2084309326
2021-09-14,1.2530,1.2570,1.2110,1.2150,2194060417,2696725312
2021-09-15,1.2100,1.2280,1.2030,1.2110,1520647240,1847482587
2021-09-16,1.2130,1.2180,1.1820,1.1860,1900875279,2274756929
2021-09-17,1.1870,1.2040,1.1810,1.2000,1569947672,1875189394
2021-09-22,1.1880,1.1990,1.1810,1.1910,1451857245,1725020003
2021-09-23,1.2000,1.2190,1.1920,1.2060,1640754677,1977385237
2021-09-24,1.2060,1.2140,1.1880,1.1890,1503479096,1804080913
2021-09-27,1.1880,1.1980,1.1500,1.1570,2112275469,2484495280
2021-09-28,1.1600,1.1840,1.1590,1.1750,1261813787,1480766006
2021-09-29,1.1660,1.1680,1.1430,1.1590,1715589833,1985045469
2021-09-30,1.1630,1.1640,1.1490,1.1570,1107449314,1280466217
2021-10-08,1.1650,1.1760,1.1610,1.1690,1079636983,1261655452
2021-10-11,1.1710,1.1780,1.1590,1.1620,1025189810,1198599749
2021-10-12,1.1560,1.1560,1.1120,1.1250,2363846742,2675975701
2021-10-13,1.1240,1.1370,1.1150,1.1310,1301051872,1466804826
2021-10-14,1.1280,1.1330,1.1200,1.1280,1082041958,1219862510
2021-10-15,1.1210,1.1360,1.1210,1.1290,1080050445,1219068250
2021-10-18,1.1300,1.1330,1.1230,1.1300,797703022,900000939
2021-10-19,1.1270,1.1460,1.1270,1.1360,1105585103,1257696755
2021-10-20,1.1360,1.1430,1.1310,1.1320,1172695663,1332889896
2021-10-21,1.1330,1.1470,1.1260,1.1350,1702101487,1933781616
2021-10-22,1.1370,1.1450,1.1300,1.1370,1229629536,1398547355
2021-10-25,1.1360,1.1570,1.1260,1.1520,1757520776,2002901940
2021-10-26,1.1460,1.1550,1.1390,1.1400,1242681200,1423945707
2021-10-27,1.1350,1.1370,1.1080,1.1100,1903258763,2128810839
2021-10-28,1.1070,1.1150,1.0990,1.1020,1148508569,1271108901
2021-10-29,1.1000,1.1180,1.0850,1.1100,2006829070,2209323661
2021-11-01,1.1050,1.1240,1.1030,1.1140,1299904744,1450055430
2021-11-02,1.1130,1.1180,1.0840,1.0910,1820431786,1999080666
2021-11-03,1.0920,1.1020,1.0900,1.0950,900450831,986358899
2021-11-04,1.1020,1.1090,1.0940,1.0960,956597576,1051648918
2021-11-05,1.0940,1.1030,1.0900,1.0930,1082434471,1186665349
2021-11-08,1.0910,1.1110,1.0900,1.1040,1245758013,1371887368
2021-11-09,1.1060,1.1150,1.1010,1.1110,1269377597,1406314478
2021-11-10,1.1080,1.1140,1.0990,1.1090,1274151098,1408075690
2021-11-11,1.1060,1.1470,1.1060,1.1410,2803938584,3173481033
2021-11-12,1.1410,1.1430,1.1290,1.1350,1193089261,1353158747
2021-11-15,1.1370,1.1420,1.1270,1.1310,1030828464,1167058099
2021-11-16,1.1280,1.1340,1.1120,1.1150,1799621799,2019104101
2021-11-17,1.1140,1.1200,1.1120,1.1140,972241876,1083867674
2021-11-18,1.1120,1.1130,1.1010,1.1020,1205093200,1331730110
2021-11-19,1.1000,1.1300,1.1000,1.1240,2101000603,2346383891
2021-11-22,1.1210,1.1380,1.1180,1.1300,1711384436,1933742756
2021-11-23,1.1270,1.1480,1.1270,1.1330,1868546375,2129858416
2021-11-24,1.1320,1.1380,1.1270,1.1310,1080997729,1223782490
2021-11-25,1.1300,1.1340,1.1230,1.1250,1108105301,1249158739
2021-11-26,1.1240,1.1260,1.1160,1.1170,1257646638,1409238635
2021-11-29,1.1080,1.1120,1.1030,1.1070,1354556706,1499810022
2021-11-30,1.1100,1.1190,1.1040,1.1080,988614807,1098689667
2021-12-01,1.1060,1.1260,1.1050,1.1230,1321344641,1478535197
2021-12-02,1.1200,1.1380,1.1180,1.1310,1478911886,1672737619
2021-12-03,1.1320,1.1410,1.1230,1.1370,1370932692,1554260054
2021-12-06,1.1450,1.1870,1.1440,1.1530,3238563043,3779035746
2021-12-07,1.1670,1.1700,1.1490,1.1580,1569321001,1818005190
2021-12-08,1.1590,1.1740,1.1500,1.1740,1750676424,2039172692
2021-12-09,1.1700,1.2150,1.1680,1.1930,2668946978,3182158290
2021-12-10,1.1830,1.1870,1.1750,1.1780,1325816861,1564977052
2021-12-13,1.1980,1.2180,1.1810,1.1850,2523595270,3028097944
2021-12-14,1.1770,1.1900,1.1740,1.1780,1071626156,1264616983
2021-12-15,1.1790,1.1970,1.1780,1.1850,993710166,1179626510
2021-12-16,1.1880,1.1940,1.1810,1.1930,974534290,1157854173
2021-12-17,1.1930,1.2010,1.1800,1.1810,1202559380,1431186998
2021-12-20,1.1760,1.1860,1.1590,1.1610,1406750475,1646193551
2021-12-21,1.1610,1.1790,1.1580,1.1770,1185543268,1386537858
2021-12-22,1.1770,1.1770,1.1650,1.1670,757731710,886547995
2021-12-23,1.1680,1.1730,1.1570,1.1650,1126684906,1311717437
2021-12-24,1.1650,1.1740,1.1560,1.1580,909972551,1058789225
2021-12-27,1.1580,1.1650,1.1550,1.1600,684536926,793761643
2021-12-28,1.1640,1.1700,1.1570,1.1690,988945372,1150638941
2021-12-29,1.1690,1.1690,1.1540,1.1550,1038465623,1205855288
2021-12-30,1.1540,1.1790,1.1520,1.1740,1369947579,1602484352
2021-12-31,1.1770,1.1820,1.1700,1.1760,996882889,1171842079
2022-01-04,1.1760,1.1770,1.1610,1.1700,873372950,1020139601
2022-01-05,1.1690,1.1730,1.1570,1.1600,1125338567,1309650630
2022-01-06,1.1540,1.1560,1.1340,1.1370,1521866044,1737943086
2022-01-07,1.1410,1.1490,1.1380,1.1390,915499254,1046094270
2022-01-10,1.1410,1.1460,1.1350,1.1380,880935691,1004140993
2022-01-11,1.1380,1.1500,1.1350,1.1390,1103452328,1260406764
2022-01-12,1.1410,1.1450,1.1340,1.1430,1189656839,1355426516
2022-01-13,1.1470,1.1520,1.1350,1.1360,1257844725,1438847267
2022-01-14,1.1270,1.1270,1.1040,1.1050,1866995577,2082954870
2022-01-17,1.1030,1.1200,1.1010,1.1160,1052249502,1170873171
2022-01-18,1.1150,1.1260,1.1110,1.1180,1133663347,1268253302
2022-01-19,1.1200,1.1330,1.1170,1.1220,1039995591,1170674905
2022-01-20,1.1220,1.1490,1.1180,1.1410,1858633662,2112811543
2022-01-21,1.1370,1.1400,1.1290,1.1310,1186580426,1344515938
2022-01-24,1.1270,1.1330,1.1220,1.1230,917478174,1033862590
2022-01-25,1.1190,1.1220,1.0920,1.0930,1612905537,1788907740
2022-01-26,1.0940,1.1140,1.0930,1.1120,1336255740,1474307789
2022-01-27,1.1060,1.1110,1.0850,1.0870,1502371241,1647602602
2022-01-28,1.0940,1.1080,1.0750,1.0760,1403786193,1530459664
2022-02-07,1.0910,1.0980,1.0840,1.0920,1290477509,1407062657
2022-02-08,1.0900,1.1080,1.0840,1.1070,1208642999,1324856634
2022-02-09,1.1060,1.1130,1.1020,1.1100,890136698,986307333
2022-02-10,1.1100,1.1140,1.1020,1.1100,810517825,898466580
2022-02-11,1.1080,1.1270,1.1060,1.1110,1362071769,1521403880
2022-02-14,1.1020,1.1030,1.0550,1.0600,2506117146,2692414700
2022-02-15,1.0580,1.0630,1.0550,1.0620,1033921370,1094916115
2022-02-16,1.0670,1.0730,1.0610,1.0640,762543231,813034056
2022-02-17,1.0620,1.0660,1.0550,1.0560,940749499,996609494
2022-02-18,1.0500,1.0610,1.0490,1.0580,957948435,1010472423
2022-02-21,1.0600,1.0610,1.0510,1.0570,935778913,986683586
2022-02-22,1.0490,1.0500,1.0320,1.0360,1327870745,1381497521
2022-02-23,1.0390,1.0500,1.0360,1.0500,1078102503,1126570942
2022-02-24,1.0430,1.0490,1.0110,1.0200,1712464488,1760823087
2022-02-25,1.0290,1.0360,1.0190,1.0220,974682394,1000962687
2022-02-28,1.0200,1.0240,1.0100,1.0190,968434727,983587947
2022-03-01,1.0230,1.0300,1.0200,1.0280,1049137521,1075341561
2022-03-02,1.0230,1.0270,1.0210,1.0240,616435248,631206325
2022-03-03,1.0290,1.0320,1.0220,1.0240,734942726,754208285
2022-03-04,1.0180,1.0190,1.0070,1.0100,1117357132,1131613064
2022-03-07,1.0050,1.0060,0.9810,0.9850,1393117288,1384815051
2022-03-08,0.9850,0.9930,0.9550,0.9600,1624020977,1586146206
2022-03-09,0.9680,0.9700,0.9020,0.9370,2378183167,2231637928
2022-03-10,0.9550,0.9580,0.9340,0.9350,1622637735,1533973454
2022-03-11,0.9210,0.9630,0.9070,0.9560,2041006873,1904799940
2022-03-14,0.9390,0.9600,0.9370,0.9400,1181126151,1120101935
2022-03-15,0.9320,0.9520,0.9060,0.9090,1755543317,1633095189
2022-03-16,0.9190,0.9720,0.9050,0.9670,2681215926,2519700233
2022-03-17,0.9740,0.9860,0.9590,0.9630,2123918777,2059454573
2022-03-18,0.9600,0.9750,0.9550,0.9720,1352564535,1306477278
2022-03-21,0.9650,0.9670,0.9510,0.9550,1164900962,1116573671
2022-03-22,0.9510,0.9670,0.9500,0.9560,1192485150,1141731334
2022-03-23,0.9590,0.9610,0.9530,0.9570,747612806,715651149
2022-03-24,0.9500,0.9540,0.9430,0.9460,846515051,803011206
2022-03-25,0.9470,0.9550,0.9340,0.9350,1001334786,945214091
2022-03-28,0.9270,0.9450,0.9200,0.9360,980277790,914530636
2022-03-29,0.9400,0.9420,0.9260,0.9300,711101935,663992520
2022-03-30,0.9360,0.9670,0.9350,0.9650,1903247527,1818089481
2022-03-31,0.9600,0.9650,0.9550,0.9570,818081126,784395015
2022-04-01,0.9510,0.9740,0.9500,0.9700,1416166041,1366689512
2022-04-06,0.9620,0.9730,0.9620,0.9710,843640761,816534091
2022-04-07,0.9680,0.9770,0.9500,0.9510,1004104443,967398232
2022-04-08,0.9520,0.9710,0.9450,0.9660,1110741586,1065417904
2022-04-11,0.9600,0.9610,0.9330,0.9360,1190281435,1124455212
2022-04-12,0.9360,0.9770,0.9330,0.9670,1543573529,1476797922
2022-04-13,0.9580,0.9730,0.9530,0.9580,1088098395,1046277530
2022-04-14,0.9650,0.9800,0.9600,0.9720,1594747565,1551332403
2022-04-15,0.9650,0.9800,0.9610,0.9660,1111686682,1077647367
2022-04-18,0.9530,0.9530,0.9330,0.9400,1324503647,1246371102
2022-04-19,0.9380,0.9440,0.9310,0.9330,885247950,829216257
2022-04-20,0.9330,0.9370,0.9160,0.9180,1170100591,1082875722
2022-04-21,0.9130,0.9340,0.9110,0.9160,1353256239,1245909698
2022-04-22,0.9100,0.9240,0.9090,0.9170,1168994370,1073475493
2022-04-25,0.9010,0.9200,0.8850,0.8890,1962002133,1772067190
2022-04-26,0.8880,0.8900,0.8420,0.8490,2143505435,1851784598
2022-04-27,0.8340,0.8660,0.8310,0.8600,1970229663,1671171217
2022-04-28,0.8510,0.8550,0.8320,0.8440,1452120314,1225464143
2022-04-29,0.8620,0.8880,0.8490,0.8790,2603612073,2265379143
2022-05-05,0.8670,0.8730,0.8620,0.8670,1045474845,906987701
2022-05-06,0.8520,0.8560,0.8420,0.8440,1207396715,1025623770
2022-05-09,0.8400,0.8510,0.8390,0.8450,699548770,591312236
2022-05-10,0.8380,0.8620,0.8360,0.8580,1345989633,1147226981
2022-05-11,0.8570,0.8820,0.8550,0.8630,1997957430,1738132042
2022-05-12,0.8580,0.8740,0.8570,0.8650,1053980140,910227355
2022-05-13,0.8690,0.8750,0.8620,0.8700,995383169,863971361
2022-05-16,0.8770,0.8790,0.8600,0.8600,848174749,734512224
2022-05-17,0.8610,0.8700,0.8560,0.8660,1051138949,906767999
2022-05-18,0.8690,0.8760,0.8640,0.8680,1182770102,1029048137
2022-05-19,0.8570,0.8670,0.8550,0.8670,949664186,818128622
2022-05-20,0.8720,0.8850,0.8700,0.8840,1772656151,1559158633
2022-05-23,0.8800,0.8880,0.8740,0.8850,1006767088,886828406
2022-05-24,0.8830,0.8890,0.8600,0.8610,1160129400,1014428350
2022-05-25,0.8600,0.8650,0.8590,0.8640,833889385,719308286
2022-05-26,0.8650,0.8880,0.8570,0.8780,1487561475,1300965993
2022-05-27,0.8830,0.8870,0.8710,0.8770,1251808177,1102471116
2022-05-30,0.8780,0.8810,0.8690,0.8730,867403580,758236369
2022-05-31,0.8720,0.8860,0.8690,0.8840,1389865885,1221688875
2022-06-01,0.8830,0.8870,0.8750,0.8800,968909948,853824669
2022-06-02,0.8770,0.8900,0.8720,0.8860,1158145055,1021770327
2022-06-06,0.8830,0.9070,0.8810,0.9060,1878735878,1686970343
2022-06-07,0.9030,0.9230,0.9010,0.9080,1654504047,1509828664
2022-06-08,0.9080,0.9260,0.9050,0.9220,2249363877,2059913566
2022-06-09,0.9240,0.9450,0.9180,0.9220,2140310435,1991005879
2022-06-10,0.9150,0.9490,0.9110,0.9450,1988865132,1850481136
2022-06-13,0.9330,0.9450,0.9230,0.9320,1525091245,1424331778
2022-06-14,0.9200,0.9870,0.9110,0.9850,2459355807,2328256712
2022-06-15,0.9900,1.0520,0.9900,1.0150,4623178313,4725762243
2022-06-16,1.0110,1.0120,0.9670,0.9690,3237659258,3198018860
2022-06-17,0.9600,0.9820,0.9460,0.9660,2360908948,2272733092
2022-06-20,0.9620,0.9780,0.9560,0.9600,1656464261,1597140536
2022-06-21,0.9610,0.9670,0.9510,0.9590,1784795657,1712826322
2022-06-22,0.9580,0.9670,0.9420,0.9430,1587946232,1515929297
2022-06-23,0.9420,0.9850,0.9410,0.9770,2289993657,2212772134
2022-06-24,0.9800,0.9850,0.9680,0.9790,1682811887,1643796677
2022-06-27,0.9830,0.9920,0.9770,0.9800,1811479015,1781121304
2022-06-28,0.9770,0.9970,0.9660,0.9870,1862938335,1820491763
2022-06-29,0.9810,0.9940,0.9650,0.9670,1797413269,1765233426
2022-06-30,0.9680,0.9860,0.9680,0.9760,1753683411,1715070582
2022-07-01,0.9770,0.9780,0.9600,0.9630,1286669579,1246412587
2022-07-04,0.9620,0.9680,0.9500,0.9670,1200628060,1152609854
2022-07-05,0.9680,0.9730,0.9480,0.9540,1504889804,1440497324
2022-07-06,0.9530,0.9560,0.9410,0.9430,1459544722,1383487883
2022-07-07,0.9420,0.9520,0.9400,0.9410,1078970109,1019266458
2022-07-08,0.9460,0.9510,0.9340,0.9350,1208444986,1137714882
2022-07-11,0.9320,0.9340,0.9230,0.9240,1322846083,1227417429
2022-07-12,0.9270,0.9410,0.9230,0.9290,1330149315,1238092704
2022-07-13,0.9280,0.9340,0.9240,0.9270,957509826,889391273
2022-07-14,0.9240,0.9290,0.9180,0.9200,1112000818,1026131059
2022-07-15,0.9170,0.9210,0.8940,0.8960,1492427569,1357225602
2022-07-18,0.9000,0.9200,0.8990,0.9150,1253449278,1142203543
2022-07-19,0.9140,0.9270,0.9110,0.9230,1030199983,946828444
2022-07-20,0.9260,0.9290,0.9200,0.9230,764907979,706909329
2022-07-21,0.9200,0.9240,0.9130,0.9140,821900530,754838727
2022-07-22,0.9170,0.9260,0.9090,0.9160,1038816296,953469227
2022-07-25,0.9150,0.9160,0.9050,0.9050,830253700,754325247
2022-07-26,0.9060,0.9150,0.9040,0.9110,763991253,695110592
2022-07-27,0.9080,0.9120,0.9050,0.9080,663845686,603046893
2022-07-28,0.9140,0.9260,0.9130,0.9150,1254694602,1153684571
2022-07-29,0.9160,0.9220,0.9060,0.9070,1002941421,915272013
2022-08-01,0.9040,0.9050,0.8940,0.9000,931438620,836550703
2022-08-02,0.8900,0.8910,0.8610,0.8710,1651011388,1442562413
2022-08-03,0.8720,0.8810,0.8650,0.8660,1082049977,944780975
2022-08-04,0.8720,0.8790,0.8680,0.8740,1013114212,884147136
2022-08-05,0.8750,0.8960,0.8730,0.8950,1653777619,1463424133
2022-08-08,0.8920,0.8980,0.8890,0.8950,686324532,613949958
2022-08-09,0.8930,0.8990,0.8900,0.8920,710532200,635406215
2022-08-10,0.8900,0.9010,0.8870,0.8890,789520934,705304290
2022-08-11,0.8960,0.9380,0.8930,0.9380,2771200603,2552633485
2022-08-12,0.9290,0.9420,0.9260,0.9350,1259344126,1177608145
2022-08-15,0.9290,0.9380,0.9240,0.9270,931384206,866117869
2022-08-16,0.9300,0.9350,0.9240,0.9250,838774652,778933951
2022-08-17,0.9270,0.9490,0.9220,0.9440,1675447532,1574279736
2022-08-18,0.9400,0.9450,0.9340,0.9360,933866584,876379466
2022-08-19,0.9350,0.9440,0.9300,0.9310,943927846,884654280
2022-08-22,0.9300,0.9340,0.9260,0.9290,976167700,907045266
2022-08-23,0.9270,0.9450,0.9230,0.9310,1161939644,1083436599
2022-08-24,0.9290,0.9520,0.9170,0.9190,1606928552,1501981692
2022-08-25,0.9200,0.9410,0.9200,0.9370,1505323396,1398482930
2022-08-26,0.9360,0.9390,0.9250,0.9270,882926568,821694140
2022-08-29,0.9180,0.9240,0.9140,0.9220,861187805,791600669
2022-08-30,0.9210,0.9310,0.9140,0.9230,1048613525,965295410
2022-08-31,0.9190,0.9380,0.9180,0.9290,1277659525,1184509600
2022-09-01,0.9260,0.9290,0.9150,0.9170,960642404,885940268
2022-09-02,0.9160,0.9240,0.9090,0.9130,929128806,850224390
2022-09-05,0.9120,0.9210,0.9090,0.9200,832145000,761839680
2022-09-06,0.9240,0.9320,0.9210,0.9310,1047003661,970559609
2022-09-07,0.9270,0.9290,0.9230,0.9250,737141218,681836021
2022-09-08,0.9270,0.9310,0.9220,0.9220,745538193,690378606
2022-09-09,0.9230,0.9430,0.9220,0.9390,1369123151,1280119526
2022-09-13,0.9400,0.9490,0.9360,0.9370,795209459,748587372
2022-09-14,0.9250,0.9300,0.9210,0.9230,1117717408,1034482210
2022-09-15,0.9270,0.9340,0.9160,0.9220,1103037421,1022357067
2022-09-16,0.9180,0.9190,0.8660,0.8690,2467400702,2172365332
2022-09-19,0.8670,0.8680,0.8560,0.8590,965976730,832011668
2022-09-20,0.8630,0.8660,0.8570,0.8590,714573730,615450757
2022-09-21,0.8560,0.8630,0.8460,0.8600,937831656,801075816
2022-09-22,0.8530,0.8620,0.8510,0.8550,705134053,604127104
2022-09-23,0.8550,0.8650,0.8500,0.8560,842650008,722930015
2022-09-26,0.8510,0.8540,0.8360,0.8380,919206788,776826159
2022-09-27,0.8410,0.8460,0.8360,0.8450,815525347,685924958
2022-09-28,0.8420,0.8440,0.8300,0.8310,867432567,726032434
2022-09-29,0.8360,0.8370,0.8150,0.8200,1090329229,901053920
2022-09-30,0.8190,0.8270,0.8160,0.8160,809551913,665031095
2022-10-10,0.8160,0.8230,0.8070,0.8080,823540211,671331596
2022-10-11,0.8110,0.8260,0.8070,0.8160,787531444,642186015
2022-10-12,0.8150,0.8350,0.8120,0.8350,1051556564,865166507
2022-10-13,0.8300,0.8360,0.8270,0.8300,661395162,549313016
2022-10-14,0.8380,0.8500,0.8350,0.8450,1062448284,895809937
2022-10-17,0.8400,0.8500,0.8380,0.8490,638884948,540503684
2022-10-18,0.8530,0.8540,0.8440,0.8450,714180624,605135041
2022-10-19,0.8440,0.8470,0.8360,0.8370,606577620,509810088
2022-10-20,0.8330,0.8520,0.8320,0.8400,920151937,773165659
2022-10-21,0.8590,0.8630,0.8410,0.8440,1191301560,1014729901
2022-10-24,0.8440,0.8630,0.8230,0.8260,1376716425,1163988639
2022-10-25,0.8260,0.8280,0.8010,0.8110,1210089463,983594513
2022-10-26,0.8120,0.8290,0.8110,0.8180,1045802570,856861951
2022-10-27,0.8180,0.8330,0.8170,0.8220,856523373,705988920
2022-10-28,0.8180,0.8240,0.8000,0.8040,1182687977,961252590
2022-10-31,0.7990,0.8150,0.7970,0.8050,999567293,804573544
2022-11-01,0.8060,0.8300,0.8050,0.8300,1284965410,1053684816
2022-11-02,0.8250,0.8370,0.8230,0.8320,1147477639,951722434
2022-11-03,0.8260,0.8300,0.8220,0.8270,720328341,594888083
2022-11-04,0.8270,0.8570,0.8260,0.8500,1946907463,1643582131
2022-11-07,0.8440,0.8540,0.8430,0.8480,964085715,817906038
2022-11-08,0.8490,0.8520,0.8410,0.8450,721902374,609799800
2022-11-09,0.8450,0.8490,0.8410,0.8420,607757300,513004728
2022-11-10,0.8390,0.8520,0.8360,0.8480,904788640,764601011
2022-11-11,0.8740,0.8830,0.8580,0.8690,2102561206,1825902489
2022-11-14,0.8720,0.8930,0.8700,0.8760,1899258893,1672646738
2022-11-15,0.8700,0.9180,0.8700,0.9080,2353525979,2117510927
2022-11-16,0.9020,0.9070,0.8900,0.8920,1019371982,915190885
2022-11-17,0.8880,0.8970,0.8850,0.8960,1064924279,949042162
2022-11-18,0.8960,0.8970,0.8830,0.8840,1058537069,941395632
2022-11-21,0.8790,0.8790,0.8630,0.8690,989172318,859068975
2022-11-22,0.8680,0.8800,0.8650,0.8700,961461519,838636491
2022-11-23,0.8690,0.8790,0.8670,0.8710,756276497,659575009
2022-11-24,0.8780,0.8820,0.8660,0.8670,740046220,645576408
2022-11-25,0.8650,0.8820,0.8640,0.8760,973335983,850842277
2022-11-28,0.8610,0.8630,0.8490,0.8620,1059822149,907811740
2022-11-29,0.8630,0.9000,0.8630,0.8940,2310091377,2045633379
2022-11-30,0.8900,0.9060,0.8900,0.8940,1052720251,944474085
2022-12-01,0.9100,0.9290,0.8970,0.8970,2049969723,1872255874
2022-12-02,0.8980,0.9050,0.8900,0.8940,695986796,623824350
2022-12-05,0.9050,0.9270,0.9030,0.9260,1781840351,1634692917
2022-12-06,0.9200,0.9330,0.9180,0.9210,905794791,837325197
2022-12-07,0.9180,0.9260,0.9060,0.9120,1420671951,1297846599
2022-12-08,0.9120,0.9150,0.9060,0.9100,688836690,626946367
2022-12-09,0.9120,0.9230,0.9030,0.9180,1084556706,989498279
2022-12-12,0.9120,0.9120,0.8950,0.8960,1162491971,1047878183
2022-12-13,0.8970,0.9020,0.8940,0.8970,605010228,542934965
2022-12-14,0.8990,0.9080,0.8940,0.9030,781712106,704352849
2022-12-15,0.9000,0.9040,0.8940,0.8960,709984042,636675301
2022-12-16,0.8910,0.9000,0.8900,0.8930,862209465,770017548
2022-12-19,0.8950,0.9000,0.8640,0.8680,1227348300,1078471895
2022-12-20,0.8650,0.8720,0.8600,0.8630,777196079,672973714
2022-12-21,0.8660,0.8700,0.8590,0.8630,592140800,511735860
2022-12-22,0.8690,0.8750,0.8580,0.8620,813254116,705272547
2022-12-23,0.8570,0.8690,0.8560,0.8650,587945343,507584694
2022-12-26,0.8650,0.8660,0.8560,0.8620,696891500,600074220
2022-12-27,0.8670,0.8760,0.8630,0.8730,930863218,810938867
2022-12-28,0.8690,0.8730,0.8650,0.8670,638243662,554107141
2022-12-29,0.8630,0.8680,0.8580,0.8650,996228800,859915438
2022-12-30,0.8670,0.8730,0.8660,0.8690,559267490,486002834
2023-01-03,0.8610,0.8660,0.8420,0.8640,1616058299,1377505857
2023-01-04,0.8610,0.8710,0.8610,0.8660,1044310557,905089795
2023-01-05,0.8710,0.8880,0.8710,0.8830,1399841904,1230910632
2023-01-06,0.8810,0.8910,0.8790,0.8840,1175190060,1039780129
2023-01-09,0.8870,0.9090,0.8870,0.8990,1435572367,1290592668
2023-01-10,0.9000,0.9120,0.8960,0.8980,1013645437,915545430
2023-01-11,0.9000,0.9030,0.8900,0.8920,905159539,810683531
2023-01-12,0.8940,0.9000,0.8880,0.9000,796100449,712167876
2023-01-13,0.9030,0.9180,0.8970,0.9180,1298242509,1179206356
2023-01-16,0.9210,0.9680,0.9180,0.9470,2559788288,2426676738
2023-01-17,0.9420,0.9600,0.9400,0.9590,1747080889,1662339368
2023-01-18,0.9570,0.9650,0.9540,0.9550,851952902,815777268
2023-01-19,0.9510,0.9760,0.9500,0.9750,1193783146,1151367559
2023-01-20,0.9770,0.9770,0.9600,0.9690,1187010300,1147974610
2023-01-30,0.9850,0.9900,0.9600,0.9610,1801777263,1747317535
2023-01-31,0.9600,0.9680,0.9490,0.9560,1223459270,1169925808
2023-02-01,0.9570,0.9820,0.9540,0.9810,1447500309,1397044432
2023-02-02,0.9950,0.9970,0.9590,0.9610,2098964700,2034991984
2023-02-03,0.9510,0.9600,0.9430,0.9530,1416054937,1347737713
2023-02-06,0.9450,0.9460,0.9340,0.9350,1047521626,983236825
2023-02-07,0.9390,0.9420,0.9330,0.9380,727506240,682297473
2023-02-08,0.9400,0.9410,0.9280,0.9290,773704100,722581441
2023-02-09,0.9290,0.9450,0.9270,0.9440,1103352747,1036049835
2023-02-10,0.9410,0.9440,0.9330,0.9360,796006728,746472039
2023-02-13,0.9330,0.9430,0.9300,0.9420,1001439061,939608810
2023-02-14,0.9430,0.9440,0.9340,0.9400,688287415,646023592
2023-02-15,0.9380,0.9400,0.9300,0.9310,742413134,692819621
2023-02-16,0.9320,0.9490,0.9180,0.9260,1753862401,1645101983
2023-02-17,0.9230,0.9270,0.9080,0.9090,1097116405,1005797961
2023-02-20,0.9190,0.9470,0.9150,0.9460,1914229412,1783400373
2023-02-21,0.9420,0.9500,0.9390,0.9480,1046492453,988721297
2023-02-22,0.9430,0.9510,0.9360,0.9390,988541161,932085010
2023-02-23,0.9390,0.9560,0.9390,0.9470,1167253099,1107327187
2023-02-24,0.9460,0.9470,0.9280,0.9310,1017531498,950923832
2023-02-27,0.9230,0.9260,0.9170,0.9190,709777887,653805415
2023-02-28,0.9230,0.9280,0.9170,0.9270,711950130,657300869
2023-03-01,0.9270,0.9430,0.9240,0.9400,1145874040,1072633378
2023-03-02,0.9380,0.9420,0.9350,0.9370,679492104,637081856
2023-03-03,0.9400,0.9470,0.9330,0.9440,981929187,924055917
2023-03-06,0.9440,0.9450,0.9290,0.9300,1023339721,956341521
2023-03-07,0.9280,0.9380,0.9130,0.9140,1285440832,1190548749
2023-03-08,0.9110,0.9130,0.9080,0.9130,715500465,651602104
2023-03-09,0.9130,0.9150,0.9060,0.9080,627760536,571258099
2023-03-10,0.9030,0.9060,0.8960,0.8960,876795703,789163109
2023-03-13,0.8960,0.9030,0.8920,0.9000,667695460,599366104
2023-03-14,0.8980,0.8990,0.8820,0.8910,846805983,754253173
2023-03-15,0.8980,0.9030,0.8950,0.8960,723572018,650828171
2023-03-16,0.8910,0.8970,0.8880,0.8900,628145928,560586073
2023-03-17,0.8970,0.9140,0.8970,0.9050,1214100519,1099166292
2023-03-20,0.9040,0.9110,0.8940,0.8950,884988292,797930249
2023-03-21,0.8990,0.9050,0.8960,0.9030,727875612,655820159
2023-03-22,0.9040,0.9070,0.8930,0.8980,1029323290,925423514
2023-03-23,0.8930,0.9090,0.8920,0.9090,1066543794,962398506
2023-03-24,0.9090,0.9160,0.9060,0.9110,875191182,797572910
2023-03-27,0.9110,0.9190,0.9060,0.9160,996996928,910337011
2023-03-28,0.9130,0.9160,0.9050,0.9060,700750379,636479210
2023-03-29,0.9090,0.9100,0.8970,0.9010,806940882,727788915
2023-03-30,0.9010,0.9090,0.8900,0.9060,1091217590,981833007
2023-03-31,0.9050,0.9090,0.9020,0.9050,809667550,732869592
2023-04-03,0.9050,0.9430,0.9030,0.9420,2762542877,2565941760
2023-04-04,0.9420,0.9510,0.9400,0.9460,1426538205,1349156951
2023-04-06,0.9430,0.9460,0.9340,0.9390,998302270,937697099
2023-04-07,0.9400,0.9530,0.9360,0.9490,1420166427,1344020526
2023-04-10,0.9580,0.9620,0.9380,0.9390,1643681575,1561792842
2023-04-11,0.9460,0.9640,0.9450,0.9490,1367594844,1303748815
2023-04-12,0.9500,0.9590,0.9450,0.9520,977063600,929219520
2023-04-13,0.9470,0.9480,0.9370,0.9400,1135243963,1069821864
2023-04-14,0.9420,0.9450,0.9340,0.9410,1099862800,1033636156
2023-04-17,0.9410,0.9680,0.9400,0.9670,2007313915,1925078992
2023-04-18,0.9660,0.9740,0.9580,0.9620,1297764977,1251135727
2023-04-19,0.9590,0.9600,0.9450,0.9470,1288328687,1226462949
2023-04-20,0.9450,0.9510,0.9400,0.9510,1035947843,979319764
2023-04-21,0.9500,0.9510,0.9130,0.9160,1662877480,1546439220
2023-04-24,0.9110,0.9160,0.8950,0.9000,1307676120,1183193470
2023-04-25,0.9020,0.9100,0.8940,0.9040,1171930044,1056005945
2023-04-26,0.9000,0.9050,0.8960,0.9020,778171054,700825202
2023-04-27,0.9000,0.9110,0.8960,0.9080,1142665949,1032665864
2023-04-28,0.9120,0.9350,0.9070,0.9280,1586630049,1465368779
2023-05-04,0.9220,0.9410,0.9180,0.9390,1127464938,1051274128
2023-05-05,0.9390,0.9720,0.9390,0.9530,2187057971,2099344296
2023-05-08,0.9510,0.9830,0.9440,0.9720,1871699487,1808500222
2023-05-09,0.9760,1.0270,0.9710,0.9830,3578252751,3581015793
2023-05-10,0.9730,0.9810,0.9520,0.9550,1423378682,1372328799
2023-05-11,0.9580,0.9660,0.9530,0.9540,789265513,756727335
2023-05-12,0.9540,0.9580,0.9400,0.9410,841745853,797699952
2023-05-15,0.9410,0.9580,0.9220,0.9550,1501704122,1407256226
2023-05-16,0.9540,0.9650,0.9440,0.9460,969923701,925253803
2023-05-17,0.9450,0.9520,0.9410,0.9440,673011725,635980825
2023-05-18,0.9460,0.9520,0.9380,0.9410,795893935,751716964
2023-05-19,0.9380,0.9390,0.9260,0.9280,942732498,876872732
2023-05-22,0.9260,0.9310,0.9220,0.9260,762234800,705398024
2023-05-23,0.9270,0.9280,0.9120,0.9130,1069780509,982423025
2023-05-24,0.9100,0.9110,0.8980,0.8990,1480520378,1339027035
2023-05-25,0.8960,0.9010,0.8890,0.9010,1309142473,1172521244
2023-05-26,0.8980,0.9050,0.8940,0.9030,986888865,887579667
2023-05-29,0.9050,0.9050,0.8930,0.8940,922203135,828375618
2023-05-30,0.8940,0.8980,0.8850,0.8970,1078740961,961882985
2023-05-31,0.8950,0.8960,0.8880,0.8910,841392336,750564030
2023-06-01,0.8910,0.9020,0.8880,0.8930,988285588,885247559
2023-06-02,0.8960,0.9000,0.8940,0.8990,1045360818,938832196
2023-06-05,0.8990,0.9010,0.8920,0.8940,770015922,689967275
2023-06-06,0.8930,0.8990,0.8810,0.8820,1169297361,1041109440
2023-06-07,0.8820,0.8910,0.8810,0.8830,771774698,683026943
2023-06-08,0.8830,0.8970,0.8780,0.8940,1200865305,1066817340
2023-06-09,0.8930,0.8940,0.8880,0.8920,788709065,702725497
2023-06-12,0.8890,0.8900,0.8800,0.8830,908524593,802719964
2023-06-13,0.8820,0.8880,0.8810,0.8880,785519095,695612303
2023-06-14,0.8890,0.9000,0.8880,0.8890,950295865,848751505
2023-06-15,0.8900,0.9030,0.8880,0.9020,1470018183,1318405245
2023-06-16,0.9030,0.9080,0.8980,0.9060,1339853763,1210309458
2023-06-19,0.9050,0.9050,0.8970,0.8980,856879428,771069617
2023-06-20,0.8970,0.9010,0.8950,0.8950,861243000,772905432
2023-06-21,0.8940,0.8960,0.8780,0.8790,1195762595,1059379297
2023-06-26,0.8720,0.8730,0.8580,0.8580,1238433775,1070012116
2023-06-27,0.8600,0.8680,0.8590,0.8660,660524368,570703596
2023-06-28,0.8650,0.8680,0.8590,0.8660,725824078,626826817
2023-06-29,0.8640,0.8690,0.8610,0.8630,741305976,640544019
2023-06-30,0.8620,0.8820,0.8620,0.8790,1084345044,948483264
2023-07-03,0.8790,0.8950,0.8790,0.8910,1002928321,890177496
2023-07-04,0.8900,0.8950,0.8860,0.8910,644760400,574167946
2023-07-05,0.8900,0.8920,0.8850,0.8850,478063874,424321881
2023-07-06,0.8840,0.8900,0.8810,0.8850,553995422,490094319
2023-07-07,0.8810,0.8940,0.8800,0.8900,829462624,736490547
2023-07-10,0.8940,0.8970,0.8870,0.8900,653796800,583107304
2023-07-11,0.8930,0.8960,0.8900,0.8950,609351477,544343956
2023-07-12,0.8950,0.8990,0.8860,0.8890,683955835,610140933
2023-07-13,0.8920,0.9050,0.8920,0.9030,1214906927,1095335318
2023-07-14,0.9040,0.9050,0.9000,0.9010,577349975,520865215
2023-07-17,0.9000,0.9000,0.8930,0.8960,622394590,557610643
2023-07-18,0.8980,0.9020,0.8950,0.8990,495462600,445243556
2023-07-19,0.8970,0.9050,0.8960,0.9040,910388745,820200414
2023-07-20,0.9070,0.9090,0.8960,0.8960,760201624,686970025
2023-07-21,0.8940,0.9040,0.8940,0.8990,683463062,614686575
2023-07-24,0.8950,0.9030,0.8930,0.8980,620159493,556926716
2023-07-25,0.9290,0.9520,0.9220,0.9490,3341923923,3125045902
2023-07-26,0.9420,0.9490,0.9350,0.9460,1280376161,1206936556
2023-07-27,0.9440,0.9500,0.9350,0.9360,1026796195,966883731
2023-07-28,0.9330,1.0180,0.9320,1.0170,4196440441,4133506835
2023-07-31,1.0260,1.0450,1.0110,1.0130,3426204826,3523649483
2023-08-01,1.0010,1.0320,1.0010,1.0110,2317738670,2353033750
2023-08-02,1.0060,1.0390,1.0050,1.0180,1811517262,1852062624
2023-08-03,1.0270,1.0590,1.0080,1.0540,2800412096,2907133770
2023-08-04,1.0800,1.1130,1.0590,1.0630,4402229960,4764738037
2023-08-07,1.0410,1.0670,1.0400,1.0660,1888443674,1991189742
2023-08-08,1.0560,1.0810,1.0270,1.0590,2149621941,2267948212
2023-08-09,1.0470,1.0660,1.0470,1.0530,1278363319,1349670499
2023-08-10,1.0530,1.0750,1.0500,1.0740,1858348624,1973236817
2023-08-11,1.0660,1.0660,1.0260,1.0270,2964014615,3090182916
2023-08-14,1.0060,1.0330,1.0050,1.0170,1819832754,1852987834
2023-08-15,1.0110,1.0370,1.0110,1.0360,1772864698,1818754759
2023-08-16,1.0240,1.0640,1.0130,1.0380,1967295406,2046001727
2023-08-17,1.0280,1.0450,1.0190,1.0380,1595241199,1646860233
2023-08-18,1.0380,1.0530,1.0200,1.0210,1248198441,1292544737
2023-08-21,1.0100,1.0190,0.9840,0.9850,1879141259,1876326590
2023-08-22,0.9890,1.0100,0.9830,1.0040,2044527164,2033985773
2023-08-23,0.9950,0.9960,0.9760,0.9770,1095454352,1080360527
2023-08-24,0.9830,1.0090,0.9830,0.9920,1683396364,1672052091
2023-08-25,0.9880,1.0060,0.9870,0.9980,1329669937,1327355157
2023-08-28,1.0980,1.0980,1.0180,1.0230,4283547691,4563548260
2023-08-29,1.0110,1.0250,0.9870,1.0160,2890584770,2910176323
2023-08-30,1.0080,1.0080,0.9850,0.9870,1874502769,1865023964
2023-08-31,0.9860,0.9910,0.9660,0.9680,1415041508,1380494209
2023-09-01,0.9750,0.9800,0.9660,0.9690,1162483440,1130188786
2023-09-04,0.9730,0.9810,0.9650,0.9760,1144676277,1115838900
2023-09-05,0.9730,0.9740,0.9630,0.9670,926958155,896221364
2023-09-06,0.9620,0.9670,0.9570,0.9640,928280616,892537521
2023-09-07,0.9630,0.9700,0.9560,0.9590,1198943112,1154161790
2023-09-08,0.9560,0.9670,0.9500,0.9640,1071008900,1026706261
2023-09-11,0.9640,0.9850,0.9580,0.9790,1474030359,1434172438
2023-09-12,0.9730,0.9770,0.9670,0.9680,800318178,777476432
2023-09-13,0.9660,0.9690,0.9530,0.9570,894402548,857847376
2023-09-14,0.9580,0.9650,0.9550,0.9610,775274106,743670634
2023-09-15,0.9650,0.9670,0.9510,0.9570,885431563,848961546
2023-09-18,0.9510,0.9580,0.9460,0.9550,660794519,630007039
2023-09-19,0.9550,0.9610,0.9520,0.9560,869401900,831443568
2023-09-20,0.9540,0.9590,0.9500,0.9520,508825800,486108758
2023-09-21,0.9510,0.9590,0.9450,0.9450,740754500,704115276
2023-09-22,0.9430,0.9750,0.9420,0.9740,1537081758,1479129260
2023-09-25,0.9690,0.9690,0.9500,0.9500,1046712155,999412358
2023-09-26,0.9490,0.9560,0.9480,0.9520,496006093,472467408
2023-09-27,0.9510,0.9560,0.9490,0.9530,777109274,740733614
2023-09-28,0.9550,0.9570,0.9450,0.9470,823115900,779883296
2023-10-09,0.9410,0.9410,0.9250,0.9350,979731615,913680617
2023-10-10,0.9390,0.9430,0.9320,0.9320,523690256,490510775
2023-10-11,0.9360,0.9400,0.9280,0.9300,703777907,657177330
2023-10-12,0.9440,0.9460,0.9370,0.9410,777418664,731441741
2023-10-13,0.9320,0.9350,0.9290,0.9310,610988988,569286608
2023-10-16,0.9300,0.9350,0.9240,0.9290,755258358,701900085
2023-10-17,0.9310,0.9500,0.9270,0.9420,1098576722,1032843899
2023-10-18,0.9380,0.9460,0.9360,0.9410,712756925,671248790
2023-10-19,0.9360,0.9510,0.9340,0.9350,1117495723,1052097658
2023-10-20,0.9300,0.9430,0.9290,0.9380,983334175,921433033
2023-10-23,0.9340,0.9340,0.9110,0.9140,1249764295,1148746459
2023-10-24,0.9190,0.9480,0.9170,0.9450,1487259922,1388155061
2023-10-25,0.9580,0.9580,0.9420,0.9440,1504462642,1426270861
2023-10-26,0.9350,0.9450,0.9330,0.9430,859970333,808103540
2023-10-27,0.9390,0.9510,0.9330,0.9470,1345772511,1268552667
2023-10-30,0.9420,0.9450,0.9340,0.9430,1368022447,1285460816
2023-10-31,0.9410,0.9490,0.9390,0.9450,1037012409,978953891
2023-11-01,0.9510,0.9530,0.9410,0.9420,904173286,854485233
2023-11-02,0.9430,0.9490,0.9340,0.9350,921727087,867502170
2023-11-03,0.9370,0.9490,0.9350,0.9460,999800100,943225713
2023-11-06,0.9720,0.9870,0.9620,0.9840,2544390774,2481472896
2023-11-07,0.9780,0.9920,0.9750,0.9870,1437376813,1418646039
2023-11-08,0.9840,0.9900,0.9700,0.9790,1202052419,1176450326
2023-11-09,0.9750,0.9790,0.9700,0.9750,986793264,961231599
2023-11-10,0.9680,0.9800,0.9680,0.9750,1191586033,1162521579
2023-11-13,0.9750,0.9760,0.9660,0.9700,886132406,858562516
2023-11-14,0.9700,0.9970,0.9690,0.9830,1798221558,1767687327
2023-11-15,0.9930,0.9980,0.9820,0.9840,1376419802,1360955805
2023-11-16,0.9820,0.9890,0.9740,0.9750,836113318,820641685
2023-11-17,0.9730,0.9810,0.9720,0.9790,770890510,752614040
2023-11-20,0.9790,0.9790,0.9630,0.9750,983224870,953955165
2023-11-21,0.9770,0.9910,0.9720,0.9730,1167710518,1146142750
2023-11-22,0.9700,0.9750,0.9630,0.9640,767766287,743463846
2023-11-23,0.9640,0.9670,0.9570,0.9670,802311734,772068409
2023-11-24,0.9650,0.9650,0.9540,0.9570,697518813,668571615
2023-11-27,0.9520,0.9530,0.9410,0.9460,876962313,828608799
2023-11-28,0.9460,0.9490,0.9400,0.9450,595392855,562496129
2023-11-29,0.9460,0.9470,0.9330,0.9360,783014578,734869661
2023-11-30,0.9360,0.9420,0.9340,0.9380,789764815,740927435
2023-12-01,0.9380,0.9450,0.9350,0.9450,898429400,844874212
2023-12-04,0.9440,0.9490,0.9410,0.9420,823647967,778022229
2023-12-05,0.9400,0.9440,0.9290,0.9300,995002573,932032180
2023-12-06,0.9290,0.9330,0.9250,0.9270,810621079,752812793
2023-12-07,0.9250,0.9340,0.9220,0.9320,795958428,739633360
2023-12-08,0.9310,0.9340,0.9250,0.9250,1214358857,1128253792
2023-12-11,0.9210,0.9430,0.9110,0.9400,1438700853,1333203868
2023-12-12,0.9360,0.9410,0.9340,0.9360,721085659,675578043
2023-12-13,0.9360,0.9360,0.9240,0.9250,721429682,670719151
2023-12-14,0.9310,0.9320,0.9200,0.9210,770391150,713159887
2023-12-15,0.9250,0.9330,0.9190,0.9210,940462344,869726776
2023-12-18,0.9210,0.9290,0.9160,0.9200,858792500,791894114
2023-12-19,0.9190,0.9230,0.9100,0.9180,1002877391,920012368
2023-12-20,0.9170,0.9180,0.8920,0.8930,1476755217,1332833794
2023-12-21,0.8890,0.8970,0.8850,0.8930,945147446,842653526
2023-12-22,0.8920,0.8970,0.8850,0.8900,940553344,837703462
2023-12-25,0.8890,0.8900,0.8820,0.8850,557469220,493414589
2023-12-26,0.8850,0.8850,0.8720,0.8740,760346200,666743114
2023-12-27,0.8750,0.8870,0.8660,0.8820,1123960756,986214983
2023-12-28,0.8780,0.9060,0.8770,0.9020,1511627000,1352515770
2023-12-29,0.9000,0.9060,0.8980,0.9020,957496281,863488999
2024-01-02,0.9010,0.9020,0.8900,0.8910,702092212,628027345
2024-01-03,0.8890,0.8960,0.8870,0.8920,770960909,687244285
2024-01-04,0.8910,0.8910,0.8770,0.8840,1030382955,909063930
2024-01-05,0.8820,0.8910,0.8720,0.8770,912306000,805473867
2024-01-08,0.8730,0.8760,0.8600,0.8600,833301900,721630284
2024-01-09,0.8620,0.8660,0.8520,0.8580,758185379,652016817
2024-01-10,0.8550,0.8630,0.8490,0.8540,693530300,593389992
2024-01-11,0.8530,0.8650,0.8510,0.8620,773119448,663825690
2024-01-12,0.8590,0.8660,0.8530,0.8530,678807511,583351597
2024-01-15,0.8490,0.8610,0.8470,0.8520,618658550,527870414
2024-01-16,0.8500,0.8640,0.8460,0.8630,996475266,851511369
2024-01-17,0.8590,0.8590,0.8460,0.8470,914090033,780706532
2024-01-18,0.8410,0.8570,0.8270,0.8550,1608589278,1348863496
2024-01-19,0.8490,0.8520,0.8430,0.8460,962390421,815880411
2024-01-22,0.8450,0.8520,0.8210,0.8280,1247477640,1050574463
2024-01-23,0.8260,0.8530,0.8200,0.8450,1449817810,1216343438
2024-01-24,0.8490,0.8890,0.8370,0.8870,2217446262,1909663392
2024-01-25,0.8730,0.8990,0.8700,0.8900,2125625575,1880441233
2024-01-26,0.8840,0.9010,0.8810,0.8900,1451936192,1291647520
2024-01-29,0.8880,0.8920,0.8730,0.8750,1094274466,965849871
2024-01-30,0.8690,0.8810,0.8630,0.8640,1027136300,896220120
2024-01-31,0.8600,0.8690,0.8500,0.8550,1338180850,1149959748
2024-02-01,0.8490,0.8660,0.8440,0.8520,1127966318,963719658
2024-02-02,0.8520,0.8550,0.8090,0.8330,1666468450,1389016461
2024-02-05,0.8240,0.8370,0.8000,0.8150,1662056814,1361064224
2024-02-06,0.8080,0.8680,0.8060,0.8630,1710286397,1438263158
2024-02-07,0.8580,0.8780,0.8570,0.8730,1384915402,1204470493
2024-02-08,0.8830,0.8950,0.8760,0.8810,1168265202,1034916497
2024-02-19,0.8780,0.8780,0.8600,0.8710,1116676513,969061546
2024-02-20,0.8680,0.8890,0.8640,0.8820,1369501069,1202733737
2024-02-21,0.8750,0.9110,0.8710,0.8910,1945200329,1739203893
2024-02-22,0.8860,0.9050,0.8840,0.9010,1374109745,1230385113
2024-02-23,0.9010,0.9060,0.8940,0.9020,1300495584,1171402690
2024-02-26,0.9000,0.9030,0.8940,0.8950,980914291,881102470
2024-02-27,0.8930,0.9100,0.8930,0.9090,1112880483,1003054811
2024-02-28,0.9160,0.9310,0.8940,0.8950,2158753354,1981063318
2024-02-29,0.8920,0.9140,0.8910,0.9130,1486759894,1343828592
2024-03-01,0.9110,0.9240,0.9070,0.9200,1382945523,1264946108
2024-03-04,0.9180,0.9180,0.9040,0.9080,1169098526,1061965622
2024-03-05,0.9020,0.9080,0.8980,0.9010,1161370388,1047341232
2024-03-06,0.9010,0.9130,0.8950,0.9020,1121828183,1013545115
2024-03-07,0.8990,0.9070,0.8870,0.8900,1333512934,1195504002
2024-03-08,0.8900,0.8950,0.8870,0.8920,788686812,702706572
2024-03-11,0.8930,0.9060,0.8920,0.9060,1311208110,1179841187
2024-03-12,0.9090,0.9150,0.9020,0.9120,1602269410,1456009555
2024-03-13,0.9110,0.9110,0.8970,0.8980,1158804853,1045015838
2024-03-14,0.8960,0.9020,0.8860,0.8910,1080596808,965186255
2024-03-15,0.8880,0.8980,0.8840,0.8960,1114943401,992889593
2024-03-18,0.9010,0.9230,0.8990,0.9170,1964528480,1792480546
2024-03-19,0.9130,0.9130,0.8990,0.9000,1172652771,1061630196
2024-03-20,0.8980,0.9060,0.8960,0.9020,1085634403,977897156
2024-03-21,0.9050,0.9150,0.9030,0.9060,1208153983,1097703067
2024-03-22,0.9040,0.9060,0.8880,0.8900,1450622935,1297543607
2024-03-25,0.8810,0.8820,0.8630,0.8640,1602884632,1398481473
2024-03-26,0.8640,0.8690,0.8600,0.8660,823282635,711509645
2024-03-27,0.8640,0.8650,0.8500,0.8510,912523708,782895376
2024-03-28,0.8520,0.8630,0.8500,0.8530,1021046444,873335208
2024-03-29,0.8520,0.8570,0.8460,0.8560,986538716,840507607
2024-04-01,0.8670,0.8700,0.8640,0.8690,1008260071,874934068
2024-04-02,0.8690,0.8730,0.8610,0.8630,747274989,647027659
2024-04-03,0.8610,0.8660,0.8560,0.8560,636786586,546980803
2024-04-08,0.8500,0.8520,0.8410,0.8420,874644990,739461576
2024-04-09,0.8430,0.8470,0.8410,0.8450,565051605,476902042
2024-04-10,0.8440,0.8440,0.8240,0.8290,1170524991,974878814
2024-04-11,0.8240,0.8330,0.8240,0.8260,797752252,661073410
2024-04-12,0.8260,0.8280,0.8090,0.8110,1020210600,833222747
2024-04-15,0.8060,0.8330,0.8000,0.8240,1498203745,1224974185
2024-04-16,0.8180,0.8260,0.8080,0.8090,1050346896,859017238
2024-04-17,0.8100,0.8270,0.8060,0.8250,1336243644,1092886147
2024-04-18,0.8230,0.8440,0.8210,0.8320,1537378756,1282143403
2024-04-19,0.8280,0.8350,0.8250,0.8270,848030447,703538339
2024-04-22,0.8250,0.8380,0.8240,0.8290,828738154,687716432
2024-04-23,0.8310,0.8330,0.8240,0.8270,748447200,620108488
2024-04-24,0.8280,0.8300,0.8220,0.8280,805285537,665708775
2024-04-25,0.8250,0.8310,0.8210,0.8270,830156300,685743269
2024-04-26,0.8460,0.8790,0.8380,0.8780,2926420888,2508240990
2024-04-29,0.8770,0.8970,0.8740,0.8890,2395407682,2123549457
2024-04-30,0.8840,0.8860,0.8710,0.8730,1273929132,1117969036
2024-05-06,0.8840,0.8920,0.8740,0.8780,1398386400,1234143725
2024-05-07,0.8760,0.8800,0.8700,0.8750,1027053566,898461099
2024-05-08,0.8720,0.8730,0.8610,0.8620,1027053766,889127167
2024-05-09,0.8630,0.8750,0.8630,0.8700,1307203984,1135703477
2024-05-10,0.8700,0.8790,0.8660,0.8760,1408469782,1228811515
2024-05-13,0.8720,0.8850,0.8640,0.8780,1217929107,1065758916
2024-05-14,0.8770,0.8830,0.8700,0.8830,1229080502,1076962547
2024-05-15,0.8880,0.8890,0.8590,0.8590,1705966646,1483355772
2024-05-16,0.8610,0.8700,0.8570,0.8580,1051463523,907244001
2024-05-17,0.8580,0.8720,0.8550,0.8710,1087104476,939067439
2024-05-20,0.8690,0.8820,0.8680,0.8720,1425762280,1248666298
2024-05-21,0.8700,0.8740,0.8640,0.8660,855712350,742912453
2024-05-22,0.8660,0.8730,0.8630,0.8690,935272990,811786261
2024-05-23,0.8660,0.8670,0.8500,0.8510,1200727999,1028345993
2024-05-24,0.8490,0.8530,0.8390,0.8400,962787100,814167863
2024-05-27,0.8430,0.8490,0.8380,0.8480,794755035,670246074
2024-05-28,0.8460,0.8500,0.8390,0.8400,812874100,684727199
2024-05-29,0.8390,0.8490,0.8380,0.8410,707168500,596646621
2024-05-30,0.8380,0.8430,0.8350,0.8400,708065699,593815123
2024-05-31,0.8420,0.8470,0.8380,0.8390,803143800,675716623
2024-06-03,0.8360,0.8360,0.8240,0.8280,1147682114,951771818
2024-06-04,0.8280,0.8360,0.8270,0.8340,948551909,789554212
2024-06-05,0.8330,0.8380,0.8300,0.8310,856698545,714012944
2024-06-06,0.8320,0.8340,0.8180,0.8200,1352996600,1115561202
2024-06-07,0.8220,0.8250,0.8040,0.8150,1474242802,1200864467
2024-06-11,0.8130,0.8220,0.8100,0.8160,919310310,750425327
2024-06-12,0.8150,0.8180,0.8130,0.8160,713403700,581946313
2024-06-13,0.8170,0.8190,0.8120,0.8150,921256698,750699779
2024-06-14,0.8140,0.8400,0.8120,0.8330,2080461326,1717560546
2024-06-17,0.8240,0.8340,0.8210,0.8320,1003034600,831213763
2024-06-18,0.8320,0.8440,0.8310,0.8380,1237413500,1037467476
2024-06-19,0.8390,0.8400,0.8260,0.8270,1026244500,853257531
2024-06-20,0.8260,0.8290,0.8180,0.8200,959510029,789077681
2024-06-21,0.8220,0.8260,0.8180,0.8210,984993000,809576668
2024-06-24,0.8180,0.8210,0.8120,0.8130,950437200,775760328
2024-06-25,0.8120,0.8140,0.7950,0.7990,1753772500,1409235603
2024-06-26,0.7970,0.8110,0.7970,0.8100,1315684129,1057778041
2024-06-27,0.8070,0.8070,0.8010,0.8010,779594800,626576951
2024-06-28,0.8000,0.8080,0.7810,0.7830,1738892681,1381172737
2024-07-01,0.7800,0.7870,0.7730,0.7840,1107079446,863989650
2024-07-02,0.7830,0.7900,0.7790,0.7820,884047499,693744813
2024-07-03,0.7810,0.7860,0.7760,0.7820,754347700,589250262
2024-07-04,0.7830,0.7850,0.7670,0.7670,1040071700,805180828
2024-07-05,0.7670,0.7750,0.7630,0.7680,963182550,739740937
2024-07-08,0.7660,0.7660,0.7460,0.7480,1094598972,826092128
2024-07-09,0.7490,0.7660,0.7430,0.7630,1294004300,976822269
2024-07-10,0.7580,0.7760,0.7570,0.7640,1074016700,823448855
2024-07-11,0.7720,0.7810,0.7690,0.7760,1005914300,780045465
2024-07-12,0.7750,0.7780,0.7700,0.7750,623909700,482808619
2024-07-15,0.7720,0.7770,0.7700,0.7730,539155654,416895662
2024-07-16,0.7740,0.7830,0.7710,0.7800,818401099,637682154
2024-07-17,0.7800,0.7880,0.7790,0.7860,813569000,638384550
2024-07-18,0.7840,0.7900,0.7760,0.7900,918417800,719896023
2024-07-19,0.7870,0.8010,0.7870,0.7990,1087116653,864896784
2024-07-22,0.8090,0.8130,0.7950,0.8050,1106549300,889496579
2024-07-23,0.8010,0.8060,0.7860,0.7860,924167700,736037408
2024-07-24,0.7840,0.7870,0.7760,0.7770,782409732,611170087
2024-07-25,0.7760,0.7920,0.7760,0.7870,898580105,706160424
2024-07-26,0.7880,0.8070,0.7850,0.8010,935207375,747042895
2024-07-29,0.7970,0.8030,0.7930,0.7930,600066900,478498583
2024-07-30,0.7920,0.7990,0.7890,0.7970,720033600,572835643
2024-07-31,0.7980,0.8490,0.7980,0.8410,2520496500,2089873845
2024-08-01,0.8340,0.8410,0.8310,0.8350,1056769600,883241683
2024-08-02,0.8300,0.8380,0.8160,0.8190,994995400,821213783
2024-08-05,0.8140,0.8300,0.8120,0.8120,989822500,812208812
2024-08-06,0.8210,0.8240,0.8060,0.8150,852436225,692698776
2024-08-07,0.8140,0.8190,0.8080,0.8100,737484125,598808751
2024-08-08,0.8090,0.8250,0.8070,0.8130,883062694,719905167
2024-08-09,0.8180,0.8210,0.8060,0.8060,775197125,630194569
2024-08-12,0.8030,0.8080,0.8000,0.8040,583122800,468579678
2024-08-13,0.8050,0.8160,0.8000,0.8150,803976327,649606142
2024-08-14,0.8120,0.8160,0.8070,0.8080,617813148,501006560
2024-08-15,0.8060,0.8250,0.8050,0.8170,1050200081,858168268
2024-08-16,0.8150,0.8180,0.8100,0.8120,611693100,497703550
2024-08-19,0.8100,0.8180,0.8080,0.8110,489251100,397692159
2024-08-20,0.8130,0.8130,0.8020,0.8050,683630685,551049014
2024-08-21,0.8030,0.8070,0.7990,0.8000,457257846,366943475
2024-08-22,0.8040,0.8060,0.7860,0.7880,757233000,601290071
2024-08-23,0.7860,0.8010,0.7860,0.7950,700760351,555711196
2024-08-26,0.7950,0.8010,0.7910,0.7950,499370654,397515978
2024-08-27,0.7940,0.7950,0.7850,0.7880,384205700,302842781
2024-08-28,0.7870,0.7920,0.7850,0.7890,408671600,322335335
2024-08-29,0.7870,0.8000,0.7860,0.7940,660723290,525427148
2024-08-30,0.7920,0.8210,0.7910,0.8140,1331769889,1081251524
2024-09-02,0.8090,0.8110,0.7920,0.7930,877858625,702102692
2024-09-03,0.7920,0.8030,0.7910,0.7990,566959700,452257947
2024-09-04,0.7940,0.8050,0.7940,0.7980,510213500,408106140
2024-09-05,0.7980,0.8060,0.7970,0.8060,634400008,508951601
2024-09-06,0.8220,0.8260,0.8080,0.8090,1468354745,1199549688
2024-09-09,0.8010,0.8170,0.8000,0.8080,855589750,692680194
2024-09-10,0.8090,0.8100,0.7950,0.8050,743841294,596609778
2024-09-11,0.8040,0.8090,0.8010,0.8040,522843829,420623145
2024-09-12,0.8050,0.8090,0.8010,0.8030,581256460,467954924
2024-09-13,0.8040,0.8130,0.8030,0.8050,648685837,523822283
2024-09-18,0.8030,0.8080,0.7970,0.8060,639377071,513007965
2024-09-19,0.8090,0.8250,0.8040,0.8160,1099486622,896773102
2024-09-20,0.8130,0.8160,0.8090,0.8160,595942188,484399827
2024-09-23,0.8160,0.8200,0.8120,0.8160,642035900,523852272
2024-09-24,0.8250,0.8670,0.8180,0.8660,3128328771,2642177599
2024-09-25,0.8840,0.9050,0.8780,0.8820,3083614523,2746062952
2024-09-26,0.8750,0.9400,0.8740,0.9380,3403000968,3089546335
2024-09-27,0.9660,1.0080,0.9480,1.0060,2547927862,2477682110
2024-09-30,1.1000,1.1070,1.0760,1.1070,4557521809,5015074842
2024-10-08,1.2180,1.2180,1.2180,1.2180,1496078629,1822223770
2024-10-09,1.2170,1.2970,1.1400,1.1790,9228539842,11375262032
2024-10-10,1.2000,1.2000,1.0980,1.1130,5359103648,6074938829
2024-10-11,1.0950,1.1450,1.0930,1.1160,3624426364,4036513622
2024-10-14,1.1270,1.1350,1.0630,1.1240,3713624671,4087779888
2024-10-15,1.1030,1.1260,1.0860,1.0870,1997321366,2214938402
2024-10-16,1.0670,1.1220,1.0650,1.0940,1996428569,2184560509
2024-10-17,1.0970,1.1230,1.0860,1.0880,1488213654,1643842345
2024-10-18,1.0830,1.1970,1.0760,1.1690,3691042441,4203983466
2024-10-21,1.1450,1.1530,1.1270,1.1370,2509201896,2860041779
2024-10-22,1.1340,1.1560,1.1310,1.1460,1772848742,2024813412
2024-10-23,1.1480,1.1720,1.1340,1.1400,2175377100,2509842451
2024-10-24,1.1320,1.1450,1.1250,1.1380,1578480468,1793811567
2024-10-25,1.1400,1.1640,1.1340,1.1470,1770097582,2032447279
2024-10-28,1.1460,1.1550,1.1400,1.1490,1183706058,1357180903
2024-10-29,1.1550,1.1680,1.1330,1.1360,1646758538,1890111021
2024-10-30,1.1310,1.1460,1.1200,1.1330,1278310115,1448231854
2024-10-31,1.1290,1.1940,1.1250,1.1660,2806969848,3279074205
2024-11-01,1.1600,1.1880,1.1500,1.1530,1599155365,1866009495
2024-11-04,1.1590,1.1990,1.1570,1.1980,1877823183,2213493905
2024-11-05,1.2000,1.2770,1.1820,1.2650,3542451198,4399340435
2024-11-06,1.2750,1.3250,1.2460,1.2570,3773809557,4832009649
2024-11-07,1.2360,1.3740,1.2310,1.3640,4239026985,5552459819
2024-11-08,1.3930,1.3970,1.3140,1.3200,3392838944,4575118388
2024-11-11,1.3000,1.3310,1.2880,1.3210,2349442017,3082586305
2024-11-12,1.3230,1.3320,1.2720,1.2890,2187001300,2848769138
2024-11-13,1.2770,1.3000,1.2620,1.2860,1707118500,2185299785
2024-11-14,1.2820,1.3010,1.2640,1.2650,1615748784,2076010388
2024-11-15,1.2660,1.2760,1.2140,1.2150,1834061454,2279364689
2024-11-18,1.2150,1.2300,1.1890,1.1990,1728934670,2085945570
2024-11-19,1.2050,1.2270,1.1890,1.2250,1673832685,2021163728
2024-11-20,1.2160,1.2360,1.2070,1.2250,1572614900,1921106504
2024-11-21,1.2230,1.2480,1.2170,1.2370,1812504337,2233968111
2024-11-22,1.2330,1.2370,1.1760,1.1780,1721445600,2081482924
2024-11-25,1.1770,1.1820,1.1480,1.1670,1416774700,1649092706
2024-11-26,1.1640,1.1910,1.1630,1.1670,1016141800,1195319644
2024-11-27,1.1650,1.1970,1.1600,1.1960,1519708337,1791791312
2024-11-28,1.1960,1.2000,1.1810,1.1840,1128001400,1343246293
2024-11-29,1.1830,1.2530,1.1790,1.2160,2531494204,3081136360
2024-12-02,1.2080,1.2370,1.2000,1.2300,1493375215,1830947934
2024-12-03,1.2280,1.2400,1.2130,1.2290,1484765794,1819071829
2024-12-04,1.2230,1.2370,1.2080,1.2140,1054519369,1289236614
2024-12-05,1.2120,1.2380,1.2110,1.2280,1277257090,1567565281
2024-12-06,1.2260,1.2590,1.2190,1.2440,2087953800,2597186520
2024-12-09,1.2400,1.2480,1.2190,1.2320,1232670600,1520748827
2024-12-10,1.3020,1.3090,1.2410,1.2440,2590997749,3299411806
2024-12-11,1.2400,1.2520,1.2320,1.2410,1015630148,1261254812
2024-12-12,1.2410,1.2700,1.2350,1.2590,1678302640,2102311515
2024-12-13,1.2470,1.2470,1.2180,1.2190,1578647440,1943649621
2024-12-16,1.2180,1.2180,1.1960,1.2010,901975241,1086618077
2024-12-17,1.2000,1.2140,1.1960,1.2030,949246400,1143338205
2024-12-18,1.2060,1.2090,1.1970,1.2020,812921300,977573738
2024-12-19,1.1880,1.2010,1.1850,1.1980,982696929,1172801877
2024-12-20,1.1950,1.2130,1.1950,1.2030,1033574389,1244857139
2024-12-23,1.2010,1.2120,1.1860,1.1880,1077512810,1290854021
2024-12-24,1.1870,1.2110,1.1870,1.2090,1373772214,1649993115
2024-12-25,1.2090,1.2110,1.1910,1.2010,1270223900,1524961250
2024-12-26,1.2000,1.2080,1.1980,1.2040,917425700,1103730390
2024-12-27,1.2040,1.2330,1.2020,1.2130,1883148245,2291249818
2024-12-30,1.2090,1.2260,1.2070,1.2250,1497954758,1824302400
2024-12-31,1.2250,1.2250,1.1670,1.1700,1969973479,2354513225
2025-01-02,1.1630,1.1660,1.0950,1.1060,2068158296,2334990992
2025-01-03,1.1060,1.1100,1.0750,1.0760,1554134100,1692733949
2025-01-06,1.0690,1.0810,1.0660,1.0770,1066197100,1145180951
2025-01-07,1.0790,1.0900,1.0710,1.0890,1019333200,1101444829
2025-01-08,1.0850,1.0890,1.0540,1.0770,1305711900,1397272764
2025-01-09,1.0730,1.0850,1.0700,1.0730,695869400,749380134
2025-01-10,1.0720,1.0810,1.0540,1.0540,915198200,977482939
2025-01-13,1.0410,1.0620,1.0400,1.0570,824909900,868944467
2025-01-14,1.0620,1.1040,1.0610,1.1030,1816547079,1975227957
2025-01-15,1.0950,1.0990,1.0890,1.0900,890370100,973175904
2025-01-16,1.0970,1.1100,1.0810,1.0920,1108659400,1213517057
2025-01-17,1.0860,1.1010,1.0840,1.0940,939882074,1028252488
2025-01-20,1.1070,1.1140,1.0960,1.0990,1042354274,1151141422
2025-01-21,1.1080,1.1090,1.0910,1.1030,908375043,999324962
2025-01-22,1.1000,1.1030,1.0900,1.0970,858229335,939787230
2025-01-23,1.1190,1.1410,1.1000,1.1010,1962403123,2200067040
2025-01-24,1.0980,1.1210,1.0950,1.1140,1248864400,1387580204
2025-01-27,1.1180,1.1180,1.0850,1.0860,1083168599,1189833454
2025-02-05,1.0950,1.0970,1.0820,1.0860,787664500,857462673
2025-02-06,1.0860,1.1060,1.0820,1.1040,1347781576,1477151200
2025-02-07,1.1030,1.1450,1.1000,1.1280,2664633406,2994857733
2025-02-10,1.1280,1.1350,1.1210,1.1300,1335906000,1506889343
2025-02-11,1.1290,1.1290,1.1120,1.1200,1293487716,1446702806
2025-02-12,1.1170,1.1400,1.1160,1.1390,1494964000,1685189965
2025-02-13,1.1350,1.1500,1.1270,1.1310,1892210700,2151004201
2025-02-14,1.1270,1.1390,1.1240,1.1330,1355438700,1534011837
2025-02-17,1.1450,1.1490,1.1310,1.1390,1474930300,1683667027
2025-02-18,1.1340,1.1370,1.1040,1.1080,1719403100,1929024308
2025-02-19,1.1070,1.1260,1.1050,1.1220,1627082720,1820538365
2025-02-20,1.1200,1.1250,1.1120,1.1190,1244442500,1392780475
2025-02-21,1.1220,1.1470,1.1120,1.1410,3168155443,3592798652
2025-02-24,1.1400,1.1460,1.1270,1.1350,1787612653,2034333123
2025-02-25,1.1240,1.1300,1.1150,1.1170,1435733588,1611921448
2025-02-26,1.1190,1.1500,1.1160,1.1490,2813381588,3185619570
2025-02-27,1.1380,1.1520,1.1220,1.1440,3325501068,3779746755
2025-02-28,1.1360,1.1530,1.1060,1.1090,2318332185,2618025436
2025-03-03,1.1110,1.1200,1.0990,1.1050,3077785664,3419970110
2025-03-04,1.1010,1.1160,1.1000,1.1120,1212845651,1347703334
2025-03-05,1.1130,1.1180,1.1020,1.1120,1460417750,1621688742
2025-03-06,1.1190,1.1430,1.1180,1.1400,2596869986,2943362402
2025-03-07,1.1330,1.1330,1.1170,1.1200,1749354400,1969187782
2025-03-10,1.1190,1.1200,1.1060,1.1110,1204791300,1338085454
2025-03-11,1.1020,1.1150,1.1000,1.1140,1135112689,1257354563
2025-03-12,1.1170,1.1390,1.1130,1.1210,1871018153,2104484334
2025-03-13,1.1200,1.1300,1.1080,1.1140,1266406200,1414642505
2025-03-14,1.1160,1.1650,1.1150,1.1520,3571387743,4086409647
2025-03-17,1.1540,1.1550,1.1380,1.1390,1911100776,2182443499
2025-03-18,1.1440,1.1460,1.1360,1.1400,1301709200,1483838928
2025-03-19,1.1390,1.1470,1.1360,1.1390,1218309271,1388928720
2025-03-20,1.1380,1.1390,1.1280,1.1300,1166612500,1322263622
2025-03-21,1.1280,1.1340,1.1080,1.1110,1555053200,1740025324
2025-03-24,1.1110,1.1120,1.1000,1.1100,1211765099,1341233330
2025-03-25,1.1100,1.1120,1.1030,1.1070,870745393,963535150
2025-03-26,1.1060,1.1110,1.1050,1.1060,777146000,860546963
2025-03-27,1.1050,1.1160,1.0980,1.1070,1136707251,1259252187
2025-03-28,1.1080,1.1120,1.1030,1.1070,1052663000,1165750933
2025-03-31,1.1040,1.1080,1.0810,1.0850,1395817334,1524712976
2025-04-01,1.0880,1.0940,1.0810,1.0830,1195935835,1298829882
2025-04-02,1.0830,1.0930,1.0810,1.0880,864201700,940980920
2025-04-03,1.0810,1.0940,1.0800,1.0880,902953594,982486813
2025-04-07,1.0400,1.0500,0.9790,0.9790,2512060000,2518613268
2025-04-08,0.9850,0.9990,0.9810,0.9930,1652802991,1635594750
2025-04-09,0.9820,1.0230,0.9720,1.0140,2016643248,2020005149
2025-04-10,1.0290,1.0400,1.0180,1.0270,1535521761,1583468622
2025-04-11,1.0230,1.0400,1.0220,1.0310,1284736390,1322881830
2025-04-14,1.0350,1.0370,1.0280,1.0310,916687071,946179432
2025-04-15,1.0300,1.0310,1.0220,1.0260,748050817,766457690
2025-04-16,1.0240,1.0260,1.0100,1.0240,984666600,1002529626
2025-04-17,1.0190,1.0300,1.0160,1.0240,801872567,821585734
2025-04-18,1.0220,1.0350,1.0210,1.0310,1004460400,1032676099
2025-04-21,1.0270,1.0390,1.0250,1.0370,802908491,831013172
2025-04-22,1.0340,1.0420,1.0330,1.0350,846194637,877613822
2025-04-23,1.0400,1.0420,1.0330,1.0360,895600000,929057758
2025-04-24,1.0360,1.0400,1.0290,1.0320,865472001,895347413
2025-04-25,1.0340,1.0450,1.0340,1.0410,1121271889,1166166457
2025-04-28,1.0390,1.0390,1.0280,1.0330,683352766,705509322
2025-04-29,1.0320,1.0380,1.0290,1.0300,653594944,674835843
2025-04-30,1.0320,1.0410,1.0310,1.0330,690924776,715552712
2025-05-06,1.0380,1.0490,1.0360,1.0480,1044355219,1091357397
2025-05-07,1.0780,1.0860,1.0500,1.0550,1782928514,1899411828
2025-05-08,1.0490,1.0620,1.0480,1.0590,917032977,969718917
2025-05-09,1.0570,1.0570,1.0430,1.0460,864397650,905808145
2025-05-12,1.0510,1.0740,1.0480,1.0700,1697249996,1799273127
2025-05-13,1.0760,1.0790,1.0600,1.0620,1302818758,1390041460
2025-05-14,1.0630,1.1190,1.0580,1.0990,3494595175,3807905666
2025-05-15,1.0890,1.0960,1.0780,1.0790,1124474552,1219426176
2025-05-16,1.0760,1.0790,1.0640,1.0670,1048300848,1119774634
2025-05-19,1.0660,1.0710,1.0600,1.0680,582704082,620611569
2025-05-20,1.0680,1.0730,1.0640,1.0680,810926695,866309000
2025-05-21,1.0680,1.0710,1.0640,1.0650,720329395,768643378
2025-05-22,1.0620,1.0640,1.0550,1.0570,712199600,754410447
2025-05-23,1.0560,1.0630,1.0420,1.0430,1052853900,1108204451
2025-05-26,1.0420,1.0460,1.0380,1.0420,565638107,589255232
2025-05-27,1.0420,1.0430,1.0360,1.0420,579890600,603255095
2025-05-28,1.0420,1.0430,1.0350,1.0360,553036200,574182763
2025-05-29,1.0370,1.0510,1.0360,1.0490,1139486143,1192649964
2025-05-30,1.0450,1.0460,1.0370,1.0430,720722900,750613068
2025-06-03,1.0380,1.0580,1.0370,1.0520,983665270,1033148950
2025-06-04,1.0490,1.0700,1.0490,1.0650,1316949384,1400539407
2025-06-05,1.0660,1.0810,1.0640,1.0750,1479836203,1585870102
2025-06-06,1.0750,1.0790,1.0660,1.0680,712244400,762194851
2025-06-09,1.0740,1.0900,1.0730,1.0840,1445693956,1567834381
2025-06-10,1.0840,1.0840,1.0620,1.0700,1205496371,1294795577
2025-06-11,1.0710,1.1030,1.0710,1.0890,1764271624,1924321803
2025-06-12,1.0830,1.1000,1.0810,1.0870,1038635700,1131806381
2025-06-13,1.0820,1.0870,1.0730,1.0760,1022606200,1103171760
2025-06-16,1.0730,1.0930,1.0720,1.0920,1276252133,1385980590
2025-06-17,1.0900,1.0960,1.0870,1.0950,1030272977,1125735648
2025-06-18,1.0940,1.0940,1.0760,1.0820,1334157290,1443136521
2025-06-19,1.0790,1.0810,1.0600,1.0610,1370952800,1462680693
2025-06-20,1.0620,1.0670,1.0590,1.0590,567637200,602905707
2025-06-23,1.0530,1.0760,1.0520,1.0720,1060115152,1129547272
2025-06-24,1.0730,1.1080,1.0730,1.0990,2090669566,2291565382
2025-06-25,1.1020,1.1660,1.1020,1.1580,4268190000,4844540783
2025-06-26,1.1590,1.1590,1.1360,1.1380,2302416162,2640309914
2025-06-27,1.1400,1.1760,1.1370,1.1380,2451842831,2830523591
2025-06-30,1.1390,1.1410,1.1250,1.1360,1664068074,1886118012
2025-07-01,1.1370,1.1370,1.1210,1.1300,1185723821,1337006050
2025-07-02,1.1290,1.1320,1.1210,1.1240,1038879723,1169506972
2025-07-03,1.1260,1.1350,1.1250,1.1310,1088154239,1229794953
2025-07-04,1.1300,1.1520,1.1210,1.1310,1926628920,2187076180
2025-07-07,1.1270,1.1370,1.1250,1.1320,933173996,1056884302
2025-07-08,1.1320,1.1480,1.1310,1.1460,1576162141,1800398657
2025-07-09,1.1460,1.1560,1.1380,1.1410,1711589092,1963016322
2025-07-10,1.1380,1.1610,1.1370,1.1550,1675271078,1929070231
2025-07-11,1.1590,1.2060,1.1550,1.1810,3677984123,4360841728
2025-07-14,1.1860,1.1880,1.1680,1.1700,1683814544,1978247858
2025-07-15,1.1720,1.1800,1.1580,1.1640,1716963800,2002375115
2025-07-16,1.1620,1.1690,1.1520,1.1600,1289744700,1495512262
2025-07-17,1.1600,1.1680,1.1560,1.1660,1581106090,1836861570
2025-07-18,1.1670,1.1740,1.1640,1.1710,1404323834,1641528552
2025-07-21,1.1690,1.1900,1.1650,1.1870,2045147886,2414330346
2025-07-22,1.1860,1.1930,1.1730,1.1890,1891723309,2237733156
2025-07-23,1.1920,1.2220,1.1920,1.1990,3275874610,3945593247
2025-07-24,1.1940,1.2350,1.1920,1.2320,2884331435,3526718586
2025-07-25,1.2330,1.2400,1.2240,1.2270,1922325464,2365317384
2025-07-28,1.2270,1.2540,1.2210,1.2380,1835462399,2272824772
2025-07-29,1.2330,1.2440,1.2130,1.2430,2173684692,2669901497
2025-07-30,1.2390,1.2430,1.2150,1.2250,1926994510,2374194204
2025-07-31,1.2180,1.2310,1.1920,1.1980,2256878512,2734022539
2025-08-01,1.1970,1.2060,1.1860,1.1910,1686848285,2014661749
2025-08-04,1.1860,1.1940,1.1840,1.1930,1381573518,1642411621
2025-08-05,1.1960,1.2090,1.1940,1.2050,1791504876,2151252651
2025-08-06,1.2040,1.2120,1.2000,1.2100,1610921652,1943163023
2025-08-07,1.2100,1.2220,1.2030,1.2090,1688038496,2045713163
2025-08-08,1.2070,1.2080,1.1960,1.1990,1354539380,1627619165
2025-08-11,1.1980,1.2210,1.1970,1.2150,1906282600,2314334071
2025-08-12,1.2160,1.2220,1.2110,1.2210,1636432041,1992544852
2025-08-13,1.2260,1.2540,1.2160,1.2420,3180926730,3934486703
2025-08-14,1.2430,1.2680,1.2380,1.2410,2850282778,3566859398
2025-08-15,1.2360,1.3130,1.2360,1.3000,4083998919,5239395363
2025-08-18,1.3090,1.3400,1.2860,1.3170,3640979263,4784817712
2025-08-19,1.3070,1.3170,1.2890,1.2910,2360422191,3071948997
2025-08-20,1.2840,1.3040,1.2710,1.3030,2655956146,3423331204
2025-08-21,1.3150,1.3180,1.2870,1.2930,2343499894,3052625458
2025-08-22,1.2880,1.3400,1.2870,1.3380,3889650050,5125079068
2025-08-25,1.3550,1.3700,1.3310,1.3520,5015109371,6760891476
2025-08-26,1.3430,1.3510,1.3320,1.3350,2478037089,3325763929
2025-08-27,1.3320,1.3500,1.2990,1.3000,4085087662,5427564925
2025-08-28,1.3000,1.3270,1.2880,1.3260,3264593845,4264959201
2025-08-29,1.3310,1.3450,1.3200,1.3280,3703068906,4928544780
2025-09-01,1.3310,1.3340,1.3080,1.3140,2543071428,3348303077
2025-09-02,1.3130,1.3150,1.2890,1.2960,3507171682,4557034100
2025-09-03,1.3030,1.3050,1.2420,1.2500,3609472633,4584986158
2025-09-04,1.2500,1.2610,1.2320,1.2480,3234905391,4038285140
2025-09-05,1.2500,1.2600,1.2360,1.2570,2975882493,3715674437
2025-09-08,1.2540,1.2570,1.2420,1.2480,2071264074,2586810376
2025-09-09,1.2480,1.2610,1.2440,1.2470,2689459112,3363117155
2025-09-10,1.2480,1.2550,1.2400,1.2450,1738675380,2168659157
2025-09-11,1.2410,1.2850,1.2380,1.2840,4209790061,5334840542
2025-09-12,1.2820,1.2880,1.2620,1.2660,2711873072,3458111919
2025-09-15,1.2660,1.2750,1.2570,1.2620,2252819946,2853327538
2025-09-16,1.2650,1.2750,1.2510,1.2630,2669438680,3369172115
2025-09-17,1.2630,1.2800,1.2600,1.2690,3084986990,3915676711
2025-09-18,1.2670,1.2670,1.2210,1.2320,5423767180,6759573790
2025-09-19,1.2260,1.2320,1.2180,1.2210,2519449038,3085110222
2025-09-22,1.2230,1.2340,1.2180,1.2340,2126453933,2607596966
2025-09-23,1.2260,1.2270,1.2000,1.2120,3046000877,3689773040
2025-09-24,1.2060,1.2330,1.2050,1.2240,2809468291,3424415490
2025-09-25,1.2220,1.2330,1.2200,1.2240,2119086382,2599998440
2025-09-26,1.2210,1.2310,1.2180,1.2190,2004987251,2454590928
2025-09-29,1.2160,1.3090,1.2150,1.2800,6240516641,7891888990
2025-09-30,1.2730,1.2810,1.2590,1.2630,2942175854,3726644802
2025-10-09,1.2580,1.2760,1.2440,1.2670,3641087593,4590388782
2025-10-10,1.2600,1.2940,1.2580,1.2700,3329035559,4253964648
2025-10-13,1.2410,1.2580,1.2400,1.2540,3110521454,3881825653
2025-10-14,1.2570,1.2780,1.2430,1.2480,2821021789,3552663190
2025-10-15,1.2520,1.2650,1.2380,1.2650,3087127726,3866818336
2025-10-16,1.2590,1.2700,1.2530,1.2590,2499107984,3149885547
2025-10-17,1.2590,1.2690,1.2310,1.2330,3004188334,3754794699
2025-10-20,1.2430,1.2470,1.2300,1.2350,2031873398,2515499437
2025-10-21,1.2370,1.2630,1.2360,1.2460,3241904321,4047641681
2025-10-22,1.2410,1.2410,1.2300,1.2340,1698351258,2096095601
2025-10-23,1.2340,1.2460,1.2210,1.2450,2360978974,2909074339
2025-10-24,1.2470,1.2580,1.2420,1.2570,2588219917,3235565121
2025-10-27,1.2700,1.2790,1.2620,1.2720,3833471894,4872389284
2025-10-28,1.2680,1.2760,1.2610,1.2640,2349115462,2975580534
2025-10-29,1.2630,1.2970,1.2620,1.2920,4032398920,5174660601
2025-10-30,1.2870,1.2880,1.2660,1.2670,3691574085,4717239566
2025-10-31,1.2720,1.2740,1.2540,1.2540,2735295877,3449455246
2025-11-03,1.2510,1.2520,1.2350,1.2490,2483907085,3087754121
2025-11-04,1.2450,1.2500,1.2370,1.2430,2598076599,3230601911
2025-11-05,1.2360,1.2450,1.2340,1.2400,1807016366,2242872478
2025-11-06,1.2420,1.2620,1.2420,1.2540,2312382175,2897924203
2025-11-07,1.2500,1.2520,1.2430,1.2440,1824266241,2273793236
2025-11-10,1.2430,1.2650,1.2400,1.2600,2875732170,3601909743
2025-11-11,1.2600,1.2630,1.2440,1.2450,1755176979,2193258125
2025-11-12,1.2450,1.2460,1.2310,1.2380,1728731130,2141379198
2025-11-13,1.2350,1.2490,1.2330,1.2480,2106230368,2616441070
2025-11-14,1.2400,1.2450,1.2320,1.2320,1523031801,1887136590
2025-11-17,1.2300,1.2310,1.2160,1.2180,2090480791,2553181562
2025-11-18,1.2180,1.2290,1.2170,1.2200,1496824649,1829062723
2025-11-19,1.2200,1.2300,1.2150,1.2210,1572459022,1922002540
2025-11-20,1.2430,1.2470,1.2160,1.2170,4384711833,5396038309
2025-11-21,1.2060,1.2120,1.1720,1.1730,3098961406,3687336346
2025-11-24,1.1780,1.1820,1.1690,1.1750,1556749048,1829998549
2025-11-25,1.1780,1.1860,1.1760,1.1790,1518386323,1792576054
2025-11-26,1.1790,1.1820,1.1730,1.1760,1416594932,1668110290
2025-11-27,1.1760,1.1840,1.1720,1.1750,1487800743,1752794870
2025-11-28,1.1730,1.1810,1.1680,1.1800,1750585658,2058513909
2025-12-01,1.1760,1.1860,1.1750,1.1830,1639845259,1936857216
2025-12-02,1.1810,1.1830,1.1710,1.1720,1136875401,1335450547
2025-12-03,1.1750,1.1780,1.1590,1.1610,1455245970,1697594174
2025-12-04,1.1610,1.1710,1.1570,1.1640,1126846206,1311804836
2025-12-05,1.1640,1.2030,1.1630,1.1940,2998874996,3554658694
2025-12-08,1.2100,1.2360,1.2100,1.2170,4152395130,5084128597
2025-12-09,1.2090,1.2150,1.1990,1.2010,1418826609,1710795753
2025-12-10,1.1990,1.2090,1.1910,1.2060,1600304076,1920248238
2025-12-11,1.2060,1.2080,1.1880,1.1900,1354072022,1620036820
2025-12-12,1.1910,1.2050,1.1850,1.1960,1584940840,1893536053
2025-12-15,1.1900,1.2170,1.1890,1.2020,1692564547,2039824741
2025-12-16,1.2000,1.2060,1.1920,1.1930,1441690356,1725808872
2025-12-17,1.1930,1.2290,1.1880,1.2180,2321874390,2803687760
2025-12-18,1.2170,1.2170,1.2040,1.2060,1463828151,1769475198
2025-12-19,1.2050,1.2190,1.2010,1.2110,1384723957,1677256100
2025-12-22,1.2090,1.2150,1.2060,1.2110,1203512759,1457919230
2025-12-23,1.2110,1.2180,1.2050,1.2070,1273788784,1542732392
2025-12-24,1.2050,1.2190,1.2040,1.2180,1538170880,1866236652
2025-12-25,1.2160,1.2250,1.2140,1.2210,1458868823,1780834566
2025-12-26,1.2190,1.2420,1.2190,1.2290,2066264130,2544238417
2025-12-29,1.2270,1.2300,1.2180,1.2220,1407141154,1722097797
2025-12-30,1.2180,1.2270,1.2150,1.2160,1458722329,1777374081
2025-12-31,1.2180,1.2280,1.2110,1.2110,1472740621,1794838136
2026-01-05,1.2150,1.2350,1.2140,1.2350,2372722500,2912131061
2026-01-06,1.2350,1.2880,1.2330,1.2860,4886009770,6201135595
2026-01-07,1.2870,1.2870,1.2580,1.2670,2769776086,3521136669
2026-01-08,1.2580,1.2580,1.2290,1.2330,3914711544,4849043909
2026-01-09,1.2330,1.2430,1.2280,1.2370,2578785208,3185247544
2026-01-12,1.2360,1.2550,1.2300,1.2540,3265140568,4059436730
2026-01-13,1.2590,1.2720,1.2410,1.2460,2408005492,3025200443
2026-01-14,1.2440,1.2750,1.2300,1.2370,3745812236,4694708202
2026-01-15,1.2310,1.2390,1.2140,1.2180,2779154313,3401085771
2026-01-16,1.2240,1.2280,1.2050,1.2080,2093877308,2541254299
2026-01-19,1.2050,1.2080,1.1980,1.2030,1935889990,2326263634
2026-01-20,1.2020,1.2100,1.2000,1.2070,1831061010,2207463316
2026-01-21,1.2040,1.2090,1.1980,1.2010,1705334696,2050937669
2026-01-22,1.2020,1.2120,1.2000,1.2030,1554791484,1871610743
2026-01-23,1.2050,1.2080,1.1970,1.2000,1808281951,2173364060
2026-01-26,1.2000,1.2250,1.1980,1.2110,2750051483,3332134828
2026-01-27,1.2090,1.2090,1.1890,1.1970,1897201968,2272880201
2026-01-28,1.1990,1.2060,1.1950,1.1970,1684893572,2022013726
2026-01-29,1.1940,1.2140,1.1820,1.2120,2628319323,3143989238
2026-01-30,1.2070,1.2110,1.1900,1.1940,1910400492,2289540707
2026-02-02,1.1920,1.2070,1.1750,1.1780,2130048681,2536826014
2026-02-03,1.1850,1.1860,1.1630,1.1740,2032244777,2381236498
2026-02-04,1.1710,1.1930,1.1700,1.1910,2023635583,2393347827
2026-02-05,1.1850,1.2000,1.1820,1.1930,1609912566,1917192584
2026-02-06,1.1860,1.1950,1.1830,1.1860,1178919563,1401587307
2026-02-09,1.1920,1.1980,1.1890,1.1970,1241763316,1484224562
2026-02-10,1.1980,1.2000,1.1940,1.1960,848931272,1016271526
2026-02-11,1.1960,1.1980,1.1900,1.1940,856631891,1022721283
2026-02-12,1.1930,1.1940,1.1840,1.1850,988356605,1173270355
2026-02-13,1.1860,1.1910,1.1730,1.1740,1275963881,1507505844
2026-02-24,1.1780,1.1800,1.1710,1.1720,907896678,1065768107
2026-02-25,1.1730,1.1890,1.1720,1.1790,1818547504,2149859482
2026-02-26,1.1780,1.1790,1.1630,1.1660,1679406811,1962662123
2026-02-27,1.1650,1.1720,1.1610,1.1690,1276414797,1488485142
2026-03-02,1.1600,1.1620,1.1450,1.1540,1772643597,2045465816
2026-03-03,1.1550,1.1650,1.1410,1.1440,1956086721,2254801455
2026-03-04,1.1370,1.1370,1.1140,1.1150,2115301452,2376903704
2026-03-05,1.1250,1.1270,1.1140,1.1170,1310727433,1468057562
2026-03-06,1.1140,1.1350,1.1130,1.1310,1397200158,1573379272
2026-03-09,1.1150,1.1170,1.1050,1.1120,1555897796,1728872781
2026-03-10,1.1180,1.1260,1.1160,1.1200,1102632438,1234941869
2026-03-11,1.1210,1.1260,1.1150,1.1230,1100389093,1233913351
2026-03-12,1.1190,1.1260,1.1160,1.1210,890337037,997930427
2026-03-13,1.1170,1.1250,1.1110,1.1120,1327370127,1482433329
2026-03-16,1.1100,1.1120,1.1000,1.1060,1504926475,1662033766
2026-03-17,1.1070,1.1400,1.1070,1.1180,2572628300,2896485813
2026-03-18,1.1160,1.1180,1.1080,1.1140,1382438936,1536868608
2026-03-19,1.1050,1.1100,1.0970,1.1010,1786515187,1970709398
2026-03-20,1.1020,1.1040,1.0810,1.0830,1635380378,1784450197
2026-03-23,1.0690,1.0690,1.0310,1.0360,2543259649,2669918668
2026-03-24,1.0450,1.0550,1.0330,1.0470,1538565934,1607215270
2026-03-25,1.0510,1.0670,1.0480,1.0590,1527308146,1614004003
2026-03-26,1.0550,1.0580,1.0330,1.0350,1367989300,1426105505
2026-03-27,1.0290,1.0470,1.0270,1.0410,1139388704,1183988544
2026-03-30,1.0290,1.0390,1.0250,1.0370,1116913868,1154199948
2026-03-31,1.0370,1.0490,1.0270,1.0290,1396964216,1447753677
2026-04-01,1.0400,1.0460,1.0350,1.0450,1309417270,1364398682
2026-04-02,1.0410,1.0410,1.0220,1.0250,1240146700,1277492968
2026-04-03,1.0280,1.0310,1.0160,1.0160,1034509548,1057174276
2026-04-07,1.0160,1.0210,1.0100,1.0150,817692066,830074551
2026-04-08,1.0320,1.0560,1.0310,1.0540,2392383840,2498756095
2026-04-09,1.0440,1.0450,1.0290,1.0310,1424506978,1475119051
2026-04-10,1.0430,1.0910,1.0430,1.0680,4059279419,4357001779
2026-04-13,1.0600,1.0840,1.0580,1.0750,1691118557,1817034647
2026-04-14,1.0830,1.0860,1.0670,1.0810,1440783162,1550549952
2026-04-15,1.0840,1.0860,1.0720,1.0730,1171114299,1261625410
2026-04-16,1.0770,1.0890,1.0750,1.0810,1569104794,1696207779
2026-04-17,1.0780,1.0810,1.0700,1.0760,1083969087,1164918020
2026-04-20,1.0780,1.0800,1.0720,1.0750,1115646039,1200542488
2026-04-21,1.0720,1.0730,1.0640,1.0660,1077791620,1150286825
2026-04-22,1.0620,1.0850,1.0620,1.0750,1712578726,1840994766
2026-04-23,1.0730,1.0780,1.0620,1.0660,1383705848,1478372420
2026-04-24,1.0630,1.0640,1.0500,1.0560,1207591956,1273891705
2026-04-27,1.0570,1.0700,1.0550,1.0570,1478365490,1568147013
2026-04-28,1.0580,1.0820,1.0580,1.0700,1964160991,2105828179
2026-04-29,1.0670,1.0770,1.0650,1.0760,1351580409,1447058496
2026-04-30,1.0740,1.0950,1.0740,1.0780,1972446204,2134179756
2026-05-06,1.0800,1.1000,1.0800,1.0940,2248811412,2454774563
2026-05-07,1.1000,1.1010,1.0820,1.0890,2096449485,2278904683
2026-05-08,1.0840,1.0890,1.0760,1.0800,1332152865,1440539648
2026-05-11,1.0770,1.1040,1.0730,1.0970,3058299784,3334951982
2026-05-12,1.0970,1.1110,1.0900,1.1020,2625639736,2891713808
2026-05-13,1.0970,1.1020,1.0840,1.0950,1865663096,2034955285
2026-05-14,1.0960,1.0980,1.0710,1.0710,2003356063,2173890535
2026-05-15,1.0700,1.0720,1.0440,1.0480,2234819180,2363821021
2026-05-18,1.0450,1.0550,1.0410,1.0470,1456350957,1525665819
2026-05-19,1.0470,1.0590,1.0390,1.0560,1580041757,1657412200
2026-05-20,1.0500,1.0570,1.0460,1.0490,1165004202,1224156374
2026-05-21,1.0560,1.0920,1.0520,1.0540,3651656595,3931361091
2026-05-22,1.0550,1.0600,1.0340,1.0370,2198977426,2286674222
2026-05-25,1.0410,1.0520,1.0340,1.0450,1621501656,1689914741
2026-05-26,1.0430,1.0670,1.0390,1.0560,2350140597,2478195656
2026-05-27,1.0510,1.0650,1.0370,1.0430,2016245819,2113670911
2026-05-28,1.0410,1.0430,1.0150,1.0210,2431996901,2491566922
2026-05-29,1.0230,1.0480,1.0220,1.0330,2744345380,2846651872
2026-06-01,1.0310,1.0420,1.0250,1.0350,1339632740,1385419087
2026-06-02,1.0330,1.0420,1.0250,1.0370,1911499496,1974212819
2026-06-03,1.0330,1.0440,1.0250,1.0350,2005198697,2075978583
2026-06-04,1.0280,1.0400,1.0150,1.0220,1865661993,1911844432
2026-06-05,1.0220,1.0330,1.0140,1.0160,1757909361,1798315874
2026-06-08,1.0060,1.0170,0.9960,1.0010,2161111221,2173942352
2026-06-09,1.0010,1.0050,0.9930,1.0050,1527782033,1527536448
2026-06-10,1.0000,1.0210,0.9970,1.0180,2275161620,2298897524
2026-06-11,1.0150,1.0280,0.9990,1.0080,1736306694,1755159423
2026-06-12,1.0090,1.0480,1.0050,1.0450,3416633001,3526136090
2026-06-15,1.0500,1.0990,1.0480,1.0720,4310304417,4635689629
2026-06-16,1.0630,1.0880,1.0600,1.0820,2156485837,2321922435
2026-06-17,1.0790,1.0920,1.0750,1.0810,2120140777,2292862175
2026-06-18,1.0760,1.0790,1.0480,1.0500,2526933745,2679254414
2026-06-22,1.0450,1.1320,1.0450,1.1310,5112703846,5604924670
2026-06-23,1.1270,1.1600,1.1230,1.1310,4349564356,4972808788
2026-06-24,1.1240,1.1500,1.1060,1.1110,3088978861,3457818554
2026-06-25,1.1090,1.1570,1.1000,1.1490,3698637079,4191767414
2026-06-26,1.1420,1.1570,1.1050,1.1070,3857875751,4350107811
2026-06-29,1.1140,1.1370,1.1070,1.1230,2793949318,3128267243
2026-06-30,1.1160,1.1320,1.1090,1.1260,2589612572,2900529822
2026-07-01,1.1220,1.1910,1.1190,1.1760,4877862882,5673226696
2026-07-02,1.1750,1.1770,1.1450,1.1500,3454319339,3986951361
2026-07-03,1.1540,1.1590,1.1390,1.1550,2695120258,3096736116
2026-07-06,1.1740,1.1770,1.1480,1.1600,2775579968,3213293655
2026-07-07,1.1570,1.1570,1.1200,1.1230,2900215644,3286962037
2026-07-08,1.1230,1.1330,1.1100,1.1110,2212882097,2475706523
2026-07-09,1.1140,1.1360,1.1080,1.1320,2653328566,2972534780
2026-07-10,1.1280,1.1280,1.1100,1.1100,2741098784,3060637128
2026-07-13,1.1070,1.1150,1.0940,1.0980,2402187981,2650344348
2026-07-14,1.0980,1.1040,1.0850,1.1040,2151160181,2355456162
2026-07-15,1.1020,1.1390,1.1000,1.1300,2961231428,3318140924
2026-07-16,1.1220,1.1270,1.1090,1.1130,2531703771,2820376217
2026-07-17,1.1100,1.1230,1.0940,1.0970,3548924667,3938886957
2026-07-20,1.1000,1.1260,1.1000,1.1180,2696208405,3005524368
2026-07-21,1.1230,1.1310,1.1060,1.1230,2644764254,2957274724
2026-07-22,1.1150,1.1190,1.1030,1.1140,2076473376,2309127598
2026-07-23,1.1150,1.1310,1.1110,1.1280,2188663497,2452830869
2026-07-24,1.1210,1.1230,1.0980,1.0990,2214777353,2457657971
2026-07-27,1.1020,1.1060,1.0870,1.1040,1407654716,1546022906
2026-07-28,1.0980,1.0980,1.0810,1.0850,1802555263,1961468910
2026-07-29,1.0870,1.1110,1.0840,1.1060,2340037752,2571429213
2026-07-30,1.1010,1.1160,1.0970,1.1060,1717035527,1899414891
2026-07-31,1.1070,1.1160,1.1050,1.1070,1665094212,1848579577
2026-08-03,1.0970,1.1060,1.0950,1.1050,1207493668,1329647958
2026-08-04,1.1070,1.1100,1.1000,1.1040,1514533106,1671614612
2026-08-05,1.1030,1.1140,1.0990,1.1090,2166376445,2401502876
2026-08-06,1.1040,1.1080,1.0920,1.0960,1921890653,2109803529
2026-08-07,1.0930,1.0960,1.0890,1.0960,1634394305,1785007481
2026-08-10,1.0970,1.1050,1.0960,1.0990,1369495421,1506296692
2026-08-11,1.0990,1.1040,1.0920,1.0930,1383602484,1518742463
2026-08-12,1.0920,1.0990,1.0880,1.0970,1425745880,1559926418
2026-08-13,1.0980,1.1130,1.0970,1.1010,2282006736,2523425808
2026-08-14,1.0990,1.1050,1.0860,1.0870,2252724144,2460773404
2026-08-17,1.0850,1.0940,1.0810,1.0930,1457882341,1586933639
2026-08-18,1.0910,1.0920,1.0730,1.0770,2065187500,2228529594
2026-08-19,1.0740,1.0810,1.0600,1.0620,1881389741,2009590618
2026-08-20,1.0650,1.0680,1.0570,1.0630,1297345844,1376685592
2026-08-21,1.0620,1.0670,1.0560,1.0630,1060498974,1126079249
2026-08-24,1.0630,1.0730,1.0610,1.0670,1402946064,1496886965
2026-08-25,1.0660,1.0700,1.0610,1.0670,952558664,1014453356
2026-08-26,1.0660,1.0980,1.0650,1.0960,2998729418,3263379118
2026-08-27,1.0920,1.1080,1.0890,1.1060,2445391661,2689721813
2026-08-28,1.1050,1.1090,1.0990,1.1040,1738862383,1919491996
2026-08-31,1.1010,1.1080,1.0900,1.1050,1682311613,1847881081
2026-09-01,1.1030,1.1170,1.1000,1.1130,1815822470,2017332622
2026-09-02,1.1080,1.1090,1.0890,1.0900,1670955743,1828875696
2026-09-03,1.0920,1.1110,1.0900,1.0980,1778568976,1960710626
2026-09-04,1.1020,1.1170,1.1020,1.1050,2238888799,2487065471
2026-09-07,1.1060,1.1100,1.0900,1.0910,1521612126,1667626748
2026-09-08,1.0930,1.0970,1.0830,1.0850,1394775097,1519259169
2026-09-09,1.0840,1.0860,1.0780,1.0850,1173773800,1269943044
2026-09-10,1.0810,1.0940,1.0780,1.0910,1471910575,1601203062
2026-09-11,1.0850,1.0860,1.0540,1.0580,2204665315,2339147393
2026-09-14,1.0530,1.0560,1.0480,1.0520,1131486376,1190770738
2026-09-15,1.0530,1.0560,1.0470,1.0470,964153467,1012549331
2026-09-16,1.0470,1.0580,1.0380,1.0540,1365153486,1430885122
2026-09-17,1.0490,1.0540,1.0420,1.0420,1143691264,1196124183
2026-09-18,1.0470,1.0590,1.0470,1.0570,1379691413,1453471501
2026-09-21,1.0590,1.0700,1.0560,1.0680,1332142179,1414051281
2026-09-22,1.0710,1.0770,1.0680,1.0690,1255622993,1346019783
