date,open,high,low,close,volume,amount
2015-08-04,1.6050,1.6880,1.6050,1.6840,39500,64889
2015-08-05,1.6500,1.6500,1.6440,1.6500,40200,66251
2015-08-06,1.6660,1.6660,1.6090,1.6250,69000,114521
2015-08-07,1.6820,1.7280,1.6800,1.7110,130200,222047
2015-08-10,1.7100,1.8000,1.7100,1.7850,189700,334593
2015-08-11,1.7780,1.8010,1.7780,1.7900,158900,284613
2015-08-12,1.7900,1.8060,1.6260,1.7320,151400,264616
2015-08-13,1.7950,1.7950,1.7330,1.7800,203400,356755
2015-08-14,1.7600,1.8290,1.7600,1.8080,87900,158279
2015-08-17,1.7910,1.8000,1.7700,1.7950,16200,28906
2015-08-18,1.7850,1.8000,1.7400,1.7400,112600,197094
2015-08-19,1.7000,1.7610,1.6150,1.7600,42500,70178
2015-08-20,1.6810,1.7600,1.6810,1.7000,74000,127488
2015-08-21,1.5710,1.6840,1.5710,1.6640,1800,2905
2015-08-24,1.5380,1.5380,1.4980,1.4980,54000,81941
2015-08-25,1.3490,1.4260,1.3480,1.3480,69400,93910
2015-08-26,1.2310,1.3900,1.2200,1.2720,296300,388296
2015-08-27,1.2720,1.3200,1.2720,1.3170,75700,98989
2015-08-28,1.2800,1.3980,1.2800,1.3980,73700,102136
2015-08-31,1.3480,1.3590,1.3140,1.3220,30600,40691
2015-09-01,1.3220,1.3220,1.3220,1.3220,3000,3966
2015-09-02,1.2850,1.3000,1.2300,1.2530,255449,320176
2015-09-07,1.2520,1.3690,1.2280,1.3440,22700,30394
2015-09-08,1.4750,1.4750,1.2930,1.3590,43700,59122
2015-09-09,1.3120,1.4170,1.3110,1.4000,176600,241809
2015-09-10,1.3650,1.4170,1.3650,1.3650,132000,180613
2015-09-11,1.3650,1.3650,1.3600,1.3600,100100,136536
2015-09-14,1.3430,1.3440,1.2660,1.2710,78100,103419
2015-09-15,1.2260,1.2720,1.2110,1.2320,348400,429794
2015-09-16,1.1250,1.3500,1.1250,1.3500,134600,166961
2015-09-17,1.2890,1.3520,1.2890,1.3370,119000,158629
2015-09-18,1.3180,1.3200,1.3180,1.3200,700,923
2015-09-21,1.3370,1.4000,1.3370,1.4000,9900,13791
2015-09-22,1.3810,1.3810,1.3790,1.3810,79400,109506
2015-09-23,1.3560,1.3630,1.3560,1.3560,4800,6517
2015-09-24,1.3790,1.4200,1.3790,1.3840,38000,53351
2015-09-25,1.3350,1.3350,1.3350,1.3350,15800,21093
2015-09-28,1.3980,1.3980,1.3400,1.3400,20100,26940
2015-09-29,1.3360,1.3600,1.3360,1.3500,6400,8683
2015-09-30,1.3700,1.3700,1.3500,1.3500,15200,20742
2015-10-08,1.3500,1.4410,1.3500,1.4210,22000,30579
2015-10-09,1.4210,1.4680,1.4000,1.4680,4100,5844
2015-10-12,1.4600,1.5300,1.4600,1.4960,95900,143878
2015-10-13,1.4800,1.5200,1.4800,1.4920,14400,21572
2015-10-14,1.4900,1.4930,1.4800,1.4930,17000,25338
2015-10-15,1.5070,1.5350,1.5070,1.5350,103800,158673
2015-10-16,1.5470,1.5880,1.5300,1.5560,103700,160959
2015-10-19,1.6460,1.6540,1.5320,1.5690,162600,257874
2015-10-20,1.5680,1.6280,1.5680,1.6100,111400,177819
2015-10-21,1.6250,1.6250,1.4920,1.5000,96200,149160
2015-10-22,1.5790,1.5900,1.5380,1.5900,50000,78898
2015-10-23,1.6310,1.6380,1.5710,1.6320,64500,105228
2015-10-26,1.6350,1.6400,1.6020,1.6340,41100,66701
2015-10-27,1.6550,1.6550,1.5630,1.6390,72600,116519
2015-10-28,1.6380,1.6570,1.6380,1.6400,13100,21470
2015-10-29,1.6400,1.6500,1.5930,1.6490,18300,30068
2015-10-30,1.5850,1.6430,1.5850,1.6420,105900,173581
2015-11-02,1.6360,1.6370,1.5960,1.5960,450300,732133
2015-11-03,1.5970,1.6130,1.5500,1.6130,38300,60951
2015-11-04,1.6280,1.6500,1.6280,1.6500,93600,153693
2015-11-05,1.6460,1.6940,1.5550,1.6540,232200,381395
2015-11-06,1.7180,1.7180,1.6760,1.7170,43600,73757
2015-11-09,1.7140,1.7980,1.6680,1.7750,203800,355056
2015-11-10,1.7500,1.7590,1.7300,1.7590,12500,21693
2015-11-11,1.7340,1.8000,1.7340,1.7990,94700,170111
2015-11-12,1.7690,1.8290,1.7660,1.8090,117400,210197
2015-11-13,1.7630,1.7800,1.7600,1.7790,66900,118820
2015-11-16,1.7780,1.7780,1.7760,1.7760,400,711
2015-11-17,1.7800,1.7800,1.7800,1.7800,13700,24386
2015-11-18,1.7300,1.7360,1.7300,1.7360,7600,13185
2015-11-19,1.8190,1.8190,1.7190,1.7980,27700,49282
2015-11-20,1.8280,1.8280,1.7620,1.8240,67300,122336
2015-11-23,1.8190,1.8400,1.8180,1.8200,41800,76106
2015-11-24,1.8200,1.8870,1.8200,1.8290,82200,150532
2015-11-25,1.8300,1.8470,1.7820,1.8470,326200,596821
2015-11-26,1.8460,1.8490,1.8000,1.8490,50700,92043
2015-11-27,1.7630,1.8290,1.6680,1.7520,52700,92872
2015-11-30,1.6690,1.7190,1.6690,1.7170,108100,180520
2015-12-01,1.7150,1.7200,1.7000,1.7200,22300,38265
2015-12-02,1.7220,1.7220,1.6400,1.7030,14300,24409
2015-12-03,1.7030,1.7240,1.6700,1.7210,22407,38042
2015-12-04,1.6710,1.7700,1.6710,1.7530,92807,159384
2015-12-07,1.6970,1.7630,1.6970,1.7630,18100,31074
2015-12-08,1.7550,1.7550,1.6760,1.6920,3900,6575
2015-12-09,1.6550,1.7230,1.6550,1.7230,5900,9881
2015-12-10,1.6570,1.7460,1.6510,1.7460,20200,34133
2015-12-11,1.6780,1.7400,1.6780,1.7240,116900,200550
2015-12-14,1.7210,1.7310,1.7210,1.7290,30300,52229
2015-12-15,1.7560,1.7600,1.7480,1.7600,85500,150362
2015-12-16,1.7700,1.7870,1.7700,1.7870,19000,33716
2015-12-17,1.8100,1.8100,1.8060,1.8100,35300,63816
2015-12-18,1.7780,1.8290,1.7780,1.8290,400,716
2015-12-21,1.8280,1.8300,1.8020,1.8020,45800,82882
2015-12-22,1.7650,1.8230,1.7570,1.8200,99800,181213
2015-12-23,1.8200,1.8710,1.7920,1.7930,12100,21908
2015-12-24,1.7600,1.8270,1.7500,1.8240,35500,62457
2015-12-25,1.7720,1.8190,1.7710,1.7990,27300,49071
2015-12-28,1.7850,1.8390,1.7630,1.8260,52084,93332
2015-12-30,1.7900,1.8230,1.7900,1.8230,33300,59946
2015-12-31,1.7610,1.8260,1.7600,1.7950,39800,71200
2016-01-04,1.7720,1.7720,1.6250,1.6250,36000,61022
2016-01-05,1.6240,1.6500,1.5500,1.6210,110184,176542
2016-01-06,1.6250,1.6400,1.5790,1.6270,41900,67679
2016-01-07,1.5500,1.5500,1.5450,1.5460,23000,35596
2016-01-08,1.6590,1.6590,1.5000,1.5220,64100,97713
2016-01-11,1.5220,1.5220,1.3760,1.4570,174600,255477
2016-01-12,1.4200,1.4200,1.3680,1.4070,12600,17583
2016-01-13,1.3290,1.4300,1.3290,1.4060,260197,363738
2016-01-14,1.3970,1.4250,1.3010,1.4240,1326500,1862046
2016-01-15,1.4000,1.4250,1.3600,1.3600,34600,48720
2016-01-18,1.3500,1.4200,1.3500,1.4200,144098,200885
2016-01-19,1.3990,1.4500,1.3990,1.4160,72200,102704
2016-01-20,1.4590,1.4590,1.4090,1.4100,51000,72874
2016-01-21,1.4180,1.4200,1.3420,1.3420,17100,24260
2016-01-22,1.3490,1.3900,1.3100,1.3630,25900,35308
2016-01-25,1.4210,1.4210,1.3720,1.3930,3200,4457
2016-01-26,1.3560,1.3800,1.3000,1.3000,36250,48031
2016-01-27,1.2500,1.2970,1.2500,1.2940,11800,15023
2016-01-28,1.2330,1.3260,1.2010,1.2960,1700,2109
2016-01-29,1.2000,1.3920,1.2000,1.2430,38400,53050
2016-02-01,1.3100,1.3100,1.2850,1.2850,9500,12222
2016-02-02,1.2340,1.3500,1.2340,1.3070,39350,51333
2016-02-03,1.2820,1.2920,1.2820,1.2910,3700,4764
2016-02-04,1.3350,1.3350,1.3350,1.3350,9900,13217
2016-02-05,1.3300,1.3300,1.3300,1.3300,1000,1330
2016-02-16,1.3990,1.4220,1.3340,1.3770,25700,35705
2016-02-17,1.3980,1.3980,1.3750,1.3950,3200,4407
2016-02-18,1.4490,1.4490,1.3790,1.4290,600,856
2016-02-19,1.3650,1.4100,1.3650,1.4090,50600,71301
2016-02-22,1.3800,1.4400,1.3800,1.4390,71200,101147
2016-02-23,1.5450,1.5450,1.4100,1.4960,63100,95185
2016-02-24,1.3920,1.4890,1.3920,1.4690,18500,26845
2016-02-25,1.4060,1.4500,1.4000,1.4320,24900,35081
2016-02-26,1.3610,1.4140,1.2900,1.3070,29500,39271
2016-02-29,1.3070,1.4160,1.2430,1.2430,8300,10893
2016-03-01,1.1970,1.3600,1.1970,1.3590,73600,93372
2016-03-02,1.3490,1.3510,1.2700,1.3500,35700,47356
2016-03-03,1.2950,1.3550,1.2930,1.3220,47200,61355
2016-03-04,1.2970,1.3120,1.2630,1.3120,61900,79576
2016-03-07,1.2650,1.3470,1.2650,1.3250,14500,18620
2016-03-08,1.2640,1.3310,1.2340,1.3060,26800,34478
2016-03-09,1.3020,1.3020,1.2550,1.2980,8700,11023
2016-03-10,1.2690,1.2740,1.2680,1.2680,76300,96894
2016-03-11,1.2570,1.2570,1.2570,1.2570,1000,1257
2016-03-14,1.2680,1.3090,1.2020,1.3080,90900,117308
2016-03-15,1.3000,1.3070,1.3000,1.3070,13900,18105
2016-03-16,1.3860,1.3860,1.2990,1.2990,11600,15091
2016-03-17,1.2320,1.3680,1.2320,1.3580,78400,102734
2016-03-18,1.3580,1.3800,1.3220,1.3650,107300,146408
2016-03-21,1.3600,1.4580,1.3330,1.3990,240800,336935
2016-03-22,1.3980,1.3980,1.3690,1.3920,48600,66924
2016-03-23,1.3490,1.4060,1.3490,1.3970,48700,67773
2016-03-24,1.3900,1.3990,1.3670,1.3980,32700,45553
2016-03-25,1.3480,1.4440,1.3480,1.3920,20100,28377
2016-03-28,1.3920,1.4180,1.3670,1.3930,26400,36585
2016-03-29,1.4480,1.4480,1.3530,1.3790,14000,19339
2016-03-30,1.3950,1.3990,1.3930,1.3990,37400,52165
2016-03-31,1.3650,1.4080,1.3650,1.4070,38650,53947
2016-04-01,1.3680,1.4060,1.2800,1.4050,139900,189428
2016-04-05,1.3950,1.4200,1.3770,1.4030,52150,72850
2016-04-06,1.4100,1.4280,1.4030,1.4280,12900,18240
2016-04-07,1.4200,1.4280,1.4100,1.4100,30600,43251
2016-04-11,1.4100,1.4120,1.4100,1.4100,4100,5786
2016-04-12,1.4000,1.4100,1.4000,1.4100,3100,4341
2016-04-13,1.4130,1.4340,1.4120,1.4340,100600,143606
2016-04-14,1.4550,1.4550,1.4220,1.4390,27800,40070
2016-04-15,1.4150,1.4380,1.4150,1.4380,35201,50023
2016-04-18,1.4250,1.4250,1.3660,1.4060,21900,30684
2016-04-19,1.3890,1.4160,1.3890,1.4160,30700,43023
2016-04-20,1.3990,1.4080,1.3660,1.4040,77600,107099
2016-04-21,1.3520,1.3830,1.3520,1.3600,120400,163390
2016-04-22,1.3710,1.3710,1.3620,1.3660,18700,25504
2016-04-25,1.3330,1.3700,1.3330,1.3700,16500,22326
2016-04-26,1.3500,1.3760,1.3410,1.3760,37500,50321
2016-04-27,1.3300,1.3900,1.3300,1.3860,4600,6252
2016-04-28,1.3850,1.3850,1.3390,1.3650,10300,13913
2016-04-29,1.3100,1.3680,1.3100,1.3330,7400,10067
2016-05-03,1.3830,1.4120,1.3830,1.3920,23000,32024
2016-05-04,1.3370,1.4100,1.3370,1.3720,35900,49864
2016-05-06,1.3800,1.4210,1.3690,1.3690,63000,86856
2016-05-09,1.3470,1.3470,1.3350,1.3350,25900,34681
2016-05-10,1.3320,1.3400,1.3320,1.3330,7600,10133
2016-05-11,1.3340,1.3360,1.3170,1.3170,25300,33520
2016-05-12,1.3030,1.3030,1.3030,1.3030,12000,15636
2016-05-13,1.3260,1.3260,1.3070,1.3070,25900,34231
2016-05-16,1.3230,1.3230,1.3230,1.3230,1000,1323
2016-05-17,1.3420,1.3420,1.3130,1.3130,30100,39524
2016-05-18,1.3120,1.3120,1.3020,1.3020,22100,28893
2016-05-19,1.3190,1.3190,1.3190,1.3190,100,132
2016-05-23,1.2930,1.3430,1.2930,1.3430,180,238
2016-05-24,1.2950,1.3290,1.2930,1.2930,18900,24513
2016-05-26,1.2950,1.2950,1.2950,1.2950,9300,12044
2016-05-27,1.3010,1.3440,1.3000,1.3430,70900,92422
2016-05-30,1.3100,1.3400,1.3090,1.3400,54200,71114
2016-05-31,1.3150,1.3740,1.3150,1.3700,284499,380682
2016-06-01,1.3610,1.3700,1.3610,1.3640,26699,36456
2016-06-02,1.3700,1.3950,1.3700,1.3950,400,551
2016-06-03,1.3900,1.4310,1.3900,1.4200,61100,85974
2016-06-06,1.4100,1.4100,1.4100,1.4100,4000,5640
2016-06-07,1.4100,1.4100,1.4100,1.4100,300,423
2016-06-08,1.4090,1.4090,1.4050,1.4050,68900,96853
2016-06-14,1.3300,1.4660,1.3300,1.3300,72301,96210
2016-06-15,1.3450,1.3500,1.3450,1.3500,9900,13356
2016-06-16,1.2850,1.4120,1.2850,1.3940,8000,10619
2016-06-17,1.3930,1.3930,1.3030,1.3500,7400,9997
2016-06-20,1.3190,1.3310,1.3190,1.3310,2800,3720
2016-06-21,1.3670,1.3670,1.3350,1.3470,3800,5090
2016-06-22,1.3630,1.3630,1.3630,1.3630,100,136
2016-06-23,1.3260,1.3820,1.3260,1.3600,41000,55797
2016-06-24,1.3090,1.3600,1.3090,1.3370,77200,103867
2016-06-27,1.3680,1.3800,1.3400,1.3800,74100,101811
2016-06-28,1.3800,1.4050,1.3800,1.4050,40500,55904
2016-06-29,1.4060,1.4060,1.3720,1.4060,32100,44526
2016-06-30,1.3900,1.4020,1.3880,1.4020,1300,1808
2016-07-01,1.4070,1.4080,1.3770,1.3980,89400,124338
2016-07-04,1.4090,1.4180,1.4090,1.4180,43600,61642
2016-07-05,1.4180,1.4240,1.4180,1.4240,14700,20847
2016-07-06,1.3830,1.4260,1.3830,1.4260,39000,54173
2016-07-08,1.3890,1.4260,1.3890,1.4260,9700,13482
2016-07-11,1.4250,1.4260,1.4250,1.4260,15600,22231
2016-07-12,1.3760,1.4320,1.3760,1.4320,1200,1682
2016-07-13,1.4200,1.4580,1.4200,1.4580,18900,27154
2016-07-14,1.4250,1.4600,1.4250,1.4600,1100,1571
2016-07-15,1.4350,1.4580,1.4350,1.4580,4500,6462
2016-07-18,1.4310,1.4570,1.4310,1.4570,1600,2292
2016-07-19,1.4610,1.4610,1.4310,1.4490,5400,7734
2016-07-20,1.4480,1.4600,1.4300,1.4600,14300,20525
2016-07-21,1.4590,1.4650,1.4590,1.4650,2100,3065
2016-07-25,1.4730,1.4730,1.4420,1.4580,1500,2192
2016-07-26,1.4730,1.4730,1.4580,1.4730,18300,26824
2016-07-27,1.4420,1.4420,1.4420,1.4420,2000,2884
2016-07-28,1.4150,1.4260,1.4130,1.4260,7900,11170
2016-07-29,1.4000,1.4250,1.3990,1.4250,2800,3921
2016-08-01,1.3900,1.3900,1.3710,1.3840,27300,37651
2016-08-02,1.3840,1.3840,1.3700,1.3840,8800,12117
2016-08-03,1.3660,1.3840,1.3660,1.3840,200,275
2016-08-04,1.3840,1.3850,1.3840,1.3850,3100,4292
2016-08-08,1.3980,1.3990,1.3980,1.3990,13500,18875
2016-08-10,1.4130,1.4130,1.4130,1.4130,2800,3956
2016-08-11,1.4000,1.4000,1.3990,1.3990,2800,3918
2016-08-15,1.4120,1.4300,1.4120,1.4270,14700,20887
2016-08-16,1.4410,1.4410,1.4410,1.4410,2000,2882
2016-08-18,1.4400,1.4560,1.4270,1.4540,28900,41946
2016-08-19,1.4280,1.4520,1.4280,1.4520,48100,68700
2016-08-22,1.4390,1.4470,1.4390,1.4450,17000,24542
2016-08-23,1.4280,1.4300,1.4270,1.4270,21700,31027
2016-08-24,1.4510,1.4510,1.4280,1.4280,7400,10620
2016-08-25,1.4270,1.4390,1.4140,1.4390,33700,47864
2016-08-26,1.4220,1.4700,1.4150,1.4550,22000,31661
2016-08-29,1.4410,1.4670,1.4410,1.4560,12400,17986
2016-08-30,1.4420,1.4550,1.4410,1.4550,27700,39959
2016-08-31,1.4600,1.4600,1.4600,1.4600,2000,2920
2016-09-01,1.4410,1.4600,1.4410,1.4600,5600,8124
2016-09-02,1.4640,1.4640,1.4640,1.4640,100,146
2016-09-06,1.4630,1.4630,1.4630,1.4630,10100,14776
2016-09-07,1.4420,1.4700,1.4420,1.4700,21900,32179
2016-09-08,1.4560,1.4600,1.4550,1.4600,3700,5392
2016-09-12,1.4550,1.4550,1.4490,1.4490,3000,4359
2016-09-13,1.4400,1.4540,1.4260,1.4260,4200,6023
2016-09-14,1.4320,1.4320,1.4130,1.4130,300,426
2016-09-19,1.4100,1.4250,1.4100,1.4240,10100,14357
2016-09-21,1.3990,1.3990,1.3990,1.3990,100,140
2016-09-22,1.4000,1.4250,1.4000,1.4250,1700,2420
2016-09-23,1.4270,1.4270,1.4270,1.4270,10000,14270
2016-09-26,1.4260,1.4260,1.3990,1.4250,5400,7565
2016-09-28,1.4250,1.4250,1.4250,1.4250,2000,2850
2016-09-30,1.4100,1.4290,1.4060,1.4290,34200,48798
2016-10-10,1.4390,1.4540,1.4260,1.4270,52300,74884
2016-10-11,1.4310,1.4650,1.4310,1.4650,33000,47766
2016-10-12,1.4600,1.4600,1.4410,1.4590,5800,8457
2016-10-14,1.4680,1.4680,1.4600,1.4600,12600,18417
2016-10-17,1.4410,1.4410,1.4410,1.4410,3800,5476
2016-10-18,1.4490,1.4560,1.4480,1.4490,70400,102178
2016-10-19,1.4480,1.4530,1.4400,1.4530,9700,13994
2016-10-20,1.4520,1.4700,1.4520,1.4690,157522,231225
2016-10-24,1.4720,1.4730,1.4720,1.4730,17700,26062
2016-10-25,1.4540,1.4840,1.4540,1.4600,38372,56734
2016-10-26,1.4830,1.4830,1.4540,1.4680,13800,20083
2016-10-27,1.4420,1.4670,1.4420,1.4670,26072,37598
2016-10-28,1.4430,1.4840,1.4430,1.4840,2572,3747
2016-10-31,1.4550,1.4680,1.4420,1.4680,22500,32633
2016-11-01,1.4640,1.4640,1.4290,1.4530,8600,12415
2016-11-02,1.4290,1.4530,1.4290,1.4530,1800,2579
2016-11-03,1.4490,1.4520,1.4460,1.4520,10900,15763
2016-11-04,1.4270,1.4540,1.4270,1.4540,800,1155
2016-11-07,1.4500,1.4520,1.4500,1.4520,500,725
2016-11-08,1.4490,1.4490,1.4490,1.4490,10000,14490
2016-11-09,1.4300,1.4380,1.4300,1.4380,1500,2148
2016-11-10,1.4310,1.4480,1.4310,1.4480,20200,29083
2016-11-11,1.4320,1.4520,1.4320,1.4520,200,288
2016-11-14,1.4530,1.4530,1.4530,1.4530,9900,14385
2016-11-15,1.4540,1.4680,1.4540,1.4630,6400,9379
2016-11-16,1.4650,1.4650,1.4650,1.4650,1000,1465
2016-11-18,1.4410,1.4410,1.4410,1.4410,200,288
2016-11-21,1.4400,1.4530,1.4400,1.4530,2300,3316
2016-11-22,1.4320,1.4980,1.4300,1.4980,55900,81726
2016-11-23,1.4690,1.4830,1.4430,1.4590,46900,68163
2016-11-24,1.4410,1.4560,1.4410,1.4560,5400,7799
2016-11-25,1.4660,1.4660,1.4660,1.4660,100,147
2016-11-28,1.4420,1.4990,1.4420,1.4690,19600,28924
2016-11-29,1.4700,1.4770,1.4540,1.4540,19600,28536
2016-11-30,1.4540,1.4690,1.4520,1.4680,6400,9336
2016-12-01,1.4540,1.4690,1.4460,1.4520,18500,26874
2016-12-02,1.4410,1.4680,1.4410,1.4680,36600,52901
2016-12-05,1.4400,1.4500,1.4270,1.4500,19600,28130
2016-12-06,1.4270,1.4520,1.4270,1.4520,10072,14420
2016-12-07,1.4360,1.4540,1.4270,1.4510,14900,21409
2016-12-09,1.4270,1.4270,1.4260,1.4270,29000,41377
2016-12-12,1.4140,1.4140,1.3700,1.3700,7900,11033
2016-12-13,1.3560,1.3690,1.3430,1.3690,41439,56253
2016-12-14,1.3540,1.3540,1.3540,1.3540,5700,7718
2016-12-15,1.3420,1.3540,1.3300,1.3540,7239,9689
2016-12-16,1.3540,1.3540,1.3540,1.3540,2200,2979
2016-12-19,1.3540,1.3540,1.3530,1.3530,4011,5427
2016-12-20,1.3450,1.3450,1.3410,1.3410,8200,11008
2016-12-21,1.3550,1.3660,1.3550,1.3660,3700,5047
2016-12-22,1.3580,1.4690,1.3540,1.4600,114600,159144
2016-12-23,1.4310,1.4310,1.3420,1.4000,45800,62648
2016-12-26,1.3420,1.3550,1.3290,1.3550,32300,43644
2016-12-27,1.3500,1.3600,1.3300,1.3600,6800,9147
2016-12-28,1.3590,1.3590,1.3350,1.3550,90755,121557
2016-12-29,1.3370,1.3550,1.3370,1.3550,30100,40716
2016-12-30,1.3500,1.3500,1.3420,1.3430,800,1074
2017-01-03,1.3490,1.3550,1.3450,1.3510,13900,18783
2017-01-04,1.3550,1.3850,1.3550,1.3850,159700,220435
2017-01-05,1.3700,1.3700,1.3700,1.3700,100,137
2017-01-06,1.3700,1.3700,1.3560,1.3560,1700,2319
2017-01-11,1.3420,1.3420,1.3420,1.3420,5000,6710
2017-01-12,1.3500,1.3500,1.3460,1.3460,4300,5799
2017-01-17,1.3290,1.3290,1.3290,1.3290,300,399
2017-01-18,1.3290,1.3560,1.3290,1.3560,5400,7312
2017-01-19,1.2910,1.2910,1.2900,1.2900,5000,6454
2017-01-20,1.3030,1.3030,1.3030,1.3030,800,1042
2017-01-23,1.3120,1.3120,1.3080,1.3080,1800,2361
2017-01-25,1.3040,1.3150,1.3040,1.3150,300,393
2017-01-26,1.3150,1.3290,1.3150,1.3220,1700,2248
2017-02-06,1.3160,1.3160,1.3160,1.3160,1600,2106
2017-02-08,1.3030,1.3030,1.3030,1.3030,100,130
2017-02-09,1.3290,1.3290,1.3290,1.3290,2900,3854
2017-02-10,1.3220,1.3220,1.3160,1.3160,10100,13352
2017-02-13,1.3180,1.3390,1.3180,1.3390,3500,4649
2017-02-14,1.3420,1.3420,1.3420,1.3420,200,268
2017-02-15,1.3420,1.3420,1.3420,1.3420,100,134
2017-02-20,1.3160,1.3290,1.3160,1.3290,14800,19487
2017-02-21,1.3420,1.3420,1.3420,1.3420,200,268
2017-02-24,1.3420,1.3450,1.3420,1.3420,9300,12481
2017-02-27,1.3700,1.4170,1.3700,1.4000,19900,27677
2017-02-28,1.3560,1.3560,1.3560,1.3560,4100,5560
2017-03-01,1.3420,1.3500,1.3420,1.3480,2400,3228
2017-03-02,1.3550,1.3550,1.3550,1.3550,1000,1355
2017-03-03,1.3450,1.3450,1.3290,1.3420,15400,20479
2017-03-06,1.3480,1.3480,1.3320,1.3370,300,401
2017-03-07,1.3330,1.3690,1.3330,1.3690,20800,28141
2017-03-08,1.3680,1.3700,1.3680,1.3700,3000,4108
2017-03-10,1.3600,1.3600,1.3430,1.3430,3100,4175
2017-03-13,1.3690,1.3690,1.3690,1.3690,2300,3149
2017-03-16,1.3690,1.3700,1.3690,1.3700,18200,24924
2017-03-17,1.3700,1.3700,1.3700,1.3700,2400,3288
2017-03-20,1.3690,1.3690,1.3570,1.3570,5100,6928
2017-03-22,1.3560,1.3560,1.3560,1.3560,100,136
2017-03-23,1.3570,1.3570,1.3420,1.3540,19700,26491
2017-03-24,1.3540,1.3690,1.3450,1.3690,21100,28608
2017-03-27,1.3690,1.3690,1.3560,1.3690,52800,71628
2017-03-28,1.3590,1.3650,1.3590,1.3650,5100,6932
2017-03-29,1.3660,1.3670,1.3300,1.3550,13100,17669
2017-03-30,1.3520,1.3530,1.3160,1.3530,20400,27289
2017-03-31,1.3480,1.3490,1.3300,1.3480,21100,28235
2017-04-05,1.3480,1.3530,1.3480,1.3520,23800,32165
2017-04-06,1.3520,1.3700,1.3320,1.3610,14100,18906
2017-04-07,1.3700,1.3700,1.3520,1.3670,2300,3140
2017-04-10,1.3560,1.3600,1.3500,1.3600,1100,1491
2017-04-11,1.3690,1.3690,1.3690,1.3690,100,137
2017-04-12,1.3520,1.3540,1.3330,1.3540,61700,82265
2017-04-13,1.3470,1.3560,1.3340,1.3560,2800,3743
2017-04-14,1.3380,1.3550,1.3310,1.3550,11800,15711
2017-04-17,1.3550,1.3550,1.3290,1.3470,1200,1601
2017-04-18,1.3350,1.3490,1.3290,1.3490,2500,3343
2017-04-19,1.3290,1.3420,1.3010,1.3010,26800,35164
2017-04-20,1.3150,1.3160,1.3150,1.3160,800,1053
2017-04-21,1.3080,1.3260,1.3060,1.3060,2100,2755
2017-04-24,1.3060,1.3180,1.3060,1.3180,3600,4727
2017-04-25,1.3040,1.3040,1.3040,1.3040,600,782
2017-04-26,1.3060,1.3060,1.3060,1.3060,4200,5485
2017-04-27,1.3030,1.3290,1.3030,1.3160,1900,2510
2017-04-28,1.3290,1.3290,1.3170,1.3170,2200,2910
2017-05-02,1.3160,1.3160,1.2950,1.2950,10084,13085
2017-05-03,1.3010,1.3160,1.3010,1.3030,2984,3913
2017-05-04,1.2900,1.3160,1.2900,1.3160,11000,14265
2017-05-05,1.3290,1.3420,1.3290,1.3290,12500,16734
2017-05-08,1.3030,1.3160,1.3030,1.3030,7500,9821
2017-05-09,1.3160,1.3160,1.3160,1.3160,600,790
2017-05-10,1.3030,1.3160,1.3030,1.3030,4500,5873
2017-05-11,1.2910,1.2910,1.2910,1.2910,7800,10070
2017-05-12,1.2900,1.2900,1.2900,1.2900,6200,7998
2017-05-15,1.2900,1.2900,1.2900,1.2900,200,258
2017-05-16,1.2820,1.2820,1.2800,1.2800,55600,71279
2017-05-17,1.2990,1.3000,1.2990,1.3000,6300,8184
2017-05-18,1.2980,1.2980,1.2940,1.2940,200,259
2017-05-22,1.3020,1.3030,1.3020,1.3030,900,1172
2017-05-23,1.3030,1.3030,1.2900,1.2900,1500,1945
2017-05-24,1.3000,1.3000,1.3000,1.3000,200,260
2017-05-25,1.2790,1.3020,1.2790,1.3000,2200,2857
2017-05-31,1.3030,1.3030,1.2780,1.2900,2500,3217
2017-06-01,1.2810,1.3000,1.2810,1.3000,1400,1818
2017-06-02,1.2770,1.2770,1.2770,1.2770,2300,2937
2017-06-05,1.2710,1.2710,1.2710,1.2710,3700,4703
2017-06-07,1.2900,1.2990,1.2900,1.2990,5100,6616
2017-06-08,1.3030,1.3030,1.2990,1.3030,6600,8583
2017-06-09,1.3160,1.3160,1.3050,1.3090,12711,16626
2017-06-12,1.3160,1.3290,1.3150,1.3150,8384,11071
2017-06-13,1.3200,1.3200,1.3200,1.3200,211,279
2017-06-19,1.3030,1.3190,1.3030,1.3190,200,262
2017-06-21,1.3250,1.3250,1.3250,1.3250,2000,2650
2017-06-22,1.3260,1.3290,1.3220,1.3220,58384,77221
2017-06-26,1.3220,1.3300,1.3170,1.3290,18900,25053
2017-06-27,1.3410,1.3410,1.3400,1.3400,29700,39805
2017-06-29,1.3170,1.3490,1.3080,1.3490,138800,183443
2017-06-30,1.3380,1.3470,1.3330,1.3470,43700,58397
2017-07-03,1.3490,1.3490,1.3460,1.3460,9450,12737
2017-07-04,1.3410,1.3410,1.3400,1.3410,200,268
2017-07-05,1.3420,1.3420,1.3410,1.3410,1300,1743
2017-07-06,1.3540,1.3540,1.3460,1.3460,18250,24599
2017-07-07,1.3500,1.3500,1.3500,1.3500,11100,14985
2017-07-12,1.3490,1.3490,1.3290,1.3290,800,1067
2017-07-13,1.3290,1.3290,1.3160,1.3210,300,397
2017-07-14,1.3170,1.3170,1.3170,1.3170,600,790
2017-07-17,1.3200,1.3200,1.3160,1.3180,500,659
2017-07-18,1.2640,1.2770,1.2640,1.2770,6400,8116
2017-07-19,1.2760,1.2770,1.2760,1.2770,2700,3445
2017-07-20,1.2860,1.2860,1.2860,1.2860,100,129
2017-07-21,1.2800,1.2820,1.2800,1.2820,1200,1536
2017-07-24,1.2780,1.2780,1.2660,1.2660,200,254
2017-07-25,1.2720,1.2890,1.2720,1.2870,600,769
2017-07-26,1.2880,1.2880,1.2800,1.2810,500,641
2017-07-27,1.2770,1.2950,1.2770,1.2860,2800,3609
2017-07-28,1.2880,1.3030,1.2870,1.3020,2500,3243
2017-07-31,1.3010,1.3150,1.3010,1.3150,1400,1825
2017-08-01,1.3090,1.3160,1.3090,1.3160,1700,2226
2017-08-02,1.3070,1.3070,1.3000,1.3000,92200,119861
2017-08-03,1.3100,1.3150,1.3100,1.3150,5400,7075
2017-08-04,1.2960,1.3170,1.2960,1.3170,1100,1446
2017-08-07,1.3030,1.3180,1.3030,1.3180,500,657
2017-08-08,1.3130,1.3130,1.3000,1.3010,3100,4034
2017-08-09,1.3130,1.3420,1.3130,1.3410,494100,657803
2017-08-11,1.3290,1.3340,1.3290,1.3290,800,1064
2017-08-14,1.3160,1.3500,1.3160,1.3500,169700,228407
2017-08-15,1.3500,1.3500,1.3500,1.3500,2300,3105
2017-08-16,1.3480,1.3700,1.3350,1.3700,262600,357715
2017-08-17,1.3560,1.3900,1.3460,1.3700,349700,482769
2017-08-18,1.3900,1.3900,1.3560,1.3700,198700,274516
2017-08-21,1.3680,1.3850,1.3680,1.3840,32634,44754
2017-08-22,1.3780,1.4500,1.3780,1.4150,1516435,2129742
2017-08-23,1.3980,1.4350,1.3840,1.4350,14401,20233
2017-08-24,1.4350,1.4580,1.4020,1.4030,20000,28736
2017-08-25,1.4340,1.4340,1.4340,1.4340,5300,7600
2017-08-28,1.3940,1.4400,1.3940,1.4110,11000,15532
2017-08-29,1.4010,1.4290,1.4010,1.4290,5500,7790
2017-08-30,1.4150,1.4190,1.4130,1.4190,3000,4248
2017-08-31,1.4130,1.4130,1.4130,1.4130,12800,18086
2017-09-01,1.4160,1.4220,1.4160,1.4200,13900,19721
2017-09-04,1.4420,1.4750,1.4240,1.4450,20400,29413
2017-09-05,1.4450,1.4510,1.4440,1.4510,12500,18062
2017-09-06,1.4210,1.4500,1.4210,1.4500,51800,74988
2017-09-07,1.4600,1.4680,1.4400,1.4400,34900,51131
2017-09-08,1.4220,1.4590,1.4220,1.4580,43200,62503
2017-09-11,1.4570,1.4570,1.4490,1.4510,14200,20623
2017-09-13,1.4420,1.4530,1.4420,1.4530,3900,5661
2017-09-15,1.4300,1.4300,1.4300,1.4300,700,1001
2017-09-18,1.4200,1.4400,1.4200,1.4400,7500,10664
2017-09-19,1.4290,1.4300,1.4200,1.4300,400,571
2017-09-20,1.4300,1.4380,1.4300,1.4300,2000,2864
2017-09-21,1.4380,1.4380,1.4300,1.4310,2900,4148
2017-09-22,1.4310,1.4310,1.4010,1.4300,134400,188382
2017-09-25,1.4220,1.4220,1.3950,1.4070,29600,41464
2017-09-26,1.4070,1.4140,1.4030,1.4140,3000,4219
2017-09-27,1.4030,1.4200,1.3990,1.4200,136400,192599
2017-09-28,1.4190,1.4200,1.4190,1.4200,14300,20292
2017-09-29,1.4270,1.4270,1.4260,1.4260,700,998
2017-10-09,1.4380,1.4580,1.4380,1.4580,22600,32843
2017-10-10,1.4560,1.4600,1.4560,1.4600,8000,11665
2017-10-11,1.4600,1.4600,1.4600,1.4600,500,730
2017-10-12,1.4580,1.4600,1.4580,1.4600,177200,258364
2017-10-13,1.4720,1.4750,1.4600,1.4750,37230,54468
2017-10-16,1.4780,1.4800,1.4610,1.4730,12534,18445
2017-10-17,1.4610,1.4720,1.4610,1.4720,9100,13352
2017-10-18,1.4930,1.4930,1.4670,1.4670,13400,19974
2017-10-19,1.4600,1.4600,1.4600,1.4600,2500,3650
2017-10-20,1.4420,1.4420,1.4400,1.4420,26670,38437
2017-10-23,1.4430,1.4600,1.4420,1.4600,192700,280561
2017-10-24,1.4560,1.4560,1.4400,1.4520,1400,2021
2017-10-25,1.4500,1.4600,1.4490,1.4600,135000,196555
2017-10-26,1.4600,1.4790,1.4530,1.4790,31800,46367
2017-10-27,1.4750,1.4750,1.4640,1.4680,59500,87613
2017-10-30,1.4720,1.4790,1.4570,1.4600,61000,90029
2017-10-31,1.4620,1.4620,1.4570,1.4570,8100,11833
2017-11-01,1.4640,1.4710,1.4600,1.4690,81013,118783
2017-11-02,1.4690,1.4690,1.4540,1.4560,1200,1747
2017-11-03,1.4540,1.4570,1.4540,1.4540,13900,20211
2017-11-06,1.4720,1.4790,1.4600,1.4790,24000,35206
2017-11-07,1.4800,1.5000,1.4780,1.5000,44100,66009
2017-11-08,1.5100,1.5100,1.5000,1.5100,65100,98020
2017-11-09,1.5060,1.5200,1.5060,1.5200,36400,54990
2017-11-10,1.5400,1.5660,1.5400,1.5400,47770,74183
2017-11-13,1.5260,1.5800,1.5220,1.5610,42200,66169
2017-11-14,1.5800,1.6200,1.5700,1.5950,39700,63394
2017-11-15,1.5800,1.6000,1.5800,1.5810,4100,6506
2017-11-16,1.5800,1.5800,1.5600,1.5600,16900,26430
2017-11-17,1.5560,1.5560,1.5360,1.5360,38900,60093
2017-11-20,1.4960,1.5190,1.4900,1.5190,68700,102464
2017-11-21,1.5170,1.5450,1.5170,1.5450,44900,68808
2017-11-22,1.5370,1.5600,1.5370,1.5450,10000,15437
2017-11-23,1.5600,1.5600,1.4800,1.5380,51100,78320
2017-11-24,1.4820,1.5190,1.4810,1.4820,176700,262212
2017-11-27,1.4800,1.4800,1.4500,1.4790,5500,8051
2017-11-28,1.4470,1.4990,1.4470,1.4990,5500,8134
2017-11-30,1.4730,1.4790,1.4420,1.4790,59400,86825
2017-12-01,1.4410,1.4720,1.4410,1.4720,5900,8506
2017-12-04,1.4420,1.4430,1.4390,1.4410,59400,85637
2017-12-05,1.4510,1.4510,1.4360,1.4360,600,863
2017-12-06,1.4360,1.4560,1.4100,1.4350,37500,53212
2017-12-07,1.4200,1.4330,1.4110,1.4330,4100,5857
2017-12-08,1.4370,1.4650,1.4370,1.4590,83800,122077
2017-12-11,1.4600,1.4920,1.4500,1.4550,100800,149490
2017-12-12,1.4550,1.4770,1.4300,1.4690,56900,81683
2017-12-13,1.4400,1.4750,1.4240,1.4700,10100,14524
2017-12-14,1.4400,1.4590,1.4380,1.4590,1400,2025
2017-12-15,1.4550,1.4550,1.4550,1.4550,100,146
2017-12-18,1.4530,1.4530,1.4300,1.4490,19100,27571
2017-12-19,1.4480,1.4480,1.4480,1.4480,12700,18390
2017-12-20,1.4480,1.4480,1.4480,1.4480,100,145
2017-12-21,1.4340,1.5600,1.4300,1.5570,37600,55123
2017-12-22,1.4880,1.4880,1.4510,1.4610,39400,57616
2017-12-25,1.4400,1.4560,1.4200,1.4300,16700,23902
2017-12-26,1.4300,1.4320,1.4150,1.4320,29600,42109
2017-12-27,1.4220,1.4220,1.4150,1.4150,10900,15484
2017-12-28,1.4010,1.4260,1.4010,1.4260,19300,27315
2018-01-02,1.4120,1.4240,1.4110,1.4240,49700,70152
2018-01-03,1.4180,1.4700,1.4020,1.4700,35300,49733
2018-01-04,1.4200,1.4400,1.4150,1.4400,27100,38476
2018-01-05,1.4330,1.4340,1.4330,1.4340,7500,10749
2018-01-08,1.4340,1.4340,1.4200,1.4200,3100,4419
2018-01-09,1.4170,1.4250,1.4160,1.4160,19900,28185
2018-01-10,1.4160,1.4240,1.4100,1.4240,6100,8615
2018-01-11,1.4230,1.4370,1.4140,1.4370,49900,71110
2018-01-12,1.4370,1.4370,1.4270,1.4280,6500,9290
2018-01-15,1.4220,1.4220,1.4200,1.4200,3100,4402
2018-01-16,1.4100,1.4100,1.4010,1.4010,2100,2943
2018-01-17,1.4010,1.4010,1.3930,1.3930,15400,21561
2018-01-18,1.3930,1.4060,1.3930,1.3930,23200,32349
2018-01-19,1.3960,1.4090,1.3960,1.4090,400,561
2018-01-22,1.4100,1.4160,1.4090,1.4160,19900,28154
2018-01-23,1.4180,1.4190,1.4180,1.4190,7500,10642
2018-01-24,1.4200,1.4200,1.4000,1.4030,48700,68500
2018-01-25,1.4200,1.4600,1.4200,1.4400,36000,51556
2018-01-26,1.4200,1.4390,1.3800,1.4390,52613,74305
2018-01-29,1.4190,1.4190,1.4000,1.4170,10700,15046
2018-01-30,1.3870,1.4130,1.3800,1.3860,37800,52684
2018-01-31,1.3980,1.3980,1.3870,1.3870,13300,18467
2018-02-01,1.3800,1.3990,1.3270,1.3600,12800,17386
2018-02-02,1.3570,1.3630,1.3080,1.3580,5500,7317
2018-02-05,1.3260,1.3760,1.3260,1.3660,3400,4596
2018-02-06,1.3630,1.3630,1.2940,1.3060,12900,16937
2018-02-07,1.3200,1.3200,1.2670,1.3000,27713,35817
2018-02-08,1.2610,1.3160,1.2610,1.2980,19213,24323
2018-02-09,1.2650,1.2850,1.2310,1.2850,45570,56189
2018-02-12,1.2780,1.2780,1.2690,1.2770,7000,8910
2018-02-13,1.2780,1.2840,1.2780,1.2780,15700,20116
2018-02-14,1.2770,1.2770,1.2770,1.2770,200,255
2018-02-22,1.2790,1.3140,1.2790,1.3140,35383,45960
2018-02-26,1.3010,1.4190,1.3010,1.3890,82383,111240
2018-02-27,1.3890,1.4200,1.3890,1.4190,23600,33151
2018-02-28,1.3850,1.4300,1.3840,1.4300,68800,98212
2018-03-01,1.4330,1.4350,1.4000,1.4300,33000,47131
2018-03-02,1.4010,1.4400,1.4000,1.4000,33500,46908
2018-03-05,1.4200,1.4200,1.3810,1.4180,2200,3078
2018-03-06,1.4200,1.4290,1.4150,1.4260,29000,41321
2018-03-07,1.4160,1.4460,1.4130,1.4400,87700,124389
2018-03-08,1.4400,1.5400,1.4200,1.4350,91200,134403
2018-03-09,1.4600,1.5100,1.4390,1.4880,93600,137540
2018-03-12,1.4880,1.5090,1.4600,1.4880,109080,161750
2018-03-13,1.4800,1.4880,1.4620,1.4660,59383,87530
2018-03-14,1.4600,1.4600,1.4400,1.4460,8900,12923
2018-03-15,1.4410,1.4410,1.4250,1.4390,14200,20423
2018-03-16,1.4350,1.4460,1.4350,1.4450,11000,15820
2018-03-19,1.4600,1.4800,1.4450,1.4650,9000,13143
2018-03-20,1.4450,1.4600,1.4210,1.4290,51500,74600
2018-03-21,1.4560,1.4800,1.4560,1.4780,65200,95934
2018-03-22,1.4770,1.4770,1.4400,1.4400,1800,2609
2018-03-23,1.4270,1.4270,1.3400,1.3800,67200,91425
2018-03-26,1.3800,1.3990,1.3800,1.3990,33500,46652
2018-03-27,1.3990,1.4400,1.3990,1.4030,21300,29998
2018-03-28,1.4070,1.4230,1.3580,1.4160,44100,60642
2018-03-29,1.4280,1.4280,1.3880,1.3950,27500,38828
2018-03-30,1.3990,1.5000,1.3990,1.4200,16200,23216
2018-04-02,1.4290,1.4990,1.4070,1.4560,72500,104011
2018-04-03,1.4400,1.4800,1.4170,1.4350,76000,109648
2018-04-04,1.4370,1.5250,1.4180,1.4990,82900,122324
2018-04-09,1.4400,1.4990,1.3920,1.4400,95800,136234
2018-04-10,1.4390,1.4600,1.4200,1.4420,22635,32343
2018-04-11,1.4420,1.4590,1.4360,1.4420,20300,29280
2018-04-12,1.4200,1.4550,1.4100,1.4280,21400,30573
2018-04-13,1.4440,1.4550,1.4400,1.4400,6400,9219
2018-04-16,1.4200,1.4200,1.4100,1.4200,32700,46433
2018-04-17,1.4160,1.4160,1.4100,1.4100,20300,28701
2018-04-18,1.3800,1.4200,1.3600,1.3710,86500,118013
2018-04-19,1.3710,1.3710,1.3700,1.3710,79136,108442
2018-04-20,1.3710,1.3710,1.3530,1.3590,7700,10470
2018-04-23,1.3500,1.3500,1.3220,1.3220,5200,6958
2018-04-24,1.3220,1.3870,1.2700,1.3550,194952,261979
2018-04-25,1.3540,1.3540,1.3300,1.3530,16100,21708
2018-04-26,1.3400,1.3750,1.3390,1.3510,44000,59394
2018-04-27,1.3560,1.3730,1.3560,1.3720,31800,43638
2018-05-02,1.3600,1.4200,1.3600,1.3770,19500,27408
2018-05-03,1.3470,1.4150,1.3200,1.4100,30300,42021
2018-05-04,1.3470,1.3770,1.3450,1.3770,4000,5467
2018-05-07,1.3600,1.3770,1.3430,1.3710,45200,61296
2018-05-08,1.3530,1.3530,1.3500,1.3520,13236,17876
2018-05-09,1.3710,1.3710,1.3630,1.3630,3700,5054
2018-05-10,1.3720,1.3720,1.3600,1.3600,6800,9308
2018-05-11,1.3600,1.3720,1.3420,1.3420,6400,8669
2018-05-14,1.3420,1.3590,1.3040,1.3540,79100,104333
2018-05-15,1.3530,1.3590,1.3470,1.3580,17600,23803
2018-05-18,1.3330,1.3580,1.3330,1.3570,1100,1491
2018-05-21,1.3590,1.4100,1.3580,1.3590,43400,59951
2018-05-22,1.3610,1.3700,1.3590,1.3670,18600,25284
2018-05-23,1.3800,1.3800,1.3600,1.3600,6100,8298
2018-05-25,1.3410,1.3460,1.3230,1.3400,5800,7706
2018-05-28,1.3210,1.3410,1.3000,1.3410,19900,25907
2018-05-29,1.3380,1.3380,1.3170,1.3170,10700,14199
2018-05-30,1.3080,1.3080,1.2810,1.2890,18700,24087
2018-05-31,1.2900,1.2900,1.2900,1.2900,400,516
2018-06-01,1.2860,1.2860,1.2860,1.2860,3500,4501
2018-06-04,1.2730,1.2940,1.2730,1.2890,400,515
2018-06-05,1.2950,1.3300,1.2940,1.3270,45300,58891
2018-06-06,1.3400,1.3400,1.3000,1.3000,21400,27953
2018-06-07,1.3030,1.3050,1.2880,1.3050,2600,3355
2018-06-08,1.2960,1.2960,1.2960,1.2960,200,259
2018-06-11,1.2850,1.2850,1.2520,1.2700,52300,65606
2018-06-12,1.2720,1.3160,1.2690,1.3030,64900,84788
2018-06-13,1.2900,1.3180,1.2650,1.2740,7800,9941
2018-06-15,1.2800,1.2800,1.2410,1.2410,7400,9397
2018-06-19,1.2460,1.2460,1.2020,1.2430,22600,27192
2018-06-20,1.1800,1.2000,1.1800,1.2000,13300,15929
2018-06-21,1.2000,1.2000,1.1370,1.1700,17000,20020
2018-06-22,1.1400,1.1590,1.1400,1.1590,1200,1372
2018-06-25,1.1600,1.1800,1.1600,1.1640,9400,11063
2018-06-26,1.1640,1.1640,1.1300,1.1300,7300,8487
2018-06-27,1.1670,1.1670,1.1370,1.1510,8200,9455
2018-06-28,1.1620,1.1800,1.1400,1.1400,1200,1380
2018-06-29,1.1560,1.1700,1.1430,1.1700,16500,19110
2018-07-02,1.1790,1.1790,1.1480,1.1680,13700,15804
2018-07-03,1.1630,1.1780,1.1630,1.1780,200,234
2018-07-04,1.1610,1.1720,1.1500,1.1720,5600,6469
2018-07-05,1.1710,1.1780,1.1500,1.1500,17200,20002
2018-07-06,1.1510,1.1600,1.1290,1.1600,14800,16894
2018-07-09,1.1580,1.2000,1.1470,1.1780,13200,15309
2018-07-10,1.1790,1.1800,1.1790,1.1800,2600,3066
2018-07-11,1.1670,1.1670,1.1400,1.1600,7400,8566
2018-07-12,1.1700,1.1890,1.1520,1.1790,69436,80522
2018-07-13,1.1780,1.2140,1.1780,1.2140,26000,31076
2018-07-16,1.1920,1.1920,1.1920,1.1920,700,834
2018-07-17,1.1920,1.1920,1.1780,1.1780,2400,2829
2018-07-18,1.1800,1.2000,1.1800,1.2000,12700,15208
2018-07-19,1.1990,1.1990,1.1780,1.1980,36200,42701
2018-07-20,1.1950,1.1990,1.1670,1.1980,168688,197768
2018-07-23,1.1960,1.1980,1.1750,1.1840,61600,73232
2018-07-24,1.1960,1.2070,1.1900,1.2060,67500,80609
2018-07-25,1.2160,1.2160,1.2090,1.2090,81752,99000
2018-07-26,1.2150,1.2150,1.1760,1.1820,30752,36541
2018-07-27,1.1820,1.1890,1.1750,1.1750,18800,22231
2018-07-30,1.1760,1.1780,1.1600,1.1780,4000,4676
2018-07-31,1.1780,1.1780,1.1600,1.1610,1000,1173
2018-08-01,1.1670,1.1670,1.1640,1.1640,700,815
2018-08-02,1.1580,1.1760,1.1030,1.1280,32400,37661
2018-08-03,1.1260,1.1260,1.1010,1.1050,33900,37529
2018-08-06,1.1020,1.1180,1.0730,1.1140,163080,176474
2018-08-07,1.0990,1.1080,1.0990,1.1070,65480,72420
2018-08-08,1.1200,1.1480,1.0950,1.0950,31900,35850
2018-08-09,1.0910,1.1470,1.0910,1.1470,152600,172601
2018-08-10,1.1520,1.1560,1.1350,1.1550,27300,31367
2018-08-13,1.1550,1.1680,1.1550,1.1600,17200,19925
2018-08-14,1.1670,1.1670,1.1470,1.1650,9900,11501
2018-08-15,1.1430,1.1640,1.1360,1.1540,9600,10921
2018-08-16,1.1270,1.1570,1.1270,1.1570,22100,25245
2018-08-17,1.1240,1.1570,1.1200,1.1560,9400,10614
2018-08-20,1.1500,1.1500,1.1080,1.1390,27600,31225
2018-08-21,1.1400,1.1490,1.1400,1.1490,1300,1484
2018-08-22,1.1220,1.1400,1.1170,1.1400,10300,11558
2018-08-23,1.1320,1.1390,1.1320,1.1390,6600,7472
2018-08-24,1.1400,1.1600,1.1220,1.1450,9900,11161
2018-08-27,1.1400,1.1590,1.1400,1.1590,1900,2183
2018-08-28,1.1690,1.1690,1.1450,1.1680,5000,5821
2018-08-29,1.1450,1.1670,1.1400,1.1670,7200,8362
2018-08-30,1.1590,1.1680,1.1450,1.1670,2100,2410
2018-09-03,1.1270,1.1400,1.1270,1.1400,300,341
2018-09-04,1.1390,1.1600,1.1390,1.1490,21900,25205
2018-09-05,1.1380,1.1380,1.1380,1.1380,100,114
2018-09-06,1.1250,1.1390,1.1250,1.1390,5300,5967
2018-09-07,1.1400,1.1600,1.1400,1.1400,10700,12208
2018-09-10,1.1200,1.1200,1.0970,1.1000,26100,28887
2018-09-11,1.1000,1.1200,1.0990,1.1000,17100,18851
2018-09-12,1.1000,1.1000,1.0900,1.0900,2000,2190
2018-09-13,1.1000,1.1070,1.0710,1.0900,18800,20373
2018-09-14,1.1200,1.1200,1.0900,1.0900,5200,5674
2018-09-17,1.0720,1.0720,1.0600,1.0700,39500,42026
2018-09-18,1.0650,1.0780,1.0550,1.0700,15300,16407
2018-09-19,1.0700,1.0700,1.0690,1.0690,17400,18614
2018-09-20,1.0710,1.0840,1.0700,1.0840,17100,18316
2018-09-21,1.0630,1.0880,1.0620,1.0670,23500,25523
2018-09-25,1.0890,1.1390,1.0700,1.0720,30000,33572
2018-09-26,1.0860,1.1080,1.0850,1.1030,59212,64809
2018-09-27,1.0900,1.0990,1.0660,1.0990,26100,27844
2018-09-28,1.0960,1.1490,1.0910,1.0910,24000,27457
2018-10-08,1.0910,1.0910,1.0510,1.0520,2500,2674
2018-10-09,1.0440,1.0580,1.0230,1.0580,45600,47055
2018-10-11,1.0490,1.0490,1.0000,1.0420,36400,37026
2018-10-12,1.0100,1.0190,0.9700,0.9700,46300,46772
2018-10-15,0.9770,0.9780,0.9700,0.9730,16900,16508
2018-10-16,0.9970,0.9970,0.9130,0.9210,78000,73148
2018-10-17,0.9780,0.9780,0.9400,0.9500,37400,36396
2018-10-18,0.9970,0.9970,0.9150,0.9600,65700,61711
2018-10-22,0.9900,1.0440,0.9680,0.9970,99300,99413
2018-10-23,0.9790,0.9790,0.9700,0.9700,2400,2329
2018-10-24,0.9690,0.9700,0.9690,0.9700,15800,15313
2018-10-25,0.9670,0.9670,0.9420,0.9420,600,575
2018-10-26,0.9670,0.9670,0.9670,0.9670,5100,4932
2018-10-29,0.9550,0.9550,0.9550,0.9550,3500,3343
2018-10-30,0.9690,0.9690,0.9690,0.9690,100,97
2018-10-31,0.9840,0.9840,0.9840,0.9840,6000,5904
2018-11-01,1.0110,1.0110,1.0110,1.0110,600,607
2018-11-05,1.0010,1.0010,0.9870,0.9940,2000,1986
2018-11-06,0.9930,0.9930,0.9920,0.9930,400,397
2018-11-08,0.9920,1.0100,0.9760,1.0100,2000,1995
2018-11-09,1.0070,1.0070,1.0070,1.0070,2900,2920
2018-11-12,1.0210,1.0210,1.0210,1.0210,2000,2042
2018-11-13,1.0090,1.0510,0.9830,1.0510,69700,70016
2018-11-14,1.0390,1.0460,1.0230,1.0400,29900,30884
2018-11-15,1.0400,1.0400,1.0400,1.0400,100,104
2018-11-16,1.0510,1.0640,1.0390,1.0580,77600,81135
2018-11-19,1.0420,1.0560,1.0420,1.0560,9900,10361
2018-11-20,1.0470,1.0470,1.0240,1.0250,48112,49545
2018-11-21,1.0270,1.0270,1.0270,1.0270,2200,2259
2018-11-22,1.0310,1.0310,1.0310,1.0310,3012,3105
2018-11-23,1.0390,1.0390,0.9970,1.0390,7900,8084
2018-11-26,0.9400,1.0430,0.9400,1.0430,3100,3223
2018-11-27,1.0560,1.0570,1.0010,1.0170,15300,15963
2018-11-28,0.9880,0.9880,0.9880,0.9880,12100,11955
2018-11-29,1.0070,1.0070,0.9880,0.9880,6900,6833
2018-12-03,1.0090,1.0230,1.0090,1.0220,1700,1727
2018-12-06,1.0090,1.0090,1.0090,1.0090,600,605
2018-12-07,0.9830,0.9830,0.9830,0.9830,500,492
2018-12-11,0.9840,1.0100,0.9830,1.0100,3600,3555
2018-12-12,1.0150,1.0410,1.0090,1.0410,15200,15468
2018-12-13,1.0270,1.0270,1.0120,1.0270,5800,5933
2018-12-14,1.0120,1.0120,1.0120,1.0120,100,101
2018-12-17,0.9990,1.0250,0.9370,1.0200,1700,1695
2018-12-21,1.0190,1.0190,0.9500,0.9620,7000,7012
2018-12-24,0.9600,1.0000,0.9600,1.0000,12700,12232
2018-12-25,1.0060,1.0060,1.0030,1.0030,6800,6836
2018-12-26,0.9980,0.9980,0.9520,0.9520,25900,24772
2018-12-28,0.9500,0.9500,0.9500,0.9500,100,95
2019-01-04,0.9300,0.9800,0.9300,0.9780,3700,3526
2019-01-07,0.9410,0.9410,0.9410,0.9410,100,94
2019-01-08,1.0060,1.0060,0.9700,1.0060,22600,21933
2019-01-09,0.9990,0.9990,0.9690,0.9840,27500,26795
2019-01-10,0.9770,0.9820,0.9710,0.9820,13300,13048
2019-01-14,0.9720,0.9720,0.9700,0.9700,1900,1843
2019-01-15,0.9880,0.9910,0.9880,0.9910,11400,11290
2019-01-17,0.9790,0.9990,0.9790,0.9990,6500,6464
2019-01-18,0.9980,0.9980,0.9980,0.9980,2000,1996
2019-01-21,1.0070,1.0070,1.0070,1.0070,1100,1108
2019-01-22,0.9950,0.9950,0.9920,0.9920,400,397
2019-01-23,0.9820,0.9820,0.9820,0.9820,1000,982
2019-01-24,0.9960,0.9960,0.9960,0.9960,100,100
2019-01-25,1.0070,1.0070,1.0070,1.0070,3000,3021
2019-01-31,1.0080,1.0080,1.0080,1.0080,300,302
2019-02-01,1.0080,1.0080,1.0080,1.0080,6100,6149
2019-02-11,1.0150,1.0570,0.9860,1.0570,19100,19571
2019-02-12,1.0150,1.0930,1.0150,1.0800,53300,57350
2019-02-13,1.0630,1.0930,1.0630,1.0800,19000,20640
2019-02-14,1.1070,1.1080,1.0640,1.0770,22800,24595
2019-02-15,1.0620,1.0700,1.0350,1.0370,34800,36491
2019-02-18,1.0590,1.0990,1.0590,1.0990,190000,204981
2019-02-19,1.0990,1.2090,1.0990,1.1470,555000,647592
2019-02-20,1.1320,1.1320,1.1180,1.1200,228200,256866
2019-02-21,1.1170,1.1990,1.1160,1.1600,97500,112316
2019-02-22,1.1560,1.1830,1.1090,1.1780,271800,307634
2019-02-25,1.1720,1.2950,1.1720,1.2390,1297000,1598585
2019-02-26,1.2360,1.2590,1.2000,1.2580,1182100,1460442
2019-02-27,1.2580,1.2690,1.2020,1.2230,555000,688761
2019-02-28,1.2120,1.2590,1.1920,1.2080,143800,175563
2019-03-01,1.2080,1.2190,1.1920,1.2180,335900,405177
2019-03-04,1.2180,1.3320,1.2180,1.2760,467400,591365
2019-03-05,1.2620,1.2900,1.2580,1.2900,290400,371442
2019-03-06,1.2950,1.3300,1.2950,1.3300,860400,1132883
2019-03-07,1.3300,1.4250,1.2940,1.3380,2150200,2912005
2019-03-08,1.3300,1.3510,1.2450,1.3160,769700,1000815
2019-03-11,1.3110,1.3470,1.2820,1.3440,675800,889709
2019-03-12,1.3480,1.3890,1.3470,1.3780,649500,889930
2019-03-13,1.3980,1.3990,1.3300,1.3700,323200,442344
2019-03-14,1.3160,1.3710,1.3030,1.3250,209800,279319
2019-03-15,1.3030,1.3270,1.2820,1.2880,1417000,1823366
2019-03-18,1.2840,1.3220,1.2360,1.3000,324300,412952
2019-03-19,1.2900,1.3240,1.2880,1.3070,585800,762896
2019-03-20,1.2950,1.3400,1.2760,1.3080,298500,386121
2019-03-21,1.3100,1.3240,1.2890,1.3230,298100,391603
2019-03-22,1.3210,1.3210,1.2910,1.3110,140200,183046
2019-03-25,1.2820,1.3050,1.2820,1.2980,204200,264054
2019-03-26,1.3000,1.3000,1.2580,1.2620,162712,207455
2019-03-27,1.2800,1.2800,1.2310,1.2560,84512,105434
2019-03-28,1.2500,1.2770,1.2380,1.2390,226200,283923
2019-03-29,1.2470,1.2790,1.2310,1.2770,279200,353692
2019-04-01,1.3060,1.3440,1.2920,1.3430,458300,602325
2019-04-02,1.3430,1.3540,1.3220,1.3480,270712,362282
2019-04-03,1.3300,1.3480,1.3300,1.3460,291112,390504
2019-04-04,1.3660,1.3660,1.3360,1.3380,194512,261768
2019-04-08,1.3600,1.3600,1.2930,1.3130,633200,833320
2019-04-09,1.3070,1.3250,1.2990,1.3230,1059400,1397584
2019-04-10,1.3180,1.3350,1.3010,1.3260,218800,287726
2019-04-11,1.3260,1.3270,1.2920,1.3140,227200,296194
2019-04-12,1.2930,1.3190,1.2930,1.3030,236300,309969
2019-04-15,1.3130,1.3350,1.2920,1.3080,273500,357346
2019-04-16,1.2860,1.3320,1.2730,1.3320,839400,1096306
2019-04-17,1.3320,1.3450,1.3270,1.3430,190500,254132
2019-04-18,1.3310,1.3430,1.3220,1.3400,80300,107075
2019-04-19,1.3310,1.3430,1.2880,1.3430,126500,167638
2019-04-22,1.3370,1.3440,1.3080,1.3330,80900,108069
2019-04-23,1.3330,1.3330,1.2930,1.2940,33500,43566
2019-04-24,1.2950,1.3190,1.2810,1.3090,39500,51617
2019-04-25,1.3140,1.3140,1.2850,1.2940,38400,50196
2019-04-26,1.2930,1.2930,1.2580,1.2660,23800,30387
2019-04-29,1.2620,1.2620,1.2080,1.2320,126900,157102
2019-04-30,1.2290,1.2360,1.2210,1.2330,987900,1208994
2019-05-06,1.2180,1.2180,1.1150,1.1160,313400,363556
2019-05-07,1.1480,1.1480,1.1220,1.1280,15900,17926
2019-05-08,1.1290,1.1660,1.1110,1.1450,46112,52479
2019-05-09,1.1180,1.1440,1.1170,1.1350,101900,115455
2019-05-10,1.1470,1.1800,1.1180,1.1540,1587400,1826597
2019-05-13,1.1530,1.1550,1.1430,1.1430,136900,157448
2019-05-14,1.1390,1.1400,1.1210,1.1330,14100,15984
2019-05-15,1.1420,1.1500,1.1300,1.1480,80200,91432
2019-05-16,1.1410,1.1450,1.1200,1.1440,39200,44086
2019-05-17,1.1450,1.1450,1.1050,1.1260,36300,41130
2019-05-20,1.1200,1.1200,1.1020,1.1190,90200,99716
2019-05-21,1.1010,1.1320,1.1010,1.1320,61700,69434
2019-05-22,1.1210,1.1350,1.1200,1.1270,48827,55025
2019-05-23,1.1270,1.1270,1.1030,1.1160,30900,34399
2019-05-24,1.1150,1.1150,1.0740,1.1020,16600,18131
2019-05-27,1.1020,1.1280,1.0970,1.1280,83227,93214
2019-05-28,1.1670,1.1670,1.1150,1.1200,100600,114097
2019-05-29,1.1150,1.1280,1.1150,1.1280,110200,123007
2019-05-30,1.1110,1.1130,1.1000,1.1100,31500,34801
2019-05-31,1.1160,1.1180,1.1020,1.1090,12300,13587
2019-06-03,1.1000,1.1100,1.0940,1.0960,54200,59452
2019-06-04,1.0960,1.0990,1.0840,1.0910,16000,17509
2019-06-05,1.0990,1.1110,1.0880,1.0900,34600,37913
2019-06-06,1.0900,1.0900,1.0620,1.0660,78500,84208
2019-06-10,1.0620,1.0900,1.0620,1.0750,27100,29215
2019-06-11,1.0880,1.1240,1.0880,1.1220,162900,179435
2019-06-12,1.1190,1.1190,1.1100,1.1120,36600,40737
2019-06-13,1.1110,1.1130,1.1000,1.1130,26100,28801
2019-06-14,1.1080,1.1080,1.0780,1.0930,19300,21174
2019-06-17,1.0910,1.0960,1.0750,1.0880,114600,124741
2019-06-18,1.0880,1.0920,1.0800,1.0920,5600,6088
2019-06-19,1.1030,1.1310,1.1030,1.1090,70500,78571
2019-06-20,1.1020,1.1350,1.1020,1.1340,86712,97508
2019-06-21,1.1470,1.1550,1.1400,1.1500,150100,172611
2019-06-24,1.1600,1.1600,1.1450,1.1450,95500,110209
2019-06-25,1.1340,1.1350,1.1210,1.1290,36500,41140
2019-06-26,1.1330,1.1480,1.1330,1.1350,8700,9901
2019-06-27,1.1490,1.1600,1.1390,1.1600,62800,72136
2019-06-28,1.1420,1.1530,1.1390,1.1390,24200,27614
2019-07-01,1.1670,1.1990,1.1670,1.1960,52200,61954
2019-07-02,1.1970,1.2300,1.1970,1.2160,211100,254771
2019-07-03,1.2160,1.2160,1.1750,1.2130,145312,172718
2019-07-04,1.1730,1.2050,1.1730,1.1950,57600,67980
2019-07-05,1.2110,1.2110,1.1780,1.1800,86400,102272
2019-07-08,1.1710,1.1890,1.1470,1.1700,29700,34287
2019-07-09,1.1480,1.1480,1.1400,1.1480,68400,78333
2019-07-10,1.1410,1.1860,1.1410,1.1720,33600,39247
2019-07-11,1.1880,1.1880,1.1460,1.1870,24400,28746
2019-07-12,1.1740,1.1850,1.1600,1.1800,121100,141272
2019-07-15,1.1120,1.1750,1.1120,1.1730,32100,36779
2019-07-16,1.1590,1.1860,1.1470,1.1800,32800,37928
2019-07-17,1.1800,1.1860,1.1490,1.1860,38200,44872
2019-07-18,1.1870,1.1870,1.1610,1.1790,48100,56690
2019-07-19,1.1820,1.1820,1.1800,1.1800,1200,1418
2019-07-22,1.1620,1.1630,1.1620,1.1630,57300,66625
2019-07-23,1.1570,1.1850,1.1000,1.1410,58600,65959
2019-07-24,1.1550,1.1800,1.1550,1.1790,46100,53674
2019-07-25,1.1780,1.1990,1.1780,1.1860,79900,94249
2019-07-26,1.1780,1.2000,1.1780,1.1980,69500,82956
2019-07-29,1.1920,1.2090,1.1750,1.2000,37900,44574
2019-07-30,1.2000,1.2250,1.1910,1.2060,318683,385211
2019-07-31,1.1990,1.2200,1.1850,1.2100,32100,38783
2019-08-01,1.2080,1.2080,1.1890,1.1890,71700,85304
2019-08-02,1.1840,1.1840,1.1340,1.1830,117427,136847
2019-08-05,1.1520,1.1990,1.1520,1.1890,38100,44568
2019-08-06,1.1680,1.1890,1.1280,1.1500,219800,249305
2019-08-07,1.1430,1.1530,1.1180,1.1410,90100,101037
2019-08-08,1.1400,1.1400,1.1250,1.1250,127500,144265
2019-08-09,1.1280,1.1520,1.1020,1.1250,79100,88185
2019-08-12,1.1200,1.1690,1.1120,1.1650,260900,294341
2019-08-13,1.1420,1.1580,1.1280,1.1280,237500,271131
2019-08-14,1.1400,1.1470,1.1110,1.1440,114700,128705
2019-08-15,1.1190,1.1550,1.1190,1.1550,52783,59678
2019-08-16,1.1430,1.1620,1.1430,1.1580,159083,184182
2019-08-19,1.1710,1.2070,1.1670,1.2040,154512,182746
2019-08-20,1.2060,1.2170,1.2020,1.2080,90200,108875
2019-08-21,1.2070,1.2130,1.2000,1.2120,56500,68257
2019-08-22,1.2120,1.2170,1.2000,1.2100,269000,324676
2019-08-23,1.2160,1.2260,1.2060,1.2100,142700,172770
2019-08-26,1.1940,1.1940,1.1820,1.1930,63500,75635
2019-08-27,1.2060,1.2230,1.1900,1.2230,103000,125070
2019-08-28,1.2300,1.2300,1.2100,1.2110,56200,68248
2019-08-29,1.2080,1.2250,1.2080,1.2180,102400,124676
2019-08-30,1.2170,1.2330,1.2000,1.2060,121600,147972
2019-09-02,1.2060,1.3260,1.2060,1.2560,523900,646337
2019-09-03,1.2520,1.2960,1.2460,1.2950,227695,289659
2019-09-04,1.2950,1.3040,1.2720,1.2980,66600,85852
2019-09-05,1.2810,1.3340,1.2810,1.3300,187300,246990
2019-09-06,1.3300,1.3440,1.3160,1.3440,132000,175876
2019-09-09,1.3450,1.3700,1.3440,1.3700,1939100,2613114
2019-09-10,1.3810,1.3810,1.3460,1.3530,136300,185097
2019-09-11,1.3530,1.3910,1.3400,1.3440,1067100,1443187
2019-09-12,1.3400,1.3630,1.3360,1.3450,116400,156627
2019-09-16,1.3700,1.3700,1.3540,1.3620,110000,150054
2019-09-17,1.3470,1.3710,1.3120,1.3200,160100,212261
2019-09-18,1.3220,1.3300,1.3200,1.3290,90500,119618
2019-09-19,1.3190,1.3450,1.3120,1.3410,53900,71426
2019-09-20,1.3350,1.3600,1.3220,1.3580,147100,197836
2019-09-23,1.3350,1.3560,1.3220,1.3500,135100,181251
2019-09-24,1.3630,1.3700,1.3480,1.3560,104600,142620
2019-09-25,1.3550,1.3580,1.3280,1.3350,46900,62884
2019-09-26,1.3220,1.3450,1.2610,1.3000,123500,160240
2019-09-27,1.2980,1.3200,1.2920,1.3090,61327,80034
2019-09-30,1.3090,1.3090,1.2890,1.2890,17895,23241
2019-10-08,1.2880,1.2880,1.2630,1.2780,20900,26820
2019-10-09,1.2570,1.2940,1.2570,1.2800,20400,26037
2019-10-10,1.2800,1.2930,1.2800,1.2910,15300,19752
2019-10-11,1.2800,1.2950,1.2800,1.2930,10800,13888
2019-10-14,1.2900,1.3160,1.2900,1.3160,23200,30161
2019-10-15,1.3000,1.3000,1.2860,1.2870,14622,18920
2019-10-16,1.2830,1.2930,1.2800,1.2800,29700,38085
2019-10-17,1.2930,1.2930,1.2730,1.2890,13800,17755
2019-10-18,1.2730,1.2950,1.2580,1.2730,60000,76077
2019-10-21,1.2470,1.2850,1.2440,1.2700,63000,78838
2019-10-22,1.2630,1.2770,1.2630,1.2740,77800,98725
2019-10-23,1.2690,1.2730,1.2690,1.2720,20600,26193
2019-10-24,1.2650,1.2710,1.2540,1.2710,10400,13099
2019-10-25,1.2640,1.2790,1.2500,1.2790,24500,30999
2019-10-28,1.2910,1.3510,1.2910,1.3440,154449,204834
2019-10-29,1.3400,1.3400,1.3010,1.3340,61700,81123
2019-10-30,1.3000,1.3190,1.2810,1.3160,41200,53486
2019-10-31,1.2970,1.2970,1.2810,1.2900,11300,14579
2019-11-01,1.2890,1.2900,1.2890,1.2900,392200,505936
2019-11-04,1.2910,1.2980,1.2910,1.2930,625000,809596
2019-11-05,1.3020,1.3060,1.2940,1.3050,671700,872117
2019-11-06,1.3120,1.3150,1.2990,1.3040,698000,914281
2019-11-07,1.3060,1.3120,1.3000,1.3100,51600,67522
2019-11-08,1.3130,1.3280,1.3080,1.3180,982000,1299729
2019-11-11,1.3090,1.3300,1.2820,1.3190,244600,321774
2019-11-12,1.2800,1.3090,1.2750,1.2880,55000,70487
2019-11-13,1.2850,1.2950,1.2850,1.2950,22500,29001
2019-11-14,1.2970,1.3200,1.2920,1.3170,24100,31531
2019-11-15,1.3170,1.3230,1.3030,1.3200,98900,129657
2019-11-18,1.2890,1.3060,1.2890,1.3030,120200,155816
2019-11-19,1.2980,1.3300,1.2980,1.3300,378295,500781
2019-11-20,1.3300,1.3410,1.3160,1.3310,225200,300626
2019-11-21,1.3190,1.3200,1.3130,1.3160,50900,66992
2019-11-22,1.3240,1.3250,1.2930,1.2930,204200,269214
2019-11-25,1.2890,1.2890,1.2700,1.2790,60400,77279
2019-11-26,1.2730,1.2730,1.2730,1.2730,100,127
2019-11-27,1.2890,1.2960,1.2880,1.2880,39600,51160
2019-11-28,1.2850,1.2850,1.2850,1.2850,100,129
2019-11-29,1.2940,1.2940,1.2910,1.2910,400,517
2019-12-02,1.2790,1.2970,1.2790,1.2960,35000,45359
2019-12-03,1.2840,1.3010,1.2800,1.3010,226195,293809
2019-12-04,1.3040,1.3040,1.2960,1.2960,8200,10685
2019-12-05,1.3010,1.3260,1.3010,1.3240,82600,108775
2019-12-06,1.3280,1.3300,1.3180,1.3240,22700,30106
2019-12-09,1.3390,1.3450,1.3270,1.3350,28249,37822
2019-12-10,1.3350,1.3590,1.3350,1.3580,178800,241762
2019-12-11,1.3580,1.3670,1.3420,1.3610,41349,56085
2019-12-12,1.3590,1.3600,1.3510,1.3550,18100,24587
2019-12-13,1.3690,1.3700,1.3530,1.3660,307300,418438
2019-12-16,1.3680,1.4100,1.3680,1.4100,601895,839263
2019-12-17,1.4170,1.4500,1.4000,1.4250,189411,269950
2019-12-18,1.4490,1.4490,1.4210,1.4300,93949,134376
2019-12-19,1.4170,1.4570,1.4170,1.4480,49600,70899
2019-12-20,1.4380,1.4570,1.4100,1.4200,169100,240696
2019-12-23,1.4070,1.4250,1.3580,1.3850,133300,183547
2019-12-24,1.3790,1.3940,1.3710,1.3890,102000,141010
2019-12-25,1.3950,1.4150,1.3790,1.3950,60800,84917
2019-12-26,1.3990,1.4150,1.3900,1.4090,88300,123111
2019-12-27,1.4090,1.4140,1.3860,1.3860,39200,54785
2019-12-30,1.3790,1.4000,1.3320,1.3860,48400,67113
2019-12-31,1.4090,1.4090,1.3870,1.4090,93900,131141
2020-01-02,1.4100,1.4580,1.4100,1.4360,73000,105159
2020-01-03,1.4580,1.4580,1.4390,1.4560,47485,68642
2020-01-06,1.4460,1.4900,1.4460,1.4690,75885,111356
2020-01-07,1.4620,1.4800,1.4510,1.4800,63600,93189
2020-01-08,1.4570,1.4830,1.4550,1.4620,122500,181152
2020-01-09,1.4710,1.5000,1.4710,1.4990,491149,732330
2020-01-10,1.5010,1.5050,1.4910,1.4990,68100,102057
2020-01-13,1.5010,1.5350,1.5000,1.5350,89300,135859
2020-01-14,1.5410,1.5430,1.5280,1.5300,172700,265442
2020-01-15,1.5280,1.5440,1.5190,1.5420,46100,70933
2020-01-16,1.5410,1.5550,1.5410,1.5460,1157280,1791495
2020-01-17,1.5530,1.5560,1.5370,1.5410,118300,182941
2020-01-20,1.5510,1.5800,1.5410,1.5800,248500,390198
2020-01-21,1.5690,1.5800,1.5600,1.5630,241900,380121
2020-01-22,1.5510,1.6050,1.5360,1.6000,695900,1098483
2020-01-23,1.6100,1.6100,1.5190,1.5440,492600,771526
2020-02-03,1.3900,1.4500,1.3900,1.3900,478000,672912
2020-02-04,1.3980,1.5130,1.3970,1.4490,509500,727883
2020-02-05,1.4490,1.5140,1.4490,1.4790,725700,1074658
2020-02-06,1.4790,1.5350,1.4640,1.5270,233600,354339
2020-02-07,1.5120,1.5630,1.5120,1.5600,353600,545119
2020-02-10,1.5760,1.6100,1.5420,1.5640,1859000,2898065
2020-02-11,1.5640,1.5750,1.5490,1.5660,949100,1477698
2020-02-12,1.5660,1.6050,1.5600,1.6050,4624400,7244608
2020-02-13,1.6020,1.6180,1.5830,1.6000,2461000,3951006
2020-02-14,1.5990,1.6320,1.5870,1.6040,1641400,2638529
2020-02-17,1.6200,1.6630,1.6170,1.6630,1090600,1775906
2020-02-18,1.6630,1.6950,1.6540,1.6950,5657900,9470694
2020-02-19,1.6950,1.7020,1.6700,1.6760,4653600,7829051
2020-02-20,1.6860,1.7290,1.6670,1.7250,5182000,8851493
2020-02-21,1.7250,1.7880,1.7250,1.7710,2804600,4930342
2020-02-24,1.7890,1.8470,1.7720,1.8420,6095700,10948199
2020-02-25,1.8100,1.8690,1.7490,1.8680,7494600,13628405
2020-02-26,1.8690,1.8690,1.7540,1.7660,5006305,9083308
2020-02-27,1.7660,1.7960,1.7170,1.7580,5382311,9404244
2020-02-28,1.6500,1.7200,1.6380,1.6510,4900600,8299598
2020-03-02,1.6680,1.7340,1.6540,1.7130,6628700,11095911
2020-03-03,1.7170,1.7930,1.7090,1.7280,3666800,6449224
2020-03-04,1.7110,1.7180,1.6550,1.6980,4856300,8272985
2020-03-05,1.6980,1.7390,1.6770,1.7060,3510700,6039904
2020-03-06,1.6890,1.7030,1.6750,1.6900,3994400,6738148
2020-03-09,1.6930,1.6930,1.5950,1.5970,5346000,8775151
2020-03-10,1.6130,1.6710,1.5760,1.6710,2409800,3855286
2020-03-11,1.6730,1.6910,1.6300,1.6330,5119800,8494788
2020-03-12,1.6300,1.6300,1.5800,1.6050,5396400,8635497
2020-03-13,1.5890,1.6200,1.5250,1.5990,6403100,10189024
2020-03-16,1.6150,1.6150,1.4850,1.4950,5073400,7938498
2020-03-17,1.4950,1.5970,1.4370,1.4990,5250400,7767263
2020-03-18,1.5140,1.5450,1.4690,1.4700,5092700,7737645
2020-03-19,1.4720,1.5120,1.4410,1.5030,3858100,5699841
2020-03-20,1.5180,1.5220,1.4810,1.5050,6852200,10314116
2020-03-23,1.4900,1.4900,1.4100,1.4190,4998300,7243025
2020-03-24,1.4200,1.4510,1.3860,1.4390,5067200,7261636
2020-03-25,1.4530,1.4880,1.4530,1.4820,1316800,1941601
2020-03-26,1.4640,1.4820,1.4560,1.4570,3466100,5086658
2020-03-27,1.4570,1.4750,1.4390,1.4390,3088300,4535475
2020-03-30,1.4320,1.4320,1.3670,1.3930,5248200,7297984
2020-03-31,1.4100,1.4140,1.3850,1.3860,4273100,5994498
2020-04-01,1.3820,1.4250,1.3800,1.3930,6347300,8865563
2020-04-02,1.3930,1.4560,1.3930,1.4550,6749100,9486492
2020-04-03,1.4550,1.4550,1.4280,1.4350,6289500,9072892
2020-04-07,1.4490,1.4890,1.4490,1.4770,5610100,8275775
2020-04-08,1.4770,1.4900,1.4700,1.4830,7988800,11834711
2020-04-09,1.4980,1.4980,1.4770,1.4860,2130800,3158813
2020-04-10,1.4710,1.4710,1.4270,1.4320,8796900,12752643
2020-04-13,1.4200,1.4200,1.3910,1.3980,11053100,15535762
2020-04-14,1.4120,1.4430,1.4120,1.4430,5816600,8259576
2020-04-15,1.4480,1.4700,1.4450,1.4460,4134700,5998355
2020-04-16,1.4480,1.4630,1.4300,1.4630,9141500,13275943
2020-04-17,1.4780,1.5000,1.4660,1.4750,7693200,11455438
2020-04-20,1.4840,1.4950,1.4730,1.4950,9317900,13875671
2020-04-21,1.4900,1.4900,1.4610,1.4840,8102900,11910246
2020-04-22,1.4690,1.4880,1.4670,1.4880,9620100,14252601
2020-04-23,1.4870,1.4870,1.4660,1.4660,8790800,12978145
2020-04-24,1.4690,1.4690,1.4370,1.4430,9096200,13183973
2020-04-27,1.4430,1.4570,1.4350,1.4450,9283100,13416138
2020-04-28,1.4480,1.4620,1.4010,1.4550,5760100,8298789
2020-04-29,1.4560,1.4660,1.4560,1.4610,7708300,11272181
2020-04-30,1.4610,1.5320,1.4610,1.5280,7817600,11888347
2020-05-06,1.5290,1.5690,1.5230,1.5690,5804800,8962956
2020-05-07,1.5810,1.5810,1.5540,1.5540,6533700,10203895
2020-05-08,1.5540,1.5890,1.5540,1.5760,2596400,4087798
2020-05-11,1.5760,1.6080,1.5610,1.5730,6782700,10685122
2020-05-12,1.5730,1.5800,1.5480,1.5800,6534200,10210625
2020-05-13,1.5800,1.5860,1.5620,1.5840,5091400,7984945
2020-05-14,1.5740,1.5870,1.5730,1.5730,6930700,10941620
2020-05-15,1.5700,1.6060,1.5700,1.5880,1059300,1679413
2020-05-18,1.5780,1.5780,1.5360,1.5410,8376800,13041683
2020-05-19,1.5520,1.5770,1.5470,1.5750,7408100,11526877
2020-05-20,1.5700,1.5820,1.5510,1.5580,7756500,12157731
2020-05-21,1.5600,1.5660,1.5230,1.5280,8712900,13396602
2020-05-22,1.5300,1.5330,1.4870,1.5000,10204500,15465076
2020-05-25,1.4860,1.4870,1.4600,1.4680,5890500,8651417
2020-05-26,1.4830,1.5090,1.4830,1.5090,10499800,15699806
2020-05-27,1.5090,1.5090,1.4780,1.4840,10305500,15349298
2020-05-28,1.4750,1.4890,1.4540,1.4780,10125200,14886968
2020-05-29,1.4690,1.4950,1.4690,1.4850,7328700,10871217
2020-06-01,1.5000,1.5620,1.5000,1.5590,6565200,10193078
2020-06-02,1.5590,1.5800,1.5580,1.5710,3801700,5948316
2020-06-03,1.5800,1.5970,1.5630,1.5740,6607000,10474064
2020-06-04,1.5810,1.5830,1.5650,1.5700,8657200,13650005
2020-06-05,1.5730,1.5820,1.5680,1.5810,7306100,11525568
2020-06-08,1.5970,1.6140,1.5850,1.5850,8023400,12885997
2020-06-09,1.5820,1.5930,1.5740,1.5880,6585700,10432489
2020-06-10,1.5850,1.6020,1.5810,1.6020,6844400,10914800
2020-06-11,1.6020,1.6230,1.5900,1.6000,5855800,9410587
2020-06-12,1.5690,1.6020,1.5690,1.5990,6177100,9727938
2020-06-15,1.5980,1.6010,1.5720,1.5730,5953500,9451130
2020-06-16,1.5750,1.6070,1.5750,1.6060,5547600,8858646
2020-06-17,1.5990,1.6110,1.5960,1.6110,8199900,13140841
2020-06-18,1.6100,1.6440,1.6080,1.6420,5541300,8997378
2020-06-19,1.6420,1.6590,1.6390,1.6540,3640200,6010884
2020-06-22,1.6500,1.6810,1.6500,1.6750,4510400,7543304
2020-06-23,1.6750,1.6890,1.6650,1.6890,2634700,4426589
2020-06-24,1.6910,1.7000,1.6880,1.6980,4684600,7942887
2020-06-29,1.6770,1.6930,1.6650,1.6740,5735200,9628769
2020-06-30,1.6900,1.7250,1.6900,1.7190,6261000,10652733
2020-07-01,1.7230,1.7310,1.6970,1.7280,6547000,11222409
2020-07-02,1.7260,1.7510,1.7100,1.7500,3253800,5606032
2020-07-03,1.7520,1.7560,1.7260,1.7550,10900100,19017121
2020-07-06,1.7610,1.8420,1.7610,1.8350,4292700,7711526
2020-07-07,1.8670,1.9220,1.8510,1.8750,3834500,7283381
2020-07-08,1.8430,1.9210,1.8430,1.9180,2181500,4149493
2020-07-09,1.9200,1.9930,1.9180,1.9750,4686200,9186504
2020-07-10,1.9760,1.9960,1.9530,1.9650,4765300,9420196
2020-07-13,1.9680,2.0240,1.9650,2.0230,5032400,9999044
2020-07-14,2.0250,2.0250,1.9520,1.9940,4869000,9644499
2020-07-15,2.0300,2.0300,1.9050,1.9090,3683600,7186393
2020-07-16,1.9090,1.9240,1.7930,1.8020,4226800,7952404
2020-07-17,1.8020,1.8300,1.7810,1.8040,4516000,8101329
2020-07-20,1.8080,1.8410,1.7880,1.8400,5913300,10650807
2020-07-21,1.8410,1.8610,1.8310,1.8510,4057200,7477709
2020-07-22,1.8450,1.8960,1.8450,1.8680,2593900,4815508
2020-07-23,1.8540,1.8630,1.8080,1.8520,4112100,7517413
2020-07-24,1.8530,1.8530,1.7410,1.7510,3520400,6398230
2020-07-27,1.7510,1.7760,1.7330,1.7530,2480500,4357036
2020-07-28,1.7880,1.7880,1.7600,1.7760,4002400,7091766
2020-07-29,1.7770,1.8420,1.7770,1.8410,4438600,7970586
2020-07-30,1.8390,1.8460,1.8170,1.8210,4410200,8056527
2020-07-31,1.8330,1.8680,1.8190,1.8580,22694200,41893230
2020-08-03,1.8600,1.9030,1.8600,1.9030,4524300,8537197
2020-08-04,1.9040,1.9040,1.8540,1.8650,8695100,16291673
2020-08-05,1.8860,1.8920,1.8670,1.8830,5606600,10528156
2020-08-06,1.8770,1.8830,1.8520,1.8790,2511800,4685853
2020-08-07,1.8790,1.8790,1.8100,1.8410,4268700,7870389
2020-08-10,1.8390,1.8500,1.8110,1.8330,4453300,8139788
2020-08-11,1.8440,1.8460,1.7990,1.7990,2726900,5009541
2020-08-12,1.7970,1.8050,1.7530,1.8050,6293500,11175527
2020-08-13,1.8130,1.8130,1.7910,1.7950,3964100,7137564
2020-08-14,1.7920,1.8250,1.7920,1.8230,5870600,10602760
2020-08-17,1.8560,1.8600,1.8240,1.8580,3862800,7142964
2020-08-18,1.8550,1.8600,1.8430,1.8500,5283300,9783712
2020-08-19,1.8500,1.8500,1.8030,1.8050,4866700,8902004
2020-08-20,1.7910,1.8170,1.7910,1.7990,5230800,9434483
2020-08-21,1.8350,1.8400,1.8100,1.8200,5675100,10376626
2020-08-24,1.8210,1.8740,1.8200,1.8600,4830600,8965288
2020-08-25,1.8630,1.8730,1.8450,1.8500,5916700,11001859
2020-08-26,1.8480,1.8510,1.8040,1.8110,7558700,13802871
2020-08-27,1.8150,1.8360,1.7990,1.8230,14774400,26864387
2020-08-28,1.8330,1.8510,1.8120,1.8490,4361000,7960792
2020-08-31,1.8640,1.8710,1.8350,1.8370,5727200,10639177
2020-09-01,1.8250,1.8500,1.8170,1.8500,7366800,13525911
2020-09-02,1.8570,1.8710,1.8460,1.8610,7685300,14266777
2020-09-03,1.8540,1.8540,1.8320,1.8410,5354500,9848551
2020-09-04,1.8410,1.8410,1.8180,1.8360,4164400,7600641
2020-09-07,1.8330,1.8430,1.7770,1.7830,2539700,4631817
2020-09-08,1.7850,1.7850,1.7600,1.7790,2690600,4761822
2020-09-09,1.7810,1.7810,1.7110,1.7200,3904100,6777117
2020-09-10,1.7190,1.7550,1.6850,1.6890,2620400,4506638
2020-09-11,1.6840,1.7320,1.6840,1.7320,3153600,5395457
2020-09-14,1.7420,1.7560,1.7320,1.7420,497800,867536
2020-09-15,1.7510,1.7510,1.7300,1.7490,1447900,2514961
2020-09-16,1.7420,1.7420,1.7200,1.7280,5391500,9317100
2020-09-17,1.7230,1.7480,1.7140,1.7360,4443400,7653573
2020-09-18,1.7470,1.7630,1.7380,1.7630,220700,386267
2020-09-21,1.7630,1.7750,1.7490,1.7520,4839700,8498808
2020-09-22,1.7370,1.7520,1.7240,1.7290,6926800,12074462
2020-09-23,1.7400,1.7460,1.7250,1.7400,1201000,2088166
2020-09-24,1.7390,1.7390,1.7010,1.7010,3200600,5462476
2020-09-25,1.7100,1.7100,1.6930,1.7010,6484400,11030787
2020-09-28,1.7060,1.7070,1.6920,1.6940,4789700,8132095
2020-09-29,1.7080,1.7240,1.7080,1.7170,5666500,9735959
2020-09-30,1.7150,1.7270,1.7020,1.7100,2750100,4705367
2020-10-09,1.7450,1.7720,1.7450,1.7690,4041100,7124772
2020-10-12,1.7790,1.8140,1.7790,1.8120,6850500,12308872
2020-10-13,1.8240,1.8240,1.7920,1.8090,4783500,8634147
2020-10-14,1.8000,1.8010,1.7790,1.7810,3887600,6946390
2020-10-15,1.7830,1.7890,1.7700,1.7720,5521400,9829456
2020-10-16,1.7570,1.7780,1.7480,1.7550,5118400,9000609
2020-10-19,1.7910,1.7910,1.7490,1.7520,4365300,7718538
2020-10-20,1.7280,1.7710,1.7280,1.7710,866700,1517086
2020-10-21,1.7700,1.7700,1.7300,1.7410,3725400,6493461
2020-10-22,1.7280,1.7400,1.7200,1.7330,4587700,7947322
2020-10-23,1.7340,1.7490,1.7030,1.7080,5742100,9898107
2020-10-26,1.7060,1.7320,1.6930,1.7210,2513200,4330913
2020-10-27,1.7190,1.7270,1.7110,1.7250,551400,946842
2020-10-28,1.7270,1.7470,1.7070,1.7420,2907100,5003655
2020-10-29,1.7400,1.7400,1.7130,1.7360,5786900,10018272
2020-10-30,1.7450,1.7460,1.7020,1.7050,2892700,4999967
2020-11-02,1.7060,1.7250,1.6930,1.7200,6950200,11839357
2020-11-03,1.7220,1.7560,1.7190,1.7480,8585600,14963463
2020-11-04,1.7460,1.7550,1.7350,1.7460,3991900,6964658
2020-11-05,1.7480,1.7880,1.7480,1.7860,5106900,9089844
2020-11-06,1.7840,1.7950,1.7760,1.7930,9389100,16788719
2020-11-09,1.7950,1.8670,1.7950,1.8450,5348800,9864189
2020-11-10,1.8450,1.8450,1.8050,1.8190,9910200,18053156
2020-11-11,1.8190,1.8190,1.7590,1.7630,6018600,10712867
2020-11-12,1.7650,1.7850,1.7640,1.7710,4561700,8092981
2020-11-13,1.7560,1.7740,1.7500,1.7730,1874400,3306508
2020-11-16,1.7690,1.7690,1.7490,1.7580,3773100,6623256
2020-11-17,1.7600,1.7600,1.7180,1.7490,2061500,3584372
2020-11-18,1.7470,1.7530,1.7390,1.7460,441400,772512
2020-11-19,1.7330,1.7610,1.7300,1.7590,2683500,4712669
2020-11-20,1.7600,1.7670,1.7510,1.7560,4541000,7973754
2020-11-23,1.7440,1.7570,1.7340,1.7470,2443700,4263811
2020-11-24,1.7460,1.7570,1.7380,1.7470,2137600,3742690
2020-11-25,1.7450,1.7550,1.7280,1.7280,2444900,4267155
2020-11-26,1.7260,1.7330,1.7100,1.7200,3726100,6413173
2020-11-27,1.7190,1.7330,1.7100,1.7270,2809400,4831287
2020-11-30,1.7290,1.7550,1.7180,1.7400,4032100,7015608
2020-12-01,1.7400,1.7730,1.7390,1.7710,2614500,4600532
2020-12-02,1.7760,1.7880,1.7660,1.7820,1487100,2642474
2020-12-03,1.7830,1.7910,1.7730,1.7760,3011100,5354519
2020-12-04,1.7740,1.7780,1.7610,1.7740,2788100,4931242
2020-12-07,1.7750,1.7790,1.7670,1.7700,5183000,9193448
2020-12-08,1.7690,1.7760,1.7620,1.7640,2561400,4531905
2020-12-09,1.7650,1.7670,1.7310,1.7310,2225300,3902306
2020-12-10,1.7310,1.7460,1.7160,1.7320,5687400,9863344
2020-12-11,1.7340,1.7340,1.6840,1.6990,2863200,4888540
2020-12-14,1.6990,1.7080,1.6900,1.7070,2587800,4397425
2020-12-15,1.7090,1.7200,1.7050,1.7150,2727500,4673502
2020-12-16,1.7140,1.7140,1.6930,1.6950,1440600,2448152
2020-12-17,1.6890,1.6980,1.6750,1.6970,839100,1419652
2020-12-18,1.6990,1.7070,1.6850,1.6870,1297700,2196257
2020-12-21,1.6790,1.7160,1.6790,1.7140,3322100,5671985
2020-12-22,1.7110,1.7130,1.6720,1.6730,3422800,5810698
2020-12-23,1.6750,1.6990,1.6700,1.6960,2924200,4927369
2020-12-24,1.6980,1.7080,1.6800,1.6850,2925400,4956982
2020-12-25,1.6800,1.6880,1.6720,1.6770,2084100,3497696
2020-12-28,1.6770,1.6770,1.6560,1.6600,1169000,1941635
2020-12-29,1.6690,1.7000,1.6600,1.6830,2127000,3582269
2020-12-30,1.6830,1.7040,1.6730,1.7030,7277900,12329700
2020-12-31,1.7040,1.7340,1.7040,1.7330,4053900,6992846
2021-01-04,1.7350,1.7630,1.7300,1.7610,5193300,9076494
2021-01-05,1.7610,1.8130,1.7470,1.8110,9376700,16763032
2021-01-06,1.8210,1.8480,1.7770,1.7900,7502800,13434599
2021-01-07,1.9480,1.9480,1.7540,1.7780,6611100,11759523
2021-01-08,1.7780,1.8150,1.7780,1.8080,10634300,19184843
2021-01-11,1.8080,1.8570,1.8080,1.8280,31928500,58375430
2021-01-12,1.8280,1.8640,1.8120,1.8640,7882600,14431989
2021-01-13,1.8650,1.8940,1.8650,1.8780,7524100,14137243
2021-01-14,1.8780,1.9060,1.8510,1.8710,13144700,24874977
2021-01-15,1.8690,1.8780,1.8260,1.8470,2857200,5295841
2021-01-18,1.8460,1.9120,1.8410,1.9050,7652400,14463980
2021-01-19,1.9020,1.9110,1.8680,1.8740,7420100,14044954
2021-01-20,1.8740,1.8880,1.8600,1.8820,5416300,10167406
2021-01-21,1.8820,1.9220,1.8810,1.9110,5804000,11066703
2021-01-22,1.9110,1.9130,1.8710,1.8970,2765800,5225480
2021-01-25,1.8950,1.9090,1.8560,1.8850,8953400,16873964
2021-01-26,1.8840,1.8840,1.8380,1.8390,3438600,6382452
2021-01-27,1.8390,1.8590,1.8290,1.8590,1013200,1874337
2021-01-28,1.8590,1.8590,1.7810,1.7850,6516800,11766386
2021-01-29,1.8010,1.8020,1.7420,1.7650,3381100,5957695
2021-02-01,1.8000,1.8220,1.7640,1.7880,3338200,5944129
2021-02-02,1.7880,1.8030,1.7800,1.8010,7978500,14334281
2021-02-03,1.7970,1.8010,1.7500,1.7520,3991600,7128002
2021-02-04,1.7520,1.7520,1.6960,1.7340,9236700,15899126
2021-02-05,1.7340,1.7360,1.6960,1.6980,1962600,3370582
2021-02-08,1.7100,1.7300,1.6930,1.7200,3965100,6783119
2021-02-09,1.7200,1.7620,1.7200,1.7560,2030700,3554398
2021-02-10,1.7580,1.7970,1.7580,1.7940,1319200,2344785
2021-02-18,1.7980,1.8290,1.7960,1.7980,3265800,5914796
2021-02-19,1.7990,1.8100,1.7700,1.8090,5607000,10068413
2021-02-22,1.8120,1.8240,1.7680,1.7690,2574100,4619728
2021-02-23,1.7510,1.7770,1.7490,1.7600,3801300,6712909
2021-02-24,1.7610,1.7800,1.7240,1.7440,1802400,3168803
2021-02-25,1.7540,1.7540,1.7260,1.7290,1805600,3144795
2021-02-26,1.7290,1.7400,1.6950,1.7020,3739700,6378663
2021-03-01,1.7040,1.7510,1.7040,1.7510,3043300,5276363
2021-03-02,1.7610,1.7640,1.7320,1.7500,1669000,2919682
2021-03-03,1.7480,1.7620,1.7340,1.7610,1264500,2210797
2021-03-04,1.7590,1.7590,1.7110,1.7180,1842800,3183927
2021-03-05,1.7180,1.7380,1.6950,1.7270,951400,1624979
2021-03-08,1.7160,1.7530,1.6810,1.6840,2623700,4499567
2021-03-09,1.6820,1.6820,1.6160,1.6330,3024800,5015336
2021-03-10,1.6350,1.6600,1.6230,1.6260,2714100,4448542
2021-03-11,1.6260,1.6500,1.6100,1.6450,5892700,9626413
2021-03-12,1.6450,1.6490,1.6170,1.6300,2229400,3629730
2021-03-15,1.6000,1.6090,1.5740,1.5850,4792100,7651536
2021-03-16,1.5850,1.5940,1.5620,1.5830,3440800,5447170
2021-03-17,1.5750,1.6070,1.5670,1.6050,4643100,7395614
2021-03-18,1.6050,1.6070,1.6000,1.6070,2360900,3786443
2021-03-19,1.5560,1.7680,1.5560,1.5780,6181100,9793463
2021-03-22,1.5970,1.6000,1.4340,1.5990,4281200,6774349
2021-03-23,1.6070,1.6160,1.5850,1.5890,2210300,3532932
2021-03-24,1.5870,1.5890,1.5660,1.5680,1942000,3052841
2021-03-25,1.5680,1.5800,1.5600,1.5710,2617300,4100353
2021-03-26,1.5800,1.6140,1.5800,1.6080,2550500,4064844
2021-03-29,1.6300,1.6300,1.5980,1.5990,5552600,8930735
2021-03-30,1.6020,1.6140,1.5980,1.6080,2503700,4025803
2021-03-31,1.6090,1.6100,1.5970,1.6080,7223700,11581036
2021-04-01,1.6110,1.6340,1.6110,1.6330,6281600,10216097
2021-04-02,1.6310,1.6610,1.6310,1.6570,6060900,10034362
2021-04-06,1.6700,1.6790,1.6530,1.6610,3800700,6316816
2021-04-07,1.6600,1.6600,1.6450,1.6590,3892900,6435574
2021-04-08,1.6610,1.6700,1.6470,1.6580,4675000,7758046
2021-04-09,1.6570,1.6600,1.6410,1.6430,748900,1240838
2021-04-12,1.6540,1.6540,1.6060,1.6080,1075800,1741866
2021-04-13,1.6250,1.6290,1.6080,1.6130,768000,1239996
2021-04-14,1.6200,1.6380,1.6170,1.6380,1337400,2174119
2021-04-15,1.6320,1.6320,1.6160,1.6290,5584900,9077198
2021-04-16,1.6360,1.6420,1.6240,1.6400,2687000,4392988
2021-04-19,1.6400,1.6900,1.6400,1.6900,2044200,3400731
2021-04-20,1.6810,1.6940,1.6810,1.6820,3495900,5907253
2021-04-21,1.6730,1.6840,1.6660,1.6810,4792000,8038224
2021-04-22,1.6850,1.7040,1.6800,1.6970,5290100,8957764
2021-04-23,1.6970,1.7020,1.6890,1.6920,6316800,10710520
2021-04-26,1.7020,1.7230,1.6890,1.6890,4771900,8135399
2021-04-27,1.6890,1.6920,1.6690,1.6860,4972500,8378030
2021-04-28,1.6800,1.6890,1.6720,1.6890,6683200,11234484
2021-04-29,1.6840,1.7080,1.6840,1.6980,6657700,11310957
2021-04-30,1.6980,1.6980,1.6710,1.6810,4737700,7995371
2021-05-06,1.6680,1.6800,1.6540,1.6600,3085400,5161533
2021-05-07,1.6580,1.6640,1.6140,1.6150,6672900,10884033
2021-05-10,1.6150,1.6150,1.5930,1.5990,5774800,9243128
2021-05-11,1.5920,1.6120,1.5770,1.6110,3118500,4961860
2021-05-12,1.6010,1.6190,1.5930,1.6180,5683000,9141269
2021-05-13,1.6180,1.6190,1.6010,1.6060,3630300,5839707
2021-05-14,1.6110,1.6340,1.6000,1.6330,2773900,4473193
2021-05-17,1.6380,1.6710,1.6380,1.6580,3777000,6261797
2021-05-18,1.6580,1.6640,1.6470,1.6640,5875600,9728566
2021-05-19,1.6630,1.6750,1.6530,1.6700,1518200,2529967
2021-05-20,1.6690,1.6770,1.6620,1.6720,5496700,9182900
2021-05-21,1.6780,1.6860,1.6590,1.6610,1551000,2594969
2021-05-24,1.6610,1.6870,1.6570,1.6860,882900,1473590
2021-05-25,1.6930,1.7310,1.6830,1.7300,3448300,5917557
2021-05-26,1.7340,1.7340,1.7110,1.7130,4351800,7477289
2021-05-27,1.7100,1.7470,1.7100,1.7390,2515600,4368711
2021-05-28,1.7400,1.7450,1.7190,1.7270,5725600,9926485
2021-05-31,1.7320,1.7440,1.7300,1.7400,7903200,13729540
2021-06-01,1.7400,1.7560,1.7310,1.7460,6318600,11032079
2021-06-02,1.7470,1.7470,1.7060,1.7120,6251700,10748635
2021-06-03,1.7120,1.7310,1.7080,1.7090,6774400,11675664
2021-06-04,1.7090,1.7280,1.7020,1.7170,2609100,4464775
2021-06-07,1.7130,1.7450,1.7130,1.7440,4422600,7692140
2021-06-08,1.7460,1.7510,1.7290,1.7350,4739100,8249609
2021-06-09,1.7370,1.7480,1.7330,1.7410,1764300,3071441
2021-06-10,1.7410,1.7630,1.7410,1.7620,7268400,12763896
2021-06-11,1.7580,1.7630,1.7380,1.7420,5000700,8742123
2021-06-15,1.7470,1.7580,1.7340,1.7450,6713900,11732219
2021-06-16,1.7450,1.7560,1.7100,1.7120,1980700,3438781
2021-06-17,1.7140,1.7640,1.7140,1.7590,8751000,15177124
2021-06-18,1.7700,1.7900,1.7680,1.7790,6376300,11328154
2021-06-21,1.7790,1.7920,1.7590,1.7860,6563100,11696446
2021-06-22,1.7910,1.7990,1.7790,1.7920,10284100,18413127
2021-06-23,1.7940,1.8350,1.7850,1.8280,7873200,14370425
2021-06-24,1.8270,1.8340,1.8120,1.8210,3735200,6800774
2021-06-25,1.8190,1.8320,1.8040,1.8290,5176800,9444535
2021-06-28,1.8280,1.8560,1.8080,1.8510,8762500,16181143
2021-06-29,1.8510,1.8540,1.8290,1.8330,6624200,12172643
2021-06-30,1.8400,1.8660,1.8330,1.8660,4055500,7538763
2021-07-01,1.8660,1.8780,1.8400,1.8440,5829100,10818950
2021-07-02,1.8490,1.8490,1.8000,1.8040,6457200,11721729
2021-07-05,1.8090,1.8300,1.8070,1.8290,4695200,8540864
2021-07-06,1.8230,1.8440,1.7990,1.8230,6013900,11000146
2021-07-07,1.8180,1.8450,1.7970,1.8400,6151300,11255851
2021-07-08,1.8430,1.8720,1.8430,1.8670,6203100,11539557
2021-07-09,1.8650,1.8650,1.8260,1.8530,6283000,11576401
2021-07-12,1.8530,1.8890,1.8420,1.8840,5650200,10570933
2021-07-13,1.8840,1.8840,1.8520,1.8630,7098800,13221417
2021-07-14,1.8610,1.8750,1.8500,1.8510,6454800,12012847
2021-07-15,1.8500,1.8530,1.8260,1.8520,7439200,13672959
2021-07-16,1.8510,1.8680,1.8400,1.8400,7771000,14421774
2021-07-19,1.8400,1.8490,1.8230,1.8480,7022700,12887400
2021-07-20,1.8450,1.8550,1.8300,1.8530,7883500,14501242
2021-07-21,1.8540,1.8930,1.8540,1.8770,6693100,12567919
2021-07-22,1.8760,1.8960,1.8700,1.8940,6972500,13142373
2021-07-23,1.8980,1.8980,1.8630,1.8700,7184700,13471137
2021-07-26,1.8750,1.8820,1.8140,1.8550,5494700,10087115
2021-07-27,1.8480,1.9120,1.8340,1.8400,8186000,15299364
2021-07-28,1.8340,1.8400,1.7620,1.8090,8536000,15473407
2021-07-29,1.8130,1.8770,1.8130,1.8680,7281000,13507160
2021-07-30,1.8740,1.8820,1.8460,1.8800,6519200,12114787
2021-08-02,1.8820,1.8980,1.8710,1.8980,8567800,16141380
2021-08-03,1.8980,1.8980,1.8490,1.8540,6549200,12299964
2021-08-04,1.8660,1.8990,1.8620,1.8980,6884300,12966285
2021-08-05,1.8980,1.8990,1.8740,1.8820,6871000,12978040
2021-08-06,1.8820,1.8880,1.8550,1.8740,6165400,11543261
2021-08-09,1.8790,1.8800,1.8490,1.8750,6044000,11242549
2021-08-10,1.8760,1.8810,1.8600,1.8790,6345900,11867832
2021-08-11,1.8740,1.8830,1.8620,1.8700,5297800,9923167
2021-08-12,1.8660,1.8980,1.8660,1.8740,2992200,5623984
2021-08-13,1.8680,1.8680,1.8180,1.8240,6729600,12364773
2021-08-16,1.8140,1.8410,1.8060,1.8260,5550600,10123776
2021-08-17,1.8270,1.8270,1.7700,1.7750,7085200,12766556
2021-08-18,1.7750,1.7860,1.7690,1.7810,5859700,10419004
2021-08-19,1.7830,1.8130,1.7830,1.8010,6712800,12092114
2021-08-20,1.8010,1.8150,1.7800,1.7980,6062100,10891496
2021-08-23,1.7990,1.8430,1.7950,1.8410,7243600,13261702
2021-08-24,1.8410,1.8460,1.8280,1.8420,5668200,10416355
2021-08-25,1.8410,1.8500,1.8250,1.8330,7024200,12883115
2021-08-26,1.8320,1.8320,1.7940,1.7950,6724500,12199740
2021-08-27,1.8200,1.8200,1.7870,1.7980,7301200,13108035
2021-08-30,1.7930,1.8100,1.7670,1.7750,7450100,13266103
2021-08-31,1.7760,1.7790,1.7340,1.7500,7634100,13324178
2021-09-01,1.7400,1.7620,1.7250,1.7580,5935400,10342811
2021-09-02,1.7430,1.7570,1.7290,1.7350,8422700,14691334
2021-09-03,1.7400,1.7450,1.7210,1.7350,8011300,13920854
2021-09-06,1.7350,1.7690,1.7210,1.7690,7033800,12307253
2021-09-07,1.7640,1.7760,1.7630,1.7730,8224100,14555160
2021-09-08,1.7730,1.7900,1.7700,1.7900,5595100,9965001
2021-09-09,1.7750,1.7790,1.7560,1.7670,8987500,15848965
2021-09-10,1.7680,1.7970,1.7580,1.7920,6900300,12280473
2021-09-13,1.7910,1.7910,1.7590,1.7620,5297200,9332788
2021-09-14,1.7570,1.7790,1.7450,1.7500,7182200,12667075
2021-09-15,1.7500,1.7500,1.7300,1.7400,7315500,12748045
2021-09-16,1.7370,1.7430,1.7120,1.7120,6112400,10544686
2021-09-17,1.7120,1.7220,1.6970,1.7200,7273900,12419178
2021-09-22,1.7030,1.7190,1.7010,1.7150,6800500,11636505
2021-09-23,1.7100,1.7460,1.7100,1.7420,7196400,12483914
2021-09-24,1.7370,1.7540,1.7370,1.7380,7063800,12351473
2021-09-27,1.7360,1.7610,1.7310,1.7400,6013000,10478365
2021-09-28,1.7300,1.7540,1.7230,1.7370,5614200,9764944
2021-09-29,1.7280,1.7280,1.6980,1.7060,4637300,7921554
2021-09-30,1.7100,1.7250,1.7100,1.7190,6674400,11497870
2021-10-08,1.7280,1.7580,1.7280,1.7440,6863800,11952085
2021-10-11,1.7470,1.7560,1.7420,1.7430,7266000,12718976
2021-10-12,1.7380,1.7380,1.6920,1.7040,7718300,13217545
2021-10-13,1.7070,1.7240,1.7020,1.7240,7386700,12655457
2021-10-14,1.7240,1.7300,1.7200,1.7240,7165000,12356984
2021-10-15,1.7190,1.7450,1.7190,1.7420,3756800,6539835
2021-10-18,1.7410,1.7410,1.7060,1.7190,7397700,12665602
2021-10-19,1.7160,1.7340,1.7160,1.7300,6534400,11238464
2021-10-20,1.7300,1.7430,1.7200,1.7220,6823900,11780512
2021-10-21,1.7260,1.7260,1.6970,1.7030,6567100,11224115
2021-10-22,1.7080,1.7320,1.7080,1.7250,4543500,7833828
2021-10-25,1.7300,1.7300,1.7090,1.7280,6678500,11453613
2021-10-26,1.7290,1.7540,1.7250,1.7430,4531900,7907477
2021-10-27,1.7390,1.7390,1.7110,1.7170,6586800,11322830
2021-10-28,1.7150,1.7300,1.7110,1.7140,6666400,11493509
2021-10-29,1.7190,1.7470,1.7190,1.7450,6154000,10694801
2021-11-01,1.7440,1.7790,1.7440,1.7740,6669500,11811852
2021-11-02,1.7750,1.8000,1.7700,1.7800,6431300,11553618
2021-11-03,1.7840,1.7990,1.7720,1.7850,4643500,8260066
2021-11-04,1.7960,1.8070,1.7950,1.8060,5544400,9995722
2021-11-05,1.8100,1.8320,1.8100,1.8150,6860600,12525509
2021-11-08,1.8150,1.8150,1.7850,1.8000,6014300,10838429
2021-11-09,1.8000,1.8200,1.7900,1.8190,6453400,11655935
2021-11-10,1.8170,1.8310,1.8070,1.8220,7213000,13142983
2021-11-11,1.8170,1.8530,1.8140,1.8430,6100600,11167380
2021-11-12,1.8440,1.8540,1.8360,1.8520,3515100,6492379
2021-11-15,1.8520,1.8680,1.8520,1.8550,5603100,10415408
2021-11-16,1.8560,1.8710,1.8460,1.8490,5251300,9767064
2021-11-17,1.8480,1.8540,1.8350,1.8540,1939800,3584668
2021-11-18,1.8510,1.8540,1.8250,1.8270,3463600,6356013
2021-11-19,1.8300,1.8500,1.8300,1.8470,1985300,3652101
2021-11-22,1.8480,1.8850,1.8480,1.8840,5215000,9731986
2021-11-23,1.8780,1.8810,1.8660,1.8730,6171800,11560359
2021-11-24,1.8720,1.8790,1.8680,1.8700,4512600,8456069
2021-11-25,1.8700,1.8730,1.8590,1.8610,5239700,9791150
2021-11-26,1.8600,1.8600,1.8290,1.8330,4367100,8020995
2021-11-29,1.8280,1.8320,1.8190,1.8310,4774500,8724568
2021-11-30,1.8350,1.8550,1.8350,1.8500,6268900,11585220
2021-12-01,1.8540,1.8600,1.8480,1.8560,4444900,8244354
2021-12-02,1.8580,1.8580,1.8370,1.8380,4654800,8602962
2021-12-03,1.8460,1.8610,1.8460,1.8580,4711900,8751339
2021-12-06,1.8560,1.8580,1.8380,1.8380,6151400,11384755
2021-12-07,1.8800,1.8860,1.8180,1.8260,5966400,10999141
2021-12-08,1.8240,1.8770,1.8240,1.8760,4541800,8449156
2021-12-09,1.8710,1.9100,1.8710,1.9060,4956700,9397477
2021-12-10,1.9010,1.9020,1.8900,1.8940,5533200,10489873
2021-12-13,1.9010,1.9230,1.8980,1.9150,6187300,11843567
2021-12-14,1.9200,1.9230,1.9050,1.9150,5846400,11191852
2021-12-15,1.9150,1.9180,1.8980,1.8990,5270500,10082666
2021-12-16,1.9070,1.9070,1.8980,1.9020,4575600,8703240
2021-12-17,1.8980,1.8980,1.8700,1.8720,1871700,3525302
2021-12-20,1.8670,1.8730,1.8330,1.8330,4616600,8522466
2021-12-21,1.8240,1.8580,1.8240,1.8570,5807400,10747934
2021-12-22,1.8600,1.8930,1.8600,1.8810,5908500,11097003
2021-12-23,1.8840,1.8940,1.8810,1.8900,5741700,10847201
2021-12-24,1.8910,1.8970,1.8810,1.8850,2561700,4832003
2021-12-27,1.8890,1.8910,1.8760,1.8810,5408800,10177995
2021-12-28,1.8860,1.8880,1.8780,1.8870,4705200,8855503
2021-12-29,1.8870,1.8870,1.8580,1.8630,5370700,10022656
2021-12-30,1.8720,1.9030,1.8720,1.8970,2605700,4925363
2021-12-31,1.8970,1.9010,1.8860,1.8990,3279800,6220785
2022-01-04,1.8940,1.9070,1.8850,1.9060,5234200,9929202
2022-01-05,1.8970,1.8970,1.8460,1.8550,4948400,9210129
2022-01-06,1.8580,1.8580,1.8220,1.8390,5005400,9187533
2022-01-07,1.8340,1.8550,1.8200,1.8250,5160400,9460178
2022-01-10,1.8140,1.8350,1.7920,1.8300,3705900,6768862
2022-01-11,1.8520,1.8520,1.7870,1.7900,3919900,7095597
2022-01-12,1.7950,1.8080,1.7920,1.8040,1096300,1975651
2022-01-13,1.8090,1.8090,1.7740,1.7740,5123600,9128883
2022-01-14,1.7670,1.7910,1.7620,1.7790,4031900,7185382
2022-01-17,1.7790,1.8290,1.7790,1.8250,2446200,4456695
2022-01-18,1.8290,1.8630,1.8220,1.8410,3012500,5546124
2022-01-19,1.8410,1.8420,1.8110,1.8230,2970700,5439336
2022-01-20,1.8110,1.8300,1.8110,1.8130,2941100,5350621
2022-01-21,1.8130,1.8130,1.7830,1.7850,3847200,6892704
2022-01-24,1.7800,1.8050,1.7800,1.7960,2039800,3654320
2022-01-25,1.7990,1.7990,1.7440,1.7440,2256500,4008005
2022-01-26,1.7490,1.7550,1.7290,1.7500,2589400,4510939
2022-01-27,1.7500,1.7500,1.6980,1.6980,2488300,4299624
2022-01-28,1.7020,1.7140,1.6790,1.6860,5998200,10180949
2022-02-07,1.7090,1.7110,1.6740,1.6800,2372000,4009893
2022-02-08,1.6730,1.6730,1.6310,1.6600,5162300,8486683
2022-02-09,1.6590,1.6830,1.6510,1.6830,4769500,7956992
2022-02-10,1.6850,1.6870,1.6680,1.6750,2502500,4193161
2022-02-11,1.6590,1.6720,1.6430,1.6450,6447000,10693152
2022-02-14,1.6450,1.6530,1.6290,1.6300,5504300,9014896
2022-02-15,1.6460,1.6730,1.6460,1.6730,3862200,6431108
2022-02-16,1.6820,1.6870,1.6660,1.6690,3824200,6402129
2022-02-17,1.6690,1.6840,1.6610,1.6740,4680100,7831378
2022-02-18,1.6780,1.6780,1.6660,1.6750,3991700,6662324
2022-02-21,1.6800,1.6860,1.6760,1.6840,4483900,7537704
2022-02-22,1.6680,1.6680,1.6450,1.6620,4845700,8026666
2022-02-23,1.6770,1.7150,1.6770,1.7140,5886300,10044085
2022-02-24,1.7150,1.7150,1.6600,1.6840,6812000,11493870
2022-02-25,1.6880,1.7110,1.6880,1.6890,1464400,2488058
2022-02-28,1.6900,1.6930,1.6780,1.6890,5195900,8755110
2022-03-01,1.7050,1.7050,1.6820,1.6920,3207400,5417187
2022-03-02,1.6920,1.7150,1.6640,1.6740,3028200,5058024
2022-03-03,1.6780,1.6780,1.6420,1.6440,4502800,7421038
2022-03-04,1.6440,1.6480,1.6260,1.6300,6490100,10615660
2022-03-07,1.6140,1.6140,1.5630,1.5710,6364100,10065337
2022-03-08,1.5700,1.5810,1.5310,1.5500,5603600,8719452
2022-03-09,1.5510,1.5680,1.4850,1.5450,5832600,8988600
2022-03-10,1.5450,1.5800,1.5450,1.5550,2788400,4363973
2022-03-11,1.5500,1.5950,1.5100,1.5870,3998800,6090918
2022-03-14,1.5870,1.5870,1.5180,1.5180,3249000,4974077
2022-03-15,1.5130,1.5170,1.3660,1.4550,3296700,4871358
2022-03-16,1.4690,1.5080,1.4260,1.5080,2713800,3986928
2022-03-17,1.5230,1.5550,1.5230,1.5370,1331700,2050112
2022-03-18,1.4990,1.5410,1.4990,1.5340,1910900,2919036
2022-03-21,1.5360,1.5470,1.5230,1.5340,755300,1159297
2022-03-22,1.5270,1.5390,1.5230,1.5270,3281200,5018366
2022-03-23,1.5240,1.5410,1.5220,1.5380,2804500,4302036
2022-03-24,1.5380,1.5380,1.5060,1.5100,2844300,4299793
2022-03-25,1.5110,1.5190,1.4880,1.4900,3070500,4601356
2022-03-28,1.4760,1.4870,1.4630,1.4760,2530900,3732642
2022-03-29,1.4790,1.4820,1.4490,1.4490,2612700,3816836
2022-03-30,1.4600,1.4830,1.4600,1.4820,355200,523575
2022-03-31,1.4820,1.4820,1.4550,1.4580,2145800,3128248
2022-04-01,1.4620,1.4670,1.4450,1.4600,794100,1159918
2022-04-06,1.4640,1.4640,1.4300,1.4360,831500,1194238
2022-04-07,1.4360,1.4370,1.4130,1.4130,686000,974161
2022-04-08,1.4060,1.4100,1.3840,1.3990,680500,950539
2022-04-11,1.3900,1.3900,1.3310,1.3370,1152000,1547738
2022-04-12,1.3240,1.3600,1.3190,1.3600,970200,1297716
2022-04-13,1.3650,1.3650,1.3320,1.3340,1781800,2387719
2022-04-14,1.3390,1.3560,1.3300,1.3490,2281700,3042738
2022-04-15,1.3490,1.3540,1.3280,1.3450,733200,985722
2022-04-18,1.3340,1.3760,1.3340,1.3750,1902600,2592393
2022-04-19,1.3650,1.3750,1.3540,1.3540,192800,262285
2022-04-20,1.3500,1.3630,1.3440,1.3450,2333000,3157192
2022-04-21,1.3480,1.3570,1.3130,1.3150,2597500,3465089
2022-04-22,1.3120,1.3130,1.2890,1.3010,2880700,3753213
2022-04-25,1.2960,1.2960,1.2170,1.2170,1889700,2374717
2022-04-26,1.2200,1.2320,1.1850,1.1860,1957800,2388703
2022-04-27,1.1800,1.2480,1.1790,1.2480,1470700,1757932
2022-04-28,1.2530,1.2600,1.2250,1.2420,1476199,1830275
2022-04-29,1.2430,1.3300,1.2430,1.3070,9498700,12267528
2022-05-05,1.2960,1.3100,1.1860,1.2950,3418000,4395007
2022-05-06,1.2870,1.2870,1.2490,1.2620,3467100,4378369
2022-05-09,1.2570,1.2680,1.2420,1.2550,4182800,5255863
2022-05-10,1.2560,1.2900,1.2560,1.2820,521500,667124
2022-05-11,1.2860,1.3460,1.2850,1.3130,2885800,3821880
2022-05-12,1.3260,1.3490,1.3070,1.3160,3417900,4487130
2022-05-13,1.3160,1.3260,1.3030,1.3120,3285501,4300708
2022-05-16,1.3250,1.3270,1.2980,1.3030,912101,1197324
2022-05-17,1.3070,1.3270,1.2980,1.3270,2153899,2836871
2022-05-18,1.3270,1.3390,1.3220,1.3270,1280900,1703407
2022-05-19,1.3250,1.3350,1.3110,1.3350,3414200,4522584
2022-05-20,1.3430,1.3540,1.3320,1.3480,2476200,3331827
2022-05-23,1.3480,1.3530,1.3370,1.3520,2965600,3979054
2022-05-24,1.3650,1.3650,1.3040,1.3040,3382700,4483846
2022-05-25,1.3090,1.3120,1.2940,1.3080,3324400,4326459
2022-05-26,1.3030,1.3320,1.2890,1.3190,3137800,4138796
2022-05-27,1.3190,1.3600,1.3080,1.3150,2941900,3864940
2022-05-30,1.3190,1.3370,1.3160,1.3320,2090700,2782739
2022-05-31,1.3270,1.3700,1.3220,1.3680,2873800,3888671
2022-06-01,1.3680,1.3740,1.3610,1.3710,2259200,3094510
2022-06-02,1.3730,1.3990,1.3650,1.3980,1053900,1467160
2022-06-06,1.3990,1.4380,1.3990,1.4370,2524100,3598431
2022-06-07,1.4320,1.4370,1.3050,1.4270,2047100,2907067
2022-06-08,1.4260,1.4420,1.4080,1.4260,823800,1171110
2022-06-09,1.4260,1.4260,1.3850,1.4100,1777800,2483640
2022-06-10,1.4050,1.4150,1.3840,1.4150,1793000,2517734
2022-06-13,1.4100,1.4130,1.3570,1.4010,1918500,2681334
2022-06-14,1.4010,1.4010,1.3430,1.3850,1372600,1877143
2022-06-15,1.3850,1.4300,1.3850,1.4110,4706300,6654761
2022-06-16,1.4040,1.4310,1.4040,1.4190,2659100,3792316
2022-06-17,1.4190,1.4190,1.3900,1.4180,2796000,3917124
2022-06-20,1.4320,1.4680,1.4040,1.4290,3098000,4424561
2022-06-21,1.4290,1.4390,1.4130,1.4280,2522000,3600137
2022-06-22,1.4330,1.4330,1.3900,1.4040,3633200,5091948
2022-06-23,1.4040,1.4100,1.3820,1.4100,3518700,4911906
2022-06-24,1.4230,1.4380,1.4230,1.4330,340900,487195
2022-06-27,1.4390,1.4580,1.4390,1.4420,3638700,5263678
2022-06-28,1.4460,1.4830,1.4230,1.4780,4363500,6335608
2022-06-29,1.4780,1.5100,1.4630,1.5100,4056100,5959566
2022-06-30,1.4780,1.5100,1.4580,1.4690,7461700,10972714
2022-07-01,1.4690,1.4790,1.4560,1.4620,1375700,2026124
2022-07-04,1.4620,1.4620,1.4330,1.4480,1788400,2586484
2022-07-05,1.4480,1.4510,1.4170,1.4380,2723200,3894411
2022-07-06,1.4380,1.4540,1.4220,1.4490,3272500,4695684
2022-07-07,1.4440,1.4570,1.4170,1.4400,3497400,5034324
2022-07-08,1.4440,1.4620,1.4250,1.4420,1352600,1964581
2022-07-11,1.4280,1.4380,1.3990,1.4090,934500,1315281
2022-07-12,1.4090,1.4800,1.3840,1.3840,1887700,2637105
2022-07-13,1.3710,1.4260,1.3690,1.3780,921800,1271821
2022-07-14,1.3700,1.4180,1.3700,1.3860,2194600,3063254
2022-07-15,1.3830,1.4010,1.3780,1.3810,1499000,2080435
2022-07-18,1.3730,1.3930,1.3620,1.3890,3874000,5321519
2022-07-19,1.3910,1.4000,1.3840,1.4000,1512700,2105950
2022-07-20,1.4000,1.4130,1.4000,1.4090,287000,403214
2022-07-21,1.4120,1.4300,1.4090,1.4170,468100,666735
2022-07-22,1.4210,1.4220,1.3920,1.4080,1020700,1429925
2022-07-25,1.4080,1.4080,1.3840,1.3880,747600,1044708
2022-07-26,1.3840,1.3940,1.3790,1.3940,287400,399802
2022-07-27,1.3940,1.3940,1.3850,1.3940,1443700,2007276
2022-07-28,1.4080,1.4250,1.4080,1.4150,461200,653206
2022-07-29,1.4250,1.4250,1.3930,1.3930,444800,620609
2022-08-01,1.3800,1.4130,1.3730,1.4130,589100,823338
2022-08-02,1.4050,1.4050,1.3700,1.3840,956800,1325533
2022-08-03,1.3790,1.5220,1.3790,1.3980,1696400,2385040
2022-08-04,1.3990,1.4180,1.3990,1.4120,1580000,2230134
2022-08-05,1.4320,1.4720,1.4200,1.4710,1014200,1479839
2022-08-08,1.4710,1.4980,1.4630,1.4760,2651200,3895886
2022-08-09,1.4700,1.4790,1.4530,1.4780,1595600,2342815
2022-08-10,1.4790,1.4850,1.4570,1.4610,710800,1044273
2022-08-11,1.4610,1.4980,1.4610,1.4970,1464700,2177362
2022-08-12,1.4970,1.4970,1.4780,1.4780,941200,1398128
2022-08-15,1.4780,1.4780,1.4630,1.4660,473400,694051
2022-08-16,1.4630,1.4710,1.4540,1.4580,1200900,1755091
2022-08-17,1.4540,1.4760,1.4470,1.4720,1204500,1764501
2022-08-18,1.4680,1.4840,1.4610,1.4790,736800,1085285
2022-08-19,1.4860,1.4860,1.4520,1.4520,547800,803391
2022-08-22,1.4520,1.4700,1.4520,1.4630,789900,1156029
2022-08-23,1.4600,1.4610,1.4500,1.4530,429900,625061
2022-08-24,1.4500,1.4500,1.4010,1.4020,819200,1157801
2022-08-25,1.4060,1.4070,1.3860,1.3980,1811400,2532522
2022-08-26,1.4100,1.4120,1.3910,1.3940,728700,1021331
2022-08-29,1.3810,1.3910,1.3790,1.3850,1278200,1771938
2022-08-30,1.3910,1.4020,1.3810,1.3880,1912700,2654389
2022-08-31,1.3880,1.3880,1.3660,1.3740,1027100,1414176
2022-09-01,1.3780,1.3880,1.3640,1.3670,1553700,2132921
2022-09-02,1.3650,1.3870,1.3650,1.3800,1171300,1610725
2022-09-05,1.3800,1.3800,1.3580,1.3760,3941200,5376400
2022-09-06,1.3750,1.3800,1.3660,1.3800,2316200,3171333
2022-09-07,1.3840,1.3970,1.3840,1.3900,509800,708458
2022-09-08,1.3900,1.4030,1.3780,1.4030,2371400,3279955
2022-09-09,1.4030,1.4030,1.3690,1.3850,727400,1003088
2022-09-13,1.3880,1.4070,1.3850,1.3860,494000,689573
2022-09-14,1.3730,1.3790,1.3650,1.3750,670300,921050
2022-09-15,1.3750,1.3790,1.3370,1.3490,3493100,4718548
2022-09-16,1.3490,1.3760,1.3360,1.3360,674500,910881
2022-09-19,1.3490,1.3490,1.3100,1.3160,548100,720990
2022-09-20,1.3140,1.3220,1.3090,1.3130,1121500,1470905
2022-09-21,1.3130,1.3130,1.2870,1.3050,1395400,1812458
2022-09-22,1.3000,1.3090,1.1950,1.3050,1536200,1978342
2022-09-23,1.2920,1.2930,1.2610,1.2710,717800,919589
2022-09-26,1.2800,1.2800,1.2560,1.2600,1944100,2448406
2022-09-27,1.2730,1.2840,1.2640,1.2830,2106800,2695391
2022-09-28,1.2710,1.2750,1.2530,1.2530,165300,208951
2022-09-29,1.2650,1.2720,1.2450,1.2540,810200,1019412
2022-09-30,1.2560,1.2570,1.2350,1.2350,1730500,2153524
2022-10-10,1.2370,1.2370,1.1850,1.1880,1353500,1624423
2022-10-11,1.1800,1.2120,1.1780,1.1840,2996000,3544127
2022-10-12,1.1860,1.2220,1.1720,1.2220,3020500,3590032
2022-10-13,1.2170,1.2550,1.2170,1.2300,2063800,2548373
2022-10-14,1.2340,1.2610,1.2340,1.2570,2377700,2976691
2022-10-17,1.2620,1.2860,1.2620,1.2840,2001000,2550840
2022-10-18,1.2790,1.2840,1.2680,1.2760,1905200,2434049
2022-10-19,1.2710,1.2760,1.2640,1.2640,1229000,1558650
2022-10-20,1.2590,1.2950,1.2520,1.2800,2420500,3094848
2022-10-21,1.2800,1.2860,1.2680,1.2800,2222100,2838041
2022-10-24,1.2920,1.3060,1.2630,1.2710,1627300,2094240
2022-10-25,1.2830,1.2830,1.2490,1.2590,55100,69510
2022-10-26,1.2640,1.2980,1.2590,1.2920,198100,255969
2022-10-27,1.3040,1.3090,1.2910,1.3000,2236500,2901330
2022-10-28,1.2980,1.2990,1.2630,1.2670,1480700,1903435
2022-10-31,1.2770,1.3050,1.2770,1.2940,2720400,3510622
2022-11-01,1.2940,1.3140,1.2910,1.3140,1534200,1997040
2022-11-02,1.3140,1.3280,1.3140,1.3280,1706100,2257672
2022-11-03,1.3280,1.3340,1.3160,1.3300,2413200,3187481
2022-11-04,1.3300,1.3530,1.3270,1.3490,2156800,2895353
2022-11-07,1.3570,1.3580,1.3390,1.3450,1217400,1641312
2022-11-08,1.3400,1.3580,1.3320,1.3400,2095600,2797732
2022-11-09,1.3270,1.3440,1.3270,1.3280,4513200,6005572
2022-11-10,1.3150,1.3230,1.3010,1.3080,4342400,5691023
2022-11-11,1.3080,1.3750,1.3080,1.3260,6794900,9034820
2022-11-14,1.3260,1.3430,1.3250,1.3280,2685500,3575638
2022-11-15,1.3410,1.3850,1.3400,1.3850,3714300,5096485
2022-11-16,1.3850,1.3920,1.3710,1.3760,3386500,4679404
2022-11-17,1.3680,1.3940,1.3540,1.3930,3806400,5208376
2022-11-18,1.3990,1.4060,1.3760,1.3780,3468400,4847762
2022-11-21,1.3670,1.3710,1.3550,1.3670,2822200,3836059
2022-11-22,1.3720,1.3750,1.3560,1.3600,3383800,4621254
2022-11-23,1.3470,1.3600,1.3340,1.3470,2593900,3489761
2022-11-24,1.3350,1.3620,1.3320,1.3330,5560100,7439104
2022-11-25,1.3300,1.3380,1.3210,1.3210,1836000,2443339
2022-11-28,1.3080,1.3080,1.2990,1.3070,1608700,2097860
2022-11-29,1.3120,1.3310,1.3040,1.3280,1973600,2601399
2022-11-30,1.3400,1.3400,1.3190,1.3270,2807100,3723254
2022-12-01,1.3400,1.3620,1.3310,1.3510,3528400,4779085
2022-12-02,1.3460,1.3610,1.3420,1.3430,2862900,3873072
2022-12-05,1.3470,1.3640,1.3470,1.3610,4981400,6745290
2022-12-06,1.3480,1.3790,1.3480,1.3700,1935500,2648459
2022-12-07,1.3650,1.3720,1.3590,1.3630,3525100,4813174
2022-12-08,1.3630,1.3760,1.3450,1.3500,2819300,3807279
2022-12-09,1.3450,1.3560,1.3420,1.3510,4144400,5575500
2022-12-12,1.3500,1.3760,1.3480,1.3710,3571000,4876753
2022-12-13,1.3840,1.4600,1.3210,1.3480,3593500,4882834
2022-12-14,1.3490,1.3640,1.3450,1.3460,4022400,5447445
2022-12-15,1.3590,1.3650,1.3540,1.3560,3007600,4094414
2022-12-16,1.3500,1.3500,1.3350,1.3360,3673500,4916896
2022-12-19,1.3490,1.3490,1.3060,1.3100,3248300,4296805
2022-12-20,1.3100,1.3170,1.2950,1.3010,3059700,3996945
2022-12-21,1.3010,1.3050,1.2840,1.2910,2610900,3386093
2022-12-22,1.2950,1.3060,1.2850,1.2860,3299100,4286486
2022-12-23,1.2840,1.2950,1.2780,1.2850,3083100,3970254
2022-12-26,1.2950,1.3070,1.2950,1.3060,3399700,4436571
2022-12-27,1.3150,1.3190,1.3050,1.3170,2553800,3335918
2022-12-28,1.3080,1.3100,1.3010,1.3020,3290400,4296443
2022-12-29,1.3020,1.3120,1.2970,1.3050,3247000,4218990
2022-12-30,1.3100,1.3120,1.3020,1.3040,3010800,3943723
2023-01-03,1.3040,1.3370,1.3000,1.3350,2164600,2861183
2023-01-04,1.3370,1.3370,1.3200,1.3300,2590100,3439610
2023-01-05,1.3340,1.3470,1.3340,1.3470,1354000,1822313
2023-01-06,1.3460,1.3470,1.3350,1.3390,1503100,2019232
2023-01-09,1.3490,1.3620,1.3410,1.3440,1926100,2590875
2023-01-10,1.3310,1.3570,1.3310,1.3510,2381000,3223879
2023-01-11,1.3540,1.3570,1.3340,1.3370,2611300,3528764
2023-01-12,1.3350,1.3430,1.3310,1.3370,2309600,3081882
2023-01-13,1.3400,1.3410,1.3300,1.3400,2366700,3163239
2023-01-16,1.3400,1.3800,1.3400,1.3730,2889900,3952087
2023-01-17,1.3730,1.3930,1.3730,1.3840,2788300,3864399
2023-01-18,1.3800,1.3970,1.3800,1.3930,1833200,2552138
2023-01-19,1.3970,1.4240,1.3970,1.4240,3965100,5584767
2023-01-20,1.4240,1.4390,1.4240,1.4330,4285500,6132617
2023-01-30,1.4500,1.4880,1.4440,1.4460,5473200,7934230
2023-01-31,1.4430,1.4430,1.4210,1.4260,5157300,7360299
2023-02-01,1.4260,1.4450,1.4250,1.4450,2992400,4297590
2023-02-02,1.4500,1.4950,1.4480,1.4480,24487700,35865695
2023-02-03,1.4520,1.4640,1.4340,1.4610,36382800,52590392
2023-02-06,1.4610,1.4930,1.4460,1.4570,8636145,12551999
2023-02-07,1.4440,1.4550,1.4430,1.4530,5256000,7614460
2023-02-08,1.4530,1.4540,1.4320,1.4340,4731045,6807082
2023-02-09,1.4300,1.4790,1.4250,1.4790,6465500,9479127
2023-02-10,1.4800,1.5300,1.4610,1.4670,7049900,10409685
2023-02-13,1.4630,1.4900,1.4490,1.4790,12483800,18305303
2023-02-14,1.4840,1.4940,1.4670,1.4750,9102100,13409479
2023-02-15,1.4750,1.5030,1.4650,1.5020,5653500,8414960
2023-02-16,1.5020,1.5300,1.4710,1.4850,7956900,11972593
2023-02-17,1.4720,1.4790,1.4290,1.4320,9580000,13853493
2023-02-20,1.4440,1.4730,1.4250,1.4710,9491500,13810340
2023-02-21,1.4880,1.4880,1.4600,1.4730,6040400,8879420
2023-02-22,1.4590,1.4680,1.4490,1.4590,11698000,17095654
2023-02-23,1.4570,1.4800,1.4000,1.4480,2489900,3620692
2023-02-24,1.4520,1.4580,1.4400,1.4470,5589300,8086337
2023-02-27,1.4450,1.4470,1.4280,1.4290,3020400,4338496
2023-02-28,1.4290,1.4620,1.4290,1.4480,2698800,3908463
2023-03-01,1.4480,1.4910,1.4480,1.4840,8765500,12987715
2023-03-02,1.4860,1.5010,1.4830,1.4880,5626300,8392258
2023-03-03,1.4880,1.5100,1.4740,1.4960,5911700,8773945
2023-03-06,1.4960,1.4980,1.4870,1.4920,3311000,4937757
2023-03-07,1.4950,1.4970,1.4490,1.4530,3586800,5267048
2023-03-08,1.4530,1.4710,1.4490,1.4710,1864600,2723318
2023-03-09,1.4570,1.4900,1.4540,1.4790,4807500,7117099
2023-03-10,1.4790,1.5060,1.4580,1.4600,5490400,8075568
2023-03-13,1.4740,1.6060,1.4530,1.4910,6160700,9178264
2023-03-14,1.4930,1.5030,1.4690,1.4940,5708445,8473827
2023-03-15,1.4990,1.5190,1.4890,1.4920,5313300,7972131
2023-03-16,1.4920,1.5180,1.4720,1.4770,10925300,16193202
2023-03-17,1.4840,1.5300,1.4790,1.5200,7154800,10836982
2023-03-20,1.5200,1.5570,1.5200,1.5260,7829300,12058938
2023-03-21,1.5260,1.5360,1.5200,1.5350,5108300,7814922
2023-03-22,1.5380,1.5660,1.5290,1.5660,6205700,9625183
2023-03-23,1.5640,1.6170,1.5480,1.6160,7579500,12107670
2023-03-24,1.6160,1.6360,1.6020,1.6340,6744500,10932592
2023-03-27,1.6600,1.6670,1.5960,1.6210,11314500,18340701
2023-03-28,1.6210,1.6590,1.5900,1.5900,11132200,17856282
2023-03-29,1.5900,1.6250,1.5720,1.6080,6349300,10151112
2023-03-30,1.6110,1.6190,1.5770,1.6000,7517100,12001797
2023-03-31,1.6000,1.6370,1.5840,1.6370,10997800,17613095
2023-04-03,1.6420,1.7120,1.6420,1.7090,12502700,20996362
2023-04-04,1.7100,1.7400,1.6930,1.7210,8964800,15371333
2023-04-06,1.6900,1.7580,1.6900,1.7380,9087200,15763731
2023-04-07,1.7380,1.7610,1.7280,1.7580,6237200,10904690
2023-04-10,1.7620,1.7680,1.6910,1.7010,7703300,13370337
2023-04-11,1.6980,1.7130,1.6700,1.6940,8549400,14445047
2023-04-12,1.6950,1.7480,1.6850,1.7400,8421800,14563301
2023-04-13,1.7410,1.7410,1.6780,1.6830,7692800,13131709
2023-04-14,1.6830,1.7140,1.6470,1.7000,7971600,13360704
2023-04-17,1.6890,1.7080,1.6730,1.6830,13690700,23035411
2023-04-18,1.6830,1.6950,1.6540,1.6870,8591800,14388194
2023-04-19,1.6820,1.7080,1.6710,1.6800,9576000,16165216
2023-04-20,1.6800,1.7230,1.6760,1.7230,14590200,24893859
2023-04-21,1.7230,1.7320,1.6460,1.6500,8972700,15068904
2023-04-24,1.6500,1.6580,1.6150,1.6280,9689500,15788494
2023-04-25,1.6280,1.6820,1.5820,1.6010,11774800,18930700
2023-04-26,1.5940,1.6020,1.5420,1.5700,11464000,17906773
2023-04-27,1.5620,1.5720,1.5320,1.5450,15415900,23901379
2023-04-28,1.5400,1.5860,1.5300,1.5860,9106900,14308760
2023-05-04,1.6010,1.6010,1.5520,1.5650,11315100,17674249
2023-05-05,1.5620,1.5660,1.5330,1.5410,12935100,19988160
2023-05-08,1.5420,1.5620,1.5300,1.5570,7648100,11876518
2023-05-09,1.5550,1.5780,1.5420,1.5450,9364900,14642444
2023-05-10,1.5350,1.5720,1.5140,1.5280,6698900,10271080
2023-05-11,1.5280,1.5340,1.5170,1.5210,4084100,6224794
2023-05-12,1.5220,1.5290,1.4990,1.4990,3904600,5897200
2023-05-15,1.4990,1.5150,1.4720,1.5130,3839000,5725705
2023-05-16,1.5150,1.5180,1.4900,1.4940,4505000,6760105
2023-05-17,1.4800,1.5110,1.4720,1.5040,3517400,5275988
2023-05-18,1.5010,1.5370,1.4700,1.5300,9014200,13759987
2023-05-19,1.5300,1.5490,1.5250,1.5390,7876400,12064041
2023-05-22,1.5450,1.5450,1.5100,1.5230,4463100,6795876
2023-05-23,1.5190,1.5190,1.4990,1.5010,3678000,5552287
2023-05-24,1.4990,1.5080,1.4760,1.4930,5508300,8203758
2023-05-25,1.4940,1.5150,1.4690,1.4970,5080100,7556462
2023-05-26,1.4970,1.5230,1.4930,1.5170,6352600,9612664
2023-05-29,1.5230,1.5560,1.5200,1.5230,6347100,9723353
2023-05-30,1.5230,1.5650,1.5080,1.5640,8260200,12710422
2023-05-31,1.5650,1.5710,1.5530,1.5650,5632200,8799746
2023-06-01,1.5680,1.6040,1.5610,1.5940,11275100,17904322
2023-06-02,1.6050,1.6150,1.5830,1.5900,7080300,11267850
2023-06-05,1.5900,1.6150,1.5800,1.6050,8272200,13247989
2023-06-06,1.6140,1.6140,1.5480,1.5630,10886400,17139966
2023-06-07,1.5700,1.5720,1.5470,1.5640,5735200,8960923
2023-06-08,1.5600,1.5600,1.5280,1.5420,7975800,12266969
2023-06-09,1.5450,1.5730,1.5300,1.5730,4994200,7753705
2023-06-12,1.5700,1.5840,1.5700,1.5770,7214700,11395873
2023-06-13,1.5770,1.6230,1.5690,1.6210,9182700,14684217
2023-06-14,1.6210,1.6300,1.6060,1.6240,7031900,11394745
2023-06-15,1.6350,1.6350,1.6130,1.6200,5337700,8662277
2023-06-16,1.6180,1.6580,1.6070,1.6560,7244100,11885415
2023-06-19,1.6530,1.6890,1.6520,1.6880,7051000,11809555
2023-06-20,1.6820,1.7140,1.6770,1.7060,9582100,16280388
2023-06-21,1.7050,1.7050,1.6380,1.6390,12243000,20312795
2023-06-26,1.6120,1.6280,1.5830,1.6010,10876500,17394182
2023-06-27,1.6010,1.6060,1.5820,1.6050,6397500,10203196
2023-06-28,1.5930,1.5930,1.5430,1.5670,14347000,22394859
2023-06-29,1.5670,1.5930,1.5610,1.5810,22638700,35805014
2023-06-30,1.5840,1.5980,1.5700,1.5920,4901300,7776872
2023-07-03,1.5950,1.6060,1.5670,1.5880,18159300,28755142
2023-07-04,1.5880,1.6260,1.5810,1.6170,4854900,7796033
2023-07-05,1.6080,1.6170,1.5910,1.5940,3842400,6164816
2023-07-06,1.5870,1.6220,1.5810,1.6000,3815000,6138556
2023-07-07,1.5980,1.5980,1.5580,1.5850,5579500,8823763
2023-07-10,1.5860,1.5960,1.5660,1.5750,5022200,7899955
2023-07-11,1.5880,1.6010,1.5600,1.5980,5311600,8438026
2023-07-12,1.5980,1.5990,1.5580,1.5610,5507200,8674039
2023-07-13,1.5650,1.5940,1.5610,1.5880,7495400,11850310
2023-07-14,1.5880,1.6250,1.5800,1.6130,7447100,12023573
2023-07-17,1.6250,1.6250,1.6020,1.6100,4833700,7781970
2023-07-18,1.6090,1.6200,1.5960,1.5970,2419000,3884017
2023-07-19,1.5980,1.6060,1.5800,1.5900,4606500,7325041
2023-07-20,1.6050,1.6050,1.5450,1.5470,7104200,11101520
2023-07-21,1.5480,1.5510,1.5320,1.5420,4365700,6732247
2023-07-24,1.5520,1.5630,1.5270,1.5420,4463300,6886476
2023-07-25,1.5570,1.5920,1.5480,1.5650,5186600,8094021
2023-07-26,1.5660,1.5660,1.5370,1.5440,3003400,4637115
2023-07-27,1.5440,1.5580,1.5210,1.5250,4934200,7565231
2023-07-28,1.5250,1.5470,1.5210,1.5430,3679200,5653053
2023-07-31,1.5330,1.5690,1.5330,1.5610,5707700,8900015
2023-08-01,1.5610,1.5710,1.5490,1.5670,5873500,9147823
2023-08-02,1.5660,1.5700,1.5580,1.5640,2731800,4271777
2023-08-03,1.5590,1.5730,1.5530,1.5680,3195000,4981912
2023-08-04,1.5720,1.5950,1.5700,1.5950,5306000,8397956
2023-08-07,1.6090,1.6200,1.5770,1.5850,5054400,8041598
2023-08-08,1.5840,1.5870,1.5700,1.5710,2550499,4027009
2023-08-09,1.5640,1.5720,1.5460,1.5470,2880100,4481458
2023-08-10,1.5440,1.5530,1.5400,1.5520,1867900,2888897
2023-08-11,1.5540,1.5540,1.5160,1.5160,2614400,4006821
2023-08-14,1.5000,1.5280,1.4960,1.5250,4409400,6666851
2023-08-15,1.5280,1.5280,1.4880,1.5020,2430700,3656922
2023-08-16,1.5030,1.5050,1.4690,1.4700,2008300,2971100
2023-08-17,1.4700,1.4820,1.4560,1.4760,1521700,2239451
2023-08-18,1.4710,1.4860,1.4460,1.4460,1652800,2416146
2023-08-21,1.4470,1.4610,1.4400,1.4440,2846900,4118677
2023-08-22,1.4560,1.4750,1.4350,1.4750,3027100,4387856
2023-08-23,1.4680,1.4810,1.4310,1.4320,3019500,4364711
2023-08-24,1.4430,1.4580,1.4320,1.4410,2955400,4266933
2023-08-25,1.4240,1.4530,1.3930,1.4080,3113500,4379824
2023-08-28,1.5060,1.5060,1.4150,1.4150,4134800,5969869
2023-08-29,1.4150,1.4690,1.4130,1.4670,3811900,5517678
2023-08-30,1.4690,1.5090,1.4690,1.4930,7023700,10508588
2023-08-31,1.4900,1.5010,1.4700,1.4920,4238000,6317864
2023-09-01,1.4950,1.4980,1.4720,1.4800,4471100,6621939
2023-09-04,1.4880,1.5000,1.4780,1.5000,4982800,7411010
2023-09-05,1.5000,1.5110,1.4780,1.4820,1446300,2151365
2023-09-06,1.4820,1.4890,1.4630,1.4870,3200300,4729836
2023-09-07,1.4800,1.4800,1.4520,1.4530,4892000,7146398
2023-09-08,1.4520,1.4670,1.4360,1.4490,2356700,3409915
2023-09-11,1.4590,1.4790,1.4430,1.4640,4689200,6869103
2023-09-12,1.4660,1.4760,1.4550,1.4620,3484400,5097948
2023-09-13,1.4650,1.4650,1.4260,1.4350,4639200,6657335
2023-09-14,1.4350,1.4430,1.4210,1.4300,2237000,3199862
2023-09-15,1.4310,1.4390,1.4160,1.4240,2385200,3394175
2023-09-18,1.4240,1.4300,1.4120,1.4140,1259600,1787344
2023-09-19,1.4140,1.4140,1.3940,1.4030,3859900,5409269
2023-09-20,1.4050,1.4100,1.3910,1.3920,2235000,3123981
2023-09-21,1.3880,1.3990,1.3860,1.3970,2342800,3257831
2023-09-22,1.3950,1.4320,1.3840,1.4320,3965400,5617415
2023-09-25,1.4220,1.4430,1.4130,1.4150,2940600,4174146
2023-09-26,1.4180,1.4350,1.4150,1.4170,2657400,3779081
2023-09-27,1.4110,1.4260,1.4110,1.4190,3097200,4395180
2023-09-28,1.4300,1.4300,1.4170,1.4280,2423300,3451891
2023-10-09,1.4270,1.4440,1.4170,1.4350,2877900,4120256
2023-10-10,1.4370,1.4480,1.4350,1.4410,3625700,5233058
2023-10-11,1.4420,1.4680,1.4420,1.4580,2597200,3784932
2023-10-12,1.4700,1.4700,1.4530,1.4620,1267600,1850304
2023-10-13,1.4620,1.4620,1.4420,1.4500,2381600,3452938
2023-10-16,1.4500,1.4500,1.4180,1.4220,3399900,4855481
2023-10-17,1.4220,1.4480,1.4150,1.4260,3751200,5341236
2023-10-18,1.4120,1.4180,1.4010,1.4080,2907100,4098651
2023-10-19,1.4060,1.4220,1.3940,1.4010,4655500,6550831
2023-10-20,1.4010,1.4210,1.2610,1.3710,3522400,4836335
2023-10-23,1.3600,1.3720,1.3240,1.3500,5392800,7287343
2023-10-24,1.3570,1.3610,1.3270,1.3470,4198800,5641194
2023-10-25,1.3580,1.3660,1.3440,1.3530,3328000,4492991
2023-10-26,1.3510,1.3510,1.3320,1.3510,2226000,2986102
2023-10-27,1.3430,1.3760,1.3430,1.3700,3118000,4244501
2023-10-30,1.3700,1.4130,1.3700,1.4090,2579000,3598516
2023-10-31,1.4090,1.4090,1.3890,1.3990,3408700,4758253
2023-11-01,1.3990,1.4050,1.3870,1.3890,2193400,3055263
2023-11-02,1.3890,1.3990,1.3780,1.3780,2917600,4048880
2023-11-03,1.3780,1.4100,1.3780,1.4050,2690900,3771088
2023-11-06,1.4170,1.4460,1.4170,1.4420,3640299,5240438
2023-11-07,1.4330,1.4560,1.4330,1.4500,4503600,6508986
2023-11-08,1.4500,1.4640,1.4430,1.4540,4277800,6215275
2023-11-09,1.4560,1.4680,1.4410,1.4450,3490500,5054104
2023-11-10,1.4310,1.4470,1.4300,1.4390,2508400,3612085
2023-11-13,1.4530,1.4760,1.4400,1.4500,3109100,4508460
2023-11-14,1.4520,1.4650,1.4490,1.4600,3219600,4688293
2023-11-15,1.4740,1.4770,1.4570,1.4610,3504500,5131835
2023-11-16,1.4570,1.4650,1.4430,1.4440,4093200,5929781
2023-11-17,1.4570,1.4580,1.4360,1.4450,5891000,8517464
2023-11-20,1.4450,1.4540,1.4340,1.4460,3107300,4492370
2023-11-21,1.4530,1.4550,1.4290,1.4320,3866500,5575144
2023-11-22,1.4320,1.4320,1.4120,1.4190,3086800,4383337
2023-11-23,1.4170,1.4250,1.4000,1.4240,9281000,13080224
2023-11-24,1.4170,1.4180,1.3970,1.4070,3325200,4671976
2023-11-27,1.4060,1.4210,1.2660,1.4020,3425697,4798166
2023-11-28,1.4020,1.4090,1.3900,1.4040,3059100,4285286
2023-11-29,1.4040,1.4100,1.3940,1.4000,2491000,3499086
2023-11-30,1.4000,1.4000,1.3840,1.3950,2848600,3961244
2023-12-01,1.3870,1.4150,1.3870,1.4150,3316200,4631070
2023-12-04,1.4180,1.4210,1.4070,1.4080,2405000,3399663
2023-12-05,1.4080,1.4080,1.3680,1.3700,2981300,4129292
2023-12-06,1.3830,1.3830,1.3630,1.3740,2522200,3452609
2023-12-07,1.3750,1.3770,1.3590,1.3730,2357900,3221411
2023-12-08,1.3870,1.4020,1.3730,1.3960,2283300,3175011
2023-12-11,1.3950,1.4250,1.3820,1.4200,3785800,5328570
2023-12-12,1.4320,1.4320,1.4120,1.4200,3576200,5073106
2023-12-13,1.4080,1.4180,1.4010,1.4020,1920000,2708162
2023-12-14,1.4050,1.4580,1.3910,1.3940,2664000,3732321
2023-12-15,1.3940,1.3990,1.3810,1.3860,2365700,3294161
2023-12-18,1.3790,1.3850,1.3650,1.3680,2225400,3054149
2023-12-19,1.3800,1.3880,1.3660,1.3820,3152500,4340002
2023-12-20,1.3950,1.3950,1.3530,1.3530,913200,1247090
2023-12-21,1.3650,1.3700,1.3420,1.3660,2083700,2819588
2023-12-22,1.3660,1.3770,1.3380,1.3430,2052000,2772253
2023-12-25,1.3790,1.3790,1.3340,1.3390,892500,1197408
2023-12-26,1.3520,1.3560,1.3100,1.3160,1049500,1380907
2023-12-27,1.3160,1.3610,1.3140,1.3300,1670600,2220398
2023-12-28,1.3200,1.3650,1.3180,1.3590,2119900,2865455
2023-12-29,1.3610,1.3790,1.3590,1.3780,2343700,3221527
2024-01-02,1.3780,1.3780,1.3540,1.3540,3879300,5293085
2024-01-03,1.3350,1.3800,1.3280,1.3310,4049600,5410261
2024-01-04,1.3320,1.3320,1.3060,1.3140,2933600,3851742
2024-01-05,1.3100,1.3180,1.2850,1.2930,2500500,3251785
2024-01-08,1.2810,1.2920,1.2640,1.2670,4940600,6277405
2024-01-09,1.2640,1.2750,1.2490,1.2600,2626800,3319430
2024-01-10,1.2600,1.2600,1.2340,1.2390,1290000,1602971
2024-01-11,1.2390,1.2630,1.2390,1.2600,3718400,4667557
2024-01-12,1.2610,1.2610,1.2370,1.2380,2405800,2993017
2024-01-15,1.2360,1.2520,1.2300,1.2420,4198700,5203262
2024-01-16,1.2460,1.2460,1.2190,1.2350,4568200,5615198
2024-01-17,1.2350,1.2360,1.2100,1.2150,4949100,6051894
2024-01-18,1.2030,1.2320,1.1880,1.2310,5444800,6552289
2024-01-19,1.2290,1.2440,1.2250,1.2290,4030200,4965427
2024-01-22,1.2310,1.2310,1.1810,1.1950,5133999,6208873
2024-01-23,1.1860,1.2150,1.1840,1.2080,4214500,5057684
2024-01-24,1.2200,1.2210,1.1780,1.2180,4833800,5776738
2024-01-25,1.2180,1.2510,1.2060,1.2490,3536500,4367497
2024-01-26,1.2370,1.2570,1.2230,1.2240,3309100,4069223
2024-01-29,1.2310,1.2310,1.1900,1.1910,2873897,3459451
2024-01-30,1.1910,1.2260,1.1590,1.1600,2973100,3496232
2024-01-31,1.1600,1.1600,1.1270,1.1280,2746000,3141920
2024-02-01,1.1280,1.1560,1.1150,1.1360,3418100,3890197
2024-02-02,1.1470,1.1500,1.0790,1.1240,4673700,5238650
2024-02-05,1.1130,1.1330,1.0600,1.1190,5418100,5903758
2024-02-06,1.1000,1.1620,1.1000,1.1600,3888400,4398591
2024-02-07,1.1700,1.2000,1.1660,1.1900,4106600,4884529
2024-02-08,1.1920,1.2310,1.1920,1.2180,5161700,6300690
2024-02-19,1.2250,1.2590,1.2250,1.2580,5906300,7350486
2024-02-20,1.2580,1.2590,1.2330,1.2570,4867200,6063683
2024-02-21,1.2450,1.2750,1.2280,1.2480,4824800,6074907
2024-02-22,1.2520,1.2800,1.2520,1.2720,6560500,8324992
2024-02-23,1.2720,1.2910,1.2630,1.2770,6665600,8476526
2024-02-26,1.2770,1.2960,1.2740,1.2820,5261900,6760100
2024-02-27,1.2820,1.3430,1.2610,1.3320,9727800,12764512
2024-02-28,1.3420,1.3580,1.2860,1.2880,10801600,14351226
2024-02-29,1.2860,1.3440,1.2760,1.3430,6541100,8623150
2024-03-01,1.3450,1.3870,1.3400,1.3830,6703300,9181613
2024-03-04,1.3830,1.4040,1.3670,1.3890,10487200,14581639
2024-03-05,1.3880,1.4080,1.3660,1.3900,10337900,14320085
2024-03-06,1.3720,1.3900,1.3580,1.3770,6118200,8429739
2024-03-07,1.3800,1.3860,1.3460,1.3480,9805300,13339842
2024-03-08,1.3540,1.3850,1.3450,1.3840,4885200,6660172
2024-03-11,1.3700,1.3930,1.3590,1.3920,4560700,6267642
2024-03-12,1.3920,1.4040,1.3780,1.3860,5579100,7744752
2024-03-13,1.3870,1.4070,1.3810,1.3870,5095700,7105658
2024-03-14,1.3850,1.3850,1.3550,1.3700,4387100,6015060
2024-03-15,1.3670,1.3820,1.3530,1.3820,5163300,7031074
2024-03-18,1.3850,1.4180,1.3850,1.4100,6431800,9031481
2024-03-19,1.4150,1.4160,1.4020,1.4030,3424300,4824049
2024-03-20,1.4050,1.4170,1.3940,1.4080,4677600,6579812
2024-03-21,1.4100,1.4280,1.4060,1.4080,4292200,6098081
2024-03-22,1.4080,1.4080,1.3830,1.4000,2660000,3713427
2024-03-25,1.3980,1.4000,1.3640,1.3650,3064400,4248087
2024-03-26,1.3640,1.3770,1.3400,1.3550,9459000,12787785
2024-03-27,1.3490,1.3590,1.3080,1.3080,21256600,28064311
2024-03-28,1.2950,1.3520,1.2860,1.3300,20797700,27648108
2024-03-29,1.3300,1.3330,1.3120,1.3330,5818600,7704730
2024-04-01,1.3350,1.3670,1.3350,1.3660,5583100,7601376
2024-04-02,1.3670,1.3670,1.3380,1.3460,3617400,4881940
2024-04-03,1.3460,1.3460,1.3200,1.3290,3432200,4560900
2024-04-08,1.3180,1.3270,1.3060,1.3070,3419100,4493813
2024-04-09,1.3100,1.3150,1.2960,1.3140,2261400,2947258
2024-04-10,1.3140,1.3140,1.2740,1.2820,4371300,5622580
2024-04-11,1.2800,1.3000,1.2800,1.2880,4970900,6426236
2024-04-12,1.2970,1.3100,1.2750,1.2900,3757800,4880900
2024-04-15,1.2890,1.3140,1.2870,1.3090,5463700,7113806
2024-04-16,1.3090,1.3090,1.2730,1.2740,10415000,13364878
2024-04-17,1.2730,1.3140,1.2730,1.3140,4263000,5550077
2024-04-18,1.3010,1.3230,1.2990,1.3080,1825200,2400921
2024-04-19,1.2970,1.3040,1.2720,1.2820,1258500,1613461
2024-04-22,1.2810,1.2810,1.2470,1.2740,4307200,5423466
2024-04-23,1.2740,1.2820,1.2610,1.2690,3759000,4765633
2024-04-24,1.2710,1.2980,1.2680,1.2960,4918000,6317902
2024-04-25,1.3200,1.3200,1.2830,1.2890,1604600,2070426
2024-04-26,1.2910,1.3300,1.2910,1.3250,3022800,3984246
2024-04-29,1.3460,1.3700,1.3370,1.3600,10063100,13640298
2024-04-30,1.3590,1.3640,1.3430,1.3460,2429600,3275506
2024-05-06,1.3570,1.3750,1.3570,1.3630,3393200,4647150
2024-05-07,1.3630,1.3710,1.3460,1.3500,2611500,3550380
2024-05-08,1.3400,1.3400,1.3250,1.3250,2460000,3277042
2024-05-09,1.3260,1.3450,1.3260,1.3410,4467200,5967203
2024-05-10,1.3500,1.3540,1.3210,1.3280,8614800,11440816
2024-05-13,1.3150,1.3330,1.3120,1.3210,2315200,3066829
2024-05-14,1.3220,1.3400,1.3150,1.3240,2896300,3834563
2024-05-15,1.3240,1.3300,1.3100,1.3120,2341700,3101313
2024-05-16,1.3150,1.3300,1.3130,1.3160,3478200,4582561
2024-05-17,1.3240,1.3310,1.2900,1.3300,2725700,3604677
2024-05-20,1.3300,1.3430,1.3120,1.3340,2997700,3990151
2024-05-21,1.3210,1.3400,1.3210,1.3340,4165500,5548936
2024-05-22,1.3340,1.3360,1.3210,1.3350,2557100,3402925
2024-05-23,1.3360,1.3380,1.3110,1.3150,1849300,2432596
2024-05-24,1.3100,1.3220,1.2840,1.2850,3047200,3958124
2024-05-27,1.2970,1.3100,1.2500,1.3100,942000,1213401
2024-05-28,1.3090,1.3200,1.2880,1.2920,7863413,10193275
2024-05-29,1.2920,1.3000,1.2830,1.2880,5768200,7450741
2024-05-30,1.2840,1.3050,1.2770,1.2980,5500800,7135444
2024-05-31,1.2980,1.3160,1.2970,1.2970,4881600,6372463
2024-06-03,1.2970,1.3170,1.2960,1.3100,6099100,7985166
2024-06-04,1.3090,1.3190,1.3030,1.3180,2513500,3294320
2024-06-05,1.3170,1.3300,1.3140,1.3150,1719400,2272309
2024-06-06,1.3150,1.3350,1.3100,1.3150,7163700,9489369
2024-06-07,1.3150,1.3220,1.2920,1.3040,3575600,4658218
2024-06-11,1.3010,1.3240,1.3010,1.3240,4046300,5316510
2024-06-12,1.3260,1.3390,1.3260,1.3290,2049700,2730823
2024-06-13,1.3290,1.3510,1.3290,1.3370,3600400,4818581
2024-06-14,1.3350,1.3580,1.3320,1.3570,4542100,6141964
2024-06-17,1.3650,1.3760,1.3500,1.3680,4069200,5555626
2024-06-18,1.3600,1.3910,1.3600,1.3830,10401200,14369175
2024-06-19,1.3820,1.3870,1.3690,1.3730,4840100,6657597
2024-06-20,1.3730,1.3750,1.3470,1.3510,3772200,5146683
2024-06-21,1.3400,1.3660,1.3370,1.3640,4099800,5578858
2024-06-24,1.3610,1.3680,1.3310,1.3330,2721500,3664908
2024-06-25,1.3270,1.3310,1.2920,1.2920,8844400,11488869
2024-06-26,1.2940,1.3420,1.2940,1.3380,5330100,7006750
2024-06-27,1.3250,1.3470,1.3210,1.3210,4389600,5838987
2024-06-28,1.3080,1.3480,1.3060,1.3340,3136700,4183695
2024-07-01,1.3340,1.3390,1.3130,1.3380,4850000,6436289
2024-07-02,1.3380,1.3390,1.3200,1.3230,3476000,4614723
2024-07-03,1.3230,1.3290,1.3100,1.3230,2395100,3162855
2024-07-04,1.3290,1.3300,1.3080,1.3100,888000,1175605
2024-07-05,1.3020,1.3120,1.2880,1.3100,2970300,3853986
2024-07-08,1.3130,1.3150,1.2950,1.2990,1982500,2591717
2024-07-09,1.2870,1.3460,1.2870,1.3440,3839200,5084225
2024-07-10,1.3480,1.3560,1.3430,1.3500,1554700,2096630
2024-07-11,1.3570,1.3730,1.3450,1.3650,2540000,3450298
2024-07-12,1.3520,1.3620,1.3150,1.3570,1848900,2501606
2024-07-15,1.3480,1.3520,1.3390,1.3470,6116200,8235172
2024-07-16,1.3450,1.3810,1.3430,1.3790,2437000,3347103
2024-07-17,1.3790,1.3810,1.3580,1.3590,3013500,4113533
2024-07-18,1.3460,1.3540,1.3200,1.3540,2136900,2859559
2024-07-19,1.3470,1.3720,1.3460,1.3670,2182700,2973460
2024-07-22,1.3660,1.3740,1.3630,1.3700,2566000,3515005
2024-07-23,1.3570,1.3650,1.3220,1.3230,2829100,3802568
2024-07-24,1.3260,1.3310,1.3050,1.3060,956000,1257155
2024-07-25,1.3060,1.3080,1.2890,1.2960,3158000,4104279
2024-07-26,1.3050,1.3130,1.2890,1.3060,1075800,1401703
2024-07-29,1.3080,1.3180,1.3030,1.3040,1327800,1736488
2024-07-30,1.3030,1.3040,1.2850,1.2980,1092600,1408037
2024-07-31,1.3040,1.3410,1.3040,1.3370,2860500,3799779
2024-08-01,1.3500,1.3500,1.3330,1.3380,1115300,1494177
2024-08-02,1.3250,1.3330,1.3040,1.3090,1487400,1962297
2024-08-05,1.3000,1.3010,1.2530,1.2570,3760800,4812291
2024-08-06,1.2690,1.2740,1.2500,1.2630,3148600,3967828
2024-08-07,1.2520,1.2720,1.2520,1.2570,1782400,2256977
2024-08-08,1.2500,1.2670,1.2410,1.2570,1262600,1586168
2024-08-09,1.2590,1.2730,1.2550,1.2560,2363000,2989541
2024-08-12,1.2500,1.2570,1.2440,1.2500,869800,1087198
2024-08-13,1.2570,1.2580,1.2460,1.2580,457400,573216
2024-08-14,1.2580,1.2600,1.2520,1.2520,601800,755622
2024-08-15,1.2500,1.2700,1.2500,1.2590,539500,679096
2024-08-16,1.2670,1.2700,1.2590,1.2620,995900,1257943
2024-08-19,1.2620,1.2750,1.2620,1.2640,515600,653035
2024-08-20,1.2660,1.2660,1.2460,1.2490,908300,1135104
2024-08-21,1.2490,1.2630,1.2450,1.2480,371400,464668
2024-08-22,1.2480,1.2480,1.2310,1.2340,416000,513731
2024-08-23,1.2340,1.2460,1.2230,1.2350,594600,731452
2024-08-26,1.2300,1.2380,1.2240,1.2290,362400,445402
2024-08-27,1.2270,1.2270,1.2080,1.2120,172400,209347
2024-08-28,1.2120,1.2230,1.2020,1.2130,100300,121295
2024-08-29,1.2190,1.2280,1.2000,1.2220,521200,636689
2024-08-30,1.2210,1.2680,1.2210,1.2590,1476600,1859141
2024-09-02,1.2590,1.2590,1.2200,1.2220,726300,896115
2024-09-03,1.2220,1.2360,1.2220,1.2310,148100,182188
2024-09-04,1.2310,1.2370,1.2150,1.2210,649100,794053
2024-09-05,1.2210,1.2390,1.2210,1.2270,239700,295042
2024-09-06,1.2270,1.2270,1.2060,1.2070,468400,568401
2024-09-09,1.2000,1.2100,1.1910,1.1960,658800,788517
2024-09-10,1.2070,1.2200,1.1920,1.2150,456400,548050
2024-09-11,1.2150,1.2150,1.2010,1.2060,388300,469402
2024-09-12,1.2060,1.2240,1.1990,1.2000,413700,499327
2024-09-13,1.2080,1.2140,1.1960,1.1980,1628800,1962564
2024-09-18,1.1910,1.1960,1.1790,1.1920,275300,327061
2024-09-19,1.1920,1.2060,1.1830,1.1970,1740200,2086382
2024-09-20,1.1970,1.2080,1.1940,1.2010,2024000,2429035
2024-09-23,1.2120,1.2150,1.1900,1.2010,435600,524497
2024-09-24,1.2120,1.2530,1.1980,1.2520,4460200,5489549
2024-09-25,1.2520,1.2900,1.2520,1.2560,2654000,3370297
2024-09-26,1.2570,1.3010,1.2530,1.3000,4114900,5250806
2024-09-27,1.3090,1.4290,1.3090,1.4100,4879600,6541692
2024-09-30,1.4510,1.5500,1.4300,1.5440,24313200,36199965
2024-10-08,1.6980,1.6980,1.6190,1.6980,18908100,31628201
2024-10-09,1.6980,1.8000,1.5770,1.6650,13333800,22731817
2024-10-10,1.7150,1.7280,1.5720,1.5990,16093600,26274387
2024-10-11,1.5900,1.5900,1.5020,1.5210,9735690,15056717
2024-10-14,1.5180,1.5700,1.4920,1.5700,5978900,9176636
2024-10-15,1.5700,1.6060,1.5390,1.5400,12498700,19692940
2024-10-16,1.5400,1.5400,1.5030,1.5120,5825600,8849146
2024-10-17,1.5170,1.5490,1.5170,1.5230,4250300,6522214
2024-10-18,1.5190,1.6650,1.5080,1.6300,26344400,42075068
2024-10-21,1.6300,1.7930,1.6280,1.6520,17805000,29924199
2024-10-22,1.6450,1.6660,1.6280,1.6480,8765400,14408086
2024-10-23,1.6400,1.6610,1.6230,1.6300,6361400,10466542
2024-10-24,1.6140,1.6380,1.5980,1.6190,3099100,5018180
2024-10-25,1.6230,1.6570,1.6130,1.6380,2760700,4516938
2024-10-28,1.6400,1.6410,1.6150,1.6390,2951200,4807003
2024-10-29,1.6400,1.6690,1.6260,1.6320,2615200,4302075
2024-10-30,1.6160,1.6470,1.6110,1.6330,8807000,14328529
2024-10-31,1.6330,1.6650,1.6110,1.6530,3970100,6553652
2024-11-01,1.6400,1.6530,1.6050,1.6100,3005400,4878962
2024-11-04,1.6200,1.6360,1.6020,1.6330,3372500,5494399
2024-11-05,1.6310,1.6970,1.6310,1.6860,13147000,22009446
2024-11-06,1.6900,1.7170,1.6770,1.6930,5750400,9781749
2024-11-07,1.6800,1.7330,1.6770,1.7250,5760900,9759334
2024-11-08,1.7550,1.7850,1.7310,1.7380,5541200,9734842
2024-11-11,1.7330,1.8120,1.7330,1.8120,7507600,13385684
2024-11-12,1.8120,1.8150,1.7600,1.7770,4590400,8225237
2024-11-13,1.7680,1.7980,1.7620,1.7940,5066100,9017186
2024-11-14,1.8000,1.8000,1.7290,1.7350,2821800,4990104
2024-11-15,1.7350,1.7510,1.6830,1.6840,13644100,23537275
2024-11-18,1.6830,1.6990,1.6180,1.6270,6085400,10048969
2024-11-19,1.6410,1.6640,1.6080,1.6630,4025200,6595724
2024-11-20,1.6780,1.6870,1.6550,1.6750,11441700,19231067
2024-11-21,1.6760,1.6830,1.6600,1.6720,1856800,3105351
2024-11-22,1.6700,1.6950,1.6150,1.6200,7230100,12113969
2024-11-25,1.6190,1.6200,1.5660,1.5970,3418200,5444350
2024-11-26,1.5850,1.6070,1.5820,1.5840,751500,1198480
2024-11-27,1.5840,1.6330,1.5640,1.6320,5938100,9380325
2024-11-28,1.6320,1.6370,1.6080,1.6110,1497700,2432630
2024-11-29,1.6110,1.6630,1.6030,1.6440,3005100,4935499
2024-12-02,1.6440,1.6780,1.6390,1.6750,10076900,16840443
2024-12-03,1.6750,1.6750,1.6400,1.6530,1048000,1736674
2024-12-04,1.6690,1.6700,1.6350,1.6430,727100,1203144
2024-12-05,1.6470,1.6640,1.6450,1.6530,490700,812478
2024-12-06,1.6500,1.6910,1.6310,1.6790,1358200,2270807
2024-12-09,1.6790,1.6840,1.6530,1.6680,1211200,2019216
2024-12-10,1.7780,1.7780,1.6780,1.6860,2174600,3712284
2024-12-11,1.6830,1.7000,1.6740,1.6860,1356100,2282133
2024-12-12,1.6860,1.6990,1.6770,1.6980,1291900,2181210
2024-12-13,1.6910,1.6970,1.6720,1.6720,1190600,2002746
2024-12-16,1.6560,1.6790,1.6500,1.6610,10355200,17133017
2024-12-17,1.6520,1.6770,1.6410,1.6440,894100,1478583
2024-12-18,1.6400,1.6820,1.6330,1.6700,2992400,4989614
2024-12-19,1.6600,1.7200,1.6600,1.7140,3907127,6620688
2024-12-20,1.7130,1.7700,1.7080,1.7430,18451100,31988023
2024-12-23,1.7430,1.7570,1.7120,1.7180,1754000,3038286
2024-12-24,1.7100,1.7360,1.6900,1.7350,1935300,3317475
2024-12-25,1.7330,1.7500,1.7220,1.7330,1287400,2233726
2024-12-26,1.7380,1.7780,1.7250,1.7730,1957800,3457505
2024-12-27,1.7740,1.7950,1.7460,1.7510,6547600,11667436
2024-12-30,1.7560,1.7760,1.7410,1.7540,6409800,11260690
2024-12-31,1.7530,1.7700,1.6920,1.6930,2557900,4384262
2025-01-02,1.6930,1.6950,1.6040,1.6220,5397100,8817512
2025-01-03,1.6310,1.6340,1.5850,1.5880,2452900,3944538
2025-01-06,1.5920,1.6100,1.5650,1.5760,1966300,3112851
2025-01-07,1.5760,1.6420,1.5760,1.6410,2030900,3267057
2025-01-08,1.6230,1.6450,1.5820,1.6300,1760200,2839043
2025-01-09,1.6200,1.6570,1.6200,1.6400,1009800,1663187
2025-01-10,1.6280,1.6600,1.6150,1.6160,1507300,2459406
2025-01-13,1.5880,1.6180,1.5860,1.6030,1252900,2003383
2025-01-14,1.6080,1.6810,1.5930,1.6780,3297200,5422343
2025-01-15,1.6650,1.7280,1.6550,1.6610,1050900,1750797
2025-01-16,1.6630,1.6960,1.6370,1.6570,1321600,2200482
2025-01-17,1.6450,1.6970,1.6440,1.6810,1297200,2165540
2025-01-20,1.6920,1.7130,1.6840,1.6940,1373200,2330030
2025-01-21,1.7100,1.7370,1.6990,1.7300,1963700,3378580
2025-01-22,1.7150,1.7510,1.7150,1.7420,1356100,2352320
2025-01-23,1.7590,1.7750,1.7140,1.7190,2196300,3826290
2025-01-24,1.7100,1.7530,1.7100,1.7480,1921900,3339285
2025-01-27,1.7480,1.7490,1.6980,1.6990,2860800,4912203
2025-02-05,1.7150,1.7260,1.7010,1.7110,3345700,5733156
2025-02-06,1.7070,1.7740,1.7060,1.7740,3241500,5681108
2025-02-07,1.7750,1.8300,1.7690,1.7970,4269200,7695525
2025-02-10,1.7990,1.8190,1.7970,1.8160,4245900,7677181
2025-02-11,1.8160,1.8270,1.7960,1.8100,3203400,5815064
2025-02-12,1.8020,1.8600,1.8020,1.8600,2369300,4355360
2025-02-13,1.8600,1.8600,1.8050,1.8060,3705400,6759059
2025-02-14,1.7940,1.8190,1.7910,1.8160,3096700,5589208
2025-02-17,1.8260,1.8600,1.8260,1.8480,4041700,7440035
2025-02-18,1.8420,1.8580,1.7990,1.8080,2467700,4516426
2025-02-19,1.8060,1.8600,1.8060,1.8580,2481800,4569726
2025-02-20,1.8580,1.8740,1.8450,1.8640,1972200,3669941
2025-02-21,1.8740,1.9600,1.8700,1.9500,9104800,17527391
2025-02-24,1.9500,1.9630,1.9250,1.9440,2446900,4752265
2025-02-25,1.9270,1.9610,1.9000,1.9300,3186000,6136510
2025-02-26,1.9260,1.9490,1.9030,1.9420,4930200,9540964
2025-02-27,1.9420,1.9530,1.8830,1.9230,2618200,5017539
2025-02-28,1.8850,1.9220,1.8210,1.8270,7147200,13232014
2025-03-03,1.8270,1.8440,1.7920,1.8100,4454400,8094153
2025-03-04,1.7900,1.8410,1.7790,1.8340,3376400,6140212
2025-03-05,1.8360,1.8610,1.8270,1.8510,2648800,4883536
2025-03-06,1.8630,1.9070,1.8630,1.9020,5972700,11309846
2025-03-07,1.8990,1.8990,1.8630,1.8720,1730600,3255258
2025-03-10,1.8720,1.8830,1.8450,1.8650,2579600,4805315
2025-03-11,1.8470,1.8650,1.8370,1.8550,1355800,2509043
2025-03-12,1.8570,1.8870,1.8560,1.8620,964200,1805473
2025-03-13,1.8480,1.8730,1.8040,1.8130,1980500,3605368
2025-03-14,1.8380,1.8570,1.8020,1.8530,1553500,2863233
2025-03-17,1.8510,1.8710,1.8480,1.8570,1000300,1854292
2025-03-18,1.8540,1.8810,1.8540,1.8720,793200,1481259
2025-03-19,1.8640,1.8650,1.8330,1.8400,1017300,1878338
2025-03-20,1.8400,1.8420,1.8220,1.8230,914100,1675944
2025-03-21,1.8200,1.8200,1.7700,1.7750,1855700,3321590
2025-03-24,1.7710,1.7920,1.7550,1.7890,1172800,2080964
2025-03-25,1.7890,1.8000,1.7460,1.7510,1576600,2782310
2025-03-26,1.7460,1.7660,1.7460,1.7510,1242700,2181665
2025-03-27,1.7430,1.7780,1.7350,1.7560,571100,1004546
2025-03-28,1.7560,1.7610,1.7390,1.7420,1113700,1943336
2025-03-31,1.7440,1.7500,1.7120,1.7420,1564300,2699464
2025-04-01,1.7500,1.7510,1.7340,1.7340,1045000,1818630
2025-04-02,1.7350,1.7540,1.7350,1.7410,2269700,3950584
2025-04-03,1.7330,1.7380,1.6880,1.6940,1363100,2324526
2025-04-07,1.6150,1.7100,1.5250,1.5250,4615500,7158781
2025-04-08,1.5250,1.5380,1.4620,1.4910,4172200,6218367
2025-04-09,1.4910,1.5550,1.4300,1.5390,6106600,9296218
2025-04-10,1.5660,1.6150,1.5660,1.5780,2980900,4725162
2025-04-11,1.5580,1.6480,1.5510,1.6260,1825900,2946862
2025-04-14,1.6710,1.6710,1.6300,1.6360,2068500,3389533
2025-04-15,1.6300,1.6320,1.6040,1.6150,3619400,5834073
2025-04-16,1.6440,1.6440,1.5850,1.6040,969800,1549592
2025-04-17,1.6040,1.6340,1.6040,1.6150,623700,1009851
2025-04-18,1.6110,1.6200,1.6020,1.6180,7227200,11629358
2025-04-21,1.6260,1.6460,1.6100,1.6450,4409800,7190744
2025-04-22,1.6460,1.6520,1.6260,1.6310,5479400,8950318
2025-04-23,1.6380,1.6580,1.6300,1.6500,1751100,2882194
2025-04-24,1.6500,1.6500,1.6190,1.6240,1456600,2375971
2025-04-25,1.6240,1.6490,1.6210,1.6320,925900,1510519
2025-04-28,1.6370,1.6410,1.6250,1.6310,608700,993261
2025-04-29,1.6310,1.6400,1.6180,1.6360,504800,823968
2025-04-30,1.6450,1.6650,1.6420,1.6610,868400,1438508
2025-05-06,1.6700,1.7100,1.6700,1.7060,1944600,3288602
2025-05-07,1.7560,1.7730,1.6800,1.6970,3109700,5314154
2025-05-08,1.6970,1.7180,1.6890,1.7130,2438900,4145727
2025-05-09,1.7130,1.7180,1.6740,1.6780,2201100,3712378
2025-05-12,1.7060,1.7070,1.6880,1.7070,2199000,3735629
2025-05-13,1.7110,1.7240,1.6930,1.6960,2559400,4365120
2025-05-14,1.7000,1.7160,1.6920,1.7030,1052500,1791291
2025-05-15,1.7030,1.7040,1.6610,1.6650,2242900,3753737
2025-05-16,1.6580,1.6700,1.6580,1.6650,688900,1146996
2025-05-19,1.6660,1.6660,1.6440,1.6610,1121100,1856036
2025-05-20,1.6610,1.6740,1.6510,1.6670,877000,1459005
2025-05-21,1.6680,1.6750,1.6500,1.6560,974000,1612059
2025-05-22,1.6510,1.6660,1.6440,1.6490,1689900,2795250
2025-05-23,1.6490,1.6510,1.6220,1.6260,1128000,1848027
2025-05-26,1.6220,1.6420,1.6220,1.6360,818000,1332098
2025-05-27,1.6320,1.6330,1.6130,1.6140,1632600,2639843
2025-05-28,1.6100,1.6250,1.6100,1.6180,809100,1309119
2025-05-29,1.6260,1.6460,1.6200,1.6450,1652300,2706813
2025-05-30,1.6450,1.6450,1.6150,1.6240,861300,1395509
2025-06-03,1.6240,1.6350,1.6100,1.6260,1300500,2118912
2025-06-04,1.6280,1.6530,1.6280,1.6520,2887400,4754492
2025-06-05,1.6500,1.6990,1.6450,1.6970,3108600,5215592
2025-06-06,1.6980,1.7000,1.6840,1.6960,2582500,4377688
2025-06-09,1.7200,1.7200,1.6960,1.7070,2420000,4123761
2025-06-10,1.7090,1.7100,1.6620,1.6740,4281400,7182734
2025-06-11,1.6820,1.6940,1.6760,1.6780,2512500,4234218
2025-06-12,1.6860,1.6920,1.6690,1.6790,1816100,3052006
2025-06-13,1.6710,1.6780,1.6560,1.6630,2717700,4528305
2025-06-16,1.6570,1.6930,1.6570,1.6860,1251300,2108134
2025-06-17,1.6940,1.7000,1.6720,1.6760,3257300,5476865
2025-06-18,1.6760,1.7050,1.6700,1.7030,2739600,4626720
2025-06-19,1.7070,1.7150,1.6850,1.6960,3902200,6648962
2025-06-20,1.6970,1.6970,1.6730,1.6780,1691200,2845704
2025-06-23,1.6660,1.6900,1.6620,1.6830,1607700,2698873
2025-06-24,1.6830,1.7140,1.6830,1.7120,1987700,3393540
2025-06-25,1.7280,1.7500,1.7160,1.7450,2572700,4458076
2025-06-26,1.7480,1.7700,1.7410,1.7420,2165900,3799369
2025-06-27,1.7500,1.7750,1.7300,1.7630,2140900,3773589
2025-06-30,1.7630,1.7960,1.7630,1.7960,2423900,4322202
2025-07-01,1.7960,1.7960,1.7760,1.7870,1934100,3448985
2025-07-02,1.7720,1.7730,1.7460,1.7550,2401200,4217868
2025-07-03,1.7500,1.7860,1.7450,1.7830,1809700,3201133
2025-07-04,1.7660,1.8010,1.7660,1.7770,2216100,3950894
2025-07-07,1.7840,1.7840,1.7540,1.7630,1066900,1878925
2025-07-08,1.7520,1.8100,1.7520,1.8100,3118300,5590164
2025-07-09,1.8020,1.8140,1.7890,1.7940,1395200,2516555
2025-07-10,1.7940,1.8000,1.7800,1.7940,1110300,1986640
2025-07-11,1.7940,1.8090,1.7800,1.8020,2570500,4622763
2025-07-14,1.8020,1.8110,1.7920,1.8010,972400,1751351
2025-07-15,1.7970,1.8490,1.7970,1.8490,3043000,5584528
2025-07-16,1.8400,1.8750,1.8400,1.8460,2403000,4463672
2025-07-17,1.8410,1.8920,1.8400,1.8920,3452600,6491873
2025-07-18,1.8940,1.9140,1.8730,1.8830,2682900,5074919
2025-07-21,1.8820,1.8890,1.8660,1.8880,1741600,3271986
2025-07-22,1.8880,1.9000,1.8700,1.8810,2943400,5529307
2025-07-23,1.8800,1.8940,1.8650,1.8780,3602200,6760077
2025-07-24,1.8780,1.9050,1.8780,1.9050,2808273,5316274
2025-07-25,1.9050,1.9330,1.8960,1.9330,5603400,10735566
2025-07-28,1.9320,1.9500,1.9140,1.9430,2203600,4262970
2025-07-29,1.9340,1.9820,1.9340,1.9820,2637200,5173049
2025-07-30,1.9830,1.9840,1.9540,1.9700,2848900,5620011
2025-07-31,1.9700,2.0100,1.9560,1.9610,4891900,9697124
2025-08-01,1.9540,1.9780,1.9210,1.9430,4362900,8520044
2025-08-04,1.9310,1.9510,1.9240,1.9500,2541500,4932112
2025-08-05,1.9580,1.9730,1.9400,1.9590,2685100,5246896
2025-08-06,1.9590,1.9770,1.9500,1.9770,1192900,2345446
2025-08-07,1.9770,1.9990,1.9560,1.9740,3489600,6895558
2025-08-08,1.9740,1.9740,1.9440,1.9470,3229700,6314350
2025-08-11,1.9480,1.9910,1.9480,1.9850,1696800,3356291
2025-08-12,1.9820,2.0320,1.9800,2.0300,3540300,7131045
2025-08-13,2.0310,2.0990,2.0300,2.0980,9273000,19264189
2025-08-14,2.0990,2.1250,2.0750,2.0800,4762100,9986381
2025-08-15,2.0780,2.1120,2.0680,2.1120,2778600,5821236
2025-08-18,2.1200,2.1970,2.1030,2.1770,3699414,8017049
2025-08-19,2.1780,2.2050,2.1650,2.1810,3656200,7985197
2025-08-20,2.1790,2.2340,2.1420,2.2340,7744900,16995317
2025-08-21,2.2300,2.2630,2.2070,2.2230,7127400,15894901
2025-08-22,2.2140,2.3590,2.2140,2.3510,11725600,27073085
2025-08-25,2.3880,2.4480,2.3600,2.4200,10676938,25555828
2025-08-26,2.4150,2.4350,2.3840,2.4070,5984900,14406294
2025-08-27,2.4300,2.5320,2.4200,2.4290,11415000,28199543
2025-08-28,2.4270,2.6500,2.4180,2.5860,14496900,36217689
2025-08-29,2.5680,2.5800,2.5170,2.5720,8660200,22032176
2025-09-01,2.5180,2.6480,2.5180,2.6390,8208416,21412926
2025-09-02,2.6330,2.6590,2.5060,2.5350,11135700,28693559
2025-09-03,2.5140,2.5550,2.4770,2.5150,7674100,19267142
2025-09-04,2.5380,2.5490,2.3070,2.3470,8480500,20246376
2025-09-05,2.3320,2.4680,2.3250,2.4600,6711900,16085295
2025-09-08,2.4690,2.4690,2.3680,2.4280,9823655,23669608
2025-09-09,2.3780,2.4350,2.3440,2.3630,4866900,11582390
2025-09-10,2.3680,2.4510,2.3680,2.4270,5085500,12316923
2025-09-11,2.4350,2.6150,2.4320,2.6130,9398100,23881522
2025-09-12,2.6130,2.6480,2.5700,2.6170,5187300,13597584
2025-09-15,2.6180,2.6300,2.5900,2.6020,7085100,18481620
2025-09-16,2.5960,2.6500,2.5960,2.6360,10447300,27451712
2025-09-17,2.6360,2.6780,2.6060,2.6630,5227200,13832348
2025-09-18,2.6640,2.7660,2.6400,2.6900,8472456,22943112
2025-09-19,2.6910,2.7360,2.6710,2.6860,4599200,12449942
2025-09-22,2.6890,2.7880,2.6620,2.7800,8267700,22780154
2025-09-23,2.8100,2.8800,2.6980,2.7840,9076900,25035566
2025-09-24,2.7440,2.8800,2.5060,2.8410,7987200,22255609
2025-09-25,2.8320,2.8970,2.7990,2.8750,8205700,23480022
2025-09-26,2.8490,2.8760,2.7840,2.7900,6292593,17785790
2025-09-29,2.7710,2.8410,2.7700,2.8300,3712700,10440781
2025-09-30,2.8430,2.8880,2.8330,2.8520,4929000,14085232
2025-10-09,2.8580,2.9690,2.8580,2.8980,5490500,16039382
2025-10-10,2.8640,2.8950,2.7520,2.7730,6886385,19284656
2025-10-13,2.5800,2.7730,2.5800,2.7610,3198712,8718644
2025-10-14,2.7710,2.7950,2.6120,2.6180,6982600,18684406
2025-10-15,2.5940,2.6830,2.5780,2.6810,5611400,14808158
2025-10-16,2.6750,2.7190,2.6560,2.6690,2993089,8041372
2025-10-17,2.6690,2.6950,2.5620,2.5690,4811700,12481048
2025-10-20,2.6130,2.6800,2.5970,2.6200,4060200,10690313
2025-10-21,2.6210,2.7350,2.6130,2.7300,5206000,14058695
2025-10-22,2.7000,2.7390,2.6800,2.7140,4816400,13056981
2025-10-23,2.6990,2.7120,2.6410,2.6870,3069572,8167036
2025-10-24,2.7040,2.8240,2.7040,2.8220,5970000,16565837
2025-10-27,2.8790,2.9340,2.8520,2.9190,4707100,13632667
2025-10-28,2.8890,2.9640,2.8780,2.9060,6464500,18873904
2025-10-29,2.9410,2.9620,2.8960,2.9450,4521900,13242558
2025-10-30,2.9180,2.9530,2.8680,2.8700,6591000,19136212
2025-10-31,2.8720,2.8740,2.7560,2.7610,6729900,18763976
2025-11-03,2.7130,2.7580,2.6880,2.7510,4173842,11361071
2025-11-04,2.7510,2.7830,2.7010,2.7180,3226100,8856099
2025-11-05,2.6680,2.7200,2.6480,2.7010,6023600,16133912
2025-11-06,2.7120,2.8000,2.7120,2.7970,6827300,18918543
2025-11-07,2.7800,2.7800,2.7300,2.7480,3078328,8482581
2025-11-10,2.7450,2.7690,2.6660,2.7190,5549490,14972872
2025-11-11,2.7300,2.7460,2.6510,2.6530,2725496,7325221
2025-11-12,2.6250,2.6580,2.6030,2.6520,2299200,6043528
2025-11-13,2.6480,2.6680,2.6250,2.6620,2705500,7174078
2025-11-14,2.6300,2.6330,2.5800,2.5860,2025500,5274964
2025-11-17,2.5690,2.6270,2.5660,2.5940,1478300,3827136
2025-11-18,2.5750,2.6390,2.5630,2.6000,1998302,5218898
2025-11-19,2.6210,2.6280,2.5780,2.5930,2815700,7339003
2025-11-20,2.6320,2.6570,2.5740,2.5760,2528005,6574963
2025-11-21,2.5700,2.5700,2.4650,2.4690,3842600,9607128
2025-11-24,2.4740,2.4930,2.4270,2.4700,3388800,8338501
2025-11-25,2.4860,2.5690,2.4860,2.5260,3891800,9869565
2025-11-26,2.5250,2.6330,2.5010,2.5960,3838300,9948872
2025-11-27,2.5960,2.6750,2.5850,2.5910,3620300,9521156
2025-11-28,2.5870,2.6220,2.5670,2.6120,3047100,7916465
2025-12-01,2.6130,2.6620,2.5830,2.6600,2387500,6258233
2025-12-02,2.6540,2.6700,2.6300,2.6410,1581900,4194097
2025-12-03,2.6390,2.6700,2.6110,2.6170,2161700,5694964
2025-12-04,2.5980,2.6540,2.5820,2.6530,3118500,8191490
2025-12-05,2.6490,2.6710,2.6210,2.6660,4146700,11003567
2025-12-08,2.6640,2.7700,2.6640,2.7500,3699300,10071353
2025-12-09,2.7420,2.8050,2.7340,2.7830,4323300,12007470
2025-12-10,2.7790,2.8100,2.7150,2.7830,4168100,11454066
2025-12-11,2.7850,2.7870,2.7140,2.7160,4719600,12999175
2025-12-12,2.7150,2.7640,2.6800,2.7530,1844800,5040749
2025-12-15,2.7600,2.7600,2.6800,2.6810,3129800,8484811
2025-12-16,2.6740,2.6920,2.6180,2.6360,6327981,16731030
2025-12-17,2.6230,2.7380,2.6200,2.7370,4591262,12385166
2025-12-18,2.6920,2.7400,2.6890,2.6890,4046704,10940006
2025-12-19,2.7010,2.7270,2.6800,2.6900,1883270,5086739
2025-12-22,2.6970,2.7820,2.6970,2.7760,5735700,15840350
2025-12-23,2.7700,2.8070,2.7680,2.7940,3906200,10914061
2025-12-24,2.7960,2.8360,2.7870,2.8350,5463700,15385414
2025-12-25,2.8300,2.8530,2.7970,2.8210,4411093,12439845
2025-12-26,2.8200,2.8290,2.7860,2.8060,3319900,9323755
2025-12-29,2.8060,2.8500,2.7980,2.8220,3081600,8695082
2025-12-30,2.8100,2.8630,2.8090,2.8360,3280500,9303522
2025-12-31,2.8360,2.8490,2.7920,2.8000,6829500,19151868
2026-01-05,2.8150,2.8960,2.8150,2.8950,3796824,10889957
2026-01-06,2.8840,2.9430,2.8740,2.9260,4870900,14153693
2026-01-07,2.9370,2.9770,2.9240,2.9640,5881000,17363112
2026-01-08,2.9600,2.9910,2.9230,2.9390,3549371,10480675
2026-01-09,2.9360,2.9650,2.8800,2.9640,3679300,10797654
2026-01-12,2.9650,3.0400,2.9400,3.0380,2809400,8416392
2026-01-13,3.0370,3.0430,2.9200,2.9350,3601767,10746452
2026-01-14,2.9360,3.0290,2.9360,2.9870,4941600,14737276
2026-01-15,2.9690,3.0220,2.9420,3.0220,2732921,8154664
2026-01-16,3.0500,3.0900,3.0300,3.0790,2460000,7540409
2026-01-19,3.0800,3.0970,3.0520,3.0590,2993700,9187598
2026-01-20,3.0670,3.0670,2.9800,3.0050,3188479,9616061
2026-01-21,2.9960,3.1000,2.9720,3.0890,3763938,11575762
2026-01-22,3.1090,3.1530,3.0700,3.1140,2040572,6338563
2026-01-23,3.1000,3.1030,3.0520,3.0930,3397000,10462127
2026-01-26,3.0800,3.1300,3.0410,3.0480,3174800,9758410
2026-01-27,3.0290,3.1460,3.0110,3.1250,3559439,10948138
2026-01-28,3.1400,3.1670,3.1020,3.1300,4381142,13735715
2026-01-29,3.1090,3.1400,3.0400,3.0500,6015076,18585461
2026-01-30,3.0200,3.1410,2.9750,3.0980,9899300,30362915
2026-02-02,3.0700,3.1010,2.9570,2.9590,6531712,19775262
2026-02-03,3.0090,3.0390,2.9340,3.0140,4812733,14460774
2026-02-04,2.9850,2.9850,2.9010,2.9450,4399873,12901194
2026-02-05,2.8860,2.9230,2.8690,2.9020,4353026,12593766
2026-02-06,2.8700,2.9230,2.8370,2.8740,3696700,10656973
2026-02-09,2.9230,2.9890,2.9230,2.9860,2862900,8500009
2026-02-10,2.9890,3.0340,2.9690,3.0090,4338200,13066849
2026-02-11,3.0140,3.0150,2.9640,2.9720,2897300,8627704
2026-02-12,2.9700,3.0220,2.9700,3.0200,2383589,7147468
2026-02-13,2.9860,3.0350,2.9830,3.0060,2573473,7767433
2026-02-24,3.0400,3.0740,3.0050,3.0410,5111500,15559062
2026-02-25,3.0410,3.0700,3.0120,3.0640,4085300,12389098
2026-02-26,3.0770,3.1450,3.0500,3.1320,5819084,17987100
2026-02-27,3.0770,3.1030,3.0520,3.0970,9330900,28704353
2026-03-02,3.0390,3.1000,3.0300,3.0750,4588800,14107135
2026-03-03,3.0750,3.0970,2.9270,2.9330,3832000,11489230
2026-03-04,2.8880,2.9740,2.8880,2.9140,3377400,9900626
2026-03-05,2.9610,3.0230,2.9420,2.9670,3702100,11003361
2026-03-06,2.9370,2.9890,2.9300,2.9600,5817900,17253653
2026-03-09,2.8980,2.9130,2.8000,2.8990,2805600,7954138
2026-03-10,2.9400,3.0000,2.9400,2.9980,2289400,6817613
2026-03-11,2.9990,3.0420,2.9720,2.9800,3372762,10128658
2026-03-12,2.9700,3.0050,2.9080,2.9410,4972600,14738302
2026-03-13,2.9130,2.9530,2.8970,2.9150,4685523,13714240
2026-03-16,2.9140,2.9580,2.8600,2.9520,3171900,9199427
2026-03-17,2.9610,2.9700,2.8610,2.8710,2511300,7289932
2026-03-18,2.8800,2.9540,2.8800,2.9510,1489400,4353653
2026-03-19,2.9110,2.9290,2.8760,2.8910,2391527,6932123
2026-03-20,2.9150,2.9560,2.8810,2.8830,6242687,18236973
2026-03-23,2.8110,2.8390,2.7470,2.7500,5472400,15291955
2026-03-24,2.7750,2.7960,2.7010,2.7950,3311200,9087864
2026-03-25,2.8100,2.9080,2.8100,2.8820,4532700,13067517
2026-03-26,2.8830,2.8850,2.8110,2.8290,5231500,14903887
2026-03-27,2.7770,2.8500,2.7500,2.8260,2288400,6430924
2026-03-30,2.7730,2.8310,2.7690,2.8270,2241534,6282030
2026-03-31,2.7990,2.8280,2.7490,2.7490,3318100,9237321
2026-04-01,2.7760,2.8470,2.7760,2.8430,6262900,17693845
2026-04-02,2.8150,2.8340,2.7470,2.7660,4225800,11752941
2026-04-03,2.7740,2.8200,2.7740,2.7840,2936200,8202756
2026-04-07,2.7900,2.8280,2.7890,2.8130,4152100,11686376
2026-04-08,2.9100,3.0090,2.8880,3.0080,3135323,9278671
2026-04-09,2.9470,3.0390,2.9470,3.0160,5390900,16254300
2026-04-10,3.0160,3.1100,3.0160,3.0890,4911400,15148061
2026-04-13,3.0630,3.1260,3.0590,3.1060,4873900,15110728
2026-04-14,3.1360,3.2090,3.1360,3.1850,3272900,10397962
2026-04-15,3.2000,3.2220,3.1270,3.1480,4296700,13667002
2026-04-16,3.1480,3.2300,3.1440,3.2300,8385500,26918542
2026-04-17,3.2350,3.3070,3.2300,3.2960,3998600,13149801
2026-04-20,3.2970,3.3670,3.2970,3.3520,3163900,10573867
2026-04-21,3.3260,3.3420,3.2690,3.3330,5732100,18932708
2026-04-22,3.3320,3.4680,3.3130,3.4660,6318000,21539199
2026-04-23,3.4730,3.4970,3.3740,3.4240,6109200,20939493
2026-04-24,3.3820,3.4320,3.3380,3.3850,5922500,20027980
2026-04-27,3.4170,3.5010,3.4170,3.4850,4982900,17288029
2026-04-28,3.5100,3.5100,3.4120,3.4400,4057400,14017379
2026-04-29,3.4300,3.4600,3.3640,3.4580,3060700,10490929
2026-04-30,3.4890,3.5300,3.4430,3.5160,4010900,14004710
2026-05-06,3.5930,3.7270,3.5930,3.6490,4280400,15707083
2026-05-07,3.6610,3.7580,3.6400,3.7440,11613500,43271667
2026-05-08,3.7240,3.7340,3.6730,3.7100,5876100,21794000
2026-05-11,3.7730,3.8940,3.7650,3.8810,5147300,19789654
2026-05-12,3.9010,3.9320,3.8520,3.9120,3874200,15090270
2026-05-13,3.8200,4.0540,3.8200,4.0540,8714700,34598444
2026-05-14,4.1200,4.1500,3.9500,3.9590,5658300,22741860
2026-05-15,3.9570,4.0410,3.8300,3.8980,5837100,22911941
2026-05-18,3.8600,4.0070,3.8520,3.9480,5614200,22235138
2026-05-19,3.9860,4.0070,3.8100,4.0040,8571400,33595001
2026-05-20,4.0020,4.0800,3.9660,4.0710,8578300,34759901
2026-05-21,4.1200,4.1690,3.9110,3.9260,9201300,37527429
2026-05-22,3.9420,4.0890,3.9420,4.0850,6931000,27837387
2026-05-25,4.1260,4.2990,4.0840,4.2990,5738700,24041683
2026-05-26,4.3010,4.3010,4.1780,4.2740,8994100,38010623
2026-05-27,4.2760,4.3720,4.1890,4.2060,9074000,38898288
2026-05-28,4.2060,4.3340,4.1560,4.3090,12227600,51735595
2026-05-29,4.3130,4.3490,4.1400,4.1790,9692300,41056527
2026-06-01,4.1350,4.2050,3.9990,4.0110,10429700,42891976
2026-06-02,3.9890,4.1910,3.9830,4.1570,6807300,27757881
2026-06-03,4.1710,4.3880,4.1710,4.2780,9963500,42965153
2026-06-04,4.1930,4.3570,4.1930,4.3270,8437600,36310036
2026-06-05,4.2750,4.3260,4.1020,4.1400,8995900,37948658
2026-06-08,3.9000,4.0850,3.8940,3.9750,12340700,49427472
2026-06-09,4.0720,4.2070,4.0230,4.2030,12987700,53625277
2026-06-10,4.1020,4.2300,4.0600,4.1130,8820600,36537077
2026-06-11,4.0600,4.1690,4.0200,4.0990,7784100,31881845
2026-06-12,4.2350,4.2430,4.0570,4.0800,9277800,38565089
2026-06-15,4.1470,4.3400,4.0520,4.3350,6010900,25505388
2026-06-16,4.3500,4.4440,4.3360,4.4200,8868400,38915951
2026-06-17,4.3440,4.5990,4.3380,4.5990,9587600,43002727
2026-06-18,4.5660,4.7860,4.5550,4.7580,7714000,36322459
2026-06-22,4.7990,4.8910,4.6820,4.8490,10556400,50733034
2026-06-23,4.9000,4.9000,4.6370,4.7050,13738500,65584920
2026-06-24,4.6980,4.8660,4.6400,4.8620,11889700,57049354
2026-06-25,4.9130,5.0880,4.8910,5.0830,7741600,38652327
2026-06-26,5.0820,5.0820,4.8170,4.9110,14637300,72069178
2026-06-29,4.9020,5.0750,4.7480,4.9950,12456400,61296013
2026-06-30,4.9540,5.2180,4.9540,5.2110,9337100,47831548
2026-07-01,5.1840,5.2880,4.9750,5.0390,16563187,85459756
2026-07-02,4.8890,4.8890,4.6040,4.6470,10771700,51203383
2026-07-03,4.6100,4.7960,4.5170,4.6280,11277100,52720536
2026-07-06,4.6660,4.7200,4.4110,4.5530,10337800,47331002
2026-07-07,4.5000,4.6040,4.4500,4.5530,9877100,44977275
2026-07-08,4.5700,4.6800,4.4170,4.5440,11508400,52411542
2026-07-09,4.6000,4.8730,4.5170,4.8660,13816900,64453921
2026-07-10,4.8890,4.9860,4.6260,4.6330,10901100,52647846
2026-07-13,4.5300,4.6370,4.3290,4.3670,7549800,33913810
2026-07-14,4.3530,4.5400,4.2570,4.5300,8856800,39022250
2026-07-15,4.8000,4.8000,4.3510,4.3560,4684800,21027366
2026-07-16,4.1700,4.3810,4.1200,4.1720,7920400,33619068
2026-07-17,4.0700,4.1200,3.7770,3.8230,10506400,41452903
2026-07-20,3.9600,3.9680,3.6880,3.7210,11219800,42593624
2026-07-21,3.7770,4.0930,3.5340,4.0830,10790100,41573876
2026-07-22,4.0010,4.1580,3.9340,3.9570,11536600,46980438
2026-07-23,3.9730,4.0390,3.8460,3.8810,10391500,40654849
2026-07-24,3.7820,3.9260,3.7800,3.8370,6608000,25490529
2026-07-27,3.8150,3.9470,3.7280,3.9470,6408900,24708125
2026-07-28,3.7920,3.8790,3.6000,3.6200,7160300,26696880
2026-07-29,3.6100,3.6800,3.4470,3.6210,7364700,26213185
2026-07-30,3.5300,3.6000,3.2980,3.3690,6198400,21322892
2026-07-31,3.6960,3.7060,3.5120,3.5160,8059600,29238375
2026-08-03,3.4290,3.5060,3.3530,3.3640,6934000,23615602
2026-08-04,3.4100,3.6260,3.4100,3.6020,5657500,19996811
2026-08-05,3.5000,3.8210,3.5000,3.7650,10973300,40560715
2026-08-06,3.6530,3.8880,3.6510,3.8150,7562200,28549144
2026-08-07,3.8150,3.9730,3.8040,3.9400,9750600,38108510
2026-08-10,3.9460,3.9590,3.8010,3.8990,9217600,35658514
2026-08-11,3.8390,3.9650,3.8240,3.8760,4096400,15967295
2026-08-12,3.8700,3.9880,3.8550,3.9570,4234800,16667806
2026-08-13,4.0160,4.0770,3.9120,3.9180,4406700,17700515
2026-08-14,3.9600,3.9860,3.9000,3.9850,5398800,21335264
2026-08-17,3.9900,4.1500,3.9770,4.1470,6689200,27158759
2026-08-18,4.1530,4.1650,4.0400,4.1150,4929900,20268863
2026-08-19,3.9600,4.0400,3.7640,3.7970,7257400,28193829
2026-08-20,3.8340,3.8880,3.7690,3.8130,6616500,25351632
2026-08-21,3.7910,3.8990,3.7780,3.8690,4765631,18324375
2026-08-24,3.9440,3.9440,3.6270,3.7170,8850500,32864781
2026-08-25,3.6230,3.7670,3.6040,3.7230,9052300,33308680
2026-08-26,3.7250,3.7780,3.6610,3.7470,4172100,15537124
2026-08-27,3.7860,3.9100,3.7720,3.9020,5392700,20766421
2026-08-28,3.8950,3.9800,3.8380,3.8390,5015900,19586907
2026-08-31,3.7200,3.9040,3.7200,3.9040,5084400,19436306
2026-09-01,3.9010,3.9010,3.7840,3.8080,5413200,20738900
2026-09-02,3.7250,3.8080,3.7090,3.7450,10570569,39641235
2026-09-03,3.7820,3.8000,3.6870,3.7310,2955600,11062581
2026-09-04,3.7840,3.8130,3.6240,3.6540,3591400,13298081
2026-09-07,3.7540,3.8330,3.6920,3.8180,6865200,25945993
2026-09-08,3.8090,3.8690,3.7500,3.7700,4548700,17327421
2026-09-09,3.7940,3.8510,3.7620,3.7910,5958300,22681984
2026-09-10,3.7340,3.8160,3.7340,3.7680,2676400,10097136
2026-09-11,3.7040,3.7680,3.6430,3.7510,4005700,14871902
2026-09-14,3.6600,3.7400,3.6350,3.6850,5152100,19029209
2026-09-15,3.6650,3.7660,3.6540,3.7100,6193800,22993587
2026-09-16,3.7170,3.8700,3.6990,3.8500,5365200,20424813
2026-09-17,3.8290,3.8950,3.8110,3.8230,5703200,21951257
2026-09-18,3.9030,3.9780,3.8520,3.9410,6080100,23757858
2026-09-21,3.9850,4.0100,3.9250,3.9690,4740900,18788442
2026-09-22,4.0400,4.0780,3.9500,3.9710,6465100,25910080
