date,open,high,low,close,volume,amount
2016-11-04,1.0020,1.0070,0.9980,1.0000,223992300,224852466
2016-11-07,0.9990,1.0030,0.9960,0.9980,23446900,23440744
2016-11-08,0.9980,1.0070,0.9980,1.0050,51134300,51338297
2016-11-09,1.0040,1.0060,0.9800,0.9980,12873300,12875264
2016-11-10,1.0030,1.0130,1.0030,1.0120,42887000,43268676
2016-11-11,1.0110,1.0150,1.0080,1.0150,13844000,14015826
2016-11-14,1.0110,1.0200,1.0110,1.0160,15377100,15637447
2016-11-15,1.0150,1.0240,1.0150,1.0240,17839400,18184134
2016-11-16,1.0170,1.0300,1.0170,1.0230,12579600,12907083
2016-11-17,1.0190,1.0230,1.0150,1.0200,6255700,6368497
2016-11-18,1.0200,1.0240,1.0150,1.0170,6626000,6754495
2016-11-21,1.0150,1.0220,1.0150,1.0200,8662200,8820110
2016-11-22,1.0190,1.0280,1.0190,1.0280,9130900,9342661
2016-11-23,1.0270,1.0290,1.0210,1.0230,7771900,7970302
2016-11-24,1.0200,1.0200,1.0120,1.0140,5026400,5115925
2016-11-25,1.0130,1.0140,0.9840,1.0130,5173500,5216981
2016-11-28,1.0100,1.0180,1.0100,1.0150,3339800,3393261
2016-11-29,1.0150,1.0150,1.0080,1.0080,4015400,4060796
2016-11-30,1.0070,1.0070,1.0000,1.0030,2118900,2125217
2016-12-01,1.0030,1.0050,1.0000,1.0040,1469900,1473037
2016-12-02,1.0040,1.0040,0.9960,0.9970,2761000,2758825
2016-12-05,0.9890,0.9990,0.9860,0.9910,2176700,2151978
2016-12-06,0.9820,0.9910,0.9810,0.9840,3143000,3095223
2016-12-07,0.9870,0.9950,0.9830,0.9950,1574500,1556866
2016-12-08,0.9940,0.9940,0.9860,0.9860,2363800,2345324
2016-12-09,0.9880,0.9900,0.9830,0.9850,1303000,1285443
2016-12-12,0.9850,0.9850,0.9200,0.9250,4106800,3892287
2016-12-13,0.9290,0.9500,0.9100,0.9290,2482200,2293228
2016-12-14,0.9220,0.9400,0.9220,0.9230,533100,494799
2016-12-15,0.9230,0.9400,0.9170,0.9350,1424100,1328618
2016-12-16,0.9320,0.9480,0.9260,0.9480,1184700,1113291
2016-12-19,0.9400,0.9440,0.9330,0.9350,1114700,1046481
2016-12-20,0.9330,0.9700,0.9330,0.9430,833700,789311
2016-12-21,0.9380,0.9490,0.9370,0.9490,880700,831646
2016-12-22,0.9490,0.9520,0.9350,0.9480,592300,560779
2016-12-23,0.9530,0.9530,0.9390,0.9400,588700,554180
2016-12-26,0.9320,0.9450,0.9260,0.9440,805200,751629
2016-12-27,0.9440,0.9450,0.9330,0.9430,861600,811894
2016-12-28,0.9400,0.9430,0.9360,0.9390,632100,594131
2016-12-29,0.9340,0.9430,0.9340,0.9350,183800,172386
2016-12-30,0.9350,0.9440,0.9320,0.9380,302900,283448
2017-01-03,0.9380,0.9450,0.9380,0.9440,1206800,1137820
2017-01-04,0.9410,0.9600,0.9410,0.9570,2047300,1946627
2017-01-05,0.9520,0.9640,0.9520,0.9540,1654200,1590980
2017-01-06,0.9540,0.9590,0.9480,0.9550,1729700,1650287
2017-01-09,0.9460,0.9600,0.9460,0.9590,797900,760892
2017-01-10,0.9600,0.9700,0.9550,0.9550,818000,784523
2017-01-11,0.9510,0.9610,0.9410,0.9500,416800,395290
2017-01-12,0.9400,0.9480,0.9400,0.9440,304200,286684
2017-01-13,0.9440,0.9500,0.9300,0.9350,492200,461907
2017-01-16,0.9410,0.9410,0.9000,0.9090,1193800,1097504
2017-01-17,0.9090,0.9190,0.9070,0.9150,636700,581616
2017-01-18,0.9150,0.9180,0.9050,0.9140,579000,526995
2017-01-19,0.9140,0.9140,0.8820,0.9050,1475800,1319669
2017-01-20,0.8960,0.9060,0.8920,0.9020,4195300,3768716
2017-01-23,0.9050,0.9160,0.9020,0.9120,3097700,2827492
2017-01-24,0.9090,0.9150,0.9050,0.9060,1372900,1244830
2017-01-25,0.9040,0.9120,0.9040,0.9090,1219700,1107917
2017-01-26,0.9110,0.9170,0.9110,0.9170,856400,783697
2017-02-03,0.9180,0.9190,0.9100,0.9150,267800,244504
2017-02-06,0.9130,0.9250,0.9130,0.9250,2818300,2598405
2017-02-07,0.9220,0.9270,0.9200,0.9270,263410,243331
2017-02-08,0.9270,0.9330,0.9190,0.9310,862700,796979
2017-02-09,0.9310,0.9410,0.9310,0.9400,724400,680215
2017-02-10,0.9390,0.9410,0.9370,0.9390,938300,880670
2017-02-13,0.9370,0.9490,0.9370,0.9430,2707900,2558283
2017-02-14,0.9430,0.9450,0.9400,0.9420,527900,497414
2017-02-15,0.9430,0.9430,0.9320,0.9360,1601600,1505025
2017-02-16,0.9370,0.9420,0.9350,0.9410,758700,712422
2017-02-17,0.9420,0.9420,0.9310,0.9350,495100,463402
2017-02-20,0.9360,0.9430,0.9320,0.9430,2941410,2761143
2017-02-21,0.9410,0.9530,0.9410,0.9530,5852000,5539069
2017-02-22,0.9520,0.9560,0.9490,0.9530,3555800,3389480
2017-02-23,0.9550,0.9550,0.9470,0.9550,2029700,1934158
2017-02-24,0.9550,0.9600,0.9520,0.9590,2175600,2080033
2017-02-27,0.9550,0.9600,0.9510,0.9520,3023800,2888700
2017-02-28,0.9520,0.9540,0.9490,0.9530,1273500,1210684
2017-03-01,0.9520,0.9590,0.9520,0.9560,9823800,9401571
2017-03-02,0.9570,0.9600,0.9500,0.9500,1628700,1555905
2017-03-03,0.9500,0.9560,0.9450,0.9560,2234400,2129459
2017-03-06,0.9750,0.9770,0.9560,0.9670,572300,553355
2017-03-07,0.9670,0.9690,0.9630,0.9680,1199800,1159566
2017-03-08,0.9650,0.9680,0.9620,0.9640,2547800,2459238
2017-03-09,0.9620,0.9620,0.9550,0.9580,696400,668127
2017-03-10,0.9600,0.9620,0.9570,0.9590,481600,461546
2017-03-13,0.9410,0.9700,0.9410,0.9700,8382200,8023253
2017-03-14,0.9700,0.9700,0.9620,0.9640,1481800,1434080
2017-03-15,0.9610,0.9640,0.9600,0.9630,1157600,1114725
2017-03-16,0.9640,0.9760,0.9640,0.9750,5135900,4987762
2017-03-17,0.9750,0.9800,0.9660,0.9670,1788300,1746035
2017-03-20,0.9670,0.9710,0.9650,0.9700,933500,903614
2017-03-21,0.9710,0.9730,0.9690,0.9730,3653500,3550935
2017-03-22,0.9730,0.9730,0.9630,0.9680,944500,914828
2017-03-23,0.9680,0.9710,0.9580,0.9670,1910600,1847372
2017-03-24,0.9670,0.9700,0.9640,0.9700,1279800,1237632
2017-03-27,0.9690,0.9720,0.9650,0.9680,3844900,3724004
2017-03-28,0.9670,0.9700,0.9650,0.9660,1767600,1710443
2017-03-29,0.9640,0.9660,0.9570,0.9570,1692600,1631302
2017-03-30,0.9560,0.9560,0.9370,0.9390,1615900,1525335
2017-03-31,0.9400,0.9600,0.9370,0.9410,3269600,3083408
2017-04-05,0.9410,0.9640,0.9410,0.9640,2120900,2033053
2017-04-06,0.9620,0.9670,0.9600,0.9650,1099500,1060480
2017-04-07,0.9640,0.9670,0.9640,0.9650,1470900,1419676
2017-04-10,0.9620,0.9630,0.9540,0.9550,982300,939665
2017-04-11,0.9550,0.9630,0.9480,0.9620,3516500,3358710
2017-04-12,0.9560,0.9630,0.9560,0.9560,3404200,3269137
2017-04-13,0.9540,0.9620,0.9540,0.9590,304100,291881
2017-04-14,0.9590,0.9590,0.9470,0.9480,1627300,1551205
2017-04-17,0.9440,0.9440,0.9280,0.9310,934100,872252
2017-04-18,0.9300,0.9360,0.9240,0.9250,943900,876497
2017-04-19,0.9250,0.9250,0.9010,0.9130,1636200,1487164
2017-04-20,0.9170,0.9170,0.9030,0.9070,1303000,1188223
2017-04-21,0.9100,0.9130,0.9050,0.9070,773400,702046
2017-04-24,0.9070,0.9070,0.8810,0.9000,1041400,925675
2017-04-25,0.8890,0.9010,0.8790,0.8810,1739600,1535388
2017-04-26,0.8810,0.8840,0.8790,0.8830,696300,614683
2017-04-27,0.8820,0.8880,0.8650,0.8860,1872200,1631079
2017-04-28,0.8860,0.8920,0.8850,0.8920,715100,635972
2017-05-02,0.8900,0.8920,0.8880,0.8920,393200,350145
2017-05-03,0.8920,0.8920,0.8850,0.8910,1368700,1217588
2017-05-04,0.8840,0.8950,0.8840,0.8880,299600,266276
2017-05-05,0.8840,0.8860,0.8770,0.8770,384500,339057
2017-05-08,0.8740,0.8750,0.8600,0.8600,718700,622845
2017-05-09,0.8610,0.8650,0.8520,0.8640,746700,639985
2017-05-10,0.8650,0.8680,0.8490,0.8490,619900,531903
2017-05-11,0.8590,0.8590,0.8200,0.8400,1357000,1129902
2017-05-12,0.8410,0.8430,0.8330,0.8400,525700,441053
2017-05-15,0.8430,0.8460,0.8410,0.8410,143000,120652
2017-05-16,0.8410,0.8610,0.8350,0.8600,589400,501897
2017-05-17,0.8610,0.8670,0.8610,0.8620,925600,798825
2017-05-18,0.8440,0.8640,0.8440,0.8570,628600,539199
2017-05-19,0.8590,0.8590,0.8510,0.8550,306500,262424
2017-05-22,0.8530,0.8580,0.8390,0.8410,495700,419715
2017-05-23,0.8420,0.8420,0.8130,0.8150,2666200,2183178
2017-05-24,0.8130,0.8200,0.7980,0.8190,1221700,989546
2017-05-25,0.8180,0.8280,0.8100,0.8250,459400,376933
2017-05-26,0.8260,0.8450,0.8250,0.8280,807000,670721
2017-05-31,0.8290,0.8370,0.8290,0.8300,580100,482436
2017-06-01,0.8230,0.8230,0.8010,0.8010,546600,442520
2017-06-02,0.8010,0.8150,0.7940,0.8120,1281900,1023963
2017-06-05,0.8130,0.8210,0.8130,0.8180,1666400,1361772
2017-06-06,0.8170,0.8230,0.8170,0.8210,1051800,860753
2017-06-07,0.8210,0.8410,0.8210,0.8410,2770200,2315760
2017-06-08,0.8410,0.8500,0.8380,0.8390,2962900,2497027
2017-06-09,0.8390,0.8410,0.8330,0.8410,883200,739771
2017-06-12,0.8410,0.8410,0.8260,0.8270,3048300,2537482
2017-06-13,0.8270,0.8410,0.8270,0.8410,1106400,922897
2017-06-14,0.8400,0.8430,0.8390,0.8400,872900,733865
2017-06-15,0.8380,0.8550,0.8380,0.8540,3279300,2788484
2017-06-16,0.8520,0.8550,0.8500,0.8540,798000,680444
2017-06-19,0.8540,0.8580,0.8510,0.8580,1000600,855552
2017-06-20,0.8590,0.8640,0.8410,0.8560,3679400,3156309
2017-06-21,0.8560,0.8600,0.8520,0.8570,539600,461431
2017-06-22,0.8570,0.8570,0.8420,0.8420,290900,248063
2017-06-23,0.8400,0.8450,0.8320,0.8450,547400,460310
2017-06-26,0.8440,0.8550,0.8410,0.8550,593600,503263
2017-06-27,0.8550,0.8580,0.8500,0.8530,727200,620670
2017-06-28,0.8530,0.8530,0.8470,0.8490,477100,405787
2017-06-29,0.8530,0.8570,0.8500,0.8520,458800,391444
2017-06-30,0.8510,0.8550,0.8500,0.8550,366700,312381
2017-07-03,0.8550,0.8630,0.8520,0.8630,879000,754815
2017-07-04,0.8610,0.8630,0.8580,0.8590,606900,521735
2017-07-05,0.8610,0.8670,0.8590,0.8670,940400,810259
2017-07-06,0.8660,0.8730,0.8620,0.8710,556300,483460
2017-07-07,0.8670,0.8720,0.8670,0.8710,117200,102006
2017-07-10,0.8720,0.8720,0.8650,0.8660,547800,475608
2017-07-11,0.8680,0.8680,0.8550,0.8550,432900,372410
2017-07-12,0.8570,0.8590,0.8410,0.8540,960600,814220
2017-07-13,0.8530,0.8570,0.8530,0.8540,138000,117938
2017-07-14,0.8540,0.8540,0.8500,0.8520,55700,47468
2017-07-17,0.8470,0.8470,0.8040,0.8050,1306500,1065112
2017-07-18,0.8050,0.8150,0.8030,0.8150,10072800,8151923
2017-07-19,0.8130,0.8250,0.8120,0.8250,679900,556263
2017-07-20,0.8150,0.8350,0.8150,0.8290,876800,728083
2017-07-21,0.8280,0.8330,0.8280,0.8290,265700,220422
2017-07-24,0.8280,0.8360,0.8280,0.8350,365300,304450
2017-07-25,0.8350,0.8350,0.8310,0.8350,306700,255292
2017-07-26,0.8330,0.8350,0.8320,0.8340,744600,620599
2017-07-27,0.8340,0.8480,0.8320,0.8480,1043200,875860
2017-07-28,0.8460,0.8500,0.8450,0.8490,1004600,849321
2017-07-31,0.8460,0.8550,0.8460,0.8550,855300,728357
2017-08-01,0.8550,0.8570,0.8520,0.8550,2046400,1749040
2017-08-02,0.8550,0.8550,0.8470,0.8490,401000,341332
2017-08-03,0.8490,0.8560,0.8470,0.8520,1270900,1080609
2017-08-04,0.8510,0.8560,0.8480,0.8480,1403400,1195809
2017-08-07,0.8480,0.8560,0.8480,0.8560,328100,279458
2017-08-08,0.8560,0.8600,0.8530,0.8590,670200,573684
2017-08-09,0.8560,0.8620,0.8560,0.8610,933800,801027
2017-08-10,0.8610,0.8620,0.8500,0.8550,440800,376588
2017-08-11,0.8530,0.8530,0.8400,0.8410,913300,774908
2017-08-14,0.8410,0.8700,0.8410,0.8700,7889800,6725925
2017-08-15,0.8620,0.8640,0.8580,0.8640,3372200,2906629
2017-08-16,0.8630,0.8700,0.8600,0.8690,1196000,1034260
2017-08-17,0.8690,0.8770,0.8690,0.8760,437400,381731
2017-08-18,0.8690,0.8750,0.8690,0.8710,265500,231358
2017-08-21,0.8690,0.8780,0.8690,0.8780,2184200,1908601
2017-08-22,0.8750,0.8760,0.8710,0.8720,196500,171718
2017-08-23,0.8720,0.8740,0.8630,0.8670,4762100,4133315
2017-08-24,0.8670,0.8680,0.8590,0.8620,2515000,2172387
2017-08-25,0.8610,0.8710,0.8610,0.8710,801800,692655
2017-08-28,0.8720,0.8830,0.8720,0.8770,2282000,2002120
2017-08-29,0.8780,0.8800,0.8750,0.8770,2991300,2623635
2017-08-30,0.8760,0.8810,0.8760,0.8810,733800,644918
2017-08-31,0.8810,0.8840,0.8810,0.8840,1286900,1135980
2017-09-01,0.8840,0.8920,0.8830,0.8920,1744600,1546237
2017-09-04,0.8930,0.8990,0.8910,0.8980,1682000,1506733
2017-09-05,0.8980,0.8980,0.8910,0.8950,523900,468619
2017-09-06,0.8950,0.9030,0.8940,0.9030,3412288,3060840
2017-09-07,0.9030,0.9080,0.8990,0.8990,931300,840713
2017-09-08,0.8980,0.9040,0.8950,0.9010,875000,787886
2017-09-11,0.9010,0.9380,0.9000,0.9120,2091900,1894599
2017-09-12,0.9110,0.9150,0.9000,0.9100,6708300,6096633
2017-09-13,0.9100,0.9130,0.9050,0.9120,484000,439940
2017-09-14,0.9120,0.9160,0.9070,0.9080,998700,909117
2017-09-15,0.9080,0.9140,0.9030,0.9070,5456400,4953012
2017-09-18,0.9070,0.9150,0.9060,0.9140,4321400,3923593
2017-09-19,0.9150,0.9170,0.9080,0.9110,307300,280074
2017-09-20,0.9110,0.9180,0.9090,0.9180,1874200,1711162
2017-09-21,0.9180,0.9180,0.9070,0.9070,142600,130371
2017-09-22,0.9060,0.9070,0.8990,0.9050,959500,866097
2017-09-25,0.9050,0.9050,0.8900,0.8910,368100,328606
2017-09-26,0.8910,0.8940,0.8880,0.8920,1055400,940327
2017-09-27,0.8950,0.9010,0.8950,0.9000,417000,374730
2017-09-28,0.9000,0.9000,0.8950,0.8950,1573600,1414862
2017-09-29,0.8980,0.9050,0.8980,0.9040,2150200,1938689
2017-10-09,0.9040,0.9160,0.9040,0.9160,2068600,1889062
2017-10-10,0.9170,0.9240,0.9140,0.9240,2141700,1970736
2017-10-11,0.9220,0.9220,0.9190,0.9200,1597300,1469892
2017-10-12,0.9180,0.9180,0.9110,0.9170,308500,282171
2017-10-13,0.9170,0.9210,0.9140,0.9200,158900,145977
2017-10-16,0.9200,0.9200,0.9020,0.9020,559700,508899
2017-10-17,0.9020,0.9070,0.8980,0.9020,438400,395515
2017-10-18,0.9020,0.9050,0.8940,0.8940,2119700,1910293
2017-10-19,0.8950,0.8950,0.8820,0.8870,622700,551993
2017-10-20,0.8860,0.8960,0.8850,0.8950,1065300,950181
2017-10-23,0.8960,0.9000,0.8960,0.9000,1186500,1065642
2017-10-24,0.9030,0.9030,0.8880,0.8940,116300,103844
2017-10-25,0.8930,0.9000,0.8920,0.8990,195000,174621
2017-10-26,0.8970,0.9050,0.8970,0.9050,610900,550355
2017-10-27,0.9030,0.9040,0.8990,0.8990,331800,299554
2017-10-30,0.8990,0.8990,0.8710,0.8770,471500,414823
2017-10-31,0.8780,0.8820,0.8760,0.8820,216500,190205
2017-11-01,0.8830,0.8860,0.8830,0.8830,162500,143666
2017-11-02,0.8830,0.8830,0.8740,0.8750,431600,378117
2017-11-03,0.8750,0.8760,0.8640,0.8670,1091500,946430
2017-11-06,0.8670,0.8740,0.8640,0.8740,525500,456304
2017-11-07,0.8720,0.8790,0.8720,0.8790,808700,707632
2017-11-08,0.8790,0.8860,0.8780,0.8820,615100,543575
2017-11-09,0.8820,0.8860,0.8820,0.8860,246100,217642
2017-11-10,0.8860,0.8920,0.8850,0.8900,3596100,3191096
2017-11-13,0.8910,0.8920,0.8880,0.8910,669300,595066
2017-11-14,0.8890,0.8920,0.8830,0.8840,1610200,1426042
2017-11-15,0.8870,0.8870,0.8760,0.8780,197800,173933
2017-11-16,0.8750,0.8800,0.8750,0.8760,259400,227660
2017-11-17,0.8740,0.8740,0.8190,0.8220,4929300,4156102
2017-11-20,0.8440,0.8520,0.8260,0.8490,5650700,4750950
2017-11-21,0.8500,0.8520,0.8430,0.8480,724700,614100
2017-11-22,0.8460,0.8530,0.8400,0.8480,1296400,1100804
2017-11-23,0.8460,0.8460,0.8290,0.8300,582000,487173
2017-11-24,0.8340,0.8350,0.8260,0.8320,427400,354987
2017-11-27,0.8320,0.8330,0.8220,0.8220,770900,639373
2017-11-28,0.8220,0.8370,0.8220,0.8360,1829000,1517213
2017-11-29,0.8370,0.8380,0.8290,0.8370,1624300,1353217
2017-11-30,0.8350,0.8380,0.8310,0.8340,992000,828799
2017-12-01,0.8330,0.8420,0.8320,0.8400,764100,640964
2017-12-04,0.8410,0.8410,0.8300,0.8300,1546900,1297650
2017-12-05,0.8310,0.8320,0.8060,0.8110,3258500,2665063
2017-12-06,0.8180,0.8200,0.8040,0.8190,1667400,1351103
2017-12-07,0.8170,0.8230,0.8140,0.8180,1256800,1029584
2017-12-08,0.8190,0.8280,0.8180,0.8210,4369500,3595016
2017-12-11,0.8250,0.8330,0.8250,0.8320,1307100,1083874
2017-12-12,0.8290,0.8330,0.8220,0.8220,4997800,4125041
2017-12-13,0.8240,0.8320,0.8220,0.8300,4100300,3384333
2017-12-14,0.8300,0.8320,0.8280,0.8320,2367400,1964794
2017-12-15,0.8290,0.8320,0.8260,0.8300,3779500,3133444
2017-12-18,0.8310,0.8310,0.8220,0.8240,1534900,1265570
2017-12-19,0.8250,0.8300,0.8240,0.8290,1564900,1295817
2017-12-20,0.8290,0.8290,0.8200,0.8210,1230600,1013717
2017-12-21,0.8210,0.8240,0.8120,0.8210,1042800,851762
2017-12-22,0.8190,0.8250,0.8190,0.8200,571500,469835
2017-12-25,0.8210,0.8220,0.8100,0.8100,2680500,2183306
2017-12-26,0.8130,0.8200,0.8070,0.8170,4414800,3601356
2017-12-27,0.8170,0.8180,0.8120,0.8150,1481300,1209683
2017-12-28,0.8160,0.8190,0.8110,0.8140,801300,654373
2017-12-29,0.8170,0.8240,0.8150,0.8220,700200,573237
2018-01-02,0.8240,0.8310,0.8230,0.8310,1642700,1360313
2018-01-03,0.8310,0.8380,0.8310,0.8380,3486600,2912102
2018-01-04,0.8390,0.8390,0.8330,0.8380,915700,766195
2018-01-05,0.8360,0.8410,0.8360,0.8390,4048300,3393846
2018-01-08,0.8390,0.8410,0.8350,0.8400,1268300,1062619
2018-01-09,0.8410,0.8420,0.8370,0.8390,810200,679758
2018-01-10,0.8400,0.8410,0.8300,0.8350,966800,807544
2018-01-11,0.8340,0.8410,0.8310,0.8400,1408700,1178008
2018-01-12,0.8410,0.8410,0.8350,0.8360,402100,336695
2018-01-15,0.8310,0.8310,0.8110,0.8130,3548700,2899866
2018-01-16,0.8160,0.8160,0.8110,0.8150,1873000,1523499
2018-01-17,0.8170,0.8170,0.8020,0.8140,3951600,3190629
2018-01-18,0.8110,0.8170,0.8110,0.8140,1740700,1417746
2018-01-19,0.8140,0.8190,0.8110,0.8110,4170500,3397299
2018-01-22,0.8110,0.8270,0.8080,0.8230,10122500,8276790
2018-01-23,0.8280,0.8280,0.8210,0.8220,1602400,1318683
2018-01-24,0.8230,0.8320,0.8180,0.8320,2634700,2172814
2018-01-25,0.8300,0.8360,0.8290,0.8300,2296500,1914356
2018-01-26,0.8300,0.8320,0.8280,0.8280,1485000,1232070
2018-01-29,0.8300,0.8310,0.8170,0.8190,1245800,1023406
2018-01-30,0.8170,0.8190,0.8150,0.8170,5111100,4178869
2018-01-31,0.8120,0.8150,0.7970,0.7970,4222100,3394126
2018-02-01,0.8010,0.8020,0.7660,0.7660,6753200,5272459
2018-02-02,0.7700,0.7700,0.7420,0.7610,2358900,1782998
2018-02-05,0.7600,0.7620,0.7500,0.7590,1336300,1013213
2018-02-06,0.7500,0.7510,0.7220,0.7230,3332700,2462642
2018-02-07,0.7270,0.7420,0.7110,0.7230,3188900,2322756
2018-02-08,0.7240,0.7350,0.7230,0.7330,2166800,1586249
2018-02-09,0.7250,0.7250,0.7010,0.7100,3005600,2144651
2018-02-12,0.7140,0.7320,0.7140,0.7310,2103700,1529967
2018-02-13,0.7320,0.7380,0.7310,0.7330,1555000,1142752
2018-02-14,0.7330,0.7350,0.7270,0.7350,1074800,785277
2018-02-22,0.7400,0.7470,0.7370,0.7460,1220400,908660
2018-02-23,0.7460,0.7490,0.7420,0.7470,1101800,822338
2018-02-26,0.7500,0.7650,0.7500,0.7650,1735700,1313140
2018-02-27,0.7660,0.7720,0.7640,0.7700,4633600,3564938
2018-02-28,0.7700,0.7740,0.7610,0.7710,1115200,859227
2018-03-01,0.7710,0.7820,0.7680,0.7820,1892200,1468803
2018-03-02,0.7790,0.7840,0.7710,0.7790,1660400,1293198
2018-03-05,0.7790,0.7830,0.7780,0.7830,803100,627890
2018-03-06,0.7830,0.7930,0.7830,0.7910,3205800,2530327
2018-03-07,0.7910,0.7920,0.7850,0.7850,1052000,829831
2018-03-08,0.7840,0.7900,0.7840,0.7900,791700,624205
2018-03-09,0.7910,0.8060,0.7910,0.8050,5707300,4583810
2018-03-12,0.8050,0.8160,0.8050,0.8150,2873500,2333670
2018-03-13,0.8170,0.8180,0.8100,0.8110,1619200,1317430
2018-03-14,0.8100,0.8120,0.8000,0.8010,2245900,1806973
2018-03-15,0.8000,0.8030,0.7910,0.8000,1698400,1356189
2018-03-16,0.8010,0.8060,0.8000,0.8010,680100,546121
2018-03-19,0.8010,0.8060,0.7960,0.8010,776000,620738
2018-03-20,0.8000,0.8010,0.7920,0.8000,779200,619180
2018-03-21,0.8020,0.8080,0.7960,0.7960,1245600,999881
2018-03-22,0.7970,0.7990,0.7900,0.7940,817300,649301
2018-03-23,0.7880,0.7880,0.7430,0.7540,5895800,4458787
2018-03-26,0.7550,0.7660,0.7340,0.7640,3149000,2370425
2018-03-27,0.7660,0.7880,0.7660,0.7870,2427500,1896073
2018-03-28,0.7820,0.7850,0.7770,0.7810,1196000,935250
2018-03-29,0.7820,0.7870,0.7800,0.7870,741200,580734
2018-03-30,0.7870,0.8000,0.7870,0.7990,1512000,1201822
2018-04-02,0.7990,0.8090,0.7970,0.8030,1475800,1186628
2018-04-03,0.7990,0.7990,0.7890,0.7940,1548300,1226110
2018-04-04,0.7960,0.7990,0.7870,0.7890,609600,483830
2018-04-09,0.7890,0.7930,0.7790,0.7890,997300,784442
2018-04-10,0.7900,0.7910,0.7800,0.7900,441900,347281
2018-04-11,0.7900,0.7980,0.7900,0.7960,882100,701469
2018-04-12,0.7940,0.7970,0.7900,0.7920,907900,721328
2018-04-13,0.7900,0.7960,0.7890,0.7900,566700,449464
2018-04-16,0.7890,0.7940,0.7840,0.7900,626700,493775
2018-04-17,0.7900,0.7920,0.7710,0.7730,706300,552388
2018-04-18,0.7730,0.7860,0.7630,0.7840,2634800,2047419
2018-04-19,0.7840,0.7920,0.7820,0.7860,1310300,1029611
2018-04-20,0.7850,0.7860,0.7700,0.7710,1533700,1194156
2018-04-23,0.7720,0.7830,0.7510,0.7620,1335100,1014234
2018-04-24,0.7630,0.7790,0.7610,0.7780,403400,309921
2018-04-25,0.7780,0.7820,0.7750,0.7800,464900,362306
2018-04-26,0.7800,0.7800,0.7660,0.7680,307900,238079
2018-04-27,0.7690,0.7720,0.7630,0.7660,746600,572439
2018-05-02,0.7670,0.7770,0.7600,0.7650,319600,244361
2018-05-03,0.7650,0.7710,0.7540,0.7710,219600,166953
2018-05-04,0.7710,0.7730,0.7680,0.7710,461700,356099
2018-05-07,0.7720,0.7830,0.7710,0.7830,848400,661030
2018-05-08,0.7830,0.7870,0.7820,0.7860,610171,478339
2018-05-09,0.7860,0.7870,0.7840,0.7850,377071,295921
2018-05-10,0.7870,0.7900,0.7860,0.7900,2561300,2020300
2018-05-11,0.7910,0.7910,0.7830,0.7840,1297700,1019898
2018-05-14,0.7850,0.7870,0.7770,0.7770,1299100,1013145
2018-05-15,0.7800,0.7860,0.7760,0.7850,588400,459140
2018-05-16,0.7840,0.7880,0.7800,0.7810,779100,610151
2018-05-17,0.7820,0.7840,0.7770,0.7780,472700,367855
2018-05-18,0.7770,0.7810,0.7730,0.7810,2649300,2058199
2018-05-21,0.7820,0.7910,0.7820,0.7880,4990600,3920914
2018-05-22,0.7880,0.7920,0.7860,0.7920,1221400,962586
2018-05-23,0.7920,0.7920,0.7850,0.7850,1147900,903328
2018-05-24,0.7820,0.7860,0.7810,0.7820,813900,637086
2018-05-25,0.7800,0.7820,0.7720,0.7720,629700,488605
2018-05-28,0.7730,0.7740,0.7640,0.7660,605100,464792
2018-05-29,0.7650,0.7710,0.7610,0.7610,577500,441864
2018-05-30,0.7560,0.7600,0.7370,0.7380,1184200,882110
2018-05-31,0.7390,0.7480,0.7380,0.7480,856900,635320
2018-06-01,0.7480,0.7490,0.7360,0.7400,6929400,5167240
2018-06-04,0.7410,0.7440,0.7350,0.7410,626000,462624
2018-06-05,0.7420,0.7490,0.7370,0.7480,567400,422475
2018-06-06,0.7480,0.7490,0.7440,0.7460,501400,374701
2018-06-07,0.7500,0.7500,0.7430,0.7440,462100,345667
2018-06-08,0.7420,0.7420,0.7310,0.7350,724800,531721
2018-06-11,0.7360,0.7420,0.7280,0.7310,649400,474349
2018-06-12,0.7290,0.7360,0.7230,0.7340,464000,337913
2018-06-13,0.7320,0.7330,0.7230,0.7240,517100,375599
2018-06-14,0.7240,0.7260,0.7180,0.7200,905600,652438
2018-06-15,0.7200,0.7210,0.7010,0.7050,3439300,2435146
2018-06-19,0.7010,0.7010,0.6450,0.6540,7646500,5080289
2018-06-20,0.6540,0.6670,0.6490,0.6640,934700,613181
2018-06-21,0.6600,0.6680,0.6480,0.6490,1487700,976777
2018-06-22,0.6480,0.6600,0.6390,0.6580,1066000,694186
2018-06-25,0.6590,0.6650,0.6540,0.6550,901600,595521
2018-06-26,0.6510,0.6620,0.6430,0.6600,1806800,1182192
2018-06-27,0.6610,0.6640,0.6540,0.6550,1731000,1142466
2018-06-28,0.6550,0.6590,0.6460,0.6480,2415100,1578956
2018-06-29,0.6480,0.6690,0.6480,0.6690,1707500,1121683
2018-07-02,0.6690,0.6700,0.6520,0.6580,8262600,5469420
2018-07-03,0.6580,0.6670,0.6480,0.6650,1656400,1088265
2018-07-04,0.6650,0.6650,0.6520,0.6550,1460100,960271
2018-07-05,0.6550,0.6550,0.6380,0.6410,1581300,1020007
2018-07-06,0.6420,0.6490,0.6260,0.6400,2821600,1801960
2018-07-09,0.6400,0.6530,0.6400,0.6520,1051400,682333
2018-07-10,0.6470,0.6580,0.6470,0.6580,460300,301500
2018-07-11,0.6560,0.6560,0.6330,0.6420,1627900,1042189
2018-07-12,0.6420,0.6620,0.6420,0.6590,3067400,2016606
2018-07-13,0.6610,0.6630,0.6590,0.6630,404400,267164
2018-07-16,0.6640,0.6640,0.6590,0.6620,631400,417716
2018-07-17,0.6650,0.6650,0.6550,0.6650,1018700,671484
2018-07-18,0.6660,0.6690,0.6610,0.6620,1185300,785847
2018-07-19,0.6630,0.6630,0.6510,0.6540,1128300,740371
2018-07-20,0.6520,0.6610,0.6480,0.6590,975000,640364
2018-07-23,0.6590,0.6660,0.6570,0.6660,1531200,1012520
2018-07-24,0.6660,0.6780,0.6640,0.6770,3019100,2033760
2018-07-25,0.6750,0.6800,0.6740,0.6770,1574300,1066117
2018-07-26,0.6760,0.6780,0.6720,0.6740,1076100,726017
2018-07-27,0.6750,0.6750,0.6680,0.6700,630700,422431
2018-07-30,0.6710,0.6710,0.6570,0.6590,1150900,762545
2018-07-31,0.6600,0.6630,0.6580,0.6610,500100,330047
2018-08-01,0.6620,0.6740,0.6500,0.6510,993300,654845
2018-08-02,0.6500,0.6500,0.6210,0.6340,2274200,1435268
2018-08-03,0.6350,0.6370,0.6280,0.6280,1314900,830813
2018-08-06,0.6280,0.6280,0.6110,0.6140,3469600,2137026
2018-08-07,0.6150,0.6290,0.6100,0.6270,2285400,1415889
2018-08-08,0.6280,0.6290,0.6180,0.6180,1048700,650836
2018-08-09,0.6200,0.6350,0.6160,0.6320,3503400,2206347
2018-08-10,0.6300,0.6360,0.6300,0.6360,1893100,1200757
2018-08-13,0.6340,0.6390,0.6280,0.6390,1428700,905733
2018-08-14,0.6370,0.6410,0.6340,0.6390,378200,241210
2018-08-15,0.6400,0.6400,0.6240,0.6260,1382800,870484
2018-08-16,0.6240,0.6260,0.6120,0.6180,897300,555721
2018-08-17,0.6190,0.6230,0.6060,0.6070,1575500,963072
2018-08-20,0.6060,0.6090,0.5960,0.6090,1171000,705033
2018-08-21,0.6080,0.6180,0.6080,0.6160,947200,580879
2018-08-22,0.6140,0.6160,0.6110,0.6110,932100,570542
2018-08-23,0.6120,0.6150,0.6090,0.6140,632500,387822
2018-08-24,0.6130,0.6140,0.6100,0.6110,582100,356723
2018-08-27,0.6150,0.6260,0.6150,0.6260,4624800,2865540
2018-08-28,0.6240,0.6260,0.6220,0.6250,947000,591575
2018-08-29,0.6240,0.6240,0.6190,0.6220,826600,513209
2018-08-30,0.6210,0.6210,0.6100,0.6120,590400,362761
2018-08-31,0.6100,0.6100,0.6030,0.6030,935100,566226
2018-09-03,0.6040,0.6040,0.5940,0.6030,1605000,959691
2018-09-04,0.6020,0.6120,0.6020,0.6110,977500,592679
2018-09-05,0.6090,0.6110,0.6000,0.6010,1537000,933526
2018-09-06,0.6020,0.6050,0.5960,0.5980,904000,543361
2018-09-07,0.5990,0.6070,0.5960,0.6010,1413100,849222
2018-09-10,0.5990,0.6010,0.5930,0.5950,1751400,1044906
2018-09-11,0.5950,0.5950,0.5840,0.5890,2511200,1479096
2018-09-12,0.5860,0.5930,0.5860,0.5890,807400,475777
2018-09-13,0.5930,0.5940,0.5840,0.5930,1211200,713344
2018-09-14,0.5930,0.5930,0.5860,0.5870,448800,264509
2018-09-17,0.5880,0.5880,0.5760,0.5780,1820200,1055598
2018-09-18,0.5780,0.5870,0.5750,0.5870,2142600,1243742
2018-09-19,0.5860,0.5980,0.5850,0.5930,3063300,1816645
2018-09-20,0.5940,0.5950,0.5910,0.5920,1139100,676298
2018-09-21,0.5970,0.6010,0.5910,0.6000,4336200,2593543
2018-09-25,0.5980,0.6010,0.5960,0.5990,1442100,863302
2018-09-26,0.5990,0.6040,0.5980,0.5990,1553000,930280
2018-09-27,0.6010,0.6010,0.5910,0.5920,3270200,1951569
2018-09-28,0.5930,0.5970,0.5900,0.5970,1194300,708150
2018-10-08,0.5910,0.5910,0.5750,0.5760,1591300,924616
2018-10-09,0.5770,0.5810,0.5720,0.5760,1746400,1005308
2018-10-10,0.5760,0.5780,0.5700,0.5750,877500,503583
2018-10-11,0.5700,0.5720,0.5300,0.5330,6709800,3642057
2018-10-12,0.5330,0.5860,0.5090,0.5300,2578600,1352965
2018-10-15,0.4940,0.5350,0.4940,0.5220,1769800,929248
2018-10-16,0.5220,0.5260,0.5070,0.5100,1504300,776007
2018-10-17,0.5150,0.5220,0.5030,0.5150,1418800,726416
2018-10-18,0.5140,0.5140,0.4990,0.5040,3295300,1653651
2018-10-19,0.4950,0.5090,0.4880,0.5080,3127000,1560101
2018-10-22,0.5150,0.5380,0.5100,0.5360,11702400,6104013
2018-10-23,0.5360,0.5360,0.5210,0.5250,9690300,5125689
2018-10-24,0.5200,0.5300,0.5200,0.5240,2993700,1570114
2018-10-25,0.5100,0.5200,0.5070,0.5200,1393200,712389
2018-10-26,0.5210,0.5290,0.5190,0.5210,3873400,2019861
2018-10-29,0.5220,0.5220,0.5110,0.5140,1131000,582849
2018-10-30,0.5150,0.5220,0.5050,0.5200,3954200,2040927
2018-10-31,0.5210,0.5300,0.5190,0.5260,6817000,3584662
2018-11-01,0.5290,0.5380,0.5250,0.5300,5810900,3090848
2018-11-02,0.5480,0.5520,0.5360,0.5470,8707000,4708773
2018-11-05,0.5500,0.5570,0.5410,0.5500,11498600,6310415
2018-11-06,0.5510,0.5520,0.5420,0.5520,3643600,1989214
2018-11-07,0.5520,0.5560,0.5480,0.5500,2027200,1121827
2018-11-08,0.5550,0.5550,0.5460,0.5460,4852900,2672615
2018-11-09,0.5440,0.5500,0.5430,0.5460,3123200,1705576
2018-11-12,0.5460,0.5630,0.5460,0.5620,20856300,11616913
2018-11-13,0.5590,0.5790,0.5550,0.5740,26169100,14930876
2018-11-14,0.5740,0.5840,0.5580,0.5740,34572900,19919251
2018-11-15,0.5750,0.5840,0.5730,0.5830,16491500,9522974
2018-11-16,0.5840,0.5930,0.5820,0.5890,19216000,11295523
2018-11-19,0.5910,0.5920,0.5830,0.5920,12710600,7467804
2018-11-20,0.5880,0.5900,0.5750,0.5760,15466400,9024647
2018-11-21,0.5720,0.5830,0.5660,0.5800,15884900,9143754
2018-11-22,0.5810,0.5850,0.5780,0.5810,14382700,8360375
2018-11-23,0.5780,0.5780,0.5520,0.5540,25298200,14248756
2018-11-26,0.5480,0.5600,0.5480,0.5550,10592900,5878074
2018-11-27,0.5550,0.5620,0.5550,0.5600,5690400,3186632
2018-11-28,0.5540,0.5660,0.5510,0.5660,11836400,6623877
2018-11-29,0.5680,0.5720,0.5520,0.5530,14001700,7894836
2018-11-30,0.5530,0.5580,0.5440,0.5570,6283600,3463760
2018-12-03,0.5710,0.5780,0.5660,0.5740,9656800,5531458
2018-12-04,0.5750,0.5810,0.5710,0.5810,10547300,6083057
2018-12-05,0.5710,0.5800,0.5670,0.5760,9727400,5597923
2018-12-06,0.5730,0.5760,0.5650,0.5670,15228900,8713044
2018-12-07,0.5680,0.5690,0.5640,0.5660,5176100,2931939
2018-12-10,0.5640,0.5640,0.5570,0.5600,6246700,3508091
2018-12-11,0.5630,0.5650,0.5610,0.5650,4339200,2443544
2018-12-12,0.5660,0.5680,0.5640,0.5650,3607900,2041740
2018-12-13,0.5680,0.5740,0.5630,0.5710,4462900,2542057
2018-12-14,0.5640,0.5700,0.5550,0.5560,4395900,2469180
2018-12-17,0.5560,0.5560,0.5470,0.5530,6091600,3359486
2018-12-18,0.5510,0.5550,0.5450,0.5500,9203400,5055083
2018-12-19,0.5520,0.5520,0.5420,0.5430,5702900,3120398
2018-12-20,0.5420,0.5460,0.5390,0.5450,3225300,1753112
2018-12-21,0.5430,0.5440,0.5360,0.5410,3307800,1785655
2018-12-24,0.5410,0.5460,0.5390,0.5450,1567000,851610
2018-12-25,0.5380,0.5410,0.5270,0.5390,4513300,2405038
2018-12-26,0.5370,0.5420,0.5360,0.5380,4097900,2206335
2018-12-27,0.5490,0.5490,0.5290,0.5290,11230800,6019005
2018-12-28,0.5290,0.5560,0.5260,0.5290,4701500,2514105
2019-01-02,0.5300,0.5400,0.5260,0.5280,5017500,2652318
2019-01-03,0.5280,0.5310,0.5230,0.5240,2208900,1162861
2019-01-04,0.5220,0.5390,0.5170,0.5390,6546800,3459213
2019-01-07,0.5400,0.5510,0.5400,0.5500,5227700,2856522
2019-01-08,0.5480,0.5500,0.5460,0.5480,6921800,3793863
2019-01-09,0.5510,0.5570,0.5470,0.5490,5148400,2848618
2019-01-10,0.5480,0.5530,0.5460,0.5470,4177000,2302330
2019-01-11,0.5490,0.5530,0.5470,0.5520,4473800,2458795
2019-01-14,0.5500,0.5530,0.5470,0.5490,4565800,2513748
2019-01-15,0.5490,0.5560,0.5460,0.5550,6393700,3525254
2019-01-16,0.5580,0.5590,0.5540,0.5560,5524300,3075153
2019-01-17,0.5550,0.5560,0.5490,0.5490,2299800,1267648
2019-01-18,0.5490,0.5540,0.5480,0.5540,5304900,2922828
2019-01-21,0.5560,0.5590,0.5530,0.5570,4639600,2583185
2019-01-22,0.5560,0.5570,0.5490,0.5510,5349200,2953890
2019-01-23,0.5500,0.5520,0.5480,0.5510,3138700,1725301
2019-01-24,0.5510,0.5570,0.5500,0.5550,4617600,2555174
2019-01-25,0.5560,0.5570,0.5510,0.5520,7032700,3899954
2019-01-28,0.5530,0.5560,0.5460,0.5470,4814500,2653423
2019-01-29,0.5430,0.5440,0.5290,0.5370,10341300,5545986
2019-01-30,0.5360,0.5380,0.5290,0.5300,7118400,3807512
2019-01-31,0.5280,0.5320,0.5190,0.5220,12536900,6623407
2019-02-01,0.5240,0.5370,0.5240,0.5370,7103800,3788412
2019-02-11,0.5380,0.5530,0.5350,0.5530,12752400,6944735
2019-02-12,0.5530,0.5620,0.5510,0.5600,20106500,11204320
2019-02-13,0.5630,0.5720,0.5590,0.5700,16694500,9454154
2019-02-14,0.5710,0.5750,0.5650,0.5720,15342500,8765753
2019-02-15,0.5700,0.5760,0.5600,0.5700,18852400,10800125
2019-02-18,0.5740,0.5930,0.5740,0.5920,17712500,10378777
2019-02-19,0.5900,0.5980,0.5860,0.5950,25680100,15263632
2019-02-20,0.5940,0.5950,0.5870,0.5940,17432500,10318316
2019-02-21,0.5920,0.6060,0.5910,0.5930,17179300,10270890
2019-02-22,0.5910,0.6060,0.5890,0.6060,14463400,8633531
2019-02-25,0.6190,0.6410,0.6130,0.6410,22252800,13941283
2019-02-26,0.6450,0.6550,0.6310,0.6400,34043300,21836082
2019-02-27,0.6350,0.6460,0.6280,0.6350,19649000,12531967
2019-02-28,0.6350,0.6440,0.6330,0.6380,10655400,6801286
2019-03-01,0.6380,0.6450,0.6330,0.6430,21661500,13808971
2019-03-04,0.6460,0.6680,0.6460,0.6570,29730600,19585847
2019-03-05,0.6550,0.6790,0.6520,0.6790,14686100,9791047
2019-03-06,0.6820,0.7000,0.6730,0.6940,52977100,36245221
2019-03-07,0.6930,0.7130,0.6890,0.7080,45650700,31959448
2019-03-08,0.6990,0.7110,0.6760,0.6830,53053800,36649522
2019-03-11,0.6740,0.7080,0.6740,0.7070,38649500,26652645
2019-03-12,0.7110,0.7270,0.7080,0.7230,44321200,31745918
2019-03-13,0.7190,0.7260,0.6970,0.7030,30862500,21960583
2019-03-14,0.6930,0.7030,0.6730,0.6820,27439600,18834160
2019-03-15,0.6840,0.6980,0.6840,0.6920,25965700,17936029
2019-03-18,0.6920,0.7100,0.6870,0.7090,20955100,14640453
2019-03-19,0.7120,0.7150,0.7050,0.7100,25487600,18081347
2019-03-20,0.7090,0.7120,0.6940,0.7080,24556000,17288407
2019-03-21,0.7070,0.7240,0.7070,0.7190,33679536,24122131
2019-03-22,0.7180,0.7220,0.7050,0.7210,18325500,13114496
2019-03-25,0.7100,0.7240,0.7050,0.7150,14708900,10565569
2019-03-26,0.7160,0.7200,0.6910,0.6940,30579100,21572986
2019-03-27,0.6960,0.7010,0.6830,0.6990,33312264,23052760
2019-03-28,0.6980,0.7040,0.6880,0.6890,25847900,17983217
2019-03-29,0.6890,0.7110,0.6830,0.7100,29030600,20231802
2019-04-01,0.7140,0.7390,0.7130,0.7390,36586500,26735217
2019-04-02,0.7390,0.7500,0.7360,0.7430,30330900,22553436
2019-04-03,0.7420,0.7490,0.7310,0.7490,22928400,17030135
2019-04-04,0.7500,0.7560,0.7440,0.7530,27757000,20834749
2019-04-08,0.7550,0.7660,0.7350,0.7460,31593600,23716148
2019-04-09,0.7410,0.7510,0.7390,0.7490,23173500,17297374
2019-04-10,0.7480,0.7550,0.7390,0.7470,31614600,23549916
2019-04-11,0.7470,0.7490,0.7300,0.7310,26095400,19285702
2019-04-12,0.7320,0.7350,0.7270,0.7330,31887500,23319808
2019-04-15,0.7400,0.7460,0.7250,0.7270,22599000,16715703
2019-04-16,0.7230,0.7430,0.7170,0.7420,25807700,18792121
2019-04-17,0.7400,0.7530,0.7390,0.7490,29014100,21640834
2019-04-18,0.7430,0.7520,0.7420,0.7450,30045100,22459199
2019-04-19,0.7400,0.7520,0.7360,0.7520,29842600,22162830
2019-04-22,0.7480,0.7520,0.7390,0.7420,26025400,19442394
2019-04-23,0.7420,0.7420,0.7260,0.7290,26679200,19569827
2019-04-24,0.7330,0.7390,0.7220,0.7380,24479100,17866565
2019-04-25,0.7350,0.7370,0.7060,0.7080,31783200,22873155
2019-04-26,0.7080,0.7100,0.6990,0.7000,28297500,19933061
2019-04-29,0.7060,0.7070,0.6730,0.6750,32903400,22599891
2019-04-30,0.6750,0.6870,0.6720,0.6820,30014900,20439497
2019-05-06,0.6450,0.6800,0.6220,0.6260,40497300,25867893
2019-05-07,0.6300,0.6440,0.6260,0.6370,31240300,19810011
2019-05-08,0.6250,0.6460,0.6190,0.6360,39252400,25107134
2019-05-09,0.6360,0.6380,0.6180,0.6300,14672600,9288555
2019-05-10,0.6400,0.6550,0.6240,0.6550,34920300,22484629
2019-05-13,0.6450,0.6540,0.6390,0.6480,14623700,9485976
2019-05-14,0.6410,0.6520,0.6340,0.6450,21534300,13925929
2019-05-15,0.6490,0.6620,0.6490,0.6600,16305700,10698955
2019-05-16,0.6600,0.6660,0.6580,0.6640,17121600,11334949
2019-05-17,0.6650,0.6660,0.6380,0.6420,21044700,13741274
2019-05-20,0.6370,0.6410,0.6260,0.6390,24634300,15613083
2019-05-21,0.6400,0.6540,0.6350,0.6510,31005800,20135811
2019-05-22,0.6520,0.6550,0.6430,0.6500,15403700,9989491
2019-05-23,0.6450,0.6470,0.6320,0.6350,14983400,9558663
2019-05-24,0.6300,0.6360,0.6250,0.6270,20627800,12955945
2019-05-27,0.6280,0.6470,0.6240,0.6460,23679400,15160331
2019-05-28,0.6450,0.6530,0.6400,0.6450,27875000,18074084
2019-05-29,0.6450,0.6530,0.6430,0.6470,9119900,5908479
2019-05-30,0.6430,0.6450,0.6350,0.6440,16636900,10653710
2019-05-31,0.6440,0.6500,0.6410,0.6430,8943300,5781965
2019-06-03,0.6460,0.6470,0.6300,0.6350,29518400,18758502
2019-06-04,0.6350,0.6350,0.6200,0.6220,29603900,18556835
2019-06-05,0.6270,0.6330,0.6220,0.6240,6172100,3868795
2019-06-06,0.6270,0.6280,0.6060,0.6080,28595200,17556826
2019-06-10,0.6090,0.6180,0.6070,0.6160,21480800,13178285
2019-06-11,0.6160,0.6400,0.6150,0.6400,36320900,22851545
2019-06-12,0.6420,0.6430,0.6340,0.6350,13639000,8709404
2019-06-13,0.6320,0.6420,0.6320,0.6390,27466300,17540127
2019-06-14,0.6390,0.6420,0.6240,0.6250,18771400,11850667
2019-06-17,0.6270,0.6280,0.6210,0.6240,25445300,15895392
2019-06-18,0.6230,0.6270,0.6200,0.6240,5121500,3193747
2019-06-19,0.6400,0.6450,0.6320,0.6330,28539800,18169371
2019-06-20,0.6320,0.6480,0.6290,0.6440,42486300,27181180
2019-06-21,0.6680,0.6680,0.6470,0.6560,107257400,70238895
2019-06-24,0.6560,0.6580,0.6500,0.6540,30338600,19840143
2019-06-25,0.6540,0.6540,0.6400,0.6480,37353800,24131242
2019-06-26,0.6440,0.6530,0.6400,0.6480,19095700,12377164
2019-06-27,0.6480,0.6570,0.6480,0.6540,26568400,17359738
2019-06-28,0.6550,0.6550,0.6410,0.6440,19627500,12679138
2019-07-01,0.6560,0.6650,0.6530,0.6650,41666400,27537089
2019-07-02,0.6650,0.6670,0.6610,0.6650,17872600,11867730
2019-07-03,0.6610,0.6630,0.6560,0.6590,22573700,14866433
2019-07-04,0.6590,0.6620,0.6520,0.6560,22479400,14767693
2019-07-05,0.6560,0.6600,0.6530,0.6590,26812800,17606201
2019-07-08,0.6480,0.6570,0.6330,0.6360,25049100,16025531
2019-07-09,0.6350,0.6400,0.6330,0.6390,32562900,20730700
2019-07-10,0.6350,0.6410,0.6310,0.6340,14408400,9156519
2019-07-11,0.6350,0.6410,0.6300,0.6330,17741700,11272490
2019-07-12,0.6320,0.6370,0.6300,0.6350,34133300,21658965
2019-07-15,0.6320,0.6430,0.6260,0.6400,15708600,9992015
2019-07-16,0.6390,0.6440,0.6370,0.6430,12402500,7964035
2019-07-17,0.6410,0.6470,0.6400,0.6440,10843400,6991376
2019-07-18,0.6440,0.6440,0.6330,0.6340,19669200,12500461
2019-07-19,0.6340,0.6430,0.6340,0.6400,78673700,50210882
2019-07-22,0.6400,0.6430,0.6200,0.6250,288298900,180541838
2019-07-23,0.6260,0.6380,0.6260,0.6380,209406200,132796947
2019-07-24,0.6400,0.6510,0.6400,0.6450,112965100,73098041
2019-07-25,0.6450,0.6510,0.6450,0.6500,51638300,33392982
2019-07-26,0.6500,0.6510,0.6460,0.6510,8921800,5784716
2019-07-29,0.6480,0.6530,0.6470,0.6500,8769200,5690852
2019-07-30,0.6470,0.6570,0.6470,0.6530,22163400,14482467
2019-07-31,0.6510,0.6520,0.6470,0.6480,15720200,10205817
2019-08-01,0.6460,0.6500,0.6430,0.6450,19801700,12794511
2019-08-02,0.6350,0.6370,0.6290,0.6360,22907500,14503968
2019-08-05,0.6320,0.6400,0.6270,0.6270,24468900,15466215
2019-08-06,0.6230,0.6230,0.5980,0.6120,30774500,18761159
2019-08-07,0.6140,0.6180,0.6110,0.6110,21488200,13200840
2019-08-08,0.6130,0.6210,0.6130,0.6190,149779300,92654040
2019-08-09,0.6230,0.6260,0.6150,0.6160,45471300,28331628
2019-08-12,0.6170,0.6270,0.6140,0.6260,48884800,30225368
2019-08-13,0.6220,0.6260,0.6210,0.6240,23988300,14962226
2019-08-14,0.6280,0.6330,0.6280,0.6290,19239900,12127102
2019-08-15,0.6190,0.6320,0.6130,0.6310,23528700,14596211
2019-08-16,0.6290,0.6400,0.6290,0.6360,26062000,16576099
2019-08-19,0.6400,0.6570,0.6400,0.6570,29977000,19454243
2019-08-20,0.6570,0.6630,0.6540,0.6560,20744200,13660417
2019-08-21,0.6560,0.6590,0.6540,0.6570,9140300,5997014
2019-08-22,0.6570,0.6600,0.6530,0.6600,25030200,16437342
2019-08-23,0.6600,0.6620,0.6560,0.6580,11115700,7314404
2019-08-26,0.6460,0.6570,0.6450,0.6550,13724900,8937699
2019-08-27,0.6640,0.6700,0.6550,0.6680,25897800,17232567
2019-08-28,0.6670,0.6690,0.6610,0.6650,14890100,9904847
2019-08-29,0.6680,0.6700,0.6650,0.6660,13780200,9202216
2019-08-30,0.6670,0.6700,0.6540,0.6580,25994900,17219725
2019-09-02,0.6580,0.6750,0.6550,0.6740,23946600,15940617
2019-09-03,0.6730,0.6790,0.6730,0.6790,18948700,12812415
2019-09-04,0.6760,0.6860,0.6760,0.6860,17085400,11630615
2019-09-05,0.6900,0.7000,0.6830,0.6900,25677800,17792849
2019-09-06,0.6920,0.6960,0.6890,0.6940,13730900,9515242
2019-09-09,0.7020,0.7150,0.6970,0.7150,19625300,13810670
2019-09-10,0.7150,0.7170,0.7070,0.7150,20329800,14471265
2019-09-11,0.7190,0.7190,0.7060,0.7070,15995100,11381236
2019-09-12,0.7070,0.7130,0.7040,0.7120,18957400,13439138
2019-09-16,0.7150,0.7180,0.7080,0.7130,15456100,11037315
2019-09-17,0.7120,0.7120,0.6940,0.6990,18196700,12764628
2019-09-18,0.6970,0.7000,0.6940,0.6970,12738500,8871218
2019-09-19,0.6960,0.7040,0.6930,0.7030,17529000,12233496
2019-09-20,0.7050,0.7070,0.7010,0.7040,9387200,6610211
2019-09-23,0.7050,0.7050,0.6920,0.7000,13010000,9039033
2019-09-24,0.6980,0.7070,0.6970,0.7010,22239800,15621591
2019-09-25,0.7000,0.7000,0.6870,0.6880,19992300,13812082
2019-09-26,0.6900,0.6900,0.6660,0.6660,24247100,16384980
2019-09-27,0.6670,0.6750,0.6660,0.6720,26020700,17490247
2019-09-30,0.6740,0.6740,0.6630,0.6630,24784500,16575893
2019-10-08,0.6640,0.6710,0.6640,0.6650,10766900,7188923
2019-10-09,0.6650,0.6720,0.6600,0.6710,14223100,9455618
2019-10-10,0.6710,0.6820,0.6680,0.6810,20058800,13537065
2019-10-11,0.6840,0.6850,0.6760,0.6820,15364600,10457156
2019-10-14,0.6880,0.6940,0.6860,0.6920,15837400,10936846
2019-10-15,0.6900,0.6900,0.6810,0.6830,21738600,14861358
2019-10-16,0.6840,0.6860,0.6780,0.6780,19380700,13230111
2019-10-17,0.6790,0.6810,0.6760,0.6780,14728900,10010711
2019-10-18,0.6800,0.6850,0.6670,0.6700,18744600,12643099
2019-10-21,0.6720,0.6750,0.6600,0.6660,22124700,14703485
2019-10-22,0.6660,0.6750,0.6660,0.6740,29876700,20014725
2019-10-23,0.6750,0.6750,0.6670,0.6690,15036800,10094044
2019-10-24,0.6690,0.6700,0.6630,0.6680,14012400,9342157
2019-10-25,0.6680,0.6750,0.6630,0.6730,24419100,16313133
2019-10-28,0.6800,0.6910,0.6800,0.6910,32714100,22432328
2019-10-29,0.6950,0.6950,0.6820,0.6830,34003400,23374784
2019-10-30,0.6810,0.6810,0.6740,0.6770,31653100,21438182
2019-10-31,0.6770,0.6770,0.6680,0.6690,17634500,11870309
2019-11-01,0.6680,0.6760,0.6650,0.6750,10178100,6806328
2019-11-04,0.6750,0.6830,0.6750,0.6790,23146000,15737815
2019-11-05,0.6790,0.6830,0.6750,0.6820,11371100,7737471
2019-11-06,0.6820,0.6820,0.6720,0.6750,16524700,11204582
2019-11-07,0.6750,0.6810,0.6730,0.6790,13754500,9335718
2019-11-08,0.6840,0.6850,0.6770,0.6790,42035400,28704590
2019-11-11,0.6780,0.6780,0.6590,0.6610,22680500,15106755
2019-11-12,0.6640,0.6640,0.6530,0.6620,19038900,12519621
2019-11-13,0.6670,0.6670,0.6570,0.6600,9187100,6058978
2019-11-14,0.6600,0.6660,0.6590,0.6630,14215400,9425865
2019-11-15,0.6640,0.6650,0.6560,0.6570,28028700,18493122
2019-11-18,0.6550,0.6620,0.6530,0.6610,24152300,15919487
2019-11-19,0.6620,0.6760,0.6620,0.6750,25630700,17136886
2019-11-20,0.6750,0.6760,0.6690,0.6690,24519400,16525579
2019-11-21,0.6690,0.6740,0.6650,0.6700,21479800,14384712
2019-11-22,0.6680,0.6770,0.6580,0.6620,21722400,14551184
2019-11-25,0.6610,0.6610,0.6520,0.6570,20956400,13747644
2019-11-26,0.6560,0.6610,0.6550,0.6570,13421400,8820670
2019-11-27,0.6570,0.6600,0.6530,0.6580,20607800,13524155
2019-11-28,0.6580,0.6600,0.6550,0.6560,17861600,11740811
2019-11-29,0.6560,0.6570,0.6500,0.6550,22122500,14448945
2019-12-02,0.6560,0.6600,0.6550,0.6570,13226900,8697916
2019-12-03,0.6560,0.6610,0.6510,0.6610,14746300,9624257
2019-12-04,0.6600,0.6630,0.6560,0.6620,18391500,12148980
2019-12-05,0.6640,0.6710,0.6620,0.6680,21466300,14299094
2019-12-06,0.6690,0.6740,0.6680,0.6740,14868600,9960962
2019-12-09,0.6750,0.6770,0.6730,0.6740,28753600,19399671
2019-12-10,0.6740,0.6800,0.6710,0.6780,20970500,14143712
2019-12-11,0.6800,0.6800,0.6760,0.6760,25428600,17226647
2019-12-12,0.6770,0.6810,0.6760,0.6760,30149500,20436033
2019-12-13,0.6810,0.6870,0.6800,0.6870,21426800,14636048
2019-12-16,0.6890,0.7000,0.6870,0.6990,29675600,20574663
2019-12-17,0.7010,0.7100,0.6990,0.7070,24102200,17005462
2019-12-18,0.7060,0.7130,0.7040,0.7070,22065700,15660519
2019-12-19,0.7080,0.7130,0.7070,0.7130,23498500,16666141
2019-12-20,0.7110,0.7130,0.7030,0.7030,20241500,14344263
2019-12-23,0.7030,0.7030,0.6860,0.6860,27095900,18794216
2019-12-24,0.6870,0.7000,0.6870,0.7000,34697300,24116074
2019-12-25,0.6970,0.7050,0.6970,0.7050,21848500,15359116
2019-12-26,0.7050,0.7110,0.7030,0.7110,24610300,17368197
2019-12-27,0.7100,0.7140,0.7030,0.7050,22518800,15987106
2019-12-30,0.7050,0.7100,0.6930,0.7100,24847700,17497989
2019-12-31,0.7090,0.7150,0.7050,0.7140,9925500,7070823
2020-01-02,0.7210,0.7290,0.7160,0.7280,31463200,22730467
2020-01-03,0.7300,0.7320,0.7260,0.7310,12126300,8850369
2020-01-06,0.7280,0.7440,0.7250,0.7380,19979200,14717455
2020-01-07,0.7360,0.7500,0.7360,0.7500,15032100,11189727
2020-01-08,0.7450,0.7520,0.7370,0.7410,16564200,12348370
2020-01-09,0.7460,0.7520,0.7450,0.7510,22762800,17030897
2020-01-10,0.7520,0.7540,0.7460,0.7500,19954800,14970348
2020-01-13,0.7500,0.7600,0.7450,0.7600,16350300,12293158
2020-01-14,0.7620,0.7630,0.7570,0.7580,17012400,12939916
2020-01-15,0.7580,0.7600,0.7440,0.7570,16642500,12561583
2020-01-16,0.7590,0.7610,0.7560,0.7580,20825200,15798676
2020-01-17,0.7580,0.7610,0.7530,0.7540,29162400,22082874
2020-01-20,0.7540,0.7650,0.7530,0.7650,17305500,13127979
2020-01-21,0.7650,0.7650,0.7570,0.7570,28296700,21525734
2020-01-22,0.7540,0.7640,0.7430,0.7620,23193800,17490708
2020-01-23,0.7590,0.7590,0.7260,0.7350,34990600,26152462
2020-02-03,0.6680,0.6850,0.6620,0.6620,17787500,11969791
2020-02-04,0.6580,0.6950,0.6580,0.6710,17813500,11888241
2020-02-05,0.6700,0.7000,0.6700,0.6940,28667100,19750745
2020-02-06,0.6950,0.7160,0.6870,0.7130,20693600,14552585
2020-02-07,0.7080,0.7220,0.7080,0.7200,22011000,15735465
2020-02-10,0.7140,0.7320,0.7140,0.7300,19613600,14225602
2020-02-11,0.7300,0.7310,0.7220,0.7280,18719100,13620337
2020-02-12,0.7270,0.7450,0.7240,0.7450,15398400,11347255
2020-02-13,0.7410,0.7480,0.7380,0.7410,19890700,14767704
2020-02-14,0.7400,0.7510,0.7350,0.7440,22943100,17076582
2020-02-17,0.7450,0.7730,0.7450,0.7720,29328300,22291889
2020-02-18,0.7740,0.7920,0.7720,0.7920,30070800,23474383
2020-02-19,0.7920,0.7950,0.7820,0.7860,35957500,28375818
2020-02-20,0.7850,0.7990,0.7770,0.7980,23626500,18629657
2020-02-21,0.7970,0.8180,0.7960,0.8160,30861800,24973875
2020-02-24,0.8130,0.8370,0.8120,0.8320,53501500,44285279
2020-02-25,0.8180,0.8380,0.7940,0.8360,41236600,33884235
2020-02-26,0.8160,0.8320,0.8060,0.8090,26492500,21751232
2020-02-27,0.8120,0.8200,0.7980,0.8090,29941600,24114310
2020-02-28,0.7890,0.7910,0.7580,0.7590,45558800,35131755
2020-03-02,0.7640,0.8010,0.7610,0.8000,38019900,29893995
2020-03-03,0.8150,0.8240,0.7980,0.8060,31023600,25193389
2020-03-04,0.7970,0.8120,0.7920,0.8100,35316500,28308249
2020-03-05,0.8210,0.8250,0.8140,0.8240,27261200,22333978
2020-03-06,0.8150,0.8250,0.8120,0.8190,18755200,15330487
2020-03-09,0.8040,0.8080,0.7850,0.7860,18693700,14912855
2020-03-10,0.7800,0.8070,0.7640,0.8070,19139100,15034580
2020-03-11,0.8090,0.8150,0.7950,0.7960,16955500,13690552
2020-03-12,0.7880,0.8000,0.7700,0.7780,17914055,13986682
2020-03-13,0.7580,0.7810,0.7390,0.7730,21048100,16011006
2020-03-16,0.7760,0.7790,0.7330,0.7350,24422600,18403825
2020-03-17,0.7420,0.7460,0.7100,0.7340,46800300,34093812
2020-03-18,0.7360,0.7520,0.7220,0.7230,39148100,29049763
2020-03-19,0.7170,0.7340,0.7090,0.7300,23967100,17309175
2020-03-20,0.7360,0.7400,0.7250,0.7400,19143300,14047684
2020-03-23,0.7200,0.7260,0.7020,0.7070,18882300,13510760
2020-03-24,0.7180,0.7270,0.6970,0.7180,18994400,13534288
2020-03-25,0.7310,0.7360,0.7220,0.7350,20531100,15015473
2020-03-26,0.7250,0.7370,0.7250,0.7290,10432800,7643518
2020-03-27,0.7360,0.7370,0.7220,0.7250,12333800,9009788
2020-03-30,0.7200,0.7210,0.6980,0.7050,18633600,13147388
2020-03-31,0.7130,0.7130,0.7040,0.7050,18750700,13281674
2020-04-01,0.7050,0.7140,0.7020,0.7030,18631500,13225662
2020-04-02,0.6990,0.7210,0.6990,0.7210,11896400,8443475
2020-04-03,0.7210,0.7230,0.7120,0.7160,8289100,5953740
2020-04-07,0.7280,0.7420,0.7270,0.7420,18446400,13569716
2020-04-08,0.7400,0.7470,0.7360,0.7430,9062100,6727157
2020-04-09,0.7450,0.7550,0.7450,0.7520,17229300,12935485
2020-04-10,0.7540,0.7540,0.7320,0.7400,27661000,20429601
2020-04-13,0.7330,0.7330,0.7230,0.7270,17036200,12387153
2020-04-14,0.7280,0.7410,0.7280,0.7410,22172100,16310632
2020-04-15,0.7410,0.7450,0.7350,0.7350,17438900,12933921
2020-04-16,0.7350,0.7450,0.7310,0.7430,13034600,9618514
2020-04-17,0.7460,0.7500,0.7420,0.7440,12552000,9388649
2020-04-20,0.7450,0.7580,0.7450,0.7580,21273700,15974079
2020-04-21,0.7510,0.7550,0.7450,0.7520,13530400,10141202
2020-04-22,0.7490,0.7600,0.7440,0.7590,13842600,10409063
2020-04-23,0.7600,0.7620,0.7540,0.7550,11943900,9055686
2020-04-24,0.7550,0.7550,0.7370,0.7430,15128100,11283872
2020-04-27,0.7420,0.7430,0.7340,0.7370,11317800,8390510
2020-04-28,0.7370,0.7380,0.7050,0.7270,18847700,13614091
2020-04-29,0.7260,0.7320,0.7210,0.7270,9609200,6993307
2020-04-30,0.7280,0.7460,0.7280,0.7450,15470700,11460338
2020-05-06,0.7370,0.7600,0.7370,0.7590,15088200,11295586
2020-05-07,0.7530,0.7640,0.7530,0.7580,10061700,7655421
2020-05-08,0.7600,0.7710,0.7600,0.7680,11155400,8562227
2020-05-11,0.7690,0.7740,0.7620,0.7660,8716000,6703428
2020-05-12,0.7660,0.7680,0.7570,0.7680,14500200,11062000
2020-05-13,0.7660,0.7750,0.7630,0.7740,8906000,6854543
2020-05-14,0.7740,0.7750,0.7670,0.7680,5757900,4440978
2020-05-15,0.7690,0.7760,0.7670,0.7720,8021300,6191401
2020-05-18,0.7720,0.7750,0.7650,0.7670,9069800,7006249
2020-05-19,0.7700,0.7790,0.7700,0.7790,13251100,10262446
2020-05-20,0.7790,0.7790,0.7680,0.7730,19336100,14932527
2020-05-21,0.7730,0.7730,0.7580,0.7600,15347600,11705420
2020-05-22,0.7600,0.7600,0.7430,0.7460,9291700,6996889
2020-05-25,0.7450,0.7480,0.7410,0.7460,10382600,7723501
2020-05-26,0.7470,0.7630,0.7460,0.7630,13650600,10351374
2020-05-27,0.7630,0.7640,0.7550,0.7580,13035200,9904015
2020-05-28,0.7570,0.7600,0.7460,0.7560,8453000,6376553
2020-05-29,0.7520,0.7680,0.7500,0.7650,9500800,7266244
2020-06-01,0.7660,0.7900,0.7610,0.7900,14019600,10964797
2020-06-02,0.7910,0.7940,0.7860,0.7890,10391300,8206350
2020-06-03,0.7950,0.7950,0.7880,0.7880,13634500,10782595
2020-06-04,0.7890,0.7940,0.7870,0.7930,16533900,13073078
2020-06-05,0.7930,0.7940,0.7840,0.7920,9766400,7720799
2020-06-08,0.7950,0.7980,0.7900,0.7920,12694400,10075987
2020-06-09,0.7920,0.7970,0.7890,0.7970,22748400,18026897
2020-06-10,0.7950,0.7960,0.7900,0.7960,10151800,8048188
2020-06-11,0.7960,0.8050,0.7900,0.7940,24220900,19274344
2020-06-12,0.7840,0.7970,0.7780,0.7950,12315300,9733326
2020-06-15,0.7950,0.8050,0.7930,0.7950,21736800,17370196
2020-06-16,0.7970,0.8110,0.7970,0.8110,16647300,13414448
2020-06-17,0.8100,0.8150,0.8070,0.8140,19084500,15485445
2020-06-18,0.8140,0.8140,0.8090,0.8120,19999100,16221702
2020-06-19,0.8120,0.8200,0.8110,0.8190,24564800,20017054
2020-06-22,0.8210,0.8250,0.8200,0.8230,10623600,8737645
2020-06-23,0.8250,0.8250,0.8190,0.8250,23314600,19175793
2020-06-24,0.8250,0.8270,0.8190,0.8220,12287600,10100562
2020-06-29,0.8230,0.8230,0.8160,0.8210,8168100,6693793
2020-06-30,0.8210,0.8350,0.8210,0.8330,9691200,8054669
2020-07-01,0.8350,0.8400,0.8280,0.8380,13460400,11250209
2020-07-02,0.8380,0.8480,0.8350,0.8480,15520900,13111282
2020-07-03,0.8490,0.8590,0.8450,0.8590,24244800,20626376
2020-07-06,0.8680,0.9000,0.8630,0.8950,27572200,24273077
2020-07-07,0.9050,0.9200,0.8960,0.9060,22038200,20017019
2020-07-08,0.8980,0.9260,0.8980,0.9240,18382299,16818766
2020-07-09,0.9280,0.9570,0.9250,0.9560,38805200,36641716
2020-07-10,0.9490,0.9640,0.9460,0.9530,26722700,25537758
2020-07-13,0.9450,1.0000,0.9450,0.9990,29101600,28301009
2020-07-14,0.9950,0.9960,0.9610,0.9840,32909300,32354075
2020-07-15,0.9730,0.9960,0.9440,0.9510,25471000,24490956
2020-07-16,0.9470,0.9590,0.9000,0.9040,22194600,20715981
2020-07-17,0.9040,0.9250,0.8950,0.9090,23846400,21655041
2020-07-20,0.9150,0.9390,0.9080,0.9390,22423100,20711005
2020-07-21,0.9410,0.9500,0.9370,0.9460,15501600,14634958
2020-07-22,0.9460,0.9640,0.9420,0.9560,16050500,15326691
2020-07-23,0.9460,0.9570,0.9290,0.9550,15847200,14981566
2020-07-24,0.9500,0.9590,0.9070,0.9100,17523700,16391893
2020-07-27,0.9060,0.9180,0.9010,0.9110,13421700,12225039
2020-07-28,0.9150,0.9250,0.9130,0.9210,14719600,13536463
2020-07-29,0.9200,0.9510,0.9160,0.9500,15180200,14226451
2020-07-30,0.9520,0.9550,0.9430,0.9470,13007900,12343549
2020-07-31,0.9470,0.9640,0.9390,0.9630,15802600,15080178
2020-08-03,0.9680,0.9960,0.9680,0.9950,17458645,17174426
2020-08-04,1.0000,1.0060,0.9830,0.9900,33157800,32933030
2020-08-05,0.9880,1.0000,0.9790,0.9980,16959800,16853900
2020-08-06,1.0060,1.0060,0.9820,1.0040,25223500,25106958
2020-08-07,1.0000,1.0000,0.9700,0.9880,31289600,30705192
2020-08-10,0.9830,0.9990,0.9800,0.9930,17020000,16873339
2020-08-11,0.9930,0.9950,0.9680,0.9700,18375900,18077642
2020-08-12,0.9700,0.9700,0.9310,0.9540,15299400,14483040
2020-08-13,0.9540,0.9640,0.9540,0.9580,10383000,9961382
2020-08-14,0.9590,0.9720,0.9510,0.9720,10416700,10048276
2020-08-17,0.9720,0.9950,0.9710,0.9930,19247300,18977800
2020-08-18,0.9960,1.0030,0.9920,1.0030,14902300,14885870
2020-08-19,1.0020,1.0020,0.9800,0.9840,12990400,12871995
2020-08-20,0.9830,0.9830,0.9650,0.9690,11022100,10717979
2020-08-21,0.9720,0.9830,0.9700,0.9780,38268900,37441792
2020-08-24,0.9800,0.9930,0.9700,0.9890,42545800,41845022
2020-08-25,0.9930,0.9980,0.9860,0.9900,13578300,13482371
2020-08-26,0.9890,0.9890,0.9610,0.9640,14232200,13847575
2020-08-27,0.9680,0.9780,0.9600,0.9770,15270700,14835752
2020-08-28,0.9740,0.9910,0.9710,0.9910,18331900,17995284
2020-08-31,0.9960,1.0030,0.9910,0.9910,19438100,19382042
2020-09-01,0.9930,0.9970,0.9860,0.9970,13322700,13215295
2020-09-02,0.9980,1.0040,0.9900,1.0010,16869100,16838448
2020-09-03,1.0010,1.0020,0.9860,0.9900,10972200,10924698
2020-09-04,0.9820,0.9900,0.9730,0.9900,13530200,13277150
2020-09-07,0.9880,0.9970,0.9680,0.9710,13200900,13009273
2020-09-08,0.9700,0.9800,0.9630,0.9800,13769400,13382205
2020-09-09,0.9750,0.9750,0.9460,0.9480,16883500,16206486
2020-09-10,0.9530,0.9550,0.9120,0.9170,14622000,13649124
2020-09-11,0.9120,0.9320,0.9110,0.9310,13764200,12683211
2020-09-14,0.9340,0.9490,0.9310,0.9430,9659100,9110671
2020-09-15,0.9440,0.9510,0.9410,0.9500,12943800,12234524
2020-09-16,0.9500,0.9500,0.9360,0.9420,12255700,11544258
2020-09-17,0.9420,0.9540,0.9340,0.9470,27726000,26186792
2020-09-18,0.9480,0.9630,0.9460,0.9630,14474900,13791507
2020-09-21,0.9630,0.9680,0.9600,0.9630,13447600,12957236
2020-09-22,0.9570,0.9620,0.9420,0.9440,30598100,29126834
2020-09-23,0.9460,0.9560,0.9400,0.9540,27223900,25857623
2020-09-24,0.9490,0.9490,0.9270,0.9290,63029800,58968120
2020-09-25,0.9300,0.9470,0.9180,0.9240,52253700,48393736
2020-09-28,0.9220,0.9250,0.9110,0.9130,20273700,18625003
2020-09-29,0.9120,0.9260,0.9120,0.9220,27118200,25002978
2020-09-30,0.9220,0.9260,0.9120,0.9170,90736800,83505442
2020-10-09,0.9260,0.9470,0.9260,0.9440,101547800,95674013
2020-10-12,0.9450,0.9780,0.9450,0.9770,60864600,58909857
2020-10-13,0.9780,0.9820,0.9690,0.9810,46478900,45268560
2020-10-14,0.9810,0.9810,0.9690,0.9710,19787300,19241623
2020-10-15,0.9710,0.9730,0.9630,0.9630,9131400,8840776
2020-10-16,0.9640,0.9720,0.9510,0.9610,13864300,13282815
2020-10-19,0.9640,0.9670,0.9510,0.9540,20070500,19269301
2020-10-20,0.9540,0.9650,0.9450,0.9650,23426300,22417902
2020-10-21,0.9650,0.9660,0.9450,0.9510,25574900,24369196
2020-10-22,0.9520,0.9520,0.9350,0.9450,21705900,20477698
2020-10-23,0.9450,0.9500,0.9230,0.9280,24151500,22701384
2020-10-26,0.9280,0.9300,0.9110,0.9270,25221100,23237356
2020-10-27,0.9220,0.9340,0.9220,0.9340,26101300,24238448
2020-10-28,0.9340,0.9350,0.9170,0.9330,28732000,26633078
2020-10-29,0.9160,0.9360,0.9150,0.9340,24416600,22719776
2020-10-30,0.9350,0.9360,0.9090,0.9100,25336200,23435334
2020-11-02,0.9200,0.9200,0.9030,0.9100,25935800,23545680
2020-11-03,0.9110,0.9310,0.9110,0.9300,34714100,32060567
2020-11-04,0.9330,0.9340,0.9190,0.9250,31657600,29281569
2020-11-05,0.9300,0.9450,0.9300,0.9430,29750200,27863088
2020-11-06,0.9410,0.9460,0.9280,0.9350,34733100,32509861
2020-11-09,0.9390,0.9620,0.9390,0.9580,38135500,36340699
2020-11-10,0.9620,0.9620,0.9430,0.9480,31770300,30215551
2020-11-11,0.9490,0.9490,0.9320,0.9320,31311300,29432327
2020-11-12,0.9310,0.9400,0.9310,0.9350,29488900,27591484
2020-11-13,0.9340,0.9400,0.9280,0.9370,31169300,29110545
2020-11-16,0.9380,0.9490,0.9350,0.9490,28086800,26513442
2020-11-17,0.9460,0.9470,0.9310,0.9370,35070500,32852697
2020-11-18,0.9380,0.9440,0.9340,0.9390,28963700,27177825
2020-11-19,0.9340,0.9450,0.9310,0.9440,27857500,26189249
2020-11-20,0.9440,0.9530,0.9400,0.9510,35007900,33193925
2020-11-23,0.9510,0.9610,0.9460,0.9590,39108900,37353217
2020-11-24,0.9590,0.9590,0.9540,0.9550,27633400,26421675
2020-11-25,0.9560,0.9580,0.9400,0.9400,27359200,25935659
2020-11-26,0.9400,0.9420,0.9280,0.9330,35224400,32896531
2020-11-27,0.9340,0.9360,0.9250,0.9360,26196800,24367756
2020-11-30,0.9350,0.9390,0.9260,0.9310,31535500,29465486
2020-12-01,0.9310,0.9450,0.9260,0.9450,30313600,28429779
2020-12-02,0.9450,0.9480,0.9410,0.9460,28307700,26733937
2020-12-03,0.9430,0.9480,0.9380,0.9440,22781100,21491921
2020-12-04,0.9430,0.9530,0.9400,0.9520,32428100,30718933
2020-12-07,0.9540,0.9540,0.9470,0.9490,23103700,21976923
2020-12-08,0.9500,0.9510,0.9460,0.9470,29647700,28110694
2020-12-09,0.9470,0.9470,0.9290,0.9310,20795900,19572690
2020-12-10,0.9310,0.9360,0.9240,0.9310,25401300,23569662
2020-12-11,0.9300,0.9330,0.9090,0.9180,29393200,27046907
2020-12-14,0.9160,0.9280,0.9100,0.9260,33794900,31139752
2020-12-15,0.9250,0.9300,0.9230,0.9290,21324900,19754220
2020-12-16,0.9260,0.9290,0.9200,0.9200,18007800,16632561
2020-12-17,0.9200,0.9320,0.9120,0.9300,27010200,24883328
2020-12-18,0.9290,0.9340,0.9250,0.9280,28885000,26859051
2020-12-21,0.9280,0.9450,0.9260,0.9440,35552400,33400828
2020-12-22,0.9440,0.9440,0.9250,0.9260,55524400,52089533
2020-12-23,0.9400,0.9400,0.9240,0.9320,72641000,67569146
2020-12-24,0.9320,0.9320,0.9170,0.9210,48058400,44357943
2020-12-25,0.9220,0.9290,0.9130,0.9250,131644000,121261208
2020-12-28,0.9230,0.9260,0.9150,0.9220,28841600,26543055
2020-12-29,0.9210,0.9270,0.9150,0.9170,29457000,27099182
2020-12-30,0.9160,0.9220,0.9110,0.9190,30098400,27665512
2020-12-31,0.9240,0.9390,0.9210,0.9380,91833900,85482633
2021-01-04,0.9400,0.9590,0.9380,0.9560,112152000,106470265
2021-01-05,0.9540,0.9610,0.9470,0.9580,68144800,65130285
2021-01-06,0.9530,0.9600,0.9410,0.9480,52201100,49483597
2021-01-07,0.9480,0.9480,0.9240,0.9330,61505000,57483255
2021-01-08,0.9320,0.9400,0.9210,0.9280,48041000,44772629
2021-01-11,0.9220,0.9290,0.9080,0.9120,52583200,48343135
2021-01-12,0.9120,0.9310,0.9060,0.9300,52862875,48674430
2021-01-13,0.9300,0.9310,0.9140,0.9190,41738025,38404494
2021-01-14,0.9190,0.9280,0.9080,0.9180,98221100,90443539
2021-01-15,0.9180,0.9250,0.9080,0.9230,66218600,60746587
2021-01-18,0.9200,0.9450,0.9190,0.9430,63856200,59621178
2021-01-19,0.9470,0.9480,0.9310,0.9340,61420500,57628859
2021-01-20,0.9380,0.9410,0.9300,0.9390,55605000,52022104
2021-01-21,0.9360,0.9550,0.9360,0.9500,57680500,54667433
2021-01-22,0.9510,0.9510,0.9400,0.9480,56417600,53328928
2021-01-25,0.9500,0.9500,0.9370,0.9380,45488600,42911819
2021-01-26,0.9350,0.9390,0.9230,0.9250,41450800,38498445
2021-01-27,0.9250,0.9260,0.9120,0.9240,45719500,42046071
2021-01-28,0.9160,0.9270,0.9060,0.9060,73051100,66906566
2021-01-29,0.9120,0.9140,0.8810,0.8930,64475400,57831708
2021-02-01,0.8930,0.9000,0.8890,0.8990,32510700,29081660
2021-02-02,0.9010,0.9070,0.8920,0.9070,49600400,44665501
2021-02-03,0.9070,0.9080,0.8920,0.8930,38925700,35020739
2021-02-04,0.8880,0.8900,0.8610,0.8740,68098100,59468763
2021-02-05,0.8730,0.8790,0.8570,0.8580,59388455,51631003
2021-02-08,0.8600,0.8680,0.8000,0.8620,61163745,52471378
2021-02-09,0.8620,0.8900,0.8610,0.8890,84550400,74347853
2021-02-10,0.8900,0.8950,0.8830,0.8940,73997300,65766132
2021-02-18,0.9080,0.9150,0.9010,0.9130,92454600,84093353
2021-02-19,0.9120,0.9300,0.9040,0.9290,91303400,83692314
2021-02-22,0.9360,0.9470,0.9250,0.9300,216618000,203273556
2021-02-23,0.9160,0.9290,0.9120,0.9200,129466445,118958562
2021-02-24,0.9150,0.9280,0.9040,0.9140,145579200,133550681
2021-02-25,0.9220,0.9230,0.9050,0.9100,88858000,80881443
2021-02-26,0.8990,0.9050,0.8910,0.8960,88954200,79887135
2021-03-01,0.8970,0.9210,0.8970,0.9200,117446400,107524105
2021-03-02,0.9250,0.9260,0.9100,0.9200,136784800,125636886
2021-03-03,0.9190,0.9310,0.9140,0.9310,100741200,92853113
2021-03-04,0.9210,0.9280,0.9100,0.9160,188474700,172949532
2021-03-05,0.9060,0.9200,0.9020,0.9170,109825244,100003346
2021-03-08,0.9240,0.9250,0.8930,0.8940,106500700,97082023
2021-03-09,0.8900,0.8950,0.8540,0.8690,116847900,102076362
2021-03-10,0.8730,0.8780,0.8590,0.8590,83166500,71949499
2021-03-11,0.8600,0.8840,0.8570,0.8830,96979900,84650446
2021-03-12,0.8850,0.8860,0.8720,0.8850,82832900,72722460
2021-03-15,0.8800,0.8850,0.8680,0.8760,107775600,94554336
2021-03-16,0.8770,0.8860,0.8700,0.8860,105827144,93005645
2021-03-17,0.8840,0.8910,0.8750,0.8890,95267500,84292860
2021-03-18,0.8840,0.8960,0.8840,0.8900,105445000,93977498
2021-03-19,0.8820,0.8940,0.8790,0.8880,118641600,105314272
2021-03-22,0.8850,0.9040,0.8850,0.9030,118009700,105845486
2021-03-23,0.9030,0.9060,0.8880,0.8950,123421100,110622481
2021-03-24,0.8870,0.8910,0.8750,0.8760,102848000,90729533
2021-03-25,0.8750,0.8850,0.8690,0.8780,145956162,128038040
2021-03-26,0.8790,0.8960,0.8790,0.8930,131944438,117245381
2021-03-29,0.8880,0.9030,0.8880,0.8950,95699200,85929880
2021-03-30,0.8940,0.8960,0.8880,0.8940,85531800,76338321
2021-03-31,0.8910,0.8950,0.8870,0.8940,93747500,83581165
2021-04-01,0.8930,0.9020,0.8920,0.8990,93197500,83573464
2021-04-02,0.9030,0.9040,0.8980,0.9000,89682200,80844034
2021-04-06,0.9020,0.9120,0.9010,0.9110,138376800,125604734
2021-04-07,0.9120,0.9120,0.9030,0.9110,130133100,118074085
2021-04-08,0.9110,0.9120,0.9050,0.9090,126817700,115266445
2021-04-09,0.9060,0.9100,0.9040,0.9100,169768100,154107757
2021-04-12,0.9090,0.9100,0.8870,0.8880,134909900,120991110
2021-04-13,0.8880,0.8920,0.8810,0.8850,129398000,114635716
2021-04-14,0.8850,0.8980,0.8830,0.8970,128498800,114414568
2021-04-15,0.8960,0.8960,0.8870,0.8950,98351300,87634968
2021-04-16,0.8960,0.9080,0.8940,0.9070,117552100,106052891
2021-04-19,0.9060,0.9220,0.9030,0.9180,148141100,135635543
2021-04-20,0.9180,0.9240,0.8700,0.9160,139395600,128204965
2021-04-21,0.9090,0.9190,0.9080,0.9170,124813800,114161213
2021-04-22,0.9170,0.9220,0.9170,0.9210,108700900,100008173
2021-04-23,0.9220,0.9220,0.9130,0.9180,120140700,110171937
2021-04-26,0.9180,0.9280,0.9120,0.9120,117076600,107847118
2021-04-27,0.9110,0.9160,0.9010,0.9100,123116600,111717351
2021-04-28,0.9060,0.9160,0.9050,0.9150,127273200,116063845
2021-04-29,0.9160,0.9180,0.9110,0.9110,122070800,111610010
2021-04-30,0.9120,0.9120,0.9030,0.9090,118043600,107194926
2021-05-06,0.9040,0.9140,0.9040,0.9120,132693500,120730618
2021-05-07,0.9120,0.9130,0.9010,0.9020,133490200,121162758
2021-05-10,0.9020,0.9040,0.8970,0.9020,140554300,126621734
2021-05-11,0.8960,0.9050,0.8880,0.9020,154575700,138704896
2021-05-12,0.8990,0.9200,0.8980,0.9180,131129300,118934026
2021-05-13,0.9100,0.9170,0.9070,0.9090,119540100,109029951
2021-05-14,0.9120,0.9270,0.9090,0.9260,134261300,123063662
2021-05-17,0.9240,0.9280,0.9170,0.9200,126538000,116584825
2021-05-18,0.9180,0.9260,0.9160,0.9260,126179400,116162552
2021-05-19,0.9230,0.9270,0.9210,0.9240,113425300,104862568
2021-05-20,0.9240,0.9290,0.9200,0.9250,104738700,96792479
2021-05-21,0.9250,0.9300,0.9230,0.9280,115444700,106970259
2021-05-24,0.9250,0.9350,0.9240,0.9350,110453300,102594748
2021-05-25,0.9350,0.9480,0.9340,0.9450,95478100,89879972
2021-05-26,0.9450,0.9540,0.9440,0.9500,115837200,110090842
2021-05-27,0.9490,0.9610,0.9480,0.9610,139601300,133642425
2021-05-28,0.9620,0.9660,0.9530,0.9560,148285500,142483428
2021-05-31,0.9580,0.9770,0.9560,0.9770,136639800,132301176
2021-06-01,0.9770,0.9810,0.9710,0.9800,128019500,125078279
2021-06-02,0.9790,0.9810,0.9650,0.9670,159081569,154871259
2021-06-03,0.9660,0.9770,0.9640,0.9670,128523700,124831958
2021-06-04,0.9630,0.9760,0.9580,0.9730,119307300,115822089
2021-06-07,0.9750,0.9870,0.9740,0.9870,137211900,134784586
2021-06-08,0.9870,0.9900,0.9710,0.9800,142753300,140065238
2021-06-09,0.9750,0.9810,0.9740,0.9790,131059500,128113719
2021-06-10,0.9800,0.9960,0.9770,0.9940,199169500,196530361
2021-06-11,0.9940,0.9980,0.9830,0.9870,170061700,168163703
2021-06-15,0.9810,0.9860,0.9770,0.9800,180386400,177295171
2021-06-16,0.9780,0.9790,0.9590,0.9620,153949300,148901724
2021-06-17,0.9590,0.9780,0.9590,0.9770,133854100,129687247
2021-06-18,0.9730,0.9910,0.9730,0.9870,157160800,154527756
2021-06-21,0.9870,1.0080,0.9850,1.0070,233183300,233126977
2021-06-22,1.0100,1.0130,1.0000,1.0060,170237300,171004162
2021-06-23,1.0080,1.0190,1.0030,1.0180,135963500,137303981
2021-06-24,1.0170,1.0170,1.0020,1.0040,176952300,178229663
2021-06-25,1.0050,1.0130,1.0000,1.0090,142360200,143217694
2021-06-28,1.0110,1.0230,1.0070,1.0170,166042000,169139827
2021-06-29,1.0160,1.0210,1.0070,1.0090,138663200,140595647
2021-06-30,1.0080,1.0220,0.9930,1.0220,150255699,152789007
2021-07-01,1.0220,1.0290,1.0030,1.0050,119198800,120977044
2021-07-02,1.0000,1.0040,0.9820,0.9950,193665600,193582382
2021-07-05,0.9910,1.0140,0.9910,1.0140,155932700,156634474
2021-07-06,1.0130,1.0180,0.9940,1.0090,215074000,216862121
2021-07-07,1.0020,1.0250,0.9980,1.0250,160380900,162409217
2021-07-08,1.0250,1.0320,1.0230,1.0280,167313000,171937080
2021-07-09,1.0270,1.0370,1.0130,1.0320,172346900,176445422
2021-07-12,1.0350,1.0560,1.0350,1.0520,167965300,176049524
2021-07-13,1.0550,1.0610,1.0500,1.0600,188005600,198394961
2021-07-14,1.0620,1.0630,1.0440,1.0460,228808600,240609634
2021-07-15,1.0410,1.0460,1.0260,1.0430,212838400,220883267
2021-07-16,1.0430,1.0580,1.0380,1.0440,203310400,213297440
2021-07-19,1.0390,1.0480,1.0360,1.0430,183915900,191770189
2021-07-20,1.0320,1.0520,1.0320,1.0510,163451300,170444569
2021-07-21,1.0520,1.0740,1.0510,1.0700,185362700,197421224
2021-07-22,1.0720,1.0790,1.0630,1.0750,142672900,152808239
2021-07-23,1.0760,1.0810,1.0640,1.0690,161835800,173609649
2021-07-26,1.0670,1.0720,1.0320,1.0550,214455200,226553706
2021-07-27,1.0560,1.0670,1.0230,1.0250,246053150,258387755
2021-07-28,1.0240,1.0240,0.9780,1.0050,213827400,214828848
2021-07-29,1.0130,1.0490,1.0110,1.0440,208220900,215098020
2021-07-30,1.0440,1.0580,1.0350,1.0550,203422800,212799916
2021-08-02,1.0520,1.0790,1.0500,1.0780,177413100,188251659
2021-08-03,1.0710,1.0760,1.0540,1.0570,189429400,202130235
2021-08-04,1.0540,1.0860,1.0500,1.0840,167501000,179188486
2021-08-05,1.0800,1.0860,1.0710,1.0800,171449262,185032027
2021-08-06,1.0810,1.0860,1.0740,1.0860,167128800,180534191
2021-08-09,1.0840,1.0890,1.0700,1.0870,197688800,213440540
2021-08-10,1.0860,1.0970,1.0820,1.0960,193122700,210827547
2021-08-11,1.0960,1.1060,1.0860,1.1050,173087300,190049272
2021-08-12,1.1050,1.1160,1.1020,1.1130,194808400,216197083
2021-08-13,1.1120,1.1220,1.1040,1.1120,222543900,247900820
2021-08-16,1.1100,1.1100,1.0950,1.0980,209819500,231274803
2021-08-17,1.0940,1.1000,1.0650,1.0670,220034816,238683480
2021-08-18,1.0680,1.0810,1.0650,1.0780,249362284,267466910
2021-08-19,1.0730,1.0900,1.0640,1.0870,211215800,227837443
2021-08-20,1.0830,1.0920,1.0680,1.0910,228224267,246428616
2021-08-23,1.0920,1.1160,1.0900,1.1130,279976810,309708555
2021-08-24,1.1200,1.1290,1.1060,1.1240,228413759,255344147
2021-08-25,1.1220,1.1270,1.1130,1.1270,219959900,246355187
2021-08-26,1.1240,1.1290,1.1110,1.1130,212277000,237729941
2021-08-27,1.1090,1.1190,1.1010,1.1160,261876800,291002199
2021-08-30,1.1150,1.1350,1.1150,1.1210,274933900,309751439
2021-08-31,1.1190,1.1240,1.1100,1.1240,259163800,289814436
2021-09-01,1.1250,1.1260,1.0870,1.1030,233288800,258121606
2021-09-02,1.1010,1.1200,1.0940,1.1200,200945400,223591694
2021-09-03,1.1230,1.1300,1.0960,1.1080,257459400,286301649
2021-09-06,1.1080,1.1260,1.0950,1.1240,207151000,230253964
2021-09-07,1.1230,1.1480,1.1200,1.1450,239744500,272659603
2021-09-08,1.1440,1.1530,1.1420,1.1520,200820400,230209749
2021-09-09,1.1480,1.1510,1.1370,1.1460,164757900,188393222
2021-09-10,1.1460,1.1560,1.1370,1.1540,255626827,293207624
2021-09-13,1.1500,1.1570,1.1450,1.1550,146898000,169155521
2021-09-14,1.1550,1.1700,1.1470,1.1500,187254800,216876097
2021-09-15,1.1450,1.1610,1.1410,1.1600,165956087,191500214
2021-09-16,1.1650,1.1680,1.1230,1.1240,297108000,339032026
2021-09-17,1.1210,1.1320,1.0980,1.1260,300067158,335461491
2021-09-22,1.1140,1.1320,1.1110,1.1310,166636911,187030952
2021-09-23,1.1350,1.1420,1.1300,1.1340,171846000,195296373
2021-09-24,1.1340,1.1340,1.1140,1.1180,209797786,235990344
2021-09-27,1.1150,1.1220,1.0730,1.0820,230207000,252007584
2021-09-28,1.0810,1.0890,1.0760,1.0840,160132600,173663355
2021-09-29,1.0750,1.0780,1.0460,1.0490,164413500,174105359
2021-09-30,1.0510,1.0760,1.0500,1.0740,165936200,176985410
2021-10-08,1.0830,1.0920,1.0730,1.0800,131994800,142549113
2021-10-11,1.0750,1.0800,1.0660,1.0730,147640000,158543048
2021-10-12,1.0680,1.0700,1.0340,1.0460,156593300,164292808
2021-10-13,1.0410,1.0600,1.0380,1.0580,131922356,138248699
2021-10-14,1.0500,1.0710,1.0500,1.0670,144108600,153146463
2021-10-15,1.0640,1.0710,1.0580,1.0680,103673200,110547133
2021-10-18,1.0620,1.0790,1.0620,1.0780,130704200,139818957
2021-10-19,1.0770,1.0910,1.0730,1.0900,132473200,143881389
2021-10-20,1.0860,1.0970,1.0810,1.0940,159664812,174032582
2021-10-21,1.0910,1.0960,1.0840,1.0860,132672300,144715320
2021-10-22,1.0860,1.0930,1.0770,1.0790,200217300,217320862
2021-10-25,1.0810,1.0950,1.0760,1.0950,130327300,141599495
2021-10-26,1.0960,1.1020,1.0870,1.0930,122191200,133876772
2021-10-27,1.0880,1.0890,1.0750,1.0810,137241500,148100709
2021-10-28,1.0780,1.0780,1.0550,1.0570,132352700,140939050
2021-10-29,1.0560,1.0750,1.0510,1.0750,113079100,120351336
2021-11-01,1.0700,1.0870,1.0670,1.0830,106971000,115325246
2021-11-02,1.0810,1.0890,1.0600,1.0720,124832900,134491511
2021-11-03,1.0680,1.0740,1.0610,1.0730,109243800,116618014
2021-11-04,1.0740,1.0880,1.0740,1.0870,99834300,107984850
2021-11-05,1.0870,1.0880,1.0710,1.0720,117392804,126847775
2021-11-08,1.0720,1.0790,1.0670,1.0790,139179700,149598194
2021-11-09,1.0770,1.0960,1.0770,1.0940,136147200,148049807
2021-11-10,1.0940,1.0960,1.0790,1.0950,149412300,162472718
2021-11-11,1.0950,1.1080,1.0910,1.1060,140294800,154338035
2021-11-12,1.1060,1.1210,1.1030,1.1200,169535900,189057901
2021-11-15,1.1270,1.1280,1.1110,1.1160,214361117,239322157
2021-11-16,1.1150,1.1190,1.1000,1.1040,176519500,196276919
2021-11-17,1.1020,1.1250,1.1010,1.1250,213854900,239000658
2021-11-18,1.1240,1.1300,1.1150,1.1210,243671600,273492861
2021-11-19,1.1150,1.1360,1.1150,1.1350,211656900,238733553
2021-11-22,1.1350,1.1600,1.1350,1.1590,257271800,295724117
2021-11-23,1.1580,1.1590,1.1510,1.1560,173040600,199861766
2021-11-24,1.1550,1.1590,1.1490,1.1550,192284800,221807562
2021-11-25,1.1530,1.1560,1.1480,1.1510,158870600,183054300
2021-11-26,1.1490,1.1580,1.1460,1.1540,152675100,176034166
2021-11-29,1.1450,1.1650,1.1400,1.1640,171074200,197955719
2021-11-30,1.1680,1.1760,1.1610,1.1710,314695500,368257397
2021-12-01,1.1690,1.1720,1.1610,1.1720,277940700,324726215
2021-12-02,1.1680,1.1690,1.1550,1.1570,216735900,251653700
2021-12-03,1.1560,1.1680,1.1530,1.1640,190447000,221109209
2021-12-06,1.1640,1.1650,1.1460,1.1470,276130800,319757847
2021-12-07,1.1510,1.1610,1.1210,1.1290,289197800,327139960
2021-12-08,1.1310,1.1510,1.1310,1.1480,214961700,245857709
2021-12-09,1.1480,1.1550,1.1450,1.1550,187728400,216136733
2021-12-10,1.1510,1.1750,1.1480,1.1680,149208400,172393811
2021-12-13,1.1580,1.1630,1.1520,1.1590,158148300,183158753
2021-12-14,1.1540,1.1630,1.1530,1.1620,175168400,202935544
2021-12-15,1.1590,1.1650,1.1530,1.1580,151535900,175862300
2021-12-16,1.1600,1.1640,1.1550,1.1620,128243300,148764947
2021-12-17,1.1610,1.1620,1.1460,1.1470,163187700,188212321
2021-12-20,1.1450,1.1510,1.1240,1.1280,151204300,171622484
2021-12-21,1.1280,1.1420,1.1260,1.1420,125246100,141973749
2021-12-22,1.1450,1.1530,1.1400,1.1510,188265000,216342245
2021-12-23,1.1510,1.1560,1.1450,1.1510,128925500,148475967
2021-12-24,1.1510,1.1530,1.1300,1.1320,162418300,184882789
2021-12-27,1.1280,1.1390,1.1260,1.1320,97429500,110319050
2021-12-28,1.1340,1.1440,1.1300,1.1430,121740600,138303392
2021-12-29,1.1440,1.1460,1.1390,1.1430,118305800,135159796
2021-12-30,1.1410,1.1560,1.1400,1.1520,118753600,136704339
2021-12-31,1.1520,1.1680,1.1520,1.1660,133492300,155141807
2022-01-04,1.1670,1.1740,1.1550,1.1610,176572000,205276426
2022-01-05,1.1610,1.1610,1.1260,1.1310,221521890,252059246
2022-01-06,1.1240,1.1450,1.1210,1.1380,249138200,283037413
2022-01-07,1.1400,1.1420,1.1140,1.1180,251008756,282931158
2022-01-10,1.1110,1.1270,1.1080,1.1230,195583400,219270726
2022-01-11,1.1210,1.1280,1.1090,1.1120,171700700,191787821
2022-01-12,1.1130,1.1330,1.1130,1.1320,158196000,177592266
2022-01-13,1.1290,1.1310,1.1110,1.1110,179900200,201500571
2022-01-14,1.1060,1.1200,1.1010,1.1150,156366600,174201652
2022-01-17,1.1130,1.1370,1.1130,1.1360,170533600,192543441
2022-01-18,1.1350,1.1380,1.1250,1.1300,185688300,210166468
2022-01-19,1.1250,1.1280,1.1080,1.1140,172369000,192587907
2022-01-20,1.1130,1.1130,1.0890,1.0900,189378000,208218697
2022-01-21,1.0860,1.0900,1.0720,1.0730,177404800,191534631
2022-01-24,1.0650,1.0850,1.0650,1.0790,196125500,211083717
2022-01-25,1.0710,1.0800,1.0360,1.0370,207525000,219535012
2022-01-26,1.0380,1.0500,1.0290,1.0440,244276400,254104575
2022-01-27,1.0390,1.0460,1.0110,1.0120,187843800,193361042
2022-01-28,1.0180,1.0280,0.9960,1.0160,181605898,183910498
2022-02-07,1.0240,1.0300,1.0200,1.0260,190611791,195613527
2022-02-08,1.0230,1.0340,1.0080,1.0340,203031200,207125021
2022-02-09,1.0340,1.0490,1.0250,1.0480,165622868,171862278
2022-02-10,1.0500,1.0500,1.0360,1.0450,199984200,208572745
2022-02-11,1.0410,1.0410,1.0200,1.0230,204316900,210837442
2022-02-14,1.0140,1.0310,1.0100,1.0160,170375300,173880987
2022-02-15,1.0160,1.0380,1.0150,1.0370,195114100,200495485
2022-02-16,1.0410,1.0480,1.0370,1.0450,149374599,155764978
2022-02-17,1.0440,1.0570,1.0360,1.0490,182123810,190956291
2022-02-18,1.0440,1.0560,1.0380,1.0530,146527584,153820038
2022-02-21,1.0520,1.0680,1.0520,1.0660,127435696,135117360
2022-02-22,1.0590,1.0640,1.0490,1.0600,253706800,267910836
2022-02-23,1.0620,1.0850,1.0600,1.0850,178153600,191675554
2022-02-24,1.0730,1.0860,1.0420,1.0590,271742400,290004673
2022-02-25,1.0690,1.0820,1.0640,1.0690,187810400,201465525
2022-02-28,1.0700,1.0800,1.0580,1.0780,182794900,195948442
2022-03-01,1.0810,1.0850,1.0710,1.0800,171323200,184565278
2022-03-02,1.0720,1.0800,1.0670,1.0780,139743500,149976035
2022-03-03,1.0820,1.0850,1.0640,1.0670,171074007,183211958
2022-03-04,1.0540,1.0700,1.0500,1.0540,148372100,157419263
2022-03-07,1.0470,1.0500,1.0230,1.0270,168639000,175007346
2022-03-08,1.0270,1.0320,0.9930,0.9960,231520900,234197429
2022-03-09,0.9960,1.0050,0.9480,0.9850,282951700,278572049
2022-03-10,1.0030,1.0190,1.0010,1.0090,226860000,228666486
2022-03-11,0.9920,1.0170,0.9850,1.0160,229403500,229691772
2022-03-14,1.0000,1.0140,0.9860,0.9880,254311100,254871190
2022-03-15,0.9790,0.9870,0.9390,0.9410,225838500,218723655
2022-03-16,0.9520,0.9770,0.9200,0.9720,319926100,304421944
2022-03-17,0.9770,1.0060,0.9770,0.9900,334620600,332656887
2022-03-18,0.9820,1.0010,0.9820,1.0000,168644900,167313096
2022-03-21,1.0080,1.0140,0.9990,1.0110,197691600,199043630
2022-03-22,1.0060,1.0160,1.0010,1.0060,155703500,156931803
2022-03-23,1.0100,1.0150,1.0030,1.0130,143145800,144681825
2022-03-24,1.0050,1.0110,0.9950,1.0000,159612200,159960103
2022-03-25,1.0010,1.0080,0.9890,0.9920,140199200,140386594
2022-03-28,0.9820,0.9930,0.9730,0.9820,161720900,158875433
2022-03-29,0.9870,0.9880,0.9740,0.9760,123275500,120928233
2022-03-30,0.9820,1.0010,0.9790,0.9990,321927000,319963967
2022-03-31,0.9970,0.9980,0.9830,0.9850,162497200,160879818
2022-04-01,0.9740,0.9880,0.9710,0.9860,143345000,140799141
2022-04-06,0.9810,0.9840,0.9740,0.9820,152841600,149629994
2022-04-07,0.9760,0.9840,0.9620,0.9630,139535900,135814361
2022-04-08,0.9630,0.9660,0.9420,0.9560,158530500,150952739
2022-04-11,0.9490,0.9490,0.9150,0.9220,187338800,174672127
2022-04-12,0.9230,0.9340,0.9090,0.9330,185204200,170805077
2022-04-13,0.9240,0.9280,0.9130,0.9160,237045300,218431750
2022-04-14,0.9220,0.9290,0.9150,0.9220,216584643,199203574
2022-04-15,0.9150,0.9210,0.9040,0.9120,244503043,223040514
2022-04-18,0.9050,0.9210,0.8960,0.9200,165278943,150512019
2022-04-19,0.9150,0.9260,0.9150,0.9230,159277844,146797569
2022-04-20,0.9200,0.9250,0.9020,0.9040,139614600,127920164
2022-04-21,0.9000,0.9060,0.8670,0.8680,177634200,157758398
2022-04-22,0.8630,0.8680,0.8510,0.8580,233381000,200364789
2022-04-25,0.8400,0.8460,0.7880,0.7930,286378100,233430032
2022-04-26,0.7880,0.7980,0.7640,0.7680,429468300,336345484
2022-04-27,0.7620,0.8080,0.7510,0.8070,317713433,246550690
2022-04-28,0.7960,0.8100,0.7890,0.7970,248847175,199090545
2022-04-29,0.8050,0.8390,0.7980,0.8350,270054156,221514322
2022-05-05,0.8310,0.8570,0.8230,0.8500,210221505,177547499
2022-05-06,0.8320,0.8460,0.8280,0.8390,187618500,157099382
2022-05-09,0.8320,0.8520,0.8300,0.8500,181066600,153277591
2022-05-10,0.8370,0.8670,0.8350,0.8640,229851100,196775636
2022-05-11,0.8670,0.8940,0.8640,0.8730,197092700,173833252
2022-05-12,0.8650,0.8850,0.8650,0.8780,171771342,150641907
2022-05-13,0.8820,0.8910,0.8720,0.8850,213779400,187804341
2022-05-16,0.8880,0.8960,0.8800,0.8870,154720300,136979306
2022-05-17,0.8840,0.8920,0.8740,0.8910,166148800,146698107
2022-05-18,0.8910,0.9000,0.8850,0.8910,215157700,192271406
2022-05-19,0.8780,0.9030,0.8750,0.9020,153747000,136520160
2022-05-20,0.9000,0.9130,0.8970,0.9100,206763800,187225708
2022-05-23,0.9120,0.9260,0.9110,0.9250,161078100,147906636
2022-05-24,0.9200,0.9240,0.8840,0.8870,218608800,199144513
2022-05-25,0.8860,0.9020,0.8830,0.9020,229486700,204781265
2022-05-26,0.9000,0.9150,0.8870,0.9100,249985048,225315969
2022-05-27,0.9130,0.9150,0.8970,0.9080,240128600,218155906
2022-05-30,0.9050,0.9170,0.8980,0.9160,170957400,155258905
2022-05-31,0.9150,0.9290,0.9060,0.9250,254778467,234209777
2022-06-01,0.9200,0.9330,0.9180,0.9290,157709000,146472445
2022-06-02,0.9280,0.9430,0.9230,0.9390,217687411,203180535
2022-06-06,0.9360,0.9660,0.9360,0.9630,197848100,189190602
2022-06-07,0.9620,0.9670,0.9540,0.9610,189636328,181899421
2022-06-08,0.9590,0.9720,0.9440,0.9640,216399528,207617021
2022-06-09,0.9570,0.9620,0.9410,0.9470,201135600,191788714
2022-06-10,0.9410,0.9690,0.9390,0.9680,151666728,145443984
2022-06-13,0.9630,0.9770,0.9530,0.9750,180324100,175102935
2022-06-14,0.9680,0.9760,0.9410,0.9750,248182000,237791965
2022-06-15,0.9720,0.9880,0.9700,0.9710,244263934,239116274
2022-06-16,0.9700,0.9880,0.9700,0.9800,192303485,188417788
2022-06-17,0.9710,0.9920,0.9670,0.9910,235309954,230871429
2022-06-20,0.9910,1.0050,0.9890,1.0000,207963806,207349752
2022-06-21,0.9990,1.0010,0.9810,0.9890,260977997,258883926
2022-06-22,0.9880,0.9950,0.9760,0.9770,230270197,227205628
2022-06-23,0.9750,1.0010,0.9710,1.0000,218001000,215176397
2022-06-24,1.0000,1.0180,1.0000,1.0110,280509000,283644880
2022-06-27,1.0130,1.0260,1.0130,1.0220,277154448,282775170
2022-06-28,1.0230,1.0370,1.0180,1.0350,407630000,419213882
2022-06-29,1.0320,1.0340,1.0080,1.0130,289512148,295918623
2022-06-30,1.0100,1.0280,1.0100,1.0210,234180600,239079949
2022-07-01,1.0190,1.0300,1.0160,1.0240,232389100,237741297
2022-07-04,1.0240,1.0350,1.0140,1.0330,233011576,239232748
2022-07-05,1.0320,1.0390,1.0160,1.0300,289678600,297294046
2022-07-06,1.0280,1.0300,1.0080,1.0170,342815000,349552068
2022-07-07,1.0170,1.0320,1.0100,1.0290,319969400,327392224
2022-07-08,1.0300,1.0350,1.0220,1.0240,366907300,377504790
2022-07-11,1.0180,1.0180,0.9980,1.0090,411560600,414566188
2022-07-12,1.0080,1.0110,0.9900,0.9910,365735900,365570682
2022-07-13,0.9910,1.0020,0.9850,0.9990,390180700,388082520
2022-07-14,0.9970,1.0170,0.9950,1.0130,330690300,333705326
2022-07-15,1.0100,1.0200,1.0010,1.0020,376722900,381683884
2022-07-18,1.0010,1.0190,1.0010,1.0170,588886600,595243540
2022-07-19,1.0200,1.0310,1.0150,1.0260,665445072,681408149
2022-07-20,1.0300,1.0410,1.0270,1.0410,896534600,929724150
2022-07-21,1.0410,1.0450,1.0340,1.0350,1101913572,1146752408
2022-07-22,1.0360,1.0420,1.0180,1.0280,2112099500,2177814904
2022-07-25,1.0260,1.0330,1.0120,1.0140,1378870200,1408841558
2022-07-26,1.0150,1.0310,1.0100,1.0300,1731670800,1769540925
2022-07-27,1.0280,1.0400,1.0240,1.0390,1755235700,1815134093
2022-07-28,1.0410,1.0530,1.0400,1.0470,2306744200,2414998980
2022-07-29,1.0470,1.0510,1.0400,1.0430,2657803961,2776871874
2022-08-01,1.0350,1.0510,1.0300,1.0490,2057282800,2140873415
2022-08-02,1.0390,1.0390,1.0030,1.0200,2398603467,2449979897
2022-08-03,1.0170,1.0350,1.0080,1.0120,1864187400,1914230218
2022-08-04,1.0130,1.0190,1.0000,1.0170,2222752100,2245173383
2022-08-05,1.0140,1.0400,1.0140,1.0400,1626924100,1671818465
2022-08-08,1.0360,1.0510,1.0340,1.0480,1313181700,1369460126
2022-08-09,1.0470,1.0550,1.0400,1.0530,1074153600,1126017275
2022-08-10,1.0460,1.0560,1.0460,1.0530,1249437820,1314816874
2022-08-11,1.0590,1.0680,1.0540,1.0670,1756925017,1866189590
2022-08-12,1.0640,1.0700,1.0560,1.0570,1258496800,1338721087
2022-08-15,1.0530,1.0680,1.0510,1.0640,1354282800,1438985486
2022-08-16,1.0640,1.0770,1.0620,1.0700,1382876081,1479456116
2022-08-17,1.0720,1.0740,1.0630,1.0710,1424545793,1523582244
2022-08-18,1.0670,1.0770,1.0670,1.0760,1316119600,1411036031
2022-08-19,1.0760,1.0790,1.0570,1.0580,1271450979,1356319201
2022-08-22,1.0540,1.0670,1.0470,1.0640,1503748000,1592416673
2022-08-23,1.0610,1.0690,1.0600,1.0690,1534624100,1633312779
2022-08-24,1.0650,1.0690,1.0270,1.0300,1957800000,2038235110
2022-08-25,1.0290,1.0320,1.0140,1.0270,1422668600,1453942720
2022-08-26,1.0250,1.0380,1.0170,1.0210,1261257600,1297340074
2022-08-29,1.0090,1.0280,1.0030,1.0250,1381520700,1411143187
2022-08-30,1.0250,1.0270,1.0150,1.0200,1705091600,1740716972
2022-08-31,1.0150,1.0200,0.9850,0.9880,2225654000,2218563992
2022-09-01,0.9830,0.9960,0.9780,0.9820,1938057899,1913593076
2022-09-05,2.6980,2.7330,2.6890,2.7130,633825069,1717475114
2022-09-06,2.7250,2.7670,2.7100,2.7660,674322969,1845902273
2022-09-07,2.7590,2.7950,2.7540,2.7830,555031007,1542329678
2022-09-08,2.7860,2.7920,2.7580,2.7610,524612733,1453693555
2022-09-09,2.7600,2.7710,2.7420,2.7690,722136376,1993022896
2022-09-13,2.7730,2.7850,2.7510,2.7600,580203414,1602544932
2022-09-14,2.7300,2.7400,2.7140,2.7290,576729775,1573772409
2022-09-15,2.7310,2.7440,2.6130,2.6440,884034084,2357531522
2022-09-16,2.6260,2.6500,2.5860,2.5900,763758004,2002734618
2022-09-19,2.5770,2.6000,2.5410,2.5610,677549607,1737417459
2022-09-20,2.5690,2.6160,2.5610,2.5900,519368816,1346705350
2022-09-21,2.5860,2.6030,2.5510,2.5900,679773996,1752778125
2022-09-22,2.5680,2.6240,2.5630,2.5950,561180024,1460124717
2022-09-23,2.5970,2.6040,2.5210,2.5470,755488271,1933104442
2022-09-26,2.5270,2.5650,2.5100,2.5120,739191023,1876452816
2022-09-27,2.5160,2.5630,2.5140,2.5600,921845703,2336076095
2022-09-28,2.5500,2.5600,2.4830,2.4850,605384776,1523978398
2022-09-29,2.5050,2.5240,2.4750,2.4940,714745736,1791369155
2022-09-30,2.4940,2.4990,2.4450,2.4460,643349605,1588977267
2022-10-10,2.4400,2.4590,2.3820,2.3950,575005462,1396159269
2022-10-11,2.3930,2.4130,2.3760,2.4010,565388112,1354456568
2022-10-12,2.3980,2.4730,2.3620,2.4720,869946595,2079679015
2022-10-13,2.4560,2.5230,2.4510,2.4990,851156794,2127523683
2022-10-14,2.5120,2.5730,2.5100,2.5660,573386126,1459856505
2022-10-17,2.5490,2.5920,2.5420,2.5810,607451069,1561829342
2022-10-18,2.5900,2.6180,2.5720,2.5980,641022880,1662723150
2022-10-19,2.5890,2.6150,2.5790,2.5830,545975187,1417291629
2022-10-20,2.5630,2.6140,2.5300,2.5750,1041066427,2666656612
2022-10-21,2.5700,2.5890,2.5500,2.5700,601207813,1545096516
2022-10-24,2.5700,2.6280,2.5270,2.5600,839858763,2169000257
2022-10-25,2.5350,2.5640,2.4960,2.5390,687043818,1740297297
2022-10-26,2.5390,2.6240,2.5390,2.6000,1227081460,3179036838
2022-10-27,2.6100,2.6190,2.5790,2.5850,805151253,2094327211
2022-10-28,2.5660,2.5800,2.4800,2.4900,810032723,2051721147
2022-10-31,2.4710,2.5420,2.4710,2.5160,720630389,1808795917
2022-11-01,2.5190,2.5850,2.5070,2.5840,898203605,2287150032
2022-11-02,2.5800,2.6210,2.5720,2.6090,643597186,1672852848
2022-11-03,2.5940,2.6320,2.5920,2.6220,489712102,1280525358
2022-11-04,2.6220,2.6940,2.6190,2.6910,749760349,1998600147
2022-11-07,2.6870,2.7030,2.6590,2.6800,645691933,1732475225
2022-11-08,2.6730,2.6800,2.6570,2.6790,622768123,1660098307
2022-11-09,2.6770,2.6940,2.6590,2.6670,569279125,1521126877
2022-11-10,2.6540,2.6630,2.6330,2.6420,770109547,2037062228
2022-11-11,2.7080,2.7170,2.6500,2.6520,1013156902,2716746029
2022-11-14,2.6520,2.6770,2.6220,2.6340,921674974,2440465109
2022-11-15,2.6240,2.6970,2.6240,2.6960,646610979,1727769158
2022-11-16,2.6960,2.7060,2.6720,2.6760,623646812,1675098840
2022-11-17,2.6700,2.6850,2.6480,2.6820,657899329,1749532516
2022-11-18,2.6830,2.6980,2.6540,2.6600,778965695,2088970032
2022-11-21,2.6420,2.6740,2.6320,2.6710,496754209,1319603141
2022-11-22,2.6630,2.6720,2.6170,2.6330,1039718963,2750271166
2022-11-23,2.6250,2.6370,2.5780,2.6270,570618000,1487260539
2022-11-24,2.6280,2.6420,2.6140,2.6300,534454280,1404428676
2022-11-25,2.6230,2.6250,2.5990,2.6040,376447658,983042464
2022-11-28,2.5640,2.6000,2.5550,2.5940,539533037,1395653098
2022-11-29,2.5990,2.6460,2.5970,2.6340,719349126,1889618274
2022-11-30,2.6340,2.6430,2.6200,2.6310,577616931,1521102129
2022-12-01,2.6640,2.6800,2.6510,2.6580,533170781,1421647044
2022-12-02,2.6450,2.6890,2.6450,2.6660,509691949,1362192538
2022-12-05,2.6800,2.6880,2.6640,2.6790,530353874,1418833450
2022-12-06,2.6710,2.6930,2.6590,2.6760,628237008,1680162772
2022-12-07,2.6740,2.6910,2.6600,2.6740,536437927,1436092494
2022-12-08,2.6740,2.6760,2.6530,2.6620,634540634,1690488400
2022-12-09,2.6590,2.6750,2.6450,2.6690,596585808,1589009103
2022-12-12,2.6700,2.6740,2.6440,2.6590,464913283,1236504234
2022-12-13,2.6550,2.6620,2.6330,2.6390,378381746,999837958
2022-12-14,2.6290,2.6510,2.6170,2.6240,487192872,1282499745
2022-12-15,2.6180,2.6400,2.6160,2.6330,455036296,1196575429
2022-12-16,2.6220,2.6300,2.5970,2.6100,602666839,1571781205
2022-12-19,2.6120,2.6170,2.5480,2.5580,645523988,1661540355
2022-12-20,2.5550,2.5560,2.5250,2.5310,663007855,1685280271
2022-12-21,2.5350,2.5390,2.4960,2.5170,655439849,1649025060
2022-12-22,2.5230,2.5250,2.4640,2.4780,519880612,1297519115
2022-12-23,2.4660,2.4810,2.4440,2.4600,697672259,1720585449
2022-12-26,2.4620,2.5110,2.4620,2.5040,652356606,1627858965
2022-12-27,2.5160,2.5260,2.4960,2.5240,436343567,1096365760
2022-12-28,2.5190,2.5190,2.5000,2.5070,590566188,1480593905
2022-12-29,2.4880,2.5250,2.4880,2.5020,573594865,1440040732
2022-12-30,2.5130,2.5160,2.4990,2.5070,610750491,1531111990
2023-01-03,2.5050,2.5710,2.5010,2.5640,833131244,2122389738
2023-01-04,2.5640,2.5720,2.5470,2.5640,612666890,1569804761
2023-01-05,2.5690,2.5920,2.5600,2.5910,535760150,1383678642
2023-01-06,2.5900,2.6110,2.5860,2.5950,471440458,1225331486
2023-01-09,2.6000,2.6240,2.5980,2.6070,517350798,1351434340
2023-01-10,2.6040,2.6150,2.5940,2.6110,473122199,1234038146
2023-01-11,2.6090,2.6220,2.5870,2.5920,631917081,1646976258
2023-01-12,2.5900,2.6120,2.5850,2.5920,540168574,1402660595
2023-01-13,2.5930,2.6100,2.5870,2.6080,500134083,1297596428
2023-01-16,2.6100,2.6520,2.6100,2.6360,1184607389,3125566776
2023-01-17,2.6360,2.6490,2.6290,2.6330,659066794,1738202875
2023-01-18,2.6390,2.6550,2.6350,2.6410,573530500,1517258113
2023-01-19,2.6390,2.6730,2.6310,2.6720,717334792,1906635930
2023-01-20,2.6730,2.7000,2.6730,2.6970,1180884750,3175403942
2023-01-30,2.7260,2.7390,2.7060,2.7080,853241942,2323781579
2023-01-31,2.7080,2.7270,2.7000,2.7170,732282783,1990026332
2023-02-01,2.7200,2.7620,2.7190,2.7610,716009438,1964224292
2023-02-02,2.7640,2.7880,2.7580,2.7650,791616745,2195553921
2023-02-03,2.7580,2.7690,2.7240,2.7620,725193774,1993929821
2023-02-06,2.7500,2.7650,2.7340,2.7560,652382794,1792418809
2023-02-07,2.7610,2.7650,2.7370,2.7640,1014239512,2789940396
2023-02-08,2.7660,2.7680,2.7410,2.7450,671408614,1848719436
2023-02-09,2.7370,2.8030,2.7320,2.8000,1018207204,2831834351
2023-02-10,2.7970,2.8020,2.7620,2.7860,778078022,2163615464
2023-02-13,2.7740,2.8140,2.7740,2.8120,743431290,2084127746
2023-02-14,2.8140,2.8210,2.8030,2.8180,545651163,1533864459
2023-02-15,2.8190,2.8240,2.8070,2.8170,475729082,1339282756
2023-02-16,2.8180,2.8350,2.7440,2.7670,861325554,2409548789
2023-02-17,2.7660,2.7750,2.7360,2.7420,792904761,2183183104
2023-02-20,2.7400,2.7770,2.7210,2.7740,878527981,2413105515
2023-02-21,2.7750,2.7990,2.7650,2.7870,547017391,1521501304
2023-02-22,2.7820,2.8010,2.7690,2.7950,469224372,1308269282
2023-02-23,2.7940,2.7990,2.7610,2.7820,462630146,1286200984
2023-02-24,2.7800,2.7900,2.7520,2.7720,531807226,1471456442
2023-02-27,2.7600,2.7720,2.7400,2.7540,627338533,1729818920
2023-02-28,2.7540,2.7790,2.7390,2.7760,470768362,1300324063
2023-03-01,2.7760,2.7990,2.7640,2.7960,414054621,1151899726
2023-03-02,2.7950,2.8040,2.7760,2.7830,440234234,1226444166
2023-03-03,2.7830,2.7950,2.7590,2.7790,529172483,1468998415
2023-03-06,2.7760,2.7960,2.7630,2.7880,484486630,1346490903
2023-03-07,2.7920,2.7920,2.7340,2.7380,510571902,1408574788
2023-03-08,2.7210,2.7530,2.7210,2.7460,447004315,1225599291
2023-03-09,2.7460,2.7550,2.7310,2.7530,489564284,1344341054
2023-03-10,2.7380,2.7430,2.7110,2.7130,565825120,1542374944
2023-03-13,2.7070,2.7290,2.6920,2.7260,490390839,1328817924
2023-03-14,2.7270,2.7270,2.6710,2.7010,489143398,1319708604
2023-03-15,2.7130,2.7340,2.7080,2.7140,393010428,1069359430
2023-03-16,2.7080,2.7090,2.6660,2.6730,458091904,1231143653
2023-03-17,2.6850,2.7100,2.6790,2.6930,578056341,1558065617
2023-03-20,2.6950,2.7050,2.6720,2.6820,467905992,1256752454
2023-03-21,2.6810,2.7180,2.6810,2.7160,479669001,1297662715
2023-03-22,2.7200,2.7310,2.7160,2.7270,413803888,1127552653
2023-03-23,2.7270,2.7390,2.7200,2.7370,465545436,1270437669
2023-03-24,2.7380,2.7440,2.7290,2.7390,373613399,1022714363
2023-03-27,2.7390,2.7520,2.7240,2.7430,379034396,1039194041
2023-03-28,2.7540,2.7540,2.7210,2.7280,421252674,1151276286
2023-03-29,2.7350,2.7470,2.7100,2.7180,482404058,1312196676
2023-03-30,2.7130,2.7210,2.6980,2.7200,478108319,1295710694
2023-03-31,2.7180,2.7440,2.7180,2.7420,397977763,1088187069
2023-04-03,2.7450,2.7810,2.7450,2.7790,555842589,1536800983
2023-04-04,2.7840,2.7840,2.7590,2.7750,427621294,1184524273
2023-04-06,2.7690,2.7880,2.7640,2.7840,415909707,1155886780
2023-04-07,2.7840,2.8130,2.7810,2.8080,295888992,828967426
2023-04-10,2.8140,2.8160,2.7770,2.7830,361471759,1009642103
2023-04-11,2.7780,2.7920,2.7730,2.7840,358809309,997824433
2023-04-12,2.7880,2.8010,2.7840,2.7990,385695326,1077845486
2023-04-13,2.8000,2.8010,2.7790,2.7820,355395657,991546301
2023-04-14,2.7850,2.8020,2.7760,2.7990,383831059,1071349443
2023-04-17,2.7990,2.8040,2.7910,2.8010,293765706,821851055
2023-04-18,2.7900,2.8030,2.7790,2.7900,355827023,992430009
2023-04-19,2.7880,2.7970,2.7740,2.7780,337729532,941371341
2023-04-20,2.7740,2.7800,2.7620,2.7780,362947918,1005485288
2023-04-21,2.7750,2.7770,2.7070,2.7080,432114674,1185618906
2023-04-24,2.7080,2.7140,2.6750,2.6860,518596511,1395158341
2023-04-25,2.6820,2.6890,2.6030,2.6380,764015694,2023361560
2023-04-26,2.6350,2.6600,2.6280,2.6460,558264968,1476582457
2023-04-27,2.6380,2.6670,2.6370,2.6520,739413480,1961190295
2023-04-28,2.6520,2.6930,2.6500,2.6920,570276123,1525775596
2023-05-04,2.6830,2.6930,2.6720,2.6850,443814543,1190646403
2023-05-05,2.6800,2.6840,2.6390,2.6560,441953158,1172516879
2023-05-08,2.6510,2.6830,2.6510,2.6720,538908462,1438973802
2023-05-09,2.6790,2.6790,2.6400,2.6400,409792439,1090978690
2023-05-10,2.6350,2.6590,2.6280,2.6450,421829710,1114367750
2023-05-11,2.6470,2.6580,2.6410,2.6430,368597785,976032501
2023-05-12,2.6370,2.6520,2.6090,2.6100,395246383,1038512822
2023-05-15,2.6100,2.6320,2.5840,2.6280,387321760,1009423077
2023-05-16,2.6290,2.6300,2.5960,2.6040,387309679,1010698267
2023-05-17,2.6040,2.6220,2.6000,2.6170,446758677,1166934813
2023-05-18,2.6150,2.6340,2.6150,2.6290,427341064,1122292506
2023-05-19,2.6270,2.6500,2.6130,2.6400,442155525,1164033499
2023-05-22,2.6360,2.6450,2.6180,2.6350,395947267,1042197106
2023-05-23,2.6370,2.6420,2.6080,2.6100,361608623,950211051
2023-05-24,2.6100,2.6280,2.5930,2.6040,403686338,1052981899
2023-05-25,2.6010,2.6210,2.5690,2.5990,469284898,1216688782
2023-05-26,2.5910,2.6280,2.5790,2.6220,475297713,1236986000
2023-05-29,2.6290,2.6370,2.6040,2.6170,367609852,963266431
2023-05-30,2.6170,2.6320,2.5880,2.6280,439225440,1146999464
2023-05-31,2.6280,2.6350,2.6090,2.6290,440932560,1156491797
2023-06-01,2.6260,2.6520,2.6110,2.6350,434587412,1145689624
2023-06-02,2.6400,2.6600,2.6390,2.6530,441871369,1172145807
2023-06-05,2.6530,2.6610,2.6460,2.6540,397150614,1054239809
2023-06-06,2.6530,2.6530,2.5920,2.5980,479499066,1259400153
2023-06-07,2.6040,2.6140,2.5920,2.5980,366106271,952839865
2023-06-08,2.5970,2.5980,2.5660,2.5860,378516252,977234021
2023-06-09,2.5850,2.6060,2.5770,2.6040,389622236,1009331238
2023-06-12,2.6030,2.6260,2.5990,2.6160,424645539,1111177168
2023-06-13,2.6180,2.6310,2.6150,2.6270,433508034,1137867038
2023-06-14,2.6270,2.6430,2.6240,2.6360,390485875,1028299625
2023-06-15,2.6440,2.6580,2.6350,2.6510,395682286,1046838263
2023-06-16,2.6480,2.6790,2.6480,2.6740,424174659,1131798065
2023-06-19,2.6730,2.6890,2.6710,2.6830,502994593,1349301102
2023-06-20,2.6860,2.6950,2.6760,2.6860,487817151,1309315161
2023-06-21,2.6860,2.6860,2.6320,2.6330,554687080,1472556447
2023-06-26,2.6220,2.6280,2.5760,2.5860,807021872,2095360595
2023-06-27,2.5880,2.6180,2.5850,2.6110,417883013,1087858569
2023-06-28,2.6110,2.6110,2.5600,2.6070,695990968,1797172143
2023-06-29,2.6030,2.6260,2.5970,2.6180,626481843,1637455748
2023-06-30,2.6110,2.6620,2.6110,2.6590,518920117,1372740527
2023-07-03,2.6600,2.6730,2.6410,2.6530,397924258,1056750852
2023-07-04,2.6470,2.6660,2.6470,2.6650,458664701,1220187130
2023-07-05,2.6590,2.6720,2.6410,2.6450,436540748,1159006953
2023-07-06,2.6380,2.6620,2.6330,2.6360,478225770,1265013909
2023-07-07,2.6350,2.6360,2.6060,2.6250,412895907,1081843475
2023-07-10,2.6320,2.6390,2.6140,2.6260,341525216,897058248
2023-07-11,2.6270,2.6480,2.6210,2.6470,357822345,943102978
2023-07-12,2.6460,2.6480,2.6070,2.6090,383541815,1007483731
2023-07-13,2.6160,2.6390,2.6110,2.6340,474757164,1247229977
2023-07-14,2.6380,2.6430,2.6300,2.6310,385560940,1016834481
2023-07-17,2.6230,2.6250,2.6050,2.6220,425853227,1113214013
2023-07-18,2.6210,2.6300,2.6090,2.6200,319834099,837349172
2023-07-19,2.6170,2.6280,2.6000,2.6140,308499932,805639893
2023-07-20,2.6150,2.6220,2.5780,2.5810,672979757,1751863854
2023-07-21,2.5780,2.5970,2.5690,2.5780,641324572,1655811763
2023-07-24,2.5720,2.5930,2.5660,2.5720,363666551,938034044
2023-07-25,2.5890,2.6190,2.5890,2.6130,617550717,1610841072
2023-07-26,2.6080,2.6130,2.5940,2.6010,422879215,1100447945
2023-07-27,2.6040,2.6090,2.5760,2.5810,375110763,972528964
2023-07-28,2.5700,2.6080,2.5650,2.6030,603725398,1563857322
2023-07-31,2.6030,2.6400,2.6030,2.6200,474487462,1245861326
2023-08-01,2.6210,2.6270,2.6090,2.6160,373502265,977936314
2023-08-02,2.6160,2.6210,2.6020,2.6110,431127018,1125174622
2023-08-03,2.6100,2.6150,2.5970,2.6130,512080773,1334919500
2023-08-04,2.6210,2.6430,2.6150,2.6280,410551129,1079808657
2023-08-07,2.6250,2.6330,2.6120,2.6160,376975462,987260944
2023-08-08,2.6110,2.6170,2.5950,2.6050,381648363,994287361
2023-08-09,2.5980,2.6030,2.5810,2.5850,437763805,1133901403
2023-08-10,2.5850,2.5920,2.5710,2.5830,365249106,943180417
2023-08-11,2.5830,2.5870,2.5350,2.5360,421684266,1079333422
2023-08-14,2.5250,2.5450,2.4990,2.5420,453411266,1141780240
2023-08-15,2.5390,2.5460,2.4970,2.5230,462854673,1165926768
2023-08-16,2.5100,2.5200,2.4890,2.4910,390860354,979197593
2023-08-17,2.4860,2.5190,2.4650,2.5120,466398568,1165399406
2023-08-18,2.5180,2.5210,2.4610,2.4630,372477564,928020623
2023-08-21,2.4590,2.4780,2.4350,2.4360,497744779,1223713877
2023-08-22,2.4450,2.4560,2.4070,2.4510,614011746,1495087777
2023-08-23,2.4410,2.4440,2.4010,2.4050,580758312,1405768248
2023-08-24,2.4090,2.4350,2.3920,2.4070,478589231,1153876009
2023-08-25,2.3980,2.4090,2.3550,2.3680,631859178,1506197170
2023-08-28,2.5070,2.5070,2.3750,2.3830,918169553,2226546391
2023-08-29,2.3870,2.4690,2.3820,2.4550,1067364589,2595729526
2023-08-30,2.4550,2.4930,2.4530,2.4670,612353588,1514191251
2023-08-31,2.4650,2.4680,2.4470,2.4600,453023451,1113181491
2023-09-01,2.4610,2.4740,2.4470,2.4580,424165279,1042486568
2023-09-04,2.4620,2.4960,2.4550,2.4950,490374940,1213980670
2023-09-05,2.4890,2.4970,2.4740,2.4810,594822110,1477045484
2023-09-06,2.4700,2.4970,2.4570,2.4900,474258592,1175169345
2023-09-07,2.4890,2.4890,2.4460,2.4480,612288457,1508859197
2023-09-08,2.4440,2.4630,2.4390,2.4530,479777540,1176981846
2023-09-11,2.4500,2.4970,2.4450,2.4890,424147048,1050084210
2023-09-12,2.4810,2.4990,2.4810,2.4870,309872843,771498848
2023-09-13,2.4830,2.4850,2.4360,2.4550,416754091,1023969772
2023-09-14,2.4530,2.4550,2.4300,2.4460,355002818,867226330
2023-09-15,2.4460,2.4630,2.4320,2.4470,445020539,1088016606
2023-09-18,2.4370,2.4600,2.4290,2.4490,384509593,941162424
2023-09-19,2.4470,2.4510,2.4200,2.4310,358977952,871597672
2023-09-20,2.4260,2.4330,2.4080,2.4090,417886084,1011667586
2023-09-21,2.4000,2.4160,2.3870,2.3910,381942832,915724105
2023-09-22,2.3880,2.4390,2.3850,2.4390,518623204,1253182364
2023-09-25,2.4300,2.4400,2.4200,2.4260,469968195,1139966206
2023-09-26,2.4250,2.4290,2.4150,2.4160,335802775,812728096
2023-09-27,2.4150,2.4420,2.4110,2.4310,465902073,1133520515
2023-09-28,2.4310,2.4500,2.4310,2.4490,501160856,1223408923
2023-10-09,2.4400,2.4470,2.4220,2.4390,460352477,1120715666
2023-10-10,2.4410,2.4510,2.4270,2.4310,365041374,888459407
2023-10-11,2.4400,2.4600,2.4280,2.4360,621182575,1515784219
2023-10-12,2.4480,2.4560,2.4370,2.4540,484410211,1185695781
2023-10-13,2.4400,2.4500,2.4400,2.4490,322873495,789425521
2023-10-16,2.4500,2.4540,2.4140,2.4220,486614809,1180172488
2023-10-17,2.4220,2.4250,2.4010,2.4180,275109810,663099227
2023-10-18,2.4090,2.4120,2.3740,2.3780,411499719,981596962
2023-10-19,2.3690,2.3850,2.3490,2.3530,410578697,971621614
2023-10-20,2.3460,2.3570,2.3180,2.3270,425539777,993855924
2023-10-23,2.3170,2.3190,2.2550,2.2680,498342190,1138934367
2023-10-24,2.2700,2.3100,2.2600,2.2970,417114548,953550096
2023-10-25,2.3160,2.3370,2.3130,2.3230,421801524,981499123
2023-10-26,2.3160,2.3430,2.3030,2.3390,387000917,896765567
2023-10-27,2.3320,2.3910,2.3220,2.3830,308952128,729153735
2023-10-30,2.3700,2.4240,2.3700,2.4140,311103295,746928237
2023-10-31,2.4070,2.4180,2.3880,2.4010,252147576,605365790
2023-11-01,2.4070,2.4090,2.3880,2.3980,240989128,577515662
2023-11-02,2.3970,2.4090,2.3710,2.3720,320220578,763558550
2023-11-03,2.3790,2.4130,2.3770,2.4020,510581810,1225766499
2023-11-06,2.4150,2.4550,2.4140,2.4510,402604051,982359167
2023-11-07,2.4420,2.4680,2.4410,2.4590,421975476,1034757722
2023-11-08,2.4550,2.4790,2.4500,2.4690,348417169,859269252
2023-11-09,2.4630,2.4790,2.4470,2.4530,303005735,744819731
2023-11-10,2.4470,2.4530,2.4350,2.4490,274706012,671616728
2023-11-13,2.4570,2.4750,2.4500,2.4740,265241332,652525492
2023-11-14,2.4720,2.4930,2.4680,2.4870,285238092,707826011
2023-11-15,2.5050,2.5080,2.4870,2.4970,303536441,757391132
2023-11-16,2.4870,2.4920,2.4700,2.4710,305777767,758401652
2023-11-17,2.4690,2.4990,2.4620,2.4980,299902084,743357514
2023-11-20,2.4930,2.5190,2.4840,2.5150,273417415,683958857
2023-11-21,2.5180,2.5230,2.4950,2.4970,239389623,601226300
2023-11-22,2.4930,2.5060,2.4660,2.4700,223082746,555126581
2023-11-23,2.4700,2.4960,2.4550,2.4940,308693605,764423111
2023-11-24,2.4930,2.4930,2.4520,2.4590,331931895,819384905
2023-11-27,2.4610,2.4660,2.4420,2.4600,241032979,591132258
2023-11-28,2.4550,2.4740,2.4370,2.4690,234134126,575783232
2023-11-29,2.4710,2.4740,2.4530,2.4620,223892822,551981607
2023-11-30,2.4600,2.4610,2.4240,2.4460,273840495,668357955
2023-12-01,2.4460,2.4740,2.4340,2.4690,308449417,756785754
2023-12-04,2.4680,2.4750,2.4560,2.4580,211407181,520800040
2023-12-05,2.4500,2.4520,2.4110,2.4140,255713914,621954844
2023-12-06,2.4120,2.4420,2.4020,2.4240,236631085,572671769
2023-12-07,2.4170,2.4340,2.4040,2.4220,331540640,802192777
2023-12-08,2.4220,2.4400,2.4150,2.4170,392904530,952890389
2023-12-11,2.4050,2.4520,2.3910,2.4420,518531517,1255749177
2023-12-12,2.4400,2.4500,2.4350,2.4480,367244530,896996526
2023-12-13,2.4490,2.4490,2.4220,2.4250,273128771,665493647
2023-12-14,2.4370,2.4480,2.4120,2.4170,349792903,849822930
2023-12-15,2.4220,2.4280,2.3880,2.4000,357672475,859776567
2023-12-18,2.3910,2.3970,2.3540,2.3620,219272737,520786475
2023-12-19,2.3630,2.3730,2.3450,2.3640,248418461,585698507
2023-12-20,2.3630,2.3670,2.3210,2.3220,233749471,546562169
2023-12-21,2.3090,2.3430,2.2900,2.3340,299441985,693809148
2023-12-22,2.3320,2.3440,2.3030,2.3140,298480841,692924368
2023-12-25,2.3090,2.3200,2.2940,2.3100,287112540,661805075
2023-12-26,2.3060,2.3080,2.2710,2.2800,317873866,725864226
2023-12-27,2.2800,2.2990,2.2690,2.2930,369551147,844663155
2023-12-28,2.2850,2.3470,2.2780,2.3400,496755678,1152416615
2023-12-29,2.3380,2.3750,2.3250,2.3740,365941972,864174973
2024-01-02,2.3710,2.3760,2.3540,2.3540,402469698,951096966
2024-01-03,2.3490,2.3600,2.3270,2.3430,384850297,900556340
2024-01-04,2.3390,2.3430,2.3150,2.3290,371329140,863260044
2024-01-05,2.3230,2.3330,2.2780,2.2920,317095440,731336763
2024-01-08,2.2850,2.2850,2.2300,2.2330,297593139,670287089
2024-01-09,2.2380,2.2590,2.2160,2.2330,299676568,670611554
2024-01-10,2.2240,2.2490,2.1970,2.2180,225008281,499762981
2024-01-11,2.2150,2.2720,2.2150,2.2620,349064541,784357922
2024-01-12,2.2510,2.2750,2.2430,2.2430,296560765,669928414
2024-01-15,2.2330,2.2590,2.2200,2.2360,220051476,492632590
2024-01-16,2.2340,2.2400,2.1990,2.2300,284725733,632680886
2024-01-17,2.2210,2.2260,2.1670,2.1680,212994328,469089779
2024-01-18,2.1680,2.1820,2.0980,2.1620,439518289,937374833
2024-01-19,2.1500,2.1690,2.1330,2.1350,456134065,981018686
2024-01-22,2.1350,2.1350,2.0010,2.0180,318668890,658552129
2024-01-23,2.0080,2.0540,1.9800,2.0440,333266866,675726599
2024-01-24,2.0480,2.0780,1.9910,2.0760,338564842,690226233
2024-01-25,2.0700,2.1480,2.0500,2.1470,361391460,763758690
2024-01-26,2.1420,2.1550,2.1120,2.1200,321305187,685456122
2024-01-29,2.1190,2.1350,2.0610,2.0620,297117424,620810733
2024-01-30,2.0500,2.0720,2.0010,2.0050,268956322,547857945
2024-01-31,2.0010,2.0090,1.9230,1.9310,377708468,739380648
2024-02-01,1.9200,1.9590,1.8860,1.9140,548366154,1055247346
2024-02-02,1.9130,1.9350,1.7830,1.8490,605886708,1129187484
2024-02-05,1.8200,1.8230,1.6810,1.7370,4937763268,8700396123
2024-02-06,1.7010,1.8760,1.6800,1.8550,3046341897,5398219113
2024-02-07,1.8390,1.9550,1.8390,1.9380,2038399961,3915804858
2024-02-08,1.9600,2.0430,1.9490,2.0170,1471847160,2962793571
2024-02-19,2.0270,2.0500,1.9860,2.0200,1894857155,3821177177
2024-02-20,2.0020,2.0350,1.9870,2.0250,577577034,1159892193
2024-02-21,2.0120,2.0960,2.0010,2.0350,910213593,1872046201
2024-02-22,2.0330,2.0730,2.0320,2.0700,491282803,1009652007
2024-02-23,2.0710,2.1060,2.0530,2.1050,578900955,1202547588
2024-02-26,2.1020,2.1440,2.0870,2.1090,569316011,1202587767
2024-02-27,2.1000,2.1760,2.0940,2.1730,574771797,1229019882
2024-02-28,2.1730,2.2020,2.0660,2.0680,1170156894,2495932242
2024-02-29,2.0570,2.1520,2.0530,2.1510,632387235,1339087543
2024-03-01,2.1480,2.1780,2.1370,2.1750,639772591,1379505277
2024-03-04,2.1740,2.1860,2.1390,2.1790,583904098,1263579869
2024-03-05,2.1660,2.1760,2.1450,2.1630,1970307270,4265349234
2024-03-06,2.1560,2.1860,2.1330,2.1610,529580815,1145319846
2024-03-07,2.1620,2.1850,2.1280,2.1290,517124493,1113134896
2024-03-08,2.1340,2.1670,2.1210,2.1570,372246304,799293094
2024-03-11,2.1500,2.2010,2.1470,2.2000,573270518,1245798281
2024-03-12,2.2000,2.2230,2.1850,2.2100,430820233,950150223
2024-03-13,2.2080,2.2380,2.1990,2.2170,373699715,828631481
2024-03-14,2.2140,2.2280,2.1830,2.2040,353905632,781966401
2024-03-15,2.1960,2.2390,2.1920,2.2380,519997588,1152389210
2024-03-18,2.2400,2.2760,2.2310,2.2750,515682551,1162277587
2024-03-19,2.2660,2.2740,2.2500,2.2530,454723718,1028152848
2024-03-20,2.2520,2.2790,2.2500,2.2730,355711958,804891516
2024-03-21,2.2780,2.2890,2.2580,2.2720,304758652,693462739
2024-03-22,2.2700,2.2740,2.2290,2.2460,463814102,1042343701
2024-03-25,2.2430,2.2540,2.1950,2.1960,508632610,1132476441
2024-03-26,2.1940,2.2080,2.1650,2.1860,487295843,1066226591
2024-03-27,2.1800,2.1860,2.1130,2.1150,516929025,1110565857
2024-03-28,2.1110,2.1850,2.1110,2.1640,598000982,1292168990
2024-03-29,2.1580,2.1890,2.1460,2.1870,538054283,1167120176
2024-04-01,2.1920,2.2370,2.1920,2.2330,607650966,1349320913
2024-04-02,2.2300,2.2330,2.2040,2.2210,551754081,1224007532
2024-04-03,2.2210,2.2210,2.1910,2.2140,522113294,1150475682
2024-04-08,2.2030,2.2050,2.1670,2.1680,327485929,716710997
2024-04-09,2.1680,2.1990,2.1620,2.1960,234948007,512559164
2024-04-10,2.1920,2.1920,2.1390,2.1570,246659853,533830787
2024-04-11,2.1440,2.1880,2.1400,2.1620,319814171,693322490
2024-04-12,2.1560,2.1760,2.1400,2.1440,264939089,571133240
2024-04-15,2.1380,2.1550,2.0930,2.1250,325894342,692288483
2024-04-16,2.1170,2.1230,2.0330,2.0340,694813597,1436381766
2024-04-17,2.0510,2.1270,2.0490,2.1260,582402369,1222645409
2024-04-18,2.1150,2.1490,2.0990,2.1230,620890301,1321298884
2024-04-19,2.1110,2.1350,2.0970,2.1130,481451974,1017316017
2024-04-22,2.1050,2.1330,2.0800,2.1090,244087018,515223380
2024-04-23,2.1050,2.1180,2.0840,2.0950,281431019,590376801
2024-04-24,2.0930,2.1350,2.0890,2.1340,441433130,935067291
2024-04-25,2.1320,2.1550,2.1200,2.1330,390309434,834951278
2024-04-26,2.1340,2.1810,2.1290,2.1770,816232009,1767085398
2024-04-29,2.1850,2.2340,2.1800,2.2300,946719740,2100012448
2024-04-30,2.2260,2.2320,2.2010,2.2070,463797423,1026873766
2024-05-06,2.2370,2.2690,2.2360,2.2480,775970725,1743482702
2024-05-07,2.2460,2.2620,2.2430,2.2570,451348615,1016770387
2024-05-08,2.2500,2.2500,2.2190,2.2210,533688495,1189859320
2024-05-09,2.2180,2.2680,2.2180,2.2600,381882490,860885090
2024-05-10,2.2670,2.2710,2.2280,2.2400,753417650,1685968934
2024-05-13,2.2270,2.2340,2.1990,2.2190,471790075,1045165451
2024-05-14,2.2200,2.2450,2.2170,2.2290,394274736,879171054
2024-05-15,2.2270,2.2330,2.2050,2.2090,224590190,498244689
2024-05-16,2.2130,2.2300,2.2000,2.2040,327578388,726582151
2024-05-17,2.2050,2.2420,2.2000,2.2400,479549523,1067336662
2024-05-20,2.2400,2.2580,2.2320,2.2480,524912797,1179527502
2024-05-21,2.2440,2.2450,2.2160,2.2250,643007135,1432371088
2024-05-22,2.2220,2.2330,2.2130,2.2280,210364697,468128441
2024-05-23,2.2210,2.2210,2.1720,2.1800,318884183,699331089
2024-05-24,2.1690,2.1900,2.1540,2.1540,249685179,541469252
2024-05-27,2.1590,2.1810,2.1290,2.1790,272933265,586492211
2024-05-28,2.1690,2.1780,2.1500,2.1540,250226857,541897325
2024-05-29,2.1500,2.1710,2.1440,2.1530,224647621,485112172
2024-05-30,2.1430,2.1660,2.1370,2.1520,267985515,576987102
2024-05-31,2.1550,2.1720,2.1540,2.1580,299523757,647440920
2024-06-03,2.1540,2.1580,2.1130,2.1290,316898989,676396984
2024-06-04,2.1200,2.1480,2.1110,2.1430,305906300,651490180
2024-06-05,2.1370,2.1500,2.1160,2.1170,249735687,532837837
2024-06-06,2.1210,2.1300,2.0640,2.0730,439262004,917648348
2024-06-07,2.0900,2.0970,2.0590,2.0810,464247586,965799755
2024-06-11,2.0700,2.1060,2.0530,2.1000,336518195,701082490
2024-06-12,2.0910,2.1130,2.0890,2.1060,328636764,692116431
2024-06-13,2.1110,2.1110,2.0880,2.0930,213099714,446962166
2024-06-14,2.0860,2.1050,2.0790,2.0990,399380049,835239668
2024-06-17,2.0890,2.1100,2.0860,2.0960,347731186,730634636
2024-06-18,2.0960,2.1200,2.0940,2.1150,599763138,1266486757
2024-06-19,2.1170,2.1220,2.0860,2.0870,578974899,1213020443
2024-06-20,2.0830,2.0920,2.0430,2.0490,463710343,956435934
2024-06-21,2.0420,2.0600,2.0330,2.0460,340790746,697378909
2024-06-24,2.0340,2.0350,1.9780,1.9800,358779485,718454854
2024-06-25,1.9800,1.9890,1.9490,1.9640,385462494,759518395
2024-06-26,1.9600,2.0240,1.9500,2.0220,498379115,993141498
2024-06-27,2.0110,2.0160,1.9700,1.9730,541151610,1076063619
2024-06-28,1.9670,2.0160,1.9660,1.9830,724061291,1447707051
2024-07-01,1.9790,2.0110,1.9590,2.0010,643981961,1276369634
2024-07-02,1.9980,2.0080,1.9790,1.9870,412980640,822437424
2024-07-03,1.9830,1.9890,1.9680,1.9710,278729566,551514095
2024-07-04,1.9750,1.9800,1.9210,1.9320,727920724,1412888219
2024-07-05,1.9280,1.9600,1.9120,1.9510,564560726,1091526136
2024-07-08,1.9420,1.9450,1.8960,1.9050,409753996,786374573
2024-07-09,1.9000,1.9520,1.8850,1.9460,1085149865,2080017301
2024-07-10,1.9400,1.9590,1.9350,1.9370,465797925,906375667
2024-07-11,1.9610,1.9880,1.9550,1.9860,627197306,1238243804
2024-07-12,1.9840,1.9880,1.9690,1.9780,354497044,701226903
2024-07-15,1.9720,1.9750,1.9520,1.9570,1067802924,2097856425
2024-07-16,1.9520,1.9660,1.9400,1.9620,610224502,1191689772
2024-07-17,1.9580,1.9630,1.9430,1.9490,1655624825,3234163466
2024-07-18,1.9350,1.9590,1.9140,1.9540,1459805460,2824521056
2024-07-19,1.9380,1.9730,1.9370,1.9550,920160089,1802573330
2024-07-22,1.9540,1.9670,1.9450,1.9580,556529307,1090468430
2024-07-23,1.9580,1.9600,1.9040,1.9040,342062069,659392469
2024-07-24,1.9020,1.9110,1.8770,1.8780,520992225,986263929
2024-07-25,1.8690,1.9020,1.8650,1.8800,482397162,908348776
2024-07-26,1.8790,1.9150,1.8780,1.9100,328499492,625502860
2024-07-29,1.9100,1.9130,1.8950,1.9010,190986566,363204368
2024-07-30,1.8950,1.9180,1.8810,1.9090,300594535,571111275
2024-07-31,1.9070,1.9950,1.9030,1.9930,1463113220,2878227401
2024-08-01,1.9900,2.0070,1.9680,1.9800,792387991,1575826251
2024-08-02,1.9640,1.9930,1.9480,1.9530,450951770,888552344
2024-08-05,1.9380,1.9740,1.8980,1.9010,1077406211,2077977409
2024-08-06,1.9210,1.9380,1.9050,1.9270,637120909,1222795154
2024-08-07,1.9210,1.9380,1.9130,1.9250,601869003,1159042994
2024-08-08,1.9180,1.9420,1.8980,1.9270,414234878,796364345
2024-08-09,1.9360,1.9480,1.9080,1.9080,397003345,763831207
2024-08-12,1.9040,1.9110,1.8920,1.9010,284600653,541164199
2024-08-13,1.8990,1.9110,1.8850,1.9060,420122175,797714699
2024-08-14,1.9050,1.9070,1.8860,1.8870,275502704,522115493
2024-08-15,1.8800,1.9290,1.8790,1.9040,864509231,1650136261
2024-08-16,1.9040,1.9110,1.8890,1.8890,429806582,815225487
2024-08-19,1.8880,1.9170,1.8850,1.8930,338032536,642704831
2024-08-20,1.8940,1.8970,1.8520,1.8600,752640995,1403249569
2024-08-21,1.8530,1.8670,1.8480,1.8500,282826769,524495753
2024-08-22,1.8500,1.8560,1.8240,1.8270,423494377,776747581
2024-08-23,1.8250,1.8340,1.8150,1.8280,477332678,871403802
2024-08-26,1.8270,1.8440,1.8210,1.8350,463638211,850796221
2024-08-27,1.8300,1.8300,1.8090,1.8150,909830857,1653888479
2024-08-28,1.8120,1.8340,1.8060,1.8170,734258771,1336387663
2024-08-29,1.8100,1.8550,1.8080,1.8470,849753165,1562323530
2024-08-30,1.8430,1.9100,1.8430,1.8820,1606883498,3035694860
2024-09-02,1.8770,1.8850,1.8390,1.8420,855605888,1591408300
2024-09-03,1.8380,1.8710,1.8380,1.8580,789162410,1464018477
2024-09-04,1.8440,1.8700,1.8400,1.8510,472501712,875597218
2024-09-05,1.8520,1.8780,1.8520,1.8660,440815184,821290430
2024-09-06,1.8690,1.8710,1.8300,1.8350,680900680,1257254828
2024-09-09,1.8250,1.8410,1.8120,1.8200,408367031,745097345
2024-09-10,1.8200,1.8340,1.7880,1.8260,518359972,938019914
2024-09-11,1.8160,1.8310,1.8110,1.8250,860700821,1569170184
2024-09-12,1.8280,1.8490,1.8160,1.8190,617876135,1131386008
2024-09-13,1.8190,1.8220,1.7950,1.7970,658004769,1188466623
2024-09-18,1.7950,1.7990,1.7650,1.7890,520586217,928118693
2024-09-19,1.7930,1.8430,1.7810,1.8240,1119459924,2032423193
2024-09-20,1.8190,1.8230,1.7990,1.8140,1537079975,2785055266
2024-09-23,1.8110,1.8370,1.8040,1.8160,452182556,823315819
2024-09-24,1.8330,1.8940,1.8140,1.8920,2090227979,3892250427
2024-09-25,1.9110,1.9530,1.9030,1.9050,1358595792,2616895709
2024-09-26,1.8970,1.9980,1.8970,1.9940,2740138630,5362037241
2024-09-27,2.0250,2.1800,2.0070,2.1720,1415966814,2924884104
2024-09-30,2.2700,2.3890,2.1610,2.3890,5843265615,13308018547
2024-10-08,2.6280,2.6280,2.3900,2.5290,3749725644,9463152101
2024-10-09,2.4300,2.4800,2.3030,2.3240,2371558139,5693473537
2024-10-10,2.3360,2.3950,2.2730,2.2950,2169131671,5059557303
2024-10-11,2.2810,2.2840,2.1700,2.2030,2502679746,5551958747
2024-10-14,2.2100,2.2860,2.1700,2.2830,2108554356,4702568534
2024-10-15,2.2650,2.3180,2.2310,2.2360,2515340049,5715334758
2024-10-16,2.2010,2.2790,2.2010,2.2440,1053864856,2364676465
2024-10-17,2.2600,2.2860,2.2330,2.2350,1552726397,3505287352
2024-10-18,2.2310,2.4130,2.2280,2.3370,3456522478,8077833461
2024-10-21,2.3480,2.4180,2.3380,2.3790,1746654036,4157949757
2024-10-22,2.3730,2.4130,2.3610,2.3920,1608516029,3834257460
2024-10-23,2.3960,2.4400,2.3780,2.3980,924024337,2225819085
2024-10-24,2.3830,2.3940,2.3610,2.3820,834214599,1983642994
2024-10-25,2.3830,2.4490,2.3830,2.4370,1399638980,3391460637
2024-10-28,2.4310,2.4710,2.4200,2.4700,971647887,2380862501
2024-10-29,2.4800,2.4830,2.4280,2.4330,1908879250,4681000439
2024-10-30,2.4200,2.4550,2.4110,2.4470,1007125572,2450508281
2024-10-31,2.4500,2.5090,2.4350,2.4830,1024828890,2538497445
2024-11-01,2.4700,2.4850,2.4040,2.4110,1337878196,3260280576
2024-11-04,2.4000,2.4690,2.3990,2.4660,731579389,1783324223
2024-11-05,2.4640,2.5590,2.4560,2.5490,2033934909,5133513391
2024-11-06,2.5500,2.5890,2.5350,2.5570,1116494215,2860190628
2024-11-07,2.5310,2.6080,2.5310,2.6050,855353700,2196870967
2024-11-08,2.6200,2.6490,2.5950,2.6070,1087744151,2849866193
2024-11-11,2.5950,2.6710,2.5950,2.6680,1737884488,4593534021
2024-11-12,2.6700,2.6870,2.6120,2.6410,999754283,2654182206
2024-11-13,2.6240,2.6430,2.5830,2.6260,952748801,2488898150
2024-11-14,2.6210,2.6250,2.5450,2.5490,1566918344,4041334943
2024-11-15,2.5430,2.5710,2.4880,2.4890,960639711,2433464180
2024-11-18,2.4950,2.5050,2.4070,2.4300,1171811285,2869224849
2024-11-19,2.4240,2.4940,2.4160,2.4910,977273193,2395231777
2024-11-20,2.4810,2.5410,2.4750,2.5370,1415098124,3544503227
2024-11-21,2.5330,2.5530,2.5160,2.5430,458406920,1163944469
2024-11-22,2.5380,2.5480,2.4450,2.4470,613174409,1533755704
2024-11-25,2.4610,2.4660,2.4090,2.4580,413448722,1007004691
2024-11-26,2.4510,2.4770,2.4250,2.4260,513734609,1256359326
2024-11-27,2.4230,2.4900,2.3790,2.4860,1200080221,2931115414
2024-11-28,2.4840,2.5050,2.4660,2.4720,830894212,2065887411
2024-11-29,2.4690,2.5390,2.4530,2.5130,1563294534,3923756091
2024-12-02,2.5140,2.5730,2.5110,2.5640,1051509577,2685604948
2024-12-03,2.5650,2.5790,2.5330,2.5570,1376572659,3518298188
2024-12-04,2.5530,2.5570,2.5060,2.5230,1022554963,2594327039
2024-12-05,2.5150,2.5610,2.5120,2.5520,707218251,1800396955
2024-12-06,2.5510,2.5950,2.5260,2.5800,1969596748,5051954275
2024-12-09,2.5770,2.5890,2.5380,2.5570,843935845,2160328000
2024-12-10,2.6450,2.6490,2.5770,2.5840,1954500432,5108613203
2024-12-11,2.5790,2.6200,2.5750,2.6170,868271679,2266269720
2024-12-12,2.6170,2.6390,2.5930,2.6370,756605898,1979570080
2024-12-13,2.6200,2.6220,2.5800,2.5850,1528158133,3972178856
2024-12-16,2.5850,2.5870,2.5420,2.5520,606244529,1553098336
2024-12-17,2.5430,2.5500,2.4930,2.4970,914832963,2295569468
2024-12-18,2.5000,2.5350,2.4880,2.5170,638427221,1604284914
2024-12-19,2.4930,2.5300,2.4800,2.5240,592509716,1482563073
2024-12-20,2.5160,2.5680,2.5150,2.5490,606249532,1542048304
2024-12-23,2.5430,2.5470,2.4750,2.4770,1028065228,2570796872
2024-12-24,2.4800,2.5050,2.4670,2.5040,613464378,1526971891
2024-12-25,2.5040,2.5040,2.4540,2.4790,1174241337,2902962731
2024-12-26,2.4750,2.5120,2.4740,2.5030,926100668,2316026775
2024-12-27,2.5030,2.5420,2.4890,2.5070,680149674,1713426125
2024-12-30,2.5020,2.5170,2.4800,2.5000,690278857,1724937278
2024-12-31,2.4990,2.5080,2.4180,2.4200,1087495498,2663752479
2025-01-02,2.4160,2.4310,2.3320,2.3550,1190049327,2837372716
2025-01-03,2.3580,2.3650,2.2800,2.2900,1673134218,3871617675
2025-01-06,2.2850,2.3100,2.2600,2.2770,1285256049,2935608754
2025-01-07,2.2760,2.3110,2.2650,2.3100,1334717691,3066049098
2025-01-08,2.3020,2.3200,2.2320,2.2990,1606924066,3650021469
2025-01-09,2.2840,2.3210,2.2820,2.3040,914305204,2110431511
2025-01-10,2.3020,2.3240,2.2530,2.2550,515784461,1181117309
2025-01-13,2.2370,2.2770,2.2200,2.2600,740220588,1665811726
2025-01-14,2.2630,2.3650,2.2580,2.3640,1673319625,3903408971
2025-01-15,2.3200,2.3270,2.3000,2.3090,1160103283,2681035427
2025-01-16,2.3180,2.3650,2.2990,2.3190,1031537880,2406666743
2025-01-17,2.3100,2.3560,2.3020,2.3360,715596197,1666580594
2025-01-20,2.3480,2.3730,2.3420,2.3490,643854281,1517322910
2025-01-21,2.3600,2.3690,2.3310,2.3640,801171959,1882878859
2025-01-22,2.3540,2.3590,2.3290,2.3450,705844496,1653018806
2025-01-23,2.3610,2.3990,2.3320,2.3330,1187863543,2812039475
2025-01-24,2.3290,2.3820,2.3290,2.3800,1256736920,2971559462
2025-01-27,2.3840,2.3930,2.3340,2.3360,987521544,2327792624
2025-02-05,2.3540,2.3760,2.3390,2.3520,861672115,2030344389
2025-02-06,2.3470,2.4210,2.3390,2.4150,801423388,1919108471
2025-02-07,2.4160,2.4840,2.4140,2.4550,1332989078,3269545581
2025-02-10,2.4550,2.4890,2.4500,2.4830,1207204306,2986830265
2025-02-11,2.4800,2.4880,2.4530,2.4780,683543842,1688494032
2025-02-12,2.4730,2.5180,2.4700,2.5150,619233588,1546127389
2025-02-13,2.5120,2.5140,2.4830,2.4910,604225099,1509425359
2025-02-14,2.4860,2.5060,2.4740,2.5000,623321929,1553526220
2025-02-17,2.5080,2.5230,2.4900,2.5110,1479497357,3713677557
2025-02-18,2.5050,2.5140,2.4460,2.4610,899067496,2222227366
2025-02-19,2.4530,2.5180,2.4530,2.5160,672871165,1678234395
2025-02-20,2.5110,2.5400,2.5080,2.5330,704008260,1775401888
2025-02-21,2.5370,2.5910,2.5250,2.5810,564613194,1449439488
2025-02-24,2.5800,2.6000,2.5620,2.5850,727053148,1876596491
2025-02-25,2.5530,2.5990,2.5460,2.5740,449202948,1155697957
2025-02-26,2.5760,2.6150,2.5670,2.6140,390309310,1011950024
2025-02-27,2.6080,2.6190,2.5600,2.6000,497368873,1287085995
2025-02-28,2.5860,2.5890,2.5030,2.5110,1270109921,3210926319
2025-03-03,2.5140,2.5520,2.4960,2.5080,650157255,1641596599
2025-03-04,2.4920,2.5450,2.4900,2.5410,559809503,1415328410
2025-03-05,2.5400,2.5590,2.5240,2.5580,565835320,1437705131
2025-03-06,2.5720,2.6250,2.5700,2.6140,558609064,1453929563
2025-03-07,2.6080,2.6300,2.5880,2.6030,597475723,1558891754
2025-03-10,2.6030,2.6130,2.5830,2.6060,662038893,1720820456
2025-03-11,2.5800,2.6250,2.5770,2.6240,388883356,1010749849
2025-03-12,2.6270,2.6560,2.6220,2.6280,593555152,1564226030
2025-03-13,2.6220,2.6270,2.5610,2.5880,680231219,1758789745
2025-03-14,2.5840,2.6330,2.5680,2.6310,776655292,2031758993
2025-03-17,2.6300,2.6430,2.6210,2.6340,729597066,1920208640
2025-03-18,2.6390,2.6600,2.6300,2.6450,313063401,828010961
2025-03-19,2.6350,2.6400,2.6140,2.6270,421630537,1106883058
2025-03-20,2.6210,2.6390,2.6090,2.6160,428796107,1125641155
2025-03-21,2.6080,2.6130,2.5550,2.5620,586070291,1511471581
2025-03-24,2.5590,2.5630,2.4990,2.5420,749467375,1895590335
2025-03-25,2.5360,2.5510,2.5160,2.5250,610761021,1546429823
2025-03-26,2.5190,2.5500,2.5190,2.5330,491593218,1248222513
2025-03-27,2.5290,2.5600,2.5000,2.5330,473648281,1198280536
2025-03-28,2.5300,2.5440,2.5030,2.5070,509594693,1283137676
2025-03-31,2.4970,2.5060,2.4590,2.4920,766435372,1902765224
2025-04-01,2.4930,2.5210,2.4930,2.5030,673484839,1688481273
2025-04-02,2.4970,2.5300,2.4960,2.5110,297233775,747681648
2025-04-03,2.4920,2.5220,2.4640,2.4820,538772782,1342286593
2025-04-07,2.3570,2.3960,2.2340,2.2340,1444303609,3291645455
2025-04-08,2.1990,2.2570,2.1710,2.2190,6242512707,13730219845
2025-04-09,2.1770,2.2760,2.0930,2.2580,1575049575,3457013402
2025-04-10,2.2950,2.3570,2.2940,2.3130,1059578279,2462237466
2025-04-11,2.2970,2.3720,2.2950,2.3430,590132567,1379142307
2025-04-14,2.3660,2.3930,2.3620,2.3740,634865302,1507512484
2025-04-15,2.3720,2.3800,2.3490,2.3650,568829948,1342889715
2025-04-16,2.3530,2.3600,2.3060,2.3350,1045112276,2434844378
2025-04-17,2.3230,2.3610,2.3200,2.3360,635311114,1491768308
2025-04-18,2.3300,2.3450,2.3170,2.3320,740884111,1726552677
2025-04-21,2.3280,2.3820,2.3180,2.3800,672338119,1589759370
2025-04-22,2.3770,2.3910,2.3680,2.3800,421360013,1002448523
2025-04-23,2.3920,2.4090,2.3820,2.3940,664292647,1592236129
2025-04-24,2.3900,2.3940,2.3570,2.3710,532361487,1263958643
2025-04-25,2.3710,2.3960,2.3610,2.3760,574595739,1368374886
2025-04-28,2.3750,2.3780,2.3450,2.3510,613250873,1444605261
2025-04-29,2.3450,2.3720,2.3370,2.3630,460255596,1086336694
2025-04-30,2.3630,2.3900,2.3620,2.3810,608756530,1450181016
2025-05-06,2.3950,2.4420,2.3950,2.4420,611700006,1484039710
2025-05-07,2.4670,2.4950,2.4280,2.4440,866819883,2126154726
2025-05-08,2.4390,2.4710,2.4370,2.4660,580838097,1428603989
2025-05-09,2.4650,2.4650,2.4240,2.4370,417648505,1018846787
2025-05-12,2.4520,2.4720,2.4450,2.4710,518941195,1276471323
2025-05-13,2.4880,2.4880,2.4560,2.4620,591370838,1460617548
2025-05-14,2.4620,2.4850,2.4450,2.4680,516588309,1271995658
2025-05-15,2.4620,2.4630,2.4240,2.4280,419296284,1021692151
2025-05-16,2.4230,2.4440,2.4220,2.4320,426175322,1036770442
2025-05-19,2.4230,2.4450,2.4070,2.4430,350334562,850165120
2025-05-20,2.4390,2.4670,2.4320,2.4630,301247842,738617982
2025-05-21,2.4580,2.4610,2.4470,2.4570,231360985,567872616
2025-05-22,2.4500,2.4650,2.4300,2.4330,359451947,877758928
2025-05-23,2.4280,2.4470,2.4010,2.4020,411350175,996762095
2025-05-26,2.4010,2.4230,2.3980,2.4160,351348350,847638148
2025-05-27,2.4080,2.4180,2.3930,2.4090,438799555,1054889029
2025-05-28,2.4080,2.4190,2.3960,2.4030,353840980,850734786
2025-05-29,2.4070,2.4470,2.4040,2.4460,739721736,1799211604
2025-05-30,2.4370,2.4380,2.4150,2.4230,807825729,1957977512
2025-06-03,2.4140,2.4450,2.4120,2.4360,379097052,922983494
2025-06-04,2.4370,2.4610,2.4340,2.4580,289313891,709692001
2025-06-05,2.4590,2.4830,2.4480,2.4780,346380833,853375847
2025-06-06,2.4790,2.4790,2.4650,2.4730,256363514,633493553
2025-06-09,2.4770,2.5050,2.4740,2.4980,386489640,964800604
2025-06-10,2.5000,2.5000,2.4540,2.4760,394441010,976888666
2025-06-11,2.4760,2.5030,2.4750,2.4870,403662009,1005172128
2025-06-12,2.4770,2.4960,2.4700,2.4910,194088678,482595223
2025-06-13,2.4840,2.4880,2.4530,2.4590,355052392,875443208
2025-06-16,2.4510,2.4780,2.4500,2.4730,296659480,733030656
2025-06-17,2.4740,2.4810,2.4620,2.4700,325780110,804508406
2025-06-18,2.4690,2.4730,2.4480,2.4670,248404887,611461073
2025-06-19,2.4620,2.4730,2.4280,2.4370,407491799,996642317
2025-06-20,2.4340,2.4430,2.4160,2.4170,558996180,1356143053
2025-06-23,2.4050,2.4490,2.4050,2.4480,500120826,1218381179
2025-06-24,2.4490,2.4960,2.4480,2.4940,520728892,1293160774
2025-06-25,2.4960,2.5350,2.4950,2.5310,573239925,1443542821
2025-06-26,2.5280,2.5420,2.5190,2.5200,645728016,1632240900
2025-06-27,2.5270,2.5490,2.5220,2.5290,464919102,1178506791
2025-06-30,2.5330,2.5640,2.5330,2.5620,575762789,1470207152
2025-07-01,2.5620,2.5700,2.5410,2.5690,388380780,993151556
2025-07-02,2.5630,2.5640,2.5360,2.5460,384424270,978550360
2025-07-03,2.5450,2.5600,2.5360,2.5570,351904325,897083089
2025-07-04,2.5500,2.5730,2.5370,2.5470,333574096,851113098
2025-07-07,2.5430,2.5540,2.5420,2.5500,162496460,414157613
2025-07-08,2.5490,2.5870,2.5440,2.5860,408341132,1052121837
2025-07-09,2.5880,2.5950,2.5730,2.5780,443421057,1145274637
2025-07-10,2.5770,2.5960,2.5690,2.5830,371182948,958508578
2025-07-11,2.5850,2.6220,2.5760,2.6090,681163909,1774114729
2025-07-14,2.6110,2.6120,2.5980,2.6070,474159608,1235881872
2025-07-15,2.6050,2.6140,2.5730,2.5980,402189324,1042538899
2025-07-16,2.5990,2.6210,2.5950,2.6090,354503198,924795858
2025-07-17,2.6050,2.6410,2.6020,2.6400,296636599,779912216
2025-07-18,2.6410,2.6530,2.6320,2.6460,292069104,772012784
2025-07-21,2.6460,2.6690,2.6460,2.6680,638365107,1700335607
2025-07-22,2.6700,2.6850,2.6610,2.6840,301110458,804987759
2025-07-23,2.6850,2.6970,2.6650,2.6740,387038935,1037425441
2025-07-24,2.6720,2.7120,2.6680,2.7100,511780538,1380421807
2025-07-25,2.7120,2.7120,2.6930,2.7080,413442464,1117894811
2025-07-28,2.7090,2.7230,2.6930,2.7160,636824676,1725893866
2025-07-29,2.7120,2.7410,2.6930,2.7390,362942982,985352231
2025-07-30,2.7360,2.7360,2.6930,2.7140,482801497,1311967412
2025-07-31,2.7060,2.7260,2.6800,2.6950,392244411,1061977193
2025-08-01,2.6910,2.7110,2.6770,2.6930,375988764,1012789196
2025-08-04,2.6820,2.7270,2.6760,2.7260,389897697,1055042537
2025-08-05,2.7260,2.7430,2.7220,2.7420,336730609,919724149
2025-08-06,2.7410,2.7760,2.7350,2.7710,545459310,1507563977
2025-08-07,2.7740,2.7810,2.7510,2.7720,508460233,1407145914
2025-08-08,2.7690,2.7730,2.7510,2.7630,267509312,738651457
2025-08-11,2.7650,2.8140,2.7640,2.8030,817421895,2288333864
2025-08-12,2.8040,2.8140,2.7880,2.8130,392998739,1101429805
2025-08-13,2.8160,2.8610,2.8160,2.8540,604396213,1716167434
2025-08-14,2.8570,2.8600,2.8120,2.8230,618946675,1755421751
2025-08-15,2.8100,2.8830,2.8080,2.8810,705619418,2016757400
2025-08-18,2.8860,2.9410,2.8830,2.9230,891477346,2602947187
2025-08-19,2.9200,2.9450,2.9060,2.9250,520186443,1522119437
2025-08-20,2.9130,2.9600,2.8940,2.9580,807727119,2366208145
2025-08-21,2.9630,2.9710,2.9160,2.9310,852015569,2502943431
2025-08-22,2.9270,2.9840,2.9270,2.9820,709515708,2100501004
2025-08-25,2.9950,3.0390,2.9920,3.0210,698136020,2103633284
2025-08-26,3.0110,3.0460,3.0020,3.0210,350081789,1058591719
2025-08-27,3.0200,3.0570,2.9620,2.9680,548447772,1651099835
2025-08-28,2.9510,3.0100,2.9160,3.0090,916711712,2726772864
2025-08-29,3.0020,3.0260,2.9780,3.0060,534085171,1602241276
2025-09-01,3.0150,3.0440,2.9970,3.0380,389943842,1177584128
2025-09-02,3.0280,3.0300,2.9310,2.9590,684285132,2027568639
2025-09-03,2.9610,2.9720,2.8990,2.9140,629199415,1848128927
2025-09-04,2.9110,2.9340,2.8060,2.8460,1336910395,3834456899
2025-09-05,2.8450,2.9340,2.8390,2.9290,768723305,2221064701
2025-09-08,2.9280,2.9620,2.9150,2.9530,1149658211,3375375712
2025-09-09,2.9440,2.9550,2.9060,2.9190,351648767,1032124134
2025-09-10,2.9150,2.9510,2.9020,2.9210,490106344,1434574666
2025-09-11,2.9100,3.0000,2.8870,2.9990,612519305,1816753782
2025-09-12,3.0000,3.0220,2.9870,3.0000,472103577,1418023572
2025-09-15,3.0010,3.0130,2.9900,2.9970,365882233,1097967806
2025-09-16,2.9970,3.0330,2.9730,3.0290,332243113,999678718
2025-09-17,3.0210,3.0610,3.0140,3.0560,403877469,1229537886
2025-09-18,3.0590,3.0990,2.9840,3.0170,678408438,2065290108
2025-09-19,3.0140,3.0380,2.9900,3.0060,313835217,947421819
2025-09-22,3.0070,3.0330,2.9960,3.0310,248171374,748026695
2025-09-23,3.0290,3.0310,2.9400,2.9950,429979117,1281869499
2025-09-24,2.9760,3.0490,2.9660,3.0470,407601273,1231461852
2025-09-25,3.0460,3.0590,3.0300,3.0360,375093092,1141320425
2025-09-26,3.0260,3.0430,2.9930,2.9950,293412203,884004107
2025-09-29,2.9920,3.0440,2.9840,3.0320,599342326,1812375200
2025-09-30,3.0430,3.0750,3.0380,3.0630,390829856,1196572701
2025-10-09,3.0740,3.1040,3.0670,3.0890,419747414,1296549892
2025-10-10,3.0800,3.0800,3.0390,3.0480,510707140,1560995430
2025-10-13,2.9500,3.0510,2.9360,3.0390,542341339,1631955981
2025-10-14,3.0530,3.0760,2.9700,2.9850,505974202,1531959611
2025-10-15,2.9780,3.0300,2.9610,3.0260,431160491,1293056114
2025-10-16,3.0120,3.0220,2.9860,2.9950,396589754,1191589748
2025-10-17,2.9900,3.0040,2.9050,2.9090,542043688,1593350754
2025-10-20,2.9240,2.9560,2.9110,2.9270,377555171,1107010497
2025-10-21,2.9350,2.9760,2.9270,2.9680,603896981,1788428492
2025-10-22,2.9530,2.9730,2.9410,2.9580,325575660,962524400
2025-10-23,2.9490,2.9640,2.9090,2.9600,419130209,1229183167
2025-10-24,2.9700,3.0100,2.9690,3.0080,423947319,1266926095
2025-10-27,3.0280,3.0420,3.0070,3.0300,507765845,1537540694
2025-10-28,3.0260,3.0520,3.0110,3.0250,302040243,915679731
2025-10-29,3.0310,3.0670,3.0190,3.0660,353465816,1076427278
2025-10-30,3.0610,3.0640,3.0240,3.0350,438635840,1334865164
2025-10-31,3.0320,3.0720,3.0280,3.0370,530660830,1619049117
2025-11-03,3.0350,3.0540,2.9980,3.0490,489834617,1482343354
2025-11-04,3.0400,3.0430,2.9890,3.0080,342481384,1032912033
2025-11-05,2.9780,3.0320,2.9740,3.0230,354743247,1067369854
2025-11-06,3.0230,3.0600,3.0180,3.0570,221836711,674503686
2025-11-07,3.0470,3.0690,3.0290,3.0550,187756324,572784717
2025-11-10,3.0690,3.0740,3.0400,3.0590,207779434,634558563
2025-11-11,3.0680,3.0790,3.0450,3.0520,246945009,755785172
2025-11-12,3.0450,3.0520,3.0050,3.0340,260154533,787013464
2025-11-13,3.0260,3.0800,3.0220,3.0760,332169918,1016817833
2025-11-14,3.0530,3.0720,3.0340,3.0350,335187023,1023067739
2025-11-17,3.0350,3.0540,3.0270,3.0420,265158673,806258368
2025-11-18,3.0350,3.0420,3.0010,3.0180,402508204,1215499091
2025-11-19,3.0120,3.0280,2.9740,2.9920,435518215,1304903117
2025-11-20,3.0080,3.0140,2.9700,2.9730,413413864,1233129891
2025-11-21,2.9440,2.9540,2.8620,2.8620,974623250,2827531118
2025-11-24,2.8700,2.9090,2.8590,2.8950,581002485,1677040184
2025-11-25,2.9070,2.9580,2.9070,2.9330,817354910,2402312634
2025-11-26,2.9350,2.9570,2.9210,2.9330,384465960,1131627605
2025-11-27,2.9330,2.9670,2.9320,2.9360,255884868,754209829
2025-11-28,2.9350,2.9700,2.9280,2.9670,182699208,539547380
2025-12-01,2.9760,2.9930,2.9690,2.9870,296228774,883188854
2025-12-02,2.9860,2.9860,2.9520,2.9620,214907549,636159949
2025-12-03,2.9640,2.9680,2.9260,2.9350,241744327,710780851
2025-12-04,2.9360,2.9460,2.9100,2.9380,255258681,747805814
2025-12-05,2.9340,2.9800,2.9120,2.9780,509474023,1508665508
2025-12-08,2.9850,3.0140,2.9810,3.0040,404364159,1212798136
2025-12-09,3.0010,3.0120,2.9840,2.9870,238018175,713248653
2025-12-10,2.9820,3.0050,2.9660,2.9990,378737177,1129835751
2025-12-11,3.0040,3.0090,2.9640,2.9680,462293222,1379094796
2025-12-12,2.9690,2.9980,2.9580,2.9880,535058749,1592378750
2025-12-15,2.9780,2.9910,2.9610,2.9670,268919880,799367753
2025-12-16,2.9630,2.9630,2.8980,2.9160,337804903,985234127
2025-12-17,2.9090,2.9650,2.8990,2.9550,452032429,1325051502
2025-12-18,2.9350,2.9770,2.9340,2.9490,291718142,863284585
2025-12-19,2.9600,2.9850,2.9500,2.9740,338444749,1005756484
2025-12-22,2.9860,3.0140,2.9850,3.0010,272015929,816590554
2025-12-23,2.9990,3.0160,2.9860,2.9980,213444229,639972505
2025-12-24,2.9930,3.0490,2.9930,3.0450,318340968,966004332
2025-12-25,3.0440,3.0810,3.0390,3.0710,369447114,1133242322
2025-12-26,3.0690,3.1030,3.0630,3.0820,763731657,2358590830
2025-12-29,3.0820,3.0970,3.0660,3.0770,427984743,1319562847
2025-12-30,3.0680,3.0980,3.0620,3.0800,296175084,913465496
2025-12-31,3.0870,3.0900,3.0610,3.0790,408618682,1257709786
2026-01-05,3.0900,3.1520,3.0880,3.1500,394175565,1232361749
2026-01-06,3.1570,3.2000,3.1480,3.1950,511493235,1622343719
2026-01-07,3.1950,3.2180,3.1870,3.2030,560107944,1793959251
2026-01-08,3.1960,3.2440,3.1960,3.2310,338257499,1090632989
2026-01-09,3.2260,3.3100,3.2260,3.3050,869145775,2854686754
2026-01-12,3.3230,3.4140,3.3110,3.4060,1050504198,3546463631
2026-01-13,3.4080,3.4110,3.3180,3.3370,959587911,3213527947
2026-01-14,3.3190,3.4200,3.3020,3.3450,1746936879,5889750236
2026-01-15,3.3180,3.3500,3.3000,3.3450,970751647,3230169281
2026-01-16,3.3670,3.3710,3.3100,3.3360,1907144482,6355260291
2026-01-19,3.2760,3.3270,3.2710,3.3040,2148968844,7097946228
2026-01-20,3.3080,3.3200,3.2420,3.2770,1579120385,5171017769
2026-01-21,3.2580,3.3230,3.2540,3.3050,5531528920,18225690670
2026-01-22,3.3150,3.3300,3.3000,3.3300,1968484586,6522283738
2026-01-23,3.3430,3.4110,3.3300,3.4020,3412275226,11508716134
2026-01-26,3.4060,3.4240,3.3190,3.3440,2724660480,9142661824
2026-01-27,3.3310,3.3700,3.2720,3.3570,1658356928,5530076295
2026-01-28,3.3550,3.3740,3.3320,3.3660,2266138347,7595431321
2026-01-29,3.3570,3.3940,3.3230,3.3400,1496102260,5017027384
2026-01-30,3.3210,3.3400,3.2290,3.3110,813444553,2677913192
2026-02-02,3.2740,3.2970,3.1710,3.1750,1501811180,4836900740
2026-02-03,3.2150,3.2930,3.2040,3.2840,892554855,2906752965
2026-02-04,3.2800,3.2930,3.2390,3.2890,989024602,3227698198
2026-02-05,3.2590,3.2650,3.2100,3.2320,710863857,2297231271
2026-02-06,3.1900,3.2680,3.1770,3.2210,1221740140,3953130736
2026-02-09,3.2620,3.3040,3.2610,3.3020,944362426,3107409368
2026-02-10,3.3000,3.3120,3.2810,3.3010,434578018,1434599947
2026-02-11,3.2950,3.3280,3.2950,3.3030,394626399,1306685076
2026-02-12,3.3010,3.3440,3.2910,3.3360,636210441,2117612112
2026-02-13,3.3200,3.3320,3.2810,3.2850,1079324757,3563349152
2026-02-24,3.3210,3.3510,3.2980,3.3220,571900212,1902759248
2026-02-25,3.3280,3.3820,3.3270,3.3710,1352661132,4554023804
2026-02-26,3.3780,3.4000,3.3580,3.3960,1120088952,3784913296
2026-02-27,3.3830,3.4320,3.3660,3.4310,601095827,2050800828
2026-03-02,3.3960,3.4200,3.3570,3.3930,1031242300,3495460337
2026-03-03,3.3960,3.4050,3.2550,3.2680,1084775070,3582470992
2026-03-04,3.2350,3.2990,3.2260,3.2380,806775656,2624182763
2026-03-05,3.2850,3.2950,3.2480,3.2660,778934083,2551815050
2026-03-06,3.2450,3.3130,3.2450,3.3000,454058568,1495044035
2026-03-09,3.2500,3.2980,3.1970,3.2870,700741453,2270579174
2026-03-10,3.3100,3.3460,3.3090,3.3440,627368356,2087054026
2026-03-11,3.3460,3.3600,3.3350,3.3460,414581334,1387909318
2026-03-12,3.3320,3.3560,3.3020,3.3380,398649896,1327090956
2026-03-13,3.3200,3.3450,3.2820,3.2910,331806097,1099532333
2026-03-16,3.2840,3.2940,3.2350,3.2850,384359570,1257058118
2026-03-17,3.2850,3.2920,3.2100,3.2120,530466241,1717548878
2026-03-18,3.2160,3.2430,3.1910,3.2400,988433529,3186405583
2026-03-19,3.1950,3.2090,3.1520,3.1700,566367705,1800851517
2026-03-20,3.1750,3.2020,3.1140,3.1170,790650950,2497769362
2026-03-23,3.0700,3.0930,2.9440,2.9670,1015503106,3064690365
2026-03-24,3.0020,3.0460,2.9490,3.0440,1152965185,3459685012
2026-03-25,3.0620,3.1170,3.0620,3.1010,1132693581,3507116571
2026-03-26,3.0860,3.1110,3.0490,3.0570,434464143,1337000942
2026-03-27,3.0160,3.1190,3.0160,3.1060,474300567,1460200991
2026-03-30,3.0690,3.1150,3.0480,3.1090,572075868,1762958408
2026-03-31,3.1050,3.1200,3.0500,3.0510,511044910,1573716480
2026-04-01,3.1010,3.1210,3.0810,3.1070,582722002,1806421889
2026-04-02,3.0900,3.1110,3.0320,3.0550,537118695,1647033000
2026-04-03,3.0660,3.0690,3.0120,3.0200,365770211,1109787432
2026-04-07,3.0260,3.0620,3.0250,3.0450,609754503,1857820791
2026-04-08,3.1200,3.1910,3.1000,3.1890,1181620016,3716993673
2026-04-09,3.1560,3.1860,3.1520,3.1710,876736237,2781005235
2026-04-10,3.1860,3.2310,3.1860,3.2010,545524973,1751475935
2026-04-13,3.1850,3.2190,3.1740,3.2130,529168811,1697156888
2026-04-14,3.2400,3.2650,3.2250,3.2630,464273580,1504789075
2026-04-15,3.2830,3.2840,3.2400,3.2460,487496477,1588571620
2026-04-16,3.2530,3.3050,3.2470,3.2980,637599764,2093383461
2026-04-17,3.2900,3.3430,3.2880,3.3300,638413390,2115703225
2026-04-20,3.3290,3.3590,3.3240,3.3450,771544832,2580739023
2026-04-21,3.3370,3.3480,3.3100,3.3440,598420528,1994360867
2026-04-22,3.3270,3.4020,3.3270,3.4010,726903783,2455334014
2026-04-23,3.4010,3.4060,3.3290,3.3550,897280040,3010058947
2026-04-24,3.3290,3.3550,3.3090,3.3260,1129195213,3759355932
2026-04-27,3.3230,3.3530,3.3090,3.3390,1184360294,3953673572
2026-04-28,3.3260,3.3350,3.2820,3.2970,1047300385,3460949756
2026-04-29,3.2840,3.3510,3.2740,3.3460,1692582455,5637358802
2026-04-30,3.3360,3.3680,3.3350,3.3620,1784754868,5976880487
2026-05-06,3.3830,3.4550,3.3830,3.4330,1364313617,4683871959
2026-05-07,3.4480,3.4970,3.4370,3.4930,644362484,2235023697
2026-05-08,3.4720,3.5160,3.4660,3.5060,858878388,3003352746
2026-05-11,3.5250,3.5690,3.5130,3.5550,1008020130,3574858602
2026-05-12,3.5550,3.5580,3.5140,3.5400,526347387,1861816115
2026-05-13,3.5100,3.6030,3.5100,3.5980,486650617,1735216481
2026-05-14,3.6100,3.6130,3.5250,3.5290,628072853,2238207387
2026-05-15,3.5260,3.5540,3.4610,3.4880,1098945964,3851089697
2026-05-18,3.4730,3.5270,3.4610,3.5030,677039595,2369757998
2026-05-19,3.5000,3.5450,3.4540,3.5420,646330325,2262618059
2026-05-20,3.5170,3.5460,3.4920,3.5450,667646831,2346425503
2026-05-21,3.5550,3.5830,3.4220,3.4320,1014267883,3543117593
2026-05-22,3.4460,3.5310,3.4310,3.4950,1024574631,3561142225
2026-05-25,3.5110,3.5430,3.4840,3.5390,876187824,3082372006
2026-05-26,3.5150,3.5220,3.4450,3.4990,512626597,1784394000
2026-05-27,3.4910,3.5190,3.4140,3.4370,712299493,2468815426
2026-05-28,3.4370,3.4850,3.4040,3.4720,695836315,2394450663
2026-05-29,3.4790,3.4880,3.3630,3.3830,1351891663,4591159130
2026-06-01,3.3680,3.4200,3.3550,3.3590,1170716711,3957072409
2026-06-02,3.3580,3.3940,3.3070,3.3680,1249128292,4187143941
2026-06-03,3.3700,3.4360,3.3590,3.3890,1313278326,4469758898
2026-06-04,3.3500,3.4000,3.3500,3.3850,757699547,2563956253
2026-06-05,3.3660,3.4230,3.3400,3.3580,748048004,2524879105
2026-06-08,3.2900,3.3240,3.2160,3.2580,1299302247,4255609800
2026-06-09,3.2830,3.3480,3.2590,3.3410,1529807072,5043848542
2026-06-10,3.3000,3.3320,3.2650,3.3030,631423067,2083885473
2026-06-11,3.2790,3.3130,3.2580,3.2860,523278240,1715659503
2026-06-12,3.3220,3.3670,3.2990,3.3090,653798120,2177669039
2026-06-15,3.3440,3.4400,3.3420,3.4390,911016450,3096700796
2026-06-16,3.4490,3.5080,3.4300,3.4910,823181296,2852078190
2026-06-17,3.4750,3.5200,3.4680,3.5190,405930270,1419535675
2026-06-18,3.5010,3.5530,3.5000,3.5440,410609177,1451729505
2026-06-22,3.5550,3.5950,3.4820,3.5800,580212395,2045199985
2026-06-23,3.5620,3.5790,3.4850,3.5100,580459780,2050210533
2026-06-24,3.5070,3.5560,3.4720,3.5510,882868186,3109888511
2026-06-25,3.5490,3.5840,3.5280,3.5690,417739741,1486707305
2026-06-26,3.5500,3.5600,3.4610,3.4840,540517674,1892122016
2026-06-29,3.4740,3.5110,3.4040,3.4750,1104878351,3813713696
2026-06-30,3.4670,3.5810,3.4580,3.5770,743602234,2618370336
2026-07-01,3.5550,3.6150,3.5550,3.5850,447238234,1606030673
2026-07-02,3.5630,3.5830,3.4800,3.4910,866807707,3054881403
2026-07-03,3.4770,3.5340,3.4660,3.4880,657408841,2301916878
2026-07-06,3.4990,3.5230,3.4170,3.4350,1098020550,3785665420
2026-07-07,3.4110,3.4380,3.3470,3.3680,1200056580,4053036441
2026-07-08,3.3680,3.3760,3.2890,3.2900,1637883192,5428911563
2026-07-09,3.3000,3.3620,3.2330,3.3540,1811263848,5975203736
2026-07-10,3.3590,3.4100,3.3120,3.3120,1220106318,4127840183
2026-07-13,3.3000,3.3120,3.1450,3.1580,2287747148,7324695009
2026-07-14,3.1610,3.2070,3.1010,3.2060,1990298078,6282743521
2026-07-15,3.2060,3.2260,3.1500,3.1690,1150648372,3669496340
2026-07-16,3.1340,3.1760,3.0750,3.0920,1809407948,5645460842
2026-07-17,3.0810,3.0870,2.8890,2.9080,3277676279,9752991503
2026-07-20,2.9440,2.9800,2.7480,2.8180,3066381124,8737944400
2026-07-21,2.8240,2.9390,2.7200,2.9330,3065818819,8763987973
2026-07-22,2.9090,2.9530,2.8790,2.8910,2798478266,8180947603
2026-07-23,2.8920,2.9370,2.8790,2.9140,940791734,2738518123
2026-07-24,2.8860,2.9040,2.8280,2.8320,1251286210,3575677638
2026-07-27,2.8300,2.9310,2.8250,2.9300,1687793685,4883075466
2026-07-28,2.8910,2.9090,2.8340,2.8480,1845682081,5302644950
2026-07-29,2.8490,2.8940,2.7960,2.8780,2834990126,8083231833
2026-07-30,2.8600,2.8910,2.7680,2.7980,1951217859,5508013987
2026-07-31,2.8770,2.9340,2.8600,2.8640,3052011166,8843934744
2026-08-03,2.8500,2.8900,2.8490,2.8670,1209069378,3472108739
2026-08-04,2.8850,2.9650,2.8800,2.9430,1744231306,5108637266
2026-08-05,2.9300,3.0480,2.9280,3.0350,1654908070,4994865861
2026-08-06,3.0000,3.0630,2.9990,3.0490,2297233146,6983390547
2026-08-07,3.0480,3.1130,3.0160,3.1110,2205244011,6785066049
2026-08-10,3.1180,3.1320,3.0890,3.1290,1481863701,4612481051
2026-08-11,3.1230,3.1550,3.0950,3.1200,1077251824,3367951533
2026-08-12,3.1120,3.1620,3.1120,3.1560,1026345028,3229910337
2026-08-13,3.1690,3.1900,3.1250,3.1280,929303903,2942882056
2026-08-14,3.1400,3.1530,3.1100,3.1450,922393175,2893140712
2026-08-17,3.1520,3.2250,3.1340,3.2250,880289852,2802796757
2026-08-18,3.2270,3.2350,3.1750,3.2130,1066395576,3420061084
2026-08-19,3.1610,3.1910,3.0350,3.0480,1805831767,5561657491
2026-08-20,3.0760,3.1010,3.0580,3.0740,1279342627,3940218318
2026-08-21,3.0590,3.0940,3.0300,3.0800,810921353,2490916987
2026-08-24,3.0750,3.0900,2.9870,3.0400,1125962550,3412478961
2026-08-25,3.0060,3.0660,2.9810,3.0480,1230638083,3722855592
2026-08-26,3.0550,3.0860,3.0250,3.0590,1080554664,3301834136
2026-08-27,3.0640,3.1400,3.0520,3.1370,971975962,3021324049
2026-08-28,3.1320,3.1640,3.1230,3.1270,772191527,2424223433
2026-08-31,3.0950,3.1550,3.0830,3.1490,897705494,2798399965
2026-09-01,3.1500,3.1500,3.1060,3.1220,1078094659,3368155300
2026-09-02,3.0890,3.0960,3.0550,3.0780,1067838455,3281144599
2026-09-03,3.0900,3.1100,3.0530,3.0860,680115840,2096350804
2026-09-04,3.1070,3.1340,3.0300,3.0440,1161796741,3594388742
2026-09-07,3.0600,3.1160,3.0600,3.0970,1098389294,3395842229
2026-09-08,3.1070,3.1370,3.0910,3.1060,801906763,2496579314
2026-09-09,3.1190,3.1320,3.0820,3.1010,667030874,2072232039
2026-09-10,3.0810,3.1010,3.0650,3.0820,541983575,1670675585
2026-09-11,3.0570,3.0570,2.9540,3.0140,1157594691,3470359626
2026-09-14,2.9810,3.0430,2.9660,3.0330,794332849,2396571089
2026-09-15,3.0270,3.0560,3.0120,3.0240,505928276,1533270368
2026-09-16,3.0220,3.0940,3.0060,3.0820,1049931808,3212218979
2026-09-17,3.0750,3.1030,3.0520,3.0660,802841867,2466232852
2026-09-18,3.0910,3.1330,3.0880,3.1290,853207719,2653234379
2026-09-21,3.1440,3.1600,3.1350,3.1490,746887859,2350809790
2026-09-22,3.1800,3.1930,3.1430,3.1480,763759912,2419287473
