date,open,high,low,close,volume,amount
2013-07-29,2.6330,2.6400,2.6140,2.6260,140433584,369215424
2013-07-30,2.6320,2.6480,2.6320,2.6460,92993112,245720400
2013-07-31,2.6430,2.6590,2.6400,2.6570,69976160,185580096
2013-08-01,2.6530,2.6560,2.6350,2.6430,30006438,79324520
2013-08-02,2.6300,2.6320,2.5580,2.5780,33021892,85778128
2013-08-05,2.6210,2.6420,2.6210,2.6300,24012032,63166352
2013-08-06,2.6200,2.6200,2.5860,2.5910,22336052,58084512
2013-08-07,2.5620,2.5820,2.5600,2.5740,19501856,50050020
2013-08-08,2.5880,2.5970,2.5830,2.5860,12626896,32693272
2013-08-09,2.6250,2.6300,2.6110,2.6160,13213795,34637968
2013-08-12,2.6560,2.6600,2.6490,2.6590,19916360,52878976
2013-08-13,2.6620,2.6800,2.6580,2.6750,14718160,39244984
2013-08-14,2.6400,2.6520,2.6370,2.6400,11130351,29422492
2013-08-15,2.6800,2.6890,2.6740,2.6800,17191988,46071956
2013-08-16,2.7300,2.7430,2.7100,2.7120,18664880,50870624
2013-08-19,2.7400,2.7520,2.7330,2.7370,14228539,39063112
2013-08-20,2.7250,2.7290,2.6990,2.7050,8921362,24188968
2013-08-21,2.7200,2.7340,2.7180,2.7240,6369008,17360250
2013-08-22,2.7170,2.7210,2.7100,2.7140,4756443,12908053
2013-08-23,2.7310,2.7370,2.7240,2.7330,9361162,25579826
2013-08-26,2.7700,2.7810,2.7650,2.7720,8727286,24191024
2013-08-27,2.7720,2.7820,2.7710,2.7790,6336802,17597326
2013-08-28,2.8100,2.8370,2.8000,2.8270,14239869,40124192
2013-08-29,2.8080,2.8080,2.7840,2.7960,7396574,20657726
2013-08-30,2.7810,2.7980,2.7810,2.7870,8631178,24067700
2013-09-02,2.7700,2.7750,2.7610,2.7670,6896895,19087470
2013-09-03,2.7700,2.7700,2.7600,2.7620,3896815,10769305
2013-09-04,2.7910,2.8020,2.7840,2.7870,9480610,26491338
2013-09-05,2.7650,2.7670,2.7450,2.7510,5750474,15841541
2013-09-06,2.7300,2.7300,2.7190,2.7250,6594294,17973864
2013-09-09,2.7510,2.7610,2.7510,2.7560,4079357,11246274
2013-09-10,2.7560,2.7560,2.7370,2.7420,9294001,25512956
2013-09-11,2.7120,2.7220,2.7000,2.7220,5937809,16104834
2013-09-12,2.7140,2.7140,2.6760,2.6820,4885575,13180908
2013-09-13,2.6550,2.6550,2.6080,2.6220,9302931,24509100
2013-09-16,2.6360,2.6470,2.6310,2.6310,4727727,12488037
2013-09-17,2.6150,2.6160,2.6040,2.6090,4041727,10552216
2013-09-18,2.5850,2.5900,2.5680,2.5890,9692651,24994132
2013-09-23,2.6180,2.6360,2.6090,2.6290,7860273,20603288
2013-09-24,2.6280,2.6330,2.6210,2.6220,5245488,13793657
2013-09-25,2.6220,2.6330,2.6210,2.6290,3117444,8191142
2013-09-26,2.6360,2.6440,2.6310,2.6320,3558817,9385271
2013-09-27,2.6250,2.6260,2.6180,2.6220,5737501,15045611
2013-09-30,2.6330,2.6500,2.6330,2.6490,3166558,8377748
2013-10-08,2.6380,2.6380,2.6260,2.6300,3119827,8203747
2013-10-09,2.6250,2.6250,2.6120,2.6150,4958316,12967363
2013-10-10,2.5880,2.5980,2.5880,2.5950,4941113,12809231
2013-10-11,2.5740,2.5760,2.5660,2.5690,6301104,16193471
2013-10-14,2.5400,2.5430,2.5320,2.5430,7780725,19735928
2013-10-15,2.5380,2.5390,2.5290,2.5330,9691603,24561294
2013-10-16,2.5400,2.5500,2.5380,2.5490,10926177,27813808
2013-10-17,2.5520,2.5550,2.5250,2.5310,4716629,11973287
2013-10-18,2.5910,2.6060,2.5910,2.6050,12044691,31287652
2013-10-21,2.6000,2.6080,2.5600,2.6080,5543057,14395730
2013-10-22,2.5890,2.5950,2.5860,2.5950,2821310,7308767
2013-10-23,2.6230,2.6370,2.6210,2.6240,5489447,14437500
2013-10-24,2.6260,2.6260,2.6140,2.6240,4725435,12392309
2013-10-25,2.6240,2.6310,2.6160,2.6190,3593692,9431930
2013-10-28,2.6340,2.6380,2.6240,2.6260,13332469,35073920
2013-10-29,2.6320,2.6450,2.6300,2.6390,5023958,13246586
2013-10-30,2.6200,2.6340,2.6120,2.6310,4521849,11852405
2013-10-31,2.6180,2.6200,2.6070,2.6130,1966879,5144079
2013-11-01,2.5950,2.6030,2.5890,2.6020,2440723,6336936
2013-11-04,2.6030,2.6030,2.5800,2.5840,5231883,13528022
2013-11-05,2.5850,2.5890,2.5780,2.5820,3757852,9704347
2013-11-06,2.5790,2.5800,2.5700,2.5780,2367648,6101922
2013-11-07,2.5800,2.5890,2.5790,2.5890,2269500,5865485
2013-11-08,2.5800,2.5800,2.5650,2.5730,2525769,6487039
2013-11-11,2.5350,2.5350,2.5230,2.5290,5121855,12952710
2013-11-12,2.5270,2.5270,2.5110,2.5170,6627677,16684276
2013-11-13,2.5030,2.5050,2.4960,2.5010,4315885,10788173
2013-11-14,2.5060,2.5230,2.5060,2.5160,4446858,11180836
2013-11-15,2.5210,2.5320,2.5190,2.5260,3751744,9485611
2013-11-18,2.5290,2.5290,2.5150,2.5270,3623036,9147981
2013-11-19,2.5200,2.5200,2.4960,2.5010,5072062,12676373
2013-11-20,2.5010,2.5080,2.5000,2.5080,3838639,9620056
2013-11-21,2.4880,2.4890,2.4610,2.4630,5986667,14752285
2013-11-22,2.4630,2.4630,2.4530,2.4580,9728284,23884000
2013-11-25,2.4570,2.4570,2.4330,2.4370,6220043,15217224
2013-11-26,2.4490,2.4650,2.4490,2.4650,8938921,21986002
2013-11-27,2.4500,2.4600,2.4460,2.4530,5079390,12442511
2013-11-28,2.4460,2.4480,2.4390,2.4400,11876280,29016604
2013-11-29,2.4400,2.4460,2.4400,2.4430,5352364,13075825
2013-12-02,2.4440,2.4540,2.4440,2.4500,4013860,9824568
2013-12-03,2.4210,2.4230,2.4040,2.4110,7018050,16895692
2013-12-04,2.4110,2.4110,2.4040,2.4080,9073977,21832444
2013-12-05,2.4310,2.4350,2.4100,2.4290,11311219,27447012
2013-12-06,2.4160,2.4200,2.4110,2.4180,6066461,14651773
2013-12-09,2.4240,2.4270,2.4170,2.4250,5340691,12928440
2013-12-10,2.4300,2.4450,2.4240,2.4450,5382939,13123441
2013-12-11,2.4610,2.4650,2.4500,2.4620,5159406,12680502
2013-12-12,2.4540,2.4560,2.4480,2.4500,3571456,8759018
2013-12-13,2.4150,2.4150,2.4040,2.4100,7463546,17972504
2013-12-16,2.4120,2.4170,2.4090,2.4110,4697154,11336049
2013-12-17,2.4190,2.4410,2.4170,2.4380,7037515,17084126
2013-12-18,2.4200,2.4230,2.4110,2.4190,5882943,14236918
2013-12-19,2.4130,2.4130,2.3930,2.4000,5242956,12581426
2013-12-20,2.3710,2.3720,2.3420,2.3420,5200302,12241838
2013-12-23,2.3550,2.3690,2.3540,2.3660,5651278,13339387
2013-12-24,2.3570,2.3700,2.3550,2.3660,5956602,14085139
2013-12-25,2.3610,2.3800,2.3610,2.3760,5292706,12564635
2013-12-26,2.3760,2.3820,2.3690,2.3770,3120847,7419580
2013-12-27,2.3800,2.4050,2.3800,2.4010,2678399,6414319
2013-12-30,2.4020,2.4020,2.3750,2.3770,2035076,4866385
2013-12-31,2.3660,2.3800,2.3660,2.3760,4401338,10447337
2014-01-02,2.3890,2.4080,2.3810,2.4030,3141513,7533644
2014-01-03,2.4130,2.4250,2.4110,2.4240,3824667,9242622
2014-01-06,2.4370,2.4450,2.4100,2.4350,4816721,11737239
2014-01-07,2.4300,2.4450,2.4300,2.4420,5129854,12525110
2014-01-08,2.4150,2.4220,2.4100,2.4110,2095733,5062486
2014-01-09,2.4100,2.4200,2.4100,2.4120,2028533,4891434
2014-01-10,2.4140,2.4320,2.4140,2.4280,2530411,6131493
2014-01-13,2.4510,2.4580,2.4460,2.4480,2339667,5742569
2014-01-14,2.4490,2.4570,2.4490,2.4550,1755747,4308451
2014-01-15,2.4400,2.4420,2.4270,2.4340,1803048,4386132
2014-01-16,2.4320,2.4390,2.4300,2.4370,2087118,5077849
2014-01-17,2.4340,2.4380,2.4340,2.4350,2566126,6252599
2014-01-20,2.4360,2.4610,2.4360,2.4590,1958602,4815435
2014-01-21,2.4560,2.4570,2.4510,2.4510,1958163,4805098
2014-01-22,2.4390,2.4390,2.4280,2.4320,1528407,3718872
2014-01-23,2.4280,2.4280,2.4150,2.4260,2698497,6528089
2014-01-24,2.4580,2.4690,2.4580,2.4600,3387500,8341125
2014-01-27,2.4700,2.4870,2.4700,2.4760,3390378,8413307
2014-01-28,2.4680,2.4700,2.4420,2.4630,5135338,12644872
2014-01-29,2.4520,2.4640,2.4500,2.4550,4412360,10824403
2014-01-30,2.4650,2.4740,2.4590,2.4610,3317500,8177206
2014-02-07,2.4610,2.4860,2.4140,2.4800,5862077,14400251
2014-02-10,2.4900,2.5010,2.4850,2.5010,4295022,10721038
2014-02-11,2.5080,2.5240,2.5080,2.5150,3289786,8278028
2014-02-12,2.5190,2.5210,2.5090,2.5210,2803470,7055295
2014-02-13,2.5230,2.5230,2.5140,2.5170,2973473,7491333
2014-02-14,2.5310,2.5530,2.5310,2.5520,3616930,9213427
2014-02-17,2.5920,2.6000,2.5820,2.5960,3716180,9633252
2014-02-18,2.5960,2.5960,2.5580,2.5700,6234395,16066056
2014-02-19,2.5680,2.5760,2.5680,2.5750,2882495,7416553
2014-02-20,2.5630,2.5730,2.5560,2.5660,3261330,8357379
2014-02-21,2.5660,2.5870,2.5660,2.5820,3007713,7758690
2014-02-24,2.5700,2.5990,2.5700,2.5990,4063549,10517777
2014-02-25,2.6090,2.6180,2.6080,2.6120,2705128,7067536
2014-02-26,2.6170,2.6520,2.6170,2.6510,3659818,9631037
2014-02-27,2.6390,2.6400,2.5950,2.6020,7466620,19445532
2014-02-28,2.6110,2.6250,2.6110,2.6210,2955879,7747748
2014-03-03,2.6430,2.6540,2.6430,2.6510,2562590,6788190
2014-03-04,2.6750,2.7040,2.6400,2.6430,5511249,14703596
2014-03-05,2.6260,2.6370,2.6210,2.6240,3253788,8549536
2014-03-06,2.6240,2.6500,2.6180,2.6230,3220321,8477390
2014-03-07,2.6480,2.6520,2.6420,2.6490,1664309,4405917
2014-03-10,2.6250,2.6250,2.6000,2.6100,5192927,13560415
2014-03-11,2.6150,2.6420,2.6150,2.6410,2781444,7313910
2014-03-12,2.6510,2.6780,2.6510,2.6680,2780065,7415915
2014-03-13,2.6890,2.7040,2.6890,2.6940,3129330,8443842
2014-03-14,2.7050,2.7100,2.6900,2.6920,2321601,6263647
2014-03-17,2.7010,2.7220,2.7010,2.7220,2618133,7107938
2014-03-18,2.7040,2.7040,2.6730,2.6860,3829756,10268808
2014-03-19,2.6700,2.6840,2.6680,2.6800,2212494,5923933
2014-03-20,2.6400,2.6520,2.6380,2.6470,1557214,4121288
2014-03-21,2.6590,2.6590,2.6450,2.6470,2432902,6447109
2014-03-24,2.6500,2.6500,2.6330,2.6400,3217910,8492673
2014-03-25,2.6240,2.6240,2.6020,2.6080,2917327,7605013
2014-03-26,2.6230,2.6230,2.6090,2.6140,1253960,3275810
2014-03-27,2.6050,2.6060,2.5800,2.5800,2138750,5546857
2014-03-28,2.5740,2.5880,2.5730,2.5880,2938468,7583561
2014-03-31,2.5700,2.5870,2.5700,2.5730,2518663,6495078
2014-04-01,2.5640,2.5640,2.5520,2.5550,2203989,5632700
2014-04-02,2.5530,2.5610,2.5520,2.5610,1353613,3460223
2014-04-03,2.5710,2.5810,2.5700,2.5730,967558,2489604
2014-04-04,2.5590,2.5730,2.5570,2.5640,1178101,3018561
2014-04-08,2.5800,2.6070,2.5800,2.6060,3553820,9200829
2014-04-09,2.6090,2.6150,2.6060,2.6100,2097806,5475162
2014-04-10,2.6200,2.6200,2.6120,2.6180,1884868,4930264
2014-04-11,2.6030,2.6250,2.6030,2.6200,2274045,5963882
2014-04-14,2.6290,2.6490,2.6290,2.6490,2516896,6644342
2014-04-15,2.6460,2.6460,2.4100,2.6100,2873834,7557597
2014-04-16,2.5850,2.5900,2.5730,2.5900,1139684,2941806
2014-04-17,2.6040,2.6040,2.5800,2.5860,1838264,4764124
2014-04-18,2.5900,2.5900,2.5750,2.5790,1804490,4655819
2014-04-21,2.5750,2.5750,2.5580,2.5650,3285982,8420441
2014-04-22,2.5610,2.5790,2.5610,2.5770,1210900,3105415
2014-04-23,2.5670,2.5820,2.5660,2.5750,1337099,3434607
2014-04-24,2.5750,2.5770,2.5670,2.5730,2040702,5244711
2014-04-25,2.5850,2.5960,2.5850,2.5900,2429920,6295861
2014-04-28,2.6130,2.6350,2.6130,2.6310,2327696,6117071
2014-04-29,2.6280,2.6280,2.5990,2.6030,2769118,7217447
2014-04-30,2.6050,2.6150,2.6020,2.6120,1722206,4493227
2014-05-05,2.6320,2.6340,2.6160,2.6240,2540455,6667665
2014-05-06,2.6270,2.6300,2.6160,2.6260,1167839,3067458
2014-05-07,2.6140,2.6310,2.6140,2.6250,562448,1477853
2014-05-08,2.5900,2.5960,2.5820,2.5870,1213007,3140341
2014-05-09,2.5920,2.5920,2.5800,2.5880,599964,1552198
2014-05-12,2.5860,2.5930,2.5700,2.5930,1432097,3704240
2014-05-13,2.5920,2.6020,2.5820,2.5950,2719204,7061519
2014-05-14,2.5960,2.6000,2.5880,2.5980,3202388,8319751
2014-05-15,2.6100,2.6120,2.6020,2.6100,1635370,4266697
2014-05-16,2.5950,2.5980,2.5910,2.5940,1181301,3066322
2014-05-19,2.5860,2.6020,2.5850,2.5960,4212217,10938459
2014-05-20,2.5960,2.5960,2.5920,2.5930,1835764,4762117
2014-05-21,2.5990,2.6000,2.5850,2.5940,2762510,7171543
2014-05-22,2.5910,2.5980,2.5900,2.5970,2554200,6621861
2014-05-23,2.6010,2.6010,2.5960,2.5970,1642210,4267984
2014-05-26,2.5900,2.5960,2.5880,2.5940,3191220,8276273
2014-05-27,2.5940,2.5960,2.5850,2.5890,3263000,8458344
2014-05-28,2.5750,2.5750,2.5510,2.5530,4110891,10498565
2014-05-29,2.5580,2.5580,2.5260,2.5260,2769200,7030654
2014-05-30,2.5460,2.5460,2.5310,2.5350,1938851,4911852
2014-06-03,2.5260,2.5260,2.5080,2.5170,3874230,9730202
2014-06-04,2.5110,2.5160,2.5110,2.5140,2863800,7197898
2014-06-05,2.5150,2.5150,2.5090,2.5100,3828500,9612800
2014-06-06,2.5220,2.5310,2.5220,2.5300,3522500,8901507
2014-06-09,2.5310,2.5310,2.5200,2.5220,4857300,12257305
2014-06-10,2.5200,2.5250,2.5160,2.5210,4028410,10156587
2014-06-11,2.5280,2.5330,2.5270,2.5300,8198808,20740984
2014-06-12,2.5290,2.5330,2.5260,2.5300,7060914,17860610
2014-06-13,2.5470,2.5490,2.5390,2.5440,887301,2257693
2014-06-16,2.5510,2.5590,2.5440,2.5550,7320801,18651776
2014-06-17,2.5500,2.5520,2.5340,2.5360,10046424,25555564
2014-06-18,2.5440,2.5440,2.5340,2.5340,6234922,15842720
2014-06-19,2.5420,2.5600,2.5420,2.5560,3597687,9178306
2014-06-20,2.6110,2.6300,2.6100,2.6270,2396490,6288455
2014-06-23,2.6040,2.6380,2.6040,2.6370,1593623,4191746
2014-06-24,2.6340,2.6370,2.6290,2.6370,6634645,17465308
2014-06-25,2.6280,2.6400,2.6250,2.6290,7941783,20874180
2014-06-26,2.6200,2.6380,2.6200,2.6310,5751110,15143916
2014-06-27,2.5840,2.6390,2.5840,2.6340,6176686,16275359
2014-06-30,2.6340,2.6390,2.6200,2.6290,2301684,6058112
2014-07-01,2.6390,2.6450,2.6350,2.6380,1740553,4597187
2014-07-02,2.6400,2.6470,2.6390,2.6440,427900,1131128
2014-07-03,2.6330,2.6460,2.6330,2.6380,1755501,4633663
2014-07-04,2.6300,2.6380,2.6300,2.6350,1087448,2862700
2014-07-07,2.6310,2.6310,2.6150,2.6170,942878,2470347
2014-07-08,2.6220,2.6340,2.6200,2.6290,1032926,2709638
2014-07-09,2.6190,2.6370,2.6190,2.6330,564152,1483841
2014-07-10,2.6420,2.6600,2.6420,2.6450,1250371,3309057
2014-07-11,2.6670,2.6720,2.6510,2.6690,1952612,5210375
2014-07-14,2.6710,2.6720,2.6300,2.6300,1418601,3762691
2014-07-15,2.6090,2.6120,2.6030,2.6100,1658627,4323467
2014-07-16,2.6090,2.6090,2.5900,2.5910,1615686,4188286
2014-07-17,2.5940,2.6100,2.5940,2.6040,719911,1875007
2014-07-18,2.6260,2.6390,2.6160,2.6200,3032158,7960965
2014-07-21,2.6180,2.6200,2.6120,2.6200,10012841,26192204
2014-07-22,2.6200,2.6200,2.6030,2.6080,5887976,15384550
2014-07-23,2.6040,2.6080,2.6030,2.6050,5485301,14293943
2014-07-24,2.6030,2.6030,2.5820,2.5900,9865700,25568756
2014-07-25,2.5800,2.5800,2.5690,2.5790,5307903,13664622
2014-07-28,2.5900,2.6010,2.5900,2.5980,5268326,13678651
2014-07-29,2.5950,2.6040,2.5950,2.5960,2781735,7225782
2014-07-30,2.5800,2.5930,2.5750,2.5850,405200,1047988
2014-07-31,2.5800,2.5810,2.5700,2.5770,2375000,6121794
2014-08-01,2.5750,2.5760,2.5530,2.5600,1059600,2710401
2014-08-04,2.5840,2.5840,2.5710,2.5780,417979,1075555
2014-08-05,2.5700,2.5730,2.5630,2.5710,695466,1785346
2014-08-06,2.5900,2.5900,2.5680,2.5710,1052926,2705492
2014-08-07,2.5890,2.5980,2.5890,2.5920,1895262,4917417
2014-08-08,2.5980,2.6210,2.5960,2.6160,4363285,11387382
2014-08-11,2.6160,2.6160,2.5900,2.5960,2597600,6739978
2014-08-12,2.5980,2.5990,2.5920,2.5980,1199900,3114880
2014-08-13,2.5950,2.6000,2.5930,2.5980,2962695,7690039
2014-08-14,2.6050,2.6050,2.5970,2.5980,2793824,7262541
2014-08-15,2.5990,2.6010,2.5960,2.5990,1089162,2829848
2014-08-18,2.5800,2.5810,2.5580,2.5780,1050000,2705082
2014-08-19,2.5700,2.5750,2.5620,2.5720,1064180,2737088
2014-08-20,2.5720,2.5720,2.5660,2.5690,976700,2507434
2014-08-21,2.5680,2.5680,2.5380,2.5430,2658151,6776161
2014-08-22,2.5430,2.5440,2.5350,2.5440,1128200,2865072
2014-08-25,2.5450,2.5450,2.5360,2.5370,1333600,3385826
2014-08-26,2.5470,2.5570,2.5350,2.5570,2324940,5911241
2014-08-27,2.5530,2.5530,2.5440,2.5490,707260,1802438
2014-08-28,2.5450,2.5540,2.5400,2.5510,960627,2447884
2014-08-29,2.5590,2.5590,2.5490,2.5540,1170678,2987678
2014-09-01,2.5510,2.5540,2.5450,2.5490,564929,1440064
2014-09-02,2.5530,2.5530,2.5310,2.5330,4640500,11783731
2014-09-03,2.5280,2.5280,2.5130,2.5240,5440900,13707045
2014-09-04,2.5240,2.5280,2.5170,2.5210,16859710,42515720
2014-09-05,2.5150,2.5190,2.5090,2.5160,26286820,66067544
2014-09-09,2.5120,2.5120,2.4940,2.4980,20278800,50662092
2014-09-10,2.4930,2.4950,2.4800,2.4900,17944572,44673884
2014-09-11,2.4860,2.4860,2.4730,2.4790,10109000,25035756
2014-09-12,2.4680,2.4680,2.4520,2.4640,7667569,18847924
2014-09-15,2.4550,2.4590,2.4500,2.4580,27377900,67169728
2014-09-16,2.4650,2.4650,2.4550,2.4580,31096652,76523488
2014-09-17,2.4600,2.4620,2.4560,2.4590,27320048,67175368
2014-09-18,2.4390,2.4390,2.4330,2.4350,22370292,54482616
2014-09-19,2.4310,2.4390,2.4260,2.4340,17990436,43748252
2014-09-22,2.4220,2.4260,2.4000,2.4060,21750708,52316552
2014-09-23,2.4100,2.4140,2.4070,2.4110,21795634,52561264
2014-09-24,2.4160,2.4200,2.4120,2.4180,22299628,53898612
2014-09-25,2.4090,2.4120,2.3990,2.4020,16837736,40515504
2014-09-26,2.4180,2.4350,2.4160,2.4290,23522216,56996148
2014-09-29,2.4250,2.4250,2.4160,2.4240,21313250,51594600
2014-09-30,2.4240,2.4330,2.4210,2.4290,19049036,46165324
2014-10-08,2.4180,2.4190,2.4120,2.4180,6780778,16376928
2014-10-09,2.4290,2.4340,2.4230,2.4310,25493300,61881420
2014-10-10,2.4330,2.4330,2.4230,2.4240,13556408,32883174
2014-10-13,2.4360,2.4490,2.4320,2.4410,23028688,56171704
2014-10-14,2.4430,2.4480,2.4410,2.4440,19835500,48483912
2014-10-15,2.4400,2.4400,2.4270,2.4280,22177756,53879824
2014-10-16,2.4420,2.4540,2.4420,2.4460,20394700,49964048
2014-10-17,2.4490,2.4530,2.4440,2.4490,12089776,29608112
2014-10-20,2.4490,2.4510,2.4410,2.4480,10583500,25874114
2014-10-21,2.4530,2.4630,2.4530,2.4610,6010810,14781606
2014-10-22,2.4610,2.4650,2.4600,2.4640,7353699,18108452
2014-10-23,2.4540,2.4550,2.4450,2.4480,10789202,26456092
2014-10-24,2.4350,2.4350,2.4240,2.4310,10997500,26696022
2014-10-27,2.4350,2.4390,2.4260,2.4270,10075900,24468960
2014-10-28,2.4250,2.4280,2.4210,2.4220,7863810,19063946
2014-10-29,2.4230,2.4290,2.4230,2.4280,9071753,22021128
2014-10-30,2.4170,2.4170,2.3900,2.3960,15114599,36300268
2014-10-31,2.3880,2.3880,2.3470,2.3490,16908312,40005844
2014-11-03,2.3150,2.3190,2.3080,2.3190,15241899,35264256
2014-11-04,2.3160,2.3170,2.3100,2.3160,12938700,29926660
2014-11-05,2.3120,2.3130,2.2670,2.2720,20614100,47370108
2014-11-06,2.2650,2.2680,2.2500,2.2620,16449052,37158328
2014-11-07,2.2510,2.2610,2.2400,2.2580,18352000,41308732
2014-11-10,2.3090,2.3120,2.2960,2.3050,22729740,52380952
2014-11-11,2.2890,2.2890,2.2680,2.2710,16919800,38523320
2014-11-12,2.2850,2.3070,2.2850,2.3030,21001252,48270456
2014-11-13,2.2940,2.3010,2.2900,2.2930,22780828,52292632
2014-11-14,2.2920,2.2970,2.2750,2.2820,30742176,70410872
2014-11-17,2.3250,2.3430,2.3250,2.3350,36624576,85561648
2014-11-18,2.3310,2.3420,2.3310,2.3400,27845300,65109208
2014-11-19,2.3500,2.3530,2.3480,2.3500,24177996,56835860
2014-11-20,2.3200,2.3460,2.3200,2.3300,25705338,59914776
2014-11-21,2.3410,2.3530,2.3410,2.3490,25135546,59045424
2014-11-24,2.3520,2.3660,2.3520,2.3590,25620212,60513336
2014-11-25,2.3590,2.3640,2.3590,2.3610,26638104,62895040
2014-11-26,2.3650,2.3670,2.3610,2.3630,30473300,72031616
2014-11-27,2.3650,2.3700,2.3510,2.3690,28114050,66453996
2014-11-28,2.3580,2.3580,2.3500,2.3530,24746148,58235904
2014-12-01,2.3050,2.3090,2.2950,2.3020,38714172,88977128
2014-12-02,2.3600,2.3920,2.3600,2.3900,26253778,62483748
2014-12-03,2.3840,2.3870,2.3700,2.3840,26588984,63357464
2014-12-04,2.3920,2.3970,2.3890,2.3920,28273302,67684520
2014-12-05,2.3920,2.3950,2.3890,2.3940,36464056,87217856
2014-12-08,2.3860,2.3860,2.3710,2.3730,60243464,143363264
2014-12-09,2.3810,2.4100,2.3810,2.4080,57182904,136954096
2014-12-10,2.4450,2.4680,2.4450,2.4630,89254880,219297488
2014-12-11,2.4620,2.4620,2.4390,2.4410,70553800,172993104
2014-12-12,2.4390,2.4470,2.4320,2.4340,92502920,225886752
2014-12-15,2.4300,2.4390,2.4200,2.4370,58294984,141790928
2014-12-16,2.4080,2.4080,2.3930,2.4040,59197888,142234944
2014-12-17,2.3930,2.4070,2.3930,2.4010,64746292,155493872
2014-12-18,2.4010,2.4300,2.3950,2.4090,58912692,142252144
2014-12-19,2.4070,2.4170,2.4050,2.4140,75845720,183012912
2014-12-22,2.4130,2.4150,2.4090,2.4090,46849012,113049784
2014-12-23,2.3940,2.3940,2.3790,2.3800,6792498,16179588
2014-12-24,2.3810,2.3810,2.3730,2.3780,23139356,55020404
2014-12-25,2.3740,2.3790,2.3700,2.3760,59074356,140313024
2014-12-26,2.3700,2.3930,2.3700,2.3860,44541376,106291992
2014-12-29,2.4000,2.4090,2.3980,2.4060,50615276,121636768
2014-12-30,2.3910,2.3960,2.3860,2.3880,84633568,202410192
2014-12-31,2.4110,2.4170,2.4100,2.4120,33708804,81366360
2015-01-05,2.4130,2.4160,2.4010,2.4140,3334378,8029822
2015-01-06,2.4160,2.4370,2.4160,2.4350,4066454,9863874
2015-01-07,2.4420,2.4520,2.4350,2.4450,9323508,22801208
2015-01-08,2.4450,2.4450,2.4280,2.4310,17678176,43077252
2015-01-09,2.4310,2.4410,2.4310,2.4390,19942986,48602628
2015-01-12,2.4560,2.4660,2.4510,2.4580,36432520,89516168
2015-01-13,2.4720,2.4800,2.4700,2.4710,10451650,25880898
2015-01-14,2.4720,2.4750,2.4510,2.4660,10426211,25655684
2015-01-15,2.4600,2.4660,2.4560,2.4620,7151600,17603030
2015-01-16,2.5060,2.5190,2.5060,2.5180,11268403,28346642
2015-01-19,2.5490,2.5720,2.5490,2.5670,10512183,26980972
2015-01-20,2.6000,2.6000,2.5520,2.5700,9365228,24046388
2015-01-21,2.5980,2.6230,2.5980,2.6200,8017780,20930792
2015-01-22,2.5990,2.6000,2.5800,2.5890,8049002,20852300
2015-01-23,2.5970,2.6100,2.5970,2.6070,5361436,13972480
2015-01-26,2.6090,2.6160,2.6030,2.6090,51269944,133775064
2015-01-27,2.5900,2.5910,2.5780,2.5890,24670008,63746704
2015-01-28,2.6050,2.6050,2.5960,2.5980,2758410,7173378
2015-01-29,2.5900,2.5920,2.5810,2.5850,1743500,4505796
2015-01-30,2.5630,2.5630,2.5110,2.5420,51276400,130202184
2015-02-02,2.5800,2.5910,2.5800,2.5860,23320600,60372960
2015-02-03,2.5750,2.5890,2.5740,2.5880,17317900,44632376
2015-02-04,2.5590,2.5600,2.5470,2.5600,5629817,14386953
2015-02-05,2.5630,2.5770,2.5630,2.5760,2087200,5369595
2015-02-06,2.5600,2.5660,2.5510,2.5640,1799827,4603360
2015-02-09,2.5390,2.5390,2.4990,2.5040,22984154,57569240
2015-02-10,2.5040,2.5160,2.5030,2.5140,10443000,26206932
2015-02-11,2.5060,2.5080,2.5020,2.5040,3105875,7778863
2015-02-12,2.4930,2.4930,2.4750,2.4790,3086700,7649343
2015-02-13,2.4790,2.4970,2.4790,2.4960,26709500,66360736
2015-02-16,2.4990,2.4990,2.4940,2.4980,2950100,7364557
2015-02-17,2.4980,2.4990,2.4860,2.4880,27485100,68573208
2015-02-25,2.4800,2.4800,2.4580,2.4660,27551500,67933944
2015-02-26,2.4620,2.4660,2.4560,2.4640,4469101,10996853
2015-02-27,2.4670,2.4690,2.4590,2.4650,28982300,71507296
2015-03-02,2.4720,2.4870,2.4720,2.4850,5021152,12456560
2015-03-03,2.4740,2.4740,2.4430,2.4670,48859900,120225152
2015-03-04,2.4680,2.4680,2.4580,2.4590,46059900,113300416
2015-03-05,2.4570,2.4570,2.4460,2.4490,45651600,111893120
2015-03-06,2.4450,2.4450,2.4350,2.4390,46936700,114429456
2015-03-09,2.3840,2.3920,2.3800,2.3890,67835504,161791920
2015-03-10,2.3820,2.3840,2.3630,2.3680,47261100,112415432
2015-03-11,2.3680,2.3700,2.3640,2.3690,49000200,116030752
2015-03-12,2.3600,2.3740,2.3490,2.3720,47481968,111650608
2015-03-13,2.3680,2.3680,2.3570,2.3590,40918000,96646456
2015-03-16,2.3570,2.3740,2.3560,2.3740,48522484,114710872
2015-03-17,2.3640,2.3640,2.3540,2.3580,66890808,157768160
2015-03-18,2.3530,2.3530,2.3390,2.3410,63002536,147771584
2015-03-19,2.3700,2.3730,2.3600,2.3630,67769184,160375072
2015-03-20,2.3650,2.3650,2.3540,2.3540,67529376,159179312
2015-03-23,2.3690,2.3750,2.3680,2.3740,59673532,141436832
2015-03-24,2.3800,2.3840,2.3760,2.3830,54509852,129643160
2015-03-25,2.3830,2.3840,2.3770,2.3810,56473528,134560048
2015-03-26,2.3890,2.4050,2.3860,2.4040,54558404,130711944
2015-03-27,2.4040,2.4080,2.3970,2.4060,53715876,129108184
2015-03-30,2.3980,2.3980,2.3800,2.3800,51680388,123163792
2015-03-31,2.3690,2.3710,2.3590,2.3660,48402228,114299744
2015-04-01,2.3660,2.3750,2.3650,2.3710,47975604,113816856
2015-04-02,2.3910,2.3970,2.3860,2.3970,56571296,135355744
2015-04-03,2.3820,2.3920,2.3810,2.3920,54059764,128994304
2015-04-07,2.4060,2.4070,2.4010,2.4070,49949056,120037600
2015-04-08,2.4010,2.4090,2.4000,2.4080,52853412,127055352
2015-04-09,2.3960,2.3960,2.3830,2.3850,53026640,126661768
2015-04-10,2.3810,2.3870,2.3720,2.3840,50789016,120923304
2015-04-13,2.3930,2.4050,2.3920,2.3940,52514716,125871928
2015-04-14,2.3900,2.3900,2.3690,2.3740,50636348,120865312
2015-04-15,2.3730,2.3780,2.3640,2.3680,52220396,123803392
2015-04-16,2.3830,2.3870,2.3780,2.3860,51026488,121548448
2015-04-17,2.3800,2.3950,2.3760,2.3950,52780360,125883424
2015-04-20,2.3930,2.4180,2.3930,2.4170,56865736,136526544
2015-04-21,2.4080,2.4080,2.3940,2.3990,52685960,126420920
2015-04-22,2.4010,2.4130,2.4000,2.4110,53080704,127626472
2015-04-23,2.3920,2.3980,2.3840,2.3900,163142400,390140000
2015-04-24,2.3930,2.4100,2.3910,2.3990,45269368,108339456
2015-04-27,2.3690,2.3880,2.3690,2.3760,45956624,109525576
2015-04-28,2.3960,2.4010,2.3920,2.3980,11533075,27648096
2015-04-29,2.4050,2.4130,2.4030,2.4110,16389709,39507824
2015-04-30,2.4090,2.4120,2.4060,2.4090,5560900,13396720
2015-05-04,2.3810,2.3900,2.3810,2.3850,13533716,32256212
2015-05-05,2.3890,2.3890,2.3790,2.3810,7022386,16734653
2015-05-06,2.3870,2.3870,2.3810,2.3830,9391000,22391846
2015-05-07,2.3800,2.3800,2.3510,2.3580,9938266,23503032
2015-05-08,2.3590,2.3690,2.3560,2.3690,9907730,23425720
2015-05-11,2.3700,2.3770,2.3690,2.3770,9744256,23129524
2015-05-12,2.3740,2.3770,2.3700,2.3760,9373435,22251842
2015-05-13,2.3830,2.3850,2.3760,2.3840,9968914,23743550
2015-05-14,2.4100,2.4220,2.4060,2.4200,15635296,37722976
2015-05-15,2.4220,2.4290,2.4150,2.4250,11405292,27619114
2015-05-18,2.4240,2.4600,2.4210,2.4520,15345755,37477404
2015-05-19,2.4520,2.4520,2.4270,2.4330,5350679,13020152
2015-05-20,2.4000,2.4100,2.3980,2.4060,11443900,27530942
2015-05-21,2.4080,2.4100,2.4060,2.4070,4266126,10271555
2015-05-22,2.4040,2.4120,2.4000,2.4110,9065943,21815236
2015-05-25,2.4110,2.4230,2.4060,2.4230,9658204,23308972
2015-05-26,2.4180,2.4290,2.4090,2.4100,15332642,37079268
2015-05-27,2.4010,2.4010,2.3870,2.3940,11071007,26495228
2015-05-28,2.3900,2.3960,2.3890,2.3910,12794854,30614872
2015-05-29,2.3890,2.3890,2.3790,2.3810,4537218,10809497
2015-06-01,2.3830,2.3880,2.3770,2.3850,11465700,27313352
2015-06-02,2.3820,2.3830,2.3770,2.3790,8592759,20444580
2015-06-03,2.3790,2.3820,2.3690,2.3700,11965100,28434030
2015-06-04,2.3590,2.3660,2.3570,2.3630,7202200,17003728
2015-06-05,2.3630,2.3710,2.3610,2.3680,15332521,36302348
2015-06-08,2.3700,2.3740,2.3590,2.3690,17098200,40449708
2015-06-09,2.3670,2.3710,2.3650,2.3660,12564595,29755356
2015-06-10,2.3680,2.3710,2.3600,2.3710,17591000,41628172
2015-06-11,2.3720,2.3770,2.3660,2.3710,24699676,58589800
2015-06-12,2.3700,2.3790,2.3680,2.3750,23234352,55138088
2015-06-15,2.3770,2.3770,2.3660,2.3720,26802450,63572592
2015-06-16,2.3750,2.3750,2.3650,2.3680,10525200,24961202
2015-06-17,2.3670,2.3670,2.3530,2.3610,24876408,58704432
2015-06-18,2.3650,2.3690,2.3490,2.3600,31746902,75029800
2015-06-19,2.3730,2.3750,2.3610,2.3640,13260201,31404406
2015-06-23,2.3590,2.3590,2.3460,2.3540,39001100,91696944
2015-06-24,2.3540,2.3640,2.3440,2.3630,86209288,203146960
2015-06-25,2.3570,2.3650,2.3560,2.3590,53811000,127023472
2015-06-26,2.3580,2.3640,2.3500,2.3530,45206928,106667984
2015-06-29,2.3540,2.3590,2.3470,2.3550,13370233,31440138
2015-06-30,2.3530,2.3540,2.3310,2.3460,8475352,19846464
2015-07-01,2.3430,2.3500,2.3410,2.3490,4558965,10689574
2015-07-02,2.3310,2.3380,2.3200,2.3300,6282652,14610841
2015-07-03,2.3300,2.3300,2.3060,2.3120,5064579,11727606
2015-07-06,2.3150,2.3360,2.3150,2.3300,5665592,13170508
2015-07-07,2.3260,2.3280,2.3070,2.3130,5165470,11958488
2015-07-08,2.2960,2.2960,2.2310,2.2360,10184400,22848882
2015-07-09,2.2360,2.3470,2.2360,2.3150,5419719,12405056
2015-07-10,2.2980,2.3290,2.2600,2.3010,11286943,26117882
2015-07-13,2.3010,2.3130,2.2920,2.3100,3179300,7335157
2015-07-14,2.3080,2.3130,2.3030,2.3090,3264378,7537934
2015-07-15,2.3050,2.3130,2.3030,2.3070,2904920,6703616
2015-07-16,2.2990,2.3040,2.2810,2.2990,2307176,5295280
2015-07-17,2.2990,2.3000,2.2800,2.2990,2807083,6446367
2015-07-20,2.2880,2.2880,2.2310,2.2430,30639000,68725368
2015-07-21,2.2330,2.2330,2.2220,2.2260,42648864,94931296
2015-07-22,2.2210,2.2230,2.2000,2.2040,14646701,32358798
2015-07-23,2.2030,2.2140,2.2010,2.2090,7339132,16214168
2015-07-24,2.1910,2.1930,2.1760,2.1860,14607176,31892748
2015-07-27,2.1890,2.2150,2.1880,2.2130,16769962,36885628
2015-07-28,2.2010,2.2010,2.1830,2.1920,9213121,20159390
2015-07-29,2.1920,2.1990,2.1880,2.1970,3215278,7051869
2015-07-30,2.1970,2.1980,2.1770,2.1800,6694000,14643082
2015-07-31,2.1790,2.1800,2.1610,2.1670,8775100,19017914
2015-08-03,2.1770,2.1900,2.1740,2.1890,9061349,19789304
2015-08-04,2.1680,2.1810,2.1650,2.1800,3547654,7716406
2015-08-05,2.1780,2.1810,2.1740,2.1770,3491812,7600229
2015-08-06,2.1770,2.1780,2.1730,2.1770,2224911,4841778
2015-08-07,2.1800,2.1880,2.1770,2.1870,4133011,9018348
2015-08-10,2.1900,2.1960,2.1880,2.1950,7533800,16514529
2015-08-11,2.2070,2.2530,2.2020,2.2510,27920328,62431352
2015-08-12,2.2780,2.3290,2.2570,2.3270,40191132,92480400
2015-08-13,2.3500,2.3640,2.2980,2.3150,33252188,77312072
2015-08-14,2.2920,2.3000,2.2850,2.2990,18617424,42664332
2015-08-17,2.2950,2.3040,2.2910,2.3010,11209200,25738444
2015-08-18,2.3050,2.3110,2.2980,2.3020,9788256,22551482
2015-08-19,2.2990,2.3110,2.2880,2.3100,5213275,11996758
2015-08-20,2.3380,2.3730,2.3350,2.3460,17005144,39930380
2015-08-21,2.3950,2.4330,2.3850,2.3900,27896292,66964256
2015-08-24,2.3910,2.4800,2.3760,2.3810,61715968,149258560
2015-08-25,2.3990,2.4280,2.3670,2.3680,25639304,61309304
2015-08-26,2.3490,2.3580,2.3100,2.3490,22994704,53865324
2015-08-27,2.3210,2.3400,2.3200,2.3220,12083554,28114612
2015-08-28,2.3270,2.3420,2.3230,2.3330,15006658,34980308
2015-08-31,2.3350,2.3440,2.3310,2.3390,11008362,25738416
2015-09-01,2.3500,2.3620,2.3460,2.3540,11469681,26974342
2015-09-02,2.3540,2.3690,2.3200,2.3510,7288491,17109854
2015-09-07,2.3280,2.3280,2.3100,2.3130,5662026,13105788
2015-09-08,2.3040,2.3110,2.3000,2.3030,7038150,16227442
2015-09-09,2.3070,2.3170,2.3070,2.3130,6813448,15766358
2015-09-10,2.2810,2.2930,2.2810,2.2860,10022700,22919148
2015-09-11,2.2940,2.2940,2.2850,2.2870,4793917,10976045
2015-09-14,2.2870,2.2880,2.2810,2.2820,6756757,15441054
2015-09-15,2.2820,2.2840,2.2790,2.2800,3738862,8527454
2015-09-16,2.2720,2.2800,2.2710,2.2770,4538920,10328036
2015-09-17,2.3060,2.3080,2.3020,2.3050,10017039,23085698
2015-09-18,2.3280,2.3280,2.3160,2.3180,7796700,18089716
2015-09-21,2.3290,2.3510,2.3290,2.3470,10045941,23511924
2015-09-22,2.3380,2.3440,2.3320,2.3330,4577457,10691562
2015-09-23,2.3190,2.3350,2.3110,2.3260,4230362,9812636
2015-09-24,2.3330,2.3450,2.3330,2.3440,10262401,23988840
2015-09-25,2.3690,2.3730,2.3550,2.3590,7061392,16699018
2015-09-28,2.3450,2.3590,2.3410,2.3450,5524446,12995439
2015-09-29,2.3400,2.3400,2.3080,2.3140,5812456,13530431
2015-09-30,2.3060,2.3140,2.3050,2.3140,4031126,9309255
2015-10-08,2.3350,2.3470,2.3350,2.3460,167443008,392150368
2015-10-09,2.3400,2.3570,2.3350,2.3500,5906958,13874811
2015-10-12,2.3700,2.3770,2.3600,2.3750,12651099,29931348
2015-10-13,2.3680,2.3680,2.3500,2.3610,12546770,29581320
2015-10-14,2.3820,2.3970,2.3820,2.3970,11247037,26881520
2015-10-15,2.4150,2.4190,2.4060,2.4070,10328250,24894030
2015-10-16,2.4030,2.4060,2.3950,2.4020,11507556,27639146
2015-10-19,2.4000,2.4030,2.3930,2.3980,5270775,12629119
2015-10-20,2.3900,2.3950,2.3850,2.3930,6454214,15421362
2015-10-21,2.4000,2.4080,2.3980,2.3990,5824140,13990908
2015-10-22,2.3820,2.3890,2.3800,2.3890,4045100,9642951
2015-10-23,2.3890,2.4050,2.3890,2.4030,4752300,11371711
2015-10-26,2.3930,2.3930,2.3850,2.3870,5431369,12971758
2015-10-27,2.3840,2.3980,2.3840,2.3940,6907339,16503041
2015-10-28,2.3900,2.4080,2.3900,2.4060,6723297,16134013
2015-10-29,2.3890,2.3980,2.3700,2.3840,11817008,28161160
2015-10-30,2.3590,2.3650,2.3480,2.3510,12745200,30018534
2015-11-02,2.3330,2.3440,2.3280,2.3400,7653899,17868180
2015-11-03,2.3350,2.3350,2.3270,2.3270,8407150,19580738
2015-11-04,2.3040,2.3050,2.2980,2.3010,29895600,68778280
2015-11-05,2.2900,2.2900,2.2790,2.2810,35511376,81023896
2015-11-06,2.2800,2.2830,2.2770,2.2820,29762660,67836792
2015-11-09,2.2490,2.2540,2.2460,2.2500,28587540,64312140
2015-11-10,2.2500,2.2530,2.2470,2.2500,21551400,48466128
2015-11-11,2.2490,2.2510,2.2460,2.2490,19023400,42785588
2015-11-12,2.2480,2.2480,2.2400,2.2430,15310100,34342944
2015-11-13,2.2360,2.2370,2.2280,2.2300,14379970,32068876
2015-11-16,2.2500,2.2610,2.2500,2.2600,25155800,56697288
2015-11-17,2.2400,2.2400,2.2250,2.2260,24527412,54730588
2015-11-18,2.2060,2.2150,2.2010,2.2120,16490630,36390104
2015-11-19,2.2190,2.2230,2.2170,2.2210,9829846,21829740
2015-11-20,2.2310,2.2350,2.2260,2.2340,17042060,38007156
2015-11-23,2.2200,2.2220,2.2100,2.2120,14891833,32965096
2015-11-24,2.2110,2.2140,2.2090,2.2120,7403743,16373848
2015-11-25,2.2230,2.2310,2.2220,2.2260,13803833,30732214
2015-11-26,2.2130,2.2200,2.2100,2.2170,10149918,22488796
2015-11-27,2.2160,2.2170,2.2010,2.2060,12002100,26511452
2015-11-30,2.1770,2.1850,2.1770,2.1830,9366816,20430304
2015-12-01,2.1960,2.2180,2.1940,2.2160,13548511,29952109
2015-12-02,2.2160,2.2160,2.2040,2.2080,5427200,11981655
2015-12-03,2.1750,2.1860,2.1710,2.1820,25148850,54771110
2015-12-04,2.1980,2.2010,2.1920,2.2000,16158639,35502856
2015-12-07,2.2390,2.2440,2.2370,2.2400,22015654,49304514
2015-12-08,2.2250,2.2260,2.2130,2.2250,9866199,21897792
2015-12-09,2.2300,2.2330,2.2280,2.2310,6187999,13803339
2015-12-10,2.2310,2.2330,2.2260,2.2300,7224200,16098311
2015-12-11,2.2210,2.2320,2.2160,2.2300,8732490,19400140
2015-12-14,2.2360,2.2440,2.2350,2.2420,12058010,27017036
2015-12-15,2.2260,2.2350,2.2240,2.2250,12100900,26956556
2015-12-16,2.2220,2.2300,2.2220,2.2270,21654372,48218528
2015-12-17,2.2400,2.2400,2.2260,2.2280,22463600,50113236
2015-12-18,2.2060,2.2170,2.2050,2.2170,18884044,41765624
2015-12-21,2.2320,2.2400,2.2300,2.2380,20465480,45738020
2015-12-22,2.2500,2.2540,2.2400,2.2490,16109900,36181363
2015-12-23,2.2420,2.2500,2.2400,2.2440,13377031,30006548
2015-12-24,2.2420,2.2450,2.2390,2.2450,7358854,16508272
2015-12-25,2.2470,2.2510,2.2470,2.2500,6666753,14989496
2015-12-28,2.2480,2.2500,2.2390,2.2440,9363157,21006484
2015-12-29,2.2400,2.2490,2.2400,2.2480,11786320,26482326
2015-12-30,2.2450,2.2490,2.2440,2.2450,8846564,19872379
2015-12-31,2.2360,2.2360,2.2300,2.2320,15567300,34754965
2016-01-04,2.2350,2.2530,2.2290,2.2510,15472899,34666689
2016-01-05,2.2570,2.2750,2.2560,2.2700,22234102,50342479
2016-01-06,2.2620,2.3180,2.2610,2.2890,48668380,111354579
2016-01-07,2.3080,2.3730,2.3080,2.3390,84189760,197031762
2016-01-08,2.3430,2.3470,2.3090,2.3380,56803944,132705908
2016-01-11,2.3450,2.3580,2.3380,2.3470,26097153,61227213
2016-01-12,2.3190,2.3240,2.3100,2.3180,22655600,52524403
2016-01-13,2.2990,2.3040,2.2950,2.3000,22418900,51557189
2016-01-14,2.3080,2.3240,2.3080,2.3170,23907450,55420813
2016-01-15,2.2940,2.3050,2.2910,2.3040,19853000,45590436
2016-01-18,2.3160,2.3190,2.3110,2.3130,26298786,60891451
2016-01-19,2.3030,2.3160,2.3020,2.3110,17038650,39324883
2016-01-20,2.3130,2.3300,2.3130,2.3290,74769117,173500430
2016-01-21,2.3340,2.3580,2.3310,2.3500,95525742,223816578
2016-01-22,2.3310,2.3400,2.3270,2.3350,34823820,81317856
2016-01-25,2.3320,2.3470,2.3320,2.3390,32919500,77010652
2016-01-26,2.3500,2.3850,2.3500,2.3790,91704739,217101642
2016-01-27,2.3800,2.3850,2.3700,2.3750,37595779,89426581
2016-01-28,2.3750,2.3790,2.3570,2.3610,47764275,113102649
2016-01-29,2.3570,2.3670,2.3530,2.3630,49345409,116442876
2016-02-01,2.3670,2.3880,2.3670,2.3830,88838665,211656656
2016-02-02,2.3980,2.3980,2.3860,2.3890,31783750,75948100
2016-02-03,2.3880,2.4010,2.3880,2.3990,52179361,125104661
2016-02-04,2.4150,2.4300,2.4150,2.4210,43608993,105572677
2016-02-05,2.4490,2.4540,2.4430,2.4510,63769576,156034577
2016-02-15,2.5980,2.6000,2.5360,2.5470,114928256,294435016
2016-02-16,2.5170,2.5200,2.4960,2.5120,139251117,349126102
2016-02-17,2.5120,2.5390,2.5070,2.5330,87228932,220289372
2016-02-18,2.5280,2.5390,2.5280,2.5370,42988223,108960443
2016-02-19,2.5610,2.5760,2.5610,2.5740,69751765,179266409
2016-02-22,2.5740,2.5740,2.5500,2.5550,60567588,154940448
2016-02-23,2.5490,2.5650,2.5420,2.5570,70210939,179456362
2016-02-24,2.5720,2.6000,2.5720,2.5770,113421214,292865252
2016-02-25,2.5950,2.6150,2.5930,2.6140,182551774,475421787
2016-02-26,2.6080,2.6150,2.6060,2.6120,80429673,209973298
2016-02-29,2.5910,2.5980,2.5850,2.5870,156610329,405843730
2016-03-01,2.6200,2.6330,2.6110,2.6260,173666827,456106962
2016-03-02,2.5930,2.5980,2.5900,2.5950,188301765,488600555
2016-03-03,2.6010,2.6170,2.6010,2.6170,101386245,264614390
2016-03-04,2.6450,2.6560,2.6420,2.6510,181716900,481198300
2016-03-07,2.6600,2.6630,2.6270,2.6490,241650035,638317970
2016-03-08,2.6550,2.6720,2.6540,2.6620,172582057,459575812
2016-03-09,2.6330,2.6420,2.6180,2.6340,120764512,318094008
2016-03-10,2.6210,2.6300,2.6170,2.6180,153453368,402471235
2016-03-11,2.6730,2.6800,2.6480,2.6510,181093469,483420779
2016-03-14,2.6220,2.6310,2.6210,2.6240,134549216,353519565
2016-03-15,2.5840,2.5870,2.5680,2.5720,169458187,436432547
2016-03-16,2.5750,2.5910,2.5740,2.5910,87754983,226723445
2016-03-17,2.6250,2.6250,2.6130,2.6170,274579724,718962677
2016-03-18,2.6250,2.6280,2.6120,2.6170,209482297,548423363
2016-03-21,2.5990,2.6000,2.5670,2.5760,197737344,511271292
2016-03-22,2.5780,2.5980,2.5780,2.5970,98591502,255058454
2016-03-23,2.5920,2.5920,2.5670,2.5700,97781192,251908951
2016-03-24,2.5330,2.5460,2.5320,2.5340,84656767,214968984
2016-03-25,2.5380,2.5510,2.5380,2.5490,89114950,226859360
2016-03-28,2.5390,2.5450,2.5310,2.5410,118271700,299873277
2016-03-29,2.5440,2.5480,2.5400,2.5470,80689617,205386730
2016-03-30,2.5800,2.5820,2.5690,2.5700,92308982,237586805
2016-03-31,2.5480,2.5530,2.5450,2.5480,107420785,273827186
2016-04-01,2.5530,2.5660,2.5490,2.5640,43537076,111297020
2016-04-05,2.5480,2.5530,2.5440,2.5520,100249288,255556796
2016-04-06,2.5580,2.5600,2.5520,2.5540,39461575,100882970
2016-04-07,2.5480,2.5580,2.5460,2.5530,45814274,116928517
2016-04-08,2.5660,2.5760,2.5660,2.5700,69476639,178629674
2016-04-11,2.5920,2.5980,2.5850,2.5930,93021084,241087151
2016-04-12,2.6000,2.6070,2.5960,2.6070,60747680,157931533
2016-04-13,2.6010,2.6030,2.5830,2.5840,96663100,250600000
2016-04-14,2.5640,2.5660,2.5580,2.5630,93463135,239486818
2016-04-15,2.5530,2.5660,2.5520,2.5620,72469300,185512531
2016-04-18,2.5700,2.5760,2.5620,2.5640,50433300,129611743
2016-04-19,2.5590,2.5930,2.5560,2.5880,52249898,134031065
2016-04-20,2.6020,2.6110,2.5820,2.5940,99758319,259334489
2016-04-21,2.5950,2.6310,2.5940,2.6260,132589853,346097516
2016-04-22,2.5990,2.6100,2.5900,2.5920,81711242,212586071
2016-04-25,2.5710,2.5880,2.5690,2.5780,68649000,176951046
2016-04-26,2.5900,2.5930,2.5720,2.5730,47209418,121868877
2016-04-27,2.5950,2.6020,2.5910,2.6010,83386219,216457084
2016-04-28,2.5880,2.6180,2.5860,2.6130,90957812,236775624
2016-04-29,2.6340,2.6700,2.6340,2.6600,226511071,601795368
2016-05-03,2.7000,2.7110,2.6710,2.7020,219202049,589987846
2016-05-04,2.6800,2.6810,2.6740,2.6770,104873100,280864238
2016-05-05,2.6760,2.6900,2.6740,2.6750,125997994,338034376
2016-05-06,2.6740,2.6870,2.6720,2.6800,161477699,432779503
2016-05-09,2.6860,2.6930,2.6660,2.6700,213335388,571996336
2016-05-10,2.6470,2.6610,2.6400,2.6570,169232785,449050591
2016-05-11,2.6640,2.6740,2.6600,2.6690,161295858,430186898
2016-05-12,2.6740,2.6740,2.6590,2.6600,85297875,227568491
2016-05-13,2.6590,2.6860,2.6570,2.6820,204938699,548018391
2016-05-16,2.6820,2.6990,2.6810,2.6950,191540049,515260042
2016-05-17,2.6900,2.6910,2.6780,2.6820,180837512,485834343
2016-05-18,2.6880,2.6910,2.6800,2.6810,82168293,220720767
2016-05-19,2.6590,2.6600,2.6390,2.6400,158044897,419054519
2016-05-20,2.6410,2.6470,2.6330,2.6380,115062739,303808014
2016-05-23,2.6440,2.6470,2.6340,2.6350,131051763,346061796
2016-05-24,2.6310,2.6360,2.6230,2.6230,103017668,271173575
2016-05-25,2.5950,2.6060,2.5780,2.5810,161862550,419415782
2016-05-26,2.5930,2.5980,2.5870,2.5910,94629722,245494240
2016-05-27,2.5770,2.5840,2.5640,2.5800,113719213,292962086
2016-05-30,2.5500,2.5550,2.5380,2.5540,107801473,274562553
2016-05-31,2.5690,2.5770,2.5660,2.5760,103017334,265015803
2016-06-01,2.5830,2.5900,2.5770,2.5790,93262967,241001569
2016-06-02,2.5720,2.5820,2.5700,2.5810,60755881,156530819
2016-06-03,2.5720,2.5750,2.5700,2.5740,58239000,149767188
2016-06-06,2.6250,2.6290,2.6180,2.6210,138563896,363242251
2016-06-07,2.6260,2.6300,2.6220,2.6250,69357474,182178360
2016-06-08,2.6290,2.6460,2.6270,2.6460,78811227,207896250
2016-06-13,2.6930,2.7290,2.6930,2.7240,231403741,626773548
2016-06-14,2.7220,2.7250,2.7100,2.7170,130261994,354141925
2016-06-15,2.7270,2.7350,2.7220,2.7300,106851852,291452880
2016-06-16,2.7500,2.7850,2.7450,2.7770,130987818,361593421
2016-06-17,2.7180,2.7300,2.7110,2.7150,167567175,455545346
2016-06-20,2.7200,2.7240,2.7110,2.7170,74261449,201853519
2016-06-21,2.7210,2.7240,2.7080,2.7120,82937779,225474935
2016-06-22,2.6930,2.6940,2.6700,2.6750,67045402,179865129
2016-06-23,2.6750,2.6900,2.6720,2.6810,107597176,288220270
2016-06-24,2.7030,2.9460,2.6860,2.8050,456008754,1267108605
2016-06-27,2.8270,2.8350,2.8230,2.8280,126749246,358457614
2016-06-28,2.8280,2.8280,2.8140,2.8170,94415501,266386699
2016-06-29,2.8200,2.8320,2.8190,2.8300,106775100,301905713
2016-06-30,2.8220,2.8240,2.8130,2.8180,118471382,333898485
2016-07-01,2.8390,2.8670,2.8390,2.8580,198857568,567387960
2016-07-04,2.9040,2.9170,2.8840,2.8990,208950149,605771544
2016-07-05,2.9000,2.9020,2.8710,2.8900,104610561,301901606
2016-07-06,2.9460,2.9600,2.9400,2.9470,186661905,550636974
2016-07-07,2.9460,2.9580,2.9340,2.9360,142208649,419033142
2016-07-08,2.9110,2.9260,2.9110,2.9160,131755846,384469471
2016-07-11,2.9450,2.9630,2.9330,2.9420,243961465,719447210
2016-07-12,2.9280,2.9290,2.9150,2.9190,117135921,342195844
2016-07-13,2.8630,2.8930,2.8600,2.8920,121228397,348273631
2016-07-14,2.9000,2.9000,2.8700,2.8720,104660300,301490189
2016-07-15,2.8660,2.8760,2.8590,2.8750,120689689,346107008
2016-07-18,2.8640,2.8740,2.8570,2.8650,121951800,349494411
2016-07-19,2.8670,2.8760,2.8610,2.8700,97810935,280757653
2016-07-20,2.8700,2.8770,2.8570,2.8580,124887910,358171415
2016-07-21,2.8260,2.8330,2.8220,2.8300,107163010,303038308
2016-07-22,2.8570,2.8570,2.8400,2.8440,125548637,357518701
2016-07-25,2.8260,2.8350,2.8210,2.8300,80434574,227627657
2016-07-26,2.8380,2.8400,2.8270,2.8340,70764056,200526737
2016-07-27,2.8320,2.8380,2.8270,2.8360,95361300,270159821
2016-07-28,2.8730,2.8780,2.8620,2.8760,134634566,386652589
2016-07-29,2.8710,2.8720,2.8550,2.8590,73268508,209971247
2016-08-01,2.8810,2.8870,2.8760,2.8770,95500300,275225034
2016-08-02,2.8840,2.8950,2.8790,2.8950,68389829,197365683
2016-08-03,2.9070,2.9160,2.9050,2.9120,124978552,363583722
2016-08-04,2.8960,2.9010,2.8800,2.8810,138204300,399537657
2016-08-05,2.9020,2.9190,2.9020,2.9180,146666029,426838822
2016-08-08,2.8690,2.8700,2.8520,2.8570,129258300,370128728
2016-08-09,2.8590,2.8630,2.8530,2.8550,68438400,195635110
2016-08-10,2.8760,2.8990,2.8760,2.8960,124349025,358862349
2016-08-11,2.8720,2.8750,2.8680,2.8710,70512600,202446406
2016-08-12,2.8660,2.8710,2.8650,2.8700,56492625,162024012
2016-08-15,2.8640,2.8650,2.8570,2.8640,89518075,256125813
2016-08-16,2.8680,2.8800,2.8650,2.8750,112115396,321995156
2016-08-17,2.8700,2.8700,2.8590,2.8610,83937800,240412116
2016-08-18,2.8810,2.8860,2.8740,2.8760,120309846,346747072
2016-08-19,2.8720,2.8850,2.8690,2.8770,73955786,212757477
2016-08-22,2.8590,2.8610,2.8530,2.8550,78312584,223802355
2016-08-23,2.8610,2.8620,2.8550,2.8600,65806964,188132732
2016-08-24,2.8600,2.8630,2.8600,2.8610,45565560,130383274
2016-08-25,2.8350,2.8410,2.8330,2.8370,76289893,216419473
2016-08-26,2.8310,2.8420,2.8310,2.8410,60493407,171650706
2016-08-29,2.8300,2.8330,2.8270,2.8300,52924300,149776841
2016-08-30,2.8410,2.8460,2.8350,2.8360,76029129,216076606
2016-08-31,2.8290,2.8310,2.8220,2.8230,129435900,366014611
2016-09-01,2.8190,2.8230,2.8140,2.8150,77310338,217959982
2016-09-02,2.8220,2.8280,2.8170,2.8210,137341800,387901799
2016-09-05,2.8430,2.8520,2.8430,2.8510,131857900,375182321
2016-09-06,2.8500,2.8540,2.8490,2.8520,75961299,216590831
2016-09-07,2.8890,2.8990,2.8880,2.8910,149852275,433559188
2016-09-08,2.8840,2.8900,2.8830,2.8890,57854534,166924255
2016-09-09,2.8740,2.8770,2.8700,2.8720,59368600,170630736
2016-09-12,2.8550,2.8550,2.8460,2.8520,203518902,579846001
2016-09-13,2.8550,2.8630,2.8540,2.8570,91280100,260887210
2016-09-14,2.8350,2.8450,2.8310,2.8430,87606100,248483362
2016-09-19,2.8260,2.8310,2.8220,2.8260,134765800,380846464
2016-09-20,2.8280,2.8330,2.8270,2.8310,55211200,156279543
2016-09-21,2.8310,2.8410,2.8270,2.8380,115994300,328523252
2016-09-22,2.8600,2.8630,2.8550,2.8590,127406600,364224504
2016-09-23,2.8660,2.8670,2.8610,2.8620,86501201,247776040
2016-09-26,2.8690,2.8700,2.8590,2.8630,116406300,333323069
2016-09-27,2.8700,2.8710,2.8570,2.8580,118447516,338982804
2016-09-28,2.8410,2.8440,2.8360,2.8370,121164738,344117118
2016-09-29,2.8400,2.8430,2.8320,2.8320,88786384,252071276
2016-09-30,2.8380,2.8440,2.8340,2.8430,103079837,292685841
2016-10-10,2.7290,2.7390,2.7200,2.7370,336163563,918397652
2016-10-11,2.7290,2.7330,2.7240,2.7310,140294663,382668514
2016-10-12,2.7270,2.7300,2.7240,2.7250,81963400,223540144
2016-10-13,2.7260,2.7380,2.7260,2.7340,134422200,367374166
2016-10-14,2.7310,2.7340,2.7220,2.7240,92203426,251442176
2016-10-17,2.7220,2.7350,2.7220,2.7340,145611042,397392669
2016-10-18,2.7370,2.7450,2.7340,2.7400,141136790,386439171
2016-10-19,2.7440,2.7460,2.7390,2.7400,110565627,303282832
2016-10-20,2.7570,2.7660,2.7560,2.7610,111395651,307674367
2016-10-21,2.7540,2.7560,2.7490,2.7510,128181400,352786799
2016-10-24,2.7560,2.7640,2.7550,2.7600,176317660,486304045
2016-10-25,2.7620,2.7730,2.7620,2.7700,218486639,604559810
2016-10-26,2.7840,2.7910,2.7820,2.7830,141044852,393034899
2016-10-27,2.7700,2.7750,2.7680,2.7720,132065500,366068200
2016-10-28,2.7780,2.7830,2.7720,2.7750,121080200,336449077
2016-10-31,2.7870,2.7950,2.7860,2.7880,194485200,542831802
2016-11-01,2.7930,2.8030,2.7910,2.7990,180300938,504182519
2016-11-02,2.8180,2.8250,2.8130,2.8240,226306100,637679784
2016-11-03,2.8330,2.8330,2.8190,2.8230,345698715,977183985
2016-11-04,2.8290,2.8320,2.8000,2.8040,303960000,855723426
2016-11-07,2.8060,2.8100,2.7850,2.7920,296698000,828752787
2016-11-08,2.7780,2.7980,2.7780,2.7980,367000298,1023441385
2016-11-09,2.7860,2.8900,2.7850,2.8650,936780927,2664597885
2016-11-10,2.7990,2.8150,2.7970,2.8130,295147848,829285871
2016-11-11,2.7790,2.7800,2.7490,2.7690,271228396,750070754
2016-11-14,2.6750,2.6860,2.6750,2.6830,342814128,918678950
2016-11-15,2.7120,2.7130,2.7050,2.7090,269889893,731104098
2016-11-16,2.7150,2.7250,2.7150,2.7220,278734490,758600839
2016-11-17,2.7220,2.7240,2.7140,2.7160,153261500,416814166
2016-11-18,2.7000,2.7000,2.6840,2.6870,256489142,689690891
2016-11-21,2.6960,2.7110,2.6950,2.7090,193083951,521697032
2016-11-22,2.7200,2.7210,2.7130,2.7150,213722100,580651642
2016-11-23,2.7150,2.7230,2.7120,2.7170,439951000,1196001311
2016-11-24,2.6860,2.6910,2.6820,2.6840,373477036,1003127866
2016-11-25,2.6710,2.6750,2.6410,2.6620,480639904,1276397896
2016-11-28,2.6870,2.6920,2.6770,2.6780,404889800,1087289836
2016-11-29,2.6800,2.6820,2.6650,2.6660,302806900,809362874
2016-11-30,2.6640,2.6670,2.6510,2.6520,384540700,1022256705
2016-12-01,2.6250,2.6440,2.6190,2.6400,357559700,940998381
2016-12-02,2.6430,2.6440,2.6310,2.6380,303914382,800894653
2016-12-05,2.6400,2.6420,2.6270,2.6290,414309996,1091278025
2016-12-06,2.6320,2.6360,2.6250,2.6260,413349241,1087667389
2016-12-07,2.6230,2.6300,2.6210,2.6210,340960633,894715010
2016-12-08,2.6380,2.6500,2.6360,2.6440,462494454,1223170400
2016-12-09,2.6420,2.6440,2.6330,2.6430,503371955,1328455676
2016-12-12,2.6400,2.6400,2.6240,2.6300,435474494,1145628221
2016-12-13,2.6340,2.6430,2.6310,2.6320,418943700,1104671215
2016-12-14,2.6360,2.6520,2.6340,2.6500,547207685,1445322694
2016-12-15,2.6220,2.6270,2.6130,2.6150,404355020,1059735384
2016-12-16,2.6030,2.6070,2.6000,2.6020,319719678,832587854
2016-12-19,2.6140,2.6170,2.6090,2.6150,406629700,1062059368
2016-12-20,2.6120,2.6160,2.5980,2.6010,348718877,910773435
2016-12-21,2.5810,2.6020,2.5790,2.5950,351069706,909646990
2016-12-22,2.5890,2.5910,2.5750,2.5770,568855660,1470164722
2016-12-23,2.5840,2.5890,2.5820,2.5830,336334518,869828792
2016-12-26,2.5860,2.5950,2.5840,2.5920,444794800,1150474023
2016-12-27,2.5920,2.6000,2.5910,2.5950,534855100,1388962753
2016-12-28,2.5980,2.6090,2.5970,2.6030,423130310,1101763178
2016-12-29,2.6120,2.6170,2.6080,2.6160,297308248,776700383
2016-12-30,2.6400,2.6420,2.6260,2.6360,301608599,794450349
2017-01-03,2.6350,2.6360,2.6250,2.6260,181075000,476438202
2017-01-04,2.6320,2.6420,2.6320,2.6380,212835300,561173609
2017-01-05,2.6400,2.6410,2.6290,2.6360,354570218,934366066
2017-01-06,2.6370,2.6410,2.6320,2.6330,260777900,687845758
2017-01-09,2.6380,2.6450,2.6380,2.6450,258229786,682501093
2017-01-10,2.6560,2.6660,2.6550,2.6630,377936541,1005428343
2017-01-11,2.6650,2.6670,2.6610,2.6640,308698388,822284157
2017-01-12,2.6650,2.6710,2.6650,2.6710,278315772,742442021
2017-01-13,2.6580,2.6670,2.6550,2.6620,197409900,525206749
2017-01-16,2.6670,2.6860,2.6660,2.6820,257864475,690037750
2017-01-17,2.6850,2.6990,2.6820,2.6940,327169208,880424131
2017-01-18,2.6970,2.6970,2.6820,2.6850,286081700,770078378
2017-01-19,2.6690,2.6740,2.6550,2.6620,395254948,1053909932
2017-01-20,2.6670,2.6720,2.6660,2.6680,244129252,651831321
2017-01-23,2.6860,2.6910,2.6810,2.6810,232755110,625471850
2017-01-24,2.6840,2.6850,2.6740,2.6770,187725200,503504304
2017-01-25,2.6630,2.6700,2.6500,2.6510,253252137,674733302
2017-01-26,2.6450,2.6450,2.6390,2.6410,130353715,344362290
2017-02-03,2.6780,2.6800,2.6730,2.6740,129077780,345383599
2017-02-06,2.6960,2.7030,2.6950,2.7010,127672372,344649686
2017-02-07,2.7120,2.7260,2.7120,2.7220,191113366,519230176
2017-02-08,2.7260,2.7320,2.7210,2.7220,219687663,599386273
2017-02-09,2.7380,2.7430,2.7380,2.7400,279073549,764871261
2017-02-10,2.7090,2.7150,2.7060,2.7120,201598814,546651857
2017-02-13,2.7250,2.7280,2.7180,2.7190,265602808,723279658
2017-02-14,2.7130,2.7210,2.7120,2.7200,181995206,494214530
2017-02-15,2.7120,2.7150,2.7050,2.7070,313300681,849313350
2017-02-16,2.7270,2.7310,2.7230,2.7250,221665737,604731202
2017-02-17,2.7340,2.7390,2.7300,2.7370,194761200,532662868
2017-02-20,2.7300,2.7370,2.7260,2.7300,275224704,751452299
2017-02-21,2.7300,2.7370,2.7280,2.7360,348796900,952890152
2017-02-22,2.7390,2.7420,2.7330,2.7350,126931100,347664908
2017-02-23,2.7390,2.7410,2.7360,2.7390,252002387,690222071
2017-02-24,2.7630,2.7790,2.7610,2.7750,207142433,573096222
2017-02-27,2.7810,2.7870,2.7810,2.7840,283702072,789760452
2017-02-28,2.7740,2.7780,2.7730,2.7740,301758351,837531621
2017-03-01,2.7520,2.7640,2.7520,2.7550,379102340,1045728385
2017-03-02,2.7630,2.7630,2.7580,2.7580,312689164,863349603
2017-03-03,2.7360,2.7410,2.7360,2.7370,300231000,822288615
2017-03-06,2.7430,2.7450,2.7390,2.7390,293031694,803679423
2017-03-07,2.7330,2.7330,2.7290,2.7290,298208801,814299064
2017-03-08,2.7180,2.7220,2.7170,2.7170,275404923,749012585
2017-03-09,2.7100,2.7110,2.7050,2.7080,254149999,688503977
2017-03-10,2.6950,2.6960,2.6880,2.6900,216490981,582802606
2017-03-13,2.7020,2.7190,2.7020,2.7180,240945118,652628488
2017-03-14,2.7060,2.7170,2.7060,2.7090,325857500,884186890
2017-03-15,2.7080,2.7140,2.7050,2.7090,497124800,1346723709
2017-03-16,2.7480,2.7550,2.7460,2.7500,440838053,1212160551
2017-03-17,2.7480,2.7550,2.7470,2.7540,252645645,695171605
2017-03-20,2.7590,2.7710,2.7590,2.7660,253052786,700273047
2017-03-21,2.7640,2.7660,2.7490,2.7510,342563587,944125487
2017-03-22,2.7680,2.7790,2.7670,2.7760,271414386,753271979
2017-03-23,2.7740,2.7810,2.7710,2.7790,262792700,729253519
2017-03-24,2.7710,2.7760,2.7690,2.7730,241971200,671049216
2017-03-27,2.7960,2.8020,2.7920,2.8000,306135393,856367478
2017-03-28,2.7970,2.7990,2.7900,2.7930,208106253,581916858
2017-03-29,2.7830,2.7880,2.7820,2.7860,268546300,747885279
2017-03-30,2.7850,2.7870,2.7800,2.7840,233824200,650939088
2017-03-31,2.7670,2.7670,2.7600,2.7610,169832700,469312837
2017-04-05,2.7840,2.8010,2.7810,2.7920,456001267,1273020216
2017-04-06,2.7910,2.7950,2.7910,2.7940,257795382,720240014
2017-04-07,2.8090,2.8320,2.8070,2.8190,425401092,1200372506
2017-04-10,2.7990,2.8130,2.7980,2.8080,345133703,967833999
2017-04-11,2.8090,2.8260,2.8060,2.8140,437335667,1229963266
2017-04-12,2.8530,2.8550,2.8380,2.8420,392259902,1117107804
2017-04-13,2.8600,2.8630,2.8520,2.8530,447248030,1278429994
2017-04-14,2.8600,2.8650,2.8540,2.8590,730981524,2090708512
2017-04-17,2.8610,2.8680,2.8490,2.8520,535638411,1533748482
2017-04-18,2.8450,2.8480,2.8400,2.8430,563579514,1603213425
2017-04-19,2.8460,2.8500,2.8400,2.8410,387814300,1103619313
2017-04-20,2.8390,2.8430,2.8310,2.8360,190530700,540422106
2017-04-21,2.8360,2.8360,2.8260,2.8270,254897900,721079606
2017-04-24,2.8250,2.8270,2.8040,2.8050,260367173,733911105
2017-04-25,2.8060,2.8110,2.8040,2.8070,522297232,1466299634
2017-04-26,2.7970,2.8000,2.7920,2.7940,509403430,1424421347
2017-04-27,2.8010,2.8050,2.8000,2.8020,345790680,969345395
2017-04-28,2.8030,2.8140,2.8020,2.8120,222355522,624543768
2017-05-02,2.7920,2.7970,2.7870,2.7880,204937459,572407860
2017-05-03,2.7900,2.7910,2.7860,2.7880,140222100,391097353
2017-05-04,2.7650,2.7670,2.7360,2.7450,486179400,1341891833
2017-05-05,2.7320,2.7490,2.7310,2.7470,206251200,564424839
2017-05-08,2.7450,2.7480,2.7370,2.7380,123977082,340195379
2017-05-09,2.7410,2.7460,2.7340,2.7410,221091033,606207630
2017-05-10,2.7310,2.7310,2.7230,2.7260,196083934,534764900
2017-05-11,2.7260,2.7350,2.7260,2.7310,270641230,738453701
2017-05-12,2.7370,2.7430,2.7330,2.7390,191292700,523800263
2017-05-15,2.7400,2.7530,2.7390,2.7500,285646800,784435996
2017-05-16,2.7530,2.7590,2.7530,2.7570,306440850,844582407
2017-05-17,2.7660,2.7710,2.7650,2.7680,252469250,698856519
2017-05-18,2.8030,2.8040,2.7900,2.7910,223546000,625478341
2017-05-19,2.7820,2.7870,2.7780,2.7840,194081136,540009999
2017-05-22,2.7850,2.7910,2.7840,2.7900,194402036,541805458
2017-05-23,2.8020,2.8070,2.7990,2.8030,239645600,672045035
2017-05-24,2.7840,2.7850,2.7700,2.7720,233939600,650283681
2017-05-25,2.7900,2.7910,2.7840,2.7840,131834425,367533611
2017-05-26,2.7760,2.7890,2.7750,2.7880,142931400,397223771
2017-05-31,2.7860,2.7880,2.7730,2.7750,189973766,528322640
2017-06-01,2.7790,2.7800,2.7730,2.7770,163529076,454076921
2017-06-02,2.7670,2.7740,2.7670,2.7710,288869106,800275367
2017-06-05,2.8100,2.8180,2.8010,2.8050,257516134,723130141
2017-06-06,2.8090,2.8240,2.8070,2.8220,230903572,650162198
2017-06-07,2.8230,2.8270,2.8220,2.8230,130614414,368918985
2017-06-08,2.8150,2.8160,2.8060,2.8060,292750202,823060387
2017-06-09,2.7850,2.7890,2.7760,2.7800,242817543,676061616
2017-06-12,2.7700,2.7730,2.7670,2.7700,222177500,615344667
2017-06-13,2.7670,2.7770,2.7670,2.7750,167042179,463302589
2017-06-14,2.7800,2.7900,2.7780,2.7820,178508350,496961336
2017-06-15,2.7810,2.7840,2.7580,2.7590,263557508,730719149
2017-06-16,2.7520,2.7640,2.7500,2.7550,283736609,782181881
2017-06-19,2.7540,2.7590,2.7500,2.7530,274401700,755977159
2017-06-20,2.7440,2.7480,2.7400,2.7430,295482800,810656217
2017-06-21,2.7420,2.7510,2.7420,2.7450,251314470,690368641
2017-06-22,2.7600,2.7650,2.7580,2.7600,322677800,891227215
2017-06-23,2.7580,2.7670,2.7570,2.7640,305384419,843546481
2017-06-26,2.7660,2.7690,2.7600,2.7640,404564805,1118456821
2017-06-27,2.7420,2.7540,2.7410,2.7510,405555255,1113662879
2017-06-28,2.7450,2.7520,2.7440,2.7470,207760200,570925945
2017-06-29,2.7440,2.7460,2.7360,2.7400,159141900,436489112
2017-06-30,2.7310,2.7310,2.7130,2.7140,243688600,662949041
2017-07-03,2.7090,2.7100,2.7040,2.7070,191573100,518631130
2017-07-04,2.6870,2.6920,2.6810,2.6890,249095400,669349957
2017-07-05,2.6950,2.6960,2.6850,2.6880,181787700,489323509
2017-07-06,2.6890,2.7010,2.6890,2.6940,231496238,623687717
2017-07-07,2.6880,2.6910,2.6850,2.6860,196593600,528408387
2017-07-10,2.6630,2.6710,2.6530,2.6580,268947039,717032712
2017-07-11,2.6690,2.6710,2.6640,2.6670,267348300,713166426
2017-07-12,2.6820,2.6840,2.6760,2.6760,296629200,794996087
2017-07-13,2.6820,2.6870,2.6820,2.6840,230910070,619899012
2017-07-14,2.6710,2.6770,2.6690,2.6750,213173300,569367710
2017-07-17,2.6980,2.7010,2.6950,2.6950,264807100,714380208
2017-07-18,2.7100,2.7130,2.7060,2.7080,230198201,623824307
2017-07-19,2.7110,2.7120,2.7070,2.7090,208062814,563886144
2017-07-20,2.7090,2.7180,2.7070,2.7080,255257458,691849209
2017-07-21,2.7150,2.7260,2.7140,2.7240,191589073,520943656
2017-07-24,2.7390,2.7390,2.7270,2.7270,208943387,571551781
2017-07-25,2.7280,2.7350,2.7270,2.7330,174617249,476772280
2017-07-26,2.7180,2.7200,2.7080,2.7100,282764783,767879074
2017-07-27,2.7420,2.7430,2.7370,2.7390,188794111,517510026
2017-07-28,2.7380,2.7400,2.7340,2.7350,138660387,379564623
2017-07-31,2.7490,2.7490,2.7410,2.7420,227104000,623648538
2017-08-01,2.7400,2.7500,2.7400,2.7450,273149100,749945756
2017-08-02,2.7420,2.7450,2.7400,2.7420,291707701,799946685
2017-08-03,2.7350,2.7390,2.7300,2.7310,368820700,1008841436
2017-08-04,2.7410,2.7500,2.7410,2.7480,186423497,511638872
2017-08-07,2.7270,2.7380,2.7230,2.7250,206075398,561732575
2017-08-08,2.7260,2.7270,2.7170,2.7200,183905700,500685353
2017-08-09,2.7270,2.7310,2.7260,2.7270,189100369,515920965
2017-08-10,2.7400,2.7510,2.7390,2.7490,300750288,825343717
2017-08-11,2.7580,2.7670,2.7580,2.7630,268024800,740661602
2017-08-14,2.7610,2.7670,2.7580,2.7600,270339916,746352986
2017-08-15,2.7400,2.7410,2.7340,2.7400,224336600,614244459
2017-08-16,2.7350,2.7400,2.7320,2.7330,190353600,521083477
2017-08-17,2.7640,2.7660,2.7580,2.7600,193589100,534817370
2017-08-18,2.7600,2.7640,2.7580,2.7630,194893300,538053260
2017-08-21,2.7510,2.7560,2.7500,2.7520,217838648,599768357
2017-08-22,2.7540,2.7560,2.7480,2.7490,134779855,371113341
2017-08-23,2.7450,2.7520,2.7450,2.7500,141661200,389189867
2017-08-24,2.7530,2.7570,2.7500,2.7510,124154146,341740995
2017-08-25,2.7480,2.7510,2.7460,2.7490,242966484,667715482
2017-08-28,2.7570,2.7660,2.7560,2.7620,300555300,829280148
2017-08-29,2.7820,2.7970,2.7820,2.7920,275648588,769525427
2017-08-30,2.7780,2.7780,2.7580,2.7600,354088300,981249347
2017-08-31,2.7600,2.7630,2.7510,2.7560,235860628,650036772
2017-09-01,2.7780,2.7810,2.7730,2.7750,277918668,772272223
2017-09-04,2.7940,2.7980,2.7890,2.7960,291057302,813127736
2017-09-05,2.7900,2.7950,2.7880,2.7920,324979020,907323559
2017-09-06,2.7950,2.7980,2.7940,2.7950,375950665,1050922014
2017-09-07,2.7820,2.7900,2.7800,2.7860,349673300,973746750
2017-09-08,2.7940,2.7950,2.7880,2.7940,387559316,1082006018
2017-09-11,2.7830,2.7840,2.7800,2.7810,273447646,760754336
2017-09-12,2.7750,2.7750,2.7670,2.7690,295534192,819265065
2017-09-13,2.7740,2.7790,2.7730,2.7730,367809865,1021249324
2017-09-14,2.7670,2.7700,2.7660,2.7680,346189200,958111462
2017-09-15,2.7830,2.7860,2.7800,2.7800,468300400,1303710611
2017-09-18,2.7700,2.7700,2.7570,2.7580,468270563,1293152797
2017-09-19,2.7530,2.7640,2.7530,2.7590,506349965,1397177844
2017-09-20,2.7610,2.7660,2.7610,2.7620,477897660,1321021965
2017-09-21,2.7490,2.7490,2.7330,2.7330,465914692,1277994249
2017-09-22,2.7370,2.7380,2.7330,2.7380,557338300,1524243104
2017-09-25,2.7350,2.7360,2.7320,2.7340,333994700,913015812
2017-09-26,2.7720,2.7790,2.7700,2.7720,483180000,1341054614
2017-09-27,2.7530,2.7540,2.7460,2.7480,405637885,1116471965
2017-09-28,2.7370,2.7380,2.7310,2.7320,594981900,1627146903
2017-09-29,2.7410,2.7450,2.7390,2.7420,323550300,887042249
2017-10-09,2.7320,2.7360,2.7270,2.7290,493269600,1348077617
2017-10-10,2.7350,2.7350,2.7280,2.7300,564558100,1542378014
2017-10-11,2.7310,2.7310,2.7230,2.7240,620864200,1692706286
2017-10-12,2.7300,2.7370,2.7290,2.7340,523613180,1430845947
2017-10-13,2.7350,2.7370,2.7300,2.7340,446502900,1220213562
2017-10-16,2.7420,2.7490,2.7400,2.7480,920993302,2527873646
2017-10-17,2.7350,2.7380,2.7320,2.7350,780854386,2135942202
2017-10-18,2.7310,2.7330,2.7270,2.7290,797236386,2176611575
2017-10-19,2.7270,2.7330,2.7200,2.7240,513583000,1400333915
2017-10-20,2.7290,2.7300,2.7220,2.7230,835107400,2275544649
2017-10-23,2.7100,2.7170,2.7100,2.7130,917274100,2489948594
2017-10-24,2.7220,2.7340,2.7210,2.7230,762449325,2077655729
2017-10-25,2.7190,2.7220,2.7110,2.7120,1025123806,2785039572
2017-10-26,2.7180,2.7240,2.7180,2.7230,1593489800,4335282918
2017-10-27,2.7100,2.7120,2.7040,2.7060,1491488600,4039753412
2017-10-30,2.7110,2.7180,2.7090,2.7110,1398672600,3794279097
2017-10-31,2.7160,2.7230,2.7150,2.7180,1755616100,4773804273
2017-11-01,2.7140,2.7150,2.7020,2.7110,1874814180,5077799161
2017-11-02,2.7130,2.7160,2.7090,2.7120,1131182300,3066896999
2017-11-03,2.7120,2.7160,2.7120,2.7130,1049606700,2848263390
2017-11-06,2.7090,2.7100,2.7060,2.7070,849722800,2300864744
2017-11-07,2.7160,2.7220,2.7160,2.7190,1998576874,5436449158
2017-11-08,2.7200,2.7280,2.7190,2.7200,1566701706,4264990249
2017-11-09,2.7250,2.7310,2.7230,2.7290,2683144905,7312325368
2017-11-10,2.7380,2.7400,2.7340,2.7350,767205800,2100756303
2017-11-13,2.7280,2.7280,2.7230,2.7240,891936700,2430827150
2017-11-14,2.7240,2.7250,2.7190,2.7190,1044141624,2842156040
2017-11-15,2.7250,2.7300,2.7240,2.7240,1126098778,3070873459
2017-11-16,2.7210,2.7230,2.7170,2.7190,996861800,2711614540
2017-11-17,2.7210,2.7290,2.7210,2.7280,817133900,2227299260
2017-11-20,2.7420,2.7450,2.7400,2.7420,953651200,2614906338
2017-11-21,2.7260,2.7280,2.7240,2.7260,660856502,1801489690
2017-11-22,2.7270,2.7280,2.7230,2.7260,568354070,1548843541
2017-11-23,2.7320,2.7320,2.7270,2.7280,465487300,1270061940
2017-11-24,2.7290,2.7330,2.7260,2.7320,645468095,1761473939
2017-11-27,2.7270,2.7320,2.7260,2.7310,455169550,1242200743
2017-11-28,2.7400,2.7460,2.7360,2.7360,720347250,1975118382
2017-11-29,2.7390,2.7420,2.7360,2.7380,529118353,1449446238
2017-11-30,2.7260,2.7260,2.7150,2.7200,588001589,1599612734
2017-12-01,2.7090,2.7100,2.7010,2.7020,489774247,1325141024
2017-12-04,2.7010,2.7020,2.6960,2.7000,461775817,1246273843
2017-12-05,2.7020,2.7050,2.7000,2.7020,448740394,1212601179
2017-12-06,2.6840,2.6870,2.6820,2.6860,674718200,1810774561
2017-12-07,2.6830,2.6830,2.6600,2.6680,599279200,1604437466
2017-12-08,2.6500,2.6530,2.6470,2.6510,794255007,2104402512
2017-12-11,2.6500,2.6540,2.6490,2.6530,485740600,1287631525
2017-12-12,2.6490,2.6510,2.6430,2.6490,819793366,2169357435
2017-12-13,2.6460,2.6540,2.6460,2.6500,573478920,1520164147
2017-12-14,2.6720,2.6830,2.6720,2.6740,772202963,2065945925
2017-12-15,2.6720,2.6750,2.6700,2.6730,720889500,1926460350
2017-12-18,2.6730,2.6760,2.6690,2.6740,713594894,1907203728
2017-12-19,2.6800,2.6900,2.6790,2.6860,624408905,1675684335
2017-12-20,2.6850,2.6870,2.6780,2.6800,594463420,1595562987
2017-12-21,2.6790,2.6800,2.6750,2.6760,877010204,2348958641
2017-12-22,2.6760,2.6800,2.6760,2.6780,573722165,1536146022
2017-12-25,2.6910,2.6960,2.6910,2.6930,762491785,2053857083
2017-12-26,2.6920,2.6920,2.6770,2.6770,857279316,2303826198
2017-12-27,2.6880,2.6960,2.6850,2.6910,1107523365,2979307738
2017-12-28,2.6980,2.7120,2.6910,2.6920,1442528642,3899335308
2017-12-29,2.7030,2.7100,2.7000,2.7080,1258080119,3402792619
2018-01-02,2.7220,2.7240,2.7200,2.7230,268039860,729608524
2018-01-03,2.7400,2.7440,2.7310,2.7330,354279182,969424736
2018-01-04,2.7190,2.7210,2.7130,2.7190,632938221,1719136278
2018-01-05,2.7300,2.7330,2.7270,2.7280,542954100,1482382898
2018-01-08,2.7300,2.7340,2.7290,2.7300,471453129,1287659383
2018-01-09,2.7340,2.7420,2.7340,2.7360,405923883,1110875211
2018-01-10,2.7300,2.7360,2.7260,2.7290,572827692,1565606259
2018-01-11,2.7390,2.7450,2.7330,2.7340,636679800,1744747729
2018-01-12,2.7400,2.7760,2.7400,2.7740,544568806,1506885037
2018-01-15,2.7830,2.7900,2.7810,2.7830,424900992,1183267274
2018-01-16,2.7830,2.7860,2.7800,2.7810,532178700,1480677737
2018-01-17,2.7830,2.7900,2.7740,2.7740,498351476,1386868262
2018-01-18,2.7600,2.7630,2.7550,2.7590,453078271,1250024564
2018-01-19,2.7550,2.7570,2.7500,2.7510,387418700,1066946566
2018-01-22,2.7580,2.7590,2.7530,2.7540,405992232,1119283422
2018-01-23,2.7580,2.7650,2.7580,2.7620,477492094,1318830470
2018-01-24,2.7670,2.7750,2.7660,2.7740,329331418,911691070
2018-01-25,2.7820,2.7890,2.7810,2.7840,505346742,1407225270
2018-01-26,2.7670,2.7860,2.7630,2.7670,632817967,1751054457
2018-01-29,2.7590,2.7600,2.7520,2.7540,404473300,1114673959
2018-01-30,2.7430,2.7450,2.7290,2.7310,475208500,1299930246
2018-01-31,2.7340,2.7390,2.7320,2.7350,509417194,1393400836
2018-02-01,2.7310,2.7350,2.7270,2.7290,339087446,926041188
2018-02-02,2.7330,2.7370,2.7290,2.7310,508966572,1391368086
2018-02-05,2.7120,2.7130,2.7040,2.7050,381283005,1032886687
2018-02-06,2.7220,2.7430,2.7210,2.7260,320840116,876004305
2018-02-07,2.6860,2.6890,2.6830,2.6890,291550802,783049101
2018-02-08,2.6740,2.6800,2.6670,2.6800,213313573,570211767
2018-02-09,2.6960,2.6990,2.6880,2.6920,235617577,634159377
2018-02-12,2.6830,2.7000,2.6820,2.6940,314311600,846225568
2018-02-13,2.7010,2.7090,2.6960,2.7080,219308049,592244820
2018-02-14,2.7170,2.7350,2.7160,2.7300,181068620,493752135
2018-02-22,2.7070,2.7090,2.7030,2.7040,241299445,652812472
2018-02-23,2.7120,2.7150,2.7100,2.7120,219833871,596452249
2018-02-26,2.7140,2.7280,2.7130,2.7270,289166934,786966152
2018-02-27,2.7170,2.7170,2.7110,2.7120,291763905,791643751
2018-02-28,2.6950,2.6970,2.6910,2.6920,221450472,596369643
2018-03-01,2.6920,2.6970,2.6840,2.6890,228742611,615727965
2018-03-02,2.6930,2.7040,2.6930,2.7000,249987451,675152925
2018-03-05,2.7100,2.7120,2.7060,2.7100,179883557,487269413
2018-03-06,2.7030,2.7090,2.7020,2.7090,363345624,983298187
2018-03-07,2.7230,2.7320,2.7170,2.7190,409224062,1114654718
2018-03-08,2.7100,2.7150,2.7090,2.7140,184364197,500121376
2018-03-09,2.7030,2.7040,2.6980,2.7000,657086832,1774820384
2018-03-12,2.7010,2.7060,2.6980,2.6990,422937078,1142810713
2018-03-13,2.7010,2.7030,2.6960,2.6980,320114999,864291359
2018-03-14,2.7030,2.7100,2.7010,2.7020,242219247,655473126
2018-03-15,2.7010,2.7050,2.6980,2.6990,445169279,1202578218
2018-03-16,2.6870,2.6920,2.6850,2.6880,458271501,1232577338
2018-03-19,2.6820,2.6910,2.6740,2.6780,432844164,1161846420
2018-03-20,2.6870,2.6900,2.6840,2.6890,365635261,982684226
2018-03-21,2.6850,2.6900,2.6840,2.6900,309106716,830143685
2018-03-22,2.7150,2.7160,2.7090,2.7130,324138938,879137258
2018-03-23,2.7300,2.7420,2.7290,2.7410,335752003,918154800
2018-03-26,2.7430,2.7500,2.7360,2.7380,276735717,759387377
2018-03-27,2.7320,2.7370,2.7310,2.7360,431715586,1180057317
2018-03-28,2.7270,2.7290,2.7180,2.7210,323802291,882613502
2018-03-29,2.7010,2.7050,2.6860,2.6880,344351389,929985826
2018-03-30,2.6900,2.6930,2.6890,2.6920,312499045,841145675
2018-04-02,2.6980,2.6990,2.6940,2.6960,384201257,1035776874
2018-04-03,2.7170,2.7170,2.7120,2.7160,344700034,935773464
2018-04-04,2.7030,2.7140,2.7010,2.7120,480182502,1300629736
2018-04-09,2.7070,2.7180,2.7060,2.7070,545865934,1479962502
2018-04-10,2.7170,2.7200,2.7080,2.7100,639726061,1735734389
2018-04-11,2.7170,2.7270,2.7160,2.7260,485658678,1321125084
2018-04-12,2.7320,2.7370,2.7310,2.7350,453193111,1238966735
2018-04-13,2.7170,2.7250,2.7130,2.7140,352767200,959467480
2018-04-16,2.7280,2.7320,2.7220,2.7250,450344224,1228333084
2018-04-17,2.7280,2.7310,2.7240,2.7290,429079500,1170548423
2018-04-18,2.7260,2.7300,2.7240,2.7270,410878818,1120114973
2018-04-19,2.7290,2.7350,2.7290,2.7340,390560282,1066754715
2018-04-20,2.7260,2.7260,2.7180,2.7220,352749519,959688215
2018-04-23,2.7070,2.7100,2.7050,2.7080,444161563,1203016328
2018-04-24,2.6980,2.7050,2.6980,2.7000,508994588,1375662968
2018-04-25,2.7040,2.7050,2.6970,2.6990,238489021,644372340
2018-04-26,2.6980,2.7040,2.6980,2.7020,554327731,1497289479
2018-04-27,2.6910,2.6960,2.6900,2.6920,293302014,790112460
2018-05-02,2.6810,2.6870,2.6800,2.6840,465298628,1249022671
2018-05-03,2.6900,2.6910,2.6830,2.6840,379977858,1020999456
2018-05-04,2.6880,2.6890,2.6860,2.6870,490669400,1318744557
2018-05-07,2.7000,2.7010,2.6930,2.6940,347592628,937567247
2018-05-08,2.6960,2.6970,2.6910,2.6920,450032130,1212195506
2018-05-09,2.6930,2.6930,2.6880,2.6890,401502569,1080635069
2018-05-10,2.6930,2.6960,2.6890,2.6900,564085940,1519223089
2018-05-11,2.6940,2.6970,2.6930,2.6930,438075485,1180540148
2018-05-14,2.6940,2.6960,2.6930,2.6940,373026525,1004948678
2018-05-15,2.6850,2.6860,2.6800,2.6800,306499297,822339888
2018-05-16,2.6540,2.6560,2.6520,2.6540,463930310,1231226247
2018-05-17,2.6460,2.6510,2.6410,2.6420,371192840,982737336
2018-05-18,2.6440,2.6520,2.6430,2.6440,500551006,1324801608
2018-05-21,2.6490,2.6510,2.6380,2.6390,474601298,1256578754
2018-05-22,2.6480,2.6500,2.6450,2.6460,299771500,793872853
2018-05-23,2.6520,2.6530,2.6490,2.6490,241767319,640946079
2018-05-24,2.6590,2.6670,2.6580,2.6650,366710265,976295541
2018-05-25,2.6760,2.6830,2.6750,2.6780,415839200,1113744468
2018-05-28,2.6700,2.6760,2.6650,2.6670,557933800,1490148523
2018-05-29,2.6780,2.6800,2.6760,2.6760,394176882,1055614950
2018-05-30,2.6880,2.6880,2.6800,2.6830,200417432,538060180
2018-05-31,2.6840,2.6870,2.6820,2.6860,196129307,526461469
2018-06-01,2.6770,2.6820,2.6760,2.6800,202313200,541971938
2018-06-04,2.6710,2.6720,2.6640,2.6650,173260702,462374599
2018-06-05,2.6620,2.6640,2.6590,2.6620,276100600,734832948
2018-06-06,2.6680,2.6700,2.6660,2.6660,523769100,1397343395
2018-06-07,2.6640,2.6680,2.6630,2.6640,571769156,1523767313
2018-06-08,2.6650,2.6680,2.6630,2.6640,422498400,1126436235
2018-06-11,2.6700,2.6780,2.6700,2.6710,300984000,805182488
2018-06-12,2.6740,2.6780,2.6680,2.6690,438409300,1171735903
2018-06-13,2.6690,2.6710,2.6660,2.6670,481664678,1285134024
2018-06-14,2.6690,2.6790,2.6680,2.6770,656293625,1752696913
2018-06-15,2.6860,2.6950,2.6790,2.6820,573506240,1540298177
2018-06-19,2.6780,2.6780,2.6570,2.6590,683026540,1816821350
2018-06-20,2.6560,2.6570,2.6500,2.6510,458422200,1216373197
2018-06-21,2.6430,2.6460,2.6390,2.6410,525459700,1388712450
2018-06-22,2.6490,2.6540,2.6480,2.6530,374303900,992396651
2018-06-25,2.6630,2.6650,2.6570,2.6580,290722400,773730968
2018-06-26,2.6590,2.6650,2.6570,2.6570,343864400,915045531
2018-06-27,2.6580,2.6630,2.6570,2.6630,255159002,678693529
2018-06-28,2.6630,2.6650,2.6540,2.6550,365827900,973286941
2018-06-29,2.6600,2.6630,2.6580,2.6610,340827100,906592944
2018-07-02,2.6650,2.6690,2.6640,2.6670,231152000,616390889
2018-07-03,2.6650,2.6710,2.6640,2.6650,601371900,1604266766
2018-07-04,2.6790,2.6840,2.6720,2.6730,326257900,873650061
2018-07-05,2.6760,2.6790,2.6740,2.6750,200200052,535788537
2018-07-06,2.6780,2.6820,2.6760,2.6800,321201200,860557856
2018-07-09,2.6780,2.6800,2.6740,2.6770,241943000,647556561
2018-07-10,2.6680,2.6730,2.6660,2.6680,226141100,603637094
2018-07-11,2.6740,2.6770,2.6740,2.6760,163048600,436291468
2018-07-12,2.6740,2.6760,2.6670,2.6680,278364300,743851170
2018-07-13,2.6680,2.6690,2.6640,2.6650,263820100,703686667
2018-07-16,2.6680,2.6730,2.6680,2.6690,210601918,562463708
2018-07-17,2.6580,2.6650,2.6570,2.6640,347724600,924949830
2018-07-18,2.6470,2.6470,2.6350,2.6390,338152000,893513392
2018-07-19,2.6440,2.6520,2.6440,2.6500,288456200,763833552
2018-07-20,2.6530,2.6580,2.6520,2.6550,377227100,1001564271
2018-07-23,2.6670,2.6700,2.6660,2.6680,375675600,1002327146
2018-07-24,2.6680,2.6710,2.6640,2.6660,276063100,736680083
2018-07-25,2.6690,2.6710,2.6660,2.6680,279890201,746776670
2018-07-26,2.6670,2.6730,2.6660,2.6720,410178700,1095118337
2018-07-27,2.6700,2.6700,2.6660,2.6690,596535900,1591947745
2018-07-30,2.6700,2.6760,2.6700,2.6710,515122200,1376743397
2018-07-31,2.6710,2.6750,2.6710,2.6730,387943300,1037209098
2018-08-01,2.6720,2.6730,2.6670,2.6720,434403900,1160191539
2018-08-02,2.6650,2.6690,2.6640,2.6640,309875100,826275299
2018-08-03,2.6610,2.6650,2.6590,2.6630,264859700,704899112
2018-08-06,2.6650,2.6690,2.6620,2.6630,381922200,1017735578
2018-08-07,2.6610,2.6670,2.6600,2.6620,405645800,1080264293
2018-08-08,2.6530,2.6580,2.6520,2.6580,305058777,809776979
2018-08-09,2.6590,2.6590,2.6550,2.6580,309142700,821487081
2018-08-10,2.6580,2.6600,2.6540,2.6560,189036000,502471368
2018-08-13,2.6640,2.6660,2.6620,2.6640,359274100,957317056
2018-08-14,2.6410,2.6450,2.6400,2.6410,531743600,1405199600
2018-08-15,2.6400,2.6420,2.6360,2.6370,389608700,1028119148
2018-08-16,2.6100,2.6390,2.5950,2.6040,645604300,1683257800
2018-08-17,2.6020,2.6070,2.5980,2.5980,407896500,1061857834
2018-08-20,2.6080,2.6160,2.6070,2.6150,314296300,820884170
2018-08-21,2.6200,2.6280,2.6190,2.6270,528785600,1387563077
2018-08-22,2.6270,2.6320,2.6250,2.6260,357676300,940204030
2018-08-23,2.6280,2.6300,2.6270,2.6270,241076000,633769527
2018-08-24,2.6230,2.6300,2.6210,2.6280,357995300,939775591
2018-08-27,2.6380,2.6440,2.6370,2.6410,320946000,847287725
2018-08-28,2.6440,2.6520,2.6440,2.6500,259108700,685816079
2018-08-29,2.6360,2.6400,2.6350,2.6380,394416100,1040526899
2018-08-30,2.6430,2.6460,2.6400,2.6410,285422400,754562596
2018-08-31,2.6420,2.6490,2.6420,2.6460,334959800,885975394
2018-09-03,2.6400,2.6410,2.6350,2.6350,315035700,831248414
2018-09-04,2.6370,2.6370,2.6260,2.6260,311586800,820438532
2018-09-05,2.6250,2.6280,2.6230,2.6240,314869600,826687876
2018-09-06,2.6320,2.6380,2.6320,2.6330,198596008,523266512
2018-09-07,2.6380,2.6430,2.6380,2.6420,291121900,768968377
2018-09-10,2.6370,2.6380,2.6310,2.6330,546479000,1440202474
2018-09-11,2.6370,2.6400,2.6360,2.6400,178637300,471225509
2018-09-12,2.6410,2.6450,2.6380,2.6390,261636900,691068810
2018-09-13,2.6460,2.6520,2.6460,2.6500,250974850,665080729
2018-09-14,2.6490,2.6560,2.6480,2.6560,246267766,652894946
2018-09-17,2.6450,2.6450,2.6410,2.6420,201007500,531187416
2018-09-18,2.6480,2.6520,2.6440,2.6460,523164800,1385856203
2018-09-19,2.6460,2.6500,2.6450,2.6480,147587600,390687213
2018-09-20,2.6510,2.6550,2.6500,2.6510,159143500,422237563
2018-09-21,2.6540,2.6580,2.6540,2.6570,362960500,964170861
2018-09-25,2.6480,2.6500,2.6430,2.6490,455910900,1206111377
2018-09-26,2.6520,2.6560,2.6520,2.6530,245120900,650569203
2018-09-27,2.6480,2.6490,2.6420,2.6420,476146700,1260030862
2018-09-28,2.6350,2.6350,2.6190,2.6230,243587400,640163402
2018-10-08,2.6500,2.6570,2.6500,2.6560,222829500,591205980
2018-10-09,2.6510,2.6620,2.6490,2.6520,268104700,711207789
2018-10-10,2.6510,2.6550,2.6510,2.6520,205685944,545741751
2018-10-11,2.6630,2.6660,2.6610,2.6650,380657155,1013868068
2018-10-12,2.7000,2.7080,2.6980,2.7020,406349300,1097859446
2018-10-15,2.7150,2.7290,2.7130,2.7280,438026200,1190489482
2018-10-16,2.7280,2.7310,2.7240,2.7270,523189333,1427236237
2018-10-17,2.7150,2.7210,2.7150,2.7190,473428664,1286966833
2018-10-18,2.7240,2.7270,2.7180,2.7220,298446632,813159413
2018-10-19,2.7380,2.7400,2.7320,2.7340,382399399,1046384367
2018-10-22,2.7320,2.7360,2.7290,2.7300,487572828,1332931183
2018-10-23,2.7290,2.7450,2.7280,2.7440,425684546,1163706358
2018-10-24,2.7540,2.7550,2.7450,2.7450,559755051,1540645980
2018-10-25,2.7630,2.7670,2.7580,2.7590,528652200,1460785094
2018-10-26,2.7510,2.7630,2.7510,2.7570,424072300,1169855815
2018-10-29,2.7580,2.7620,2.7520,2.7530,356000355,982183368
2018-10-30,2.7490,2.7510,2.7440,2.7470,419154450,1151971707
2018-10-31,2.7350,2.7350,2.7230,2.7240,310166100,846311699
2018-11-01,2.7220,2.7310,2.7200,2.7300,500617300,1363595375
2018-11-02,2.7330,2.7390,2.7280,2.7310,580979499,1589147514
2018-11-05,2.7310,2.7370,2.7280,2.7320,467519700,1277991097
2018-11-06,2.7350,2.7370,2.7330,2.7340,376615100,1030080722
2018-11-07,2.7300,2.7370,2.7290,2.7350,523227100,1430263387
2018-11-08,2.7290,2.7300,2.7220,2.7240,300989600,820427041
2018-11-09,2.7220,2.7250,2.7170,2.7180,341781800,930218505
2018-11-12,2.7020,2.7050,2.6960,2.6980,409750500,1106854931
2018-11-13,2.6960,2.6960,2.6870,2.6890,481083000,1295183956
2018-11-14,2.6870,2.6920,2.6840,2.6880,508318600,1366673495
2018-11-15,2.6960,2.7040,2.6960,2.7030,554875000,1497877085
2018-11-16,2.7050,2.7080,2.7040,2.7070,604428400,1635187316
2018-11-19,2.7180,2.7230,2.7130,2.7140,707403100,1923070723
2018-11-20,2.7200,2.7270,2.7200,2.7240,579856600,1578555936
2018-11-21,2.7230,2.7230,2.7200,2.7230,256473200,698119847
2018-11-22,2.7270,2.7310,2.7270,2.7280,333472700,909969867
2018-11-23,2.7290,2.7370,2.7290,2.7310,310832672,849653981
2018-11-26,2.7270,2.7320,2.7260,2.7270,400785680,1093839145
2018-11-27,2.7260,2.7260,2.7210,2.7220,283640520,772564956
2018-11-28,2.7150,2.7150,2.7060,2.7100,331109600,897752853
2018-11-29,2.7240,2.7340,2.7230,2.7310,555219398,1514866827
2018-11-30,2.7320,2.7340,2.7300,2.7320,564752875,1542874027
2018-12-03,2.7210,2.7280,2.7190,2.7200,554063400,1509493862
2018-12-04,2.7270,2.7290,2.7190,2.7200,482779900,1315121769
2018-12-05,2.7220,2.7260,2.7210,2.7250,415521400,1131700225
2018-12-06,2.7350,2.7420,2.7350,2.7350,420803557,1152414534
2018-12-07,2.7390,2.7420,2.7370,2.7380,375634000,1029011730
2018-12-10,2.7580,2.7680,2.7580,2.7670,547519119,1513214763
2018-12-11,2.7650,2.7670,2.7600,2.7630,408519000,1128582938
2018-12-12,2.7560,2.7560,2.7490,2.7500,379948545,1045782629
2018-12-13,2.7490,2.7500,2.7450,2.7480,459343900,1262096935
2018-12-14,2.7470,2.7500,2.7430,2.7450,333992550,917725149
2018-12-17,2.7440,2.7550,2.7440,2.7460,465013482,1277173586
2018-12-18,2.7610,2.7670,2.7600,2.7610,435741301,1204431047
2018-12-19,2.7650,2.7720,2.7650,2.7700,485996300,1345584146
2018-12-20,2.7610,2.7770,2.7610,2.7700,559565100,1547970115
2018-12-21,2.7910,2.7930,2.7820,2.7880,381568900,1063398289
2018-12-24,2.7980,2.8040,2.7960,2.7980,448686583,1256184396
2018-12-25,2.8090,2.8380,2.8080,2.8200,496249700,1399196046
2018-12-26,2.8170,2.8270,2.8160,2.8190,561542240,1585043294
2018-12-27,2.8150,2.8160,2.8050,2.8090,266816961,750299093
2018-12-28,2.8180,2.8280,2.8160,2.8260,384245016,1084091724
2019-01-02,2.8210,2.8400,2.8210,2.8370,271467105,768818289
2019-01-03,2.8400,2.8700,2.8400,2.8680,272014302,775940615
2019-01-04,2.8810,2.8830,2.8530,2.8530,265619621,761097798
2019-01-07,2.8400,2.8430,2.8350,2.8410,254184900,721769862
2019-01-08,2.8370,2.8370,2.8240,2.8280,391408991,1107529437
2019-01-09,2.8270,2.8300,2.8130,2.8170,453104500,1278462880
2019-01-10,2.8280,2.8320,2.8220,2.8230,401473826,1135242328
2019-01-11,2.8110,2.8120,2.8000,2.8050,369845800,1037700530
2019-01-14,2.8000,2.8090,2.7950,2.8070,533010500,1493152295
2019-01-15,2.8050,2.8050,2.7980,2.8010,272275100,762694402
2019-01-16,2.8050,2.8090,2.8010,2.8030,310583622,871390809
2019-01-17,2.8060,2.8100,2.8050,2.8100,403118400,1131604816
2019-01-18,2.8090,2.8130,2.8090,2.8110,289615460,814026022
2019-01-21,2.7990,2.8000,2.7930,2.8000,198226960,554309851
2019-01-22,2.7970,2.8000,2.7910,2.7990,203367800,568493465
2019-01-23,2.8080,2.8100,2.8010,2.8020,186071900,522073968
2019-01-24,2.8000,2.8020,2.7970,2.8000,264653817,741042335
2019-01-25,2.8000,2.8000,2.7950,2.7970,145219300,406249370
2019-01-28,2.8190,2.8250,2.8190,2.8230,253508900,715313952
2019-01-29,2.8280,2.8350,2.8270,2.8330,222985100,631256181
2019-01-30,2.8390,2.8430,2.8370,2.8420,203295400,577466496
2019-01-31,2.8420,2.8430,2.8350,2.8370,239965197,681564666
2019-02-01,2.8390,2.8540,2.8390,2.8520,127835350,364228296
2019-02-11,2.8470,2.8540,2.8390,2.8400,400450100,1140196756
2019-02-12,2.8440,2.8510,2.8430,2.8510,334178200,950977877
2019-02-13,2.8450,2.8470,2.8430,2.8470,313033600,890693708
2019-02-14,2.8440,2.8460,2.8410,2.8430,303446200,862785646
2019-02-15,2.8480,2.8610,2.8480,2.8610,341081200,973550856
2019-02-18,2.8720,2.8770,2.8720,2.8760,338256456,972318934
2019-02-19,2.8800,2.8830,2.8770,2.8780,294766900,849195987
2019-02-20,2.9060,2.9090,2.8960,2.8980,439634100,1276607591
2019-02-21,2.8890,2.8910,2.8800,2.8800,276372800,797769388
2019-02-22,2.8650,2.8670,2.8590,2.8600,342634700,981431951
2019-02-25,2.8530,2.8670,2.8530,2.8580,359299200,1027637333
2019-02-26,2.8540,2.8600,2.8520,2.8560,317336502,906260360
2019-02-27,2.8560,2.8590,2.8510,2.8530,486555498,1389254564
2019-02-28,2.8430,2.8430,2.8270,2.8330,376814500,1067875991
2019-03-01,2.8270,2.8300,2.8210,2.8260,299146200,845721646
2019-03-04,2.7980,2.7980,2.7830,2.7840,361547401,1008819808
2019-03-05,2.7840,2.7840,2.7670,2.7700,945119932,2625261730
2019-03-06,2.7730,2.7850,2.7730,2.7840,823241500,2286392624
2019-03-07,2.7820,2.7840,2.7690,2.7730,789401900,2193678913
2019-03-08,2.7830,2.8000,2.7810,2.7990,349222900,973667553
2019-03-11,2.8090,2.8110,2.8020,2.8080,700637222,1966875656
2019-03-12,2.7980,2.8100,2.7980,2.8080,643828400,1806186485
2019-03-13,2.8180,2.8260,2.8180,2.8200,567751800,1602030912
2019-03-14,2.8220,2.8220,2.8150,2.8150,555956100,1566932954
2019-03-15,2.8010,2.8160,2.8000,2.8110,624286450,1751427622
2019-03-18,2.8070,2.8100,2.8030,2.8070,585919519,1644714593
2019-03-19,2.8150,2.8250,2.8150,2.8230,539127800,1521791909
2019-03-20,2.8200,2.8230,2.8180,2.8190,694750700,1959281152
2019-03-21,2.8330,2.8400,2.8320,2.8390,730728150,2072933691
2019-03-22,2.8260,2.8340,2.8250,2.8330,568941400,1608617907
2019-03-25,2.8490,2.8520,2.8460,2.8490,574762800,1637461421
2019-03-26,2.8550,2.8580,2.8490,2.8500,628462760,1794025353
2019-03-27,2.8500,2.8540,2.8450,2.8480,637518700,1817150045
2019-03-28,2.8410,2.8440,2.8370,2.8420,625596900,1776752201
2019-03-29,2.8090,2.8090,2.7860,2.7880,635224900,1777201668
2019-04-01,2.7890,2.7980,2.7870,2.7880,597777800,1669645188
2019-04-02,2.7900,2.7970,2.7890,2.7920,739649800,2066145899
2019-04-03,2.7970,2.8040,2.7950,2.7970,612837300,1716433161
2019-04-04,2.7940,2.8080,2.7930,2.7980,564403133,1579168622
2019-04-08,2.8000,2.8140,2.8000,2.8100,720304100,2023052741
2019-04-09,2.8160,2.8170,2.8100,2.8110,519789300,1462605046
2019-04-10,2.8190,2.8250,2.8170,2.8250,654152471,1844416933
2019-04-11,2.8280,2.8320,2.8270,2.8280,635048300,1796288729
2019-04-12,2.8040,2.8080,2.7990,2.8000,581057000,1629478296
2019-04-15,2.7890,2.7910,2.7840,2.7850,583537300,1627040031
2019-04-16,2.7840,2.7880,2.7810,2.7850,696907400,1940707204
2019-04-17,2.7720,2.7770,2.7680,2.7690,1160978300,3218472137
2019-04-18,2.7590,2.7610,2.7490,2.7510,457560200,1261481583
2019-04-19,2.7630,2.7690,2.7620,2.7620,720871100,1994548905
2019-04-22,2.7650,2.7750,2.7640,2.7720,655271100,1815867366
2019-04-23,2.7710,2.7720,2.7550,2.7570,810683500,2240418327
2019-04-24,2.7560,2.7580,2.7500,2.7540,839056600,2310969604
2019-04-25,2.7650,2.7690,2.7630,2.7670,664273400,1837607415
2019-04-26,2.7740,2.7770,2.7690,2.7730,763719200,2117898049
2019-04-29,2.7780,2.7850,2.7680,2.7690,583232700,1620533802
2019-04-30,2.7700,2.7800,2.7700,2.7770,464756100,1289350311
2019-05-06,2.7980,2.8050,2.7880,2.7930,603640800,1686287008
2019-05-07,2.7910,2.7940,2.7860,2.7870,382434300,1067386529
2019-05-08,2.7980,2.8050,2.7950,2.8040,440894100,1234787493
2019-05-09,2.8000,2.8080,2.7980,2.8060,311959600,874275347
2019-05-10,2.8060,2.8200,2.8050,2.8080,347269218,975657855
2019-05-13,2.8210,2.8280,2.8210,2.8260,205388161,580144581
2019-05-14,2.8630,2.8650,2.8570,2.8580,314489900,899552865
2019-05-15,2.8580,2.8580,2.8420,2.8440,456673791,1302810694
2019-05-16,2.8520,2.8590,2.8520,2.8580,338677670,967005748
2019-05-17,2.8410,2.8550,2.8410,2.8540,208880791,594925147
2019-05-20,2.8390,2.8390,2.8320,2.8350,227941807,645981373
2019-05-21,2.8350,2.8360,2.8300,2.8340,164771285,466897824
2019-05-22,2.8280,2.8380,2.8280,2.8340,254293526,720612151
2019-05-23,2.8360,2.8450,2.8360,2.8410,333779085,948211861
2019-05-24,2.8550,2.8580,2.8520,2.8560,236942851,676438341
2019-05-27,2.8580,2.8610,2.8560,2.8580,422357479,1207268623
2019-05-28,2.8530,2.8560,2.8510,2.8540,199726837,569955549
2019-05-29,2.8500,2.8620,2.8490,2.8610,245359900,700426918
2019-05-30,2.8500,2.8510,2.8410,2.8470,230790213,657129742
2019-05-31,2.8760,2.8790,2.8720,2.8780,209625933,602710682
2019-06-03,2.9060,2.9170,2.9060,2.9140,273433420,796891162
2019-06-04,2.9450,2.9470,2.9350,2.9440,264697900,778752073
2019-06-05,2.9430,2.9640,2.9420,2.9630,364983292,1076323167
2019-06-06,2.9550,2.9660,2.9530,2.9620,310944463,920683985
2019-06-10,2.9600,2.9690,2.9480,2.9530,486804235,1441161352
2019-06-11,2.9540,2.9580,2.9370,2.9370,409523865,1207745921
2019-06-12,2.9440,2.9790,2.9440,2.9720,392367038,1162103194
2019-06-13,2.9660,2.9770,2.9640,2.9770,326014100,969061389
2019-06-14,2.9860,3.0240,2.9860,3.0220,318099939,955212332
2019-06-17,3.0000,3.0010,2.9820,2.9830,336138686,1006342702
2019-06-18,2.9910,3.0120,2.9910,3.0040,463566208,1391008194
2019-06-19,2.9800,2.9910,2.9780,2.9890,413338100,1233873685
2019-06-20,3.0500,3.0600,3.0500,3.0540,495764952,1515229918
2019-06-21,3.0750,3.1070,3.0750,3.0790,408071218,1262082541
2019-06-24,3.1090,3.1110,3.1000,3.1010,337802823,1049230407
2019-06-25,3.1480,3.1850,3.1450,3.1660,636065395,2008930730
2019-06-26,3.1320,3.1340,3.0710,3.1080,330553803,1031677866
2019-06-27,3.1130,3.1180,3.0970,3.1000,364054054,1132415713
2019-06-28,3.1240,3.1500,3.1040,3.1090,314557194,985513410
2019-07-01,3.0500,3.0630,3.0290,3.0340,488079943,1487674236
2019-07-02,3.0520,3.0710,3.0520,3.0660,269922222,826330146
2019-07-03,3.1720,3.1770,3.1380,3.1520,410295592,1294234607
2019-07-04,3.1420,3.1420,3.1130,3.1190,260507200,814497229
2019-07-05,3.1300,3.1360,3.1200,3.1250,315912250,988642969
2019-07-08,3.0910,3.1110,3.0870,3.1090,287130515,889900323
2019-07-09,3.0830,3.0890,3.0780,3.0810,216956600,668839443
2019-07-10,3.0840,3.0880,3.0750,3.0790,117133000,361085217
2019-07-11,3.1390,3.1480,3.1300,3.1320,297145960,932574020
2019-07-12,3.1130,3.1130,3.1000,3.1110,171391800,532503586
2019-07-15,3.1180,3.1240,3.1130,3.1230,217680600,678754722
2019-07-16,3.1210,3.1270,3.1180,3.1200,170196600,531326639
2019-07-17,3.1090,3.1110,3.0990,3.1030,200137800,621189000
2019-07-18,3.1470,3.1500,3.1310,3.1350,193447411,607386617
2019-07-19,3.1850,3.1900,3.1720,3.1770,172257311,548504191
2019-07-22,3.1450,3.1590,3.1420,3.1530,141411900,445721209
2019-07-23,3.1300,3.1380,3.1250,3.1300,243241300,761774062
2019-07-24,3.1400,3.1440,3.1370,3.1430,183008600,574578953
2019-07-25,3.1410,3.1470,3.1380,3.1470,219652900,689904411
2019-07-26,3.1300,3.1340,3.1230,3.1340,120810479,377933022
2019-07-29,3.1470,3.1480,3.1360,3.1390,231651546,728115306
2019-07-30,3.1430,3.1540,3.1430,3.1520,277639200,873733225
2019-07-31,3.1580,3.1670,3.1550,3.1640,184705200,583541222
2019-08-01,3.1250,3.1260,3.1100,3.1120,208158615,649499987
2019-08-02,3.1870,3.1900,3.1800,3.1840,260350110,829518591
2019-08-05,3.2390,3.3040,3.2380,3.2890,387473572,1268788016
2019-08-06,3.3320,3.3320,3.2950,3.2960,344814092,1141119558
2019-08-07,3.3460,3.3740,3.3460,3.3630,420427786,1413084928
2019-08-08,3.3830,3.4060,3.3690,3.3860,327716167,1111713433
2019-08-09,3.4040,3.4200,3.3930,3.4030,339983606,1159058690
2019-08-12,3.4020,3.4020,3.3810,3.3820,250876994,851804044
2019-08-13,3.4440,3.4690,3.4400,3.4650,538414533,1858750105
2019-08-14,3.3690,3.4050,3.3660,3.3760,433844000,1469483756
2019-08-15,3.4350,3.4450,3.3970,3.4140,356056425,1220974235
2019-08-16,3.4360,3.4380,3.4130,3.4190,259045200,888487241
2019-08-19,3.3940,3.4190,3.3930,3.4020,362706559,1234951724
2019-08-20,3.3940,3.3940,3.3820,3.3880,417012311,1412644382
2019-08-21,3.3990,3.4030,3.3880,3.3910,346091728,1176275601
2019-08-22,3.3950,3.4030,3.3950,3.4010,141758300,481929116
2019-08-23,3.3990,3.4000,3.3920,3.3980,215351667,731569416
2019-08-26,3.5210,3.5340,3.5100,3.5200,318150249,1121957291
2019-08-27,3.5110,3.5260,3.5010,3.5220,236948129,832017518
2019-08-28,3.5430,3.5430,3.5130,3.5240,234293665,826649851
2019-08-29,3.5300,3.5660,3.5290,3.5650,288905600,1024193293
2019-08-30,3.5030,3.5230,3.4950,3.5080,361491818,1267506262
2019-09-02,3.5020,3.5050,3.4920,3.4960,282898777,989947602
2019-09-03,3.5100,3.5170,3.5000,3.5110,218523874,766862711
2019-09-04,3.5570,3.5600,3.5220,3.5240,305799837,1082531656
2019-09-05,3.5420,3.5440,3.5250,3.5390,199025129,702496368
2019-09-06,3.4640,3.4760,3.4240,3.4290,396414545,1372699101
2019-09-09,3.4360,3.4480,3.4310,3.4420,311284400,1071034403
2019-09-10,3.3820,3.3920,3.3710,3.3890,290756026,984874418
2019-09-11,3.3970,3.4080,3.3960,3.4040,350938726,1193155485
2019-09-12,3.3950,3.4040,3.3930,3.4040,198023281,672530660
2019-09-16,3.4140,3.4140,3.3970,3.4070,292905251,997866285
2019-09-17,3.4050,3.4050,3.3920,3.3940,220324615,749026058
2019-09-18,3.4070,3.4130,3.4040,3.4070,276284495,941669454
2019-09-19,3.3870,3.4030,3.3850,3.4010,238282800,808880654
2019-09-20,3.4070,3.4160,3.4060,3.4120,192641700,657109842
2019-09-23,3.4370,3.4610,3.4370,3.4410,347806152,1200413065
2019-09-24,3.4630,3.4660,3.4540,3.4600,360332600,1247184176
2019-09-25,3.4800,3.4820,3.4730,3.4800,226073380,786273942
2019-09-26,3.4440,3.4490,3.4290,3.4340,303687073,1044848719
2019-09-27,3.4260,3.4350,3.4000,3.4040,162748549,557748466
2019-09-30,3.4000,3.4030,3.3860,3.3960,143680001,488130765
2019-10-08,3.4020,3.4050,3.3850,3.3900,157931900,535814094
2019-10-09,3.4350,3.4410,3.4340,3.4400,234839800,807219151
2019-10-10,3.4400,3.4450,3.4130,3.4220,228907973,784621646
2019-10-11,3.3910,3.4060,3.3890,3.4050,142708831,484458493
2019-10-14,3.3670,3.3670,3.3450,3.3560,248654138,834301321
2019-10-15,3.3630,3.3770,3.3610,3.3630,271436067,914494200
2019-10-16,3.3560,3.3590,3.3450,3.3500,287978864,966296988
2019-10-17,3.3660,3.3770,3.3650,3.3740,293707318,989209673
2019-10-18,3.3670,3.3730,3.3650,3.3710,330803855,1114361265
2019-10-21,3.3620,3.3720,3.3610,3.3690,185654731,624574242
2019-10-22,3.3490,3.3590,3.3490,3.3560,275427600,924393288
2019-10-23,3.3630,3.3720,3.3610,3.3710,295457200,994659364
2019-10-24,3.3670,3.3690,3.3630,3.3640,352689875,1187228994
2019-10-25,3.3880,3.4000,3.3870,3.3980,491833062,1669143537
2019-10-28,3.3940,3.3960,3.3880,3.3950,261459849,887041200
2019-10-29,3.3640,3.3650,3.3560,3.3600,192562500,647298171
2019-10-30,3.3570,3.3620,3.3530,3.3560,175427800,588922860
2019-10-31,3.3650,3.3690,3.3620,3.3630,204958100,689859503
2019-11-01,3.3960,3.3980,3.3000,3.3870,276259950,936435869
2019-11-04,3.3910,3.3920,3.3810,3.3830,212931000,721047142
2019-11-05,3.3740,3.3760,3.3590,3.3620,210859178,710774998
2019-11-06,3.3200,3.3200,3.3060,3.3130,345977101,1145951086
2019-11-07,3.3290,3.3350,3.3250,3.3310,284447708,947465012
2019-11-08,3.2530,3.2710,3.2500,3.2690,292557600,954392840
2019-11-11,3.2600,3.2670,3.2550,3.2660,274300774,894066851
2019-11-12,3.2500,3.2500,3.2280,3.2330,245390600,795877741
2019-11-13,3.2590,3.2700,3.2570,3.2670,333857466,1089149416
2019-11-14,3.2660,3.2770,3.2650,3.2760,269470470,881099581
2019-11-15,3.2740,3.2760,3.2650,3.2680,186043900,608492903
2019-11-18,3.2710,3.2760,3.2680,3.2690,349158352,1142309787
2019-11-19,3.2920,3.2940,3.2830,3.2900,307934512,1012471693
2019-11-20,3.2970,3.3030,3.2960,3.3010,467298900,1541602281
2019-11-21,3.3030,3.3100,3.2920,3.2940,307522203,1014787106
2019-11-22,3.2780,3.2880,3.2730,3.2870,234239913,768092234
2019-11-25,3.2690,3.2780,3.2620,3.2640,371195751,1213980920
2019-11-26,3.2540,3.2640,3.2470,3.2630,278298171,905890745
2019-11-27,3.2700,3.2710,3.2640,3.2680,160851982,525599079
2019-11-28,3.2640,3.2660,3.2600,3.2610,153670061,501549238
2019-11-29,3.2640,3.2710,3.2640,3.2650,372259384,1216519718
2019-12-02,3.2710,3.2720,3.2680,3.2690,192269202,628682808
2019-12-03,3.2780,3.2830,3.2740,3.2770,279989779,918041546
2019-12-04,3.3260,3.3380,3.3250,3.3370,368420476,1227092684
2019-12-05,3.3170,3.3220,3.3160,3.3210,182131400,604453426
2019-12-06,3.3150,3.3160,3.2960,3.2970,308697801,1022096348
2019-12-09,3.2720,3.2790,3.2700,3.2750,403280335,1320433285
2019-12-10,3.2780,3.2830,3.2760,3.2800,201343638,660214501
2019-12-11,3.2830,3.2880,3.2820,3.2820,263164004,864254603
2019-12-12,3.3030,3.3130,3.3000,3.3000,277906578,918837134
2019-12-13,3.2600,3.2680,3.2590,3.2610,263320590,859212734
2019-12-16,3.2820,3.2970,3.2810,3.2940,248243739,815893887
2019-12-17,3.2920,3.2940,3.2890,3.2920,384993837,1267237379
2019-12-18,3.2930,3.2970,3.2910,3.2950,383959296,1264642290
2019-12-19,3.2910,3.2990,3.2910,3.2920,359961300,1185916390
2019-12-20,3.2960,3.3030,3.2950,3.3020,311080320,1026173202
2019-12-23,3.3010,3.3150,3.3000,3.3130,344127900,1137762328
2019-12-24,3.3180,3.3330,3.3170,3.3310,382142068,1271260919
2019-12-25,3.3480,3.3540,3.3440,3.3520,302903084,1015114842
2019-12-26,3.3530,3.3570,3.3450,3.3530,335218524,1123859300
2019-12-27,3.3640,3.3820,3.3600,3.3630,442596076,1492936084
2019-12-30,3.3720,3.3740,3.3610,3.3610,384684900,1295585186
2019-12-31,3.3750,3.3860,3.3730,3.3840,402632694,1360969185
2020-01-02,3.3710,3.3770,3.3680,3.3700,381843814,1287583746
2020-01-03,3.3920,3.4280,3.3900,3.4220,367914983,1254881697
2020-01-06,3.4960,3.5100,3.4930,3.4970,460780493,1613494876
2020-01-07,3.4720,3.4750,3.4470,3.4660,361056966,1249704636
2020-01-08,3.5470,3.5600,3.5110,3.5310,546298189,1926679989
2020-01-09,3.4400,3.4510,3.3970,3.4080,445819020,1534083852
2020-01-10,3.4130,3.4250,3.4130,3.4180,272050841,930565151
2020-01-13,3.4230,3.4350,3.4130,3.4180,430474242,1474214156
2020-01-14,3.3680,3.3760,3.3630,3.3740,424502086,1430424559
2020-01-15,3.3980,3.4140,3.3950,3.4030,420875402,1434372564
2020-01-16,3.4130,3.4200,3.4030,3.4060,491406222,1677270655
2020-01-17,3.4020,3.4100,3.4000,3.4040,333220663,1134252856
2020-01-20,3.4070,3.4100,3.4030,3.4050,430093564,1465106193
2020-01-21,3.4250,3.4490,3.4240,3.4370,509390317,1751478809
2020-01-22,3.4090,3.4190,3.4010,3.4070,359960480,1227541567
2020-01-23,3.4280,3.4370,3.4210,3.4300,256121000,878069427
2020-02-03,3.5100,3.5270,3.5100,3.5200,351086537,1235172492
2020-02-04,3.5090,3.5120,3.4880,3.4920,335443599,1174676005
2020-02-05,3.4590,3.4760,3.4530,3.4690,391975435,1357974668
2020-02-06,3.4480,3.4540,3.4390,3.4520,356182627,1228019964
2020-02-07,3.4800,3.4820,3.4630,3.4680,215436733,748690010
2020-02-10,3.4910,3.4970,3.4790,3.4810,339872403,1184823780
2020-02-11,3.4790,3.4820,3.4700,3.4720,272462207,946956446
2020-02-12,3.4660,3.4700,3.4590,3.4650,371946240,1289068425
2020-02-13,3.4740,3.4930,3.4740,3.4900,319584440,1113158238
2020-02-14,3.4950,3.4980,3.4860,3.4940,198147469,692100247
2020-02-17,3.5090,3.5110,3.5020,3.5050,296965567,1041005920
2020-02-18,3.5140,3.5230,3.5140,3.5220,411444070,1447726127
2020-02-19,3.5630,3.5690,3.5550,3.5620,407130062,1450226368
2020-02-20,3.5680,3.5950,3.5680,3.5740,344032467,1232251933
2020-02-21,3.6110,3.6480,3.6110,3.6460,447405401,1624586052
2020-02-24,3.7280,3.7300,3.7070,3.7250,596541448,2216601413
2020-02-25,3.6790,3.7030,3.6400,3.6480,915555049,3373649140
2020-02-26,3.6670,3.6780,3.6320,3.6680,777739323,2849456635
2020-02-27,3.6650,3.6900,3.6650,3.6690,605671218,2225988931
2020-02-28,3.6520,3.6600,3.6050,3.6230,500792209,1823033607
2020-03-02,3.5490,3.5560,3.5160,3.5420,604472471,2138388882
2020-03-03,3.5320,3.5420,3.5300,3.5360,440703227,1558011433
2020-03-04,3.6080,3.6280,3.6070,3.6120,536789980,1940724987
2020-03-05,3.6030,3.6120,3.6000,3.6110,380561927,1371411920
2020-03-06,3.6770,3.7050,3.6720,3.6860,513592422,1892257669
2020-03-09,3.7160,3.7280,3.3170,3.6590,711691432,2624195457
2020-03-10,3.6470,3.6560,3.5930,3.6120,535616366,1945663130
2020-03-11,3.6210,3.6490,3.6210,3.6480,582121976,2115649911
2020-03-12,3.6220,3.6250,3.5970,3.6080,459953530,1658973369
2020-03-13,3.4720,3.5190,3.4370,3.5020,597822634,2076825928
2020-03-16,3.4000,3.4360,3.3820,3.4140,587541169,2005647215
2020-03-17,3.3150,3.3160,3.2500,3.2550,633399975,2080993365
2020-03-18,3.3800,3.3900,3.3060,3.3260,795759336,2675879176
2020-03-19,3.2950,3.3180,3.2530,3.3120,640338967,2104808503
2020-03-20,3.3170,3.3610,3.3050,3.3460,492491948,1636123613
2020-03-23,3.3250,3.3550,3.3240,3.3370,481077100,1607791181
2020-03-24,3.5500,3.5540,3.4890,3.5230,580565796,2042565440
2020-03-25,3.6010,3.6100,3.5730,3.5810,629555198,2261848702
2020-03-26,3.5680,3.5940,3.5670,3.5720,528919132,1892239691
2020-03-27,3.6050,3.6210,3.5990,3.6120,477157440,1722024450
2020-03-30,3.5970,3.6010,3.5770,3.5830,451756034,1622066720
2020-03-31,3.5830,3.5900,3.5810,3.5860,486541736,1744376819
2020-04-01,3.5050,3.5370,3.5030,3.5280,419471001,1475067658
2020-04-02,3.5260,3.5500,3.5240,3.5430,332260141,1173648164
2020-04-03,3.5820,3.5990,3.5680,3.5750,285008082,1020595888
2020-04-07,3.6860,3.6910,3.6710,3.6760,420795297,1549853233
2020-04-08,3.6430,3.6540,3.6390,3.6410,413460942,1508410142
2020-04-09,3.6420,3.6510,3.6400,3.6500,332076298,1209831730
2020-04-10,3.6810,3.6870,3.6640,3.6710,449865781,1654369092
2020-04-13,3.6750,3.6760,3.6550,3.6700,364959800,1336618261
2020-04-14,3.6980,3.7360,3.6850,3.7120,439242092,1631108095
2020-04-15,3.7130,3.7290,3.7000,3.7020,486799589,1810918111
2020-04-16,3.7020,3.7430,3.7000,3.7300,451034200,1673766832
2020-04-17,3.6900,3.6960,3.6430,3.6690,426186400,1567021083
2020-04-20,3.6340,3.6610,3.6330,3.6510,392433929,1431885123
2020-04-21,3.6740,3.6870,3.6710,3.6840,646262863,2376551485
2020-04-22,3.6860,3.6900,3.6650,3.6740,407596770,1500164789
2020-04-23,3.7350,3.7480,3.7300,3.7390,400188828,1496887215
2020-04-24,3.7410,3.7750,3.7390,3.7690,355274966,1332629882
2020-04-27,3.7630,3.7630,3.7390,3.7410,345923540,1298209378
2020-04-28,3.7170,3.7210,3.6940,3.7140,495536894,1837664210
2020-04-29,3.7290,3.7410,3.7280,3.7330,544862579,2034589545
2020-04-30,3.7280,3.7510,3.7230,3.7460,282604624,1054720717
2020-05-06,3.7480,3.7500,3.7340,3.7410,324289050,1213685972
2020-05-07,3.7320,3.7400,3.7210,3.7230,482188056,1800144603
2020-05-08,3.7750,3.7790,3.7670,3.7690,444158000,1675371093
2020-05-11,3.7510,3.7600,3.7470,3.7540,455091700,1708650073
2020-05-12,3.7410,3.7540,3.7400,3.7460,386522300,1448423829
2020-05-13,3.7550,3.7590,3.7490,3.7570,402964666,1512529085
2020-05-14,3.7720,3.7820,3.7710,3.7810,415694104,1569134514
2020-05-15,3.8180,3.8420,3.8140,3.8340,310070368,1185265327
2020-05-18,3.9000,3.9390,3.8990,3.9270,471884826,1851676376
2020-05-19,3.8680,3.8860,3.8520,3.8650,550857200,2134866473
2020-05-20,3.9080,3.9160,3.9000,3.9060,542869223,2120784487
2020-05-21,3.8900,3.8940,3.8670,3.8700,453316287,1759790394
2020-05-22,3.8460,3.8680,3.8340,3.8650,468965627,1805390176
2020-05-25,3.8550,3.8680,3.8510,3.8580,401116823,1548443092
2020-05-26,3.8730,3.8870,3.8710,3.8760,318601556,1235692682
2020-05-27,3.8450,3.8470,3.8300,3.8350,404343113,1552648212
2020-05-28,3.8500,3.8710,3.8460,3.8630,382322800,1475225031
2020-05-29,3.8570,3.8690,3.8540,3.8640,418602612,1616722459
2020-06-01,3.8810,3.9060,3.8810,3.8950,479072109,1864794597
2020-06-02,3.8850,3.8960,3.8830,3.8880,499594675,1943263115
2020-06-03,3.8520,3.8660,3.8480,3.8530,451340148,1741442091
2020-06-04,3.8150,3.8340,3.8130,3.8200,537853718,2057303489
2020-06-05,3.8450,3.8470,3.8130,3.8170,423175661,1620975065
2020-06-08,3.7740,3.7880,3.7710,3.7830,469382502,1772433028
2020-06-09,3.7930,3.7960,3.7780,3.7820,302404190,1144718341
2020-06-10,3.8230,3.8250,3.8180,3.8210,299804900,1145479168
2020-06-11,3.8440,3.8560,3.8410,3.8550,492642290,1895236856
2020-06-12,3.8500,3.8560,3.8410,3.8540,597308803,2297666454
2020-06-15,3.8600,3.8660,3.8330,3.8440,455092000,1752661372
2020-06-16,3.8420,3.8520,3.8290,3.8400,618127823,2375174123
2020-06-17,3.8420,3.8480,3.8370,3.8420,443191028,1702822217
2020-06-18,3.8470,3.8470,3.8340,3.8360,502325771,1929758070
2020-06-19,3.8370,3.8490,3.8370,3.8440,634811235,2439085424
2020-06-22,3.8910,3.9010,3.8850,3.8860,690726506,2688456172
2020-06-23,3.8960,3.8960,3.8770,3.8820,597215211,2321588083
2020-06-24,3.9130,3.9150,3.9040,3.9100,466070203,1821625363
2020-06-29,3.9170,3.9170,3.9070,3.9100,390606688,1527990063
2020-06-30,3.9090,3.9150,3.9060,3.9140,626114822,2448171936
2020-07-01,3.9300,3.9420,3.9260,3.9390,501693330,1973363651
2020-07-02,3.9010,3.9080,3.8980,3.9030,480973576,1877390730
2020-07-03,3.9170,3.9190,3.9070,3.9150,465526388,1822549750
2020-07-06,3.9120,3.9150,3.8980,3.9020,547256840,2137196438
2020-07-07,3.9090,3.9130,3.9040,3.9110,954624685,3731357393
2020-07-08,3.9290,3.9320,3.9250,3.9280,724390201,2845814813
2020-07-09,3.9470,3.9590,3.9450,3.9540,895031855,3538580427
2020-07-10,3.9360,3.9430,3.9240,3.9260,476430241,1875713037
2020-07-13,3.9380,3.9470,3.9370,3.9390,580560314,2287739230
2020-07-14,3.9280,3.9400,3.9280,3.9350,682105301,2683461190
2020-07-15,3.9480,3.9560,3.9390,3.9400,805515660,3177991255
2020-07-16,3.9390,3.9460,3.9260,3.9270,488219614,1923197858
2020-07-17,3.9050,3.9050,3.8920,3.9040,517308606,2017444400
2020-07-20,3.9160,3.9260,3.9160,3.9250,616189371,2415266627
2020-07-21,3.9410,3.9570,3.9330,3.9510,655417603,2581762851
2020-07-22,4.0630,4.0650,4.0300,4.0430,603547593,2438544665
2020-07-23,4.0560,4.0690,4.0510,4.0660,495540313,2010546698
2020-07-24,4.0840,4.1110,4.0830,4.1090,570400997,2337096290
2020-07-27,4.1650,4.2530,4.1620,4.2030,862364052,3627208573
2020-07-28,4.2900,4.2900,4.1670,4.1980,679015008,2879228119
2020-07-29,4.2220,4.2220,4.1990,4.2060,625712417,2632338684
2020-07-30,4.2150,4.2180,4.1570,4.1740,526293874,2212740095
2020-07-31,4.1810,4.2200,4.1720,4.2160,877114195,3672255014
2020-08-03,4.2120,4.2160,4.1980,4.2000,534377030,2248812666
2020-08-04,4.2130,4.2170,4.2010,4.2060,583612001,2458616633
2020-08-05,4.2990,4.3270,4.2740,4.3200,441331375,1895603438
2020-08-06,4.3330,4.3590,4.3290,4.3530,579767957,2517207317
2020-08-07,4.4020,4.4150,4.3150,4.3780,468888752,2061162053
2020-08-10,4.3350,4.3570,4.3340,4.3490,345233954,1499208439
2020-08-11,4.3230,4.3350,4.2340,4.2530,565791572,2433925089
2020-08-12,4.0370,4.0370,3.9580,3.9890,418444850,1665711147
2020-08-13,4.0680,4.0700,4.0400,4.0540,617483540,2504865076
2020-08-14,4.1420,4.1490,4.0750,4.0880,536112482,2215225271
2020-08-17,4.0920,4.1330,4.0860,4.1290,484646848,1992328652
2020-08-18,4.2020,4.2340,4.2020,4.2250,507940165,2141720540
2020-08-19,4.2170,4.2170,4.1730,4.1770,487759444,2047621355
2020-08-20,4.0650,4.1080,4.0480,4.0880,562662206,2299308243
2020-08-21,4.0890,4.1000,4.0730,4.0910,520151352,2127180210
2020-08-24,4.0420,4.0660,4.0400,4.0560,397389412,1611101953
2020-08-25,4.0630,4.0750,4.0550,4.0640,446088891,1814616914
2020-08-26,4.0620,4.0740,4.0550,4.0590,356876696,1450306260
2020-08-27,4.1020,4.1090,4.0960,4.1080,578878757,2375190679
2020-08-28,4.0820,4.1150,4.0810,4.1090,350491241,1436103211
2020-08-31,4.1380,4.1440,4.1190,4.1230,399255081,1651248010
2020-09-01,4.1490,4.1770,4.1490,4.1690,504900595,2103009938
2020-09-02,4.1350,4.1360,4.1200,4.1250,434122222,1791382347
2020-09-03,4.0850,4.1040,4.0450,4.0530,438240654,1787997524
2020-09-04,4.0620,4.0790,4.0530,4.0650,317791904,1292721954
2020-09-07,4.0790,4.0870,4.0560,4.0630,412305606,1680162060
2020-09-08,4.0600,4.0760,4.0500,4.0660,435512602,1767792104
2020-09-09,4.0610,4.0810,4.0580,4.0680,275625175,1121123635
2020-09-10,4.1050,4.1080,4.0910,4.0960,371404045,1523254492
2020-09-11,4.0980,4.1030,4.0710,4.0870,433153117,1769898690
2020-09-14,4.0880,4.0990,4.0840,4.0860,386212419,1580548330
2020-09-15,4.0980,4.1120,4.0920,4.1000,604989299,2482483370
2020-09-16,4.0770,4.0930,4.0750,4.0880,315032866,1286399284
2020-09-17,4.0770,4.0800,4.0500,4.0600,539818128,2191535195
2020-09-18,4.0670,4.0790,4.0640,4.0780,373054342,1518793727
2020-09-21,4.0850,4.0900,4.0750,4.0780,269480157,1100108730
2020-09-22,3.9780,4.0040,3.9670,3.9850,386013831,1539461641
2020-09-23,3.9800,3.9890,3.9110,3.9250,368209971,1457738889
2020-09-24,3.9200,3.9240,3.8690,3.8810,359490052,1402666714
2020-09-25,3.9020,3.9300,3.8970,3.9280,471870023,1845240922
2020-09-28,3.9220,3.9250,3.9140,3.9190,358361500,1404661641
2020-09-29,3.9680,3.9750,3.9500,3.9720,239432818,950252277
2020-09-30,3.9850,3.9890,3.9660,3.9740,279000199,1110412465
2020-10-09,3.9620,3.9860,3.9590,3.9710,247649712,984504728
2020-10-12,4.0190,4.0300,4.0130,4.0140,324873753,1307228925
2020-10-13,4.0120,4.0190,3.9950,4.0030,262227794,1050152625
2020-10-14,3.9300,3.9580,3.9270,3.9580,396059016,1562271051
2020-10-15,3.9480,3.9600,3.9380,3.9530,351164952,1387034383
2020-10-16,3.9720,3.9770,3.9620,3.9650,308477427,1224776331
2020-10-19,3.9540,3.9740,3.9440,3.9680,432625159,1711313928
2020-10-20,3.9540,3.9550,3.9380,3.9520,347455216,1372011223
2020-10-21,3.9720,3.9790,3.9630,3.9660,306367137,1216953581
2020-10-22,3.9750,3.9750,3.9560,3.9700,437075940,1732815888
2020-10-23,3.9530,3.9570,3.9470,3.9560,313337378,1238522037
2020-10-26,3.9470,3.9470,3.9260,3.9380,307890792,1212541291
2020-10-27,3.9680,3.9760,3.9660,3.9720,318802122,1266323425
2020-10-28,3.9740,3.9850,3.9690,3.9740,228293418,908036534
2020-10-29,3.9130,3.9330,3.9100,3.9200,394820038,1548256267
2020-10-30,3.9060,3.9080,3.8850,3.8970,236328450,921456436
2020-11-02,3.9140,3.9360,3.9140,3.9300,247795993,972412865
2020-11-03,3.9400,3.9550,3.9390,3.9490,590569338,2331227604
2020-11-04,3.9700,3.9760,3.9550,3.9670,432160074,1714671917
2020-11-05,3.9510,3.9660,3.9500,3.9650,297078914,1176200697
2020-11-06,4.0020,4.0130,3.9900,4.0010,406735532,1628712310
2020-11-09,4.0140,4.0160,3.9870,3.9900,400952687,1607100214
2020-11-10,3.8540,3.8940,3.8500,3.8890,410579874,1588928815
2020-11-11,3.8840,3.8840,3.8660,3.8810,322929484,1250667967
2020-11-12,3.8650,3.8790,3.8620,3.8730,658773788,2551356828
2020-11-13,3.8870,3.8920,3.8860,3.8900,266569483,1036880207
2020-11-16,3.9050,3.9100,3.8850,3.8880,291587167,1137282701
2020-11-17,3.8870,3.8910,3.8760,3.8810,403809896,1568741588
2020-11-18,3.8610,3.8650,3.8490,3.8560,287549900,1109294090
2020-11-19,3.8520,3.8530,3.8280,3.8370,284481811,1093145548
2020-11-20,3.8430,3.8490,3.8370,3.8430,288361800,1108008079
2020-11-23,3.8510,3.8550,3.8410,3.8510,271142677,1043150410
2020-11-24,3.7720,3.7740,3.7460,3.7550,401833337,1509340300
2020-11-25,3.7250,3.7270,3.7050,3.7140,446271594,1658031708
2020-11-26,3.7170,3.7200,3.7040,3.7180,355684435,1320656115
2020-11-27,3.7160,3.7220,3.7110,3.7200,236994013,880638294
2020-11-30,3.6560,3.6560,3.6040,3.6280,477956085,1733729833
2020-12-01,3.6400,3.6610,3.6380,3.6530,335691763,1224877717
2020-12-02,3.7000,3.7100,3.6950,3.7070,397688813,1473097771
2020-12-03,3.7290,3.7540,3.7220,3.7480,404160395,1511482152
2020-12-04,3.7520,3.7640,3.7430,3.7540,335235694,1258005577
2020-12-07,3.7380,3.7520,3.7360,3.7450,349286903,1308210845
2020-12-08,3.7950,3.8090,3.7900,3.8000,370686406,1408387082
2020-12-09,3.7980,3.8020,3.7710,3.7780,289868366,1098278328
2020-12-10,3.7460,3.7550,3.7380,3.7400,496998867,1862662039
2020-12-11,3.7440,3.7490,3.7310,3.7390,358736369,1342644445
2020-12-14,3.7420,3.7470,3.7340,3.7400,364495800,1363769785
2020-12-15,3.7340,3.7700,3.7310,3.7690,185437051,695589863
2020-12-16,3.7820,3.8010,3.7780,3.7930,197229992,747731429
2020-12-17,3.7990,3.8180,3.7970,3.8120,403834402,1536954598
2020-12-18,3.8240,3.8490,3.8240,3.8380,366577123,1406286180
2020-12-21,3.8780,3.8970,3.8710,3.8790,554440000,2152744445
2020-12-22,3.8400,3.8520,3.8200,3.8250,402887720,1548357712
2020-12-23,3.8220,3.8260,3.8110,3.8180,393032137,1501470210
2020-12-24,3.8440,3.8470,3.8300,3.8320,348493494,1338024297
2020-12-25,3.8340,3.8560,3.8330,3.8530,336388657,1293013857
2020-12-28,3.8750,3.8870,3.8270,3.8580,438746440,1700536378
2020-12-29,3.8520,3.8560,3.8340,3.8370,376341212,1447182437
2020-12-30,3.8370,3.8450,3.8280,3.8320,164010200,629434510
2020-12-31,3.8670,3.8680,3.8380,3.8500,280224200,1079847303
2021-01-04,3.8970,3.9090,3.8940,3.9020,355073116,1384874111
2021-01-05,3.9230,3.9300,3.9140,3.9200,415591092,1630368946
2021-01-06,3.9310,3.9390,3.9220,3.9310,459531490,1806842663
2021-01-07,3.8890,3.9040,3.8750,3.9030,430233824,1671592523
2021-01-08,3.8900,3.8940,3.8760,3.8780,272133204,1057337389
2021-01-11,3.7300,3.7820,3.7150,3.7770,374907646,1407572011
2021-01-12,3.7690,3.8080,3.7670,3.8050,369051344,1398000390
2021-01-13,3.8030,3.8150,3.7900,3.7970,378137598,1438637832
2021-01-14,3.7960,3.7960,3.7520,3.7720,321771322,1215030480
2021-01-15,3.7920,3.7980,3.7750,3.7850,181835403,689339096
2021-01-18,3.7410,3.7830,3.7390,3.7750,470611086,1768802096
2021-01-19,3.7930,3.7930,3.7720,3.7790,310189034,1172521345
2021-01-20,3.7900,3.7950,3.7800,3.7890,334562054,1267024864
2021-01-21,3.8130,3.8280,3.8100,3.8250,247822500,946259824
2021-01-22,3.8110,3.8150,3.7980,3.8060,239215760,910922954
2021-01-25,3.8070,3.8080,3.7850,3.7880,380377573,1445368435
2021-01-26,3.7960,3.8110,3.7920,3.7990,291652400,1108918523
2021-01-27,3.7770,3.7820,3.7620,3.7790,265293791,1000651681
2021-01-28,3.7670,3.7710,3.7590,3.7610,299275133,1127119150
2021-01-29,3.7630,3.7840,3.7630,3.7780,369825954,1392942800
2021-02-01,3.7780,3.8280,3.7700,3.8200,352501600,1340715966
2021-02-02,3.8150,3.8210,3.7860,3.7890,261825405,996792743
2021-02-03,3.7550,3.7650,3.7450,3.7500,386374796,1451000009
2021-02-04,3.7460,3.7460,3.6990,3.7230,302218564,1123940383
2021-02-05,3.6800,3.6860,3.6730,3.6810,168134520,618561978
2021-02-08,3.7080,3.7150,3.6980,3.7120,192024600,711805158
2021-02-09,3.7420,3.7590,3.7410,3.7520,193463184,726035173
2021-02-10,3.7420,3.7620,3.7380,3.7560,160992713,603820767
2021-02-18,3.6450,3.6530,3.6360,3.6500,338778500,1234795893
2021-02-19,3.6290,3.6450,3.6160,3.6340,362058354,1313616520
2021-02-22,3.6640,3.6850,3.6540,3.6750,337859541,1238640234
2021-02-23,3.7040,3.7270,3.7040,3.7130,350532338,1303146354
2021-02-24,3.7090,3.7140,3.7000,3.7050,362548122,1343808308
2021-02-25,3.6840,3.6860,3.6640,3.6700,258382272,950092233
2021-02-26,3.6500,3.6500,3.6060,3.6130,357941231,1300498652
2021-03-01,3.5720,3.6000,3.5710,3.5950,358863084,1286583453
2021-03-02,3.5400,3.5460,3.5030,3.5360,433414811,1526297769
2021-03-03,3.5540,3.5720,3.5450,3.5490,240128932,853055970
2021-03-04,3.5180,3.5210,3.5040,3.5140,409102756,1437289859
2021-03-05,3.4670,3.4860,3.4630,3.4820,313466415,1088347996
2021-03-08,3.5230,3.5330,3.5170,3.5190,345212756,1217141114
2021-03-09,3.4890,3.5090,3.4810,3.5060,414212000,1445989209
2021-03-10,3.5470,3.5510,3.5330,3.5420,427472785,1513418801
2021-03-11,3.5590,3.5840,3.5570,3.5730,550041800,1964267564
2021-03-12,3.5530,3.5540,3.5200,3.5240,309988242,1096930310
2021-03-15,3.5730,3.5780,3.5540,3.5560,390433971,1392081734
2021-03-16,3.5720,3.5780,3.5620,3.5620,368423423,1315369259
2021-03-17,3.5700,3.5810,3.5700,3.5770,282510337,1010342661
2021-03-18,3.6120,3.6150,3.5990,3.6040,247447136,892387212
2021-03-19,3.5690,3.5990,3.5650,3.5890,171939400,614984379
2021-03-22,3.5810,3.5940,3.5660,3.5700,264857017,948515223
2021-03-23,3.5710,3.5880,3.5700,3.5850,283520118,1014708511
2021-03-24,3.5670,3.5870,3.5670,3.5780,527171217,1887042618
2021-03-25,3.5880,3.6030,3.5840,3.5890,279635018,1004255648
2021-03-26,3.5810,3.5840,3.5670,3.5790,497276168,1779141353
2021-03-29,3.5800,3.5890,3.5760,3.5790,645461516,2312764674
2021-03-30,3.5580,3.5580,3.5350,3.5360,308316000,1093295110
2021-03-31,3.5010,3.5020,3.4800,3.4950,364266332,1271331379
2021-04-01,3.5380,3.5710,3.5380,3.5650,398255531,1415114863
2021-04-02,3.6030,3.6150,3.6010,3.6120,597345644,2155954502
2021-04-06,3.6070,3.6080,3.5890,3.5910,422970881,1523497410
2021-04-07,3.6020,3.6090,3.5950,3.6070,396376516,1426930886
2021-04-08,3.5960,3.6240,3.5950,3.6140,361815448,1305090040
2021-04-09,3.6410,3.6500,3.6270,3.6310,314581000,1144248473
2021-04-12,3.6150,3.6160,3.5970,3.6120,398812464,1438493282
2021-04-13,3.5800,3.5980,3.5740,3.5750,271051252,972256988
2021-04-14,3.6140,3.6170,3.6030,3.6150,286103675,1033461710
2021-04-15,3.5980,3.6140,3.5880,3.6120,473415942,1704804786
2021-04-16,3.6450,3.6520,3.6400,3.6430,257720225,939622723
2021-04-19,3.6710,3.6760,3.6660,3.6700,283146500,1039667316
2021-04-20,3.6450,3.6470,3.6300,3.6350,347781926,1265314558
2021-04-21,3.6570,3.6750,3.6570,3.6730,390239100,1430525039
2021-04-22,3.6830,3.6920,3.6690,3.6760,218433400,804256034
2021-04-23,3.6720,3.6760,3.6630,3.6680,255202900,936769755
2021-04-26,3.6510,3.6610,3.6440,3.6490,276853971,1011748942
2021-04-27,3.6540,3.6570,3.6410,3.6530,212101790,774231709
2021-04-28,3.6360,3.6410,3.6270,3.6320,366612595,1332881675
2021-04-29,3.6640,3.6720,3.6400,3.6430,370007824,1354794401
2021-04-30,3.6230,3.6300,3.6110,3.6250,257839200,932650616
2021-05-06,3.6640,3.6850,3.6620,3.6760,336101714,1233893286
2021-05-07,3.7160,3.7240,3.7080,3.7170,432461648,1606628487
2021-05-10,3.7240,3.7400,3.7200,3.7300,378766578,1412093325
2021-05-11,3.7310,3.7340,3.7240,3.7250,297097438,1108051637
2021-05-12,3.7250,3.7340,3.7130,3.7320,335363200,1247957594
2021-05-13,3.7190,3.7220,3.7070,3.7170,261015000,969646811
2021-05-14,3.7190,3.7420,3.7120,3.7390,378071694,1406686740
2021-05-17,3.7810,3.7880,3.7720,3.7770,324302379,1225562254
2021-05-18,3.8030,3.8170,3.7990,3.8020,374155082,1424897698
2021-05-19,3.7950,3.8120,3.7890,3.8120,379659785,1441935746
2021-05-20,3.8060,3.8270,3.7940,3.8110,324058190,1236567825
2021-05-21,3.8110,3.8230,3.8060,3.8160,286325966,1092236029
2021-05-24,3.8360,3.8440,3.8260,3.8280,337913234,1296490117
2021-05-25,3.7900,3.8170,3.7900,3.8120,250507065,952184318
2021-05-26,3.8570,3.8650,3.8420,3.8520,296758743,1144307924
2021-05-27,3.8230,3.8380,3.8210,3.8290,354656398,1357628550
2021-05-28,3.8250,3.8250,3.7980,3.8000,437672154,1668583770
2021-05-31,3.8360,3.8420,3.8260,3.8280,369707189,1417762817
2021-06-01,3.8390,3.8550,3.8380,3.8530,248864500,957227114
2021-06-02,3.8280,3.8300,3.7810,3.7930,349321578,1332071375
2021-06-03,3.8020,3.8180,3.7660,3.7740,285499585,1085064404
2021-06-04,3.7150,3.7470,3.6740,3.7320,326454400,1208354587
2021-06-07,3.7590,3.7700,3.7540,3.7570,423271163,1592064530
2021-06-08,3.7990,3.8010,3.7710,3.7780,450507301,1704479283
2021-06-09,3.7780,3.7860,3.7710,3.7750,340664756,1286885038
2021-06-10,3.7670,3.7810,3.7580,3.7640,357575600,1346631526
2021-06-11,3.7950,3.8020,3.7920,3.7950,264591163,1004906044
2021-06-15,3.7200,3.7380,3.7050,3.7300,342636707,1275122118
2021-06-16,3.7180,3.7340,3.7100,3.7290,330241282,1228981102
2021-06-17,3.6730,3.6830,3.6550,3.6670,318993292,1171494563
2021-06-18,3.6250,3.6340,3.6220,3.6250,529165861,1920013878
2021-06-21,3.6150,3.6310,3.6040,3.6280,384826269,1392157780
2021-06-22,3.6420,3.6520,3.6310,3.6410,306757942,1117121211
2021-06-23,3.6400,3.6480,3.6370,3.6450,377651386,1375792283
2021-06-24,3.6320,3.6360,3.6250,3.6280,470578352,1708404591
2021-06-25,3.6230,3.6320,3.6210,3.6240,383013696,1388710891
2021-06-28,3.6180,3.6390,3.6090,3.6290,357891027,1296370211
2021-06-29,3.6190,3.6250,3.6140,3.6160,256189743,927030422
2021-06-30,3.5960,3.5960,3.5790,3.5840,349326516,1253235098
2021-07-01,3.6100,3.6350,3.6080,3.6290,228466671,827915860
2021-07-02,3.6400,3.6400,3.6310,3.6320,294637663,1071138887
2021-07-05,3.6510,3.6540,3.6350,3.6450,337826560,1231073039
2021-07-06,3.6510,3.6790,3.6510,3.6790,624889859,2289813422
2021-07-07,3.6760,3.6800,3.6650,3.6760,616985605,2265853357
2021-07-08,3.6800,3.6800,3.6640,3.6700,574165600,2106907252
2021-07-09,3.6840,3.6960,3.6740,3.6800,431140598,1589719659
2021-07-12,3.6910,3.6930,3.6690,3.6740,302899521,1114509380
2021-07-13,3.6840,3.6940,3.6790,3.6890,522369050,1926948077
2021-07-14,3.6830,3.7000,3.6830,3.6920,475923831,1758328649
2021-07-15,3.7150,3.7230,3.7100,3.7210,357052302,1326843711
2021-07-16,3.7200,3.7240,3.7080,3.7110,403966588,1501665357
2021-07-19,3.7000,3.7020,3.6770,3.6790,364769925,1347180078
2021-07-20,3.7050,3.7140,3.7050,3.7090,428268087,1588785812
2021-07-21,3.6850,3.6960,3.6790,3.6950,369242681,1361224943
2021-07-22,3.6670,3.6700,3.6600,3.6670,396398066,1452979168
2021-07-23,3.6750,3.6860,3.6720,3.6840,325754067,1198169654
2021-07-26,3.6810,3.6970,3.6810,3.6930,355305952,1311213552
2021-07-27,3.6750,3.6750,3.6570,3.6620,303668681,1112774948
2021-07-28,3.6950,3.7070,3.6930,3.6980,451570685,1671302750
2021-07-29,3.7140,3.7160,3.7020,3.7080,221173600,820147761
2021-07-30,3.7210,3.7300,3.7110,3.7200,416687677,1549951752
2021-08-02,3.6850,3.6890,3.6760,3.6800,382018000,1407341110
2021-08-03,3.6820,3.6930,3.6780,3.6810,301014702,1109552592
2021-08-04,3.6820,3.6970,3.6820,3.6890,514598757,1899518642
2021-08-05,3.6890,3.6910,3.6820,3.6850,412889469,1522168869
2021-08-06,3.6660,3.6690,3.6610,3.6630,438159591,1606062042
2021-08-09,3.5550,3.5730,3.5440,3.5680,485830452,1729498578
2021-08-10,3.5570,3.5570,3.5450,3.5520,627482922,2228324339
2021-08-11,3.5420,3.5540,3.5410,3.5480,331284592,1175094769
2021-08-12,3.5750,3.5860,3.5710,3.5800,480300264,1717961146
2021-08-13,3.5890,3.5950,3.5840,3.5910,401721377,1441677240
2021-08-16,3.6350,3.6380,3.6200,3.6210,538369542,1953769924
2021-08-17,3.6450,3.6620,3.6410,3.6580,453896333,1655925262
2021-08-18,3.6580,3.6630,3.6530,3.6600,565197400,2067509548
2021-08-19,3.6530,3.6530,3.6300,3.6480,491820573,1791040682
2021-08-20,3.6520,3.6620,3.6490,3.6590,758849289,2774159474
2021-08-23,3.6360,3.6600,3.6300,3.6520,448739993,1638677661
2021-08-24,3.6770,3.6870,3.6760,3.6790,452878635,1666908092
2021-08-25,3.6720,3.6720,3.6570,3.6580,348770481,1277274588
2021-08-26,3.6560,3.6560,3.6440,3.6450,674767266,2463395257
2021-08-27,3.6650,3.6880,3.6640,3.6820,476584828,1751829009
2021-08-30,3.7060,3.7090,3.6890,3.6910,622631875,2302467076
2021-08-31,3.6890,3.6970,3.6870,3.6900,470790354,1737776616
2021-09-01,3.6900,3.6930,3.6800,3.6900,398621636,1469525072
2021-09-02,3.6890,3.6910,3.6810,3.6870,305116642,1124702006
2021-09-03,3.6790,3.6920,3.6760,3.6870,366860242,1351912273
2021-09-06,3.7100,3.7150,3.7070,3.7080,348771430,1294418408
2021-09-07,3.7110,3.7130,3.6890,3.6960,292054000,1081060096
2021-09-08,3.6590,3.6680,3.6500,3.6530,438335601,1603468337
2021-09-09,3.6380,3.6420,3.6340,3.6390,202617359,737107559
2021-09-10,3.6470,3.6620,3.6470,3.6600,291173448,1064288439
2021-09-13,3.6400,3.6490,3.6310,3.6420,319974725,1165052144
2021-09-14,3.6410,3.6490,3.6410,3.6460,200556365,731140240
2021-09-15,3.6640,3.6700,3.6580,3.6590,235085282,861822129
2021-09-16,3.6390,3.6470,3.6210,3.6280,267860074,974333279
2021-09-17,3.5960,3.5960,3.5780,3.5920,296645465,1063201677
2021-09-22,3.6320,3.6420,3.6310,3.6400,232183092,844625942
2021-09-23,3.6120,3.6130,3.6010,3.6050,386433859,1393921126
2021-09-24,3.5780,3.5880,3.5730,3.5860,186153013,666504848
2021-09-27,3.5900,3.6020,3.5900,3.5900,290208200,1043751371
2021-09-28,3.5800,3.5850,3.5590,3.5620,201780000,721863807
2021-09-29,3.5550,3.5620,3.5510,3.5570,187317800,666402727
2021-09-30,3.5500,3.5560,3.5420,3.5430,180952788,642361800
2021-10-08,3.5800,3.5910,3.5800,3.5870,222845935,799387454
2021-10-11,3.5870,3.5890,3.5700,3.5730,208413749,746336374
2021-10-12,3.5800,3.5960,3.5800,3.5910,174994830,628021247
2021-10-13,3.5910,3.5940,3.5830,3.5900,207587845,744943229
2021-10-14,3.6330,3.6410,3.6280,3.6360,324385204,1179323298
2021-10-15,3.6410,3.6450,3.6260,3.6290,180424224,656188589
2021-10-18,3.5910,3.5960,3.5740,3.5800,280941978,1007851010
2021-10-19,3.5840,3.5940,3.5810,3.5940,150282621,539081475
2021-10-20,3.5740,3.5850,3.5700,3.5840,221836965,793487767
2021-10-21,3.5960,3.6070,3.5960,3.6010,236326000,851260072
2021-10-22,3.6010,3.6170,3.5990,3.6150,252511743,910261834
2021-10-25,3.6060,3.6160,3.6030,3.6060,348142968,1256765277
2021-10-26,3.6300,3.6300,3.6180,3.6210,279358080,1011781749
2021-10-27,3.5960,3.5960,3.5800,3.5940,256299411,919525736
2021-10-28,3.6100,3.6310,3.6090,3.6290,287315374,1040715297
2021-10-29,3.6230,3.6230,3.6080,3.6090,319884037,1156059252
2021-11-01,3.5940,3.6040,3.5920,3.5940,238186300,857363718
2021-11-02,3.6050,3.6230,3.6050,3.6170,322180530,1164529696
2021-11-03,3.6000,3.6020,3.5860,3.5890,304279399,1092648577
2021-11-04,3.5810,3.5860,3.5710,3.5750,225887788,808648031
2021-11-05,3.6160,3.6260,3.6160,3.6240,319276410,1155982721
2021-11-08,3.6730,3.6730,3.6560,3.6600,252680500,926583351
2021-11-09,3.6750,3.6760,3.6620,3.6710,345259700,1266624970
2021-11-10,3.6750,3.6790,3.6630,3.6690,242781200,891887677
2021-11-11,3.7160,3.7320,3.7070,3.7210,313311834,1165515332
2021-11-12,3.7300,3.7320,3.7200,3.7220,288738000,1075628857
2021-11-15,3.7290,3.7300,3.7090,3.7160,228239200,848513303
2021-11-16,3.7340,3.7410,3.7290,3.7320,287212418,1072405219
2021-11-17,3.7170,3.7230,3.7110,3.7200,312973560,1163278870
2021-11-18,3.7400,3.7450,3.7350,3.7350,327373170,1224640139
2021-11-19,3.7340,3.7390,3.7270,3.7300,235021800,877801327
2021-11-22,3.7060,3.7110,3.6940,3.6960,387565600,1436679314
2021-11-23,3.6510,3.6510,3.6300,3.6320,407412765,1482337249
2021-11-24,3.6150,3.6210,3.6060,3.6130,367865200,1328951961
2021-11-25,3.6140,3.6160,3.6090,3.6110,334510349,1208136925
2021-11-26,3.6130,3.6310,3.6100,3.6280,354089769,1280335682
2021-11-29,3.6180,3.6200,3.6100,3.6140,322855800,1166983205
2021-11-30,3.5920,3.6080,3.5860,3.6050,329909366,1186563771
2021-12-01,3.5720,3.5990,3.5640,3.5910,405705090,1451130564
2021-12-02,3.5820,3.5820,3.5690,3.5750,352135700,1259215959
2021-12-03,3.5620,3.5730,3.5600,3.5660,249891900,891271376
2021-12-06,3.5860,3.5960,3.5850,3.5920,236670237,849851105
2021-12-07,3.5830,3.5850,3.5790,3.5840,274841600,984390806
2021-12-08,3.5870,3.5950,3.5870,3.5890,186472000,669566796
2021-12-09,3.5780,3.5800,3.5710,3.5750,226660374,810432342
2021-12-10,3.5810,3.5840,3.5600,3.5650,272778000,974999087
2021-12-13,3.5860,3.5930,3.5820,3.5850,273775618,982251741
2021-12-14,3.5920,3.5930,3.5860,3.5880,304986698,1094635906
2021-12-15,3.5620,3.5630,3.5500,3.5520,239983515,853686628
2021-12-16,3.5730,3.5850,3.5730,3.5840,202661097,725746562
2021-12-17,3.6150,3.6320,3.6140,3.6290,298570583,1081658801
2021-12-20,3.6230,3.6270,3.6190,3.6240,266726000,966529230
2021-12-21,3.6020,3.6050,3.5950,3.5990,226390000,815435714
2021-12-22,3.5960,3.5990,3.5900,3.5910,176221517,633529670
2021-12-23,3.6200,3.6320,3.6200,3.6270,192107941,696918679
2021-12-24,3.6360,3.6400,3.6290,3.6330,192910057,701001557
2021-12-27,3.6360,3.6360,3.6280,3.6300,177521800,644955890
2021-12-28,3.6300,3.6420,3.6280,3.6420,161402347,586428641
2021-12-29,3.6190,3.6290,3.6180,3.6250,178113536,645735255
2021-12-30,3.6180,3.6210,3.6040,3.6060,354473601,1281464608
2021-12-31,3.6470,3.6480,3.6390,3.6430,275290087,1003120297
2022-01-04,3.6180,3.6230,3.6150,3.6200,163067624,590220399
2022-01-05,3.6320,3.6430,3.6320,3.6350,143567100,522483398
2022-01-06,3.6270,3.6310,3.6070,3.6140,162047300,587181973
2022-01-07,3.5980,3.6010,3.5900,3.5920,120621369,433876453
2022-01-10,3.6000,3.6070,3.5990,3.5990,139284806,501908315
2022-01-11,3.6260,3.6330,3.6230,3.6290,124147668,450348752
2022-01-12,3.6490,3.6500,3.6440,3.6460,122301095,445934824
2022-01-13,3.6510,3.6580,3.6490,3.6540,133997100,489518934
2022-01-14,3.6470,3.6560,3.6460,3.6500,98995393,361495689
2022-01-17,3.6350,3.6360,3.6260,3.6350,149243782,542157342
2022-01-18,3.6410,3.6410,3.6250,3.6290,133472909,484804485
2022-01-19,3.6270,3.6280,3.6200,3.6250,162965165,590819654
2022-01-20,3.6780,3.6820,3.6680,3.6740,177327441,651579171
2022-01-21,3.6690,3.6770,3.6670,3.6720,194282853,713400269
2022-01-24,3.6600,3.6650,3.6550,3.6620,217755431,797020644
2022-01-25,3.6690,3.6740,3.6660,3.6710,204852336,751695582
2022-01-26,3.6750,3.6800,3.6740,3.6740,131895068,485025214
2022-01-27,3.6220,3.6240,3.6040,3.6060,165263262,597667929
2022-01-28,3.5920,3.5960,3.5910,3.5940,98904200,355395837
2022-02-07,3.6200,3.6230,3.6120,3.6200,116637200,422007429
2022-02-08,3.6390,3.6480,3.6370,3.6410,161988818,589998904
2022-02-09,3.6530,3.6590,3.6520,3.6580,151799340,554867129
2022-02-10,3.6680,3.6700,3.6640,3.6650,83670000,306826813
2022-02-11,3.6540,3.6540,3.6420,3.6450,168617110,615148777
2022-02-14,3.7140,3.7180,3.7010,3.7050,185670281,688854304
2022-02-15,3.7300,3.7460,3.7300,3.7420,232302618,868673704
2022-02-16,3.6940,3.6940,3.6820,3.6920,225182464,830411160
2022-02-17,3.7120,3.7320,3.7120,3.7260,285144387,1060980266
2022-02-18,3.7710,3.7710,3.7520,3.7600,245070028,921248665
2022-02-21,3.7630,3.7680,3.7520,3.7540,215087201,808751622
2022-02-22,3.7920,3.8050,3.7890,3.8010,241422601,916863540
2022-02-23,3.7830,3.7830,3.7670,3.7720,298416867,1125846988
2022-02-24,3.7950,3.8660,3.7940,3.8530,364223522,1394901592
2022-02-25,3.8000,3.8090,3.7660,3.8070,234336700,889595869
2022-02-28,3.7980,3.8000,3.7830,3.7870,159146600,603401298
2022-03-01,3.7770,3.7880,3.7710,3.7860,232114964,877013796
2022-03-02,3.8260,3.8450,3.8250,3.8370,320705582,1229829580
2022-03-03,3.8300,3.8310,3.8170,3.8270,314608408,1203611886
2022-03-04,3.8500,3.8530,3.8320,3.8410,283183031,1088923498
2022-03-07,3.9370,3.9560,3.9130,3.9260,341822364,1346645675
2022-03-08,3.9270,4.0190,3.9170,4.0150,386479669,1524311571
2022-03-09,4.0460,4.0770,4.0360,4.0610,367258560,1490473585
2022-03-10,3.8900,3.9410,3.8900,3.9310,314022700,1230706252
2022-03-11,3.9450,3.9610,3.9280,3.9370,181779899,717367561
2022-03-14,3.9210,3.9320,3.9130,3.9170,188426317,739341119
2022-03-15,3.8780,3.8780,3.8220,3.8320,256618024,988903524
2022-03-16,3.8240,3.8250,3.7920,3.7960,297481656,1133492051
2022-03-17,3.8300,3.8500,3.8290,3.8450,211411177,812283931
2022-03-18,3.8600,3.8660,3.8420,3.8510,116514355,448801145
2022-03-21,3.8390,3.8520,3.8340,3.8410,171004224,657492062
2022-03-22,3.8540,3.8740,3.8520,3.8660,223265700,863009022
2022-03-23,3.8410,3.8500,3.8320,3.8350,374845795,1440047526
2022-03-24,3.8850,3.8890,3.8760,3.8800,180855959,702307836
2022-03-25,3.9120,3.9190,3.9020,3.9070,235874900,922453245
2022-03-28,3.9060,3.9070,3.8680,3.8720,237784601,923654954
2022-03-29,3.8600,3.8600,3.8440,3.8490,249956995,962864157
2022-03-30,3.8400,3.8460,3.8350,3.8390,193177200,742055510
2022-03-31,3.8430,3.8430,3.8180,3.8330,176016491,674986940
2022-04-01,3.8500,3.8630,3.8500,3.8530,163585500,630965155
2022-04-06,3.8420,3.8500,3.8340,3.8360,166225673,638630815
2022-04-07,3.8380,3.8460,3.8340,3.8430,168092015,645420780
2022-04-08,3.8580,3.8610,3.8480,3.8520,173932900,670661880
2022-04-11,3.8850,3.8920,3.8800,3.8860,196275443,762718064
2022-04-12,3.9010,3.9150,3.9000,3.9080,219834179,859327671
2022-04-13,3.9140,3.9310,3.9140,3.9260,184344400,723496734
2022-04-14,3.9400,3.9440,3.9270,3.9310,175901500,692445520
2022-04-15,3.9380,3.9490,3.9380,3.9440,151036270,595736486
2022-04-18,3.9630,3.9690,3.9550,3.9670,137961700,546450391
2022-04-19,3.9390,3.9450,3.9320,3.9360,104123756,410136103
2022-04-20,3.8970,3.9010,3.8800,3.8860,173160114,674023304
2022-04-21,3.9210,3.9390,3.9180,3.9370,173564458,681937235
2022-04-22,3.9410,3.9540,3.9390,3.9510,253770904,1000970316
2022-04-25,3.9240,3.9410,3.9140,3.9240,371125820,1457212317
2022-04-26,3.8960,3.9000,3.8770,3.8900,254565055,990222256
2022-04-27,3.8990,3.9020,3.8890,3.8920,330541345,1287676774
2022-04-28,3.8710,3.8910,3.8640,3.8900,280239957,1085273232
2022-04-29,3.9370,3.9550,3.9300,3.9420,239995300,946981014
2022-05-05,3.9260,3.9350,3.9210,3.9290,192314400,755654254
2022-05-06,3.9000,3.9270,3.8980,3.9220,210059170,823344680
2022-05-09,3.9420,3.9450,3.9370,3.9390,158490851,624445504
2022-05-10,3.9190,3.9240,3.9080,3.9100,179023279,700705468
2022-05-11,3.8730,3.8930,3.8690,3.8900,201552355,781925393
2022-05-12,3.9190,3.9340,3.9190,3.9280,186890046,733700807
2022-05-13,3.8860,3.8960,3.8810,3.8880,184164500,716399110
2022-05-16,3.8770,3.8800,3.8450,3.8510,200348259,772800195
2022-05-17,3.8720,3.8820,3.8680,3.8770,210931100,817720260
2022-05-18,3.8410,3.8440,3.8340,3.8360,191304042,734322831
2022-05-19,3.8520,3.8580,3.8490,3.8500,158353426,610140238
2022-05-20,3.8700,3.8800,3.8700,3.8720,181047035,701382437
2022-05-23,3.8750,3.8910,3.8720,3.8750,161297529,626272890
2022-05-24,3.8720,3.8850,3.8690,3.8820,155689985,603302252
2022-05-25,3.8920,3.8970,3.8860,3.8870,119309785,464405516
2022-05-26,3.8880,3.9020,3.8880,3.9010,129415167,504294169
2022-05-27,3.9130,3.9180,3.9100,3.9170,174719930,683884638
2022-05-30,3.8930,3.8930,3.8840,3.8850,218520508,849343225
2022-05-31,3.8730,3.8770,3.8670,3.8770,135881276,526300812
2022-06-01,3.8460,3.8570,3.8460,3.8520,118963872,458219241
2022-06-02,3.8760,3.8840,3.8730,3.8770,134781800,522724698
2022-06-06,3.8670,3.8750,3.8630,3.8690,117723937,455615763
2022-06-07,3.8500,3.8560,3.8480,3.8540,150508515,579922086
2022-06-08,3.8700,3.8740,3.8680,3.8720,128456178,497175656
2022-06-09,3.8910,3.8950,3.8770,3.8810,180125354,699855511
2022-06-10,3.8700,3.8790,3.8630,3.8650,188874357,731082245
2022-06-13,3.9400,3.9420,3.9240,3.9260,317274961,1246798512
2022-06-14,3.8650,3.8660,3.8500,3.8550,255850200,986933474
2022-06-15,3.8320,3.8380,3.8270,3.8340,430053450,1647936924
2022-06-16,3.8430,3.8510,3.8410,3.8460,191517374,736533348
2022-06-17,3.8690,3.8770,3.8680,3.8740,189496605,733751308
2022-06-20,3.8680,3.8690,3.8560,3.8580,183926034,710292294
2022-06-21,3.8590,3.8600,3.8500,3.8520,168699872,650693391
2022-06-22,3.8470,3.8530,3.8450,3.8490,161128219,620251404
2022-06-23,3.8590,3.8610,3.8510,3.8540,135935758,524129094
2022-06-24,3.8220,3.8340,3.8210,3.8270,171397556,656360015
2022-06-27,3.8420,3.8540,3.8410,3.8530,145101544,558673573
2022-06-28,3.8350,3.8380,3.8300,3.8320,238235279,913466938
2022-06-29,3.8300,3.8350,3.8200,3.8210,244846020,937301479
2022-06-30,3.8270,3.8280,3.8130,3.8180,152217148,581324081
2022-07-01,3.7980,3.7990,3.7790,3.7840,264339488,1002000348
2022-07-04,3.7940,3.8100,3.7930,3.8010,179216799,680982678
2022-07-05,3.7990,3.8020,3.7950,3.7970,157148116,596996203
2022-07-06,3.7330,3.7330,3.7140,3.7250,179720845,669359602
2022-07-07,3.6800,3.6800,3.6630,3.6760,216459815,794797013
2022-07-08,3.6700,3.6720,3.6630,3.6690,293402592,1075873589
2022-07-11,3.6650,3.6720,3.6620,3.6690,124299200,455953454
2022-07-12,3.6540,3.6920,3.6530,3.6680,193139600,708040170
2022-07-13,3.6540,3.6600,3.6420,3.6460,213841300,780651218
2022-07-14,3.6590,3.6630,3.6460,3.6470,164249600,600571616
2022-07-15,3.6350,3.6390,3.6150,3.6220,184145736,668711996
2022-07-18,3.6360,3.6410,3.6310,3.6350,192858639,701435234
2022-07-19,3.6230,3.6310,3.6190,3.6270,160233113,580981995
2022-07-20,3.6280,3.6370,3.6260,3.6280,131900600,478943895
2022-07-21,3.6050,3.6070,3.5960,3.5990,214374500,772389526
2022-07-22,3.6470,3.6520,3.6420,3.6500,133138540,485574126
2022-07-25,3.6560,3.6680,3.6540,3.6630,144963879,530843923
2022-07-26,3.6630,3.6700,3.6600,3.6680,138564444,507706264
2022-07-27,3.6600,3.6620,3.6540,3.6590,136957100,501065043
2022-07-28,3.6910,3.6980,3.6790,3.6970,253315800,934185395
2022-07-29,3.7240,3.7530,3.7210,3.7490,191201798,714203179
2022-08-01,3.7470,3.7520,3.7360,3.7430,203393000,761373879
2022-08-02,3.7900,3.7910,3.7690,3.7730,315722387,1192801548
2022-08-03,3.7410,3.7600,3.7330,3.7590,226160220,847491711
2022-08-04,3.7520,3.7680,3.7500,3.7600,210209880,789779391
2022-08-05,3.7890,3.7940,3.7850,3.7900,158538600,600781852
2022-08-08,3.7610,3.7720,3.7610,3.7690,137713029,518815793
2022-08-09,3.7860,3.7920,3.7840,3.7860,107716691,408057468
2022-08-10,3.7970,3.8080,3.7930,3.7940,143863637,546752786
2022-08-11,3.7840,3.7860,3.7720,3.7770,146216385,552607061
2022-08-12,3.7830,3.7960,3.7820,3.7950,104551489,395970252
2022-08-15,3.8060,3.8120,3.7980,3.7990,296205400,1127626640
2022-08-16,3.7890,3.7970,3.7860,3.7960,268964600,1020570638
2022-08-17,3.7830,3.7900,3.7780,3.7790,250923400,949524984
2022-08-18,3.7620,3.7670,3.7590,3.7610,109743800,412890947
2022-08-19,3.7560,3.7620,3.7530,3.7610,126242000,474480701
2022-08-22,3.7530,3.7570,3.7500,3.7530,98478600,369696268
2022-08-23,3.7600,3.7680,3.7570,3.7630,91785923,345238519
2022-08-24,3.7740,3.8010,3.7730,3.7870,144976819,548011658
2022-08-25,3.7950,3.8000,3.7930,3.7970,160622257,609697400
2022-08-26,3.7950,3.8010,3.7870,3.7980,176740800,670130630
2022-08-29,3.7550,3.7700,3.7550,3.7670,156036900,587583183
2022-08-30,3.7840,3.7950,3.7820,3.7830,143143600,542323421
2022-08-31,3.7690,3.7690,3.7570,3.7580,142313800,535409590
2022-09-01,3.7370,3.7390,3.7240,3.7300,162315708,605663173
2022-09-02,3.7200,3.7290,3.7170,3.7260,179225700,667006393
2022-09-05,3.7500,3.7700,3.7490,3.7650,188072400,707051694
2022-09-06,3.7760,3.7860,3.7710,3.7840,154942000,585441847
2022-09-07,3.7540,3.7650,3.7510,3.7590,210965700,792719506
2022-09-08,3.7860,3.7920,3.7820,3.7900,313698400,1188024146
2022-09-09,3.7800,3.7860,3.7770,3.7850,262640300,993434847
2022-09-13,3.7820,3.7920,3.7810,3.7870,260943300,987535921
2022-09-14,3.7660,3.7670,3.7570,3.7600,279238622,1050294440
2022-09-15,3.7520,3.7570,3.7420,3.7440,216886714,813545716
2022-09-16,3.7280,3.7380,3.7260,3.7280,252720700,943067961
2022-09-19,3.7380,3.7480,3.7360,3.7410,213258455,797722957
2022-09-20,3.7590,3.7620,3.7500,3.7540,229400100,861292347
2022-09-21,3.7500,3.7660,3.7450,3.7590,204123300,765835702
2022-09-22,3.7520,3.7570,3.7500,3.7530,198953800,746582079
2022-09-23,3.7690,3.7740,3.7670,3.7700,234852951,885326283
2022-09-26,3.7380,3.7430,3.7290,3.7360,222395000,831004420
2022-09-27,3.7320,3.7460,3.7300,3.7460,167062700,624669747
2022-09-28,3.7430,3.7570,3.7430,3.7510,227618900,854289822
2022-09-29,3.7790,3.7850,3.7650,3.7800,250453800,946394475
2022-09-30,3.7810,3.7860,3.7750,3.7830,217834700,823691239
2022-10-10,3.8330,3.8360,3.8080,3.8100,237453900,907727304
2022-10-11,3.8040,3.8090,3.8010,3.8020,272012233,1034999655
2022-10-12,3.8020,3.8120,3.7980,3.8120,202373100,770109420
2022-10-13,3.8140,3.8180,3.8130,3.8170,178266200,680207601
2022-10-14,3.8040,3.8160,3.8000,3.8130,230425800,877507714
2022-10-17,3.8000,3.8010,3.7890,3.7920,183920500,697922881
2022-10-18,3.7960,3.8120,3.7950,3.8020,212317500,807160717
2022-10-19,3.7990,3.8050,3.7910,3.7930,242993100,923635446
2022-10-20,3.7750,3.7870,3.7730,3.7750,292783100,1106287598
2022-10-21,3.7790,3.7840,3.7660,3.7710,271264900,1023928751
2022-10-24,3.8150,3.8230,3.8120,3.8200,267713153,1022118293
2022-10-25,3.8320,3.8340,3.8270,3.8270,281999400,1080066123
2022-10-26,3.8270,3.8310,3.8230,3.8240,314225900,1202773295
2022-10-27,3.8140,3.8220,3.8090,3.8170,452084600,1724780662
2022-10-28,3.8220,3.8290,3.8180,3.8200,534903075,2046052046
2022-10-31,3.8070,3.8090,3.7970,3.8070,340200400,1294057272
2022-11-01,3.8080,3.8140,3.8000,3.8100,361284000,1376137542
2022-11-02,3.8160,3.8310,3.8160,3.8170,397623402,1518567384
2022-11-03,3.8070,3.8120,3.8050,3.8050,393613900,1498865220
2022-11-04,3.8050,3.8100,3.8010,3.8040,359202400,1366887158
2022-11-07,3.8340,3.8380,3.8260,3.8320,449914000,1723707397
2022-11-08,3.8340,3.8460,3.8320,3.8390,463157600,1779457951
2022-11-09,3.9030,3.9850,3.9030,3.9450,417575081,1637157221
2022-11-10,3.9370,3.9370,3.9180,3.9250,391211700,1536278713
2022-11-11,3.9770,3.9810,3.9500,3.9520,391296300,1553388366
2022-11-14,3.9480,3.9480,3.9120,3.9130,345901701,1358824147
2022-11-15,3.9270,3.9400,3.9270,3.9330,316056800,1243779606
2022-11-16,3.9440,3.9590,3.9440,3.9540,366183700,1447049009
2022-11-17,3.9540,3.9650,3.9500,3.9580,308224800,1219591111
2022-11-18,3.9530,3.9640,3.9490,3.9520,333308600,1318537482
2022-11-21,3.9290,3.9370,3.9210,3.9360,323931300,1274007701
2022-11-22,3.9360,3.9400,3.9280,3.9320,313508900,1232947472
2022-11-23,3.9300,3.9330,3.9270,3.9320,280276300,1101650545
2022-11-24,3.9550,3.9580,3.9470,3.9470,365339600,1444179584
2022-11-25,3.9600,3.9660,3.9550,3.9590,301636100,1195000701
2022-11-28,3.9740,3.9770,3.9580,3.9620,247936603,983066415
2022-11-29,3.9500,3.9590,3.9460,3.9510,286795300,1133596759
2022-11-30,3.9450,3.9470,3.9380,3.9440,333646100,1315549571
2022-12-01,3.9450,3.9580,3.9390,3.9560,281014100,1109203744
2022-12-02,3.9760,3.9820,3.9720,3.9790,246374800,979958404
2022-12-05,3.9680,3.9690,3.9380,3.9400,230605100,911600549
2022-12-06,3.9050,3.9060,3.8940,3.8980,310295605,1210251288
2022-12-07,3.9000,3.9020,3.8940,3.8980,170425000,664393619
2022-12-08,3.9070,3.9130,3.9040,3.9100,224801500,878765834
2022-12-09,3.9180,3.9310,3.9170,3.9240,152279825,597512038
2022-12-12,3.9330,3.9340,3.9180,3.9210,167930700,659318253
2022-12-13,3.9190,3.9250,3.9170,3.9240,136218500,534135948
2022-12-14,3.9650,3.9680,3.9560,3.9630,268257634,1062618978
2022-12-15,3.9430,3.9480,3.9260,3.9330,160851000,632382275
2022-12-16,3.9100,3.9170,3.9040,3.9150,135351900,529121028
2022-12-19,3.9330,3.9500,3.9320,3.9420,136708100,538965204
2022-12-20,3.9360,3.9460,3.9300,3.9430,181134400,713171102
2022-12-21,3.9910,3.9910,3.9730,3.9810,168582800,671186285
2022-12-22,3.9870,3.9920,3.9780,3.9810,148590600,592297837
2022-12-23,3.9520,3.9570,3.9420,3.9480,185656000,732903603
2022-12-26,3.9500,3.9570,3.9500,3.9530,243020300,960345233
2022-12-27,3.9510,3.9640,3.9450,3.9630,173666300,686705270
2022-12-28,3.9780,3.9850,3.9640,3.9660,156525000,622152522
2022-12-29,3.9700,3.9740,3.9600,3.9600,123708477,490936957
2022-12-30,3.9700,3.9870,3.9700,3.9860,135712938,539947546
2023-01-03,3.9830,3.9870,3.9720,3.9870,155397400,618722102
2023-01-04,4.0000,4.0060,3.9980,4.0020,164148900,656972571
2023-01-05,4.0160,4.0240,3.9990,4.0010,203236600,815712507
2023-01-06,3.9700,3.9780,3.9690,3.9720,177023500,703421406
2023-01-09,4.0160,4.0220,4.0140,4.0150,214612250,862273144
2023-01-10,4.0030,4.0150,4.0030,4.0130,161860700,648856765
2023-01-11,4.0170,4.0270,4.0130,4.0250,194267934,780670518
2023-01-12,4.0130,4.0230,4.0080,4.0190,219326000,881238449
2023-01-13,4.0240,4.0290,4.0220,4.0270,136051600,547805631
2023-01-16,4.0580,4.0680,4.0470,4.0500,202729200,822812774
2023-01-17,4.0700,4.0730,4.0620,4.0660,176160800,716584799
2023-01-18,4.0700,4.0730,4.0440,4.0560,163158859,662708919
2023-01-19,4.0510,4.0720,4.0510,4.0680,126350500,513311285
2023-01-20,4.1000,4.1120,4.0900,4.1010,150526000,617324548
2023-01-30,4.0900,4.0990,4.0830,4.0960,239566400,979751736
2023-01-31,4.0870,4.0910,4.0650,4.0690,186889100,763275873
2023-02-01,4.0840,4.0940,4.0840,4.0910,150758700,616583968
2023-02-02,4.1240,4.1300,4.1220,4.1250,167182268,689717945
2023-02-03,4.0790,4.0790,4.0680,4.0710,135288800,551141130
2023-02-06,4.0210,4.0300,4.0120,4.0180,193785100,778713453
2023-02-07,4.0100,4.0180,4.0090,4.0100,156359600,627177885
2023-02-08,4.0100,4.0140,4.0070,4.0100,106461500,426939198
2023-02-09,4.0100,4.0210,4.0080,4.0190,165382978,664295300
2023-02-10,3.9970,3.9970,3.9850,3.9930,204513400,816166433
2023-02-13,4.0300,4.0310,4.0050,4.0180,187026800,750539712
2023-02-14,3.9990,4.0170,3.9980,4.0150,137901800,552222541
2023-02-15,4.0170,4.0230,3.9990,4.0020,163848200,657293038
2023-02-16,3.9950,4.0030,3.9950,4.0010,146516300,586003984
2023-02-17,3.9990,4.0010,3.9880,3.9920,196060100,783034882
2023-02-20,4.0080,4.0150,4.0080,4.0100,161505687,647993709
2023-02-21,4.0100,4.0130,4.0040,4.0050,173510400,695607435
2023-02-22,4.0110,4.0180,4.0110,4.0170,132688623,532824295
2023-02-23,4.0070,4.0090,4.0030,4.0080,137331573,550202560
2023-02-24,4.0130,4.0250,4.0130,4.0210,178816500,718671778
2023-02-27,4.0200,4.0200,4.0090,4.0100,168817700,677567593
2023-02-28,4.0170,4.0200,4.0130,4.0150,129643797,520780043
2023-03-01,4.0290,4.0310,4.0240,4.0290,197570078,795595333
2023-03-02,4.0200,4.0270,4.0170,4.0260,203963400,820264186
2023-03-03,4.0380,4.0450,4.0350,4.0440,173339100,700113604
2023-03-06,4.0630,4.0740,4.0630,4.0710,178253600,725459396
2023-03-07,4.0720,4.0790,4.0680,4.0760,242524100,988711669
2023-03-08,4.0320,4.0370,4.0290,4.0330,181814410,733466707
2023-03-09,4.0320,4.0380,4.0310,4.0330,155499600,627389868
2023-03-10,4.0590,4.0620,4.0510,4.0610,249049800,1010584223
2023-03-13,4.1060,4.1180,4.0880,4.0890,275924698,1131586472
2023-03-14,4.1250,4.1430,4.1230,4.1420,236036000,975517442
2023-03-15,4.1400,4.1420,4.1320,4.1390,211296100,874179479
2023-03-16,4.1680,4.1840,4.1600,4.1740,321126800,1339712190
2023-03-17,4.1780,4.2010,4.1750,4.1980,293501806,1229020089
2023-03-20,4.2690,4.3350,4.2680,4.3270,396745862,1706168214
2023-03-21,4.3200,4.3200,4.2830,4.2860,254076300,1093232536
2023-03-22,4.2260,4.2280,4.2110,4.2230,265272000,1118985082
2023-03-23,4.2590,4.2610,4.2450,4.2530,315981144,1345023943
2023-03-24,4.2800,4.2860,4.2650,4.2750,280000180,1198618986
2023-03-27,4.2670,4.2670,4.2440,4.2460,181397578,771831604
2023-03-28,4.2330,4.2380,4.2210,4.2250,220484035,932767179
2023-03-29,4.2480,4.2570,4.2380,4.2400,255688004,1086140524
2023-03-30,4.2410,4.2510,4.2370,4.2480,292977500,1242687102
2023-03-31,4.2620,4.2820,4.2580,4.2810,267238700,1140121120
2023-04-03,4.2700,4.2700,4.2130,4.2210,166683500,704108268
2023-04-04,4.2600,4.2730,4.2560,4.2690,149978990,639848383
2023-04-06,4.3290,4.3370,4.3210,4.3300,195912860,848045764
2023-04-07,4.3240,4.3290,4.3220,4.3280,217954215,942729123
2023-04-10,4.3010,4.3020,4.2760,4.2870,129692860,555880549
2023-04-11,4.2830,4.3110,4.2830,4.3110,132536400,570009956
2023-04-12,4.3270,4.3580,4.3270,4.3410,161757560,702812158
2023-04-13,4.3350,4.3480,4.3330,4.3460,91332022,396331379
2023-04-14,4.3820,4.3830,4.3540,4.3660,142880300,624494974
2023-04-17,4.2970,4.3280,4.2800,4.3240,154180300,664877976
2023-04-18,4.3010,4.3070,4.2920,4.3050,93359998,401625590
2023-04-19,4.3140,4.3190,4.2920,4.2970,127788900,550822088
2023-04-20,4.2980,4.3120,4.2940,4.3080,134743737,579849707
2023-04-21,4.3130,4.3190,4.2800,4.2880,138381381,595846832
2023-04-24,4.2900,4.2900,4.2760,4.2770,240957500,1031947455
2023-04-25,4.3100,4.3180,4.3050,4.3160,133221000,574340441
2023-04-26,4.3280,4.3340,4.3160,4.3230,159478834,689477077
2023-04-27,4.3220,4.3340,4.3180,4.3330,167755114,725727863
2023-04-28,4.3000,4.3090,4.2920,4.2980,165786500,713294627
2023-05-04,4.4100,4.4120,4.3880,4.3950,169590559,745933036
2023-05-05,4.4160,4.4260,4.4120,4.4150,130566800,576787500
2023-05-08,4.3580,4.3680,4.3520,4.3680,154297834,672889439
2023-05-09,4.3710,4.3880,4.3690,4.3770,140139400,613402815
2023-05-10,4.3930,4.3990,4.3870,4.3980,112963800,496234536
2023-05-11,4.4030,4.4080,4.3930,4.3940,123637900,544225111
2023-05-12,4.3800,4.3800,4.3540,4.3650,158068656,690257188
2023-05-15,4.3820,4.3930,4.3790,4.3820,170757078,749178622
2023-05-16,4.3850,4.3890,4.3610,4.3690,162113600,710376616
2023-05-17,4.3520,4.3570,4.3470,4.3530,146109100,635930495
2023-05-18,4.3470,4.3500,4.3420,4.3450,179048400,778129980
2023-05-19,4.3270,4.3320,4.3200,4.3300,183524900,794192974
2023-05-22,4.3510,4.3570,4.3410,4.3470,144192500,627292770
2023-05-23,4.3390,4.3400,4.3270,4.3300,111774100,484085481
2023-05-24,4.3630,4.3650,4.3510,4.3520,150093700,654534362
2023-05-25,4.3270,4.3420,4.3260,4.3350,125494600,543545743
2023-05-26,4.3170,4.3170,4.3050,4.3100,93381600,402611048
2023-05-29,4.3100,4.3150,4.3060,4.3140,131625200,567148383
2023-05-30,4.3100,4.3160,4.2950,4.3000,130152800,560272664
2023-05-31,4.3410,4.3680,4.3390,4.3650,264869900,1153394617
2023-06-01,4.3730,4.3730,4.3580,4.3620,113059400,493160403
2023-06-02,4.3820,4.3860,4.3700,4.3750,118943700,521012337
2023-06-05,4.3300,4.3320,4.3210,4.3240,131087000,566916825
2023-06-06,4.3570,4.3620,4.3540,4.3570,141682452,617560049
2023-06-07,4.3680,4.3720,4.3610,4.3630,108558200,474221504
2023-06-08,4.3410,4.3470,4.3330,4.3380,134429100,583558130
2023-06-09,4.3660,4.3770,4.3660,4.3750,116753900,510467246
2023-06-12,4.3680,4.3790,4.3630,4.3780,134691800,588555122
2023-06-13,4.3830,4.3920,4.3800,4.3880,94452994,414143580
2023-06-14,4.3620,4.3690,4.3600,4.3630,104045300,453867440
2023-06-15,4.3480,4.3480,4.3280,4.3290,137343653,595942059
2023-06-16,4.3600,4.3700,4.3580,4.3590,135448700,591085182
2023-06-19,4.3650,4.3700,4.3610,4.3660,137305400,599495770
2023-06-20,4.3680,4.3760,4.3590,4.3740,160761285,702493521
2023-06-21,4.3600,4.3630,4.3490,4.3560,133654200,582304845
2023-06-26,4.3530,4.3560,4.3460,4.3540,239950100,1043902100
2023-06-27,4.3580,4.3630,4.3450,4.3500,252240200,1099039569
2023-06-28,4.3300,4.3380,4.3290,4.3350,166870600,723136812
2023-06-29,4.3350,4.3460,4.3350,4.3430,163457525,709574357
2023-06-30,4.3500,4.3600,4.3480,4.3490,103818388,452017279
2023-07-03,4.3640,4.3660,4.3530,4.3580,114606600,499529302
2023-07-04,4.3580,4.3680,4.3580,4.3640,65454500,285672324
2023-07-05,4.3660,4.3690,4.3630,4.3670,84974100,371024605
2023-07-06,4.3650,4.3690,4.3610,4.3650,77474700,338157734
2023-07-07,4.3450,4.3610,4.3450,4.3590,69889600,304253302
2023-07-10,4.3670,4.3740,4.3650,4.3700,66409000,290164158
2023-07-11,4.3700,4.3780,4.3610,4.3740,84713200,369998554
2023-07-12,4.3750,4.3800,4.3680,4.3710,147994900,647618921
2023-07-13,4.4070,4.4130,4.3960,4.4080,236706160,1042531107
2023-07-14,4.3990,4.4020,4.3830,4.3880,100155670,439943189
2023-07-17,4.3940,4.4100,4.3940,4.4060,62213470,273951378
2023-07-18,4.4100,4.4220,4.4080,4.4220,77220500,340991608
2023-07-19,4.4630,4.4820,4.4610,4.4730,118958800,531869219
2023-07-20,4.4770,4.4780,4.4610,4.4700,305770200,1366343180
2023-07-21,4.4430,4.4650,4.4420,4.4530,121077500,538819984
2023-07-24,4.4500,4.4500,4.4360,4.4420,67630978,300274079
2023-07-25,4.4260,4.4300,4.4180,4.4200,87043700,385130005
2023-07-26,4.4250,4.4400,4.4250,4.4390,117254400,519943953
2023-07-27,4.4390,4.4530,4.4360,4.4480,93163406,414271319
2023-07-28,4.4210,4.4210,4.4020,4.4040,187039300,824808903
2023-07-31,4.4080,4.4120,4.4010,4.4090,87396800,385102817
2023-08-01,4.4230,4.4300,4.4230,4.4260,69748599,308803878
2023-08-02,4.4140,4.4270,4.4120,4.4250,59334597,262269933
2023-08-03,4.4100,4.4100,4.4040,4.4060,119269200,525594065
2023-08-04,4.3890,4.4050,4.3890,4.4010,119236700,524494894
2023-08-07,4.4160,4.4220,4.4060,4.4100,71551410,315817836
2023-08-08,4.4100,4.4180,4.4090,4.4140,61191400,270151824
2023-08-09,4.4120,4.4150,4.4060,4.4110,48304700,213091447
2023-08-10,4.3950,4.3980,4.3930,4.3960,109921602,483145544
2023-08-11,4.4010,4.4160,4.4010,4.4150,83544356,368288291
2023-08-14,4.4150,4.4240,4.4130,4.4210,85250500,376813387
2023-08-15,4.4210,4.4330,4.4150,4.4310,111420900,492750861
2023-08-16,4.4330,4.4430,4.4310,4.4330,115340900,511517433
2023-08-17,4.4220,4.4380,4.4190,4.4290,116713400,516907773
2023-08-18,4.4170,4.4260,4.4150,4.4210,101884300,450434281
2023-08-21,4.4220,4.4420,4.4220,4.4380,105259800,466910326
2023-08-22,4.4340,4.4340,4.4250,4.4310,104687200,463708796
2023-08-23,4.4400,4.4550,4.4380,4.4520,119794300,532655607
2023-08-24,4.4610,4.4670,4.4580,4.4640,185027500,825818941
2023-08-25,4.4520,4.4580,4.4470,4.4480,174503200,777236317
2023-08-28,4.4380,4.4530,4.4300,4.4500,132312810,588151002
2023-08-29,4.4590,4.4690,4.4580,4.4620,88021400,392898090
2023-08-30,4.4770,4.4840,4.4720,4.4770,204305865,915002017
2023-08-31,4.4880,4.4950,4.4880,4.4940,89005100,399743249
2023-09-01,4.4720,4.4920,4.4720,4.4890,113797500,510306260
2023-09-04,4.4910,4.5160,4.4910,4.5060,117620946,530326940
2023-09-05,4.5010,4.5160,4.4980,4.5080,144094650,649844568
2023-09-06,4.5040,4.5130,4.5040,4.5050,121733670,548963967
2023-09-07,4.5050,4.5110,4.5030,4.5040,60405500,272221466
2023-09-08,4.5310,4.5370,4.5290,4.5360,176130900,798426368
2023-09-11,4.5340,4.5540,4.5300,4.5450,238589100,1083250172
2023-09-12,4.5420,4.5470,4.5370,4.5460,140848700,639805307
2023-09-13,4.5460,4.5660,4.5450,4.5570,196316400,893922502
2023-09-14,4.5660,4.6060,4.5660,4.5920,247639100,1135944403
2023-09-15,4.6360,4.6380,4.5200,4.5480,328324800,1512884386
2023-09-18,4.5450,4.5450,4.5150,4.5240,350996499,1591214055
2023-09-19,4.5360,4.5630,4.5360,4.5590,182557483,831106224
2023-09-20,4.5740,4.5960,4.5730,4.5940,226862226,1041249369
2023-09-21,4.5940,4.6020,4.5790,4.5800,158591810,728128695
2023-09-22,4.5870,4.5970,4.5480,4.5610,203604568,929395231
2023-09-25,4.5550,4.5840,4.5540,4.5810,185234100,847690640
2023-09-26,4.5800,4.5900,4.5740,4.5780,109567139,501952626
2023-09-27,4.5650,4.5730,4.5010,4.5110,188895843,858009442
2023-09-28,4.4630,4.4770,4.4000,4.4360,285637500,1271213358
2023-10-09,4.4000,4.4090,4.3910,4.4050,191361000,841402820
2023-10-10,4.4000,4.4000,4.3430,4.3480,234304700,1022230615
2023-10-11,4.3520,4.3560,4.3430,4.3550,114606600,498371533
2023-10-12,4.3680,4.3910,4.3680,4.3900,156506400,685313353
2023-10-13,4.3850,4.4070,4.3810,4.4050,144780002,636482029
2023-10-16,4.4790,4.4800,4.4590,4.4600,150028600,670811749
2023-10-17,4.4760,4.4810,4.4680,4.4800,109473962,489833778
2023-10-18,4.5000,4.5240,4.5000,4.5230,138162745,624189637
2023-10-19,4.5490,4.5510,4.5380,4.5470,123119918,559552901
2023-10-20,4.5910,4.6050,4.5910,4.5970,149181800,685966344
2023-10-23,4.5700,4.5910,4.5680,4.5720,218638426,1001449185
2023-10-24,4.5740,4.5780,4.5650,4.5750,163076612,745625946
2023-10-25,4.5680,4.5740,4.5560,4.5570,189514100,865069058
2023-10-26,4.5840,4.5900,4.5810,4.5900,135563374,621452574
2023-10-27,4.5900,4.6050,4.5850,4.5990,165079700,758513718
2023-10-30,4.6350,4.6420,4.6060,4.6090,161558695,747781248
2023-10-31,4.6170,4.6230,4.6110,4.6200,125977303,581577165
2023-11-01,4.5960,4.6070,4.5950,4.6030,100379783,461815255
2023-11-02,4.6170,4.6170,4.6050,4.6130,85856900,395793607
2023-11-03,4.6050,4.6120,4.5980,4.6100,98118700,452154832
2023-11-06,4.6070,4.6140,4.5810,4.5870,189539672,870835728
2023-11-07,4.5730,4.5790,4.5670,4.5690,150022500,686119803
2023-11-08,4.5610,4.5610,4.5430,4.5510,152052600,691928818
2023-11-09,4.5340,4.5350,4.5180,4.5210,332592500,1504347399
2023-11-10,4.5430,4.5550,4.5400,4.5540,104060752,473311631
2023-11-13,4.5230,4.5390,4.5220,4.5380,106862300,484253193
2023-11-14,4.5500,4.5600,4.5430,4.5580,130185700,592560802
2023-11-15,4.5630,4.5800,4.5630,4.5770,155691300,711862245
2023-11-16,4.5660,4.5690,4.5540,4.5590,125500400,572080439
2023-11-17,4.5780,4.5820,4.5710,4.5720,199713567,914117354
2023-11-20,4.5470,4.5550,4.5210,4.5220,112268700,509203288
2023-11-21,4.5160,4.5200,4.5110,4.5160,75809200,342299668
2023-11-22,4.5230,4.5270,4.4920,4.4990,164067000,740029671
2023-11-23,4.4980,4.4990,4.4880,4.4950,87148700,391566606
2023-11-24,4.4940,4.5000,4.4900,4.4990,80749100,363029386
2023-11-27,4.5310,4.5490,4.5310,4.5460,151056776,686011713
2023-11-28,4.5530,4.5640,4.5520,4.5600,117538974,535651750
2023-11-29,4.6000,4.6090,4.5900,4.5910,148273801,681932423
2023-11-30,4.5960,4.6000,4.5860,4.5890,137637800,631765338
2023-12-01,4.5890,4.5970,4.5820,4.5890,125848000,577198947
2023-12-04,4.6680,4.6750,4.6380,4.6430,206679600,962951472
2023-12-05,4.5800,4.5890,4.5740,4.5800,148880300,681880775
2023-12-06,4.5750,4.5790,4.5630,4.5780,146991801,671853784
2023-12-07,4.5850,4.5880,4.5770,4.5840,103517400,474446807
2023-12-08,4.5860,4.5940,4.5850,4.5910,96871900,444757680
2023-12-11,4.5470,4.5860,4.5460,4.5570,117141000,533675528
2023-12-12,4.5430,4.5440,4.5210,4.5390,148713100,673525083
2023-12-13,4.5330,4.5420,4.5240,4.5290,106191400,481332103
2023-12-14,4.5900,4.6120,4.5870,4.5980,144339600,662857093
2023-12-15,4.5900,4.5940,4.5850,4.5900,82393400,378183681
2023-12-18,4.5750,4.5850,4.5710,4.5760,195726100,895913704
2023-12-19,4.5840,4.5900,4.5840,4.5890,123361400,565941612
2023-12-20,4.5960,4.6120,4.5960,4.6040,175001100,805409847
2023-12-21,4.5950,4.6090,4.5950,4.6050,160679690,739896764
2023-12-22,4.6260,4.6410,4.6230,4.6270,250837800,1162642749
2023-12-25,4.6310,4.6430,4.6280,4.6340,225088200,1043077108
2023-12-26,4.6380,4.6480,4.6340,4.6470,154955014,719202114
2023-12-27,4.6500,4.6640,4.6490,4.6600,180249300,839221108
2023-12-28,4.6810,4.6870,4.6580,4.6620,246929400,1153791117
2023-12-29,4.6380,4.6490,4.6260,4.6480,270376501,1253860939
2024-01-02,4.6430,4.6670,4.6430,4.6660,206278439,960225975
2024-01-03,4.6580,4.6660,4.6550,4.6630,111196216,518357486
2024-01-04,4.6400,4.6560,4.6330,4.6510,114966300,533852090
2024-01-05,4.6590,4.6650,4.6560,4.6640,126749700,590737806
2024-01-08,4.6630,4.6670,4.6460,4.6500,116163870,540661255
2024-01-09,4.6510,4.6540,4.6420,4.6490,84812800,394312134
2024-01-10,4.6470,4.6530,4.6280,4.6310,161504000,749385754
2024-01-11,4.6320,4.6370,4.6270,4.6310,97642400,452266238
2024-01-12,4.6370,4.6480,4.6330,4.6460,110310200,511759981
2024-01-15,4.6640,4.6760,4.6640,4.6730,96455300,450431600
2024-01-16,4.6740,4.6800,4.6680,4.6770,83243200,388910853
2024-01-17,4.6610,4.6620,4.6280,4.6310,105551500,490679653
2024-01-18,4.6240,4.6270,4.6130,4.6160,125071900,577742396
2024-01-19,4.6360,4.6430,4.6350,4.6430,87058139,403801393
2024-01-22,4.6460,4.6520,4.6240,4.6250,90688300,420913409
2024-01-23,4.6230,4.6320,4.6090,4.6320,104269900,481919618
2024-01-24,4.6300,4.6300,4.6240,4.6260,67374700,311724352
2024-01-25,4.6070,4.6120,4.6020,4.6050,110248900,507829370
2024-01-26,4.6230,4.6270,4.6180,4.6250,75676000,349705130
2024-01-29,4.6360,4.6380,4.6320,4.6340,80355443,372477165
2024-01-30,4.6410,4.6520,4.6380,4.6470,87971900,408610802
2024-01-31,4.6540,4.6560,4.6480,4.6530,136735100,636137568
2024-02-01,4.6520,4.6700,4.6520,4.6680,119528000,557221065
2024-02-02,4.6710,4.6790,4.6710,4.6790,93980600,439432364
2024-02-05,4.6590,4.6660,4.6380,4.6430,144854900,673685719
2024-02-06,4.6410,4.6420,4.6330,4.6330,85748200,397643970
2024-02-07,4.6490,4.6510,4.6390,4.6420,118240761,549202951
2024-02-08,4.6550,4.6630,4.6530,4.6620,92397500,430376513
2024-02-19,4.6380,4.6450,4.6260,4.6440,130239500,603682077
2024-02-20,4.6450,4.6470,4.6370,4.6420,53723200,249301335
2024-02-21,4.6480,4.6500,4.6410,4.6420,83090600,386052661
2024-02-22,4.6390,4.6410,4.6330,4.6390,103663714,480694902
2024-02-23,4.6390,4.6410,4.6260,4.6300,100711902,466861191
2024-02-26,4.6470,4.6520,4.6470,4.6510,69138400,321470465
2024-02-27,4.6470,4.6510,4.6460,4.6460,58987400,274150148
2024-02-28,4.6470,4.6480,4.6420,4.6450,63872600,296713616
2024-02-29,4.6500,4.6520,4.6450,4.6470,66413400,308641430
2024-03-01,4.6590,4.6680,4.6590,4.6670,86929300,405378152
2024-03-04,4.7260,4.7330,4.7200,4.7250,112186657,530228646
2024-03-05,4.7820,4.7900,4.7730,4.7890,152085300,727161417
2024-03-06,4.8040,4.8240,4.8030,4.8240,131354500,631872576
2024-03-07,4.8480,4.8960,4.8450,4.8850,171655340,835868603
2024-03-08,4.8850,4.8850,4.8650,4.8810,105000701,511853589
2024-03-11,4.9120,4.9210,4.8940,4.8990,138029900,677319004
2024-03-12,4.9010,4.9060,4.8750,4.8790,147787590,722925045
2024-03-13,4.8610,4.8710,4.8600,4.8700,97119300,472284885
2024-03-14,4.8960,4.9010,4.8730,4.8770,114347600,559146124
2024-03-15,4.8790,4.9000,4.8760,4.8990,80061300,391228979
2024-03-18,4.8790,4.8790,4.8570,4.8600,97031100,472000428
2024-03-19,4.8770,4.8840,4.8630,4.8700,72272486,352324616
2024-03-20,4.8780,4.8820,4.8770,4.8800,48789027,238059038
2024-03-21,4.9700,4.9790,4.9610,4.9780,100369900,498739003
2024-03-22,4.9430,4.9590,4.9310,4.9460,97680400,482921343
2024-03-25,4.9640,4.9870,4.9540,4.9560,116533350,578841539
2024-03-26,4.9590,4.9700,4.9560,4.9660,97052788,481682820
2024-03-27,4.9770,4.9920,4.9770,4.9900,120066590,598537647
2024-03-28,5.0000,5.0310,4.9970,5.0290,127603000,639140316
2024-03-29,5.1000,5.1370,5.0850,5.1260,209701500,1072971466
2024-04-01,5.1750,5.2000,5.1450,5.1550,196039414,1010883023
2024-04-02,5.1370,5.1630,5.1300,5.1590,152135933,782916589
2024-04-03,5.2040,5.2380,5.2040,5.2310,219987750,1149376150
2024-04-08,5.2890,5.4270,5.2890,5.3540,469473940,2516202029
2024-04-09,5.3830,5.3960,5.3650,5.3690,234093359,1259104562
2024-04-10,5.3800,5.4050,5.3750,5.3880,202571735,1091553982
2024-04-11,5.3700,5.3790,5.3400,5.3480,242865013,1302119014
2024-04-12,5.4560,5.5060,5.4550,5.5040,274712760,1504648256
2024-04-15,5.3900,5.4350,5.3900,5.4170,321425498,1742057340
2024-04-16,5.4710,5.4960,5.4380,5.4520,335655199,1836558831
2024-04-17,5.4690,5.4770,5.4410,5.4610,238128350,1300363996
2024-04-18,5.4210,5.4470,5.4000,5.4450,228480500,1238671787
2024-04-19,5.4640,5.5470,5.4440,5.4710,443150566,2434190306
2024-04-22,5.4470,5.4500,5.3570,5.3640,319657300,1727493380
2024-04-23,5.3250,5.3300,5.2230,5.2320,509587331,2676701679
2024-04-24,5.2810,5.3010,5.2630,5.2870,345200527,1823643155
2024-04-25,5.2750,5.2900,5.2500,5.2880,283203600,1494237455
2024-04-26,5.2900,5.3340,5.2900,5.3290,259514300,1378526672
2024-04-29,5.2990,5.3100,5.2880,5.2940,226581500,1200650630
2024-04-30,5.2960,5.3000,5.2710,5.2860,192094286,1015518866
2024-05-06,5.2240,5.2550,5.2170,5.2540,176662446,925928338
2024-05-07,5.2780,5.2860,5.2610,5.2680,188053328,990811477
2024-05-08,5.2580,5.2790,5.2400,5.2610,235712300,1239904404
2024-05-09,5.2520,5.2650,5.2420,5.2500,216345700,1136483149
2024-05-10,5.3300,5.3710,5.3140,5.3690,303713600,1620849700
2024-05-13,5.3400,5.3580,5.3300,5.3370,280958012,1501938254
2024-05-14,5.3300,5.3470,5.3160,5.3290,264956800,1413160940
2024-05-15,5.3600,5.3750,5.3580,5.3700,215784240,1158027386
2024-05-16,5.4450,5.4500,5.4150,5.4170,258507900,1402789732
2024-05-17,5.4060,5.4180,5.3970,5.4160,233681770,1263239949
2024-05-20,5.5190,5.5860,5.5190,5.5500,407042990,2258322876
2024-05-21,5.5490,5.5490,5.4710,5.4810,349510200,1922435102
2024-05-22,5.5000,5.5140,5.4800,5.4920,188794600,1037492410
2024-05-23,5.3800,5.3860,5.3410,5.3660,314494390,1689047274
2024-05-24,5.2870,5.3210,5.2870,5.3190,227770552,1208676476
2024-05-27,5.3230,5.3530,5.3230,5.3380,217956429,1163800944
2024-05-28,5.3670,5.3740,5.3330,5.3340,215909600,1157245338
2024-05-29,5.3680,5.3840,5.3590,5.3700,243293870,1306488061
2024-05-30,5.3300,5.3350,5.2950,5.3170,236136602,1255068736
2024-05-31,5.3340,5.3430,5.3180,5.3430,159762600,852282461
2024-06-03,5.3190,5.3190,5.2740,5.2960,219875700,1164819444
2024-06-04,5.3400,5.3550,5.3330,5.3460,200947528,1074023297
2024-06-05,5.3060,5.3380,5.3020,5.3240,203665400,1083539020
2024-06-06,5.3960,5.4210,5.3870,5.3980,234728270,1268379883
2024-06-07,5.4130,5.4210,5.3860,5.3990,256971900,1388297622
2024-06-11,5.2500,5.2590,5.2240,5.2370,326408546,1709839897
2024-06-12,5.2530,5.2710,5.2530,5.2670,172498500,907690635
2024-06-13,5.2610,5.2700,5.2460,5.2690,180242000,948050505
2024-06-14,5.2490,5.2730,5.2430,5.2710,188998500,993324523
2024-06-17,5.3020,5.3060,5.2750,5.2790,169069447,894139289
2024-06-18,5.2830,5.2960,5.2820,5.2840,171159951,905345426
2024-06-19,5.3010,5.3060,5.2960,5.3050,197301200,1046190170
2024-06-20,5.3130,5.3540,5.3130,5.3510,282264400,1506017557
2024-06-21,5.3830,5.3930,5.3740,5.3760,299447800,1611437614
2024-06-24,5.3000,5.3110,5.2840,5.2900,495986700,2625687712
2024-06-25,5.3000,5.3030,5.2920,5.3020,284913400,1509273578
2024-06-26,5.2870,5.2870,5.2530,5.2710,333700600,1758334548
2024-06-27,5.2360,5.2450,5.2310,5.2420,267488200,1401342548
2024-06-28,5.2830,5.2990,5.2770,5.2970,275865600,1458430077
2024-07-01,5.2970,5.3030,5.2810,5.2990,151231300,801004633
2024-07-02,5.3110,5.3170,5.3020,5.3060,156366400,830122651
2024-07-03,5.3100,5.3420,5.3040,5.3400,204971900,1090280419
2024-07-04,5.3810,5.3860,5.3540,5.3650,198889000,1068750176
2024-07-05,5.3650,5.3820,5.3630,5.3810,241057400,1295785258
2024-07-08,5.4270,5.4300,5.3820,5.3840,265543945,1435959703
2024-07-09,5.3650,5.3720,5.3600,5.3620,252856000,1356850578
2024-07-10,5.3740,5.3990,5.3730,5.3970,179495600,966124726
2024-07-11,5.3970,5.4220,5.3930,5.4170,256281000,1386798931
2024-07-12,5.4640,5.4670,5.4420,5.4460,219604800,1198324247
2024-07-15,5.4520,5.4670,5.4410,5.4420,213275500,1163977241
2024-07-16,5.4840,5.5070,5.4830,5.5050,237089500,1303552035
2024-07-17,5.5990,5.6150,5.5530,5.5760,368744095,2061048522
2024-07-18,5.5550,5.5740,5.5430,5.5730,255442400,1419583184
2024-07-19,5.4580,5.4710,5.4060,5.4250,331402300,1805186288
2024-07-22,5.4270,5.4410,5.4170,5.4210,258675300,1404186176
2024-07-23,5.4300,5.4400,5.3820,5.3940,237483400,1284411213
2024-07-24,5.4290,5.4660,5.4240,5.4650,245596491,1338315996
2024-07-25,5.3880,5.3880,5.3200,5.3270,379314735,2026997952
2024-07-26,5.3120,5.3670,5.3110,5.3500,245177000,1310424241
2024-07-29,5.3950,5.3990,5.3780,5.3870,181631900,978598543
2024-07-30,5.3790,5.3950,5.3570,5.3940,162433400,873324669
2024-07-31,5.4100,5.4550,5.4050,5.4360,246379200,1338306085
2024-08-01,5.5010,5.5050,5.4570,5.4800,199792182,1095266141
2024-08-02,5.4750,5.5060,5.4710,5.5050,335571190,1843472524
2024-08-05,5.3900,5.4160,5.3430,5.3660,489632100,2634877831
2024-08-06,5.3500,5.3620,5.3050,5.3270,293486900,1566719099
2024-08-07,5.3070,5.3550,5.3060,5.3520,195299800,1042230264
2024-08-08,5.3450,5.3550,5.3280,5.3490,143153600,764231589
2024-08-09,5.4060,5.4140,5.3790,5.3960,180781154,976321769
2024-08-12,5.4100,5.4380,5.4000,5.4370,131392897,711951732
2024-08-13,5.4760,5.4920,5.4660,5.4740,211070817,1156382992
2024-08-14,5.4730,5.4740,5.4270,5.4560,301571600,1642554081
2024-08-15,5.4310,5.4500,5.4290,5.4430,284712790,1548205035
2024-08-16,5.4650,5.4660,5.4410,5.4530,264349700,1441631449
2024-08-19,5.5020,5.5270,5.4930,5.5130,269117000,1482328281
2024-08-20,5.5120,5.5190,5.5000,5.5130,292411400,1610462974
2024-08-21,5.5140,5.5490,5.5120,5.5370,251875500,1393689574
2024-08-22,5.5350,5.5360,5.5080,5.5230,191731500,1058296022
2024-08-23,5.5040,5.5130,5.4930,5.5040,135003030,742746901
2024-08-26,5.5260,5.5390,5.5200,5.5380,143830100,795075710
2024-08-27,5.5280,5.5420,5.5150,5.5340,149404000,825725926
2024-08-28,5.5450,5.5480,5.5180,5.5280,152164100,842135211
2024-08-29,5.5390,5.5480,5.5340,5.5350,172646400,956916085
2024-08-30,5.5280,5.5430,5.5100,5.5220,213925900,1181252478
2024-09-02,5.5050,5.5050,5.4770,5.4910,169670252,931403491
2024-09-03,5.4860,5.5040,5.4820,5.5010,136756524,751555381
2024-09-04,5.4790,5.4920,5.4610,5.4630,130866172,717486288
2024-09-05,5.4830,5.5040,5.4770,5.5020,130213792,714702194
2024-09-06,5.5100,5.5260,5.5070,5.5170,151267984,834530734
2024-09-09,5.4850,5.5000,5.4680,5.4770,167280900,917894050
2024-09-10,5.5120,5.5170,5.5050,5.5130,103763822,571869792
2024-09-11,5.5360,5.5450,5.5260,5.5420,129344622,715908389
2024-09-12,5.5280,5.5370,5.5200,5.5310,142873300,789870166
2024-09-13,5.6130,5.6230,5.6040,5.6110,218494000,1226767203
2024-09-18,5.6210,5.6260,5.6020,5.6090,292541400,1641767847
2024-09-19,5.5910,5.6110,5.5780,5.6000,254086300,1421667469
2024-09-20,5.6190,5.6650,5.6180,5.6630,171352400,965779592
2024-09-23,5.6850,5.7250,5.6840,5.7110,238092754,1358788606
2024-09-24,5.7230,5.7320,5.6890,5.6970,323108700,1846457275
2024-09-25,5.7240,5.7710,5.7240,5.7400,280656366,1612395551
2024-09-26,5.7600,5.7650,5.7400,5.7510,306137800,1761005963
2024-09-27,5.7510,5.7640,5.6980,5.7080,166263100,955602893
2024-09-30,5.6440,5.7170,5.6300,5.7070,399224420,2274923666
2024-10-08,5.6820,5.7570,5.6810,5.7140,446545969,2558034942
2024-10-09,5.6700,5.6790,5.6360,5.6400,369150402,2090099308
2024-10-10,5.6470,5.6780,5.6420,5.6760,190258610,1076484414
2024-10-11,5.7150,5.7580,5.7150,5.7390,257920870,1480522918
2024-10-14,5.7700,5.8060,5.7510,5.7990,316405300,1826801439
2024-10-15,5.7760,5.8020,5.7730,5.7990,271211600,1570468649
2024-10-16,5.8530,5.8860,5.8370,5.8840,440183155,2579194921
2024-10-17,5.8910,5.9120,5.8870,5.9050,356603700,2103708098
2024-10-18,5.9610,5.9840,5.9100,5.9450,570444300,3399065573
2024-10-21,5.9950,6.0210,5.9780,6.0200,382224400,2292332474
2024-10-22,6.0180,6.0270,6.0040,6.0180,267072100,1606508429
2024-10-23,6.0420,6.0580,6.0200,6.0560,354670000,2142131777
2024-10-24,6.0000,6.0050,5.9580,5.9950,350982100,2100218580
2024-10-25,5.9940,5.9990,5.9820,5.9980,280008900,1677550239
2024-10-28,5.9860,6.0300,5.9850,6.0170,290528400,1745516363
2024-10-29,6.0360,6.0690,6.0360,6.0680,316439000,1916983481
2024-10-30,6.1110,6.1460,6.1040,6.1400,388115000,2377859854
2024-10-31,6.1400,6.1400,6.1020,6.1030,363724451,2226528542
2024-11-01,6.0170,6.0680,6.0170,6.0510,315790200,1909288303
2024-11-04,6.0110,6.0230,5.9880,6.0060,320647168,1925632565
2024-11-05,6.0030,6.0080,5.9670,6.0060,346522500,2075830791
2024-11-06,6.0280,6.0620,5.9730,5.9940,531028205,3204265274
2024-11-07,5.8650,5.8810,5.8570,5.8600,497191100,2917410168
2024-11-08,5.9250,5.9360,5.8880,5.8980,544198350,3215881384
2024-11-11,5.9010,5.9100,5.8890,5.9050,293895478,1733556780
2024-11-12,5.8300,5.8410,5.8000,5.8070,361393200,2103738415
2024-11-13,5.8050,5.8140,5.7950,5.7960,294570000,1709706841
2024-11-14,5.7240,5.7300,5.6690,5.6800,436011000,2487543373
2024-11-15,5.7110,5.7120,5.6670,5.6830,410136300,2335976281
2024-11-18,5.7480,5.7730,5.7380,5.7580,380796200,2192024051
2024-11-19,5.8110,5.8600,5.8090,5.8580,412895600,2409857463
2024-11-20,5.9000,5.9000,5.8550,5.8570,393326310,2312028150
2024-11-21,5.9140,5.9340,5.9090,5.9330,347102500,2054829695
2024-11-22,5.9680,6.0110,5.9670,6.0100,479450110,2871840491
2024-11-25,6.0090,6.0130,5.8930,5.9160,773564810,4610155728
2024-11-26,5.8350,5.8560,5.8250,5.8440,367569300,2147982061
2024-11-27,5.8600,5.9040,5.8560,5.8990,354456000,2084747692
2024-11-28,5.8310,5.8770,5.8230,5.8690,351338498,2055069612
2024-11-29,5.8790,5.9270,5.8780,5.9230,372669395,2200782924
2024-12-02,5.8500,5.8850,5.8480,5.8720,300225600,1762546380
2024-12-03,5.9170,5.9420,5.9110,5.9310,290402200,1719827619
2024-12-04,5.9150,5.9380,5.9130,5.9290,216982400,1286380652
2024-12-05,5.9370,5.9430,5.9230,5.9270,223843600,1327983845
2024-12-06,5.8660,5.9100,5.8610,5.9030,291762000,1716909606
2024-12-09,5.9410,5.9460,5.9250,5.9360,240632900,1428404072
2024-12-10,5.9700,5.9720,5.9490,5.9610,302287000,1801985985
2024-12-11,6.0280,6.0300,5.9770,6.0110,368489600,2214470926
2024-12-12,6.0380,6.0540,6.0250,6.0520,285029200,1720927816
2024-12-13,6.0160,6.0180,5.9910,6.0010,268642400,1613292063
2024-12-16,5.9450,5.9500,5.9330,5.9470,251389700,1493426609
2024-12-17,5.9570,5.9700,5.9360,5.9400,253857200,1511849582
2024-12-18,5.9420,5.9480,5.9290,5.9320,183543592,1089480648
2024-12-19,5.8670,5.9060,5.8670,5.8850,362233900,2131258499
2024-12-20,5.8770,5.8940,5.8660,5.8920,243382915,1430034217
2024-12-23,5.9190,5.9530,5.9180,5.9510,279767800,1661172171
2024-12-24,5.9280,5.9310,5.9160,5.9210,227964108,1350515009
2024-12-25,5.9320,5.9390,5.9290,5.9360,144513901,857653535
2024-12-26,5.9550,5.9570,5.9370,5.9400,183751700,1092478868
2024-12-27,5.9500,5.9520,5.9390,5.9450,176506800,1049505975
2024-12-30,5.9340,5.9390,5.9200,5.9230,166024900,984288624
2024-12-31,5.9140,5.9320,5.9000,5.9280,164833500,974644615
2025-01-02,5.9750,5.9810,5.9600,5.9770,233072893,1391842464
2025-01-03,6.0200,6.0340,6.0120,6.0290,275912900,1661519900
2025-01-06,6.0230,6.0250,5.9840,5.9900,298085000,1789609736
2025-01-07,5.9920,6.0090,5.9870,6.0000,217772898,1305979331
2025-01-08,6.0100,6.0310,6.0100,6.0300,160473261,965957916
2025-01-09,6.0380,6.0660,6.0320,6.0650,156605360,946209476
2025-01-10,6.0780,6.1090,6.0750,6.1050,241484690,1470619550
2025-01-13,6.1050,6.1330,6.1040,6.1200,353089300,2160358184
2025-01-14,6.0700,6.0750,6.0620,6.0680,286920000,1740951031
2025-01-15,6.0750,6.1090,6.0700,6.1020,238686400,1452719737
2025-01-16,6.1390,6.1410,6.1100,6.1220,241313300,1478521166
2025-01-17,6.1460,6.1620,6.1360,6.1390,247982000,1524953624
2025-01-20,6.0910,6.1310,6.0890,6.1270,198219500,1210507375
2025-01-21,6.1020,6.1310,6.1020,6.1270,195442100,1196663049
2025-01-22,6.1700,6.2150,6.1690,6.1810,296770527,1836180883
2025-01-23,6.1830,6.1940,6.1800,6.1870,192367943,1190173543
2025-01-24,6.2090,6.2250,6.1990,6.2180,227492200,1413858397
2025-01-27,6.2180,6.2180,6.1810,6.2020,228818694,1417961910
2025-02-05,6.4000,6.4410,6.3850,6.4390,367016108,2354135637
2025-02-06,6.4410,6.4540,6.4000,6.4020,305318100,1965257147
2025-02-07,6.4300,6.4350,6.4140,6.4200,202194200,1299373106
2025-02-10,6.4600,6.5190,6.4600,6.5180,315643190,2046965397
2025-02-11,6.6280,6.6450,6.5310,6.5840,688982800,4542010086
2025-02-12,6.5420,6.5480,6.5110,6.5380,342637100,2237983355
2025-02-13,6.5640,6.5870,6.5590,6.5700,284025229,1866397971
2025-02-14,6.5990,6.6070,6.5850,6.6050,246676102,1627112891
2025-02-17,6.4770,6.5050,6.4700,6.4940,396972681,2575282904
2025-02-18,6.5000,6.5600,6.4970,6.5550,292830130,1913822117
2025-02-19,6.5950,6.6240,6.5760,6.5980,315610500,2084378903
2025-02-20,6.6100,6.6210,6.5980,6.6190,208220000,1375763005
2025-02-21,6.6080,6.6080,6.5440,6.5680,411983897,2707414871
2025-02-24,6.5490,6.5860,6.5390,6.5810,246679300,1620085717
2025-02-25,6.6050,6.6110,6.5750,6.5820,264729920,1745731792
2025-02-26,6.5620,6.5640,6.5150,6.5190,294958637,1929025426
2025-02-27,6.5330,6.5410,6.4840,6.4920,303901035,1978797942
2025-02-28,6.4790,6.4870,6.4350,6.4440,280864400,1814366434
2025-03-03,6.4450,6.4550,6.4350,6.4510,258749948,1668225513
2025-03-04,6.4900,6.5070,6.4870,6.4990,265743800,1726309042
2025-03-05,6.5230,6.5510,6.5210,6.5470,221884099,1449964026
2025-03-06,6.5300,6.5460,6.5270,6.5350,187622976,1226197910
2025-03-07,6.5060,6.5290,6.5030,6.5260,212238683,1382860823
2025-03-10,6.5310,6.5450,6.5260,6.5440,168135603,1098905803
2025-03-11,6.4910,6.5060,6.4880,6.5050,217070800,1409808324
2025-03-12,6.5180,6.5340,6.5120,6.5260,133572500,871152793
2025-03-13,6.5730,6.5830,6.5700,6.5750,180621750,1187629547
2025-03-14,6.6930,6.6930,6.6620,6.6730,337064300,2249855859
2025-03-17,6.6740,6.6780,6.6590,6.6770,261227100,1742579560
2025-03-18,6.6880,6.7300,6.6880,6.7270,247618300,1662780921
2025-03-19,6.7570,6.8060,6.7540,6.8000,332646700,2256310869
2025-03-20,6.8200,6.8250,6.7990,6.8070,288580577,1965397258
2025-03-21,6.8080,6.8100,6.7620,6.7740,259905579,1763391430
2025-03-24,6.7700,6.7820,6.7580,6.7800,152890422,1035354851
2025-03-25,6.7580,6.7780,6.7510,6.7740,188173300,1272978958
2025-03-26,6.7800,6.7970,6.7750,6.7950,192888100,1309338099
2025-03-27,6.7970,6.8170,6.7910,6.8120,224529007,1528152970
2025-03-28,6.9120,6.9390,6.8940,6.9380,423633499,2930627896
2025-03-31,6.9420,7.0450,6.9420,7.0120,674686354,4717070932
2025-04-01,7.0650,7.0980,7.0410,7.0560,718259725,5075882645
2025-04-02,7.0700,7.0830,7.0190,7.0290,418580916,2951070225
2025-04-03,7.1350,7.1730,7.0680,7.0940,726074050,5174808439
2025-04-07,6.8010,7.0600,6.8000,6.8770,1275784486,8819492014
2025-04-08,6.8780,6.9380,6.8520,6.9250,623642763,4294930105
2025-04-09,6.8900,7.0200,6.8880,7.0120,783359970,5435770622
2025-04-10,7.1340,7.1660,7.0710,7.1640,931201615,6642456530
2025-04-11,7.3400,7.3400,7.2250,7.2730,969046516,7073077660
2025-04-14,7.3010,7.3540,7.3010,7.3270,788278877,5780997530
2025-04-15,7.3270,7.3340,7.3150,7.3250,420590242,3081021799
2025-04-16,7.4400,7.5060,7.4210,7.5030,749850988,5597029960
2025-04-17,7.6550,7.6600,7.5410,7.5650,1007652486,7643429582
2025-04-18,7.5640,7.5890,7.5330,7.5830,478054139,3617039900
2025-04-21,7.6840,7.7270,7.6770,7.7240,751194584,5780384756
2025-04-22,7.8710,8.0330,7.8600,7.9820,1519502089,12093412697
2025-04-23,7.7590,7.7590,7.4860,7.5000,2564688817,19562766019
2025-04-24,7.6700,7.7070,7.5500,7.5820,1303473358,9946839718
2025-04-25,7.6410,7.6560,7.4860,7.5300,998594300,7560930098
2025-04-28,7.4990,7.5110,7.4430,7.4650,807300957,6031534039
2025-04-29,7.5610,7.5860,7.4850,7.5170,630471289,4749487800
2025-04-30,7.5250,7.5290,7.4670,7.4710,437292760,3276215482
2025-05-06,7.5960,7.6590,7.5700,7.6120,984527034,7499496274
2025-05-07,7.6140,7.6780,7.5880,7.6710,751864933,5748539067
2025-05-08,7.6790,7.7320,7.5380,7.5570,1112851087,8503906698
2025-05-09,7.5020,7.5550,7.4270,7.5310,887300929,6647216055
2025-05-12,7.3410,7.3990,7.3410,7.3760,668199236,4930947745
2025-05-13,7.2910,7.3390,7.2240,7.3320,905216614,6588647174
2025-05-14,7.3090,7.3220,7.2650,7.2770,548179300,3996673209
2025-05-15,7.1650,7.1690,7.0100,7.0620,1290123946,9132430391
2025-05-16,7.1950,7.2040,7.1570,7.1770,855274788,6143784727
2025-05-19,7.2060,7.2310,7.1930,7.2220,633277100,4567415868
2025-05-20,7.2170,7.2380,7.1960,7.2090,460862770,3324544898
2025-05-21,7.3810,7.4400,7.3760,7.4390,754386545,5587558730
2025-05-22,7.4780,7.5050,7.4480,7.4500,727054800,5439783047
2025-05-23,7.4050,7.4570,7.3730,7.4540,605935900,4495380260
2025-05-26,7.4380,7.4720,7.4230,7.4250,442308700,3294213684
2025-05-27,7.4340,7.4560,7.3560,7.3660,603457313,4472910506
2025-05-28,7.3690,7.3890,7.3410,7.3750,304997600,2247365541
2025-05-29,7.2630,7.3100,7.2600,7.3000,423281700,3084681573
2025-05-30,7.3900,7.3910,7.3350,7.3690,363573703,2675997478
2025-06-03,7.5010,7.5190,7.4610,7.4780,606170700,4544989593
2025-06-04,7.4880,7.5030,7.4590,7.4740,416157150,3113658616
2025-06-05,7.4990,7.5040,7.4690,7.4830,338533600,2534787070
2025-06-06,7.4770,7.4920,7.4690,7.4810,375355132,2807696362
2025-06-09,7.3640,7.4010,7.3310,7.4000,505825100,3726449040
2025-06-10,7.3660,7.4200,7.3530,7.4050,517795889,3822935723
2025-06-11,7.4200,7.4360,7.4040,7.4280,360699753,2677639427
2025-06-12,7.5050,7.5120,7.4740,7.4970,389463130,2919654502
2025-06-13,7.6160,7.6530,7.5700,7.5880,888062400,6764698782
2025-06-16,7.6290,7.6340,7.5480,7.5630,663731179,5041475386
2025-06-17,7.5250,7.5280,7.4700,7.4990,503152168,3775707856
2025-06-18,7.4990,7.5270,7.4760,7.5030,384865270,2886557970
2025-06-19,7.5000,7.5060,7.4440,7.4650,366857400,2741981668
2025-06-20,7.4600,7.4640,7.4230,7.4360,365250300,2717567425
2025-06-23,7.4520,7.4850,7.4410,7.4640,368519740,2750226776
2025-06-24,7.4310,7.4400,7.3540,7.3720,581647312,4305391870
2025-06-25,7.3780,7.3980,7.3760,7.3920,284710700,2103580236
2025-06-26,7.3900,7.4060,7.3850,7.4050,277147880,2049012994
2025-06-27,7.3650,7.3750,7.3110,7.3260,455853400,3345234504
2025-06-30,7.3000,7.3210,7.2740,7.3140,336657400,2457750199
2025-07-01,7.3590,7.4000,7.3460,7.3970,347867947,2564118180
2025-07-02,7.3950,7.4180,7.3840,7.3940,291654800,2157429707
2025-07-03,7.4070,7.4530,7.4070,7.4450,295990300,2199395168
2025-07-04,7.4000,7.4130,7.3760,7.4070,257229100,1902194152
2025-07-07,7.3480,7.3670,7.3440,7.3550,281784400,2072584679
2025-07-08,7.3970,7.4060,7.3890,7.3980,217899576,1612084341
2025-07-09,7.3470,7.3480,7.3040,7.3140,425534100,3116306560
2025-07-10,7.3710,7.3800,7.3580,7.3710,302003773,2225855850
2025-07-11,7.3750,7.3920,7.3720,7.3760,261655404,1931126841
2025-07-14,7.4260,7.4450,7.4130,7.4400,267188547,1983515657
2025-07-15,7.4100,7.4450,7.4010,7.4360,268931110,1996432231
2025-07-16,7.3940,7.4070,7.3780,7.4020,239071350,1767210158
2025-07-17,7.4030,7.4110,7.3860,7.3970,208316994,1541460812
2025-07-18,7.3940,7.4070,7.3910,7.4030,184028487,1361500094
2025-07-21,7.4300,7.4540,7.4200,7.4460,300457429,2233893918
2025-07-22,7.4830,7.4890,7.4700,7.4740,362003425,2707621582
2025-07-23,7.5400,7.5490,7.5250,7.5480,314107164,2368464628
2025-07-24,7.4590,7.4610,7.4150,7.4240,440510942,3275368218
2025-07-25,7.4150,7.4210,7.3990,7.4090,254762663,1887414454
2025-07-28,7.3820,7.3980,7.3670,7.3880,284143328,2096675236
2025-07-29,7.3500,7.3660,7.3450,7.3630,263161641,1936018254
2025-07-30,7.3870,7.3890,7.3670,7.3770,281773628,2078603635
2025-07-31,7.3290,7.3560,7.3150,7.3500,304165711,2231589344
2025-08-01,7.3430,7.3660,7.3310,7.3520,192399599,1413896110
2025-08-04,7.4320,7.4470,7.4320,7.4460,426113592,3170843970
2025-08-05,7.4810,7.4860,7.4540,7.4550,322458715,2408802907
2025-08-06,7.4720,7.4820,7.4600,7.4680,266181951,1988337088
2025-08-07,7.4710,7.4880,7.4590,7.4840,313642201,2344129227
2025-08-08,7.4880,7.5130,7.4880,7.5080,338060349,2535544417
2025-08-11,7.4520,7.4600,7.4230,7.4290,359688810,2678359430
2025-08-12,7.4120,7.4160,7.3930,7.3990,281491669,2084438530
2025-08-13,7.3950,7.4160,7.3940,7.4150,230600612,1707832442
2025-08-14,7.4310,7.4380,7.4130,7.4240,228780544,1698855241
2025-08-15,7.3840,7.4100,7.3810,7.4010,208044000,1538722974
2025-08-18,7.3980,7.4300,7.3930,7.4130,228171106,1690072000
2025-08-19,7.3860,7.4000,7.3860,7.3910,182699299,1350510204
2025-08-20,7.3620,7.3770,7.3500,7.3740,204963900,1509440993
2025-08-21,7.4030,7.4080,7.3870,7.3940,223292731,1652146836
2025-08-22,7.3950,7.4000,7.3730,7.3780,194928678,1439892466
2025-08-25,7.4190,7.4300,7.4170,7.4270,288572434,2141946403
2025-08-26,7.4370,7.4500,7.4370,7.4490,293532600,2185176566
2025-08-27,7.4610,7.4610,7.4440,7.4500,235912901,1758733831
2025-08-28,7.4620,7.4700,7.4590,7.4680,223107284,1665240691
2025-08-29,7.4800,7.4880,7.4780,7.4860,217764686,1629642851
2025-09-01,7.5460,7.6580,7.5420,7.6470,844514784,6431354808
2025-09-02,7.7500,7.7500,7.6630,7.6700,650604808,5006529827
2025-09-03,7.7600,7.7870,7.7460,7.7680,535458390,4158516363
2025-09-04,7.7950,7.7950,7.6940,7.7500,561861413,4352594756
2025-09-05,7.7730,7.7820,7.7550,7.7750,344149544,2674763266
2025-09-08,7.8110,7.8480,7.8080,7.8470,413909759,3240893040
2025-09-09,7.9340,7.9870,7.9280,7.9660,695908132,5537633289
2025-09-10,7.9060,7.9530,7.8980,7.9470,398608908,3160253380
2025-09-11,7.9630,7.9680,7.9010,7.9230,410933374,3259869667
2025-09-12,7.9320,7.9660,7.9320,7.9540,328766845,2613712618
2025-09-15,7.9080,7.9470,7.9070,7.9310,285290527,2262570508
2025-09-16,8.0070,8.0340,7.9880,8.0320,339497584,2718705446
2025-09-17,8.0100,8.0100,7.9550,7.9640,428296395,3417850247
2025-09-18,7.9010,7.9490,7.8590,7.8620,556562627,4399557224
2025-09-19,7.9010,7.9170,7.8690,7.8980,323799619,2556742578
2025-09-22,8.0050,8.0580,7.9840,8.0480,453251935,3632554944
2025-09-23,8.1250,8.1490,8.1050,8.1430,511550370,4158136063
2025-09-24,8.1410,8.2040,8.1230,8.1900,439901080,3591418429
2025-09-25,8.1600,8.1640,8.1160,8.1460,444111704,3614722212
2025-09-26,8.1500,8.1830,8.1470,8.1600,384548100,3138261886
2025-09-29,8.1770,8.2680,8.1740,8.2590,532950667,4380687035
2025-09-30,8.3240,8.3880,8.3240,8.3390,666956876,5576070203
2025-10-09,8.7240,8.7790,8.6900,8.7290,801442472,6996319980
2025-10-10,8.6370,8.6510,8.5860,8.6020,641470935,5528015329
2025-10-13,8.7700,8.8680,8.7700,8.8590,773948022,6826004392
2025-10-14,9.1000,9.3770,8.8780,8.9760,1667960506,15094002873
2025-10-15,9.1430,9.1900,9.0900,9.1870,919314119,8404693734
2025-10-16,9.2300,9.2880,9.1980,9.2440,1040915876,9625793165
2025-10-17,9.4970,9.5870,9.3610,9.5680,1586342550,15083487665
2025-10-20,9.3080,9.3670,9.2500,9.2680,1205698499,11239083883
2025-10-21,9.5260,9.5260,9.4250,9.4900,999521780,9473507963
2025-10-22,8.9860,9.1060,8.9500,9.1010,1407669227,12694570824
2025-10-23,8.9800,9.0520,8.9200,8.9940,932066467,8366775476
2025-10-24,9.0480,9.0530,8.9330,8.9500,740082055,6652958689
2025-10-27,8.9480,8.9490,8.8970,8.9140,675437497,6024338869
2025-10-28,8.7900,8.7900,8.5910,8.5970,1085475713,9433291725
2025-10-29,8.6800,8.6990,8.6220,8.6920,799957387,6929137801
2025-10-30,8.6350,8.7060,8.5590,8.7040,1025527342,8858790469
2025-10-31,8.8100,8.8220,8.7480,8.7940,771949636,6782774235
2025-11-03,8.7430,8.8010,8.7370,8.7970,465811303,4085511859
2025-11-04,8.7450,8.7560,8.7050,8.7370,531122927,4638166862
2025-11-05,8.6540,8.7320,8.6410,8.7060,476092329,4136619619
2025-11-06,8.7180,8.7570,8.7060,8.7550,409443562,3576860604
2025-11-07,8.7690,8.7980,8.7550,8.7930,427264748,3747892162
2025-11-10,8.8690,8.9490,8.8560,8.9360,758507494,6751619483
2025-11-11,9.1380,9.1380,9.0490,9.0620,828106585,7518834240
2025-11-12,9.0580,9.0680,8.9840,9.0290,658718382,5948310393
2025-11-13,9.1570,9.1840,9.1340,9.1750,651400798,5968013292
2025-11-14,9.0990,9.1800,9.0900,9.0960,716187519,6540777396
2025-11-17,8.9220,8.9690,8.8420,8.8820,812669365,7238287561
2025-11-18,8.8370,8.8370,8.7700,8.7770,583681281,5133558167
2025-11-19,8.8900,8.9680,8.8730,8.9540,604136017,5392419257
2025-11-20,8.9590,8.9690,8.8650,8.9030,633776232,5649454182
2025-11-21,8.8880,8.9210,8.8240,8.8280,684293990,6071459200
2025-11-24,8.8580,8.8650,8.8290,8.8570,468144900,4141386255
2025-11-25,8.9900,9.0390,8.9900,9.0100,642314263,5789627417
2025-11-26,9.0150,9.0480,9.0030,9.0110,509052124,4596141094
2025-11-27,9.0030,9.0170,8.9860,9.0100,380715268,3427665091
2025-11-28,9.0840,9.0900,9.0510,9.0670,397292813,3603374123
2025-12-01,9.1460,9.2040,9.1280,9.1610,731858399,6708010683
2025-12-02,9.1180,9.1450,9.0880,9.1120,447517819,4083289907
2025-12-03,9.1180,9.1430,9.0840,9.0960,460723335,4198884820
2025-12-04,9.1070,9.1250,9.0350,9.0640,558462141,5070761141
2025-12-05,9.0940,9.1480,9.0840,9.1360,415965811,3791528369
2025-12-08,9.1070,9.1190,9.0780,9.1100,431705623,3929192887
2025-12-09,9.0750,9.0820,9.0260,9.0460,477281632,4322621349
2025-12-10,9.1140,9.1180,9.0810,9.0950,341858428,3111335234
2025-12-11,9.1570,9.1650,9.0950,9.1100,466634993,4260705305
2025-12-12,9.2010,9.2300,9.1910,9.2270,476618809,4388186109
2025-12-15,9.2980,9.3600,9.2970,9.3510,567902846,5297510203
2025-12-16,9.2720,9.2960,9.1990,9.2400,519626708,4805902569
2025-12-17,9.2830,9.3450,9.2830,9.3100,452083592,4209416976
2025-12-18,9.3110,9.3270,9.3020,9.3180,317805610,2961343686
2025-12-19,9.2900,9.3210,9.2730,9.3130,370300316,3443922186
2025-12-22,9.3800,9.5140,9.3800,9.5110,691875423,6534234042
2025-12-23,9.6300,9.6890,9.6080,9.6390,902281420,8709327485
2025-12-24,9.7190,9.7220,9.6130,9.6420,738436899,7136924986
2025-12-25,9.5710,9.5800,9.5390,9.5660,431157619,4123112968
2025-12-26,9.6700,9.6800,9.6180,9.6500,489825336,4726243848
2025-12-29,9.6400,9.6670,9.5500,9.5630,714496669,6877104094
2025-12-30,9.2720,9.4020,9.2720,9.3630,861555822,8058585692
2025-12-31,9.3590,9.3920,9.1960,9.3010,887315417,8255346608
2026-01-05,9.4210,9.4990,9.4210,9.4950,683271028,6465146234
2026-01-06,9.5360,9.6060,9.5280,9.5770,531345738,5085365304
2026-01-07,9.6000,9.6010,9.5110,9.5180,616398514,5894333390
2026-01-08,9.5550,9.5590,9.4740,9.5110,483834991,4604940099
2026-01-09,9.5440,9.5960,9.5440,9.5920,379190390,3629946415
2026-01-12,9.7790,9.7910,9.7360,9.7770,493501700,4822414247
2026-01-13,9.7900,9.8250,9.7710,9.7930,398236725,3901169996
2026-01-14,9.8710,9.9250,9.8690,9.9220,436952117,4321616075
2026-01-15,9.8610,9.8830,9.8200,9.8670,554292206,5460435940
2026-01-16,9.8510,9.8740,9.8280,9.8570,327843149,3228858975
2026-01-19,9.9620,10.0090,9.9600,10.0060,480621154,4797229646
2026-01-20,10.0050,10.0950,9.9830,10.0820,533806706,5362959212
2026-01-21,10.3650,10.5010,10.3220,10.3770,984509622,10230345643
2026-01-22,10.2900,10.3430,10.2300,10.3410,719685837,7398945407
2026-01-23,10.6180,10.6430,10.5850,10.6170,729889496,7746553192
2026-01-26,10.8860,10.9550,10.8480,10.9240,960474483,10463068625
2026-01-27,10.8830,10.9460,10.8480,10.9340,771107250,8395732861
2026-01-28,11.1100,11.2880,11.1090,11.2800,1066201004,11961498145
2026-01-29,11.9180,11.9770,11.7960,11.9040,1497107926,17799095491
2026-01-30,11.4710,11.5330,10.8000,11.0090,2301609692,25777505557
2026-02-02,9.9080,10.2450,9.9080,9.9080,1899820420,19145014244
2026-02-03,10.3550,10.4610,10.1050,10.4220,2100916676,21613177107
2026-02-04,10.7950,10.9040,10.7380,10.8670,1424298936,15412917353
2026-02-05,10.6100,10.6950,10.3000,10.5230,1909045495,20057436535
2026-02-06,10.0790,10.5230,10.0500,10.3570,1841278975,19034272998
2026-02-09,10.7200,10.7500,10.6100,10.7190,1161222745,12418166669
2026-02-10,10.6860,10.7330,10.6610,10.6690,702600061,7513073622
2026-02-11,10.7040,10.7650,10.7000,10.7580,681826714,7317564815
2026-02-12,10.7200,10.7520,10.7000,10.7200,600479350,6445229523
2026-02-13,10.5820,10.6170,10.5080,10.5750,769392258,8131354160
2026-02-24,10.9200,10.9980,10.9030,10.9500,752313723,8241565507
2026-02-25,10.9530,10.9920,10.9200,10.9590,607477346,6656474798
2026-02-26,10.9390,10.9440,10.8960,10.9130,437766976,4781387315
2026-02-27,10.9200,10.9500,10.9110,10.9330,463126387,5063424364
2026-03-02,11.3680,11.4190,11.2140,11.4170,1130097171,12775642356
2026-03-03,11.4180,11.4180,11.2020,11.2590,969284941,10968192369
2026-03-04,11.0000,11.0850,10.9260,10.9800,997981175,10981117960
2026-03-05,10.9800,11.0140,10.8890,10.9640,653680200,7165201084
2026-03-06,10.8340,10.9370,10.8310,10.8730,491671193,5356472276
2026-03-09,10.8580,10.9500,10.7930,10.8680,801213216,8713281061
2026-03-10,10.9630,10.9910,10.9430,10.9560,437932878,4801155476
2026-03-11,11.0260,11.0280,10.9640,10.9740,475495727,5230093074
2026-03-12,10.9280,10.9560,10.8920,10.9380,389237902,4253167289
2026-03-13,10.8520,10.8800,10.7910,10.8020,388524533,4211610423
2026-03-16,10.6300,10.7000,10.6050,10.6640,478924660,5100457125
2026-03-17,10.6320,10.6960,10.6300,10.6370,353528190,3766972817
2026-03-18,10.6380,10.6390,10.5700,10.6060,354427328,3756857569
2026-03-19,10.2830,10.3450,10.0800,10.1260,878362147,9006105538
2026-03-20,9.9000,10.0660,9.8830,9.8960,1191784092,11878418533
2026-03-23,9.4880,9.5000,8.9060,8.9410,1974765911,18231773873
2026-03-24,9.2100,9.3030,9.1050,9.2990,1490516464,13716736873
2026-03-25,9.7000,9.7720,9.6090,9.6410,1178632201,11438092704
2026-03-26,9.6280,9.6370,9.3580,9.4500,1107621274,10525933922
2026-03-27,9.3580,9.5280,9.3580,9.4940,748707264,7077216082
2026-03-30,9.4960,9.6960,9.4730,9.6560,1046745903,10053472875
2026-03-31,9.7510,9.8360,9.6970,9.6990,981801710,9575690405
2026-04-01,9.9500,10.0280,9.9120,10.0240,835670818,8316311343
2026-04-02,10.0000,10.0000,9.6410,9.7380,1302646746,12814253058
2026-04-03,9.9140,9.9140,9.7930,9.8280,424296200,4176219528
2026-04-07,9.8450,9.8670,9.7810,9.8370,542784769,5331846502
2026-04-08,10.1030,10.1530,10.0570,10.1130,994347975,10051847595
2026-04-09,9.9200,9.9500,9.9000,9.9080,655252744,6501536554
2026-04-10,9.9950,10.0300,9.9540,9.9720,577695324,5772482719
2026-04-13,9.9180,9.9390,9.9000,9.9240,428554392,4251246607
2026-04-14,9.9990,10.0120,9.9680,10.0110,422160466,4218777617
2026-04-15,10.1270,10.1500,10.0620,10.0640,489769744,4949413437
2026-04-16,10.0950,10.1110,10.0700,10.0970,376243713,3796363197
2026-04-17,10.0000,10.0710,9.9900,10.0290,357718901,3589199404
2026-04-20,10.0400,10.0750,10.0130,10.0360,355833475,3572623672
2026-04-21,10.0700,10.0720,10.0030,10.0100,323902876,3250579583
2026-04-22,9.9680,10.0080,9.9680,10.0040,364219794,3637270995
2026-04-23,9.9350,9.9470,9.8650,9.9000,426785130,4226616551
2026-04-24,9.8850,9.8860,9.8140,9.8260,314190201,3091878872
2026-04-27,9.8590,9.9170,9.8570,9.8970,255476037,2526051171
2026-04-28,9.8500,9.8540,9.7140,9.7320,376104347,3676337287
2026-04-29,9.6410,9.6800,9.6300,9.6370,511996833,4943877284
2026-04-30,9.6290,9.6790,9.5800,9.6780,404662969,3894564587
2026-05-06,9.6980,9.7920,9.6980,9.7910,392697776,3827234550
2026-05-07,9.8710,9.9330,9.8350,9.9090,438005730,4322115660
2026-05-08,9.8710,9.8970,9.8530,9.8800,340379015,3361489920
2026-05-11,9.8270,9.8270,9.7140,9.7740,447587670,4376016747
2026-05-12,9.9000,9.9060,9.8000,9.8060,405923015,3997558136
2026-05-13,9.8180,9.8340,9.7800,9.8040,298307355,2925864489
2026-05-14,9.7800,9.8020,9.7610,9.7950,296882393,2903498943
2026-05-15,9.6450,9.6590,9.5320,9.5540,649877683,6233847911
2026-05-18,9.4400,9.5340,9.4350,9.5130,476978463,4527932597
2026-05-19,9.5190,9.5540,9.4850,9.5150,264376415,2516240589
2026-05-20,9.4000,9.4000,9.3320,9.3670,546321491,5114796529
2026-05-21,9.5300,9.5430,9.4470,9.4500,337773070,3206814236
2026-05-22,9.4600,9.4740,9.4240,9.4610,271569663,2567719896
2026-05-25,9.5310,9.5400,9.4900,9.5120,238605940,2269776991
2026-05-26,9.4810,9.4870,9.4420,9.4540,220861420,2089349183
2026-05-27,9.4190,9.4250,9.3360,9.3450,324668208,3044601314
2026-05-28,9.2160,9.2180,9.1080,9.1320,456620753,4181014488
2026-05-29,9.3850,9.4000,9.3400,9.3970,348235218,3262565266
2026-06-01,9.3980,9.4140,9.3430,9.3440,258640902,2427380926
2026-06-02,9.3000,9.4140,9.2660,9.4100,324778050,3034940310
2026-06-03,9.2800,9.3270,9.2630,9.2810,325487600,3024667411
2026-06-04,9.3010,9.3200,9.2740,9.2900,282172674,2623259392
2026-06-05,9.2630,9.2750,9.2100,9.2520,301755305,2788572679
2026-06-08,9.0010,9.0240,8.8930,8.9530,495297882,4442538006
2026-06-09,9.0100,9.0460,9.0040,9.0050,287000533,2589621005
2026-06-10,8.7400,8.7800,8.6710,8.7360,560909257,4889766654
2026-06-11,8.5610,8.5800,8.4180,8.5060,649152677,5515478400
2026-06-12,8.6700,8.7150,8.6390,8.6590,436740687,3787489191
2026-06-15,8.9160,8.9880,8.9100,8.9280,499417455,4468968234
2026-06-16,8.9450,8.9680,8.9200,8.9490,275222053,2461164661
2026-06-17,8.9780,8.9860,8.9330,8.9570,263405774,2361143262
2026-06-18,8.9500,8.9640,8.8920,8.9080,298268213,2663369298
2026-06-22,8.7350,8.7420,8.6550,8.7160,440971831,3834546126
2026-06-23,8.6680,8.6740,8.5250,8.5370,425630533,3654668516
2026-06-24,8.4850,8.5300,8.4260,8.5150,402997039,3418706769
2026-06-25,8.3300,8.3300,8.2670,8.2870,508986639,4224829996
2026-06-26,8.3650,8.3930,8.2930,8.3900,384807548,3213357332
2026-06-29,8.4450,8.4790,8.4040,8.4490,339834907,2870486268
2026-06-30,8.2620,8.3890,8.2240,8.3780,419277945,3473352887
2026-07-01,8.2840,8.3000,8.2530,8.2710,305289870,2526820875
2026-07-02,8.4250,8.4840,8.3970,8.4750,514978977,4346984456
2026-07-03,8.7060,8.7260,8.6360,8.6720,467668483,4059995573
2026-07-06,8.6960,8.7380,8.6200,8.6310,316270803,2744403494
2026-07-07,8.5900,8.6200,8.5640,8.5970,223857697,1924146850
2026-07-08,8.5430,8.6050,8.5300,8.5890,241068182,2068067225
2026-07-09,8.4950,8.5500,8.4460,8.5440,245420653,2084790591
2026-07-10,8.5510,8.5870,8.5380,8.5410,228291524,1953497774
2026-07-13,8.4700,8.4970,8.4130,8.4190,302048524,2551745651
2026-07-14,8.3020,8.3890,8.3020,8.3730,236212800,1974213700
2026-07-15,8.4150,8.4200,8.3470,8.3690,228330952,1912067301
2026-07-16,8.3750,8.3950,8.3490,8.3630,180021910,1506556933
2026-07-17,8.2910,8.3260,8.2560,8.3110,284476860,2358048522
2026-07-20,8.3110,8.3620,8.3000,8.3180,200720800,1671393158
2026-07-21,8.3520,8.4770,8.3450,8.4680,321197319,2700615686
2026-07-22,8.5550,8.6140,8.5460,8.5600,649427312,5570743361
2026-07-23,8.6040,8.6100,8.5410,8.5600,371266198,3180421456
2026-07-24,8.4000,8.4200,8.3600,8.3850,369636900,3099445119
2026-07-27,8.5030,8.5270,8.4760,8.5020,256733538,2182507755
2026-07-28,8.3910,8.4060,8.3720,8.4000,213705679,1793455522
2026-07-29,8.3400,8.3990,8.3400,8.3920,271556376,2274588148
2026-07-30,8.4630,8.4840,8.3500,8.3600,403331464,3395683596
2026-07-31,8.4600,8.4640,8.4200,8.4330,298389517,2518760872
2026-08-03,8.4000,8.4300,8.3830,8.4170,322314406,2710491400
2026-08-04,8.3940,8.4250,8.3910,8.4080,244289678,2054825165
2026-08-05,8.4590,8.6440,8.4420,8.6400,747452212,6399150042
2026-08-06,8.8800,8.9050,8.7830,8.7950,820062838,7254680440
2026-08-07,8.7750,8.8920,8.7740,8.8920,696389542,6154122280
2026-08-10,8.9400,9.0050,8.9080,9.0050,669955011,5999793890
2026-08-11,9.1300,9.1630,9.0010,9.0090,926608343,8414200025
2026-08-12,9.0700,9.1210,9.0510,9.1030,586195401,5324529499
2026-08-13,9.1260,9.1440,9.0160,9.0420,537385711,4877606464
2026-08-14,8.9060,8.9490,8.8910,8.9460,525078377,4681877001
2026-08-17,9.0900,9.0950,9.0480,9.0680,445054556,4032553610
2026-08-18,9.1110,9.1260,9.0470,9.0780,359753054,3266272875
2026-08-19,8.9570,9.0110,8.9490,8.9740,400256583,3593183883
2026-08-20,9.2510,9.2530,9.2000,9.2340,552273333,5097893331
2026-08-21,9.3010,9.3910,9.2950,9.3880,822936717,7684951957
2026-08-24,9.4880,9.5820,9.4800,9.5640,913632792,8717758032
2026-08-25,9.6070,9.6200,9.4970,9.5330,924973189,8837077964
2026-08-26,9.5390,9.5880,9.4980,9.5170,571279384,5450348265
2026-08-27,9.5040,9.5400,9.4450,9.4460,572958427,5438577528
2026-08-28,9.4370,9.4750,9.3980,9.4750,473701359,4462695029
2026-08-31,9.1600,9.1710,9.0500,9.1350,938190765,8556652878
2026-09-01,9.1280,9.1560,9.1080,9.1180,451044854,4118875882
2026-09-02,8.9000,8.9220,8.8330,8.9020,849701487,7544980786
2026-09-03,9.0450,9.1350,9.0450,9.1050,651064968,5923257966
2026-09-04,9.2100,9.2180,9.1600,9.1640,461556950,4243476111
2026-09-07,9.0210,9.0760,9.0090,9.0240,501577786,4537564249
2026-09-08,9.1020,9.1230,9.0390,9.0470,414397829,3766204867
2026-09-09,8.9700,9.0520,8.9700,9.0410,448699652,4042974966
2026-09-10,9.0600,9.1050,9.0510,9.0830,441013607,4001856207
2026-09-11,8.8950,8.9630,8.8520,8.9430,617832329,5504843797
2026-09-14,8.9070,8.9500,8.8750,8.8750,454825043,4054072492
2026-09-15,8.8490,8.8790,8.8140,8.8290,411399421,3637561796
2026-09-16,8.8280,8.9240,8.8040,8.9050,557027113,4945405175
2026-09-17,8.8600,8.8880,8.7870,8.8560,572748159,5062606725
2026-09-18,8.9500,9.0260,8.8960,9.0090,601308814,5385512314
2026-09-21,8.9790,8.9930,8.9170,8.9300,423980512,3795599155
2026-09-22,8.9370,8.9410,8.8540,8.8590,584350223,5196451929
