date,open,high,low,close,volume,amount
2019-01-18,0.9980,1.0040,0.9950,1.0030,324458258,324300571
2019-01-21,1.0030,1.0090,1.0020,1.0030,76552325,77018053
2019-01-22,1.0040,1.0060,0.9990,1.0000,15059926,15106892
2019-01-23,1.0010,1.0050,0.9990,1.0030,17436806,17497300
2019-01-24,1.0040,1.0080,1.0020,1.0060,31015860,31218191
2019-01-25,1.0060,1.0170,1.0060,1.0110,24566172,24852597
2019-01-28,1.0140,1.0220,1.0090,1.0120,8714000,8865923
2019-01-29,1.0090,1.0170,1.0020,1.0160,7670372,7773591
2019-01-30,1.0130,1.0220,1.0110,1.0150,11067972,11253832
2019-01-31,1.0150,1.0240,1.0140,1.0170,8690734,8872826
2019-02-01,1.0190,1.0280,1.0180,1.0260,12423700,12704967
2019-02-11,1.0260,1.0380,1.0260,1.0380,10024400,10350513
2019-02-12,1.0380,1.0440,1.0340,1.0410,12129980,12608597
2019-02-13,1.0420,1.0550,1.0380,1.0520,15119347,15814535
2019-02-14,1.0530,1.0550,1.0460,1.0510,16773466,17611645
2019-02-15,1.0510,1.0510,1.0320,1.0320,20412900,21261552
2019-02-18,1.0340,1.0540,1.0340,1.0530,67467295,70827691
2019-02-19,1.0510,1.0600,1.0460,1.0510,18649722,19615296
2019-02-20,1.0530,1.0570,1.0480,1.0540,8342513,8777305
2019-02-21,1.0540,1.0610,1.0450,1.0460,11096212,11662248
2019-02-22,1.0450,1.0550,1.0380,1.0550,6756412,7061514
2019-02-25,1.0550,1.1010,1.0550,1.0990,11467900,12360479
2019-02-26,1.0980,1.1020,1.0710,1.0890,8912300,9731792
2019-02-27,1.0880,1.1020,1.0820,1.0910,6347200,6945531
2019-02-28,1.0880,1.0970,1.0850,1.0870,6566300,7154348
2019-03-01,1.0860,1.1000,1.0840,1.1000,5005792,5446409
2019-03-04,1.1000,1.1310,1.1000,1.1150,6272175,7013722
2019-03-05,1.1140,1.1270,1.1080,1.1270,6102400,6822737
2019-03-06,1.1230,1.1350,1.1210,1.1350,6781339,7649695
2019-03-07,1.1350,1.1350,1.1200,1.1300,6038280,6805632
2019-03-08,1.1270,1.1270,1.0870,1.0880,5181181,5721904
2019-03-11,1.0880,1.1070,1.0870,1.0950,4072600,4469644
2019-03-12,1.0970,1.1240,1.0970,1.1130,3388800,3780935
2019-03-13,1.1130,1.1210,1.1070,1.1100,5967450,6649219
2019-03-14,1.1090,1.1180,1.0930,1.0970,5794570,6401650
2019-03-15,1.0970,1.1260,1.0970,1.1170,4102300,4574970
2019-03-18,1.1150,1.1520,1.1150,1.1520,3723200,4230722
2019-03-19,1.1520,1.1610,1.1420,1.1500,2307000,2651274
2019-03-20,1.1470,1.1550,1.1380,1.1530,3415500,3913756
2019-03-21,1.1310,1.1610,1.1310,1.1510,2455200,2837207
2019-03-22,1.1530,1.1620,1.1450,1.1570,3300400,3805653
2019-03-25,1.1540,1.1620,1.1470,1.1490,1732300,1999500
2019-03-26,1.1490,1.1570,1.1280,1.1330,2320600,2650981
2019-03-27,1.1350,1.1490,1.1280,1.1460,4371600,4970128
2019-03-28,1.1450,1.1460,1.1350,1.1400,1897900,2163166
2019-03-29,1.1370,1.1700,1.1350,1.1700,3874000,4471592
2019-04-01,1.2000,1.2000,1.1710,1.1920,4601900,5475249
2019-04-02,1.1920,1.2030,1.1910,1.1920,1501400,1793791
2019-04-03,1.1880,1.2100,1.1880,1.2050,2161000,2589650
2019-04-04,1.2060,1.2240,1.2060,1.2230,1338500,1632106
2019-04-08,1.2230,1.2340,1.2090,1.2230,4119200,5036939
2019-04-09,1.2170,1.2290,1.2160,1.2260,1415600,1728993
2019-04-10,1.2180,1.2370,1.2170,1.2320,1710293,2100085
2019-04-11,1.2320,1.2320,1.2140,1.2150,3053500,3739724
2019-04-12,1.2170,1.2170,1.2020,1.2100,1279500,1548453
2019-04-15,1.2220,1.2590,1.2090,1.2090,4366000,5354883
2019-04-16,1.2090,1.2210,1.1870,1.2190,4616900,5530702
2019-04-17,1.2300,1.2300,1.2170,1.2250,1489900,1822597
2019-04-18,1.2160,1.2250,1.2130,1.2130,4273025,5205535
2019-04-19,1.2150,1.2250,1.2060,1.2210,2561100,3106158
2019-04-22,1.2200,1.2200,1.1890,1.1920,2036500,2451335
2019-04-23,1.1960,1.2020,1.1800,1.1800,3754000,4455427
2019-04-24,1.1800,1.1860,1.1730,1.1860,3769000,4455637
2019-04-25,1.1860,1.1860,1.1500,1.1540,2985300,3466993
2019-04-26,1.1530,1.1540,1.1300,1.1400,11200100,12730499
2019-04-29,1.1400,1.1540,1.1400,1.1400,1696915,1942534
2019-04-30,1.1430,1.1560,1.1430,1.1530,1289015,1480741
2019-05-06,1.1000,1.1650,1.0840,1.1100,10945800,12066711
2019-05-07,1.1100,1.1140,1.0980,1.1100,3544900,3923449
2019-05-08,1.0990,1.1100,1.0890,1.0980,1935400,2135519
2019-05-09,1.1000,1.1080,1.0810,1.0830,2674000,2906827
2019-05-10,1.0940,1.1160,1.0860,1.1160,4329066,4771767
2019-05-13,1.1000,1.1090,1.0970,1.1060,1925100,2126831
2019-05-14,1.1020,1.1080,1.0510,1.0990,1848989,2039413
2019-05-15,1.0910,1.1180,1.0910,1.1140,2424900,2685465
2019-05-16,1.1050,1.1210,1.1050,1.1210,1505800,1677060
2019-05-17,1.1200,1.1200,1.0960,1.0980,2516900,2797049
2019-05-20,1.0950,1.0950,1.0790,1.0860,2580200,2800847
2019-05-21,1.0860,1.1060,1.0840,1.1000,1524800,1670543
2019-05-22,1.0990,1.1020,1.0920,1.0950,2187200,2396411
2019-05-23,1.0860,1.0910,1.0800,1.0830,3646000,3966859
2019-05-24,1.0730,1.0910,1.0730,1.0860,1402800,1527551
2019-05-27,1.0870,1.1020,1.0800,1.1020,2976400,3238087
2019-05-28,1.1020,1.1100,1.1000,1.1000,848500,939347
2019-05-29,1.1000,1.1060,1.0980,1.1000,888400,979950
2019-05-30,1.0980,1.1070,1.0960,1.1030,2581900,2837567
2019-05-31,1.1000,1.1130,1.1000,1.1030,10191437,11255278
2019-06-03,1.1040,1.1150,1.0980,1.1040,1087600,1198365
2019-06-04,1.1040,1.1040,1.0940,1.0940,593400,650569
2019-06-05,1.1030,1.1080,1.0990,1.0990,1110700,1226288
2019-06-06,1.0990,1.0990,1.0920,1.0930,931400,1018503
2019-06-10,1.1020,1.1050,1.0920,1.1010,775800,853409
2019-06-11,1.1070,1.1260,1.1070,1.1230,601583,671466
2019-06-12,1.1190,1.1190,1.1140,1.1170,1793000,1998210
2019-06-13,1.1120,1.1150,1.1050,1.1120,440600,489120
2019-06-14,1.1120,1.1120,1.1020,1.1030,1000400,1109132
2019-06-17,1.1010,1.1070,1.0990,1.1030,1496600,1649997
2019-06-18,1.1040,1.1060,1.1010,1.1050,1893400,2090488
2019-06-19,1.1160,1.1220,1.1150,1.1150,2574300,2883141
2019-06-20,1.1150,1.1380,1.1130,1.1330,1394100,1569191
2019-06-21,1.1390,1.1440,1.1310,1.1360,876600,997330
2019-06-24,1.1360,1.1360,1.1310,1.1350,550700,624515
2019-06-25,1.1320,1.1320,1.1160,1.1260,1029100,1154731
2019-06-26,1.1250,1.1270,1.1210,1.1230,377100,423588
2019-06-27,1.1230,1.1360,1.1230,1.1290,1719070,1945595
2019-06-28,1.1290,1.1300,1.1200,1.1250,1732500,1950094
2019-07-01,1.1250,1.1560,1.1250,1.1470,375000,428812
2019-07-02,1.1470,1.1550,1.1460,1.1550,1607400,1847203
2019-07-03,1.1430,1.1550,1.1430,1.1530,537500,619822
2019-07-04,1.1580,1.1620,1.1520,1.1520,249700,288957
2019-07-05,1.1520,1.1600,1.1510,1.1570,385700,446051
2019-07-08,1.1560,1.1560,1.1000,1.1340,2925300,3308416
2019-07-09,1.1340,1.1370,1.1300,1.1330,695900,788741
2019-07-10,1.1320,1.1370,1.1240,1.1250,2024600,2286520
2019-07-11,1.1340,1.1370,1.1250,1.1250,2676100,3028545
2019-07-12,1.1270,1.1360,1.1270,1.1340,1084684,1226813
2019-07-15,1.1280,1.1420,1.1170,1.1360,2261100,2556708
2019-07-16,1.1360,1.1380,1.1340,1.1350,628200,713664
2019-07-17,1.1340,1.1420,1.1340,1.1390,3939100,4488439
2019-07-18,1.1340,1.1360,1.1300,1.1300,4687700,5309161
2019-07-19,1.1410,1.1460,1.1350,1.1410,884200,1011621
2019-07-22,1.1400,1.1420,1.1280,1.1360,2474800,2818178
2019-07-23,1.1370,1.1380,1.1340,1.1380,1301300,1477994
2019-07-24,1.1420,1.1490,1.1420,1.1430,7307400,8358936
2019-07-25,1.1420,1.1480,1.1420,1.1470,890661,1019131
2019-07-26,1.1460,1.1540,1.1450,1.1530,2079400,2389103
2019-07-29,1.1480,1.1560,1.1480,1.1510,1556000,1789273
2019-07-30,1.1520,1.1600,1.1520,1.1570,3570100,4130473
2019-07-31,1.1510,1.1510,1.1460,1.1480,2619200,3006093
2019-08-01,1.1480,1.1480,1.1370,1.1380,2226400,2541264
2019-08-02,1.1330,1.1330,1.1170,1.1240,2413900,2702137
2019-08-05,1.1210,1.1220,1.1060,1.1060,3070500,3422334
2019-08-06,1.1030,1.1030,1.0750,1.0900,3579600,3880269
2019-08-07,1.1010,1.1200,1.0850,1.0880,1781100,1943399
2019-08-08,1.0940,1.1010,1.0940,1.1000,290900,318699
2019-08-09,1.1020,1.1020,1.0900,1.0920,1198800,1311872
2019-08-12,1.0900,1.1020,1.0900,1.1020,1492100,1633174
2019-08-13,1.0970,1.0990,1.0940,1.0970,1510900,1657573
2019-08-14,1.1030,1.1060,1.0990,1.0990,1652800,1822176
2019-08-15,1.0930,1.1030,1.0820,1.1010,2464300,2690252
2019-08-16,1.0980,1.1060,1.0980,1.1020,2735600,3012192
2019-08-19,1.1010,1.1210,1.1010,1.1180,1928000,2142732
2019-08-20,1.1170,1.1230,1.1160,1.1190,2029700,2272039
2019-08-21,1.1180,1.1200,1.1160,1.1180,556700,622150
2019-08-22,1.1150,1.1180,1.1130,1.1180,531700,593541
2019-08-23,1.1170,1.1230,1.1170,1.1210,1416000,1586502
2019-08-26,1.1150,1.1150,1.1080,1.1120,16833000,18706232
2019-08-27,1.1170,1.1300,1.1160,1.1270,2860100,3210468
2019-08-28,1.1270,1.1290,1.1230,1.1250,12396400,13948085
2019-08-29,1.1350,1.1350,1.1150,1.1160,22778600,25456546
2019-08-30,1.1200,1.1230,1.1120,1.1130,5844500,6516811
2019-09-02,1.1140,1.1240,1.1140,1.1220,3233100,3619339
2019-09-03,1.1210,1.1210,1.1160,1.1200,2870553,3207614
2019-09-04,1.1190,1.1280,1.1180,1.1270,2484499,2787400
2019-09-05,1.1300,1.1470,1.1300,1.1390,7723500,8819605
2019-09-06,1.1390,1.1410,1.1360,1.1410,6758600,7692193
2019-09-09,1.1520,1.1520,1.1420,1.1470,5368500,6152747
2019-09-10,1.1470,1.1470,1.1400,1.1440,2634000,3007219
2019-09-11,1.1420,1.1460,1.1420,1.1440,2797700,3201767
2019-09-12,1.1450,1.1510,1.1450,1.1510,9690900,11127205
2019-09-16,1.1510,1.1550,1.1440,1.1540,1961800,2259053
2019-09-17,1.1490,1.1490,1.1370,1.1390,4438300,5072817
2019-09-18,1.1390,1.1460,1.1390,1.1420,1230100,1405889
2019-09-19,1.1410,1.1450,1.1410,1.1440,725900,829928
2019-09-20,1.1440,1.1460,1.1430,1.1450,1714400,1961851
2019-09-23,1.1390,1.1390,1.1280,1.1340,4526400,5124419
2019-09-24,1.1340,1.1400,1.1330,1.1390,2576700,2928525
2019-09-25,1.1350,1.1350,1.1260,1.1270,7006700,7909298
2019-09-26,1.1270,1.1320,1.1250,1.1270,3267682,3692357
2019-09-27,1.1200,1.1260,1.1200,1.1250,3812600,4279378
2019-09-30,1.1360,1.1530,1.1190,1.1200,10500200,11795787
2019-10-08,1.1200,1.1300,1.1200,1.1270,4225900,4750550
2019-10-09,1.1230,1.1360,1.1230,1.1360,2538520,2875447
2019-10-10,1.1370,1.1430,1.1370,1.1430,751600,857230
2019-10-11,1.1440,1.1520,1.1430,1.1500,1723500,1978546
2019-10-14,1.1530,1.1680,1.1530,1.1650,2759200,3207211
2019-10-15,1.1650,1.1650,1.1580,1.1580,713600,827641
2019-10-16,1.1590,1.1680,1.1560,1.1570,1168700,1356597
2019-10-17,1.1570,1.1610,1.1520,1.1530,2705500,3127139
2019-10-18,1.1580,1.1580,1.1380,1.1400,3817300,4384856
2019-10-21,1.1380,1.1460,1.1360,1.1440,1664100,1899875
2019-10-22,1.1410,1.1470,1.1410,1.1470,310700,355332
2019-10-23,1.1470,1.1470,1.1390,1.1410,1369300,1564084
2019-10-24,1.1410,1.1450,1.1380,1.1430,714300,815016
2019-10-25,1.1430,1.1490,1.1400,1.1480,438300,501942
2019-10-28,1.1520,1.1530,1.1480,1.1520,1071900,1233825
2019-10-29,1.1490,1.1510,1.1440,1.1450,711300,815183
2019-10-30,1.1430,1.1430,1.1380,1.1410,1379800,1572632
2019-10-31,1.1410,1.1410,1.1320,1.1320,1189300,1351831
2019-11-01,1.1300,1.1470,1.1300,1.1430,1011000,1152540
2019-11-04,1.1510,1.1520,1.1490,1.1490,181700,208970
2019-11-05,1.1490,1.1640,1.1490,1.1590,953600,1106680
2019-11-06,1.1570,1.1570,1.1510,1.1510,528300,609496
2019-11-07,1.1540,1.1610,1.1540,1.1570,8909600,10296377
2019-11-08,1.1570,1.1610,1.1490,1.1490,2474500,2861151
2019-11-11,1.1460,1.1460,1.1310,1.1320,3271500,3711488
2019-11-12,1.1340,1.1350,1.1270,1.1320,3020200,3414297
2019-11-13,1.1280,1.1290,1.1240,1.1270,1501700,1692208
2019-11-14,1.1280,1.1290,1.1250,1.1260,1323400,1489657
2019-11-15,1.1220,1.1280,1.1220,1.1230,529700,595498
2019-11-18,1.1170,1.1390,1.1170,1.1350,7236800,8130871
2019-11-19,1.1370,1.1490,1.1370,1.1490,1458800,1664804
2019-11-20,1.1460,1.1480,1.1400,1.1430,1447400,1657240
2019-11-21,1.1370,1.1420,1.1350,1.1400,132300,150596
2019-11-22,1.1410,1.1490,1.1370,1.1390,1085000,1239028
2019-11-25,1.1450,1.1550,1.1450,1.1550,625100,719368
2019-11-26,1.1550,1.1590,1.1520,1.1550,493800,570822
2019-11-27,1.1520,1.1560,1.1500,1.1510,416000,480222
2019-11-28,1.1520,1.1530,1.1460,1.1470,310900,357162
2019-11-29,1.1460,1.1470,1.1420,1.1460,1024900,1171756
2019-12-02,1.1470,1.1520,1.1460,1.1480,1468300,1689584
2019-12-03,1.1450,1.1500,1.1440,1.1500,487400,559011
2019-12-04,1.1490,1.1510,1.1470,1.1470,86900,99710
2019-12-05,1.1520,1.1520,1.1480,1.1510,46800,53875
2019-12-06,1.1520,1.1540,1.1500,1.1530,133408,153753
2019-12-09,1.1570,1.1610,1.1570,1.1610,353500,409732
2019-12-10,1.1580,1.1600,1.1570,1.1600,792226,917371
2019-12-11,1.1610,1.1620,1.1560,1.1600,9403600,10882808
2019-12-12,1.1620,1.1640,1.1610,1.1630,1161900,1350871
2019-12-13,1.1630,1.1720,1.1630,1.1710,4935500,5764562
2019-12-16,1.1690,1.1780,1.1690,1.1780,1387700,1629675
2019-12-17,1.1700,1.1960,1.1700,1.1880,10605620,12527458
2019-12-18,1.1770,1.1920,1.1770,1.1850,17571300,20865022
2019-12-19,1.1870,1.1900,1.1850,1.1880,13029950,15483591
2019-12-20,1.1890,1.1910,1.1870,1.1880,8215950,9775071
2019-12-23,1.1860,1.1910,1.1750,1.1750,8072700,9557347
2019-12-24,1.1760,1.1780,1.1690,1.1780,2169700,2542550
2019-12-25,1.1750,1.1770,1.1730,1.1750,2635700,3098101
2019-12-26,1.1780,1.1850,1.1780,1.1840,403000,476545
2019-12-27,1.1880,1.1980,1.1870,1.1870,1837250,2189979
2019-12-30,1.1910,1.2070,1.1910,1.2050,7212430,8633453
2019-12-31,1.2060,1.2140,1.2030,1.2120,15790200,19070856
2020-01-02,1.2050,1.2340,1.2050,1.2280,7688500,9447043
2020-01-03,1.2270,1.2270,1.2210,1.2230,7056800,8640854
2020-01-06,1.2270,1.2320,1.2180,1.2220,12132100,14886793
2020-01-07,1.2230,1.2280,1.2220,1.2260,5656200,6932065
2020-01-08,1.2230,1.2230,1.2090,1.2100,4040100,4907154
2020-01-09,1.2270,1.2270,1.2170,1.2210,5984500,7302113
2020-01-10,1.2260,1.2260,1.2140,1.2180,2705800,3294222
2020-01-13,1.2130,1.2220,1.2110,1.2220,2200200,2675631
2020-01-14,1.2240,1.2260,1.2200,1.2230,3687632,4508195
2020-01-15,1.2230,1.2230,1.2110,1.2160,2352300,2852404
2020-01-16,1.2150,1.2150,1.2060,1.2080,1711500,2070234
2020-01-17,1.2100,1.2110,1.2030,1.2060,2407100,2911815
2020-01-20,1.2050,1.2050,1.2010,1.2050,1657000,1994160
2020-01-21,1.2070,1.2070,1.1850,1.1860,975400,1159196
2020-01-22,1.1830,1.1900,1.1730,1.1870,3358700,3961919
2020-01-23,1.1760,1.1810,1.1500,1.1560,1316700,1533207
2020-02-03,1.1290,1.1290,1.0400,1.0470,2288000,2431331
2020-02-04,1.0570,1.0890,1.0570,1.0860,6713200,7212095
2020-02-05,1.0830,1.1020,1.0830,1.0930,702300,766902
2020-02-06,1.0930,1.1080,1.0910,1.1060,959200,1053020
2020-02-07,1.1200,1.1200,1.0890,1.1000,1577413,1725241
2020-02-10,1.1000,1.1160,1.0920,1.1160,475200,526693
2020-02-11,1.1140,1.1280,1.1140,1.1220,1000500,1122396
2020-02-12,1.1220,1.1280,1.1190,1.1280,388100,435710
2020-02-13,1.1280,1.1340,1.1230,1.1230,1204300,1359100
2020-02-14,1.1250,1.1310,1.1230,1.1300,407700,459963
2020-02-17,1.1300,1.1520,1.1300,1.1520,920700,1047167
2020-02-18,1.1460,1.1510,1.1400,1.1460,1873400,2141669
2020-02-19,1.1460,1.1500,1.1420,1.1430,1271300,1457481
2020-02-20,1.1450,1.1570,1.1400,1.1570,18042000,20714348
2020-02-21,1.1480,1.1610,1.1480,1.1580,2555400,2949720
2020-02-24,1.1580,1.1580,1.1400,1.1440,4100400,4694579
2020-02-25,1.1200,1.1340,1.1090,1.1330,2346300,2644025
2020-02-26,1.1220,1.1500,1.1190,1.1400,2372300,2707313
2020-02-27,1.1450,1.1500,1.1440,1.1470,2194900,2515751
2020-02-28,1.1400,1.1410,1.1160,1.1200,3600300,4045758
2020-03-02,1.1300,1.1630,1.1300,1.1600,1493200,1725392
2020-03-03,1.1700,1.1710,1.1500,1.1600,1307832,1518567
2020-03-04,1.1690,1.1750,1.1580,1.1750,1925000,2241196
2020-03-05,1.1750,1.1900,1.1750,1.1890,521000,615482
2020-03-06,1.1800,1.1800,1.1680,1.1710,1320400,1546815
2020-03-09,1.1590,1.1590,1.1400,1.1410,1363600,1563507
2020-03-10,1.1420,1.1560,1.1300,1.1550,2144100,2461127
2020-03-11,1.1500,1.1560,1.1440,1.1450,1799800,2074478
2020-03-12,1.1440,1.1440,1.1230,1.1290,2985700,3361176
2020-03-13,1.1180,1.1180,1.0860,1.1090,1623000,1789779
2020-03-16,1.1100,1.1100,1.0800,1.0820,3169600,3456754
2020-03-17,1.0930,1.0930,1.0630,1.0810,2468900,2659843
2020-03-18,1.0840,1.0930,1.0610,1.0630,1818300,1969514
2020-03-19,1.0600,1.0630,1.0290,1.0440,5796900,6060828
2020-03-20,1.0540,1.0650,1.0500,1.0650,1794000,1891988
2020-03-23,1.0540,1.0540,1.0320,1.0340,4914800,5102054
2020-03-24,1.0400,1.0600,1.0400,1.0600,2226300,2344256
2020-03-25,1.0660,1.0860,1.0660,1.0830,3185900,3425830
2020-03-26,1.0720,1.0820,1.0480,1.0750,1771000,1909107
2020-03-27,1.0810,1.0910,1.0790,1.0830,708000,765515
2020-03-30,1.0690,1.0780,1.0680,1.0750,2009300,2151766
2020-03-31,1.0830,1.0830,1.0690,1.0710,2497200,2679898
2020-04-01,1.0730,1.0790,1.0660,1.0660,2470300,2654006
2020-04-02,1.0640,1.0770,1.0610,1.0770,994600,1064688
2020-04-03,1.0750,1.0780,1.0700,1.0740,1036400,1114287
2020-04-07,1.0870,1.0900,1.0850,1.0900,190800,207365
2020-04-08,1.0900,1.0900,1.0790,1.0870,1175700,1277714
2020-04-09,1.0890,1.0910,1.0870,1.0900,1053600,1147132
2020-04-10,1.0900,1.0960,1.0840,1.0850,763800,834340
2020-04-13,1.0810,1.0850,1.0790,1.0850,920300,998021
2020-04-14,1.0900,1.0940,1.0880,1.0940,63500,69264
2020-04-15,1.0910,1.0920,1.0880,1.0880,1141700,1244312
2020-04-16,1.0830,1.0870,1.0830,1.0860,1312600,1422529
2020-04-17,1.0890,1.0970,1.0890,1.0920,2864300,3127364
2020-04-20,1.0910,1.0960,1.0890,1.0960,2634400,2877552
2020-04-21,1.0910,1.0910,1.0820,1.0860,4962700,5381363
2020-04-22,1.0810,1.0870,1.0800,1.0860,682500,739776
2020-04-23,1.0890,1.0900,1.0860,1.0860,440800,479647
2020-04-24,1.0840,1.0860,1.0770,1.0780,565200,610402
2020-04-27,1.0850,1.0920,1.0850,1.0870,937500,1019937
2020-04-28,1.0940,1.0940,1.0730,1.0880,190200,206164
2020-04-29,1.0960,1.1070,1.0960,1.1070,2888400,3186105
2020-04-30,1.1070,1.1180,1.1070,1.1180,275400,307152
2020-05-06,1.1180,1.1180,1.1050,1.1160,4088600,4526940
2020-05-07,1.1110,1.1160,1.1100,1.1160,1876200,2086250
2020-05-08,1.1170,1.1250,1.1170,1.1220,1176300,1316815
2020-05-11,1.1250,1.1300,1.1250,1.1290,6635600,7484079
2020-05-12,1.1180,1.1300,1.1180,1.1210,1392900,1566736
2020-05-13,1.1180,1.1240,1.1180,1.1240,1427100,1600688
2020-05-14,1.1190,1.1190,1.1090,1.1110,2431300,2711338
2020-05-15,1.1160,1.1160,1.1080,1.1080,321900,358744
2020-05-18,1.1080,1.1150,1.1060,1.1130,1740800,1933878
2020-05-19,1.1020,1.1300,1.0610,1.1160,259700,289342
2020-05-20,1.1160,1.1160,1.1110,1.1110,1424900,1584302
2020-05-21,1.1140,1.1160,1.1100,1.1110,2634600,2932999
2020-05-22,1.1040,1.1060,1.0890,1.0910,1925800,2104920
2020-05-25,1.0870,1.0950,1.0870,1.0950,3600800,3930433
2020-05-26,1.0970,1.0990,1.0940,1.0990,4861700,5328829
2020-05-27,1.1010,1.1030,1.0990,1.1010,629600,693710
2020-05-28,1.1090,1.1120,1.1030,1.1060,1525000,1686677
2020-05-29,1.0950,1.1120,1.0950,1.1040,4025400,4440863
2020-06-01,1.1110,1.1220,1.1090,1.1210,3415500,3803782
2020-06-02,1.1300,1.1400,1.1100,1.1250,1628300,1829664
2020-06-03,1.1300,1.1370,1.1260,1.1260,2132000,2405821
2020-06-04,1.1260,1.1300,1.1240,1.1290,7487300,8436894
2020-06-05,1.1290,1.1290,1.1220,1.1250,2725200,3065436
2020-06-08,1.1260,1.1350,1.1260,1.1320,2503800,2832260
2020-06-09,1.1340,1.1380,1.1340,1.1370,3020300,3432040
2020-06-10,1.1370,1.1370,1.1340,1.1370,2160000,2454309
2020-06-11,1.1350,1.1360,1.1250,1.1260,2777900,3143749
2020-06-12,1.1150,1.1280,1.1150,1.1280,3173100,3562509
2020-06-15,1.1280,1.1290,1.1180,1.1180,3832800,4308758
2020-06-16,1.1220,1.1300,1.1220,1.1300,2034000,2288563
2020-06-17,1.1290,1.1350,1.1290,1.1350,2022300,2290835
2020-06-18,1.1310,1.1400,1.1310,1.1400,2855300,3246333
2020-06-19,1.1410,1.1440,1.1390,1.1440,7572400,8635038
2020-06-22,1.1440,1.1440,1.1360,1.1360,4278200,4880518
2020-06-23,1.1350,1.1360,1.1320,1.1320,2914400,3304942
2020-06-24,1.1320,1.1400,1.1320,1.1370,6701400,7631821
2020-06-29,1.1380,1.1390,1.1300,1.1310,1732200,1960349
2020-06-30,1.1380,1.1430,1.1380,1.1420,5750000,6549216
2020-07-01,1.1460,1.1730,1.1460,1.1730,6735900,7833961
2020-07-02,1.1740,1.2070,1.1740,1.2060,6662800,7922216
2020-07-03,1.2070,1.2240,1.2070,1.2230,6879208,8394212
2020-07-06,1.2250,1.3080,1.2250,1.3040,9034995,11490697
2020-07-07,1.3060,1.3590,1.2950,1.3010,7921800,10363783
2020-07-08,1.3220,1.3220,1.2860,1.3040,2571700,3335950
2020-07-09,1.3040,1.3160,1.2940,1.3150,4801833,6258307
2020-07-10,1.3170,1.3170,1.2810,1.2860,7084600,9146832
2020-07-13,1.2860,1.3220,1.2860,1.3190,4688800,6141376
2020-07-14,1.3200,1.3280,1.2920,1.3120,7068700,9283074
2020-07-15,1.3190,1.3190,1.2850,1.2980,9819200,12824147
2020-07-16,1.3010,1.3320,1.2780,1.2810,5567300,7308217
2020-07-17,1.2810,1.2990,1.2700,1.2760,2938700,3793623
2020-07-20,1.2750,1.3300,1.2750,1.3280,1487300,1931942
2020-07-21,1.3280,1.3330,1.3210,1.3250,3168700,4201370
2020-07-22,1.3250,1.3390,1.3200,1.3260,2307400,3064638
2020-07-23,1.3250,1.3250,1.2980,1.3140,1673300,2186830
2020-07-24,1.3090,1.3130,1.2680,1.2740,1057300,1375821
2020-07-27,1.2800,1.2810,1.2620,1.2650,4027900,5115732
2020-07-28,1.2720,1.2770,1.2660,1.2730,505900,642049
2020-07-29,1.2670,1.2900,1.2670,1.2900,420700,535339
2020-07-30,1.2910,1.3070,1.2910,1.3010,1153500,1504360
2020-07-31,1.3020,1.3160,1.2980,1.3110,6396400,8353158
2020-08-03,1.3110,1.3480,1.3110,1.3460,3263800,4363288
2020-08-04,1.3460,1.3590,1.3430,1.3490,677800,915920
2020-08-05,1.3390,1.3460,1.3300,1.3410,380500,510525
2020-08-06,1.3390,1.3400,1.3300,1.3380,101400,135546
2020-08-07,1.3370,1.3430,1.3250,1.3410,89900,119736
2020-08-10,1.3420,1.3580,1.3380,1.3530,180800,244093
2020-08-11,1.3590,1.3690,1.3480,1.3480,1896038,2587484
2020-08-12,1.3490,1.3490,1.3240,1.3400,215000,286903
2020-08-13,1.3440,1.3590,1.3440,1.3520,256400,346538
2020-08-14,1.3480,1.3600,1.3480,1.3600,999900,1357983
2020-08-17,1.3680,1.4040,1.3670,1.3970,1120400,1548409
2020-08-18,1.3970,1.4040,1.3950,1.3980,718600,1004836
2020-08-19,1.3990,1.4050,1.3880,1.3910,3521300,4902562
2020-08-20,1.3850,1.3890,1.3740,1.3750,1261621,1739453
2020-08-21,1.3750,1.3830,1.3690,1.3730,1488600,2047395
2020-08-24,1.3770,1.3870,1.3770,1.3820,1268100,1756041
2020-08-25,1.3880,1.3930,1.3740,1.3760,1420600,1965026
2020-08-26,1.3750,1.3750,1.3530,1.3570,2232300,3036554
2020-08-27,1.3580,1.3580,1.3470,1.3550,493900,669331
2020-08-28,1.3540,1.3760,1.3520,1.3760,3520600,4796661
2020-08-31,1.3820,1.3820,1.3660,1.3670,775900,1065208
2020-09-01,1.3560,1.3600,1.3500,1.3600,7371247,10002227
2020-09-02,1.3620,1.3620,1.3450,1.3530,889400,1204911
2020-09-03,1.3490,1.3600,1.3450,1.3470,10831500,14688719
2020-09-04,1.3470,1.3470,1.3270,1.3400,1319200,1760549
2020-09-07,1.3400,1.3490,1.3230,1.3240,1433300,1905228
2020-09-08,1.3250,1.3350,1.3210,1.3310,751700,1000616
2020-09-09,1.3310,1.3310,1.3080,1.3100,96300,126669
2020-09-10,1.3180,1.3240,1.3050,1.3050,582500,764160
2020-09-11,1.3020,1.3050,1.2950,1.3050,26600,34591
2020-09-14,1.3100,1.3110,1.3020,1.3050,343200,448211
2020-09-15,1.3060,1.3710,1.3030,1.3100,103800,137486
2020-09-16,1.3090,1.3200,1.3090,1.3130,86100,113274
2020-09-17,1.3150,1.3230,1.3100,1.3170,2610433,3438957
2020-09-18,1.3250,1.3470,1.3250,1.3470,551900,737227
2020-09-21,1.3470,1.3470,1.3350,1.3370,109700,146695
2020-09-22,1.3270,1.3290,1.3170,1.3170,113600,149737
2020-09-23,1.3180,1.3210,1.3130,1.3150,1210800,1593424
2020-09-24,1.3110,1.3110,1.2940,1.2970,2792532,3621748
2020-09-25,1.2980,1.2980,1.2860,1.2900,1356300,1753114
2020-09-28,1.2970,1.3000,1.2920,1.2960,5277100,6839318
2020-09-29,1.2920,1.3020,1.2920,1.2950,3029600,3937852
2020-09-30,1.2960,1.2980,1.2820,1.2870,372900,479965
2020-10-09,1.3030,1.3100,1.3030,1.3070,320800,418973
2020-10-12,1.3090,1.3310,1.3090,1.3290,375100,496657
2020-10-13,1.3120,1.3320,1.3120,1.3320,2002600,2662338
2020-10-14,1.3330,1.3330,1.3250,1.3270,525900,698012
2020-10-15,1.3280,1.3320,1.3260,1.3260,1544200,2054287
2020-10-16,1.3270,1.3380,1.3270,1.3330,3109800,4143316
2020-10-19,1.3410,1.3510,1.3280,1.3280,1860200,2492579
2020-10-20,1.3240,1.3280,1.3230,1.3280,533500,707980
2020-10-21,1.3280,1.3310,1.3210,1.3310,2752500,3640590
2020-10-22,1.3230,1.3250,1.3180,1.3250,516300,682070
2020-10-23,1.3260,1.3290,1.3200,1.3200,165700,219941
2020-10-26,1.3160,1.3160,1.3090,1.3150,102000,133786
2020-10-27,1.3120,1.3120,1.3070,1.3100,32500,42582
2020-10-28,1.3000,1.3080,1.2990,1.3070,49000,63885
2020-10-29,1.3070,1.3220,1.3070,1.3200,73300,96434
2020-10-30,1.3200,1.3200,1.2990,1.2990,225200,294271
2020-11-02,1.3020,1.3160,1.3020,1.3140,108300,142310
2020-11-03,1.3180,1.3260,1.3180,1.3260,27100,35853
2020-11-04,1.3260,1.3380,1.3260,1.3360,250700,334674
2020-11-05,1.3410,1.3510,1.3410,1.3510,1052400,1416006
2020-11-06,1.3520,1.3570,1.3460,1.3570,172600,233779
2020-11-09,1.3660,1.3800,1.3660,1.3780,789700,1083349
2020-11-10,1.3810,1.3840,1.3750,1.3770,465300,641581
2020-11-11,1.3780,1.3960,1.3760,1.3850,448400,620145
2020-11-12,1.3800,1.3900,1.3800,1.3900,220800,304789
2020-11-13,1.3890,1.3890,1.3620,1.3660,29700,40641
2020-11-16,1.3840,1.4120,1.3840,1.4120,630400,886024
2020-11-17,1.4130,1.4210,1.4080,1.4120,1249000,1768885
2020-11-18,1.4130,1.4220,1.4110,1.4200,1503200,2128764
2020-11-19,1.4200,1.4200,1.4050,1.4100,291600,410557
2020-11-20,1.4060,1.4170,1.4060,1.4160,771000,1090422
2020-11-23,1.4200,1.4460,1.4200,1.4390,716900,1024796
2020-11-24,1.4400,1.4400,1.4280,1.4290,1229700,1759040
2020-11-25,1.4300,1.4380,1.4100,1.4100,2056200,2931830
2020-11-26,1.4110,1.4140,1.4010,1.4130,247900,349465
2020-11-27,1.4170,1.4220,1.4030,1.4220,119700,169922
2020-11-30,1.4320,1.4430,1.4120,1.4330,72000,103193
2020-12-01,1.4320,1.4320,1.4050,1.4250,167600,237663
2020-12-02,1.4240,1.4290,1.4200,1.4280,69700,99359
2020-12-03,1.4270,1.4270,1.4100,1.4100,17400,24629
2020-12-04,1.4090,1.4090,1.3990,1.4080,88700,124556
2020-12-07,1.4090,1.4090,1.3890,1.3890,116100,161740
2020-12-08,1.3890,1.3950,1.3850,1.3860,66200,92277
2020-12-09,1.3880,1.3880,1.3690,1.3710,77600,107165
2020-12-10,1.3710,1.3720,1.3660,1.3660,8031,11002
2020-12-11,1.3670,1.3720,1.3590,1.3670,2628000,3600079
2020-12-14,1.3600,1.3620,1.3530,1.3550,88400,119794
2020-12-15,1.3560,1.3560,1.3400,1.3510,92800,124817
2020-12-16,1.3510,1.3520,1.3450,1.3470,70100,94669
2020-12-17,1.3470,1.3560,1.3330,1.3520,71400,96284
2020-12-18,1.3520,1.3660,1.3520,1.3630,212700,289594
2020-12-21,1.3630,1.3650,1.3510,1.3600,349000,473901
2020-12-22,1.3470,1.3500,1.3310,1.3310,86800,116812
2020-12-23,1.3310,1.3360,1.3270,1.3300,177900,236898
2020-12-24,1.3300,1.3330,1.3170,1.3200,91100,120676
2020-12-25,1.3200,1.3340,1.3160,1.3320,957600,1266885
2020-12-28,1.3320,1.3320,1.3210,1.3240,175300,232382
2020-12-29,1.3240,1.3260,1.3180,1.3190,71600,94802
2020-12-30,1.3140,1.3260,1.3140,1.3230,12600,16633
2020-12-31,1.3240,1.3340,1.3210,1.3280,811400,1076133
2021-01-04,1.3310,1.3310,1.3130,1.3200,487800,644234
2021-01-05,1.3180,1.3190,1.3020,1.3190,363900,477566
2021-01-06,1.3180,1.3320,1.3180,1.3320,1808400,2398374
2021-01-07,1.3330,1.3410,1.3260,1.3340,1778000,2372819
2021-01-08,1.3340,1.3380,1.3240,1.3360,912800,1217245
2021-01-11,1.3360,1.3390,1.3220,1.3240,1166300,1551100
2021-01-12,1.3250,1.3260,1.3130,1.3260,1395715,1838021
2021-01-13,1.3260,1.3290,1.3130,1.3240,376100,496497
2021-01-14,1.3240,1.3340,1.3170,1.3210,466400,617005
2021-01-15,1.3200,1.3390,1.3200,1.3310,1902100,2532571
2021-01-18,1.3350,1.3410,1.3280,1.3380,1211900,1616457
2021-01-19,1.3380,1.3610,1.3290,1.3510,1612400,2171657
2021-01-20,1.3520,1.3520,1.3330,1.3370,2950300,3946791
2021-01-21,1.3360,1.3450,1.3350,1.3380,1857409,2489192
2021-01-22,1.3380,1.3380,1.3150,1.3160,560000,738702
2021-01-25,1.3170,1.3170,1.2980,1.3040,561300,730205
2021-01-26,1.3040,1.3070,1.2960,1.3000,454500,590477
2021-01-27,1.3000,1.3120,1.3000,1.3010,889700,1163649
2021-01-28,1.3010,1.3010,1.2850,1.2850,171400,220902
2021-01-29,1.2850,1.2950,1.2790,1.2830,666300,860246
2021-02-01,1.2880,1.2980,1.2820,1.2980,389300,502051
2021-02-02,1.2990,1.3000,1.2890,1.2930,704800,909786
2021-02-03,1.2900,1.2930,1.2760,1.2910,12732400,16366566
2021-02-04,1.2840,1.2900,1.2770,1.2840,686100,879844
2021-02-05,1.2920,1.3080,1.2910,1.3030,2766200,3599919
2021-02-08,1.3020,1.3100,1.3000,1.3040,248000,323991
2021-02-09,1.3040,1.3100,1.2980,1.3080,745100,971428
2021-02-10,1.3170,1.3170,1.3100,1.3160,534200,700898
2021-02-18,1.3160,1.3440,1.3160,1.3430,1562900,2093009
2021-02-19,1.3420,1.3660,1.3400,1.3660,3782700,5114106
2021-02-22,1.3660,1.3990,1.3660,1.3810,1463800,2017496
2021-02-23,1.3810,1.3950,1.3640,1.3660,1144000,1567738
2021-02-24,1.3650,1.3780,1.3550,1.3640,441200,604210
2021-02-25,1.3660,1.4100,1.3660,1.3960,2037700,2852696
2021-02-26,1.3970,1.3970,1.3690,1.3700,1737400,2388662
2021-03-01,1.3700,1.3870,1.3700,1.3860,1099587,1518101
2021-03-02,1.3880,1.4010,1.3700,1.3790,1025700,1431392
2021-03-03,1.3820,1.4100,1.3820,1.4100,3983300,5579486
2021-03-04,1.4100,1.4200,1.3990,1.4110,4190900,5923846
2021-03-05,1.4080,1.4080,1.3780,1.3900,527500,729133
2021-03-08,1.3910,1.4100,1.3820,1.3820,1013300,1416383
2021-03-09,1.3820,1.3820,1.3610,1.3710,589000,805490
2021-03-10,1.3700,1.3730,1.3500,1.3600,259700,353062
2021-03-11,1.3740,1.3900,1.3720,1.3890,551400,762044
2021-03-12,1.3900,1.4250,1.3900,1.4200,1049600,1487582
2021-03-15,1.4200,1.4350,1.4200,1.4270,811600,1157764
2021-03-16,1.4300,1.4350,1.4190,1.4340,226600,324513
2021-03-17,1.4340,1.4340,1.4170,1.4250,525800,747620
2021-03-18,1.4250,1.4370,1.4210,1.4280,571400,815910
2021-03-19,1.4280,1.4280,1.4070,1.4110,308800,438903
2021-03-22,1.4110,1.4290,1.4110,1.4270,1590500,2269088
2021-03-23,1.4250,1.4250,1.4070,1.4070,79100,112022
2021-03-24,1.4060,1.4060,1.3870,1.3930,231200,322757
2021-03-25,1.3940,1.3980,1.3850,1.3910,39900,55526
2021-03-26,1.3900,1.4020,1.3900,1.4020,36400,50871
2021-03-29,1.4070,1.4260,1.4070,1.4250,139600,198735
2021-03-30,1.4080,1.4220,1.4080,1.4210,200900,283937
2021-03-31,1.4200,1.4210,1.4130,1.4190,72500,102912
2021-04-01,1.4190,1.4280,1.4170,1.4280,51600,73382
2021-04-02,1.4290,1.4290,1.4140,1.4160,59100,83892
2021-04-06,1.4170,1.4170,1.4120,1.4160,60900,86243
2021-04-07,1.4150,1.4290,1.4150,1.4270,134600,191717
2021-04-08,1.4300,1.4310,1.4200,1.4250,61100,87224
2021-04-09,1.4210,1.4280,1.4210,1.4250,223900,319010
2021-04-12,1.4260,1.4290,1.4220,1.4250,62600,89266
2021-04-13,1.4260,1.4260,1.4150,1.4170,76500,108484
2021-04-14,1.4150,1.4280,1.4150,1.4240,53400,75848
2021-04-15,1.4250,1.4260,1.4170,1.4260,57700,82118
2021-04-16,1.4250,1.4470,1.4250,1.4470,658800,949942
2021-04-19,1.4470,1.4470,1.4400,1.4430,2535800,3662358
2021-04-20,1.4420,1.4430,1.4360,1.4380,1873300,2696181
2021-04-21,1.4340,1.4470,1.4310,1.4430,2185500,3153401
2021-04-22,1.4430,1.4530,1.4400,1.4430,1603700,2315618
2021-04-23,1.4400,1.4400,1.4250,1.4320,873500,1251327
2021-04-26,1.4370,1.4430,1.4270,1.4270,1990600,2848848
2021-04-27,1.4270,1.4270,1.4150,1.4220,1333100,1891558
2021-04-28,1.4400,1.4400,1.4130,1.4330,3641000,5201070
2021-04-29,1.4330,1.4500,1.4310,1.4490,152500,219916
2021-04-30,1.4480,1.4480,1.4310,1.4370,163000,233851
2021-05-06,1.4370,1.4670,1.4370,1.4530,353500,515741
2021-05-07,1.4580,1.4700,1.4490,1.4630,855600,1254141
2021-05-10,1.4670,1.4770,1.4580,1.4770,409300,598403
2021-05-11,1.4770,1.4770,1.4440,1.4670,510800,742418
2021-05-12,1.4670,1.4830,1.4670,1.4820,665600,983776
2021-05-13,1.4840,1.4850,1.4740,1.4780,1128200,1668991
2021-05-14,1.4810,1.4880,1.4720,1.4750,396500,584631
2021-05-17,1.4750,1.4900,1.4750,1.4830,630700,934448
2021-05-18,1.4840,1.4870,1.4820,1.4870,237900,353075
2021-05-19,1.4880,1.4900,1.4810,1.4850,141700,210489
2021-05-20,1.4670,1.4710,1.4550,1.4650,238500,348190
2021-05-21,1.4650,1.4750,1.4600,1.4710,33700,49382
2021-05-24,1.4710,1.4850,1.4710,1.4810,585000,867034
2021-05-25,1.4820,1.5050,1.4820,1.5030,609700,909752
2021-05-26,1.5110,1.5180,1.5090,1.5110,1663700,2518253
2021-05-27,1.5110,1.5210,1.5090,1.5210,1126300,1705965
2021-05-28,1.5260,1.5380,1.5250,1.5280,1580900,2422640
2021-05-31,1.5260,1.5370,1.5180,1.5370,4460600,6816529
2021-06-01,1.5370,1.5390,1.5180,1.5370,929200,1422539
2021-06-02,1.5340,1.5420,1.5300,1.5400,457900,702758
2021-06-03,1.5400,1.5500,1.5360,1.5360,319900,493960
2021-06-04,1.5240,1.5470,1.5210,1.5330,739900,1133208
2021-06-07,1.5330,1.5330,1.5130,1.5170,274300,416777
2021-06-08,1.5200,1.5230,1.5130,1.5220,2507700,3798698
2021-06-09,1.5220,1.5310,1.5180,1.5240,134000,204332
2021-06-10,1.5220,1.5300,1.5190,1.5240,70700,107759
2021-06-11,1.5240,1.5290,1.5190,1.5200,773600,1181312
2021-06-15,1.5260,1.5260,1.4990,1.5030,217800,328905
2021-06-16,1.5030,1.5140,1.4970,1.5020,152800,229411
2021-06-17,1.5020,1.5140,1.4970,1.5010,260500,391833
2021-06-18,1.5010,1.5010,1.4880,1.4940,222300,332039
2021-06-21,1.4680,1.4990,1.4680,1.4910,539600,804034
2021-06-22,1.4910,1.5050,1.4910,1.4990,357800,536102
2021-06-23,1.5000,1.5220,1.4940,1.5170,2458700,3708462
2021-06-24,1.5150,1.5250,1.5080,1.5170,2953300,4473687
2021-06-25,1.5130,1.5200,1.5090,1.5170,6274700,9499366
2021-06-28,1.5170,1.5170,1.4940,1.4960,1969200,2948012
2021-06-29,1.4960,1.4990,1.4820,1.4920,1184700,1768867
2021-06-30,1.4920,1.4990,1.4900,1.4990,1457600,2181040
2021-07-01,1.4990,1.5270,1.4980,1.5130,351200,532459
2021-07-02,1.5130,1.5880,1.4920,1.4950,744800,1140722
2021-07-05,1.4960,1.4960,1.4830,1.4890,385700,573108
2021-07-06,1.4890,1.4970,1.4880,1.4940,1674400,2501087
2021-07-07,1.4940,1.4980,1.4860,1.4900,1558200,2320629
2021-07-08,1.4900,1.4900,1.4670,1.4670,555700,816247
2021-07-09,1.4670,1.4820,1.4650,1.4780,166000,244122
2021-07-12,1.4820,1.4880,1.4700,1.4720,2340900,3445559
2021-07-13,1.4720,1.4790,1.4650,1.4790,3241300,4773474
2021-07-14,1.4780,1.4950,1.4780,1.4910,2657700,3938913
2021-07-15,1.4820,1.4900,1.4740,1.4890,1322700,1968559
2021-07-16,1.4890,1.5060,1.4890,1.4980,1289800,1934438
2021-07-19,1.5300,1.5300,1.4960,1.5020,1652600,2477775
2021-07-20,1.5020,1.5020,1.4890,1.4970,1963000,2930949
2021-07-21,1.5040,1.5040,1.4820,1.4930,4566200,6782171
2021-07-22,1.4900,1.5020,1.4900,1.5020,3473000,5186400
2021-07-23,1.5030,1.5090,1.4920,1.4950,1407600,2111077
2021-07-26,1.4950,1.4950,1.4520,1.4620,1244817,1821295
2021-07-27,1.4620,1.4650,1.4210,1.4220,986400,1436504
2021-07-28,1.4260,1.4270,1.4020,1.4200,1782800,2525238
2021-07-29,1.4200,1.4260,1.4130,1.4210,1865000,2641539
2021-07-30,1.4210,1.4390,1.4080,1.4210,2297300,3250084
2021-08-02,1.4230,1.4260,1.3830,1.4170,1422600,1997029
2021-08-03,1.4150,1.4190,1.4040,1.4060,683900,965286
2021-08-04,1.4080,1.4170,1.4060,1.4170,889200,1252855
2021-08-05,1.4260,1.4320,1.4140,1.4170,1077300,1533681
2021-08-06,1.4170,1.4260,1.4090,1.4260,1651300,2343735
2021-08-09,1.4260,1.4550,1.4240,1.4470,1899400,2737268
2021-08-10,1.4470,1.4490,1.4390,1.4480,2068500,2988584
2021-08-11,1.4480,1.4860,1.4480,1.4850,982300,1451460
2021-08-12,1.4850,1.5040,1.4850,1.5030,2451100,3679247
2021-08-13,1.5010,1.5050,1.4960,1.5010,681100,1023337
2021-08-16,1.5110,1.5270,1.5050,1.5140,2626200,3972161
2021-08-17,1.5130,1.5140,1.4880,1.4910,2561200,3857487
2021-08-18,1.4890,1.4990,1.4880,1.4970,1324700,1979123
2021-08-19,1.4940,1.4940,1.4760,1.4810,1254900,1855335
2021-08-20,1.4780,1.4840,1.4680,1.4840,1486400,2189726
2021-08-23,1.4950,1.4990,1.4900,1.4970,338500,506098
2021-08-24,1.5020,1.5060,1.4940,1.5020,2540700,3814562
2021-08-25,1.5040,1.5130,1.5000,1.5120,2510000,3783629
2021-08-26,1.5110,1.5360,1.5110,1.5310,4498500,6864993
2021-08-27,1.5310,1.5420,1.5180,1.5390,954300,1462366
2021-08-30,1.5450,1.5480,1.5300,1.5480,1511100,2323898
2021-08-31,1.5480,1.6000,1.5480,1.6000,1302600,2036302
2021-09-01,1.5930,1.6000,1.5750,1.5880,2009000,3197942
2021-09-02,1.5880,1.6180,1.5880,1.6180,1804400,2901795
2021-09-03,1.6180,1.6280,1.6030,1.6140,2510000,4043439
2021-09-06,1.6160,1.6290,1.6080,1.6260,2017000,3269066
2021-09-07,1.6370,1.6630,1.6320,1.6590,1246900,2053677
2021-09-08,1.6440,1.6930,1.6440,1.6920,2208400,3714627
2021-09-09,1.6920,1.7440,1.6820,1.7440,2329000,3999775
2021-09-10,1.7440,1.7540,1.7200,1.7290,3103600,5379704
2021-09-13,1.7340,1.7760,1.7290,1.7730,1714200,3026265
2021-09-14,1.7720,1.7760,1.7320,1.7380,1878600,3305797
2021-09-15,1.7380,1.7510,1.7200,1.7290,1918700,3329641
2021-09-16,1.7290,1.7710,1.7200,1.7200,985800,1723721
2021-09-17,1.7180,1.7440,1.6660,1.6850,1747400,2971596
2021-09-22,1.6870,1.7360,1.6350,1.7360,1324400,2255017
2021-09-23,1.7400,1.7980,1.7240,1.7350,1091000,1904933
2021-09-24,1.7350,1.7350,1.6720,1.6720,629900,1063047
2021-09-27,1.6760,1.6880,1.6230,1.6370,1254400,2057487
2021-09-28,1.6480,1.6820,1.6460,1.6800,2408400,3999954
2021-09-29,1.6800,1.6810,1.6330,1.6360,1350300,2220916
2021-09-30,1.6350,1.6580,1.6240,1.6580,216800,355570
2021-10-08,1.6730,1.6730,1.6340,1.6420,322600,530412
2021-10-11,1.6430,1.6630,1.6420,1.6580,641000,1060684
2021-10-12,1.6580,1.6770,1.6240,1.6470,1349500,2218623
2021-10-13,1.6470,1.6470,1.5970,1.6180,1149100,1859696
2021-10-14,1.6180,1.6180,1.5930,1.6050,1434300,2311101
2021-10-15,1.6040,1.6170,1.5920,1.6140,2322900,3716542
2021-10-18,1.6140,1.6450,1.6090,1.6450,1830900,2985912
2021-10-19,1.6450,1.6750,1.6320,1.6450,1367200,2256083
2021-10-20,1.6450,1.6450,1.6050,1.6130,8298400,13382266
2021-10-21,1.6120,1.6500,1.6120,1.6390,3280100,5345840
2021-10-25,0.8700,0.8700,0.7910,0.8010,4935000,3943513
2021-10-26,0.8010,0.8040,0.7940,0.7960,7219900,5771270
2021-10-27,0.7950,0.7950,0.7780,0.7820,2019000,1585994
2021-10-28,0.7800,0.7870,0.7570,0.7590,3198000,2432315
2021-10-29,0.7600,0.7600,0.7490,0.7550,9432600,7116885
2021-11-01,0.7560,0.7660,0.7530,0.7620,20876700,15814926
2021-11-02,0.7620,0.7630,0.7370,0.7440,7017000,5265975
2021-11-03,0.7440,0.7610,0.7440,0.7600,2825700,2136852
2021-11-04,0.7600,0.7600,0.7510,0.7570,2642500,1989572
2021-11-05,0.7610,0.7610,0.7410,0.7420,1448300,1076700
2021-11-08,0.7430,0.7480,0.7400,0.7430,1130600,842212
2021-11-09,0.7420,0.7430,0.7390,0.7420,294300,217778
2021-11-10,0.7370,0.7400,0.7260,0.7400,1002700,731616
2021-11-11,0.7450,0.7560,0.7430,0.7550,3981200,2993975
2021-11-12,0.7550,0.7550,0.7480,0.7510,7228500,5431080
2021-11-15,0.7560,0.7560,0.7450,0.7490,295700,221249
2021-11-16,0.7480,0.7500,0.7440,0.7440,1286800,960771
2021-11-17,0.7440,0.7440,0.7400,0.7430,794500,588787
2021-11-18,0.7480,0.7480,0.7400,0.7410,967700,718342
2021-11-19,0.7390,0.7530,0.7370,0.7520,1648000,1231213
2021-11-22,0.7520,0.7550,0.7500,0.7520,663700,499289
2021-11-23,0.7520,0.7610,0.7510,0.7590,1171100,887784
2021-11-24,0.7590,0.7690,0.7570,0.7690,2683500,2053277
2021-11-25,0.7690,0.7760,0.7640,0.7670,3183600,2439185
2021-11-26,0.7670,0.7670,0.7560,0.7560,436000,330071
2021-11-29,0.7520,0.7750,0.7440,0.7490,1645500,1230170
2021-11-30,0.7510,0.7550,0.7470,0.7480,3176500,2383155
2021-12-01,0.7490,0.7600,0.7490,0.7580,4483800,3393918
2021-12-02,0.7600,0.7650,0.7560,0.7630,3384200,2572443
2021-12-03,0.7630,0.7790,0.7570,0.7760,3985700,3076290
2021-12-06,0.7750,0.7840,0.7720,0.7730,1768500,1376789
2021-12-07,0.7730,0.7850,0.7710,0.7840,1732700,1352948
2021-12-08,0.7840,0.7850,0.7760,0.7850,538100,420228
2021-12-09,0.7830,0.7900,0.7820,0.7870,1786400,1405412
2021-12-10,0.7850,0.7870,0.7810,0.7840,7863600,6163360
2021-12-13,0.7840,0.7860,0.7780,0.7790,4340300,3385210
2021-12-14,0.7760,0.7760,0.7670,0.7690,559100,430369
2021-12-15,0.7690,0.7780,0.7670,0.7760,4461500,3434406
2021-12-16,0.7760,0.7880,0.7760,0.7870,3578100,2802396
2021-12-17,0.7880,0.7910,0.7860,0.7880,3402700,2683367
2021-12-20,0.7880,0.7900,0.7840,0.7840,4130000,3251099
2021-12-21,0.7860,0.7990,0.7860,0.7980,4506600,3591981
2021-12-22,0.7950,0.7970,0.7920,0.7950,2092400,1662653
2021-12-23,0.7950,0.8000,0.7930,0.7990,3347300,2667205
2021-12-24,0.7950,0.7960,0.7910,0.7930,1874000,1488841
2021-12-27,0.7960,0.7990,0.7950,0.7970,154700,123302
2021-12-28,0.7960,0.7960,0.7880,0.7910,2826300,2235226
2021-12-29,0.7860,0.7910,0.7860,0.7880,5729000,4513963
2021-12-30,0.7850,0.7920,0.7850,0.7890,4002400,3162414
2021-12-31,0.7920,0.7960,0.7920,0.7950,7069300,5618188
2022-01-04,0.7950,0.8100,0.7950,0.8090,5666200,4554650
2022-01-05,0.8090,0.8140,0.8060,0.8120,5776600,4680417
2022-01-06,0.8120,0.8190,0.8120,0.8180,4752700,3874935
2022-01-07,0.8200,0.8300,0.8200,0.8250,4958800,4098879
2022-01-10,0.8250,0.8300,0.8220,0.8290,6907600,5700940
2022-01-11,0.8320,0.8390,0.8280,0.8320,5006400,4172809
2022-01-12,0.8310,0.8310,0.8200,0.8270,2731500,2256175
2022-01-13,0.8260,0.8390,0.8230,0.8350,8379900,6955922
2022-01-14,0.8380,0.8380,0.8090,0.8100,11869800,9640210
2022-01-17,0.8100,0.8150,0.7950,0.8130,4534500,3679809
2022-01-18,0.8130,0.8240,0.8080,0.8200,6353700,5202852
2022-01-19,0.8220,0.8360,0.8220,0.8350,9711700,8064367
2022-01-20,0.8350,0.8370,0.8260,0.8290,6580300,5464610
2022-01-21,0.8290,0.8290,0.8190,0.8210,6496500,5337031
2022-01-24,0.8250,0.8270,0.8120,0.8220,5914300,4866505
2022-01-25,0.8170,0.8180,0.8000,0.8000,3661600,2959647
2022-01-26,0.8000,0.8080,0.7960,0.8060,5517600,4438763
2022-01-27,0.8040,0.8070,0.7970,0.7970,6918600,5546249
2022-01-28,0.7970,0.8000,0.7900,0.7910,5865500,4655911
2022-02-07,0.7910,0.8130,0.7910,0.8110,4029300,3256962
2022-02-08,0.8110,0.8300,0.8110,0.8300,8644000,7081855
2022-02-09,0.8300,0.8400,0.8300,0.8340,5827700,4864032
2022-02-10,0.8350,0.8460,0.8300,0.8450,8534900,7132156
2022-02-11,0.8470,0.8550,0.8460,0.8480,11908000,10158223
2022-02-14,0.8480,0.8820,0.8270,0.8310,5814680,4848723
2022-02-15,0.8310,0.8310,0.8200,0.8240,7394300,6091340
2022-02-16,0.8270,0.8340,0.8270,0.8340,4501900,3742594
2022-02-17,0.8340,0.8390,0.8280,0.8300,5606100,4658636
2022-02-18,0.8300,0.8500,0.8260,0.8500,10950700,9237626
2022-02-21,0.8480,0.8520,0.8390,0.8500,8715300,7365648
2022-02-22,0.8520,0.8520,0.8360,0.8430,14540400,12235167
2022-02-23,0.8430,0.8440,0.8310,0.8380,13401700,11175961
2022-02-24,0.8340,0.8340,0.8120,0.8200,10822700,8961625
2022-02-25,0.8200,0.8270,0.8130,0.8170,9602066,7858054
2022-02-28,0.8090,0.8220,0.8090,0.8180,13368200,10868534
2022-03-01,0.8180,0.8270,0.8160,0.8270,13945400,11444488
2022-03-02,0.8300,0.8340,0.8230,0.8340,15497500,12848877
2022-03-03,0.8350,0.8470,0.8350,0.8430,13059800,11004791
2022-03-04,0.8440,0.8440,0.8310,0.8360,14959000,12534967
2022-03-07,0.8360,0.8430,0.8280,0.8320,10242900,8552032
2022-03-08,0.8320,0.8320,0.8040,0.8060,12639400,10275986
2022-03-09,0.8050,0.8120,0.7740,0.7960,16468200,13211570
2022-03-10,0.8120,0.8180,0.7940,0.8040,12553200,10096545
2022-03-11,0.7800,0.8100,0.7800,0.8060,13630698,10840246
2022-03-14,0.8000,0.8110,0.7910,0.7920,13145600,10562127
2022-03-15,0.7930,0.7930,0.7460,0.7470,11707800,8962502
2022-03-16,0.7490,0.7690,0.7330,0.7630,14874400,11155737
2022-03-17,0.7700,0.7830,0.7640,0.7730,15400200,11953846
2022-03-18,0.7700,0.7960,0.7700,0.7960,22159300,17412880
2022-03-21,0.8040,0.8040,0.7850,0.7920,10628700,8402847
2022-03-22,0.7880,0.8090,0.7880,0.8040,13562700,10885865
2022-03-23,0.8040,0.8100,0.7970,0.8050,16606000,13333128
2022-03-24,0.8050,0.8080,0.8000,0.8030,11630800,9357475
2022-03-25,0.8030,0.8110,0.7980,0.8030,12299700,9924082
2022-03-28,0.8030,0.8240,0.7960,0.8230,19904100,16206069
2022-03-29,0.8210,0.8210,0.8130,0.8190,17471200,14265778
2022-03-30,0.8190,0.8290,0.8160,0.8270,13909600,11436209
2022-03-31,0.8300,0.8470,0.8290,0.8420,23709300,19902685
2022-04-01,0.8390,0.8570,0.8340,0.8550,18996400,16028742
2022-04-06,0.8550,0.8720,0.8530,0.8690,21107066,18195586
2022-04-07,0.8680,0.8690,0.8500,0.8520,32767200,28223343
2022-04-08,0.8520,0.8680,0.8500,0.8660,20377900,17468310
2022-04-11,0.8640,0.8640,0.8510,0.8590,23875500,20495260
2022-04-12,0.8530,0.8590,0.8450,0.8510,31450500,26776171
2022-04-13,0.8460,0.8580,0.8440,0.8490,22837600,19395727
2022-04-14,0.8440,0.8650,0.8440,0.8620,20868900,17790327
2022-04-15,0.8640,0.8680,0.8540,0.8580,20120700,17346855
2022-04-18,0.8580,0.8580,0.8420,0.8440,23168800,19656102
2022-04-19,0.8440,0.8550,0.8370,0.8530,18297300,15484273
2022-04-20,0.8500,0.8600,0.8310,0.8350,24113900,20301524
2022-04-21,0.8400,0.8400,0.8160,0.8190,28617500,23757466
2022-04-22,0.8200,0.8360,0.8080,0.8320,21703000,17984026
2022-04-25,0.8270,0.8290,0.7980,0.7990,27955300,22804721
2022-04-26,0.7960,0.8130,0.7930,0.7990,23286900,18723080
2022-04-27,0.7970,0.8050,0.7840,0.8030,24417100,19312870
2022-04-28,0.7980,0.8200,0.7980,0.8200,24540800,19892351
2022-04-29,0.8200,0.8340,0.8100,0.8330,22639400,18531199
2022-05-05,0.8330,0.8370,0.8240,0.8330,20837000,17280936
2022-05-06,0.8230,0.8230,0.8080,0.8110,20830200,16985278
2022-05-09,0.8000,0.8160,0.7960,0.8150,20823700,16867288
2022-05-10,0.8090,0.8230,0.7970,0.8230,24373500,19754509
2022-05-11,0.8170,0.8290,0.8170,0.8240,22007500,18157499
2022-05-12,0.8150,0.8290,0.8150,0.8220,34109900,28088635
2022-05-13,0.8220,0.8390,0.8220,0.8370,62219700,51823935
2022-05-16,0.8430,0.8460,0.8360,0.8440,23479200,19750381
2022-05-17,0.8440,0.8440,0.8290,0.8360,24426800,20386365
2022-05-18,0.8360,0.8380,0.8290,0.8320,20420100,17003529
2022-05-19,0.8200,0.8380,0.8200,0.8370,25594400,21254294
2022-05-20,0.8370,0.8420,0.8330,0.8400,25723600,21594835
2022-05-23,0.8400,0.8430,0.8330,0.8340,22429100,18786154
2022-05-24,0.8340,0.8380,0.8180,0.8190,23100600,19105287
2022-05-25,0.8180,0.8320,0.8140,0.8320,21439900,17717395
2022-05-26,0.8350,0.8430,0.8330,0.8410,21248200,17808005
2022-05-27,0.8410,0.8470,0.8390,0.8450,23343100,19700098
2022-05-30,0.8460,0.8500,0.8410,0.8460,26257900,22193261
2022-05-31,0.8460,0.8460,0.8390,0.8440,22862500,19241748
2022-06-01,0.8400,0.8470,0.8390,0.8450,19487900,16435347
2022-06-02,0.8460,0.8460,0.8350,0.8390,21297100,17825174
2022-06-06,0.8380,0.8380,0.8270,0.8380,23147200,19265005
2022-06-07,0.8390,0.8410,0.8330,0.8390,19513700,16349359
2022-06-08,0.8350,0.8470,0.8330,0.8440,26806600,22498070
2022-06-09,0.8440,0.8530,0.8430,0.8470,25235800,21396721
2022-06-10,0.8440,0.8510,0.8410,0.8490,21280200,17995540
2022-06-13,0.8480,0.8480,0.8290,0.8350,26295300,21954197
2022-06-14,0.8310,0.8470,0.8280,0.8460,25711700,21474581
2022-06-15,0.8460,0.8610,0.8430,0.8520,33672300,28824181
2022-06-16,0.8510,0.8530,0.8360,0.8390,31459200,26538944
2022-06-17,0.8380,0.8380,0.8270,0.8360,27446500,22834266
2022-06-20,0.8360,0.8360,0.8300,0.8330,21311700,17751630
2022-06-21,0.8330,0.8420,0.8320,0.8360,36593000,30703195
2022-06-22,0.8360,0.8360,0.8230,0.8250,21442900,17794721
2022-06-23,0.8280,0.8300,0.8190,0.8280,24206900,19986902
2022-06-24,0.8280,0.8310,0.8230,0.8250,25477300,21043708
2022-06-27,0.8250,0.8370,0.8250,0.8350,23314800,19450520
2022-06-28,0.8340,0.8390,0.8320,0.8390,20863900,17424468
2022-06-29,0.8400,0.8510,0.8330,0.8450,28553600,24169127
2022-06-30,0.8450,0.8510,0.8430,0.8480,26141000,22160809
2022-07-01,0.8500,0.8540,0.8410,0.8480,26359400,22385339
2022-07-04,0.8490,0.8490,0.8420,0.8470,24690200,20835650
2022-07-05,0.8420,0.8520,0.8420,0.8500,29014500,24615080
2022-07-06,0.8490,0.8490,0.8270,0.8320,26443000,22013440
2022-07-07,0.8310,0.8350,0.8290,0.8340,18263000,15203153
2022-07-08,0.8360,0.8370,0.8320,0.8340,21604700,18035789
2022-07-11,0.8340,0.8350,0.8240,0.8290,20844100,17304635
2022-07-12,0.8320,0.8420,0.8310,0.8360,25971000,21773245
2022-07-13,0.8360,0.8390,0.8320,0.8360,18525700,15491983
2022-07-14,0.8360,0.8360,0.8210,0.8220,29149300,23998471
2022-07-15,0.8240,0.8240,0.8080,0.8100,24620500,20128827
2022-07-18,0.8070,0.8270,0.8070,0.8260,24419200,20142730
2022-07-19,0.8260,0.8300,0.8240,0.8270,20474700,16918435
2022-07-20,0.8270,0.8310,0.8270,0.8310,20148800,16713584
2022-07-21,0.8280,0.8280,0.8150,0.8180,22876800,18736637
2022-07-22,0.8180,0.8220,0.8100,0.8150,19020700,15486321
2022-07-25,0.8140,0.8200,0.8140,0.8160,17908000,14625207
2022-07-26,0.8160,0.8280,0.8140,0.8250,21201100,17465647
2022-07-27,0.8250,0.8260,0.8210,0.8220,17778200,14634656
2022-07-28,0.8230,0.8280,0.8230,0.8240,22941000,18943899
2022-07-29,0.8250,0.8280,0.8170,0.8170,21571000,17725583
2022-08-01,0.8170,0.8200,0.8120,0.8170,18327200,14951087
2022-08-02,0.8100,0.8160,0.7940,0.8010,29541200,23628298
2022-08-03,0.8010,0.8070,0.7890,0.7900,23734100,18923266
2022-08-04,0.7910,0.7960,0.7880,0.7950,22353800,17706915
2022-08-05,0.7960,0.7990,0.7910,0.7990,22926500,18190849
2022-08-08,0.7990,0.8090,0.7990,0.8070,20768900,16737536
2022-08-09,0.8070,0.8110,0.8050,0.8110,19949400,16111099
2022-08-10,0.8110,0.8110,0.8050,0.8080,19349400,15616143
2022-08-11,0.8070,0.8170,0.8070,0.8160,25348100,20656159
2022-08-12,0.8150,0.8240,0.8150,0.8230,19920300,16349645
2022-08-15,0.8210,0.8270,0.8210,0.8230,25675000,21149142
2022-08-16,0.8190,0.8270,0.8190,0.8250,38703600,31902379
2022-08-17,0.8240,0.8280,0.8210,0.8270,24617400,20312251
2022-08-18,0.8260,0.8270,0.8180,0.8210,21389800,17547032
2022-08-19,0.8210,0.8320,0.8210,0.8290,23680000,19597682
2022-08-22,0.8320,0.8350,0.8280,0.8330,19240000,15993089
2022-08-23,0.8350,0.8370,0.8290,0.8350,24267800,20204138
2022-08-24,0.8390,0.8390,0.8270,0.8280,21601300,18016859
2022-08-25,0.8280,0.8480,0.8280,0.8440,32876000,27596064
2022-08-26,0.8460,0.8500,0.8410,0.8440,29932500,25293430
2022-08-29,0.8440,0.8520,0.8340,0.8500,26093800,21941933
2022-08-30,0.8510,0.8550,0.8440,0.8520,23134000,19630916
2022-08-31,0.8540,0.8560,0.8450,0.8470,29381100,24910626
2022-09-01,0.8480,0.8640,0.8460,0.8540,30894900,26538974
2022-09-02,0.8540,0.8570,0.8510,0.8540,28252400,24126603
2022-09-05,0.8540,0.8710,0.8540,0.8690,27253900,23532675
2022-09-06,0.8740,0.8810,0.8690,0.8800,27186600,23831790
2022-09-07,0.8800,0.8820,0.8740,0.8820,28139600,24727548
2022-09-08,0.8810,0.8860,0.8740,0.8830,24069500,21191156
2022-09-09,0.8830,0.8950,0.8820,0.8940,26590000,23680107
2022-09-13,0.8940,0.8960,0.8870,0.8890,25937500,23120043
2022-09-14,0.8890,0.8890,0.8790,0.8800,25595800,22622278
2022-09-15,0.8810,0.8930,0.8760,0.8890,34694400,30827536
2022-09-16,0.8900,0.8900,0.8610,0.8610,29424100,25726065
2022-09-19,0.8590,0.8630,0.8530,0.8600,30204200,25936984
2022-09-20,0.8590,0.8640,0.8530,0.8550,24743300,21227170
2022-09-21,0.8490,0.8660,0.8480,0.8640,25472000,21833561
2022-09-22,0.8620,0.8620,0.8540,0.8600,25537000,21880085
2022-09-23,0.8550,0.8650,0.8500,0.8520,28587500,24482918
2022-09-26,0.8450,0.8530,0.8360,0.8380,28690800,24295674
2022-09-27,0.8340,0.8460,0.8290,0.8450,26084900,21808980
2022-09-28,0.8450,0.8470,0.8390,0.8400,25274200,21280574
2022-09-29,0.8410,0.8460,0.8280,0.8320,25634200,21492088
2022-09-30,0.8290,0.8430,0.8290,0.8350,26836700,22410816
2022-10-10,0.8350,0.8520,0.8350,0.8420,22958300,19427006
2022-10-11,0.8410,0.8420,0.8300,0.8380,22894000,19121218
2022-10-12,0.8370,0.8490,0.8310,0.8450,28652700,23942910
2022-10-13,0.8490,0.8490,0.8310,0.8460,23680500,19808960
2022-10-14,0.8440,0.8510,0.8410,0.8470,24204900,20496396
2022-10-17,0.8400,0.8450,0.8330,0.8430,23105500,19388143
2022-10-18,0.8460,0.8470,0.8370,0.8410,21322100,17975103
2022-10-19,0.8400,0.8440,0.8350,0.8360,25626100,21527153
2022-10-20,0.8340,0.8360,0.8290,0.8300,22315800,18559920
2022-10-21,0.8270,0.8390,0.8270,0.8330,25298900,21150276
2022-10-24,0.8250,0.8330,0.8110,0.8150,24592900,20244311
2022-10-25,0.8140,0.8160,0.8040,0.8090,21674100,17542033
2022-10-26,0.8130,0.8130,0.8000,0.8030,22992500,18570110
2022-10-27,0.8030,0.8110,0.8030,0.8060,21519400,17408461
2022-10-28,0.8080,0.8080,0.7910,0.7920,25057600,20069714
2022-10-31,0.7930,0.7930,0.7710,0.7720,25649500,19981455
2022-11-01,0.7720,0.7800,0.7680,0.7800,24576400,18999010
2022-11-02,0.7790,0.7930,0.7780,0.7910,25471400,19989865
2022-11-03,0.7900,0.7900,0.7810,0.7850,21442000,16824857
2022-11-04,0.7850,0.8000,0.7850,0.7950,26245600,20835599
2022-11-07,0.7970,0.8030,0.7940,0.8020,38260600,30561413
2022-11-08,0.8010,0.8040,0.7980,0.8000,15380100,12311689
2022-11-09,0.8000,0.8090,0.7990,0.8010,13927300,11190716
2022-11-10,0.8000,0.8020,0.7910,0.8010,26304200,20968855
2022-11-11,0.8030,0.8280,0.8030,0.8240,27078200,22117485
2022-11-14,0.8230,0.8360,0.8180,0.8180,23224700,19195596
2022-11-15,0.8180,0.8240,0.8150,0.8240,19903400,16346161
2022-11-16,0.8240,0.8240,0.8200,0.8210,25455700,20942308
2022-11-17,0.8210,0.8210,0.8140,0.8190,17253200,14132344
2022-11-18,0.8180,0.8210,0.8150,0.8160,16928300,13841452
2022-11-21,0.8160,0.8160,0.8050,0.8100,20422700,16491233
2022-11-22,0.8100,0.8260,0.8100,0.8190,27364100,22344767
2022-11-23,0.8230,0.8320,0.8190,0.8270,26102100,21575298
2022-11-24,0.8280,0.8320,0.8260,0.8290,21000200,17419177
2022-11-25,0.8300,0.8490,0.8300,0.8490,25750900,21624949
2022-11-28,0.8400,0.8410,0.8300,0.8400,22410000,18741076
2022-11-29,0.8410,0.8660,0.8410,0.8640,22387900,19186355
2022-11-30,0.8600,0.8760,0.8600,0.8640,25029900,21784724
2022-12-01,0.8620,0.8710,0.8560,0.8580,33129400,28601869
2022-12-02,0.8550,0.8580,0.8460,0.8510,21132600,17932283
2022-12-05,0.8500,0.8680,0.8500,0.8660,17791800,15345348
2022-12-06,0.8620,0.8660,0.8580,0.8610,19701800,16993909
2022-12-07,0.8600,0.8630,0.8500,0.8560,20778200,17788925
2022-12-08,0.8550,0.8630,0.8540,0.8610,42788900,36796861
2022-12-09,0.8640,0.8640,0.8540,0.8570,21030800,18028303
2022-12-12,0.8500,0.8520,0.8360,0.8400,42658100,36007111
2022-12-13,0.8400,0.8450,0.8380,0.8430,15077100,12696825
2022-12-14,0.8430,0.8430,0.8370,0.8390,14879100,12492092
2022-12-15,0.8400,0.8420,0.8300,0.8320,15336300,12780667
2022-12-16,0.8310,0.8430,0.8310,0.8380,17311500,14514921
2022-12-19,0.8390,0.8400,0.8220,0.8260,15774900,13102203
2022-12-20,0.8250,0.8250,0.8140,0.8180,14218700,11687940
2022-12-21,0.8190,0.8220,0.8160,0.8180,14244700,11673779
2022-12-22,0.8200,0.8250,0.8090,0.8140,14507800,11895733
2022-12-23,0.8110,0.8140,0.8060,0.8090,13546200,10978801
2022-12-26,0.8100,0.8100,0.8070,0.8090,13959700,11274978
2022-12-27,0.8100,0.8210,0.8080,0.8190,15836200,12925315
2022-12-28,0.8200,0.8210,0.8130,0.8180,14400600,11781608
2022-12-29,0.8170,0.8170,0.8110,0.8140,14078200,11456675
2022-12-30,0.8140,0.8200,0.8120,0.8180,13526400,11035610
2023-01-03,0.8190,0.8220,0.8150,0.8220,19966900,16350965
2023-01-04,0.8220,0.8290,0.8200,0.8270,19751100,16300242
2023-01-05,0.8270,0.8290,0.8250,0.8260,18602300,15382793
2023-01-06,0.8270,0.8280,0.8240,0.8270,16133000,13314731
2023-01-09,0.8260,0.8290,0.8250,0.8260,17854800,14770688
2023-01-10,0.8250,0.8250,0.8190,0.8200,20614300,16938099
2023-01-11,0.8200,0.8270,0.8180,0.8240,20944300,17252663
2023-01-12,0.8230,0.8230,0.8190,0.8220,19037200,15633762
2023-01-13,0.8230,0.8310,0.8220,0.8310,27615400,22827478
2023-01-16,0.8300,0.8360,0.8280,0.8320,20966400,17439802
2023-01-17,0.8320,0.8320,0.8270,0.8300,22676700,18818043
2023-01-18,0.8300,0.8350,0.8300,0.8340,22444600,18687376
2023-01-19,0.8340,0.8370,0.8300,0.8370,17043500,14181875
2023-01-20,0.8370,0.8460,0.8370,0.8450,21455200,18052037
2023-01-30,0.8480,0.8520,0.8400,0.8400,23198800,19614394
2023-01-31,0.8410,0.8460,0.8400,0.8440,21937800,18503144
2023-02-01,0.8450,0.8490,0.8410,0.8490,31105421,26288240
2023-02-02,0.8500,0.8500,0.8450,0.8480,28999161,24600249
2023-02-03,0.8480,0.8490,0.8380,0.8430,37443847,31494705
2023-02-06,0.8430,0.8430,0.8360,0.8400,28783805,24163960
2023-02-07,0.8420,0.8450,0.8400,0.8430,24987760,21056650
2023-02-08,0.8500,0.8500,0.8390,0.8400,20771200,17487996
2023-02-09,0.8350,0.8470,0.8350,0.8470,21034000,17733478
2023-02-10,0.8460,0.8510,0.8440,0.8510,22943000,19433661
2023-02-13,0.8500,0.8540,0.8460,0.8540,17219000,14627439
2023-02-14,0.8540,0.8580,0.8530,0.8570,18837600,16135523
2023-02-15,0.8570,0.8600,0.8540,0.8550,14357400,12290463
2023-02-16,0.8550,0.8650,0.8480,0.8520,23898900,20581726
2023-02-17,0.8510,0.8550,0.8480,0.8490,14273600,12160591
2023-02-20,0.8480,0.8690,0.8480,0.8670,25667700,22082692
2023-02-21,0.8650,0.8780,0.8650,0.8760,15492800,13545136
2023-02-22,0.8720,0.8790,0.8720,0.8780,42835100,37561869
2023-02-23,0.8820,0.8820,0.8720,0.8740,39517600,34627842
2023-02-24,0.8720,0.8760,0.8680,0.8750,19206900,16768766
2023-02-27,0.8760,0.8760,0.8690,0.8710,20596800,17981144
2023-02-28,0.8690,0.8760,0.8670,0.8750,24179000,21051306
2023-03-01,0.8730,0.8820,0.8730,0.8800,20399400,17938931
2023-03-02,0.8810,0.8890,0.8780,0.8880,21976400,19448281
2023-03-03,0.8880,0.8960,0.8860,0.8950,18358610,16345236
2023-03-06,0.8940,0.8990,0.8930,0.8950,14128000,12653669
2023-03-07,0.8950,0.9060,0.8910,0.8920,14424500,12990120
2023-03-08,0.8850,0.8910,0.8840,0.8900,20412700,18115628
2023-03-09,0.8890,0.8930,0.8860,0.8890,16075600,14303204
2023-03-10,0.8890,0.8890,0.8700,0.8710,14530600,12771461
2023-03-13,0.8670,0.8840,0.8670,0.8830,14080300,12349660
2023-03-14,0.8830,0.8870,0.8750,0.8790,12997500,11451899
2023-03-15,0.8810,0.8950,0.8810,0.8930,14967400,13299485
2023-03-16,0.8900,0.8940,0.8850,0.8860,14733800,13107177
2023-03-17,0.8870,0.9020,0.8870,0.9000,16939500,15179517
2023-03-20,0.8960,0.9080,0.8940,0.8940,20310190,18335311
2023-03-21,0.8920,0.8980,0.8860,0.8920,13858190,12361402
2023-03-22,0.8910,0.8970,0.8890,0.8970,14801600,13223521
2023-03-23,0.8950,0.8970,0.8900,0.8970,10668300,9524551
2023-03-24,0.8970,0.8970,0.8880,0.8900,13408000,11954707
2023-03-27,0.8910,0.8910,0.8770,0.8830,14798600,13038644
2023-03-28,0.8800,0.8900,0.8790,0.8860,9423200,8336373
2023-03-29,0.8860,0.8860,0.8780,0.8810,11719000,10328962
2023-03-30,0.8830,0.8860,0.8750,0.8830,15417100,13581759
2023-03-31,0.8830,0.8900,0.8830,0.8870,20659900,18330738
2023-04-03,0.8890,0.8970,0.8880,0.8960,14066800,12556938
2023-04-04,0.8960,0.9030,0.8940,0.9020,27347800,24624501
2023-04-06,0.9020,0.9020,0.8930,0.8960,14091400,12632732
2023-04-07,0.8960,0.8960,0.8900,0.8930,22728700,20275574
2023-04-10,0.8930,0.8960,0.8920,0.8920,23758500,21234989
2023-04-11,0.8920,0.9040,0.8920,0.9040,24740800,22214504
2023-04-12,0.9050,0.9220,0.9040,0.9220,34062100,31222453
2023-04-13,0.9230,0.9270,0.9180,0.9230,57435500,53034519
2023-04-14,0.9230,0.9260,0.9130,0.9190,26930900,24739212
2023-04-17,0.9190,0.9310,0.9150,0.9290,51342100,47489939
2023-04-18,0.9290,0.9340,0.9250,0.9320,94598100,88068396
2023-04-19,0.9320,0.9390,0.9310,0.9340,47643512,44566709
2023-04-20,0.9340,0.9410,0.9290,0.9410,63798800,59660171
2023-04-21,0.9410,0.9470,0.9270,0.9280,70279800,65697848
2023-04-24,0.9290,0.9370,0.9240,0.9300,46981400,43685390
2023-04-25,0.9250,0.9370,0.9210,0.9360,52126100,48529376
2023-04-26,0.9320,0.9430,0.9200,0.9380,49667400,46305493
2023-04-27,0.9350,0.9460,0.9340,0.9400,41299000,38792472
2023-04-28,0.9400,0.9620,0.9350,0.9600,57039600,54320439
2023-05-04,0.9610,0.9900,0.9550,0.9890,127859100,124689459
2023-05-05,0.9880,1.0020,0.9780,0.9840,132697700,130994596
2023-05-08,0.9850,1.0160,0.9820,1.0110,114056200,114437225
2023-05-09,1.0110,1.0220,0.9960,0.9980,82684800,83338701
2023-05-10,0.9950,0.9970,0.9700,0.9730,210698500,206301276
2023-05-11,0.9720,0.9910,0.9660,0.9800,157955400,154202186
2023-05-12,0.9720,0.9770,0.9600,0.9630,66638900,64488985
2023-05-15,0.9590,0.9630,0.9360,0.9590,150886050,143191555
2023-05-16,0.9530,0.9630,0.9450,0.9470,52063600,49640334
2023-05-17,0.9440,0.9510,0.9410,0.9460,36277600,34336444
2023-05-18,0.9490,0.9640,0.9450,0.9560,87652900,83920710
2023-05-19,0.9520,0.9540,0.9390,0.9410,95282800,89975531
2023-05-22,0.9390,0.9440,0.9350,0.9390,33187800,31207235
2023-05-23,0.9410,0.9420,0.9250,0.9260,57435400,53582599
2023-05-24,0.9240,0.9240,0.9100,0.9130,61014800,55853172
2023-05-25,0.9120,0.9140,0.8970,0.9070,45497800,41197021
2023-05-26,0.9050,0.9250,0.9040,0.9220,59341800,54343559
2023-05-29,0.9260,0.9310,0.9210,0.9240,54170800,50079666
2023-05-30,0.9210,0.9330,0.9170,0.9310,56520000,52327178
2023-05-31,0.9280,0.9310,0.9200,0.9230,39365500,36401508
2023-06-01,0.9180,0.9340,0.9180,0.9270,59408200,55092571
2023-06-02,0.9330,0.9330,0.9250,0.9270,31957000,29650879
2023-06-05,0.9300,0.9410,0.9270,0.9390,48766400,45641097
2023-06-06,0.9390,0.9470,0.9300,0.9310,38253900,35936272
2023-06-07,0.9310,0.9420,0.9300,0.9410,31140900,29208635
2023-06-08,0.9410,0.9480,0.9320,0.9460,223348600,210968335
2023-06-09,0.9470,0.9520,0.9440,0.9490,110845700,105325728
2023-06-12,0.9490,0.9520,0.9350,0.9400,111599500,105105353
2023-06-13,0.9380,0.9410,0.9340,0.9380,61087500,57286092
2023-06-14,0.9360,0.9460,0.9300,0.9310,263671500,246241381
2023-06-15,0.9310,0.9360,0.9300,0.9330,60989300,56911235
2023-06-16,0.9350,0.9390,0.9320,0.9330,49332000,46176072
2023-06-19,0.9330,0.9340,0.9170,0.9180,121365600,111824854
2023-06-20,0.9160,0.9190,0.9090,0.9120,54329800,49652525
2023-06-21,0.9110,0.9150,0.9030,0.9060,67124900,61121242
2023-06-26,0.8980,0.9020,0.8840,0.8870,47153300,42034381
2023-06-27,0.8870,0.9080,0.8850,0.9050,70317800,63387070
2023-06-28,0.9050,0.9100,0.9000,0.9090,65774500,59631220
2023-06-29,0.9100,0.9110,0.9040,0.9060,37542700,34021244
2023-06-30,0.9060,0.9140,0.9050,0.9110,23135800,21065761
2023-07-03,0.9120,0.9250,0.9110,0.9220,31908200,29270993
2023-07-04,0.9220,0.9240,0.9150,0.9210,68317200,62908105
2023-07-05,0.9210,0.9220,0.9160,0.9190,31645300,29061843
2023-07-06,0.9190,0.9230,0.9130,0.9160,34019900,31245590
2023-07-07,0.9130,0.9220,0.9120,0.9180,52749400,48372160
2023-07-10,0.9220,0.9230,0.9170,0.9200,34329900,31549732
2023-07-11,0.9200,0.9250,0.9170,0.9210,37112300,34226198
2023-07-12,0.9220,0.9300,0.9200,0.9220,77035500,71370176
2023-07-13,0.9240,0.9340,0.9210,0.9330,27249700,25306011
2023-07-14,0.9340,0.9390,0.9320,0.9370,45450900,42539162
2023-07-17,0.9350,0.9350,0.9250,0.9300,45806300,42490229
2023-07-18,0.9300,0.9310,0.9250,0.9280,22583700,20939392
2023-07-19,0.9290,0.9360,0.9290,0.9350,47953600,44749232
2023-07-20,0.9380,0.9390,0.9280,0.9290,30769900,28755517
2023-07-21,0.9270,0.9320,0.9250,0.9280,34500900,32027508
2023-07-24,0.9310,0.9330,0.9250,0.9300,45188600,41982244
2023-07-25,0.9350,0.9490,0.9340,0.9470,56648000,53487453
2023-07-26,0.9470,0.9490,0.9410,0.9450,174802700,165180032
2023-07-27,0.9450,0.9560,0.9430,0.9470,76667500,72777738
2023-07-28,0.9460,0.9640,0.9430,0.9630,80566000,77015806
2023-07-31,0.9660,0.9750,0.9640,0.9690,111166000,107782491
2023-08-01,0.9690,0.9760,0.9670,0.9690,51298800,49820690
2023-08-02,0.9700,0.9700,0.9550,0.9590,53100600,51069773
2023-08-03,0.9580,0.9640,0.9520,0.9610,59619700,57174595
2023-08-04,0.9680,0.9710,0.9620,0.9620,67518900,65241730
2023-08-07,0.9620,0.9620,0.9520,0.9530,46922500,44789264
2023-08-08,0.9520,0.9590,0.9520,0.9570,45430100,43406932
2023-08-09,0.9550,0.9560,0.9470,0.9500,51551300,49045550
2023-08-10,0.9510,0.9550,0.9470,0.9500,36905900,35055164
2023-08-11,0.9510,0.9530,0.9370,0.9400,94615900,89262111
2023-08-14,0.9320,0.9400,0.9240,0.9380,72902000,67872057
2023-08-15,0.9380,0.9450,0.9340,0.9440,153177100,144019399
2023-08-16,0.9420,0.9430,0.9330,0.9390,58843400,55123046
2023-08-17,0.9350,0.9390,0.9300,0.9380,108615600,101403382
2023-08-18,0.9370,0.9460,0.9340,0.9360,58537000,54993112
2023-08-21,0.9360,0.9390,0.9280,0.9290,49249700,45941852
2023-08-22,0.9300,0.9420,0.9280,0.9420,51170400,47770632
2023-08-23,0.9360,0.9470,0.9350,0.9390,72641600,68467408
2023-08-24,0.9410,0.9430,0.9320,0.9350,96600800,90512057
2023-08-25,0.9320,0.9390,0.9290,0.9340,91184400,85223513
2023-08-28,0.9700,0.9760,0.9420,0.9450,74104054,70776012
2023-08-29,0.9450,0.9480,0.9390,0.9460,90547500,85407838
2023-08-30,0.9470,0.9470,0.9360,0.9370,110785300,104216745
2023-08-31,0.9370,0.9400,0.9290,0.9320,69803600,65078988
2023-09-01,0.9320,0.9390,0.9320,0.9370,40973700,38362318
2023-09-04,0.9380,0.9570,0.9380,0.9560,94763945,90209293
2023-09-05,0.9550,0.9550,0.9440,0.9470,82034800,77711678
2023-09-06,0.9460,0.9460,0.9400,0.9430,79733000,75239255
2023-09-07,0.9450,0.9480,0.9400,0.9420,70345500,66410166
2023-09-08,0.9410,0.9420,0.9320,0.9380,67345000,63037400
2023-09-11,0.9370,0.9450,0.9360,0.9440,60597300,57061870
2023-09-12,0.9440,0.9440,0.9400,0.9420,40994400,38600460
2023-09-13,0.9410,0.9490,0.9400,0.9430,95348600,90024578
2023-09-14,0.9450,0.9520,0.9420,0.9490,104841800,99492663
2023-09-15,0.9510,0.9600,0.9480,0.9500,114940203,109545386
2023-09-18,0.9480,0.9520,0.9420,0.9500,75206100,71259045
2023-09-19,0.9490,0.9580,0.9490,0.9550,83398100,79615997
2023-09-20,0.9540,0.9620,0.9520,0.9610,239619600,230032459
2023-09-21,0.9580,0.9610,0.9520,0.9530,91077300,86948938
2023-09-22,0.9500,0.9600,0.9490,0.9580,158746700,151947807
2023-09-25,0.9590,0.9620,0.9560,0.9580,74407900,71296330
2023-09-26,0.9580,0.9590,0.9530,0.9560,69390000,66260818
2023-09-27,0.9550,0.9580,0.9510,0.9530,87152500,83101058
2023-09-28,0.9530,0.9550,0.9500,0.9520,65030800,61935957
2023-10-09,0.9480,0.9500,0.9370,0.9490,98570500,93279781
2023-10-10,0.9500,0.9510,0.9360,0.9360,91447200,86012864
2023-10-11,0.9390,0.9410,0.9350,0.9360,79369300,74433228
2023-10-12,0.9400,0.9480,0.9380,0.9480,121403800,114738416
2023-10-13,0.9410,0.9490,0.9410,0.9470,70311500,66517308
2023-10-16,0.9460,0.9510,0.9420,0.9510,55298500,52402390
2023-10-17,0.9500,0.9580,0.9500,0.9560,76763100,73206654
2023-10-18,0.9570,0.9570,0.9490,0.9510,78870000,75142475
2023-10-19,0.9480,0.9480,0.9310,0.9310,108734800,101975155
2023-10-20,0.9280,0.9360,0.9250,0.9340,91377300,84896424
2023-10-23,0.9270,0.9270,0.9070,0.9150,142371300,130357851
2023-10-24,0.9160,0.9220,0.9120,0.9200,68515500,62871585
2023-10-25,0.9250,0.9350,0.9250,0.9310,71895900,66926997
2023-10-26,0.9270,0.9340,0.9250,0.9340,77947300,72438882
2023-10-27,0.9330,0.9400,0.9320,0.9380,66501700,62284994
2023-10-30,0.9350,0.9350,0.9190,0.9220,249434300,230000998
2023-10-31,0.9200,0.9230,0.9170,0.9220,60081210,55246506
2023-11-01,0.9220,0.9240,0.9170,0.9230,77569700,71375321
2023-11-02,0.9220,0.9290,0.9210,0.9250,63209000,58570289
2023-11-03,0.9240,0.9260,0.9180,0.9190,84396300,77841026
2023-11-06,0.9200,0.9220,0.9140,0.9170,135604333,124215565
2023-11-07,0.9160,0.9200,0.9120,0.9190,141298933,129469864
2023-11-08,0.9180,0.9220,0.9160,0.9190,113870600,104684711
2023-11-09,0.9180,0.9240,0.9170,0.9210,73845800,68054558
2023-11-10,0.9200,0.9200,0.9110,0.9160,82210900,75121956
2023-11-13,0.9160,0.9190,0.9120,0.9190,56576900,51785496
2023-11-14,0.9190,0.9210,0.9160,0.9200,112955300,103795834
2023-11-15,0.9220,0.9270,0.9220,0.9270,59919900,55427319
2023-11-16,0.9250,0.9290,0.9220,0.9260,151608100,140436731
2023-11-17,0.9250,0.9260,0.9200,0.9240,40032400,36939057
2023-11-20,0.9250,0.9280,0.9200,0.9280,69736500,64422813
2023-11-21,0.9270,0.9350,0.9260,0.9310,122288400,113898784
2023-11-22,0.9280,0.9350,0.9270,0.9270,94210400,87755009
2023-11-23,0.9260,0.9340,0.9240,0.9330,69600700,64708636
2023-11-24,0.9320,0.9350,0.9290,0.9330,56193700,52403771
2023-11-27,0.9310,0.9320,0.9210,0.9260,66034900,61054434
2023-11-28,0.9260,0.9260,0.9200,0.9260,57718900,53219871
2023-11-29,0.9260,0.9260,0.9170,0.9190,68380400,62914992
2023-11-30,0.9170,0.9210,0.9170,0.9210,57715700,53065209
2023-12-01,0.9200,0.9330,0.9200,0.9320,84063900,77696795
2023-12-04,0.9280,0.9310,0.9260,0.9280,95019500,88187538
2023-12-05,0.9270,0.9280,0.9130,0.9160,164449500,151349188
2023-12-06,0.9120,0.9160,0.9030,0.9130,73746300,67141240
2023-12-07,0.9110,0.9140,0.9060,0.9120,70369500,64072473
2023-12-08,0.9120,0.9160,0.9090,0.9110,75278800,68679890
2023-12-11,0.9090,0.9220,0.8960,0.9200,92338600,83899041
2023-12-12,0.9210,0.9260,0.9140,0.9250,71524300,65910713
2023-12-13,0.9220,0.9260,0.9180,0.9190,89779500,82802071
2023-12-14,0.9190,0.9230,0.9150,0.9180,42539400,39070096
2023-12-15,0.9170,0.9200,0.9100,0.9130,45673500,41822306
2023-12-18,0.9100,0.9170,0.9080,0.9120,43397400,39630782
2023-12-19,0.9120,0.9130,0.9060,0.9110,58592100,53236103
2023-12-20,0.9100,0.9190,0.9080,0.9080,62892900,57474975
2023-12-21,0.9080,0.9080,0.8980,0.9060,70316301,63482546
2023-12-22,0.9040,0.9130,0.9040,0.9070,75791900,68894121
2023-12-25,0.9080,0.9080,0.8990,0.9060,58164100,52481373
2023-12-26,0.9060,0.9140,0.9050,0.9050,166332800,151168600
2023-12-27,0.9040,0.9130,0.9020,0.9120,65590400,59537127
2023-12-28,0.9130,0.9150,0.9060,0.9100,100304900,91240869
2023-12-29,0.9090,0.9150,0.9070,0.9140,92612000,84425199
2024-01-02,0.9130,0.9290,0.9130,0.9250,141884501,131143994
2024-01-03,0.9220,0.9370,0.9210,0.9350,567637100,529585551
2024-01-04,0.9360,0.9470,0.9350,0.9460,278701183,261813621
2024-01-05,0.9490,0.9600,0.9400,0.9470,783517288,746359431
2024-01-08,0.9430,0.9470,0.9360,0.9360,246627100,231885698
2024-01-09,0.9350,0.9450,0.9300,0.9430,173229083,162828435
2024-01-10,0.9410,0.9440,0.9370,0.9380,100632800,94498201
2024-01-11,0.9360,0.9390,0.9290,0.9300,287675700,268919105
2024-01-12,0.9280,0.9400,0.9260,0.9340,106406700,99615845
2024-01-15,0.9350,0.9440,0.9330,0.9410,173559200,163275798
2024-01-16,0.9410,0.9500,0.9370,0.9470,224758700,212086182
2024-01-17,0.9450,0.9490,0.9330,0.9340,276428317,260738896
2024-01-18,0.9360,0.9360,0.9020,0.9280,313170900,286476169
2024-01-19,0.9250,0.9280,0.9180,0.9220,149426900,137855102
2024-01-22,0.9220,0.9220,0.8870,0.8980,357309600,322642492
2024-01-23,0.8930,0.9090,0.8860,0.9040,188893700,169461505
2024-01-24,0.9040,0.9260,0.9040,0.9250,184720800,168669913
2024-01-25,0.9250,0.9550,0.9240,0.9530,234244300,221174523
2024-01-26,0.9530,0.9700,0.9510,0.9690,251571800,242286810
2024-01-29,0.9700,0.9800,0.9650,0.9690,242062200,235178688
2024-01-30,0.9650,0.9720,0.9560,0.9620,209358600,201939137
2024-01-31,0.9570,0.9670,0.9500,0.9560,223721400,214327646
2024-02-01,0.9550,0.9550,0.9410,0.9460,131536596,124732931
2024-02-02,0.9460,0.9630,0.9280,0.9480,863419313,823611711
2024-02-05,0.9430,0.9530,0.9250,0.9500,396089045,372823125
2024-02-06,0.9410,0.9650,0.9350,0.9630,289365000,274264482
2024-02-07,0.9630,0.9800,0.9520,0.9740,317716793,306170100
2024-02-08,0.9740,0.9770,0.9630,0.9730,198823980,192948227
2024-02-19,0.9740,0.9980,0.9650,0.9960,256660574,253104484
2024-02-20,0.9980,1.0050,0.9880,1.0040,180241344,180271774
2024-02-21,0.9970,1.0210,0.9950,1.0090,364528300,369080675
2024-02-22,1.0070,1.0230,1.0040,1.0210,161907900,164198263
2024-02-23,1.0190,1.0340,1.0180,1.0230,150352900,153963830
2024-02-26,1.0200,1.0220,0.9940,0.9970,354345856,355989506
2024-02-27,0.9960,1.0070,0.9930,1.0040,157208000,157300565
2024-02-28,1.0030,1.0090,0.9940,0.9960,195959000,195993443
2024-02-29,0.9950,1.0050,0.9890,1.0040,139383300,139276901
2024-03-01,1.0010,1.0090,0.9990,1.0040,132019640,132488698
2024-03-04,1.0040,1.0090,0.9970,1.0090,152587000,153414670
2024-03-05,1.0070,1.0200,1.0050,1.0180,249595797,253294686
2024-03-06,1.0160,1.0270,1.0150,1.0180,130555717,133380450
2024-03-07,1.0180,1.0310,1.0170,1.0210,117557285,120420066
2024-03-08,1.0230,1.0290,1.0150,1.0270,203605400,208285120
2024-03-11,1.0240,1.0300,1.0110,1.0200,393351060,400100943
2024-03-12,1.0160,1.0180,0.9920,0.9950,446973756,446718498
2024-03-13,0.9910,0.9960,0.9830,0.9930,309578979,306341600
2024-03-14,0.9910,1.0000,0.9870,0.9960,157717840,157079677
2024-03-15,0.9960,0.9990,0.9900,0.9970,305321015,303159656
2024-03-18,0.9970,0.9980,0.9910,0.9980,148570484,147717797
2024-03-19,0.9980,1.0010,0.9930,0.9940,89734327,89576765
2024-03-20,0.9950,1.0020,0.9880,1.0000,112972923,112613479
2024-03-21,0.9980,1.0070,0.9950,1.0060,166084300,166565454
2024-03-22,1.0040,1.0060,0.9930,1.0010,135671142,135586183
2024-03-25,1.0000,1.0140,0.9970,1.0030,145267700,146454873
2024-03-26,1.0030,1.0050,0.9930,1.0040,135872200,135782315
2024-03-27,1.0030,1.0100,0.9950,0.9980,216256753,217488745
2024-03-28,0.9980,1.0050,0.9940,1.0000,114662200,114564426
2024-03-29,0.9980,1.0160,0.9970,1.0150,235091185,237165805
2024-04-01,1.0140,1.0240,1.0110,1.0150,139067100,140996886
2024-04-02,1.0160,1.0260,1.0150,1.0230,93586719,95569925
2024-04-03,1.0250,1.0330,1.0180,1.0330,496615900,511524207
2024-04-08,1.0290,1.0430,1.0240,1.0360,623706999,648350320
2024-04-09,1.0330,1.0420,1.0250,1.0290,119367700,123100147
2024-04-10,1.0290,1.0370,1.0250,1.0300,169305300,174815644
2024-04-11,1.0290,1.0470,1.0250,1.0430,230067900,239162681
2024-04-12,1.0410,1.0460,1.0360,1.0400,170372200,177393292
2024-04-15,1.0410,1.0650,1.0370,1.0630,326863900,345099426
2024-04-16,1.0640,1.0730,1.0520,1.0610,274218200,291494903
2024-04-17,1.0610,1.0830,1.0530,1.0820,373767000,398985930
2024-04-18,1.0780,1.0940,1.0750,1.0820,450503300,488259335
2024-04-19,1.0740,1.0910,1.0740,1.0840,277268715,300714397
2024-04-22,1.0840,1.0900,1.0600,1.0620,350065500,374306115
2024-04-23,1.0560,1.0580,1.0420,1.0460,361936600,379426908
2024-04-24,1.0420,1.0470,1.0340,1.0430,212862700,221337094
2024-04-25,1.0430,1.0530,1.0390,1.0520,187748500,196208643
2024-04-26,1.0470,1.0530,1.0330,1.0390,501346000,521061078
2024-04-29,1.0350,1.0380,1.0280,1.0360,1298328500,1341459682
2024-04-30,1.0300,1.0460,1.0300,1.0400,287741900,299249831
2024-05-06,1.0420,1.0480,1.0360,1.0470,223647600,233401708
2024-05-07,1.0480,1.0490,1.0400,1.0480,170470168,178177052
2024-05-08,1.0440,1.0590,1.0440,1.0530,263705700,278001163
2024-05-09,1.0510,1.0620,1.0500,1.0610,167503400,177121834
2024-05-10,1.0600,1.0680,1.0570,1.0660,212388000,225697861
2024-05-13,1.0620,1.0740,1.0560,1.0720,295128200,314964323
2024-05-14,1.0680,1.0710,1.0610,1.0680,195094836,208062307
2024-05-15,1.0660,1.0740,1.0620,1.0660,355927300,380773509
2024-05-16,1.0680,1.0730,1.0650,1.0680,176170200,188369649
2024-05-17,1.0680,1.0760,1.0640,1.0750,160550300,171623757
2024-05-20,1.0760,1.0900,1.0750,1.0870,244398300,264787735
2024-05-21,1.0850,1.0920,1.0830,1.0890,237160027,258122884
2024-05-22,1.0890,1.0980,1.0860,1.0880,198911300,217345031
2024-05-23,1.0850,1.0860,1.0730,1.0760,244922200,264150412
2024-05-24,1.0740,1.0880,1.0730,1.0760,248444500,268743346
2024-05-27,1.0770,1.0950,1.0760,1.0950,206687269,224944553
2024-05-28,1.0950,1.0970,1.0860,1.0900,252885992,276114733
2024-05-29,1.0890,1.1000,1.0850,1.0920,214528600,234452322
2024-05-30,1.0870,1.0980,1.0800,1.0830,203171998,221070445
2024-05-31,1.0830,1.0900,1.0810,1.0850,134578669,146100859
2024-06-03,1.0840,1.0840,1.0660,1.0710,186928423,200685204
2024-06-04,1.0690,1.0780,1.0650,1.0760,202314304,216997235
2024-06-05,1.0760,1.0770,1.0590,1.0600,207020800,220618544
2024-06-06,1.0600,1.0720,1.0600,1.0660,207464100,221129450
2024-06-07,1.0650,1.0750,1.0640,1.0750,196404600,210148037
2024-06-11,1.0730,1.0750,1.0500,1.0550,228203200,241559950
2024-06-12,1.0530,1.0680,1.0490,1.0660,165781600,175555751
2024-06-13,1.0680,1.0680,1.0520,1.0550,170231500,179959691
2024-06-14,1.0540,1.0610,1.0520,1.0580,132325600,139832503
2024-06-17,1.0570,1.0580,1.0420,1.0440,179082800,187566436
2024-06-18,1.0430,1.0490,1.0370,1.0470,178518800,186597608
2024-06-19,1.0470,1.0550,1.0460,1.0510,202981000,213395842
2024-06-20,1.0500,1.0540,1.0450,1.0500,140751100,147736846
2024-06-21,1.0480,1.0550,1.0450,1.0500,121423400,127462701
2024-06-24,1.0480,1.0480,1.0310,1.0360,145002069,150426564
2024-06-25,1.0360,1.0460,1.0350,1.0420,160087880,166564246
2024-06-26,1.0400,1.0480,1.0350,1.0470,193845800,201809850
2024-06-27,1.0450,1.0510,1.0410,1.0460,233963757,244788318
2024-06-28,1.0460,1.0620,1.0430,1.0590,327372598,345765258
2024-07-01,1.0580,1.0780,1.0570,1.0780,201458298,215794637
2024-07-02,1.0770,1.0800,1.0690,1.0800,213397700,229727874
2024-07-03,1.0780,1.0810,1.0660,1.0680,219918594,235499479
2024-07-04,1.0680,1.0750,1.0620,1.0640,132587800,141740471
2024-07-05,1.0640,1.0680,1.0500,1.0570,186709000,197206321
2024-07-08,1.0570,1.0620,1.0500,1.0520,216503300,228367613
2024-07-09,1.0510,1.0660,1.0460,1.0650,216472100,228838302
2024-07-10,1.0620,1.0630,1.0440,1.0440,384858328,403984686
2024-07-11,1.0470,1.0510,1.0420,1.0460,160935532,168309877
2024-07-12,1.0460,1.0540,1.0440,1.0470,361803500,378612602
2024-07-15,1.0450,1.0580,1.0400,1.0570,203833000,214581559
2024-07-16,1.0550,1.0600,1.0480,1.0530,128840800,135574303
2024-07-17,1.0540,1.0550,1.0440,1.0470,109673600,114853385
2024-07-18,1.0450,1.0520,1.0380,1.0510,167094200,174565145
2024-07-19,1.0480,1.0490,1.0370,1.0430,198198400,206190402
2024-07-22,1.0420,1.0430,1.0240,1.0330,226835153,233792328
2024-07-23,1.0310,1.0380,1.0280,1.0290,154097079,159300543
2024-07-24,1.0270,1.0350,1.0240,1.0290,183522506,189158219
2024-07-25,1.0260,1.0290,1.0150,1.0240,170542523,174138795
2024-07-26,1.0220,1.0250,1.0100,1.0160,152634891,154814084
2024-07-29,1.0140,1.0220,1.0110,1.0210,132857900,135227954
2024-07-30,1.0190,1.0200,1.0110,1.0130,142179600,144176731
2024-07-31,1.0120,1.0250,1.0120,1.0240,213188000,217453573
2024-08-01,1.0230,1.0300,1.0210,1.0250,149721800,153571450
2024-08-02,1.0210,1.0280,1.0170,1.0230,161270000,165178265
2024-08-05,1.0220,1.0250,1.0080,1.0130,203613000,207006870
2024-08-06,1.0140,1.0190,1.0000,1.0070,194876600,196188240
2024-08-07,1.0060,1.0160,1.0030,1.0120,121979200,123362579
2024-08-08,1.0120,1.0140,1.0070,1.0120,93534400,94625793
2024-08-09,1.0150,1.0180,1.0130,1.0140,108728100,110357786
2024-08-12,1.0130,1.0200,1.0100,1.0170,109374717,111103379
2024-08-13,1.0180,1.0230,1.0140,1.0200,120352584,122585208
2024-08-14,1.0180,1.0230,1.0160,1.0170,108714900,110909664
2024-08-15,1.0170,1.0300,1.0150,1.0290,159361084,163462618
2024-08-16,1.0270,1.0340,1.0270,1.0330,182966057,188661517
2024-08-19,1.0330,1.0490,1.0330,1.0480,219118857,228813957
2024-08-20,1.0480,1.0480,1.0320,1.0390,134489600,139589092
2024-08-21,1.0380,1.0380,1.0230,1.0280,180724057,185779832
2024-08-22,1.0270,1.0370,1.0270,1.0310,183095600,189202801
2024-08-23,1.0320,1.0350,1.0240,1.0300,173485400,178252712
2024-08-26,1.0270,1.0320,1.0210,1.0310,241214900,247589635
2024-08-27,1.0290,1.0370,1.0290,1.0370,146310600,151380818
2024-08-28,1.0350,1.0390,1.0270,1.0310,159194600,164436435
2024-08-29,1.0280,1.0300,1.0080,1.0080,294560181,298229383
2024-08-30,1.0090,1.0160,0.9980,1.0030,284621400,286557628
2024-09-02,1.0020,1.0130,0.9960,1.0060,168597600,169953636
2024-09-03,1.0050,1.0100,0.9900,0.9950,193246400,192376862
2024-09-04,0.9910,0.9960,0.9860,0.9930,132194600,130990761
2024-09-05,0.9910,0.9960,0.9850,0.9900,103792300,102609423
2024-09-06,0.9900,0.9960,0.9820,0.9820,156455300,154939836
2024-09-09,0.9810,0.9820,0.9640,0.9660,239248840,231771772
2024-09-10,0.9660,0.9700,0.9600,0.9670,199974900,192857909
2024-09-11,0.9640,0.9650,0.9410,0.9440,245038300,232101253
2024-09-12,0.9440,0.9540,0.9410,0.9490,254410770,241186206
2024-09-13,0.9510,0.9570,0.9450,0.9460,202080600,192074708
2024-09-18,0.9460,0.9640,0.9440,0.9620,181290812,172596827
2024-09-19,0.9600,0.9630,0.9500,0.9620,138652924,132751707
2024-09-20,0.9590,0.9630,0.9540,0.9600,155981200,149637545
2024-09-23,0.9580,0.9750,0.9570,0.9710,205171764,198900876
2024-09-24,0.9760,1.0150,0.9750,1.0150,449507000,449346685
2024-09-25,1.0250,1.0490,1.0250,1.0310,363359662,377735114
2024-09-26,1.0290,1.0630,1.0270,1.0620,378870423,396244258
2024-09-27,1.0700,1.0800,1.0390,1.0620,301119162,317247275
2024-09-30,1.0720,1.1400,1.0690,1.1270,856393723,941288665
2024-10-08,1.2220,1.2400,1.1060,1.1420,496030609,572707626
2024-10-09,1.1210,1.1210,1.0520,1.0540,602625988,651664688
2024-10-10,1.0540,1.1250,1.0540,1.1020,525885370,573939605
2024-10-11,1.1080,1.1080,1.0700,1.0820,455345393,495503551
2024-10-14,1.0890,1.1210,1.0890,1.1130,386066600,427479009
2024-10-15,1.1080,1.1150,1.0880,1.0890,220247100,242708312
2024-10-16,1.0840,1.1170,1.0810,1.1080,242961100,268272377
2024-10-17,1.1110,1.1190,1.0940,1.0960,186067400,205634899
2024-10-18,1.0930,1.1130,1.0780,1.1020,428434300,469267348
2024-10-21,1.1020,1.1040,1.0850,1.0920,392211649,427901670
2024-10-22,1.0880,1.0990,1.0880,1.0960,128837882,141058506
2024-10-23,1.0950,1.0980,1.0910,1.0950,255164244,279378989
2024-10-24,1.0910,1.0940,1.0860,1.0890,78074000,85085892
2024-10-25,1.0870,1.0910,1.0830,1.0870,101751200,110536183
2024-10-28,1.0840,1.0900,1.0760,1.0890,160906204,174312947
2024-10-29,1.0890,1.0910,1.0720,1.0730,186923540,201675193
2024-10-30,1.0710,1.0820,1.0600,1.0660,163522620,174539190
2024-10-31,1.0640,1.0700,1.0550,1.0630,309421000,328609633
2024-11-01,1.0610,1.0830,1.0610,1.0760,205748343,221395668
2024-11-04,1.0800,1.0860,1.0700,1.0850,110604800,119227891
2024-11-05,1.0840,1.0990,1.0830,1.0980,213183600,233108412
2024-11-06,1.0980,1.1020,1.0910,1.0950,204075000,223763243
2024-11-07,1.0910,1.1150,1.0880,1.1140,283387267,311902859
2024-11-08,1.1160,1.1180,1.0920,1.0990,231251000,254677466
2024-11-11,1.0970,1.0970,1.0790,1.0890,150015100,162728996
2024-11-12,1.0860,1.0960,1.0750,1.0790,294664408,320319373
2024-11-13,1.0800,1.0890,1.0750,1.0860,145241400,157467022
2024-11-14,1.0820,1.0910,1.0770,1.0780,112112500,121621575
2024-11-15,1.0780,1.0880,1.0740,1.0760,138466800,149756387
2024-11-18,1.0810,1.1090,1.0810,1.0950,328332600,360909543
2024-11-19,1.0960,1.1020,1.0830,1.0960,152763000,166814232
2024-11-20,1.0940,1.0980,1.0880,1.0980,128698100,140693483
2024-11-21,1.0980,1.1000,1.0920,1.0970,181417700,198604013
2024-11-22,1.0970,1.0990,1.0670,1.0680,219533805,237960367
2024-11-25,1.0680,1.0800,1.0650,1.0710,266388800,284856119
2024-11-26,1.0680,1.0770,1.0670,1.0730,246847800,264734848
2024-11-27,1.0700,1.0870,1.0620,1.0850,351448600,378218053
2024-11-28,1.0860,1.0890,1.0800,1.0830,98823100,107179651
2024-11-29,1.0830,1.0910,1.0820,1.0850,131475503,142974233
2024-12-02,1.0870,1.0890,1.0790,1.0860,187992800,203686842
2024-12-03,1.0870,1.1000,1.0800,1.0990,398475501,435776969
2024-12-04,1.0980,1.1070,1.0910,1.1010,474849500,522554856
2024-12-05,1.1000,1.1050,1.0980,1.1010,456829400,503388344
2024-12-06,1.1010,1.1190,1.1000,1.1150,1071820800,1192432546
2024-12-09,1.1150,1.1250,1.1100,1.1190,554149300,620766521
2024-12-10,1.1400,1.1500,1.1180,1.1190,645401401,726399162
2024-12-11,1.1180,1.1250,1.1160,1.1220,209041700,234272781
2024-12-12,1.1210,1.1250,1.1170,1.1230,236405600,265063936
2024-12-13,1.1210,1.1220,1.1020,1.1040,222830600,247308300
2024-12-16,1.1040,1.1250,1.1020,1.1220,387820001,433510057
2024-12-17,1.1190,1.1270,1.1130,1.1140,531643300,594716956
2024-12-18,1.1170,1.1290,1.1150,1.1220,509604068,572739987
2024-12-19,1.1160,1.1190,1.1050,1.1080,511016000,567683545
2024-12-20,1.1070,1.1110,1.1000,1.1010,455859300,503728095
2024-12-23,1.1010,1.1140,1.1000,1.1060,336203500,372454133
2024-12-24,1.1040,1.1170,1.1030,1.1150,365773800,406614913
2024-12-25,1.1160,1.1250,1.1150,1.1220,353516208,396175933
2024-12-26,1.1210,1.1230,1.1140,1.1190,236116200,263866976
2024-12-27,1.1160,1.1240,1.1070,1.1230,396464297,442328167
2024-12-30,1.1210,1.1320,1.1200,1.1310,363387500,409547915
2024-12-31,1.1310,1.1370,1.1220,1.1240,498164133,562833460
2025-01-02,1.1210,1.1290,1.0910,1.1010,704826800,782650303
2025-01-03,1.1010,1.1050,1.0820,1.0860,543443100,592790042
2025-01-06,1.0850,1.0880,1.0740,1.0870,520876200,563479472
2025-01-07,1.0870,1.0910,1.0780,1.0910,314531600,341672350
2025-01-08,1.0870,1.0980,1.0810,1.0950,316400400,345167002
2025-01-09,1.0930,1.0930,1.0810,1.0840,306233800,332284812
2025-01-10,1.0810,1.0850,1.0690,1.0700,314955600,338566758
2025-01-13,1.0670,1.0690,1.0530,1.0580,340570900,360669048
2025-01-14,1.0610,1.0770,1.0590,1.0740,273217200,291945933
2025-01-15,1.0730,1.0880,1.0720,1.0780,240723400,260259126
2025-01-16,1.0800,1.0880,1.0780,1.0870,147492600,159851435
2025-01-17,1.0860,1.0900,1.0790,1.0840,221825000,240765662
2025-01-20,1.0880,1.0930,1.0820,1.0850,191810600,208571808
2025-01-21,1.0880,1.0890,1.0740,1.0760,219980447,236983531
2025-01-22,1.0760,1.0760,1.0580,1.0610,328849100,349542102
2025-01-23,1.0690,1.0820,1.0690,1.0780,305014200,328273172
2025-01-24,1.0780,1.0860,1.0700,1.0820,322262900,347559100
2025-01-27,1.0850,1.1000,1.0840,1.0970,282503400,309602551
2025-02-05,1.0980,1.1000,1.0750,1.0770,406120296,439174386
2025-02-06,1.0770,1.0820,1.0710,1.0780,340747100,366153494
2025-02-07,1.0760,1.0830,1.0720,1.0790,461430667,497392312
2025-02-10,1.0780,1.0810,1.0750,1.0790,303531700,327244942
2025-02-11,1.0780,1.0900,1.0780,1.0890,421866300,458002249
2025-02-12,1.0880,1.0920,1.0840,1.0910,362628603,394714658
2025-02-13,1.0900,1.0980,1.0880,1.0940,340060500,372065388
2025-02-14,1.0910,1.0950,1.0860,1.0940,382712600,417082979
2025-02-17,1.0940,1.0950,1.0860,1.0930,368923000,401692489
2025-02-18,1.0920,1.1030,1.0900,1.0950,427727527,468982427
2025-02-19,1.0930,1.0940,1.0900,1.0940,262485700,286507617
2025-02-20,1.0910,1.0920,1.0870,1.0900,355213500,387127997
2025-02-21,1.0900,1.0920,1.0780,1.0820,691930782,748602696
2025-02-24,1.0800,1.0840,1.0760,1.0790,274971161,296940862
2025-02-25,1.0780,1.0800,1.0690,1.0710,246089000,264490600
2025-02-26,1.0720,1.0810,1.0720,1.0790,328070600,353407132
2025-02-27,1.0790,1.0900,1.0750,1.0890,463259950,501469434
2025-02-28,1.0880,1.0910,1.0820,1.0840,354224696,384899281
2025-03-03,1.0840,1.0880,1.0800,1.0830,383758736,415636291
2025-03-04,1.0800,1.0850,1.0790,1.0840,154581100,167303101
2025-03-05,1.0840,1.0910,1.0810,1.0910,220145550,239282582
2025-03-06,1.0910,1.0930,1.0830,1.0870,403985600,438581295
2025-03-07,1.0850,1.0890,1.0830,1.0850,381075804,413504572
2025-03-10,1.0850,1.0850,1.0760,1.0790,228635600,246644404
2025-03-11,1.0760,1.0850,1.0730,1.0840,326673506,352614715
2025-03-12,1.0840,1.0880,1.0820,1.0860,185818595,201764608
2025-03-13,1.0850,1.0930,1.0840,1.0910,272247600,296664105
2025-03-14,1.0910,1.1010,1.0910,1.1000,261453100,287113891
2025-03-17,1.1020,1.1060,1.0990,1.1040,199975900,220614204
2025-03-18,1.1050,1.1050,1.0990,1.1020,201575900,222054700
2025-03-19,1.1020,1.1090,1.0990,1.1080,170068200,187954244
2025-03-20,1.1090,1.1120,1.1020,1.1050,396030421,438091420
2025-03-21,1.1030,1.1120,1.0960,1.1030,407912600,450054778
2025-03-24,1.1010,1.1090,1.1010,1.1080,207947900,229782516
2025-03-25,1.1090,1.1160,1.1070,1.1150,277362337,308666162
2025-03-26,1.1140,1.1160,1.1100,1.1120,386919500,430553801
2025-03-27,1.1110,1.1180,1.1110,1.1150,338113737,377061575
2025-03-28,1.1150,1.1150,1.1080,1.1120,365864700,406455173
2025-03-31,1.1120,1.1210,1.1080,1.1120,372818400,414843522
2025-04-01,1.1110,1.1160,1.1080,1.1150,294980200,328001648
2025-04-02,1.1140,1.1240,1.1130,1.1210,255319233,286354297
2025-04-03,1.1180,1.1260,1.1150,1.1250,368866698,413912020
2025-04-07,1.1070,1.1070,1.0420,1.0640,903368606,972049460
2025-04-08,1.0650,1.0890,1.0640,1.0880,553089300,596230811
2025-04-09,1.0760,1.0860,1.0640,1.0850,635936060,683349039
2025-04-10,1.0880,1.0950,1.0820,1.0900,443099700,483035786
2025-04-11,1.0870,1.0900,1.0820,1.0870,354201600,384491139
2025-04-14,1.0890,1.0960,1.0850,1.0950,278342500,303849091
2025-04-15,1.0950,1.1070,1.0930,1.1060,233184207,256787877
2025-04-16,1.1040,1.1170,1.1040,1.1160,386437148,428616916
2025-04-17,1.1140,1.1190,1.1090,1.1170,240675986,268290700
2025-04-18,1.1160,1.1230,1.1150,1.1200,232879230,260762648
2025-04-21,1.1200,1.1270,1.1130,1.1140,454878635,508763612
2025-04-22,1.1150,1.1220,1.1130,1.1210,259928300,290918059
2025-04-23,1.1220,1.1220,1.1130,1.1160,274020953,306030089
2025-04-24,1.1150,1.1270,1.1150,1.1260,333704990,374897668
2025-04-25,1.1260,1.1280,1.1220,1.1250,245098400,275529581
2025-04-28,1.1240,1.1330,1.1230,1.1300,424575453,479408194
2025-04-29,1.1280,1.1330,1.1250,1.1270,249205200,281050472
2025-04-30,1.1260,1.1260,1.1060,1.1090,727538700,808080186
2025-05-06,1.1090,1.1100,1.1020,1.1090,364496389,403093302
2025-05-07,1.1130,1.1180,1.1100,1.1180,247878400,276308338
2025-05-08,1.1170,1.1260,1.1150,1.1240,268867900,301796892
2025-05-09,1.1230,1.1340,1.1220,1.1320,341434900,386439816
2025-05-12,1.1320,1.1380,1.1280,1.1330,364103000,412591271
2025-05-13,1.1340,1.1450,1.1310,1.1440,290344671,331133098
2025-05-14,1.1440,1.1540,1.1390,1.1520,337164071,387159210
2025-05-15,1.1510,1.1560,1.1470,1.1480,296150500,340519286
2025-05-16,1.1460,1.1480,1.1350,1.1400,270805789,308510581
2025-05-19,1.1390,1.1470,1.1380,1.1420,192728482,220324051
2025-05-20,1.1430,1.1500,1.1430,1.1470,241384272,276778193
2025-05-21,1.1470,1.1570,1.1460,1.1550,214522300,247308946
2025-05-22,1.1550,1.1600,1.1500,1.1590,231234850,267547967
2025-05-23,1.1590,1.1660,1.1500,1.1500,351224450,406433828
2025-05-26,1.1500,1.1540,1.1430,1.1470,515422700,591438142
2025-05-27,1.1480,1.1520,1.1450,1.1490,253720200,291309152
2025-05-28,1.1490,1.1550,1.1460,1.1540,186011500,214337825
2025-05-29,1.1540,1.1570,1.1500,1.1520,456849833,526898101
2025-05-30,1.1530,1.1610,1.1520,1.1590,274156301,317425676
2025-06-03,1.1570,1.1710,1.1550,1.1690,273794506,319096218
2025-06-04,1.1680,1.1750,1.1660,1.1740,227546935,266483880
2025-06-05,1.1740,1.1760,1.1640,1.1650,729063464,851233852
2025-06-06,1.1660,1.1710,1.1660,1.1680,228147520,266368869
2025-06-09,1.1690,1.1700,1.1610,1.1690,510096633,594274788
2025-06-10,1.1690,1.1780,1.1650,1.1690,300958697,352846005
2025-06-11,1.1690,1.1740,1.1690,1.1730,145258900,170202245
2025-06-12,1.1730,1.1780,1.1700,1.1760,214330300,251984206
2025-06-13,1.1760,1.1790,1.1660,1.1690,794373300,929500830
2025-06-16,1.1680,1.1750,1.1640,1.1750,233302200,272660019
2025-06-17,1.1750,1.1780,1.1700,1.1720,220068577,257952594
2025-06-18,1.1720,1.1790,1.1680,1.1790,289692477,340373827
2025-06-19,1.1770,1.1800,1.1720,1.1770,244778121,287729643
2025-06-20,1.1770,1.1840,1.1740,1.1820,256644135,303130595
2025-06-23,1.1810,1.1910,1.1720,1.1900,265346900,313800572
2025-06-24,1.1880,1.1930,1.1830,1.1910,260429694,309666577
2025-06-25,1.1910,1.2030,1.1860,1.2010,294073485,351328498
2025-06-26,1.1980,1.2070,1.1950,1.2060,274969220,330122452
2025-06-27,1.2060,1.2100,1.1850,1.1880,783890781,936530951
2025-06-30,1.1840,1.1890,1.1800,1.1860,421225179,498468877
2025-07-01,1.1880,1.1970,1.1860,1.1970,318877687,380744578
2025-07-02,1.1960,1.2050,1.1960,1.2000,343687600,412882888
2025-07-03,1.2000,1.2060,1.1950,1.2010,387731998,465757464
2025-07-04,1.2000,1.2160,1.1990,1.2110,385361000,465870657
2025-07-07,1.2110,1.2190,1.2080,1.2180,320191899,388721928
2025-07-08,1.2180,1.2210,1.2100,1.2150,348858372,423804104
2025-07-09,1.2130,1.2260,1.2130,1.2230,400727313,489760284
2025-07-10,1.2230,1.2340,1.2220,1.2300,260849536,320511252
2025-07-11,1.2300,1.2360,1.2180,1.2190,745372600,913962890
2025-07-14,1.2190,1.2320,1.2170,1.2270,487919299,598236999
2025-07-15,1.2270,1.2290,1.2120,1.2160,599682207,730489583
2025-07-16,1.2180,1.2180,1.2050,1.2100,612428458,740157937
2025-07-17,1.2090,1.2130,1.2050,1.2080,680894721,822723416
2025-07-18,1.2090,1.2150,1.2070,1.2130,445294781,539964028
2025-07-21,1.2130,1.2170,1.2100,1.2130,417335542,506383762
2025-07-22,1.2140,1.2160,1.1990,1.2140,637724740,769928688
2025-07-23,1.2160,1.2270,1.2150,1.2170,474394500,578940849
2025-07-24,1.2150,1.2160,1.2050,1.2080,579650839,700001985
2025-07-25,1.2070,1.2080,1.1980,1.1990,508102795,610964172
2025-07-28,1.1970,1.2030,1.1930,1.1970,378864232,453775089
2025-07-29,1.1950,1.1980,1.1850,1.1890,431055800,512477479
2025-07-30,1.1890,1.2000,1.1860,1.1940,433596596,518082689
2025-07-31,1.1940,1.1940,1.1750,1.1800,529290100,624619815
2025-08-01,1.1800,1.1850,1.1720,1.1810,357566499,421396580
2025-08-04,1.1760,1.1880,1.1750,1.1870,468991700,555395989
2025-08-05,1.1880,1.2010,1.1850,1.2000,399283400,477109306
2025-08-06,1.2010,1.2040,1.1970,1.2010,380238100,456446815
2025-08-07,1.2010,1.2060,1.1960,1.2060,298226320,358739093
2025-08-08,1.2050,1.2100,1.2040,1.2070,281892194,340284017
2025-08-11,1.2070,1.2090,1.1960,1.2000,640154000,767990005
2025-08-12,1.1980,1.2080,1.1970,1.2020,274476800,330443606
2025-08-13,1.2030,1.2060,1.1960,1.1980,370545793,444794467
2025-08-14,1.1970,1.2070,1.1960,1.1990,353639268,425064254
2025-08-15,1.1990,1.2000,1.1850,1.1950,457555397,544429137
2025-08-18,1.1930,1.2010,1.1910,1.1970,507902383,607271527
2025-08-19,1.1980,1.2000,1.1930,1.1960,351485688,420712018
2025-08-20,1.1950,1.2070,1.1920,1.2070,372171905,447346095
2025-08-21,1.2070,1.2140,1.2030,1.2140,391637065,473852200
2025-08-22,1.2120,1.2130,1.2020,1.2090,315645850,380592917
2025-08-25,1.2090,1.2200,1.2050,1.2190,449953000,545881381
2025-08-26,1.2190,1.2200,1.2140,1.2160,303534300,369540243
2025-08-27,1.2140,1.2160,1.1950,1.1970,507278700,610079733
2025-08-28,1.1960,1.2000,1.1850,1.1970,379998947,453264065
2025-08-29,1.1950,1.2090,1.1920,1.1940,328545393,393777705
2025-09-01,1.1940,1.2010,1.1860,1.1910,403475669,481256937
2025-09-02,1.1920,1.2000,1.1890,1.2000,404894814,483915529
2025-09-03,1.2000,1.2010,1.1830,1.1870,483274014,575072553
2025-09-04,1.1860,1.1920,1.1740,1.1900,480563368,567790408
2025-09-05,1.1890,1.1890,1.1790,1.1850,344535664,407168063
2025-09-08,1.1820,1.1880,1.1790,1.1850,302775811,358806638
2025-09-09,1.1850,1.1910,1.1840,1.1910,281911447,334872994
2025-09-10,1.1880,1.1910,1.1840,1.1880,220460764,261803593
2025-09-11,1.1880,1.1920,1.1800,1.1920,333354100,395039730
2025-09-12,1.1900,1.1940,1.1820,1.1840,303929500,361186499
2025-09-15,1.1840,1.1840,1.1710,1.1740,438328084,515561215
2025-09-16,1.1750,1.1780,1.1680,1.1700,384635820,450597988
2025-09-17,1.1700,1.1760,1.1670,1.1750,365420900,428611474
2025-09-18,1.1740,1.1750,1.1480,1.1530,575644800,667662765
2025-09-19,1.1530,1.1600,1.1460,1.1590,309874800,357377950
2025-09-22,1.1580,1.1600,1.1460,1.1500,283851584,326929983
2025-09-23,1.1500,1.1590,1.1430,1.1570,476813803,549811625
2025-09-24,1.1550,1.1640,1.1530,1.1570,296506300,343489745
2025-09-25,1.1570,1.1580,1.1450,1.1490,250655800,287932612
2025-09-26,1.1470,1.1520,1.1390,1.1490,306440100,351237273
2025-09-29,1.1480,1.1550,1.1410,1.1470,381335919,437080200
2025-09-30,1.1460,1.1480,1.1360,1.1390,484191828,551427803
2025-10-09,1.1380,1.1420,1.1330,1.1420,385568234,438303733
2025-10-10,1.1420,1.1530,1.1380,1.1500,545103112,625480670
2025-10-13,1.1460,1.1590,1.1360,1.1560,1006068685,1156084203
2025-10-14,1.1550,1.1790,1.1510,1.1770,1012335758,1185874760
2025-10-15,1.1760,1.1840,1.1730,1.1820,972308974,1147617806
2025-10-16,1.1820,1.1910,1.1800,1.1900,664167776,788163379
2025-10-17,1.1890,1.1980,1.1830,1.1850,1041098892,1239918567
2025-10-20,1.1860,1.1890,1.1720,1.1870,744422697,880423638
2025-10-21,1.1840,1.1930,1.1830,1.1900,581161958,691190560
2025-10-22,1.1890,1.2000,1.1880,1.1990,421027269,503498302
2025-10-23,1.1990,1.2070,1.1950,1.2060,389327110,467772160
2025-10-24,1.2040,1.2050,1.1960,1.1970,725463969,870255785
2025-10-27,1.1940,1.2040,1.1890,1.1980,821143262,983107497
2025-10-28,1.1980,1.2010,1.1900,1.1980,364697631,436180904
2025-10-29,1.1960,1.1960,1.1810,1.1870,580544462,689236716
2025-10-30,1.1850,1.1960,1.1850,1.1900,443501994,528138987
2025-10-31,1.1890,1.1910,1.1810,1.1880,451071255,535150445
2025-11-03,1.1890,1.2050,1.1880,1.2040,458878610,549709007
2025-11-04,1.2040,1.2200,1.2020,1.2170,751410940,913152766
2025-11-05,1.2160,1.2200,1.2100,1.2170,483050763,587823426
2025-11-06,1.2160,1.2200,1.2090,1.2160,375080584,456152699
2025-11-07,1.2150,1.2240,1.2150,1.2170,402403591,490276627
2025-11-10,1.2170,1.2280,1.2120,1.2270,497085972,607771997
2025-11-11,1.2270,1.2330,1.2230,1.2320,391315796,481078175
2025-11-12,1.2320,1.2470,1.2320,1.2430,560132753,696068870
2025-11-13,1.2420,1.2450,1.2310,1.2390,509505222,630363803
2025-11-14,1.2370,1.2480,1.2350,1.2350,435560044,540840190
2025-11-17,1.2340,1.2350,1.2200,1.2240,508594459,623037539
2025-11-18,1.2220,1.2260,1.2110,1.2170,624209831,760064476
2025-11-19,1.2150,1.2230,1.2150,1.2190,877376092,1069391127
2025-11-20,1.2170,1.2350,1.2140,1.2280,723870212,887495842
2025-11-21,1.2220,1.2270,1.2080,1.2090,935639245,1138118784
2025-11-24,1.2120,1.2150,1.2020,1.2020,447153696,539355096
2025-11-25,1.2020,1.2110,1.1990,1.2090,693467152,836899662
2025-11-26,1.2090,1.2140,1.2010,1.2030,569518062,686666082
2025-11-27,1.2010,1.2080,1.1960,1.2050,421689275,506808767
2025-11-28,1.2030,1.2050,1.1990,1.2040,416674559,500926534
2025-12-01,1.2040,1.2120,1.2010,1.2110,644458565,778202606
2025-12-02,1.2110,1.2120,1.2050,1.2080,421435200,509407355
2025-12-03,1.2080,1.2130,1.2020,1.2030,645739500,779319327
2025-12-04,1.2030,1.2050,1.1970,1.1980,494144918,592813760
2025-12-05,1.1980,1.1990,1.1860,1.1930,655302500,780586674
2025-12-08,1.1910,1.1930,1.1860,1.1900,443478535,527710161
2025-12-09,1.1900,1.1900,1.1800,1.1810,816128809,965976592
2025-12-10,1.1810,1.1850,1.1730,1.1760,365597903,430444638
2025-12-11,1.1770,1.1790,1.1700,1.1730,562689899,660261523
2025-12-12,1.1740,1.1760,1.1700,1.1740,520979200,610448378
2025-12-15,1.1700,1.1810,1.1670,1.1750,493118100,579369180
2025-12-16,1.1760,1.1790,1.1670,1.1690,514852195,603348830
2025-12-17,1.1680,1.1740,1.1640,1.1710,422666443,493976871
2025-12-18,1.1700,1.1840,1.1660,1.1810,522602379,615206474
2025-12-19,1.1820,1.1850,1.1760,1.1810,613264614,723817999
2025-12-22,1.1810,1.1820,1.1730,1.1730,635758462,747223314
2025-12-23,1.1740,1.1800,1.1730,1.1730,433724997,509959020
2025-12-24,1.1730,1.1770,1.1700,1.1770,439827420,515947133
2025-12-25,1.1770,1.1820,1.1740,1.1780,442904336,521773797
2025-12-26,1.1770,1.1790,1.1730,1.1750,393381300,462405385
2025-12-29,1.1760,1.1800,1.1710,1.1760,484669789,569688161
2025-12-30,1.1740,1.1770,1.1710,1.1750,407374049,478488159
2025-12-31,1.1750,1.1790,1.1740,1.1760,566012914,665624256
2026-01-05,1.1760,1.1770,1.1680,1.1730,809228700,948533120
2026-01-06,1.1730,1.1750,1.1680,1.1740,1003278032,1175653748
2026-01-07,1.1740,1.1750,1.1680,1.1700,459286396,537708267
2026-01-08,1.1690,1.1690,1.1590,1.1610,650950682,756831915
2026-01-09,1.1610,1.1630,1.1570,1.1620,663165169,768918690
2026-01-12,1.1620,1.1640,1.1560,1.1640,829679779,962787582
2026-01-13,1.1640,1.1720,1.1630,1.1660,947015800,1105932587
2026-01-14,1.1670,1.1680,1.1550,1.1560,829045732,962403347
2026-01-15,1.1570,1.1590,1.1510,1.1530,521808598,602783062
2026-01-16,1.1530,1.1550,1.1400,1.1430,919751870,1054199350
2026-01-19,1.1430,1.1470,1.1400,1.1440,657631921,752223021
2026-01-20,1.1440,1.1620,1.1430,1.1600,991343168,1144987722
2026-01-21,1.1600,1.1630,1.1490,1.1510,787985256,909957244
2026-01-22,1.1490,1.1590,1.1480,1.1520,591403200,682172618
2026-01-23,1.1510,1.1540,1.1450,1.1480,565069300,649624390
2026-01-26,1.1480,1.1570,1.1450,1.1560,629864820,725674120
2026-01-27,1.1550,1.1560,1.1470,1.1480,764873300,881681555
2026-01-28,1.1470,1.1580,1.1440,1.1520,619681333,713791399
2026-01-29,1.1500,1.1690,1.1490,1.1690,755457571,875025665
2026-01-30,1.1690,1.1760,1.1620,1.1680,814795652,953566534
2026-02-02,1.1650,1.1700,1.1510,1.1540,825324152,958395402
2026-02-03,1.1540,1.1560,1.1430,1.1500,754311530,866439095
2026-02-04,1.1490,1.1670,1.1490,1.1660,618224430,718005509
2026-02-05,1.1660,1.1820,1.1660,1.1810,754441619,886243861
2026-02-06,1.1790,1.1830,1.1720,1.1780,682113234,803697959
2026-02-09,1.1770,1.1830,1.1740,1.1810,603614454,711798825
2026-02-10,1.1820,1.1870,1.1800,1.1860,407076199,482060692
2026-02-11,1.1850,1.1900,1.1820,1.1880,396365078,470345517
2026-02-12,1.1870,1.1880,1.1760,1.1770,598861473,706316161
2026-02-13,1.1760,1.1780,1.1650,1.1670,645765495,756923532
2026-02-24,1.1700,1.1760,1.1700,1.1720,439323384,515135730
2026-02-25,1.1720,1.1800,1.1670,1.1690,808119894,947735457
2026-02-26,1.1710,1.1750,1.1630,1.1680,499280200,582800395
2026-02-27,1.1680,1.1740,1.1660,1.1720,445534000,521847462
2026-03-02,1.1700,1.1840,1.1680,1.1830,777712021,915395984
2026-03-03,1.1830,1.2030,1.1830,1.1960,1201515647,1433145503
2026-03-04,1.1940,1.1940,1.1730,1.1800,1110968200,1310071468
2026-03-05,1.1790,1.1870,1.1740,1.1820,572143500,675471261
2026-03-06,1.1800,1.1890,1.1780,1.1880,580577400,686980731
2026-03-09,1.1900,1.1950,1.1840,1.1870,1168092030,1389627900
2026-03-10,1.1840,1.1860,1.1770,1.1850,452751300,534948493
2026-03-11,1.1840,1.1970,1.1780,1.1960,601915324,714291887
2026-03-12,1.1960,1.2050,1.1930,1.2020,479502900,575394940
2026-03-13,1.2010,1.2120,1.2010,1.2050,558309370,673581011
2026-03-16,1.2050,1.2110,1.1980,1.2050,762268510,918648435
2026-03-17,1.2030,1.2140,1.2030,1.2100,475326700,575275404
2026-03-18,1.2100,1.2100,1.1970,1.2040,754436797,906886581
2026-03-19,1.2020,1.2110,1.1980,1.2010,587374697,707001265
2026-03-20,1.1990,1.2100,1.1960,1.1960,574315130,690885074
2026-03-23,1.1900,1.1920,1.1530,1.1580,1234527630,1444258117
2026-03-24,1.1610,1.1800,1.1610,1.1780,775052084,907755249
2026-03-25,1.1770,1.1890,1.1680,1.1880,843810451,995970097
2026-03-26,1.1860,1.1930,1.1840,1.1850,526449776,625494429
2026-03-27,1.1820,1.1910,1.1780,1.1830,603197287,713431924
2026-03-30,1.1790,1.1940,1.1780,1.1930,621511813,737831500
2026-03-31,1.1930,1.2050,1.1920,1.1980,638312502,766031344
2026-04-01,1.1990,1.2060,1.1950,1.1970,582447004,699179904
2026-04-02,1.1960,1.2040,1.1950,1.2010,707666883,849407095
2026-04-03,1.2010,1.2020,1.1840,1.1880,904111773,1075732649
2026-04-07,1.1880,1.1880,1.1770,1.1800,562295519,664524355
2026-04-08,1.1800,1.1900,1.1760,1.1900,705963269,835524775
2026-04-09,1.1890,1.1910,1.1800,1.1830,482704443,571215569
2026-04-10,1.1820,1.1860,1.1800,1.1810,518380174,612817320
2026-04-13,1.1810,1.1810,1.1720,1.1760,591143309,694575491
2026-04-14,1.1770,1.1820,1.1760,1.1810,452159533,532867813
2026-04-15,1.1820,1.1900,1.1800,1.1890,666919773,790617760
2026-04-16,1.1880,1.1920,1.1850,1.1890,488396756,580266817
2026-04-17,1.1880,1.1890,1.1830,1.1840,540939064,641406076
2026-04-20,1.1840,1.1910,1.1810,1.1900,553822433,657258426
2026-04-21,1.1900,1.1990,1.1890,1.1970,500467646,598880663
2026-04-22,1.1960,1.1980,1.1910,1.1920,326780483,389948699
2026-04-23,1.1920,1.2000,1.1900,1.1980,503845675,602648942
2026-04-24,1.1980,1.2030,1.1930,1.1980,634963800,760829200
2026-04-27,1.1970,1.2000,1.1880,1.1890,705498800,841851807
2026-04-28,1.1880,1.1930,1.1860,1.1920,491905560,584706867
2026-04-29,1.1940,1.1990,1.1900,1.1950,506400644,604963959
2026-04-30,1.1960,1.1960,1.1860,1.1880,750859233,892923213
2026-05-06,1.1880,1.1890,1.1770,1.1830,771049738,909817917
2026-05-07,1.1820,1.1830,1.1760,1.1780,759575914,895197964
2026-05-08,1.1780,1.1830,1.1750,1.1770,471791150,555461708
2026-05-11,1.1760,1.1780,1.1720,1.1780,655267014,770095347
2026-05-12,1.1780,1.1810,1.1740,1.1760,608071822,715584603
2026-05-13,1.1750,1.1790,1.1730,1.1770,510646787,600551114
2026-05-14,1.1770,1.1790,1.1730,1.1760,475878063,560007203
2026-05-15,1.1750,1.1760,1.1640,1.1670,729235903,852961778
2026-05-18,1.1640,1.1660,1.1560,1.1600,697085513,808498959
2026-05-19,1.1590,1.1690,1.1590,1.1690,455981974,531596365
2026-05-20,1.1680,1.1700,1.1630,1.1640,445338859,519025445
2026-05-21,1.1630,1.1650,1.1580,1.1610,386261685,448868420
2026-05-22,1.1590,1.1600,1.1510,1.1550,815721350,941960861
2026-05-25,1.1540,1.1570,1.1490,1.1520,520917600,600397688
2026-05-26,1.1510,1.1570,1.1500,1.1560,515824600,595204388
2026-05-27,1.1560,1.1570,1.1460,1.1500,638191300,734132505
2026-05-28,1.1490,1.1550,1.1430,1.1440,653530600,750042946
2026-05-29,1.1440,1.1690,1.1420,1.1670,796236525,923199597
2026-06-01,1.1660,1.1840,1.1580,1.1810,818364328,959040186
2026-06-02,1.1790,1.1910,1.1780,1.1820,737393618,872739866
2026-06-03,1.1800,1.1800,1.1620,1.1730,801935785,938043659
2026-06-04,1.1700,1.1730,1.1560,1.1580,607509222,706794277
2026-06-05,1.1590,1.1700,1.1580,1.1590,517836280,602284303
2026-06-08,1.1580,1.1670,1.1550,1.1650,720220930,836646060
2026-06-09,1.1630,1.1690,1.1570,1.1640,580005638,675247414
2026-06-10,1.1630,1.1750,1.1600,1.1720,848426190,991797548
2026-06-11,1.1730,1.1740,1.1610,1.1620,514664160,599549363
2026-06-12,1.1600,1.1720,1.1540,1.1720,667017181,776223901
2026-06-15,1.1710,1.1710,1.1570,1.1610,854522732,993128691
2026-06-16,1.1580,1.1600,1.1430,1.1450,888648962,1021075120
2026-06-17,1.1460,1.1480,1.1350,1.1400,724628158,825489444
2026-06-18,1.1380,1.1380,1.1110,1.1150,1419552672,1590233801
2026-06-22,1.1100,1.1190,1.0960,1.1140,1028564500,1135833014
2026-06-23,1.1110,1.1300,1.1100,1.1180,885441072,992411157
2026-06-24,1.1180,1.1200,1.0970,1.0990,791890777,875883361
2026-06-25,1.0930,1.0980,1.0840,1.0860,685895086,747629675
2026-06-26,1.0860,1.0910,1.0790,1.0810,639536405,692867636
2026-06-29,1.0790,1.0930,1.0620,1.0890,828695989,893843491
2026-06-30,1.0870,1.0870,1.0630,1.0670,976290645,1045638326
2026-07-01,1.0670,1.0830,1.0620,1.0790,801245734,859995364
2026-07-02,1.0820,1.0990,1.0750,1.0870,726014683,788467182
2026-07-03,1.0870,1.0980,1.0810,1.0900,610969198,665635895
2026-07-06,1.0890,1.1140,1.0830,1.1120,915914163,1008710127
2026-07-07,1.1120,1.1130,1.0970,1.1040,658837641,726747086
2026-07-08,1.1030,1.1210,1.0980,1.1200,873269620,971913630
2026-07-09,1.1160,1.1160,1.1030,1.1050,805444525,892711406
2026-07-10,1.1010,1.1130,1.0990,1.1130,672095259,743793957
2026-07-13,1.1110,1.1280,1.1070,1.1260,897709613,1007280128
2026-07-14,1.1230,1.1400,1.1210,1.1390,814527175,921418573
2026-07-15,1.1320,1.1540,1.1300,1.1520,733789179,840264302
2026-07-16,1.1510,1.1590,1.1390,1.1410,801101785,916460547
2026-07-17,1.1410,1.1550,1.1400,1.1460,987420994,1135204391
2026-07-20,1.1450,1.1750,1.1430,1.1720,1189417167,1387149505
2026-07-21,1.1710,1.1890,1.1590,1.1600,1368702191,1603190997
2026-07-22,1.1580,1.1680,1.1480,1.1680,964187548,1115424244
2026-07-23,1.1630,1.1750,1.1610,1.1740,611805667,715691999
2026-07-24,1.1740,1.1780,1.1620,1.1620,601574736,703514965
2026-07-27,1.1610,1.1710,1.1580,1.1670,667944656,778173266
2026-07-28,1.1680,1.1770,1.1600,1.1760,661978895,774812573
2026-07-29,1.1750,1.1910,1.1740,1.1870,757982937,898707497
2026-07-30,1.1860,1.2070,1.1860,1.2070,1345563105,1612239704
2026-07-31,1.1900,1.2040,1.1770,1.2040,925090341,1099392199
2026-08-03,1.1990,1.2100,1.1950,1.2030,568757195,683566791
2026-08-04,1.2000,1.2000,1.1760,1.1760,1144770271,1353642179
2026-08-05,1.1740,1.1770,1.1600,1.1640,1501761046,1746864189
2026-08-06,1.1630,1.1690,1.1510,1.1660,921696727,1068662646
2026-08-07,1.1620,1.1670,1.1520,1.1580,780308500,903455612
2026-08-10,1.1550,1.1700,1.1530,1.1620,679292295,790686921
2026-08-11,1.1620,1.1720,1.1620,1.1630,568897023,663479804
2026-08-12,1.1630,1.1640,1.1550,1.1590,447067009,517863746
2026-08-13,1.1560,1.1600,1.1520,1.1570,462330609,534669157
2026-08-14,1.1570,1.1610,1.1510,1.1550,480267477,555185014
2026-08-17,1.1550,1.1570,1.1500,1.1560,532502532,614753042
2026-08-18,1.1560,1.1630,1.1550,1.1610,604009100,700712686
2026-08-19,1.1640,1.1770,1.1640,1.1750,794806954,931235869
2026-08-20,1.1700,1.1840,1.1680,1.1830,737566821,867110221
2026-08-21,1.1820,1.1840,1.1740,1.1760,513705858,604722662
2026-08-24,1.1720,1.1900,1.1710,1.1890,716716893,849094247
2026-08-25,1.1890,1.1930,1.1830,1.1850,862666972,1024649943
2026-08-26,1.1820,1.1930,1.1800,1.1910,698352699,830461665
2026-08-27,1.1890,1.1890,1.1720,1.1830,927713780,1094747351
2026-08-28,1.1810,1.1860,1.1780,1.1840,433116200,512099248
2026-08-31,1.1840,1.1970,1.1840,1.1920,675697314,805468491
2026-09-01,1.1940,1.2100,1.1900,1.2080,1125685056,1356800542
2026-09-02,1.2100,1.2120,1.2000,1.2010,856361300,1031570038
2026-09-03,1.1990,1.2160,1.1990,1.2000,1051500547,1268762085
2026-09-04,1.1990,1.2110,1.1980,1.2070,570136849,688109437
2026-09-07,1.2060,1.2090,1.1900,1.1950,629311739,753142642
2026-09-08,1.1950,1.2080,1.1940,1.2070,612452620,736849456
2026-09-09,1.2060,1.2120,1.2010,1.2110,585081100,707438186
2026-09-10,1.2130,1.2170,1.2060,1.2140,549068412,666111793
2026-09-11,1.2140,1.2160,1.2020,1.2030,488398400,589137323
2026-09-14,1.2020,1.2130,1.2010,1.2080,433764422,523589949
2026-09-15,1.2080,1.2080,1.1950,1.1960,541988872,650094298
2026-09-16,1.1990,1.2000,1.1820,1.1900,556269117,660946683
2026-09-17,1.1880,1.1930,1.1800,1.1840,425376732,504295538
2026-09-18,1.1810,1.1900,1.1770,1.1840,446851994,528499849
2026-09-21,1.1800,1.1860,1.1750,1.1860,535071245,632121493
2026-09-22,1.1810,1.1880,1.1780,1.1870,647475809,766245407
