date,open,high,low,close,volume,amount
2013-03-05,0.9580,0.9860,0.9550,0.9860,54767976,52958148
2013-03-06,0.9880,0.9910,0.9770,0.9910,61875528,61140200
2013-03-07,0.9920,0.9950,0.9720,0.9790,26293984,25982434
2013-03-08,0.9800,0.9880,0.9760,0.9810,17403360,17084528
2013-03-11,0.9690,0.9790,0.9640,0.9730,16630342,16187553
2013-03-12,0.9700,0.9810,0.9520,0.9620,16924234,16414685
2013-03-13,0.9550,0.9600,0.9470,0.9520,5214541,4972382
2013-03-14,0.9500,0.9570,0.9400,0.9520,6482142,6172535
2013-03-15,0.9440,0.9780,0.9400,0.9500,13740389,13158605
2013-03-18,0.9510,0.9550,0.9420,0.9420,2703002,2563655
2013-03-19,0.9400,0.9500,0.9370,0.9460,7048678,6652014
2013-03-20,0.9450,0.9810,0.9450,0.9800,18361798,17812612
2013-03-21,0.9750,0.9870,0.9740,0.9790,12693693,12471021
2013-03-22,0.9750,0.9840,0.9750,0.9800,6217312,6087112
2013-03-25,0.9860,0.9880,0.9790,0.9820,5510946,5418290
2013-03-26,0.9760,0.9760,0.9610,0.9630,3419325,3295654
2013-03-27,0.9680,0.9770,0.9600,0.9650,1208389,1169125
2013-03-28,0.9600,0.9600,0.9010,0.9300,1996548,1867332
2013-03-29,0.9330,0.9360,0.9260,0.9330,536529,499333
2013-04-01,0.9320,0.9400,0.9280,0.9290,562031,524312
2013-04-02,0.9310,0.9390,0.9210,0.9300,1088829,1015742
2013-04-03,1.0000,1.0000,0.9280,0.9310,1410262,1316732
2013-04-08,0.9200,0.9280,0.9120,0.9200,549218,504768
2013-04-09,0.9300,0.9340,0.9260,0.9280,595714,553463
2013-04-10,0.9340,0.9340,0.9220,0.9250,1441220,1334026
2013-04-11,0.9380,0.9380,0.9250,0.9260,402200,374690
2013-04-12,0.9310,0.9310,0.9220,0.9260,783488,724402
2013-04-15,0.9030,0.9210,0.9030,0.9150,975520,893383
2013-04-16,0.9110,0.9210,0.9080,0.9190,691711,631316
2013-04-17,0.9200,0.9200,0.9090,0.9120,471702,431123
2013-04-18,0.9140,0.9220,0.9110,0.9200,2824827,2592913
2013-04-19,0.9230,0.9480,0.9220,0.9470,3593320,3365360
2013-04-22,0.9470,0.9470,0.9400,0.9410,694209,653793
2013-04-23,0.9430,0.9430,0.9160,0.9170,2135115,1968105
2013-04-24,0.9200,0.9350,0.9150,0.9280,1137265,1050620
2013-04-25,0.9280,0.9290,0.9130,0.9180,1093432,1006516
2013-04-26,0.9320,0.9320,0.9140,0.9140,2171203,1994387
2013-05-02,0.9130,0.9140,0.9050,0.9110,359916,327288
2013-05-03,0.9180,0.9380,0.9170,0.9270,2003548,1861263
2013-05-06,0.9320,0.9410,0.9270,0.9380,2541358,2383448
2013-05-07,0.9380,0.9390,0.9350,0.9380,986023,923615
2013-05-08,0.9500,0.9510,0.9400,0.9420,1880622,1775270
2013-05-09,0.9380,0.9440,0.9330,0.9380,880419,828434
2013-05-10,0.9350,0.9440,0.9350,0.9440,391540,367694
2013-05-13,0.9440,0.9440,0.9340,0.9360,708534,664280
2013-05-14,0.9360,0.9360,0.9200,0.9230,787109,729549
2013-05-15,0.9240,0.9280,0.9240,0.9270,211709,196086
2013-05-16,0.9200,0.9450,0.9180,0.9450,2980555,2784579
2013-05-17,0.9430,0.9580,0.9400,0.9560,2470050,2341758
2013-05-20,0.9580,0.9730,0.9570,0.9660,1818080,1753803
2013-05-21,0.9630,0.9660,0.9580,0.9620,1868818,1798687
2013-05-22,0.9570,0.9650,0.9550,0.9640,2724085,2622238
2013-05-23,0.9650,0.9650,0.9470,0.9470,1461826,1398551
2013-05-24,0.9500,0.9570,0.9420,0.9510,3174503,3020284
2013-05-27,0.9490,0.9520,0.9460,0.9520,2373444,2252520
2013-05-28,0.9470,0.9690,0.9460,0.9670,6090708,5873759
2013-05-29,0.9770,0.9770,0.9650,0.9690,1697819,1646805
2013-05-30,0.9650,0.9690,0.9620,0.9660,1671897,1613956
2013-05-31,0.9640,0.9720,0.9580,0.9600,125721,121052
2013-06-03,0.9590,0.9640,0.9560,0.9580,1102361,1059007
2013-06-04,0.9500,0.9580,0.9450,0.9480,561372,532742
2013-06-05,0.9470,0.9490,0.9430,0.9450,659588,623696
2013-06-06,0.9420,0.9420,0.9240,0.9310,1172829,1096974
2013-06-07,0.9290,0.9330,0.9160,0.9170,289704,267258
2013-06-13,0.8920,0.8940,0.8870,0.8880,1574434,1401679
2013-06-14,0.8980,0.8980,0.8870,0.8910,5333642,4747839
2013-06-17,0.8880,0.8910,0.8870,0.8880,911201,809182
2013-06-18,0.8900,0.8930,0.8870,0.8920,429502,381968
2013-06-19,0.8860,0.8860,0.8740,0.8830,818401,719284
2013-06-20,0.8780,0.8780,0.8610,0.8610,8679744,7590592
2013-06-21,0.8600,0.8630,0.8440,0.8630,478464,409779
2013-06-24,0.8630,0.8630,0.8210,0.8550,231503,193120
2013-06-25,0.7960,0.8140,0.7750,0.8140,1274436,1013493
2013-06-26,0.8140,0.8140,0.7750,0.8030,796982,641320
2013-06-27,0.7950,0.8160,0.7950,0.8010,152200,123210
2013-06-28,0.8050,0.8280,0.8050,0.8230,665186,546666
2013-07-01,0.8200,0.8280,0.8200,0.8250,275003,226076
2013-07-02,0.8600,0.8600,0.8150,0.8160,503846,412746
2013-07-03,0.8210,0.8210,0.8070,0.8100,106990,86604
2013-07-04,0.8090,0.8240,0.8030,0.8180,549638,447372
2013-07-05,0.8220,0.8280,0.8190,0.8220,381602,313484
2013-07-08,0.8020,0.8080,0.7990,0.7990,1313172,1053876
2013-07-09,0.8020,0.8030,0.7980,0.8010,5684804,4550529
2013-07-10,0.8080,0.8230,0.8040,0.8230,724732,587815
2013-07-11,0.8110,0.8730,0.8100,0.8610,1765554,1506356
2013-07-12,0.8420,0.8660,0.8420,0.8430,601811,513637
2013-07-15,0.8320,0.8700,0.8320,0.8500,251707,213875
2013-07-16,0.8410,0.8520,0.8390,0.8470,249404,210851
2013-07-17,0.8410,0.8530,0.8360,0.8370,197200,165454
2013-07-18,0.8370,0.8370,0.8200,0.8290,391753,324256
2013-07-19,0.8330,0.8350,0.8110,0.8190,587105,481517
2013-07-22,0.8030,0.8120,0.8000,0.8080,426895,344583
2013-07-23,0.8160,0.8330,0.8160,0.8280,240870,199793
2013-07-24,0.8640,0.8640,0.8210,0.8230,154200,126741
2013-07-25,0.8400,0.8400,0.8170,0.8190,239702,197336
2013-07-26,0.8170,0.8170,0.8120,0.8140,976891,796436
2013-07-29,0.7970,0.8060,0.7930,0.8020,3008120,2398867
2013-07-30,0.8040,0.8120,0.7990,0.8090,1876448,1503875
2013-07-31,0.8170,0.8180,0.7980,0.7990,2253258,1808475
2013-08-01,0.7980,0.8260,0.7980,0.8240,3061893,2508377
2013-08-02,0.8280,0.8380,0.8230,0.8300,2355576,1964836
2013-08-05,0.8240,0.8350,0.8240,0.8350,2222556,1844054
2013-08-06,0.8320,0.8410,0.8270,0.8400,705621,589311
2013-08-07,0.8350,0.8460,0.8350,0.8360,366796,308543
2013-08-08,0.8380,0.8380,0.8270,0.8300,512122,426567
2013-08-09,0.8300,0.8400,0.8290,0.8340,399736,332892
2013-08-12,0.8460,0.8600,0.8460,0.8570,470435,400162
2013-08-13,0.8530,0.8670,0.8530,0.8650,1756624,1512466
2013-08-14,0.8700,0.8770,0.8600,0.8600,328002,284357
2013-08-15,0.8580,0.8660,0.8530,0.8530,562468,484640
2013-08-16,0.8450,0.9000,0.8450,0.8500,1242026,1067958
2013-08-19,0.8400,0.8650,0.8400,0.8650,587083,499917
2013-08-20,0.8660,0.8660,0.8570,0.8570,18100,15540
2013-08-21,0.8470,0.8560,0.8470,0.8550,24600,21032
2013-08-22,0.8550,0.8570,0.8510,0.8560,1324803,1134007
2013-08-23,0.8570,0.8590,0.8390,0.8430,1367752,1158809
2013-08-26,0.8490,0.8650,0.8490,0.8600,413248,354751
2013-08-27,0.8550,0.8650,0.8550,0.8600,309613,266693
2013-08-28,0.8620,0.8660,0.8510,0.8600,197600,169598
2013-08-29,0.8580,0.8620,0.8530,0.8570,610742,521854
2013-08-30,0.8520,0.8640,0.8520,0.8540,474902,408491
2013-09-02,0.8570,0.8640,0.8550,0.8550,1232802,1062979
2013-09-03,0.8620,0.8690,0.8620,0.8690,1890351,1633132
2013-09-04,0.8730,0.8740,0.8650,0.8710,525862,456524
2013-09-05,0.8500,0.8850,0.8500,0.8690,658235,569514
2013-09-06,0.8660,0.8750,0.8600,0.8720,1429245,1239668
2013-09-09,0.8720,0.9150,0.8720,0.9080,4145602,3727743
2013-09-10,0.9250,0.9250,0.9060,0.9170,903074,824353
2013-09-11,0.9200,0.9340,0.9190,0.9290,2827736,2622898
2013-09-12,0.9280,0.9500,0.9200,0.9470,2114288,1995593
2013-09-13,0.9400,0.9450,0.9320,0.9330,456554,427507
2013-09-16,0.9340,0.9360,0.9170,0.9290,694352,644272
2013-09-17,0.9240,0.9240,0.9160,0.9160,368700,339172
2013-09-18,0.9020,0.9110,0.9020,0.9060,268612,244010
2013-09-23,0.9120,0.9190,0.9070,0.9170,239787,219234
2013-09-24,0.9180,0.9180,0.9000,0.9010,361917,326907
2013-09-25,0.9000,0.9070,0.8950,0.9010,431500,389059
2013-09-26,0.9010,0.9010,0.8840,0.8840,112400,99909
2013-09-27,0.8800,0.8860,0.8760,0.8820,1786548,1570770
2013-09-30,0.8820,0.8860,0.8820,0.8850,1240200,1096895
2013-10-08,0.8750,0.9000,0.8710,0.9000,1368845,1209262
2013-10-09,0.8860,0.9000,0.8860,0.8970,1793884,1602185
2013-10-10,0.8950,0.9050,0.8880,0.8880,591439,527195
2013-10-11,0.8900,0.9050,0.8900,0.9000,223254,201285
2013-10-14,0.9000,0.9050,0.8880,0.9000,504006,454423
2013-10-15,0.9000,0.9040,0.8900,0.9000,2960305,2657943
2013-10-16,0.8900,0.8900,0.8810,0.8820,501912,443205
2013-10-17,0.8880,0.8900,0.8820,0.8830,3332305,2964967
2013-10-18,0.8830,0.8900,0.8830,0.8900,605847,537454
2013-10-21,0.8840,0.9180,0.8820,0.8970,4621480,4132892
2013-10-22,0.8900,0.8920,0.8890,0.8890,428181,381292
2013-10-23,0.8880,0.9050,0.8800,0.8800,1662492,1470656
2013-10-24,0.8800,0.8850,0.8790,0.8820,365103,321901
2013-10-25,0.8850,0.8850,0.8680,0.8690,905103,788701
2013-10-28,0.8800,0.8800,0.8690,0.8730,546326,474935
2013-10-29,0.8770,0.8900,0.8680,0.8750,1035222,904187
2013-10-30,0.8800,0.8920,0.8790,0.8920,655272,579897
2013-10-31,0.8880,0.8880,0.8810,0.8810,227363,201564
2013-11-01,0.8830,0.8900,0.8830,0.8900,201100,177578
2013-11-04,0.8830,0.8920,0.8830,0.8830,402211,355869
2013-11-05,0.8730,0.8810,0.8730,0.8810,22100,19361
2013-11-06,0.8820,0.8830,0.8740,0.8740,33505,29386
2013-11-07,0.8720,0.8720,0.8660,0.8680,203108,176126
2013-11-08,0.8700,0.8700,0.8600,0.8640,1458418,1265845
2013-11-11,0.8570,0.8650,0.8570,0.8630,26200,22532
2013-11-12,0.8710,0.8730,0.8670,0.8720,122674,106612
2013-11-13,0.8620,0.8650,0.8600,0.8630,151600,130774
2013-11-14,0.8520,0.8580,0.8520,0.8570,466901,399021
2013-11-15,0.8880,0.8880,0.8650,0.8710,645902,565490
2013-11-18,0.8900,0.8990,0.8890,0.8990,221802,198543
2013-11-19,0.9000,0.9000,0.8950,0.8970,338107,303479
2013-11-20,0.9010,0.9020,0.8960,0.9000,297100,267435
2013-11-21,0.8920,0.8920,0.8870,0.8900,320116,284743
2013-11-22,0.8520,0.9000,0.8310,0.8920,136200,116774
2013-11-25,0.8860,0.8930,0.8860,0.8860,148701,132127
2013-11-26,0.8750,0.8770,0.8750,0.8770,130000,113950
2013-11-27,0.8820,0.8960,0.8820,0.8940,214495,189686
2013-11-28,0.8900,0.9030,0.8900,0.9020,166210,149666
2013-11-29,0.9010,0.9010,0.8970,0.9000,141703,127527
2013-12-02,0.8900,0.9300,0.8900,0.8910,357313,322020
2013-12-03,0.8960,0.9050,0.8940,0.9020,665300,596984
2013-12-04,0.8910,0.9180,0.8910,0.9170,613006,561231
2013-12-05,0.9200,0.9200,0.9100,0.9100,135806,123786
2013-12-06,0.9050,0.9050,0.9010,0.9030,25600,23139
2013-12-09,0.9030,0.9040,0.9010,0.9040,61766,55750
2013-12-10,0.9190,0.9190,0.9000,0.9000,653308,594008
2013-12-11,0.8920,0.8920,0.8850,0.8910,586237,521329
2013-12-12,0.8850,0.8910,0.8810,0.8870,276500,245299
2013-12-13,0.8870,0.8870,0.8800,0.8860,64202,56576
2013-12-16,0.8820,0.8840,0.8780,0.8800,114200,100870
2013-12-17,0.8700,0.8730,0.8680,0.8730,440702,383489
2013-12-18,0.8680,0.8700,0.8680,0.8700,89500,77848
2013-12-19,0.8620,0.8750,0.8610,0.8650,190300,164966
2013-12-20,0.8690,0.8690,0.8400,0.8430,934603,797627
2013-12-23,0.8390,0.8430,0.8390,0.8390,109100,91802
2013-12-24,0.7780,0.9220,0.7780,0.8380,468720,396519
2013-12-25,0.8260,0.9070,0.8260,0.8410,269650,227427
2013-12-26,0.8360,0.8400,0.8260,0.8320,49631,41225
2013-12-27,0.8310,0.8970,0.8310,0.8420,294904,246658
2013-12-30,0.8420,0.9150,0.8380,0.8430,403024,339094
2013-12-31,0.8470,0.8550,0.8430,0.8510,148700,125433
2014-01-02,0.8410,0.8510,0.8410,0.8510,231202,195019
2014-01-03,0.8440,0.8440,0.8320,0.8390,448000,376059
2014-01-06,0.8400,0.8400,0.8140,0.8390,95501,77964
2014-01-07,0.8200,0.8200,0.8190,0.8190,319600,261872
2014-01-08,0.8240,0.8260,0.8170,0.8220,882139,723657
2014-01-09,0.8110,0.8230,0.8100,0.8100,90300,73935
2014-01-10,0.8120,0.8120,0.8080,0.8080,115500,93679
2014-01-13,0.8100,0.8100,0.8070,0.8100,34937,28289
2014-01-14,0.8040,0.8140,0.8040,0.8110,52700,42623
2014-01-15,0.8090,0.8090,0.8050,0.8050,5500,4435
2014-01-16,0.8400,0.8400,0.8070,0.8120,287900,241311
2014-01-17,0.8020,0.8020,0.8010,0.8020,156011,125120
2014-01-21,0.8030,0.8080,0.8020,0.8040,133300,107538
2014-01-22,0.8110,0.8230,0.8110,0.8200,238706,194558
2014-01-23,0.8310,0.8310,0.8200,0.8200,37500,31102
2014-01-24,0.8210,0.8210,0.8210,0.8210,11000,9031
2014-01-27,0.8070,0.8120,0.8040,0.8050,244904,197429
2014-01-28,0.8100,0.8200,0.8050,0.8110,28000,22622
2014-01-29,0.8160,0.8160,0.8160,0.8160,1000,816
2014-01-30,0.8040,0.8080,0.8040,0.8050,158300,127405
2014-02-07,0.8000,0.8000,0.7930,0.7980,118620,94345
2014-02-10,0.7980,0.8190,0.7980,0.8160,57905,47126
2014-02-11,0.8160,0.8290,0.8160,0.8290,448034,370481
2014-02-12,0.8240,0.8280,0.8240,0.8270,92002,76016
2014-02-13,0.8250,0.8350,0.8240,0.8270,323317,267851
2014-02-14,0.8260,0.8290,0.8260,0.8280,57200,47349
2014-02-17,0.8310,0.8310,0.8270,0.8290,174209,144430
2014-02-18,0.8270,0.8270,0.8180,0.8200,171301,140915
2014-02-19,0.8160,0.8330,0.8160,0.8310,239192,196727
2014-02-20,0.8010,0.8390,0.8010,0.8280,88186,73514
2014-02-21,0.8220,0.8220,0.8190,0.8190,123500,101165
2014-02-24,0.7800,0.8240,0.7780,0.8200,478358,374784
2014-02-25,0.7560,0.7980,0.7560,0.7880,823558,651877
2014-02-26,0.7780,0.7810,0.7730,0.7810,919625,714094
2014-02-27,0.7810,0.7940,0.7520,0.7780,803003,624062
2014-02-28,0.7760,0.7910,0.7760,0.7910,328927,256581
2014-03-03,0.7860,0.7890,0.7820,0.7870,285703,224604
2014-03-04,0.7780,0.7860,0.7780,0.7860,1209053,946121
2014-03-05,0.7840,0.7840,0.7820,0.7820,115300,90352
2014-03-06,0.7780,0.7820,0.7770,0.7820,95700,74745
2014-03-07,0.7880,0.7880,0.7800,0.7860,912924,714951
2014-03-10,0.7770,0.7770,0.7700,0.7700,42000,32486
2014-03-11,0.7620,0.7880,0.7570,0.7650,126803,96475
2014-03-12,0.7650,0.7660,0.7600,0.7660,632328,483411
2014-03-13,0.7690,0.7790,0.7690,0.7730,9024,6942
2014-03-14,0.7690,0.7690,0.7620,0.7680,80100,61038
2014-03-17,0.7730,0.7730,0.7700,0.7700,86600,66937
2014-03-18,0.7760,0.7760,0.7710,0.7710,189508,146510
2014-03-19,0.7980,0.8290,0.7580,0.7620,126200,96174
2014-03-20,0.7660,0.7680,0.7600,0.7600,137900,105551
2014-03-21,0.7540,0.7850,0.7540,0.7850,322700,247631
2014-03-24,0.7820,0.7920,0.7820,0.7910,481601,377939
2014-03-25,0.7820,0.7880,0.7820,0.7860,365686,286740
2014-03-26,0.7830,0.7830,0.7810,0.7810,276009,215673
2014-03-27,0.7590,0.7920,0.7590,0.7810,175859,136941
2014-03-28,0.7840,0.7880,0.7830,0.7870,9900,7753
2014-03-31,0.7830,0.7830,0.7760,0.7760,603900,470738
2014-04-01,0.7790,0.7860,0.7790,0.7860,310503,243047
2014-04-02,0.7830,0.7920,0.7830,0.7920,123300,97521
2014-04-03,0.7840,0.7840,0.7840,0.7840,100000,78400
2014-04-04,0.7830,0.8070,0.7830,0.8070,857001,677300
2014-04-08,0.7960,0.8200,0.7960,0.8200,2244394,1809562
2014-04-09,0.8230,0.8230,0.8140,0.8160,157400,128824
2014-04-10,0.8270,0.8380,0.8050,0.8310,1002377,828210
2014-04-11,0.8310,0.8450,0.8310,0.8450,129800,108007
2014-04-15,0.8200,0.8200,0.8150,0.8150,75200,61430
2014-04-16,0.8140,0.8150,0.8070,0.8090,245141,198391
2014-04-17,0.8130,0.8130,0.8060,0.8070,327003,264134
2014-04-18,0.8070,0.8080,0.8050,0.8080,26800,21622
2014-04-21,0.8040,0.8050,0.7930,0.7930,17100,13669
2014-04-22,0.7970,0.8000,0.7940,0.8000,124500,99154
2014-04-23,0.7990,0.7990,0.7940,0.7980,361619,287651
2014-04-24,0.8010,0.8010,0.7980,0.7980,39301,31387
2014-04-25,0.7960,0.7970,0.7960,0.7970,48409,38537
2014-04-28,0.7800,0.7890,0.7800,0.7860,217500,171457
2014-04-29,0.7830,0.7880,0.7830,0.7880,55504,43611
2014-04-30,0.7920,0.7970,0.7920,0.7960,603000,479876
2014-05-05,0.7830,0.7860,0.7830,0.7840,14800,11622
2014-05-06,0.7900,0.7900,0.7850,0.7860,349022,275031
2014-05-07,0.7500,0.7860,0.7500,0.7830,4806,3631
2014-05-08,0.7800,0.7960,0.7800,0.7920,130103,102412
2014-05-09,0.7830,0.7860,0.7790,0.7840,785900,614245
2014-05-12,0.7840,0.7970,0.7830,0.7970,466406,370778
2014-05-13,0.7950,0.7950,0.7930,0.7930,603000,478479
2014-05-14,0.7950,0.7950,0.7950,0.7950,200,159
2014-05-15,0.7850,0.7850,0.7850,0.7850,1200,942
2014-05-16,0.7870,0.7910,0.7830,0.7910,1045102,823754
2014-05-19,0.7840,0.7840,0.7770,0.7830,212800,165536
2014-05-20,0.7770,0.8460,0.7770,0.8460,36100,28122
2014-05-21,0.7640,0.8180,0.7640,0.7830,396404,309014
2014-05-22,0.7830,0.7950,0.7830,0.7830,186403,146168
2014-05-23,0.7840,0.7900,0.7840,0.7870,125700,98941
2014-05-26,0.7940,0.7940,0.7900,0.7920,46100,36548
2014-05-27,0.7910,0.7910,0.7890,0.7890,19300,15266
2014-05-28,0.7920,0.7950,0.7920,0.7940,1023806,813861
2014-05-29,0.7970,0.7970,0.7960,0.7970,43485,34634
2014-05-30,0.7940,0.7960,0.7920,0.7940,17000,13492
2014-06-03,0.7940,0.7940,0.7940,0.7940,25500,20247
2014-06-04,0.7850,0.7860,0.7810,0.7860,98710,77185
2014-06-05,0.7860,0.7890,0.7850,0.7890,160631,126318
2014-06-06,0.7860,0.7870,0.7860,0.7870,100802,79330
2014-06-09,0.7880,0.7880,0.7850,0.7850,30403,23926
2014-06-10,0.7890,0.7970,0.7890,0.7970,51600,41045
2014-06-11,0.7910,0.7920,0.7910,0.7920,100000,79150
2014-06-12,0.7920,0.7920,0.7900,0.7900,52303,41410
2014-06-13,0.7900,0.8070,0.7900,0.8050,1191802,959066
2014-06-16,0.8000,0.8120,0.8000,0.8100,117701,94614
2014-06-17,0.8070,0.8070,0.8050,0.8050,202035,163040
2014-06-18,0.7990,0.7990,0.7970,0.7970,73628,58713
2014-06-19,0.7850,0.7850,0.7830,0.7830,2100,1648
2014-06-20,0.7510,0.7830,0.7510,0.7830,167600,130910
2014-06-23,0.7900,0.7900,0.7870,0.7870,384609,303486
2014-06-25,0.7900,0.7900,0.7900,0.7900,100,79
2014-06-26,0.7910,0.7910,0.7910,0.7910,101235,80077
2014-06-27,0.7920,0.7920,0.7910,0.7920,370000,292940
2014-06-30,0.7990,0.7990,0.7970,0.7970,94700,75570
2014-07-01,0.7980,0.7980,0.7920,0.7940,87901,69739
2014-07-02,0.7910,0.8420,0.7910,0.8390,789801,627769
2014-07-03,0.7960,0.8060,0.7960,0.8050,374900,299802
2014-07-04,0.8040,0.8050,0.8020,0.8020,307300,247183
2014-07-07,0.8050,0.8090,0.8030,0.8030,192705,155243
2014-07-08,0.8040,0.8040,0.8040,0.8040,100,80
2014-07-09,0.8010,0.8010,0.7940,0.7990,123606,98877
2014-07-10,0.7920,0.7930,0.7900,0.7900,29200,23094
2014-07-11,0.7950,0.8000,0.7940,0.7990,1463103,1167128
2014-07-14,0.8010,0.8050,0.8010,0.8050,298165,239248
2014-07-15,0.8100,0.8100,0.8070,0.8090,799501,646107
2014-07-16,0.8130,0.8130,0.8080,0.8090,34400,27860
2014-07-17,0.8050,0.8060,0.8000,0.8000,743100,598549
2014-07-18,0.8000,0.8090,0.8000,0.8090,217530,175848
2014-07-21,0.8070,0.8070,0.8070,0.8070,2000,1614
2014-07-22,0.8130,0.8200,0.8100,0.8140,470753,382832
2014-07-23,0.8140,0.8280,0.8140,0.8200,308502,253524
2014-07-24,0.8300,0.8440,0.8290,0.8430,2235089,1877740
2014-07-25,0.8450,0.8500,0.8400,0.8490,304215,256396
2014-07-28,0.8530,0.8790,0.8530,0.8780,1194787,1043832
2014-07-29,0.8710,0.8800,0.8710,0.8790,429901,377471
2014-07-30,0.8750,0.8840,0.8720,0.8730,740200,650097
2014-07-31,0.8790,0.8810,0.8700,0.8810,870727,761789
2014-08-01,0.8840,0.8910,0.8810,0.8810,1941744,1725748
2014-08-04,0.8840,0.8960,0.8840,0.8960,1127370,1003677
2014-08-05,0.8970,0.8970,0.8880,0.8900,399409,356763
2014-08-06,0.8790,0.8880,0.8790,0.8860,148100,130922
2014-08-07,0.8760,0.8760,0.8740,0.8740,138000,120788
2014-08-08,0.9400,0.9400,0.8390,0.8740,176201,159555
2014-08-11,0.8760,0.8870,0.8750,0.8840,364304,322260
2014-08-12,0.9400,0.9400,0.8800,0.8810,146437,129141
2014-08-13,0.8170,0.8900,0.8170,0.8780,49802,42930
2014-08-14,0.8770,0.8790,0.8730,0.8740,312302,273260
2014-08-15,0.8750,0.8780,0.8730,0.8780,115002,100672
2014-08-18,0.8850,0.8850,0.8820,0.8850,72101,63711
2014-08-19,0.8810,0.8850,0.8780,0.8800,51201,45118
2014-08-20,0.8750,0.8780,0.8750,0.8780,136103,119390
2014-08-21,0.8710,0.8710,0.8670,0.8700,253625,220382
2014-08-22,0.8720,0.8740,0.8690,0.8710,444024,387267
2014-08-25,0.8710,0.8720,0.8610,0.8650,570901,495369
2014-08-26,0.8680,0.8680,0.8650,0.8650,671800,582171
2014-08-27,0.8330,0.8680,0.8330,0.8660,2011012,1741258
2014-08-28,0.8600,0.8620,0.8580,0.8610,6325881,5441540
2014-08-29,0.8260,0.8650,0.8260,0.8650,6422291,5518813
2014-09-01,0.8670,0.8720,0.8670,0.8700,313000,272020
2014-09-02,0.8680,0.8840,0.8670,0.8840,505092,442867
2014-09-03,0.8880,0.8910,0.8860,0.8910,1562728,1389084
2014-09-04,0.8900,0.9000,0.8500,0.8980,5790401,5173594
2014-09-05,0.8970,0.9300,0.8970,0.9090,5414539,4886235
2014-09-09,0.9070,0.9080,0.9010,0.9040,917337,830441
2014-09-10,0.8600,0.9060,0.8600,0.8970,150405,134700
2014-09-11,0.8970,0.9040,0.8880,0.8920,387000,344865
2014-09-12,0.8920,0.8950,0.8880,0.8930,145631,129898
2014-09-15,0.8850,0.8940,0.8850,0.8930,140002,124500
2014-09-16,0.8550,0.8960,0.8540,0.8790,208928,184765
2014-09-17,0.8800,0.8860,0.8780,0.8850,269507,237788
2014-09-18,0.8800,0.8890,0.8800,0.8870,525638,466109
2014-09-19,0.8870,0.8940,0.8800,0.8930,22300,19808
2014-09-22,0.9600,0.9600,0.8640,0.8740,182730,160735
2014-09-23,0.8770,0.8800,0.8740,0.8800,170922,149988
2014-09-24,0.8880,0.8960,0.8820,0.8950,206767,184326
2014-09-25,0.8990,0.9020,0.8950,0.8950,86500,77634
2014-09-26,0.8910,0.8930,0.8900,0.8900,167904,149545
2014-09-29,0.9450,0.9450,0.8920,0.8920,82600,74914
2014-09-30,0.8970,0.8970,0.8900,0.8910,78900,70424
2014-10-08,0.9260,0.9260,0.8900,0.9100,138401,123956
2014-10-09,0.9040,0.9040,0.9010,0.9020,22700,20519
2014-10-10,0.8980,0.9040,0.8950,0.8970,191209,171500
2014-10-13,0.8920,0.8930,0.8890,0.8900,40200,35844
2014-10-14,0.8950,0.8950,0.8900,0.8900,14200,12655
2014-10-15,0.8830,0.8960,0.8820,0.8920,15800,14060
2014-10-16,0.8920,0.8980,0.8920,0.8960,37300,33421
2014-10-17,0.8840,0.8940,0.8810,0.8940,127500,113446
2014-10-20,0.9110,0.9110,0.8890,0.8950,56702,50518
2014-10-21,0.8920,0.8930,0.8880,0.8880,204408,182049
2014-10-22,0.9110,0.9110,0.8830,0.8860,64500,57106
2014-10-23,0.8860,0.8860,0.8780,0.8780,337600,298279
2014-10-24,0.8890,0.8890,0.8730,0.8730,68740,60175
2014-10-27,0.8600,0.8690,0.8580,0.8620,198251,170991
2014-10-28,0.8680,0.8770,0.8680,0.8770,110800,96479
2014-10-29,0.9490,0.9490,0.8800,0.8910,167700,150017
2014-10-30,0.8880,0.8960,0.8850,0.8920,707835,629221
2014-10-31,0.9040,0.9110,0.8960,0.9110,1117377,1011412
2014-11-03,0.9370,0.9370,0.9080,0.9080,142716,130452
2014-11-04,0.9060,0.9110,0.9050,0.9110,123400,111913
2014-11-05,0.9040,0.9060,0.8950,0.9050,848203,765983
2014-11-06,0.9020,0.9090,0.8970,0.9090,391902,352607
2014-11-07,0.9000,0.9230,0.9000,0.9100,266301,242030
2014-11-10,0.9200,0.9320,0.8650,0.9320,724766,668605
2014-11-11,0.9320,0.9500,0.9230,0.9340,1909766,1792530
2014-11-12,0.9330,0.9490,0.9330,0.9480,835228,783393
2014-11-13,0.9460,0.9580,0.9430,0.9500,1501175,1430675
2014-11-14,0.9430,0.9490,0.9400,0.9490,43005,40635
2014-11-17,0.9500,0.9510,0.9410,0.9410,423901,402294
2014-11-18,0.9370,0.9370,0.9230,0.9260,201400,187741
2014-11-19,0.9270,0.9270,0.9210,0.9270,250600,232176
2014-11-20,0.9160,0.9240,0.9160,0.9220,391208,359131
2014-11-21,0.9220,0.9430,0.9220,0.9430,100501,93564
2014-11-24,0.9450,0.9680,0.9450,0.9540,2473144,2371963
2014-11-25,0.9160,0.9660,0.9160,0.9660,1017810,976279
2014-11-26,0.9660,0.9800,0.9660,0.9800,1907804,1858959
2014-11-27,0.9800,0.9960,0.9800,0.9960,3259653,3221589
2014-11-28,0.9940,1.0260,0.9920,1.0260,6232935,6295737
2014-12-01,1.0260,1.0450,1.0170,1.0340,3077246,3179296
2014-12-02,1.0340,1.1000,1.0320,1.0890,4418187,4648259
2014-12-03,1.1000,1.1270,1.0770,1.0930,5761006,6385493
2014-12-04,1.0880,1.1600,1.0880,1.1590,5990857,6791313
2014-12-05,1.1980,1.1980,1.1100,1.1660,4405583,5129902
2014-12-08,1.1680,1.2590,1.1350,1.2470,3720451,4469767
2014-12-09,1.2510,1.3720,1.2300,1.2970,10005130,13407995
2014-12-10,1.2500,1.3710,1.2500,1.3600,5071122,6576097
2014-12-11,1.4000,1.4750,1.3500,1.4750,5512728,7921788
2014-12-12,1.4660,1.6230,1.4410,1.6230,6356609,10033930
2014-12-15,1.6520,1.7850,1.6490,1.7850,7561683,13214809
2014-12-16,1.6100,1.9640,1.6100,1.9640,9648152,17940786
2014-12-17,1.7680,2.1600,1.7680,2.1600,21439204,42694072
2014-12-18,1.9440,1.9440,1.9440,1.9440,22179900,43117724
2014-12-19,1.7500,1.7500,1.7500,1.7500,1596300,2793525
2014-12-22,1.5750,1.5750,1.5750,1.5750,718400,1131480
2014-12-23,1.4180,1.4180,1.4180,1.4180,1278900,1813480
2014-12-24,1.2760,1.2830,1.2760,1.2760,21296724,27208484
2014-12-25,1.2310,1.2800,1.2310,1.2770,41522844,52239968
2014-12-26,1.2770,1.4050,1.2660,1.3350,49721692,66162268
2014-12-29,1.3490,1.4020,1.3250,1.3460,38304200,52485220
2014-12-30,1.3630,1.3630,1.3230,1.3390,16689584,22342868
2014-12-31,1.3380,1.3740,1.3150,1.3700,24336544,32867410
2015-01-05,1.3770,1.4500,1.3770,1.4300,54507472,77022992
2015-01-06,1.4280,1.4320,1.3880,1.4120,22769868,32118712
2015-01-07,1.3990,1.4230,1.3900,1.4020,16535521,23231860
2015-01-08,1.4020,1.4080,1.3600,1.3620,16726288,23006942
2015-01-09,1.3600,1.4290,1.3430,1.3650,20603060,28675066
2015-01-12,1.3650,1.3800,1.3290,1.3470,9040659,12222350
2015-01-13,1.3490,1.3640,1.3400,1.3440,5744453,7763302
2015-01-14,1.3470,1.3670,1.3370,1.3430,7384857,9986721
2015-01-15,1.3450,1.4200,1.3400,1.3950,10247397,14044430
2015-01-16,1.4080,1.4170,1.3970,1.4040,10744561,15109208
2015-01-19,1.3490,1.3490,1.2640,1.2820,17621186,22921892
2015-01-20,1.2810,1.3150,1.2700,1.2870,11134683,14357590
2015-01-21,1.2810,1.3610,1.2810,1.3500,12159441,16118793
2015-01-22,1.3500,1.3550,1.3340,1.3470,8987681,12094464
2015-01-23,1.3470,1.3700,1.3410,1.3540,7652926,10414989
2015-01-26,1.3540,1.3670,1.3450,1.3600,4886446,6614161
2015-01-27,1.3600,1.3620,1.3220,1.3500,8106000,10875156
2015-01-28,1.3310,1.3530,1.3230,1.3290,4813681,6446697
2015-01-29,1.3210,1.3210,1.3080,1.3100,3115403,4092121
2015-01-30,1.3100,1.3250,1.2890,1.2980,3891200,5062939
2015-02-02,1.2770,1.2800,1.2660,1.2660,3423300,4346097
2015-02-03,1.2660,1.2910,1.2620,1.2880,3457700,4417548
2015-02-04,1.2940,1.3040,1.2700,1.2730,3364600,4333610
2015-02-05,1.3000,1.3170,1.2660,1.2690,5141600,6620692
2015-02-06,1.2660,1.2660,1.2360,1.2410,5168600,6473525
2015-02-09,1.2400,1.2670,1.2360,1.2560,2748100,3444699
2015-02-10,1.2550,1.2830,1.2460,1.2760,3975000,5053694
2015-02-11,1.2880,1.2890,1.2800,1.2860,2554900,3285653
2015-02-12,1.2850,1.2950,1.2730,1.2870,1851900,2376956
2015-02-13,1.2860,1.3150,1.2860,1.2990,3584500,4670323
2015-02-16,1.2930,1.3080,1.2930,1.3020,1583990,2057912
2015-02-17,1.3100,1.3170,1.3050,1.3100,2511000,3292811
2015-02-25,1.3110,1.3190,1.2880,1.2880,2268100,2947478
2015-02-26,1.2950,1.3240,1.2730,1.3240,4350202,5687736
2015-02-27,1.3260,1.3330,1.3150,1.3230,3088200,4099080
2015-03-02,1.3320,1.3350,1.3220,1.3270,3688000,4897354
2015-03-03,1.3300,1.3300,1.2900,1.2900,3039400,3950300
2015-03-04,1.2890,1.3000,1.2820,1.2830,2461000,3169477
2015-03-05,1.2840,1.2840,1.2690,1.2710,1729000,2202062
2015-03-06,1.2660,1.2840,1.2660,1.2750,1914800,2444803
2015-03-09,1.2730,1.2990,1.2520,1.2980,2730225,3484567
2015-03-10,1.2900,1.2950,1.2820,1.2840,1668746,2146213
2015-03-11,1.2830,1.3000,1.2830,1.2860,2214000,2862414
2015-03-12,1.3000,1.3200,1.2910,1.3150,5810406,7613404
2015-03-13,1.3150,1.3340,1.3150,1.3210,5577002,7396894
2015-03-16,1.3190,1.3540,1.3180,1.3540,8370408,11233238
2015-03-17,1.3600,1.3770,1.3570,1.3730,8448064,11571008
2015-03-18,1.3800,1.4130,1.3700,1.4110,7649968,10620210
2015-03-19,1.4110,1.4120,1.3900,1.4000,10973622,15381199
2015-03-20,1.4000,1.4380,1.3980,1.4200,8761807,12401192
2015-03-23,1.4290,1.4550,1.4270,1.4470,7969169,11494402
2015-03-24,1.4590,1.4600,1.3770,1.4370,9101769,12989774
2015-03-25,1.4290,1.4400,1.4080,1.4180,6404406,9130162
2015-03-26,1.4020,1.4460,1.3910,1.4290,8377200,11879446
2015-03-27,1.4330,1.4470,1.4230,1.4410,4841450,6941012
2015-03-30,1.4500,1.5000,1.4400,1.4980,6828805,10090500
2015-03-31,1.5180,1.5490,1.4820,1.4840,8938803,13523707
2015-04-01,1.4810,1.5100,1.4720,1.4960,5075903,7563012
2015-04-02,1.4940,1.5090,1.4650,1.4820,5618800,8360471
2015-04-03,1.4680,1.5040,1.4650,1.5030,7230630,10763150
2015-04-07,1.5060,1.5360,1.5060,1.5360,6151442,9365640
2015-04-08,1.5410,1.5550,1.5220,1.5510,6177203,9503175
2015-04-09,1.5530,1.5800,1.5210,1.5450,5833400,9057345
2015-04-10,1.5430,1.5850,1.5100,1.5800,4765461,7437841
2015-04-13,1.5830,1.6170,1.5830,1.6030,2571100,4113579
2015-04-14,1.6030,1.6350,1.5810,1.6150,3826094,6143874
2015-04-15,1.6120,1.6390,1.5950,1.6260,4559690,7401570
2015-04-16,1.6210,1.7200,1.5850,1.7000,5533202,9101833
2015-04-17,1.7200,1.7570,1.7180,1.7250,4880051,8437646
2015-04-20,1.7200,1.7360,1.6380,1.6700,8086666,13851768
2015-04-21,1.6290,1.7050,1.6080,1.7040,6223048,10515810
2015-04-22,1.7060,1.7890,1.7060,1.7670,6605371,11488470
2015-04-23,1.7680,1.7880,1.7390,1.7500,4214020,7393666
2015-04-24,1.7400,1.7400,1.6850,1.7180,2817250,4826753
2015-04-27,1.7180,1.7700,1.7180,1.7700,4998205,8727792
2015-04-28,1.7500,1.7900,1.7000,1.7540,3178500,5581555
2015-04-29,1.7680,1.7680,1.7220,1.7570,1968490,3434773
2015-04-30,1.7690,1.7700,1.7440,1.7440,2210200,3878749
2015-05-04,1.7440,1.7580,1.7200,1.7530,2824571,4928100
2015-05-05,1.7220,1.7600,1.6760,1.6850,2159649,3696949
2015-05-06,1.6800,1.7300,1.6000,1.6700,2642215,4484567
2015-05-07,1.6100,1.6750,1.6100,1.6510,2791778,4636504
2015-05-08,1.6770,1.6900,1.6300,1.6650,1689910,2804696
2015-05-11,1.6850,1.7030,1.6470,1.7020,2910004,4895012
2015-05-12,1.6850,1.7200,1.6850,1.7150,2351144,4019531
2015-05-13,1.7250,1.7250,1.6880,1.6930,2726189,4671871
2015-05-14,1.6930,1.7090,1.6780,1.6940,2536260,4296283
2015-05-15,1.6600,1.6800,1.6520,1.6620,2363597,3948258
2015-05-18,1.6420,1.6570,1.6300,1.6300,2032312,3344277
2015-05-19,1.6160,1.6930,1.6160,1.6920,1983422,3322533
2015-05-20,1.6920,1.7150,1.6890,1.6920,1875871,3186197
2015-05-21,1.6810,1.7130,1.6810,1.7120,2106171,3595543
2015-05-22,1.7140,1.7780,1.7140,1.7700,2334469,4082706
2015-05-25,1.7750,1.8280,1.7710,1.8280,2789500,5022125
2015-05-26,1.8900,1.8990,1.8060,1.8520,1837267,3407826
2015-05-27,1.8580,1.8800,1.8180,1.8230,1592700,2927418
2015-05-28,1.8230,1.8390,1.7000,1.7000,2602317,4675911
2015-05-29,1.6840,1.7400,1.6540,1.7250,2166920,3720713
2015-06-01,1.7380,1.7990,1.6860,1.7900,2155579,3771060
2015-06-02,1.7900,1.7980,1.7080,1.7960,910010,1621179
2015-06-03,1.7900,1.7900,1.7650,1.7860,1123001,1993560
2015-06-04,1.7700,1.8130,1.7100,1.8040,1304439,2326350
2015-06-05,1.8040,1.8450,1.7630,1.8150,1615023,2923501
2015-06-08,1.7800,1.8800,1.7800,1.8750,1927376,3532905
2015-06-09,1.8750,1.8990,1.8540,1.8770,2676454,5047239
2015-06-10,1.8770,1.8790,1.8360,1.8500,1581700,2932180
2015-06-11,1.8310,1.8470,1.8100,1.8160,834217,1518215
2015-06-12,1.8300,1.8330,1.8040,1.8210,748002,1362295
2015-06-15,1.8300,1.8300,1.7930,1.7940,1008200,1826730
2015-06-16,1.7920,1.7920,1.7250,1.7250,446400,785650
2015-06-17,1.7500,1.7700,1.7180,1.7670,944900,1643455
2015-06-18,1.7670,1.7670,1.7020,1.7040,765339,1332051
2015-06-19,1.7120,1.7120,1.6030,1.6030,976602,1612155
2015-06-23,1.6020,1.6600,1.5530,1.6600,2007502,3224705
2015-06-24,1.6990,1.6990,1.6500,1.6990,759601,1273674
2015-06-25,1.6990,1.6990,1.6300,1.6490,699557,1171733
2015-06-26,1.6000,1.6440,1.4980,1.5400,2020620,3215092
2015-06-29,1.5400,1.5970,1.4300,1.5310,1548005,2408244
2015-06-30,1.5390,1.6840,1.5010,1.6840,1840111,2953969
2015-07-01,1.6500,1.8480,1.6500,1.6830,1951089,3413808
2015-07-02,1.7110,1.8000,1.5500,1.6440,2328300,3881671
2015-07-03,1.6680,1.7510,1.4800,1.5120,2367215,3724650
2015-07-06,1.6630,1.6630,1.5720,1.6630,5299708,8765205
2015-07-07,1.6700,1.8290,1.6630,1.8290,9757991,17282844
2015-07-08,1.6460,1.6460,1.6460,1.6460,3700000,6090200
2015-07-09,1.4810,1.7990,1.4810,1.7810,27350670,43267468
2015-07-10,1.6500,1.9590,1.6120,1.8990,25377204,46648956
2015-07-13,1.9000,1.9300,1.7900,1.8160,14986687,27562486
2015-07-14,1.7950,1.9490,1.6400,1.9490,17507352,29967362
2015-07-15,1.7540,2.1420,1.7540,1.7540,18943900,34977796
2015-07-16,1.5790,1.6310,1.5790,1.5870,21090072,33396140
2015-07-17,1.5150,1.6300,1.5150,1.5630,7780301,12181293
2015-07-20,1.5630,1.5630,1.4780,1.5010,6539985,9903660
2015-07-21,1.5100,1.5280,1.4820,1.5080,4826900,7273937
2015-07-22,1.5080,1.5080,1.4800,1.4830,4574221,6813784
2015-07-23,1.4820,1.5240,1.4680,1.5180,6415059,9655913
2015-07-24,1.5200,1.5360,1.4930,1.5000,6247478,9510645
2015-07-27,1.4740,1.5110,1.3650,1.3660,4316394,6166589
2015-07-28,1.3390,1.3830,1.3000,1.3620,4763217,6382590
2015-07-29,1.3600,1.3970,1.3500,1.3880,3064311,4180354
2015-07-30,1.3880,1.4130,1.3670,1.3670,3250822,4538515
2015-07-31,1.3550,1.3810,1.3550,1.3690,1749300,2392770
2015-08-03,1.3690,1.3750,1.3310,1.3650,2703075,3687071
2015-08-04,1.3650,1.4040,1.3350,1.3970,3623689,5011218
2015-08-05,1.3970,1.4140,1.3900,1.3970,1752578,2455751
2015-08-06,1.3950,1.4050,1.3810,1.3950,645500,899067
2015-08-07,1.4020,1.4200,1.3550,1.4050,807400,1136744
2015-08-10,1.4100,1.4700,1.3800,1.4680,3788055,5429251
2015-08-11,1.4820,1.4820,1.4430,1.4630,3106901,4535584
2015-08-12,1.4300,1.4600,1.4300,1.4390,602200,870938
2015-08-13,1.4300,1.4480,1.4150,1.4460,1225000,1755588
2015-08-14,1.4480,1.4550,1.4360,1.4480,1000000,1446640
2015-08-17,1.4480,1.4550,1.4280,1.4350,835600,1197445
2015-08-18,1.4230,1.4420,1.3570,1.3600,2502050,3546891
2015-08-19,1.3430,1.3980,1.3310,1.3930,1865700,2518301
2015-08-20,1.3910,1.3910,1.3440,1.3530,704001,960702
2015-08-21,1.3530,1.4300,1.2900,1.3060,1714100,2254684
2015-08-24,1.2300,1.2800,1.1750,1.1750,1354700,1614091
2015-08-25,1.1000,1.1460,1.0580,1.0580,1818900,1969896
2015-08-26,1.0800,1.1450,1.0600,1.0730,2575551,2817956
2015-08-27,1.0830,1.1600,1.0830,1.1600,2972669,3309776
2015-08-28,1.1970,1.2180,1.1580,1.1860,2388658,2820535
2015-08-31,1.1890,1.1940,1.1560,1.1920,2279200,2674818
2015-09-01,1.1820,1.2280,1.1550,1.2110,1456596,1745370
2015-09-02,1.1720,1.2110,1.1620,1.2090,3111534,3730087
2015-09-07,1.2090,1.2640,1.1990,1.2080,871277,1057484
2015-09-08,1.1980,1.2150,1.1600,1.2060,466386,553578
2015-09-09,1.2030,1.2390,1.2030,1.2260,754200,918051
2015-09-10,1.2100,1.2250,1.1990,1.2200,423000,513330
2015-09-11,1.2060,1.2270,1.2060,1.2150,124100,150658
2015-09-14,1.2150,1.2150,1.1660,1.2000,444200,528212
2015-09-15,1.1190,1.2000,1.1050,1.1750,190500,220498
2015-09-16,1.1610,1.2670,1.1610,1.2420,584900,700131
2015-09-17,1.2390,1.2410,1.1930,1.2050,398786,485948
2015-09-18,1.2050,1.2120,1.2000,1.2100,344200,415890
2015-09-21,1.2000,1.2200,1.1930,1.2180,140500,169593
2015-09-22,1.2080,1.2270,1.2080,1.2150,192600,234279
2015-09-23,1.2150,1.2150,1.1800,1.2070,122279,146617
2015-09-24,1.2070,1.2160,1.1910,1.2120,203600,244489
2015-09-25,1.2040,1.2040,1.1650,1.1970,184500,217470
2015-09-28,1.1970,1.1970,1.1680,1.1930,42400,49976
2015-09-29,1.1670,1.1890,1.1630,1.1800,67700,79649
2015-09-30,1.1800,1.1930,1.1650,1.1860,31700,37435
2015-10-08,1.1930,1.2400,1.1880,1.2140,458300,558582
2015-10-09,1.1650,1.2220,1.1650,1.2130,204000,244708
2015-10-12,1.2130,1.2630,1.2030,1.2590,618874,772864
2015-10-13,1.2350,1.2590,1.2350,1.2400,273600,341486
2015-10-14,1.2350,1.2450,1.2230,1.2350,247574,305920
2015-10-15,1.2350,1.2500,1.2270,1.2490,319474,395551
2015-10-16,1.2650,1.2650,1.2540,1.2630,803567,1013517
2015-10-19,1.2630,1.2810,1.2480,1.2480,330903,417522
2015-10-20,1.2550,1.2650,1.2450,1.2650,257467,323809
2015-10-21,1.2590,1.2770,1.2300,1.2360,491000,617262
2015-10-22,1.2200,1.2690,1.2200,1.2570,312800,388483
2015-10-23,1.2510,1.2880,1.2510,1.2800,1039634,1320398
2015-10-26,1.2820,1.2970,1.2810,1.2860,508500,655887
2015-10-27,1.2640,1.2880,1.2560,1.2850,71210,90201
2015-10-28,1.2860,1.2880,1.2660,1.2830,239000,307223
2015-10-29,1.2800,1.2800,1.2700,1.2700,37340,47561
2015-10-30,1.2700,1.2800,1.2530,1.2660,66100,83445
2015-11-02,1.2660,1.2700,1.2460,1.2470,43200,54086
2015-11-03,1.2550,1.2640,1.2470,1.2510,73300,92002
2015-11-04,1.2510,1.2920,1.2510,1.2920,349000,447082
2015-11-05,1.3080,1.3590,1.2930,1.3490,1380889,1856453
2015-11-06,1.3200,1.3660,1.3200,1.3660,350100,473078
2015-11-09,1.3510,1.4200,1.3510,1.3920,476900,669620
2015-11-10,1.3920,1.4220,1.3650,1.3820,568800,793813
2015-11-11,1.3700,1.3830,1.3450,1.3600,1044742,1421790
2015-11-12,1.3600,1.3600,1.3420,1.3480,254900,343158
2015-11-13,1.3400,1.3400,1.3180,1.3200,265600,351534
2015-11-16,1.2830,1.3320,1.2830,1.3320,438300,580406
2015-11-17,1.3350,1.3700,1.3330,1.3360,893000,1210906
2015-11-18,1.3300,1.3680,1.3220,1.3280,300100,403270
2015-11-19,1.3960,1.3960,1.3250,1.3390,197500,263047
2015-11-20,1.3310,1.3490,1.3310,1.3450,1299100,1732179
2015-11-23,1.3390,1.3650,1.3270,1.3270,656600,883285
2015-11-24,1.3510,1.3510,1.3210,1.3420,25100,33224
2015-11-25,1.3330,1.3480,1.3160,1.3400,410300,548841
2015-11-26,1.3380,1.3450,1.3370,1.3450,184500,246830
2015-11-27,1.3220,1.3400,1.2800,1.2860,72300,94681
2015-11-30,1.2810,1.2980,1.2550,1.2900,79000,101062
2015-12-01,1.3090,1.3100,1.2470,1.2910,211300,272068
2015-12-02,1.2790,1.3570,1.2790,1.3550,452301,597422
2015-12-03,1.3120,1.3650,1.3120,1.3490,135400,182568
2015-12-04,1.3580,1.3580,1.3170,1.3240,342300,457153
2015-12-07,1.2940,1.3580,1.2940,1.3140,11600,15290
2015-12-08,1.3050,1.3200,1.3020,1.3030,36900,48230
2015-12-09,1.3040,1.3050,1.2900,1.2960,299067,389080
2015-12-10,1.2500,1.3330,1.2500,1.3090,371600,489152
2015-12-11,1.2850,1.3170,1.2850,1.3000,34800,45206
2015-12-14,1.3750,1.3790,1.2910,1.3150,204400,269096
2015-12-15,1.3160,1.3240,1.3020,1.3120,129100,169638
2015-12-16,1.3120,1.3300,1.3120,1.3230,113900,150844
2015-12-17,1.3250,1.3490,1.3220,1.3410,266100,358192
2015-12-18,1.3500,1.3590,1.3220,1.3590,850241,1146681
2015-12-21,1.3580,1.3960,1.3400,1.3910,1290500,1793325
2015-12-22,1.3980,1.4000,1.3810,1.4000,709900,989678
2015-12-23,1.4050,1.4150,1.3740,1.4000,175600,245264
2015-12-24,1.3650,1.3820,1.3520,1.3690,34100,46498
2015-12-25,1.3680,1.3820,1.3680,1.3790,52800,72430
2015-12-28,1.3580,1.3790,1.3010,1.3570,440300,596340
2015-12-29,1.3230,1.3600,1.3230,1.3560,534100,717118
2015-12-30,1.3420,1.3670,1.3420,1.3640,432400,588966
2015-12-31,1.3530,1.3800,1.3470,1.3600,135900,185931
2016-01-04,1.3430,1.3970,1.3250,1.3250,55767,74627
2016-01-05,1.2780,1.3790,1.2780,1.3470,62000,82583
2016-01-06,1.3470,1.3470,1.2920,1.3470,261900,349336
2016-01-08,1.3310,1.3310,1.2200,1.3010,343100,438449
2016-01-11,1.2500,1.2990,1.2250,1.2250,266400,329948
2016-01-12,1.2300,1.2890,1.2000,1.2020,165800,200267
2016-01-13,1.1810,1.2270,1.1700,1.1700,91800,109867
2016-01-14,1.1010,1.2490,1.1010,1.2020,240000,282626
2016-01-15,1.1700,1.1970,1.1550,1.1550,119100,139748
2016-01-18,1.1550,1.1630,1.1290,1.1530,137300,157783
2016-01-19,1.1600,1.1890,1.1310,1.1890,160356,186479
2016-01-20,1.1890,1.1890,1.1660,1.1780,63100,73972
2016-01-21,1.1780,1.1780,1.1480,1.1600,54200,63363
2016-01-22,1.1380,1.1600,1.1200,1.1600,119100,134785
2016-01-25,1.1600,1.1630,1.1400,1.1570,57400,65906
2016-01-26,1.1370,1.1420,1.0850,1.0950,134000,148467
2016-01-27,1.0900,1.1080,1.0730,1.0800,160800,173308
2016-01-28,1.0650,1.0960,1.0650,1.0750,310100,336167
2016-01-29,1.0950,1.1120,1.0610,1.1110,27000,29450
2016-02-01,1.0720,1.0890,1.0720,1.0830,28200,30317
2016-02-02,1.0740,1.1090,1.0680,1.1090,101006,111056
2016-02-03,1.0760,1.1090,1.0760,1.1000,42900,46898
2016-02-04,1.1170,1.1360,1.1170,1.1230,29600,33237
2016-02-05,1.1170,1.1580,1.1170,1.1580,10800,12125
2016-02-15,1.0580,1.1600,1.0580,1.1550,3100,3536
2016-02-16,1.1910,1.1960,1.1300,1.1400,764400,871054
2016-02-17,1.1090,1.1370,1.1080,1.1360,231206,259410
2016-02-18,1.1360,1.1360,1.1240,1.1240,105300,118520
2016-02-19,1.1290,1.1300,1.1130,1.1200,19900,22251
2016-02-22,1.1360,1.1440,1.1220,1.1370,96600,109553
2016-02-23,1.1370,1.1470,1.1230,1.1390,34938,39485
2016-02-24,1.1380,1.1380,1.1220,1.1380,40700,46010
2016-02-25,1.1200,1.1300,1.0750,1.0760,75300,82769
2016-02-26,1.0750,1.1210,1.0750,1.0870,82500,89870
2016-02-29,1.1400,1.1400,1.0580,1.0760,232600,248980
2016-03-01,1.0780,1.0980,1.0740,1.0880,216600,234374
2016-03-02,1.1060,1.1300,1.0890,1.1300,101400,113046
2016-03-03,1.1300,1.1390,1.1230,1.1300,69400,78627
2016-03-04,1.1320,1.1490,1.1210,1.1470,600406,683112
2016-03-07,1.1480,1.1660,1.1480,1.1580,62604,72487
2016-03-08,1.1310,1.1520,1.1220,1.1520,299400,338938
2016-03-09,1.1270,1.1470,1.1240,1.1460,139306,157888
2016-03-10,1.1460,1.1530,1.1380,1.1380,21100,24151
2016-03-11,1.1140,1.1350,1.1130,1.1340,19900,22390
2016-03-14,1.1530,1.1600,1.1350,1.1530,314900,363020
2016-03-15,1.1320,1.1570,1.1320,1.1510,110700,125984
2016-03-16,1.1520,1.1700,1.1450,1.1580,127900,147999
2016-03-17,1.1460,1.1790,1.1460,1.1610,85700,99563
2016-03-18,1.1400,1.1800,1.1400,1.1740,239300,279868
2016-03-21,1.1890,1.2170,1.1740,1.1980,339638,405292
2016-03-22,1.1980,1.2010,1.1860,1.1980,98900,118410
2016-03-23,1.2100,1.2100,1.1840,1.1940,88100,104514
2016-03-24,1.1890,1.2040,1.1740,1.1900,508686,611912
2016-03-25,1.2060,1.2070,1.1640,1.1970,773206,912250
2016-03-28,1.1870,1.1870,1.1700,1.1720,122500,144226
2016-03-29,1.1700,1.1730,1.1590,1.1600,204800,239410
2016-03-30,1.1640,1.1920,1.1640,1.1920,59900,70642
2016-03-31,1.1910,1.1940,1.1870,1.1940,24000,28521
2016-04-01,1.1950,1.1950,1.1750,1.1890,4000,4739
2016-04-05,1.2060,1.2060,1.1740,1.2000,142400,170468
2016-04-06,1.2000,1.2000,1.1810,1.1900,64900,76989
2016-04-07,1.2020,1.2020,1.1800,1.1800,99800,118047
2016-04-08,1.1710,1.1800,1.1650,1.1710,89900,105707
2016-04-11,1.1980,1.1980,1.1800,1.1800,24900,29430
2016-04-12,1.1800,1.1930,1.1720,1.1830,47900,56657
2016-04-13,1.2040,1.2040,1.1910,1.1920,149700,179383
2016-04-14,1.1830,1.1970,1.1800,1.1930,46942,55819
2016-04-15,1.1820,1.1990,1.1820,1.1990,4900,5817
2016-04-18,1.1990,1.1990,1.1780,1.1810,40400,47686
2016-04-19,1.1900,1.1900,1.1820,1.1820,1900,2260
2016-04-20,1.1950,1.1950,1.1460,1.1810,70400,81441
2016-04-21,1.1960,1.1960,1.1770,1.1800,115100,135823
2016-04-22,1.1700,1.1800,1.1700,1.1800,23200,27328
2016-04-25,1.1560,1.1800,1.1560,1.1800,1300,1513
2016-04-26,1.1640,1.1800,1.1640,1.1800,105100,122650
2016-04-27,1.1740,1.1860,1.1740,1.1760,15200,17901
2016-04-28,1.1820,1.1820,1.1620,1.1770,10000,11699
2016-04-29,1.1870,1.1870,1.1660,1.1780,34300,40005
2016-05-03,1.1780,1.1880,1.1780,1.1870,38200,45099
2016-05-04,1.1870,1.1890,1.1720,1.1890,19600,23118
2016-05-05,1.1880,1.1880,1.1770,1.1880,9600,11396
2016-05-06,1.1880,1.1890,1.1640,1.1640,79500,93087
2016-05-09,1.1640,1.1640,1.1330,1.1450,44400,50634
2016-05-10,1.1440,1.1520,1.1300,1.1450,128500,145955
2016-05-11,1.1490,1.1590,1.1400,1.1400,11600,13230
2016-05-12,1.1400,1.1500,1.1400,1.1500,59400,67777
2016-05-13,1.1410,1.1610,1.1340,1.1340,17800,20368
2016-05-16,1.1300,1.1500,1.1300,1.1490,15500,17807
2016-05-17,1.1530,1.1530,1.1430,1.1520,6600,7556
2016-05-18,1.1330,1.1520,1.1320,1.1520,9700,11039
2016-05-20,1.1470,1.1490,1.1460,1.1490,3400,3904
2016-05-23,1.1360,1.1550,1.1340,1.1550,3800,4317
2016-05-24,1.1320,1.1520,1.1260,1.1260,27900,31573
2016-05-25,1.1500,1.1500,1.1270,1.1440,8700,9811
2016-05-26,1.1470,1.1470,1.1260,1.1400,500,570
2016-05-27,1.1400,1.1520,1.1260,1.1470,23700,26915
2016-05-31,1.1570,1.1740,1.1570,1.1740,53400,62217
2016-06-01,1.1520,1.1850,1.1520,1.1760,312200,367877
2016-06-02,1.1620,1.1800,1.1620,1.1770,28260,32978
2016-06-03,1.1750,1.1800,1.1750,1.1800,105800,124830
2016-06-06,1.1740,1.1790,1.1740,1.1740,100800,118789
2016-06-07,1.1800,1.1800,1.1700,1.1700,61700,72421
2016-06-08,1.1760,1.1760,1.1760,1.1760,100,118
2016-06-13,1.1750,1.1750,1.1560,1.1650,23500,27420
2016-06-14,1.1610,1.1630,1.1510,1.1580,43200,50064
2016-06-15,1.1540,1.1700,1.1540,1.1700,80000,93231
2016-06-16,1.1700,1.1700,1.1570,1.1680,3500,4077
2016-06-17,1.1730,1.1730,1.1730,1.1730,1000,1173
2016-06-20,1.1710,1.1710,1.1700,1.1700,1500,1755
2016-06-21,1.1700,1.1700,1.1470,1.1680,85100,98227
2016-06-22,1.1480,1.1660,1.1480,1.1660,77400,89582
2016-06-23,1.1500,1.1620,1.1500,1.1590,4700,5419
2016-06-24,1.1480,1.1600,1.1460,1.1570,51000,58909
2016-06-27,1.1550,1.1620,1.1360,1.1570,127400,146664
2016-06-28,1.1390,1.1550,1.1390,1.1550,39100,45040
2016-06-29,1.1500,1.1600,1.1480,1.1480,38200,44170
2016-06-30,1.1500,1.1660,1.1500,1.1650,257573,297194
2016-07-01,1.1750,1.1750,1.1600,1.1710,37200,43322
2016-07-04,1.1650,1.1880,1.1650,1.1800,167383,197337
2016-07-05,1.1870,1.1880,1.1790,1.1800,110500,130401
2016-07-06,1.1700,1.1880,1.1700,1.1880,184800,218423
2016-07-07,1.1870,1.1880,1.1720,1.1880,159500,187661
2016-07-08,1.1880,1.1880,1.1780,1.1780,65700,77444
2016-07-11,1.1630,1.1920,1.1630,1.1830,109500,130072
2016-07-12,1.1830,1.2030,1.1830,1.2020,143600,171654
2016-07-13,1.2100,1.2230,1.2090,1.2120,182000,221598
2016-07-14,1.2010,1.2280,1.2010,1.2090,15900,19259
2016-07-15,1.2250,1.2360,1.2100,1.2300,1442973,1765364
2016-07-18,1.2290,1.2350,1.2210,1.2270,121900,149738
2016-07-19,1.2150,1.2350,1.2150,1.2350,19100,23489
2016-07-20,1.2010,1.2210,1.2000,1.2200,29600,35732
2016-07-21,1.2010,1.2180,1.1970,1.2100,22000,26509
2016-07-22,1.2010,1.2130,1.1930,1.2130,107800,129410
2016-07-25,1.2230,1.2230,1.1870,1.2080,43000,51587
2016-07-26,1.1930,1.2170,1.1930,1.2170,234800,285179
2016-07-27,1.2300,1.2300,1.1860,1.1880,14100,16865
2016-07-28,1.1800,1.2060,1.1800,1.1950,7700,9190
2016-07-29,1.2110,1.2110,1.1940,1.2000,14200,16983
2016-08-01,1.1810,1.2100,1.1810,1.1830,2200,2601
2016-08-02,1.1800,1.2090,1.1800,1.2060,2800,3326
2016-08-03,1.2070,1.2070,1.2000,1.2000,4600,5545
2016-08-05,1.1650,1.2020,1.1650,1.2020,6700,7922
2016-08-08,1.2020,1.2110,1.2020,1.2110,10700,12897
2016-08-09,1.1900,1.2360,1.1900,1.2030,14100,16927
2016-08-10,1.2100,1.2200,1.2030,1.2150,76967,92690
2016-08-11,1.2150,1.2260,1.2010,1.2130,83500,102253
2016-08-12,1.2000,1.2300,1.2000,1.2300,137100,167483
2016-08-15,1.2300,1.2980,1.2130,1.2860,303890,388604
2016-08-16,1.2860,1.2990,1.2680,1.2750,33650,42782
2016-08-17,1.2700,1.2800,1.2510,1.2800,110900,139212
2016-08-18,1.2570,1.2750,1.2560,1.2610,51800,65906
2016-08-19,1.2700,1.2700,1.2590,1.2680,12100,15307
2016-08-22,1.2510,1.2630,1.2510,1.2530,13100,16494
2016-08-23,1.2500,1.2650,1.2500,1.2530,14200,17809
2016-08-24,1.2440,1.2560,1.2440,1.2470,7500,9348
2016-08-25,1.2460,1.2790,1.2360,1.2370,47100,59649
2016-08-26,1.2600,1.2600,1.2470,1.2510,7100,8927
2016-08-29,1.2350,1.2530,1.2300,1.2530,11200,13823
2016-08-30,1.2390,1.2490,1.2370,1.2370,2500,3114
2016-08-31,1.2450,1.2600,1.2320,1.2390,5300,6569
2016-09-01,1.2540,1.2550,1.2370,1.2530,24950,31123
2016-09-02,1.2540,1.2540,1.2430,1.2520,2600,3244
2016-09-05,1.2380,1.2690,1.2380,1.2500,146200,185180
2016-09-06,1.2390,1.2690,1.2390,1.2650,122800,152461
2016-09-07,1.2630,1.2650,1.2530,1.2610,16000,20091
2016-09-08,1.2670,1.2670,1.2340,1.2570,37000,46304
2016-09-09,1.2490,1.2720,1.2480,1.2570,48900,61480
2016-09-12,1.2370,1.2500,1.2300,1.2410,36600,45335
2016-09-13,1.2590,1.2590,1.2130,1.2290,55650,67687
2016-09-14,1.2400,1.2500,1.2300,1.2360,60500,74962
2016-09-19,1.1880,1.2590,1.1880,1.2490,193000,240002
2016-09-20,1.2250,1.2350,1.2250,1.2310,28100,34626
2016-09-21,1.2390,1.2390,1.2390,1.2390,1700,2106
2016-09-22,1.2400,1.2520,1.2260,1.2420,18500,23043
2016-09-23,1.2550,1.2550,1.2240,1.2400,8300,10373
2016-09-26,1.2090,1.2300,1.2090,1.2200,56700,69218
2016-09-27,1.2390,1.2390,1.2130,1.2130,59340,72553
2016-09-28,1.2370,1.2370,1.2170,1.2190,54200,66176
2016-09-29,1.2390,1.2390,1.2160,1.2390,900,1103
2016-09-30,1.2390,1.2390,1.2390,1.2390,300,372
2016-10-10,1.2380,1.2500,1.2370,1.2500,67300,83785
2016-10-11,1.2500,1.2560,1.2500,1.2500,26700,33427
2016-10-12,1.2680,1.2900,1.2320,1.2790,25400,32530
2016-10-13,1.2790,1.2790,1.2240,1.2480,4300,5444
2016-10-17,1.2480,1.2480,1.2390,1.2480,4800,5953
2016-10-18,1.2890,1.2890,1.2440,1.2550,14900,18984
2016-10-19,1.2550,1.2560,1.2460,1.2460,10300,12870
2016-10-20,1.2680,1.2680,1.2500,1.2500,11500,14439
2016-10-21,1.2590,1.2630,1.2580,1.2600,67100,84644
2016-10-24,1.2560,1.2870,1.2470,1.2600,49300,62086
2016-10-25,1.2840,1.2840,1.2610,1.2740,6900,8787
2016-10-26,1.2740,1.2740,1.2590,1.2670,5800,7347
2016-10-27,1.2450,1.2850,1.2450,1.2520,5500,6978
2016-10-28,1.2810,1.2810,1.2600,1.2600,22340,28156
2016-10-31,1.2510,1.2810,1.2510,1.2510,23840,30052
2016-11-01,1.2450,1.2790,1.2450,1.2680,52300,66151
2016-11-02,1.2520,1.2680,1.2470,1.2680,21100,26449
2016-11-03,1.2450,1.2820,1.2450,1.2820,486400,613183
2016-11-04,1.2760,1.2760,1.2600,1.2710,103250,130941
2016-11-07,1.2510,1.2730,1.2490,1.2490,2200,2796
2016-11-08,1.2720,1.2940,1.2640,1.2640,131800,167231
2016-11-09,1.2610,1.2770,1.2500,1.2760,242290,307434
2016-11-10,1.2800,1.2820,1.2710,1.2810,68300,87519
2016-11-11,1.2810,1.2950,1.2730,1.2790,1205990,1546897
2016-11-14,1.2790,1.2960,1.2790,1.2800,160800,207159
2016-11-15,1.2890,1.2920,1.2780,1.2890,28000,36064
2016-11-16,1.2910,1.2930,1.2830,1.2900,286103,368749
2016-11-17,1.2900,1.2920,1.2860,1.2860,138200,178279
2016-11-18,1.2920,1.2940,1.2800,1.2810,159100,204787
2016-11-21,1.2890,1.3080,1.2890,1.2980,365100,475307
2016-11-22,1.2850,1.3470,1.2850,1.3100,1605600,2098315
2016-11-23,1.3160,1.3300,1.3100,1.3200,53100,70067
2016-11-24,1.3010,1.3280,1.3000,1.3280,41200,54437
2016-11-25,1.3260,1.3350,1.3110,1.3340,40100,53106
2016-11-28,1.3390,1.4000,1.3390,1.3570,247500,342318
2016-11-29,1.3750,1.3930,1.3580,1.3650,365600,505129
2016-11-30,1.3650,1.3660,1.3520,1.3550,103400,140117
2016-12-01,1.3550,1.3690,1.3550,1.3680,35600,48576
2016-12-02,1.3600,1.3830,1.3450,1.3480,43600,59182
2016-12-05,1.3120,1.3460,1.3120,1.3440,29200,38987
2016-12-06,1.3340,1.3350,1.3180,1.3340,31700,41880
2016-12-07,1.3200,1.3750,1.3200,1.3750,76600,103376
2016-12-08,1.3880,1.3880,1.3360,1.3700,153200,207818
2016-12-09,1.3310,1.3640,1.3300,1.3470,34200,46367
2016-12-12,1.3600,1.3600,1.3210,1.3220,42800,56957
2016-12-13,1.3180,1.3470,1.3180,1.3410,44500,59048
2016-12-14,1.3200,1.3430,1.3200,1.3350,1000,1335
2016-12-15,1.2890,1.3350,1.2890,1.2940,36600,47548
2016-12-16,1.2610,1.2940,1.2610,1.2710,97500,123553
2016-12-19,1.2990,1.2990,1.2630,1.2630,147800,187064
2016-12-20,1.3100,1.3100,1.2110,1.2540,69900,87739
2016-12-21,1.2710,1.2730,1.2360,1.2710,29600,37204
2016-12-22,1.2680,1.2710,1.2630,1.2710,7900,10030
2016-12-23,1.3110,1.3110,1.2620,1.2620,1200,1560
2016-12-26,1.3800,1.3800,1.2250,1.2710,19000,23852
2016-12-27,1.2730,1.2730,1.2580,1.2580,43300,54492
2016-12-28,1.2710,1.2720,1.2470,1.2470,13800,17369
2016-12-29,1.2500,1.2560,1.2490,1.2560,12700,15869
2016-12-30,1.2790,1.2800,1.2500,1.2690,130500,164457
2017-01-03,1.2660,1.2720,1.2450,1.2720,49100,62151
2017-01-04,1.2700,1.2780,1.2690,1.2780,22500,28699
2017-01-05,1.2540,1.2900,1.2540,1.2720,55001,69839
2017-01-06,1.2890,1.2890,1.2890,1.2890,100,129
2017-01-10,1.2720,1.2880,1.2720,1.2740,20200,25702
2017-01-11,1.2730,1.2730,1.2500,1.2620,29200,36783
2017-01-12,1.2640,1.2830,1.2550,1.2790,37601,47277
2017-01-13,1.2770,1.2870,1.2690,1.2700,35800,45743
2017-01-16,1.2700,1.2730,1.2440,1.2730,59702,75466
2017-01-17,1.2730,1.2900,1.2620,1.2670,10000,12678
2017-01-18,1.2750,1.2990,1.2700,1.2970,96202,123535
2017-01-19,1.2970,1.2970,1.2800,1.2830,9200,11798
2017-01-20,1.2830,1.2940,1.2830,1.2900,2600,3355
2017-01-23,1.2870,1.3000,1.2810,1.2980,29400,37718
2017-01-24,1.2910,1.2980,1.2850,1.2890,6600,8508
2017-01-25,1.2890,1.2940,1.2820,1.2940,1900,2445
2017-01-26,1.2880,1.2990,1.2880,1.2960,35500,45964
2017-02-03,1.3130,1.3140,1.2830,1.2990,10700,13891
2017-02-06,1.2900,1.2990,1.2810,1.2950,51000,65614
2017-02-07,1.2900,1.2900,1.2810,1.2900,5800,7433
2017-02-08,1.2850,1.2910,1.2820,1.2910,34000,43751
2017-02-09,1.2910,1.2980,1.2850,1.2980,21500,27842
2017-02-10,1.2950,1.2980,1.2860,1.2980,19300,25027
2017-02-13,1.2980,1.3130,1.2820,1.3070,29900,38993
2017-02-14,1.3070,1.3170,1.3000,1.3110,110000,143056
2017-02-15,1.3100,1.3400,1.3030,1.3110,166300,221075
2017-02-16,1.3260,1.3280,1.3180,1.3180,40200,53225
2017-02-17,1.3180,1.3180,1.3070,1.3170,27500,36030
2017-02-20,1.3090,1.3290,1.3080,1.3290,19100,25101
2017-02-21,1.3190,1.3290,1.3180,1.3290,50200,66587
2017-02-22,1.3290,1.3400,1.3280,1.3400,24800,33091
2017-02-23,1.3290,1.3290,1.3160,1.3290,27500,36339
2017-02-24,1.3360,1.3360,1.3200,1.3250,7700,10203
2017-02-27,1.3190,1.3220,1.3080,1.3220,35200,46053
2017-02-28,1.3120,1.3190,1.3010,1.3190,22700,29630
2017-03-01,1.3110,1.3200,1.3110,1.3110,27400,35986
2017-03-02,1.3300,1.3300,1.3130,1.3130,28500,37470
2017-03-03,1.3070,1.3300,1.2950,1.2950,39400,51725
2017-03-06,1.2950,1.3080,1.2950,1.3050,6300,8220
2017-03-07,1.3210,1.3330,1.3100,1.3200,37400,49474
2017-03-08,1.2950,1.3220,1.2950,1.3200,4200,5542
2017-03-09,1.3200,1.3200,1.2970,1.3200,42600,55331
2017-03-10,1.2900,1.3190,1.2900,1.2970,41143,53399
2017-03-13,1.2800,1.3150,1.2800,1.3100,1003500,1314445
2017-03-14,1.2920,1.3180,1.2920,1.3120,34600,45015
2017-03-15,1.3040,1.3090,1.2950,1.3080,8800,11486
2017-03-16,1.3360,1.3380,1.3030,1.3150,27400,35984
2017-03-17,1.3130,1.3230,1.2990,1.2990,21700,28355
2017-03-20,1.3000,1.3060,1.2900,1.3050,32543,42244
2017-03-21,1.3030,1.3100,1.3010,1.3050,5800,7575
2017-03-22,1.3200,1.3200,1.2950,1.3040,51000,66498
2017-03-23,1.3030,1.3080,1.2980,1.3060,44900,58344
2017-03-24,1.3020,1.3150,1.3000,1.3150,144100,188991
2017-03-27,1.3180,1.3180,1.3120,1.3120,73103,96169
2017-03-28,1.3140,1.3260,1.3120,1.3120,174800,229340
2017-03-29,1.3110,1.3120,1.3090,1.3110,17900,23464
2017-03-30,1.3090,1.3210,1.2960,1.2980,132270,172450
2017-03-31,1.3080,1.3080,1.3050,1.3050,7800,10187
2017-04-05,1.3120,1.3180,1.3050,1.3160,211143,276952
2017-04-06,1.3130,1.3230,1.3070,1.3200,187103,245423
2017-04-07,1.3150,1.3200,1.3100,1.3200,25300,33194
2017-04-10,1.3140,1.3260,1.3120,1.3220,5900,7755
2017-04-11,1.3100,1.3210,1.3100,1.3140,84600,111041
2017-04-12,1.3190,1.3270,1.3040,1.3270,132000,174794
2017-04-13,1.3200,1.3240,1.3100,1.3240,10400,13708
2017-04-14,1.3180,1.3190,1.3090,1.3090,4200,5534
2017-04-17,1.3090,1.3330,1.3090,1.3250,52843,70006
2017-04-18,1.3120,1.3330,1.3110,1.3110,13400,17583
2017-04-19,1.3000,1.3190,1.3000,1.3110,13100,17046
2017-04-20,1.3200,1.3200,1.3090,1.3090,10800,14145
2017-04-21,1.3200,1.3250,1.3100,1.3230,44643,58612
2017-04-24,1.3180,1.3310,1.3010,1.3310,15300,20045
2017-04-26,1.3170,1.3330,1.3170,1.3280,5900,7825
2017-04-27,1.3180,1.3200,1.3050,1.3190,56400,74279
2017-04-28,1.3160,1.3280,1.3050,1.3250,996922,1316224
2017-05-02,1.3150,1.3390,1.3150,1.3320,29000,38602
2017-05-03,1.3490,1.3490,1.3170,1.3170,9522,12544
2017-05-04,1.3080,1.3390,1.3030,1.3390,14100,18420
2017-05-05,1.3390,1.3390,1.3050,1.3050,27600,36100
2017-05-08,1.3100,1.3350,1.3030,1.3030,26900,35371
2017-05-09,1.3280,1.3280,1.2840,1.2990,5300,6889
2017-05-10,1.3050,1.3280,1.3000,1.3200,12900,16796
2017-05-11,1.3190,1.3190,1.3020,1.3100,11602,15202
2017-05-12,1.3190,1.3190,1.3090,1.3170,24202,31715
2017-05-15,1.3170,1.3330,1.3170,1.3290,8000,10605
2017-05-16,1.3200,1.3330,1.3160,1.3320,19400,25723
2017-05-17,1.3320,1.3320,1.3140,1.3160,21300,28205
2017-05-18,1.3160,1.3200,1.3100,1.3200,25800,33905
2017-05-19,1.3200,1.3200,1.3070,1.3190,11500,15117
2017-05-22,1.3080,1.3300,1.3080,1.3300,139800,184257
2017-05-23,1.3260,1.3400,1.3130,1.3400,164300,218489
2017-05-24,1.3250,1.3390,1.3250,1.3390,177800,235908
2017-05-25,1.3360,1.3770,1.3340,1.3770,128900,174843
2017-05-26,1.3770,1.3770,1.3520,1.3700,25600,34725
2017-05-31,1.3690,1.3850,1.3440,1.3790,51400,70493
2017-06-01,1.3620,1.3850,1.3620,1.3850,40661,55904
2017-06-02,1.3850,1.5200,1.3850,1.4490,1797561,2629206
2017-06-05,1.4490,1.5500,1.4200,1.4820,264000,392822
2017-06-06,1.5300,1.5300,1.3960,1.4090,818700,1164061
2017-06-07,1.4840,1.4840,1.4000,1.4100,369300,520961
2017-06-08,1.3850,1.4100,1.3850,1.4040,216500,302211
2017-06-09,1.4020,1.4280,1.4020,1.4170,76100,107776
2017-06-12,1.4170,1.4280,1.4100,1.4160,75900,107443
2017-06-13,1.4130,1.4210,1.4000,1.4140,48200,68129
2017-06-14,1.4120,1.4120,1.3980,1.4060,104000,145679
2017-06-15,1.3900,1.4060,1.3900,1.4030,14600,20364
2017-06-16,1.3880,1.4040,1.3880,1.3900,33002,45995
2017-06-19,1.3900,1.4040,1.3900,1.4020,57900,80945
2017-06-20,1.4020,1.4020,1.3960,1.3980,44400,62112
2017-06-21,1.3980,1.4260,1.3960,1.4250,137802,195576
2017-06-22,1.4260,1.4660,1.4210,1.4610,456400,664060
2017-06-23,1.4180,1.4580,1.4180,1.4570,29400,42398
2017-06-26,1.4570,1.4780,1.4570,1.4750,155400,229140
2017-06-27,1.4380,1.4780,1.4380,1.4580,160600,234556
2017-06-28,1.4510,1.4670,1.4420,1.4580,119600,174281
2017-06-29,1.4560,1.4560,1.4320,1.4430,140043,202510
2017-06-30,1.4420,1.4570,1.4410,1.4570,302300,438346
2017-07-03,1.4440,1.4590,1.4440,1.4470,51100,74012
2017-07-04,1.4450,1.4470,1.4400,1.4410,23000,33238
2017-07-05,1.4370,1.4460,1.4370,1.4460,82600,119156
2017-07-06,1.4530,1.4590,1.4470,1.4510,40200,58442
2017-07-07,1.4510,1.4590,1.4430,1.4580,120500,174966
2017-07-10,1.4470,1.4590,1.4470,1.4510,55800,81018
2017-07-11,1.4580,1.4790,1.4500,1.4740,366006,536503
2017-07-12,1.4800,1.4800,1.4650,1.4650,110663,162763
2017-07-13,1.4700,1.4800,1.4690,1.4790,1344300,1989486
2017-07-14,1.4830,1.4950,1.4790,1.4950,102963,152884
2017-07-17,1.5110,1.5320,1.4730,1.4980,1895000,2844521
2017-07-18,1.4980,1.4980,1.4720,1.4840,2085600,3101969
2017-07-19,1.4860,1.5160,1.4750,1.5160,14806438,22199099
2017-07-20,1.5080,1.5300,1.5080,1.5280,2944638,4455988
2017-07-21,1.5240,1.5280,1.5060,1.5090,5245700,7936218
2017-07-24,1.5100,1.5220,1.5020,1.5120,2785600,4188315
2017-07-25,1.5090,1.5140,1.5020,1.5020,557600,841253
2017-07-26,1.5030,1.5060,1.4950,1.4950,203243,305201
2017-07-27,1.4940,1.5020,1.4840,1.4910,187100,279495
2017-07-28,1.4910,1.5070,1.4840,1.5030,114300,171281
2017-07-31,1.5000,1.5100,1.5000,1.5040,110300,165713
2017-08-01,1.4970,1.5200,1.4970,1.5190,271000,408903
2017-08-02,1.5200,1.5200,1.5130,1.5150,422200,641504
2017-08-03,1.5060,1.5180,1.4910,1.4950,44700,67109
2017-08-04,1.4930,1.5030,1.4920,1.4950,26400,39544
2017-08-07,1.4890,1.4990,1.4770,1.4950,40600,60531
2017-08-08,1.4970,1.4980,1.4860,1.4950,44200,65917
2017-08-09,1.4870,1.4980,1.4850,1.4980,38200,56824
2017-08-10,1.4960,1.4990,1.4850,1.4970,11600,17303
2017-08-11,1.4830,1.4970,1.4780,1.4810,29743,44032
2017-08-14,1.4740,1.4800,1.4610,1.4800,38322,56404
2017-08-15,1.4770,1.4820,1.4720,1.4820,19000,28024
2017-08-16,1.4780,1.4800,1.4670,1.4800,123900,182344
2017-08-17,1.4620,1.4750,1.4620,1.4750,121400,178760
2017-08-18,1.4790,1.4850,1.4700,1.4850,110100,162762
2017-08-21,1.4850,1.4870,1.4830,1.4850,7800,11581
2017-08-22,1.4890,1.5000,1.4810,1.5000,2245700,3344989
2017-08-23,1.5040,1.5080,1.4920,1.5080,88800,133587
2017-08-24,1.5040,1.5130,1.4980,1.5040,2519500,3793009
2017-08-25,1.4990,1.5200,1.4980,1.5200,1358000,2042244
2017-08-28,1.5280,1.5550,1.5230,1.5510,170743,264131
2017-08-29,1.5480,1.5480,1.5310,1.5440,35600,54952
2017-08-30,1.5580,1.5580,1.5400,1.5430,30200,46877
2017-08-31,1.5450,1.5450,1.5220,1.5390,31500,48352
2017-09-01,1.5480,1.5680,1.5400,1.5670,66900,104343
2017-09-04,1.5650,1.5650,1.5400,1.5520,88200,135979
2017-09-05,1.5520,1.5540,1.5450,1.5500,69600,107747
2017-09-06,1.5490,1.5490,1.5390,1.5490,21800,33671
2017-09-07,1.5430,1.5450,1.5320,1.5340,67200,103224
2017-09-08,1.5320,1.5450,1.5300,1.5450,5000,7686
2017-09-11,1.5370,1.5450,1.5300,1.5320,55500,85150
2017-09-12,1.5270,1.5390,1.5070,1.5300,50800,77469
2017-09-13,1.5290,1.5310,1.5250,1.5310,79500,121536
2017-09-14,1.5410,1.5410,1.5380,1.5380,2000,3078
2017-09-15,1.5220,1.5380,1.5180,1.5310,69300,106126
2017-09-18,1.5380,1.5400,1.5300,1.5330,43080,66225
2017-09-19,1.5280,1.5420,1.5280,1.5280,38100,58544
2017-09-20,1.5360,1.5380,1.5310,1.5310,14200,21773
2017-09-21,1.5300,1.5350,1.5120,1.5200,11700,17840
2017-09-22,1.5260,1.5380,1.5230,1.5320,51414,78887
2017-09-25,1.5320,1.5320,1.5200,1.5290,65700,100305
2017-09-26,1.5360,1.5360,1.5300,1.5310,25140,38556
2017-09-27,1.5320,1.5350,1.5320,1.5330,25200,38657
2017-09-28,1.5320,1.5340,1.5050,1.5330,30843,47052
2017-09-29,1.5400,1.5400,1.5300,1.5390,23700,36471
2017-10-09,1.5590,1.5640,1.5420,1.5540,154538,240203
2017-10-10,1.5590,1.5590,1.5360,1.5510,33100,51063
2017-10-11,1.5490,1.5660,1.5490,1.5640,179100,278372
2017-10-12,1.5640,1.5660,1.5550,1.5630,646900,1006477
2017-10-13,1.5620,1.5660,1.5550,1.5650,30649,47931
2017-10-16,1.5630,1.5970,1.5580,1.5690,108000,170298
2017-10-17,1.5630,1.5740,1.5570,1.5740,217300,341688
2017-10-18,1.5740,1.5850,1.5690,1.5850,1182300,1858707
2017-10-19,1.5810,1.5850,1.5780,1.5780,28200,44586
2017-10-20,1.5770,1.5810,1.5610,1.5780,26000,40922
2017-10-23,1.5750,1.5790,1.5720,1.5790,6500,10247
2017-10-24,1.5790,1.5870,1.5780,1.5870,99000,156728
2017-10-25,1.5950,1.6000,1.5850,1.5900,76200,121618
2017-10-26,1.5900,1.6320,1.5800,1.6200,519497,839218
2017-10-27,1.6180,1.6340,1.6140,1.6250,69900,113289
2017-10-30,1.6260,1.6260,1.6050,1.6200,151597,245442
2017-10-31,1.6190,1.6240,1.6170,1.6240,38100,61776
2017-11-01,1.6180,1.6400,1.6150,1.6320,131502,214922
2017-11-02,1.6190,1.6380,1.6190,1.6200,154300,250335
2017-11-03,1.6200,1.6280,1.6200,1.6220,68040,110393
2017-11-06,1.6340,1.6350,1.6070,1.6350,58000,93936
2017-11-07,1.6320,1.6460,1.6320,1.6430,142400,233374
2017-11-08,1.6440,1.6550,1.6440,1.6480,132700,218687
2017-11-09,1.6450,1.6600,1.6450,1.6580,259602,429240
2017-11-10,1.6800,1.6800,1.6530,1.6770,153700,256612
2017-11-13,1.6770,1.6770,1.6710,1.6740,76800,128480
2017-11-14,1.6740,1.6780,1.6570,1.6650,70400,117020
2017-11-15,1.6650,1.6660,1.6470,1.6570,115600,191015
2017-11-16,1.6570,1.6710,1.6540,1.6630,91800,152453
2017-11-17,1.6650,1.6870,1.6640,1.6870,458405,769584
2017-11-20,1.6870,1.6960,1.6750,1.6960,402600,679563
2017-11-21,1.6980,1.7740,1.6980,1.7500,1035900,1805393
2017-11-22,1.7530,1.8180,1.7530,1.7950,493340,880875
2017-11-23,1.7800,1.8000,1.7780,1.7800,506200,905617
2017-11-24,1.7800,1.8200,1.7800,1.8000,785500,1417436
2017-11-27,1.8000,1.8000,1.7140,1.7470,194700,340762
2017-11-28,1.7460,1.7460,1.6920,1.6980,439400,750318
2017-11-29,1.6900,1.7450,1.6770,1.6980,329340,558141
2017-11-30,1.7000,1.7000,1.6580,1.6690,177400,297076
2017-12-01,1.6600,1.6850,1.6400,1.6560,429900,711416
2017-12-04,1.6480,1.6820,1.6400,1.6780,107800,179565
2017-12-05,1.6770,1.6950,1.6770,1.6930,80900,136386
2017-12-06,1.6800,1.7400,1.6750,1.7000,761000,1286934
2017-12-07,1.7180,1.7180,1.6670,1.6670,274400,460776
2017-12-08,1.6800,1.6800,1.6550,1.6600,193500,322570
2017-12-11,1.6900,1.7180,1.6600,1.7100,247700,421893
2017-12-12,1.7100,1.7160,1.6860,1.6870,261700,444276
2017-12-13,1.6810,1.7130,1.6810,1.7130,256300,433277
2017-12-14,1.7220,1.7230,1.6750,1.6850,97500,165191
2017-12-15,1.6850,1.6850,1.6550,1.6750,222400,370397
2017-12-18,1.6360,1.6750,1.6360,1.6730,47200,78265
2017-12-19,1.6730,1.6790,1.6580,1.6790,106400,178273
2017-12-20,1.6620,1.6890,1.6620,1.6840,165700,278098
2017-12-21,1.6660,1.6890,1.6660,1.6830,159300,268099
2017-12-22,1.6860,1.6900,1.6640,1.6850,114000,191909
2017-12-25,1.6880,1.7380,1.6870,1.7100,298000,508765
2017-12-26,1.7090,1.7230,1.7090,1.7130,159700,273344
2017-12-27,1.6900,1.7230,1.6900,1.7000,116700,199521
2017-12-28,1.6800,1.7090,1.6800,1.7050,27600,46835
2017-12-29,1.6900,1.7200,1.6900,1.6930,37200,63406
2018-01-02,1.6950,1.7200,1.6950,1.7120,146100,249880
2018-01-03,1.7120,1.7260,1.7120,1.7190,241300,415473
2018-01-04,1.7260,1.7320,1.7180,1.7260,113300,195796
2018-01-05,1.7350,1.7350,1.7190,1.7200,82800,142609
2018-01-08,1.7200,1.8500,1.7150,1.7790,435300,766849
2018-01-09,1.7800,1.8000,1.7500,1.7790,236800,417995
2018-01-10,1.7610,1.7960,1.7610,1.7790,69600,123543
2018-01-11,1.7830,1.8000,1.7800,1.7950,110200,196873
2018-01-12,1.7950,1.8300,1.7800,1.8110,333200,603460
2018-01-15,1.8110,1.8400,1.8110,1.8340,298200,546624
2018-01-16,1.8200,1.8600,1.7840,1.8590,489300,897942
2018-01-17,1.8620,1.8980,1.8620,1.8630,845200,1593569
2018-01-18,1.8980,1.9630,1.8720,1.9480,1200088,2289140
2018-01-19,1.9930,2.1150,1.9870,2.1110,1871524,3889467
2018-01-22,2.0900,2.3220,2.0000,2.3220,2916122,6418953
2018-01-23,2.3160,2.3160,2.0900,2.0900,7611200,16365955
2018-01-24,1.8810,1.8810,1.8810,1.8810,3183900,5988916
2018-01-25,1.8390,1.8600,1.8200,1.8360,7453134,13705960
2018-01-26,1.8350,1.8570,1.8280,1.8470,4980834,9199312
2018-01-29,1.8500,1.8520,1.8000,1.8090,5362434,9842796
2018-01-30,1.8000,1.8080,1.7800,1.7800,2809000,5051813
2018-01-31,1.7700,1.8300,1.7700,1.8100,2065034,3735434
2018-02-01,1.8070,1.8730,1.8070,1.8490,7881534,14460029
2018-02-02,1.8470,1.8470,1.8090,1.8310,2873734,5246786
2018-02-05,1.8160,1.8250,1.8000,1.8230,1976522,3582490
2018-02-06,1.8000,1.8130,1.7080,1.7680,3621000,6390572
2018-02-07,1.7970,1.7970,1.7240,1.7270,3018700,5307340
2018-02-08,1.7180,1.7460,1.6820,1.6990,2143900,3653477
2018-02-09,1.6700,1.6700,1.5800,1.6120,3198700,5151272
2018-02-12,1.6150,1.6690,1.6150,1.6420,2492700,4058985
2018-02-13,1.6660,1.6850,1.6500,1.6680,2222100,3704013
2018-02-14,1.6780,1.6800,1.6540,1.6800,1638100,2729486
2018-02-22,1.6860,1.7280,1.6860,1.7210,1729900,2958782
2018-02-23,1.7210,1.7260,1.7000,1.7190,1138800,1950980
2018-02-26,1.7290,1.7390,1.7090,1.7350,806400,1392937
2018-02-27,1.7360,1.7360,1.7060,1.7070,1026800,1759164
2018-02-28,1.7010,1.7010,1.6720,1.6880,954700,1608058
2018-03-01,1.6800,1.6950,1.6660,1.6880,2435500,4095003
2018-03-02,1.6790,1.6880,1.6680,1.6750,875800,1467096
2018-03-05,1.6730,1.6900,1.6700,1.6770,224300,376177
2018-03-06,1.6710,1.6910,1.6660,1.6910,1487200,2497686
2018-03-07,1.6900,1.7120,1.6830,1.6830,670900,1142649
2018-03-08,1.7080,1.7080,1.6760,1.7000,315200,533954
2018-03-09,1.7000,1.7090,1.6920,1.7080,854500,1456819
2018-03-12,1.7130,1.7190,1.7050,1.7050,747200,1277155
2018-03-13,1.7060,1.7160,1.6950,1.6950,822800,1406038
2018-03-14,1.6880,1.6880,1.6780,1.6850,676100,1138529
2018-03-15,1.6860,1.6980,1.6810,1.6980,508600,860000
2018-03-16,1.6970,1.7070,1.6890,1.6890,377000,640889
2018-03-19,1.7040,1.7040,1.6800,1.6880,312500,527002
2018-03-20,1.6780,1.6910,1.6730,1.6890,707222,1188903
2018-03-21,1.7030,1.7100,1.6870,1.6920,529900,901798
2018-03-22,1.6900,1.6900,1.6700,1.6770,2035000,3404917
2018-03-23,1.6510,1.6510,1.6010,1.6220,920400,1493027
2018-03-26,1.5980,1.6220,1.5980,1.6040,1066900,1711495
2018-03-27,1.6250,1.6290,1.6060,1.6180,1539900,2490967
2018-03-28,1.6150,1.6150,1.5750,1.5970,355600,568098
2018-03-29,1.5960,1.6180,1.5660,1.6140,663700,1053885
2018-03-30,1.6490,1.6490,1.6020,1.6070,1247000,2002359
2018-04-02,1.6120,1.6220,1.5940,1.5950,449800,722341
2018-04-03,1.5700,1.5980,1.5700,1.5870,406600,642204
2018-04-04,1.5870,1.6080,1.5870,1.5880,424200,677432
2018-04-09,1.5850,1.5970,1.5800,1.5860,151300,239941
2018-04-10,1.5880,1.6150,1.5880,1.6140,290700,465412
2018-04-11,1.6150,1.6350,1.6150,1.6280,278300,452939
2018-04-12,1.6170,1.6250,1.6160,1.6160,128100,207257
2018-04-13,1.6170,1.6250,1.6040,1.6120,69300,111904
2018-04-16,1.5950,1.6000,1.5750,1.5800,252000,399379
2018-04-17,1.5900,1.5960,1.5640,1.5640,227600,357416
2018-04-18,1.5670,1.5990,1.5410,1.5500,655200,1014874
2018-04-19,1.5470,1.5770,1.5460,1.5700,1175000,1837090
2018-04-20,1.5440,1.5780,1.5430,1.5640,281500,437781
2018-04-23,1.5650,1.5700,1.5460,1.5580,274700,426140
2018-04-24,1.5640,1.5930,1.5640,1.5930,367300,582177
2018-04-25,1.5940,1.5940,1.5790,1.5790,106200,168096
2018-04-26,1.5650,1.5750,1.5530,1.5530,142100,221321
2018-04-27,1.5530,1.5530,1.5180,1.5440,188600,290500
2018-05-02,1.5480,1.5660,1.5420,1.5460,68200,105469
2018-05-03,1.5190,1.5510,1.5190,1.5490,103400,159108
2018-05-04,1.5540,1.5560,1.5420,1.5490,22800,35327
2018-05-07,1.5550,1.5650,1.5450,1.5650,397700,619917
2018-05-08,1.5710,1.5960,1.5530,1.5870,231600,366636
2018-05-09,1.5870,1.5960,1.5820,1.5850,498500,793708
2018-05-10,1.5950,1.6000,1.5870,1.5950,139500,222479
2018-05-11,1.5860,1.5980,1.5850,1.5930,218200,347567
2018-05-14,1.6060,1.6080,1.6050,1.6050,179800,288728
2018-05-15,1.6070,1.6080,1.5950,1.6070,138500,221923
2018-05-16,1.5950,1.6060,1.5920,1.5920,54700,87460
2018-05-17,1.5960,1.5960,1.5830,1.5830,22800,36213
2018-05-18,1.5890,1.6060,1.5800,1.6060,77500,123658
2018-05-21,1.6010,1.6140,1.5980,1.6090,223200,359157
2018-05-22,1.6100,1.6100,1.5910,1.5950,174600,278953
2018-05-23,1.5960,1.5960,1.5810,1.5810,183500,290744
2018-05-24,1.5940,1.5940,1.5750,1.5750,63300,99984
2018-05-25,1.5760,1.5840,1.5530,1.5530,115200,180380
2018-05-28,1.5590,1.5760,1.5590,1.5700,48700,76489
2018-05-29,1.5590,1.5750,1.5590,1.5700,51900,81373
2018-05-30,1.5600,1.5600,1.5390,1.5410,141300,218002
2018-05-31,1.5420,1.5610,1.5420,1.5610,290300,450957
2018-06-01,1.5610,1.5650,1.5490,1.5510,318900,496591
2018-06-04,1.5650,1.5820,1.5610,1.5800,168100,264141
2018-06-05,1.5870,1.5960,1.5720,1.5950,124900,198728
2018-06-06,1.6030,1.6030,1.5810,1.5900,295700,469064
2018-06-07,1.5980,1.5980,1.5800,1.5910,168400,267508
2018-06-08,1.5820,1.5820,1.5580,1.5710,69200,108422
2018-06-11,1.5750,1.5750,1.5620,1.5700,91500,143267
2018-06-12,1.5830,1.5890,1.5690,1.5880,576400,913398
2018-06-13,1.5880,1.5880,1.5500,1.5700,1190200,1871207
2018-06-14,1.5660,1.5840,1.5610,1.5680,112100,176053
2018-06-15,1.5580,1.5760,1.5560,1.5650,112600,176014
2018-06-19,1.5590,1.5590,1.5240,1.5240,512800,789070
2018-06-20,1.5140,1.5470,1.5140,1.5430,102500,156614
2018-06-21,1.5410,1.5550,1.5260,1.5330,412800,639678
2018-06-22,1.5210,1.5530,1.5080,1.5350,119000,182137
2018-06-25,1.5350,1.5600,1.4930,1.5000,388300,585722
2018-06-26,1.4800,1.4930,1.4570,1.4860,645500,947707
2018-06-27,1.4780,1.4810,1.4390,1.4500,212600,309425
2018-06-28,1.4660,1.4660,1.4210,1.4440,129300,186396
2018-06-29,1.4430,1.4680,1.4350,1.4660,260400,376916
2018-07-02,1.4670,1.5150,1.4170,1.4200,746200,1064043
2018-07-03,1.4920,1.4920,1.3900,1.4390,317700,449404
2018-07-04,1.4150,1.4320,1.4010,1.4110,317500,447315
2018-07-05,1.4090,1.4190,1.3980,1.4020,143700,201758
2018-07-06,1.4180,1.4200,1.3870,1.4180,1349000,1906346
2018-07-09,1.4250,1.4480,1.4250,1.4480,705505,1018819
2018-07-10,1.4480,1.4540,1.4430,1.4480,2113005,3061710
2018-07-11,1.4400,1.4400,1.4220,1.4320,83000,118542
2018-07-12,1.4390,1.4650,1.4380,1.4580,389500,567361
2018-07-13,1.4670,1.4700,1.4470,1.4680,280000,409881
2018-07-16,1.4700,1.4700,1.4520,1.4590,45200,65945
2018-07-17,1.4500,1.4570,1.4260,1.4570,187900,270671
2018-07-18,1.4420,1.4600,1.4410,1.4440,94600,136695
2018-07-19,1.4530,1.4530,1.4400,1.4400,36800,53147
2018-07-20,1.4390,1.4700,1.4360,1.4650,176100,256825
2018-07-23,1.4650,1.4790,1.4440,1.4780,107000,156773
2018-07-24,1.4850,1.5200,1.4790,1.5150,339400,511406
2018-07-25,1.5100,1.5200,1.5000,1.5010,149800,225357
2018-07-26,1.5020,1.5020,1.4800,1.4810,175100,261237
2018-07-27,1.4870,1.4870,1.4760,1.4760,27700,40951
2018-07-30,1.4760,1.4910,1.4660,1.4790,79300,116889
2018-07-31,1.4770,1.4840,1.4700,1.4840,25100,37062
2018-08-01,1.4860,1.4860,1.4640,1.4650,111700,164249
2018-08-02,1.4530,1.4700,1.4250,1.4480,516200,747811
2018-08-03,1.4660,1.4660,1.4320,1.4320,268300,386023
2018-08-06,1.4390,1.4390,1.3960,1.4030,125001,175968
2018-08-07,1.4100,1.4350,1.4030,1.4350,212200,302408
2018-08-08,1.4300,1.4380,1.4120,1.4330,31000,44182
2018-08-09,1.4170,1.4500,1.4160,1.4480,448800,646246
2018-08-10,1.4560,1.4560,1.4380,1.4470,161100,232157
2018-08-13,1.4440,1.4440,1.4250,1.4390,107200,153183
2018-08-14,1.4390,1.4390,1.4270,1.4310,316900,453292
2018-08-15,1.4300,1.4350,1.4090,1.4300,516400,738530
2018-08-16,1.3980,1.4400,1.3980,1.4220,64100,90977
2018-08-17,1.4050,1.4350,1.4000,1.4000,195900,276031
2018-08-20,1.3980,1.4080,1.3880,1.4080,229901,321930
2018-08-21,1.4510,1.4510,1.3990,1.4300,67100,96112
2018-08-22,1.4210,1.4280,1.4200,1.4200,25900,36872
2018-08-23,1.4290,1.4300,1.4160,1.4210,191100,272340
2018-08-24,1.4070,1.4320,1.4070,1.4270,560200,798141
2018-08-27,1.4270,1.4540,1.4210,1.4520,689700,994522
2018-08-28,1.4450,1.4580,1.4430,1.4550,706300,1026409
2018-08-29,1.4450,1.4560,1.4430,1.4450,89600,129852
2018-08-30,1.4450,1.4530,1.4390,1.4400,157300,227494
2018-08-31,1.4330,1.4430,1.4050,1.4370,325100,462584
2018-09-03,1.4190,1.4290,1.4150,1.4290,30700,43626
2018-09-04,1.4300,1.4520,1.4240,1.4500,326600,472128
2018-09-05,1.4350,1.4390,1.4230,1.4260,69900,99867
2018-09-06,1.4350,1.4350,1.4110,1.4110,197300,280228
2018-09-07,1.4260,1.4300,1.4110,1.4120,49200,69688
2018-09-10,1.4110,1.4370,1.4010,1.4180,55300,78068
2018-09-11,1.4490,1.4490,1.3910,1.4010,251600,352267
2018-09-12,1.4200,1.4200,1.3860,1.3910,127300,177638
2018-09-13,1.4000,1.4100,1.3890,1.4000,21000,29418
2018-09-14,1.3890,1.4050,1.3870,1.4050,49600,69433
2018-09-17,1.4030,1.4040,1.3880,1.4000,16300,22865
2018-09-18,1.4000,1.4180,1.3860,1.4110,148900,210206
2018-09-19,1.4110,1.5240,1.4040,1.4410,541900,776550
2018-09-20,1.4440,1.4440,1.4300,1.4350,220900,316912
2018-09-21,1.4320,1.4840,1.4320,1.4830,467700,683095
2018-09-25,1.5150,1.5210,1.4530,1.4790,106400,157055
2018-09-26,1.4790,1.4980,1.4640,1.4960,245700,366559
2018-09-27,1.4530,1.5140,1.4530,1.4860,128400,190513
2018-09-28,1.4950,1.5130,1.4950,1.5090,179500,270321
2018-10-08,1.4980,1.4980,1.4490,1.4570,366600,539349
2018-10-09,1.4560,1.4560,1.4410,1.4460,74600,107868
2018-10-10,1.4500,1.4750,1.4000,1.4500,255100,366379
2018-10-11,1.4200,1.4390,1.3900,1.4000,455700,642248
2018-10-12,1.3740,1.4220,1.3690,1.4050,158500,221318
2018-10-15,1.4060,1.4150,1.3940,1.3970,75600,106151
2018-10-16,1.3910,1.4100,1.3850,1.3990,155200,216866
2018-10-17,1.4150,1.4150,1.3840,1.4100,127600,179761
2018-10-18,1.3980,1.4130,1.3850,1.3930,81200,113314
2018-10-19,1.3820,1.4130,1.3810,1.4130,264700,367846
2018-10-22,1.4300,1.4670,1.4300,1.4630,274200,400448
2018-10-23,1.4410,1.4600,1.4220,1.4270,148700,214374
2018-10-24,1.4440,1.4470,1.4100,1.4470,77200,110873
2018-10-25,1.4460,1.4460,1.4200,1.4420,150400,215509
2018-10-26,1.4450,1.4480,1.4400,1.4450,58200,84186
2018-10-29,1.4500,1.4500,1.4190,1.4200,116200,165662
2018-10-30,1.4190,1.4430,1.4150,1.4200,49000,70139
2018-10-31,1.4200,1.4420,1.4200,1.4270,99100,141882
2018-11-01,1.4230,1.4350,1.4230,1.4300,46700,66819
2018-11-02,1.4400,1.4580,1.4150,1.4440,274200,396355
2018-11-05,1.4500,1.4640,1.4200,1.4300,230000,330892
2018-11-06,1.4300,1.4300,1.4130,1.4200,63500,89981
2018-11-07,1.4100,1.4230,1.4100,1.4100,166400,235552
2018-11-08,1.4130,1.4270,1.4130,1.4270,69000,98186
2018-11-09,1.4020,1.4200,1.3930,1.4020,217600,304785
2018-11-12,1.4020,1.4200,1.3930,1.4120,84100,117774
2018-11-13,1.4000,1.4190,1.3910,1.4190,244000,343893
2018-11-14,1.3840,1.4330,1.3840,1.3990,109100,152414
2018-11-15,1.3950,1.4290,1.3900,1.4200,158500,222150
2018-11-16,1.4170,1.4290,1.3920,1.4100,165800,234334
2018-11-19,1.4260,1.4260,1.4050,1.4200,108300,152874
2018-11-20,1.4200,1.4200,1.3920,1.3930,127700,178138
2018-11-21,1.3900,1.4010,1.3900,1.4000,124500,174079
2018-11-22,1.3990,1.4100,1.3930,1.3940,141800,198156
2018-11-23,1.3990,1.3990,1.3800,1.3860,155200,215164
2018-11-26,1.3800,1.4000,1.3680,1.3750,140400,193288
2018-11-27,1.3870,1.3870,1.3690,1.3700,134400,184579
2018-11-28,1.3780,1.3830,1.3680,1.3800,23200,31971
2018-11-29,1.3850,1.3850,1.3720,1.3720,52100,71846
2018-11-30,1.3720,1.3760,1.3670,1.3750,90000,123407
2018-12-03,1.4030,1.4140,1.3790,1.4100,247100,346596
2018-12-04,1.3920,1.4100,1.3920,1.4030,54100,75752
2018-12-05,1.4020,1.4020,1.3840,1.3980,223800,310485
2018-12-06,1.3930,1.3950,1.3790,1.3850,81000,112008
2018-12-07,1.3820,1.3870,1.3770,1.3770,17200,23755
2018-12-10,1.3750,1.3790,1.3600,1.3670,189800,259036
2018-12-11,1.3760,1.3760,1.3630,1.3680,56500,77202
2018-12-12,1.3770,1.3770,1.3600,1.3630,94500,128901
2018-12-13,1.3790,1.3900,1.3660,1.3900,79000,109319
2018-12-14,1.3730,1.3800,1.3720,1.3730,42000,57739
2018-12-17,1.3610,1.3710,1.3600,1.3640,27600,37628
2018-12-18,1.3670,1.3670,1.3580,1.3590,222000,301801
2018-12-19,1.3590,1.3690,1.3540,1.3680,134500,182804
2018-12-20,1.3660,1.3660,1.3320,1.3350,131100,176074
2018-12-21,1.3330,1.3440,1.3150,1.3350,99700,131950
2018-12-24,1.3340,1.3350,1.3060,1.3290,13911,18462
2018-12-25,1.3080,1.3250,1.3000,1.3220,90800,118858
2018-12-26,1.3780,1.3780,1.3030,1.3400,32900,43161
2018-12-27,1.3390,1.3390,1.3090,1.3090,26500,34754
2018-12-28,1.2990,1.3300,1.2680,1.3160,13400,17519
2019-01-02,1.3020,1.3120,1.3020,1.3100,16700,21863
2019-01-03,1.3000,1.3280,1.3000,1.3010,26900,35138
2019-01-04,1.3100,1.3260,1.3090,1.3240,96100,125841
2019-01-07,1.3240,1.3240,1.3030,1.3190,132000,173293
2019-01-08,1.3180,1.3190,1.3100,1.3100,21300,27954
2019-01-09,1.3120,1.3340,1.3120,1.3330,186422,248179
2019-01-10,1.3130,1.3330,1.3130,1.3240,63600,84276
2019-01-11,1.3380,1.3380,1.3350,1.3350,34300,45815
2019-01-14,1.3520,1.3520,1.3150,1.3280,28400,37681
2019-01-15,1.3260,1.3490,1.3100,1.3480,131900,176756
2019-01-16,1.3460,1.3500,1.3450,1.3500,80200,108199
2019-01-17,1.3540,1.3540,1.3460,1.3480,38500,51947
2019-01-18,1.3600,1.3680,1.3500,1.3660,105800,143834
2019-01-21,1.3890,1.3890,1.3720,1.3750,69900,96433
2019-01-22,1.3750,1.3760,1.3520,1.3640,107300,146923
2019-01-23,1.3250,1.3780,1.3250,1.3750,45700,62227
2019-01-24,1.3650,1.3850,1.3580,1.3660,53900,73941
2019-01-25,1.3780,1.3830,1.3700,1.3830,137789,190079
2019-01-28,1.4000,1.4150,1.3880,1.3900,120700,169748
2019-01-29,1.3900,1.3980,1.3770,1.3950,159700,220254
2019-01-30,1.3950,1.3950,1.3790,1.3840,138100,191861
2019-01-31,1.3910,1.3970,1.3870,1.3970,132200,183912
2019-02-01,1.3980,1.4240,1.3980,1.4130,303600,428971
2019-02-11,1.3680,1.4430,1.3680,1.4420,261100,371614
2019-02-12,1.4420,1.4500,1.4110,1.4430,255700,367338
2019-02-13,1.4520,1.4750,1.4390,1.4750,462000,671699
2019-02-14,1.4750,1.4810,1.4670,1.4740,100200,147469
2019-02-15,1.4510,1.4750,1.4500,1.4560,168300,244793
2019-02-18,1.4770,1.4870,1.4700,1.4870,518911,765080
2019-02-19,1.4890,1.4950,1.4730,1.4880,369900,550218
2019-02-20,1.4880,1.4920,1.4800,1.4920,115311,171074
2019-02-21,1.4720,1.5000,1.4720,1.4870,260700,388896
2019-02-22,1.4850,1.5140,1.4740,1.5130,255600,381363
2019-02-25,1.5140,1.6200,1.5130,1.6110,1031400,1617748
2019-02-26,1.6190,1.6190,1.5770,1.5950,835311,1334931
2019-02-27,1.5550,1.6040,1.5550,1.5700,325300,515861
2019-02-28,1.5850,1.5860,1.5610,1.5740,214500,338115
2019-03-01,1.5910,1.6780,1.5590,1.6480,1113800,1786476
2019-03-04,1.6610,1.6930,1.6440,1.6480,3187300,5294017
2019-03-05,1.6480,1.6550,1.6270,1.6450,1003500,1651082
2019-03-06,1.6400,1.6510,1.6250,1.6510,640100,1045971
2019-03-07,1.6500,1.6670,1.6300,1.6300,387500,636256
2019-03-08,1.6240,1.6240,1.5660,1.5680,737300,1171948
2019-03-11,1.5650,1.5910,1.5650,1.5870,380742,600665
2019-03-12,1.5870,1.6290,1.5770,1.5860,1023542,1634173
2019-03-13,1.5860,1.5990,1.5670,1.5780,658976,1036905
2019-03-14,1.5610,1.5820,1.5600,1.5630,412000,645626
2019-03-15,1.5500,1.5900,1.5500,1.5780,648400,1024254
2019-03-18,1.5780,1.6140,1.5660,1.6140,565600,905642
2019-03-19,1.6140,1.6280,1.6140,1.6180,847100,1373014
2019-03-20,1.6200,1.6200,1.6010,1.6170,353200,569346
2019-03-21,1.6150,1.6210,1.6080,1.6150,197300,318732
2019-03-22,1.6150,1.6210,1.6000,1.6160,627700,1009937
2019-03-25,1.5970,1.6040,1.5870,1.5910,315500,503010
2019-03-26,1.5790,1.5950,1.5570,1.5670,240000,377885
2019-03-27,1.5700,1.5880,1.5680,1.5830,155100,244193
2019-03-28,1.5700,1.5820,1.5690,1.5800,195142,306967
2019-03-29,1.5870,1.6580,1.5870,1.6380,744800,1208876
2019-04-01,1.6400,1.6890,1.6400,1.6740,1080200,1799142
2019-04-02,1.6790,1.6790,1.6500,1.6640,1012500,1679705
2019-04-03,1.6610,1.6880,1.6400,1.6850,1490800,2477053
2019-04-04,1.6850,1.6980,1.6850,1.6980,606500,1026789
2019-04-08,1.7000,1.7380,1.6980,1.7280,1802742,3114226
2019-04-09,1.7100,1.7310,1.7100,1.7300,800000,1378241
2019-04-10,1.7020,1.7320,1.7020,1.7300,602900,1033061
2019-04-11,1.7330,1.7380,1.6870,1.7130,484300,831448
2019-04-12,1.7030,1.7160,1.6900,1.7160,275700,469371
2019-04-15,1.7220,1.7400,1.7140,1.7140,431600,747317
2019-04-16,1.7180,1.7500,1.6800,1.7490,872600,1506436
2019-04-17,1.7470,1.7610,1.7370,1.7480,960100,1685331
2019-04-18,1.7480,1.7490,1.7220,1.7400,868700,1501620
2019-04-19,1.7230,1.7510,1.7000,1.7500,401006,697407
2019-04-22,1.7600,1.7660,1.7300,1.7300,362300,632399
2019-04-23,1.7190,1.7480,1.7170,1.7460,233500,403464
2019-04-24,1.7270,1.7440,1.7090,1.7390,543500,939232
2019-04-25,1.7170,1.7330,1.7000,1.7000,286300,490090
2019-04-26,1.6700,1.7000,1.6700,1.6870,179700,303049
2019-04-29,1.6800,1.7140,1.6790,1.6900,354500,598153
2019-04-30,1.6900,1.6950,1.6830,1.6940,120600,203931
2019-05-06,1.6070,1.6990,1.6070,1.6350,1144542,1865068
2019-05-07,1.6220,1.6470,1.6110,1.6220,268100,437289
2019-05-08,1.6100,1.6370,1.6080,1.6220,246550,399086
2019-05-09,1.5820,1.6160,1.5820,1.5850,216300,344414
2019-05-10,1.6110,1.6260,1.5950,1.6190,321300,517112
2019-05-13,1.6180,1.6180,1.5940,1.6050,82900,133010
2019-05-14,1.5500,1.6350,1.5500,1.6000,170700,272134
2019-05-15,1.6160,1.6300,1.5930,1.6220,351000,566165
2019-05-16,1.6260,1.6260,1.6110,1.6240,27600,44691
2019-05-17,1.6210,1.6220,1.5980,1.6080,88200,141961
2019-05-20,1.6180,1.6180,1.5630,1.5820,89300,141151
2019-05-21,1.5700,1.6190,1.5700,1.6010,126800,203408
2019-05-22,1.6010,1.6060,1.5900,1.6050,113500,180954
2019-05-23,1.5790,1.5870,1.5720,1.5740,209100,329758
2019-05-24,1.5740,1.5770,1.5690,1.5770,89300,140442
2019-05-27,1.5770,1.5940,1.5600,1.5870,133400,209981
2019-05-28,1.5970,1.6110,1.5850,1.5990,134400,214970
2019-05-29,1.5900,1.6120,1.5900,1.6100,171600,275176
2019-05-30,1.5970,1.6100,1.5750,1.6030,50300,79916
2019-05-31,1.5770,1.6060,1.5770,1.5930,67600,107902
2019-06-03,1.6150,1.6150,1.5790,1.5950,98200,156716
2019-06-04,1.5810,1.5950,1.5800,1.5810,64900,102753
2019-06-05,1.6000,1.6000,1.5830,1.5860,61000,96845
2019-06-06,1.5820,1.5870,1.5770,1.5780,47800,75597
2019-06-10,1.6130,1.6140,1.5710,1.6050,146400,234685
2019-06-11,1.5910,1.6400,1.5910,1.6400,489692,794063
2019-06-12,1.6440,1.6440,1.6210,1.6280,103400,168241
2019-06-13,1.6190,1.6270,1.6100,1.6270,125100,203045
2019-06-14,1.6270,1.6350,1.6130,1.6180,69700,113175
2019-06-17,1.6140,1.6260,1.6140,1.6190,47300,76603
2019-06-18,1.6170,1.6220,1.6140,1.6220,67800,109679
2019-06-19,1.6700,1.6700,1.6200,1.6490,276300,456220
2019-06-20,1.6440,1.6990,1.6320,1.6930,563400,943702
2019-06-21,1.6990,1.7030,1.6820,1.6990,498600,842897
2019-06-24,1.6990,1.7030,1.6860,1.6980,187000,316687
2019-06-25,1.6910,1.6960,1.6710,1.6840,196900,330225
2019-06-26,1.6840,1.6840,1.6750,1.6780,143200,240281
2019-06-27,1.6850,1.6970,1.6850,1.6910,342000,577814
2019-06-28,1.6890,1.6910,1.6780,1.6880,327100,551381
2019-07-01,1.7100,1.7530,1.7100,1.7500,1465400,2540825
2019-07-02,1.7370,1.7470,1.7330,1.7470,391100,680220
2019-07-03,1.7300,1.7390,1.7230,1.7260,232900,402616
2019-07-04,1.7320,1.7320,1.7160,1.7240,97300,167634
2019-07-05,1.7210,1.7350,1.7150,1.7330,142300,245363
2019-07-08,1.7110,1.7190,1.6870,1.7080,247400,422746
2019-07-09,1.6980,1.7080,1.6880,1.6990,124000,210123
2019-07-10,1.7080,1.7080,1.6990,1.6990,20800,35472
2019-07-11,1.6990,1.7120,1.6940,1.6940,83100,141461
2019-07-12,1.7020,1.7200,1.7010,1.7110,167800,286635
2019-07-15,1.7150,1.7200,1.6870,1.7130,212300,362909
2019-07-16,1.7140,1.7150,1.7020,1.7080,66200,113042
2019-07-17,1.7100,1.7100,1.7000,1.7010,7500,12798
2019-07-18,1.7070,1.7070,1.6870,1.6990,165100,279316
2019-07-19,1.7060,1.7150,1.7060,1.7110,57800,98887
2019-07-22,1.7090,1.7180,1.6880,1.7100,192200,327653
2019-07-23,1.7100,1.7100,1.7020,1.7060,119400,203800
2019-07-24,1.7210,1.7290,1.7160,1.7180,204100,350827
2019-07-25,1.7170,1.7370,1.7160,1.7280,34100,58693
2019-07-26,1.7250,1.7390,1.7250,1.7390,94300,163184
2019-07-29,1.7470,1.7470,1.7240,1.7320,54000,93319
2019-07-30,1.7490,1.7530,1.7370,1.7450,228100,398469
2019-07-31,1.7450,1.7450,1.7290,1.7330,763100,1327333
2019-08-01,1.7200,1.7420,1.7200,1.7220,114300,197361
2019-08-02,1.7130,1.7200,1.6120,1.7010,125400,211961
2019-08-05,1.6900,1.6990,1.6700,1.6710,344651,577110
2019-08-06,1.6640,1.6640,1.6300,1.6630,202642,333766
2019-08-07,1.6390,1.7390,1.6390,1.6600,47400,78650
2019-08-08,1.6700,1.6910,1.6600,1.6890,139642,233452
2019-08-09,1.6900,1.6900,1.6470,1.6780,52200,87408
2019-08-12,1.6880,1.7270,1.6860,1.6870,75500,128570
2019-08-13,1.6850,1.6850,1.6710,1.6730,77500,130279
2019-08-14,1.7210,1.7210,1.6750,1.7000,86600,147119
2019-08-15,1.6480,1.7150,1.6480,1.7000,100600,170628
2019-08-16,1.6980,1.7180,1.6980,1.7100,88834,151319
2019-08-19,1.7100,1.7340,1.7010,1.7260,248800,429560
2019-08-20,1.7010,1.7290,1.7010,1.7220,62392,107108
2019-08-21,1.7280,1.7280,1.7070,1.7200,37000,63251
2019-08-22,1.7090,1.7180,1.7010,1.7130,162600,277553
2019-08-23,1.7150,1.7250,1.7110,1.7220,191600,329747
2019-08-26,1.6540,1.7130,1.6540,1.7050,69400,117949
2019-08-27,1.7300,1.7300,1.6990,1.7190,173800,298114
2019-08-28,1.7210,1.7210,1.7060,1.7160,70700,121150
2019-08-29,1.7150,1.7160,1.6950,1.7140,101900,173398
2019-08-30,1.7180,1.7180,1.7010,1.7130,99700,170265
2019-09-02,1.7130,1.7270,1.7130,1.7220,278900,479698
2019-09-03,1.7280,1.7280,1.6700,1.7210,530859,913243
2019-09-04,1.7190,1.7340,1.7100,1.7310,609488,1050368
2019-09-05,1.7390,1.7640,1.7390,1.7570,1430200,2514788
2019-09-06,1.7570,1.7660,1.7500,1.7640,304500,535077
2019-09-09,1.7640,1.7830,1.7640,1.7670,330000,584449
2019-09-10,1.7620,1.7670,1.7560,1.7660,101492,178986
2019-09-11,1.7980,1.7980,1.7500,1.7600,279647,492177
2019-09-12,1.7600,1.7950,1.7600,1.7760,412400,736954
2019-09-16,1.7840,1.7840,1.7680,1.7680,68200,120969
2019-09-17,1.7680,1.7680,1.7500,1.7580,75300,132138
2019-09-18,1.7660,1.7990,1.7500,1.7790,157992,279323
2019-09-19,1.7540,1.7750,1.7540,1.7560,61400,108485
2019-09-20,1.7560,1.7700,1.7560,1.7680,78734,138336
2019-09-23,1.7680,1.7780,1.7440,1.7680,136900,241454
2019-09-24,1.7650,1.7670,1.7500,1.7570,28900,50872
2019-09-25,1.7520,1.7610,1.7450,1.7550,71300,125309
2019-09-26,1.7620,1.7620,1.7260,1.7490,169600,296163
2019-09-27,1.7390,1.7540,1.7000,1.7500,532847,911215
2019-09-30,1.7460,1.7480,1.7300,1.7450,492747,858967
2019-10-08,1.7120,1.7440,1.7120,1.7440,47700,82903
2019-10-09,1.7220,1.7400,1.7220,1.7390,24500,42505
2019-10-10,1.7310,1.7430,1.7310,1.7420,51400,89321
2019-10-11,1.7420,1.7660,1.7400,1.7630,506647,885229
2019-10-14,1.7830,1.7830,1.7630,1.7750,537247,954895
2019-10-15,1.7660,1.7710,1.7620,1.7710,64400,113773
2019-10-16,1.7700,1.7850,1.7610,1.7660,261900,463223
2019-10-17,1.7700,1.7700,1.7580,1.7680,298447,526214
2019-10-18,1.7680,1.7690,1.7450,1.7490,107700,188824
2019-10-21,1.7400,1.7640,1.7320,1.7640,189500,330763
2019-10-22,1.7640,1.7640,1.7420,1.7560,91400,160085
2019-10-23,1.7410,1.7500,1.7410,1.7450,33800,58994
2019-10-24,1.7360,1.7490,1.7360,1.7460,48400,84546
2019-10-25,1.7460,1.7480,1.7250,1.7480,77400,134448
2019-10-28,1.7480,1.7570,1.7480,1.7520,165600,290382
2019-10-29,1.7450,1.7600,1.7450,1.7510,109900,192626
2019-10-30,1.7450,1.7500,1.7360,1.7500,149800,261393
2019-10-31,1.7450,1.7500,1.7390,1.7500,26100,45605
2019-11-01,1.7340,1.7780,1.7340,1.7750,463247,820669
2019-11-04,1.7790,1.7900,1.7770,1.7840,73600,131080
2019-11-05,1.7870,1.8110,1.7270,1.7970,594847,1062538
2019-11-06,1.7930,1.7930,1.7810,1.7840,207100,370728
2019-11-07,1.7820,1.7960,1.7820,1.7960,181226,324133
2019-11-08,1.8150,1.8150,1.7890,1.7890,84200,151537
2019-11-11,1.7770,1.7830,1.7550,1.7590,344800,607988
2019-11-12,1.7500,1.7700,1.7500,1.7660,147500,259194
2019-11-13,1.7680,1.7700,1.7500,1.7580,93200,163500
2019-11-14,1.7580,1.7650,1.7530,1.7610,97500,171555
2019-11-15,1.7490,1.7610,1.7480,1.7500,213500,373666
2019-11-18,1.7450,1.7580,1.7450,1.7570,49500,86677
2019-11-19,1.7530,1.7800,1.7530,1.7780,165300,292344
2019-11-20,1.7780,1.7780,1.7580,1.7580,109100,192484
2019-11-21,1.7510,1.7690,1.7300,1.7590,126600,221546
2019-11-22,1.7410,1.7590,1.7210,1.7500,73101,127317
2019-11-25,1.7480,1.7590,1.7330,1.7430,423700,742299
2019-11-26,1.7550,1.7590,1.7440,1.7570,16400,28787
2019-11-27,1.7410,1.7590,1.7390,1.7580,16600,29130
2019-11-28,1.7450,1.7580,1.7400,1.7540,126000,219572
2019-11-29,1.7450,1.7460,1.7190,1.7390,151300,261833
2019-12-02,1.7340,1.7430,1.7210,1.7380,91900,159194
2019-12-03,1.7280,1.7380,1.7200,1.7360,42500,73404
2019-12-04,1.7380,1.7380,1.7230,1.7350,53400,92326
2019-12-05,1.7400,1.7480,1.7320,1.7420,50500,87857
2019-12-06,1.7290,1.7450,1.7290,1.7450,40700,70795
2019-12-09,1.7450,1.7490,1.7370,1.7470,35300,61478
2019-12-10,1.7480,1.7480,1.7470,1.7470,107900,188505
2019-12-11,1.7470,1.7470,1.7290,1.7460,149100,260269
2019-12-12,1.7490,1.7490,1.7390,1.7430,16900,29454
2019-12-13,1.7500,1.7700,1.7380,1.7700,131500,231718
2019-12-16,1.7610,1.7760,1.7610,1.7710,79600,141019
2019-12-17,1.7710,1.8000,1.7630,1.7950,304900,544149
2019-12-18,1.7950,1.8010,1.7950,1.7970,405300,727676
2019-12-19,1.7970,1.7970,1.7880,1.7890,56400,100954
2019-12-20,1.7940,1.7940,1.7850,1.7910,181900,325516
2019-12-23,1.7850,1.7900,1.7700,1.7700,71400,127103
2019-12-24,1.7790,1.7900,1.7680,1.7790,147100,260648
2019-12-25,1.7670,1.7770,1.7670,1.7730,158600,280843
2019-12-26,1.7730,1.7810,1.7720,1.7810,168100,298606
2019-12-27,1.7820,1.7980,1.7770,1.7850,153500,274966
2019-12-30,1.7840,1.8120,1.7820,1.8000,390800,702547
2019-12-31,1.8120,1.8200,1.7990,1.8100,280000,506157
2020-01-02,1.8200,1.8340,1.8160,1.8290,770300,1407953
2020-01-03,1.8290,1.8380,1.8210,1.8290,201300,368166
2020-01-06,1.8270,1.8290,1.8080,1.8130,492400,896205
2020-01-07,1.8130,1.8250,1.8130,1.8200,152800,278162
2020-01-08,1.8090,1.8180,1.7910,1.8080,211700,382300
2020-01-09,1.8200,1.8260,1.8110,1.8260,1288401,2342229
2020-01-10,1.8260,1.8270,1.8190,1.8240,48000,87443
2020-01-13,1.8240,1.8370,1.8180,1.8370,153600,280777
2020-01-14,1.8370,1.8480,1.8350,1.8350,173800,320076
2020-01-15,1.8260,1.8260,1.8150,1.8230,120926,219895
2020-01-16,1.8140,1.8230,1.8120,1.8160,56300,102204
2020-01-17,1.8210,1.8250,1.8110,1.8120,116200,210859
2020-01-20,1.8150,1.8250,1.8150,1.8210,205400,373669
2020-01-21,1.8220,1.8220,1.7880,1.7930,292700,526335
2020-01-22,1.7930,1.7990,1.7680,1.7980,302627,539066
2020-01-23,1.7670,1.7840,1.7280,1.7500,833100,1460429
2020-02-03,1.5750,1.6550,1.5750,1.6070,1160200,1866096
2020-02-04,1.5600,1.6520,1.5600,1.6390,440200,716958
2020-02-05,1.6590,1.6730,1.6510,1.6590,484100,804241
2020-02-06,1.6700,1.7000,1.6500,1.6740,452300,756641
2020-02-07,1.6940,1.6940,1.6640,1.6780,124600,207911
2020-02-10,1.6690,1.6860,1.6550,1.6810,190200,316614
2020-02-11,1.6970,1.7190,1.6800,1.7100,425200,725148
2020-02-12,1.7150,1.7150,1.7020,1.7070,155300,265204
2020-02-13,1.7030,1.7190,1.6900,1.6970,174400,296523
2020-02-14,1.7060,1.7130,1.6990,1.7100,171200,291434
2020-02-17,1.7100,1.7350,1.7100,1.7350,407100,702392
2020-02-18,1.7250,1.7460,1.7250,1.7290,188600,326444
2020-02-19,1.7210,1.7460,1.7210,1.7370,316500,548752
2020-02-20,1.7160,1.7710,1.7160,1.7620,1346748,2338436
2020-02-21,1.7600,1.7780,1.7530,1.7600,195200,344210
2020-02-24,1.7600,1.7600,1.7370,1.7440,463048,806951
2020-02-25,1.7110,1.7420,1.7100,1.7420,524400,903332
2020-02-26,1.7110,1.7440,1.7110,1.7240,187800,324845
2020-02-27,1.7410,1.7440,1.7310,1.7400,197400,343117
2020-02-28,1.7300,1.7300,1.6800,1.6860,399300,677793
2020-03-02,1.6860,1.7410,1.6860,1.7410,274100,473377
2020-03-03,1.7420,1.7710,1.7420,1.7430,1204500,2108087
2020-03-04,1.7410,1.7520,1.7380,1.7520,574608,1002675
2020-03-05,1.7600,1.8030,1.7570,1.8030,433208,772219
2020-03-06,1.7990,1.7990,1.7670,1.7750,107800,191554
2020-03-09,1.7670,1.7670,1.7040,1.7470,310600,539155
2020-03-10,1.7090,1.7680,1.7090,1.7600,182400,314555
2020-03-11,1.7440,1.7800,1.7280,1.7280,82500,143389
2020-03-12,1.7180,1.7180,1.6900,1.7100,95700,162934
2020-03-13,1.6500,1.7070,1.6180,1.6800,247700,411533
2020-03-16,1.6800,1.6980,1.6090,1.6360,174000,287329
2020-03-17,1.5910,1.6590,1.5600,1.5930,281900,452515
2020-03-18,1.6390,1.6390,1.5950,1.5950,134100,215298
2020-03-19,1.5880,1.6080,1.5180,1.5690,491700,761977
2020-03-20,1.5400,1.5960,1.5400,1.5870,149600,233299
2020-03-23,1.5780,1.5780,1.5190,1.5240,131100,201761
2020-03-24,1.5660,1.6000,1.5310,1.5900,211800,330232
2020-03-25,1.6300,1.6310,1.6180,1.6290,225100,365192
2020-03-26,1.5900,1.6700,1.5900,1.6200,107800,174848
2020-03-27,1.6210,1.6330,1.6210,1.6330,135500,220655
2020-03-30,1.6220,1.6300,1.5840,1.6240,104200,167872
2020-03-31,1.5890,1.6320,1.5890,1.6100,116100,188295
2020-04-01,1.5970,1.6300,1.5970,1.6230,45300,73289
2020-04-02,1.5840,1.6250,1.5840,1.6250,71100,114139
2020-04-03,1.6030,1.6330,1.6030,1.6280,8500,13819
2020-04-07,1.6300,1.6490,1.6300,1.6460,98500,161816
2020-04-08,1.6460,1.6560,1.6240,1.6350,57600,94329
2020-04-09,1.6350,1.7160,1.6350,1.6500,53700,89066
2020-04-10,1.6500,1.6500,1.6310,1.6390,86900,143240
2020-04-13,1.6390,1.6590,1.6390,1.6470,16800,27587
2020-04-14,1.6250,1.6700,1.6250,1.6600,110900,184518
2020-04-15,1.6610,1.6610,1.6400,1.6540,35000,57790
2020-04-16,1.6530,1.6600,1.6390,1.6590,47000,77698
2020-04-17,1.6700,1.6700,1.6450,1.6640,193700,320872
2020-04-20,1.6600,1.6680,1.6420,1.6560,99700,165237
2020-04-21,1.6420,1.6500,1.6190,1.6410,88600,145054
2020-04-22,1.6410,1.6490,1.6320,1.6490,195500,320322
2020-04-23,1.6560,1.6560,1.6430,1.6480,72100,118645
2020-04-24,1.6470,1.6470,1.6350,1.6350,16600,27208
2020-04-27,1.6360,1.6600,1.6360,1.6570,55500,91791
2020-04-28,1.6500,1.6640,1.6470,1.6620,125800,208674
2020-04-29,1.6620,1.6710,1.6520,1.6670,215600,358319
2020-04-30,1.6800,1.6920,1.6770,1.6800,175000,294819
2020-05-06,1.6790,1.6900,1.6620,1.6900,97700,163737
2020-05-07,1.6770,1.6890,1.6770,1.6860,54000,90759
2020-05-08,1.6860,1.7030,1.6860,1.7000,120500,204571
2020-05-11,1.7070,1.7230,1.7000,1.7050,36100,61658
2020-05-12,1.7040,1.7050,1.6980,1.7030,17500,29774
2020-05-13,1.7000,1.7000,1.6820,1.6990,59450,100827
2020-05-14,1.6880,1.6980,1.6800,1.6860,57400,96983
2020-05-15,1.6860,1.6880,1.6780,1.6880,34300,57689
2020-05-18,1.6800,1.6880,1.6790,1.6870,18000,30314
2020-05-19,1.6960,1.6990,1.6870,1.6940,65200,110360
2020-05-20,1.6900,1.6930,1.6850,1.6850,1200,2028
2020-05-21,1.6840,1.7000,1.6800,1.6870,97400,164148
2020-05-22,1.6750,1.6750,1.6510,1.6520,77500,128627
2020-05-25,1.6420,1.6500,1.6300,1.6500,39500,64844
2020-05-26,1.6570,1.6630,1.6570,1.6570,3000,4974
2020-05-27,1.6580,1.6600,1.6530,1.6600,17100,28336
2020-05-28,1.6640,1.6740,1.6500,1.6570,58500,97293
2020-05-29,1.6520,1.6650,1.6520,1.6600,37800,62914
2020-06-01,1.6920,1.7070,1.6900,1.7000,164800,279633
2020-06-02,1.7060,1.7170,1.6980,1.7170,119300,203863
2020-06-03,1.7170,1.7280,1.7160,1.7170,121800,209473
2020-06-04,1.7220,1.7220,1.7100,1.7200,1051900,1810938
2020-06-05,1.7120,1.7230,1.7120,1.7230,102900,176354
2020-06-08,1.7380,1.7460,1.7300,1.7320,63200,109736
2020-06-09,1.7330,1.7500,1.7330,1.7480,46000,80209
2020-06-10,1.7480,1.7480,1.7410,1.7470,49900,87140
2020-06-11,1.7300,1.7490,1.7190,1.7260,65806,113872
2020-06-12,1.7100,1.7280,1.7070,1.7280,91200,156374
2020-06-15,1.7130,1.7290,1.7060,1.7070,79748,136676
2020-06-16,1.7070,1.7280,1.7070,1.7250,29700,51158
2020-06-17,1.7140,1.7280,1.7140,1.7210,39000,67093
2020-06-18,1.7260,1.7470,1.7250,1.7470,94854,164772
2020-06-19,1.7490,1.7600,1.7470,1.7540,199000,349237
2020-06-22,1.7530,1.7700,1.7530,1.7690,149300,263585
2020-06-23,1.7500,1.7690,1.7480,1.7680,103600,181692
2020-06-24,1.7790,1.7790,1.7650,1.7760,147100,260608
2020-06-29,1.7760,1.7760,1.7530,1.7570,49500,86833
2020-06-30,1.7770,1.7860,1.7680,1.7740,168300,299125
2020-07-01,1.7630,1.8250,1.7630,1.8220,1384502,2489877
2020-07-02,1.8180,1.8700,1.8180,1.8600,619600,1142763
2020-07-03,1.8840,1.9090,1.8800,1.9000,508136,961874
2020-07-06,1.9150,2.0900,1.9150,2.0900,1257638,2536680
2020-07-07,2.1250,2.2290,2.1250,2.1900,1077840,2359189
2020-07-08,2.2010,2.2010,2.0030,2.1820,843339,1816271
2020-07-09,2.0880,2.1820,2.0880,2.1520,1571200,3322602
2020-07-10,2.1450,2.1450,2.0360,2.0680,993800,2071311
2020-07-13,2.0680,2.0910,2.0200,2.0870,1082900,2228294
2020-07-14,2.0880,2.0880,2.0300,2.0550,718702,1471456
2020-07-15,2.0450,2.0650,2.0310,2.0340,617800,1262003
2020-07-16,2.0340,2.0390,1.9370,1.9760,629900,1254894
2020-07-17,1.9510,2.0250,1.9430,1.9540,428700,844187
2020-07-20,1.9920,2.0300,1.9560,2.0300,610703,1220410
2020-07-21,2.0200,2.0330,2.0110,2.0180,159500,321903
2020-07-22,2.0000,2.0550,2.0000,2.0210,256503,521208
2020-07-23,1.9960,2.0370,1.9810,2.0160,185000,370820
2020-07-24,2.0160,2.0160,1.9290,1.9530,190865,374275
2020-07-27,1.9570,1.9640,1.9300,1.9400,196200,380425
2020-07-28,1.9600,1.9700,1.9540,1.9640,82700,162252
2020-07-29,1.9530,2.0020,1.8660,1.9980,178100,352907
2020-07-30,2.0300,2.0300,1.9920,1.9920,62400,124681
2020-07-31,1.9920,2.0130,1.9820,1.9910,194400,388159
2020-08-03,1.9990,2.0100,1.9910,2.0080,403200,805857
2020-08-04,2.0070,2.0300,2.0060,2.0180,271600,547860
2020-08-05,2.0180,2.0180,1.9720,2.0090,140200,281110
2020-08-06,2.0270,2.0270,1.9840,2.0000,109900,219926
2020-08-07,2.0000,2.0110,1.9700,2.0010,172700,345354
2020-08-10,1.9920,2.0070,1.9780,2.0040,94000,187640
2020-08-11,2.0160,2.0350,1.9940,1.9980,542100,1099377
2020-08-12,1.9820,1.9880,1.9700,1.9880,127900,253328
2020-08-13,1.9910,1.9960,1.9710,1.9850,198900,393995
2020-08-14,1.9870,2.0170,1.9820,2.0170,140402,282155
2020-08-17,2.0190,2.0820,2.0190,2.0700,520063,1072290
2020-08-18,2.0700,2.0700,2.0540,2.0570,173000,356811
2020-08-19,2.0590,2.0640,2.0370,2.0480,295000,605769
2020-08-20,2.0300,2.0300,2.0130,2.0170,38900,78428
2020-08-21,2.0250,2.0360,2.0210,2.0340,63400,128713
2020-08-24,2.0540,2.0540,2.0410,2.0490,131900,270309
2020-08-25,2.0550,2.0600,2.0430,2.0570,72600,149427
2020-08-26,2.0630,2.0650,2.0350,2.0400,68300,139698
2020-08-27,2.0330,2.0480,2.0230,2.0410,63500,129215
2020-08-28,2.0330,2.0900,2.0330,2.0890,347100,718532
2020-08-31,2.0970,2.1190,2.0870,2.0870,287300,605246
2020-09-01,2.0870,2.0870,2.0790,2.0830,57000,118563
2020-09-02,2.0810,2.0970,2.0800,2.0890,35300,73682
2020-09-03,2.0990,2.1060,2.0740,2.0770,65800,137884
2020-09-04,2.0590,2.0590,2.0480,2.0570,32400,66541
2020-09-07,2.0470,2.0700,2.0280,2.0360,107500,220618
2020-09-08,2.0360,2.0360,2.0250,2.0360,23700,48177
2020-09-09,2.0280,2.0300,1.9680,2.0100,127000,253887
2020-09-10,2.0150,2.0370,2.0140,2.0150,28800,58113
2020-09-11,2.0150,2.0250,2.0000,2.0100,7600,15332
2020-09-14,2.0320,2.0320,2.0200,2.0290,69900,141351
2020-09-15,2.0260,2.0490,2.0260,2.0390,16500,33634
2020-09-16,2.0440,2.0440,2.0260,2.0260,10200,20711
2020-09-17,2.0190,2.0200,2.0160,2.0200,5700,11505
2020-09-18,2.0400,2.0670,2.0400,2.0670,35603,72874
2020-09-21,2.0500,2.0600,2.0480,2.0480,32900,67591
2020-09-22,2.0390,2.0480,2.0250,2.0250,47300,96453
2020-09-23,2.0190,2.0260,2.0160,2.0260,46600,94120
2020-09-24,1.9960,2.0100,1.9870,1.9870,61500,122664
2020-09-25,2.0000,2.0030,1.9910,1.9910,80000,159682
2020-09-28,2.0050,2.0110,1.9960,1.9960,40203,80536
2020-09-30,2.0080,2.0220,2.0070,2.0110,82600,166182
2020-10-09,2.0210,2.0430,2.0200,2.0410,28900,58486
2020-10-12,2.0640,2.0910,2.0460,2.0900,158700,330256
2020-10-13,2.0770,2.1030,2.0770,2.1000,78000,162475
2020-10-14,2.0880,2.1020,2.0850,2.0930,122600,256271
2020-10-15,2.1000,2.1070,2.0910,2.0940,96100,201814
2020-10-16,2.0990,2.0990,2.0840,2.0910,43300,90485
2020-10-19,2.1050,2.1340,2.0820,2.0820,46700,98884
2020-10-20,2.0850,2.1040,2.0850,2.1040,15200,31877
2020-10-21,2.0920,2.1060,2.0840,2.1030,57600,120862
2020-10-22,2.0850,2.1090,2.0850,2.1000,41800,87528
2020-10-23,2.1020,2.1130,2.0830,2.0940,46500,97433
2020-10-26,2.0940,2.1240,2.0590,2.0640,23500,48859
2020-10-27,2.0630,2.0700,2.0630,2.0700,17400,35983
2020-10-28,2.0720,2.0840,2.0700,2.0840,38500,79971
2020-10-29,2.0800,2.1000,2.0610,2.1000,118600,247551
2020-10-30,2.0990,2.0990,2.0540,2.0670,25700,53442
2020-11-02,2.0770,2.0810,2.0680,2.0800,14500,30043
2020-11-03,2.0850,2.1010,2.0850,2.1000,38802,81314
2020-11-04,2.1020,2.1200,2.1000,2.1100,96800,204175
2020-11-05,2.1300,2.1500,2.1210,2.1390,72800,155604
2020-11-06,2.1650,2.1650,2.1320,2.1400,29202,62750
2020-11-09,2.1700,2.1900,2.1620,2.1870,275200,599674
2020-11-10,2.1880,2.2020,2.1340,2.1780,108200,236502
2020-11-11,2.1850,2.1860,2.1530,2.1530,89900,195571
2020-11-12,2.1400,2.1810,2.1380,2.1710,85200,184072
2020-11-13,2.1330,2.1460,2.1210,2.1420,55300,118203
2020-11-16,2.1540,2.1570,2.1450,2.1570,46200,99353
2020-11-17,2.1570,2.1700,2.1490,2.1550,120043,258998
2020-11-18,2.1660,2.1750,2.1510,2.1700,101305,219619
2020-11-19,2.1530,2.1860,2.1400,2.1840,132105,288068
2020-11-20,2.1920,2.1920,2.1730,2.1860,16805,36629
2020-11-23,2.2000,2.2210,2.1880,2.2000,240305,531246
2020-11-24,2.2050,2.2130,2.1690,2.1980,90300,198514
2020-11-25,2.2160,2.2190,2.1750,2.1750,44200,97392
2020-11-26,2.1880,2.1880,2.1700,2.1860,38800,84556
2020-11-27,2.2040,2.2040,2.1910,2.2030,51400,113074
2020-11-30,2.2360,2.2540,2.2100,2.2100,252200,563008
2020-12-01,2.1940,2.2480,2.1940,2.2410,231300,514215
2020-12-02,2.2410,2.2540,2.2340,2.2480,107100,240167
2020-12-03,2.2380,2.2530,2.2270,2.2380,55100,123532
2020-12-04,2.2370,2.2480,2.2230,2.2480,72500,162242
2020-12-07,2.2490,2.2490,2.2210,2.2220,76800,171024
2020-12-08,2.2220,2.2340,2.2080,2.2250,61400,136431
2020-12-09,2.2250,2.2350,2.1890,2.2320,84400,186741
2020-12-10,2.1880,2.2310,2.1810,2.2180,59900,132653
2020-12-11,2.1920,2.2270,2.1500,2.2180,74800,163000
2020-12-14,2.2090,2.2090,2.1670,2.1840,66600,146128
2020-12-15,2.1830,2.2230,2.1640,2.1990,74600,163786
2020-12-16,2.2190,2.2240,2.2000,2.2010,283706,630015
2020-12-17,2.2200,2.2500,2.2010,2.2420,39200,86961
2020-12-18,2.2420,2.2800,2.2200,2.2250,41300,92728
2020-12-21,2.2300,2.2600,2.2300,2.2580,48900,109548
2020-12-22,2.2300,2.2500,2.2000,2.2000,175200,387852
2020-12-23,2.2160,2.2260,2.2020,2.2120,62600,138623
2020-12-24,2.2120,2.2270,2.2030,2.2210,33600,74292
2020-12-25,2.2030,2.2340,2.2030,2.2320,61700,137033
2020-12-28,2.2350,2.2550,2.2350,2.2410,237000,531880
2020-12-29,2.2300,2.2500,2.2300,2.2310,20700,46265
2020-12-30,2.2420,2.2600,2.2420,2.2540,115300,259707
2020-12-31,2.2520,2.3040,2.2520,2.2970,264300,604153
2021-01-04,2.2970,2.3270,2.2970,2.3190,164700,381238
2021-01-05,2.3010,2.3590,2.3010,2.3590,188502,439605
2021-01-06,2.3620,2.3980,2.3620,2.3920,284600,678039
2021-01-07,2.3940,2.4460,2.3940,2.4460,344100,831258
2021-01-08,2.4460,2.6910,2.4460,2.6910,1473200,3833365
2021-01-11,2.7030,2.8800,2.7000,2.8290,1456000,4061398
2021-01-12,2.5460,2.5460,2.5460,2.5460,616800,1570373
2021-01-13,2.4600,2.5200,2.4600,2.4930,2925800,7288435
2021-01-14,2.4840,2.4840,2.4320,2.4340,822100,2013115
2021-01-15,2.4330,2.4590,2.4100,2.4550,401000,976949
2021-01-18,2.4300,2.4650,2.4210,2.4570,484200,1185747
2021-01-19,2.4570,2.4640,2.4150,2.4260,391700,956059
2021-01-20,2.4260,2.4390,2.4130,2.4300,243000,590051
2021-01-21,2.4350,2.4680,2.4350,2.4610,464000,1139677
2021-01-22,2.4670,2.4670,2.4420,2.4540,188500,461923
2021-01-25,2.4540,2.5390,2.4500,2.5050,795800,1989217
2021-01-26,2.5380,2.5380,2.4490,2.4580,346500,855783
2021-01-27,2.4420,2.4560,2.4110,2.4560,863506,2097176
2021-01-28,2.4280,2.4280,2.3880,2.3890,268000,643732
2021-01-29,2.3890,2.4100,2.3670,2.3910,256100,613497
2021-02-01,2.3780,2.4210,2.3780,2.4200,168406,403540
2021-02-02,2.4110,2.4390,2.4070,2.4370,211300,513688
2021-02-03,2.4380,2.4520,2.4320,2.4370,226800,553575
2021-02-04,2.4370,2.4560,2.4220,2.4430,168406,411021
2021-02-05,2.4520,2.4900,2.4480,2.4720,251506,621873
2021-02-08,2.4720,2.5020,2.4690,2.4990,289100,719287
2021-02-09,2.5000,2.5460,2.4840,2.5450,252406,635613
2021-02-10,2.5450,2.6190,2.5450,2.5920,455600,1179933
2021-02-18,2.6000,2.6560,2.5790,2.6020,327000,853387
2021-02-19,2.5970,2.5970,2.5000,2.5930,261200,668981
2021-02-22,2.5900,2.5900,2.4990,2.4990,383301,966942
2021-02-23,2.4950,2.5170,2.4860,2.5090,254401,637008
2021-02-24,2.5090,2.5380,2.5010,2.5020,148500,371963
2021-02-25,2.4430,2.4990,2.4420,2.4880,87300,215306
2021-02-26,2.4430,2.4560,2.4020,2.4080,116900,282442
2021-03-01,2.4120,2.4290,2.4120,2.4290,61701,149126
2021-03-02,2.4450,2.4450,2.3700,2.3980,80400,192924
2021-03-03,2.3720,2.4440,2.3720,2.4440,144600,349867
2021-03-04,2.4370,2.4370,2.3580,2.3700,121300,287742
2021-03-05,2.3680,2.3820,2.3120,2.3810,80100,188802
2021-03-08,2.3800,2.3900,2.2800,2.3300,248135,575672
2021-03-09,2.2920,2.2920,2.2240,2.2610,223100,501730
2021-03-10,2.2640,2.2710,2.2470,2.2520,222100,500659
2021-03-11,2.2520,2.3090,2.2520,2.2970,277500,635665
2021-03-12,2.3010,2.3120,2.2860,2.3110,100700,231705
2021-03-15,2.2630,2.2940,2.2450,2.2640,70200,158720
2021-03-16,2.2870,2.2880,2.2640,2.2810,56200,128123
2021-03-17,2.2810,2.2950,2.2740,2.2930,52100,119250
2021-03-18,2.2950,2.3120,2.2950,2.3070,48000,110448
2021-03-19,2.2620,2.2840,2.2340,2.2460,93500,211083
2021-03-22,2.2600,2.2690,2.2450,2.2610,35700,80782
2021-03-23,2.2500,2.2500,2.2280,2.2390,90100,201390
2021-03-24,2.2370,2.2420,2.2070,2.2170,39100,87170
2021-03-25,2.2040,2.2230,2.2020,2.2160,40100,88712
2021-03-26,2.2180,2.2590,2.2180,2.2580,81700,183017
2021-03-29,2.2240,2.2780,2.2240,2.2600,31200,70443
2021-03-30,2.2700,2.2870,2.2650,2.2660,15300,34826
2021-03-31,2.2420,2.2610,2.2410,2.2600,20800,46756
2021-04-01,2.2790,2.2900,2.2650,2.2900,97000,220900
2021-04-02,2.2900,2.3050,2.2710,2.2940,86000,197306
2021-04-06,2.2990,2.3010,2.2860,2.2920,39100,89708
2021-04-07,2.2590,2.2680,2.2570,2.2680,13900,31456
2021-04-08,2.2750,2.2790,2.2630,2.2750,9400,21316
2021-04-09,2.2450,2.2560,2.2300,2.2340,57700,129548
2021-04-12,2.2460,2.2510,2.2020,2.2080,32700,72494
2021-04-13,2.2070,2.2300,2.2030,2.2040,29000,64262
2021-04-14,2.2090,2.2240,2.2080,2.2150,50100,110937
2021-04-15,2.2150,2.2150,2.1850,2.1980,42500,93250
2021-04-16,2.2100,2.2180,2.1950,2.2070,31100,68682
2021-04-19,2.2250,2.2540,2.2230,2.2470,70700,158578
2021-04-20,2.2530,2.2690,2.2520,2.2550,23100,52347
2021-04-21,2.2550,2.2600,2.2400,2.2600,42000,94409
2021-04-22,2.2520,2.2560,2.2500,2.2550,16900,38042
2021-04-23,2.2540,2.2840,2.2540,2.2670,73800,167581
2021-04-26,2.2780,2.2970,2.2470,2.2470,53600,122185
2021-04-27,2.2520,2.2520,2.2320,2.2520,88700,198709
2021-04-28,2.2500,2.2600,2.2460,2.2590,46100,104006
2021-04-29,2.2540,2.2910,2.2540,2.2900,118300,269664
2021-04-30,2.2750,2.2800,2.2580,2.2730,48900,110922
2021-05-06,2.2850,2.2860,2.2300,2.2470,51600,116071
2021-05-07,2.2450,2.2510,2.2250,2.2340,84335,188495
2021-05-10,2.2170,2.2640,2.2040,2.2580,62500,139211
2021-05-11,2.2010,2.2330,2.1870,2.2330,36300,80041
2021-05-12,2.2090,2.2450,2.2090,2.2450,14300,31800
2021-05-13,2.2200,2.2260,2.2030,2.2150,12600,27898
2021-05-14,2.2150,2.2610,2.2150,2.2610,56100,125830
2021-05-17,2.2650,2.2950,2.2650,2.2930,71100,162504
2021-05-18,2.2900,2.2930,2.2810,2.2890,15700,35885
2021-05-19,2.2700,2.2880,2.2670,2.2780,33400,75887
2021-05-20,2.2540,2.2950,2.2540,2.2940,23300,53246
2021-05-21,2.2980,2.2980,2.2560,2.2720,52200,119312
2021-05-24,2.2890,2.2890,2.2510,2.2600,50200,113487
2021-05-25,2.2890,2.3750,2.2880,2.3730,257000,600728
2021-05-26,2.3770,2.3990,2.3700,2.3710,243000,578251
2021-05-27,2.3760,2.3880,2.3250,2.3680,175000,414013
2021-05-28,2.3600,2.3650,2.3370,2.3520,123300,289542
2021-05-31,2.3520,2.3820,2.3010,2.3410,98100,230191
2021-06-01,2.3790,2.3790,2.3220,2.3500,109800,256489
2021-06-02,2.3500,2.3550,2.3010,2.3260,118600,277052
2021-06-03,2.3270,2.3690,2.3250,2.3410,36700,85738
2021-06-04,2.3440,2.3770,2.3130,2.3420,226100,534046
2021-06-07,2.3540,2.3540,2.3210,2.3350,52200,121236
2021-06-08,2.3350,2.3500,2.3050,2.3130,53200,123431
2021-06-09,2.3130,2.3300,2.3080,2.3120,56200,130023
2021-06-10,2.3040,2.3450,2.3020,2.3310,16100,37496
2021-06-11,2.3140,2.3190,2.3020,2.3170,58100,133968
2021-06-15,2.3020,2.3020,2.2520,2.2820,160500,362734
2021-06-16,2.2710,2.2800,2.2410,2.2410,69200,155710
2021-06-17,2.2450,2.2600,2.2440,2.2490,83500,187621
2021-06-18,2.2400,2.2830,2.2250,2.2420,51400,115261
2021-06-21,2.2400,2.2650,2.2210,2.2640,108300,243315
2021-06-22,2.2640,2.2740,2.2310,2.2710,12100,27295
2021-06-23,2.2660,2.2670,2.2340,2.2500,31200,70196
2021-06-24,2.2600,2.2670,2.2310,2.2600,50300,113150
2021-06-25,2.2470,2.2990,2.2470,2.2910,89400,203796
2021-06-28,2.2970,2.3070,2.2710,2.3000,67800,155639
2021-06-29,2.3000,2.3170,2.2670,2.2680,33400,76326
2021-06-30,2.3170,2.3200,2.2610,2.3040,108700,249225
2021-07-01,2.3010,2.3020,2.2730,2.2880,117500,267464
2021-07-02,2.2700,2.2700,2.2230,2.2270,59300,132425
2021-07-05,2.2230,2.2310,2.2100,2.2190,78600,174406
2021-07-06,2.2190,2.2370,2.2010,2.2070,68000,150264
2021-07-07,2.2100,2.2390,2.2100,2.2320,32800,73179
2021-07-08,2.2340,2.2350,2.2190,2.2210,25400,56433
2021-07-09,2.2150,2.2250,2.1910,2.2130,31300,69017
2021-07-12,2.2200,2.2300,2.2150,2.2170,35900,79645
2021-07-13,2.2000,2.2290,2.2000,2.2180,72700,161222
2021-07-14,2.2100,2.2180,2.2080,2.2140,28900,63928
2021-07-15,2.2270,2.2370,2.1940,2.2360,90000,199847
2021-07-16,2.2380,2.2570,2.2070,2.2070,100600,224667
2021-07-19,2.1950,2.2360,2.1890,2.2340,139700,308215
2021-07-20,2.2160,2.2170,2.2050,2.2160,47500,104999
2021-07-21,2.2370,2.2370,2.2000,2.2120,268200,592010
2021-07-22,2.2190,2.2210,2.2050,2.2100,32300,71330
2021-07-23,2.2000,2.2200,2.1850,2.1980,71900,157647
2021-07-26,2.1800,2.2300,2.1450,2.1660,405200,873120
2021-07-27,2.1500,2.1500,2.1010,2.1020,149900,317636
2021-07-28,2.1020,2.1650,2.0110,2.1360,136800,289065
2021-07-29,2.1320,2.1360,2.0610,2.1300,200000,418040
2021-07-30,2.0650,2.0890,2.0320,2.0630,199700,409232
2021-08-02,2.0630,2.0970,2.0090,2.0960,119300,245929
2021-08-03,2.0600,2.0970,2.0600,2.0940,78800,164431
2021-08-04,2.0940,2.1060,2.0180,2.0970,114500,237237
2021-08-05,2.0970,2.1160,2.0790,2.0910,90300,189153
2021-08-06,2.0730,2.0770,2.0680,2.0710,21900,45398
2021-08-09,2.0700,2.1160,2.0500,2.1000,55000,115317
2021-08-10,2.1010,2.1460,2.0830,2.1460,128500,272751
2021-08-11,2.1540,2.1540,2.1240,2.1240,35700,76381
2021-08-12,2.1230,2.1320,2.1070,2.1070,61200,129751
2021-08-13,2.1000,2.1100,2.0830,2.0980,28700,60175
2021-08-16,2.0990,2.1140,2.0940,2.1130,49300,103992
2021-08-17,2.1110,2.1200,2.0600,2.0630,48800,101601
2021-08-18,2.0630,2.1150,2.0130,2.0810,78206,162101
2021-08-19,2.0830,2.0890,2.0550,2.0810,45600,94570
2021-08-20,2.0400,2.0770,2.0110,2.0550,127700,260794
2021-08-23,2.0570,2.0700,2.0240,2.0650,46400,95167
2021-08-24,2.0620,2.0790,2.0430,2.0650,52900,108781
2021-08-25,2.0610,2.0660,2.0480,2.0610,46900,96480
2021-08-26,2.0660,2.0660,2.0290,2.0550,62500,127141
2021-08-27,2.0230,2.0620,2.0230,2.0600,278200,564986
2021-08-30,2.0230,2.0550,2.0180,2.0250,83202,168153
2021-08-31,2.0250,2.0250,2.0050,2.0110,47600,95652
2021-09-01,2.0360,2.0680,2.0030,2.0680,183500,377107
2021-09-02,2.0680,2.1080,2.0280,2.0520,182000,375917
2021-09-03,2.0530,2.0720,2.0300,2.0590,93600,192385
2021-09-06,2.0470,2.0920,2.0470,2.0880,174700,363923
2021-09-07,2.0830,2.1060,2.0690,2.1060,178300,373145
2021-09-08,2.1080,2.1100,2.0870,2.0950,70100,146931
2021-09-09,2.0760,2.0970,2.0500,2.0870,18600,38716
2021-09-10,2.0790,2.1360,2.0790,2.1350,212300,446712
2021-09-13,2.1370,2.1450,2.1090,2.1200,128900,272632
2021-09-14,2.1400,2.1400,2.0830,2.0830,88500,185908
2021-09-15,2.0430,2.0810,2.0430,2.0510,36400,75010
2021-09-16,2.0430,2.0750,2.0390,2.0750,94200,193378
2021-09-17,2.0460,2.0690,2.0460,2.0540,60000,123188
2021-09-22,2.0310,2.0660,2.0300,2.0360,82900,168520
2021-09-23,2.0530,2.0530,2.0320,2.0370,46200,94540
2021-09-24,2.0330,2.0630,2.0330,2.0510,34700,71253
2021-09-27,2.0410,2.0960,2.0410,2.0830,119000,247185
2021-09-28,2.0660,2.0940,2.0660,2.0940,123500,258198
2021-09-29,2.0610,2.1080,2.0610,2.0740,148500,308835
2021-09-30,2.0960,2.1030,2.0840,2.1020,152100,319192
2021-10-08,2.1170,2.1440,2.1170,2.1330,86000,182849
2021-10-11,2.1440,2.2200,2.1340,2.1340,251300,540715
2021-10-12,2.1340,2.1420,2.1190,2.1370,125300,266677
2021-10-13,2.1370,2.1600,2.1190,2.1600,145200,310696
2021-10-14,2.1370,2.1560,2.1350,2.1350,69900,149591
2021-10-15,2.1160,2.1680,2.1160,2.1500,90400,193571
2021-10-18,2.1500,2.1850,2.0990,2.1520,74700,159152
2021-10-19,2.0950,2.1660,2.0950,2.1300,69700,148327
2021-10-20,2.1310,2.1310,2.1120,2.1250,81600,172585
2021-10-21,2.1250,2.1310,2.1170,2.1260,73200,155446
2021-10-22,2.1230,2.1580,2.1230,2.1460,133600,287158
2021-10-25,2.1560,2.1560,2.1130,2.1430,32500,69485
2021-10-26,2.1550,2.1550,2.1260,2.1390,67700,144654
2021-10-27,2.1310,2.1310,2.1030,2.1050,69100,145863
2021-10-28,2.1080,2.1370,2.0980,2.1350,159200,338854
2021-10-29,2.1300,2.1600,2.1020,2.1450,102300,216949
2021-11-01,2.1380,2.1380,2.1030,2.1150,122700,259507
2021-11-02,2.1150,2.1150,2.0570,2.1040,125700,263596
2021-11-03,2.0910,2.0950,2.0710,2.0810,69600,144966
2021-11-04,2.0810,2.0990,2.0800,2.0950,100400,209331
2021-11-05,2.0880,2.0970,2.0820,2.0850,52100,108883
2021-11-08,2.0740,2.0860,2.0740,2.0810,14600,30324
2021-11-09,2.0460,2.0920,2.0460,2.0770,2200,4577
2021-11-10,2.0580,2.0700,2.0400,2.0630,83800,171841
2021-11-11,2.0700,2.0930,2.0700,2.0890,81600,169825
2021-11-12,2.0660,2.0990,2.0660,2.0930,45900,95971
2021-11-15,2.0900,2.0980,2.0800,2.0900,34900,72944
2021-11-16,2.0990,2.1080,2.0310,2.0920,155500,325883
2021-11-17,2.0880,2.1000,2.0880,2.1000,103200,216427
2021-11-18,2.1050,2.1050,2.0810,2.0970,76600,159883
2021-11-19,2.0720,2.1000,2.0720,2.1000,12600,26435
2021-11-22,2.1000,2.1000,2.0880,2.0990,92700,193886
2021-11-23,2.0930,2.0950,2.0880,2.0880,86500,180775
2021-11-24,2.0870,2.1120,2.0850,2.0960,52100,109441
2021-11-25,2.0970,2.0970,2.0820,2.0950,97600,203549
2021-11-26,2.0830,2.0830,2.0740,2.0740,36700,76188
2021-11-29,2.0510,2.1040,2.0300,2.0840,76800,157129
2021-11-30,2.0790,2.0860,2.0560,2.0650,44800,92507
2021-12-01,2.0530,2.0960,2.0530,2.0880,24900,51309
2021-12-02,2.0640,2.0920,2.0640,2.0760,25000,51919
2021-12-03,2.0760,2.0840,2.0760,2.0800,14100,29297
2021-12-06,2.0800,2.1060,2.0800,2.0940,71800,150601
2021-12-07,2.1060,2.1060,2.0930,2.0940,105100,220808
2021-12-08,2.1080,2.1450,2.1070,2.1280,117000,248208
2021-12-09,2.1300,2.1860,2.1300,2.1770,163800,354404
2021-12-10,2.1600,2.1660,2.1480,2.1610,35300,76119
2021-12-13,2.1920,2.2040,2.1620,2.1680,103100,224977
2021-12-14,2.1500,2.1710,2.1500,2.1650,49200,106289
2021-12-15,2.1400,2.1610,2.1400,2.1410,54000,115737
2021-12-16,2.1490,2.1500,2.1400,2.1480,36700,78697
2021-12-17,2.1480,2.1480,2.1280,2.1390,84300,180079
2021-12-20,2.1380,2.1390,2.1120,2.1370,28920,61487
2021-12-21,2.1340,2.1340,2.1110,2.1300,67600,143703
2021-12-22,2.1690,2.1690,2.1190,2.1240,21100,45019
2021-12-23,2.1330,2.1440,2.1180,2.1280,20620,43866
2021-12-24,2.1240,2.1340,2.1190,2.1340,34920,74286
2021-12-27,2.1120,2.1580,2.1120,2.1220,24000,51295
2021-12-28,2.1230,2.1350,2.1220,2.1350,9900,21111
2021-12-29,2.0600,2.1530,2.0600,2.1110,53000,112171
2021-12-30,2.1110,2.1190,2.1090,2.1120,13720,28997
2021-12-31,2.1250,2.1350,2.1160,2.1250,1012600,2152736
2022-01-04,2.1250,2.1250,2.1020,2.1150,50200,105797
2022-01-05,2.1070,2.1200,2.1030,2.1030,20800,43962
2022-01-06,2.1020,2.1320,2.0630,2.1240,145306,306919
2022-01-07,2.1000,2.1290,2.1000,2.1270,14200,30021
2022-01-10,2.1020,2.1400,2.1020,2.1290,15600,32825
2022-01-11,2.0880,2.1480,2.0830,2.1300,35900,75532
2022-01-12,2.0760,2.1260,2.0760,2.1250,29200,61169
2022-01-13,2.0860,2.1120,2.0860,2.1120,21200,44330
2022-01-14,2.0820,2.1170,2.0820,2.1010,17000,35495
2022-01-17,2.0480,2.1200,2.0480,2.1160,14700,30457
2022-01-18,2.0730,2.1090,2.0730,2.1090,62400,129716
2022-01-19,2.0950,2.0960,2.0760,2.0790,36500,75939
2022-01-20,2.0850,2.1140,2.0850,2.0880,97700,204283
2022-01-21,2.0770,2.0920,2.0760,2.0840,48000,99939
2022-01-24,2.0610,2.0770,2.0610,2.0760,61300,126811
2022-01-25,2.0620,2.0700,2.0350,2.0380,37900,77698
2022-01-26,2.0490,2.0740,2.0410,2.0570,24300,49736
2022-01-27,2.0420,2.0570,2.0280,2.0290,20600,42163
2022-01-28,2.0200,2.0950,2.0200,2.0230,94700,193431
2022-02-07,2.0230,2.0840,2.0230,2.0540,44000,90162
2022-02-08,2.0300,2.0470,2.0110,2.0230,36800,74891
2022-02-09,2.0680,2.0680,2.0210,2.0550,9700,19855
2022-02-10,2.0700,2.0700,2.0240,2.0580,15800,32422
2022-02-11,2.0650,2.0650,2.0320,2.0320,11000,22561
2022-02-14,2.0600,2.0600,2.0050,2.0510,53400,109194
2022-02-15,2.0510,2.0600,2.0510,2.0600,57300,117763
2022-02-16,2.0800,2.1080,2.0270,2.0690,24000,49640
2022-02-17,2.0430,2.0640,2.0410,2.0630,25800,52809
2022-02-18,2.0280,2.0600,2.0280,2.0600,27200,55828
2022-02-21,2.0600,2.0600,2.0360,2.0400,15100,30917
2022-02-22,2.0850,2.0850,2.0300,2.0650,28400,58405
2022-02-23,2.0800,2.0800,2.0320,2.0400,22100,45491
2022-02-24,2.0400,2.0730,2.0110,2.0200,34200,69645
2022-02-25,2.0390,2.0390,2.0150,2.0370,25900,52494
2022-02-28,2.0370,2.0390,2.0200,2.0390,22600,45669
2022-03-01,2.0050,2.0280,2.0020,2.0260,1129506,2262941
2022-03-02,2.0000,2.0080,1.9810,2.0080,72000,143519
2022-03-03,2.0000,2.0060,1.9740,2.0050,48200,95423
2022-03-04,1.9960,1.9960,1.9510,1.9850,55800,109315
2022-03-07,1.9470,1.9850,1.8740,1.9750,294800,572545
2022-03-08,1.9660,1.9660,1.8700,1.8990,184000,349050
2022-03-09,1.9400,1.9400,1.7800,1.8830,128900,237460
2022-03-10,1.8950,1.8950,1.8260,1.8780,41100,76868
2022-03-11,1.8300,1.8760,1.8200,1.8750,113800,209114
2022-03-14,1.8180,1.8560,1.8160,1.8530,169800,310475
2022-03-15,1.7600,1.8440,1.7300,1.7570,519700,910460
2022-03-16,1.7570,1.8040,1.7070,1.8040,213400,370966
2022-03-17,1.8100,1.8480,1.8000,1.8030,185300,337455
2022-03-18,1.8230,1.8420,1.7920,1.8420,68900,126089
2022-03-21,1.8300,1.8530,1.8280,1.8430,230300,425262
2022-03-22,1.8430,1.8540,1.8360,1.8380,174300,320705
2022-03-23,1.8470,1.8580,1.8400,1.8560,134600,249012
2022-03-24,1.8420,1.8520,1.8310,1.8350,12700,23358
2022-03-25,1.8400,1.8580,1.8080,1.8100,19700,35888
2022-03-28,1.8080,1.8080,1.7750,1.7960,128900,230961
2022-03-29,1.8020,1.8070,1.7880,1.7880,91100,164437
2022-03-30,1.8080,1.8480,1.8080,1.8460,65200,120119
2022-03-31,1.8300,1.8600,1.8300,1.8370,115800,212411
2022-04-01,1.8300,1.8670,1.8300,1.8630,170600,317083
2022-04-06,1.8980,1.8980,1.8470,1.8550,93700,173738
2022-04-07,1.8540,1.8540,1.8330,1.8380,66400,122124
2022-04-08,1.8340,1.8500,1.8340,1.8470,5500,10145
2022-04-11,1.8100,1.8140,1.7900,1.7900,92400,166219
2022-04-12,1.7990,1.8280,1.7990,1.8200,49600,90302
2022-04-13,1.8200,1.8380,1.8200,1.8260,17100,31397
2022-04-14,1.8380,1.8550,1.8320,1.8480,104900,193256
2022-04-15,1.8290,1.8510,1.8290,1.8450,34000,62649
2022-04-18,1.8480,1.8480,1.8110,1.8300,149500,272127
2022-04-19,1.8150,1.8150,1.8020,1.8060,34400,62138
2022-04-20,1.8020,1.8020,1.7800,1.7850,40000,71522
2022-04-21,1.7890,1.7890,1.7510,1.7510,93400,164602
2022-04-22,1.7980,1.7980,1.7460,1.7730,51100,90206
2022-04-25,1.7880,1.7880,1.6980,1.7010,75300,129452
2022-04-26,1.7010,1.7200,1.6880,1.6880,94000,160180
2022-04-27,1.7000,1.7660,1.6910,1.7320,62600,107166
2022-04-28,1.7660,1.7660,1.7000,1.7420,140200,243792
2022-04-29,1.7390,1.7860,1.7360,1.7820,98500,174561
2022-05-05,1.7820,1.7830,1.7660,1.7720,44500,79040
2022-05-06,1.7410,1.7410,1.7280,1.7300,26800,46501
2022-05-09,1.7240,1.7240,1.6990,1.7030,169400,290483
2022-05-10,1.6820,1.7280,1.6820,1.7220,45800,78087
2022-05-11,1.6880,1.7720,1.6880,1.7510,71800,126049
2022-05-12,1.7380,1.7490,1.7380,1.7390,62200,108349
2022-05-13,1.7460,1.7510,1.7380,1.7510,71000,124113
2022-05-16,1.7520,1.7590,1.7330,1.7390,82800,144074
2022-05-17,1.7290,1.7610,1.7050,1.7600,30800,53773
2022-05-18,1.7500,1.7600,1.7440,1.7600,7800,13647
2022-05-19,1.7320,1.7460,1.7320,1.7430,35100,61072
2022-05-20,1.7700,1.7910,1.7690,1.7890,88500,157550
2022-05-23,1.7800,1.7800,1.7630,1.7690,47500,84172
2022-05-24,1.7550,1.7550,1.7300,1.7300,25300,43959
2022-05-25,1.7370,1.7390,1.7300,1.7350,16700,29029
2022-05-26,1.7380,1.7500,1.7240,1.7440,44200,76995
2022-05-27,1.7610,1.7730,1.7520,1.7530,147700,259955
2022-05-30,1.7640,1.7870,1.7390,1.7640,126300,223196
2022-05-31,1.7640,1.7970,1.7640,1.7950,239300,428293
2022-06-01,1.7900,1.7930,1.7830,1.7910,150500,269456
2022-06-02,1.7840,1.7850,1.7660,1.7830,111100,198101
2022-06-06,1.7600,1.8190,1.7600,1.8190,172600,310403
2022-06-07,1.8200,1.8660,1.8200,1.8280,98700,180305
2022-06-08,1.8280,1.8470,1.8210,1.8440,146000,267363
2022-06-09,1.8210,1.8490,1.8210,1.8240,96300,176908
2022-06-10,1.8180,1.8650,1.8180,1.8340,125900,230020
2022-06-13,1.8340,1.8370,1.8190,1.8190,84900,155500
2022-06-14,1.8190,1.8190,1.7890,1.8130,108600,196713
2022-06-15,1.8640,1.8830,1.8360,1.8580,374300,696957
2022-06-16,1.8580,1.8660,1.8430,1.8490,107300,198956
2022-06-17,1.8300,1.8800,1.8300,1.8790,67000,125086
2022-06-20,1.8830,1.8980,1.8730,1.8880,58500,110538
2022-06-21,1.8770,1.9360,1.8760,1.8870,77800,146515
2022-06-22,1.8820,1.8820,1.8580,1.8590,35300,66086
2022-06-23,1.8700,1.8920,1.8580,1.8920,171400,320921
2022-06-24,1.8920,1.9200,1.8920,1.9160,202700,385872
2022-06-27,1.9360,1.9550,1.9300,1.9350,66700,129250
2022-06-28,1.9260,1.9600,1.9170,1.9560,154601,300021
2022-06-29,1.9560,1.9580,1.9240,1.9240,90400,175798
2022-06-30,1.9230,1.9710,1.9230,1.9580,105200,205961
2022-07-01,1.9110,1.9580,1.9110,1.9490,57100,111420
2022-07-04,1.9320,1.9590,1.9320,1.9590,50700,98767
2022-07-05,1.9770,1.9770,1.9410,1.9580,23700,46294
2022-07-06,1.9580,1.9590,1.9160,1.9300,21300,41223
2022-07-07,1.9340,1.9470,1.9340,1.9440,81000,157454
2022-07-08,1.9510,1.9510,1.9340,1.9370,152800,296185
2022-07-11,1.9160,1.9160,1.8900,1.9010,85100,161421
2022-07-12,1.9000,1.9000,1.8830,1.8870,59800,112801
2022-07-13,1.8840,1.8970,1.8820,1.8910,33900,63989
2022-07-14,1.8930,1.9080,1.8930,1.8950,47200,89759
2022-07-15,1.8910,1.9060,1.8670,1.8670,25000,47105
2022-07-18,1.8630,1.8880,1.8500,1.8840,30000,56123
2022-07-19,1.8770,1.9270,1.8600,1.9270,53200,99412
2022-07-20,1.9180,1.9180,1.8740,1.8810,298800,561529
2022-07-21,1.8470,1.8830,1.8470,1.8610,111500,208390
2022-07-22,1.8540,1.8760,1.8470,1.8600,55100,102914
2022-07-25,1.8520,1.8630,1.8450,1.8520,44000,81386
2022-07-26,1.8550,1.8650,1.8550,1.8600,22900,42598
2022-07-27,1.8540,1.8540,1.8460,1.8470,46700,86372
2022-07-28,1.8540,1.8720,1.8500,1.8540,74500,138369
2022-07-29,1.8510,1.8590,1.7800,1.8230,38700,71063
2022-08-01,1.8250,1.8380,1.8180,1.8340,40800,74742
2022-08-02,1.8030,1.8110,1.7870,1.8040,106200,191216
2022-08-03,1.8040,1.8040,1.7770,1.7770,112100,201328
2022-08-04,1.7920,1.7980,1.7920,1.7960,15300,27453
2022-08-05,1.8060,1.8260,1.8040,1.8260,58600,106281
2022-08-08,1.8100,1.8180,1.8100,1.8180,400,725
2022-08-09,1.8160,1.8260,1.8160,1.8250,4500,8212
2022-08-10,1.8070,1.8090,1.8000,1.8050,44000,79363
2022-08-11,1.8120,1.8410,1.8100,1.8410,59700,108606
2022-08-12,1.8340,1.8410,1.8340,1.8400,26835,49310
2022-08-15,1.8490,1.8580,1.8420,1.8420,36400,67277
2022-08-16,1.8570,1.8570,1.8400,1.8400,119300,219903
2022-08-17,1.8390,1.8570,1.8290,1.8570,172400,318338
2022-08-18,1.8410,1.8410,1.8380,1.8400,22400,41230
2022-08-19,1.8340,1.8340,1.8270,1.8270,52500,96113
2022-08-22,1.8420,1.8980,1.8410,1.8980,600,1111
2022-08-23,1.8980,1.8980,1.8290,1.8370,354000,650042
2022-08-24,1.8420,1.8420,1.8000,1.8010,210600,384999
2022-08-25,1.8550,1.8550,1.7860,1.8110,124300,222786
2022-08-26,1.8180,1.8180,1.8070,1.8070,39200,71138
2022-08-29,1.7940,1.7980,1.7890,1.7980,12000,21554
2022-08-30,1.7960,1.8120,1.7840,1.8120,86000,153932
2022-08-31,1.7880,1.8090,1.7790,1.7870,34900,62467
2022-09-01,1.7900,1.8080,1.7840,1.8080,26600,47636
2022-09-02,1.8080,1.8080,1.7650,1.8020,260400,461727
2022-09-05,1.7650,1.7700,1.7540,1.7700,113500,200088
2022-09-06,1.7650,1.7800,1.7650,1.7800,40700,72198
2022-09-07,1.7720,1.7880,1.7720,1.7810,63100,112605
2022-09-08,1.7810,1.7850,1.7730,1.7730,17900,31875
2022-09-09,1.7840,1.8000,1.7840,1.7980,225400,404871
2022-09-13,1.8060,1.8070,1.8020,1.8050,137200,247458
2022-09-14,1.7850,1.7900,1.7780,1.7840,105200,187831
2022-09-15,1.7870,1.7870,1.7550,1.7610,133200,236893
2022-09-16,1.7450,1.7460,1.7290,1.7300,138400,239964
2022-09-19,1.7310,1.7370,1.7210,1.7260,209100,361132
2022-09-20,1.7350,1.7350,1.7290,1.7290,47900,83027
2022-09-21,1.7120,1.7840,1.7050,1.7100,37900,64805
2022-09-22,1.7070,1.7070,1.6880,1.6980,73700,125080
2022-09-23,1.6990,1.7020,1.6810,1.6890,48300,81832
2022-09-26,1.6890,1.7050,1.6830,1.6830,44500,75423
2022-09-27,1.6840,1.7070,1.6830,1.7070,4300,7276
2022-09-28,1.7070,1.7070,1.6730,1.6750,67600,113460
2022-09-29,1.6910,1.6920,1.6800,1.6800,29000,49056
2022-09-30,1.6830,1.6830,1.6690,1.6690,38800,64971
2022-10-10,1.6610,1.6610,1.6260,1.6290,73000,119871
2022-10-11,1.6370,1.6420,1.6300,1.6360,36900,60377
2022-10-12,1.6300,1.6620,1.6110,1.6620,130800,214215
2022-10-13,1.6520,1.6700,1.6460,1.6470,172500,285473
2022-10-14,1.6610,1.7000,1.6610,1.6930,360526,606903
2022-10-17,1.7000,1.7000,1.6770,1.6900,205500,346590
2022-10-18,1.6930,1.6970,1.6840,1.6840,56300,94951
2022-10-19,1.6800,1.6800,1.6600,1.6600,84700,141840
2022-10-20,1.6400,1.6660,1.6380,1.6500,224400,369004
2022-10-21,1.6110,1.6500,1.6100,1.6400,206600,339322
2022-10-24,1.6360,1.6360,1.5820,1.5900,198800,317604
2022-10-25,1.5760,1.6400,1.5750,1.5930,70100,111543
2022-10-26,1.5940,1.6200,1.5920,1.5970,107100,171480
2022-10-27,1.6010,1.6090,1.5920,1.5920,43200,69004
2022-10-28,1.5820,1.5820,1.5450,1.5460,401000,625961
2022-10-31,1.6370,1.6400,1.5330,1.6350,441200,702397
2022-11-01,1.5550,1.6230,1.5550,1.6230,225000,358992
2022-11-02,1.6180,1.6220,1.5860,1.6080,1448100,2321013
2022-11-03,1.6080,1.6080,1.5860,1.5880,100400,160136
2022-11-04,1.5900,1.6520,1.5900,1.6460,432300,705761
2022-11-07,1.6440,1.6560,1.5970,1.6500,28900,47546
2022-11-08,1.6400,1.6400,1.6280,1.6300,47900,78405
2022-11-09,1.6300,1.6380,1.6220,1.6220,53800,87642
2022-11-10,1.6030,1.6080,1.5960,1.6060,90300,144610
2022-11-11,1.6530,1.6690,1.6020,1.6520,137100,224697
2022-11-14,1.6660,1.6780,1.6560,1.6560,150100,250792
2022-11-15,1.6500,1.6920,1.6500,1.6880,21200,35448
2022-11-16,1.6880,1.6920,1.6780,1.6780,190800,320859
2022-11-17,1.6640,1.6680,1.6500,1.6590,118000,195860
2022-11-18,1.6640,1.6780,1.6640,1.6660,114000,190477
2022-11-21,1.6660,1.6660,1.6320,1.6480,12700,20782
2022-11-22,1.6420,1.6600,1.6400,1.6400,39500,65215
2022-11-23,1.6460,1.6460,1.6400,1.6400,7700,12640
2022-11-24,1.6600,1.6600,1.6400,1.6400,33000,54470
2022-11-25,1.6400,1.6500,1.6350,1.6500,30600,50426
2022-11-28,1.6000,1.6280,1.6000,1.6280,69700,112199
2022-11-29,1.6500,1.6840,1.6400,1.6740,180300,299748
2022-11-30,1.6730,1.6830,1.6700,1.6740,60000,100718
2022-12-01,1.7100,1.7160,1.6980,1.6980,272700,466055
2022-12-02,1.6980,1.6980,1.6840,1.6920,42400,71593
2022-12-05,1.7400,1.7400,1.7020,1.7160,474800,815008
2022-12-06,1.7160,1.7590,1.6780,1.7280,103600,178275
2022-12-07,1.7250,1.7320,1.7180,1.7180,120200,208099
2022-12-08,1.7180,1.7260,1.7160,1.7160,59500,102519
2022-12-09,1.7160,1.7650,1.7050,1.7340,44300,77157
2022-12-12,1.7320,1.7380,1.7120,1.7260,146300,253195
2022-12-13,1.7260,1.7260,1.7140,1.7160,106200,182328
2022-12-14,1.7200,1.7280,1.7060,1.7280,63000,108361
2022-12-15,1.7300,1.7300,1.7060,1.7200,18400,31574
2022-12-16,1.7100,1.7490,1.7100,1.7180,41400,70912
2022-12-19,1.7220,1.7240,1.6920,1.6940,77500,131466
2022-12-20,1.6900,1.7830,1.6660,1.6720,70700,118491
2022-12-21,1.6720,1.6820,1.6680,1.6680,139600,233975
2022-12-22,1.6940,1.6940,1.6740,1.6740,62200,105179
2022-12-23,1.6640,1.6820,1.6270,1.6640,33802,56542
2022-12-26,1.6640,1.6840,1.6270,1.6820,27200,45453
2022-12-27,1.6880,1.6980,1.6270,1.6940,102200,173057
2022-12-28,1.6900,1.6900,1.6900,1.6900,1800,3042
2022-12-29,1.7290,1.7290,1.6800,1.6820,12500,21080
2022-12-30,1.6800,1.6900,1.6800,1.6870,12100,20431
2023-01-03,1.6890,1.6960,1.6800,1.6960,29800,50249
2023-01-04,1.6960,1.6980,1.6310,1.6880,23500,39642
2023-01-05,1.7000,1.7380,1.7000,1.7380,274000,473860
2023-01-06,1.7360,1.7600,1.7360,1.7380,109900,191178
2023-01-09,1.7520,1.7580,1.7500,1.7580,101100,177492
2023-01-10,1.7510,1.7750,1.7510,1.7600,158800,278979
2023-01-11,1.7580,1.7720,1.7580,1.7590,99400,175451
2023-01-12,1.7640,1.7650,1.7560,1.7570,82500,145268
2023-01-13,1.7620,1.7840,1.7620,1.7800,69400,122920
2023-01-16,1.7840,1.8500,1.7840,1.8080,136500,247007
2023-01-17,1.8160,1.8160,1.8000,1.8000,148700,268686
2023-01-18,1.8060,1.8160,1.8020,1.8100,14450,26151
2023-01-19,1.8100,1.8200,1.7970,1.8160,92300,167586
2023-01-20,1.8220,1.8360,1.8220,1.8320,177800,325558
2023-01-30,1.8680,1.8740,1.8370,1.8400,338900,628554
2023-01-31,1.8400,1.8420,1.8180,1.8220,118100,216545
2023-02-01,1.8250,1.8400,1.8200,1.8400,105900,194376
2023-02-02,1.8350,1.8500,1.8320,1.8380,66600,122193
2023-02-03,1.8420,1.8420,1.7990,1.8120,183900,332710
2023-02-06,1.7840,1.8000,1.7780,1.7840,109500,195298
2023-02-07,1.8040,1.8040,1.7890,1.7890,77600,139163
2023-02-08,1.7800,1.7980,1.7800,1.7890,37400,67113
2023-02-09,1.7800,1.8080,1.7800,1.8080,121900,218231
2023-02-10,1.7970,1.8020,1.7880,1.7960,7800,14018
2023-02-13,1.8020,1.8120,1.8020,1.8120,23100,41717
2023-02-14,1.8080,1.8080,1.7960,1.8000,21900,39348
2023-02-15,1.8020,1.8020,1.7940,1.7940,21900,39308
2023-02-16,1.8080,1.8220,1.7740,1.7920,97600,176362
2023-02-17,1.7920,1.7920,1.7610,1.7620,87200,155543
2023-02-20,1.7640,1.8070,1.7620,1.8060,159600,284342
2023-02-21,1.8060,1.8140,1.8000,1.8080,54500,98613
2023-02-22,1.7980,1.8020,1.7900,1.7920,96500,173286
2023-02-23,1.8020,1.8020,1.7840,1.7860,31500,56332
2023-02-24,1.7870,1.7870,1.7680,1.7720,39300,69634
2023-02-27,1.7660,1.7690,1.7580,1.7620,120200,212187
2023-02-28,1.7720,1.7720,1.7560,1.7700,6100,10724
2023-03-01,1.7860,1.8040,1.7820,1.8000,120800,217210
2023-03-02,1.7980,1.8020,1.7900,1.7900,161800,290576
2023-03-03,1.8000,1.8020,1.7900,1.8020,42800,76962
2023-03-06,1.8020,1.8020,1.7780,1.7860,69700,124696
2023-03-07,1.7860,1.7900,1.7430,1.7580,150900,268359
2023-03-08,1.7560,1.7580,1.7480,1.7560,139600,244782
2023-03-09,1.7520,1.7620,1.7520,1.7560,44000,77290
2023-03-10,1.7400,1.7420,1.7300,1.7300,215500,374776
2023-03-13,1.7400,1.7520,1.7380,1.7520,101900,177503
2023-03-14,1.7290,1.7890,1.7150,1.7800,80600,139921
2023-03-15,1.7600,1.7600,1.7410,1.7440,194100,339941
2023-03-16,1.7410,1.7410,1.7180,1.7180,85600,147725
2023-03-17,1.7180,1.7480,1.7180,1.7260,228000,394788
2023-03-20,1.7280,1.7320,1.7160,1.7160,62200,107290
2023-03-21,1.7300,1.7380,1.7220,1.7380,64800,112069
2023-03-22,1.7520,1.7520,1.7400,1.7480,16600,29040
2023-03-23,1.7520,1.7560,1.7270,1.7550,125000,219240
2023-03-24,1.7520,1.7520,1.7460,1.7520,97100,169775
2023-03-27,1.7400,1.7480,1.7380,1.7480,13200,22977
2023-03-28,1.7400,1.7420,1.7360,1.7360,19000,33062
2023-03-29,1.7420,1.7460,1.7390,1.7400,84300,146832
2023-03-30,1.7350,1.7520,1.7350,1.7520,4400,7690
2023-03-31,1.7600,1.7620,1.7580,1.7600,64900,114256
2023-04-03,1.7640,1.7760,1.7600,1.7740,152700,270494
2023-04-04,1.7710,1.7720,1.7650,1.7720,42500,75141
2023-04-06,1.8280,1.8280,1.7620,1.7700,68700,122133
2023-04-07,1.7820,1.7920,1.7600,1.7880,109900,196753
2023-04-10,1.7900,1.7920,1.7860,1.7860,15800,28289
2023-04-11,1.7860,1.7860,1.7760,1.7780,15000,26732
2023-04-12,1.7800,1.7860,1.7800,1.7840,38400,68449
2023-04-13,1.7700,1.7780,1.7670,1.7670,15100,26742
2023-04-14,1.7760,1.7860,1.7760,1.7840,15500,27555
2023-04-17,1.7860,1.8020,1.7860,1.8020,14000,25132
2023-04-18,1.8060,1.8110,1.8000,1.8060,111000,200483
2023-04-19,1.7960,1.8020,1.7900,1.7900,2400,4308
2023-04-20,1.8120,1.8120,1.7780,1.7800,57500,102790
2023-04-21,1.7800,1.7800,1.7480,1.7480,254400,448569
2023-04-24,1.7440,1.7440,1.7220,1.7220,217300,377630
2023-04-25,1.7230,1.7230,1.7050,1.7140,33800,57923
2023-04-26,1.7140,1.7260,1.7120,1.7240,43700,74909
2023-04-27,1.7180,1.7380,1.7180,1.7320,65500,113174
2023-04-28,1.7460,1.7500,1.7420,1.7500,80900,141283
2023-05-04,1.7500,1.7500,1.7340,1.7400,4500,7832
2023-05-05,1.7360,1.7360,1.7220,1.7300,116400,200589
2023-05-08,1.7380,1.7460,1.7380,1.7430,122700,213828
2023-05-09,1.7470,1.7500,1.7300,1.7300,35400,61867
2023-05-10,1.7300,1.7300,1.7200,1.7220,38300,66079
2023-05-11,1.7280,1.7280,1.7240,1.7240,13600,23476
2023-05-12,1.7150,1.7150,1.7010,1.7020,68500,116789
2023-05-15,1.7020,1.7260,1.7020,1.7260,34600,59174
2023-05-16,1.7210,1.7240,1.7170,1.7170,21600,37165
2023-05-17,1.7170,1.7170,1.7060,1.7060,18200,31116
2023-05-18,1.7140,1.7140,1.7080,1.7080,2000,3421
2023-05-19,1.7000,1.7120,1.7000,1.7040,11200,19046
2023-05-22,1.7040,1.7180,1.7040,1.7160,16300,27929
2023-05-23,1.7100,1.7120,1.6900,1.6900,14200,24178
2023-05-24,1.6900,1.6900,1.6720,1.6720,17200,28896
2023-05-25,1.6670,1.6670,1.6530,1.6640,51000,84507
2023-05-26,1.6500,1.6600,1.6460,1.6600,12300,20327
2023-05-29,1.6580,1.6580,1.6440,1.6440,15700,25879
2023-05-30,1.6520,1.6520,1.6300,1.6470,105000,171940
2023-05-31,1.6450,1.6450,1.6290,1.6340,17700,28911
2023-06-01,1.6480,1.6560,1.6460,1.6480,91800,151640
2023-06-02,1.6540,1.6740,1.6540,1.6740,33400,55691
2023-06-05,1.6740,1.6740,1.6560,1.6560,215100,357307
2023-06-06,1.6600,1.6600,1.6480,1.6480,8800,14592
2023-06-07,1.6480,1.6480,1.6380,1.6380,104600,171473
2023-06-08,1.6420,1.6540,1.6420,1.6540,420500,694898
2023-06-09,1.6540,1.6600,1.6520,1.6580,89900,148903
2023-06-12,1.6540,1.6710,1.6540,1.6700,47900,79478
2023-06-13,1.6660,1.6760,1.6630,1.6760,19200,31998
2023-06-14,1.7100,1.7100,1.6740,1.6780,212000,356185
2023-06-15,1.6820,1.7040,1.6820,1.7020,100900,171522
2023-06-16,1.7160,1.7320,1.7140,1.7320,148800,255916
2023-06-19,1.7320,1.7320,1.7080,1.7100,85900,146913
2023-06-20,1.7140,1.7160,1.7060,1.7120,747200,1277980
2023-06-21,1.7060,1.7060,1.6780,1.6780,138700,234132
2023-06-26,1.6640,1.6660,1.6580,1.6600,14800,24629
2023-06-27,1.6620,1.7110,1.6620,1.7110,64000,107655
2023-06-28,1.6730,1.6760,1.6620,1.6740,106400,177414
2023-06-29,1.6740,1.6740,1.6660,1.6720,32800,54755
2023-06-30,1.6680,1.6820,1.6680,1.6820,47100,79072
2023-07-03,1.6820,1.6920,1.6820,1.6910,85700,144402
2023-07-04,1.6940,1.6980,1.6900,1.6960,353000,597606
2023-07-05,1.6960,1.6960,1.6820,1.6880,149900,253398
2023-07-06,1.6840,1.6880,1.6720,1.6720,22700,38059
2023-07-07,1.6660,1.6700,1.6620,1.6660,148800,248041
2023-07-10,1.6720,1.6860,1.6720,1.6780,61100,102614
2023-07-11,1.6780,1.6880,1.6780,1.6840,29800,50175
2023-07-12,1.6860,1.6880,1.6820,1.6840,32100,54030
2023-07-13,1.6940,1.7040,1.6940,1.7010,191400,325223
2023-07-14,1.7040,1.7080,1.7040,1.7040,88100,150124
2023-07-17,1.6940,1.6940,1.6860,1.6880,12000,20251
2023-07-18,1.6820,1.6920,1.6810,1.6850,20400,34344
2023-07-19,1.6900,1.6900,1.6800,1.6860,15600,26264
2023-07-20,1.6900,1.6980,1.6720,1.6740,111100,187466
2023-07-21,1.6710,1.6860,1.6680,1.6780,63900,106798
2023-07-24,1.6700,1.6700,1.6600,1.6620,16600,27570
2023-07-25,1.6590,1.7180,1.6590,1.7180,140500,239198
2023-07-26,1.7100,1.7100,1.7050,1.7080,51900,88584
2023-07-27,1.7140,1.7200,1.7100,1.7120,65900,113197
2023-07-28,1.7100,1.7480,1.7100,1.7480,79800,138756
2023-07-31,1.7590,1.7760,1.7480,1.7500,54200,95594
2023-08-01,1.7520,1.7560,1.7420,1.7420,22900,40123
2023-08-02,1.7430,1.7430,1.7400,1.7400,1500,2613
2023-08-03,1.7360,1.7520,1.7320,1.7520,18300,31826
2023-08-04,1.7520,1.7720,1.7520,1.7540,91100,160465
2023-08-07,1.7460,1.7460,1.7400,1.7420,13600,23725
2023-08-08,1.7360,1.7360,1.7360,1.7360,200,347
2023-08-09,1.7360,1.7380,1.7300,1.7300,15600,27041
2023-08-10,1.7300,1.7360,1.7280,1.7360,12600,21829
2023-08-11,1.7290,1.7290,1.7000,1.7000,36900,63207
2023-08-14,1.6960,1.6960,1.6700,1.6880,73800,124035
2023-08-15,1.6810,1.6850,1.6680,1.6800,205900,346281
2023-08-16,1.6740,1.6770,1.6630,1.6630,144200,240153
2023-08-17,1.6600,1.6750,1.6570,1.6750,62500,104172
2023-08-18,1.6710,1.6710,1.6500,1.6500,51800,86126
2023-08-21,1.6500,1.6530,1.6350,1.6350,200600,329845
2023-08-22,1.6460,1.6500,1.6200,1.6460,233400,380762
2023-08-23,1.6380,1.6380,1.6140,1.6140,69800,113487
2023-08-24,1.6230,1.6410,1.6220,1.6330,190700,312196
2023-08-25,1.6210,1.6250,1.6160,1.6230,86300,139946
2023-08-28,1.6770,1.7300,1.6480,1.6530,453600,765049
2023-08-29,1.6540,1.6900,1.6540,1.6710,66100,109994
2023-08-30,1.6710,1.6830,1.6670,1.6730,407500,681884
2023-08-31,1.6690,1.6760,1.6610,1.6630,54100,90040
2023-09-01,1.6630,1.6800,1.6630,1.6720,16000,26771
2023-09-04,1.7260,1.7260,1.6810,1.6980,66600,112836
2023-09-05,1.6970,1.6970,1.6820,1.6820,30200,50958
2023-09-06,1.6820,1.6820,1.6740,1.6800,16500,27716
2023-09-07,1.6630,1.6630,1.6540,1.6550,8300,13762
2023-09-08,1.6730,1.6730,1.6400,1.6430,15200,25003
2023-09-11,1.6440,1.7300,1.6440,1.6650,17300,28696
2023-09-12,1.6400,1.7420,1.6400,1.6530,13700,23182
2023-09-13,1.6380,1.6420,1.6340,1.6390,14800,24242
2023-09-14,1.6480,1.6480,1.6360,1.6380,66300,109080
2023-09-15,1.6370,1.6370,1.6240,1.6240,94500,154126
2023-09-18,1.6460,1.6460,1.6370,1.6400,37400,61264
2023-09-19,1.6300,1.6380,1.6300,1.6320,13200,21544
2023-09-20,1.6320,1.6320,1.6280,1.6290,42900,70008
2023-09-21,1.6180,1.6200,1.6130,1.6140,176200,284549
2023-09-22,1.6140,1.6550,1.6140,1.6530,63300,103674
2023-09-25,1.6390,1.6390,1.6300,1.6300,4500,7370
2023-09-26,1.6440,1.6440,1.6280,1.6280,8800,14395
2023-09-27,1.6260,1.6300,1.6250,1.6300,91200,148435
2023-09-28,1.6200,1.6220,1.6180,1.6180,35400,57344
2023-10-09,1.6050,1.6180,1.5980,1.6180,80200,129088
2023-10-10,1.6170,1.6180,1.6090,1.6090,20800,33619
2023-10-11,1.6190,1.6190,1.6120,1.6120,5800,9384
2023-10-12,1.6220,1.6290,1.6220,1.6270,32300,52525
2023-10-13,1.6210,1.6210,1.6030,1.6070,40600,65319
2023-10-16,1.6060,1.6060,1.5890,1.5900,61600,98229
2023-10-17,1.5930,1.5970,1.5910,1.5910,12700,20209
2023-10-18,1.5800,1.5880,1.5780,1.5820,249200,393949
2023-10-19,1.5660,1.5690,1.5320,1.5500,79300,123252
2023-10-20,1.5480,1.5480,1.5330,1.5360,88500,135918
2023-10-23,1.5290,1.5350,1.5130,1.5130,44500,68004
2023-10-24,1.5210,1.5300,1.5180,1.5220,37900,57691
2023-10-25,1.5290,1.5510,1.5290,1.5380,111400,171875
2023-10-26,1.5240,1.5360,1.5200,1.5360,49500,75413
2023-10-27,1.5320,1.5670,1.5320,1.5620,94400,146135
2023-10-30,1.5500,1.5770,1.5500,1.5760,154000,241994
2023-10-31,1.5630,1.5680,1.5570,1.5660,87600,136715
2023-11-01,1.5660,1.5700,1.5650,1.5660,59800,93646
2023-11-02,1.5770,1.5800,1.5590,1.5590,74400,116458
2023-11-03,1.5590,1.5770,1.5590,1.5770,65400,103008
2023-11-06,1.5780,1.6010,1.5780,1.6000,233300,371762
2023-11-07,1.5900,1.5930,1.5450,1.5900,193900,308020
2023-11-08,1.5950,1.5950,1.5800,1.5870,39900,63425
2023-11-09,1.5880,1.5880,1.5810,1.5820,3400,5383
2023-11-10,1.5680,1.5980,1.5680,1.5740,114800,180465
2023-11-13,1.5680,1.6030,1.5630,1.5680,57700,90283
2023-11-14,1.5770,1.5770,1.5610,1.5640,153000,239135
2023-11-15,1.5820,1.6000,1.5750,1.5750,241100,380083
2023-11-16,1.5650,1.5650,1.5250,1.5620,88200,137859
2023-11-17,1.5340,1.5990,1.5340,1.5570,154000,240982
2023-11-20,1.5540,1.5820,1.5470,1.5820,225100,350464
2023-11-21,1.6290,1.6290,1.5600,1.5740,165800,260887
2023-11-22,1.5640,1.5640,1.5460,1.5460,167300,259664
2023-11-23,1.5320,1.5640,1.5320,1.5540,160700,248322
2023-11-24,1.5470,1.5510,1.5390,1.5410,124200,191719
2023-11-27,1.5410,1.5410,1.5210,1.5290,203000,309429
2023-11-28,1.5440,1.5600,1.5290,1.5300,135100,206923
2023-11-29,1.5240,1.5250,1.5190,1.5200,24400,37168
2023-11-30,1.5280,1.5300,1.5250,1.5250,14800,22585
2023-12-01,1.5200,1.5450,1.5090,1.5450,130100,197221
2023-12-04,1.5450,1.5740,1.5150,1.5600,98200,151223
2023-12-05,1.5600,1.5600,1.5100,1.5480,55300,84903
2023-12-06,1.5480,1.5490,1.4950,1.5230,98200,150795
2023-12-07,1.5350,1.5480,1.5340,1.5340,80200,123534
2023-12-08,1.5010,1.5320,1.4870,1.5100,1945700,2903653
2023-12-11,1.5050,1.5050,1.4590,1.4930,822300,1210518
2023-12-12,1.5030,1.5030,1.4600,1.4900,0,0
2023-12-13,1.4860,1.4860,1.4660,1.4660,51300,75784
2023-12-14,1.4600,1.4810,1.4600,1.4780,160000,235445
2023-12-15,1.4800,1.4800,1.4560,1.4590,103000,150663
2023-12-18,1.4600,1.4650,1.4480,1.4500,0,0
2023-12-19,1.4500,1.4740,1.4480,1.4480,36200,52552
2023-12-20,1.4520,1.4520,1.4430,1.4430,143200,207500
2023-12-21,1.4400,1.4650,1.4400,1.4630,188600,274748
2023-12-22,1.4610,1.4750,1.4550,1.4720,158300,232379
2023-12-25,1.4710,1.4710,1.4600,1.4680,153400,224651
2023-12-26,1.4610,1.4610,1.4520,1.4520,14900,21654
2023-12-27,1.4580,1.4680,1.4570,1.4650,95500,140005
2023-12-28,1.4700,1.5080,1.4700,1.5030,325800,488509
2023-12-29,1.5330,1.5330,1.4970,1.5070,116200,174675
2024-01-02,1.4990,1.4990,1.4790,1.4790,72400,107549
2024-01-03,1.4730,1.4730,1.4640,1.4720,102600,150498
2024-01-04,1.4700,1.4990,1.4540,1.4620,38200,55810
2024-01-05,1.4650,1.4720,1.4510,1.4540,116200,170037
2024-01-08,1.4400,1.4440,1.4350,1.4360,100200,144239
2024-01-09,1.4410,1.4460,1.4380,1.4430,315400,455181
2024-01-10,1.4370,1.4510,1.4220,1.4360,46100,66200
2024-01-11,1.4370,1.4530,1.4310,1.4460,77200,111938
2024-01-12,1.4460,1.4500,1.4410,1.4410,11500,16634
2024-01-15,1.4400,1.4460,1.4310,1.4340,59700,85911
2024-01-16,1.4410,1.4490,1.4360,1.4490,76800,110893
2024-01-17,1.4410,1.4410,1.4150,1.4150,167400,238589
2024-01-18,1.4060,1.4410,1.3930,1.4410,479100,672815
2024-01-19,1.4410,1.4410,1.4010,1.4360,295900,424589
2024-01-22,1.4310,1.4420,1.4040,1.4200,92300,131921
2024-01-23,1.4130,1.4300,1.3950,1.4240,119300,168820
2024-01-24,1.4240,1.4420,1.4080,1.4420,211100,299135
2024-01-25,1.4370,1.4680,1.4370,1.4660,427200,622469
2024-01-26,1.4570,1.4620,1.4530,1.4590,76700,111726
2024-01-29,1.4600,1.4600,1.4140,1.4420,264300,382835
2024-01-30,1.4340,1.4340,1.4120,1.4120,101100,143728
2024-01-31,1.4170,1.4170,1.3980,1.4060,192600,270615
2024-02-01,1.4050,1.4230,1.3980,1.4130,175100,247232
2024-02-02,1.3990,1.4170,1.3630,1.3960,343100,477960
2024-02-05,1.3990,1.4200,1.3650,1.4070,312600,436205
2024-02-06,1.4280,1.5000,1.4080,1.4630,909700,1334010
2024-02-07,1.4650,1.4710,1.4480,1.4710,238500,348467
2024-02-08,1.4980,1.4980,1.4650,1.4800,935500,1379535
2024-02-19,1.4930,1.4930,1.4800,1.4930,406600,603664
2024-02-20,1.4850,1.4880,1.4800,1.4880,339400,504119
2024-02-21,1.4620,1.5270,1.4620,1.5080,595600,902257
2024-02-22,1.4800,1.5170,1.4800,1.5170,86200,130279
2024-02-23,1.5170,1.5180,1.5070,1.5110,350400,529733
2024-02-26,1.5050,1.5140,1.4960,1.4960,182100,274034
2024-02-27,1.4880,1.5170,1.4880,1.5170,354400,534179
2024-02-28,1.5140,1.5300,1.4980,1.4980,583400,883443
2024-02-29,1.5000,1.5280,1.5000,1.5280,351500,532238
2024-03-01,1.5220,1.5350,1.5220,1.5350,422100,646206
2024-03-04,1.5300,1.5390,1.5300,1.5380,360400,552936
2024-03-05,1.5380,1.5480,1.5380,1.5480,270600,417806
2024-03-06,1.5400,1.5400,1.5330,1.5360,383800,589183
2024-03-07,1.5470,1.5470,1.5290,1.5290,133700,206262
2024-03-08,1.5240,1.5390,1.5240,1.5390,322200,493705
2024-03-11,1.5350,1.5550,1.5350,1.5550,375603,582082
2024-03-12,1.5590,1.5660,1.5570,1.5660,315000,491956
2024-03-13,1.5550,1.5620,1.5480,1.5520,25400,39417
2024-03-14,1.5600,1.5600,1.5390,1.5390,122000,189634
2024-03-15,1.5410,1.5510,1.5320,1.5510,55200,85006
2024-03-18,1.5470,1.5580,1.5470,1.5580,150000,233474
2024-03-19,1.5490,1.5660,1.5490,1.5500,59700,92619
2024-03-20,1.5450,1.5590,1.5450,1.5590,61900,95994
2024-03-21,1.5530,1.5660,1.5490,1.5550,148300,230357
2024-03-22,1.5450,1.5450,1.5280,1.5370,95500,146407
2024-03-25,1.5340,1.5450,1.5340,1.5340,7405,11375
2024-03-26,1.5420,1.5420,1.5330,1.5400,77500,118927
2024-03-27,1.5320,1.5330,1.5240,1.5240,211500,322940
2024-03-28,1.5340,1.5420,1.5340,1.5350,22400,34419
2024-03-29,1.5350,1.5400,1.5330,1.5400,44000,67475
2024-04-01,1.5600,1.5720,1.5600,1.5710,90500,141998
2024-04-02,1.5710,1.5710,1.5550,1.5600,123200,192337
2024-04-03,1.5600,1.5640,1.5570,1.5590,182000,283623
2024-04-08,1.5480,1.5600,1.5480,1.5540,232800,361178
2024-04-09,1.5440,1.5440,1.5410,1.5410,175300,270331
2024-04-10,1.5350,1.5400,1.5300,1.5300,320000,491704
2024-04-11,1.5300,1.5360,1.5300,1.5320,70300,107751
2024-04-12,1.5360,1.5360,1.5200,1.5200,181200,277529
2024-04-15,1.5310,1.5570,1.5280,1.5490,148000,229078
2024-04-16,1.5460,1.5530,1.5330,1.5370,381800,588696
2024-04-17,1.5470,1.5600,1.5440,1.5600,53300,82499
2024-04-18,1.5550,1.5720,1.5530,1.5610,18800,29458
2024-04-19,1.5500,1.5500,1.5400,1.5470,406900,628965
2024-04-22,1.5570,1.5570,1.5440,1.5470,25500,39600
2024-04-23,1.5350,1.5350,1.5320,1.5340,264000,404892
2024-04-24,1.5340,1.5340,1.5340,1.5340,11400,17488
2024-04-25,1.5430,1.5430,1.5400,1.5400,26600,41035
2024-04-26,1.5500,1.5700,1.5500,1.5660,76400,119534
2024-04-29,1.5660,1.5940,1.5650,1.5830,92000,145727
2024-04-30,1.5790,1.5850,1.5750,1.5750,90500,143333
2024-05-06,1.5960,1.6070,1.5960,1.6050,178900,286313
2024-05-07,1.6050,1.6050,1.5960,1.5980,146800,234715
2024-05-08,1.5930,1.5930,1.5890,1.5890,18000,28635
2024-05-09,1.5920,1.6030,1.5920,1.5980,173000,276547
2024-05-10,1.5960,1.6010,1.5930,1.6010,81400,129857
2024-05-13,1.5900,1.6040,1.5900,1.5980,35800,57254
2024-05-14,1.6020,1.6020,1.5890,1.5940,73900,117718
2024-05-15,1.5910,1.6050,1.5870,1.5870,59100,93971
2024-05-16,1.5900,1.5910,1.5840,1.5910,65500,104009
2024-05-17,1.5860,1.6030,1.5840,1.6010,77000,122699
2024-05-20,1.6090,1.6120,1.6070,1.6070,28900,46452
2024-05-21,1.6000,1.6000,1.5950,1.5950,33400,53429
2024-05-22,1.6030,1.6040,1.6000,1.6010,63300,101419
2024-05-23,1.5940,1.5940,1.5810,1.5860,195200,309735
2024-05-24,1.5770,1.5770,1.5700,1.5700,24900,39152
2024-05-27,1.5850,1.5870,1.5740,1.5780,306800,483941
2024-05-28,1.5800,1.5800,1.5750,1.5750,17300,27320
2024-05-29,1.5760,1.5860,1.5760,1.5770,3600,5681
2024-05-30,1.5760,1.5760,1.5760,1.5760,100200,157915
2024-05-31,1.5760,1.5760,1.5500,1.5670,181600,284649
2024-06-03,1.5660,1.5690,1.5620,1.5620,25822,40442
2024-06-04,1.5620,1.5920,1.5620,1.5920,223500,353074
2024-06-05,1.5780,1.5910,1.5660,1.5660,190300,300951
2024-06-06,1.5780,1.6250,1.5750,1.6060,369222,588432
2024-06-07,1.6270,1.6270,1.5660,1.6010,311300,496800
2024-06-11,1.5650,1.6000,1.5430,1.5760,200100,314446
2024-06-12,1.5490,1.5720,1.5400,1.5660,234500,364863
2024-06-13,1.5570,1.5590,1.5500,1.5550,172400,268135
2024-06-14,1.5450,1.5630,1.5450,1.5450,1600,2476
2024-06-17,1.5500,1.5740,1.5400,1.5660,111300,172783
2024-06-18,1.5580,1.5910,1.5480,1.5740,120400,188534
2024-06-19,1.5530,1.5690,1.5470,1.5680,185622,288770
2024-06-20,1.5650,1.5650,1.5310,1.5470,208200,320238
2024-06-21,1.5250,1.5400,1.5250,1.5390,281900,431871
2024-06-24,1.5410,1.5410,1.5280,1.5300,21400,32818
2024-06-25,1.5380,1.5380,1.5150,1.5200,30500,46480
2024-06-26,1.5150,1.5380,1.5150,1.5380,36700,56308
2024-06-27,1.5280,1.5280,1.5180,1.5180,10500,16041
2024-06-28,1.5320,1.5350,1.5220,1.5220,22000,33662
2024-07-01,1.5170,1.5340,1.5160,1.5340,43200,65651
2024-07-02,1.5330,1.5330,1.4920,1.4970,12800,19497
2024-07-03,1.5400,1.5400,1.5170,1.5250,240900,367038
2024-07-04,1.5310,1.5310,1.5220,1.5220,24200,36955
2024-07-05,1.5120,1.5210,1.5030,1.5130,67700,102700
2024-07-08,1.5080,1.5130,1.5020,1.5020,21500,32380
2024-07-09,1.5010,1.5260,1.5010,1.5150,52500,79108
2024-07-10,1.5150,1.5290,1.5150,1.5220,85600,130779
2024-07-11,1.5220,1.5420,1.5220,1.5410,388300,595946
2024-07-12,1.5420,1.5430,1.5320,1.5400,325200,500440
2024-07-15,1.5330,1.5430,1.5330,1.5360,14300,21978
2024-07-16,1.5370,1.5620,1.5370,1.5620,65700,101522
2024-07-17,1.5440,1.5570,1.5440,1.5570,18300,28266
2024-07-18,1.5380,1.5700,1.5380,1.5640,19200,29823
2024-07-19,1.5350,1.5700,1.5350,1.5690,12300,19265
2024-07-22,1.5690,1.5700,1.5490,1.5670,154300,240431
2024-07-23,1.5490,1.5490,1.5250,1.5320,142800,218884
2024-07-24,1.5260,1.5260,1.5080,1.5130,58100,88072
2024-07-25,1.5060,1.5170,1.5000,1.5130,264800,401057
2024-07-26,1.5180,1.5180,1.5080,1.5180,39800,60359
2024-07-29,1.5150,1.5170,1.5080,1.5080,8422,12742
2024-07-30,1.5060,1.5060,1.4950,1.4980,121500,181937
2024-07-31,1.5010,1.5360,1.5010,1.5300,138400,210915
2024-08-01,1.5290,1.5290,1.5100,1.5200,9900,15057
2024-08-02,1.5110,1.5130,1.5020,1.5050,105100,158848
2024-08-05,1.5000,1.5140,1.4900,1.4990,72500,108650
2024-08-06,1.4900,1.4910,1.4840,1.4890,60100,89374
2024-08-07,1.4890,1.4890,1.4870,1.4880,24800,36911
2024-08-08,1.4870,1.5010,1.4850,1.4850,16800,24983
2024-08-09,1.4860,1.4860,1.4830,1.4830,3100,4598
2024-08-12,1.4840,1.4840,1.4750,1.4750,2700,4002
2024-08-13,1.4800,1.4950,1.4750,1.4950,41200,60958
2024-08-14,1.4520,1.4930,1.4520,1.4700,22600,33183
2024-08-15,1.5220,1.5220,1.4770,1.4950,38400,57106
2024-08-16,1.5110,1.5110,1.4790,1.4790,6400,9506
2024-08-19,1.4860,1.5120,1.4860,1.4910,31500,47119
2024-08-20,1.4900,1.4900,1.4780,1.4880,89500,132963
2024-08-21,1.4880,1.4900,1.4880,1.4890,5100,7592
2024-08-22,1.4890,1.4890,1.4740,1.4880,101100,149825
2024-08-23,1.4750,1.4810,1.4750,1.4810,1700,2514
2024-08-26,1.4800,1.4880,1.4800,1.4880,800,1186
2024-08-27,1.4730,1.4980,1.4730,1.4860,12600,18728
2024-08-28,1.4700,1.4760,1.4700,1.4760,53100,78357
2024-08-29,1.4740,1.4750,1.4520,1.4610,111800,163230
2024-08-30,1.4700,1.5020,1.4700,1.4990,59700,88929
2024-09-02,1.4810,1.4810,1.4620,1.4620,45900,67673
2024-09-03,1.4580,1.4810,1.4580,1.4770,25200,37220
2024-09-04,1.4620,1.4780,1.4620,1.4630,16100,23655
2024-09-05,1.4680,1.4680,1.4680,1.4680,8300,12184
2024-09-06,1.4730,1.4750,1.4480,1.4480,104700,152284
2024-09-09,1.4410,1.4420,1.4380,1.4400,34800,50147
2024-09-10,1.4600,1.4820,1.4270,1.4390,106200,154266
2024-09-11,1.4380,1.4440,1.4230,1.4420,58600,84337
2024-09-12,1.4400,1.4440,1.4250,1.4430,123200,177645
2024-09-13,1.4380,1.4380,1.4260,1.4260,1600,2286
2024-09-18,1.4710,1.4710,1.4290,1.4290,39100,56160
2024-09-19,1.4470,1.4500,1.4270,1.4500,38200,55007
2024-09-20,1.4590,1.4590,1.4280,1.4400,112700,161980
2024-09-23,1.4460,1.4550,1.4400,1.4530,54400,78771
2024-09-24,1.4580,1.5020,1.4480,1.5010,326500,486782
2024-09-25,1.5020,1.5670,1.5020,1.5370,647000,999829
2024-09-26,1.5370,1.5890,1.5200,1.5800,383222,594459
2024-09-27,1.5860,1.6550,1.5860,1.6550,616022,1004436
2024-09-30,1.8120,1.8200,1.6150,1.8190,1604200,2837312
2024-10-08,2.0000,2.0010,1.8730,1.9500,1394700,2747741
2024-10-09,1.9150,1.9150,1.7570,1.7770,622400,1129614
2024-10-10,1.7770,1.9550,1.6900,1.9550,1995529,3838061
2024-10-11,2.1440,2.1510,2.0000,2.1510,2326000,4998055
2024-10-14,2.1510,2.3660,1.9360,2.3660,3940429,8823647
2024-10-15,2.1290,2.3670,2.1290,2.2900,9403040,20698544
2024-10-16,2.0610,2.0610,2.0610,2.0610,5018300,10342716
2024-10-17,1.8550,1.8550,1.8550,1.8550,2173500,4031843
2024-10-18,1.6900,2.0000,1.6900,1.7990,46992729,82230012
2024-10-21,1.7700,1.7880,1.7190,1.7600,22158140,39041373
2024-10-22,1.7500,1.7770,1.7460,1.7740,13993040,24726989
2024-10-23,1.7790,1.8010,1.7660,1.7850,17421800,31076273
2024-10-24,1.7750,1.7820,1.7550,1.7630,5949429,10497677
2024-10-25,1.7630,1.7950,1.7570,1.7820,11736100,20858338
2024-10-28,1.7790,1.7800,1.7590,1.7790,6717300,11894093
2024-10-29,1.7740,1.7900,1.7560,1.7590,6154800,10884916
2024-10-30,1.7500,1.7600,1.7310,1.7450,2837500,4955378
2024-10-31,1.7450,1.7550,1.7250,1.7410,7736240,13466175
2024-11-01,1.7280,1.7610,1.7280,1.7410,3960500,6925027
2024-11-04,1.7400,1.7680,1.7400,1.7650,4159900,7306181
2024-11-05,1.7650,1.8150,1.7550,1.8150,6660700,11955634
2024-11-06,1.8150,1.8250,1.7840,1.7950,2785900,5031594
2024-11-07,1.7920,1.8470,1.7830,1.8470,4678600,8499164
2024-11-08,1.8580,1.8820,1.8200,1.8250,3952000,7262767
2024-11-11,1.8230,1.8410,1.8030,1.8410,2923900,5336594
2024-11-12,1.8310,1.8600,1.8040,1.8150,5931100,10900750
2024-11-13,1.8150,1.8350,1.8070,1.8320,1670000,3042079
2024-11-14,1.8320,1.8320,1.7940,1.7970,4849600,8768562
2024-11-15,1.7970,1.8000,1.7660,1.7670,2060100,3669702
2024-11-18,1.7670,1.7910,1.7400,1.7550,1656800,2930212
2024-11-19,1.7550,1.7700,1.7320,1.7680,750300,1314070
2024-11-20,1.7610,1.7770,1.7570,1.7710,511800,904642
2024-11-21,1.7630,1.7750,1.7580,1.7670,673700,1189746
2024-11-22,1.7710,1.7710,1.7120,1.7120,930000,1620258
2024-11-25,1.7120,1.7280,1.6900,1.7030,800200,1368669
2024-11-26,1.7030,1.7120,1.6990,1.7000,470400,801333
2024-11-27,1.7100,1.7290,1.6870,1.7290,1053300,1805746
2024-11-28,1.7290,1.7290,1.7080,1.7200,492500,846743
2024-11-29,1.7190,1.7500,1.7110,1.7380,998600,1728625
2024-12-02,1.7210,1.7460,1.7210,1.7430,908200,1579866
2024-12-03,1.7430,1.7430,1.7260,1.7410,908300,1575117
2024-12-04,1.7450,1.7500,1.7270,1.7290,546200,948810
2024-12-05,1.7320,1.7360,1.7250,1.7290,338800,586202
2024-12-06,1.7360,1.7620,1.7310,1.7550,760200,1328909
2024-12-09,1.7550,1.7620,1.7450,1.7530,813600,1426276
2024-12-10,1.9150,1.9150,1.7650,1.7670,1589600,2870224
2024-12-11,1.7800,1.7800,1.7570,1.7600,941600,1661784
2024-12-12,1.7670,1.7780,1.7570,1.7780,5279700,9362033
2024-12-13,1.7720,1.7720,1.7250,1.7290,1722600,2996292
2024-12-16,1.7290,1.7360,1.7180,1.7190,1068300,1844229
2024-12-17,1.7190,1.7470,1.7190,1.7320,1964700,3411091
2024-12-18,1.7320,1.7510,1.7320,1.7460,807200,1409060
2024-12-19,1.7400,1.7520,1.7210,1.7490,801500,1395827
2024-12-20,1.7470,1.7530,1.7400,1.7440,688800,1201245
2024-12-23,1.7440,1.7600,1.7440,1.7470,471500,827964
2024-12-24,1.7460,1.7720,1.7460,1.7690,1714800,3019086
2024-12-25,1.7720,1.7800,1.7660,1.7710,538500,955232
2024-12-26,1.7650,1.7720,1.7650,1.7720,476300,842157
2024-12-27,1.7710,1.7780,1.7630,1.7700,604100,1068818
2024-12-30,1.7700,1.7800,1.7700,1.7760,498600,885468
2024-12-31,1.7730,1.7750,1.7510,1.7520,445400,785756
2025-01-02,1.7440,1.7440,1.6940,1.7010,489500,841502
2025-01-03,1.7070,1.7200,1.6820,1.6850,759600,1288842
2025-01-06,1.6820,1.7190,1.6720,1.6810,641300,1079288
2025-01-07,1.6810,1.6950,1.6770,1.6950,476900,803728
2025-01-08,1.6870,1.7000,1.6700,1.6900,335100,565100
2025-01-09,1.6900,1.6950,1.6860,1.6940,782900,1324746
2025-01-10,1.6860,1.6890,1.6730,1.6730,84700,142575
2025-01-13,1.6540,1.7000,1.6540,1.6670,309000,516258
2025-01-14,1.6700,1.7090,1.6680,1.7040,542700,916196
2025-01-15,1.7050,1.7050,1.6930,1.6930,255300,434131
2025-01-16,1.7000,1.7190,1.6870,1.6940,232300,395613
2025-01-17,1.6860,1.7050,1.6830,1.6990,244000,413474
2025-01-20,1.7050,1.7200,1.7050,1.7090,300100,514611
2025-01-21,1.7130,1.7150,1.7060,1.7110,184400,315723
2025-01-22,1.7050,1.7060,1.6870,1.6910,184600,312130
2025-01-23,1.6920,1.7250,1.6920,1.6950,250200,426709
2025-01-24,1.6950,1.7130,1.6950,1.7070,216100,368809
2025-01-27,1.7240,1.7250,1.7000,1.7030,108900,186034
2025-02-05,1.7020,1.7020,1.6920,1.6960,116200,197123
2025-02-06,1.6970,1.7160,1.6930,1.7150,396300,677238
2025-02-07,1.7170,1.7490,1.7160,1.7360,698300,1208577
2025-02-10,1.7350,1.7460,1.7350,1.7440,292200,508379
2025-02-11,1.7450,1.7460,1.7320,1.7330,478500,830929
2025-02-12,1.7320,1.7560,1.7320,1.7550,307600,536948
2025-02-13,1.7550,1.7630,1.7500,1.7500,453900,798169
2025-02-14,1.7550,1.7690,1.7510,1.7680,489500,862973
2025-02-17,1.7680,1.7740,1.7600,1.7660,340200,601568
2025-02-18,1.7640,1.7780,1.7510,1.7530,388300,685819
2025-02-19,1.7590,1.7700,1.7580,1.7660,216000,380853
2025-02-20,1.7610,1.7660,1.7560,1.7630,285700,503435
2025-02-21,1.7700,1.7890,1.7660,1.7880,339500,604566
2025-02-24,1.7860,1.8000,1.7780,1.7830,384500,686407
2025-02-25,1.7730,1.7820,1.7640,1.7640,168800,299062
2025-02-26,1.7600,1.7830,1.7600,1.7810,234800,417505
2025-02-27,1.7620,1.8000,1.7500,1.7860,151900,270208
2025-02-28,1.7880,1.7880,1.7510,1.7550,199900,354773
2025-03-03,1.7550,1.7710,1.7470,1.7520,143700,253479
2025-03-04,1.7370,1.7500,1.7360,1.7480,122800,213766
2025-03-05,1.7520,1.7550,1.7480,1.7520,100100,175257
2025-03-06,1.7660,1.7830,1.7650,1.7800,332640,590895
2025-03-07,1.7700,1.7860,1.7700,1.7750,196900,350071
2025-03-10,1.7790,1.7790,1.7630,1.7690,93300,165270
2025-03-11,1.7600,1.7700,1.7580,1.7700,351500,618680
2025-03-12,1.7750,1.7770,1.7650,1.7670,841600,1489260
2025-03-13,1.7700,1.7720,1.7540,1.7590,237600,418801
2025-03-14,1.7650,1.8050,1.7630,1.8020,2704500,4859124
2025-03-17,1.8010,1.8100,1.7960,1.7980,507700,915767
2025-03-18,1.8030,1.8100,1.8010,1.8070,155710,281459
2025-03-19,1.8080,1.8170,1.8010,1.8120,291200,526979
2025-03-20,1.8050,1.8060,1.7920,1.7940,450600,811139
2025-03-21,1.7950,1.7950,1.7600,1.7630,395200,698579
2025-03-24,1.7620,1.7750,1.7620,1.7740,158800,280776
2025-03-25,1.7690,1.7780,1.7690,1.7710,67100,119066
2025-03-26,1.7710,1.7720,1.7620,1.7640,33100,58450
2025-03-27,1.7620,1.7800,1.7600,1.7720,69900,123683
2025-03-28,1.7670,1.7670,1.7600,1.7650,36800,64848
2025-03-31,1.7600,1.7700,1.7470,1.7500,67200,117782
2025-04-01,1.7510,1.7550,1.7480,1.7510,79700,139376
2025-04-02,1.7170,1.7850,1.7170,1.7460,74400,130095
2025-04-03,1.7320,1.7420,1.7280,1.7340,78900,136922
2025-04-07,1.7000,1.7020,1.6070,1.6100,2466200,4027182
2025-04-08,1.6100,1.7340,1.6100,1.6460,625300,1020826
2025-04-09,1.6200,1.6590,1.6190,1.6530,1340900,2211640
2025-04-10,1.6600,1.6890,1.6600,1.6800,659200,1111663
2025-04-11,1.6700,1.6950,1.6700,1.6930,89800,151293
2025-04-14,1.6900,1.7000,1.6900,1.6900,123100,208684
2025-04-15,1.6850,1.6890,1.6830,1.6850,29400,49568
2025-04-16,1.6840,1.6950,1.6740,1.6950,540400,908176
2025-04-17,1.6930,1.6970,1.6920,1.6920,584900,991786
2025-04-18,1.6920,1.7000,1.6860,1.7000,152500,257768
2025-04-21,1.6970,1.7020,1.6780,1.7020,299700,508893
2025-04-22,1.7030,1.7080,1.7020,1.7040,147800,251802
2025-04-23,1.7080,1.7120,1.7020,1.7040,231800,395454
2025-04-24,1.7070,1.7140,1.7000,1.7050,264500,452189
2025-04-25,1.7100,1.7120,1.7040,1.7070,116400,198892
2025-04-28,1.7000,1.7070,1.7000,1.7000,46000,78375
2025-04-29,1.7010,1.7040,1.6990,1.7040,27700,47113
2025-04-30,1.7000,1.7050,1.7000,1.7000,40400,68734
2025-05-06,1.7080,1.7170,1.7080,1.7170,33600,57561
2025-05-07,1.7190,1.7350,1.7190,1.7250,88500,152957
2025-05-08,1.7230,1.7450,1.7230,1.7380,87500,151747
2025-05-09,1.7350,1.7410,1.7340,1.7410,39200,68071
2025-05-12,1.7450,1.7560,1.7430,1.7560,69400,121660
2025-05-13,1.7600,1.7600,1.7530,1.7600,148600,261412
2025-05-14,1.7590,1.7820,1.7560,1.7740,137000,242514
2025-05-15,1.7700,1.7700,1.7630,1.7640,75000,132586
2025-05-16,1.7600,1.7600,1.7500,1.7560,33600,58980
2025-05-19,1.7500,1.7550,1.7470,1.7550,20400,35673
2025-05-20,1.7600,1.7650,1.7600,1.7640,109300,192899
2025-05-21,1.7710,1.7770,1.7680,1.7710,214200,379834
2025-05-22,1.7660,1.7720,1.7660,1.7680,25600,45315
2025-05-23,1.7700,1.7760,1.7580,1.7580,52900,93655
2025-05-26,1.7500,1.7500,1.7390,1.7420,48500,84533
2025-05-27,1.7430,1.7430,1.7300,1.7330,25300,43951
2025-05-28,1.7350,1.7350,1.7280,1.7310,158800,275096
2025-05-29,1.7330,1.7450,1.7330,1.7380,202300,350974
2025-05-30,1.7360,1.7360,1.7230,1.7340,467400,809068
2025-06-03,1.7350,1.7360,1.7300,1.7310,19200,33256
2025-06-04,1.7380,1.7400,1.7350,1.7350,40600,70541
2025-06-05,1.7340,1.7400,1.7340,1.7400,342900,595522
2025-06-06,1.7460,1.7460,1.7410,1.7420,262600,458012
2025-06-09,1.7430,1.7470,1.7390,1.7420,91700,160138
2025-06-10,1.7430,1.7440,1.7290,1.7290,50500,87683
2025-06-11,1.7450,1.7510,1.7450,1.7470,135300,236661
2025-06-12,1.7400,1.7470,1.7400,1.7450,101700,177439
2025-06-13,1.7440,1.7460,1.7300,1.7360,56600,98470
2025-06-16,1.7080,1.7390,1.7000,1.7370,39600,68406
2025-06-17,1.7300,1.7400,1.7300,1.7370,13000,22586
2025-06-18,1.7400,1.7400,1.7300,1.7380,17400,30179
2025-06-19,1.7300,1.7340,1.7220,1.7220,21000,36249
2025-06-20,1.7300,1.7310,1.7260,1.7280,42700,73741
2025-06-23,1.7250,1.7380,1.7230,1.7350,354600,612072
2025-06-24,1.7300,1.7550,1.7300,1.7490,1433900,2508022
2025-06-25,1.7430,1.7710,1.7430,1.7690,542800,956675
2025-06-26,1.7690,1.7740,1.7670,1.7680,130500,231043
2025-06-27,1.7330,1.7730,1.7330,1.7560,306600,541114
2025-06-30,1.7450,1.7680,1.7450,1.7680,143800,253046
2025-07-01,1.7660,1.7710,1.7640,1.7700,166400,293874
2025-07-02,1.7650,1.7750,1.7650,1.7710,66200,117178
2025-07-03,1.7760,1.7830,1.7710,1.7800,88200,157082
2025-07-04,1.7800,1.8000,1.7790,1.7870,1401200,2511692
2025-07-07,1.7860,1.7860,1.7740,1.7770,136000,241853
2025-07-08,1.7790,1.7920,1.7790,1.7900,202300,361082
2025-07-09,1.7900,1.8000,1.7880,1.7880,132000,236936
2025-07-10,1.7930,1.8070,1.7920,1.7990,328800,591979
2025-07-11,1.8050,1.8240,1.8040,1.8040,447800,810772
2025-07-14,1.7700,1.8140,1.7700,1.8090,275000,497947
2025-07-15,1.8050,1.8120,1.7960,1.8050,104400,188865
2025-07-16,1.8080,1.8080,1.7960,1.7990,51100,91912
2025-07-17,1.8040,1.8130,1.8040,1.8130,38000,68773
2025-07-18,1.8010,1.8310,1.8010,1.8300,51300,93637
2025-07-21,1.8210,1.8450,1.8210,1.8450,218400,401721
2025-07-22,1.8500,1.8680,1.8340,1.8610,294700,546215
2025-07-23,1.8610,1.8780,1.8520,1.8590,1474400,2742033
2025-07-24,1.8620,1.8800,1.8620,1.8760,654500,1224063
2025-07-25,1.8760,1.8760,1.8630,1.8680,436800,816880
2025-07-28,1.8640,1.8770,1.8640,1.8720,243300,454711
2025-07-29,1.8720,1.8830,1.8720,1.8830,66700,125226
2025-07-30,1.8820,1.9000,1.8720,1.8830,76900,145045
2025-07-31,1.8600,1.8710,1.8370,1.8430,316600,587283
2025-08-01,1.8320,1.8470,1.8280,1.8350,140700,259196
2025-08-04,1.8320,1.8400,1.8300,1.8390,44000,80912
2025-08-05,1.8400,1.8520,1.8400,1.8500,49000,90605
2025-08-06,1.8500,1.8550,1.8480,1.8550,50700,93864
2025-08-07,1.8560,1.8590,1.8450,1.8560,52100,96602
2025-08-08,1.8530,1.8610,1.8520,1.8550,126300,234385
2025-08-11,1.8210,1.8690,1.8200,1.8600,340900,633399
2025-08-12,1.8570,1.8700,1.8570,1.8660,551900,1029408
2025-08-13,1.8600,1.8860,1.8600,1.8800,75000,140978
2025-08-14,1.8900,1.9050,1.8820,1.8870,759800,1434982
2025-08-15,1.8870,1.9020,1.8860,1.8960,1183800,2238365
2025-08-18,1.8990,1.9200,1.8990,1.9110,359200,685948
2025-08-19,1.9200,1.9200,1.8930,1.8930,797900,1524095
2025-08-20,1.8830,1.9140,1.8830,1.9140,448500,850413
2025-08-21,1.9150,1.9350,1.9150,1.9250,1317700,2540912
2025-08-22,1.9420,1.9710,1.9390,1.9660,929300,1815604
2025-08-25,1.9880,2.0240,1.9660,2.0180,1084000,2178011
2025-08-26,2.0180,2.0240,2.0050,2.0140,550000,1105826
2025-08-27,2.0050,2.0330,1.9910,1.9910,1770500,3581012
2025-08-28,1.9880,2.0180,1.9780,2.0160,1346400,2697802
2025-08-29,2.0160,2.0470,2.0150,2.0430,1958600,3971909
2025-09-01,2.0460,2.0550,2.0360,2.0540,861400,1760177
2025-09-02,2.0590,2.0640,2.0310,2.0310,768800,1575866
2025-09-03,2.0220,2.0530,2.0180,2.0260,990900,2015799
2025-09-04,2.0000,2.0360,1.9750,1.9830,523600,1046820
2025-09-05,1.9700,2.0330,1.9460,2.0320,309300,618497
2025-09-08,2.0320,2.0560,2.0320,2.0440,348700,713318
2025-09-09,2.0370,2.0460,2.0140,2.0220,99100,201629
2025-09-10,2.0210,2.0350,2.0140,2.0250,544200,1103133
2025-09-11,2.0170,2.0670,2.0170,2.0670,229800,467306
2025-09-12,2.0700,2.0860,2.0640,2.0690,522100,1085313
2025-09-15,2.0790,2.0980,2.0790,2.0800,170100,354967
2025-09-16,2.0840,2.0840,2.0620,2.0700,47000,97299
2025-09-17,2.0700,2.0870,2.0650,2.0850,286500,596693
2025-09-18,2.0890,2.0980,2.0460,2.0660,314200,651840
2025-09-19,2.0710,2.0800,2.0670,2.0760,447900,929090
2025-09-22,2.0700,2.0800,2.0640,2.0770,224900,465797
2025-09-23,2.0850,2.0960,2.0550,2.0710,362000,751314
2025-09-24,2.0760,2.1090,2.0740,2.1090,283666,593576
2025-09-25,2.1100,2.1340,2.1090,2.1230,177700,378724
2025-09-26,2.1210,2.1240,2.1030,2.1040,74100,156774
2025-09-29,2.1000,2.1430,2.1000,2.1300,354300,755467
2025-09-30,2.1300,2.1500,2.1300,2.1490,202400,434357
2025-10-09,2.1610,2.1990,2.1590,2.1930,186000,407338
2025-10-10,2.1670,2.1700,2.1300,2.1340,137200,294589
2025-10-13,2.1010,2.1250,2.0900,2.1250,165700,348973
2025-10-14,2.1280,2.1490,2.0840,2.0920,479900,1016449
2025-10-15,2.0910,2.1230,2.0880,2.1230,300400,632197
2025-10-16,2.1200,2.1420,2.1190,2.1300,129300,275073
2025-10-17,2.1250,2.1250,2.0700,2.0710,186000,388352
2025-10-20,2.1000,2.1000,2.0800,2.0860,1290500,2708617
2025-10-21,2.1100,2.1300,2.1100,2.1230,140400,297085
2025-10-22,2.1230,2.1230,2.1010,2.1140,127800,269734
2025-10-23,2.1060,2.1250,2.0930,2.1250,19000,39955
2025-10-24,2.1410,2.1560,2.1380,2.1540,1577300,3388738
2025-10-27,2.1780,2.1840,2.1710,2.1780,96900,210815
2025-10-28,2.1780,2.1830,2.1610,2.1630,119300,258201
2025-10-29,2.1720,2.1890,2.1700,2.1890,187500,408910
2025-10-30,2.1900,2.1950,2.1760,2.1760,80800,176865
2025-10-31,2.1790,2.1790,2.1490,2.1490,132400,286568
2025-11-03,2.1450,2.1470,2.1260,2.1470,117600,251626
2025-11-04,2.1460,2.1520,2.1200,2.1310,139400,297197
2025-11-05,2.1380,2.1420,2.1100,2.1420,354100,754810
2025-11-06,2.1640,2.1720,2.1640,2.1670,56700,122885
2025-11-07,2.1630,2.1760,2.1630,2.1660,89900,194881
2025-11-10,2.1750,2.1760,2.1600,2.1700,72100,156365
2025-11-11,2.1550,2.1550,2.1550,2.1550,5500,11853
2025-11-12,2.1450,2.1590,2.1400,2.1570,66600,143422
2025-11-13,2.1530,2.1870,2.1530,2.1870,132900,289265
2025-11-14,2.1670,2.1720,2.1520,2.1520,25700,55552
2025-11-17,2.1360,2.1420,2.1290,2.1390,16200,34547
2025-11-18,2.1300,2.1360,2.1150,2.1200,80200,170309
2025-11-19,2.1300,2.1420,2.1270,2.1400,27000,57653
2025-11-20,2.1410,2.1450,2.1200,2.1200,79500,169844
2025-11-21,2.1050,2.1050,2.0700,2.0700,91800,191530
2025-11-24,2.0620,2.0760,2.0600,2.0760,71100,147202
2025-11-25,2.1000,2.1000,2.0810,2.0900,82400,172394
2025-11-26,2.0960,2.1120,2.0960,2.1050,36200,76149
2025-11-27,2.1050,2.1230,2.0970,2.0980,97400,205909
2025-11-28,2.0960,2.1060,2.0900,2.1060,8900,18650
2025-12-01,2.1150,2.1260,2.1120,2.1260,31500,66842
2025-12-02,2.1240,2.1260,2.1110,2.1170,217900,461665
2025-12-03,2.1220,2.1220,2.1050,2.1050,87400,185084
2025-12-04,2.1090,2.1150,2.1080,2.1150,22100,46648
2025-12-05,2.1180,2.1410,2.1180,2.1400,227100,485582
2025-12-08,2.1440,2.1580,2.1390,2.1500,400800,862291
2025-12-09,2.1460,2.1490,2.1300,2.1370,18600,39922
2025-12-10,2.1250,2.1380,2.1160,2.1360,63800,136098
2025-12-11,2.1400,2.1500,2.1200,2.1200,138900,295343
2025-12-12,2.1250,2.1360,2.1140,2.1360,80200,170304
2025-12-15,2.1330,2.1360,2.1210,2.1250,18600,39624
2025-12-16,2.1200,2.1200,2.0830,2.0900,62000,129889
2025-12-17,2.0940,2.1310,2.0940,2.1260,31200,65996
2025-12-18,2.1090,2.1180,2.1060,2.1110,91700,194016
2025-12-19,2.1280,2.1300,2.1180,2.1180,410301,871021
2025-12-22,2.1180,2.1440,2.1180,2.1410,462000,988669
2025-12-23,2.1440,2.1580,2.1440,2.1470,99100,213018
2025-12-24,2.1450,2.1580,2.1400,2.1530,305300,654794
2025-12-25,2.1360,2.1600,2.1360,2.1560,38900,83704
2025-12-26,2.1620,2.1730,2.1560,2.1670,58700,127153
2025-12-29,2.1780,2.1780,2.1500,2.1500,136700,295629
2025-12-30,2.1500,2.1610,2.1500,2.1610,112500,242935
2025-12-31,2.1650,2.1650,2.1440,2.1440,377000,811473
2026-01-05,2.1650,2.1980,2.1650,2.1940,355001,774614
2026-01-06,2.2120,2.2300,2.2100,2.2300,164000,364712
2026-01-07,2.2310,2.2380,2.2150,2.2280,282000,627413
2026-01-08,2.2160,2.2280,2.2050,2.2090,351300,779468
2026-01-09,2.2120,2.2310,2.2120,2.2230,115700,257262
2026-01-12,2.2350,2.2350,2.2110,2.2270,172800,385075
2026-01-13,2.3970,2.3980,2.2150,2.2260,2656200,6015508
2026-01-14,2.2100,2.2500,2.2040,2.2140,1247300,2779696
2026-01-15,2.2040,2.2290,2.2040,2.2250,399700,885862
2026-01-16,2.2300,2.2470,2.2160,2.2160,139000,311640
2026-01-19,2.2220,2.2340,2.2160,2.2200,290100,645793
2026-01-20,2.2230,2.2340,2.1970,2.2130,645200,1430197
2026-01-21,2.2190,2.2350,2.2170,2.2170,349800,778813
2026-01-22,2.2300,2.2350,2.2040,2.2100,382700,846978
2026-01-23,2.2180,2.2180,2.1950,2.2000,523000,1152457
2026-01-26,2.2110,2.2320,2.2030,2.2230,749700,1661098
2026-01-27,2.2010,2.2240,2.1930,2.2150,1565200,3455922
2026-01-28,2.1950,2.2230,2.1950,2.2180,1518100,3362595
2026-01-29,2.2150,2.4400,2.2100,2.2300,2269700,5045594
2026-01-30,2.2210,2.2230,2.1850,2.2210,139600,307952
2026-02-02,2.1990,2.1990,2.1480,2.1480,391600,854455
2026-02-03,2.1720,2.1800,2.1440,2.1800,547200,1177951
2026-02-04,2.1690,2.2010,2.1690,2.2000,86600,188855
2026-02-05,2.1910,2.1910,2.1690,2.1790,337700,736806
2026-02-06,2.1710,2.1870,2.1550,2.1770,29400,63813
2026-02-09,2.1850,2.2080,2.1850,2.2080,115900,255606
2026-02-10,2.2050,2.2100,2.2050,2.2100,10900,24066
2026-02-11,2.2110,2.2120,2.2040,2.2050,16100,35539
2026-02-12,2.2090,2.2140,2.2070,2.2100,228800,506109
2026-02-13,2.2060,2.2090,2.1790,2.1810,203800,446811
2026-02-24,2.1990,2.2140,2.1990,2.2080,88200,194987
2026-02-25,2.1980,2.2340,2.1980,2.2210,96600,214185
2026-02-26,2.2240,2.2240,2.2050,2.2110,98000,216961
2026-02-27,2.2010,2.2040,2.1920,2.2020,23000,50590
2026-03-02,2.2020,2.2200,2.1820,2.2170,327000,718463
2026-03-03,2.2170,2.2170,2.1710,2.1710,486400,1070450
2026-03-04,2.1620,2.1620,2.1390,2.1450,452900,975901
2026-03-05,2.1450,2.1790,2.1450,2.1690,1038700,2258890
2026-03-06,2.1580,2.1800,2.1530,2.1740,243100,524159
2026-03-09,2.1580,2.1610,2.1230,2.1540,412300,880837
2026-03-10,2.1600,2.1880,2.1600,2.1870,383700,838461
2026-03-11,2.1900,2.2030,2.1870,2.2020,308400,677475
2026-03-12,2.1930,2.1970,2.1760,2.1860,440200,963525
2026-03-13,2.2300,2.2300,2.1750,2.1810,189900,415788
2026-03-16,2.1650,2.1870,2.1590,2.1870,138900,301534
2026-03-17,2.3580,2.3580,2.1540,2.1730,394100,869428
2026-03-18,2.1700,2.1820,2.1540,2.1810,217800,472830
2026-03-19,2.1560,2.1660,2.1340,2.1360,200400,431512
2026-03-20,2.1510,2.1600,2.1300,2.1300,883100,1892581
2026-03-23,2.0960,2.1050,2.0550,2.0590,1489000,3086736
2026-03-24,2.0790,2.0850,2.0480,2.0850,1030900,2129056
2026-03-25,2.0900,2.1190,2.0900,2.1180,209800,443367
2026-03-26,2.1180,2.1180,2.0850,2.0850,391400,822260
2026-03-27,2.0810,2.1130,2.0810,2.1080,166400,348594
2026-03-30,2.0890,2.0980,2.0760,2.0970,60500,126548
2026-03-31,2.1000,2.1070,2.0770,2.0780,204500,427535
2026-04-01,2.1000,2.1110,2.0970,2.1110,288500,607490
2026-04-02,2.0990,2.1030,2.0790,2.0840,151300,316991
2026-04-03,2.0750,2.0790,2.0640,2.0650,110000,227893
2026-04-07,2.0690,2.0690,2.0580,2.0640,166300,343290
2026-04-08,2.1150,2.1450,2.1130,2.1430,389400,828485
2026-04-09,2.1250,2.1350,2.1220,2.1300,196200,418190
2026-04-10,2.1400,2.1780,2.1400,2.1690,324900,703640
2026-04-13,2.1950,2.1950,2.1660,2.1760,22100,48021
2026-04-14,2.1840,2.2030,2.1840,2.2020,109000,238923
2026-04-15,2.2210,2.2210,2.1950,2.1950,34100,75208
2026-04-16,2.2040,2.2240,2.2040,2.2240,173600,385605
2026-04-17,2.2170,2.2190,2.2060,2.2190,260400,575977
2026-04-20,2.3920,2.3920,2.2080,2.2240,2316100,5135264
2026-04-21,2.2200,2.2330,2.2040,2.2330,172600,382251
2026-04-22,2.2330,2.2420,2.2270,2.2420,976600,2184353
2026-04-23,2.2530,2.2540,2.2240,2.2350,507100,1135815
2026-04-24,2.2380,2.2500,2.2240,2.2430,552400,1233134
2026-04-27,2.2440,2.2500,2.2370,2.2400,71200,159843
2026-04-28,2.2300,2.2410,2.2260,2.2290,257100,574483
2026-04-29,2.2210,2.2640,2.2210,2.2630,275000,617716
2026-04-30,2.2650,2.2730,2.2600,2.2640,594400,1348097
2026-05-06,2.2820,2.3200,2.2820,2.3170,337400,778672
2026-05-07,2.3150,2.3170,2.3010,2.3160,196800,454907
2026-05-08,2.3070,2.3070,2.2900,2.2970,254700,585253
2026-05-11,2.3150,2.3520,2.3150,2.3500,284900,664356
2026-05-12,2.3660,2.3660,2.3260,2.3380,273700,641004
2026-05-13,2.3300,2.3610,2.3260,2.3610,331600,776943
2026-05-14,2.3730,2.3730,2.3210,2.3260,348200,818014
2026-05-15,2.3200,2.3270,2.2800,2.2950,1004100,2306482
2026-05-18,2.2910,2.3040,2.2670,2.2800,338900,777238
2026-05-19,2.2700,2.2830,2.2500,2.2830,621300,1406050
2026-05-20,2.2740,2.2990,2.2740,2.2960,165900,379854
2026-05-21,2.3120,2.3430,2.2680,2.2680,419600,976254
2026-05-22,2.2830,2.2950,2.2680,2.2930,456200,1042077
2026-05-25,2.2940,2.3250,2.2940,2.3230,296900,686390
2026-05-26,2.3300,2.3400,2.3070,2.3390,497400,1153765
2026-05-27,2.3450,2.3580,2.3160,2.3240,1431900,3344687
2026-05-28,2.3240,2.3900,2.2850,2.3210,533300,1228981
2026-05-29,2.3370,2.3370,2.3010,2.3100,533200,1232246
2026-06-01,2.3120,2.3210,2.2760,2.2780,512700,1180663
2026-06-02,2.2750,2.3200,2.2710,2.3120,1095600,2520691
2026-06-03,2.3030,2.3490,2.3030,2.3160,303200,708581
2026-06-04,2.3070,2.3240,2.3000,2.3090,203100,470250
2026-06-05,2.3050,2.3100,2.2530,2.2570,1139700,2615571
2026-06-08,2.2410,2.2410,2.1890,2.2100,858100,1902642
2026-06-09,2.2100,2.2410,2.2050,2.2410,391100,868615
2026-06-10,2.2250,2.2330,2.2030,2.2170,514600,1137845
2026-06-11,2.2030,2.2210,2.1880,2.2000,549700,1212346
2026-06-12,2.2220,2.2500,2.2220,2.2360,314900,705280
2026-06-15,2.2340,2.2780,2.2340,2.2780,1338900,3031761
2026-06-16,2.2800,2.2950,2.2730,2.2780,296700,677535
2026-06-17,2.2690,2.2950,2.2690,2.2950,461700,1052949
2026-06-18,2.2860,2.3200,2.2860,2.3100,581300,1346040
2026-06-22,2.3010,2.3770,2.3010,2.3770,1132300,2644571
2026-06-23,2.3620,2.3700,2.2770,2.2910,1367800,3181187
2026-06-24,2.2910,2.3140,2.2860,2.3070,884400,2034248
2026-06-25,2.3150,2.3450,2.3120,2.3420,770300,1797546
2026-06-26,2.3320,2.3320,2.2620,2.2750,1571100,3598796
2026-06-29,2.2700,2.3120,2.2630,2.3030,1478500,3377573
2026-06-30,2.3200,2.3530,2.3200,2.3490,1121200,2618060
2026-07-01,2.3470,2.3660,2.3240,2.3350,1417900,3330010
2026-07-02,2.3120,2.3120,2.2630,2.2630,1296100,2962059
2026-07-03,2.2600,2.2980,2.2600,2.2700,525000,1199924
2026-07-06,2.2810,2.2850,2.2440,2.2670,885100,2007526
2026-07-07,2.2550,2.2670,2.2330,2.2440,1478900,3337892
2026-07-08,2.2520,2.2650,2.2340,2.2350,899800,2024402
2026-07-09,2.2690,2.3020,2.2350,2.2910,1550400,3496685
2026-07-10,2.3140,2.3140,2.2480,2.2490,1238300,2839077
2026-07-13,2.2450,2.2470,2.2060,2.2100,2085900,4644440
2026-07-14,2.2230,2.2720,2.2040,2.2700,1349500,3010963
2026-07-15,2.2680,2.2860,2.2680,2.2690,509600,1158478
2026-07-16,2.2510,2.2590,2.2100,2.2160,881700,1978098
2026-07-17,2.1980,2.1980,2.1230,2.1400,2132100,4620162
2026-07-20,2.1730,2.2010,2.1650,2.1930,2280300,4976181
2026-07-21,2.1940,2.2610,2.1850,2.2610,1662700,3712394
2026-07-22,2.2710,2.2820,2.2470,2.2530,1667800,3783425
2026-07-23,2.2550,2.2710,2.2510,2.2690,790100,1785817
2026-07-24,2.2400,2.2500,2.2250,2.2250,725500,1627209
2026-07-27,2.2340,2.2560,2.2100,2.2540,2364100,5277801
2026-07-28,2.2310,2.2310,2.1600,2.1620,2937500,6426485
2026-07-29,2.1540,2.2110,2.1500,2.1970,4193500,9167516
2026-07-30,2.1800,2.1910,2.1290,2.1770,3736500,8088556
2026-07-31,2.1900,2.2120,2.1800,2.1820,1921200,4226411
2026-08-03,2.1720,2.1770,2.1580,2.1600,3175900,6880137
2026-08-04,2.1700,2.1970,2.1670,2.1920,721500,1576036
2026-08-05,2.1820,2.2160,2.1700,2.2000,4877900,10679466
2026-08-06,2.1900,2.2070,2.1820,2.1960,3610200,7910367
2026-08-07,2.2050,2.2290,2.2050,2.2170,2725700,6042104
2026-08-10,2.2170,2.2270,2.2030,2.2180,3024900,6693926
2026-08-11,2.2090,2.2290,2.2060,2.2070,3532900,7834396
2026-08-12,2.2020,2.2250,2.2020,2.2200,2097100,4650241
2026-08-13,2.2250,2.2360,2.2060,2.2070,2288400,5092626
2026-08-14,2.2060,2.2110,2.1960,2.2060,2197100,4847327
2026-08-17,2.1840,2.2420,2.1840,2.2420,2770600,6138824
2026-08-18,2.2330,2.2640,2.2200,2.2350,3420700,7631655
2026-08-19,2.2350,2.2350,2.1660,2.1710,4134400,9028767
2026-08-20,2.1720,2.1930,2.1670,2.1730,1760900,3834833
2026-08-21,2.1710,2.1910,2.1650,2.1880,2625000,5733759
2026-08-24,2.1820,2.1820,2.1430,2.1570,2929900,6321283
2026-08-25,2.1450,2.1550,2.1400,2.1470,3458200,7422664
2026-08-26,2.1460,2.1790,2.1460,2.1680,2093800,4534601
2026-08-27,2.1590,2.1800,2.1590,2.1790,1144700,2482118
2026-08-28,2.1810,2.1840,2.1700,2.1710,1469200,3199231
2026-08-31,2.1600,2.1680,2.1380,2.1660,2492800,5357471
2026-09-01,2.1640,2.1750,2.1550,2.1630,1447800,3134043
2026-09-02,2.1600,2.1600,2.1200,2.1270,1933400,4117533
2026-09-03,2.1400,2.1410,2.1200,2.1280,1594800,3402866
2026-09-04,2.1420,2.1530,2.1230,2.1280,2540000,5437912
2026-09-07,2.1400,2.1460,2.1330,2.1440,1814200,3880013
2026-09-08,2.1440,2.1490,2.1290,2.1340,1736400,3719634
2026-09-09,2.1340,2.1440,2.1290,2.1420,1730100,3696348
2026-09-10,2.1310,2.1350,2.1180,2.1260,1636500,3483632
2026-09-11,2.1200,2.1200,2.0850,2.1060,3122400,6555929
2026-09-14,2.0960,2.1030,2.0850,2.0910,1773600,3715303
2026-09-15,2.0880,2.0970,2.0690,2.0710,2666300,5556345
2026-09-16,2.0570,2.0890,2.0570,2.0860,1562700,3243558
2026-09-17,2.0890,2.0980,2.0770,2.0800,1498100,3124750
2026-09-18,2.0900,2.1130,2.0900,2.1050,626000,1315690
2026-09-21,2.1150,2.1200,2.1100,2.1190,790500,1674325
2026-09-22,2.1240,2.1440,2.1210,2.1220,519800,1111469
