date,open,high,low,close,volume,amount
2015-07-06,0.8840,0.9520,0.7790,0.7840,27556110,21910398
2015-07-07,0.7400,0.7830,0.7060,0.7060,34064264,24513134
2015-07-08,0.6350,0.6360,0.6350,0.6350,2092032,1328572
2015-07-09,0.5720,0.6990,0.5720,0.6990,14694457,9470359
2015-07-10,0.7480,0.7690,0.6900,0.7690,8591678,6527950
2015-07-13,0.8200,0.8460,0.7800,0.8460,11196142,9306448
2015-07-14,0.8680,0.8890,0.8310,0.8640,17065396,14753350
2015-07-15,0.8360,0.8500,0.8080,0.8100,8732753,7147250
2015-07-16,0.7980,0.8350,0.7290,0.8330,4683154,3801096
2015-07-17,0.8480,0.8750,0.8110,0.8690,5349948,4555030
2015-07-20,0.8680,0.8970,0.8590,0.8750,4069574,3564722
2015-07-21,0.8580,0.9000,0.8580,0.8950,5899070,5243194
2015-07-22,0.8900,0.9120,0.8800,0.9010,4994545,4519198
2015-07-23,0.9010,0.9500,0.9010,0.9480,4550853,4235984
2015-07-24,0.9680,0.9680,0.9020,0.9220,5166275,4915601
2015-07-27,0.9270,0.9340,0.8300,0.8300,4928295,4428036
2015-07-28,0.8010,0.8800,0.7470,0.8410,4865983,3895917
2015-07-29,0.8560,0.8720,0.8210,0.8720,1945609,1641833
2015-07-30,0.8710,0.9020,0.8550,0.8570,4338391,3826311
2015-07-31,0.8180,0.8640,0.8180,0.8400,1563611,1317279
2015-08-03,0.8100,0.8450,0.8020,0.8150,1082026,876623
2015-08-04,0.8380,0.8700,0.8150,0.8700,1698990,1425614
2015-08-05,0.8510,0.8810,0.8510,0.8640,3540392,3100785
2015-08-06,0.8630,0.8770,0.8270,0.8640,1418455,1233910
2015-08-07,0.8640,0.8900,0.8640,0.8890,3058504,2697591
2015-08-10,0.8890,0.9460,0.8890,0.9350,5278727,4892544
2015-08-11,0.9350,0.9550,0.9220,0.9410,4905031,4624747
2015-08-12,0.9410,0.9470,0.9300,0.9350,3387596,3184232
2015-08-13,0.9380,0.9550,0.9150,0.9370,2468316,2319259
2015-08-14,0.9530,0.9700,0.9500,0.9560,8837574,8508115
2015-08-17,0.9580,0.9840,0.9450,0.9650,5868492,5682626
2015-08-18,0.9670,0.9770,0.9020,0.9150,1843866,1744043
2015-08-19,0.9130,0.9600,0.8630,0.9300,1041485,942698
2015-08-20,0.9330,0.9420,0.9100,0.9230,1945210,1809650
2015-08-21,0.9250,0.9250,0.8800,0.8860,1114854,994479
2015-08-24,0.8500,0.8510,0.7970,0.7970,1067500,856995
2015-08-25,0.7210,0.7800,0.7170,0.7170,1516465,1101860
2015-08-26,0.7700,0.7830,0.6520,0.7120,1346114,977087
2015-08-27,0.7120,0.7630,0.7110,0.7450,2033456,1498716
2015-08-28,0.7880,0.7880,0.7260,0.7680,2723513,2034750
2015-08-31,0.7700,0.7700,0.7310,0.7450,2104700,1574322
2015-09-01,0.7450,0.7450,0.7010,0.7110,1589317,1137502
2015-09-02,0.7180,0.7280,0.6580,0.6910,1761412,1231246
2015-09-07,0.7100,0.7390,0.6960,0.7120,1249700,901895
2015-09-08,0.6860,0.7300,0.6860,0.7290,772843,551089
2015-09-09,0.7290,0.7600,0.7290,0.7460,2370151,1771029
2015-09-10,0.7440,0.7510,0.7400,0.7430,1435504,1072336
2015-09-11,0.7500,0.7550,0.7340,0.7450,2057400,1541771
2015-09-14,0.7420,0.7520,0.7000,0.7030,582500,418807
2015-09-15,0.7130,0.7130,0.6500,0.6680,453213,306926
2015-09-16,0.6590,0.7200,0.6510,0.7040,849520,574262
2015-09-17,0.7010,0.7080,0.6850,0.6920,614102,428344
2015-09-18,0.6850,0.6980,0.6840,0.6920,240802,166213
2015-09-21,0.7020,0.7080,0.6800,0.7080,484181,336251
2015-09-22,0.7140,0.7230,0.6970,0.7100,1494704,1070558
2015-09-23,0.7080,0.7100,0.6900,0.7000,607800,428746
2015-09-24,0.6890,0.7200,0.6890,0.7170,703481,503957
2015-09-25,0.6920,0.7190,0.6920,0.7100,789106,560775
2015-09-28,0.6980,0.7110,0.6840,0.7050,375106,263500
2015-09-29,0.7000,0.7050,0.6810,0.6890,586743,408375
2015-09-30,0.6940,0.7000,0.6890,0.6990,323033,225287
2015-10-08,0.6990,0.7280,0.6990,0.7160,390817,281179
2015-10-09,0.7150,0.7370,0.7140,0.7350,1093459,799263
2015-10-12,0.7370,0.7700,0.7250,0.7620,1090889,815811
2015-10-13,0.7510,0.7780,0.7500,0.7610,1453992,1112246
2015-10-14,0.7680,0.7800,0.7570,0.7730,1460313,1126416
2015-10-15,0.7730,0.7900,0.7520,0.7880,1199174,934327
2015-10-16,0.7880,0.8030,0.7840,0.7990,1610976,1283739
2015-10-19,0.8120,0.8120,0.7860,0.7970,1020220,806705
2015-10-20,0.7840,0.7970,0.7840,0.7900,1077501,853517
2015-10-21,0.7890,0.7920,0.7500,0.7570,543224,425369
2015-10-22,0.7560,0.7780,0.7560,0.7770,824023,633790
2015-10-23,0.7600,0.8010,0.7600,0.8000,1399233,1102480
2015-10-26,0.7930,0.8050,0.7920,0.8030,905212,723594
2015-10-27,0.7880,0.8120,0.7790,0.8030,1646857,1302911
2015-10-28,0.8050,0.8190,0.8050,0.8170,1580716,1282735
2015-10-29,0.8170,0.8680,0.8010,0.8150,199003,159993
2015-10-30,0.7830,0.8140,0.7820,0.7930,351212,278545
2015-11-02,0.7640,0.8070,0.7640,0.7930,784132,622824
2015-11-03,0.7730,0.8000,0.7730,0.7930,273726,217074
2015-11-04,0.7940,0.8350,0.7940,0.8240,1236918,1006396
2015-11-05,0.8300,0.8310,0.8210,0.8300,355313,294064
2015-11-06,0.8180,0.8410,0.8180,0.8410,1354804,1129471
2015-11-09,0.8410,0.8580,0.8260,0.8580,1886244,1603684
2015-11-10,0.8580,0.8720,0.8510,0.8670,1074830,929383
2015-11-11,0.8670,0.8860,0.8570,0.8760,807130,703218
2015-11-12,0.8750,0.8780,0.8640,0.8760,1127839,982899
2015-11-13,0.8740,0.8770,0.8580,0.8660,1703848,1479227
2015-11-16,0.8390,0.8740,0.8380,0.8720,483957,417573
2015-11-17,0.8700,0.8860,0.8670,0.8710,777591,685359
2015-11-18,0.8610,0.8700,0.8580,0.8620,1088526,938820
2015-11-19,0.8680,0.8750,0.8470,0.8660,1236980,1067771
2015-11-20,0.8720,0.8960,0.8720,0.8860,3072517,2708206
2015-11-23,0.8990,0.8990,0.8760,0.8760,893731,795840
2015-11-24,0.8940,0.8950,0.8740,0.8900,634184,560529
2015-11-25,0.8900,0.9190,0.8900,0.9070,2830385,2559574
2015-11-26,0.8900,0.9490,0.8900,0.9120,1715508,1562495
2015-11-27,0.9240,0.9240,0.8550,0.8700,636908,573270
2015-11-30,0.8780,0.8780,0.8160,0.8620,400009,340412
2015-12-01,0.8420,0.8940,0.8390,0.8880,309914,268021
2015-12-02,0.8560,0.8840,0.8550,0.8790,443800,383438
2015-12-03,0.8860,0.8860,0.8720,0.8850,796126,699256
2015-12-04,0.8930,0.8980,0.8780,0.8860,877230,779977
2015-12-07,0.8900,0.8940,0.8790,0.8940,55403,49295
2015-12-08,0.8730,0.8890,0.8710,0.8870,44100,38603
2015-12-09,0.8780,0.8840,0.8720,0.8800,190802,167603
2015-12-10,0.8780,0.8810,0.8670,0.8670,746779,656213
2015-12-11,0.8510,0.8810,0.8490,0.8700,147906,127209
2015-12-14,0.8620,0.8880,0.8620,0.8880,360303,316789
2015-12-15,0.9020,0.9020,0.8750,0.8900,864434,763415
2015-12-16,0.8790,0.8990,0.8780,0.8950,172346,152492
2015-12-17,0.8950,0.9180,0.8800,0.9180,3374070,3072872
2015-12-18,0.8990,0.9240,0.8990,0.9100,396300,359800
2015-12-21,0.8920,0.9170,0.8920,0.9160,1160229,1057620
2015-12-22,0.8940,0.9310,0.8940,0.9300,2584750,2387903
2015-12-23,0.9160,0.9380,0.9140,0.9140,649863,600758
2015-12-24,0.9140,0.9180,0.9010,0.9180,473571,429274
2015-12-25,0.9260,0.9260,0.9160,0.9250,878694,810187
2015-12-28,0.9170,0.9280,0.9100,0.9110,373424,341767
2015-12-29,0.8830,0.9130,0.8830,0.9110,1348120,1212693
2015-12-30,0.9200,0.9210,0.9120,0.9210,460307,422865
2015-12-31,0.9120,0.9160,0.9110,0.9150,153704,140445
2016-01-04,0.9000,0.9150,0.8510,0.8540,344601,303077
2016-01-05,0.8300,0.8540,0.8000,0.8150,716572,589205
2016-01-06,0.8590,0.8590,0.8040,0.8550,178172,150363
2016-01-07,0.8210,0.8210,0.8100,0.8100,19000,15500
2016-01-08,0.8100,0.8790,0.7500,0.8240,690702,554372
2016-01-11,0.7830,0.8320,0.7820,0.8320,72000,57420
2016-01-12,0.8290,0.8390,0.7900,0.8200,64700,52115
2016-01-13,0.7630,0.8290,0.7630,0.8210,135006,105482
2016-01-14,0.8200,0.8200,0.7390,0.8040,467126,356284
2016-01-15,0.7800,0.8000,0.7400,0.7970,97303,74043
2016-01-18,0.7500,0.7990,0.7490,0.7790,233807,177823
2016-01-19,0.7660,0.7980,0.7660,0.7800,95308,74472
2016-01-20,0.7850,0.7850,0.7600,0.7850,1900,1453
2016-01-21,0.7850,0.8080,0.7400,0.7900,280600,209712
2016-01-22,0.7750,0.7750,0.7320,0.7500,187900,139305
2016-01-25,0.7340,0.7790,0.7340,0.7590,134000,99881
2016-01-26,0.7100,0.7600,0.6830,0.7490,351300,247785
2016-01-27,0.6910,0.7250,0.6750,0.6980,513202,354561
2016-01-28,0.6980,0.6980,0.6500,0.6930,60701,41012
2016-01-29,0.6530,0.7000,0.6530,0.6960,97100,66388
2016-02-01,0.6950,0.6960,0.6700,0.6890,18000,12398
2016-02-02,0.6800,0.7290,0.6800,0.7030,60701,41653
2016-02-03,0.6990,0.6990,0.6800,0.6860,54300,37326
2016-02-04,0.6900,0.6900,0.6820,0.6890,226801,156092
2016-02-05,0.7170,0.7170,0.6890,0.6910,81400,56243
2016-02-15,0.6360,0.7600,0.6360,0.6990,54634,36781
2016-02-16,0.6960,0.7080,0.6960,0.7080,268711,189039
2016-02-17,0.7070,0.7160,0.7000,0.7160,381048,270295
2016-02-18,0.7070,0.7220,0.7070,0.7190,18500,13250
2016-02-19,0.7190,0.7200,0.7100,0.7170,49112,35012
2016-02-22,0.7260,0.7350,0.7240,0.7280,100100,72871
2016-02-23,0.7270,0.7410,0.7270,0.7350,369800,271583
2016-02-24,0.7400,0.7410,0.7240,0.7410,110166,81078
2016-02-25,0.7340,0.7360,0.6870,0.7200,1020516,726100
2016-02-26,0.7050,0.7270,0.6800,0.7020,71700,49507
2016-02-29,0.6780,0.6870,0.6560,0.6730,1036552,699000
2016-03-01,0.6400,0.6950,0.6400,0.6950,687149,468096
2016-03-02,0.7200,0.7250,0.6750,0.7250,323401,226719
2016-03-03,0.7140,0.7330,0.7140,0.7310,111400,81129
2016-03-04,0.7320,0.7400,0.7060,0.7300,2456901,1806875
2016-03-07,0.7380,0.8030,0.7380,0.8000,704915,540704
2016-03-08,0.8000,0.8000,0.7380,0.7800,181709,141595
2016-03-09,0.7960,0.7960,0.7310,0.7740,73709,54610
2016-03-10,0.7400,0.7730,0.6970,0.7000,4276100,2993460
2016-03-11,0.6680,0.6950,0.6680,0.6900,1622800,1112850
2016-03-14,0.7000,0.7150,0.7000,0.7130,318612,226210
2016-03-15,0.7130,0.7130,0.6910,0.7090,200016,141452
2016-03-16,0.7080,0.7080,0.6950,0.6990,414404,290031
2016-03-17,0.7010,0.7160,0.7010,0.7160,626801,441353
2016-03-18,0.7160,0.7450,0.7160,0.7380,1287800,942656
2016-03-21,0.7290,0.7590,0.7290,0.7590,2839009,2119001
2016-03-22,0.7500,0.7510,0.7400,0.7470,722225,539675
2016-03-23,0.7450,0.7510,0.7400,0.7510,363174,270725
2016-03-24,0.7390,0.7500,0.7390,0.7400,960267,710685
2016-03-25,0.7400,0.7440,0.7340,0.7400,44700,33127
2016-03-28,0.7500,0.7530,0.7350,0.7450,158004,117205
2016-03-29,0.7260,0.7360,0.7260,0.7330,2160402,1583385
2016-03-30,0.7260,0.7600,0.7260,0.7520,355807,266239
2016-03-31,0.7450,0.7580,0.7420,0.7550,276509,207041
2016-04-01,0.7550,0.7600,0.7410,0.7600,561600,421587
2016-04-05,0.7470,0.7770,0.7470,0.7770,620156,471912
2016-04-06,0.7860,0.7860,0.7620,0.7810,320618,248255
2016-04-07,0.7670,0.7790,0.7670,0.7790,85500,66007
2016-04-08,0.7560,0.7750,0.7560,0.7750,13000,9909
2016-04-11,0.7660,0.7920,0.7660,0.7840,894014,699790
2016-04-12,0.7900,0.7900,0.7600,0.7820,77800,59972
2016-04-13,0.7850,0.8000,0.7850,0.8000,1048295,833647
2016-04-14,0.7780,0.8000,0.7780,0.8000,1295500,1031554
2016-04-15,0.7810,0.7990,0.7810,0.7980,80801,63867
2016-04-18,0.7890,0.7970,0.7890,0.7970,27100,21392
2016-04-19,0.7810,0.7960,0.7810,0.7860,85603,67450
2016-04-20,0.7900,0.8010,0.7570,0.7700,1170109,911941
2016-04-21,0.7700,0.7800,0.7650,0.7660,1319110,1010159
2016-04-22,0.7600,0.7860,0.7600,0.7860,195603,148923
2016-04-25,0.7600,0.7990,0.7600,0.7990,93708,73448
2016-04-26,0.7990,0.7990,0.7690,0.7720,57501,44452
2016-04-27,0.7720,0.7720,0.7560,0.7710,2200,1681
2016-04-28,0.7500,0.7600,0.7500,0.7590,84500,63829
2016-04-29,0.7590,0.7800,0.7590,0.7800,2500,1901
2016-05-03,0.7800,0.7850,0.7700,0.7850,152100,118892
2016-05-04,0.7720,0.7840,0.7720,0.7840,55000,42461
2016-05-05,0.7770,0.7880,0.7770,0.7880,53603,41791
2016-05-06,0.7630,0.7870,0.7630,0.7710,172219,132067
2016-05-09,0.7680,0.7680,0.7260,0.7300,53900,40121
2016-05-10,0.7150,0.7330,0.7150,0.7220,156007,112117
2016-05-11,0.7130,0.7350,0.7130,0.7250,27700,19991
2016-05-12,0.7020,0.7410,0.7020,0.7150,11000,7851
2016-05-13,0.7110,0.7280,0.7110,0.7250,92000,66036
2016-05-16,0.7220,0.7340,0.7220,0.7340,88007,64416
2016-05-17,0.7230,0.7420,0.7230,0.7420,31700,22964
2016-05-18,0.7040,0.7400,0.7040,0.7400,3200,2323
2016-05-19,0.7390,0.7390,0.7130,0.7260,26700,19423
2016-05-20,0.7200,0.7200,0.7150,0.7200,17100,12281
2016-05-23,0.7100,0.7340,0.7100,0.7330,6900,5049
2016-05-25,0.7330,0.7330,0.7170,0.7320,2400,1756
2016-05-26,0.7130,0.7240,0.7100,0.7190,33519,23901
2016-05-27,0.7150,0.7390,0.7120,0.7390,130300,94272
2016-05-30,0.7390,0.7390,0.7150,0.7210,54102,38806
2016-05-31,0.7250,0.7450,0.7150,0.7260,104599,75651
2016-06-01,0.7420,0.7550,0.7300,0.7360,211999,157375
2016-06-02,0.7300,0.7530,0.7300,0.7480,568901,422323
2016-06-03,0.7470,0.7500,0.7400,0.7480,82401,61403
2016-06-06,0.7490,0.7510,0.7390,0.7500,347400,257986
2016-06-07,0.7620,0.7620,0.7220,0.7590,343907,257030
2016-06-08,0.7580,0.7670,0.7450,0.7670,137017,103793
2016-06-13,0.7650,0.7650,0.7440,0.7570,112206,84025
2016-06-14,0.7430,0.7480,0.7140,0.7440,1900,1393
2016-06-15,0.7270,0.7660,0.7270,0.7650,552517,414921
2016-06-16,0.7640,0.7710,0.7360,0.7700,612018,468084
2016-06-17,0.7570,0.7780,0.7550,0.7750,308226,235128
2016-06-20,0.7680,0.7800,0.7580,0.7700,116123,88712
2016-06-21,0.7690,0.7750,0.7600,0.7690,595131,456000
2016-06-22,0.7680,0.7700,0.7570,0.7700,147511,112263
2016-06-23,0.7570,0.7680,0.7520,0.7670,12400,9439
2016-06-24,0.7570,0.7660,0.7500,0.7660,46000,34643
2016-06-27,0.7550,0.7740,0.7550,0.7740,133905,102275
2016-06-28,0.7740,0.7780,0.7640,0.7780,117704,90963
2016-06-29,0.7790,0.7800,0.7770,0.7800,766700,597101
2016-06-30,0.7810,0.7810,0.7610,0.7800,1827000,1421137
2016-07-01,0.7810,0.7810,0.7720,0.7800,67900,52992
2016-07-04,0.7600,0.8060,0.7600,0.8000,1004408,793751
2016-07-05,0.8000,0.8090,0.7990,0.8090,847619,680352
2016-07-06,0.8100,0.8180,0.7940,0.8170,307415,248762
2016-07-07,0.8200,0.8280,0.8180,0.8270,566808,467512
2016-07-08,0.8040,0.8280,0.8040,0.8280,193801,158595
2016-07-11,0.8050,0.8500,0.8050,0.8240,92001,75467
2016-07-12,0.8250,0.8330,0.8180,0.8320,112001,92335
2016-07-13,0.8310,0.8450,0.8310,0.8400,243705,204328
2016-07-14,0.8220,0.8380,0.8220,0.8380,61306,50813
2016-07-15,0.8400,0.8400,0.8300,0.8350,75700,63071
2016-07-18,0.8310,0.8330,0.8210,0.8210,71700,59383
2016-07-19,0.8390,0.8390,0.8220,0.8250,1280375,1056253
2016-07-20,0.8240,0.8290,0.8240,0.8260,24900,20561
2016-07-21,0.8200,0.8290,0.8200,0.8260,30502,25197
2016-07-22,0.8250,0.8250,0.8200,0.8200,95300,78489
2016-07-25,0.8130,0.8260,0.8130,0.8230,111603,91449
2016-07-26,0.8300,0.8300,0.8250,0.8300,215416,178257
2016-07-27,0.8320,0.8350,0.7900,0.8250,467700,383708
2016-07-28,0.7570,0.8400,0.7570,0.7980,108403,87266
2016-07-29,0.7640,0.8250,0.7640,0.8220,141208,112133
2016-08-01,0.7860,0.8170,0.7860,0.8090,45103,35493
2016-08-02,0.7880,0.7880,0.7880,0.7880,100,79
2016-08-03,0.7740,0.7950,0.7740,0.7860,13700,10869
2016-08-04,0.7690,0.8050,0.7690,0.8030,5500,4344
2016-08-05,0.7730,0.8000,0.7730,0.8000,1082600,863440
2016-08-08,0.7760,0.8010,0.7760,0.8010,239004,187297
2016-08-09,0.8010,0.8100,0.7920,0.8050,247801,199992
2016-08-10,0.7950,0.8150,0.7950,0.8090,142602,115555
2016-08-11,0.8070,0.8070,0.8000,0.8000,200600,160484
2016-08-12,0.7940,0.8070,0.7940,0.8070,32202,25650
2016-08-15,0.8000,0.8180,0.8000,0.8180,162900,132363
2016-08-16,0.8200,0.8250,0.8190,0.8250,749802,615478
2016-08-17,0.8040,0.8300,0.8040,0.8300,2547000,2066909
2016-08-18,0.8100,0.8370,0.8100,0.8310,268847,223117
2016-08-19,0.8250,0.8310,0.8220,0.8310,140209,115654
2016-08-22,0.8160,0.8260,0.8160,0.8180,468200,386433
2016-08-23,0.8190,0.8220,0.8130,0.8200,87703,71941
2016-08-24,0.8130,0.8270,0.8130,0.8230,108504,88958
2016-08-25,0.8150,0.8150,0.8110,0.8140,94800,77017
2016-08-26,0.8110,0.8270,0.8110,0.8200,89802,74121
2016-08-29,0.8290,0.8290,0.8150,0.8280,100603,82000
2016-08-30,0.8240,0.8280,0.8100,0.8270,212610,173259
2016-08-31,0.8110,0.8290,0.8110,0.8290,127301,104174
2016-09-01,0.8170,0.8380,0.8170,0.8220,15900,13062
2016-09-02,0.8090,0.8170,0.8090,0.8170,31200,25352
2016-09-05,0.8020,0.8250,0.8020,0.8240,265407,217482
2016-09-06,0.8180,0.8420,0.8140,0.8420,947368,787793
2016-09-07,0.8410,0.8420,0.8300,0.8400,1758800,1465477
2016-09-08,0.8220,0.8370,0.8220,0.8370,58700,48679
2016-09-09,0.8340,0.8380,0.8280,0.8380,765400,639021
2016-09-12,0.8200,0.8350,0.7960,0.8120,140000,114668
2016-09-13,0.7970,0.8150,0.7970,0.8140,180203,145974
2016-09-14,0.8170,0.8170,0.7940,0.8120,25500,20434
2016-09-19,0.8050,0.8380,0.8050,0.8280,32301,26271
2016-09-20,0.8160,0.8170,0.8160,0.8160,16400,13383
2016-09-21,0.8040,0.8220,0.8040,0.8220,103407,84363
2016-09-22,0.8200,0.8290,0.8200,0.8240,1338200,1097371
2016-09-23,0.8210,0.8230,0.8200,0.8200,142300,116695
2016-09-26,0.8060,0.8070,0.8030,0.8030,56900,45859
2016-09-27,0.8100,0.8100,0.7900,0.8100,112305,89440
2016-09-28,0.8110,0.8110,0.8050,0.8050,3300,2660
2016-09-29,0.8050,0.8050,0.8030,0.8040,54400,43790
2016-09-30,0.7980,0.8050,0.7980,0.8050,8003,6435
2016-10-10,0.8010,0.8370,0.8010,0.8160,44700,36547
2016-10-11,0.8100,0.8290,0.8080,0.8280,160180,132019
2016-10-12,0.8070,0.8250,0.8070,0.8250,938184,772305
2016-10-13,0.8190,0.8260,0.8190,0.8260,16700,13764
2016-10-14,0.8140,0.8260,0.8140,0.8260,39001,32001
2016-10-17,0.8270,0.8270,0.8210,0.8230,185000,152449
2016-10-18,0.8230,0.8380,0.8210,0.8380,1501211,1245652
2016-10-19,0.8370,0.8440,0.8350,0.8400,474600,400283
2016-10-20,0.8390,0.8400,0.8380,0.8390,28800,24163
2016-10-21,0.8380,0.8380,0.8280,0.8370,5406639,4528949
2016-10-24,0.8370,0.8430,0.8350,0.8430,567021,475857
2016-10-25,0.8430,0.8490,0.8410,0.8480,607345,513253
2016-10-26,0.8420,0.8450,0.8420,0.8450,903113,762319
2016-10-27,0.8430,0.8470,0.8400,0.8470,1122582,947979
2016-10-28,0.8470,0.8500,0.8390,0.8390,310301,262940
2016-10-31,0.8400,0.8400,0.8400,0.8400,1000,840
2016-11-01,0.8300,0.8450,0.8300,0.8450,24508,20607
2016-11-02,0.8410,0.8480,0.8340,0.8450,322908,272930
2016-11-03,0.8450,0.8530,0.8450,0.8470,296300,251800
2016-11-04,0.8370,0.8460,0.8370,0.8400,60103,50783
2016-11-07,0.8330,0.8500,0.8330,0.8480,310501,263504
2016-11-08,0.8480,0.8550,0.8430,0.8430,1559016,1328430
2016-11-09,0.8520,0.8550,0.8500,0.8550,1133260,966194
2016-11-10,0.8550,0.8750,0.8550,0.8700,83259,72042
2016-11-11,0.8700,0.8850,0.8700,0.8850,445610,392451
2016-11-14,0.8800,0.8900,0.8670,0.8690,1017563,904595
2016-11-15,0.8770,0.8850,0.8700,0.8810,613962,541340
2016-11-16,0.8820,0.8970,0.8820,0.8830,464506,411953
2016-11-17,0.8780,0.8800,0.8780,0.8800,38100,33479
2016-11-18,0.8650,0.8900,0.8650,0.8780,110103,96171
2016-11-21,0.8790,0.8840,0.8780,0.8780,410611,360914
2016-11-22,0.8820,0.8960,0.8820,0.8940,226504,200586
2016-11-23,0.8880,0.8940,0.8760,0.8920,621917,554066
2016-11-24,0.8920,0.8970,0.8900,0.8970,1464170,1306747
2016-11-25,0.8980,0.8980,0.8740,0.8820,122805,108416
2016-11-28,0.8900,0.9000,0.8870,0.8940,866808,776620
2016-11-29,0.8980,0.8980,0.8920,0.8920,101070,90301
2016-11-30,0.8900,0.8900,0.8670,0.8840,12800,11111
2016-12-01,0.8810,0.8840,0.8800,0.8840,34163,30080
2016-12-02,0.8840,0.8840,0.8710,0.8810,21600,18934
2016-12-05,0.8680,0.8760,0.8680,0.8680,72800,63611
2016-12-06,0.8500,0.8910,0.8500,0.8690,31500,27287
2016-12-07,0.8720,0.8890,0.8720,0.8890,216459,190772
2016-12-08,0.8970,0.8980,0.8860,0.8860,7400,6561
2016-12-09,0.8680,0.8960,0.8680,0.8950,152145,134483
2016-12-12,0.8660,0.8840,0.8520,0.8520,98002,83989
2016-12-13,0.8560,0.8570,0.8410,0.8480,108300,91941
2016-12-14,0.8480,0.8570,0.8480,0.8480,50200,43017
2016-12-15,0.8440,0.8460,0.8440,0.8450,240402,203077
2016-12-16,0.8510,0.8840,0.8410,0.8830,651300,554128
2016-12-19,0.8490,0.8530,0.8470,0.8520,75500,64060
2016-12-20,0.8460,0.8570,0.8380,0.8510,82814,70080
2016-12-21,0.8520,0.8550,0.8430,0.8430,1226300,1045708
2016-12-22,0.8400,0.8650,0.8400,0.8650,143306,121854
2016-12-23,0.8510,0.8520,0.8470,0.8490,634400,537490
2016-12-26,0.8350,0.8380,0.8340,0.8380,382007,319602
2016-12-27,0.8380,0.8600,0.8380,0.8600,107303,90227
2016-12-28,0.8470,0.8490,0.8470,0.8490,140503,119277
2016-12-29,0.8470,0.8470,0.8330,0.8400,28300,23730
2016-12-30,0.8350,0.8380,0.8350,0.8380,320011,268139
2017-01-03,0.8550,0.8560,0.8550,0.8560,55256,47279
2017-01-04,0.8600,0.8620,0.8600,0.8620,200100,172086
2017-01-05,0.8600,0.8680,0.8600,0.8680,23100,19867
2017-01-09,0.8600,0.8700,0.8530,0.8700,75907,65086
2017-01-10,0.8690,0.8760,0.8590,0.8740,258200,225459
2017-01-11,0.8750,0.8750,0.8600,0.8730,63401,54871
2017-01-12,0.8620,0.8700,0.8580,0.8580,17300,14894
2017-01-16,0.8450,0.8460,0.8210,0.8220,83100,68876
2017-01-17,0.8220,0.8400,0.8010,0.8400,125602,102273
2017-01-18,0.8060,0.8300,0.8060,0.8290,50300,41463
2017-01-19,0.8170,0.8860,0.8170,0.8860,10206,8375
2017-01-20,0.8390,0.8400,0.8380,0.8380,16600,13929
2017-01-23,0.8260,0.8520,0.8260,0.8520,16200,13389
2017-01-24,0.8460,0.8490,0.8370,0.8370,18900,16027
2017-01-26,0.8520,0.8520,0.8520,0.8520,3010000,2564520
2017-02-03,0.8650,0.8650,0.8530,0.8530,1600,1383
2017-02-06,0.8620,0.8620,0.8200,0.8620,18200,15126
2017-02-07,0.8600,0.8600,0.8550,0.8550,68602,58886
2017-02-08,0.8430,0.8670,0.8430,0.8670,386029,330702
2017-02-09,0.8630,0.8780,0.8600,0.8780,174621,152267
2017-02-10,0.8720,0.8820,0.8640,0.8820,1103802,959053
2017-02-13,0.8810,0.8870,0.8780,0.8810,2005300,1776606
2017-02-14,0.8890,0.8890,0.8810,0.8810,55100,48721
2017-02-15,0.8810,0.8930,0.8370,0.8770,77500,66528
2017-02-16,0.8830,0.9000,0.8830,0.8940,231403,205402
2017-02-17,0.8830,0.8930,0.8830,0.8920,98703,87422
2017-02-20,0.8860,0.8930,0.8860,0.8920,523848,465194
2017-02-21,0.8940,0.9000,0.8940,0.9000,1113089,1000931
2017-02-22,0.9000,0.9100,0.8890,0.9000,210300,190601
2017-02-23,0.8960,0.9080,0.8900,0.9060,99103,88997
2017-02-24,0.9050,0.9050,0.8920,0.9050,175000,158120
2017-02-27,0.9030,0.9050,0.8920,0.9030,50100,45190
2017-02-28,0.8930,0.9020,0.8850,0.9020,171715,152681
2017-03-01,0.8820,0.9050,0.8820,0.9050,306106,274122
2017-03-02,0.8870,0.9080,0.8870,0.9020,303044,273139
2017-03-03,0.8990,0.9100,0.8900,0.8960,58005,51810
2017-03-06,0.8960,0.9090,0.8960,0.9080,60407,54535
2017-03-07,0.9070,0.9070,0.9020,0.9020,78300,70918
2017-03-08,0.9000,0.9050,0.9000,0.9000,85801,77289
2017-03-09,0.8950,0.9000,0.8900,0.8900,253411,226465
2017-03-10,0.8900,0.9080,0.8900,0.9080,155927,139257
2017-03-13,0.8970,0.9100,0.8970,0.9100,68121,61331
2017-03-14,0.9000,0.9100,0.9000,0.9090,670516,608544
2017-03-15,0.9020,0.9130,0.9010,0.9020,473702,429679
2017-03-16,0.9090,0.9130,0.9060,0.9120,611707,556659
2017-03-17,0.9060,0.9150,0.9060,0.9070,307000,279895
2017-03-20,0.9020,0.9120,0.9020,0.9100,164500,148898
2017-03-21,0.9080,0.9100,0.9000,0.9040,8169301,7407010
2017-03-22,0.9090,0.9090,0.8980,0.8980,1173300,1058768
2017-03-23,0.8960,0.9090,0.8930,0.9090,870201,785344
2017-03-24,0.8980,0.9040,0.8980,0.9030,137400,124073
2017-03-27,0.9050,0.9090,0.9050,0.9050,881959,798217
2017-03-28,0.9050,0.9050,0.9050,0.9050,100,91
2017-03-29,0.9000,0.9090,0.9000,0.9020,31303,28204
2017-03-30,0.8810,0.9080,0.8810,0.8860,378200,337714
2017-03-31,0.8870,0.8900,0.8860,0.8860,112004,99265
2017-04-05,0.8980,0.9200,0.8980,0.9200,1303247,1195982
2017-04-06,0.9100,0.9310,0.9100,0.9200,989800,911045
2017-04-07,0.9030,0.9250,0.9020,0.9200,242102,220707
2017-04-10,0.9200,0.9250,0.9170,0.9210,1402925,1293754
2017-04-11,0.9180,0.9290,0.9100,0.9290,102803,94478
2017-04-12,0.9280,0.9280,0.9250,0.9250,415207,384292
2017-04-13,0.9290,0.9300,0.9250,0.9250,171904,159849
2017-04-14,0.9250,0.9270,0.9110,0.9270,25707,23748
2017-04-17,0.9260,0.9260,0.9060,0.9070,108300,98243
2017-04-18,0.8900,0.9280,0.8900,0.9190,4200,3745
2017-04-19,0.9080,0.9080,0.8780,0.8930,143000,126449
2017-04-20,0.8950,0.9280,0.8710,0.8790,31500,27854
2017-04-21,0.9480,0.9480,0.8560,0.8880,50206,43956
2017-04-24,0.9250,0.9250,0.8520,0.8770,24400,20952
2017-04-25,0.9440,0.9440,0.8410,0.8580,184000,156839
2017-04-26,0.9200,0.9200,0.8480,0.8490,219700,186752
2017-04-27,0.8250,0.9120,0.8250,0.8590,2325302,1961641
2017-04-28,0.8510,0.8600,0.8510,0.8580,4600,3920
2017-05-02,0.8650,0.8650,0.8480,0.8640,200015,171053
2017-05-03,0.8600,0.8650,0.8520,0.8650,211500,181828
2017-05-04,0.8640,0.8640,0.8630,0.8630,700,604
2017-05-05,0.8390,0.8590,0.8370,0.8580,31400,26450
2017-05-08,0.8380,0.9110,0.8380,0.8390,90011,75562
2017-05-11,0.8140,0.8200,0.8010,0.8100,157600,127594
2017-05-12,0.8110,0.8110,0.7930,0.8100,42900,34505
2017-05-15,0.7970,0.8170,0.7970,0.8170,36300,29335
2017-05-16,0.8650,0.8650,0.8100,0.8110,30900,25100
2017-05-17,0.8130,0.8210,0.8130,0.8210,18900,15514
2017-05-18,0.8170,0.8350,0.8170,0.8350,5800,4756
2017-05-19,0.8230,0.8240,0.8230,0.8240,5300,4367
2017-05-22,0.8140,0.8240,0.8050,0.8120,67603,55210
2017-05-23,0.8110,0.8160,0.8010,0.8160,16603,13343
2017-05-25,0.8000,0.8150,0.8000,0.8140,2026100,1621004
2017-06-01,0.8200,0.8200,0.8050,0.8050,15400,12479
2017-06-05,0.8260,0.8260,0.8260,0.8260,100,83
2017-06-07,0.8190,0.8250,0.8190,0.8250,61400,50287
2017-06-08,0.8170,0.8210,0.8150,0.8210,871553,713787
2017-06-09,0.8120,0.8120,0.8120,0.8120,9000,7308
2017-06-12,0.8090,0.8110,0.8050,0.8110,27600,22231
2017-06-13,0.8140,0.8190,0.8070,0.8190,77301,62757
2017-06-14,0.8110,0.8200,0.8110,0.8200,2600,2123
2017-06-15,0.8140,0.8290,0.8140,0.8250,27600,22727
2017-06-16,0.8260,0.8260,0.8240,0.8240,16800,13857
2017-06-19,0.8210,0.9000,0.8210,0.8980,4979253,4144037
2017-06-20,0.8880,0.8880,0.8300,0.8370,89203,74784
2017-06-21,0.8360,0.8400,0.8350,0.8390,1017800,850882
2017-06-22,0.8310,0.8340,0.8310,0.8340,56000,46547
2017-06-23,0.8340,0.8340,0.8270,0.8320,3200,2655
2017-06-26,0.8370,0.8520,0.8320,0.8520,92903,78163
2017-06-27,0.8500,0.8500,0.8450,0.8450,112700,95785
2017-06-28,0.8350,0.8530,0.8340,0.8530,61800,51694
2017-06-29,0.8520,0.8520,0.8440,0.8440,20600,17521
2017-06-30,0.8450,0.8450,0.8360,0.8430,1200,1007
2017-07-03,0.8430,0.8570,0.8290,0.8560,250401,213419
2017-07-04,0.8560,0.8660,0.8550,0.8620,16600400,14288061
2017-07-05,0.8590,0.8680,0.8580,0.8680,2123608,1826153
2017-07-06,0.8620,0.8710,0.8620,0.8710,219808,189918
2017-07-07,0.8690,0.8850,0.8690,0.8800,910601,800504
2017-07-10,0.8810,0.8900,0.8810,0.8820,39300,34710
2017-07-11,0.8790,0.8800,0.8790,0.8790,56501,49678
2017-07-12,0.8780,0.8780,0.8670,0.8770,11400,9889
2017-07-13,0.8780,0.8820,0.8760,0.8820,22101,19406
2017-07-14,0.8720,0.8820,0.8720,0.8820,38200,33427
2017-07-17,0.8690,0.8700,0.8480,0.8560,54900,47558
2017-07-18,0.8580,0.8620,0.8480,0.8620,155201,132804
2017-07-19,0.8700,0.8820,0.8700,0.8820,512302,450575
2017-07-20,0.8730,0.9130,0.8720,0.9120,1222514,1105076
2017-07-21,0.8900,0.9030,0.8900,0.8990,157400,141450
2017-07-24,0.8990,0.9120,0.8910,0.9100,1358500,1237955
2017-07-25,0.9060,0.9070,0.8920,0.8960,11001,9910
2017-07-26,0.9130,0.9160,0.8980,0.9100,822100,752181
2017-07-27,0.9130,0.9130,0.8990,0.9040,27505,24864
2017-07-28,0.9040,0.9220,0.9040,0.9200,457801,420715
2017-07-31,0.9130,0.9490,0.9130,0.9400,2361871,2206752
2017-08-01,0.9500,0.9560,0.9410,0.9560,2068136,1962610
2017-08-02,0.9560,0.9700,0.9460,0.9690,1022607,984101
2017-08-03,0.9690,0.9690,0.9520,0.9620,405008,386926
2017-08-04,0.9670,0.9730,0.9600,0.9680,776057,751459
2017-08-07,0.9590,0.9800,0.9590,0.9800,487717,475772
2017-08-08,0.9800,0.9850,0.9700,0.9700,105000,103146
2017-08-09,0.9840,0.9840,0.9680,0.9820,466809,457155
2017-08-10,0.9650,0.9770,0.9650,0.9690,187702,182560
2017-08-11,0.9590,0.9610,0.9390,0.9400,92200,88058
2017-08-14,0.9590,0.9590,0.9400,0.9500,31900,30115
2017-08-15,0.9500,0.9620,0.9500,0.9600,85800,81802
2017-08-16,0.9500,0.9500,0.9460,0.9490,25000,23728
2017-08-17,0.9540,0.9540,0.9500,0.9540,100803,96110
2017-08-18,0.9470,0.9570,0.9470,0.9570,22100,21029
2017-08-21,0.9470,0.9600,0.9470,0.9600,68504,65468
2017-08-22,0.9570,0.9650,0.9490,0.9650,337401,324593
2017-08-23,0.9650,0.9650,0.9480,0.9580,31101,29587
2017-08-24,0.9440,0.9560,0.9440,0.9560,93101,88084
2017-08-25,0.9550,0.9650,0.9450,0.9570,90101,85958
2017-08-28,0.9430,0.9630,0.9430,0.9590,176100,169139
2017-08-29,0.9620,0.9770,0.9580,0.9640,189000,182311
2017-08-30,0.9640,0.9700,0.9640,0.9700,359203,346865
2017-08-31,0.9660,0.9780,0.9660,0.9780,63200,61325
2017-09-01,0.9790,0.9980,0.9790,0.9930,1173793,1161641
2017-09-04,0.9990,1.0100,0.9990,1.0080,1885753,1888450
2017-09-05,1.0010,1.0030,0.9940,1.0010,448232,447324
2017-09-06,0.9990,1.0180,0.9990,1.0090,699709,705251
2017-09-07,1.0080,1.0080,1.0030,1.0050,113020,113886
2017-09-08,1.0100,1.0120,1.0100,1.0100,841220,849922
2017-09-11,1.0120,1.0190,1.0100,1.0180,491757,497797
2017-09-12,1.0180,1.0500,1.0180,1.0400,3685057,3827928
2017-09-13,1.0170,1.0400,1.0170,1.0400,1019288,1056573
2017-09-14,1.0260,1.0390,1.0220,1.0220,374223,385132
2017-09-15,1.0130,1.0200,1.0130,1.0130,2042408,2083024
2017-09-18,1.0470,1.0470,1.0030,1.0180,482521,489540
2017-09-19,1.0120,1.0160,1.0060,1.0140,106605,107657
2017-09-20,1.0110,1.0200,1.0110,1.0180,687051,699362
2017-09-21,1.0160,1.0220,1.0150,1.0190,117602,119570
2017-09-22,1.0150,1.0150,1.0060,1.0120,33500,33860
2017-09-25,1.0120,1.0120,1.0100,1.0100,1100,1111
2017-09-27,1.0070,1.0160,1.0070,1.0070,76500,77093
2017-09-28,1.0030,1.0090,0.9980,1.0000,62800,63078
2017-09-29,1.0000,1.0100,1.0000,1.0100,965100,969661
2017-10-09,1.0000,1.0230,1.0000,1.0170,113045,114561
2017-10-10,1.0110,1.0180,1.0110,1.0180,7700,7795
2017-10-11,1.0070,1.0130,1.0070,1.0090,568231,573745
2017-10-12,1.0060,1.0150,1.0050,1.0100,20200,20325
2017-10-13,1.0060,1.0120,1.0060,1.0120,247203,249724
2017-10-16,1.0150,1.0190,1.0120,1.0150,545602,553156
2017-10-17,1.0070,1.0140,1.0070,1.0080,39700,40048
2017-10-18,1.0000,1.0000,0.9940,1.0000,31906,31757
2017-10-19,0.9900,1.0080,0.9700,0.9830,2847800,2808571
2017-10-20,0.9800,0.9900,0.9800,0.9900,2033904,1993555
2017-10-23,0.9900,1.0000,0.9900,1.0000,1205,1197
2017-10-24,1.0020,1.0020,0.9920,1.0010,243113,242012
2017-10-25,1.0000,1.0020,0.9910,1.0010,48800,48766
2017-10-26,1.0000,1.0040,1.0000,1.0040,125910,126321
2017-10-27,1.0050,1.0050,0.9980,0.9980,66301,66299
2017-10-30,1.0040,1.0040,0.9730,0.9730,179300,177761
2017-10-31,0.9740,0.9900,0.9740,0.9900,16800,16603
2017-11-01,0.9810,0.9820,0.9810,0.9810,43300,42477
2017-11-02,0.9930,0.9930,0.9720,0.9800,2001800,1945780
2017-11-03,0.9710,0.9730,0.9500,0.9650,8831700,8546153
2017-11-06,0.9610,0.9690,0.9600,0.9690,45100,43315
2017-11-07,0.9720,0.9720,0.9700,0.9700,1400,1358
2017-11-08,0.9730,0.9860,0.9730,0.9840,4406000,4289912
2017-11-09,0.9820,0.9880,0.9800,0.9870,2299000,2261093
2017-11-10,0.9840,0.9860,0.9810,0.9860,55900,54930
2017-11-13,0.9860,0.9900,0.9800,0.9900,41500,40940
2017-11-14,0.9900,1.0030,0.9900,0.9900,1067200,1058468
2017-11-15,0.9830,0.9890,0.9800,0.9800,636200,623527
2017-11-16,0.9760,0.9760,0.9740,0.9740,9200,8970
2017-11-17,0.9670,0.9670,0.9530,0.9660,870000,833417
2017-11-20,0.9530,0.9530,0.9450,0.9500,9700,9188
2017-11-21,0.9550,0.9550,0.9400,0.9400,811380,773926
2017-11-22,0.9420,0.9440,0.9360,0.9380,117380,110200
2017-11-23,0.9400,0.9450,0.9340,0.9340,57100,53604
2017-11-24,0.9300,0.9370,0.9300,0.9370,23080,21478
2017-11-27,0.9350,0.9440,0.9300,0.9440,246408,231998
2017-11-28,0.9310,0.9380,0.9280,0.9380,227415,212149
2017-11-29,0.9410,0.9670,0.9410,0.9670,119400,114532
2017-11-30,0.9500,0.9500,0.9500,0.9500,2000,1900
2017-12-01,0.9610,0.9610,0.9510,0.9590,5871100,5636350
2017-12-04,0.9670,0.9670,0.9570,0.9570,317500,305064
2017-12-05,0.9500,0.9500,0.9340,0.9490,18300,17117
2017-12-06,0.9320,0.9320,0.9130,0.9310,716701,662612
2017-12-07,0.9280,0.9320,0.9110,0.9260,235134,218351
2017-12-08,0.9310,0.9360,0.9280,0.9360,130030,120969
2017-12-11,0.9340,0.9400,0.9340,0.9370,231000,216007
2017-12-12,0.9400,0.9540,0.9400,0.9440,3366600,3185294
2017-12-13,0.9380,0.9380,0.9330,0.9350,970000,907018
2017-12-14,0.9430,0.9430,0.9380,0.9380,339523,318503
2017-12-15,0.9380,0.9380,0.9180,0.9180,116000,108534
2017-12-18,0.9230,0.9380,0.9200,0.9380,72801,67898
2017-12-19,0.9320,0.9380,0.9320,0.9380,182200,169846
2017-12-20,0.9370,0.9380,0.9370,0.9380,63400,59467
2017-12-21,0.9250,0.9380,0.9220,0.9380,147110,136451
2017-12-22,0.9340,0.9350,0.9340,0.9350,36600,34217
2017-12-25,0.9390,0.9440,0.9220,0.9440,104000,97515
2017-12-26,0.9270,0.9400,0.9270,0.9400,300,281
2017-12-27,0.9280,0.9480,0.9280,0.9480,39302,36938
2017-12-28,0.9480,0.9500,0.9480,0.9500,37600,35688
2017-12-29,0.9490,0.9490,0.9490,0.9490,10100,9585
2018-01-02,0.9540,0.9700,0.9540,0.9700,87618,84117
2018-01-03,0.9690,0.9900,0.9690,0.9770,55200,53817
2018-01-04,0.9960,0.9960,0.9770,0.9900,554309,547883
2018-01-05,0.9830,0.9860,0.9770,0.9850,6500,6364
2018-01-08,0.9870,0.9920,0.9830,0.9900,162100,160027
2018-01-09,0.9880,0.9890,0.9840,0.9880,78201,77241
2018-01-10,0.9870,0.9890,0.9850,0.9860,244100,241346
2018-01-11,0.9860,0.9860,0.9800,0.9810,4006100,3941979
2018-01-12,0.9820,0.9890,0.9820,0.9820,4300,4228
2018-01-15,0.9770,0.9770,0.9680,0.9760,111400,108831
2018-01-16,0.9610,0.9700,0.9600,0.9700,283006,272789
2018-01-17,0.9700,0.9730,0.9440,0.9730,6500,6245
2018-01-18,0.9730,0.9730,0.9590,0.9730,14085,13607
2018-01-19,0.9730,0.9730,0.9630,0.9720,8800,8511
2018-01-22,0.9670,0.9760,0.9600,0.9760,124104,119311
2018-01-23,0.9720,0.9750,0.9630,0.9750,99609,96369
2018-01-24,0.9740,0.9750,0.9700,0.9750,92209,89688
2018-01-25,1.0000,1.0000,0.9810,0.9830,73708,72517
2018-01-26,0.9830,0.9830,0.9740,0.9770,17500,17077
2018-01-29,0.9830,0.9890,0.9720,0.9870,157509,154606
2018-01-30,0.9740,0.9780,0.9690,0.9760,68201,66173
2018-01-31,0.9710,0.9710,0.9510,0.9590,22600,21598
2018-02-01,0.9600,0.9600,0.9380,0.9380,22600,21282
2018-02-02,0.9380,0.9640,0.9160,0.9640,33701,31646
2018-02-05,0.9440,0.9590,0.9350,0.9590,27001,25460
2018-02-06,0.9430,0.9430,0.9170,0.9220,18500,17379
2018-02-07,0.9320,0.9320,0.9000,0.9200,271200,246254
2018-02-08,0.9010,0.9290,0.8980,0.9290,46701,42058
2018-02-09,0.9130,0.9130,0.8700,0.8790,54000,47551
2018-02-12,0.8570,0.9040,0.8570,0.9010,2800,2505
2018-02-13,0.9010,0.9660,0.9010,0.9040,14000,12863
2018-02-14,0.9040,0.9050,0.8650,0.9050,713900,631978
2018-02-22,0.9060,0.9200,0.9060,0.9200,127000,115876
2018-02-23,0.9200,0.9260,0.9200,0.9250,405300,374778
2018-02-26,0.9260,0.9500,0.9260,0.9490,441000,411959
2018-02-27,0.9490,0.9490,0.9360,0.9360,4000,3777
2018-02-28,0.9360,0.9410,0.9200,0.9410,1026400,952408
2018-03-01,0.9410,0.9410,0.9080,0.9340,205400,190502
2018-03-02,0.9340,0.9340,0.9140,0.9140,1016000,937470
2018-03-05,0.9230,0.9230,0.9200,0.9200,403000,371964
2018-03-06,0.9230,0.9280,0.9230,0.9280,37000,34257
2018-03-07,0.9300,0.9330,0.9220,0.9220,13500,12520
2018-03-08,0.9230,0.9240,0.9230,0.9240,34700,32029
2018-03-09,0.9310,0.9310,0.9280,0.9280,54700,50861
2018-03-12,0.9270,0.9450,0.9270,0.9450,31600,29542
2018-03-13,0.9450,0.9550,0.9410,0.9480,227900,216817
2018-03-14,0.9440,0.9500,0.9440,0.9500,174800,166049
2018-03-16,0.9370,0.9390,0.9370,0.9390,11300,10611
2018-03-19,0.9330,0.9380,0.9300,0.9300,504800,470984
2018-03-20,0.9270,0.9270,0.9210,0.9210,11900,10982
2018-03-21,0.9210,1.0000,0.9210,0.9270,82201,75931
2018-03-22,0.9270,0.9380,0.9180,0.9380,26700,24693
2018-03-23,0.9000,0.9170,0.8770,0.9000,43300,38390
2018-03-26,0.9000,0.9000,0.8600,0.8890,23900,21032
2018-03-27,0.9070,0.9630,0.8950,0.9000,26700,24360
2018-03-28,0.8880,0.9150,0.8580,0.9000,3800,3304
2018-03-29,0.8970,0.8970,0.8860,0.8960,4400,3928
2018-03-30,0.8920,0.8960,0.8920,0.8960,1200,1074
2018-04-02,0.8950,0.8970,0.8950,0.8970,54000,48422
2018-04-03,0.8850,0.8900,0.8850,0.8900,11400,10116
2018-04-09,0.8900,0.8900,0.8900,0.8900,8000,7120
2018-04-10,0.8990,0.8990,0.8990,0.8990,8000,7192
2018-04-11,0.8910,0.8950,0.8910,0.8950,23501,20953
2018-04-12,0.8920,0.8920,0.8900,0.8910,275800,245489
2018-04-13,0.8990,0.9010,0.8880,0.9010,20302,18251
2018-04-16,0.8860,0.8860,0.8840,0.8840,14700,12995
2018-04-17,0.8860,0.8940,0.8860,0.8940,1100,978
2018-04-18,0.8800,0.8800,0.8700,0.8800,3005,2642
2018-04-19,0.8850,0.8930,0.8800,0.8890,803,711
2018-04-20,0.8890,0.8930,0.8800,0.8800,1100,974
2018-04-24,0.8730,0.8780,0.8730,0.8780,25200,22125
2018-04-25,0.8830,0.8830,0.8750,0.8760,3100,2721
2018-04-26,0.8760,0.8760,0.8600,0.8600,9700,8432
2018-04-27,0.8520,0.8790,0.8520,0.8610,7300,6329
2018-05-02,0.8730,0.8730,0.8650,0.8700,61003,53063
2018-05-03,0.8700,0.8700,0.8700,0.8700,4800,4176
2018-05-04,0.8640,0.8730,0.8500,0.8730,99401,84503
2018-05-07,0.8750,0.8800,0.8630,0.8790,101016,87712
2018-05-08,0.8730,0.8880,0.8730,0.8840,493916,431958
2018-05-09,0.8810,0.8890,0.8740,0.8840,221700,195643
2018-05-10,0.8830,0.8870,0.8760,0.8870,356600,314418
2018-05-11,0.8870,0.8870,0.8730,0.8780,123200,108002
2018-05-14,0.8770,0.8800,0.8670,0.8690,142300,124215
2018-05-15,0.8780,0.8780,0.8690,0.8750,5248,4568
2018-05-16,0.8750,0.8750,0.8650,0.8720,25500,22168
2018-05-17,0.8700,0.8740,0.8650,0.8700,16000,13877
2018-05-18,0.8650,0.8740,0.8650,0.8740,61800,53826
2018-05-21,0.8790,0.9010,0.8790,0.9010,378250,336964
2018-05-22,0.9000,0.9080,0.9000,0.9080,50301,45368
2018-05-23,0.9080,0.9080,0.8980,0.9050,61603,55575
2018-05-24,0.8820,0.9000,0.8770,0.8790,37600,33297
2018-05-25,0.8750,0.8850,0.8610,0.8810,67402,58159
2018-05-28,0.8670,0.8690,0.8570,0.8620,41002,35489
2018-05-29,0.8590,0.8680,0.8480,0.8610,10100,8635
2018-05-30,0.8550,0.8550,0.8440,0.8530,6500,5499
2018-05-31,0.8530,0.8690,0.8520,0.8520,19200,16486
2018-06-01,0.8570,0.8600,0.8520,0.8530,7300,6235
2018-06-04,0.8450,0.8620,0.8410,0.8430,27800,23418
2018-06-05,0.8400,0.8500,0.8380,0.8500,45301,38055
2018-06-06,0.8470,0.8500,0.8450,0.8480,6900,5850
2018-06-07,0.8530,0.8550,0.8520,0.8530,26000,22188
2018-06-08,0.8480,0.8480,0.8400,0.8400,27900,23492
2018-06-11,0.8380,0.8440,0.8360,0.8420,23400,19577
2018-06-12,0.8400,0.8430,0.8350,0.8430,9100,7661
2018-06-13,0.8430,0.8430,0.8420,0.8420,600,505
2018-06-14,0.8380,0.8380,0.8380,0.8380,1100,922
2018-06-15,0.8380,0.8380,0.8260,0.8290,41103,34244
2018-06-19,0.8230,0.8230,0.8050,0.8050,3700,3001
2018-06-20,0.7860,0.7880,0.7850,0.7870,2200,1730
2018-06-21,0.7900,0.7910,0.7830,0.7880,53003,41773
2018-06-22,0.7450,0.8090,0.7450,0.7640,10600,7941
2018-06-25,0.7850,0.7850,0.7750,0.7810,20800,16209
2018-06-26,0.7810,0.7810,0.7640,0.7770,6800,5289
2018-06-27,0.7840,0.7840,0.7840,0.7840,500,392
2018-06-28,0.7710,0.7710,0.7700,0.7710,200,154
2018-06-29,0.7790,0.7790,0.7790,0.7790,200,156
2018-07-02,0.7870,0.7940,0.7720,0.7720,6700,5202
2018-07-03,0.7640,0.7640,0.7640,0.7640,400,306
2018-07-04,0.7640,0.7720,0.7640,0.7720,6498,4979
2018-07-05,0.7650,0.7710,0.7470,0.7480,7600,5717
2018-07-06,0.7540,0.7750,0.7540,0.7720,43900,33889
2018-07-09,0.7810,0.7850,0.7590,0.7850,2400,1852
2018-07-10,0.7840,0.7890,0.7600,0.7890,515100,391683
2018-07-11,0.7770,0.7770,0.7470,0.7620,84400,63593
2018-07-12,0.7600,0.7660,0.7560,0.7640,6070401,4621607
2018-07-13,0.7640,0.7660,0.7570,0.7650,112400,85541
2018-07-16,0.7650,0.7650,0.7570,0.7610,59103,44827
2018-07-17,0.7570,0.7610,0.7570,0.7610,3800,2882
2018-07-18,0.7590,0.7650,0.7590,0.7600,106700,81297
2018-07-19,0.7620,0.7650,0.7580,0.7580,51300,38917
2018-07-20,0.7600,0.7630,0.7600,0.7630,4100,3125
2018-07-23,0.7670,0.7740,0.7620,0.7740,60900,46838
2018-07-24,0.7780,0.7950,0.7780,0.7930,31400,24687
2018-07-25,0.7950,0.8020,0.7950,0.7990,26598,21257
2018-07-26,0.8040,0.8040,0.7950,0.7950,1202,957
2018-07-27,0.7900,0.7940,0.7850,0.7940,23300,18410
2018-07-30,0.7960,0.7960,0.7840,0.7940,9703,7672
2018-07-31,0.7850,0.7900,0.7850,0.7900,11200,8798
2018-08-01,0.7840,0.7960,0.7810,0.7810,13700,10718
2018-08-02,0.7770,0.7820,0.7520,0.7540,268706,206360
2018-08-03,0.7630,0.7630,0.7540,0.7540,10800,8155
2018-08-06,0.7470,0.7680,0.7390,0.7580,37600,27966
2018-08-07,0.7430,0.7600,0.7430,0.7600,506800,376631
2018-08-08,0.7600,0.7610,0.7500,0.7560,27200,20414
2018-08-09,0.7560,0.7700,0.7560,0.7690,1093014,836119
2018-08-10,0.7640,0.7740,0.7610,0.7740,16509,12682
2018-08-13,0.7660,0.7740,0.7660,0.7740,26910,20669
2018-08-15,0.7610,0.7780,0.7610,0.7750,12000,9236
2018-08-16,0.7590,0.7750,0.7490,0.7750,2400,1815
2018-08-17,0.7680,0.7910,0.7410,0.7800,26100,20371
2018-08-20,0.7720,0.7880,0.7300,0.7750,600,457
2018-08-21,0.7650,0.7880,0.7450,0.7880,7500,5650
2018-08-22,0.7750,0.7750,0.7500,0.7720,2500,1928
2018-08-24,0.7610,0.7750,0.7610,0.7740,15700,12057
2018-08-27,0.7750,0.7760,0.7550,0.7730,56616,42777
2018-08-28,0.7600,0.7650,0.7600,0.7640,3000,2285
2018-08-30,0.7520,0.7680,0.7520,0.7640,1200,905
2018-08-31,0.7540,0.7540,0.7540,0.7540,100,75
2018-09-03,0.7610,0.7610,0.7460,0.7560,2000,1504
2018-09-04,0.7460,0.7460,0.7460,0.7460,35500,26483
2018-09-05,0.7460,0.7460,0.7460,0.7460,100,75
2018-09-07,0.7230,0.7390,0.7180,0.7250,5400,3895
2018-09-10,0.7310,0.7310,0.7170,0.7240,254300,184042
2018-09-11,0.7190,0.7270,0.7080,0.7080,9200,6517
2018-09-12,0.7740,0.7740,0.7020,0.7160,15200,10693
2018-09-13,0.7020,0.7100,0.7000,0.7100,63400,44681
2018-09-14,0.7100,0.7700,0.6990,0.7220,15900,11399
2018-09-17,0.7600,0.7600,0.7250,0.7280,2500,1824
2018-09-18,0.7510,0.7510,0.7510,0.7510,100,75
2018-09-19,0.7210,0.7290,0.7180,0.7260,9000,6498
2018-09-20,0.7290,0.7290,0.7170,0.7280,400,290
2018-09-21,0.7260,0.7370,0.7260,0.7270,6300,4577
2018-09-25,0.7300,0.7300,0.7300,0.7300,200,146
2018-09-26,0.7210,0.7370,0.7210,0.7340,13201,9684
2018-09-28,0.7230,0.7430,0.7230,0.7430,13000,9401
2018-10-08,0.7220,0.7500,0.7120,0.7360,1100,806
2018-10-09,0.7270,0.7280,0.7240,0.7280,800,581
2018-10-10,0.7180,0.7180,0.7180,0.7180,100,72
2018-10-11,0.7100,0.7100,0.7090,0.7100,200,142
2018-10-12,0.6600,0.7260,0.6600,0.6700,426600,285879
2018-10-15,0.6830,0.6900,0.6610,0.6850,27500,18236
2018-10-16,0.6640,0.6840,0.6360,0.6500,194702,126520
2018-10-17,0.6650,0.6650,0.6360,0.6360,150200,96336
2018-10-18,0.6330,0.6350,0.6120,0.6200,103702,63559
2018-10-19,0.6060,0.6260,0.6060,0.6250,38800,23824
2018-10-22,0.6360,0.6540,0.6300,0.6470,187108,120693
2018-10-23,0.6470,0.6470,0.6370,0.6390,25400,16236
2018-10-24,0.6370,0.6430,0.6360,0.6400,6800,4349
2018-10-25,0.6220,0.6390,0.6220,0.6390,19700,12386
2018-10-26,0.6360,0.6460,0.6360,0.6430,42100,26941
2018-10-29,0.6370,0.6370,0.6290,0.6300,3600,2292
2018-10-30,0.6280,0.6370,0.6280,0.6370,17100,10768
2018-10-31,0.6410,0.6450,0.6370,0.6450,126010,80950
2018-11-01,0.6490,0.6630,0.6420,0.6500,143000,92593
2018-11-02,0.6580,0.6680,0.6500,0.6570,13000,8536
2018-11-05,0.6670,0.6670,0.6560,0.6630,7400,4928
2018-11-06,0.6610,0.6640,0.6550,0.6640,81824,54248
2018-11-07,0.6630,0.6710,0.6620,0.6700,16407,10871
2018-11-08,0.6630,0.6760,0.6630,0.6690,13400,8887
2018-11-09,0.6690,0.6720,0.6690,0.6710,5000,3346
2018-11-13,0.6620,0.6780,0.6620,0.6710,4200,2818
2018-11-14,0.6760,0.6760,0.6670,0.6740,3800,2541
2018-11-15,0.6730,0.6770,0.6730,0.6770,6100,4109
2018-11-16,0.6740,0.6830,0.6740,0.6810,14400,9781
2018-11-19,0.6810,0.6810,0.6810,0.6810,200,136
2018-11-20,0.6750,0.6810,0.6680,0.6680,12000,8019
2018-11-21,0.6670,0.6680,0.6550,0.6680,7300,4798
2018-11-22,0.6660,0.6700,0.6610,0.6610,116713,77706
2018-11-23,0.6590,0.6590,0.6470,0.6520,10900,7058
2018-11-26,0.6510,0.6510,0.6510,0.6510,2300,1497
2018-11-27,0.6500,0.6500,0.6500,0.6500,1100,715
2018-11-28,0.6580,0.6580,0.6400,0.6400,3200,2054
2018-11-29,0.6490,0.6490,0.6480,0.6480,200,130
2018-11-30,0.6550,0.6550,0.6250,0.6550,18000,11350
2018-12-03,0.6550,0.6750,0.6430,0.6560,48300,31366
2018-12-04,0.6430,0.6550,0.6430,0.6550,5200,3389
2018-12-05,0.6500,0.6540,0.6460,0.6530,8300,5364
2018-12-06,0.6450,0.6450,0.6440,0.6440,400,258
2018-12-07,0.6490,0.6490,0.6460,0.6480,3800,2457
2018-12-10,0.6380,0.6400,0.6380,0.6400,20600,13182
2018-12-11,0.6370,0.6420,0.6340,0.6410,36303,23074
2018-12-12,0.6450,0.6460,0.6360,0.6460,1900,1210
2018-12-13,0.6380,0.6510,0.6380,0.6450,9900,6433
2018-12-14,0.6430,0.6490,0.6380,0.6390,5200,3337
2018-12-17,0.6380,0.6490,0.6310,0.6350,14800,9403
2018-12-18,0.6290,0.6390,0.6120,0.6360,9905,6241
2018-12-19,0.6280,0.6330,0.6200,0.6230,5000,3141
2018-12-20,0.6170,0.6280,0.6170,0.6260,5500,3443
2018-12-21,0.6220,0.6220,0.6160,0.6190,1800,1113
2018-12-24,0.5960,0.6240,0.5960,0.6240,1200,738
2018-12-25,0.6100,0.6210,0.5980,0.6190,29100,17565
2018-12-26,0.6240,0.6240,0.6030,0.6180,25800,15838
2018-12-27,0.6420,0.6420,0.6120,0.6350,1700,1050
2018-12-28,0.6440,0.6440,0.6410,0.6410,200,129
2019-01-02,0.6460,0.6460,0.5870,0.6390,1100,688
2019-01-03,0.5990,0.6650,0.5920,0.6290,6100,3796
2019-01-04,0.5940,0.6480,0.5870,0.6350,18214,11020
2019-01-07,0.6120,0.6330,0.6090,0.6270,20800,12858
2019-01-08,0.6290,0.6290,0.5960,0.6270,1400,848
2019-01-09,0.6160,0.6270,0.6160,0.6200,15300,9480
2019-01-10,0.6150,0.6220,0.6150,0.6220,55700,34604
2019-01-11,0.6210,0.6210,0.6200,0.6200,22103,13707
2019-01-14,0.6210,0.6210,0.6210,0.6210,500,311
2019-01-15,0.6270,0.6350,0.6270,0.6270,23800,14949
2019-01-16,0.6250,0.6430,0.6250,0.6410,10902,6827
2019-01-18,0.6450,0.6450,0.6450,0.6450,1600,1032
2019-01-21,0.6470,0.6470,0.6450,0.6450,8200,5290
2019-01-22,0.6300,0.6300,0.6300,0.6300,100,63
2019-01-23,0.6460,0.6460,0.6450,0.6450,1200,774
2019-01-24,0.6290,0.6470,0.6290,0.6470,400,253
2019-01-25,0.6490,0.6490,0.6490,0.6490,2000,1298
2019-01-28,0.6470,0.6470,0.6470,0.6470,300,194
2019-01-29,0.6280,0.6470,0.6280,0.6470,400,253
2019-01-30,0.6470,0.6500,0.6170,0.6490,19300,12148
2019-01-31,0.6350,0.6480,0.6350,0.6480,2100,1360
2019-02-01,0.6400,0.6630,0.6400,0.6630,17500,11401
2019-02-11,0.6660,0.6800,0.6630,0.6800,7900,5255
2019-02-12,0.6730,0.6730,0.6650,0.6650,6900,4614
2019-02-13,0.6570,0.6700,0.6550,0.6700,22115,14526
2019-02-14,0.6610,0.6610,0.6600,0.6610,28000,18496
2019-02-15,0.6600,0.6600,0.6600,0.6600,300,198
2019-02-18,0.6690,0.6690,0.6600,0.6690,46400,30939
2019-02-19,0.6700,0.6770,0.6650,0.6770,30400,20405
2019-02-20,0.6770,0.6850,0.6700,0.6840,123500,84430
2019-02-21,0.6770,0.6930,0.6730,0.6890,138400,93728
2019-02-22,0.6690,0.6900,0.6690,0.6900,21400,14468
2019-02-25,0.6900,0.7250,0.6870,0.7210,94027,66615
2019-02-26,0.7250,0.7400,0.7110,0.7380,355121,255683
2019-02-27,0.7270,0.7360,0.7190,0.7200,200706,144997
2019-02-28,0.7180,0.7350,0.7180,0.7210,836300,611047
2019-03-01,0.7250,0.7350,0.7220,0.7270,265407,192861
2019-03-04,0.7420,0.7550,0.7270,0.7400,267021,198775
2019-03-05,0.7420,0.7520,0.7280,0.7500,1196915,887692
2019-03-06,0.7560,0.7700,0.7420,0.7670,661515,495295
2019-03-07,0.7670,0.7800,0.7570,0.7780,154100,118415
2019-03-08,0.7740,0.7740,0.7360,0.7360,294410,221480
2019-03-11,0.7330,0.7570,0.7260,0.7530,246491,183283
2019-03-12,0.7490,0.7700,0.7490,0.7610,650600,498124
2019-03-13,0.7580,0.7670,0.7500,0.7610,105300,79749
2019-03-14,0.7570,0.7730,0.7490,0.7700,49301,37644
2019-03-15,0.7670,0.7790,0.7430,0.7750,111500,85736
2019-03-18,0.7740,0.7810,0.7520,0.7800,169852,130802
2019-03-19,0.7800,0.7970,0.7720,0.7930,123606,97224
2019-03-20,0.7810,0.7930,0.7750,0.7920,7700,6076
2019-03-21,0.7910,0.7950,0.7830,0.7900,19100,15035
2019-03-22,0.7850,0.7920,0.7760,0.7920,63800,50238
2019-03-25,0.8000,0.8020,0.7740,0.8000,251300,200165
2019-03-26,0.8070,0.8070,0.7540,0.7970,94800,73469
2019-03-27,0.7870,0.7920,0.7710,0.7890,12100,9443
2019-03-28,0.7810,0.7810,0.7630,0.7720,23700,18450
2019-03-29,0.7540,0.7960,0.7540,0.7930,216421,166460
2019-04-01,0.7940,0.8220,0.7860,0.8020,341300,274666
2019-04-02,0.8070,0.8280,0.8000,0.8200,582118,473884
2019-04-03,0.8200,0.8380,0.8110,0.8380,409910,338588
2019-04-04,0.8290,0.8550,0.8150,0.8550,66091,56247
2019-04-08,0.9100,0.9400,0.9100,0.9250,690025,642281
2019-04-09,0.9250,1.0180,0.8800,0.9770,555200,530498
2019-04-10,0.9830,0.9830,0.8790,0.9020,1697017,1521812
2019-04-11,0.8930,0.8930,0.8220,0.8220,2119800,1770586
2019-04-12,0.8220,0.8330,0.8070,0.8160,557300,452793
2019-04-15,0.8620,0.8640,0.8050,0.8060,2052700,1716970
2019-04-16,0.8050,0.8250,0.7890,0.8250,1621800,1325898
2019-04-17,0.8200,0.8300,0.8150,0.8280,910600,751367
2019-04-18,0.8290,0.8310,0.8100,0.8270,1481000,1209222
2019-04-19,0.8110,0.8280,0.8100,0.8280,833819,681343
2019-04-22,0.8270,0.8270,0.8100,0.8110,305100,249128
2019-04-23,0.8080,0.8140,0.7990,0.8010,280500,226280
2019-04-24,0.8010,0.8080,0.7980,0.8050,308900,247886
2019-04-25,0.8010,0.8040,0.7750,0.7910,454295,356953
2019-04-26,0.7820,0.7820,0.7660,0.7720,305695,235888
2019-04-29,0.7700,0.7760,0.7450,0.7470,181500,137028
2019-04-30,0.7470,0.7550,0.7460,0.7480,95200,71241
2019-05-06,0.7480,0.7480,0.6950,0.7000,396400,284762
2019-05-07,0.7000,0.7260,0.7000,0.7040,199000,139991
2019-05-08,0.6930,0.7080,0.6930,0.7000,189300,133036
2019-05-09,0.7000,0.7020,0.6930,0.6990,137000,95522
2019-05-10,0.7000,0.7100,0.6970,0.7100,500628,352435
2019-05-13,0.7070,0.7070,0.6990,0.7040,195600,136950
2019-05-14,0.6940,0.7040,0.6940,0.7040,333600,233024
2019-05-15,0.7030,0.7150,0.7010,0.7110,215328,152467
2019-05-16,0.7120,0.7310,0.7120,0.7280,459800,333098
2019-05-17,0.7250,0.7330,0.7020,0.7060,63100,44907
2019-05-20,0.6970,0.7160,0.6900,0.7060,208500,145139
2019-05-21,0.7100,0.7190,0.7080,0.7190,86200,61425
2019-05-22,0.7150,0.7180,0.7100,0.7100,54100,38669
2019-05-23,0.7030,0.7120,0.7000,0.7100,63600,44619
2019-05-24,0.6970,0.7030,0.6910,0.7030,190500,132173
2019-05-27,0.6990,0.7070,0.6950,0.7060,88800,62072
2019-05-28,0.7050,0.7120,0.7030,0.7060,125128,88472
2019-05-29,0.7060,0.7120,0.6950,0.7120,192700,136497
2019-05-30,0.7110,0.7170,0.7030,0.7170,219200,155051
2019-05-31,0.7100,0.7120,0.7070,0.7100,30928,21895
2019-06-03,0.7080,0.7090,0.6980,0.7070,254328,179104
2019-06-04,0.6950,0.7070,0.6930,0.7070,20000,14069
2019-06-05,0.7090,0.7090,0.6940,0.7020,54400,37989
2019-06-06,0.6950,0.7010,0.6850,0.7000,25000,17399
2019-06-10,0.7050,0.7050,0.6830,0.7030,18400,12672
2019-06-11,0.7010,0.7180,0.6940,0.7180,153000,108153
2019-06-12,0.7210,0.7250,0.7130,0.7230,267100,192762
2019-06-13,0.7170,0.7230,0.7110,0.7110,71200,50632
2019-06-14,0.7210,0.7210,0.7010,0.7010,50400,35710
2019-06-17,0.7090,0.7130,0.7010,0.7010,16700,11760
2019-06-18,0.7010,0.7050,0.7000,0.7050,19400,13600
2019-06-19,0.7170,0.7170,0.7080,0.7090,29300,20814
2019-06-20,0.7050,0.7180,0.7050,0.7180,38900,27567
2019-06-21,0.7180,0.7290,0.7180,0.7230,319800,231521
2019-06-24,0.7230,0.7300,0.7210,0.7270,44100,31888
2019-06-25,0.7270,0.7270,0.7180,0.7240,68500,49347
2019-06-26,0.7220,0.7240,0.7180,0.7200,40100,28913
2019-06-27,0.7240,0.7270,0.7210,0.7220,89300,64578
2019-06-28,0.7180,0.7220,0.7160,0.7170,15500,11113
2019-07-01,0.7250,0.7330,0.7250,0.7290,68401,49793
2019-07-02,0.7330,0.7370,0.7300,0.7340,110400,80873
2019-07-03,0.7340,0.7340,0.7300,0.7320,74100,54150
2019-07-04,0.7400,0.7400,0.7270,0.7270,81800,59683
2019-07-05,0.7260,0.7320,0.7240,0.7320,35400,25744
2019-07-08,0.7260,0.7260,0.7020,0.7070,90400,63986
2019-07-09,0.7100,0.7100,0.7030,0.7080,26600,18823
2019-07-10,0.7100,0.7100,0.7020,0.7020,10200,7179
2019-07-11,0.7190,0.7190,0.7020,0.7070,16800,11895
2019-07-12,0.7090,0.7120,0.7040,0.7050,82400,58451
2019-07-15,0.7050,0.7180,0.7050,0.7160,41800,29804
2019-07-17,0.7200,0.7200,0.7080,0.7180,11200,8004
2019-07-18,0.7100,0.7150,0.7060,0.7130,1300,922
2019-07-19,0.7140,0.7210,0.7080,0.7180,111800,80003
2019-07-22,0.7080,0.7080,0.6990,0.6990,35400,24909
2019-07-23,0.7000,0.7000,0.6960,0.6960,192630,134179
2019-07-24,0.7060,0.7150,0.7010,0.7100,54300,38462
2019-07-25,0.7100,0.7100,0.7070,0.7080,26200,18577
2019-07-26,0.7010,0.7080,0.6970,0.7080,2700,1902
2019-07-29,0.7080,0.7090,0.6990,0.7080,39500,27741
2019-07-30,0.7070,0.7120,0.7030,0.7060,32200,22748
2019-07-31,0.7060,0.7080,0.6980,0.7050,57000,39995
2019-08-01,0.7040,0.7040,0.6940,0.7010,42900,29841
2019-08-02,0.6900,0.6980,0.6880,0.6930,76400,52674
2019-08-05,0.6870,0.6980,0.6870,0.6900,7100,4906
2019-08-06,0.6650,0.6820,0.6600,0.6680,74500,49446
2019-08-07,0.6700,0.6800,0.6690,0.6710,203200,136524
2019-08-08,0.6790,0.6800,0.6730,0.6790,49100,33299
2019-08-09,0.6750,0.6800,0.6740,0.6770,252400,170593
2019-08-12,0.6760,0.6790,0.6650,0.6750,114100,76468
2019-08-13,0.6670,0.6730,0.6650,0.6670,121900,81921
2019-08-14,0.6750,0.6790,0.6710,0.6770,41900,28141
2019-08-15,0.6670,0.6780,0.6670,0.6780,67900,45303
2019-08-16,0.6690,0.6790,0.6690,0.6780,14800,9986
2019-08-19,0.6780,0.6910,0.6780,0.6900,155700,106838
2019-08-20,0.6900,0.6950,0.6890,0.6900,116800,80614
2019-08-21,0.6960,0.6960,0.6860,0.6890,15900,10943
2019-08-22,0.6850,0.6930,0.6840,0.6890,23500,16127
2019-08-23,0.6890,0.6920,0.6820,0.6890,36300,24882
2019-08-26,0.6860,0.6860,0.6770,0.6810,178800,121483
2019-08-27,0.6790,0.6970,0.6790,0.6900,174600,120021
2019-08-28,0.6930,0.6940,0.6890,0.6940,55200,38115
2019-08-29,0.6870,0.6940,0.6860,0.6930,27700,19095
2019-08-30,0.6900,0.6960,0.6860,0.6910,34300,23657
2019-09-02,0.6890,0.6990,0.6880,0.6980,102802,71278
2019-09-03,0.6970,0.6970,0.6940,0.6970,162006,112799
2019-09-04,0.7000,0.7120,0.7000,0.7120,191700,135285
2019-09-05,0.7120,0.7250,0.7120,0.7190,129200,92961
2019-09-06,0.7160,0.7190,0.7160,0.7170,46200,33088
2019-09-09,0.7170,0.7250,0.7140,0.7250,171201,123658
2019-09-10,0.7250,0.7310,0.7250,0.7280,78400,57001
2019-09-11,0.7300,0.7330,0.7260,0.7320,114403,83587
2019-09-12,0.7260,0.7350,0.7200,0.7320,279510,203483
2019-09-16,0.7300,0.7370,0.7300,0.7340,182700,133641
2019-09-17,0.7240,0.7320,0.7150,0.7190,47300,34184
2019-09-18,0.7180,0.7180,0.7180,0.7180,2400,1723
2019-09-19,0.7120,0.7200,0.7010,0.7200,79701,56892
2019-09-20,0.7200,0.7210,0.7150,0.7150,6000,4296
2019-09-23,0.7100,0.7130,0.6910,0.7100,89100,62307
2019-09-24,0.7110,0.7150,0.7070,0.7090,90100,64001
2019-09-25,0.7060,0.7150,0.7010,0.7100,859904,612854
2019-09-26,0.7110,0.7110,0.7000,0.7000,19200,13455
2019-09-27,0.7000,0.7080,0.7000,0.7000,15600,10921
2019-09-30,0.7060,0.7090,0.6800,0.7000,29400,20425
2019-10-08,0.6840,0.6970,0.6840,0.6900,29500,20410
2019-10-09,0.6890,0.7000,0.6840,0.7000,125100,87031
2019-10-10,0.6920,0.7000,0.6920,0.7000,6200,4302
2019-10-11,0.6950,0.7030,0.6950,0.7030,11700,8164
2019-10-14,0.7040,0.7100,0.7040,0.7090,63000,44396
2019-10-15,0.7000,0.7070,0.6990,0.7070,10700,7481
2019-10-16,0.7090,0.7090,0.7090,0.7090,602841,427414
2019-10-17,0.7080,0.7080,0.6960,0.6960,8000,5576
2019-10-18,0.7100,0.7100,0.7100,0.7100,200,142
2019-10-21,0.6900,0.7090,0.6900,0.7090,54108,37929
2019-10-22,0.6830,0.7090,0.6830,0.7090,7600,5253
2019-10-23,0.6900,0.7000,0.6900,0.6910,1700,1181
2019-10-24,0.7080,0.7080,0.7020,0.7070,9801,6911
2019-10-25,0.6900,0.7000,0.6900,0.7000,1501,1041
2019-10-28,0.7090,0.7200,0.6930,0.7160,26200,18623
2019-10-29,0.7160,0.7160,0.7000,0.7000,3200,2272
2019-10-30,0.6900,0.7000,0.6900,0.7000,35800,24703
2019-10-31,0.6900,0.6900,0.6860,0.6860,25000,17162
2019-11-01,0.6830,0.7000,0.6830,0.6980,7700,5327
2019-11-04,0.6900,0.6980,0.6900,0.6980,40000,27680
2019-11-05,0.6950,0.6990,0.6950,0.6960,8200,5711
2019-11-07,0.7010,0.7010,0.6950,0.7010,4200,2944
2019-11-08,0.6940,0.7050,0.6900,0.6900,10500,7282
2019-11-11,0.6810,0.6900,0.6710,0.6860,23900,16130
2019-11-12,0.6800,0.6900,0.6780,0.6900,17800,12139
2019-11-14,0.6810,0.6900,0.6730,0.6900,14200,9614
2019-11-15,0.6740,0.6890,0.6740,0.6800,6000,4107
2019-11-18,0.6820,0.7000,0.6820,0.7000,2300,1578
2019-11-19,0.6900,0.7000,0.6900,0.7000,6400,4466
2019-11-20,0.6900,0.7000,0.6830,0.7000,11400,7817
2019-11-21,0.6980,0.6980,0.6750,0.6890,12200,8299
2019-11-22,0.6890,0.6990,0.6820,0.6900,36301,25001
2019-11-25,0.6990,0.6990,0.6830,0.6830,9000,6227
2019-11-26,0.6880,0.6960,0.6880,0.6900,40600,28026
2019-11-27,0.6910,0.6910,0.6910,0.6910,15000,10365
2019-11-28,0.6840,0.6850,0.6840,0.6840,21000,14369
2019-11-29,0.6820,0.6820,0.6820,0.6820,20901,14254
2019-12-02,0.6850,0.7000,0.6850,0.6980,62200,43187
2019-12-03,0.6990,0.7010,0.6990,0.7010,25000,17500
2019-12-04,0.7010,0.7090,0.7010,0.7040,71800,50572
2019-12-05,0.6900,0.7000,0.6900,0.7000,46800,32603
2019-12-06,0.7000,0.7100,0.6920,0.7100,61500,43433
2019-12-09,0.7100,0.7100,0.7100,0.7100,9000,6390
2019-12-10,0.7010,0.7080,0.6990,0.7030,92307,64610
2019-12-11,0.7030,0.7050,0.6980,0.6980,77900,54600
2019-12-12,0.6990,0.7050,0.6970,0.6990,182806,127903
2019-12-13,0.7080,0.7100,0.6950,0.7100,121500,85735
2019-12-16,0.7110,0.7140,0.7060,0.7140,164709,116916
2019-12-17,0.7140,0.7300,0.7140,0.7210,118501,85668
2019-12-18,0.7260,0.7400,0.7240,0.7260,106701,78040
2019-12-19,0.7370,0.7370,0.7210,0.7210,70800,51196
2019-12-20,0.7400,0.7470,0.7230,0.7300,40000,29229
2019-12-23,0.7400,0.7410,0.7200,0.7200,45500,33234
2019-12-24,0.7230,0.7290,0.7200,0.7280,34500,25140
2019-12-25,0.7300,0.7400,0.7250,0.7300,34300,25086
2019-12-26,0.7280,0.7390,0.7280,0.7390,33801,24950
2019-12-27,0.7390,0.7600,0.7370,0.7510,669301,496063
2019-12-30,0.7500,0.7650,0.7410,0.7570,1248846,932042
2019-12-31,0.7580,0.7600,0.7530,0.7600,155700,118007
2020-01-02,0.7610,0.7730,0.7600,0.7730,313020,241138
2020-01-03,0.7720,0.7790,0.7720,0.7780,154972,120164
2020-01-06,0.7640,0.7880,0.7640,0.7820,113517,88762
2020-01-07,0.7840,0.7880,0.7840,0.7860,223803,175622
2020-01-08,0.7860,0.7900,0.7760,0.7800,415600,325459
2020-01-09,0.7820,0.7840,0.7750,0.7800,107200,83505
2020-01-10,0.7710,0.7890,0.7660,0.7890,134800,104964
2020-01-13,0.7760,0.7900,0.7730,0.7800,544900,425661
2020-01-14,0.7800,0.8000,0.7800,0.7920,583397,463418
2020-01-15,0.7900,0.7900,0.7800,0.7820,73200,57265
2020-01-16,0.7900,0.7900,0.7810,0.7810,18900,14799
2020-01-17,0.7800,0.7850,0.7770,0.7800,62200,48459
2020-01-20,0.7800,0.7850,0.7800,0.7850,56701,44446
2020-01-21,0.7860,0.7860,0.7710,0.7740,118900,92648
2020-01-22,0.7700,0.7780,0.7590,0.7780,150100,115563
2020-01-23,0.7670,0.7710,0.7300,0.7670,168701,127226
2020-02-03,0.7400,0.7400,0.6900,0.6900,268000,185726
2020-02-04,0.6800,0.6910,0.6780,0.6840,147000,100847
2020-02-05,0.6860,0.7090,0.6860,0.6990,337802,235098
2020-02-06,0.7040,0.7180,0.6850,0.7090,277600,196838
2020-02-07,0.7130,0.7190,0.7050,0.7190,370419,263693
2020-02-10,0.7200,0.7340,0.7150,0.7340,104100,75869
2020-02-11,0.7380,0.7430,0.7340,0.7390,159200,117656
2020-02-12,0.7430,0.7500,0.7420,0.7500,69400,51760
2020-02-13,0.7600,0.7600,0.7500,0.7500,149900,113054
2020-02-14,0.7510,0.7550,0.7500,0.7550,22700,17095
2020-02-17,0.7600,0.7730,0.7600,0.7730,77403,59389
2020-02-18,0.7800,0.7830,0.7600,0.7790,189000,146518
2020-02-19,0.7790,0.7800,0.7700,0.7760,76500,59418
2020-02-20,0.7760,0.7810,0.7710,0.7810,92500,71829
2020-02-21,0.7900,0.7930,0.7830,0.7860,244502,191915
2020-02-24,0.7860,0.7930,0.7800,0.7930,76400,60258
2020-02-25,0.7930,0.7930,0.7610,0.7900,210000,163795
2020-02-26,0.7800,0.8000,0.7730,0.7880,94700,74402
2020-02-27,0.8000,0.8000,0.7800,0.7800,397400,310266
2020-02-28,0.7700,0.7700,0.7440,0.7440,912300,689701
2020-03-02,0.7600,0.7900,0.7580,0.7900,1168000,902327
2020-03-03,0.8500,0.8690,0.7800,0.7840,1635506,1300490
2020-03-04,0.7700,0.7980,0.7550,0.7860,1205521,943712
2020-03-05,0.7870,0.7980,0.7870,0.7980,1758503,1397957
2020-03-06,0.7970,0.8010,0.7800,0.7990,603500,480912
2020-03-09,0.7990,0.7990,0.7670,0.7670,431500,335518
2020-03-10,0.7680,0.7760,0.7480,0.7760,173900,132585
2020-03-11,0.7700,0.7780,0.7680,0.7680,58300,44974
2020-03-12,0.7680,0.7680,0.7450,0.7500,130400,97831
2020-03-13,0.7450,0.7450,0.7120,0.7380,421500,308155
2020-03-16,0.7350,0.7550,0.7080,0.7090,173300,126059
2020-03-17,0.7200,0.7200,0.6800,0.7000,249400,174395
2020-03-18,0.7100,0.7200,0.6950,0.6960,254110,180323
2020-03-19,0.7100,0.7310,0.6780,0.6890,120800,83155
2020-03-20,0.7000,0.7020,0.6950,0.7020,45500,31859
2020-03-23,0.7020,0.7020,0.6780,0.6850,122000,83616
2020-03-24,0.6900,0.6930,0.6800,0.6900,80300,55288
2020-03-25,0.7000,0.7100,0.7000,0.7080,120800,85438
2020-03-26,0.7000,0.7080,0.6990,0.7000,51200,35828
2020-03-27,0.7050,0.7090,0.7000,0.7010,150400,106137
2020-03-30,0.6900,0.6910,0.6820,0.6880,235700,161648
2020-03-31,0.6940,0.6940,0.6880,0.6880,134200,92437
2020-04-01,0.6860,0.6990,0.6860,0.6870,88400,61563
2020-04-02,0.6870,0.7000,0.6870,0.7000,69100,47845
2020-04-03,0.6970,0.7030,0.6940,0.6940,51801,36107
2020-04-07,0.7070,0.7220,0.7070,0.7220,486100,349150
2020-04-08,0.7220,0.7250,0.7140,0.7220,157600,113371
2020-04-09,0.7250,0.7250,0.7220,0.7240,22400,16185
2020-04-10,0.7190,0.7210,0.7110,0.7150,113100,80853
2020-04-13,0.7100,0.7160,0.7070,0.7140,247000,175257
2020-04-14,0.7150,0.7260,0.7150,0.7260,703900,509318
2020-04-15,0.7260,0.7300,0.7200,0.7210,870400,629996
2020-04-16,0.7200,0.7200,0.7140,0.7180,195200,139886
2020-04-17,0.7210,0.7300,0.7210,0.7230,128500,93239
2020-04-20,0.7290,0.7400,0.7240,0.7270,837413,607872
2020-04-21,0.7230,0.7250,0.7170,0.7250,117300,84843
2020-04-22,0.7170,0.7270,0.7170,0.7270,569100,412344
2020-04-23,0.7290,0.7320,0.7240,0.7260,181203,131679
2020-04-24,0.7240,0.7260,0.7160,0.7190,125900,90921
2020-04-27,0.7150,0.7190,0.7130,0.7150,66000,47331
2020-04-28,0.7100,0.7100,0.6890,0.7040,104100,72525
2020-04-29,0.7000,0.7090,0.7000,0.7030,14800,10463
2020-04-30,0.7100,0.7200,0.7100,0.7200,259700,185110
2020-05-06,0.7200,0.7310,0.7190,0.7300,248200,180488
2020-05-07,0.7300,0.7320,0.7280,0.7300,164503,120064
2020-05-08,0.7330,0.7400,0.7300,0.7350,399900,293187
2020-05-11,0.7370,0.7420,0.7330,0.7370,147700,109140
2020-05-12,0.7320,0.7350,0.7270,0.7340,169100,123775
2020-05-13,0.7340,0.7350,0.7290,0.7350,32200,23638
2020-05-14,0.7350,0.7350,0.7280,0.7290,65800,47991
2020-05-15,0.7270,0.7340,0.7250,0.7280,859800,628125
2020-05-18,0.7340,0.7400,0.7290,0.7350,214307,156968
2020-05-19,0.7500,0.7500,0.7370,0.7400,406611,301396
2020-05-20,0.7380,0.7440,0.7340,0.7360,1220600,906814
2020-05-21,0.7370,0.7370,0.7260,0.7300,46000,33703
2020-05-22,0.7260,0.7260,0.7100,0.7170,122700,87906
2020-05-25,0.7100,0.7200,0.7100,0.7100,122100,86984
2020-05-26,0.7100,0.7220,0.7100,0.7220,135400,96473
2020-05-27,0.7220,0.7250,0.7180,0.7210,88200,63731
2020-05-28,0.7190,0.7250,0.7130,0.7220,103601,74776
2020-05-29,0.7250,0.7290,0.7240,0.7260,480101,349335
2020-06-01,0.7300,0.7470,0.7300,0.7420,1825701,1350393
2020-06-02,0.7350,0.7470,0.7350,0.7450,131100,97406
2020-06-03,0.7470,0.7530,0.7470,0.7500,138600,103784
2020-06-04,0.7460,0.7490,0.7400,0.7450,178200,132821
2020-06-05,0.7420,0.7450,0.7380,0.7450,202400,150498
2020-06-08,0.7500,0.7500,0.7460,0.7460,56000,41907
2020-06-09,0.7450,0.7510,0.7450,0.7500,78700,58992
2020-06-10,0.7470,0.7510,0.7460,0.7510,327214,244754
2020-06-11,0.7500,0.7560,0.7440,0.7450,95800,71761
2020-06-12,0.7400,0.7470,0.7380,0.7460,70900,52562
2020-06-15,0.7430,0.7470,0.7390,0.7390,6800,5063
2020-06-16,0.7390,0.7550,0.7390,0.7550,385521,289592
2020-06-17,0.7510,0.7570,0.7490,0.7550,69100,52196
2020-06-18,0.7530,0.7640,0.7520,0.7600,71200,54174
2020-06-19,0.7600,0.7660,0.7590,0.7660,135900,103629
2020-06-22,0.7880,0.7880,0.7620,0.7640,251600,193588
2020-06-23,0.7600,0.7620,0.7530,0.7610,92200,69960
2020-06-24,0.7620,0.7660,0.7600,0.7610,133000,101531
2020-06-29,0.7560,0.7610,0.7520,0.7530,78000,58805
2020-06-30,0.7590,0.7650,0.7590,0.7650,900800,686319
2020-07-01,0.7650,0.7750,0.7650,0.7750,384200,295401
2020-07-02,0.7800,0.7890,0.7730,0.7890,400900,312886
2020-07-03,0.7900,0.8200,0.7900,0.8060,2017800,1611203
2020-07-06,0.8050,0.8850,0.8050,0.8590,5528513,4555438
2020-07-07,0.8900,0.9220,0.8400,0.8440,10530003,9013484
2020-07-08,0.8290,0.8640,0.8290,0.8590,5202716,4432046
2020-07-09,0.8600,0.8900,0.8600,0.8900,3450600,3015489
2020-07-10,0.8990,0.8990,0.8650,0.8710,2923000,2571558
2020-07-13,0.8710,0.9060,0.8710,0.9040,3939317,3524799
2020-07-14,0.9040,0.9100,0.8800,0.8970,3136300,2811684
2020-07-15,0.8950,0.9870,0.8680,0.8770,3905700,3484026
2020-07-16,0.8770,0.8960,0.8500,0.8500,1946600,1699958
2020-07-17,0.8460,0.8640,0.8380,0.8510,1838200,1563440
2020-07-20,0.8530,0.9070,0.8530,0.9070,15067400,13472597
2020-07-21,0.9010,0.9500,0.8920,0.8990,5633100,5074871
2020-07-22,0.9080,0.9100,0.8900,0.9090,13440600,12146687
2020-07-23,0.9090,0.9100,0.8830,0.9020,3567700,3202708
2020-07-24,0.9010,0.9020,0.8600,0.8690,2413700,2125679
2020-07-27,0.8660,0.8840,0.8660,0.8750,1462100,1279303
2020-07-28,0.8750,0.8950,0.8750,0.8850,1573503,1394444
2020-07-29,0.8850,0.8990,0.8720,0.8990,1520303,1354969
2020-07-30,0.9000,0.9150,0.8980,0.9020,3781817,3427658
2020-07-31,0.9020,0.9170,0.8920,0.9090,3354401,3046558
2020-08-03,0.9250,0.9360,0.9090,0.9350,2577300,2382786
2020-08-04,0.9360,0.9390,0.9260,0.9310,2554508,2379507
2020-08-05,0.9290,0.9460,0.9210,0.9460,1480501,1383887
2020-08-06,0.9460,0.9600,0.9390,0.9540,1887500,1797080
2020-08-07,0.9540,0.9600,0.9330,0.9480,2169700,2053261
2020-08-10,0.9500,0.9900,0.9310,0.9400,2917800,2760025
2020-08-11,0.9470,0.9580,0.9150,0.9200,2531600,2365118
2020-08-12,0.9180,0.9180,0.8830,0.9040,1644800,1475842
2020-08-13,0.8900,0.9120,0.8900,0.9100,305000,276536
2020-08-14,0.9090,0.9110,0.9000,0.9110,548200,496908
2020-08-17,0.9140,0.9330,0.9070,0.9320,2183009,2017547
2020-08-18,0.9400,0.9890,0.9340,0.9410,1996101,1874562
2020-08-19,0.9410,0.9510,0.9350,0.9360,1774600,1677090
2020-08-20,0.9200,0.9300,0.9180,0.9230,853500,788154
2020-08-21,0.9260,0.9290,0.9180,0.9200,782800,723013
2020-08-24,0.9190,0.9330,0.9190,0.9310,755500,702676
2020-08-25,0.9310,0.9360,0.9200,0.9210,1112100,1032787
2020-08-26,0.9250,0.9250,0.9020,0.9040,535500,488630
2020-08-27,0.9060,0.9150,0.9010,0.9130,1426700,1298750
2020-08-28,0.9120,0.9270,0.9080,0.9270,1018800,931681
2020-08-31,0.9440,0.9490,0.9270,0.9290,1240000,1160174
2020-09-01,0.9250,0.9360,0.9250,0.9350,367400,342525
2020-09-02,0.9400,0.9430,0.9260,0.9340,831300,778582
2020-09-03,0.9330,0.9380,0.9230,0.9310,724500,674727
2020-09-04,0.9250,0.9250,0.9120,0.9250,361703,332253
2020-09-07,0.9240,0.9520,0.9080,0.9110,373000,344243
2020-09-08,0.9030,0.9130,0.8970,0.9070,676700,611137
2020-09-09,0.9000,0.9000,0.8840,0.8900,427000,381212
2020-09-10,0.8900,0.8980,0.8740,0.8750,353200,312776
2020-09-11,0.8770,0.8900,0.8700,0.8830,467600,411053
2020-09-14,0.8900,0.9000,0.8880,0.8950,348319,310808
2020-09-15,0.8950,0.9040,0.8950,0.9030,222100,199660
2020-09-16,0.8980,0.9010,0.8970,0.8980,326900,293900
2020-09-17,0.9080,0.9080,0.8900,0.9000,210501,188336
2020-09-18,0.8900,0.9160,0.8900,0.9140,388403,352922
2020-09-21,0.9150,0.9200,0.9110,0.9110,310500,284517
2020-09-22,0.9100,0.9100,0.8920,0.8930,221100,197956
2020-09-23,0.8940,0.8950,0.8910,0.8910,638300,568816
2020-09-24,0.8900,0.8900,0.8680,0.8680,288600,252697
2020-09-25,0.8680,0.8700,0.8630,0.8630,104900,90880
2020-09-28,0.8780,0.8780,0.8560,0.8560,233403,201106
2020-09-29,0.8640,0.8690,0.8630,0.8630,203200,175847
2020-09-30,0.8630,0.8700,0.8510,0.8700,177400,153038
2020-10-09,0.8800,0.8860,0.8750,0.8850,246800,217333
2020-10-12,0.8810,0.9070,0.8810,0.9070,550701,496235
2020-10-13,0.8970,0.9100,0.8970,0.9100,204700,185002
2020-10-14,0.9110,0.9110,0.9060,0.9090,247700,224737
2020-10-15,0.9070,0.9130,0.9020,0.9020,328500,297031
2020-10-16,0.9020,0.9030,0.8930,0.8970,194000,174438
2020-10-19,0.8970,0.9100,0.8970,0.8980,177900,160514
2020-10-20,0.9050,0.9050,0.8900,0.9010,194800,173850
2020-10-21,0.9020,0.9040,0.8920,0.8960,105600,94772
2020-10-22,0.9020,0.9020,0.8810,0.8900,108200,96002
2020-10-23,0.9000,0.9000,0.8730,0.8850,93800,82881
2020-10-26,0.8850,0.8850,0.8650,0.8770,99600,87218
2020-10-27,0.8660,0.8830,0.8660,0.8790,49600,43560
2020-10-28,0.8810,0.8910,0.8770,0.8910,53300,47334
2020-10-29,0.8800,0.8900,0.8730,0.8860,173300,153168
2020-10-30,0.8810,0.8840,0.8660,0.8680,78700,68939
2020-11-02,0.8640,0.8750,0.8640,0.8730,201500,175780
2020-11-03,0.8800,0.8960,0.8800,0.8930,59800,53164
2020-11-04,0.9000,0.9000,0.8930,0.9000,81000,72659
2020-11-05,0.9040,0.9180,0.9040,0.9170,796403,725450
2020-11-06,0.9180,0.9220,0.9100,0.9190,325503,299133
2020-11-09,0.9190,0.9490,0.9190,0.9390,630902,590555
2020-11-10,0.9340,0.9430,0.9340,0.9370,640302,601352
2020-11-11,0.9400,0.9520,0.9360,0.9400,692706,654916
2020-11-12,0.9400,0.9500,0.9330,0.9480,282700,267012
2020-11-13,0.9480,0.9610,0.9440,0.9580,491600,468911
2020-11-16,0.9850,0.9850,0.9540,0.9780,6224314,6020865
2020-11-17,0.9760,0.9800,0.9640,0.9730,557900,542957
2020-11-18,0.9730,0.9810,0.9680,0.9760,631906,617075
2020-11-19,0.9730,0.9730,0.9600,0.9670,996301,960546
2020-11-20,0.9680,0.9840,0.9560,0.9820,587809,574246
2020-11-23,0.9800,1.0110,0.9630,1.0030,2508910,2482595
2020-11-24,1.0050,1.0050,0.9870,1.0050,900600,895993
2020-11-25,1.0070,1.0100,0.9780,0.9830,1028003,1017069
2020-11-26,0.9730,0.9780,0.9560,0.9690,1064500,1030295
2020-11-27,0.9660,0.9700,0.9550,0.9690,553502,532188
2020-11-30,0.9690,0.9830,0.9640,0.9650,713600,696235
2020-12-01,0.9610,0.9760,0.9590,0.9740,997800,962604
2020-12-02,0.9750,0.9800,0.9710,0.9780,525900,513357
2020-12-03,0.9710,0.9710,0.9590,0.9640,1026700,991759
2020-12-04,0.9740,0.9740,0.9550,0.9700,336700,324206
2020-12-07,0.9760,0.9760,0.9650,0.9660,1356400,1312581
2020-12-08,0.9620,0.9700,0.9620,0.9620,151901,146693
2020-12-09,0.9650,0.9680,0.9510,0.9550,506900,483721
2020-12-10,0.9540,0.9670,0.9420,0.9500,249100,236368
2020-12-11,0.9590,0.9600,0.9300,0.9380,227600,214577
2020-12-14,0.9380,0.9420,0.9260,0.9390,287100,268627
2020-12-15,0.9500,0.9500,0.9330,0.9390,628800,589841
2020-12-16,0.9420,0.9440,0.9360,0.9410,280006,263416
2020-12-17,0.9420,0.9550,0.9310,0.9550,353809,334254
2020-12-18,0.9570,0.9700,0.9570,0.9660,1037701,1002855
2020-12-21,0.9670,0.9840,0.9630,0.9840,1968501,1912677
2020-12-22,0.9830,0.9880,0.8860,0.9200,633500,611198
2020-12-23,0.9530,0.9680,0.9400,0.9550,915903,872792
2020-12-24,0.9400,0.9620,0.9350,0.9560,669100,638510
2020-12-25,0.9480,0.9830,0.9480,0.9830,1107201,1071291
2020-12-28,0.9830,0.9860,0.9480,0.9750,405907,396832
2020-12-29,0.9720,0.9780,0.9610,0.9630,545814,527191
2020-12-30,0.9570,0.9750,0.9530,0.9720,435900,423120
2020-12-31,0.9740,0.9880,0.9700,0.9870,1964200,1924655
2021-01-04,1.0140,1.0150,0.9780,1.0150,3790744,3809299
2021-01-05,1.0150,1.0280,0.9940,1.0240,2154248,2192156
2021-01-06,1.0240,1.0370,1.0180,1.0340,1382037,1421208
2021-01-07,1.0380,1.0860,1.0350,1.0540,6339119,6646817
2021-01-08,1.0540,1.0900,1.0340,1.0440,7023709,7371690
2021-01-11,1.0790,1.0790,0.9760,1.0250,4705700,4887573
2021-01-12,1.0100,1.0440,1.0100,1.0430,4134904,4272548
2021-01-13,1.0480,1.0890,1.0230,1.0320,3980100,4190618
2021-01-14,1.0220,1.0390,1.0070,1.0240,3768200,3843043
2021-01-15,1.0260,1.0310,1.0080,1.0310,1195100,1219628
2021-01-18,1.0310,1.0550,1.0210,1.0550,2909708,3039398
2021-01-19,1.0540,1.0570,1.0300,1.0430,1392100,1456368
2021-01-20,1.0430,1.0600,1.0390,1.0600,2738517,2870804
2021-01-21,1.0600,1.0820,1.0440,1.0780,2353502,2520460
2021-01-22,1.0780,1.0890,1.0640,1.0820,2905707,3131082
2021-01-25,1.0820,1.1030,1.0750,1.0840,3131230,3408787
2021-01-26,1.0840,1.0840,1.0590,1.0700,1925829,2059835
2021-01-27,1.0820,1.0830,1.0500,1.0740,680800,723226
2021-01-28,1.0550,1.0610,1.0330,1.0330,1532801,1605166
2021-01-29,1.0430,1.0510,1.0250,1.0390,969918,1005631
2021-02-01,1.0390,1.0560,1.0360,1.0560,1388500,1448699
2021-02-02,1.0950,1.0950,1.0480,1.0740,994700,1060006
2021-02-03,1.0720,1.0830,1.0610,1.0770,811904,869848
2021-02-04,1.0600,1.0760,1.0450,1.0570,1931404,2042831
2021-02-05,1.0500,1.0660,1.0220,1.0360,1237800,1286197
2021-02-08,1.0160,1.0620,1.0160,1.0540,842900,885081
2021-02-09,1.0540,1.1150,1.0540,1.1040,4341028,4748086
2021-02-10,1.1040,1.1230,1.0700,1.1230,3807707,4198224
2021-02-18,1.1630,1.2350,1.1430,1.1690,8529402,9925833
2021-02-19,1.1560,1.1670,1.1210,1.1630,3861226,4420620
2021-02-22,1.1950,1.2240,1.1800,1.2040,11527525,13874819
2021-02-23,1.1730,1.1950,1.1560,1.1600,8241025,9679042
2021-02-24,1.1750,1.1760,1.1180,1.1270,4894300,5580304
2021-02-25,1.1310,1.1570,1.1180,1.1210,2061103,2339361
2021-02-26,1.1110,1.1110,1.0800,1.0900,1566400,1716719
2021-03-01,1.0900,1.1280,1.0900,1.1280,1680701,1876656
2021-03-02,1.1310,1.1370,1.0950,1.1050,2148200,2386147
2021-03-03,1.1050,1.1300,1.1050,1.1270,2178200,2441269
2021-03-04,1.1200,1.1260,1.0890,1.0960,1882100,2089199
2021-03-05,1.0690,1.1120,1.0580,1.0800,1259000,1357479
2021-03-08,1.0930,1.1060,1.0480,1.0510,2813080,2993784
2021-03-09,1.0450,1.0540,1.0000,1.0270,1865800,1919569
2021-03-10,1.0270,1.0460,1.0230,1.0240,445602,459589
2021-03-11,1.0240,1.0740,1.0130,1.0740,2352600,2488744
2021-03-12,1.0750,1.0850,1.0610,1.0840,1554782,1674023
2021-03-15,1.0720,1.0890,1.0560,1.0840,1698900,1822532
2021-03-16,1.0600,1.0860,1.0500,1.0680,838800,892712
2021-03-17,1.0680,1.0730,1.0460,1.0690,759882,809604
2021-03-18,1.0700,1.0890,1.0690,1.0850,1676803,1814553
2021-03-19,1.0700,1.0700,1.0520,1.0560,941300,995894
2021-03-22,1.0420,1.0710,1.0130,1.0590,896700,945935
2021-03-23,1.0590,1.0590,1.0210,1.0290,806813,831608
2021-03-24,1.0120,1.0210,0.9830,0.9860,1629300,1617181
2021-03-25,0.9850,1.0080,0.9850,0.9980,868600,866620
2021-03-26,0.9980,1.0200,0.9890,1.0170,1163500,1177771
2021-03-29,1.0220,1.0330,1.0150,1.0250,693800,712074
2021-03-30,1.0110,1.0360,1.0110,1.0340,665600,684165
2021-03-31,1.0310,1.0310,1.0120,1.0190,393300,399765
2021-04-01,1.0190,1.0350,1.0180,1.0350,848700,870568
2021-04-02,1.0350,1.0430,1.0280,1.0350,478900,497010
2021-04-06,1.0420,1.0460,1.0370,1.0460,509000,531169
2021-04-07,1.0470,1.0500,1.0330,1.0480,1037300,1079219
2021-04-08,1.0480,1.0660,1.0470,1.0600,1272000,1343636
2021-04-09,1.0560,1.0580,1.0430,1.0520,433400,454514
2021-04-12,1.0550,1.0550,1.0180,1.0190,475600,488603
2021-04-13,1.0190,1.0250,1.0100,1.0200,360000,365905
2021-04-14,1.0200,1.0320,1.0200,1.0320,522900,535795
2021-04-15,1.0230,1.0340,1.0190,1.0340,424600,434487
2021-04-16,1.0350,1.0390,1.0280,1.0330,580382,599755
2021-04-19,1.0300,1.0620,1.0290,1.0620,2351482,2474062
2021-04-20,1.0560,1.0650,1.0530,1.0560,547600,580547
2021-04-21,1.0580,1.0580,1.0430,1.0540,297982,313120
2021-04-22,1.0600,1.0640,1.0540,1.0560,445600,471370
2021-04-23,1.0580,1.0720,1.0540,1.0710,1368587,1454887
2021-04-26,1.0710,1.0880,1.0560,1.0690,1196000,1290057
2021-04-27,1.0630,1.0720,1.0530,1.0650,655100,694763
2021-04-28,1.0650,1.0720,1.0520,1.0700,455800,484999
2021-04-29,1.0640,1.0760,1.0590,1.0720,541800,579868
2021-04-30,1.0730,1.0750,1.0580,1.0670,928900,990074
2021-05-06,1.0710,1.0940,1.0710,1.0840,1605700,1746222
2021-05-07,1.0940,1.1250,1.0860,1.1110,3030882,3361106
2021-05-10,1.1130,1.1400,1.1040,1.1230,2349397,2623952
2021-05-11,1.1240,1.1240,1.0660,1.0880,1327200,1445321
2021-05-12,1.0890,1.1100,1.0880,1.1030,1056500,1156931
2021-05-13,1.0990,1.0990,1.0530,1.0710,1415508,1517653
2021-05-14,1.0780,1.0790,1.0520,1.0790,1006600,1074156
2021-05-17,1.0700,1.0970,1.0700,1.0960,1141708,1238913
2021-05-18,1.1200,1.1200,1.0910,1.0980,1031308,1129487
2021-05-19,1.0980,1.1030,1.0450,1.0980,464300,507571
2021-05-20,1.0970,1.0970,1.0650,1.0770,420808,453018
2021-05-21,1.0790,1.0870,1.0700,1.0780,329400,355259
2021-05-24,1.0780,1.0830,1.0720,1.0790,311800,336431
2021-05-25,1.0780,1.1000,1.0760,1.1000,813408,887893
2021-05-26,1.1040,1.1080,1.0960,1.1070,724800,799549
2021-05-27,1.1090,1.1150,1.1040,1.1150,768500,851081
2021-05-28,1.1160,1.1300,1.1080,1.1100,716700,800498
2021-05-31,1.1190,1.1330,1.1190,1.1310,906900,1022394
2021-06-01,1.1320,1.1450,1.1070,1.1400,700003,788344
2021-06-02,1.1400,1.1470,1.1260,1.1350,653100,741547
2021-06-03,1.1300,1.1440,1.1250,1.1330,908506,1029113
2021-06-04,1.1210,1.1420,1.1170,1.1320,769403,873204
2021-06-07,1.1370,1.1420,1.1300,1.1380,271600,308665
2021-06-08,1.1260,1.1450,1.1150,1.1180,338300,381299
2021-06-09,1.1190,1.1390,1.1180,1.1330,677008,765348
2021-06-10,1.1320,1.1440,1.1300,1.1400,382300,435659
2021-06-11,1.1410,1.1410,1.1360,1.1360,285400,324515
2021-06-15,1.1360,1.1360,1.1150,1.1190,458700,513278
2021-06-16,1.1190,1.1190,1.0880,1.0880,193700,213591
2021-06-17,1.0890,1.0930,1.0860,1.0910,150101,163458
2021-06-18,1.0900,1.1090,1.0700,1.1080,618586,670963
2021-06-21,1.1070,1.1070,1.0860,1.0930,364304,398865
2021-06-22,1.0900,1.1020,1.0900,1.0990,559784,615425
2021-06-23,1.0990,1.1110,1.0940,1.1110,402100,444581
2021-06-24,1.1110,1.1190,1.1000,1.1130,353600,393165
2021-06-25,1.1120,1.1350,1.1120,1.1340,426701,480628
2021-06-28,1.1340,1.1420,1.1230,1.1340,332900,377226
2021-06-29,1.1220,1.1340,1.1200,1.1260,229600,257680
2021-06-30,1.1340,1.1340,1.1240,1.1290,672501,758675
2021-07-01,1.1290,1.1320,1.1150,1.1150,494800,555593
2021-07-02,1.1110,1.1190,1.1000,1.1050,340505,378343
2021-07-05,1.1050,1.1350,1.1050,1.1350,688200,774539
2021-07-06,1.1440,1.1570,1.1330,1.1490,1181304,1359766
2021-07-07,1.1480,1.1720,1.1170,1.1700,850897,988014
2021-07-08,1.1760,1.1880,1.1690,1.1760,904597,1065398
2021-07-09,1.1700,1.2040,1.1620,1.2010,920303,1089809
2021-07-12,1.2560,1.2560,1.2010,1.2380,1671102,2061720
2021-07-13,1.2370,1.2400,1.2180,1.2390,835004,1024857
2021-07-14,1.2150,1.2350,1.2070,1.2140,916901,1118726
2021-07-15,1.2090,1.2450,1.2090,1.2390,498908,614266
2021-07-16,1.2390,1.2640,1.2380,1.2430,678713,849670
2021-07-19,1.2940,1.2940,1.2210,1.2260,807502,1006573
2021-07-20,1.2030,1.2280,1.2030,1.2280,353700,428898
2021-07-21,1.2280,1.2600,1.2280,1.2550,511807,641515
2021-07-22,1.2550,1.2930,1.2550,1.2910,909296,1165427
2021-07-23,1.2980,1.3170,1.2800,1.2880,1195229,1555261
2021-07-26,1.2680,1.3040,1.2400,1.2780,1411371,1802718
2021-07-27,1.2780,1.3040,1.2290,1.2530,1208800,1549238
2021-07-28,1.2470,1.2470,1.1640,1.1960,889771,1073506
2021-07-29,1.2010,1.2490,1.2010,1.2420,1024514,1259986
2021-07-30,1.2550,1.2670,1.2210,1.2600,518700,648816
2021-08-02,1.2520,1.2820,1.2380,1.2810,725129,915552
2021-08-03,1.2780,1.2780,1.2450,1.2510,301700,379904
2021-08-04,1.2500,1.2940,1.1760,1.2920,775800,988790
2021-08-05,1.2890,1.2890,1.2620,1.2730,682300,870694
2021-08-06,1.2770,1.3030,1.2770,1.2950,579100,748118
2021-08-09,1.2950,1.3030,1.2650,1.2990,416500,535394
2021-08-10,1.2960,1.3050,1.2630,1.2840,379301,486805
2021-08-11,1.2840,1.3040,1.2770,1.3040,426500,551918
2021-08-12,1.2940,1.3260,1.2900,1.3180,636806,837106
2021-08-13,1.3200,1.3980,1.2960,1.3980,1858221,2502747
2021-08-16,1.3770,1.3770,1.3270,1.3280,1639600,2202679
2021-08-17,1.3280,1.3480,1.2990,1.3280,1142671,1511718
2021-08-18,1.3200,1.3200,1.2900,1.3130,718900,939391
2021-08-19,1.3070,1.3090,1.2720,1.3060,901405,1163251
2021-08-20,1.3030,1.3030,1.2750,1.2960,662000,853218
2021-08-23,1.2980,1.3250,1.2980,1.3250,739671,974047
2021-08-24,1.3300,1.3580,1.3300,1.3510,718600,968722
2021-08-25,1.3570,1.3650,1.3340,1.3600,738000,997426
2021-08-26,1.3800,1.3800,1.3480,1.3770,983871,1349835
2021-08-27,1.3770,1.3910,1.3520,1.3900,702400,967542
2021-08-30,1.3900,1.4280,1.3890,1.4190,988800,1398299
2021-08-31,1.4160,1.4390,1.4000,1.4380,976400,1392947
2021-09-01,1.4390,1.4570,1.3700,1.3990,1079000,1526615
2021-09-02,1.3730,1.4310,1.2860,1.4300,1341300,1897734
2021-09-03,1.4150,1.4360,1.3860,1.4010,795300,1119783
2021-09-06,1.4010,1.4060,1.3610,1.4050,620401,859901
2021-09-07,1.4050,1.4430,1.4020,1.4410,705905,1010482
2021-09-08,1.4420,1.4700,1.4410,1.4550,721100,1048504
2021-09-09,1.4550,1.4900,1.4220,1.4900,1018976,1504162
2021-09-10,1.4910,1.5500,1.4900,1.4980,1263300,1900697
2021-09-13,1.4960,1.6100,1.4960,1.5570,2391001,3688541
2021-09-14,1.5720,1.5720,1.5040,1.5280,1511800,2313148
2021-09-15,1.5280,1.5380,1.4850,1.5380,1317500,1991967
2021-09-16,1.5380,1.5450,1.4990,1.5010,1615900,2455545
2021-09-17,1.5010,1.5030,1.4270,1.4750,1360001,1996609
2021-09-22,1.4730,1.4730,1.3520,1.4550,1427700,2075900
2021-09-23,1.4700,1.4880,1.4550,1.4690,1717500,2526732
2021-09-24,1.4700,1.4800,1.4000,1.4070,4101205,5852462
2021-09-27,1.4130,1.4140,1.3170,1.3300,2233701,3015826
2021-09-28,1.3250,1.3390,1.3180,1.3270,701000,929440
2021-09-29,1.3230,1.3560,1.2670,1.2680,1501000,1930470
2021-09-30,1.2630,1.3100,1.2630,1.3100,995700,1293987
2021-10-08,1.3110,1.3350,1.2850,1.2920,1504400,1962161
2021-10-11,1.2920,1.3040,1.2760,1.3010,652200,843929
2021-10-12,1.3010,1.3010,1.2410,1.2540,1158500,1459754
2021-10-13,1.2540,1.2690,1.2480,1.2680,842000,1058767
2021-10-14,1.2680,1.2850,1.2600,1.2670,689900,880691
2021-10-15,1.2720,1.2860,1.2650,1.2830,703900,901197
2021-10-18,1.2830,1.3150,1.2800,1.3150,937800,1215035
2021-10-19,1.3160,1.3240,1.3000,1.3200,969100,1271148
2021-10-20,1.3200,1.3300,1.2970,1.3200,873028,1152560
2021-10-21,1.3220,1.3380,1.3210,1.3260,660900,878827
2021-10-22,1.3260,1.3320,1.3030,1.3030,547500,719247
2021-10-25,1.3020,1.3190,1.2960,1.3190,767400,1005549
2021-10-26,1.3190,1.3310,1.3140,1.3190,1046600,1383632
2021-10-27,1.3310,1.3310,1.2960,1.3030,606200,793112
2021-10-28,1.2890,1.3130,1.2560,1.2600,497600,633687
2021-10-29,1.2530,1.2780,1.2530,1.2690,1461700,1848205
2021-11-01,1.2690,1.2750,1.2600,1.2700,210600,267423
2021-11-02,1.2690,1.2920,1.2250,1.2400,991001,1227650
2021-11-03,1.2410,1.2580,1.2200,1.2390,337200,414263
2021-11-04,1.2400,1.2440,1.2340,1.2420,394200,488573
2021-11-05,1.2490,1.2580,1.2100,1.2100,596000,727557
2021-11-08,1.2090,1.2350,1.2090,1.2340,649400,797359
2021-11-09,1.2350,1.2430,1.2340,1.2400,524600,649368
2021-11-10,1.2390,1.2400,1.2070,1.2280,541300,661344
2021-11-11,1.2400,1.2470,1.2270,1.2460,346600,428899
2021-11-12,1.2460,1.2530,1.2460,1.2520,389600,487237
2021-11-15,1.2590,1.2590,1.2230,1.2310,645100,792059
2021-11-16,1.2310,1.2330,1.2130,1.2150,535900,655481
2021-11-17,1.2150,1.2370,1.2150,1.2350,382300,470507
2021-11-18,1.2360,1.2540,1.2350,1.2470,572800,713898
2021-11-19,1.2490,1.2600,1.2420,1.2600,676400,846305
2021-11-22,1.2520,1.2860,1.2520,1.2850,985200,1257567
2021-11-23,1.2800,1.2930,1.2690,1.2870,1123911,1445641
2021-11-24,1.2870,1.2920,1.2760,1.2850,438100,562241
2021-11-25,1.2850,1.2870,1.2780,1.2840,294700,377923
2021-11-26,1.2830,1.3000,1.2830,1.2950,986500,1275955
2021-11-29,1.2870,1.2940,1.2730,1.2940,856446,1101948
2021-11-30,1.2930,1.3050,1.2810,1.2970,669400,866553
2021-12-01,1.2970,1.2970,1.2800,1.2970,482500,620521
2021-12-02,1.3000,1.3050,1.2890,1.2960,244100,316252
2021-12-03,1.2900,1.2990,1.2800,1.2980,367303,474851
2021-12-06,1.2980,1.3100,1.2880,1.2880,480000,624951
2021-12-07,1.2950,1.3040,1.2670,1.2790,857100,1097052
2021-12-08,1.2780,1.2950,1.2720,1.2940,699300,903461
2021-12-09,1.2940,1.2980,1.2890,1.2960,550900,713603
2021-12-10,1.2960,1.3120,1.2890,1.3120,769300,999256
2021-12-13,1.3090,1.3250,1.3080,1.3180,542700,714022
2021-12-14,1.3180,1.3180,1.2980,1.2990,394800,513441
2021-12-15,1.3000,1.3000,1.2860,1.2870,158400,204629
2021-12-16,1.2880,1.3020,1.2870,1.3020,478600,619589
2021-12-17,1.3020,1.3070,1.2860,1.2880,336800,436377
2021-12-20,1.2870,1.2870,1.2570,1.2570,652500,825561
2021-12-21,1.2590,1.2670,1.2550,1.2670,170700,214962
2021-12-22,1.2670,1.2740,1.2670,1.2740,236800,300676
2021-12-23,1.2660,1.2770,1.2660,1.2750,295000,375327
2021-12-24,1.2730,1.2740,1.2400,1.2430,255600,319561
2021-12-27,1.2430,1.2470,1.2360,1.2390,405900,503645
2021-12-28,1.2390,1.2580,1.2390,1.2580,328200,410592
2021-12-29,1.2590,1.2690,1.2480,1.2670,187800,237359
2021-12-30,1.2590,1.2720,1.2580,1.2630,222000,280159
2021-12-31,1.2630,1.2700,1.2630,1.2680,116600,147691
2022-01-04,1.2680,1.2680,1.2520,1.2640,175805,221834
2022-01-05,1.2480,1.2610,1.2330,1.2380,591000,735330
2022-01-06,1.2380,1.2570,1.2370,1.2540,368800,460787
2022-01-07,1.2560,1.2670,1.2380,1.2400,94900,118426
2022-01-10,1.2430,1.2490,1.2400,1.2460,351300,437695
2022-01-11,1.2490,1.2530,1.2410,1.2440,468600,584068
2022-01-12,1.2450,1.2640,1.2450,1.2600,486400,610812
2022-01-13,1.2630,1.2630,1.2370,1.2370,300400,373146
2022-01-14,1.2370,1.2390,1.2300,1.2320,101700,125514
2022-01-17,1.2320,1.2350,1.2230,1.2340,190800,234282
2022-01-18,1.2350,1.2400,1.2330,1.2340,95300,117929
2022-01-19,1.2340,1.2380,1.2190,1.2240,89800,110166
2022-01-20,1.2400,1.2400,1.2080,1.2080,483300,591444
2022-01-21,1.2070,1.2070,1.1940,1.1940,535101,641378
2022-01-24,1.1930,1.2130,1.1890,1.2100,223200,267037
2022-01-25,1.2100,1.2120,1.1770,1.1770,130300,154898
2022-01-26,1.1750,1.1860,1.1690,1.1820,140900,166045
2022-01-27,1.1820,1.1870,1.1550,1.1550,111200,129912
2022-01-28,1.1540,1.1600,1.1320,1.1500,234400,268826
2022-02-07,1.1600,1.1830,1.1600,1.1790,122600,144335
2022-02-08,1.1830,1.1880,1.1650,1.1880,172700,204001
2022-02-09,1.1940,1.2100,1.1910,1.2100,174700,209834
2022-02-10,1.2130,1.2230,1.2100,1.2210,328400,400044
2022-02-11,1.2210,1.2300,1.2080,1.2100,158700,194072
2022-02-14,1.2110,1.2220,1.2020,1.2040,163900,198713
2022-02-15,1.2030,1.2120,1.2030,1.2100,198100,239204
2022-02-16,1.2140,1.2290,1.2140,1.2240,211100,258088
2022-02-17,1.2300,1.2480,1.2220,1.2420,475000,587334
2022-02-18,1.2440,1.2490,1.2360,1.2490,214900,266651
2022-02-21,1.2490,1.2520,1.2400,1.2490,114000,141874
2022-02-22,1.2710,1.2710,1.2300,1.2510,188400,234819
2022-02-23,1.2560,1.2680,1.2540,1.2680,322200,406869
2022-02-24,1.2800,1.2800,1.2330,1.2460,371600,465116
2022-02-25,1.2480,1.2730,1.2480,1.2550,172600,217922
2022-02-28,1.2500,1.2730,1.2500,1.2690,672400,850418
2022-03-01,1.2730,1.2890,1.2530,1.2590,383300,485871
2022-03-02,1.2590,1.2640,1.2530,1.2620,170100,214027
2022-03-03,1.2610,1.2720,1.2590,1.2620,153000,193608
2022-03-04,1.2500,1.2580,1.2360,1.2360,211100,262435
2022-03-07,1.2120,1.2400,1.2120,1.2170,238700,294211
2022-03-08,1.2080,1.2130,1.1610,1.1720,288000,342301
2022-03-09,1.1720,1.1720,1.1000,1.1480,150600,171479
2022-03-10,1.1420,1.1800,1.1400,1.1700,112500,131473
2022-03-11,1.1700,1.1740,1.1450,1.1720,70400,81233
2022-03-14,1.1720,1.1720,1.1390,1.1390,116200,133775
2022-03-15,1.1260,1.1300,1.0770,1.0770,4026000,4477071
2022-03-16,1.0940,1.1160,1.0530,1.1120,854800,931230
2022-03-17,1.1150,1.1480,1.1150,1.1300,131200,148862
2022-03-18,1.1170,1.1410,1.1130,1.1410,196000,219781
2022-03-21,1.1420,1.1580,1.1360,1.1480,188100,214849
2022-03-22,1.1480,1.1580,1.1480,1.1510,58300,67194
2022-03-23,1.1520,1.1580,1.1510,1.1520,61000,70549
2022-03-24,1.1490,1.1600,1.1400,1.1550,79800,91291
2022-03-25,1.1590,1.1610,1.1420,1.1420,33500,38462
2022-03-28,1.1150,1.1410,1.1150,1.1360,122400,137915
2022-03-29,1.1330,1.1400,1.1330,1.1360,99400,112850
2022-03-30,1.1370,1.1550,1.1360,1.1520,96300,109827
2022-03-31,1.1500,1.1500,1.1360,1.1410,92000,105080
2022-04-01,1.1410,1.1470,1.1350,1.1470,24900,28369
2022-04-06,1.1320,1.1500,1.1320,1.1500,108700,123976
2022-04-07,1.1470,1.1540,1.1390,1.1440,214600,245053
2022-04-08,1.1360,1.1540,1.1300,1.1510,197500,225510
2022-04-11,1.1350,1.1350,1.1140,1.1160,101000,113399
2022-04-12,1.1170,1.1190,1.0920,1.1180,402800,443628
2022-04-13,1.1180,1.1340,1.1000,1.1180,718300,797465
2022-04-14,1.1210,1.1350,1.1180,1.1320,286700,322430
2022-04-15,1.1190,1.1280,1.1120,1.1150,203000,227936
2022-04-18,1.1000,1.1100,1.0920,1.1090,75700,83257
2022-04-19,1.1050,1.1190,1.1050,1.1110,209400,232117
2022-04-20,1.1110,1.1110,1.0810,1.0860,246300,270787
2022-04-21,1.0810,1.0810,1.0350,1.0360,175000,183829
2022-04-22,1.0180,1.0420,1.0130,1.0320,91600,93677
2022-04-25,1.0320,1.0320,0.9560,0.9570,507706,501279
2022-04-26,0.9400,0.9630,0.9270,0.9290,366900,347039
2022-04-27,0.9260,0.9790,0.8880,0.9790,365600,345759
2022-04-28,0.9750,0.9870,0.9610,0.9780,191300,185867
2022-04-29,0.9630,1.0190,0.9630,1.0170,192200,191011
2022-05-05,1.0170,1.0390,1.0170,1.0320,72400,74394
2022-05-06,1.0280,1.0280,1.0020,1.0100,123200,124495
2022-05-09,0.9770,1.0190,0.9770,1.0130,65800,66792
2022-05-10,1.0300,1.0300,0.9990,1.0200,437700,442673
2022-05-11,1.0380,1.0580,1.0300,1.0360,172000,180133
2022-05-12,1.0360,1.0390,1.0250,1.0340,76700,79371
2022-05-13,1.0380,1.0380,1.0300,1.0340,4600,4772
2022-05-16,1.0520,1.0560,1.0410,1.0460,51000,53556
2022-05-17,1.0500,1.0590,1.0460,1.0580,48800,51329
2022-05-18,1.0590,1.0610,1.0550,1.0590,83000,87888
2022-05-19,1.0510,1.0650,1.0430,1.0630,37000,38926
2022-05-20,1.0630,1.0860,1.0630,1.0860,58400,62912
2022-05-23,1.0890,1.1090,1.0890,1.1080,99200,109422
2022-05-24,1.1080,1.1140,1.0690,1.0690,115900,126928
2022-05-25,1.0690,1.0790,1.0640,1.0750,95900,102694
2022-05-26,1.0700,1.0910,1.0610,1.0860,146900,158685
2022-05-27,1.0950,1.0950,1.0850,1.0850,14900,16254
2022-05-30,1.0830,1.0940,1.0830,1.0930,42400,46347
2022-05-31,1.0930,1.1040,1.0930,1.1040,106600,116887
2022-06-01,1.1040,1.1040,1.0890,1.0970,392300,432376
2022-06-02,1.0940,1.1090,1.0940,1.1090,399600,438874
2022-06-06,1.1090,1.1420,1.1090,1.1420,184900,210424
2022-06-07,1.1600,1.1600,1.1350,1.1400,51600,58884
2022-06-08,1.1460,1.1590,1.1310,1.1520,67700,77782
2022-06-09,1.1600,1.1600,1.1420,1.1500,36100,41643
2022-06-10,1.1490,1.1740,1.1490,1.1740,684400,799801
2022-06-13,1.1800,1.1880,1.1720,1.1850,167500,197265
2022-06-14,1.2510,1.2510,1.1530,1.1860,137100,160680
2022-06-15,1.1910,1.1970,1.1800,1.1820,104700,124424
2022-06-16,1.1750,1.1970,1.1700,1.1720,81900,96460
2022-06-17,1.1740,1.1950,1.1680,1.1920,107600,127884
2022-06-20,1.1970,1.1980,1.1790,1.1860,165400,196961
2022-06-21,1.1820,1.1820,1.1530,1.1640,189700,220860
2022-06-22,1.2090,1.2090,1.1530,1.1530,240704,279258
2022-06-23,1.1540,1.1750,1.1410,1.1710,147400,171012
2022-06-24,1.1700,1.1830,1.1700,1.1830,308500,361902
2022-06-27,1.1830,1.2070,1.1830,1.2050,274100,327807
2022-06-28,1.1980,1.2160,1.1980,1.2150,94400,114351
2022-06-29,1.2150,1.2150,1.1850,1.1860,241500,288277
2022-06-30,1.2400,1.2400,1.1920,1.2050,95600,114983
2022-07-01,1.2060,1.2260,1.1940,1.2160,232600,280468
2022-07-04,1.2150,1.2300,1.2150,1.2170,141800,173532
2022-07-05,1.2170,1.2420,1.2170,1.2410,134500,166397
2022-07-06,1.2520,1.2520,1.2040,1.2100,312000,379861
2022-07-07,1.1880,1.2290,1.1880,1.2230,131800,160831
2022-07-08,1.2010,1.2650,1.2000,1.2100,304300,370739
2022-07-11,1.2010,1.2010,1.1660,1.1790,254000,299040
2022-07-12,1.1790,1.1830,1.1650,1.1660,85900,100697
2022-07-13,1.1660,1.1730,1.1560,1.1730,60100,70011
2022-07-14,1.1720,1.1780,1.1660,1.1740,123700,145114
2022-07-15,1.1960,1.1960,1.1590,1.1590,200400,237133
2022-07-18,1.1290,1.2520,1.1290,1.1760,230900,269711
2022-07-19,1.1820,1.1910,1.1810,1.1850,62500,74050
2022-07-20,1.1940,1.1960,1.1880,1.1950,60200,71752
2022-07-21,1.1930,1.1930,1.1790,1.1790,60800,71980
2022-07-22,1.1750,1.1760,1.1620,1.1720,26000,30426
2022-07-25,1.1940,1.1940,1.1590,1.1590,33300,38903
2022-07-26,1.1450,1.1770,1.1450,1.1730,40700,47252
2022-07-27,1.1730,1.1820,1.1690,1.1790,48900,57367
2022-07-28,1.1820,1.1850,1.1780,1.1820,29000,34327
2022-07-29,1.1870,1.1890,1.1770,1.1770,329500,391213
2022-08-01,1.1870,1.1950,1.1210,1.1850,119600,142075
2022-08-02,1.1630,1.1630,1.1340,1.1480,196600,225506
2022-08-03,1.1320,1.1590,1.1320,1.1380,42100,48237
2022-08-04,1.1510,1.1510,1.1350,1.1450,33600,38427
2022-08-05,1.0930,1.2430,1.0930,1.1640,168900,197249
2022-08-08,1.1640,1.1820,1.1580,1.1810,739800,858882
2022-08-09,1.1810,1.1890,1.1790,1.1890,326300,386994
2022-08-10,1.1800,1.1970,1.1800,1.1890,318400,379068
2022-08-11,1.1930,1.1980,1.1890,1.1980,1174600,1401117
2022-08-12,1.1980,1.2070,1.1950,1.2050,660200,794686
2022-08-15,1.2050,1.2160,1.2000,1.2120,2146100,2596232
2022-08-16,1.2110,1.2150,1.2060,1.2060,69400,84095
2022-08-17,1.2100,1.2100,1.1910,1.2000,112100,134174
2022-08-18,1.1970,1.1970,1.1910,1.1950,31700,37794
2022-08-19,1.1950,1.1950,1.1730,1.1740,54300,64051
2022-08-22,1.1820,1.2000,1.1820,1.2000,26100,31104
2022-08-23,1.1990,1.1990,1.1920,1.1960,23000,27512
2022-08-24,1.1960,1.2010,1.1620,1.1640,50400,59186
2022-08-25,1.1660,1.1660,1.1490,1.1600,28100,32410
2022-08-26,1.1300,1.1790,1.1300,1.1650,73300,85249
2022-08-29,1.1630,1.1630,1.1530,1.1630,8700,10039
2022-08-30,1.1700,1.1700,1.1500,1.1530,53000,61756
2022-08-31,1.1410,1.1510,1.1210,1.1210,76100,86277
2022-09-01,1.1210,1.1260,1.1150,1.1260,43500,48782
2022-09-02,1.1160,1.1230,1.1100,1.1170,31900,35568
2022-09-05,1.1150,1.1210,1.1150,1.1210,12700,14219
2022-09-06,1.1270,1.1500,1.1270,1.1500,63800,72794
2022-09-07,1.1510,1.1590,1.1440,1.1570,82900,95765
2022-09-08,1.1560,1.1560,1.1490,1.1490,4400,5073
2022-09-09,1.1510,1.1630,1.1510,1.1620,32800,37918
2022-09-13,1.1630,1.1700,1.1630,1.1650,39400,45942
2022-09-14,1.1650,1.1650,1.1430,1.1470,18800,21614
2022-09-15,1.1430,1.1430,1.1120,1.1160,73100,82574
2022-09-16,1.0930,1.1110,1.0860,1.0870,109300,119566
2022-09-19,1.1060,1.1060,1.0800,1.0830,61700,67443
2022-09-20,1.1000,1.1050,1.0960,1.0990,40600,44614
2022-09-21,1.1740,1.1740,1.0920,1.1030,54100,59493
2022-09-22,1.0960,1.1090,1.0960,1.1040,12700,14050
2022-09-23,1.0930,1.0930,1.0760,1.0860,41300,44732
2022-09-26,1.1150,1.1150,1.0550,1.0570,2090800,2241981
2022-09-27,1.0540,1.0660,1.0490,1.0660,93100,98447
2022-09-28,1.0660,1.0660,1.0290,1.0290,132200,138253
2022-09-29,1.0420,1.0440,1.0310,1.0390,112000,116560
2022-09-30,1.0490,1.0490,1.0300,1.0300,33200,34542
2022-10-10,1.0300,1.0310,1.0060,1.0060,22500,22842
2022-10-11,1.0110,1.0210,1.0060,1.0210,31500,32096
2022-10-12,1.0210,1.0350,1.0000,1.0350,114800,116386
2022-10-13,1.0370,1.0400,1.0310,1.0370,2056900,2127968
2022-10-14,1.0360,1.0590,1.0360,1.0580,92400,96852
2022-10-17,1.0550,1.0570,1.0460,1.0570,69000,72714
2022-10-18,1.0570,1.0620,1.0510,1.0580,213400,224376
2022-10-19,1.0590,1.0590,1.0320,1.0430,410300,427336
2022-10-20,1.0290,1.0420,1.0220,1.0350,155000,159838
2022-10-21,1.0340,1.0350,1.0290,1.0300,294000,303229
2022-10-24,1.0390,1.0390,1.0270,1.0280,55500,57057
2022-10-25,1.0260,1.0260,1.0020,1.0140,2449100,2477513
2022-10-26,1.0180,1.0350,1.0180,1.0260,350000,357422
2022-10-27,1.0370,1.0370,1.0280,1.0300,38900,40039
2022-10-28,1.0300,1.0300,0.9860,0.9890,159900,160098
2022-10-31,0.9820,0.9910,0.9780,0.9800,84400,82919
2022-11-01,0.9820,1.0090,0.9820,1.0090,49200,49128
2022-11-02,1.0120,1.0220,1.0110,1.0210,66500,67402
2022-11-03,1.0210,1.0240,1.0150,1.0220,89200,91193
2022-11-04,1.0290,1.0570,1.0230,1.0570,248400,258721
2022-11-07,1.0720,1.0790,1.0670,1.0730,227500,243911
2022-11-08,1.0700,1.0700,1.0670,1.0670,10100,10777
2022-11-09,1.0760,1.0820,1.0710,1.0770,430800,464176
2022-11-10,1.0770,1.0770,1.0550,1.0590,2159102,2292527
2022-11-11,1.0790,1.0920,1.0610,1.0850,3014400,3229253
2022-11-14,1.0860,1.0920,1.0380,1.0630,1071500,1130376
2022-11-15,1.0630,1.0810,1.0630,1.0790,1206300,1291582
2022-11-16,1.0760,1.0820,1.0750,1.0750,831100,897372
2022-11-17,1.0630,1.0630,1.0590,1.0590,47200,50111
2022-11-18,1.0600,1.0680,1.0560,1.0560,200200,213386
2022-11-21,1.0580,1.0580,1.0470,1.0510,117000,122761
2022-11-22,1.0450,1.0600,1.0450,1.0510,43400,45825
2022-11-23,1.0530,1.0560,1.0430,1.0560,91000,95504
2022-11-24,1.0560,1.0650,1.0450,1.0640,50900,54005
2022-11-25,1.0650,1.0650,1.0550,1.0550,6200,6564
2022-11-28,1.0460,1.0460,1.0370,1.0450,24200,25236
2022-11-29,1.0450,1.0660,1.0450,1.0660,80800,85923
2022-11-30,1.0670,1.0690,1.0620,1.0640,66400,70716
2022-12-01,1.0840,1.0840,1.0770,1.0770,20900,22587
2022-12-02,1.0830,1.0830,1.0700,1.0740,178200,192720
2022-12-05,1.0820,1.0890,1.0750,1.0890,248601,269215
2022-12-06,1.0650,1.0890,1.0650,1.0870,225000,243497
2022-12-07,1.0890,1.0960,1.0810,1.0810,121500,131962
2022-12-08,1.0890,1.0890,1.0820,1.0820,5600,6080
2022-12-09,1.0930,1.0940,1.0660,1.0930,404900,440448
2022-12-12,1.0810,1.0810,1.0750,1.0750,37400,40336
2022-12-13,1.0840,1.0840,1.0720,1.0740,335200,360748
2022-12-14,1.0770,1.0770,1.0680,1.0710,42400,45425
2022-12-15,1.0890,1.1050,1.0630,1.0660,318600,341332
2022-12-16,1.0410,1.0750,1.0410,1.0560,723900,766973
2022-12-19,1.0560,1.0650,1.0400,1.0430,140400,148380
2022-12-20,1.0360,1.0410,1.0300,1.0340,500000,518969
2022-12-21,1.0380,1.0400,1.0280,1.0320,28500,29424
2022-12-22,1.0260,1.0390,1.0130,1.0130,5725500,5883897
2022-12-23,1.0110,1.0110,1.0020,1.0030,80800,81393
2022-12-26,1.0500,1.0500,0.9880,1.0170,76700,77980
2022-12-27,1.0250,1.0360,1.0240,1.0350,442800,458021
2022-12-28,1.0380,1.0380,1.0230,1.0270,2389700,2454354
2022-12-29,1.0450,1.1300,1.0050,1.0220,810200,830712
2022-12-30,1.0430,1.0430,1.0120,1.0200,33800,34627
2023-01-03,0.9800,1.0690,0.9800,1.0380,3100100,3187163
2023-01-04,1.0510,1.0510,1.0300,1.0300,999000,1031996
2023-01-05,1.0220,1.0470,1.0220,1.0400,5905300,6119272
2023-01-06,1.0480,1.0550,1.0390,1.0500,2112800,2213333
2023-01-09,1.0600,1.0660,1.0490,1.0650,2867100,3037009
2023-01-10,1.0540,1.0640,1.0540,1.0570,1700000,1798238
2023-01-11,1.0540,1.0650,1.0540,1.0560,3895703,4126155
2023-01-12,1.0600,1.0610,1.0520,1.0540,302600,319201
2023-01-13,1.0590,1.0590,1.0530,1.0560,60700,64082
2023-01-16,1.0610,1.0740,1.0580,1.0690,4781200,5106550
2023-01-17,1.0720,1.0720,1.0690,1.0700,23000,24638
2023-01-18,1.0710,1.0820,1.0710,1.0740,1732800,1861591
2023-01-19,1.0740,1.0830,1.0720,1.0820,300300,323054
2023-01-20,1.0830,1.1010,1.0830,1.0980,188800,207084
2023-01-30,1.1040,1.1220,1.1040,1.1120,1774001,1976245
2023-01-31,1.1120,1.1190,1.1080,1.1160,96600,107774
2023-02-01,1.1130,1.1370,1.1130,1.1360,1568600,1778907
2023-02-02,1.1250,1.1390,1.1250,1.1370,2242400,2547078
2023-02-03,1.1370,1.1370,1.1160,1.1290,96600,108453
2023-02-06,1.1150,1.1150,1.1090,1.1150,249600,277292
2023-02-07,1.1130,1.1200,1.1130,1.1200,78300,87304
2023-02-08,1.1200,1.1220,1.1150,1.1160,231300,259209
2023-02-09,1.1230,1.1240,1.1170,1.1230,70401,78988
2023-02-10,1.1250,1.1260,1.1140,1.1170,34600,38791
2023-02-13,1.1170,1.1270,1.1160,1.1260,185500,208367
2023-02-14,1.1190,1.1370,1.1190,1.1370,436000,494671
2023-02-15,1.1370,1.1380,1.1290,1.1320,3910200,4435107
2023-02-16,1.1040,1.1400,1.1030,1.1100,6210800,6960777
2023-02-17,1.1110,1.1140,1.1050,1.1060,189700,210910
2023-02-20,1.1140,1.1250,1.1070,1.1250,6589500,7321097
2023-02-21,1.1070,1.1400,1.1070,1.1350,3557500,4033231
2023-02-22,1.1350,1.1350,1.1290,1.1290,2232600,2529401
2023-02-23,1.1270,1.1330,1.1240,1.1280,5700,6424
2023-02-24,1.1290,1.1290,1.1180,1.1240,42900,48181
2023-02-27,1.1180,1.1250,1.1180,1.1190,157400,176749
2023-02-28,1.1190,1.1200,1.1110,1.1200,21500,23949
2023-03-01,1.1210,1.1270,1.1210,1.1270,132700,149404
2023-03-02,1.1270,1.1280,1.1260,1.1260,105700,119119
2023-03-03,1.1220,1.1240,1.1180,1.1240,37900,42461
2023-03-06,1.1160,1.1180,1.1100,1.1180,143000,159006
2023-03-07,1.1200,1.1210,1.0980,1.1040,546300,604179
2023-03-08,1.1050,1.1050,1.0960,1.0990,3794400,4169057
2023-03-09,1.1030,1.1040,1.0970,1.0980,51500,56727
2023-03-10,1.0880,1.0880,1.0780,1.0790,86100,93145
2023-03-13,1.0510,1.1740,1.0510,1.0820,149800,164718
2023-03-14,1.0830,1.0830,1.0610,1.0710,81500,87417
2023-03-15,1.0730,1.0780,1.0730,1.0750,20400,21964
2023-03-16,1.0750,1.0750,1.0490,1.0500,3488700,3670254
2023-03-17,1.0500,1.0600,1.0500,1.0520,615500,647379
2023-03-20,1.0510,1.0580,1.0500,1.0530,1181500,1244437
2023-03-21,1.0550,1.0630,1.0550,1.0620,82100,86935
2023-03-22,1.0680,1.0700,1.0580,1.0600,104500,111301
2023-03-23,1.0580,1.0620,1.0580,1.0620,211300,224034
2023-03-24,1.0620,1.0620,1.0570,1.0600,37601,39827
2023-03-27,1.0560,1.0560,1.0490,1.0550,913700,961002
2023-03-28,1.0590,1.0590,1.0500,1.0500,1405900,1481700
2023-03-29,1.0490,1.0520,1.0440,1.0460,219300,229634
2023-03-30,1.0450,1.0490,1.0360,1.0490,488589,508210
2023-03-31,1.0520,1.0630,1.0520,1.0560,472400,500404
2023-04-03,1.0550,1.0610,1.0500,1.0600,1087600,1150013
2023-04-04,1.0600,1.0600,1.0460,1.0520,1152100,1211160
2023-04-06,1.0520,1.0580,1.0490,1.0580,620500,653730
2023-04-07,1.0580,1.0620,1.0490,1.0590,454000,480739
2023-04-10,1.0630,1.0630,1.0550,1.0590,187800,198683
2023-04-11,1.0590,1.0710,1.0550,1.0710,453400,481732
2023-04-12,1.0710,1.0760,1.0660,1.0690,463453,495433
2023-04-13,1.0510,1.0690,1.0510,1.0620,382200,406773
2023-04-14,1.0610,1.0810,1.0610,1.0800,807900,870601
2023-04-17,1.0800,1.0940,1.0800,1.0920,582000,634455
2023-04-18,1.0920,1.0980,1.0880,1.0930,106600,116534
2023-04-19,1.0920,1.0920,1.0840,1.0860,449300,487766
2023-04-20,1.0860,1.0860,1.0630,1.0670,746400,798691
2023-04-21,1.0680,1.0680,1.0420,1.0430,195900,206546
2023-04-24,1.0420,1.0420,1.0210,1.0240,297100,306135
2023-04-25,1.0220,1.0390,0.9930,1.0020,1218900,1215961
2023-04-26,0.9970,1.0150,0.9960,1.0070,215100,215998
2023-04-27,1.0020,1.0180,0.9990,1.0110,243200,244209
2023-04-28,1.0110,1.0170,1.0080,1.0130,104700,105919
2023-05-04,1.0290,1.0290,1.0090,1.0090,345200,349785
2023-05-05,1.0080,1.0090,0.9940,1.0020,4039731,4035319
2023-05-08,1.0020,1.0090,0.9990,1.0080,626300,627455
2023-05-09,1.0000,1.0150,0.9980,0.9980,2240600,2245956
2023-05-10,1.0020,1.0050,0.9990,1.0000,1034800,1034933
2023-05-11,0.9990,1.0000,0.9950,0.9970,1907600,1900793
2023-05-12,0.9950,0.9960,0.9760,0.9760,2328000,2297359
2023-05-15,0.9750,0.9960,0.9750,0.9960,720200,710516
2023-05-16,0.9930,0.9950,0.9820,0.9890,517800,513705
2023-05-17,0.9890,0.9890,0.9740,0.9840,1992100,1960661
2023-05-18,0.9850,0.9850,0.9750,0.9800,2668600,2618717
2023-05-19,0.9690,0.9770,0.9690,0.9760,429800,418258
2023-05-22,0.9730,0.9800,0.9720,0.9800,928100,904683
2023-05-23,0.9780,0.9790,0.9720,0.9730,2382000,2319750
2023-05-24,0.9800,0.9800,0.9650,0.9650,2693200,2607876
2023-05-25,0.9610,0.9770,0.9460,0.9530,636100,609134
2023-05-26,0.9510,0.9540,0.9400,0.9530,1452100,1375405
2023-05-29,0.9510,0.9530,0.9450,0.9450,255300,241441
2023-05-30,0.9460,0.9460,0.9330,0.9430,310400,290052
2023-05-31,0.9430,0.9430,0.9360,0.9370,1919100,1799570
2023-06-01,0.9440,0.9470,0.9430,0.9430,28600,27018
2023-06-02,0.9470,0.9720,0.9470,0.9720,249900,240234
2023-06-05,0.9720,0.9720,0.9620,0.9640,71100,68533
2023-06-06,0.9640,0.9660,0.9560,0.9560,103800,99860
2023-06-07,0.9540,0.9560,0.9440,0.9480,78800,74851
2023-06-08,0.9500,0.9570,0.9490,0.9530,558700,531880
2023-06-09,0.9530,0.9580,0.9480,0.9530,590100,562693
2023-06-12,0.9530,0.9580,0.9490,0.9570,825200,785180
2023-06-13,0.9520,0.9540,0.9520,0.9540,68400,65152
2023-06-14,0.9600,0.9610,0.9560,0.9560,153600,147450
2023-06-15,0.9560,0.9700,0.9500,0.9700,105800,102072
2023-06-16,0.9700,0.9750,0.9590,0.9740,191500,186316
2023-06-19,0.9790,0.9790,0.9610,0.9630,546000,526206
2023-06-20,0.9630,0.9630,0.9550,0.9570,271800,260656
2023-06-21,0.9740,0.9740,0.9420,0.9420,1267000,1215800
2023-06-26,0.9420,0.9720,0.8970,0.9360,3860500,3624832
2023-06-27,0.9360,0.9510,0.9360,0.9490,389800,368785
2023-06-28,0.9490,0.9500,0.9410,0.9460,143000,135528
2023-06-29,0.9440,0.9440,0.9420,0.9430,319600,301337
2023-06-30,0.9460,0.9560,0.9460,0.9550,1841300,1753665
2023-07-03,0.9690,0.9690,0.9600,0.9680,1115900,1077197
2023-07-04,0.9650,0.9670,0.9630,0.9660,199000,191979
2023-07-05,0.9670,0.9740,0.9660,0.9720,795500,771405
2023-07-06,0.9790,0.9790,0.9560,0.9610,2742200,2643280
2023-07-07,0.9340,0.9720,0.9340,0.9550,125800,119703
2023-07-10,0.9670,0.9690,0.9630,0.9630,136600,131739
2023-07-11,0.9640,0.9710,0.9640,0.9700,158200,153259
2023-07-12,0.9700,0.9770,0.9670,0.9720,2222700,2158482
2023-07-13,0.9790,0.9850,0.9790,0.9840,496800,488627
2023-07-14,0.9850,0.9870,0.9820,0.9870,362800,356835
2023-07-17,0.9930,0.9930,0.9730,0.9800,1236600,1206227
2023-07-18,0.9750,0.9780,0.9740,0.9770,1718800,1678496
2023-07-19,0.9770,0.9790,0.9750,0.9760,110800,108255
2023-07-20,0.9790,0.9920,0.9790,0.9800,1426800,1404862
2023-07-21,0.9760,0.9940,0.9730,0.9750,332300,324740
2023-07-24,0.9750,0.9750,0.9640,0.9640,196700,190309
2023-07-25,0.9850,0.9900,0.9820,0.9860,1594600,1573947
2023-07-26,0.9910,0.9990,0.9860,0.9940,2959200,2935543
2023-07-27,0.9960,0.9990,0.9900,0.9930,2061400,2051194
2023-07-28,0.9930,1.0070,0.9820,1.0070,2142301,2135067
2023-07-31,1.0070,1.0190,1.0070,1.0120,324700,328949
2023-08-01,1.0120,1.0190,1.0080,1.0120,2236100,2264932
2023-08-02,1.0150,1.0210,1.0050,1.0070,707300,714860
2023-08-03,1.0060,1.0060,0.9990,1.0050,273500,273916
2023-08-04,1.0020,1.0150,1.0020,1.0070,4636300,4672787
2023-08-07,1.0070,1.0070,0.9980,0.9990,390900,390903
2023-08-08,1.0020,1.0040,0.9930,1.0040,177600,177475
2023-08-09,1.0040,1.0040,0.9960,0.9970,5807600,5800614
2023-08-10,1.0000,1.0020,0.9950,0.9980,5244200,5231285
2023-08-11,0.9980,0.9980,0.9790,0.9790,6535900,6487464
2023-08-14,0.9790,0.9790,0.9630,0.9740,4895600,4725749
2023-08-15,0.9760,0.9760,0.9610,0.9680,5417000,5263540
2023-08-16,0.9610,0.9690,0.9610,0.9620,6877900,6630540
2023-08-17,0.9530,0.9620,0.9490,0.9590,6725300,6404597
2023-08-18,0.9650,0.9660,0.9510,0.9510,7505000,7229538
2023-08-21,0.9450,0.9550,0.9420,0.9430,6947500,6596080
2023-08-22,0.9460,0.9490,0.9340,0.9450,8799400,8290096
2023-08-23,0.9410,0.9450,0.9280,0.9310,7489100,7034037
2023-08-24,0.9290,0.9450,0.9290,0.9400,8288644,7760965
2023-08-25,0.9350,0.9390,0.9270,0.9300,6823700,6389610
2023-08-28,0.9390,0.9620,0.9340,0.9400,3846200,3642533
2023-08-29,0.9460,0.9520,0.9350,0.9500,6776500,6368681
2023-08-30,0.9550,0.9560,0.9480,0.9500,5445100,5177444
2023-08-31,0.9510,0.9530,0.9420,0.9420,4872700,4625573
2023-09-01,0.9480,0.9610,0.9480,0.9580,5474800,5215717
2023-09-04,0.9600,0.9880,0.9600,0.9840,5748100,5586100
2023-09-05,0.9750,0.9800,0.9740,0.9760,5837000,5704906
2023-09-06,0.9760,0.9780,0.9710,0.9760,6157700,5989048
2023-09-07,0.9710,0.9740,0.9630,0.9630,6516600,6326981
2023-09-08,0.9630,0.9640,0.9560,0.9570,6695300,6432056
2023-09-11,0.9350,0.9700,0.9350,0.9640,7460900,7182298
2023-09-12,0.9650,0.9700,0.9640,0.9640,6614000,6390050
2023-09-13,0.9660,0.9690,0.9570,0.9590,6945600,6694793
2023-09-14,0.9620,0.9650,0.9590,0.9640,6493400,6254567
2023-09-15,0.9650,0.9690,0.9570,0.9590,7457000,7191662
2023-09-18,0.9610,0.9630,0.9510,0.9630,7043500,6739258
2023-09-19,0.9600,0.9600,0.9560,0.9600,6940100,6646802
2023-09-20,0.9600,0.9600,0.9530,0.9530,7017500,6701704
2023-09-21,0.9510,0.9540,0.9440,0.9440,6155100,5858908
2023-09-22,0.9440,0.9470,0.9380,0.9470,6124600,5775417
2023-09-25,0.9480,0.9490,0.9420,0.9420,2612000,2472520
2023-09-26,0.9420,0.9420,0.9330,0.9350,2232100,2095148
2023-09-27,0.9340,0.9410,0.9320,0.9330,5887500,5509468
2023-09-28,0.9370,0.9370,0.9310,0.9340,6174900,5773375
2023-10-09,0.9340,0.9340,0.9210,0.9300,6720800,6207440
2023-10-10,0.9320,0.9360,0.9260,0.9270,6634200,6190122
2023-10-11,0.9290,0.9290,0.9190,0.9240,7381500,6835206
2023-10-12,0.9200,0.9380,0.9200,0.9360,6059600,5637715
2023-10-13,0.9300,0.9300,0.9220,0.9250,7068600,6540893
2023-10-16,0.9280,0.9280,0.9160,0.9190,4669200,4299014
2023-10-17,0.9170,0.9260,0.9130,0.9260,6015300,5515320
2023-10-18,0.9260,0.9260,0.9050,0.9050,5468300,4991845
2023-10-19,0.9010,0.9010,0.8910,0.8920,7244600,6512361
2023-10-20,0.8890,0.8990,0.8890,0.8900,6939400,6190023
2023-10-23,0.8870,0.8870,0.8650,0.8660,6093100,5364647
2023-10-24,0.8730,0.8800,0.8700,0.8790,7089700,6233472
2023-10-25,0.8870,0.8980,0.8870,0.8930,6142300,5504427
2023-10-26,0.8930,0.8930,0.8810,0.8910,4725901,4186299
2023-10-27,0.8880,0.9100,0.8870,0.9060,6060300,5450495
2023-10-30,0.9020,0.9190,0.9020,0.9160,4895400,4465013
2023-10-31,0.9140,0.9160,0.9110,0.9150,4635200,4232731
2023-11-01,0.9150,0.9150,0.9070,0.9090,1730700,1575419
2023-11-02,0.9120,0.9130,0.8990,0.9020,4773000,4346424
2023-11-03,0.9020,0.9060,0.9020,0.9050,4450400,4022160
2023-11-06,0.9110,0.9110,0.9040,0.9080,6272000,5696980
2023-11-07,0.9070,0.9090,0.9010,0.9070,7473200,6743632
2023-11-08,0.9070,0.9070,0.8910,0.8960,6390400,5752417
2023-11-09,0.8970,0.9030,0.8970,0.9000,5878600,5298828
2023-11-10,0.8980,0.8980,0.8930,0.8970,4870600,4362402
2023-11-13,0.8980,0.9000,0.8920,0.9000,4692900,4200324
2023-11-14,0.9000,0.9040,0.8960,0.8990,4709500,4244133
2023-11-15,0.9060,0.9130,0.9060,0.9130,4633800,4220591
2023-11-16,0.9130,0.9130,0.9010,0.9040,7867900,7112228
2023-11-17,0.8990,0.9010,0.8960,0.9010,4472700,4023427
2023-11-20,0.9020,0.9040,0.8950,0.9020,6820400,6150496
2023-11-21,0.9110,0.9120,0.9040,0.9040,544100,495454
2023-11-22,0.9040,0.9040,0.8920,0.8930,59700,53536
2023-11-23,0.8930,0.8970,0.8880,0.8970,120500,107441
2023-11-24,0.8970,0.8970,0.8880,0.8920,2473800,2201099
2023-11-27,0.8880,0.8890,0.8800,0.8850,3388700,2996789
2023-11-28,0.8830,0.8870,0.8790,0.8870,1873100,1658990
2023-11-29,0.8900,0.8900,0.8840,0.8840,2160700,1912234
2023-11-30,0.8910,0.8910,0.8770,0.8810,858900,754773
2023-12-01,0.8810,0.8810,0.8720,0.8750,700301,613558
2023-12-04,0.8800,0.8870,0.8800,0.8800,219400,193599
2023-12-05,0.8730,0.8800,0.8670,0.8670,49600,43234
2023-12-06,0.8670,0.8800,0.8670,0.8760,82600,72373
2023-12-07,0.8680,0.8730,0.8630,0.8700,979300,852320
2023-12-08,0.8690,0.8690,0.8660,0.8680,459300,398453
2023-12-11,0.8600,0.8700,0.8520,0.8700,0,0
2023-12-12,0.8640,0.8670,0.8620,0.8670,182200,157410
2023-12-13,0.8670,0.8670,0.8520,0.8530,0,0
2023-12-14,0.8600,0.8610,0.8510,0.8510,0,0
2023-12-15,0.8520,0.8610,0.8500,0.8500,0,0
2023-12-18,0.8470,0.8490,0.8390,0.8390,590600,496110
2023-12-19,0.8440,0.8440,0.8340,0.8360,1056300,884121
2023-12-20,0.8440,0.8440,0.8370,0.8370,2035201,1711254
2023-12-21,0.8370,0.8420,0.8310,0.8410,460700,385906
2023-12-22,0.8360,0.8530,0.8360,0.8490,560600,475686
2023-12-25,0.8520,0.8540,0.8460,0.8510,472700,402649
2023-12-26,0.8520,0.8550,0.8500,0.8500,202500,172177
2023-12-27,0.8500,0.8520,0.8470,0.8520,503300,428323
2023-12-28,0.8550,0.8740,0.8550,0.8710,339600,295516
2023-12-29,0.8740,0.8760,0.8720,0.8720,66500,58135
2024-01-02,0.8750,0.8780,0.8740,0.8740,224500,196783
2024-01-03,0.8750,0.8780,0.8730,0.8760,914600,800671
2024-01-04,0.8700,0.8710,0.8650,0.8690,248700,215830
2024-01-05,0.8710,0.8760,0.8590,0.8590,127900,110839
2024-01-08,0.8610,0.8610,0.8500,0.8500,216900,186247
2024-01-09,0.8490,0.8530,0.8440,0.8490,556900,472742
2024-01-10,0.8490,0.8570,0.8460,0.8500,694900,592695
2024-01-11,0.8440,0.8570,0.8410,0.8530,144500,123028
2024-01-12,0.8520,0.8590,0.8520,0.8540,484900,414170
2024-01-15,0.8490,0.8500,0.8450,0.8450,175200,148662
2024-01-16,0.8440,0.8450,0.8340,0.8420,549301,461876
2024-01-17,0.8410,0.8410,0.8220,0.8220,738200,611451
2024-01-18,0.8190,0.8190,0.7970,0.8190,1238100,998261
2024-01-19,0.8140,0.8250,0.8140,0.8200,1334300,1093087
2024-01-22,0.8240,0.8240,0.7820,0.7860,169100,134909
2024-01-23,0.7860,0.7950,0.7730,0.7940,509701,403453
2024-01-24,0.7990,0.8030,0.7800,0.8010,2458400,1941283
2024-01-25,0.8040,0.8260,0.8040,0.8230,1328600,1088109
2024-01-26,0.8290,0.8320,0.8240,0.8260,1876300,1554761
2024-01-29,0.8260,0.8290,0.8170,0.8190,2669800,2191364
2024-01-30,0.8140,0.8160,0.8090,0.8100,2110900,1715797
2024-01-31,0.8100,0.8180,0.7840,0.7840,3515300,2786848
2024-02-01,0.7840,0.7940,0.7730,0.7840,4109400,3225606
2024-02-02,0.7830,0.7880,0.7450,0.7640,3974100,3026878
2024-02-05,0.7570,0.7640,0.7290,0.7520,4261100,3203168
2024-02-06,0.7490,0.7950,0.7490,0.7940,1815000,1414197
2024-02-07,0.7940,0.8230,0.7910,0.8220,1821000,1488681
2024-02-08,0.8240,0.8500,0.8240,0.8360,2621200,2203909
2024-02-19,0.8360,0.8440,0.8300,0.8380,1934000,1619735
2024-02-20,0.8340,0.8430,0.8340,0.8420,776700,650499
2024-02-21,0.8420,0.8620,0.8420,0.8490,1598500,1366200
2024-02-22,0.8510,0.8540,0.8440,0.8540,868900,737402
2024-02-23,0.8550,0.8590,0.8520,0.8580,410200,350740
2024-02-26,0.8520,0.8610,0.8520,0.8520,481800,412946
2024-02-27,0.8490,0.8630,0.8440,0.8620,1117300,955477
2024-02-28,0.8640,0.8770,0.8530,0.8540,3258800,2817011
2024-02-29,0.8530,0.8720,0.8530,0.8720,1250400,1076605
2024-03-01,0.8740,0.8770,0.8690,0.8750,689100,601933
2024-03-04,0.8790,0.8830,0.8700,0.8750,193400,169959
2024-03-05,0.8740,0.8800,0.8700,0.8770,1574400,1378939
2024-03-06,0.8770,0.8830,0.8700,0.8780,270300,236391
2024-03-07,0.8840,0.9020,0.8820,0.8890,2841400,2533612
2024-03-08,0.8920,0.8940,0.8840,0.8930,913600,812673
2024-03-11,0.8930,0.9030,0.8910,0.9030,322100,289288
2024-03-12,0.9040,0.9040,0.8890,0.8930,1487800,1328588
2024-03-13,0.8950,0.8970,0.8870,0.8910,396400,353225
2024-03-14,0.8930,0.9120,0.8930,0.8950,959500,864102
2024-03-15,0.8930,0.9160,0.8900,0.9150,419800,380224
2024-03-18,0.9150,0.9210,0.9090,0.9190,213200,195299
2024-03-19,0.9140,0.9280,0.9140,0.9170,1104100,1016653
2024-03-20,0.9170,0.9170,0.9070,0.9120,152300,138894
2024-03-21,0.9120,0.9190,0.9110,0.9110,206900,189383
2024-03-22,0.9090,0.9090,0.8920,0.8950,956500,859279
2024-03-25,0.8910,0.9070,0.8910,0.8950,100500,90368
2024-03-26,0.8950,0.9000,0.8890,0.9000,244600,218234
2024-03-27,0.8970,0.8990,0.8890,0.8890,118900,106332
2024-03-28,0.8850,0.9020,0.8850,0.8950,265500,237931
2024-03-29,0.8990,0.9180,0.8990,0.9170,757600,693058
2024-04-01,0.9190,0.9380,0.9190,0.9360,1264500,1179195
2024-04-02,0.9390,0.9440,0.9380,0.9440,751202,706495
2024-04-03,0.9450,0.9640,0.9450,0.9590,794600,757819
2024-04-08,0.9640,0.9790,0.9500,0.9550,642700,621771
2024-04-09,0.9540,0.9630,0.9510,0.9590,198400,189891
2024-04-10,0.9640,0.9670,0.9540,0.9590,538300,517546
2024-04-11,0.9590,0.9740,0.9470,0.9610,626100,602447
2024-04-12,0.9620,0.9700,0.9570,0.9610,185900,179307
2024-04-15,0.9640,0.9710,0.9440,0.9700,555100,531020
2024-04-16,0.9680,0.9700,0.9360,0.9360,760300,724279
2024-04-17,0.9440,0.9600,0.9440,0.9590,162300,154503
2024-04-18,0.9590,0.9690,0.9540,0.9670,227700,219291
2024-04-19,0.9670,0.9840,0.9660,0.9720,509000,497268
2024-04-22,0.9700,0.9780,0.9540,0.9550,245600,237767
2024-04-23,0.9580,0.9590,0.9230,0.9240,465400,433358
2024-04-24,0.9240,0.9320,0.9190,0.9320,92900,86083
2024-04-25,0.9230,0.9420,0.9230,0.9380,505600,472314
2024-04-26,0.9320,0.9560,0.9320,0.9540,1464700,1392683
2024-04-29,0.9570,0.9660,0.9480,0.9630,2990900,2866154
2024-04-30,0.9670,0.9670,0.9540,0.9540,1554900,1496886
2024-05-06,0.9590,0.9740,0.9520,0.9740,4017500,3864171
2024-05-07,0.9680,0.9840,0.9680,0.9820,2895500,2835849
2024-05-08,0.9810,0.9810,0.9690,0.9690,2266100,2204471
2024-05-09,0.9690,0.9880,0.9690,0.9850,2662200,2606971
2024-05-10,0.9890,0.9930,0.9770,0.9890,1958600,1930384
2024-05-13,0.9810,0.9840,0.9710,0.9820,2358400,2305072
2024-05-14,0.9860,0.9890,0.9790,0.9810,2032900,2004015
2024-05-15,0.9800,0.9860,0.9730,0.9740,2448200,2402977
2024-05-16,0.9760,0.9840,0.9680,0.9700,902400,879061
2024-05-17,0.9710,0.9850,0.9660,0.9850,965300,939413
2024-05-20,0.9880,1.0060,0.9880,1.0020,2852500,2849336
2024-05-21,1.0020,1.0020,0.9790,0.9890,2090500,2065634
2024-05-22,0.9990,0.9990,0.9770,0.9810,1982600,1946534
2024-05-23,0.9800,0.9800,0.9510,0.9550,2241900,2146035
2024-05-24,0.9510,0.9590,0.9510,0.9510,1938300,1850174
2024-05-27,0.9530,0.9620,0.9490,0.9620,1836400,1754738
2024-05-28,0.9620,0.9690,0.9560,0.9570,1252400,1204384
2024-05-29,0.9570,0.9720,0.9560,0.9680,2454400,2370386
2024-05-30,0.9680,0.9720,0.9530,0.9560,3396900,3265889
2024-05-31,0.9530,0.9580,0.9460,0.9470,4067890,3862804
2024-06-03,0.9440,0.9440,0.9260,0.9330,3931000,3673153
2024-06-04,0.9330,0.9460,0.9310,0.9440,2378000,2227281
2024-06-05,0.9440,0.9440,0.9290,0.9290,2450100,2288715
2024-06-06,0.9340,0.9420,0.9290,0.9320,4191600,3926205
2024-06-07,0.9340,0.9400,0.9260,0.9320,3559200,3314025
2024-06-11,0.9320,0.9340,0.9150,0.9210,4550500,4182668
2024-06-12,0.9210,0.9270,0.9200,0.9260,2205100,2039986
2024-06-13,0.9240,0.9240,0.9060,0.9110,2734700,2502686
2024-06-14,0.9110,0.9150,0.9040,0.9140,2839400,2584606
2024-06-17,0.9090,0.9140,0.9040,0.9050,2536800,2300608
2024-06-18,0.9040,0.9120,0.9010,0.9100,2091800,1892210
2024-06-19,0.9120,0.9150,0.9080,0.9080,2371100,2159816
2024-06-20,0.9140,0.9150,0.9010,0.9020,4509500,4080865
2024-06-21,0.9040,0.9060,0.8990,0.9010,5756300,5194505
2024-06-24,0.8920,0.8940,0.8820,0.8880,4334000,3859443
2024-06-25,0.8900,0.8970,0.8860,0.8910,4091400,3648556
2024-06-26,0.8910,0.8990,0.8820,0.8990,1632500,1449451
2024-06-27,0.8940,0.8940,0.8790,0.8800,2636900,2330551
2024-06-28,0.8830,0.8960,0.8810,0.8890,2029900,1800211
2024-07-01,0.8940,0.9080,0.8940,0.9060,1672100,1508384
2024-07-02,0.9020,0.9040,0.8920,0.8940,819700,737191
2024-07-03,0.8940,0.8990,0.8900,0.8930,1649196,1471246
2024-07-04,0.8970,0.9010,0.8850,0.8870,1051300,934877
2024-07-05,0.8850,0.8990,0.8830,0.8980,2143700,1906882
2024-07-08,0.9010,0.9010,0.8850,0.8880,1971500,1758805
2024-07-09,0.8880,0.8990,0.8800,0.8960,1793000,1596970
2024-07-10,0.8970,0.9030,0.8850,0.8870,1620700,1446589
2024-07-11,0.8940,0.9160,0.8930,0.9150,1487200,1352268
2024-07-12,0.9140,0.9170,0.9040,0.9070,1946000,1772722
2024-07-15,0.9040,0.9130,0.9040,0.9090,1367400,1244062
2024-07-16,0.9090,0.9120,0.9050,0.9100,2294600,2086286
2024-07-17,0.9130,0.9140,0.8950,0.8970,3193200,2866448
2024-07-18,0.8940,0.8980,0.8840,0.8970,1216400,1086579
2024-07-19,0.8910,0.8920,0.8800,0.8910,2371200,2103081
2024-07-22,0.8900,0.8900,0.8770,0.8820,2469600,2176565
2024-07-23,0.8820,0.8820,0.8480,0.8490,1723600,1480490
2024-07-24,0.8490,0.8490,0.8380,0.8400,2454000,2066400
2024-07-25,0.8400,0.8400,0.8290,0.8300,1741900,1446588
2024-07-26,0.8340,0.8490,0.8330,0.8440,3080500,2600033
2024-07-29,0.8490,0.8490,0.8390,0.8400,4292592,3614937
2024-07-30,0.8400,0.8400,0.8280,0.8330,2717600,2260115
2024-07-31,0.8340,0.8630,0.8340,0.8630,1749900,1489899
2024-08-01,0.8640,0.8710,0.8520,0.8540,2624500,2250279
2024-08-02,0.8540,0.8540,0.8430,0.8440,1510100,1274714
2024-08-05,0.8390,0.8450,0.8270,0.8270,7329800,6129932
2024-08-06,0.8330,0.8350,0.8220,0.8280,4728500,3917117
2024-08-07,0.8280,0.8350,0.8250,0.8300,3447500,2862431
2024-08-08,0.8290,0.8370,0.8240,0.8320,4344800,3606682
2024-08-09,0.8390,0.8420,0.8280,0.8290,2835200,2369013
2024-08-12,0.8290,0.8290,0.8240,0.8260,3673200,3037864
2024-08-13,0.8280,0.8290,0.8230,0.8280,4271900,3528279
2024-08-14,0.8290,0.8290,0.8140,0.8140,1875400,1528987
2024-08-15,0.8130,0.8250,0.8130,0.8200,3814500,3124766
2024-08-16,0.8240,0.8250,0.8150,0.8160,4950000,4055097
2024-08-19,0.8210,0.8320,0.8210,0.8240,3728000,3079576
2024-08-20,0.8240,0.8260,0.8100,0.8140,2501300,2038735
2024-08-21,0.8140,0.8180,0.8110,0.8160,3308500,2694397
2024-08-22,0.8180,0.8180,0.8060,0.8080,2777700,2251103
2024-08-23,0.8060,0.8110,0.8060,0.8080,2295300,1856814
2024-08-26,0.8140,0.8150,0.8080,0.8130,3557901,2891581
2024-08-27,0.8130,0.8130,0.8020,0.8060,2513600,2027837
2024-08-28,0.8080,0.8090,0.8030,0.8050,2488600,2004202
2024-08-29,0.7990,0.8130,0.7990,0.8110,1643100,1324345
2024-08-30,0.8080,0.8300,0.8070,0.8190,1568400,1284737
2024-09-02,0.8220,0.8220,0.8040,0.8040,1352800,1094130
2024-09-03,0.8040,0.8140,0.8030,0.8110,1830000,1478194
2024-09-04,0.8110,0.8110,0.7960,0.7960,789000,633164
2024-09-05,0.8010,0.8050,0.7910,0.7950,2873400,2290147
2024-09-06,0.7990,0.7990,0.7870,0.7870,2977200,2358913
2024-09-09,0.7840,0.7840,0.7730,0.7760,4387700,3409958
2024-09-10,0.7790,0.7790,0.7640,0.7730,3654600,2813653
2024-09-11,0.7730,0.7770,0.7690,0.7760,4270400,3307490
2024-09-12,0.7790,0.7840,0.7740,0.7740,3012600,2340906
2024-09-13,0.7740,0.7810,0.7730,0.7730,3822700,2970538
2024-09-18,0.7740,0.7790,0.7660,0.7770,5237300,4048214
2024-09-19,0.7790,0.7980,0.7730,0.7940,2414800,1911052
2024-09-20,0.7890,0.7970,0.7890,0.7970,2450500,1944557
2024-09-23,0.7950,0.8030,0.7950,0.7970,3980000,3179379
2024-09-24,0.8010,0.8340,0.8010,0.8340,5665600,4627150
2024-09-25,0.8340,0.8630,0.8340,0.8400,4568900,3871575
2024-09-26,0.8420,0.8760,0.8420,0.8760,6203000,5281950
2024-09-27,0.8770,0.9170,0.8770,0.9080,1718900,1547721
2024-09-30,0.9190,0.9970,0.9190,0.9770,3025700,2921491
2024-10-08,1.0750,1.0750,0.9870,1.0230,4279100,4370992
2024-10-09,1.0200,1.0200,0.9290,0.9360,6738002,6395466
2024-10-10,0.9350,0.9670,0.9270,0.9420,5930500,5613103
2024-10-11,0.9410,0.9420,0.9120,0.9190,3186200,2960828
2024-10-14,0.9170,0.9450,0.9170,0.9410,4914500,4611958
2024-10-15,0.9420,0.9420,0.9170,0.9180,4639800,4311183
2024-10-16,0.9180,0.9300,0.9100,0.9220,3236500,2992493
2024-10-17,0.9220,0.9260,0.9040,0.9050,4006900,3656085
2024-10-18,0.9050,0.9430,0.9030,0.9260,7624900,6958988
2024-10-21,0.9300,0.9480,0.9270,0.9380,3321000,3118494
2024-10-22,0.9380,0.9460,0.9320,0.9460,2384700,2240368
2024-10-23,0.9460,0.9590,0.9410,0.9520,3253000,3092687
2024-10-24,0.9520,0.9520,0.9330,0.9380,4339500,4072458
2024-10-25,0.9390,0.9590,0.9390,0.9520,5961100,5665374
2024-10-28,0.9520,0.9640,0.9510,0.9630,3523500,3383189
2024-10-29,0.9650,0.9660,0.9450,0.9460,3173400,3016244
2024-10-30,0.9460,0.9530,0.9350,0.9420,3153800,2972836
2024-10-31,0.9460,0.9460,0.9350,0.9400,5562703,5232144
2024-11-01,0.9310,0.9740,0.9310,0.9590,0,0
2024-11-04,0.9590,0.9660,0.9520,0.9640,2049100,1961353
2024-11-05,0.9640,0.9920,0.9630,0.9900,2995200,2937859
2024-11-06,0.9990,1.0030,0.9860,0.9920,3929903,3916078
2024-11-07,0.9920,1.0010,0.9770,0.9980,3266300,3224704
2024-11-08,0.9990,1.0140,0.9900,0.9930,3910500,3914623
2024-11-11,0.9940,0.9940,0.9770,0.9930,1649100,1625524
2024-11-12,0.9910,1.0080,0.9750,0.9830,1723000,1714175
2024-11-13,0.9830,0.9930,0.9780,0.9860,1562700,1539721
2024-11-14,0.9870,0.9870,0.9600,0.9600,1164900,1129993
2024-11-15,0.9600,0.9670,0.9460,0.9460,876100,838713
2024-11-18,0.9540,0.9580,0.9340,0.9370,2642600,2500291
2024-11-19,0.9460,0.9580,0.9360,0.9580,1745600,1651896
2024-11-20,0.9560,0.9660,0.9550,0.9640,783900,753321
2024-11-21,0.9640,0.9670,0.9590,0.9660,494900,476423
2024-11-22,0.9660,0.9660,0.9350,0.9360,1014800,960097
2024-11-25,0.9430,0.9450,0.9280,0.9340,1676500,1570671
2024-11-26,0.9310,0.9340,0.9240,0.9260,688000,640432
2024-11-27,0.9260,0.9380,0.9160,0.9380,2133100,1976739
2024-11-28,0.9340,0.9350,0.9270,0.9280,2171300,2023250
2024-11-29,0.9310,0.9440,0.9260,0.9390,5777000,5411558
2024-12-02,0.9380,0.9510,0.9380,0.9490,3380100,3199150
2024-12-03,0.9490,0.9510,0.9420,0.9480,3217200,3048291
2024-12-04,0.9480,0.9500,0.9400,0.9420,3120100,2948751
2024-12-05,0.9420,0.9420,0.9350,0.9390,1202400,1128061
2024-12-06,0.9390,0.9520,0.9360,0.9510,2761004,2617398
2024-12-09,0.9510,0.9600,0.9480,0.9510,2757300,2625550
2024-12-10,0.9660,0.9780,0.9540,0.9550,2878400,2774008
2024-12-11,0.9550,0.9710,0.9550,0.9630,1082100,1042939
2024-12-12,0.9630,0.9710,0.9600,0.9700,1855900,1795499
2024-12-13,0.9710,0.9710,0.9440,0.9440,2190600,2080225
2024-12-16,0.9430,0.9440,0.9310,0.9330,2205400,2063813
2024-12-17,0.9330,0.9390,0.9300,0.9320,3239600,3027449
2024-12-18,0.9350,0.9410,0.9300,0.9310,894110,836820
2024-12-19,0.9220,0.9280,0.9180,0.9260,2300800,2124628
2024-12-20,0.9310,0.9310,0.9190,0.9210,1116400,1029768
2024-12-23,0.9210,0.9270,0.9170,0.9180,2805900,2591501
2024-12-24,0.9180,0.9270,0.9180,0.9260,3520000,3243692
2024-12-25,0.9260,0.9260,0.9130,0.9180,1645100,1511763
2024-12-26,0.9200,0.9230,0.9200,0.9210,992200,913721
2024-12-27,0.9220,0.9260,0.9180,0.9190,859900,791471
2024-12-30,0.9200,0.9250,0.9190,0.9210,1244900,1146273
2024-12-31,0.9210,0.9210,0.9040,0.9040,2365300,2150237
2025-01-02,0.9030,0.9100,0.8830,0.8880,4694600,4197246
2025-01-03,0.8960,0.9090,0.8860,0.8880,5055000,4526934
2025-01-06,0.8870,0.9040,0.8870,0.8940,2340600,2092722
2025-01-07,0.8930,0.9040,0.8930,0.9040,1879400,1689350
2025-01-08,0.9020,0.9020,0.8780,0.8920,6076700,5412168
2025-01-09,0.8890,0.8970,0.8890,0.8940,2234100,1996631
2025-01-10,0.8980,0.9020,0.8880,0.8880,2548600,2273294
2025-01-13,0.8830,0.8990,0.8830,0.8970,2385300,2132020
2025-01-14,0.8950,0.9150,0.8930,0.9090,2977300,2699604
2025-01-15,0.9090,0.9100,0.9010,0.9050,1074300,971864
2025-01-16,0.9140,0.9220,0.8990,0.9160,3279800,3002850
2025-01-17,0.9170,0.9250,0.9140,0.9230,2506700,2305906
2025-01-20,0.9260,0.9270,0.9190,0.9190,1973200,1818895
2025-01-21,0.9190,0.9220,0.9100,0.9140,4731900,4324192
2025-01-22,0.9140,0.9140,0.9040,0.9110,6338700,5762605
2025-01-23,0.9190,0.9240,0.9070,0.9070,6325400,5787241
2025-01-24,0.9080,0.9160,0.9060,0.9160,1191900,1086840
2025-01-27,0.9220,0.9260,0.9200,0.9210,4931700,4548000
2025-02-05,0.9210,0.9230,0.9140,0.9180,4011000,3684661
2025-02-06,0.9180,0.9240,0.9130,0.9240,3813703,3512203
2025-02-07,0.9210,0.9400,0.9210,0.9380,5672000,5283677
2025-02-10,0.9380,0.9440,0.9360,0.9410,4806100,4513907
2025-02-11,0.9430,0.9470,0.9410,0.9440,4359200,4114077
2025-02-12,0.9440,0.9460,0.9350,0.9440,4764100,4478760
2025-02-13,0.9480,0.9510,0.9420,0.9430,5878900,5567553
2025-02-14,0.9460,0.9460,0.9390,0.9430,5283400,4978269
2025-02-17,0.9430,0.9430,0.9280,0.9320,3418500,3181066
2025-02-18,0.9330,0.9350,0.9230,0.9250,5029600,4666559
2025-02-19,0.9290,0.9320,0.9250,0.9310,4092500,3796809
2025-02-20,0.9310,0.9370,0.9290,0.9350,3733400,3481812
2025-02-21,0.9390,0.9410,0.9310,0.9330,4845200,4532757
2025-02-24,0.9330,0.9420,0.9310,0.9350,3508900,3276199
2025-02-25,0.9350,0.9350,0.9220,0.9240,3154900,2928064
2025-02-26,0.9300,0.9360,0.9280,0.9350,3464503,3228725
2025-02-27,0.9440,0.9440,0.9260,0.9340,4779900,4451056
2025-02-28,0.9320,0.9360,0.9210,0.9220,4581200,4254291
2025-03-03,0.9160,0.9470,0.9160,0.9380,6089800,5723392
2025-03-04,0.9360,0.9420,0.9320,0.9400,2882100,2699609
2025-03-05,0.9420,0.9440,0.9330,0.9430,3239300,3039485
2025-03-06,0.9480,0.9520,0.9460,0.9510,3561200,3381746
2025-03-07,0.9540,0.9680,0.9530,0.9600,3879600,3729235
2025-03-10,0.9650,0.9660,0.9570,0.9640,3924200,3770172
2025-03-11,0.9640,0.9720,0.9540,0.9720,3529300,3400170
2025-03-12,0.9810,0.9810,0.9680,0.9700,4270800,4153410
2025-03-13,0.9750,0.9790,0.9650,0.9720,4944600,4792927
2025-03-14,0.9730,0.9840,0.9730,0.9820,4550500,4458832
2025-03-17,0.9820,0.9850,0.9790,0.9790,3382000,3318721
2025-03-18,0.9800,0.9900,0.9800,0.9840,2958000,2915512
2025-03-19,0.9840,0.9840,0.9780,0.9820,2496901,2450910
2025-03-20,0.9850,0.9870,0.9800,0.9800,4123700,4057646
2025-03-21,0.9760,0.9840,0.9640,0.9650,5907200,5734041
2025-03-24,0.9650,0.9780,0.9630,0.9760,5199500,5053105
2025-03-25,0.9760,0.9840,0.9720,0.9820,4016500,3924657
2025-03-26,0.9860,0.9930,0.9780,0.9790,2094900,2059582
2025-03-27,0.9750,0.9810,0.9680,0.9740,5200200,5062249
2025-03-28,0.9730,0.9730,0.9610,0.9680,6965000,6741710
2025-03-31,0.9640,0.9680,0.9500,0.9590,1760700,1690935
2025-04-01,0.9630,0.9670,0.9600,0.9630,2375500,2290262
2025-04-02,0.9630,0.9650,0.9560,0.9570,2357700,2265522
2025-04-03,0.9530,0.9640,0.9440,0.9460,3902500,3701878
2025-04-07,0.9000,0.9200,0.8520,0.8640,7069000,6205891
2025-04-08,0.8650,0.8740,0.8580,0.8730,3461000,3004855
2025-04-09,0.8730,0.8840,0.8490,0.8810,2149700,1863115
2025-04-10,0.8890,0.9120,0.8720,0.9050,1153100,1041789
2025-04-11,0.9110,0.9140,0.9060,0.9090,1274900,1158193
2025-04-14,0.9090,0.9270,0.9090,0.9220,802500,739490
2025-04-15,0.9140,0.9150,0.9110,0.9150,1319500,1205789
2025-04-16,0.9150,0.9150,0.9020,0.9120,958700,871319
2025-04-17,0.9120,0.9170,0.9080,0.9090,414600,377163
2025-04-18,0.9080,0.9090,0.9020,0.9090,29500,26660
2025-04-21,0.9090,0.9300,0.9090,0.9300,336600,311507
2025-04-22,0.9280,0.9350,0.9260,0.9280,1065300,990615
2025-04-23,0.9280,0.9290,0.9200,0.9220,2862100,2641070
2025-04-24,0.9240,0.9260,0.9180,0.9190,863400,795083
2025-04-25,0.9230,0.9300,0.9200,0.9220,2297200,2121878
2025-04-28,0.9230,0.9230,0.9170,0.9190,3276600,3008063
2025-04-29,0.9180,0.9210,0.9180,0.9190,251500,231329
2025-04-30,0.9200,0.9200,0.9150,0.9150,1744200,1599916
2025-05-06,0.9240,0.9330,0.9230,0.9330,1437300,1334892
2025-05-07,0.9410,0.9430,0.9320,0.9380,4435900,4151416
2025-05-08,0.9330,0.9380,0.9310,0.9320,2704000,2527639
2025-05-09,0.9320,0.9320,0.9260,0.9290,1678100,1557296
2025-05-12,0.9330,0.9370,0.9280,0.9370,3326700,3098888
2025-05-13,0.9380,0.9410,0.9350,0.9380,1569600,1470312
2025-05-14,0.9380,0.9460,0.9370,0.9460,4654500,4385690
2025-05-15,0.9430,0.9430,0.9340,0.9350,633700,594874
2025-05-16,0.9360,0.9370,0.9310,0.9330,1552500,1448765
2025-05-19,0.9320,0.9320,0.9270,0.9310,1594700,1482343
2025-05-20,0.9300,0.9350,0.9300,0.9330,3161200,2948091
2025-05-21,0.9370,0.9450,0.9370,0.9450,4611800,4348500
2025-05-22,0.9480,0.9480,0.9360,0.9360,2476900,2325892
2025-05-23,0.9370,0.9430,0.9350,0.9350,3622100,3398495
2025-05-26,0.9360,0.9390,0.9320,0.9350,1086400,1014983
2025-05-27,0.9320,0.9320,0.9200,0.9230,1915204,1770715
2025-05-28,0.9240,0.9250,0.9210,0.9210,1865000,1720344
2025-05-29,0.9200,0.9280,0.9190,0.9250,4646400,4299150
2025-05-30,0.9240,0.9240,0.9190,0.9210,1364700,1257771
2025-06-03,0.9230,0.9270,0.9230,0.9250,1639200,1515945
2025-06-04,0.9290,0.9370,0.9290,0.9350,994300,929246
2025-06-05,0.9350,0.9350,0.9310,0.9330,629200,587180
2025-06-06,0.9420,0.9430,0.9400,0.9410,925800,871350
2025-06-09,0.9420,0.9430,0.9370,0.9420,748900,704039
2025-06-10,0.9460,0.9460,0.9360,0.9400,1967500,1847405
2025-06-11,0.9460,0.9590,0.9400,0.9530,908500,862510
2025-06-12,0.9530,0.9570,0.9490,0.9560,2310900,2202866
2025-06-13,0.9620,0.9630,0.9550,0.9580,2881900,2764676
2025-06-16,0.9540,0.9610,0.9520,0.9540,1166500,1113744
2025-06-17,0.9600,0.9600,0.9530,0.9540,1370300,1307962
2025-06-18,0.9600,0.9600,0.9460,0.9500,823500,781667
2025-06-19,0.9500,0.9500,0.9360,0.9390,964100,905497
2025-06-20,0.9390,0.9410,0.9340,0.9340,255600,239104
2025-06-23,0.9380,0.9410,0.9350,0.9400,198600,186455
2025-06-24,0.9410,0.9490,0.9340,0.9480,389000,367908
2025-06-25,0.9480,0.9540,0.9400,0.9540,992300,943885
2025-06-26,0.9550,0.9600,0.9520,0.9530,1544300,1475732
2025-06-27,0.9600,0.9750,0.9600,0.9680,1175400,1136797
2025-06-30,0.9700,0.9700,0.9630,0.9700,754400,730404
2025-07-01,0.9700,0.9790,0.9640,0.9790,132300,128632
2025-07-02,0.9800,0.9900,0.9780,0.9890,651100,643051
2025-07-03,0.9880,0.9930,0.9850,0.9910,692400,685446
2025-07-04,0.9910,0.9910,0.9820,0.9830,561800,552885
2025-07-07,0.9820,0.9830,0.9800,0.9800,652200,639215
2025-07-08,0.9800,0.9980,0.9800,0.9930,431700,427002
2025-07-09,0.9930,0.9930,0.9760,0.9780,859600,840644
2025-07-10,0.9780,0.9910,0.9780,0.9870,605000,596148
2025-07-11,0.9890,1.0080,0.9890,0.9990,857800,857851
2025-07-14,0.9990,1.0120,0.9990,1.0030,241200,242561
2025-07-15,1.0040,1.0050,0.9890,0.9930,217600,216997
2025-07-16,0.9930,0.9970,0.9890,0.9910,120300,119449
2025-07-17,0.9940,0.9980,0.9920,0.9980,225000,224159
2025-07-18,1.0050,1.0200,1.0050,1.0190,603100,612312
2025-07-21,1.0200,1.1210,1.0200,1.0510,2784900,2905232
2025-07-22,1.0500,1.0800,1.0460,1.0800,5580400,5973510
2025-07-23,1.0850,1.1100,1.0680,1.0690,4545600,4897747
2025-07-24,1.0690,1.0930,1.0460,1.0910,1764500,1909900
2025-07-25,1.1010,1.1030,1.0860,1.0890,3194000,3491067
2025-07-28,1.0840,1.0840,1.0680,1.0820,3719700,4003177
2025-07-29,1.0810,1.0920,1.0730,1.0840,1061300,1145413
2025-07-30,1.0830,1.0970,1.0780,1.0870,762300,832433
2025-07-31,1.0770,1.0770,1.0480,1.0530,2546900,2690997
2025-08-01,1.0720,1.0720,1.0460,1.0500,421500,442969
2025-08-04,1.0500,1.0570,1.0470,1.0570,1054000,1108072
2025-08-05,1.0560,1.0650,1.0560,1.0620,536400,569312
2025-08-06,1.0640,1.0720,1.0630,1.0710,1783600,1906609
2025-08-07,1.0810,1.0810,1.0600,1.0780,1051300,1128336
2025-08-08,1.0800,1.0920,1.0780,1.0880,1137000,1234205
2025-08-11,1.0900,1.0980,1.0870,1.0950,768300,839776
2025-08-12,1.0940,1.0960,1.0860,1.0920,1547100,1689026
2025-08-13,1.0910,1.1090,1.0910,1.1080,1160807,1280445
2025-08-14,1.1080,1.1100,1.0950,1.0970,1644200,1811656
2025-08-15,1.0980,1.1240,1.0950,1.1220,1488300,1658034
2025-08-18,1.1220,1.1360,1.1190,1.1260,2333600,2631824
2025-08-19,1.1270,1.1320,1.1170,1.1190,1852400,2085742
2025-08-20,1.1130,1.1330,1.1100,1.1310,1408200,1581173
2025-08-21,1.1310,1.1430,1.1220,1.1340,1316000,1492559
2025-08-22,1.1300,1.1520,1.1300,1.1470,2996600,3422228
2025-08-25,1.1550,1.2260,1.1550,1.1880,9297504,10989667
2025-08-26,1.1900,1.2500,1.1740,1.1900,3526600,4193257
2025-08-27,1.1900,1.2030,1.1750,1.1760,3570100,4251861
2025-08-28,1.1750,1.1900,1.1600,1.1890,3319904,3914250
2025-08-29,1.1910,1.2500,1.1910,1.2090,8110900,9793763
2025-09-01,1.2120,1.2350,1.2060,1.2340,6612400,8093328
2025-09-02,1.2350,1.2390,1.2040,1.2120,2289801,2788620
2025-09-03,1.2220,1.2290,1.1960,1.2040,1498801,1810720
2025-09-04,1.1940,1.2100,1.1540,1.1700,2235900,2624682
2025-09-05,1.1700,1.2140,1.1600,1.2140,3551500,4273611
2025-09-08,1.2240,1.2380,1.2120,1.2250,2118400,2586032
2025-09-09,1.2240,1.2490,1.2200,1.2290,4066105,5027296
2025-09-10,1.2280,1.2290,1.1990,1.2130,10281000,12432189
2025-09-11,1.2130,1.2360,1.2110,1.2360,3607200,4415340
2025-09-12,1.2360,1.2550,1.2330,1.2440,2816700,3495680
2025-09-15,1.2440,1.2490,1.2390,1.2390,1543000,1919942
2025-09-16,1.2390,1.2500,1.2090,1.2270,1517200,1859097
2025-09-17,1.2170,1.2330,1.2170,1.2330,1509200,1848365
2025-09-18,1.2340,1.2340,1.1910,1.2020,2562400,3110267
2025-09-19,1.2020,1.2200,1.2020,1.2130,1380800,1675191
2025-09-22,1.2150,1.2200,1.1990,1.2140,1220700,1471602
2025-09-23,1.2170,1.2220,1.1840,1.2040,1522200,1838697
2025-09-24,1.1960,1.2170,1.1960,1.2130,1333200,1608241
2025-09-25,1.2170,1.2370,1.2170,1.2290,1658200,2042219
2025-09-26,1.2290,1.2470,1.2170,1.2320,2270500,2810595
2025-09-29,1.2340,1.2660,1.2310,1.2650,5335400,6661994
2025-09-30,1.2690,1.3010,1.2690,1.3000,5213400,6726527
2025-10-09,1.3270,1.3920,1.3270,1.3770,6478800,8757109
2025-10-10,1.3770,1.3770,1.3440,1.3500,3822700,5194057
2025-10-13,1.3140,1.3740,1.3140,1.3730,3035100,4068048
2025-10-14,1.3890,1.4020,1.3220,1.3320,2466300,3379807
2025-10-15,1.3320,1.3500,1.3150,1.3500,1274900,1696418
2025-10-16,1.3390,1.3450,1.3110,1.3160,1529400,2028110
2025-10-17,1.3200,1.3370,1.2880,1.2900,1220000,1595123
2025-10-20,1.2900,1.3020,1.2750,1.2820,965510,1239978
2025-10-21,1.2820,1.3040,1.2710,1.2980,358000,464146
2025-10-22,1.2950,1.2950,1.2680,1.2870,559500,716698
2025-10-23,1.2830,1.3040,1.2650,1.3020,889900,1143050
2025-10-24,1.3060,1.3200,1.2990,1.3100,1754800,2290240
2025-10-27,1.3160,1.3450,1.3140,1.3410,2030600,2710148
2025-10-28,1.3410,1.3410,1.3120,1.3150,1586600,2105213
2025-10-29,1.3230,1.3630,1.3150,1.3630,3328500,4472668
2025-10-30,1.3540,1.3780,1.3530,1.3630,1777900,2428410
2025-10-31,1.3530,1.3720,1.3450,1.3470,843600,1144293
2025-11-03,1.3710,1.3710,1.3080,1.3360,1711200,2262663
2025-11-04,1.3370,1.3370,1.2940,1.3020,976000,1279547
2025-11-05,1.2900,1.3160,1.2790,1.3110,3573307,4633101
2025-11-06,1.3140,1.3470,1.3010,1.3470,1844800,2464544
2025-11-07,1.3470,1.3720,1.3390,1.3640,2871300,3911594
2025-11-10,1.3690,1.3960,1.3670,1.3760,2070900,2858446
2025-11-11,1.3740,1.3850,1.3620,1.3630,829600,1137224
2025-11-12,1.3520,1.3760,1.3460,1.3640,553903,753549
2025-11-13,1.3730,1.4150,1.3700,1.4110,1409200,1970958
2025-11-14,1.4090,1.4090,1.3840,1.3850,1184600,1649095
2025-11-17,1.3870,1.3950,1.3780,1.3820,680800,941977
2025-11-18,1.3690,1.3830,1.3370,1.3520,3288800,4438616
2025-11-19,1.3500,1.3760,1.3400,1.3700,1415000,1928917
2025-11-20,1.3720,1.3910,1.3530,1.3600,1343700,1834775
2025-11-21,1.3470,1.3470,1.2970,1.2970,2029000,2662917
2025-11-24,1.2980,1.3160,1.2770,1.3160,1446100,1872083
2025-11-25,1.3100,1.3220,1.3020,1.3140,846700,1112110
2025-11-26,1.3140,1.3260,1.3010,1.3120,531900,701131
2025-11-27,1.3130,1.3320,1.3120,1.3150,1041000,1377211
2025-11-28,1.3150,1.3360,1.3150,1.3360,492400,654959
2025-12-01,1.3590,1.3750,1.3390,1.3630,808100,1099343
2025-12-02,1.3550,1.3550,1.3390,1.3440,521800,702266
2025-12-03,1.3420,1.3620,1.3420,1.3550,509800,687817
2025-12-04,1.3650,1.3690,1.3460,1.3520,701000,948590
2025-12-05,1.3450,1.3810,1.3450,1.3770,1438100,1964062
2025-12-08,1.3780,1.3840,1.3660,1.3820,911900,1254358
2025-12-09,1.3760,1.3760,1.3430,1.3500,1125100,1528235
2025-12-10,1.3490,1.3610,1.3410,1.3580,577400,780916
2025-12-11,1.3650,1.3760,1.3480,1.3500,434300,591352
2025-12-12,1.3630,1.3630,1.3470,1.3570,443600,601421
2025-12-15,1.3770,1.3830,1.3300,1.3590,1047301,1425032
2025-12-16,1.3460,1.3580,1.3190,1.3290,669900,891933
2025-12-17,1.3310,1.3740,1.3310,1.3650,1859600,2508829
2025-12-18,1.3750,1.3950,1.3740,1.3760,1785300,2469295
2025-12-19,1.3730,1.3960,1.3660,1.3940,695700,962187
2025-12-22,1.3980,1.4280,1.3980,1.4230,1130000,1604987
2025-12-23,1.4250,1.4470,1.4210,1.4280,1184900,1697994
2025-12-24,1.4270,1.4430,1.4270,1.4430,632601,908081
2025-12-25,1.4290,1.4420,1.4240,1.4390,1006500,1441963
2025-12-26,1.4410,1.4800,1.4410,1.4740,3074500,4513878
2025-12-29,1.4780,1.4860,1.4520,1.4530,1714000,2516907
2025-12-30,1.4210,1.4830,1.4210,1.4720,1382300,2016542
2025-12-31,1.4720,1.5000,1.4610,1.4810,1991500,2965617
2026-01-05,1.4920,1.5140,1.4870,1.5120,1633300,2453159
2026-01-06,1.5240,1.5690,1.5140,1.5690,1668700,2597619
2026-01-07,1.5970,1.5970,1.5600,1.5710,2230900,3504580
2026-01-08,1.5700,1.5760,1.5400,1.5520,2207400,3435543
2026-01-09,1.5480,1.5900,1.5480,1.5820,2760200,4354527
2026-01-12,1.6100,1.6100,1.5790,1.6000,3406100,5407509
2026-01-13,1.5870,1.6300,1.5870,1.6020,1484492,2391547
2026-01-14,1.6170,1.6390,1.5980,1.6110,3284600,5322380
2026-01-15,1.5980,1.7380,1.5980,1.6370,5110400,8351435
2026-01-16,1.6300,1.6580,1.6080,1.6120,2659000,4336326
2026-01-19,1.6110,1.6390,1.5930,1.6390,3154290,5130755
2026-01-20,1.6590,1.6780,1.5990,1.6450,4111100,6694017
2026-01-21,1.6480,1.6820,1.6350,1.6790,2931300,4889691
2026-01-22,1.6860,1.6870,1.6630,1.6860,2680400,4501861
2026-01-23,1.6970,1.7240,1.6880,1.7230,2327905,3982796
2026-01-26,1.7450,1.7800,1.7450,1.7680,5599225,9873941
2026-01-27,1.7700,1.7830,1.7320,1.7530,6052900,10656769
2026-01-28,1.7540,1.8480,1.7530,1.8480,6017508,10881769
2026-01-29,1.8640,1.8970,1.7920,1.8470,10089100,18675483
2026-01-30,1.7820,1.8020,1.7040,1.7450,8673600,15163470
2026-02-02,1.6010,1.6850,1.6010,1.6080,6174100,10199856
2026-02-03,1.6100,1.6800,1.6100,1.6800,4156100,6817020
2026-02-04,1.6990,1.7020,1.6650,1.6860,2802600,4720188
2026-02-05,1.6800,1.6810,1.6080,1.6290,3220600,5230463
2026-02-06,1.6180,1.6560,1.5330,1.6410,2121100,3471095
2026-02-09,1.6650,1.6750,1.6570,1.6730,6542400,10896124
2026-02-10,1.6740,1.6820,1.6590,1.6740,1840100,3074152
2026-02-11,1.6720,1.7250,1.6720,1.7150,6640700,11364391
2026-02-12,1.7050,1.7420,1.7050,1.7210,2749800,4750076
2026-02-13,1.7000,1.7080,1.6700,1.6730,8478800,14276888
2026-02-24,1.6970,1.7340,1.6970,1.7320,6924100,11954240
2026-02-25,1.7410,1.8030,1.7330,1.7840,9241700,16446869
2026-02-26,1.8000,1.8020,1.7730,1.7800,6692602,11934183
2026-02-27,1.7800,1.8240,1.7740,1.8200,11300400,20382676
2026-03-02,1.8460,1.9700,1.7990,1.8740,11774200,21528924
2026-03-03,1.8530,1.8620,1.7750,1.7790,13722100,24882834
2026-03-04,1.7390,1.7970,1.7120,1.7630,12519900,22087637
2026-03-05,1.7990,1.7990,1.7430,1.7540,11785500,20728948
2026-03-06,1.7320,1.7610,1.7160,1.7490,8723900,15254281
2026-03-09,1.7340,1.7470,1.6820,1.7270,8250500,14115783
2026-03-10,1.7310,1.7470,1.7230,1.7370,7634600,13223370
2026-03-11,1.7390,1.7480,1.7290,1.7460,8154700,14180816
2026-03-12,1.7450,1.7560,1.7250,1.7390,6746200,11702452
2026-03-13,1.7220,1.7610,1.7010,1.7090,7834800,13529260
2026-03-16,1.7000,1.7000,1.6240,1.6570,8338300,13793117
2026-03-17,1.6580,1.6710,1.6260,1.6260,7224600,11892280
2026-03-18,1.6280,1.6290,1.5920,1.6200,8612700,13802274
2026-03-19,1.5880,1.5900,1.5280,1.5330,7972400,12361559
2026-03-20,1.5320,1.5500,1.5100,1.5130,8176800,12567916
2026-03-23,1.5060,1.5060,1.4500,1.4540,12114800,17913054
2026-03-24,1.4830,1.4950,1.4430,1.4940,11651500,17096641
2026-03-25,1.5080,1.5470,1.5080,1.5320,7748800,11860564
2026-03-26,1.5250,1.5420,1.5040,1.5140,6159400,9376277
2026-03-27,1.5120,1.5560,1.4950,1.5470,9321900,14281429
2026-03-30,1.5450,1.5670,1.5330,1.5650,11029600,17144213
2026-03-31,1.5660,1.5700,1.5340,1.5400,12996900,20137408
2026-04-01,1.5600,1.5740,1.5570,1.5730,10620900,16643415
2026-04-02,1.5770,1.5770,1.5310,1.5440,12914000,19988003
2026-04-03,1.5420,1.5470,1.5220,1.5280,11344600,17371639
2026-04-07,1.5270,1.5560,1.5270,1.5540,9897400,15325265
2026-04-08,1.5690,1.6220,1.5690,1.6190,9460500,15258216
2026-04-09,1.6100,1.6250,1.5980,1.6140,7777903,12541996
2026-04-10,1.6160,1.6350,1.6130,1.6130,8375400,13561194
2026-04-13,1.6120,1.6300,1.6090,1.6280,9254600,14954085
2026-04-14,1.6490,1.6490,1.6280,1.6420,11450000,18723919
2026-04-15,1.6470,1.6620,1.6170,1.6210,7877000,12866499
2026-04-16,1.6300,1.6580,1.6210,1.6580,10214200,16842618
2026-04-17,1.6590,1.6660,1.6480,1.6550,4030300,6664074
2026-04-20,1.6530,1.6700,1.6480,1.6540,9292200,15382035
2026-04-21,1.6670,1.6670,1.6350,1.6630,8296600,13761291
2026-04-22,1.6540,1.6700,1.6540,1.6660,7080300,11791365
2026-04-23,1.6620,1.6710,1.6200,1.6270,10979500,17885763
2026-04-24,1.6260,1.6490,1.6110,1.6410,11299000,18310760
2026-04-27,1.6300,1.6440,1.6270,1.6280,8009200,13070566
2026-04-28,1.6270,1.6270,1.6000,1.6090,8919400,14414052
2026-04-29,1.6080,1.6680,1.5990,1.6670,9097900,15000661
2026-04-30,1.6670,1.6730,1.6420,1.6520,10472200,17274133
2026-05-06,1.6590,1.7010,1.6530,1.7010,13706811,22932105
2026-05-07,1.7500,1.7500,1.6780,1.6920,9232500,15581573
2026-05-08,1.6930,1.6940,1.6660,1.6880,9920400,16690832
2026-05-11,1.6880,1.7010,1.6790,1.6900,8376211,14137628
2026-05-12,1.7000,1.7060,1.6720,1.6840,10109400,17027182
2026-05-13,1.6800,1.7000,1.6800,1.6920,12877000,21770343
2026-05-14,1.6940,1.6960,1.6450,1.6450,13958700,23241666
2026-05-15,1.6390,1.6390,1.5880,1.5950,11612900,18750579
2026-05-18,1.5650,1.5930,1.5580,1.5740,8888600,13996861
2026-05-19,1.5690,1.5710,1.5320,1.5590,15395300,23814335
2026-05-20,1.5440,1.5730,1.5330,1.5620,11367000,17619483
2026-05-21,1.5780,1.5910,1.5250,1.5260,12383800,19335964
2026-05-22,1.5260,1.5770,1.5260,1.5720,11681000,18208891
2026-05-25,1.5870,1.5980,1.5620,1.5740,8213100,12921595
2026-05-26,1.5510,1.6100,1.5480,1.6080,10065400,15930608
2026-05-27,1.5940,1.6090,1.5500,1.5580,6233900,9804231
2026-05-28,1.5500,1.5650,1.5230,1.5560,7652800,11819033
2026-05-29,1.5560,1.5690,1.5210,1.5260,7224100,11153395
2026-06-01,1.5260,1.5420,1.5170,1.5200,6940000,10607656
2026-06-02,1.5300,1.5540,1.5010,1.5490,8776800,13476601
2026-06-03,1.5340,1.5680,1.5270,1.5520,5811700,9043746
2026-06-04,1.5370,1.5600,1.5090,1.5160,6909500,10492832
2026-06-05,1.5060,1.5320,1.4930,1.4980,8037900,12158034
2026-06-08,1.4480,1.4820,1.4180,1.4300,4609900,6619839
2026-06-09,1.4440,1.4740,1.4240,1.4710,4454700,6427485
2026-06-10,1.4570,1.4720,1.4440,1.4590,4237800,6148243
2026-06-11,1.4460,1.4900,1.4460,1.4810,3287100,4850064
2026-06-12,1.4950,1.5590,1.4950,1.5370,5064500,7764227
2026-06-15,1.5640,1.6020,1.5640,1.6020,6028900,9546946
2026-06-16,1.6020,1.6140,1.5860,1.5940,8186400,13110089
2026-06-17,1.5900,1.6100,1.5800,1.5940,4813400,7685340
2026-06-18,1.5940,1.6180,1.5670,1.5870,3929700,6234603
2026-06-22,1.5800,1.6690,1.5750,1.6690,9724900,15731848
2026-06-23,1.6850,1.6850,1.5550,1.5630,7426400,11869178
2026-06-24,1.5550,1.5970,1.5450,1.5960,4503400,7089034
2026-06-25,1.5930,1.5930,1.5640,1.5800,6171200,9723444
2026-06-26,1.5850,1.5910,1.5240,1.5290,3604200,5583900
2026-06-29,1.5280,1.5450,1.5110,1.5390,3656800,5603159
2026-06-30,1.5390,1.5390,1.5040,1.5390,3833400,5836705
2026-07-01,1.5350,1.5620,1.5240,1.5460,3433000,5301312
2026-07-02,1.5460,1.5770,1.5170,1.5380,4893000,7559504
2026-07-03,1.5530,1.5760,1.5450,1.5470,5089600,7941710
2026-07-06,1.5470,1.5810,1.5250,1.5250,5176400,8003130
2026-07-07,1.5200,1.5240,1.4790,1.4840,5772100,8637674
2026-07-08,1.4770,1.4780,1.4400,1.4400,6836900,9970603
2026-07-09,1.4540,1.4540,1.3840,1.4390,6496700,9258794
2026-07-10,1.4510,1.4650,1.4320,1.4390,5974200,8675600
2026-07-13,1.4190,1.4190,1.3660,1.3720,6280700,8689181
2026-07-14,1.3790,1.4340,1.3620,1.4340,10038300,13973958
2026-07-15,1.4340,1.4360,1.4070,1.4070,5469300,7773204
2026-07-16,1.4070,1.4130,1.3780,1.3790,7286500,10133106
2026-07-17,1.3740,1.3740,1.3250,1.3330,6172000,8348755
2026-07-20,1.3350,1.3530,1.3050,1.3190,10599000,14071033
2026-07-21,1.3290,1.3730,1.3100,1.3730,8515100,11341917
2026-07-22,1.3730,1.4160,1.3730,1.3990,7771300,10913524
2026-07-23,1.3860,1.4460,1.3860,1.4330,3476000,4964260
2026-07-24,1.4190,1.4190,1.3730,1.3750,4151600,5777828
2026-07-27,1.3870,1.4130,1.3740,1.4130,3725000,5206851
2026-07-28,1.4100,1.4270,1.3910,1.3960,5169300,7243318
2026-07-29,1.3960,1.4340,1.3850,1.4230,4777600,6725408
2026-07-30,1.4170,1.4450,1.3990,1.4130,5596500,7978185
2026-07-31,1.4140,1.4540,1.4140,1.4330,3352300,4823804
2026-08-03,1.4470,1.4470,1.4080,1.4230,7085300,10063809
2026-08-04,1.4180,1.4450,1.4140,1.4410,5131700,7384010
2026-08-05,1.4500,1.5010,1.4480,1.5010,5150400,7624289
2026-08-06,1.5160,1.5300,1.4990,1.5190,3789500,5745668
2026-08-07,1.5200,1.5580,1.5110,1.5580,6651000,10238834
2026-08-10,1.5590,1.5800,1.5480,1.5780,3030800,4759845
2026-08-11,1.5660,1.5810,1.5230,1.5290,2086600,3250157
2026-08-12,1.5290,1.5510,1.5280,1.5340,1080600,1662009
2026-08-13,1.5290,1.5380,1.4900,1.4900,1446000,2192837
2026-08-14,1.4830,1.5100,1.4750,1.5040,3730800,5589827
2026-08-17,1.5140,1.5430,1.5140,1.5430,3720900,5696974
2026-08-18,1.5430,1.5480,1.5210,1.5350,4571500,6986753
2026-08-19,1.5340,1.5340,1.4840,1.4890,3836200,5749817
2026-08-20,1.5180,1.5370,1.4940,1.5010,2493900,3794223
2026-08-21,1.4940,1.5290,1.4840,1.5270,5959200,9030121
2026-08-24,1.5280,1.5410,1.5010,1.5150,3074800,4666093
2026-08-25,1.5180,1.5180,1.4730,1.4880,1300100,1938985
2026-08-26,1.4850,1.5320,1.4850,1.5150,1203900,1823856
2026-08-27,1.5100,1.5440,1.5080,1.5430,2575100,3947337
2026-08-28,1.5430,1.5620,1.5290,1.5590,1313200,2036457
2026-08-31,1.5510,1.5510,1.5130,1.5460,4553700,6989914
2026-09-01,1.5510,1.5590,1.5280,1.5290,2300000,3541739
2026-09-02,1.5030,1.5290,1.4800,1.4980,3968900,5955901
2026-09-03,1.4940,1.5180,1.4940,1.5110,3851200,5811089
2026-09-04,1.5250,1.5280,1.4810,1.4900,4187700,6290368
2026-09-07,1.4850,1.4900,1.4780,1.4820,4298900,6378521
2026-09-08,1.4880,1.5120,1.4880,1.5040,3256100,4912765
2026-09-09,1.4970,1.5250,1.4970,1.5230,556500,839984
2026-09-10,1.5080,1.5170,1.5020,1.5040,510500,771705
2026-09-11,1.4580,1.4800,1.4240,1.4520,3773700,5435956
2026-09-14,1.4590,1.4590,1.4020,1.4470,1832200,2647550
2026-09-15,1.4440,1.4550,1.4390,1.4410,3301000,4769985
2026-09-16,1.4360,1.4610,1.4250,1.4580,466200,671765
2026-09-17,1.4420,1.4640,1.4270,1.4330,1019800,1464876
2026-09-18,1.4440,1.4500,1.4330,1.4460,1803500,2600193
2026-09-21,1.4480,1.4550,1.4440,1.4510,1025100,1487031
2026-09-22,1.4680,1.4680,1.4460,1.4490,2111700,3065910
