date,open,high,low,close,volume,amount
2013-03-15,3.4250,3.4620,3.3100,3.3920,166896352,567860160
2013-03-18,3.3930,3.4400,3.3820,3.3910,78700512,267519312
2013-03-19,3.4000,3.4000,3.3500,3.3960,33664664,113889528
2013-03-20,3.3980,3.4960,3.3930,3.4910,54418772,187633568
2013-03-21,3.4900,3.5210,3.4750,3.5120,48757892,171093216
2013-03-22,3.5120,3.5360,3.5000,3.5250,42080184,148250352
2013-03-25,3.5250,3.5500,3.5180,3.5300,34591928,122241880
2013-03-26,3.5390,3.5390,3.4720,3.5160,37155468,130350448
2013-03-27,3.5200,3.5490,3.5000,3.5200,26707696,94103456
2013-03-28,3.5100,3.5100,3.3100,3.4210,19218724,66311652
2013-03-29,3.4210,3.4450,3.4120,3.4230,17360964,59532172
2013-04-01,3.4230,3.4700,3.4230,3.4520,12728758,44023936
2013-04-02,3.4520,3.4900,3.4110,3.4200,7736736,26790968
2013-04-03,3.4200,3.4400,3.3520,3.3910,7495974,25421826
2013-04-08,3.3400,3.3950,3.2110,3.3950,18152084,60843508
2013-04-09,3.4000,3.4380,3.3950,3.4250,6786001,23193758
2013-04-10,3.4250,3.4470,3.4060,3.4280,2772030,9490196
2013-04-11,3.4100,3.4450,3.3900,3.4100,4271339,14622329
2013-04-12,3.3900,3.4200,3.3740,3.3780,4032478,13704761
2013-04-15,3.3710,3.3710,3.3100,3.3380,1596918,5334420
2013-04-16,3.3310,3.3760,3.2180,3.3710,2018309,6715743
2013-04-17,3.3710,3.4000,3.3330,3.3990,9544062,32127532
2013-04-18,3.4000,3.4180,3.3800,3.4160,3686350,12555440
2013-04-19,3.3910,3.4890,3.3900,3.4700,4036112,13984327
2013-04-22,3.4320,3.4920,3.4320,3.4900,3781034,13143962
2013-04-23,3.4800,3.4800,3.3900,3.4030,2822052,9654370
2013-04-24,3.4030,3.4750,3.3950,3.4490,4567245,15733493
2013-04-25,3.4150,3.4800,3.4150,3.4240,5674305,19570468
2013-04-26,3.4310,3.4340,3.3490,3.3530,7368357,25025338
2013-05-02,3.3310,3.3950,3.3310,3.3700,1945206,6550260
2013-05-03,3.3700,3.4520,3.3700,3.4370,6006014,20637930
2013-05-06,3.4500,3.5090,3.4460,3.4910,6964914,24293412
2013-05-07,3.4840,3.5180,3.4830,3.5160,8691606,30453808
2013-05-08,3.5160,3.5420,3.5140,3.5400,8996698,31753206
2013-05-09,3.5240,3.5450,3.5050,3.5390,5496476,19406664
2013-05-10,3.5340,3.5650,3.5220,3.5650,11785920,41907784
2013-05-13,3.5600,3.5790,3.5300,3.5720,15022228,53622068
2013-05-14,3.5500,3.5710,3.5180,3.5410,4011926,14197134
2013-05-15,3.5310,3.5800,3.5310,3.5790,9305777,33183966
2013-05-16,3.5700,3.6240,3.5590,3.5980,24861168,89491192
2013-05-17,3.5990,3.6450,3.5900,3.6420,21489048,77882104
2013-05-20,3.6430,3.7050,3.6010,3.7010,28495966,104792808
2013-05-21,3.7010,3.7350,3.6810,3.7340,29935938,111077024
2013-05-22,3.7340,3.7550,3.7080,3.7250,21187144,79074776
2013-05-23,3.7180,3.7580,3.6780,3.6970,13928457,51935668
2013-05-24,3.6970,3.7550,3.6970,3.7380,11155309,41560356
2013-05-27,3.7400,3.8100,3.7400,3.8090,17501652,66335200
2013-05-28,3.8040,3.8400,3.7710,3.8240,7172622,27355604
2013-05-29,3.8230,3.8580,3.8040,3.8550,4083877,15694506
2013-05-30,3.8530,3.8710,3.8100,3.8640,3326415,12807187
2013-05-31,3.8620,3.8820,3.8430,3.8430,2718797,10521508
2013-06-03,3.8210,3.8500,3.8010,3.8070,3956779,15134775
2013-06-04,3.7900,3.8000,3.7000,3.7280,4242022,15903348
2013-06-05,3.7300,3.7550,3.7210,3.7450,1725066,6444138
2013-06-06,3.7460,3.7460,3.6850,3.6880,2561224,9488996
2013-06-07,3.6830,3.7160,3.5940,3.6240,1246207,4529215
2013-06-13,3.6200,3.6200,3.4700,3.5330,3346770,11762527
2013-06-14,3.5330,3.5940,3.5330,3.5830,1364005,4864247
2013-06-17,3.5830,3.6250,3.5710,3.6120,3165418,11360386
2013-06-18,3.6140,3.6490,3.5700,3.6190,908565,3279671
2013-06-19,3.6180,3.6210,3.5500,3.6210,1518904,5426299
2013-06-20,3.5010,3.5870,3.4870,3.4870,1433883,5063996
2013-06-21,3.4900,3.4900,3.2960,3.4630,1289547,4414753
2013-06-24,3.4250,3.4900,3.3000,3.3030,1678872,5607335
2013-06-25,3.2990,3.3580,3.2180,3.3400,1524628,5038790
2013-06-26,3.3300,3.4000,3.2380,3.3000,694376,2284179
2013-06-27,3.3560,3.3630,3.2700,3.2700,557745,1850304
2013-06-28,3.2700,3.3010,3.2210,3.2600,1045523,3420985
2013-07-01,3.2510,3.3160,3.2200,3.3060,3593826,11731401
2013-07-02,3.3290,3.3560,3.2700,3.3520,1270226,4227832
2013-07-03,3.2500,3.3860,3.2500,3.3650,752489,2510461
2013-07-04,3.3600,3.4310,3.3300,3.4000,976391,3324603
2013-07-05,3.4000,3.4300,3.3820,3.3820,779764,2658466
2013-07-08,3.3410,3.3410,3.2500,3.2650,806985,2645048
2013-07-09,3.2840,3.2840,3.2280,3.2750,573275,1872321
2013-07-10,3.3300,3.3680,3.2720,3.3660,748289,2484252
2013-07-11,3.3660,3.4930,3.3660,3.4680,1151444,3964006
2013-07-12,3.4700,3.5050,3.3610,3.4480,544916,1888368
2013-07-15,3.4790,3.5010,3.4500,3.4900,763322,2658297
2013-07-16,3.4900,3.5440,3.4870,3.5420,970771,3418496
2013-07-17,3.5600,3.5680,3.4950,3.4980,1116576,3931969
2013-07-18,3.4970,3.5180,3.4630,3.4880,829744,2898807
2013-07-19,3.4880,3.5150,3.4000,3.4000,527323,1833535
2013-07-22,3.4000,3.4700,3.3920,3.4670,723132,2493623
2013-07-23,3.4670,3.5550,3.4670,3.5480,1052727,3727169
2013-07-24,3.5650,3.5840,3.5210,3.5750,938789,3337674
2013-07-25,3.6000,3.6200,3.5110,3.5190,520926,1848936
2013-07-26,3.5140,3.5210,3.4700,3.5030,422681,1483418
2013-07-29,3.4680,3.4890,3.4440,3.4440,445280,1538274
2013-07-30,3.4400,3.4730,3.3700,3.4300,1299336,4471475
2013-07-31,3.4660,3.5370,3.4390,3.4420,577641,2001917
2013-08-01,3.4560,3.5280,3.4560,3.5250,1433249,5023041
2013-08-02,3.5400,3.5700,3.5010,3.5330,900717,3198514
2013-08-05,3.4910,3.5980,3.4910,3.5950,998745,3571723
2013-08-06,3.5600,3.6350,3.5070,3.6180,1511182,5454683
2013-08-07,3.6180,3.6450,3.5880,3.5920,1152124,4172160
2013-08-08,3.5920,3.6280,3.5870,3.6020,600277,2165732
2013-08-09,3.6010,3.6400,3.5740,3.6170,1709198,6181759
2013-08-12,3.6170,3.6800,3.6170,3.6770,1825450,6676538
2013-08-13,3.6810,3.6940,3.6790,3.6930,1025798,3783639
2013-08-14,3.6930,3.7100,3.6670,3.6790,1522032,5615778
2013-08-15,3.6790,3.6890,3.6110,3.6200,1156259,4233269
2013-08-16,3.6000,3.6850,3.5530,3.5530,1742097,6341174
2013-08-19,3.5530,3.6160,3.5170,3.6160,489853,1755122
2013-08-20,3.6160,3.6400,3.5890,3.5990,434672,1568991
2013-08-21,3.5630,3.6320,3.5630,3.6180,472654,1708877
2013-08-22,3.5910,3.6600,3.5910,3.6430,664003,2416386
2013-08-23,3.6580,3.6650,3.5760,3.6280,944387,3441499
2013-08-26,3.6350,3.7070,3.6350,3.7070,1100868,4062051
2013-08-27,3.6360,3.7290,3.6360,3.7080,1739643,6466143
2013-08-28,3.7080,3.7420,3.6860,3.7100,1883694,7014815
2013-08-29,3.7130,3.7150,3.6870,3.7110,1487182,5510888
2013-08-30,3.6710,3.7230,3.6700,3.7050,801741,2963615
2013-09-02,3.6660,3.7080,3.6660,3.7080,1202580,4443898
2013-09-03,3.7090,3.7400,3.6990,3.7390,2923005,10871000
2013-09-04,3.7410,3.7650,3.6710,3.7500,1405695,5273755
2013-09-05,3.7420,3.7800,3.7390,3.7580,3522692,13236433
2013-09-06,3.7400,3.7950,3.7400,3.7920,1460723,5525661
2013-09-09,3.7800,3.8380,3.7790,3.8130,4833945,18495862
2013-09-10,3.8100,3.8490,3.8100,3.8470,1345045,5166018
2013-09-11,3.8500,3.8600,3.7990,3.8250,1068647,4097426
2013-09-12,3.8000,3.8480,3.7800,3.8260,1262711,4836278
2013-09-13,3.7810,3.8390,3.7750,3.8280,1351365,5174212
2013-09-16,3.8250,3.8500,3.8160,3.8330,1341525,5155877
2013-09-17,3.8330,3.8330,3.7720,3.7720,647525,2466248
2013-09-18,3.7720,3.8050,3.7510,3.8050,406260,1539145
2013-09-23,3.8000,3.8820,3.8000,3.8800,925968,3574176
2013-09-24,3.8800,3.8980,3.8510,3.8800,909948,3531425
2013-09-25,3.8550,3.9050,3.8550,3.8720,510462,1986990
2013-09-26,3.8520,3.8520,3.8080,3.8130,3409129,13061862
2013-09-27,3.8100,3.8470,3.8000,3.8190,440453,1679866
2013-09-30,3.8190,3.8880,3.8080,3.8580,418385,1607566
2013-10-08,3.8690,3.9350,3.7810,3.9250,663956,2590087
2013-10-09,3.9250,3.9660,3.9240,3.9500,1523130,6015993
2013-10-10,3.9500,3.9900,3.9340,3.9340,700151,2774138
2013-10-11,3.9430,4.0000,3.9430,4.0000,773919,3086773
2013-10-14,4.0000,4.0470,4.0000,4.0310,630475,2544897
2013-10-15,4.0250,4.0600,3.9680,4.0500,339623,1372519
2013-10-16,4.0200,4.0370,3.9400,3.9500,470637,1870392
2013-10-17,3.9510,4.0010,3.9510,3.9580,435129,1730047
2013-10-18,3.9580,3.9700,3.9310,3.9570,407683,1606938
2013-10-21,3.9540,4.0700,3.9540,4.0630,676150,2726190
2013-10-22,4.0620,4.0920,4.0240,4.0250,466349,1892901
2013-10-23,4.0060,4.0510,3.9190,3.9320,505649,2001653
2013-10-24,3.9100,3.9400,3.8920,3.8950,684585,2678408
2013-10-25,3.9020,3.9260,3.8000,3.8200,952338,3667894
2013-10-28,3.7920,3.8490,3.7920,3.8250,970047,3712152
2013-10-29,3.8190,3.8460,3.6150,3.7030,572317,2137288
2013-10-30,3.7030,3.7550,3.6010,3.7550,303129,1131587
2013-10-31,3.6750,3.7790,3.6750,3.7190,264506,989208
2013-11-01,3.6840,3.7230,3.6820,3.7030,238169,881258
2013-11-04,3.6920,3.7500,3.6920,3.7310,292068,1091035
2013-11-05,3.7050,3.7880,3.6990,3.7880,484646,1812780
2013-11-06,3.7880,3.8190,3.7480,3.8190,177556,671447
2013-11-07,3.7300,3.7410,3.6800,3.7000,309238,1149908
2013-11-08,3.6810,3.7740,3.6100,3.6500,525704,1916695
2013-11-11,3.6600,3.6780,3.6080,3.6610,379810,1380141
2013-11-12,3.6710,3.6820,3.6530,3.6700,503112,1846872
2013-11-13,3.6700,3.6740,3.6400,3.6420,544771,1993253
2013-11-14,3.6370,3.6530,3.5760,3.6500,463525,1676711
2013-11-15,3.6500,3.7520,3.6500,3.6900,702537,2601016
2013-11-18,3.7100,3.8100,3.7100,3.8100,2299980,8716172
2013-11-19,3.8150,3.8400,3.7960,3.8300,4790632,18284852
2013-11-20,3.8350,3.8700,3.8170,3.8690,467032,1792028
2013-11-21,3.8640,3.8640,3.8230,3.8540,2346662,9002645
2013-11-22,3.8500,3.8650,3.8280,3.8400,3938741,15192944
2013-11-25,3.8050,3.8520,3.8050,3.8490,6136517,23573548
2013-11-26,3.8450,3.8450,3.8100,3.8400,3529273,13535418
2013-11-27,3.8400,3.9000,3.8250,3.9000,8712587,33416800
2013-11-28,3.8740,3.9400,3.8740,3.9400,2655335,10403309
2013-11-29,3.9350,3.9600,3.9250,3.9600,582484,2294748
2013-12-02,3.9400,3.9400,3.7140,3.7720,1170334,4458909
2013-12-03,3.7670,3.8730,3.7470,3.8730,5761174,21952748
2013-12-04,3.8680,3.9590,3.8500,3.9300,887466,3490260
2013-12-05,3.9350,3.9450,3.9050,3.9290,241268,946591
2013-12-06,3.9240,3.9310,3.9090,3.9310,792667,3104008
2013-12-09,3.9310,3.9410,3.9180,3.9410,247063,971356
2013-12-10,3.9410,3.9460,3.9310,3.9410,273589,1078166
2013-12-11,3.9360,3.9360,3.8900,3.9010,197638,770524
2013-12-12,3.9060,3.9350,3.9060,3.9160,175719,688462
2013-12-13,3.9110,3.9320,3.8910,3.9320,208403,815809
2013-12-16,3.9270,3.9270,3.8510,3.8600,109107,423318
2013-12-17,3.8550,3.8600,3.8300,3.8380,294059,1130581
2013-12-18,3.8430,3.8610,3.8300,3.8380,1065124,4099590
2013-12-19,3.8430,3.8640,3.8000,3.8040,311054,1195524
2013-12-20,3.8000,3.8090,3.7440,3.7500,248363,935601
2013-12-23,3.7550,3.7600,3.7000,3.7460,237686,887110
2013-12-24,3.7510,3.8060,3.7510,3.7690,132643,501995
2013-12-25,3.7640,3.8060,3.7610,3.8050,68568,260267
2013-12-26,3.8000,3.8160,3.7630,3.7630,161700,614703
2013-12-27,3.7580,3.8110,3.7480,3.8070,170609,645637
2013-12-30,3.8120,3.8330,3.8070,3.8160,169520,648990
2013-12-31,3.8110,3.8380,3.7750,3.8300,1023130,3894414
2014-01-02,3.8250,3.8420,3.8200,3.8380,178554,684125
2014-01-03,3.8500,3.8500,3.8020,3.8080,65867,251214
2014-01-06,3.8030,3.8030,3.7100,3.7100,408941,1527544
2014-01-07,3.7050,3.7350,3.6950,3.7260,77135,286851
2014-01-08,3.7310,3.7700,3.7260,3.7330,533979,1998608
2014-01-09,3.7380,3.7620,3.6950,3.6960,366289,1371413
2014-01-10,3.7100,3.7100,3.6160,3.6220,431305,1573188
2014-01-13,3.6270,3.6550,3.5940,3.6070,86530,312982
2014-01-14,3.6020,3.6700,3.6020,3.6700,221978,807696
2014-01-15,3.6650,3.7060,3.6650,3.7060,250659,922648
2014-01-16,3.7040,3.7310,3.7040,3.7110,53712,199536
2014-01-17,3.7060,3.7060,3.6710,3.6760,36542,134614
2014-01-20,3.6700,3.6720,3.6360,3.6430,51014,186094
2014-01-21,3.6480,3.6900,3.6480,3.6900,239751,880480
2014-01-22,3.6950,3.8000,3.6950,3.7990,290374,1096432
2014-01-23,3.7940,3.8380,3.7900,3.8190,169142,644565
2014-01-24,3.8150,3.8850,3.8150,3.8780,246964,955476
2014-01-27,3.8730,3.9090,3.8530,3.8840,378516,1473038
2014-01-28,3.8830,3.8940,3.8500,3.8760,249355,964002
2014-01-29,3.8810,3.9120,3.8810,3.9000,137212,534280
2014-01-30,3.8950,3.9000,3.8700,3.8800,136962,532097
2014-02-07,3.9000,3.9490,3.5000,3.9490,275675,1079065
2014-02-10,3.9450,4.0640,3.9450,4.0640,692078,2796360
2014-02-11,4.0690,4.0900,4.0210,4.0680,947466,3857519
2014-02-12,4.0730,4.1120,4.0530,4.1120,808630,3307530
2014-02-13,4.1100,4.1280,4.0520,4.0530,422484,1736305
2014-02-14,4.0530,4.1180,4.0470,4.1180,475597,1943651
2014-02-17,4.1230,4.1980,4.1230,4.1980,606263,2528020
2014-02-18,4.1980,4.2030,4.1730,4.1860,381279,1598238
2014-02-19,4.1910,4.2200,4.1710,4.1860,879492,3698186
2014-02-20,4.1910,4.2010,4.1210,4.1350,528855,2196120
2014-02-21,4.1300,4.1500,4.0770,4.1000,579435,2381595
2014-02-24,4.0950,4.0950,4.0250,4.0900,875592,3545192
2014-02-25,4.0950,4.1260,3.9300,3.9400,521919,2097587
2014-02-26,3.9450,3.9650,3.8770,3.9650,338180,1331211
2014-02-27,3.9700,4.0300,3.9310,3.9310,337852,1348544
2014-02-28,3.9300,3.9680,3.8790,3.9680,155826,609672
2014-03-03,3.9580,4.0400,3.9580,4.0400,132777,534185
2014-03-04,3.9970,4.0500,3.9970,4.0430,151260,610450
2014-03-05,4.0410,4.0580,4.0170,4.0170,150993,609926
2014-03-06,4.0120,4.0270,3.9620,4.0170,264946,1056406
2014-03-07,4.0220,4.0320,3.9840,3.9970,141008,565601
2014-03-10,3.9820,3.9820,3.8370,3.8560,246889,956887
2014-03-11,3.8610,3.8810,3.8300,3.8420,263863,1018341
2014-03-12,3.8470,3.8800,3.8000,3.8520,136835,525624
2014-03-13,3.8570,3.8990,3.8570,3.8910,243769,947702
2014-03-14,3.8860,3.8960,3.8600,3.8740,85438,331511
2014-03-17,3.8690,3.9530,3.8690,3.9530,289032,1137924
2014-03-18,3.9580,3.9950,3.9580,3.9730,75344,299788
2014-03-19,3.9710,3.9780,3.9350,3.9580,139637,552549
2014-03-20,3.9530,3.9850,3.8800,3.8800,241688,947096
2014-03-21,3.8850,3.9490,3.8300,3.9490,303260,1178496
2014-03-24,3.9540,3.9890,3.9440,3.9640,320628,1273670
2014-03-25,3.9590,3.9950,3.9580,3.9700,72872,289857
2014-03-26,3.9750,3.9930,3.9740,3.9820,137503,547736
2014-03-27,3.9830,3.9830,3.9370,3.9370,108844,430448
2014-03-28,3.9420,3.9440,3.8500,3.8520,532230,2068944
2014-03-31,3.8550,3.8620,3.8040,3.8320,177709,682939
2014-04-01,3.8370,3.8780,3.8370,3.8770,60471,233488
2014-04-02,3.8820,3.9020,3.8820,3.8820,24900,96961
2014-04-03,3.8870,3.9030,3.8790,3.8790,57592,224217
2014-04-04,3.8800,3.9220,3.8800,3.9220,63342,247515
2014-04-08,3.9270,3.9670,3.9250,3.9580,86521,341959
2014-04-09,3.9530,3.9980,3.9520,3.9970,272751,1086856
2014-04-10,4.0010,4.0350,3.9950,4.0270,275279,1106308
2014-04-11,4.0220,4.0220,3.9940,4.0060,49031,196299
2014-04-14,4.0170,4.0330,4.0070,4.0300,189722,763216
2014-04-15,4.0250,4.0250,3.9990,4.0000,284052,1140510
2014-04-16,4.0000,4.0050,3.9750,3.9960,99386,396961
2014-04-17,3.9960,4.0140,3.9960,3.9960,98446,394110
2014-04-18,3.9910,4.0090,3.9810,4.0060,118225,473037
2014-04-21,4.0010,4.0110,3.9410,3.9570,93411,371882
2014-04-22,3.9620,3.9620,3.8800,3.9180,100088,391375
2014-04-23,3.9230,3.9320,3.9030,3.9080,600431,2346988
2014-04-24,3.9030,3.9080,3.8740,3.8740,62420,242368
2014-04-25,3.8620,3.8620,3.7860,3.7860,137900,527821
2014-04-28,3.7910,3.8010,3.6620,3.6770,298043,1104709
2014-04-29,3.6820,3.7170,3.6800,3.7170,106103,391467
2014-04-30,3.7220,3.7540,3.7130,3.7540,48080,179818
2014-05-05,3.7500,3.7750,3.7340,3.7750,146020,547379
2014-05-06,3.7700,3.8190,3.7550,3.7950,166629,633140
2014-05-07,3.7900,3.7900,3.7420,3.7430,283500,1069857
2014-05-08,3.7430,3.7850,3.7280,3.7480,65911,247225
2014-05-09,3.7430,3.7430,3.6770,3.7080,254928,942012
2014-05-12,3.7130,3.7990,3.7130,3.7900,95553,359290
2014-05-13,3.7950,3.8070,3.7790,3.7900,174725,662805
2014-05-14,3.7850,3.7960,3.7800,3.7900,52508,199064
2014-05-15,3.7850,3.7850,3.7230,3.7230,40000,149982
2014-05-16,3.7180,3.7270,3.6870,3.7180,613600,2271596
2014-05-19,3.7130,3.7130,3.6820,3.6980,46331,171040
2014-05-20,3.7030,3.7370,3.7030,3.7080,371800,1388483
2014-05-21,3.7030,3.7320,3.6980,3.7320,44659,165786
2014-05-22,3.7370,3.7800,3.7340,3.7420,91791,345597
2014-05-23,3.7470,3.7730,3.7370,3.7730,92737,348595
2014-05-26,3.7780,3.8190,3.7780,3.8180,86984,330501
2014-05-27,3.8130,3.8290,3.8080,3.8100,124483,475040
2014-05-28,3.8050,3.8480,3.8040,3.8410,199333,762148
2014-05-29,3.8460,3.8600,3.8160,3.8190,42057,161229
2014-05-30,3.8140,3.8230,3.7940,3.8140,269460,1023055
2014-06-03,3.8190,3.8250,3.8150,3.8150,36023,137482
2014-06-04,3.8100,3.8100,3.7520,3.7650,172900,650746
2014-06-05,3.7700,3.8100,3.7700,3.8100,80728,305529
2014-06-06,3.8150,3.8240,3.7960,3.8050,42914,163413
2014-06-09,3.8000,3.8170,3.7950,3.7950,73642,280231
2014-06-10,3.8000,3.8250,3.7800,3.8250,20684,78868
2014-06-11,3.8230,3.8410,3.8210,3.8400,76378,292564
2014-06-12,3.8350,3.8510,3.8250,3.8470,2099738,8071505
2014-06-13,3.8520,3.9000,3.8520,3.9000,532101,2058498
2014-06-16,3.9010,3.9200,3.9010,3.9200,66020,258188
2014-06-17,3.9150,3.9150,3.8840,3.8840,138137,538522
2014-06-18,3.8800,3.8890,3.8600,3.8680,274424,1062626
2014-06-19,3.8630,3.8630,3.7650,3.7660,139800,532420
2014-06-20,3.7660,3.8000,3.7660,3.7980,207805,787837
2014-06-23,3.8030,3.8300,3.8030,3.8150,149971,573450
2014-06-24,3.8200,3.8490,3.8200,3.8490,160591,616579
2014-06-25,3.8500,3.8500,3.8070,3.8240,92284,352254
2014-06-26,3.8200,3.8690,3.8190,3.8640,70098,270406
2014-06-27,3.8600,3.9100,3.8600,3.9060,120423,469268
2014-06-30,3.9050,3.9310,3.8970,3.9260,135338,530492
2014-07-01,3.9280,3.9500,3.9280,3.9490,243627,960582
2014-07-02,3.9490,3.9760,3.9460,3.9760,174433,690613
2014-07-03,3.9800,4.0260,3.9800,4.0240,328881,1319911
2014-07-04,4.0250,4.0250,3.9990,4.0020,270879,1085706
2014-07-07,4.0070,4.0240,4.0020,4.0170,97623,391619
2014-07-08,4.0120,4.0490,3.9930,4.0370,237557,954858
2014-07-09,4.0400,4.0480,4.0000,4.0000,132954,536073
2014-07-10,4.0000,4.0100,3.9850,3.9870,164788,659133
2014-07-11,3.9920,4.0440,3.9920,4.0310,224417,903297
2014-07-14,4.0360,4.1000,4.0360,4.0960,205144,833156
2014-07-15,4.0960,4.1000,4.0760,4.0860,117175,479072
2014-07-16,4.0910,4.1110,4.0480,4.0620,657799,2682685
2014-07-17,4.0570,4.0570,4.0240,4.0300,57205,231089
2014-07-18,4.0250,4.0690,4.0250,4.0400,79115,320025
2014-07-21,4.0420,4.0450,4.0230,4.0300,177567,716567
2014-07-22,4.0350,4.0980,4.0350,4.0840,130628,531737
2014-07-23,4.0840,4.0970,4.0640,4.0640,145617,595331
2014-07-24,4.0690,4.0920,4.0390,4.0520,296511,1202880
2014-07-25,4.0570,4.0890,4.0570,4.0890,185432,756077
2014-07-28,4.1000,4.1870,4.1000,4.1680,786211,3277077
2014-07-29,4.1850,4.2220,4.1850,4.2060,883579,3714693
2014-07-30,4.2310,4.2310,4.1900,4.2260,305133,1285596
2014-07-31,4.2260,4.2600,4.2260,4.2600,274145,1164540
2014-08-01,4.2890,4.2890,4.2020,4.2330,134392,571052
2014-08-04,4.2500,4.2800,4.2380,4.2780,204109,869050
2014-08-05,4.2950,4.2980,4.2730,4.2980,296986,1273282
2014-08-06,4.3150,4.3350,4.2870,4.3300,211198,910690
2014-08-07,4.3510,4.3530,4.3100,4.3100,450797,1947639
2014-08-08,4.3050,4.3290,4.3000,4.3180,271515,1170828
2014-08-11,4.3200,4.3800,4.3200,4.3790,375215,1634143
2014-08-12,4.3970,4.4160,4.3790,4.4010,156407,687648
2014-08-13,4.4190,4.4250,4.3700,4.4250,719390,3165595
2014-08-14,4.4430,4.5100,4.3700,4.4000,1054081,4637072
2014-08-15,4.4180,4.4540,4.3800,4.4400,350318,1546414
2014-08-18,4.4600,4.5040,4.4600,4.4990,355289,1595724
2014-08-19,4.5250,4.6000,4.4980,4.5200,178085,803298
2014-08-20,4.5400,4.5400,4.5000,4.5090,126880,573407
2014-08-21,4.5110,4.5200,4.4700,4.4950,692861,3107027
2014-08-22,4.5380,4.5380,4.4910,4.5210,224382,1012905
2014-08-25,4.5410,4.5420,4.4920,4.5050,138173,624908
2014-08-26,4.4900,4.4900,4.3800,4.4010,435105,1929559
2014-08-27,4.4040,4.4450,4.4040,4.4140,107255,473955
2014-08-28,4.4100,4.4420,4.3690,4.3980,170018,749002
2014-08-29,4.3500,4.4380,4.3500,4.4380,105597,464423
2014-09-01,4.4580,4.5150,4.4500,4.5100,72274,324426
2014-09-02,4.5300,4.6000,4.5250,4.5980,263340,1205977
2014-09-03,4.6200,4.6280,4.5840,4.6260,308157,1419312
2014-09-04,4.6200,4.6600,4.6190,4.6600,284019,1318859
2014-09-05,4.6800,4.6870,4.6410,4.6720,212502,990478
2014-09-09,4.6930,4.7080,4.6480,4.7020,136589,640332
2014-09-10,4.7300,4.7300,4.6890,4.7280,129712,610771
2014-09-11,4.7360,4.7820,4.6920,4.7130,247949,1172507
2014-09-12,4.7500,4.7800,4.5000,4.7790,306418,1445427
2014-09-15,4.7780,4.8330,4.7780,4.8310,252896,1214587
2014-09-16,4.8290,4.8350,4.6410,4.6500,983225,4672898
2014-09-17,4.6600,4.6990,4.5170,4.6750,641302,2979667
2014-09-18,4.6560,4.7250,4.6560,4.7130,150167,705697
2014-09-19,4.7400,4.7660,4.7280,4.7530,158434,752277
2014-09-22,4.7780,4.7780,4.6770,4.7070,295898,1391423
2014-09-23,4.6940,4.7430,4.6940,4.7420,340359,1607874
2014-09-24,4.7490,4.8190,4.7490,4.8060,165245,792608
2014-09-25,4.8380,4.8550,4.8010,4.8010,178469,863234
2014-09-26,4.8430,4.8430,4.7810,4.8310,143255,690096
2014-09-29,4.8550,4.8800,4.6990,4.8710,230705,1121978
2014-09-30,4.8900,4.9180,4.8390,4.9170,256950,1256353
2014-10-08,4.9000,5.0080,4.9000,5.0060,534730,2656517
2014-10-09,5.0100,5.0310,4.9330,4.9980,310798,1551423
2014-10-10,5.0400,5.0400,4.9300,4.9860,255652,1274360
2014-10-13,4.9730,4.9990,4.9120,4.9970,249900,1235117
2014-10-14,5.0000,5.0150,4.9510,4.9800,234057,1169749
2014-10-15,4.9290,5.0300,4.9290,4.9910,378671,1879165
2014-10-16,4.9500,5.0150,4.9280,4.9280,243679,1211693
2014-10-17,4.9000,4.9230,4.7930,4.8700,513915,2489579
2014-10-20,4.8700,4.9220,4.8700,4.9140,204560,1003249
2014-10-21,4.9160,4.9490,4.8840,4.9020,139941,688829
2014-10-22,4.8810,4.8920,4.8210,4.8300,273123,1330810
2014-10-23,4.8300,4.8780,4.7410,4.7520,485404,2325233
2014-10-24,4.7660,4.7900,4.7650,4.7780,226160,1079075
2014-10-27,4.7560,4.8000,4.6950,4.8000,21982,105086
2014-10-28,4.8190,4.9100,4.8190,4.9100,280805,1372011
2014-10-29,4.9690,4.9990,4.9230,4.9740,252772,1255211
2014-10-30,4.9910,5.0100,4.8350,4.9880,196989,983720
2014-10-31,4.9990,4.9990,4.9380,4.9740,176329,875605
2014-11-03,5.0240,5.0240,4.9890,5.0060,428192,2144634
2014-11-04,5.0260,5.0260,4.9810,4.9970,271271,1356553
2014-11-05,5.0500,5.0500,4.9820,4.9980,132799,662029
2014-11-06,5.0000,5.0170,4.9640,5.0170,575630,2878237
2014-11-07,5.0180,5.0380,4.9550,4.9780,698664,3507884
2014-11-10,4.9800,5.0120,4.9710,5.0060,478269,2391054
2014-11-11,5.0060,5.0110,4.8480,4.8790,429813,2118189
2014-11-12,4.8810,4.9600,4.8810,4.9510,114244,561309
2014-11-13,4.9210,4.9550,4.8930,4.9300,203452,1004802
2014-11-14,4.9000,4.9200,4.8770,4.9200,127907,626129
2014-11-17,4.9200,4.9870,4.8800,4.9550,126474,627808
2014-11-18,4.9380,4.9690,4.9380,4.9690,170739,845653
2014-11-19,4.9790,5.0000,4.9520,4.9700,203014,1012151
2014-11-20,4.9760,4.9930,4.9590,4.9600,70000,347864
2014-11-21,4.9780,5.0180,4.9730,5.0120,285930,1427828
2014-11-24,5.0280,5.1190,5.0280,5.1050,532353,2706687
2014-11-25,5.1020,5.1700,5.1020,5.1640,1000583,5157912
2014-11-26,5.2030,5.2030,5.1600,5.1880,328342,1700728
2014-11-27,5.1880,5.2340,5.1880,5.2230,217808,1135280
2014-11-28,5.2240,5.2530,5.1690,5.2300,405283,2113743
2014-12-01,5.2300,5.2300,5.1770,5.1780,427211,2217588
2014-12-02,5.1500,5.2500,5.1500,5.2440,407607,2131755
2014-12-03,5.2440,5.3040,5.2430,5.3040,379604,2002800
2014-12-04,5.3280,5.4380,5.3270,5.4230,319528,1717073
2014-12-05,5.4200,5.4610,5.1660,5.3900,1191388,6339954
2014-12-08,5.3800,5.4130,5.2380,5.3860,538268,2877306
2014-12-09,5.3470,5.4490,5.1330,5.1340,1403549,7483068
2014-12-10,5.0440,5.3600,5.0440,5.3600,259929,1370504
2014-12-11,5.3990,5.4100,5.3600,5.3990,395616,2129652
2014-12-12,5.4400,5.4690,5.3990,5.4500,306063,1662369
2014-12-15,5.4380,5.5450,5.3300,5.5200,1079914,5903640
2014-12-16,5.5500,5.5620,5.5000,5.5500,327578,1815306
2014-12-17,5.5500,5.6000,5.4660,5.4990,234056,1295896
2014-12-18,5.5300,5.5770,5.4000,5.4880,963756,5340242
2014-12-19,5.4500,5.4890,5.3900,5.4460,155498,845715
2014-12-22,5.4200,5.4200,5.2530,5.2600,369201,1967287
2014-12-23,5.3990,5.3990,5.1780,5.1820,160834,843813
2014-12-24,5.1280,5.2440,5.1280,5.2250,128186,666047
2014-12-25,5.2200,5.3110,5.2200,5.2900,171815,904636
2014-12-26,5.2900,5.3550,5.2900,5.3550,210926,1123777
2014-12-29,5.3550,5.5160,5.3000,5.3000,143600,766597
2014-12-30,5.2910,5.3000,5.2200,5.2300,108878,572380
2014-12-31,5.2040,5.2830,5.2040,5.2710,693940,3650188
2015-01-05,5.2850,5.3800,5.2760,5.3790,278326,1482978
2015-01-06,5.2520,5.4290,5.2520,5.4260,473603,2557623
2015-01-07,5.3200,5.4360,5.3200,5.4300,154648,838810
2015-01-08,5.4360,5.4360,5.3550,5.4020,175625,949764
2015-01-09,5.3870,5.4500,5.3870,5.3900,203228,1101017
2015-01-12,5.3220,5.3410,5.2500,5.2780,186150,986185
2015-01-13,5.3150,5.3700,5.3100,5.3400,71895,383324
2015-01-14,5.1840,5.3800,5.1840,5.2930,162888,870422
2015-01-15,5.3260,5.3750,5.3240,5.3750,209088,1120555
2015-01-16,5.4220,5.4500,5.3900,5.4450,298388,1618921
2015-01-19,5.2540,5.4070,5.1800,5.2390,424912,2264276
2015-01-20,5.2100,5.4280,5.2100,5.4000,276688,1482819
2015-01-21,5.4380,5.5320,5.4380,5.5290,527916,2902464
2015-01-22,5.6150,5.6150,5.5400,5.6060,200175,1116364
2015-01-23,5.6080,5.6340,5.5530,5.5800,172093,960675
2015-01-26,5.6480,5.7030,5.5320,5.7000,260737,1473261
2015-01-27,5.7000,5.7200,5.5950,5.7110,194559,1100510
2015-01-28,5.6740,5.7230,5.6490,5.6730,1698501,9679898
2015-01-29,5.6400,5.6710,5.6000,5.6330,217113,1227276
2015-01-30,5.6550,5.6550,5.5650,5.6170,1542110,8650546
2015-02-02,5.4550,5.6190,5.4550,5.5950,390410,2154020
2015-02-03,5.6500,5.6500,5.5770,5.6500,51600,290158
2015-02-04,5.6700,5.7000,5.6350,5.6600,431053,2441739
2015-02-05,5.6610,5.7000,5.6610,5.6850,968439,5507194
2015-02-06,5.5510,5.6580,5.5510,5.6480,94822,532463
2015-02-09,5.5800,5.5800,5.4750,5.5070,76600,423855
2015-02-10,5.5230,5.5230,5.4660,5.5200,458900,2511481
2015-02-11,5.5500,5.5980,5.5310,5.5660,61360,340798
2015-02-12,5.6250,5.6250,5.5890,5.6120,9600,53874
2015-02-13,5.6900,5.7200,5.6680,5.7200,212162,1211864
2015-02-16,5.5800,5.8280,5.5800,5.8280,297789,1717435
2015-02-17,5.8400,5.8450,5.8170,5.8360,66425,387416
2015-02-25,5.8360,5.8870,5.8280,5.8870,43254,253725
2015-02-26,5.8360,5.9000,5.8360,5.9000,54755,321882
2015-02-27,5.9000,6.1500,5.9000,6.0500,228445,1376261
2015-03-02,6.1000,6.1600,6.0250,6.1350,1068849,6518847
2015-03-03,6.1350,6.1680,6.0830,6.1300,850854,5209482
2015-03-04,6.1200,6.1870,6.1000,6.1870,1933597,11848690
2015-03-05,6.1500,6.1970,6.1380,6.1850,1362398,8430429
2015-03-06,6.1930,6.2100,6.1050,6.1060,2759279,17003852
2015-03-09,6.0670,6.1850,6.0580,6.1830,1453045,8852190
2015-03-10,6.1880,6.2750,6.1880,6.2500,841332,5247069
2015-03-11,6.4380,6.4380,6.2250,6.2510,951837,5950946
2015-03-12,6.3690,6.3690,6.2000,6.2450,1244852,7765838
2015-03-13,6.2900,6.3050,6.2480,6.3050,2589899,16224058
2015-03-16,6.3050,6.4940,6.3050,6.4940,2578107,16612179
2015-03-17,6.4990,6.6180,6.4990,6.5920,1739288,11406024
2015-03-18,6.6440,6.7100,6.5930,6.7100,2027678,13470973
2015-03-19,6.9110,6.9110,6.6620,6.7560,1868011,12580053
2015-03-20,6.9000,6.9000,6.7560,6.8280,3276358,22270572
2015-03-23,6.8000,6.9920,6.8000,6.9920,1618713,11237874
2015-03-24,6.9940,7.0400,6.7880,7.0400,4088039,28496036
2015-03-25,7.0400,7.1530,6.9800,7.1070,3457097,24451122
2015-03-26,7.1000,7.1460,6.9700,7.1090,4573422,32293324
2015-03-27,7.1090,7.5500,7.0580,7.3060,5981583,43042468
2015-03-30,7.3100,7.5990,7.1830,7.5990,6676012,49703796
2015-03-31,7.5800,7.6490,7.1980,7.4900,5598000,40717672
2015-04-01,7.1200,7.4000,7.1100,7.4000,15122169,110112496
2015-04-02,7.3990,7.4800,7.3100,7.4590,4347287,32348954
2015-04-03,7.4590,7.6330,7.4330,7.6250,4888831,37041636
2015-04-07,7.6260,7.7620,7.6250,7.7620,3523361,27228708
2015-04-08,7.7840,7.8650,7.5660,7.7550,2201901,17104924
2015-04-09,7.7550,7.7550,7.4000,7.6800,4821525,36667712
2015-04-10,7.6300,7.8500,7.4950,7.8200,5820423,45171080
2015-04-13,7.8220,8.0910,7.8200,8.0690,2343308,18796640
2015-04-14,8.0690,8.1350,7.9290,8.0600,4555343,36814720
2015-04-15,8.0590,8.0600,7.7420,7.7750,1693009,13305573
2015-04-16,7.7580,7.9100,7.3500,7.8400,3922520,30722242
2015-04-17,7.8570,7.9540,7.8570,7.8830,1233930,9743327
2015-04-20,7.8830,7.9190,7.5800,7.7650,1847243,14488740
2015-04-21,7.7100,8.0190,7.7100,8.0100,1327408,10489748
2015-04-22,8.0150,8.2400,8.0150,8.2300,1381547,11298283
2015-04-23,8.2300,8.3480,8.1760,8.3000,1116589,9230771
2015-04-24,8.3000,8.4490,8.1020,8.3150,2219546,18356514
2015-04-27,8.3150,8.4650,8.2980,8.3890,2967825,24877070
2015-04-28,8.2890,8.4380,8.0950,8.1730,2898093,23812022
2015-04-29,8.1500,8.4000,8.0920,8.3470,6599141,54170896
2015-04-30,8.5200,8.6000,8.3480,8.3870,3189043,26807484
2015-05-04,8.3870,8.4040,8.2560,8.3440,2866340,23880744
2015-05-05,8.3440,8.3530,8.0190,8.0900,1333829,10945555
2015-05-06,8.1000,8.2140,7.8620,7.9220,808542,6540209
2015-05-07,7.9200,7.9220,7.6000,7.7640,1102603,8627678
2015-05-08,7.8350,8.0850,7.8350,8.0850,4196743,33222780
2015-05-11,8.1700,8.6000,8.1080,8.5000,12987153,108541328
2015-05-12,8.5000,8.6300,8.4040,8.6080,8319121,71289840
2015-05-13,8.5970,8.7740,8.5080,8.6730,5394882,46818212
2015-05-14,8.6780,8.7350,8.5910,8.6870,2639469,22900476
2015-05-15,8.6840,8.6840,8.4500,8.6240,1267816,10868165
2015-05-18,8.6090,8.7970,8.5570,8.7760,2720387,23713376
2015-05-19,8.7760,8.9940,8.7440,8.9930,3500291,31147332
2015-05-20,9.0000,9.3040,9.0000,9.1680,5865242,53940100
2015-05-21,9.2040,9.4670,9.1840,9.4650,1605901,14927514
2015-05-22,9.4800,10.1380,9.4010,9.6550,8955607,85549232
2015-05-25,9.6550,9.8440,9.2980,9.8110,2611537,25326508
2015-05-26,9.8400,10.2510,9.8400,10.2510,7036877,71152192
2015-05-27,10.3440,10.4600,10.0400,10.4170,5521249,56724588
2015-05-28,10.4180,10.5580,10.0400,10.0500,5924062,61047452
2015-05-29,10.0770,10.1890,9.3250,9.9300,14581318,143727888
2015-06-01,9.8000,10.3200,9.6690,10.3200,10146135,101753008
2015-06-02,10.3220,10.7170,10.3000,10.7170,9297604,97561568
2015-06-03,10.7110,10.8000,10.3600,10.7000,3228661,34463536
2015-06-04,10.8460,10.8460,9.9900,10.4900,6394842,65882872
2015-06-05,10.5970,10.9810,10.3740,10.7540,6650627,70665080
2015-06-08,10.6000,10.8650,10.4430,10.6480,6438097,68843672
2015-06-09,10.5400,10.7480,10.4310,10.5640,1235841,13095837
2015-06-10,10.4000,10.9810,10.3520,10.8220,3469669,37255344
2015-06-11,10.8980,10.9350,10.7940,10.9180,1347099,14639843
2015-06-12,10.9180,11.2500,10.9180,11.2200,1215088,13529567
2015-06-15,11.2230,11.3100,10.9500,11.0400,633315,7065286
2015-06-16,11.0400,11.0400,10.5150,10.6700,1687697,18145920
2015-06-17,10.5380,10.8350,10.2380,10.8100,1487387,15655946
2015-06-18,10.8100,10.8800,10.4000,10.4080,728853,7778057
2015-06-19,9.8720,10.3530,9.7000,9.7410,5150994,52030688
2015-06-23,9.7290,9.8540,9.0950,9.7000,2875654,27463670
2015-06-24,9.8000,9.9780,9.6130,9.8910,5369921,52719992
2015-06-25,9.9000,10.0130,9.3500,9.6100,3139893,30665546
2015-06-26,9.4000,9.4000,8.6490,8.6500,1403686,12492312
2015-06-29,8.9490,9.2000,7.9190,8.1490,4624365,39641592
2015-06-30,8.1500,8.6000,7.6000,8.6000,5380166,44044040
2015-07-01,8.5800,8.8000,8.0240,8.1700,3464212,29622960
2015-07-02,8.3880,8.3880,7.5650,7.5770,4905381,38391328
2015-07-03,7.3720,7.5700,6.9060,7.0500,8756132,63276068
2015-07-06,7.7200,7.7300,6.7010,7.2000,5236609,38549528
2015-07-07,7.0100,7.2120,6.4800,6.4890,3287800,21895608
2015-07-08,5.8410,5.9990,5.8400,5.8440,6659355,39046156
2015-07-09,5.8000,6.4280,5.2800,6.4280,10607573,64673060
2015-07-10,6.5500,7.0710,6.5500,7.0710,8414718,59055948
2015-07-13,7.6000,7.7780,7.1110,7.7780,15891957,120292672
2015-07-14,7.7890,7.7970,7.3800,7.5690,12908202,98852800
2015-07-15,7.3500,7.3600,6.8120,6.8120,7247704,50668272
2015-07-16,6.3350,7.1620,6.1800,7.0530,6551610,44266560
2015-07-17,7.0610,7.6610,7.0020,7.5470,6061829,44152580
2015-07-20,7.5580,7.7420,7.2000,7.4880,5179444,39154436
2015-07-21,7.3560,7.7550,7.2100,7.6630,7301936,55353116
2015-07-22,7.5760,7.8200,7.4980,7.7460,5082969,39049476
2015-07-23,7.7610,8.2450,7.7610,8.2180,6293646,50219600
2015-07-24,8.2000,8.3220,7.8660,8.0100,2495489,20475894
2015-07-27,7.9000,8.0990,7.3760,7.3960,2605775,20260318
2015-07-28,7.0780,7.5440,6.8600,7.3680,2900671,20627016
2015-07-29,7.4100,7.8000,7.0800,7.8000,3591213,26292944
2015-07-30,7.7730,7.8200,7.4680,7.4680,2185166,16812934
2015-07-31,7.4970,7.5860,7.3000,7.3300,997536,7372541
2015-08-03,7.2960,7.2960,6.8900,6.9810,1190553,8413991
2015-08-04,7.0010,7.5500,7.0010,7.5400,1991136,14518990
2015-08-05,7.5390,7.6770,7.3700,7.4130,2030502,15310363
2015-08-06,7.3880,7.5790,7.2290,7.4940,915878,6831821
2015-08-07,7.4400,7.7660,7.4400,7.6920,2121868,16335705
2015-08-10,7.6950,8.2050,7.6950,8.1570,1895801,15213261
2015-08-11,8.1650,8.2160,8.0100,8.0460,1490206,12128175
2015-08-12,8.0100,8.1800,7.9190,8.0200,1303250,10514962
2015-08-13,8.1800,8.2090,7.9500,8.2090,896907,7271007
2015-08-14,8.2500,8.3700,8.2010,8.2500,1996514,16589790
2015-08-17,8.1940,8.5200,8.1000,8.4450,1216695,10096540
2015-08-18,8.4450,8.5000,7.7720,7.8160,1617800,13137185
2015-08-19,7.7390,8.0800,7.4000,8.0490,2267434,17452980
2015-08-20,7.9030,8.0900,7.7010,7.7800,2294114,18222062
2015-08-21,7.6330,7.7400,7.3600,7.4000,1010356,7607877
2015-08-24,7.1070,7.2480,6.6600,6.6600,1582117,10721215
2015-08-25,6.1350,6.5000,5.9940,5.9940,2518191,15478056
2015-08-26,6.1560,6.3310,5.8280,5.9800,3518370,21601352
2015-08-27,6.0400,6.2100,5.8300,6.1520,1461157,8898869
2015-08-28,6.2010,6.5340,6.2010,6.5300,2370060,14869970
2015-08-31,6.3360,6.4900,6.2500,6.2700,994162,6260985
2015-09-01,6.2500,6.2550,5.7810,5.8270,1003900,5979010
2015-09-02,5.6520,5.9990,5.5580,5.8150,1082619,6250665
2015-09-07,5.8560,6.2120,5.8500,5.9420,1056535,6380426
2015-09-08,5.8110,6.1870,5.7580,6.1650,803972,4797799
2015-09-09,6.4730,6.4730,6.2040,6.3210,1544901,9767735
2015-09-10,6.3000,6.3000,5.7000,6.3000,1617032,10132021
2015-09-11,6.9260,6.9260,6.1110,6.2920,1743900,11370360
2015-09-14,6.2900,6.3340,5.7000,5.7340,1383925,8306873
2015-09-15,5.7030,5.7340,5.4000,5.5220,518452,2893815
2015-09-16,5.5820,5.9710,4.9750,5.9700,2134505,11833413
2015-09-17,5.8010,6.0500,5.7200,5.8060,1395590,8249232
2015-09-18,5.9560,6.3790,5.7760,6.3790,1980162,11734487
2015-09-21,6.1880,6.4200,5.9100,6.4200,2882205,17669472
2015-09-22,6.3210,7.0600,6.1510,6.8970,2586699,16664755
2015-09-23,6.3500,7.4490,6.2070,6.2280,4409216,28267478
2015-09-24,6.2000,6.2270,6.1070,6.1520,902616,5550391
2015-09-25,6.1850,6.1850,5.8900,5.9170,694281,4162239
2015-09-28,5.9350,5.9860,5.8330,5.9790,847800,5018252
2015-09-29,5.8500,5.9560,5.8500,5.9000,758700,4477553
2015-09-30,5.9520,5.9520,5.8700,5.9310,300500,1776716
2015-10-08,6.1000,6.2190,6.0600,6.1400,1135300,6946186
2015-10-09,6.1040,6.2100,6.1040,6.1850,772273,4761108
2015-10-12,6.2200,6.4900,6.1810,6.4620,1241680,7952768
2015-10-13,6.4400,6.5000,6.4070,6.4820,765402,4951554
2015-10-14,6.4730,6.5400,6.4200,6.4510,1607819,10402150
2015-10-15,6.4510,6.7060,6.3980,6.6980,1542730,10162285
2015-10-16,6.7100,6.8770,6.0300,6.7780,1571714,10002988
2015-10-19,6.7910,6.8000,6.6300,6.7780,1026506,6925848
2015-10-20,6.7760,6.8600,6.6580,6.8000,1953401,13186993
2015-10-21,6.8700,6.8700,6.5000,6.6880,2119508,14122041
2015-10-22,6.4990,6.6800,6.4870,6.6580,814848,5358435
2015-10-23,6.6580,6.8480,6.6020,6.8200,759307,5134011
2015-10-26,6.8900,6.9180,6.8100,6.8480,555318,3800296
2015-10-27,6.8380,6.9970,6.6350,6.9830,1156872,7888640
2015-10-28,6.9780,6.9780,6.7510,6.7900,382953,2629317
2015-10-29,6.7620,6.8880,6.7460,6.8230,195800,1332297
2015-10-30,6.7500,6.8890,6.6230,6.7850,252800,1714766
2015-11-02,6.6520,6.8660,6.6300,6.6610,591901,3992474
2015-11-03,6.5900,6.9560,6.5900,6.6600,881342,5890330
2015-11-04,6.7500,7.0300,6.6600,7.0270,535136,3668191
2015-11-05,7.0260,7.1000,6.9530,7.0200,721009,5083472
2015-11-06,7.0200,7.3000,7.0200,7.2370,1762060,12629832
2015-11-09,7.1560,7.4370,7.0700,7.2800,1440491,10374418
2015-11-10,7.2790,7.3350,7.2060,7.2990,1329201,9675810
2015-11-11,7.2990,7.4290,7.2990,7.4200,804418,5911596
2015-11-12,7.4200,7.4980,7.3420,7.3760,157400,1164460
2015-11-13,7.3760,7.4800,7.2550,7.3700,952460,7024647
2015-11-16,7.2100,7.4600,7.2100,7.4200,791763,5858490
2015-11-17,7.4900,7.5840,7.3420,7.4000,284200,2138935
2015-11-18,7.4000,7.4250,7.2180,7.3200,89900,661664
2015-11-19,7.3200,7.5100,7.3180,7.4980,407768,3009607
2015-11-20,7.5090,7.5490,7.4300,7.5280,351666,2640730
2015-11-23,7.5280,7.5690,7.4520,7.4830,211326,1587770
2015-11-24,7.4450,7.5100,7.3900,7.5100,631396,4708341
2015-11-25,7.5160,7.7000,7.5000,7.6950,638833,4862550
2015-11-26,7.6950,7.7000,7.6410,7.6460,331126,2540274
2015-11-27,7.6460,7.6460,7.2000,7.2500,266300,1992683
2015-11-30,7.4800,7.4800,6.7980,7.1990,460494,3265357
2015-12-01,7.1020,7.3000,7.1020,7.2640,259000,1864282
2015-12-02,7.2030,7.2280,7.0000,7.1990,152900,1094109
2015-12-03,7.2430,7.3770,7.2340,7.3430,169809,1236994
2015-12-04,7.3750,7.3800,7.2500,7.3060,140600,1030855
2015-12-07,7.3790,7.3790,7.3010,7.3620,58300,428138
2015-12-08,7.3010,7.3750,7.2000,7.2310,78201,567204
2015-12-09,7.1390,7.2320,7.1190,7.1700,51500,369420
2015-12-10,7.1700,7.2900,7.1500,7.1510,98100,705689
2015-12-11,7.0500,7.2290,7.0500,7.1000,49800,354222
2015-12-14,7.1000,7.2500,7.0320,7.2040,172800,1229664
2015-12-15,7.2490,7.3000,7.1330,7.2880,190520,1385483
2015-12-16,7.2540,7.3500,7.2540,7.3400,123263,902480
2015-12-17,7.3400,7.4890,7.3400,7.4800,548120,4076378
2015-12-18,7.4800,7.5350,7.4500,7.4810,571300,4277700
2015-12-21,7.4610,7.5500,7.4610,7.5380,336806,2533454
2015-12-22,7.5300,7.6000,7.5090,7.5950,191600,1449134
2015-12-23,7.5920,7.6130,7.5000,7.5360,178632,1354298
2015-12-24,7.6490,7.6490,7.4020,7.5900,430901,3227338
2015-12-25,7.6490,7.6490,7.5330,7.5880,60100,455782
2015-12-28,7.6000,7.6190,7.4220,7.4500,187799,1411082
2015-12-29,7.4800,7.4800,7.3700,7.4700,74600,553116
2015-12-30,7.5020,7.5500,7.4960,7.5330,217399,1634383
2015-12-31,7.5990,7.5990,7.4440,7.5450,183162,1373147
2016-01-04,7.5490,7.5490,7.0900,7.1750,302500,2221941
2016-01-05,7.1000,7.1640,6.8000,7.1000,271203,1884840
2016-01-06,7.1000,7.1380,6.9800,7.1300,98800,700324
2016-01-07,7.0340,7.0990,6.8800,6.8890,12800,88689
2016-01-08,6.9800,7.0900,6.2200,6.6010,407000,2682524
2016-01-11,6.7000,6.7000,6.1500,6.1940,179579,1126925
2016-01-12,6.2680,6.3340,6.0350,6.1000,179800,1103834
2016-01-13,6.2550,6.2550,5.9010,5.9270,89600,543826
2016-01-14,5.9270,6.1140,5.6080,6.1140,215400,1270243
2016-01-15,6.0340,6.0700,5.8100,5.8150,202188,1196976
2016-01-18,5.6000,6.0200,5.5500,5.8730,223503,1311310
2016-01-19,6.0000,6.1000,5.8660,6.0700,173698,1032903
2016-01-20,6.0480,6.1380,6.0010,6.0650,76600,465243
2016-01-21,6.0120,6.0800,5.8290,5.8290,150700,894034
2016-01-22,5.9800,5.9800,5.7500,5.8980,80100,466606
2016-01-25,5.8960,6.0000,5.8790,5.9500,157300,937929
2016-01-26,6.0500,6.0980,5.5090,5.5150,308000,1747477
2016-01-27,5.5150,5.8000,5.2000,5.3800,277300,1491657
2016-01-28,5.4630,5.4630,5.2600,5.3390,145502,772544
2016-01-29,5.2800,5.4800,5.2500,5.4640,147743,792346
2016-02-01,5.5300,5.5300,5.3650,5.4480,93600,509466
2016-02-02,5.3760,5.7100,5.3760,5.5870,169800,932674
2016-02-03,5.5000,5.5370,5.4000,5.5360,72600,395502
2016-02-04,5.5890,5.6400,5.5000,5.6200,227300,1272809
2016-02-05,5.6300,5.6900,5.5920,5.5940,301300,1699985
2016-02-15,5.4990,5.6200,5.4200,5.6100,108900,601036
2016-02-16,5.6510,5.8350,5.6200,5.8290,253043,1456209
2016-02-17,5.8290,5.8930,5.7740,5.8900,349243,2037405
2016-02-18,5.9270,5.9490,5.8670,5.8740,299500,1766702
2016-02-19,5.8790,5.9000,5.8350,5.8910,153780,903021
2016-02-22,5.9860,6.0110,5.9450,6.0070,565639,3385241
2016-02-23,5.9860,6.0040,5.8800,5.9500,83016,494200
2016-02-24,5.9600,6.0060,5.8920,5.9940,149700,890088
2016-02-25,5.9940,5.9940,5.5050,5.5370,279945,1592925
2016-02-26,5.7670,5.7670,5.4840,5.5750,100000,556581
2016-02-29,5.5900,5.7750,5.2300,5.3940,698003,3824847
2016-03-01,5.3950,5.5490,5.2500,5.4200,162000,860420
2016-03-02,5.4200,5.6900,5.4070,5.6810,226000,1260822
2016-03-03,5.6970,5.7830,5.6810,5.6830,229700,1316173
2016-03-04,5.6150,5.8380,5.4750,5.5490,528203,2991633
2016-03-07,5.5990,5.7130,5.5990,5.6650,224447,1272812
2016-03-08,5.6700,5.6760,5.4650,5.6760,112900,629043
2016-03-09,5.6850,5.6850,5.4610,5.5480,286700,1592385
2016-03-10,5.5890,5.5900,5.4630,5.4640,593700,3285124
2016-03-11,5.5890,5.5890,5.3860,5.4620,116700,635993
2016-03-14,5.4850,5.6500,5.4850,5.6250,172033,961806
2016-03-15,5.6200,5.6200,5.5410,5.5680,72900,405738
2016-03-16,5.6300,5.6300,5.4800,5.5210,57800,319428
2016-03-17,5.4600,5.6900,5.4600,5.6410,247533,1388807
2016-03-18,5.6900,5.8500,5.6350,5.8370,990953,5740332
2016-03-21,5.8190,5.9800,5.8190,5.9660,887402,5283975
2016-03-22,5.9000,5.9950,5.8410,5.9870,191500,1139879
2016-03-23,5.9520,5.9940,5.9270,5.9940,111600,666678
2016-03-24,5.9700,5.9950,5.9010,5.9240,123145,731593
2016-03-25,5.9240,5.9610,5.9000,5.9410,73000,432021
2016-03-28,5.9530,6.0540,5.9000,5.9290,495990,2956554
2016-03-29,5.9310,5.9310,5.7750,5.8370,481100,2811588
2016-03-30,5.9020,6.0260,5.9020,6.0090,161500,964197
2016-03-31,6.0000,6.0700,6.0000,6.0260,85600,517646
2016-04-01,5.9870,6.0300,5.9020,6.0260,85800,513125
2016-04-05,6.0260,6.1600,6.0210,6.1600,162839,991589
2016-04-06,6.1490,6.2280,6.1490,6.2210,167100,1035560
2016-04-07,6.2570,6.2570,6.1290,6.1290,121300,750021
2016-04-08,6.2250,6.2250,6.0020,6.0820,167700,1015823
2016-04-11,6.1500,6.2440,6.1400,6.2000,256720,1589857
2016-04-12,6.2100,6.2250,6.0960,6.1480,144300,885972
2016-04-13,6.1940,6.3260,6.1940,6.2540,194200,1216017
2016-04-14,6.1640,6.3150,6.1640,6.3000,251500,1580355
2016-04-15,6.3000,6.3170,6.2490,6.2790,63300,397430
2016-04-18,6.2080,6.2100,6.1350,6.1780,406175,2506595
2016-04-19,6.2070,6.2130,6.1570,6.1840,283178,1749537
2016-04-20,6.1840,6.2120,5.8230,5.9150,607522,3632990
2016-04-21,5.9210,5.9780,5.8470,5.8620,463600,2752784
2016-04-22,5.8210,5.8900,5.8120,5.8900,251476,1473973
2016-04-25,5.8480,5.8750,5.7900,5.8660,149700,870617
2016-04-26,5.9050,5.9270,5.8440,5.9270,808621,4765926
2016-04-27,5.9350,5.9700,5.8960,5.8980,805421,4786192
2016-04-28,5.9100,5.9100,5.7660,5.8830,827400,4829259
2016-04-29,5.8920,5.8990,5.8400,5.8750,225600,1329071
2016-05-03,5.8610,6.0300,5.8540,6.0230,487400,2919720
2016-05-04,6.0440,6.0770,6.0050,6.0400,539885,3262054
2016-05-05,5.9010,6.0800,5.9010,6.0690,393700,2375036
2016-05-06,6.0870,6.0880,5.8510,5.8600,235800,1395686
2016-05-09,5.8100,5.8100,5.6060,5.6320,288900,1636216
2016-05-10,5.6670,5.6670,5.6000,5.6320,75900,428170
2016-05-11,5.6540,5.6960,5.6010,5.6100,544800,3076491
2016-05-12,5.6170,5.6170,5.4500,5.5850,408296,2266750
2016-05-13,5.6160,5.6700,5.5680,5.5900,41500,233535
2016-05-16,5.5680,5.6600,5.5390,5.6520,59300,332681
2016-05-17,5.6540,5.7220,5.6130,5.6760,596500,3404111
2016-05-18,5.7200,5.7200,5.4790,5.5480,315052,1746015
2016-05-19,5.5840,5.6280,5.5020,5.5230,399500,2221424
2016-05-20,5.5230,5.5980,5.5020,5.5880,71203,396691
2016-05-23,5.6520,5.6960,5.6380,5.6930,184200,1043498
2016-05-24,5.6340,5.6670,5.6000,5.6490,174300,982038
2016-05-25,5.6790,5.6880,5.5910,5.6230,140700,790673
2016-05-26,5.6070,5.6780,5.5030,5.6580,214708,1190859
2016-05-27,5.6890,5.6890,5.5910,5.6760,70300,397932
2016-05-30,5.6170,5.7090,5.6170,5.6500,238400,1348402
2016-05-31,5.7080,5.8720,5.6920,5.8710,191599,1108252
2016-06-01,6.0000,6.0000,5.7910,6.0000,162000,954697
2016-06-02,5.8800,5.9440,5.8800,5.9440,92800,548333
2016-06-03,5.9440,5.9950,5.9050,5.9480,96586,574710
2016-06-06,5.9730,5.9980,5.9090,5.9800,90900,542364
2016-06-07,5.9990,5.9990,5.9490,5.9800,47600,283721
2016-06-08,5.9530,5.9970,5.9220,5.9720,58434,347496
2016-06-13,5.9000,5.9370,5.7100,5.7100,167300,974630
2016-06-14,5.7110,5.7230,5.6670,5.7180,58400,332981
2016-06-15,5.6900,5.9050,5.6900,5.8930,142500,834250
2016-06-16,5.8850,5.9200,5.8760,5.8800,73000,430852
2016-06-17,5.9200,5.9460,5.8840,5.9110,53300,316025
2016-06-20,5.9220,5.9520,5.8720,5.9330,145700,859077
2016-06-21,5.9650,5.9890,5.8520,5.8720,64500,383277
2016-06-22,5.8870,5.9610,5.8620,5.9610,83400,493934
2016-06-23,5.7810,5.9710,5.7810,5.9480,57101,339233
2016-06-24,5.9120,5.9440,5.7230,5.8680,119600,699930
2016-06-27,5.8580,5.9880,5.8580,5.9850,140232,833241
2016-06-28,5.9000,6.0600,5.8990,6.0510,113969,685336
2016-06-29,6.0610,6.1000,6.0570,6.0690,92708,563101
2016-06-30,6.0780,6.0940,6.0430,6.0750,54708,332244
2016-07-01,6.1020,6.1130,6.0550,6.0840,157545,959202
2016-07-04,6.0580,6.1960,6.0580,6.1910,195780,1204597
2016-07-05,6.1980,6.2400,6.1910,6.2180,149220,927522
2016-07-06,6.2200,6.2620,6.1960,6.2530,169055,1051684
2016-07-07,6.2530,6.2910,6.2220,6.2780,132300,828480
2016-07-08,6.2690,6.2950,6.2360,6.2750,98305,615953
2016-07-11,6.2800,6.3500,6.2730,6.2730,147685,932670
2016-07-12,6.2860,6.3500,6.2110,6.3500,122700,770720
2016-07-13,6.3800,6.4170,6.3620,6.4000,164501,1051582
2016-07-14,6.3990,6.4180,6.3860,6.4050,303660,1945161
2016-07-15,6.4070,6.4150,6.3780,6.4150,62294,399161
2016-07-18,6.3840,6.4110,6.3590,6.3660,23000,146715
2016-07-19,6.3730,6.3950,6.3320,6.3950,34848,221187
2016-07-20,6.4000,6.4170,6.3750,6.3880,59047,377693
2016-07-21,6.4070,6.4400,6.3720,6.4020,64658,414376
2016-07-22,6.3840,6.4070,6.3430,6.3570,226400,1441756
2016-07-25,6.3490,6.3930,6.3430,6.3580,50200,319056
2016-07-26,6.3940,6.4400,6.3940,6.4380,111336,715296
2016-07-27,6.4470,6.4700,6.1600,6.1960,270800,1695994
2016-07-28,6.1960,6.2380,6.1100,6.1980,218700,1346765
2016-07-29,6.0560,6.2210,6.0550,6.1670,67100,412635
2016-08-01,6.1600,6.1600,6.0170,6.1000,104500,632541
2016-08-02,6.0900,6.1220,6.0710,6.1220,53800,327715
2016-08-03,6.1370,6.1600,6.1220,6.1550,57500,352944
2016-08-04,6.1500,6.1980,6.1340,6.1970,35100,216855
2016-08-05,6.1700,6.2090,6.1590,6.1680,25000,154367
2016-08-08,6.1680,6.2490,6.1270,6.2490,58388,362747
2016-08-09,6.2500,6.3000,6.2500,6.2980,58000,364431
2016-08-10,6.2970,6.3330,6.2840,6.2860,228600,1442443
2016-08-11,6.2670,6.2830,6.2100,6.2500,59700,372556
2016-08-12,6.1960,6.3280,6.1960,6.2630,41750,261484
2016-08-15,6.2640,6.5540,6.2640,6.4100,335246,2129438
2016-08-16,6.5000,6.5050,6.4090,6.4350,145207,933468
2016-08-17,6.4200,6.4650,6.4150,6.4430,97440,627735
2016-08-18,6.4770,6.4790,6.4400,6.4590,160553,1037730
2016-08-19,6.4600,6.4820,6.4200,6.4750,40300,260014
2016-08-22,6.4660,6.4680,6.3000,6.3000,68900,442408
2016-08-23,6.3870,6.4190,6.3590,6.4100,142100,907444
2016-08-24,6.4100,6.4250,6.3800,6.4230,46300,296437
2016-08-25,6.3090,6.3650,6.2890,6.3450,53000,334887
2016-08-26,6.3820,6.4120,6.3700,6.4120,220803,1411677
2016-08-29,6.4120,6.4120,6.3630,6.3880,166903,1063918
2016-08-30,6.3870,6.4210,6.3870,6.4030,19600,125535
2016-08-31,6.4030,6.4140,6.3570,6.3960,27400,175279
2016-09-01,6.4090,6.4090,6.3600,6.3700,9300,59381
2016-09-02,6.3640,6.3770,6.3010,6.3680,68200,432552
2016-09-05,6.3620,6.3860,6.3410,6.3460,68579,435584
2016-09-06,6.3400,6.4520,6.3090,6.4520,278088,1784572
2016-09-07,6.4190,6.4900,6.4190,6.4440,132529,858009
2016-09-08,6.4720,6.4770,6.4360,6.4700,88682,573203
2016-09-09,6.4720,6.4900,6.4300,6.4400,62100,401350
2016-09-12,6.3510,6.3570,6.2610,6.2760,181300,1142562
2016-09-13,6.3060,6.3170,6.2750,6.2910,32600,205002
2016-09-14,6.3110,6.3110,6.2480,6.2520,32100,200958
2016-09-19,6.2520,6.3210,6.2510,6.3160,70500,444227
2016-09-20,6.3150,6.3210,6.2950,6.3210,25200,158953
2016-09-21,6.3210,6.3500,6.0670,6.3460,509600,3098316
2016-09-22,6.3450,6.3730,6.2800,6.3310,164000,1041201
2016-09-23,6.3850,6.3850,6.3170,6.3340,55082,348739
2016-09-26,6.3040,6.3080,6.2150,6.2560,46500,292238
2016-09-27,6.0500,6.3550,6.0500,6.2680,69400,431449
2016-09-28,6.1610,6.3190,6.1610,6.2600,26600,165486
2016-09-29,6.2600,6.2990,6.2490,6.2580,38500,240876
2016-09-30,6.2530,6.2970,6.2510,6.2800,23900,149757
2016-10-10,6.2800,6.3950,6.2800,6.3930,56961,362676
2016-10-11,6.4200,6.4290,6.4000,6.4280,98100,629399
2016-10-12,6.4090,6.4300,6.4000,6.4280,33781,216863
2016-10-13,6.4430,6.4490,6.4270,6.4420,46400,298769
2016-10-14,6.4030,6.4390,6.3970,6.4380,9300,59679
2016-10-17,6.4250,6.4760,6.3450,6.3880,84200,538890
2016-10-18,6.4090,6.4720,6.4040,6.4570,78500,505109
2016-10-19,6.4650,6.5040,6.4400,6.4400,92300,597820
2016-10-20,6.4590,6.4640,6.4380,6.4480,48900,315450
2016-10-21,6.4390,6.4580,6.4000,6.4360,55300,355722
2016-10-24,6.4390,6.5070,6.4390,6.4990,162500,1054535
2016-10-25,6.5000,6.5080,6.4850,6.5080,582800,3785658
2016-10-26,6.5070,6.5090,6.4710,6.4850,39300,254668
2016-10-27,6.4880,6.4880,6.4390,6.4800,102124,660261
2016-10-28,6.4720,6.4790,6.4330,6.4330,71000,459081
2016-10-31,6.3850,6.4880,6.3850,6.4200,63919,409698
2016-11-01,6.4470,6.4720,6.4380,6.4720,70300,453765
2016-11-02,6.4730,6.4770,6.4430,6.4440,35600,229826
2016-11-03,6.6440,6.6440,6.4270,6.4610,64100,413633
2016-11-04,6.4710,6.4830,6.4270,6.4350,78395,506519
2016-11-07,6.4350,6.4530,6.4140,6.4400,49103,315674
2016-11-08,6.4670,6.4850,6.4520,6.4700,31600,204465
2016-11-09,6.4820,6.4820,6.3460,6.4310,236200,1521156
2016-11-10,6.5020,6.6140,6.4940,6.5140,511000,3323999
2016-11-11,6.5190,6.5550,6.5130,6.5550,147927,966494
2016-11-14,6.4020,6.6000,6.4020,6.5870,90000,590341
2016-11-15,6.5840,6.6090,6.5820,6.6090,174724,1152928
2016-11-16,6.6110,6.6290,6.6030,6.6190,70503,466461
2016-11-17,6.5950,6.6040,6.5700,6.6040,149900,985973
2016-11-18,6.6010,6.6240,6.5800,6.5830,236600,1560709
2016-11-21,6.5990,6.6100,6.5620,6.5830,117200,770641
2016-11-22,6.5950,6.6190,6.5920,6.6170,599900,3962686
2016-11-23,6.6250,6.6400,6.5960,6.6120,120600,798475
2016-11-24,6.6150,6.6360,6.5900,6.5950,135700,899218
2016-11-25,6.5930,6.6250,6.5020,6.6250,153639,1010213
2016-11-28,6.6440,6.6590,6.6280,6.6480,214300,1424336
2016-11-29,6.6380,6.6500,6.5990,6.5990,51400,340515
2016-11-30,6.5750,6.5830,6.5390,6.5500,47812,313625
2016-12-01,6.5850,6.5980,6.5770,6.5850,14200,93533
2016-12-02,6.5820,6.5850,6.4940,6.5070,65993,429916
2016-12-05,6.4800,6.5040,6.4530,6.4660,69746,452138
2016-12-06,6.3560,6.5940,6.3560,6.4760,15300,99089
2016-12-07,6.4670,6.5590,6.4550,6.5400,152000,989087
2016-12-08,6.5600,6.5600,6.5160,6.5160,76800,501648
2016-12-09,6.4990,6.5250,6.4910,6.4990,67104,436541
2016-12-12,6.4990,6.5110,6.2370,6.2430,102200,649594
2016-12-13,6.2150,6.2920,6.2150,6.2890,24052,150276
2016-12-14,6.2810,6.3020,6.2350,6.2470,23740,148968
2016-12-15,5.8200,6.5990,5.7360,6.2880,32648,203828
2016-12-16,6.2910,6.4770,6.2910,6.3980,47200,298377
2016-12-19,6.4290,6.4290,6.3260,6.3330,21300,135289
2016-12-20,6.4770,6.4770,6.2990,6.3550,12500,78904
2016-12-21,6.3320,6.3560,6.3320,6.3470,25800,163575
2016-12-22,6.3200,6.3600,6.3200,6.3430,42300,268318
2016-12-23,6.4990,6.4990,6.2900,6.2980,30600,194894
2016-12-26,6.2070,6.3100,6.2070,6.3090,75651,472224
2016-12-27,6.3160,6.3210,6.3070,6.3080,45500,287343
2016-12-28,6.3010,6.3070,6.2850,6.2890,7001,44049
2016-12-29,6.2670,6.2900,6.2660,6.2900,5506,34536
2016-12-30,6.1650,6.5800,6.1650,6.2790,11300,70880
2017-01-03,6.4100,6.4100,6.3230,6.3270,8100,51275
2017-01-04,6.3290,6.4130,6.3290,6.4090,100547,641691
2017-01-05,6.3980,6.4230,6.3970,6.4200,44100,282960
2017-01-06,6.4900,6.4900,6.2610,6.3960,52800,335043
2017-01-09,6.3820,6.4280,6.3820,6.4250,44553,286051
2017-01-10,6.4250,6.4440,6.4180,6.4180,63800,409922
2017-01-11,6.4160,6.4160,6.3520,6.3870,48600,309868
2017-01-12,6.3870,6.3870,6.2890,6.3040,31700,200565
2017-01-13,6.2800,6.2970,6.2100,6.2140,59100,370172
2017-01-16,6.1880,6.1880,5.9040,6.0610,89700,544327
2017-01-17,6.0610,6.1830,6.0090,6.1010,79900,485134
2017-01-18,6.1020,6.1350,6.0840,6.1060,16600,101506
2017-01-19,6.0860,6.1090,6.0550,6.0740,6300,38341
2017-01-20,6.0740,6.1610,6.0740,6.1500,45200,277695
2017-01-23,6.1680,6.2280,6.1680,6.2030,43900,271892
2017-01-24,6.2000,6.2140,6.1810,6.2140,20500,126924
2017-01-25,6.2060,6.2230,6.2040,6.2160,20100,124814
2017-01-26,6.2430,6.2670,6.2300,6.2640,21000,131170
2017-02-03,6.2530,6.2570,6.2390,6.2530,24700,154154
2017-02-06,6.2350,6.2890,6.2350,6.2810,23500,147452
2017-02-07,6.2840,6.2850,6.2660,6.2790,47400,297216
2017-02-08,6.2790,6.3200,6.2650,6.3180,27700,174739
2017-02-09,6.3430,6.3630,6.3430,6.3590,25200,160157
2017-02-10,6.3640,6.3820,6.3600,6.3770,28641,182617
2017-02-13,6.3780,6.4040,6.3780,6.4000,93577,598335
2017-02-14,6.4020,6.4150,6.3850,6.4000,48773,312198
2017-02-15,6.3950,6.4170,6.3320,6.3560,39900,254622
2017-02-16,6.3390,6.3970,6.3390,6.3880,73459,468746
2017-02-17,6.3990,6.4000,6.3470,6.3480,42900,273040
2017-02-20,6.3710,6.4100,6.3670,6.4100,82600,527675
2017-02-21,6.4600,6.4680,6.4420,6.4670,143701,927870
2017-02-22,6.4640,6.5050,6.4640,6.4990,114479,742860
2017-02-23,6.5000,6.5050,6.4750,6.5050,347086,2252291
2017-02-24,6.5540,6.5540,6.4880,6.5160,256800,1672448
2017-02-27,6.5240,6.5240,6.4760,6.4990,56100,364664
2017-02-28,6.2460,6.5390,6.2460,6.5190,24900,161664
2017-03-01,6.5030,6.5480,6.5030,6.5350,161300,1052340
2017-03-02,6.5310,6.5310,6.4940,6.5020,66900,436291
2017-03-03,6.4640,6.5190,6.4640,6.5110,32000,208312
2017-03-06,6.5110,6.5640,6.5110,6.5640,246048,1610498
2017-03-07,6.5640,6.5710,6.5490,6.5700,116026,761751
2017-03-08,6.5720,6.5760,6.5320,6.5430,70449,461861
2017-03-09,6.5060,6.5060,6.4800,6.4890,68400,444349
2017-03-10,6.4950,6.5160,6.4900,6.4900,184300,1198313
2017-03-13,6.4800,6.5520,6.4640,6.5520,85323,556675
2017-03-14,6.5560,6.5660,6.5410,6.5430,110000,720697
2017-03-15,6.5310,6.5430,6.5260,6.5380,47590,310926
2017-03-16,6.5670,6.5920,6.5670,6.5920,127700,840117
2017-03-17,6.5950,6.6090,6.5340,6.5380,149400,984876
2017-03-20,6.5430,6.5520,6.5150,6.5470,163939,1070838
2017-03-21,6.5780,6.5780,6.5340,6.5640,63300,414747
2017-03-22,6.5280,6.5680,6.5130,6.5480,67900,444088
2017-03-23,6.5700,6.5810,6.4980,6.5590,142200,931790
2017-03-24,6.5610,6.5990,6.5470,6.5900,157907,1038933
2017-03-27,6.6010,6.6020,6.5700,6.5970,487835,3209922
2017-03-28,6.5840,6.5950,6.5610,6.5800,93000,611467
2017-03-29,6.5820,6.5960,6.5330,6.5620,46800,306970
2017-03-30,6.5340,6.5400,6.4500,6.4650,149021,968572
2017-03-31,6.4670,6.6000,6.4500,6.6000,89500,578672
2017-04-05,6.5710,6.6230,6.4560,6.6230,237285,1551880
2017-04-06,6.6200,6.6560,6.6200,6.6420,169100,1121884
2017-04-07,6.6500,6.6790,6.6360,6.6630,64400,428972
2017-04-10,6.6590,6.9500,6.6540,6.6680,525100,3512302
2017-04-11,6.6850,6.8790,6.6480,6.7250,163700,1096245
2017-04-12,6.6960,6.7160,6.6800,6.7160,77500,519266
2017-04-13,6.6790,6.7880,6.6790,6.7260,29800,199684
2017-04-14,6.8900,6.8900,6.6580,6.7000,53900,360999
2017-04-17,6.5830,6.7860,6.5590,6.6990,23400,154597
2017-04-18,6.5630,6.6960,6.5630,6.6850,76042,505161
2017-04-19,6.6990,6.6990,6.5000,6.5090,47800,311204
2017-04-20,6.6480,6.6480,6.4580,6.6020,24364,159461
2017-04-21,6.6020,6.6020,6.3960,6.3990,122711,790397
2017-04-24,6.3990,6.3990,6.2370,6.2400,174500,1094677
2017-04-25,6.2590,6.2970,6.2320,6.2550,145500,912734
2017-04-26,6.2660,6.2880,6.2600,6.2740,116900,732949
2017-04-27,6.2710,6.3000,6.1540,6.2910,208580,1301091
2017-04-28,6.2840,6.3130,6.2800,6.3060,138900,875126
2017-05-02,6.3120,6.3140,6.2950,6.3100,93722,591080
2017-05-03,6.3130,6.3250,6.2800,6.3040,57200,359940
2017-05-04,6.2650,6.3300,6.2650,6.2760,133199,839790
2017-05-05,6.2680,6.2680,6.1970,6.1970,117400,732833
2017-05-08,6.1660,6.1810,6.0740,6.0740,105900,649609
2017-05-09,6.0650,6.1070,6.0230,6.1070,51800,314608
2017-05-10,6.1330,6.1400,5.9910,6.1290,72300,438687
2017-05-11,6.1230,6.1230,5.9510,6.0400,80051,480199
2017-05-12,6.1490,6.1490,6.0060,6.0060,24200,146252
2017-05-15,6.1350,6.6060,6.0040,6.1180,32800,199342
2017-05-16,6.1180,6.1180,6.0060,6.1170,202074,1230512
2017-05-17,6.1170,6.1590,6.1170,6.1560,117874,724465
2017-05-18,6.1580,6.1580,6.1010,6.1060,33200,203493
2017-05-19,6.1060,6.2990,6.0920,6.1980,40100,244582
2017-05-22,6.3000,6.3000,6.0820,6.1100,13374,81913
2017-05-23,6.0330,6.1600,6.0200,6.1000,23900,144507
2017-05-24,6.0500,6.2000,6.0500,6.0980,17700,107496
2017-05-25,6.0900,6.1960,6.0000,6.1000,75900,460970
2017-05-26,6.1770,6.1770,5.9480,5.9480,239900,1432496
2017-05-31,6.1080,6.1080,5.9350,5.9370,147500,881603
2017-06-01,5.9150,5.9870,5.8180,5.8180,101100,594409
2017-06-02,5.8210,5.9000,5.7700,5.8790,204525,1190503
2017-06-05,5.8940,5.9600,5.8940,5.9590,232967,1381261
2017-06-06,5.9230,5.9550,5.9220,5.9480,169900,1008978
2017-06-07,5.9600,6.0580,5.9600,6.0560,187400,1125767
2017-06-08,6.0850,6.0850,6.0550,6.0740,144987,880020
2017-06-09,6.0680,6.0890,6.0370,6.0820,100574,610568
2017-06-12,6.0820,6.0970,6.0340,6.0550,146900,889121
2017-06-13,6.0550,6.1090,6.0380,6.0960,131200,796838
2017-06-14,6.0960,6.1120,6.0820,6.0880,131918,804657
2017-06-15,6.1110,6.1450,6.1010,6.1350,146900,899571
2017-06-16,6.1350,6.1490,6.1300,6.1340,244800,1502868
2017-06-19,6.1370,6.1750,6.1360,6.1750,106400,655483
2017-06-20,6.1800,6.2090,6.1790,6.1880,130300,807326
2017-06-21,6.1890,6.2030,6.1580,6.1800,92500,571841
2017-06-22,6.1960,6.2160,6.1180,6.1180,122100,756516
2017-06-23,6.1180,6.1310,6.0480,6.1240,139067,845579
2017-06-26,6.1330,6.2300,6.1330,6.2270,116700,723830
2017-06-27,6.2300,6.2440,6.2060,6.2290,232300,1446866
2017-06-28,6.2500,6.2500,6.1950,6.1980,206000,1278403
2017-06-29,6.2260,6.2500,6.2200,6.2370,201900,1258840
2017-06-30,6.2190,6.2580,6.2150,6.2520,85400,532024
2017-07-03,6.2550,6.2980,6.2510,6.2910,264700,1661755
2017-07-04,6.2910,6.2910,6.2530,6.2670,192900,1210937
2017-07-05,6.2550,6.3130,6.2530,6.3120,198200,1245727
2017-07-06,6.3120,6.3300,6.2840,6.3240,102121,644033
2017-07-07,6.3080,6.3510,6.2980,6.3480,109000,688892
2017-07-10,6.3900,6.3900,6.3070,6.3270,187300,1188489
2017-07-11,6.3260,6.3260,6.2540,6.2540,154000,970390
2017-07-12,6.2480,6.2660,6.1790,6.2530,171700,1067232
2017-07-13,6.1850,6.2880,6.1850,6.2620,70700,443367
2017-07-14,6.2530,6.2660,6.2320,6.2470,68400,427414
2017-07-17,6.3490,6.6000,5.9950,5.9950,459400,2785862
2017-07-18,5.9000,6.0600,5.8640,6.0600,262237,1579413
2017-07-19,5.9010,6.1800,5.7010,6.1750,259900,1574084
2017-07-20,6.1760,6.2400,6.1760,6.2140,184795,1148818
2017-07-21,6.2990,6.2990,6.2300,6.2480,107500,671734
2017-07-24,6.1610,6.2920,6.1610,6.2880,93200,584025
2017-07-25,6.2720,6.2950,6.2430,6.2750,131086,821354
2017-07-26,6.2880,6.2880,6.2340,6.2600,821300,5134300
2017-07-27,6.2740,6.3200,6.2200,6.3090,83596,525555
2017-07-28,6.3040,6.3460,6.2940,6.3450,39000,246448
2017-07-31,6.3350,6.4200,6.3330,6.4200,215881,1380756
2017-08-01,6.4500,6.4500,6.3900,6.4100,115600,739569
2017-08-02,6.4110,6.4340,6.3660,6.3700,106729,683357
2017-08-03,6.4490,6.4490,6.3660,6.3810,24900,159334
2017-08-04,6.4000,6.4290,6.3550,6.3550,83841,536425
2017-08-07,6.4200,6.4250,6.2820,6.4250,46300,296012
2017-08-08,6.4250,6.4490,6.4050,6.4280,71100,457436
2017-08-09,6.4300,6.4760,6.4210,6.4660,104000,670938
2017-08-10,6.4730,6.4730,6.3790,6.4220,56400,362005
2017-08-11,6.3700,6.4090,6.2850,6.2850,225004,1426737
2017-08-14,6.4000,6.4200,6.3270,6.4170,51443,328506
2017-08-15,6.4170,6.4690,6.4110,6.4350,55400,355996
2017-08-16,6.4370,6.4550,6.4110,6.4370,105242,677379
2017-08-17,6.4930,6.4930,6.4500,6.4930,98200,636475
2017-08-18,6.4920,6.4920,6.4700,6.4770,56100,363175
2017-08-21,6.5050,6.5370,6.4950,6.5370,56527,368330
2017-08-22,6.5250,6.5300,6.4930,6.5000,28403,184835
2017-08-23,6.5110,6.6500,6.4500,6.4530,36195,234451
2017-08-24,6.3910,6.4560,6.3900,6.4140,20400,131008
2017-08-25,6.4150,6.4960,6.4150,6.4800,186600,1204661
2017-08-28,6.4950,6.5800,6.4950,6.5610,312345,2049748
2017-08-29,6.5770,6.5770,6.5320,6.5430,36500,239272
2017-08-30,6.5530,6.5950,6.5470,6.5880,71800,471175
2017-08-31,6.4120,6.6070,6.4120,6.6070,52573,346622
2017-09-01,6.6170,6.6690,6.6110,6.6610,57265,380848
2017-09-04,6.6610,6.7080,6.6600,6.6980,133200,890888
2017-09-05,6.6930,6.7170,6.6700,6.7140,456700,3059378
2017-09-06,6.6810,6.7460,6.6810,6.7420,135700,910046
2017-09-07,7.0000,7.0000,6.6930,6.6990,152200,1024442
2017-09-08,6.6990,6.7400,6.6820,6.7090,38375,257412
2017-09-11,6.7170,6.8000,6.7140,6.8000,892162,6039176
2017-09-12,6.8000,6.9990,6.8000,6.9530,263723,1814045
2017-09-13,6.7900,6.9470,6.7900,6.9050,126500,870951
2017-09-14,6.9010,6.9010,6.8190,6.8470,89462,611309
2017-09-15,6.8000,6.8250,6.7620,6.7820,86400,586690
2017-09-18,6.7820,6.8400,6.7820,6.8400,13200,89862
2017-09-19,6.8410,6.8410,6.7890,6.7900,130700,892218
2017-09-20,6.8100,6.8580,6.7920,6.8510,8200,56034
2017-09-21,6.7750,6.8540,6.7700,6.7860,30400,206943
2017-09-22,6.7430,6.7610,6.7120,6.7430,34900,235036
2017-09-25,6.7200,6.7200,6.6580,6.6580,24000,160503
2017-09-26,6.6870,6.6870,6.6410,6.6660,121500,808187
2017-09-27,6.6700,6.7550,6.6700,6.7500,117900,789987
2017-09-28,6.7320,6.7540,6.7320,6.7400,33000,222409
2017-09-29,6.7540,6.7820,6.7460,6.7730,34100,230573
2017-10-09,7.4500,7.4500,6.7780,6.8380,99200,681442
2017-10-10,6.8240,6.8720,6.8200,6.8570,40900,279719
2017-10-11,6.8850,6.8850,6.8330,6.8420,46000,315085
2017-10-12,6.8450,6.8480,6.7900,6.8320,39000,265883
2017-10-13,6.8450,6.8810,6.8200,6.8640,122212,837692
2017-10-16,6.8550,6.8710,6.7840,6.7920,112952,770868
2017-10-17,6.7660,6.8210,6.7610,6.7830,242200,1640984
2017-10-18,6.8010,6.8010,6.7240,6.7240,46500,315080
2017-10-19,6.7290,6.7290,6.6660,6.6660,19100,127598
2017-10-20,6.6760,6.7300,6.6760,6.7300,13000,87096
2017-10-23,6.7480,6.7740,6.7350,6.7720,22300,150585
2017-10-24,6.7730,6.7730,6.7300,6.7690,28200,190055
2017-10-25,6.7790,6.8090,6.7770,6.8040,32500,220680
2017-10-26,6.5510,6.8600,6.5510,6.8550,58000,395931
2017-10-27,6.8140,6.8420,6.8010,6.8030,56400,384659
2017-10-30,6.7800,6.7800,6.6310,6.6830,61100,408409
2017-10-31,6.6910,6.7190,6.6590,6.7190,74100,495158
2017-11-01,6.7350,6.7530,6.7200,6.7380,92900,626520
2017-11-02,6.6770,6.6950,6.6350,6.6530,61900,412433
2017-11-03,6.6360,6.6510,6.5660,6.5900,72600,480269
2017-11-06,6.5940,6.6760,6.5800,6.6670,122900,814490
2017-11-07,6.6750,6.7170,6.6680,6.7170,28000,186972
2017-11-08,6.7170,6.7680,6.7170,6.7200,76800,518268
2017-11-09,6.7240,6.7800,6.7240,6.7800,128762,868609
2017-11-10,6.7670,6.8100,6.7670,6.8100,353903,2404127
2017-11-13,6.7910,6.8380,6.7910,6.8360,237100,1617184
2017-11-14,6.8260,6.8320,6.7650,6.7810,67000,455883
2017-11-15,6.5200,6.7630,6.5200,6.7000,578603,3880687
2017-11-16,6.7160,6.7380,6.7120,6.7290,68640,461616
2017-11-17,6.6720,6.6800,6.5220,6.5230,176500,1165512
2017-11-20,6.5060,6.6010,6.4040,6.6010,83100,540223
2017-11-21,6.5760,6.6410,6.5760,6.6220,69500,459138
2017-11-22,6.3890,6.6520,6.3890,6.6000,305005,2007203
2017-11-23,6.5760,6.5860,6.4350,6.4430,146800,955250
2017-11-24,6.4430,6.4740,6.4120,6.4440,42900,276150
2017-11-27,6.4290,6.4490,6.3560,6.3560,55600,355991
2017-11-28,6.3560,6.4660,6.3560,6.4650,34700,221581
2017-11-29,6.4590,6.5000,6.4170,6.4920,58480,377490
2017-11-30,6.4580,6.4850,6.4140,6.4320,195200,1255599
2017-12-01,6.4260,6.4940,6.4260,6.4850,44900,290199
2017-12-04,6.5020,6.5020,6.4450,6.4460,25800,166999
2017-12-05,6.4110,6.4140,6.2510,6.2870,97600,616795
2017-12-06,6.3190,6.3350,6.2220,6.3350,82900,518924
2017-12-07,6.3240,6.3370,6.3150,6.3360,8100,51247
2017-12-08,6.3360,6.3860,6.3350,6.3690,28000,178089
2017-12-11,6.3860,6.4470,6.3830,6.4470,104900,672353
2017-12-12,6.4350,6.4490,6.3910,6.3910,77000,495194
2017-12-13,6.3910,6.4380,6.3770,6.4380,55600,355623
2017-12-14,6.4210,6.4410,6.4100,6.4410,43300,277937
2017-12-15,6.4420,6.4420,6.3830,6.3980,10600,67987
2017-12-18,6.3960,6.4040,6.3350,6.3530,28800,183616
2017-12-19,6.3670,6.4040,6.3670,6.4040,33501,214038
2017-12-20,6.4020,6.4020,6.3530,6.3530,30000,191254
2017-12-21,6.3680,6.4100,6.3200,6.4080,160900,1027213
2017-12-22,6.4190,6.4220,6.3960,6.4010,23100,148216
2017-12-25,6.4130,6.4130,6.3280,6.3400,83900,532737
2017-12-26,6.3400,6.3760,6.3010,6.3750,45600,289026
2017-12-27,6.3750,6.3850,6.3260,6.3300,97100,617040
2017-12-28,6.3240,6.3760,6.3170,6.3580,16101,102238
2017-12-29,6.5490,6.5490,6.3670,6.4200,46400,296365
2018-01-02,6.4100,6.7970,6.1120,6.6600,96400,623736
2018-01-03,6.4900,6.6000,6.4900,6.6000,122400,800151
2018-01-04,6.5180,6.5820,6.5180,6.5810,136700,897612
2018-01-05,6.5820,6.6010,6.5690,6.5790,37700,248299
2018-01-08,6.5850,6.6140,6.5580,6.6140,57700,380552
2018-01-09,6.6050,6.6110,6.5900,6.6080,108500,716738
2018-01-10,6.6050,6.6050,6.5220,6.5660,124900,817929
2018-01-11,6.5500,6.5950,6.5430,6.5900,58600,384869
2018-01-12,6.5900,6.6000,6.5550,6.5640,65800,433023
2018-01-15,6.5640,6.6650,6.3930,6.4060,206800,1337455
2018-01-16,6.4260,6.4610,6.4260,6.4590,237201,1527554
2018-01-17,6.4340,6.4420,6.3640,6.4280,145800,933835
2018-01-18,6.4400,6.4560,6.4250,6.4460,71600,461234
2018-01-19,6.4460,6.4700,6.4280,6.4300,127600,821978
2018-01-22,6.4500,6.5050,6.4030,6.5050,196351,1270297
2018-01-23,6.5050,6.5210,6.4950,6.5090,237942,1548655
2018-01-24,6.5000,6.5550,6.4830,6.5500,232300,1513555
2018-01-25,6.5360,6.5860,6.5360,6.5530,280500,1841883
2018-01-26,6.5530,6.5620,6.5400,6.5460,188857,1236784
2018-01-29,6.5500,6.5620,6.4590,6.4630,140300,913732
2018-01-30,6.4630,6.4900,6.4630,6.4720,97700,632987
2018-01-31,6.4270,6.4270,6.3260,6.3450,177000,1124326
2018-02-01,6.3380,6.3420,6.1410,6.1410,424500,2628723
2018-02-02,6.0840,6.1610,5.9930,6.1580,221600,1353448
2018-02-05,6.1880,6.2220,6.0020,6.1520,90600,555567
2018-02-06,6.1520,6.1520,5.8490,5.8490,474100,2834463
2018-02-07,6.0000,6.0000,5.7830,5.8620,418700,2456854
2018-02-08,5.8630,5.9380,5.8610,5.9240,161768,954871
2018-02-09,5.9060,5.9060,5.6360,5.6920,618800,3539240
2018-02-12,5.7520,5.8720,5.7370,5.8550,382700,2231287
2018-02-13,6.0100,6.0100,5.8830,5.8880,460000,2721945
2018-02-14,6.0600,6.0780,5.8700,5.9080,98445,580156
2018-02-22,6.0200,6.0310,5.8710,6.0300,375200,2239913
2018-02-23,6.0320,6.0500,6.0000,6.0450,55800,336647
2018-02-26,6.0450,6.1830,6.0450,6.1790,334800,2047545
2018-02-27,6.1790,6.1990,6.1590,6.1640,238200,1469810
2018-02-28,6.1030,6.2000,6.0970,6.1780,102900,635312
2018-03-01,6.1400,6.2490,6.1400,6.2490,43946,272749
2018-03-02,6.2630,6.2630,6.2070,6.2180,44001,274033
2018-03-05,6.1920,6.2820,6.1920,6.2230,79400,492495
2018-03-06,6.2390,6.2990,6.2300,6.2990,532100,3332751
2018-03-07,6.3000,6.3000,6.2450,6.2460,317200,1983372
2018-03-08,6.2410,6.2850,6.2370,6.2850,60600,379373
2018-03-09,6.2870,6.3700,6.2870,6.3670,351800,2231943
2018-03-12,6.3880,6.4550,6.3880,6.4530,563600,3624462
2018-03-13,6.4540,6.4540,6.4070,6.4110,333402,2146461
2018-03-14,6.4110,6.4110,6.3390,6.3400,125200,799195
2018-03-15,6.3400,6.3500,6.2710,6.3360,240300,1514080
2018-03-16,6.3390,6.3540,6.3190,6.3190,82400,522289
2018-03-19,6.3040,6.3320,6.2730,6.2950,235663,1484121
2018-03-20,6.2600,6.3260,6.2600,6.3200,106300,667712
2018-03-21,6.3300,6.3770,6.2780,6.2800,144766,919546
2018-03-22,6.2820,6.2960,6.2260,6.2620,221100,1383247
2018-03-23,5.9550,6.1240,5.7380,6.0780,924088,5580160
2018-03-26,6.0370,6.0520,5.8190,6.0520,270541,1612608
2018-03-27,6.1160,6.1900,6.1160,6.1780,352600,2170792
2018-03-28,6.1820,6.1820,6.1220,6.1340,46200,284532
2018-03-29,6.1680,6.1860,6.1230,6.1810,41800,257426
2018-03-30,6.2180,6.2710,6.2050,6.2680,98492,615154
2018-04-02,6.2700,6.3250,6.2670,6.2750,231100,1456212
2018-04-03,6.2610,6.2610,6.1660,6.2180,166600,1030990
2018-04-04,6.2400,6.2530,6.1650,6.1680,61000,379045
2018-04-09,6.1620,6.2110,6.1090,6.1770,26000,160489
2018-04-10,6.1770,6.2020,6.1530,6.2020,32500,200780
2018-04-11,6.2280,6.2660,6.2280,6.2390,72899,456112
2018-04-12,6.2320,6.2350,6.1950,6.2080,17103,106355
2018-04-13,6.2340,6.2380,6.1700,6.1800,52600,325263
2018-04-16,6.1770,6.2140,6.1270,6.1680,47800,294420
2018-04-17,6.1550,6.1550,6.0350,6.0420,104450,635451
2018-04-18,6.0640,6.1370,5.9920,6.1190,171800,1043393
2018-04-19,6.1280,6.1940,6.1130,6.1470,171000,1049614
2018-04-20,6.1410,6.1440,6.0290,6.0290,27700,168558
2018-04-23,6.0140,6.0690,5.9200,5.9720,85000,508135
2018-04-24,5.9890,6.0980,5.9850,6.0950,128500,779941
2018-04-25,6.0840,6.1400,6.0820,6.1390,467300,2857979
2018-04-26,6.1390,6.1390,6.0350,6.0670,68300,413445
2018-04-27,6.0670,6.1190,6.0030,6.0800,38604,232676
2018-05-02,6.0800,6.3240,6.0120,6.1500,67194,410529
2018-05-03,6.0420,6.1490,5.9530,6.1000,87000,522521
2018-05-04,6.0510,6.0950,6.0470,6.0650,98300,597874
2018-05-07,6.0860,6.1800,6.0860,6.1670,263192,1615192
2018-05-08,6.1960,6.2080,6.1710,6.2010,204671,1268202
2018-05-09,6.2650,6.2650,6.0260,6.1890,27300,168893
2018-05-10,6.2100,6.2100,6.1720,6.2040,62000,383975
2018-05-11,6.2130,6.2130,6.1680,6.1760,37800,233628
2018-05-14,6.1490,6.1700,6.1140,6.1300,117500,721878
2018-05-15,6.1420,6.1790,6.1290,6.1780,142100,875042
2018-05-16,6.1680,6.2050,6.1620,6.1620,341007,2105248
2018-05-17,6.1810,6.1810,6.1320,6.1390,19700,121080
2018-05-18,6.1260,6.1680,6.1200,6.1650,20000,123125
2018-05-21,6.1990,6.2510,6.1990,6.2390,127500,795478
2018-05-22,6.2490,6.2680,6.2250,6.2680,102900,641885
2018-05-23,6.2680,6.2680,6.2100,6.2100,294100,1829097
2018-05-24,6.2100,6.3000,6.1740,6.2900,220166,1381577
2018-05-25,6.1440,6.2600,6.1440,6.2580,29004,179825
2018-05-28,6.1300,6.2490,6.1300,6.2190,31700,195494
2018-05-29,6.1050,6.2960,6.0770,6.2660,481500,2933104
2018-05-30,6.1000,6.1700,5.8850,6.1640,78000,471408
2018-05-31,6.0330,6.2300,5.9200,6.0480,1026400,6125730
2018-06-01,5.9200,5.9900,5.8600,5.9900,283700,1675402
2018-06-04,5.9900,5.9900,5.8350,5.8580,494900,2904237
2018-06-05,5.8580,5.9750,5.8580,5.9500,155800,922192
2018-06-06,5.9580,5.9580,5.9370,5.9520,49100,292131
2018-06-07,5.9520,5.9520,5.9100,5.9150,47000,278908
2018-06-08,5.8700,5.9120,5.8200,5.8690,540899,3157427
2018-06-11,5.8450,5.8450,5.7880,5.8020,329700,1913197
2018-06-12,5.8250,5.8680,5.7800,5.8660,51400,299185
2018-06-13,5.8280,5.8580,5.7830,5.7830,62300,361939
2018-06-14,5.6780,5.8120,5.6780,5.7600,79500,458950
2018-06-15,5.7590,5.7590,5.6220,5.6940,185300,1047140
2018-06-19,5.6000,5.7950,5.3000,5.4750,340500,1867775
2018-06-20,5.4690,5.4690,5.2550,5.3670,421600,2243117
2018-06-21,5.3670,5.4140,5.0720,5.2550,232200,1240350
2018-06-22,5.3000,5.3980,5.1840,5.3880,192600,1011638
2018-06-25,5.5290,5.5290,5.2870,5.3300,215800,1158597
2018-06-26,5.3270,5.3410,5.2220,5.3250,160100,847556
2018-06-27,5.3200,5.3560,5.2490,5.2720,142500,753911
2018-06-28,5.2720,5.3100,5.2220,5.2240,135400,712779
2018-06-29,5.2500,5.3910,5.2250,5.3880,184100,982879
2018-07-02,5.3810,5.4190,5.2680,5.3150,330000,1758980
2018-07-03,5.2520,5.3800,5.2150,5.3580,419900,2232747
2018-07-04,5.3360,5.3510,5.2800,5.2900,214300,1139021
2018-07-05,5.2900,5.2990,5.1110,5.1580,260771,1359557
2018-07-06,5.1580,5.2880,5.0940,5.2250,239000,1236071
2018-07-09,5.2250,5.3180,5.1880,5.2940,208500,1093536
2018-07-10,5.3000,5.3880,5.2750,5.3750,399400,2116868
2018-07-11,5.3000,5.3500,5.1730,5.3480,451000,2363198
2018-07-12,5.2990,5.3900,5.2320,5.3640,603170,3191277
2018-07-13,5.4990,5.4990,5.3610,5.3990,296600,1594725
2018-07-16,5.3830,5.4070,5.3560,5.3790,94000,505211
2018-07-17,5.3690,5.3850,5.3230,5.3790,141900,760277
2018-07-18,5.3960,5.4070,5.3490,5.3990,181100,974054
2018-07-19,5.4050,5.4950,5.3130,5.3490,168200,901320
2018-07-20,5.2950,5.3700,5.2600,5.3610,266500,1417182
2018-07-23,5.3600,5.4260,5.3270,5.4250,451100,2421726
2018-07-24,5.4250,5.5130,5.3970,5.4940,217100,1186907
2018-07-25,5.4920,5.5320,5.4920,5.5010,143600,790652
2018-07-26,5.5290,5.5290,5.4600,5.4680,195400,1071877
2018-07-27,5.5420,5.5420,5.4200,5.4450,38100,207814
2018-07-30,5.4400,5.4470,5.3600,5.3770,129000,693905
2018-07-31,5.5000,5.5000,5.3580,5.3780,108600,583001
2018-08-01,5.3500,5.4250,5.2960,5.2960,240800,1288572
2018-08-02,5.2950,5.2950,5.0680,5.1900,502200,2581657
2018-08-03,5.1560,5.1960,5.1310,5.1550,188900,975793
2018-08-06,5.1550,5.1550,5.0400,5.0600,190000,964913
2018-08-07,5.0600,5.1540,5.0320,5.1330,103600,527906
2018-08-08,5.1330,5.1330,5.0590,5.0590,169300,859854
2018-08-09,5.0530,5.2160,5.0460,5.1930,346500,1779758
2018-08-10,5.3180,5.3180,5.1810,5.2190,110400,575182
2018-08-13,5.2190,5.3640,5.1480,5.2400,182000,945172
2018-08-14,5.1210,5.2410,5.1200,5.2200,204900,1068866
2018-08-15,5.1310,5.2190,5.1200,5.2080,427100,2193558
2018-08-16,5.1000,5.1900,5.0490,5.1110,193700,995733
2018-08-17,5.1780,5.1780,5.0300,5.0800,288400,1460760
2018-08-20,5.0750,5.0750,4.9230,5.0560,651200,3245410
2018-08-21,5.0540,5.0850,5.0020,5.0790,244800,1236883
2018-08-22,5.0760,5.0760,5.0150,5.0210,325300,1634787
2018-08-23,5.0240,5.0700,5.0030,5.0480,292900,1477022
2018-08-24,5.0220,5.0610,5.0200,5.0370,149800,754404
2018-08-27,5.0800,5.1510,5.0560,5.1440,404900,2074650
2018-08-28,5.0520,5.1700,5.0500,5.1550,171370,883680
2018-08-29,5.1520,5.1530,5.1180,5.1310,149000,765427
2018-08-30,5.1390,5.1390,5.0530,5.0560,164600,836236
2018-08-31,5.0560,5.0560,4.9860,4.9980,198300,993602
2018-09-03,5.0200,5.0270,4.9400,5.0270,286500,1426678
2018-09-04,5.0000,5.0910,5.0000,5.0790,302400,1525813
2018-09-05,5.0750,5.0750,5.0100,5.0120,310100,1563949
2018-09-06,5.0100,5.0540,4.9600,4.9780,231900,1157522
2018-09-07,4.9870,5.0530,4.9520,4.9980,156470,784229
2018-09-10,4.9520,5.0380,4.9160,4.9160,150964,748111
2018-09-11,4.9160,4.9530,4.9000,4.9000,127200,625247
2018-09-12,4.9340,4.9450,4.8650,4.9040,537100,2622051
2018-09-13,4.9500,5.3000,4.8500,4.9050,454802,2246709
2018-09-14,4.9000,4.9070,4.8510,4.8530,255000,1241371
2018-09-17,4.8500,4.8500,4.7680,4.7840,182200,873900
2018-09-18,4.8000,4.8610,4.7080,4.8610,617600,2981288
2018-09-19,4.8520,4.9500,4.8420,4.9180,381800,1869400
2018-09-20,4.9180,4.9500,4.9040,4.9170,294100,1446385
2018-09-21,4.9420,5.1050,4.9130,5.0000,713600,3575778
2018-09-25,4.9980,5.0030,4.8590,4.9820,253700,1261487
2018-09-26,4.9820,5.0390,4.9650,5.0070,436700,2190411
2018-09-27,5.0750,5.0750,4.9580,4.9850,306600,1524236
2018-09-28,4.9830,4.9990,4.9400,4.9920,529464,2635081
2018-10-08,4.9750,4.9990,4.8670,4.8970,337300,1665823
2018-10-09,4.8900,4.9150,4.8180,4.8390,134401,651484
2018-10-10,4.8260,4.8450,4.7750,4.8140,801200,3858518
2018-10-11,4.7720,4.7720,4.4500,4.4880,822400,3744269
2018-10-12,4.4880,4.4880,4.3030,4.4520,968400,4268925
2018-10-15,4.4980,4.4980,4.3590,4.3600,743000,3300031
2018-10-16,4.3890,4.3890,4.2420,4.2640,1132800,4856954
2018-10-17,4.3790,4.3790,4.2020,4.3000,1842000,7845809
2018-10-18,4.2600,4.3200,4.1200,4.1880,1592787,6685669
2018-10-19,4.1650,4.2990,4.1230,4.2940,1997972,8442067
2018-10-22,4.3270,4.5500,4.3270,4.5090,1935300,8615234
2018-10-23,4.5200,4.5440,4.4000,4.4290,1147400,5122740
2018-10-24,4.4290,4.4650,4.3750,4.4130,918700,4071289
2018-10-25,4.2130,4.4170,4.2130,4.4060,745700,3245440
2018-10-26,4.4240,4.4660,4.3850,4.4100,601100,2656806
2018-10-29,4.4110,4.4950,4.3200,4.3400,574300,2513610
2018-10-30,4.3330,4.4080,4.2670,4.3770,500000,2170450
2018-10-31,4.3780,4.4760,4.3780,4.4480,747700,3317843
2018-11-01,4.5100,4.5530,4.4680,4.4800,1824800,8216199
2018-11-02,4.6400,4.6460,4.5430,4.6460,3956700,18132635
2018-11-05,4.6110,4.7030,4.5280,4.6250,1829491,8450902
2018-11-06,4.6000,4.6280,4.5700,4.6260,730000,3351325
2018-11-07,4.6160,4.6750,4.5970,4.6060,824300,3818382
2018-11-08,4.6490,4.6890,4.5720,4.5720,249000,1148087
2018-11-09,4.5720,4.5800,4.5360,4.5620,640400,2921450
2018-11-12,4.5620,4.6830,4.5540,4.6810,1086500,5024511
2018-11-13,4.6650,4.7840,4.6000,4.7640,2631100,12418650
2018-11-14,4.7480,4.8000,4.7280,4.7460,941300,4478746
2018-11-15,4.7460,4.8240,4.7350,4.8240,653000,3117460
2018-11-16,4.8490,4.8970,4.8140,4.8650,1449700,7034100
2018-11-19,4.8530,4.9080,4.8210,4.8780,1037800,5035493
2018-11-20,4.8660,4.8660,4.7360,4.7430,1251500,5996107
2018-11-21,4.7000,4.7550,4.6610,4.7550,722300,3414975
2018-11-22,4.7650,4.7850,4.7260,4.7550,252177,1198708
2018-11-23,4.7200,4.7200,4.5600,4.5640,1084900,5012840
2018-11-26,4.5640,4.6020,4.5400,4.5650,440759,2012612
2018-11-27,4.5600,4.6060,4.5600,4.5870,237600,1090606
2018-11-28,4.5870,4.6380,4.5260,4.6370,1259800,5799677
2018-11-29,4.6500,4.6750,4.5430,4.5440,760900,3514899
2018-11-30,4.5260,4.5780,4.4900,4.5760,516700,2340614
2018-12-03,4.7100,4.8690,4.6660,4.7200,1835827,8642806
2018-12-04,4.7200,4.7440,4.6900,4.7390,774000,3650186
2018-12-05,4.6980,4.7300,4.6530,4.7050,668000,3134891
2018-12-06,4.6640,4.6770,4.6010,4.6120,772300,3587632
2018-12-07,4.6250,4.6300,4.5910,4.6110,208600,962419
2018-12-10,4.5610,4.5960,4.5440,4.5530,265900,1214201
2018-12-11,4.5690,4.5980,4.5560,4.5940,168400,770853
2018-12-12,4.6150,4.6190,4.5760,4.5950,156300,719687
2018-12-13,4.5950,4.6690,4.5800,4.6450,450900,2086775
2018-12-14,4.6450,4.6450,4.5330,4.5470,638200,2931897
2018-12-17,4.5070,4.5340,4.4760,4.5200,580000,2614346
2018-12-18,4.4820,4.5250,4.4250,4.4980,363300,1630447
2018-12-19,4.4560,4.4960,4.4290,4.4300,242700,1081393
2018-12-20,4.4330,4.4600,4.4150,4.4490,371700,1650182
2018-12-21,4.4310,4.4440,4.3880,4.4180,399300,1763842
2018-12-24,4.4010,4.4650,4.4010,4.4650,424200,1885659
2018-12-25,4.4200,4.4400,4.3140,4.4020,1135500,4957762
2018-12-26,4.4020,4.4240,4.3760,4.3910,542500,2385398
2018-12-27,4.4480,4.4900,4.3450,4.3450,686600,3028049
2018-12-28,4.3570,4.3790,4.3250,4.3460,325500,1415191
2019-01-02,4.3800,4.3800,4.3080,4.3120,529000,2289007
2019-01-03,4.3120,4.3670,4.2900,4.2990,283100,1223028
2019-01-04,4.2800,4.3950,4.2520,4.3890,447200,1940559
2019-01-07,4.3890,4.4810,4.3890,4.4790,612900,2726490
2019-01-08,4.4790,4.4800,4.4460,4.4600,277600,1238569
2019-01-09,4.4780,4.5420,4.4600,4.4790,725700,3271804
2019-01-10,4.4650,4.5120,4.4550,4.4630,538500,2414233
2019-01-11,4.4830,4.5080,4.4560,4.4990,284160,1274364
2019-01-14,4.4900,4.5180,4.4760,4.4820,905360,4067957
2019-01-15,4.4780,4.5560,4.4650,4.5460,905100,4097133
2019-01-16,4.5360,4.5570,4.5240,4.5310,865800,3930677
2019-01-17,4.5310,4.5450,4.4860,4.4930,1795000,8098118
2019-01-18,4.4970,4.5580,4.4880,4.5520,2290500,10351591
2019-01-21,4.5450,4.6000,4.5450,4.5640,2790300,12736848
2019-01-22,4.5540,4.5540,4.4780,4.5000,1721500,7801677
2019-01-23,4.4920,4.5120,4.4800,4.4990,1897900,8534347
2019-01-24,4.5000,4.5620,4.4800,4.5320,3035200,13700269
2019-01-25,4.5320,4.5590,4.5160,4.5260,3838200,17416121
2019-01-28,4.5310,4.5710,4.5010,4.5100,3913500,17745821
2019-01-29,4.5060,4.5060,4.3700,4.4360,3187900,14140908
2019-01-30,4.4270,4.4570,4.4060,4.4060,2673250,11843449
2019-01-31,4.4060,4.4300,4.3310,4.3650,4201700,18435605
2019-02-01,4.3700,4.4950,4.3700,4.4860,3518800,15576863
2019-02-11,4.4910,4.6020,4.4910,4.5960,3448200,15699141
2019-02-12,4.6070,4.6460,4.5990,4.6300,2353000,10869662
2019-02-13,4.6300,4.7250,4.6220,4.7070,3800000,17759855
2019-02-14,4.7000,4.7500,4.6810,4.7280,3909100,18418119
2019-02-15,4.7180,4.7430,4.6910,4.7030,4091800,19303550
2019-02-18,4.7080,4.8780,4.7080,4.8750,5569600,26766325
2019-02-19,4.8960,4.9100,4.8180,4.8670,4191599,20456520
2019-02-20,4.8660,4.8730,4.8180,4.8590,5932100,28816365
2019-02-21,4.8640,4.9600,4.8360,4.8640,8139900,39833415
2019-02-22,4.8640,4.9910,4.8500,4.9910,6385200,31342574
2019-02-25,5.0300,5.3130,5.0300,5.2670,21678100,112489295
2019-02-26,5.2710,5.3530,5.2140,5.2540,18397011,97251628
2019-02-27,5.2400,5.2960,5.1640,5.2240,5094000,26757969
2019-02-28,5.2230,5.2710,5.1920,5.2200,5428400,28431813
2019-03-01,5.2770,5.2910,5.1780,5.2710,11644800,60944044
2019-03-04,5.2800,5.4680,5.2800,5.3570,12883700,69371283
2019-03-05,5.3700,5.5200,5.3400,5.5160,6634000,36089099
2019-03-06,5.5160,5.6300,5.4660,5.6150,11222500,62385687
2019-03-07,5.6160,5.7510,5.5840,5.6960,13831500,78109966
2019-03-08,5.5380,5.6960,5.4650,5.4710,14729600,82167229
2019-03-11,5.4540,5.6730,5.4540,5.6660,17170800,95681544
2019-03-12,5.7170,5.8110,5.6800,5.7630,13359209,76829238
2019-03-13,5.7650,5.7650,5.6080,5.6470,12574600,71757499
2019-03-14,5.5650,5.6410,5.4660,5.5200,15416374,85532215
2019-03-15,5.5300,5.6400,5.5180,5.5740,16219400,90391345
2019-03-18,5.5760,5.7440,5.5400,5.7350,16495357,93036363
2019-03-19,5.7450,5.7700,5.6950,5.7340,11035801,63239901
2019-03-20,5.7330,5.7390,5.6090,5.7180,13228800,75363601
2019-03-21,5.7180,5.8650,5.7180,5.8000,13217200,76771689
2019-03-22,5.8000,5.8550,5.7170,5.8510,8698001,50346087
2019-03-25,5.7800,5.8380,5.7250,5.7690,13026600,75558200
2019-03-26,5.7750,5.8000,5.6000,5.6160,10069000,57242175
2019-03-27,5.6130,5.6690,5.5630,5.6600,7871699,44204579
2019-03-28,5.6600,5.6980,5.5800,5.5800,9650700,54589507
2019-03-29,5.5800,5.7850,5.5720,5.7800,12179791,69120550
2019-04-01,5.8700,6.0030,5.7850,6.0030,13277100,79120191
2019-04-02,6.0040,6.0780,5.9800,6.0110,11872700,71640606
2019-04-03,6.0000,6.0970,5.9550,6.0790,10779103,65053004
2019-04-04,6.0880,6.1470,6.0530,6.1290,10423200,63606219
2019-04-08,6.2500,6.2520,6.0030,6.0730,12518000,76356256
2019-04-09,6.0630,6.1110,6.0300,6.0950,10696600,64978652
2019-04-10,6.0950,6.1550,6.0050,6.0750,11830400,71717462
2019-04-11,6.0850,6.0950,5.9630,5.9790,11096700,66842621
2019-04-12,5.9690,5.9890,5.9100,5.9560,7545102,44930319
2019-04-15,6.0700,6.0710,5.8700,5.8770,11200201,67069989
2019-04-16,5.8580,6.0160,5.8110,6.0150,13188911,77664218
2019-04-17,6.0160,6.0750,5.9900,6.0290,13757700,83035839
2019-04-18,6.0070,6.0470,5.9810,6.0070,11441200,68886163
2019-04-19,6.0070,6.0490,5.9230,6.0490,13547000,81121793
2019-04-22,6.0390,6.0680,5.9390,5.9580,12969600,77770220
2019-04-23,5.9570,5.9570,5.8410,5.8620,8431800,49675388
2019-04-24,5.8770,5.9300,5.8000,5.9130,13614600,79824939
2019-04-25,5.9110,5.9110,5.6880,5.6950,9366800,54183508
2019-04-26,5.6930,5.7350,5.6400,5.6520,9881435,56154385
2019-04-29,5.6600,5.6860,5.4940,5.5000,10720273,59664269
2019-04-30,5.5000,5.5880,5.4840,5.5250,9023900,50016684
2019-05-06,5.4000,5.4000,5.1200,5.1650,16675377,87206223
2019-05-07,5.1800,5.2100,5.1130,5.1850,14730900,76069180
2019-05-08,5.0870,5.2640,5.0620,5.1420,12213500,63134315
2019-05-09,5.1410,5.1840,5.0770,5.0910,11821200,60665348
2019-05-10,5.1330,5.2850,5.0360,5.2850,22216200,115637496
2019-05-13,5.1860,5.2680,5.1640,5.1900,12063600,62728579
2019-05-14,5.1860,5.2310,5.1500,5.1780,15152600,78755808
2019-05-15,5.2200,5.3060,5.2120,5.2750,10132600,53257706
2019-05-16,5.2780,5.3200,5.2680,5.3090,6844108,36249828
2019-05-17,5.3080,5.3300,5.1300,5.1490,12246200,63880392
2019-05-20,5.1490,5.1570,5.0450,5.1300,11993000,61164914
2019-05-21,5.1300,5.2530,5.1280,5.2100,12336500,64294222
2019-05-22,5.2560,5.2560,5.1360,5.1860,10266612,53209302
2019-05-23,5.1850,5.1850,5.0730,5.0850,9187200,47037658
2019-05-24,5.0850,5.1110,5.0500,5.0550,10487488,53208788
2019-05-27,5.0550,5.2000,5.0400,5.1760,11875800,60941343
2019-05-28,5.1760,5.2160,5.1460,5.1640,5889942,30551444
2019-05-29,5.1640,5.2030,5.1330,5.1510,10284800,53125872
2019-05-30,5.1400,5.1460,5.0590,5.1380,15926200,81185423
2019-05-31,5.1370,5.1910,5.0950,5.1110,11094400,57046776
2019-06-03,5.1200,5.1640,5.0380,5.0680,10816600,55056196
2019-06-04,5.0690,5.0710,4.9920,5.0170,9598300,48310925
2019-06-05,5.0390,5.0650,4.9960,5.0000,6299900,31712221
2019-06-06,4.9990,5.0000,4.8860,4.8910,10324700,50908102
2019-06-10,4.8900,4.9760,4.8730,4.9380,12750900,62915408
2019-06-11,4.9400,5.1330,4.9310,5.1300,17528100,88545610
2019-06-12,5.1600,5.1600,5.0660,5.0820,6585400,33590658
2019-06-13,5.0700,5.1200,5.0460,5.1040,8179800,41599991
2019-06-14,5.1040,5.1180,5.0040,5.0170,7621600,38527064
2019-06-17,5.0020,5.0460,5.0020,5.0240,7100000,35678090
2019-06-18,5.0400,5.0400,4.9850,5.0120,5683900,28489703
2019-06-19,5.1190,5.1890,5.0710,5.0800,21881900,111959767
2019-06-20,5.0800,5.2140,5.0380,5.1770,17668300,90881205
2019-06-21,5.2200,5.2970,5.2200,5.2520,16647300,87567295
2019-06-24,5.2590,5.2590,5.2090,5.2370,7728600,40436221
2019-06-25,5.2180,5.2260,5.1120,5.1880,11452003,59059485
2019-06-26,5.1700,5.2120,5.1070,5.1820,7409300,38381830
2019-06-27,5.1920,5.2600,5.1920,5.2160,11691692,61038163
2019-06-28,5.2160,5.2160,5.1350,5.1750,8995340,46449097
2019-07-01,5.2800,5.3390,5.2380,5.3250,20007469,106034829
2019-07-02,5.3240,5.3240,5.2840,5.3010,7458800,39554688
2019-07-03,5.2980,5.2980,5.2480,5.2660,10030400,52781953
2019-07-04,5.2660,5.2990,5.2240,5.2500,11194750,58886411
2019-07-05,5.2480,5.2920,5.2310,5.2810,8118107,42689543
2019-07-08,5.2810,5.2810,5.0800,5.1030,13517600,69513607
2019-07-09,5.1000,5.1150,5.0730,5.1010,8406800,42856589
2019-07-10,5.1010,5.1330,5.0630,5.0770,8580900,43659330
2019-07-11,5.0820,5.1430,5.0450,5.0790,7868300,40146998
2019-07-12,5.0950,5.1170,5.0600,5.0940,11454104,58391397
2019-07-15,5.0900,5.1950,5.0120,5.1600,14443400,73685355
2019-07-16,5.1500,5.1820,5.1450,5.1710,7389000,38156328
2019-07-17,5.1660,5.1930,5.1550,5.1650,8498211,43983594
2019-07-18,5.1600,5.1600,5.0880,5.0900,7895100,40343565
2019-07-19,5.0910,5.1770,5.0910,5.1190,12268000,63132746
2019-07-22,5.1200,5.1390,5.0010,5.0260,12157900,61479225
2019-07-23,5.0200,5.0680,5.0200,5.0560,11894400,60039757
2019-07-24,5.0940,5.1460,5.0760,5.1050,11698600,59879609
2019-07-25,5.1110,5.1410,5.0950,5.1270,9077700,46500151
2019-07-26,5.1280,5.1480,5.1020,5.1440,13925900,71273835
2019-07-29,5.1480,5.1630,5.1080,5.1340,8930700,45877783
2019-07-30,5.1340,5.2130,5.1340,5.1730,14521300,75235645
2019-07-31,5.1680,5.1740,5.1400,5.1640,9548300,49268561
2019-08-01,5.1580,5.1580,5.1010,5.1220,7610400,39024896
2019-08-02,5.0320,5.0600,5.0010,5.0520,10953941,55057534
2019-08-05,5.0410,5.0800,4.9970,5.0030,10360700,52238764
2019-08-06,4.9650,4.9650,4.8020,4.8790,17777700,86865339
2019-08-07,4.8890,4.9210,4.8540,4.8550,7772600,37933143
2019-08-08,4.8700,4.8990,4.8660,4.8810,6851800,33442817
2019-08-09,4.9010,4.9190,4.8250,4.8330,10430500,50705198
2019-08-12,4.8420,4.9180,4.8260,4.9150,10551100,51315401
2019-08-13,4.8790,4.8960,4.8650,4.8920,4712300,23003259
2019-08-14,4.9240,4.9710,4.9120,4.9190,6858800,33930025
2019-08-15,4.8610,4.9500,4.8320,4.9400,11725300,57360116
2019-08-16,4.9350,4.9910,4.9350,4.9510,9481500,47077460
2019-08-19,4.9800,5.1200,4.9800,5.1160,14027100,71041647
2019-08-20,5.1150,5.1580,5.1020,5.1130,13718700,70418084
2019-08-21,5.1100,5.1360,5.0980,5.1210,6431570,32909174
2019-08-22,5.1260,5.1350,5.0890,5.1220,10583500,54111833
2019-08-23,5.1230,5.1470,5.1000,5.1250,12938200,66320312
2019-08-26,5.0170,5.1080,5.0170,5.0930,9335600,47409104
2019-08-27,5.1010,5.2320,5.1010,5.1750,16660100,86319812
2019-08-28,5.1600,5.1930,5.1530,5.1730,7610700,39345912
2019-08-29,5.1710,5.2040,5.1540,5.1800,13883471,71878952
2019-08-30,5.1950,5.2250,5.1080,5.1330,14022300,72762306
2019-09-02,5.1330,5.2800,5.1330,5.2560,18342400,95506549
2019-09-03,5.2750,5.2940,5.2470,5.2940,13234600,69793173
2019-09-04,5.2940,5.3550,5.2730,5.3550,18599900,98864855
2019-09-05,5.3590,5.4650,5.3590,5.3940,26004588,140875981
2019-09-06,5.4010,5.4340,5.3770,5.4190,17498700,94725796
2019-09-09,5.4600,5.5200,5.4260,5.5200,16960300,92740111
2019-09-10,5.5200,5.5280,5.4700,5.5150,9437979,51969032
2019-09-11,5.5230,5.5510,5.4710,5.4910,9340900,51462336
2019-09-12,5.5010,5.5360,5.4680,5.5100,9419300,51820318
2019-09-16,5.5190,5.5490,5.4890,5.5170,12742500,70401832
2019-09-17,5.5170,5.5170,5.3920,5.4130,15308100,83321488
2019-09-18,5.4120,5.4270,5.3900,5.4020,9110500,49300003
2019-09-19,5.4020,5.4540,5.3880,5.4540,11204914,60710698
2019-09-20,5.4570,5.4840,5.4410,5.4590,15217700,83109234
2019-09-23,5.4540,5.4540,5.3800,5.4480,21473700,115961681
2019-09-24,5.4400,5.5090,5.4250,5.4390,18843935,103020480
2019-09-25,5.4320,5.4320,5.3450,5.3450,16788900,90185972
2019-09-26,5.3670,5.3670,5.2360,5.2370,18669989,98931512
2019-09-27,5.2380,5.2900,5.2380,5.2620,11131700,58634097
2019-09-30,5.2600,5.2860,5.1830,5.1830,17211100,90076716
2019-10-08,5.2090,5.2540,5.1920,5.1920,15427008,80564917
2019-10-09,5.1920,5.2460,5.1570,5.2360,13286100,69168333
2019-10-10,5.2360,5.3130,5.2310,5.3000,20458197,107789403
2019-10-11,5.3020,5.3400,5.2670,5.3240,16801700,89109587
2019-10-14,5.3600,5.4190,5.3520,5.3910,12631800,68071364
2019-10-15,5.3900,5.3900,5.3220,5.3310,7944300,42397763
2019-10-16,5.3330,5.3590,5.2960,5.3000,12082500,64371465
2019-10-17,5.3000,5.3180,5.2720,5.2930,10757600,56981984
2019-10-18,5.2940,5.3240,5.2030,5.2290,16057900,84440490
2019-10-21,5.2290,5.2340,5.1690,5.2120,20748414,107857704
2019-10-22,5.2140,5.2870,5.2140,5.2650,24185171,126801053
2019-10-23,5.2650,5.2760,5.2150,5.2260,31919000,167371801
2019-10-24,5.2250,5.2350,5.1800,5.2110,37643100,195958716
2019-10-25,5.2480,5.2630,5.1760,5.2580,43518004,226916932
2019-10-28,5.2980,5.3420,5.2850,5.3420,48854700,259754800
2019-10-29,5.3400,5.3500,5.2660,5.2670,37111422,196676276
2019-10-30,5.2670,5.2670,5.1990,5.2030,45470100,237299829
2019-10-31,5.2040,5.2280,5.1680,5.1760,33452800,174135727
2019-11-01,5.1760,5.2320,5.1520,5.2240,39719408,206828232
2019-11-04,5.2260,5.2810,5.2260,5.2520,43202200,227184406
2019-11-05,5.2540,5.3060,5.2350,5.2900,40005300,211143894
2019-11-06,5.2820,5.2950,5.2190,5.2460,35839600,188490500
2019-11-07,5.2400,5.2900,5.2220,5.2730,39107600,205866257
2019-11-08,5.3050,5.3300,5.2520,5.2560,39855300,211098952
2019-11-11,5.2300,5.2300,5.1280,5.1390,31509400,163133340
2019-11-12,5.1390,5.1480,5.0820,5.1430,42050000,215307321
2019-11-13,5.1310,5.1500,5.1130,5.1370,24098700,123605441
2019-11-14,5.1370,5.1900,5.1300,5.1740,27548092,142201623
2019-11-15,5.1730,5.2050,5.1390,5.1440,28735500,148450448
2019-11-18,5.1360,5.1650,5.1210,5.1540,21512200,110626691
2019-11-19,5.1510,5.2460,5.1510,5.2460,24664700,128533298
2019-11-20,5.2460,5.2620,5.2110,5.2150,22034300,115532669
2019-11-21,5.2160,5.2350,5.1850,5.2160,28863400,150423995
2019-11-22,5.2160,5.2970,5.1460,5.1700,39679200,207230337
2019-11-25,5.1710,5.1810,5.1250,5.1650,26477600,136451861
2019-11-26,5.1650,5.1950,5.1460,5.1640,25658800,132595925
2019-11-27,5.1640,5.2100,5.1410,5.1720,28476416,147432246
2019-11-28,5.1740,5.1900,5.1490,5.1610,14500000,75006714
2019-11-29,5.1660,5.1800,5.1130,5.1650,22944800,118123627
2019-12-02,5.1590,5.2050,5.1590,5.1780,17640600,91394773
2019-12-03,5.1630,5.1960,5.1360,5.1960,15014000,77424144
2019-12-04,5.1780,5.2060,5.1720,5.1950,18633500,96673293
2019-12-05,5.1980,5.2540,5.1960,5.2390,16666200,87138646
2019-12-06,5.2490,5.2940,5.2290,5.2940,16484600,86592251
2019-12-09,5.2950,5.3160,5.2800,5.3010,24276300,128558284
2019-12-10,5.2990,5.3330,5.2750,5.3260,17188300,91126847
2019-12-11,5.3220,5.3320,5.2870,5.3080,20272300,107636588
2019-12-12,5.2990,5.3280,5.2880,5.2970,18016800,95674353
2019-12-13,5.3420,5.3740,5.3140,5.3650,33991606,181464040
2019-12-16,5.3630,5.4510,5.3620,5.4480,34181890,184628186
2019-12-17,5.4500,5.5540,5.4410,5.5250,30381500,167109635
2019-12-18,5.5250,5.5620,5.5180,5.5340,23330900,129377470
2019-12-19,5.5310,5.5500,5.5120,5.5360,21497600,118751185
2019-12-20,5.5350,5.5570,5.4800,5.4890,34564800,190768727
2019-12-23,5.4870,5.4870,5.3600,5.3730,49227100,267349359
2019-12-24,5.3730,5.4550,5.3730,5.4460,34464800,186464283
2019-12-25,5.4460,5.4840,5.4370,5.4690,43059800,235204849
2019-12-26,5.4690,5.5080,5.4570,5.5040,34529400,189292951
2019-12-27,5.5050,5.5490,5.4700,5.4750,36588113,201846969
2019-12-30,5.4680,5.5420,5.4140,5.5350,37127067,204388184
2019-12-31,5.5360,5.5740,5.5200,5.5670,32393200,179541772
2020-01-02,5.5910,5.6770,5.5820,5.6680,45454901,256806209
2020-01-03,5.6670,5.7000,5.6590,5.6810,37041830,210369746
2020-01-06,5.6790,5.7920,5.6640,5.7390,45473500,261408107
2020-01-07,5.7400,5.8040,5.7400,5.8030,38922800,224917752
2020-01-08,5.7750,5.8120,5.7230,5.7410,37721880,217855774
2020-01-09,5.7650,5.8140,5.7640,5.8100,28179800,163247109
2020-01-10,5.8280,5.8370,5.7680,5.7910,29377300,170390168
2020-01-13,5.8190,5.8850,5.7530,5.8850,32450244,188796050
2020-01-14,5.8880,5.9100,5.8530,5.8550,16060300,94455451
2020-01-15,5.8500,5.8590,5.8010,5.8460,24255484,141531189
2020-01-16,5.8500,5.8710,5.8290,5.8500,17758700,103897383
2020-01-17,5.8780,5.8780,5.8090,5.8240,25176900,146997922
2020-01-20,5.8300,5.9150,5.8150,5.9100,26597700,155902407
2020-01-21,5.9100,5.9100,5.8240,5.8500,34919400,204733449
2020-01-22,5.8010,5.9300,5.7500,5.8910,31362700,183233299
2020-01-23,5.8100,5.8690,5.6460,5.7160,47638100,275655871
2020-02-03,5.1600,5.2320,5.1540,5.1800,25694300,133333955
2020-02-04,5.1800,5.3000,5.1480,5.2840,51448500,269580983
2020-02-05,5.2990,5.4670,5.2780,5.4080,39882185,214990806
2020-02-06,5.4210,5.6060,5.3710,5.5760,34988354,192451194
2020-02-07,5.5100,5.6350,5.5100,5.6330,28867764,161025403
2020-02-10,5.6130,5.6900,5.5900,5.6880,27106100,153044477
2020-02-11,5.6800,5.6980,5.6270,5.6680,22980671,130220771
2020-02-12,5.6330,5.7690,5.6330,5.7670,22499900,128483248
2020-02-13,5.7670,5.7870,5.7100,5.7260,24919800,143193172
2020-02-14,5.7260,5.7910,5.6920,5.7380,18380900,105623624
2020-02-17,5.7430,5.9170,5.7430,5.9170,22410910,130718977
2020-02-18,5.9170,5.9760,5.8930,5.9760,27528100,163628900
2020-02-19,5.9730,5.9940,5.9240,5.9300,35780000,213320343
2020-02-20,5.9300,6.0550,5.8980,6.0340,39772500,236592176
2020-02-21,6.0300,6.1590,6.0250,6.1170,44377229,270575128
2020-02-24,6.1170,6.2210,6.0750,6.1880,41704504,256333219
2020-02-25,6.0960,6.2460,5.9830,6.2220,54663605,334734635
2020-02-26,6.1240,6.2020,6.0680,6.0890,46036900,283590446
2020-02-27,6.0890,6.1490,6.0270,6.0770,32591900,198692003
2020-02-28,5.9670,5.9670,5.7610,5.7640,51085000,300842010
2020-03-02,5.8000,6.0240,5.8000,5.9780,25705100,151534078
2020-03-03,6.0400,6.1640,5.9770,6.0340,26273900,160249179
2020-03-04,6.0080,6.0430,5.9260,6.0380,18544570,111309532
2020-03-05,6.0810,6.1460,6.0610,6.1250,20120700,122762669
2020-03-06,6.1010,6.1390,6.0510,6.1040,14806606,90314213
2020-03-09,6.0040,6.0320,5.8580,5.8600,15122858,89945249
2020-03-10,5.8200,5.9850,5.7490,5.9850,32868100,193524853
2020-03-11,6.0180,6.0310,5.9170,5.9180,27648397,165766389
2020-03-12,5.9010,5.9010,5.7700,5.8190,25131500,146546261
2020-03-13,5.6500,5.8400,5.5360,5.7850,41076367,233527353
2020-03-16,5.8010,5.8030,5.4890,5.5210,35325600,200416440
2020-03-17,5.5350,5.6500,5.3650,5.5200,38044058,208617437
2020-03-18,5.5320,5.6380,5.4220,5.4230,32822600,182550120
2020-03-19,5.4230,5.5480,5.3110,5.4630,21823700,118106343
2020-03-20,5.5080,5.5300,5.4250,5.5300,19684900,107908560
2020-03-23,5.4230,5.4390,5.2800,5.3000,26535100,142610156
2020-03-24,5.4000,5.4200,5.2580,5.3860,37274100,199606162
2020-03-25,5.4860,5.5290,5.4440,5.5110,38559400,211825408
2020-03-26,5.4890,5.5240,5.4500,5.4700,19634600,107721806
2020-03-27,5.5040,5.5280,5.4400,5.4420,14469900,79505896
2020-03-30,5.4000,5.4000,5.2750,5.3200,18096100,96192767
2020-03-31,5.3580,5.3850,5.3250,5.3330,16550700,88604290
2020-04-01,5.3310,5.4130,5.3050,5.3070,20913276,112121394
2020-04-02,5.3070,5.4580,5.2920,5.4580,30372029,163041092
2020-04-03,5.4460,5.4580,5.3760,5.4090,23007100,124957589
2020-04-07,5.4860,5.5780,5.4860,5.5630,32231699,178453092
2020-04-08,5.5370,5.6050,5.5320,5.5780,23530500,130978056
2020-04-09,5.6060,5.6480,5.6020,5.6330,21182300,119041992
2020-04-10,5.6310,5.6310,5.5040,5.5270,24417900,135726127
2020-04-13,5.5080,5.5080,5.4440,5.4730,18131560,99362246
2020-04-14,5.5000,5.5900,5.5000,5.5880,21073600,116827276
2020-04-15,5.5880,5.6280,5.5770,5.5770,22432350,125731288
2020-04-16,5.5770,5.6440,5.5510,5.6200,25402853,142299318
2020-04-17,5.6490,5.6970,5.6140,5.6300,28140000,159168229
2020-04-20,5.6300,5.6960,5.6250,5.6940,20226400,114656427
2020-04-21,5.6920,5.6920,5.5980,5.6550,13713304,77366295
2020-04-22,5.6300,5.7090,5.6160,5.7030,15192700,86075905
2020-04-23,5.7040,5.7280,5.6700,5.6780,12246781,69817320
2020-04-24,5.6850,5.6850,5.5770,5.6000,18480800,103752382
2020-04-27,5.6210,5.6290,5.5700,5.5820,24466700,136998537
2020-04-28,5.5820,5.5840,5.4120,5.5350,28499500,156771140
2020-04-29,5.5320,5.5770,5.5100,5.5490,20400400,113405406
2020-04-30,5.5850,5.6980,5.5840,5.6790,33128100,186928359
2020-05-06,5.6590,5.7830,5.6360,5.7790,31337472,178928285
2020-05-07,5.7780,5.7910,5.7440,5.7690,32726321,188866959
2020-05-08,5.7840,5.8640,5.7840,5.8350,23988580,139862552
2020-05-11,5.8360,5.8860,5.8000,5.8250,19098950,111628634
2020-05-12,5.7970,5.8440,5.7720,5.8350,16160170,93951438
2020-05-13,5.8310,5.8730,5.8030,5.8630,25491800,148608789
2020-05-14,5.8380,5.8650,5.8170,5.8300,24094000,140664046
2020-05-15,5.8310,5.8820,5.8220,5.8380,23029800,134816000
2020-05-18,5.8380,5.8670,5.7950,5.8080,20837730,121461509
2020-05-19,5.8320,5.8800,5.8320,5.8770,24499396,143634954
2020-05-20,5.8530,5.8790,5.8130,5.8260,21574675,126309281
2020-05-21,5.8290,5.8580,5.7540,5.7610,14522600,84370547
2020-05-22,5.7580,5.7660,5.6460,5.6700,29616563,168785140
2020-05-25,5.6640,5.6810,5.6240,5.6520,21032700,118935361
2020-05-26,5.6770,5.7590,5.6720,5.7510,23845100,136305362
2020-05-27,5.7510,5.7550,5.7010,5.7120,28604400,164002354
2020-05-28,5.7140,5.7340,5.6320,5.6910,12648700,71924914
2020-05-29,5.6700,5.7520,5.6580,5.7460,28300412,162144167
2020-06-01,5.7800,5.9320,5.7800,5.9230,29754825,174935239
2020-06-02,5.9320,5.9600,5.9030,5.9240,12116223,71782101
2020-06-03,5.9300,5.9720,5.9160,5.9210,32564065,193591097
2020-06-04,5.9210,5.9500,5.8990,5.9280,25910400,153666420
2020-06-05,5.9300,5.9460,5.9000,5.9430,10500000,62254204
2020-06-08,5.9690,5.9950,5.9220,5.9330,14623200,87299872
2020-06-09,5.9400,5.9800,5.9200,5.9630,17971200,107028150
2020-06-10,5.9620,5.9790,5.9380,5.9710,11641169,69373307
2020-06-11,5.9690,6.0460,5.9260,5.9620,14016433,84041471
2020-06-12,5.8660,6.0000,5.8600,5.9570,13570802,80332483
2020-06-15,5.9570,6.0410,5.9480,5.9660,27570300,165333903
2020-06-16,5.9860,6.0720,5.9860,6.0690,27376544,165285071
2020-06-17,6.0680,6.1200,6.0640,6.1200,28526440,173798703
2020-06-18,6.1200,6.1300,6.0850,6.1160,20435500,124893684
2020-06-19,6.1260,6.1960,6.1160,6.1730,41192960,253376463
2020-06-22,6.2660,6.2660,6.1710,6.1820,13550818,84008289
2020-06-23,6.1810,6.2090,6.1480,6.2010,21676500,133949779
2020-06-24,6.2050,6.2320,6.1810,6.2060,12953253,80370927
2020-06-29,6.1950,6.2010,6.1410,6.1650,17656100,108943571
2020-06-30,6.1860,6.2960,6.1860,6.2680,31742918,198465329
2020-07-01,6.2800,6.3030,6.2320,6.3000,25851600,162500547
2020-07-02,6.3190,6.4150,6.2800,6.4090,42848154,272381963
2020-07-03,6.4100,6.4890,6.3950,6.4870,27572772,177809042
2020-07-06,6.5870,6.8060,6.5540,6.7860,58422500,390245882
2020-07-07,6.7880,6.9520,6.7860,6.8550,57416600,394336081
2020-07-08,6.8480,7.0270,6.8210,7.0060,45919938,318278830
2020-07-09,7.0180,7.2020,6.9880,7.1800,45197740,321998674
2020-07-10,7.1790,7.2530,7.1320,7.1710,47862650,345001677
2020-07-13,7.1880,7.4200,7.1880,7.4200,67214955,491731471
2020-07-14,7.4210,7.4210,7.1770,7.3150,50441500,368269465
2020-07-15,7.3150,7.3610,7.0920,7.1400,56853943,411155620
2020-07-16,7.1400,7.2460,6.8050,6.8520,43747532,310092125
2020-07-17,6.8310,6.9800,6.8120,6.8700,31943929,220053265
2020-07-20,6.9170,7.0790,6.8700,7.0720,31552420,219165385
2020-07-21,7.1000,7.1370,7.0400,7.1050,17110320,121335710
2020-07-22,7.1050,7.2700,7.0670,7.1690,23685500,170235095
2020-07-23,7.1490,7.1960,6.9770,7.1650,18302500,129637604
2020-07-24,7.1400,7.1600,6.8000,6.8350,23561686,164985296
2020-07-27,6.8510,6.8880,6.7520,6.8160,14506014,99040102
2020-07-28,6.8900,6.9230,6.8390,6.8870,17829500,122534299
2020-07-29,6.8760,7.0920,6.8460,7.0880,19478419,136199475
2020-07-30,7.0870,7.1300,7.0400,7.0630,18334400,129752205
2020-07-31,7.0630,7.1900,6.9980,7.1260,30492708,216727847
2020-08-03,7.1780,7.3080,7.1710,7.3060,22337200,161713928
2020-08-04,7.3500,7.3500,7.2510,7.2730,16005500,116877474
2020-08-05,7.2700,7.3710,7.2160,7.3450,9134300,66591872
2020-08-06,7.3490,7.3770,7.2200,7.3560,9327200,68236818
2020-08-07,7.3050,7.3230,7.1470,7.2700,8693200,63021403
2020-08-10,7.2700,7.3400,7.2020,7.2830,34333193,249389429
2020-08-11,7.3000,7.3360,7.1480,7.1590,20856600,151634909
2020-08-12,7.1530,7.1590,6.9510,7.0780,19227284,135189971
2020-08-13,7.1180,7.1540,7.0710,7.1200,14534300,103295951
2020-08-14,7.1200,7.2160,7.0620,7.2070,28231900,202052576
2020-08-17,7.2090,7.3280,7.1780,7.3130,71967107,521945417
2020-08-18,7.3200,7.3980,7.3120,7.3650,27080800,199590604
2020-08-19,7.3660,7.3660,7.2450,7.2490,19030100,139024018
2020-08-20,7.2050,7.2550,7.1480,7.1740,39824400,286425831
2020-08-21,7.2000,7.2750,7.1590,7.2230,14488200,104697327
2020-08-24,7.2770,7.2810,7.1610,7.2570,15521257,112408156
2020-08-25,7.3010,7.3310,7.2050,7.2260,9904556,71961288
2020-08-26,7.2200,7.2400,7.0660,7.1050,12907760,92309144
2020-08-27,7.1000,7.1600,7.0690,7.1590,18415600,131092877
2020-08-28,7.1590,7.2880,7.1230,7.2880,31527600,227410199
2020-08-31,7.3190,7.3660,7.2570,7.2610,32080700,234923471
2020-09-01,7.3280,7.3280,7.2280,7.2970,15828000,114947106
2020-09-02,7.3300,7.3300,7.2260,7.2950,16786900,122205189
2020-09-03,7.3100,7.3300,7.2230,7.2510,16350605,119223281
2020-09-04,7.0900,7.2200,7.0900,7.2070,20313500,145251204
2020-09-07,7.2100,7.2590,7.0280,7.0480,17224600,123255415
2020-09-08,7.0740,7.1250,7.0090,7.1020,28425100,200608249
2020-09-09,7.0000,7.0520,6.8730,6.9310,30590412,213074060
2020-09-10,6.9880,6.9890,6.7770,6.8120,22432300,154335789
2020-09-11,6.7500,6.8770,6.7500,6.8630,44678500,304906508
2020-09-14,6.8950,6.9360,6.8490,6.9140,29971200,206711735
2020-09-15,6.9020,6.9570,6.8840,6.9390,24521319,169703478
2020-09-16,6.9590,6.9590,6.8880,6.9190,9710100,67191656
2020-09-17,6.9370,6.9950,6.8610,6.9280,13487511,93526619
2020-09-18,6.9150,7.0560,6.9150,7.0560,20331600,142029898
2020-09-21,7.0510,7.0970,7.0000,7.0200,14984300,105487276
2020-09-22,7.0000,7.0410,6.9020,6.9300,28773700,201044521
2020-09-23,6.9580,6.9860,6.9210,6.9560,14254700,99058743
2020-09-24,6.9580,6.9580,6.8070,6.8140,22565600,154880324
2020-09-25,6.8800,6.8800,6.7700,6.8140,21106200,143888712
2020-09-28,6.8510,6.8510,6.7230,6.7380,14490900,98195029
2020-09-29,6.7790,6.8500,6.7390,6.7900,24092400,163971292
2020-09-30,6.7970,6.8300,6.7040,6.7500,24208325,163809042
2020-10-09,6.8590,6.9500,6.8210,6.9250,12923300,89450069
2020-10-12,6.9980,7.1330,6.9490,7.1310,26976100,190762485
2020-10-13,7.1500,7.1550,7.0700,7.1460,31363700,222950626
2020-10-14,7.1500,7.1500,7.0940,7.1070,24267000,172610790
2020-10-15,7.2010,7.2010,6.4150,7.0550,15229900,107688896
2020-10-16,7.0530,7.0770,6.9620,7.0130,12757800,89405531
2020-10-19,7.0690,7.0860,6.9100,6.9430,22436000,156941125
2020-10-20,6.9420,7.0100,6.8990,7.0050,12534500,87002847
2020-10-21,7.0150,7.0180,6.8970,6.9420,14606400,101323025
2020-10-22,6.9370,6.9370,6.8350,6.8990,10909601,75050316
2020-10-23,6.8980,6.9500,6.7740,6.7950,16697800,114740155
2020-10-26,6.7950,6.8140,6.6850,6.7880,17904300,120983966
2020-10-27,6.7760,6.7960,6.7020,6.7780,13790100,93355165
2020-10-28,6.7780,6.8240,6.7240,6.8200,18008400,122328139
2020-10-29,6.7820,6.8700,6.7340,6.8300,22988300,156910906
2020-10-30,6.8300,6.8410,6.6720,6.6820,25497400,172113972
2020-11-02,6.6810,6.7410,6.6670,6.6950,25899100,173625293
2020-11-03,6.7400,6.9000,6.7100,6.8050,32051800,217362390
2020-11-04,6.8080,6.8320,6.7430,6.8010,26071800,177009754
2020-11-05,6.8500,6.9510,6.8400,6.9370,23503000,162232278
2020-11-06,6.9370,6.9500,6.8190,6.8900,21686300,149146726
2020-11-09,6.8900,7.0470,6.8900,6.9990,30136800,210860150
2020-11-10,7.0020,7.0100,6.9110,6.9560,25310200,176289487
2020-11-11,6.9720,6.9740,6.8720,6.8740,10811500,74812489
2020-11-12,6.9200,6.9220,6.8590,6.8870,16261700,111988926
2020-11-13,6.8900,6.9000,6.8120,6.8870,23918600,163903448
2020-11-16,6.9070,6.9990,6.8740,6.9790,26692100,185598626
2020-11-17,6.9790,6.9790,6.8890,6.9220,21759500,150454980
2020-11-18,6.9490,6.9780,6.8890,6.9160,24010800,166677795
2020-11-19,6.9290,6.9630,6.8670,6.9470,15504600,107279521
2020-11-20,6.9610,7.0240,6.9490,7.0070,22078000,154305168
2020-11-23,7.0160,7.1140,6.9890,7.0640,30218300,213316052
2020-11-24,7.0640,7.0910,7.0410,7.0680,16625800,117506631
2020-11-25,7.0990,7.0990,6.9410,6.9520,15474099,108539729
2020-11-26,6.9720,6.9720,6.8770,6.9250,20378499,140815602
2020-11-27,6.9500,6.9500,6.8500,6.9500,28087200,193866211
2020-11-30,6.9680,7.0000,6.8850,6.9070,27827510,193414610
2020-12-01,6.9070,7.0380,6.8970,7.0090,58384801,408002820
2020-12-02,7.0120,7.0390,6.9780,7.0340,27314800,191473874
2020-12-03,7.0500,7.0650,6.9810,7.0430,33616411,235700777
2020-12-04,7.0490,7.0780,6.9980,7.0710,27082100,190722149
2020-12-07,7.0710,7.0920,7.0040,7.0240,21193250,149226084
2020-12-08,7.0300,7.0500,7.0000,7.0150,29016100,204054174
2020-12-09,7.0360,7.0360,6.9030,6.9060,25320400,176882959
2020-12-10,6.9070,6.9570,6.8570,6.9160,43017700,297112492
2020-12-11,6.9150,6.9420,6.7340,6.7860,23245901,158382870
2020-12-14,6.8170,6.8470,6.7520,6.8410,26440000,179533205
2020-12-15,6.8650,6.8650,6.8030,6.8430,20530600,140171873
2020-12-16,6.8500,6.8500,6.7930,6.8180,25008700,170584780
2020-12-17,6.8230,6.9040,6.7640,6.8960,43826700,299698462
2020-12-18,6.9160,6.9200,6.8390,6.9000,41046100,282503683
2020-12-21,6.9010,6.9990,6.8650,6.9970,51566000,358675531
2020-12-22,6.9900,6.9900,6.8260,6.8460,45832300,317200115
2020-12-23,6.8580,6.9200,6.8190,6.8890,39867100,274000434
2020-12-24,6.8970,6.8970,6.7860,6.7940,27699400,189314966
2020-12-25,6.8010,6.8690,6.7670,6.8640,35779613,243838482
2020-12-28,6.9000,6.9000,6.7960,6.8230,27663500,189046692
2020-12-29,6.8350,6.8740,6.7700,6.7890,40401400,275211465
2020-12-30,6.7990,6.8750,6.7620,6.8410,20982400,143427071
2020-12-31,6.8440,6.9570,6.8440,6.9540,59530958,411670175
2021-01-04,6.9690,7.1070,6.9380,7.0750,24225514,170251883
2021-01-05,7.0750,7.1480,7.0390,7.1480,35878938,254212678
2021-01-06,7.1480,7.1850,7.0780,7.1210,13606403,97047803
2021-01-07,7.1230,7.1800,7.0810,7.1410,22624329,161194630
2021-01-08,7.1590,7.2160,7.0920,7.1640,18050821,129189266
2021-01-11,7.1950,7.1970,7.0150,7.0640,13381104,95255182
2021-01-12,7.0630,7.1520,7.0450,7.1370,24850400,176083044
2021-01-13,7.1900,7.1900,7.0650,7.1020,22943181,163052564
2021-01-14,7.1000,7.1240,7.0070,7.0410,18946159,133871978
2021-01-15,7.0060,7.0540,6.9380,7.0040,15409600,107992191
2021-01-18,7.0100,7.1300,6.9820,7.1130,21615800,153198154
2021-01-19,7.1400,7.1470,7.0700,7.0740,20540200,145958772
2021-01-20,7.1110,7.1510,7.0570,7.1410,31392991,222998490
2021-01-21,7.1700,7.2750,7.1370,7.2480,10008600,72333866
2021-01-22,7.2290,7.2700,7.1880,7.2600,13842000,100037430
2021-01-25,7.2350,7.3380,7.2130,7.2600,12149088,88361537
2021-01-26,7.3300,7.3300,7.1370,7.1560,8676888,62182406
2021-01-27,7.1350,7.1820,7.1010,7.1660,24599100,175896037
2021-01-28,7.1300,7.1340,7.0200,7.0390,14256000,100943130
2021-01-29,7.0520,7.0810,6.8380,6.9540,30798991,215446290
2021-02-01,6.9750,6.9970,6.9340,6.9880,12531100,87406385
2021-02-02,7.0190,7.0650,6.9610,7.0610,30041500,211102089
2021-02-03,7.0600,7.0900,7.0170,7.0300,29118735,205062846
2021-02-04,7.0100,7.0220,6.8520,6.9360,26120500,181112163
2021-02-05,6.9770,6.9780,6.8310,6.8500,14365800,99237463
2021-02-08,6.8610,6.9500,6.8160,6.9200,13443600,92486413
2021-02-09,6.9900,7.0780,6.9230,7.0640,9819257,68800445
2021-02-10,7.0830,7.1540,7.0250,7.1400,37556216,265648892
2021-02-18,7.2500,7.3190,7.1710,7.2330,11746600,85186978
2021-02-19,7.2550,7.3400,7.1700,7.3400,14715101,106568348
2021-02-22,7.3800,7.4600,7.3010,7.3350,17212099,127372941
2021-02-23,7.2970,7.3350,7.2470,7.2670,13351717,97283492
2021-02-24,7.2700,7.2950,7.1010,7.1530,25248900,181809711
2021-02-25,7.2200,7.2300,7.0910,7.1230,23124200,165519056
2021-02-26,7.0000,7.0770,6.9450,6.9750,15336800,107553040
2021-03-01,7.0080,7.1050,7.0080,7.1050,14387000,101681281
2021-03-02,7.1360,7.1360,7.0020,7.0500,22718700,160561759
2021-03-03,7.0760,7.1460,7.0400,7.1390,16793900,119232419
2021-03-04,7.0980,7.1040,6.9930,7.0270,18856100,132722096
2021-03-05,6.9580,7.0720,6.9420,7.0250,18273300,128018082
2021-03-08,7.0600,7.1230,6.8580,6.8810,14693900,102846702
2021-03-09,6.8820,6.8820,6.6310,6.7170,26220300,177508999
2021-03-10,6.7470,6.7950,6.6280,6.6390,24769772,165481884
2021-03-11,6.6750,6.8120,6.6180,6.8110,17641371,118659750
2021-03-12,6.8150,6.8300,6.7230,6.8300,11500100,78003288
2021-03-15,6.8280,6.8410,6.7090,6.7790,16912800,114535112
2021-03-16,6.7970,6.8310,6.7220,6.7790,8573600,58067876
2021-03-17,6.7700,6.8310,6.7020,6.8200,15873165,107590176
2021-03-18,6.8200,6.9130,6.8140,6.8760,9042600,62058764
2021-03-19,6.8510,6.8660,6.7620,6.8180,9394300,63973908
2021-03-22,6.8130,6.9180,6.8080,6.9060,11827629,81453245
2021-03-23,6.9060,6.9300,6.7930,6.8300,23760100,162384154
2021-03-24,6.7890,6.8420,6.7340,6.7520,10332400,69872362
2021-03-25,6.7000,6.7950,6.6990,6.7660,18663000,125880653
2021-03-26,6.7950,6.8730,6.7750,6.8660,9860280,67405282
2021-03-29,6.8660,6.8800,6.8150,6.8590,17341519,118795125
2021-03-30,6.8610,6.8970,6.8180,6.8850,13816300,94795453
2021-03-31,6.8400,6.8850,6.7970,6.8700,11151045,76190426
2021-04-01,6.8490,6.9460,6.8490,6.9320,4833145,33328536
2021-04-02,6.9450,6.9590,6.9000,6.9390,7628800,52887531
2021-04-06,6.9600,6.9940,6.9310,6.9570,11793600,82036850
2021-04-07,6.9610,6.9660,6.8940,6.9560,11489523,79661477
2021-04-08,6.9340,7.0030,6.9150,6.9770,13008873,90570433
2021-04-09,6.9560,6.9900,6.9310,6.9690,12282358,85465668
2021-04-12,6.9700,6.9720,6.8200,6.8530,15236600,104660795
2021-04-13,6.8450,6.8720,6.8100,6.8190,16873100,115347291
2021-04-14,6.8160,6.9070,6.8160,6.8880,16597500,114161334
2021-04-15,6.8580,6.8990,6.8150,6.8940,19189400,131448039
2021-04-16,6.9550,6.9820,6.8500,6.9820,15740500,109059176
2021-04-19,7.0000,7.0630,6.9360,7.0480,12255202,86070768
2021-04-20,7.0360,7.0940,7.0360,7.0670,17411900,123191833
2021-04-21,7.0520,7.0730,6.9940,7.0540,10750379,75618994
2021-04-22,7.0730,7.1030,7.0510,7.0770,11564913,81791896
2021-04-23,7.0750,7.1090,7.0410,7.1060,11538311,81612092
2021-04-26,7.1060,7.1910,7.0720,7.0810,17929838,127668985
2021-04-27,7.0700,7.1120,7.0400,7.0800,9751500,69031977
2021-04-28,7.0800,7.1380,7.0420,7.1310,8492400,60176023
2021-04-29,7.1280,7.1450,7.0930,7.1360,6025200,42915888
2021-04-30,7.1350,7.1530,7.0700,7.1430,13526400,96215807
2021-05-06,7.1410,7.2020,7.0820,7.1270,9566400,68379743
2021-05-07,7.1320,7.1800,7.0880,7.1060,8458241,60398220
2021-05-10,7.1060,7.1490,7.0770,7.1200,11404400,81135407
2021-05-11,7.1040,7.1210,6.9870,7.1070,11555000,81564496
2021-05-12,7.0940,7.1860,7.0580,7.1780,10434200,74345395
2021-05-13,7.1190,7.1570,7.0720,7.0970,13844800,98500598
2021-05-14,7.0970,7.1990,7.0750,7.1980,38260551,274450183
2021-05-17,7.1880,7.2760,7.1800,7.2410,19583500,141847554
2021-05-18,7.2420,7.2750,7.2290,7.2640,11689800,84760173
2021-05-19,7.2630,7.2630,7.2030,7.2530,9532800,68983040
2021-05-20,7.2370,7.2550,7.1640,7.2200,10010000,72139906
2021-05-21,7.2200,7.2400,7.1750,7.2050,12657200,91142906
2021-05-24,7.2050,7.2430,7.1550,7.2200,15946900,114851232
2021-05-25,7.2000,7.3180,7.2000,7.2980,11517091,83626324
2021-05-26,7.3010,7.3180,7.2770,7.3080,23713722,173095409
2021-05-27,7.3000,7.3770,7.2950,7.3620,17150672,125922607
2021-05-28,7.3610,7.4030,7.3310,7.3570,24728908,182661061
2021-05-31,7.3570,7.4180,7.3470,7.4140,9366890,69282341
2021-06-01,7.4140,7.4580,7.3530,7.4410,13692000,101389026
2021-06-02,7.4300,7.4440,7.3570,7.3800,14337400,106053234
2021-06-03,7.3800,7.4400,7.3500,7.3500,18056300,133557288
2021-06-04,7.3500,7.4260,7.3150,7.4040,16705000,123231643
2021-06-07,7.4060,7.4300,7.3820,7.4220,17651300,130763145
2021-06-08,7.4250,7.4720,7.3450,7.3850,15759000,116601503
2021-06-09,7.3840,7.4110,7.3590,7.3900,14982900,110691009
2021-06-10,7.3900,7.4870,7.3760,7.4740,22010385,163873681
2021-06-11,7.4770,7.4980,7.4370,7.4470,18585700,138575607
2021-06-15,7.4470,7.4470,7.3350,7.3660,17723000,130564934
2021-06-16,7.3630,7.3630,7.2460,7.2630,28027900,204494607
2021-06-17,7.2540,7.3200,7.2540,7.3050,11128085,81195535
2021-06-18,7.3140,7.3830,7.2960,7.3700,13973900,102569862
2021-06-21,7.3720,7.4430,7.3500,7.4070,14386800,106650022
2021-06-22,7.4210,7.4600,7.3930,7.4560,13740200,102137884
2021-06-23,7.4570,7.5380,7.4420,7.5280,12539200,93929349
2021-06-24,7.5190,7.5200,7.4670,7.4950,10560700,79077893
2021-06-25,7.4950,7.5780,7.4780,7.5550,12502100,94000188
2021-06-28,7.5580,7.5950,7.5400,7.5650,9333100,70641057
2021-06-29,7.5660,7.5770,7.4980,7.5110,14939600,112516318
2021-06-30,7.5080,7.5640,7.4990,7.5400,11696200,88032965
2021-07-01,7.5410,7.5710,7.4590,7.4590,8024100,60386157
2021-07-02,7.4300,7.4600,7.3820,7.3950,12597013,93510918
2021-07-05,7.3500,7.4610,7.3500,7.4380,12584500,93423835
2021-07-06,7.4030,7.4800,7.3700,7.4430,10808000,80343421
2021-07-07,7.4430,7.5150,7.3930,7.5120,7365113,54967798
2021-07-08,7.5200,7.5430,7.4930,7.5040,8506400,63989785
2021-07-09,7.5060,7.5710,7.4380,7.5680,11677100,87612453
2021-07-12,7.6400,7.6970,7.5940,7.6760,9403200,71976744
2021-07-13,7.6600,7.7560,7.6600,7.7550,20667150,159508502
2021-07-14,7.7550,7.7650,7.6710,7.6900,32384400,249811951
2021-07-15,7.6900,7.7120,7.6110,7.7070,14086601,108018520
2021-07-16,7.7050,7.7710,7.6970,7.7230,14793200,114493683
2021-07-19,7.7110,7.7260,7.6460,7.6840,10613200,81608938
2021-07-20,7.6750,7.6910,7.6230,7.6810,11459400,87675502
2021-07-21,7.6850,7.7880,7.6850,7.7760,12974600,100551256
2021-07-22,7.7760,7.8370,7.7560,7.8340,16566700,129229520
2021-07-23,7.8320,7.8740,7.7830,7.8070,18845700,147513435
2021-07-26,7.8020,7.8060,7.5840,7.6660,18255500,139897453
2021-07-27,7.6660,7.7200,7.5100,7.5380,27952706,212732612
2021-07-28,7.5380,7.5380,7.3130,7.4020,32819600,243065889
2021-07-29,7.4800,7.5430,7.4430,7.5280,16164900,121218998
2021-07-30,7.5260,7.5550,7.4730,7.5550,14243100,106940101
2021-08-02,7.5550,7.6630,7.5180,7.6570,12786700,97055872
2021-08-03,7.6580,7.6700,7.5960,7.6100,17774894,135630375
2021-08-04,7.6090,7.7220,7.5810,7.7180,12366200,95083991
2021-08-05,7.7550,7.7550,7.6620,7.7130,9322200,71899270
2021-08-06,7.7130,7.7450,7.6900,7.7450,6953600,53659734
2021-08-09,7.7300,7.7980,7.6820,7.7730,7513700,58195651
2021-08-10,7.7740,7.8340,7.7670,7.8340,6450500,50342264
2021-08-11,7.8340,7.8940,7.8200,7.8880,8155000,64226536
2021-08-12,7.8890,7.9540,7.8710,7.9380,8025400,63593741
2021-08-13,7.9300,7.9580,7.8790,7.9300,6981645,55299957
2021-08-16,7.9300,7.9400,7.8680,7.8870,5598600,44214058
2021-08-17,7.8870,7.8920,7.6890,7.7130,12750200,99521523
2021-08-18,7.7130,7.7660,7.6750,7.7440,9846600,76084538
2021-08-19,7.7360,7.7900,7.6650,7.7620,11673200,90139907
2021-08-20,7.7620,7.7620,7.6540,7.7540,10818300,83325077
2021-08-23,7.7550,7.8500,7.7490,7.8340,9174900,71749422
2021-08-24,7.8580,7.9350,7.8230,7.9270,10240100,80835395
2021-08-25,7.9290,7.9760,7.8890,7.9750,8085441,64083610
2021-08-26,7.9970,8.0120,7.9520,7.9720,9583500,76541869
2021-08-27,7.9590,8.0260,7.9300,8.0170,8220667,65633018
2021-08-30,8.0180,8.1020,8.0170,8.0630,7482000,60397801
2021-08-31,8.0690,8.0970,8.0010,8.0730,7013229,56416476
2021-09-01,8.0960,8.1200,7.9590,8.0360,10524100,84731208
2021-09-02,8.0070,8.1700,8.0070,8.1700,8300051,67364749
2021-09-03,8.1810,8.2430,8.0920,8.1450,12533800,102380891
2021-09-06,8.1450,8.2140,8.0910,8.2120,11393500,92931435
2021-09-07,8.2150,8.3960,8.1850,8.3930,12110362,100678480
2021-09-08,8.3900,8.4380,8.3100,8.4180,10733200,90244980
2021-09-09,8.4250,8.5180,8.4000,8.5170,10014900,84718257
2021-09-10,8.5300,8.5730,8.4680,8.5180,8867700,75682325
2021-09-13,8.5360,8.5570,8.4560,8.5550,9000100,76528641
2021-09-14,8.5590,8.6060,8.4270,8.4500,10962300,93275250
2021-09-15,8.4400,8.5280,8.4100,8.4860,13249200,112071013
2021-09-16,8.4860,8.5580,8.3130,8.3300,13141500,111292864
2021-09-17,8.3270,8.3680,8.1500,8.2700,17123400,141249095
2021-09-22,8.2010,8.3440,8.1790,8.3380,11167400,91921051
2021-09-23,8.3400,8.4310,8.3400,8.3810,26848200,225337215
2021-09-24,8.3810,8.3860,8.2640,8.2720,25537875,212312987
2021-09-27,8.2300,8.2970,7.9900,8.0320,35029863,283967880
2021-09-28,8.0000,8.0760,8.0000,8.0420,11351325,91252517
2021-09-29,8.0310,8.0310,7.8310,7.8610,16898900,133593537
2021-09-30,7.8610,7.9380,7.8610,7.9250,8672100,68532666
2021-10-08,7.9890,8.0390,7.8770,7.9270,9193000,72941313
2021-10-11,7.9270,7.9570,7.8690,7.9180,8327500,65962420
2021-10-12,7.9180,7.9180,7.7060,7.7570,11030175,86056352
2021-10-13,7.7280,7.8170,7.6940,7.7900,14015300,108709326
2021-10-14,7.7980,7.8430,7.7580,7.8260,10891600,85021255
2021-10-15,7.8260,7.8650,7.7950,7.8630,10166277,79708499
2021-10-18,7.8630,7.8900,7.8000,7.8890,21055000,165389391
2021-10-19,7.8860,7.9730,7.8580,7.9670,10965802,86696710
2021-10-20,7.9170,7.9990,7.8930,7.9450,7584600,60245643
2021-10-21,7.9840,7.9840,7.8940,7.9270,7403805,58850631
2021-10-22,7.9340,7.9420,7.8560,7.8650,7292700,57676475
2021-10-25,7.8510,7.9330,7.8400,7.9280,8164100,64384157
2021-10-26,7.9370,7.9910,7.9110,7.9490,10614600,84476324
2021-10-27,7.9490,7.9490,7.8350,7.8750,7041500,55616709
2021-10-28,7.8740,7.8740,7.7560,7.7810,12811000,100006389
2021-10-29,7.7810,7.8500,7.7430,7.8470,9632600,75030919
2021-11-01,7.8250,7.9160,7.8220,7.8800,10280700,80942378
2021-11-02,7.8780,7.9370,7.7400,7.8090,11506400,90403099
2021-11-03,7.8080,7.8680,7.7860,7.8400,17393400,136045896
2021-11-04,7.8370,7.9020,7.8370,7.8920,7448200,58649621
2021-11-05,7.8970,7.9050,7.8220,7.8320,7432400,58500774
2021-11-08,7.8310,7.8660,7.7990,7.8510,7460200,58441930
2021-11-09,7.8510,7.9140,7.8480,7.9060,10417900,82111358
2021-11-10,7.9050,7.9050,7.7750,7.8890,13908400,109032010
2021-11-11,7.8830,7.9730,7.8240,7.9610,24902000,197726768
2021-11-12,7.9800,8.0150,7.9540,8.0030,6613400,52787330
2021-11-15,8.0030,8.0330,7.9170,7.9420,9741000,77483002
2021-11-16,7.9440,7.9680,7.8790,7.8930,7298900,57902694
2021-11-17,7.8930,7.9400,7.8770,7.9400,26291539,208260050
2021-11-18,7.9380,7.9790,7.8970,7.9250,8804037,69768249
2021-11-19,7.9250,8.0300,7.9120,8.0220,10887265,86796665
2021-11-22,8.2000,8.2000,8.0380,8.0940,8839864,71424941
2021-11-23,8.0900,8.1410,8.0900,8.1120,10189600,82689083
2021-11-24,8.1080,8.1390,8.0890,8.1100,5994100,48631998
2021-11-25,8.1100,8.1200,8.0870,8.1010,7929783,64228784
2021-11-26,8.0410,8.1210,8.0410,8.0800,9579200,77526545
2021-11-29,8.0690,8.0870,8.0040,8.0800,12334300,99162592
2021-11-30,8.0790,8.1380,8.0600,8.1020,10865286,88215840
2021-12-01,8.1070,8.1450,8.0760,8.1430,6773100,54873151
2021-12-02,8.1490,8.1490,8.0670,8.0970,12991100,105140971
2021-12-03,8.0970,8.1830,8.0820,8.1710,11403900,92553695
2021-12-06,8.1870,8.1980,8.1030,8.1100,8365800,68277068
2021-12-07,8.1100,8.1340,8.0040,8.0580,11023534,88696113
2021-12-08,8.0580,8.1680,8.0580,8.1650,11743221,95304580
2021-12-09,8.1660,8.2150,8.1530,8.1910,11196600,91666739
2021-12-10,8.1840,8.1970,8.1430,8.1800,11181100,91458998
2021-12-13,8.1880,8.2140,8.1570,8.1890,9308000,76198693
2021-12-14,8.1860,8.2030,8.1580,8.1760,8336700,68204989
2021-12-15,8.1770,8.2010,8.1380,8.1510,10009800,81898681
2021-12-16,8.1870,8.2280,8.1610,8.2280,12863100,105430635
2021-12-17,8.2290,8.2340,8.1600,8.1770,16389332,134212725
2021-12-20,8.1760,8.1760,8.0370,8.0520,13518000,109232196
2021-12-21,8.0520,8.1380,8.0320,8.1180,18121800,146810264
2021-12-22,8.1250,8.1730,8.1150,8.1540,25939700,211410767
2021-12-23,8.1510,8.2080,8.1380,8.1880,16759600,137110915
2021-12-24,8.1880,8.1880,8.1020,8.1350,26528000,215569507
2021-12-27,8.1340,8.1770,8.1080,8.1210,18468100,150375456
2021-12-28,8.1210,8.1400,8.0840,8.1400,20387400,165361252
2021-12-29,8.1400,8.1400,8.0940,8.1090,13625200,110538991
2021-12-30,8.1090,8.1760,8.1020,8.1590,12877400,104921050
2021-12-31,8.1750,8.2350,8.1690,8.2120,13551375,111232351
2022-01-04,8.2260,8.2370,8.1530,8.2040,18161900,148682827
2022-01-05,8.2040,8.2050,8.0420,8.0500,13552900,109969361
2022-01-06,8.0490,8.0720,7.9950,8.0600,21076298,169675561
2022-01-07,8.0600,8.0950,8.0080,8.0230,12397800,100021730
2022-01-10,8.0230,8.0350,7.9590,8.0290,11544100,92293468
2022-01-11,8.0290,8.0510,7.9510,7.9770,6931721,55483201
2022-01-12,7.9750,8.0320,7.9750,8.0280,10395000,83178696
2022-01-13,8.0320,8.0340,7.9310,7.9380,8892300,70928777
2022-01-14,7.9100,7.9650,7.8820,7.9060,12169200,96444125
2022-01-17,7.9060,8.0010,7.9060,7.9850,19592100,156258806
2022-01-18,7.9890,8.0200,7.9540,7.9970,11363900,90779611
2022-01-19,7.9970,8.0160,7.9000,7.9450,14474300,115416728
2022-01-20,7.9520,7.9680,7.8580,7.8750,18106700,143096653
2022-01-21,7.8750,7.8800,7.7780,7.7970,22724742,177628907
2022-01-24,7.7810,7.8180,7.7280,7.7900,17828094,138876198
2022-01-25,7.7950,7.7950,7.5380,7.5440,22534200,172688472
2022-01-26,7.5440,7.6000,7.5200,7.5640,14488000,109591734
2022-01-27,7.5800,7.5800,7.3880,7.3940,20569000,154410680
2022-01-28,7.4280,7.4600,7.2640,7.3500,12361000,91216898
2022-02-07,7.3970,7.4840,7.3970,7.4450,8035700,59945414
2022-02-08,7.4460,7.5310,7.3800,7.5280,11618700,86540071
2022-02-09,7.5290,7.6500,7.5180,7.6310,17798442,134961489
2022-02-10,7.6320,7.6600,7.5990,7.6380,17608511,134343560
2022-02-11,7.6380,7.6430,7.5300,7.5510,19143100,145448837
2022-02-14,7.5480,7.5650,7.4500,7.4870,17877500,134417196
2022-02-15,7.4890,7.5520,7.4730,7.5480,14097502,105952836
2022-02-16,7.5510,7.5830,7.5300,7.5580,11478100,86767557
2022-02-17,7.5590,7.6010,7.5130,7.5630,13919600,105068068
2022-02-18,6.8480,6.8480,6.7010,6.8270,9644070,65512756
2022-02-21,6.8270,6.8640,6.8160,6.8570,18298093,125045348
2022-02-22,6.8460,6.8460,6.7360,6.7880,11080261,75060425
2022-02-23,6.7880,6.8880,6.7880,6.8880,12030371,82384336
2022-02-24,6.8830,6.8890,6.6990,6.7720,22416549,152438951
2022-02-25,6.7810,6.9000,6.7810,6.8220,22861841,156594189
2022-02-28,6.7880,6.8520,6.7680,6.8470,16702181,113726166
2022-03-01,6.8470,6.8880,6.8260,6.8680,22743987,155843538
2022-03-02,6.8680,6.8780,6.8170,6.8720,10735881,73576474
2022-03-03,6.8790,6.9110,6.8350,6.8580,9390779,64487960
2022-03-04,6.8530,6.8760,6.7870,6.8110,19079278,130244963
2022-03-07,6.8110,6.8110,6.6250,6.6650,22706778,152420940
2022-03-08,6.6720,6.6800,6.4080,6.4230,22859375,149238261
2022-03-09,6.4260,6.4540,6.0740,6.2940,20865843,132936616
2022-03-10,6.3610,6.4680,6.3610,6.4060,14844555,95277552
2022-03-11,6.3950,6.4890,6.2660,6.4830,17419372,111047642
2022-03-14,6.4550,6.4950,6.3390,6.3420,33460412,215087254
2022-03-15,6.3000,6.3000,5.9600,5.9660,51091964,314527569
2022-03-16,5.9990,6.1780,5.8210,6.1430,50087909,300396440
2022-03-17,6.2000,6.3680,6.2000,6.2650,31633111,198382037
2022-03-18,6.2650,6.3400,6.2180,6.3240,17957473,112613603
2022-03-21,6.3400,6.3800,6.2640,6.3560,38450669,243363567
2022-03-22,6.3350,6.4110,6.3070,6.3790,22408432,142088118
2022-03-23,6.3880,6.4300,6.3470,6.4060,15062325,96302067
2022-03-24,6.3450,6.4360,6.3200,6.3530,9090535,57688002
2022-03-25,6.3560,6.3760,6.2600,6.2650,12125103,76723743
2022-03-28,6.2550,6.3330,6.1700,6.2840,20196376,126205253
2022-03-29,6.2910,6.3150,6.2350,6.2600,15888376,99700552
2022-03-30,6.2650,6.3900,6.2650,6.3850,25556657,161975161
2022-03-31,6.3850,6.3850,6.3180,6.3310,20386919,129471528
2022-04-01,6.3330,6.3790,6.2880,6.3700,19503538,123587955
2022-04-06,6.3450,6.3600,6.2700,6.3600,15330906,96851446
2022-04-07,6.3470,6.3600,6.2120,6.2140,33524774,210445399
2022-04-08,6.2300,6.2360,6.1070,6.2290,16616633,102771957
2022-04-11,6.2250,6.2250,6.0120,6.0400,26595603,161975727
2022-04-12,6.0330,6.1400,5.9650,6.1330,20993233,126890462
2022-04-13,6.1330,6.1330,6.0420,6.0460,22808982,138785521
2022-04-14,6.0500,6.1660,6.0500,6.1240,20885138,127712140
2022-04-15,6.1230,6.1230,6.0440,6.0640,18588519,113257627
2022-04-18,6.0400,6.1040,5.9640,6.0770,29258560,176865489
2022-04-19,6.0770,6.1080,6.0520,6.0960,17966172,109292053
2022-04-20,6.0960,6.1020,5.9400,5.9550,21215653,127481134
2022-04-21,5.9550,5.9710,5.7420,5.7730,29913137,176002705
2022-04-22,5.7500,5.8050,5.6610,5.7520,25789758,147476594
2022-04-25,5.6900,5.6900,5.3850,5.3880,28401171,157382435
2022-04-26,5.3780,5.4440,5.2150,5.2390,21812136,116372613
2022-04-27,5.2290,5.4380,5.1670,5.4380,28009074,147297579
2022-04-28,5.4280,5.4650,5.3330,5.4350,24917468,134590771
2022-04-29,5.4500,5.6500,5.4390,5.6400,34871147,192794463
2022-05-05,5.6390,5.7270,5.6150,5.6860,19681735,111818528
2022-05-06,5.5470,5.6270,5.5360,5.5560,26558324,148134479
2022-05-09,5.5550,5.6350,5.5300,5.6120,17906367,100119896
2022-05-10,5.5450,5.7100,5.5100,5.6900,32641344,184086826
2022-05-11,5.6900,5.8670,5.6900,5.7390,32437995,187727138
2022-05-12,5.7400,5.7910,5.6890,5.7450,32654122,187511421
2022-05-13,5.7450,5.8120,5.7360,5.8050,20615020,119098928
2022-05-16,5.8220,5.8670,5.7670,5.7940,31592047,183790674
2022-05-17,5.7820,5.8280,5.7400,5.8230,16177725,93664658
2022-05-18,5.8220,5.8680,5.7890,5.8150,18793693,109358932
2022-05-19,5.7600,5.8520,5.7000,5.8520,17428874,100788209
2022-05-20,5.8550,5.9550,5.8550,5.9490,21548051,127137716
2022-05-23,5.9600,5.9870,5.9200,5.9700,28904506,172040098
2022-05-24,5.9700,5.9770,5.7670,5.7850,21401939,126629904
2022-05-25,5.7800,5.8640,5.7660,5.8640,22301859,129621110
2022-05-26,5.8670,5.9550,5.7900,5.9280,24876436,146553996
2022-05-27,5.9310,5.9830,5.8830,5.9280,15319585,91084530
2022-05-30,5.9590,5.9680,5.8880,5.9570,15575039,92481332
2022-05-31,5.9580,6.0760,5.9170,6.0600,31300485,187935578
2022-06-01,6.0580,6.0780,6.0020,6.0540,26160906,158259558
2022-06-02,6.0540,6.1320,6.0180,6.1190,25429329,154680029
2022-06-06,6.1240,6.2370,6.1080,6.2190,32493519,201292328
2022-06-07,6.2200,6.2380,6.1850,6.2170,30787394,191330116
2022-06-08,6.2170,6.2780,6.1570,6.2560,25664195,159456696
2022-06-09,6.2520,6.2610,6.1260,6.1850,17936628,111347504
2022-06-10,6.1850,6.3150,6.1430,6.3000,19145394,119451980
2022-06-13,6.2780,6.2980,6.2100,6.2740,22466659,140597810
2022-06-14,6.2010,6.3430,6.1150,6.3400,28359540,176459680
2022-06-15,6.3450,6.4660,6.3060,6.3120,25907450,165242531
2022-06-16,6.3210,6.3930,6.3000,6.3190,21942261,139468949
2022-06-17,6.3190,6.4000,6.2280,6.3780,25324902,159855190
2022-06-20,6.3790,6.4240,6.3280,6.3850,26714942,170344269
2022-06-21,6.3900,6.3980,6.2900,6.3390,22044935,140080594
2022-06-22,6.3400,6.3520,6.2320,6.2490,18185459,114606313
2022-06-23,6.2250,6.3780,6.2190,6.3770,21393835,134522186
2022-06-24,6.3760,6.4610,6.3710,6.4440,22646061,145751122
2022-06-27,6.4550,6.5330,6.4550,6.4730,18872862,122422396
2022-06-28,6.4740,6.5950,6.4710,6.5770,25053030,163989922
2022-06-29,6.5790,6.5820,6.4610,6.4720,17745648,115733617
2022-06-30,6.4720,6.5740,6.4720,6.5280,18582373,121484498
2022-07-01,6.5340,6.5670,6.5030,6.5160,14214952,92831903
2022-07-04,6.5160,6.6080,6.4750,6.5960,20072571,131521841
2022-07-05,6.6020,6.6370,6.5150,6.5920,26193940,172296797
2022-07-06,6.5780,6.5860,6.4480,6.5080,23900217,155869884
2022-07-07,6.5080,6.5800,6.4780,6.5360,19324514,126277090
2022-07-08,6.5420,6.5830,6.4990,6.5010,24014981,156979824
2022-07-11,6.4990,6.4990,6.3700,6.4140,26874772,172288876
2022-07-12,6.4140,6.4430,6.3210,6.3360,31345638,199509952
2022-07-13,6.3140,6.3780,6.3060,6.3570,16608000,105329245
2022-07-14,6.3570,6.4360,6.3460,6.3990,22689221,145200974
2022-07-15,6.4040,6.4280,6.2850,6.2860,20754893,132005393
2022-07-18,6.2840,6.4230,6.2840,6.4010,17581907,111631806
2022-07-19,6.4020,6.4470,6.3770,6.4320,19788005,126927495
2022-07-20,6.4400,6.5250,6.4400,6.5070,26539892,172239767
2022-07-21,6.5070,6.5070,6.4420,6.4480,22140854,143579091
2022-07-22,6.4480,6.4790,6.3300,6.3930,31663868,202590041
2022-07-25,6.3930,6.4180,6.3100,6.3290,29042119,184837214
2022-07-26,6.3330,6.4340,6.3170,6.4000,16722407,106707061
2022-07-27,6.4040,6.4480,6.3820,6.4250,16989777,108955821
2022-07-28,6.4400,6.5140,6.4390,6.4500,20590050,133111690
2022-07-29,6.4570,6.4750,6.3860,6.4080,19552103,125696348
2022-08-01,6.4040,6.4590,6.3560,6.4500,13984567,89709602
2022-08-02,6.4410,6.4410,6.2070,6.2890,29827210,187951261
2022-08-03,6.3070,6.3870,6.2150,6.2410,21883557,138445899
2022-08-04,6.2430,6.2820,6.1780,6.2670,30812299,192183103
2022-08-05,6.2600,6.3980,6.2600,6.3900,22289582,140658059
2022-08-08,6.3880,6.4380,6.3700,6.4320,11920765,76364468
2022-08-09,6.4240,6.4520,6.3980,6.4450,13003497,83574055
2022-08-10,6.4380,6.4730,6.4050,6.4390,12685222,81747601
2022-08-11,6.4800,6.5680,6.4570,6.5580,12720666,82859014
2022-08-12,6.5590,6.5820,6.5420,6.5540,13029856,85471949
2022-08-15,6.5480,6.5900,6.5000,6.5530,20098664,131930689
2022-08-16,6.5500,6.6190,6.5490,6.5760,16599351,109370162
2022-08-17,6.5760,6.6330,6.5420,6.6160,18737646,123360698
2022-08-18,6.6090,6.6090,6.5670,6.5940,11287660,74399181
2022-08-19,6.5940,6.6070,6.5070,6.5120,22148819,145197674
2022-08-22,6.4830,6.6060,6.4800,6.5900,19963994,130862767
2022-08-23,6.5750,6.5970,6.5490,6.5920,31007364,203784258
2022-08-24,6.5820,6.6000,6.3920,6.4080,35129853,227809569
2022-08-25,6.4080,6.4510,6.3550,6.4470,36742189,235079343
2022-08-26,6.4500,6.5010,6.4040,6.4330,30117974,194392542
2022-08-29,6.3770,6.4380,6.3420,6.4360,72188578,462398063
2022-08-30,6.4350,6.4350,6.3680,6.4140,38924799,249192534
2022-08-31,6.4060,6.4090,6.2590,6.2770,62347019,393875054
2022-09-01,6.2960,6.3270,6.2360,6.2540,39630709,249230734
2022-09-02,6.2600,6.2990,6.2450,6.2670,133593945,837424399
2022-09-05,6.2530,6.3040,6.2330,6.2920,48558149,304456495
2022-09-06,6.2930,6.4100,6.2930,6.4100,50274237,319699448
2022-09-07,6.4050,6.4350,6.3800,6.4330,118314365,759191769
2022-09-08,6.4380,6.4380,6.3950,6.3970,190028568,1218826078
2022-09-09,6.3990,6.4480,6.3790,6.4360,52290542,335432649
2022-09-13,6.4370,6.4690,6.4040,6.4170,56357003,362672595
2022-09-14,6.3570,6.4030,6.3380,6.3710,92330078,588378505
2022-09-15,6.3680,6.3960,6.1720,6.2220,64158515,402851118
2022-09-16,6.2160,6.2240,6.0620,6.0750,84836644,521775805
2022-09-19,6.0690,6.1050,5.9850,6.0300,80139007,483450198
2022-09-20,6.0310,6.1240,6.0310,6.0590,68525302,416541432
2022-09-21,6.0630,6.1170,5.9950,6.0810,71892424,435416347
2022-09-22,6.0640,6.1330,6.0510,6.0830,56361202,343620440
2022-09-23,6.0910,6.0970,5.9470,6.0500,111270153,670809253
2022-09-26,5.9820,6.0450,5.9130,5.9200,110757081,662858310
2022-09-27,5.9180,6.0380,5.9180,6.0300,100834023,602385983
2022-09-28,6.0360,6.0360,5.8870,5.8920,81731126,485219030
2022-09-29,5.9390,5.9770,5.8540,5.8950,129087188,766197029
2022-09-30,5.8910,5.9240,5.8160,5.8260,81184799,476483912
2022-10-10,5.8200,5.8770,5.7290,5.7450,110957868,645459188
2022-10-11,5.7480,5.8200,5.7270,5.7870,115366469,666050324
2022-10-12,5.7870,5.9360,5.6940,5.9220,113863160,658701237
2022-10-13,5.9200,5.9850,5.8950,5.9390,100548770,597274507
2022-10-14,5.9760,6.1200,5.9760,6.0950,110057509,667715673
2022-10-17,6.0930,6.1420,6.0600,6.1200,95948632,585303920
2022-10-18,6.1350,6.1860,6.1030,6.1450,107100056,657447216
2022-10-19,6.1460,6.1600,6.0890,6.0990,84923216,520370253
2022-10-20,6.0860,6.1630,5.9940,6.0690,110304058,669935432
2022-10-21,6.0690,6.1140,6.0350,6.0710,88802802,539576160
2022-10-24,6.0720,6.1960,5.9640,6.0230,148391801,900660491
2022-10-25,5.9860,6.0470,5.9000,5.9820,126616006,756573670
2022-10-26,5.9820,6.1440,5.9820,6.0880,117886811,715352689
2022-10-27,6.1020,6.1470,6.0750,6.0830,107206606,655741903
2022-10-28,6.0840,6.0840,5.8640,5.8960,117180579,701417572
2022-10-31,5.8680,5.9840,5.8590,5.9180,114206371,675038426
2022-11-01,5.9100,6.0760,5.9000,6.0760,147785096,884330163
2022-11-02,6.0600,6.1480,6.0250,6.1090,107498834,654809920
2022-11-03,6.0690,6.1370,6.0630,6.1140,87275741,533332536
2022-11-04,6.1220,6.2920,6.1190,6.2540,103937105,645517997
2022-11-07,6.2270,6.2920,6.2160,6.2560,79031085,494551271
2022-11-08,6.2550,6.2640,6.2210,6.2640,96409993,601383943
2022-11-09,6.2660,6.3110,6.2380,6.2420,87163086,545331993
2022-11-10,6.2370,6.2440,6.1810,6.2230,87752449,544699540
2022-11-11,6.3010,6.3910,6.2500,6.2530,126808856,800828318
2022-11-14,6.2690,6.3180,6.2280,6.2440,103326799,648064886
2022-11-15,6.2430,6.3570,6.2340,6.3480,97722125,617664100
2022-11-16,6.3430,6.3790,6.3190,6.3290,116655756,739856254
2022-11-17,6.3280,6.3380,6.2680,6.3300,87796094,552511644
2022-11-18,6.3340,6.3830,6.3110,6.3260,116578347,739518033
2022-11-21,6.2820,6.3270,6.2480,6.3170,119978239,754593782
2022-11-22,6.3160,6.3160,6.2220,6.2490,106433185,667697648
2022-11-23,6.2010,6.2670,6.1690,6.2450,158728931,986812023
2022-11-24,6.2530,6.2770,6.2130,6.2450,101711248,635090815
2022-11-25,6.2370,6.2370,6.1770,6.2200,103294213,641361968
2022-11-28,6.0940,6.1870,6.0860,6.1770,142138195,873131188
2022-11-29,6.1820,6.3080,6.1820,6.2850,105240253,658365585
2022-11-30,6.3050,6.3050,6.2400,6.2650,100601890,631841472
2022-12-01,6.3320,6.3630,6.3000,6.3010,126302716,799926503
2022-12-02,6.3020,6.3380,6.2820,6.2860,97464112,615096340
2022-12-05,6.3530,6.3540,6.2990,6.3320,114437567,723864463
2022-12-06,6.3340,6.3770,6.3020,6.3280,136351559,864461153
2022-12-07,6.3280,6.3660,6.3000,6.3190,103389025,654006743
2022-12-08,6.3210,6.3260,6.2850,6.3010,120507385,759727606
2022-12-09,6.3100,6.3400,6.2720,6.3200,107858906,679742458
2022-12-12,6.3210,6.3210,6.2640,6.2930,81232124,510774111
2022-12-13,6.3020,6.3020,6.2460,6.2570,86516226,541657472
2022-12-14,6.2570,6.2790,6.2100,6.2260,104849039,655337651
2022-12-15,6.2260,6.2440,6.2000,6.2220,106850251,664913568
2022-12-16,6.2220,6.2220,6.1660,6.2010,76967956,476525450
2022-12-19,6.2030,6.2150,6.0410,6.0720,152469994,935151412
2022-12-20,6.0350,6.0560,5.9880,5.9990,138816492,836317598
2022-12-21,5.9990,6.0170,5.9370,5.9740,93313851,558271664
2022-12-22,6.0090,6.0090,5.8780,5.9040,98376823,585985162
2022-12-23,5.8770,5.9300,5.8510,5.8970,143184398,844135134
2022-12-26,5.9120,5.9800,5.8970,5.9550,159865512,951289539
2022-12-27,5.9920,6.0080,5.9480,6.0050,102797764,614914686
2022-12-28,6.0040,6.0140,5.9710,5.9890,201492027,1206538190
2022-12-29,5.9700,6.0280,5.9590,5.9860,176526078,1058263785
2022-12-30,6.0500,6.0500,5.9740,5.9930,111104328,665949450
2023-01-03,6.0070,6.0920,5.9660,6.0760,182685379,1104804410
2023-01-04,6.0760,6.0900,6.0400,6.0720,131807529,800381112
2023-01-05,6.1000,6.1500,6.0730,6.1300,86876364,532187042
2023-01-06,6.1520,6.1780,6.1190,6.1370,105289575,647601431
2023-01-09,6.1740,6.1980,6.1490,6.1570,134444742,829874772
2023-01-10,6.1750,6.1780,6.1380,6.1660,87421490,538555866
2023-01-11,6.1820,6.1960,6.1330,6.1460,135995826,838035004
2023-01-12,6.1420,6.1800,6.1230,6.1400,123679005,760836594
2023-01-13,6.1650,6.1910,6.1390,6.1900,110727314,681721165
2023-01-16,6.2160,6.3060,6.1970,6.2420,202199592,1268558243
2023-01-17,6.2460,6.2720,6.2440,6.2550,73841556,462121755
2023-01-18,6.2850,6.3020,6.2590,6.2810,122646655,770816211
2023-01-19,6.2800,6.3430,6.2570,6.3370,117487494,740346669
2023-01-20,6.3630,6.3910,6.3410,6.3790,122674813,781816448
2023-01-30,6.4700,6.4880,6.4030,6.4060,165287859,1064765306
2023-01-31,6.4060,6.4420,6.3950,6.4180,87685507,563298752
2023-02-01,6.4200,6.4960,6.4180,6.4850,144636104,934220198
2023-02-02,6.4940,6.5370,6.4690,6.4940,140854945,915093121
2023-02-03,6.4750,6.4900,6.3970,6.4710,130258177,838723621
2023-02-06,6.4710,6.4710,6.3980,6.4390,105066674,675448546
2023-02-07,6.4380,6.4480,6.3950,6.4360,146745136,942147394
2023-02-08,6.4360,6.4520,6.3840,6.3950,211023027,1354019899
2023-02-09,6.3950,6.4930,6.3800,6.4930,79139868,510120412
2023-02-10,6.5000,6.5000,6.4200,6.4680,173275017,1119026521
2023-02-13,6.4480,6.5130,6.4480,6.5070,141883080,922368240
2023-02-14,6.5510,6.5510,6.4950,6.5260,116931630,761576584
2023-02-15,6.5500,6.5500,6.4910,6.5120,116086766,755854469
2023-02-16,6.5120,6.5650,6.3830,6.4360,125690790,817860708
2023-02-17,6.4250,6.4440,6.3660,6.3730,108123509,692542062
2023-02-20,6.3760,6.4740,6.3470,6.4710,141233934,907557312
2023-02-21,6.4700,6.5310,6.4650,6.5180,109286604,710577352
2023-02-22,6.5110,6.5310,6.4770,6.5140,76534113,497585065
2023-02-23,6.5120,6.5300,6.4530,6.4900,85958008,559104784
2023-02-24,6.5080,6.5080,6.4330,6.4760,90635526,586725541
2023-02-27,6.4320,6.4760,6.4110,6.4390,74169191,478123757
2023-02-28,6.4550,6.4960,6.4170,6.4960,78448676,506636290
2023-03-01,6.4940,6.5480,6.4710,6.5310,77794739,506998568
2023-03-02,6.5310,6.5460,6.5020,6.5180,88566227,577368565
2023-03-03,6.5250,6.5320,6.4730,6.5180,98849089,643103704
2023-03-06,6.5240,6.5450,6.4910,6.5240,64905833,422793718
2023-03-07,6.5180,6.5270,6.4220,6.4220,72981125,473195924
2023-03-08,6.4220,6.4420,6.4000,6.4250,93319913,599271195
2023-03-09,6.4290,6.4340,6.3880,6.4150,89152227,572009814
2023-03-10,6.4000,6.4000,6.3270,6.3410,58876813,374325781
2023-03-13,6.3390,6.3800,6.3120,6.3770,65681528,416737884
2023-03-14,6.3830,6.3830,6.2660,6.3210,81496019,514609217
2023-03-15,6.3490,6.3860,6.3420,6.3530,92376876,588121877
2023-03-16,6.3060,6.3490,6.2660,6.2800,82470744,521588273
2023-03-17,6.3250,6.3730,6.2920,6.3200,98555034,624342780
2023-03-20,6.3200,6.3340,6.2860,6.2960,87953069,554733592
2023-03-21,6.3020,6.3640,6.3020,6.3600,86154297,546447273
2023-03-22,6.3650,6.4020,6.3650,6.3930,57986625,370586824
2023-03-23,6.3920,6.4310,6.3810,6.4290,51322422,328761772
2023-03-24,6.4690,6.4690,6.4120,6.4380,76826698,494145702
2023-03-27,6.4620,6.4620,6.3980,6.4370,81335834,523249790
2023-03-28,6.4480,6.4560,6.4090,6.4250,85166720,547570787
2023-03-29,6.4850,6.4850,6.3810,6.3980,64789909,414734703
2023-03-30,6.3990,6.4280,6.3560,6.4250,99018867,631997019
2023-03-31,6.4500,6.4750,6.4250,6.4710,64202877,414237180
2023-04-03,6.4710,6.5570,6.4710,6.5410,91745093,598786150
2023-04-04,6.5450,6.5500,6.5170,6.5480,79492020,519656311
2023-04-06,6.4980,6.5600,6.4980,6.5450,80164798,524806587
2023-04-07,6.5550,6.6060,6.5450,6.6010,82383064,542794896
2023-04-10,6.6340,6.6340,6.5410,6.5520,89163846,586606305
2023-04-11,6.5330,6.5680,6.5300,6.5520,69018266,451798433
2023-04-12,6.5690,6.5830,6.5470,6.5790,81675885,536584920
2023-04-13,6.5790,6.5850,6.5430,6.5520,63231318,414993553
2023-04-14,6.5800,6.5880,6.5400,6.5660,48931866,321025940
2023-04-17,6.5660,6.5980,6.5530,6.5970,63434596,417554102
2023-04-18,6.6170,6.6170,6.5560,6.5840,67701966,445352225
2023-04-19,6.5990,6.5990,6.5410,6.5520,47899418,314951477
2023-04-20,6.5660,6.5660,6.5250,6.5500,65655188,428993175
2023-04-21,6.5630,6.5630,6.3930,6.3960,85049760,550665628
2023-04-24,6.4000,6.4030,6.3280,6.3470,93632157,596406634
2023-04-25,6.3730,6.3730,6.1830,6.2550,108704921,681426442
2023-04-26,6.2400,6.3040,6.2390,6.2730,135150023,848338657
2023-04-27,6.2790,6.3370,6.2600,6.3060,72078020,454113625
2023-04-28,6.3300,6.3940,6.2800,6.3880,71971609,457072381
2023-05-04,6.3750,6.3970,6.3700,6.3970,73670725,470349654
2023-05-05,6.4100,6.4100,6.3100,6.3440,73132936,463511523
2023-05-08,6.3450,6.4040,6.3400,6.3810,66534242,424012133
2023-05-09,6.3990,6.4080,6.3230,6.3260,95564989,609463193
2023-05-10,6.3270,6.3520,6.2890,6.3150,105530425,666212206
2023-05-11,6.3160,6.3320,6.2900,6.2980,53497879,337729737
2023-05-12,6.3020,6.3230,6.2290,6.2300,59642163,374318936
2023-05-15,6.2300,6.3100,6.1880,6.3010,78308148,487525734
2023-05-16,6.3300,6.3300,6.2410,6.2560,62497400,392076067
2023-05-17,6.2560,6.2900,6.2360,6.2580,67492967,422520488
2023-05-18,6.2730,6.2980,6.2440,6.2750,91918395,576997947
2023-05-19,6.2680,6.3080,6.2340,6.2760,79167717,496541423
2023-05-22,6.2890,6.2980,6.2370,6.2700,66030139,413743739
2023-05-23,6.2600,6.2750,6.2120,6.2120,68539953,428381483
2023-05-24,6.2090,6.2200,6.1490,6.1650,154325921,954808637
2023-05-25,6.1600,6.1890,6.0750,6.1440,117112370,717773659
2023-05-26,6.1400,6.2060,6.1060,6.1880,89532937,550745030
2023-05-29,6.2220,6.2240,6.1620,6.1870,102414059,633815507
2023-05-30,6.1860,6.2260,6.1250,6.2230,106077912,654411516
2023-05-31,6.2230,6.2260,6.1720,6.2110,97822137,606627720
2023-06-01,6.2080,6.2640,6.1790,6.2200,103026755,641281667
2023-06-02,6.2490,6.2900,6.2370,6.2750,95655397,599945757
2023-06-05,6.2780,6.2860,6.2460,6.2630,61443793,384901187
2023-06-06,6.2640,6.2640,6.1400,6.1520,85277505,530035038
2023-06-07,6.1530,6.1840,6.1450,6.1520,108336284,667851880
2023-06-08,6.1500,6.1730,6.1010,6.1440,108388311,664261325
2023-06-09,6.1470,6.2020,6.1400,6.1900,94803182,584600276
2023-06-12,6.1890,6.2310,6.1810,6.2060,71644528,445006441
2023-06-13,6.2310,6.2370,6.2000,6.2290,68688443,427429544
2023-06-14,6.2290,6.2550,6.2230,6.2320,65863166,411025602
2023-06-15,6.2650,6.3060,6.2270,6.2890,67683684,424377844
2023-06-16,6.3160,6.3620,6.2900,6.3430,77891332,493603170
2023-06-19,6.3780,6.3780,6.3240,6.3320,41163478,260785304
2023-06-20,6.3520,6.3520,6.3080,6.3290,50166966,317367506
2023-06-21,6.3290,6.3290,6.1970,6.1970,86090435,537917313
2023-06-26,6.1400,6.1970,6.0810,6.0960,162054693,992773368
2023-06-27,6.0980,6.1480,6.0920,6.1430,132724732,813253203
2023-06-28,6.1350,6.1520,6.0560,6.1500,85339839,521068631
2023-06-29,6.1300,6.1690,6.1230,6.1490,49351756,303251058
2023-06-30,6.1790,6.2290,6.1410,6.2180,64975444,402982249
2023-07-03,6.2300,6.2750,6.2100,6.2530,55818358,348689960
2023-07-04,6.2560,6.2670,6.0400,6.2640,32635034,204145220
2023-07-05,6.2630,6.2680,6.2260,6.2390,45397486,283709520
2023-07-06,6.2370,6.2650,6.1930,6.1990,49135268,305460083
2023-07-07,6.1990,6.2060,6.1520,6.1820,42554887,263075603
2023-07-10,6.2340,6.2340,6.1750,6.2000,37560113,233041237
2023-07-11,6.2000,6.2580,6.2000,6.2520,56101106,349415722
2023-07-12,6.2640,6.2640,6.1840,6.1910,41841323,260534712
2023-07-13,6.2090,6.2760,6.2090,6.2670,64141595,401053272
2023-07-14,6.2780,6.2850,6.2510,6.2510,54781154,343198813
2023-07-17,6.2690,6.2690,6.2030,6.2370,66058693,410931905
2023-07-18,6.2440,6.2520,6.2030,6.2300,72418649,450640010
2023-07-19,6.2350,6.2460,6.1910,6.2170,54291207,337475626
2023-07-20,6.2270,6.2420,6.1440,6.1530,68642822,426357245
2023-07-21,6.1430,6.1940,6.1370,6.1580,62043844,382533881
2023-07-24,6.1220,6.1860,6.1220,6.1430,60146821,369993647
2023-07-25,6.2080,6.2510,6.2040,6.2410,100796817,627823097
2023-07-26,6.2170,6.2460,6.2100,6.2280,84855356,528465482
2023-07-27,6.2490,6.2490,6.1740,6.1860,76941295,478153663
2023-07-28,6.1530,6.2880,6.1520,6.2750,78661940,490272592
2023-07-31,6.2850,6.3810,6.2850,6.3170,67634745,428711503
2023-08-01,6.3180,6.3530,6.3150,6.3270,54300294,343901408
2023-08-02,6.3600,6.3600,6.2850,6.3030,64104270,404405840
2023-08-03,6.3160,6.3270,6.2750,6.3260,95791228,603927061
2023-08-04,6.3620,6.4050,6.3360,6.3650,65339907,416276626
2023-08-07,6.3500,6.3640,6.3150,6.3330,108829539,688907548
2023-08-08,6.3110,6.3270,6.2800,6.3110,105346022,664053896
2023-08-09,6.2880,6.3050,6.2520,6.2600,105208458,660230930
2023-08-10,6.2650,6.2780,6.2330,6.2610,62465533,390974031
2023-08-11,6.2810,6.2810,6.1450,6.1450,84228332,521563136
2023-08-14,6.1000,6.1500,6.0640,6.1410,102051616,623280083
2023-08-15,6.1460,6.1590,6.0600,6.1100,86495950,528393627
2023-08-16,6.0800,6.1170,6.0640,6.0680,87763903,534135755
2023-08-17,6.0400,6.1160,6.0120,6.1020,95015864,576919121
2023-08-18,6.1100,6.1240,6.0080,6.0080,73778028,448173867
2023-08-21,6.0090,6.0340,5.9290,5.9330,149409717,895428210
2023-08-22,5.9640,5.9720,5.8630,5.9630,177306849,1051971598
2023-08-23,5.9300,5.9550,5.8430,5.8550,121460428,716131032
2023-08-24,5.8800,5.9260,5.8430,5.8720,86818158,510254829
2023-08-25,5.8500,5.8770,5.7710,5.8030,96753558,564147848
2023-08-28,6.1550,6.1550,5.8460,5.8650,126074263,748346173
2023-08-29,5.8650,6.0250,5.8520,5.9930,222297795,1322924286
2023-08-30,5.9930,6.0440,5.9730,5.9980,94571343,568256206
2023-08-31,5.9980,6.0080,5.9500,5.9630,76434047,456679821
2023-09-01,5.9640,6.0020,5.9560,5.9720,58755955,351062927
2023-09-04,5.9880,6.0630,5.9800,6.0560,76943040,463853363
2023-09-05,6.0600,6.0600,6.0020,6.0180,63281914,381163478
2023-09-06,6.0080,6.0350,5.9690,6.0140,72355334,434041715
2023-09-07,6.0230,6.0230,5.9200,5.9260,136887097,815895070
2023-09-08,5.8910,5.9530,5.8910,5.9320,96452571,572107202
2023-09-11,5.9430,6.0320,5.9210,5.9910,110667850,661598944
2023-09-12,5.9990,6.0150,5.9840,5.9940,81365745,488139541
2023-09-13,5.9850,5.9950,5.9020,5.9290,111904079,664581323
2023-09-14,5.9350,5.9390,5.8960,5.9280,98181553,581112031
2023-09-15,5.9370,5.9710,5.9030,5.9270,97872252,580958184
2023-09-18,5.9220,5.9660,5.8900,5.9480,157060482,933054792
2023-09-19,5.9490,5.9490,5.8950,5.9200,77915697,460593724
2023-09-20,5.9100,5.9180,5.8800,5.8820,83981393,495490684
2023-09-21,5.8830,5.8940,5.8260,5.8300,105177163,615600019
2023-09-22,5.8210,5.9310,5.8210,5.9300,87630727,515133248
2023-09-25,5.9310,5.9310,5.8790,5.8950,140780030,829738745
2023-09-26,5.8920,5.9040,5.8740,5.8770,79098700,465497427
2023-09-27,5.8890,5.9320,5.8760,5.9030,150998244,891860254
2023-09-28,5.9150,5.9260,5.8990,5.9130,63050079,372775922
2023-10-09,5.9070,5.9070,5.8490,5.8810,86057894,505065199
2023-10-10,5.8800,5.9090,5.8450,5.8510,68196391,400077866
2023-10-11,5.8590,5.9020,5.8310,5.8460,125408425,734275110
2023-10-12,5.8710,5.8980,5.8590,5.8910,60753057,357390974
2023-10-13,5.8530,5.8910,5.8410,5.8570,44141751,258283707
2023-10-16,5.8730,5.8730,5.7810,5.8020,74280409,431567028
2023-10-17,5.8070,5.8160,5.7740,5.8140,63072538,365646050
2023-10-18,5.8140,5.8140,5.7320,5.7430,60656709,349528090
2023-10-19,5.7370,5.7510,5.6780,5.6860,85485476,489033615
2023-10-20,5.6660,5.6910,5.6210,5.6480,84543420,478897350
2023-10-23,5.6390,5.6390,5.4670,5.4930,111101155,614691943
2023-10-24,5.5230,5.5710,5.4890,5.5600,99882814,551568734
2023-10-25,5.6100,5.6370,5.5810,5.5840,74531970,417748391
2023-10-26,5.5840,5.6190,5.5470,5.6050,79017972,440754877
2023-10-27,5.6050,5.7310,5.5850,5.7060,85666614,484464906
2023-10-30,5.7010,5.7780,5.6960,5.7590,101308730,580939301
2023-10-31,5.7580,5.7680,5.7180,5.7420,70632003,405216747
2023-11-01,5.7420,5.7550,5.7070,5.7350,60466735,346195577
2023-11-02,5.7330,5.7570,5.6750,5.6800,55515972,317059787
2023-11-03,5.6810,5.7600,5.6810,5.7260,82134393,470472825
2023-11-06,5.7580,5.8280,5.7400,5.8210,83954169,487323093
2023-11-07,5.8140,5.8520,5.7950,5.8270,57466068,334497935
2023-11-08,5.8270,5.8540,5.7950,5.8250,56355103,328247041
2023-11-09,5.8170,5.8630,5.7990,5.8080,54086269,315004683
2023-11-10,5.7980,5.8020,5.7670,5.7890,47033327,272074652
2023-11-13,5.8000,5.8240,5.7780,5.8230,70563598,408940783
2023-11-14,5.8200,5.8590,5.8170,5.8490,58593697,342278087
2023-11-15,5.9060,5.9110,5.8680,5.8800,51862388,305214062
2023-11-16,5.8580,5.8780,5.8250,5.8250,51039805,298579448
2023-11-17,5.8080,5.8480,5.8080,5.8450,44702125,260572639
2023-11-20,5.8470,5.8950,5.8230,5.8820,69801969,408460222
2023-11-21,5.9100,5.9220,5.8530,5.8600,45121151,265948598
2023-11-22,5.8580,5.8660,5.7890,5.7920,81332284,474768476
2023-11-23,5.7920,5.8530,5.7620,5.8440,69966065,406576782
2023-11-24,5.8420,5.8420,5.7720,5.7990,78709513,456603005
2023-11-27,5.7930,5.8000,5.7420,5.7840,56001846,323008176
2023-11-28,5.7880,5.8170,5.7400,5.8070,56483544,326444502
2023-11-29,5.8100,5.8100,5.7630,5.7760,44890931,259997316
2023-11-30,5.7760,5.7800,5.7180,5.7600,51715093,297349877
2023-12-01,5.7560,5.7990,5.7310,5.7810,51525720,296258916
2023-12-04,5.7900,5.8100,5.7720,5.7780,41397656,239624591
2023-12-05,5.7670,5.7770,5.6740,5.6740,33541115,192024109
2023-12-06,5.6500,5.7310,5.6500,5.6950,53447603,304463614
2023-12-07,5.6900,5.7210,5.6500,5.6930,96292892,547745240
2023-12-08,5.6930,5.7390,5.6930,5.7120,59261557,338674118
2023-12-11,5.7120,5.8000,5.6520,5.7770,73053099,417400797
2023-12-12,5.7770,5.7930,5.7630,5.7890,0,0
2023-12-13,5.7770,5.7770,5.7230,5.7280,0,0
2023-12-14,5.7650,5.7800,5.6970,5.7040,0,0
2023-12-15,5.7040,5.7380,5.6450,5.6640,122814266,699511940
2023-12-18,5.6260,5.6640,5.5890,5.5960,0,0
2023-12-19,5.5970,5.6220,5.5560,5.5950,84460510,471821715
2023-12-20,5.5950,5.6010,5.5210,5.5270,75308798,418483229
2023-12-21,5.5200,5.5650,5.4620,5.5410,105786247,583232538
2023-12-22,5.5410,5.5760,5.4970,5.5240,152601854,842210925
2023-12-25,5.5310,5.5540,5.4940,5.5210,114217111,630681004
2023-12-26,5.5210,5.5210,5.4460,5.4720,111799624,611603759
2023-12-27,5.4720,5.5070,5.4350,5.4940,133829939,731031542
2023-12-28,5.4710,5.6090,5.4710,5.5890,161986503,902002023
2023-12-29,5.5900,5.6530,5.5880,5.6370,100700248,566870225
2024-01-02,5.6330,5.6450,5.6130,5.6130,115886839,652655036
2024-01-03,5.6100,5.6340,5.5770,5.6060,89222571,500308628
2024-01-04,5.6060,5.6060,5.5310,5.5620,86033928,478390196
2024-01-05,5.5520,5.5780,5.4710,5.4940,67597469,373842324
2024-01-08,5.4880,5.4880,5.3660,5.3680,91940405,498009167
2024-01-09,5.3750,5.4190,5.3470,5.3740,91268459,490833135
2024-01-10,5.3600,5.4180,5.3120,5.3620,90796991,487118975
2024-01-11,5.3480,5.4490,5.3440,5.4190,76639651,413541215
2024-01-12,5.4170,5.4690,5.4050,5.4100,54665711,297117843
2024-01-15,5.3800,5.4450,5.3680,5.3940,44037211,237881375
2024-01-16,5.3870,5.4070,5.3180,5.3820,55848099,299967622
2024-01-17,5.3710,5.3740,5.2590,5.2620,60874020,324458606
2024-01-18,5.2450,5.2640,5.1150,5.2590,61890688,321725059
2024-01-19,5.2300,5.2780,5.2100,5.2180,44053822,230756453
2024-01-22,5.2090,5.2100,4.9380,4.9460,45967952,234185531
2024-01-23,4.9370,5.0850,4.9000,5.0620,115888877,582799467
2024-01-24,5.0700,5.1400,4.9440,5.1310,106789253,537756921
2024-01-25,5.1100,5.2750,5.0900,5.2700,68004022,352864531
2024-01-26,5.2510,5.2770,5.1950,5.2160,92266994,484268951
2024-01-29,5.2200,5.2460,5.1150,5.1150,65525774,338433313
2024-01-30,5.1010,5.1330,4.9910,5.0010,60310692,306036837
2024-01-31,4.9910,5.0260,4.8780,4.8950,82537658,408921213
2024-02-01,4.8650,4.9610,4.8050,4.8670,73642299,360036032
2024-02-02,4.8490,4.9150,4.5980,4.7400,90382896,430550026
2024-02-05,4.7300,4.8010,4.4480,4.6590,102457156,472947952
2024-02-06,4.6140,5.0340,4.5750,5.0320,148463655,715431814
2024-02-07,5.0750,5.3380,5.0230,5.3300,123193713,646272305
2024-02-08,5.3810,5.5970,5.3330,5.3650,261755725,1428618097
2024-02-19,5.4000,5.4150,5.2660,5.3240,769511678,4107809016
2024-02-20,5.2800,5.3420,5.2670,5.3260,89814684,476439915
2024-02-21,5.3100,5.4550,5.2800,5.3280,104753932,562513669
2024-02-22,5.3160,5.3830,5.3070,5.3620,74039439,395853060
2024-02-23,5.3710,5.3940,5.3060,5.3890,78491635,420217550
2024-02-26,5.3900,5.4580,5.3530,5.3850,88602497,477883242
2024-02-27,5.3830,5.5160,5.3570,5.5160,125197943,681073941
2024-02-28,5.5170,5.5940,5.3800,5.3830,198707735,1093407650
2024-02-29,5.3760,5.5620,5.3570,5.5570,222602350,1223903947
2024-03-01,5.5570,5.5960,5.5220,5.5890,146592211,815557012
2024-03-04,5.5890,5.6090,5.5190,5.5840,78548458,437815328
2024-03-05,5.5550,5.5900,5.5290,5.5550,270398460,1504857958
2024-03-06,5.5200,5.6170,5.5020,5.5510,105496159,584682992
2024-03-07,5.5510,5.5910,5.4780,5.4780,76633041,424093019
2024-03-08,5.4920,5.5700,5.4680,5.5540,65548684,361123446
2024-03-11,5.5490,5.6580,5.5360,5.6510,172225754,963045529
2024-03-12,5.6510,5.6860,5.5870,5.6210,97600856,549794389
2024-03-13,5.6290,5.6700,5.5880,5.6150,84103428,473140645
2024-03-14,5.6150,5.6530,5.5540,5.5920,114331256,641468592
2024-03-15,5.5880,5.6670,5.5550,5.6630,118983876,665527957
2024-03-18,5.6650,5.7450,5.6600,5.7450,63336027,361217286
2024-03-19,5.7560,5.7560,5.6810,5.6810,75540235,431336389
2024-03-20,5.6810,5.7130,5.6650,5.6990,75778815,431009862
2024-03-21,5.7000,5.7210,5.6580,5.6690,79582588,452188698
2024-03-22,5.6680,5.6680,5.5540,5.5890,83030917,465000704
2024-03-25,5.5800,5.6040,5.4920,5.4990,79125440,439887775
2024-03-26,5.4990,5.5240,5.4410,5.4740,131032647,718689918
2024-03-27,5.4740,5.4740,5.3500,5.3590,107303854,582059255
2024-03-28,5.3320,5.4770,5.3320,5.4160,98113300,531613727
2024-03-29,5.4040,5.4930,5.4030,5.4880,135664448,738629960
2024-04-01,5.5100,5.6120,5.5090,5.6030,96546093,537976919
2024-04-02,5.6030,5.6090,5.5500,5.5800,95419400,532242039
2024-04-03,5.5800,5.5850,5.5460,5.5750,107605848,598912189
2024-04-08,5.5750,5.5850,5.4910,5.4960,85754172,475283741
2024-04-09,5.4900,5.5430,5.4880,5.5410,56830226,313236923
2024-04-10,5.5410,5.5410,5.4340,5.4710,88304011,484961859
2024-04-11,5.4480,5.5580,5.4420,5.5050,78113700,430155002
2024-04-12,5.5080,5.5410,5.4630,5.4750,79603694,437853623
2024-04-15,5.4750,5.5800,5.4190,5.5390,97752131,538537702
2024-04-16,5.5390,5.5520,5.3730,5.3910,128779439,704091363
2024-04-17,5.3930,5.5430,5.3930,5.5400,98656542,540165369
2024-04-18,5.5400,5.6200,5.4940,5.5520,128534082,715337417
2024-04-19,5.5370,5.5750,5.4910,5.5160,85615939,473266649
2024-04-22,5.4990,5.5470,5.4570,5.4710,67684567,372005228
2024-04-23,5.4710,5.4920,5.3970,5.4120,78628133,426722656
2024-04-24,5.4120,5.4660,5.3780,5.4610,65564036,355924081
2024-04-25,5.4340,5.5010,5.4270,5.4590,60433187,329958699
2024-04-26,5.4630,5.5940,5.4630,5.5830,121061992,670098835
2024-04-29,5.5830,5.7090,5.5830,5.6940,155546760,880631823
2024-04-30,5.7080,5.7080,5.6480,5.6490,76859703,435819688
2024-05-06,5.7450,5.7540,5.7090,5.7350,146929706,842487962
2024-05-07,5.7350,5.7530,5.7130,5.7370,60575493,347227767
2024-05-08,5.7330,5.7330,5.6590,5.6590,89454199,508256403
2024-05-09,5.6520,5.7820,5.6520,5.7650,102142213,587722304
2024-05-10,5.7690,5.7890,5.7040,5.7430,91571509,525034022
2024-05-13,5.7240,5.7420,5.6690,5.7080,74699875,426386022
2024-05-14,5.7170,5.7590,5.6910,5.7100,59748570,341494780
2024-05-15,5.7190,5.7190,5.6480,5.6490,51332017,291707727
2024-05-16,5.6680,5.6960,5.6140,5.6340,85712821,484098577
2024-05-17,5.6370,5.7150,5.6240,5.7120,92139142,521316718
2024-05-20,5.7180,5.7580,5.7000,5.7350,117016759,670958754
2024-05-21,5.7280,5.7300,5.6730,5.6940,92996599,529888235
2024-05-22,5.6900,5.7050,5.6720,5.6900,99595800,566558356
2024-05-23,5.6810,5.6810,5.5660,5.5860,105948797,594228928
2024-05-24,5.5690,5.6240,5.5260,5.5260,60835029,339308304
2024-05-27,5.5320,5.5940,5.4980,5.5910,73917592,409486692
2024-05-28,5.5850,5.5860,5.5270,5.5400,68664496,381537793
2024-05-29,5.5390,5.5900,5.5300,5.5530,88156540,490898028
2024-05-30,5.5540,5.5820,5.5230,5.5430,60530354,335925625
2024-05-31,5.5500,5.5930,5.5360,5.5400,86054777,478317431
2024-06-03,5.5150,5.5500,5.4540,5.4940,97123545,533936486
2024-06-04,5.4950,5.5880,5.4760,5.5690,70467157,388969484
2024-06-05,5.5490,5.5770,5.5000,5.5000,53784411,298919376
2024-06-06,5.5280,5.5450,5.4450,5.4730,105784005,582018660
2024-06-07,5.4920,5.5060,5.4110,5.4430,89086632,485367795
2024-06-11,5.4380,5.4760,5.3960,5.4620,56589810,307405472
2024-06-12,5.4350,5.4880,5.4350,5.4750,55568794,303904900
2024-06-13,5.4680,5.4790,5.4270,5.4460,64061280,349155203
2024-06-14,5.4220,5.4890,5.4100,5.4700,86338875,469790612
2024-06-17,5.4480,5.4680,5.4340,5.4470,61604871,335937510
2024-06-18,5.4470,5.4890,5.4470,5.4700,69175835,378240636
2024-06-19,5.4690,5.4850,5.4090,5.4140,65822841,357220351
2024-06-20,5.4140,5.4260,5.3280,5.3350,68144109,365862212
2024-06-21,5.3320,5.3710,5.3150,5.3420,66403140,354980296
2024-06-24,5.3100,5.3300,5.2240,5.2330,78504831,413683190
2024-06-25,5.2440,5.2530,5.1510,5.1870,102752260,535596537
2024-06-26,5.1800,5.2710,5.1520,5.2610,87454531,454152388
2024-06-27,5.2310,5.2470,5.1600,5.1730,79778603,414128848
2024-06-28,5.1600,5.2520,5.1590,5.1820,102970481,536834600
2024-07-01,5.1800,5.2650,5.1650,5.2430,85493853,445343011
2024-07-02,5.2440,5.2440,5.1730,5.1930,50473390,262845629
2024-07-03,5.1930,5.1950,5.1420,5.1480,84252856,435112080
2024-07-04,5.1490,5.1720,5.0610,5.0720,96137791,492654284
2024-07-05,5.0720,5.1250,5.0340,5.1110,88026476,446424846
2024-07-08,5.0920,5.1050,5.0050,5.0250,49816692,251590196
2024-07-09,5.0200,5.1390,4.9900,5.1210,85988012,434765927
2024-07-10,5.0960,5.1410,5.0850,5.0920,64001743,327222817
2024-07-11,5.1430,5.1990,5.1180,5.1880,66392082,343234090
2024-07-12,5.1800,5.1900,5.1550,5.1710,54689545,282905040
2024-07-15,5.1590,5.1590,5.1170,5.1380,69628355,357558727
2024-07-16,5.1240,5.1620,5.0970,5.1470,57939248,297039376
2024-07-17,5.1340,5.1550,5.1020,5.1120,55222281,282561107
2024-07-18,5.0820,5.1370,5.0390,5.1310,77672047,393946212
2024-07-19,5.1000,5.1600,5.0940,5.1310,63604724,326044245
2024-07-22,5.1140,5.1460,5.0870,5.1160,64792656,331462129
2024-07-23,5.1120,5.1230,4.9660,4.9660,62147337,313415942
2024-07-24,4.9660,4.9890,4.9030,4.9090,119516611,591116796
2024-07-25,4.8980,4.9620,4.8810,4.8980,70243994,345006170
2024-07-26,4.9050,4.9980,4.9050,4.9800,87724912,435138712
2024-07-29,4.9820,5.1000,4.9490,4.9560,50644116,251466505
2024-07-30,4.9440,4.9660,4.8910,4.9460,49024632,241862224
2024-07-31,4.9460,5.1550,4.9320,5.1550,96280704,489714092
2024-08-01,5.1560,5.1970,5.0890,5.1120,76801454,395173967
2024-08-02,5.0240,5.1380,5.0240,5.0430,57318690,291500145
2024-08-05,5.0190,5.1100,4.9410,4.9440,74984935,377050754
2024-08-06,4.9780,5.0320,4.9460,4.9980,63452756,316606362
2024-08-07,4.9960,5.0400,4.9650,5.0000,59144826,295939178
2024-08-08,4.9900,5.0520,4.9510,5.0080,74110724,370731558
2024-08-09,5.0400,5.0640,4.9690,4.9720,86732393,434133510
2024-08-12,4.9650,4.9940,4.9440,4.9690,47367396,235454704
2024-08-13,4.9650,4.9850,4.9270,4.9780,56598705,280326176
2024-08-14,4.9770,4.9780,4.9110,4.9110,98527342,486168913
2024-08-15,4.9070,5.0030,4.8950,4.9490,130778042,646922400
2024-08-16,4.9470,4.9640,4.9160,4.9220,42983192,212140324
2024-08-19,4.9120,4.9890,4.9120,4.9320,61870150,306644738
2024-08-20,4.9320,4.9350,4.8320,4.8480,79832408,388582620
2024-08-21,4.8450,4.8580,4.8290,4.8380,30243880,146462915
2024-08-22,4.8390,4.8500,4.7660,4.7810,42242451,202996093
2024-08-23,4.7750,4.7960,4.7590,4.7800,62302249,297265446
2024-08-26,4.7820,4.8060,4.7660,4.7840,39458954,188771402
2024-08-27,4.7790,4.7790,4.7300,4.7380,70079152,332393095
2024-08-28,4.7210,4.7750,4.7210,4.7390,72899041,346035044
2024-08-29,4.7320,4.8290,4.7180,4.8060,93282088,447744966
2024-08-30,4.8000,4.9650,4.7910,4.8860,121952467,597483676
2024-09-02,4.8830,4.8860,4.7860,4.7880,114222935,551773342
2024-09-03,4.7870,4.8650,4.7830,4.8430,55178954,266789827
2024-09-04,4.8220,4.8740,4.7940,4.8250,70634517,341476836
2024-09-05,4.8260,4.8840,4.8260,4.8460,62775424,304558724
2024-09-06,4.8660,4.8680,4.7740,4.7810,77477356,372397721
2024-09-09,4.7650,4.7910,4.7280,4.7440,59416590,282736163
2024-09-10,4.7460,4.7750,4.6660,4.7510,66843618,315398889
2024-09-11,4.7390,4.7780,4.7180,4.7600,48753685,231630168
2024-09-12,4.7600,4.8190,4.7360,4.7420,61358122,292963712
2024-09-13,4.7420,4.7580,4.6900,4.6920,48455717,228874503
2024-09-18,4.6990,4.7210,4.6300,4.7090,53466109,250011999
2024-09-19,4.7200,4.8170,4.6740,4.7770,102650055,489002516
2024-09-20,4.7600,4.7650,4.7100,4.7440,63463211,300433025
2024-09-23,4.7400,4.7970,4.7180,4.7410,78595804,374091767
2024-09-24,4.7960,4.9600,4.7480,4.9600,144186859,699150322
2024-09-25,5.0100,5.1150,4.9790,4.9920,138168815,697822393
2024-09-26,4.9890,5.2390,4.9830,5.2360,197616441,1010608346
2024-09-27,5.4400,5.7600,5.2910,5.7560,380798237,2111249675
2024-09-30,6.0000,6.3320,5.7240,6.2170,365892873,2196007749
2024-10-08,6.8390,6.8390,6.2050,6.5100,317951667,2086837789
2024-10-09,6.3980,6.4150,5.9930,6.0570,224125940,1391335312
2024-10-10,6.0500,6.2040,5.9170,6.0000,193718965,1176793383
2024-10-11,5.9850,5.9850,5.6950,5.7760,220209534,1279128317
2024-10-14,5.7820,5.9300,5.7000,5.9000,164068359,955161953
2024-10-15,5.8730,5.9650,5.7590,5.7740,168157745,985972073
2024-10-16,5.6720,5.8530,5.6720,5.7490,104013512,599337983
2024-10-17,5.7800,5.8490,5.7060,5.7130,158633827,917166540
2024-10-18,5.7100,6.1450,5.7000,5.9600,229708799,1357443303
2024-10-21,5.9520,6.1120,5.9310,6.0160,157891385,951195540
2024-10-22,6.0080,6.0850,5.9720,6.0540,102058457,614988660
2024-10-23,6.0550,6.1820,6.0350,6.0850,112929963,689523485
2024-10-24,6.0500,6.0760,5.9980,6.0400,170763246,1029503471
2024-10-25,6.0720,6.1690,6.0270,6.1300,151870317,927508502
2024-10-28,6.1300,6.1980,6.0950,6.1940,102815204,633656145
2024-10-29,6.2010,6.2340,6.1180,6.1340,201482230,1245184643
2024-10-30,6.1200,6.1950,6.0860,6.1480,121273206,743451195
2024-10-31,6.1290,6.2680,6.1230,6.2280,167090209,1038069161
2024-11-01,6.2270,6.2500,6.1160,6.1590,104673441,648631208
2024-11-04,6.1500,6.2520,6.1440,6.2520,67958426,421191252
2024-11-05,6.2560,6.4710,6.2270,6.4410,254558883,1629883208
2024-11-06,6.4670,6.5400,6.4110,6.4610,140437891,910463150
2024-11-07,6.4020,6.5810,6.3920,6.5760,183063552,1187667972
2024-11-08,6.6700,6.6720,6.5380,6.5670,103041825,682175103
2024-11-11,6.4900,6.6670,6.4900,6.6620,74973757,495004204
2024-11-12,6.6620,6.7200,6.5370,6.5800,215261284,1430132396
2024-11-13,6.5560,6.6080,6.4880,6.5880,87169412,570394952
2024-11-14,6.5780,6.5780,6.3940,6.4080,135204542,873578101
2024-11-15,6.4030,6.4230,6.2450,6.2530,175214936,1109088568
2024-11-18,6.2500,6.2940,6.1080,6.1520,166877240,1036505662
2024-11-19,6.1510,6.2500,6.0910,6.2440,171189397,1058394140
2024-11-20,6.2380,6.3310,6.2100,6.3080,139368380,872729192
2024-11-21,6.2800,6.3230,6.2500,6.3010,69769871,438882472
2024-11-22,6.2940,6.2950,6.0550,6.0600,84160558,519631848
2024-11-25,6.0650,6.0850,5.9720,6.0430,104270815,628546633
2024-11-26,6.0370,6.0800,5.9910,6.0060,102767213,620359422
2024-11-27,5.9830,6.1210,5.9110,6.1200,144932133,870459834
2024-11-28,6.1110,6.1310,6.0480,6.0720,43758784,266734406
2024-11-29,6.0710,6.2220,6.0420,6.1590,65555379,402249568
2024-12-02,2.4610,2.4610,2.3050,2.3740,186740593,441752159
2024-12-03,2.3390,2.3800,2.3390,2.3710,209030403,493634552
2024-12-04,2.3700,2.3730,2.3360,2.3530,179614467,423009041
2024-12-05,2.3350,2.3680,2.3350,2.3560,101215155,238048932
2024-12-06,2.3560,2.4040,2.3450,2.3880,141200889,335458421
2024-12-09,2.3870,2.3970,2.3580,2.3760,115497419,274660078
2024-12-10,2.4540,2.4660,2.3930,2.3970,146145379,354362970
2024-12-11,2.3920,2.4170,2.3920,2.4130,242590275,584582446
2024-12-12,2.4150,2.4400,2.4040,2.4340,95276992,230866206
2024-12-13,2.4250,2.4250,2.3880,2.3960,155861093,373999918
2024-12-16,2.3960,2.3960,2.3510,2.3630,119211681,282092716
2024-12-17,2.3580,2.3660,2.3310,2.3350,105259300,246603161
2024-12-18,2.3390,2.3670,2.3350,2.3500,53728312,126355434
2024-12-19,2.3360,2.3650,2.3220,2.3600,73424824,172118201
2024-12-20,2.3580,2.3790,2.3510,2.3620,76172191,180234580
2024-12-23,2.3620,2.3680,2.3220,2.3260,117950396,276345289
2024-12-24,2.3190,2.3550,2.3190,2.3530,188377736,440682379
2024-12-25,2.3580,2.3580,2.3110,2.3330,167309831,389413221
2024-12-26,2.3300,2.3530,2.3240,2.3480,100393849,235427639
2024-12-27,2.3480,2.3870,2.3450,2.3520,127418149,300704731
2024-12-30,2.3520,2.3660,2.3400,2.3540,77267121,181959700
2024-12-31,2.3550,2.3570,2.2840,2.2850,190891383,440696214
2025-01-02,2.2850,2.2850,2.1920,2.2170,197309937,441065202
2025-01-03,2.2180,2.2260,2.1630,2.1680,281861479,619298962
2025-01-06,2.1660,2.1880,2.1500,2.1660,227864017,494004970
2025-01-07,2.1700,2.1900,2.1570,2.1890,115603711,251692584
2025-01-08,2.1820,2.1980,2.1240,2.1780,205669778,443977268
2025-01-09,2.1710,2.1930,2.1690,2.1790,164221748,358459475
2025-01-10,2.1710,2.1960,2.1440,2.1450,75200753,163057926
2025-01-13,2.1270,2.1660,2.1240,2.1500,70467481,150969550
2025-01-14,2.1560,2.2300,2.1450,2.2220,274323724,605756380
2025-01-15,2.2210,2.2210,2.1990,2.2060,112179068,247765458
2025-01-16,2.2070,2.2500,2.1970,2.2140,130480551,289851391
2025-01-17,2.2070,2.2450,2.2010,2.2290,98908234,220045613
2025-01-20,2.2380,2.2640,2.2330,2.2410,88475833,198978195
2025-01-21,2.2480,2.2540,2.2240,2.2450,99299831,222234968
2025-01-22,2.2350,2.2450,2.2200,2.2400,120780259,269718573
2025-01-23,2.2530,2.2840,2.2290,2.2320,176606000,399418010
2025-01-24,2.2250,2.2620,2.2200,2.2600,195979634,440892252
2025-01-27,2.2620,2.2670,2.2310,2.2310,197306600,442541788
2025-02-05,2.2460,2.2530,2.2300,2.2420,105702396,236909187
2025-02-06,2.2420,2.2980,2.2330,2.2920,194406636,443200947
2025-02-07,2.2920,2.3550,2.2900,2.3280,215598214,501383829
2025-02-10,2.3310,2.3550,2.3290,2.3480,164930234,386045300
2025-02-11,2.3480,2.3480,2.3240,2.3370,185699582,433910070
2025-02-12,2.3330,2.3730,2.3310,2.3720,114830085,269738707
2025-02-13,2.3720,2.3760,2.3490,2.3560,117911154,278687418
2025-02-14,2.3530,2.3820,2.3500,2.3770,146203458,346319706
2025-02-17,2.3850,2.3900,2.3550,2.3740,161521831,383328571
2025-02-18,2.3620,2.3740,2.3220,2.3350,104103503,244909600
2025-02-19,2.3260,2.3740,2.3260,2.3740,91675161,216119882
2025-02-20,2.3670,2.3880,2.3620,2.3770,140636788,334291413
2025-02-21,2.3820,2.4230,2.3710,2.4200,106009652,254573227
2025-02-24,2.4200,2.4230,2.3950,2.4160,194432264,469014300
2025-02-25,2.3870,2.4090,2.3750,2.3870,97439265,233244208
2025-02-26,2.3900,2.4190,2.3820,2.4180,127721203,306847772
2025-02-27,2.4160,2.4180,2.3710,2.4060,111391182,267044565
2025-02-28,2.3900,2.3960,2.3340,2.3380,111250700,262720644
2025-03-03,2.3460,2.3820,2.3340,2.3470,166340579,391457154
2025-03-04,2.3350,2.3730,2.3300,2.3700,102148582,241117651
2025-03-05,2.3690,2.3760,2.3470,2.3710,122315318,288593452
2025-03-06,2.3800,2.4240,2.3800,2.4120,111200990,267753030
2025-03-07,2.4030,2.4210,2.3900,2.3980,130148070,312921250
2025-03-10,2.3990,2.4080,2.3800,2.3970,224472780,536722118
2025-03-11,2.3760,2.4090,2.3720,2.4090,84684866,202760788
2025-03-12,2.4150,2.4350,2.4080,2.4110,85500775,206644734
2025-03-13,2.4080,2.4150,2.3730,2.3920,69532385,166292285
2025-03-14,2.3940,2.4360,2.3840,2.4340,186238757,451194749
2025-03-17,2.4450,2.4460,2.4310,2.4350,229513031,560088530
2025-03-18,2.4410,2.4610,2.4390,2.4490,111321306,272799824
2025-03-19,2.4400,2.4470,2.4250,2.4340,160239596,390192247
2025-03-20,2.4300,2.4380,2.4160,2.4190,145882890,354145022
2025-03-21,2.4130,2.4220,2.3720,2.3790,126454834,302507075
2025-03-24,2.3800,2.3880,2.3470,2.3780,101480135,240876334
2025-03-25,2.3790,2.3890,2.3640,2.3730,80648337,191500070
2025-03-26,2.3710,2.3890,2.3680,2.3740,271971152,646138777
2025-03-27,2.3690,2.3970,2.3480,2.3790,93590066,221580845
2025-03-28,2.3790,2.3840,2.3540,2.3620,159964858,378620457
2025-03-31,2.3540,2.3570,2.3130,2.3340,234947558,547848879
2025-04-01,2.3370,2.3660,2.3370,2.3510,154308887,363232861
2025-04-02,2.3490,2.3700,2.3460,2.3530,62416959,147241987
2025-04-03,2.3300,2.3590,2.3210,2.3300,117527661,274711346
2025-04-07,2.1950,2.2470,2.0970,2.0990,227670381,491724978
2025-04-08,2.1060,2.1420,2.0910,2.1240,201354179,426357519
2025-04-09,2.0980,2.1800,2.0520,2.1670,93979395,199800229
2025-04-10,2.1950,2.2400,2.1950,2.2110,78709882,174846774
2025-04-11,2.2000,2.2480,2.1980,2.2240,66205200,147212008
2025-04-14,2.2400,2.2580,2.2360,2.2420,113531004,254980269
2025-04-15,2.2420,2.2440,2.2210,2.2310,67910469,151379485
2025-04-16,2.2280,2.2300,2.1930,2.2180,143884490,318093016
2025-04-17,2.2120,2.2380,2.2040,2.2180,51605141,114892092
2025-04-18,2.2140,2.2270,2.2050,2.2170,120318500,266444702
2025-04-21,2.2140,2.2540,2.2050,2.2520,87104461,194857456
2025-04-22,2.2480,2.2540,2.2390,2.2440,48598604,109150080
2025-04-23,2.2480,2.2680,2.2390,2.2480,89793803,202477329
2025-04-24,2.2480,2.2550,2.2270,2.2410,36761929,82383507
2025-04-25,2.2420,2.2620,2.2330,2.2460,52422909,117775108
2025-04-28,2.2460,2.2470,2.2280,2.2330,68703933,153531970
2025-04-29,2.2270,2.2450,2.2220,2.2360,81280251,181697641
2025-04-30,2.2360,2.2530,2.2350,2.2490,67463513,151617519
2025-05-06,2.2540,2.2890,2.2540,2.2870,97926895,222970031
2025-05-07,2.3170,2.3320,2.2790,2.2920,124524508,285528805
2025-05-08,2.2890,2.3100,2.2860,2.3030,105279312,242509193
2025-05-09,2.3030,2.3050,2.2760,2.2840,258991678,593069760
2025-05-12,2.2940,2.3160,2.2900,2.3120,76533978,176296276
2025-05-13,2.3330,2.3330,2.3030,2.3060,92158633,213068879
2025-05-14,2.3060,2.3320,2.2960,2.3160,163217888,377211268
2025-05-15,2.3130,2.3130,2.2810,2.2860,107014300,245187449
2025-05-16,2.2800,2.2900,2.2770,2.2810,58270741,133065877
2025-05-19,2.2790,2.2890,2.2620,2.2860,75542759,171927644
2025-05-20,2.2840,2.3000,2.2770,2.2950,30165497,69041866
2025-05-21,2.2940,2.3020,2.2890,2.2990,45876018,105335633
2025-05-22,2.2950,2.3020,2.2780,2.2800,60247891,137736321
2025-05-23,2.2790,2.2960,2.2600,2.2600,69854313,159210673
2025-05-26,2.2540,2.2790,2.2540,2.2710,59950221,135919840
2025-05-27,2.2700,2.2700,2.2500,2.2600,41541608,93798089
2025-05-28,2.2580,2.2670,2.2500,2.2560,119795541,270193926
2025-05-29,2.2540,2.2930,2.2540,2.2890,111964796,255380609
2025-05-30,2.2800,2.2830,2.2660,2.2720,111485105,253362460
2025-06-03,2.2680,2.2890,2.2610,2.2780,63104196,143750242
2025-06-04,2.2800,2.3020,2.2790,2.2950,39473465,90563434
2025-06-05,2.2970,2.3150,2.2900,2.3100,118416512,272243881
2025-06-06,2.3100,2.3130,2.3040,2.3090,73162279,168779060
2025-06-09,2.3100,2.3380,2.3100,2.3280,73415719,170997228
2025-06-10,2.3280,2.3290,2.2920,2.3060,42867171,98907941
2025-06-11,2.3080,2.3370,2.3080,2.3240,69573878,161725367
2025-06-12,2.3170,2.3320,2.3120,2.3280,43227191,100459560
2025-06-13,2.3200,2.3270,2.3010,2.3080,209536957,484108701
2025-06-16,2.3070,2.3240,2.3010,2.3190,171714328,398072816
2025-06-17,2.3180,2.3240,2.3070,2.3120,143443343,331644636
2025-06-18,2.3110,2.3160,2.2980,2.3110,47138213,108769776
2025-06-19,2.3080,2.3140,2.2780,2.2850,42980300,98705612
2025-06-20,2.2830,2.2920,2.2710,2.2720,71223796,162115849
2025-06-23,2.2570,2.2900,2.2570,2.2860,57794002,131677796
2025-06-24,2.2860,2.3230,2.2860,2.3200,59165974,136969762
2025-06-25,2.3220,2.3660,2.3220,2.3610,108420965,254827425
2025-06-26,2.3580,2.3690,2.3520,2.3520,101105364,238741454
2025-06-27,2.3520,2.3810,2.3520,2.3620,114531213,271208026
2025-06-30,2.3620,2.3860,2.3620,2.3840,129381246,307683170
2025-07-01,2.3820,2.3920,2.3720,2.3900,110266166,262647926
2025-07-02,2.3920,2.3920,2.3660,2.3770,100985911,239735800
2025-07-03,2.3770,2.3890,2.3710,2.3860,151350175,359942766
2025-07-04,2.3850,2.4070,2.3730,2.3870,189663821,452628160
2025-07-07,2.3750,2.3860,2.3740,2.3790,84842412,201770709
2025-07-08,2.3780,2.4140,2.3770,2.4110,40876159,98094677
2025-07-09,2.4110,2.4160,2.3980,2.4020,40413614,97384620
2025-07-10,2.4040,2.4220,2.3970,2.4140,34500690,83061988
2025-07-11,2.4140,2.4490,2.4050,2.4350,147915103,360119073
2025-07-14,2.4370,2.4380,2.4280,2.4300,72336553,175955888
2025-07-15,2.4330,2.4430,2.4110,2.4300,71057146,172587907
2025-07-16,2.4290,2.4490,2.4200,2.4270,54344381,132260413
2025-07-17,2.4270,2.4580,2.4260,2.4580,93120628,227999911
2025-07-18,2.4590,2.4680,2.4520,2.4650,113800822,279942913
2025-07-21,2.4660,2.4880,2.4660,2.4870,106157880,263295720
2025-07-22,2.4860,2.5150,2.4840,2.5150,100823124,252031730
2025-07-23,2.5150,2.5300,2.5010,2.5070,100466679,252593133
2025-07-24,2.5020,2.5450,2.5020,2.5450,74322336,187816023
2025-07-25,2.5440,2.5500,2.5340,2.5430,170683197,434042229
2025-07-28,2.5420,2.5580,2.5320,2.5530,92475224,235706887
2025-07-29,2.5430,2.5690,2.5320,2.5690,133398874,340029339
2025-07-30,2.5650,2.5750,2.5350,2.5530,94136068,240980206
2025-07-31,2.5460,2.5540,2.5070,2.5170,170636954,432357267
2025-08-01,2.5100,2.5290,2.4970,2.5100,57908376,145697810
2025-08-04,2.5050,2.5370,2.4990,2.5370,54949584,138344330
2025-08-05,2.5340,2.5460,2.5340,2.5450,58026120,147362009
2025-08-06,2.5450,2.5720,2.5420,2.5700,70285418,179850670
2025-08-07,2.5750,2.5760,2.5450,2.5600,68341911,174860179
2025-08-08,2.5520,2.5670,2.5480,2.5560,35859625,91676621
2025-08-11,2.5550,2.5920,2.5550,2.5830,57683296,148741734
2025-08-12,2.5830,2.5970,2.5710,2.5930,86398111,223162844
2025-08-13,2.5960,2.6370,2.5960,2.6310,73122845,191167730
2025-08-14,2.6310,2.6360,2.5940,2.6010,64118761,167899297
2025-08-15,2.5980,2.6630,2.5950,2.6630,98623034,261056080
2025-08-18,2.6700,2.7170,2.6600,2.7000,142885068,385184366
2025-08-19,2.6990,2.7110,2.6820,2.6860,91219906,246049725
2025-08-20,2.6780,2.7280,2.6650,2.7280,125624842,338024521
2025-08-21,2.7280,2.7390,2.7000,2.7120,101607528,276128262
2025-08-22,2.7140,2.7630,2.7120,2.7620,255236222,700898589
2025-08-25,2.7760,2.8220,2.7740,2.8130,184097798,515251175
2025-08-26,2.8080,2.8370,2.7920,2.8140,148474553,418112612
2025-08-27,2.8140,2.8600,2.7740,2.7760,223111062,629210335
2025-08-28,2.7670,2.8380,2.7500,2.8380,278922266,780153181
2025-08-29,2.8540,2.8660,2.8240,2.8580,137172522,389923956
2025-09-01,2.8540,2.8830,2.8450,2.8750,98509866,282400057
2025-09-02,2.8760,2.8760,2.7930,2.8150,74678317,211316941
2025-09-03,2.8150,2.8300,2.7640,2.7830,88726424,248336331
2025-09-04,2.7820,2.7940,2.6760,2.7100,160082860,437671467
2025-09-05,2.7070,2.8030,2.7000,2.8000,115050959,316949846
2025-09-08,2.8130,2.8330,2.7860,2.8240,109668502,308077241
2025-09-09,2.8180,2.8320,2.7860,2.8000,58768680,165307922
2025-09-10,2.7990,2.8240,2.7810,2.8030,83589709,234379520
2025-09-11,2.7920,2.8910,2.7820,2.8910,159396278,455596034
2025-09-12,2.8910,2.9150,2.8750,2.8960,107524034,311312994
2025-09-15,2.8920,2.9020,2.8800,2.8860,133842905,386988473
2025-09-16,2.8840,2.9140,2.8620,2.9070,71634683,207258203
2025-09-17,2.9140,2.9440,2.8940,2.9440,105590172,308732527
2025-09-18,2.9400,2.9800,2.8780,2.9130,174423467,512367394
2025-09-19,2.9120,2.9280,2.8870,2.9030,96261688,280153828
2025-09-22,2.8990,2.9240,2.8880,2.9230,98412773,285918515
2025-09-23,2.9210,2.9310,2.8500,2.9060,188446863,543174726
2025-09-24,2.8830,2.9720,2.8830,2.9720,112319858,330865124
2025-09-25,2.9730,2.9890,2.9620,2.9700,109435917,325642623
2025-09-26,2.9660,2.9770,2.9310,2.9340,205195257,606923974
2025-09-29,2.9340,2.9900,2.9210,2.9800,125400894,371228772
2025-09-30,2.9820,3.0090,2.9820,3.0020,82266980,246690518
2025-10-09,3.0250,3.0680,3.0130,3.0600,225318787,687416625
2025-10-10,3.0410,3.0420,2.9860,2.9980,140400609,423114235
2025-10-13,2.9060,2.9940,2.8890,2.9830,210993625,622786019
2025-10-14,2.9960,3.0170,2.8950,2.9160,186834448,553235871
2025-10-15,2.9100,2.9550,2.8970,2.9530,107333440,314084695
2025-10-16,2.9450,2.9570,2.9170,2.9270,200464341,588803745
2025-10-17,2.9170,2.9380,2.8380,2.8440,207638867,596914847
2025-10-20,2.8590,2.8900,2.8480,2.8600,165855346,474313892
2025-10-21,2.8660,2.9140,2.8660,2.9060,160866657,466790057
2025-10-22,2.8980,2.8990,2.8730,2.8860,85197231,246002148
2025-10-23,2.8810,2.8990,2.8410,2.8930,98363486,281345408
2025-10-24,2.8990,2.9400,2.8980,2.9400,119232832,348422592
2025-10-27,2.9700,2.9930,2.9490,2.9850,106173040,316200045
2025-10-28,2.9700,2.9990,2.9590,2.9700,68273539,203366471
2025-10-29,2.9710,3.0310,2.9710,3.0310,63265663,190302617
2025-10-30,3.0280,3.0280,2.9860,2.9920,93327528,280470463
2025-10-31,2.9950,3.0120,2.9690,2.9690,88578831,264631402
2025-11-03,2.9690,2.9720,2.9210,2.9680,76190684,224324618
2025-11-04,2.9620,2.9660,2.9020,2.9240,96488554,283034783
2025-11-05,2.8810,2.9380,2.8800,2.9300,80157707,233029994
2025-11-06,2.9290,2.9800,2.9280,2.9790,57724722,170845039
2025-11-07,2.9580,2.9870,2.9480,2.9680,61367919,182266509
2025-11-10,2.9760,2.9950,2.9500,2.9730,68298693,202615203
2025-11-11,2.9800,2.9930,2.9480,2.9530,74865379,222319149
2025-11-12,2.9420,2.9610,2.9090,2.9370,60252513,176771353
2025-11-13,2.9300,2.9850,2.9300,2.9820,60835811,180492287
2025-11-14,2.9530,2.9680,2.9300,2.9300,69070905,203926910
2025-11-17,2.9350,2.9440,2.9180,2.9270,72181111,211453098
2025-11-18,2.9200,2.9280,2.8840,2.8990,117496357,341343981
2025-11-19,2.8980,2.9120,2.8730,2.8890,68229257,197226421
2025-11-20,2.9030,2.9150,2.8620,2.8650,59403570,171268042
2025-11-21,2.8230,2.8450,2.7650,2.7670,232784669,651053702
2025-11-24,2.7820,2.7990,2.7560,2.7870,115612730,321092798
2025-11-25,2.7990,2.8450,2.7990,2.8200,166246764,469012689
2025-11-26,2.8190,2.8460,2.8100,2.8250,84996472,240623687
2025-11-27,2.8250,2.8570,2.8100,2.8170,67790999,192168377
2025-11-28,2.8140,2.8490,2.8110,2.8460,74367724,210620809
2025-12-01,2.8510,2.8770,2.8490,2.8740,64993987,186302532
2025-12-02,2.8740,2.8740,2.8450,2.8510,63816102,182104948
2025-12-03,2.8510,2.8620,2.8270,2.8350,46726012,132974055
2025-12-04,2.8390,2.8550,2.8200,2.8450,56775911,161133383
2025-12-05,2.8450,2.8820,2.8210,2.8820,64259177,183519071
2025-12-08,2.8450,2.8780,2.8450,2.8670,78143765,223731018
2025-12-09,2.8650,2.8730,2.8410,2.8440,64927583,185510693
2025-12-10,2.8450,2.8670,2.8270,2.8600,82648977,235029096
2025-12-11,2.8640,2.8720,2.8370,2.8380,96024204,273981050
2025-12-12,2.8410,2.8820,2.8290,2.8720,343144958,983030417
2025-12-15,2.8640,2.8810,2.8520,2.8520,69943906,200290230
2025-12-16,2.8470,2.8510,2.7950,2.8120,158913641,447443900
2025-12-17,2.8120,2.8770,2.8050,2.8650,188956417,536298582
2025-12-18,2.8520,2.8790,2.8460,2.8500,148667300,426029290
2025-12-19,2.8660,2.8880,2.8530,2.8760,103154186,296603627
2025-12-22,2.8910,2.9190,2.8860,2.9080,108770765,316459111
2025-12-23,2.9100,2.9280,2.9000,2.9070,77263572,225030224
2025-12-24,2.9090,2.9570,2.9050,2.9500,116673906,342831689
2025-12-25,2.9510,2.9820,2.9410,2.9740,100372107,297708715
2025-12-26,2.9750,3.0040,2.9680,2.9910,205623447,615237342
2025-12-29,2.9860,3.0030,2.9730,2.9790,107723787,322135623
2025-12-30,2.9650,3.0080,2.9640,2.9930,85899818,256891544
2025-12-31,2.9940,3.0030,2.9810,2.9930,149308407,446923941
2026-01-05,3.0040,3.0750,3.0040,3.0750,109559445,334510678
2026-01-06,3.0820,3.1410,3.0720,3.1410,220820396,687314087
2026-01-07,3.1560,3.1770,3.1400,3.1570,129357448,408292815
2026-01-08,3.1520,3.1870,3.1470,3.1660,89052199,282058633
2026-01-09,3.1670,3.2450,3.1670,3.2400,188714138,607205191
2026-01-12,3.2600,3.3340,3.2480,3.3300,256777511,846823324
2026-01-13,3.3270,3.3270,3.2560,3.2710,191655796,630465756
2026-01-14,3.2770,3.3670,3.2570,3.3020,341811644,1131985687
2026-01-15,3.2800,3.3120,3.2630,3.2990,196234350,645010588
2026-01-16,3.3110,3.3200,3.2810,3.2980,147266717,485993376
2026-01-19,3.2760,3.3370,3.2760,3.3280,134517289,446764936
2026-01-20,3.3280,3.3490,3.2600,3.3090,140534697,463015615
2026-01-21,3.2860,3.3510,3.2800,3.3480,220432388,735072353
2026-01-22,3.3510,3.3740,3.3390,3.3670,174092294,584025003
2026-01-23,3.3770,3.4670,3.3750,3.4660,419474774,1441527502
2026-01-26,3.4630,3.4880,3.3870,3.4090,265817070,912980615
2026-01-27,3.3900,3.4450,3.3530,3.4320,280425316,956127714
2026-01-28,3.4280,3.4640,3.4150,3.4520,990603873,3390353358
2026-01-29,3.4400,3.4780,3.4070,3.4110,441350949,1520340080
2026-01-30,3.3850,3.4110,3.2710,3.3500,371162551,1239816968
2026-02-02,3.3030,3.3360,3.1990,3.2250,481432172,1571913887
2026-02-03,3.2360,3.3270,3.2270,3.3240,321659691,1054140520
2026-02-04,3.3180,3.3360,3.2770,3.3310,256433297,848263562
2026-02-05,3.3000,3.3150,3.2370,3.2670,223927833,731426799
2026-02-06,3.2140,3.3110,3.2110,3.2660,318576881,1041790854
2026-02-09,3.3120,3.3380,3.3010,3.3380,198594931,660035378
2026-02-10,3.3320,3.3410,3.3100,3.3300,119064666,396394435
2026-02-11,3.3250,3.3600,3.3210,3.3380,120408298,402826562
2026-02-12,3.3420,3.3880,3.3380,3.3800,134724964,454635000
2026-02-13,3.3610,3.3770,3.3220,3.3280,249625925,836037148
2026-02-24,3.3600,3.3900,3.3390,3.3630,112571331,379309539
2026-02-25,3.3730,3.4290,3.3650,3.4190,193687273,660383003
2026-02-26,3.4230,3.4400,3.4030,3.4290,154147024,526718343
2026-02-27,3.4060,3.4700,3.4010,3.4700,155136224,534745424
2026-03-02,3.4470,3.4840,3.4260,3.4710,265160321,917831424
2026-03-03,3.4660,3.4690,3.3150,3.3300,344974375,1168275159
2026-03-04,3.2900,3.3610,3.2800,3.3090,194540924,645838718
2026-03-05,3.3610,3.3610,3.3040,3.3350,147108400,490609027
2026-03-06,3.3110,3.3670,3.3100,3.3560,70375561,235299674
2026-03-09,3.3100,3.3340,3.2330,3.3190,210438673,691810076
2026-03-10,3.3460,3.3750,3.3370,3.3740,285718715,959758463
2026-03-11,3.3790,3.3860,3.3570,3.3700,140579658,474014809
2026-03-12,3.3650,3.3780,3.3240,3.3480,107683564,361039541
2026-03-13,3.3340,3.3590,3.2920,3.3070,131296648,436572807
2026-03-16,3.3010,3.3060,3.2310,3.2820,334092965,1093617459
2026-03-17,3.2870,3.2960,3.2150,3.2160,209432740,681655617
2026-03-18,3.2160,3.2490,3.1910,3.2450,346729710,1115215910
2026-03-19,3.1920,3.2450,3.1420,3.1580,274934431,873416908
2026-03-20,3.1600,3.1880,3.1080,3.1130,258408184,815409037
2026-03-23,3.0550,3.0940,2.9670,2.9840,281333237,850615838
2026-03-24,3.0230,3.0460,2.9610,3.0460,382062151,1146654557
2026-03-25,3.0620,3.1330,3.0610,3.1150,494931588,1538793729
2026-03-26,3.1090,3.1170,3.0550,3.0620,191520046,590881188
2026-03-27,3.0110,3.1220,3.0110,3.1010,192893607,594066100
2026-03-30,3.0520,3.1170,3.0500,3.1140,178797365,550205065
2026-03-31,3.0940,3.1260,3.0550,3.0550,260330000,803900343
2026-04-01,3.0950,3.1220,3.0810,3.1060,186198850,577163354
2026-04-02,3.0880,3.1060,3.0300,3.0500,172678916,529793848
2026-04-03,3.0520,3.0670,3.0160,3.0260,93928134,285674572
2026-04-07,3.0270,3.0620,3.0200,3.0330,178882271,544133473
2026-04-08,3.1040,3.1900,3.0940,3.1900,531565191,1671199807
2026-04-09,3.1580,3.1840,3.1430,3.1660,266130204,843176913
2026-04-10,3.1830,3.2390,3.1830,3.1940,179819672,578284373
2026-04-13,3.1700,3.2030,3.1650,3.1900,293050701,935516357
2026-04-14,3.2230,3.2450,3.2060,3.2450,229887325,741397762
2026-04-15,3.2650,3.2720,3.2160,3.2280,205110793,666438658
2026-04-16,3.2310,3.2860,3.2300,3.2800,200542938,655138617
2026-04-17,3.2710,3.3020,3.2640,3.2900,275017464,903134892
2026-04-20,3.2890,3.3360,3.2810,3.3170,263756167,875644199
2026-04-21,3.3200,3.3200,3.2800,3.3110,305465289,1008854601
2026-04-22,3.2910,3.3570,3.2910,3.3570,275971340,920699923
2026-04-23,3.3600,3.3660,3.2950,3.3300,372509196,1239193661
2026-04-24,3.3070,3.3300,3.2750,3.3030,289798708,955669057
2026-04-27,3.3030,3.3360,3.2920,3.3250,355018168,1179215839
2026-04-28,3.3180,3.3220,3.2770,3.2910,335692281,1107754052
2026-04-29,3.2800,3.3540,3.2750,3.3460,545017553,1809966666
2026-04-30,3.3340,3.3600,3.3260,3.3540,396508730,1324564347
2026-05-06,3.3720,3.4620,3.3720,3.4410,264596194,908073022
2026-05-07,3.4580,3.4880,3.4450,3.4850,272312636,942657678
2026-05-08,3.4580,3.4920,3.4530,3.4830,144481941,502422441
2026-05-11,3.4930,3.5550,3.4930,3.5350,284711444,1004872319
2026-05-12,3.5370,3.5470,3.5050,3.5240,294574728,1036786264
2026-05-13,3.4990,3.5840,3.4950,3.5770,187567941,663202033
2026-05-14,3.5880,3.5910,3.4830,3.4860,328935605,1163203415
2026-05-15,3.4770,3.4990,3.4010,3.4270,406654704,1401095703
2026-05-18,3.4050,3.4560,3.3940,3.4330,209338312,717248619
2026-05-19,3.4270,3.4610,3.3740,3.4600,208221128,710939761
2026-05-20,3.4360,3.4830,3.4290,3.4770,168028220,579214529
2026-05-21,3.4890,3.5310,3.3750,3.3830,246244527,855454170
2026-05-22,3.3970,3.4530,3.3810,3.4470,150997966,515492544
2026-05-25,3.4550,3.4960,3.4260,3.4890,153456923,530867468
2026-05-26,3.4850,3.4920,3.4250,3.4820,117805690,407195602
2026-05-27,3.4800,3.5070,3.4120,3.4350,139864785,484008273
2026-05-28,3.4160,3.4560,3.3820,3.4400,179938338,614931296
2026-05-29,3.4470,3.4570,3.3310,3.3530,196178485,662690316
2026-06-01,3.3490,3.3920,3.3220,3.3270,191737229,642843290
2026-06-02,3.3250,3.3710,3.2760,3.3440,150403790,500779464
2026-06-03,3.3310,3.4050,3.3310,3.3660,88069604,297185695
2026-06-04,3.3300,3.3750,3.3300,3.3630,128989358,432540148
2026-06-05,3.3430,3.3810,3.3060,3.3160,162989899,542928127
2026-06-08,3.2390,3.2740,3.1730,3.2080,274113341,888552152
2026-06-09,3.2300,3.2930,3.2040,3.2870,113224396,366785447
2026-06-10,3.2520,3.2760,3.2130,3.2500,117898865,382694517
2026-06-11,3.2220,3.2570,3.2060,3.2330,154728482,498949404
2026-06-12,3.2800,3.3300,3.2650,3.2780,100988176,332371547
2026-06-15,3.3300,3.3950,3.3060,3.3950,369847507,1238882429
2026-06-16,3.3950,3.4480,3.3850,3.4350,186626732,638752513
2026-06-17,3.4130,3.4870,3.4110,3.4860,132031008,456060205
2026-06-18,3.4670,3.5250,3.4590,3.5110,96411971,337568966
2026-06-22,3.5180,3.5830,3.4800,3.5820,146432243,516388334
2026-06-23,3.5780,3.5910,3.4830,3.5090,111668746,394897766
2026-06-24,3.4940,3.5770,3.4820,3.5760,211509498,749177585
2026-06-25,3.5740,3.6260,3.5340,3.6140,293811626,1058386530
2026-06-26,3.5880,3.6070,3.5000,3.5280,222738126,790148932
2026-06-29,3.5100,3.5730,3.4780,3.5650,111594887,393889296
2026-06-30,3.5450,3.6650,3.5450,3.6600,93091058,336686218
2026-07-01,3.6580,3.7000,3.6220,3.6540,91455009,335551677
2026-07-02,3.6000,3.6190,3.5040,3.5200,237452703,843934420
2026-07-03,3.5100,3.5840,3.4980,3.5400,185806775,659001504
2026-07-06,3.5460,3.5680,3.4710,3.5070,214914802,757791334
2026-07-07,3.4700,3.5090,3.4270,3.4500,122305098,423472846
2026-07-08,3.4500,3.4680,3.3820,3.4080,208263920,712773127
2026-07-09,3.4070,3.5080,3.3610,3.5040,392341858,1339485962
2026-07-10,3.5000,3.5550,3.4480,3.4550,236268894,832871880
2026-07-13,3.3910,3.4350,3.2890,3.3040,337139680,1125867988
2026-07-14,3.2870,3.3500,3.2300,3.3480,339430951,1118888731
2026-07-15,3.3460,3.3650,3.2870,3.3090,301999584,1000533031
2026-07-16,3.2400,3.3010,3.2020,3.2180,618980249,2010499495
2026-07-17,3.2050,3.2070,3.0260,3.0400,518268328,1604999013
2026-07-20,3.0770,3.0950,2.9280,3.0170,675418153,2032228252
2026-07-21,3.0130,3.1640,2.9470,3.1590,542251448,1664984525
2026-07-22,3.1320,3.1950,3.1120,3.1440,278571760,881278336
2026-07-23,3.1360,3.1620,3.1030,3.1300,118781144,372094531
2026-07-24,3.0900,3.1230,3.0550,3.0560,309652266,954199607
2026-07-27,3.0520,3.1410,3.0320,3.1340,238594212,736168571
2026-07-28,3.0860,3.1000,3.0100,3.0250,288766486,884369953
2026-07-29,3.0190,3.0790,2.9780,3.0550,284036446,859444050
2026-07-30,3.0390,3.0630,2.9280,2.9710,297534984,889048144
2026-07-31,3.0520,3.1090,3.0400,3.0470,377179484,1158054589
2026-08-03,3.0260,3.0480,3.0080,3.0100,132143073,399712702
2026-08-04,3.0220,3.1090,3.0220,3.0890,176733406,542265116
2026-08-05,3.0580,3.1870,3.0580,3.1700,246173211,775032643
2026-08-06,3.1410,3.1930,3.1320,3.1710,190734105,603582470
2026-08-07,3.1640,3.2430,3.1520,3.2380,101910132,326392388
2026-08-10,3.2420,3.2600,3.2140,3.2550,152613346,494865237
2026-08-11,3.2330,3.2820,3.2290,3.2370,106552913,346527992
2026-08-12,3.2300,3.2800,3.2300,3.2680,53896250,175811571
2026-08-13,3.2850,3.3060,3.2350,3.2400,97112781,318833957
2026-08-14,3.2410,3.2540,3.2080,3.2480,84951371,274992438
2026-08-17,3.2430,3.3280,3.2430,3.3270,102265523,336340423
2026-08-18,3.3260,3.3350,3.2770,3.3160,97920493,324054354
2026-08-19,3.2630,3.2760,3.1560,3.1640,140329436,449897354
2026-08-20,3.1880,3.2190,3.1710,3.1900,129681193,414271622
2026-08-21,3.1740,3.2050,3.1530,3.1940,109523423,348578379
2026-08-24,3.1880,3.1960,3.0970,3.1420,140305243,441886133
2026-08-25,3.1010,3.1570,3.0820,3.1420,185422550,578088759
2026-08-26,3.1420,3.1900,3.1280,3.1620,184637650,583848181
2026-08-27,3.1630,3.2360,3.1580,3.2340,109643005,351672291
2026-08-28,3.2340,3.2470,3.2100,3.2140,96279750,310754003
2026-08-31,3.1750,3.2360,3.1550,3.2330,118545639,378077440
2026-09-01,3.2280,3.2310,3.1920,3.1960,154105054,493928913
2026-09-02,3.1650,3.1650,3.1240,3.1400,153906886,483607148
2026-09-03,3.1580,3.1760,3.1260,3.1580,111474935,351740462
2026-09-04,3.1800,3.1960,3.0940,3.1120,235993508,741203854
2026-09-07,3.1170,3.1740,3.1170,3.1550,131497853,413987767
2026-09-08,3.1550,3.1880,3.1450,3.1620,110274953,348914837
2026-09-09,3.1650,3.1820,3.1400,3.1540,74376565,235088276
2026-09-10,3.1380,3.1600,3.1270,3.1390,96708050,303662111
2026-09-11,3.1080,3.1110,3.0300,3.0850,198857605,610019534
2026-09-14,3.0500,3.0960,3.0410,3.0790,89129488,273577393
2026-09-15,3.0680,3.1100,3.0680,3.0790,112731085,347428669
2026-09-16,3.0740,3.1350,3.0600,3.1250,235966850,732835565
2026-09-17,3.1100,3.1520,3.0990,3.1170,227502195,709513423
2026-09-18,3.1380,3.1850,3.1360,3.1750,120683538,381819060
2026-09-21,3.1800,3.2060,3.1770,3.1930,104089931,332143847
2026-09-22,3.2100,3.2280,3.1790,3.1840,195226609,625539994
