代码,名称,最新价,涨跌额,涨跌幅,买入,卖出,昨收,今开,最高,最低,成交量,成交额
sz159998,计算机ETF天弘,0.962,0.013,1.37,0.962,0.963,0.949,0.962,0.972,0.96,78671800,75972475
sz159997,电子ETF天弘,2.135,0.01,0.471,2.134,2.135,2.125,2.161,2.186,2.126,34528005,74946184
sz159996,家电ETF国泰,1.418,0.013,0.925,1.418,1.419,1.405,1.404,1.425,1.404,30869600,43819277
sz159995,芯片ETF华夏,1.167,0.01,0.864,1.166,1.167,1.157,1.188,1.198,1.159,651820351,770658632
sz159994,通信ETF银华,1.321,-0.005,-0.377,1.321,1.322,1.326,1.35,1.357,1.316,181437885,242902796
sz159993,证券ETF鹏华,1.153,0.0,0.0,1.153,1.154,1.153,1.155,1.162,1.152,42769907,49450579
sz159992,创新药ETF银华,0.867,-0.002,-0.23,0.866,0.867,0.869,0.867,0.879,0.86,795125601,689723558
sz159991,创业板大盘ETF招商,0.814,0.002,0.246,0.814,0.815,0.812,0.82,0.831,0.81,5154981,4233887
sz159985,豆粕ETF华夏,2.323,0.029,1.264,2.322,2.323,2.294,2.305,2.325,2.3,265904477,614813721
sz159982,中证500ETF鹏华,2.112,-0.007,-0.33,2.108,2.123,2.119,2.129,2.139,2.107,5509100,11701829
sz159981,能源化工ETF建信,1.743,-0.005,-0.286,1.742,1.743,1.748,1.717,1.755,1.717,448944500,780686123
sz159980,有色ETF大成,2.181,0.012,0.553,2.18,2.181,2.169,2.175,2.192,2.175,210042477,458976772
sz159977,创业板ETF天弘,1.774,0.002,0.113,1.773,1.774,1.772,1.794,1.812,1.767,161489306,289843141
sz159976,湾创ETF工银,1.291,0.013,1.017,1.291,1.293,1.278,1.283,1.299,1.283,157100,203148
sz159975,深100ETF招商,0.738,0.001,0.136,0.738,0.741,0.737,0.741,0.749,0.738,4574200,3395622
sz159974,央企创新ETF富国,1.785,-0.006,-0.335,1.784,1.785,1.791,1.804,1.804,1.785,220500,394839
sz159973,民企ETF弘毅远方,1.866,0.006,0.323,1.859,1.873,1.86,1.867,1.891,1.854,175900,331957
sz159972,5年地方债ETF鹏华,119.791,0.038,0.032,119.788,119.791,119.753,119.76,119.791,119.76,19488100,2334374498
sz159971,创业板ETF富国,1.189,0.001,0.084,1.189,1.19,1.188,1.2,1.215,1.185,76893320,92412999
sz159970,深100ETF工银,1.007,0.002,0.199,1.003,1.011,1.005,1.015,1.021,1.0,313300,319606
sz159968,中证500ETF博时,10.305,-0.006,-0.058,10.264,10.31,10.311,10.414,10.517,10.28,653871,6791226
sz159967,创业板成长ETF华夏,0.797,-0.002,-0.25,0.797,0.798,0.799,0.811,0.819,0.793,741387874,598825909
sz159966,创业板价值ETF华夏,0.521,0.001,0.192,0.52,0.521,0.52,0.523,0.53,0.52,14072434,7390495
sz159965,央视50ETF国联,1.625,0.01,0.619,1.624,1.626,1.615,1.619,1.627,1.616,57300,93018
sz159964,创业板ETF平安,2.238,0.001,0.045,2.236,2.238,2.237,2.259,2.285,2.23,2128300,4805851
sz159961,深100ETF方正富邦,2.164,0.009,0.418,2.155,2.173,2.155,2.134,2.192,2.134,2966500,6451282
sz159960,恒生中国企业ETF平安,0.839,0.003,0.359,0.838,0.84,0.836,0.837,0.844,0.837,2907300,2444073
sz159959,央企ETF银华,1.638,-0.015,-0.907,1.636,1.649,1.653,1.655,1.655,1.638,215000,352957
sz159958,创业板ETF工银,2.068,0.001,0.048,2.068,2.071,2.067,2.083,2.112,2.061,8520988,17822918
sz159957,创业板ETF华夏,2.241,0.003,0.134,2.241,2.242,2.238,2.275,2.289,2.233,63786299,144495442
sz159956,创业板ETF建信,2.165,0.002,0.092,2.161,2.174,2.163,2.184,2.211,2.159,2800009,6105188
sz159954,恒生中国企业ETF南方,0.91,0.004,0.442,0.908,0.91,0.906,0.906,0.914,0.906,816100,743398
sz159952,创业板ETF广发,2.076,0.0,0.0,2.075,2.076,2.076,2.098,2.12,2.068,342057206,716306573
sz159949,创业板50ETF华安,1.592,0.001,0.063,1.592,1.593,1.591,1.614,1.63,1.585,970572735,1562490528
sz159948,创业板ETF南方,3.777,0.004,0.106,3.777,3.779,3.773,3.808,3.857,3.763,20395700,77706790
sz159945,能源ETF广发,1.38,0.001,0.073,1.378,1.38,1.379,1.369,1.38,1.356,3171300,4357258
sz159944,材料ETF广发,1.449,-0.002,-0.138,1.444,1.45,1.451,1.468,1.468,1.446,2111700,3065910
sz159943,深证成指ETF大成,1.522,-0.001,-0.066,1.521,1.522,1.523,1.53,1.542,1.517,17491800,26808629
sz159941,纳指ETF广发,1.714,0.027,1.6,1.714,1.715,1.687,1.704,1.723,1.701,767280999,1315862666
sz159940,金融地产ETF广发,1.226,-0.001,-0.081,1.222,1.228,1.227,1.227,1.228,1.22,2903000,3553524
sz159939,信息技术ETF广发,1.128,0.003,0.267,1.128,1.129,1.125,1.139,1.152,1.122,21819100,24849079
sz159938,医药ETF广发,0.653,-0.002,-0.305,0.653,0.654,0.655,0.653,0.66,0.649,52100334,34042890
sz159937,黄金ETF博时,8.838,-0.069,-0.775,8.838,8.839,8.907,8.907,8.92,8.835,114401802,1015331553
sz159936,可选消费ETF广发,1.883,0.006,0.32,1.883,1.892,1.877,1.895,1.895,1.879,327800,618628
sz159935,中证500ETF景顺,2.472,-0.001,-0.04,2.466,2.482,2.473,2.481,2.5,2.466,1586200,3943258
sz159934,黄金ETF易方达,9.257,-0.068,-0.729,9.256,9.257,9.325,9.326,9.339,9.252,93956146,873236967
sz159933,金融地产ETF国投瑞银,2.932,0.008,0.274,2.92,2.944,2.924,2.902,2.957,2.902,805400,2353232
sz159931,金融地产ETF汇添富,1.885,0.004,0.213,1.877,1.88,1.881,1.88,1.885,1.872,51300,96301
sz159930,能源ETF汇添富,1.717,0.003,0.175,1.717,1.718,1.714,1.704,1.717,1.688,40162000,68456327
sz159929,医药ETF汇添富,1.335,-0.002,-0.15,1.334,1.335,1.337,1.337,1.348,1.327,38282216,51110088
sz159928,消费ETF汇添富,0.658,0.0,0.0,0.657,0.658,0.658,0.657,0.66,0.654,255946400,168247531
sz159925,沪深300ETF南方,4.699,0.013,0.277,4.699,4.7,4.686,4.7,4.738,4.69,18334387,86393994
sz159923,中证A100ETF大成,2.122,0.003,0.142,2.12,2.13,2.119,2.124,2.144,2.121,519800,1111469
sz159922,中证500ETF嘉实,3.184,-0.009,-0.282,3.184,3.187,3.193,3.21,3.228,3.179,195226609,625539994
sz159920,恒生ETF华夏,1.473,0.011,0.752,1.472,1.473,1.462,1.473,1.48,1.467,182886413,269309970
sz159919,沪深300ETF嘉实,4.821,0.011,0.229,4.82,4.821,4.81,4.858,4.863,4.816,228979234,1106614243
sz159918,中创400ETF嘉实,2.498,-0.005,-0.2,2.498,2.508,2.503,2.502,2.553,2.498,646300,1624690
sz159916,基本面ETF建信,5.047,0.038,0.759,5.034,5.047,5.009,5.025,5.05,5.025,1400,7060
sz159915,创业板ETF易方达,3.42,0.002,0.059,3.42,3.421,3.418,3.463,3.493,3.407,1716201775,5932490779
sz159913,深价值ETF交银,2.395,-0.015,-0.622,2.383,2.395,2.41,2.4,2.403,2.382,379000,908633
sz159912,深300ETF汇添富,1.89,0.0,0.0,1.89,1.895,1.89,1.901,2.079,1.887,480100,922999
sz159910,基本面120ETF嘉实,2.318,0.008,0.346,2.31,2.327,2.31,2.315,2.325,2.315,593200,1375136
sz159909,TMT50ETF招商,1.338,0.001,0.075,1.338,1.343,1.337,1.351,1.369,1.332,8590200,11676410
sz159908,创业板ETF博时,3.191,0.004,0.126,3.19,3.191,3.187,3.22,3.259,3.181,9705100,31236620
sz159907,国证2000ETF广发,1.105,0.007,0.638,1.1,1.106,1.098,1.116,1.116,1.097,6957100,7682919
sz159906,深成长ETF大成,1.678,-0.008,-0.474,1.68,1.681,1.686,1.699,1.721,1.673,7468912,12672065
sz159905,红利ETF工银,1.594,0.009,0.568,1.593,1.594,1.585,1.584,1.6,1.584,12873400,20537345
sz159903,深成ETF南方,1.681,0.0,0.0,1.681,1.682,1.681,1.689,1.703,1.676,37480200,63449333
sz159902,中小100ETF华夏,4.519,-0.011,-0.243,4.519,4.534,4.53,4.551,4.589,4.519,868300,3961917
sz159901,深证100ETF易方达,3.52,0.005,0.142,3.52,3.521,3.515,3.532,3.57,3.506,76914546,272495244
sz159899,软件ETF招商,0.711,0.013,1.862,0.711,0.712,0.698,0.704,0.718,0.704,160061800,114141700
sz159898,医疗器械ETF招商,0.498,0.005,1.014,0.498,0.499,0.493,0.495,0.502,0.495,30292300,15103061
sz159896,物联网ETF南方,1.29,0.009,0.703,1.288,1.295,1.281,1.303,1.313,1.29,300693,390734
sz159895,物联网ETF易方达,1.392,0.012,0.87,1.392,1.398,1.38,1.38,1.415,1.38,1235500,1734797
sz159892,恒生医药ETF华夏,0.833,-0.005,-0.597,0.832,0.833,0.838,0.838,0.845,0.827,948957231,792204183
sz159891,医疗ETF建信,0.385,0.001,0.26,0.385,0.386,0.384,0.383,0.388,0.382,26981000,10389369
sz159890,云计算ETF招商,1.724,0.032,1.891,1.722,1.724,1.692,1.722,1.742,1.7,12217300,21124232
sz159889,智能汽车ETF国泰,0.889,0.008,0.908,0.889,0.892,0.881,0.886,0.895,0.886,2921800,2599931
sz159888,智能汽车ETF华夏,1.027,0.007,0.686,1.027,1.028,1.02,1.03,1.037,1.025,10822100,11166043
sz159887,银行ETF富国,1.373,-0.002,-0.145,1.372,1.373,1.375,1.365,1.374,1.361,47931300,65559639
sz159886,机械ETF富国,0.84,-0.001,-0.119,0.84,0.843,0.841,0.846,0.849,0.839,3844900,3246919
sz159885,碳中和ETF鹏华,0.669,0.001,0.15,0.667,0.67,0.668,0.668,0.674,0.668,565750,378870
sz159883,医疗器械ETF永赢,0.445,0.004,0.907,0.444,0.445,0.441,0.443,0.448,0.441,213926842,95166564
sz159881,有色金属ETF国泰,0.881,0.001,0.114,0.881,0.883,0.88,0.88,0.889,0.878,12953700,11442190
sz159880,有色ETF鹏华,0.925,0.002,0.217,0.925,0.926,0.923,0.921,0.934,0.921,20665330,19174505
sz159877,医疗ETF南方,0.515,0.004,0.783,0.515,0.516,0.511,0.511,0.519,0.511,3746600,1932669
sz159876,有色ETF华宝,0.939,0.001,0.107,0.939,0.94,0.938,0.938,0.948,0.936,68393702,64474967
sz159875,新能源ETF嘉实,0.554,-0.001,-0.18,0.553,0.554,0.555,0.558,0.561,0.552,73937900,41156815
sz159873,医疗设备ETF天弘,0.529,0.002,0.38,0.529,0.53,0.527,0.526,0.535,0.526,17956900,9529257
sz159872,智能网联汽车ETF鹏华,0.836,0.006,0.723,0.836,0.838,0.83,0.832,0.84,0.832,653300,546331
sz159871,有色ETF银华,0.921,0.001,0.109,0.921,0.922,0.92,0.917,0.93,0.917,49583706,45729461
sz159870,化工ETF鹏华,0.772,-0.007,-0.899,0.772,0.773,0.779,0.781,0.782,0.771,263911329,204625952
sz159869,游戏ETF华夏,1.096,0.008,0.735,1.095,1.096,1.088,1.093,1.104,1.088,396461641,434423653
sz159867,养殖ETF鹏华,0.549,-0.004,-0.723,0.548,0.549,0.553,0.552,0.553,0.545,45345710,24858314
sz159866,日经ETF工银,1.695,0.023,1.376,1.695,1.696,1.672,1.699,1.705,1.692,134043100,227802783
sz159865,养殖ETF国泰,0.539,-0.004,-0.737,0.538,0.539,0.543,0.544,0.544,0.535,329625486,177406824
sz159864,光伏ETF国泰,0.537,0.0,0.0,0.536,0.537,0.537,0.539,0.543,0.534,19703700,10618406
sz159863,光伏ETF鹏华,0.549,-0.002,-0.363,0.548,0.549,0.551,0.553,0.557,0.547,4295437,2372687
sz159862,食品饮料ETF银华,0.538,0.001,0.186,0.538,0.539,0.537,0.537,0.54,0.535,1253000,673947
sz159861,碳中和50ETF国泰,0.978,-0.003,-0.306,0.978,0.983,0.981,0.989,0.989,0.978,3006300,2950886
sz159859,生物医药ETF天弘,0.404,-0.002,-0.493,0.403,0.404,0.406,0.405,0.411,0.402,399416032,161701111
sz159858,创新药ETF南方,0.701,-0.002,-0.284,0.7,0.701,0.703,0.703,0.712,0.695,58689800,41194961
sz159857,光伏ETF天弘,0.699,-0.002,-0.285,0.699,0.7,0.701,0.704,0.71,0.697,60533180,42580181
sz159856,互联网龙头ETF工银,0.566,0.005,0.891,0.566,0.567,0.561,0.563,0.575,0.563,2951600,1677062
sz159855,影视ETF银华,0.783,0.008,1.032,0.783,0.784,0.775,0.771,0.789,0.771,19496900,15216224
sz159852,软件ETF嘉实,0.674,0.009,1.353,0.674,0.675,0.665,0.671,0.682,0.671,718894012,485825417
sz159851,金融科技ETF华宝,0.617,0.002,0.325,0.616,0.617,0.615,0.618,0.622,0.614,521776400,322171010
sz159850,恒生国企ETF华夏,0.804,0.002,0.249,0.804,0.805,0.802,0.803,0.81,0.803,6168701,4973835
sz159849,生物科技ETF招商,0.516,-0.002,-0.386,0.515,0.517,0.518,0.513,0.523,0.513,4440402,2297782
sz159848,证券ETF国联安,0.854,0.001,0.117,0.854,0.855,0.853,0.853,0.859,0.851,1782800,1525306
sz159847,医疗ETF易方达,0.417,-0.001,-0.239,0.417,0.418,0.418,0.417,0.423,0.415,43200800,18072270
sz159845,中证1000ETF华夏,3.227,-0.006,-0.186,3.227,3.23,3.233,3.262,3.276,3.224,598629693,1946272019
sz159843,食品饮料ETF招商,0.534,0.003,0.565,0.533,0.534,0.531,0.531,0.535,0.53,6966200,3712046
sz159842,券商ETF银华,1.018,0.001,0.098,1.018,1.019,1.017,1.019,1.026,1.015,199806907,204021244
sz159841,证券ETF天弘,0.969,0.001,0.103,0.969,0.97,0.968,0.97,0.977,0.967,196744138,191159871
sz159840,锂电池ETF工银,0.713,0.002,0.281,0.713,0.714,0.711,0.713,0.721,0.712,108059678,77401352
sz159839,生物医药ETF汇添富,0.376,-0.002,-0.529,0.375,0.376,0.378,0.377,0.382,0.374,120868600,45520432
sz159838,医药50ETF博时,0.587,-0.001,-0.17,0.586,0.587,0.588,0.584,0.592,0.583,6216900,3641696
sz159837,生物科技ETF易方达,0.512,-0.001,-0.195,0.511,0.512,0.513,0.513,0.519,0.509,76155401,39038245
sz159836,创业板300ETF天弘,1.264,0.005,0.397,1.263,1.264,1.259,1.269,1.285,1.26,1430400,1817227
sz159835,创新药ETF建信,0.672,-0.002,-0.297,0.671,0.672,0.674,0.672,0.682,0.667,24983900,16805058
sz159834,金ETF南方,9.257,-0.073,-0.782,9.255,9.257,9.33,9.345,9.345,9.254,20223200,188059351
sz159831,金ETF嘉实,8.945,-0.07,-0.776,8.944,8.945,9.015,9.025,9.028,8.94,13908700,125111776
sz159830,金ETF天弘,9.254,-0.071,-0.761,9.258,9.259,9.325,9.326,9.338,9.25,10308000,95808413
sz159828,医疗ETF国泰,0.433,-0.001,-0.23,0.433,0.434,0.434,0.434,0.439,0.431,98663400,42889900
sz159827,农业ETF银华,0.794,-0.004,-0.501,0.792,0.794,0.798,0.796,0.796,0.783,1155800,915215
sz159825,农业ETF富国,0.736,-0.005,-0.675,0.735,0.736,0.741,0.736,0.741,0.732,95780534,70453794
sz159824,新能源车ETF博时,1.018,0.008,0.792,1.016,1.018,1.01,1.015,1.023,1.015,3843500,3920087
sz159822,新经济ETF银华,0.578,0.001,0.173,0.577,0.578,0.577,0.58,0.585,0.577,7160715,4168721
sz159821,创业板ETF中银证券,1.281,0.001,0.078,1.275,1.281,1.28,1.291,1.308,1.277,2052700,2655827
sz159820,中证500ETF天弘,1.363,-0.005,-0.365,1.362,1.363,1.368,1.38,1.382,1.361,5310900,7280973
sz159819,人工智能ETF易方达,1.809,0.029,1.629,1.808,1.809,1.78,1.83,1.845,1.802,297132579,542356058
sz159816,0-4年地方债ETF鹏华,114.05,0.03,0.026,114.047,114.05,114.02,114.029,114.056,114.017,23010200,2624098684
sz159814,创业大盘ETF西部利得,0.712,-0.001,-0.14,0.712,0.713,0.713,0.72,0.728,0.709,41071200,29491114
sz159813,半导体ETF鹏华,0.747,0.006,0.81,0.747,0.748,0.741,0.76,0.767,0.742,396857680,300393783
sz159812,黄金ETF前海开源,8.823,-0.067,-0.754,8.832,8.837,8.89,8.89,8.906,8.82,4976500,44045147
sz159811,5GETF博时,3.099,-0.011,-0.354,3.099,3.1,3.11,3.185,3.185,3.086,6169800,19330686
sz159810,创业板ETF浦银,1.37,0.0,0.0,1.37,1.375,1.37,1.396,1.397,1.366,2739000,3785909
sz159808,创100ETF融通,1.322,0.0,0.0,1.32,1.333,1.322,1.335,1.348,1.317,825100,1103279
sz159807,科技ETF易方达,0.912,0.008,0.885,0.911,0.912,0.904,0.916,0.928,0.908,45405726,41810806
sz159806,新能源车ETF国泰,0.663,0.003,0.455,0.662,0.663,0.66,0.661,0.668,0.661,16452232,10959085
sz159805,传媒ETF鹏华,1.172,0.019,1.648,1.171,1.172,1.153,1.155,1.181,1.154,41719400,48738423
sz159804,创中盘88ETF国寿,1.65,0.004,0.243,1.65,1.653,1.646,1.64,1.67,1.64,151200,250821
sz159801,芯片ETF广发,1.159,0.011,0.958,1.158,1.159,1.148,1.177,1.189,1.151,143124682,168007307
sz159800,中证800ETF鹏华,1.412,-0.002,-0.141,1.41,1.418,1.414,1.413,1.423,1.412,194700,275707
sz159798,消费ETF易方达,0.843,0.005,0.597,0.842,0.843,0.838,0.837,0.843,0.834,10576500,8887195
sz159797,医疗器械ETF汇添富,0.681,0.007,1.039,0.68,0.681,0.674,0.678,0.687,0.674,4269400,2906747
sz159796,电池ETF汇添富,0.791,0.0,0.0,0.79,0.791,0.791,0.792,0.801,0.788,281485000,223543856
sz159795,智能汽车ETF汇添富,0.874,0.005,0.575,0.873,0.876,0.869,0.875,0.884,0.873,882500,775966
sz159793,线上消费ETF平安,0.765,0.009,1.19,0.765,0.767,0.756,0.761,0.777,0.761,1267500,974398
sz159792,港股通互联网ETF富国,0.552,0.007,1.284,0.552,0.553,0.545,0.552,0.563,0.55,4967451003,2766305308
sz159791,300ESGETF华夏,1.088,0.001,0.092,1.088,1.092,1.087,1.092,1.097,1.088,604400,661495
sz159790,碳中和ETF华夏,0.661,0.002,0.303,0.66,0.661,0.659,0.661,0.665,0.659,17386600,11520371
sz159788,港股通100ETF易方达,1.206,0.007,0.584,1.206,1.207,1.199,1.2,1.212,1.2,3162500,3815979
sz159787,建材ETF易方达,0.583,-0.005,-0.85,0.582,0.584,0.588,0.588,0.588,0.581,1774800,1036980
sz159786,VRETF银华,1.169,0.009,0.776,1.164,1.169,1.16,1.176,1.184,1.16,6532800,7658270
sz159783,科创创业50ETF华夏,1.084,0.003,0.278,1.084,1.085,1.081,1.101,1.115,1.079,154731407,170144681
sz159782,双创50ETF银华,1.082,0.002,0.185,1.082,1.083,1.08,1.099,1.112,1.078,30983600,33986701
sz159781,科创创业ETF易方达,1.079,0.004,0.372,1.078,1.079,1.075,1.095,1.108,1.072,444302188,484681336
sz159780,科创创业50ETF南方,1.08,0.002,0.186,1.08,1.081,1.078,1.096,1.11,1.075,128461406,140154539
sz159779,消费电子ETF招商,1.492,0.013,0.879,1.492,1.493,1.479,1.508,1.527,1.486,7170800,10781795
sz159778,工业互联网ETF鹏华,1.189,0.013,1.105,1.184,1.194,1.176,1.197,1.205,1.186,1411500,1687403
sz159777,创科技ETF国联安,1.208,-0.005,-0.412,1.208,1.215,1.213,1.213,1.235,1.207,1276200,1554865
sz159776,港股医药ETF银华,1.241,-0.007,-0.561,1.239,1.241,1.248,1.252,1.259,1.234,21299900,26513779
sz159775,电池ETF建信,0.732,0.003,0.412,0.732,0.733,0.729,0.727,0.74,0.727,26821600,19751526
sz159773,创业板科技ETF华泰柏瑞,1.294,-0.001,-0.077,1.294,1.299,1.295,1.307,1.321,1.291,4619500,6044036
sz159770,机器人ETF天弘,0.97,0.002,0.207,0.969,0.97,0.968,0.975,0.983,0.966,90785500,88535628
sz159768,房地产ETF银华,0.464,0.001,0.216,0.463,0.464,0.463,0.458,0.468,0.455,153025100,70599265
sz159767,电池龙头ETF兴银,0.719,0.004,0.559,0.717,0.72,0.715,0.715,0.725,0.715,3643000,2629681
sz159766,旅游ETF富国,0.553,-0.005,-0.896,0.553,0.554,0.558,0.557,0.558,0.551,350500472,194135393
sz159763,新材料ETF建信,0.71,-0.001,-0.141,0.709,0.71,0.711,0.711,0.72,0.707,6897601,4918357
sz159761,新材料ETF国泰,0.786,0.002,0.255,0.785,0.786,0.784,0.788,0.797,0.782,6777100,5349225
sz159760,医疗健康ETF泰康,0.587,0.001,0.171,0.586,0.587,0.586,0.574,0.59,0.574,2240700,1312055
sz159758,红利质量ETF华夏,1.107,0.005,0.454,1.106,1.107,1.102,1.099,1.112,1.099,41867817,46333894
sz159757,电池ETF景顺,0.735,0.004,0.547,0.735,0.736,0.731,0.732,0.744,0.732,12405900,9175394
sz159755,电池ETF广发,0.883,0.004,0.455,0.883,0.884,0.879,0.882,0.891,0.88,255366676,226285389
sz159752,新能源ETF申万菱信,0.559,-0.001,-0.179,0.559,0.56,0.56,0.563,0.567,0.556,10990900,6168868
sz159751,港股通科技ETF鹏华,0.866,0.004,0.464,0.865,0.866,0.862,0.873,0.881,0.864,33713857,29436891
sz159750,港股科技50ETF招商,0.835,0.003,0.361,0.834,0.835,0.832,0.84,0.85,0.834,57266000,48308290
sz159748,创新药ETF富国,0.868,-0.002,-0.23,0.868,0.869,0.87,0.868,0.879,0.859,66708400,57769009
sz159747,香港科技ETF南方,1.136,0.007,0.62,1.135,1.136,1.129,1.144,1.156,1.134,24948302,28599220
sz159745,建材ETF国泰,0.527,-0.004,-0.753,0.526,0.527,0.531,0.529,0.531,0.524,137078650,72314850
sz159743,湖北ETF博时,1.416,-0.01,-0.701,1.417,1.419,1.426,1.425,1.434,1.416,272900,389409
sz159742,恒生科技ETF博时,0.564,0.003,0.535,0.564,0.565,0.561,0.567,0.573,0.563,219493309,124743919
sz159741,恒生科技ETF嘉实,0.552,0.004,0.73,0.551,0.552,0.548,0.554,0.561,0.55,162658537,90415340
sz159740,恒生科技ETF大成,0.549,0.004,0.734,0.548,0.549,0.545,0.551,0.557,0.547,1524256687,842151654
sz159739,云计算ETF鹏华,0.794,0.014,1.795,0.794,0.795,0.78,0.791,0.803,0.79,9164300,7302491
sz159738,云计算ETF华泰柏瑞,2.045,0.033,1.64,2.045,2.046,2.012,2.019,2.077,2.016,8238900,16966446
sz159736,食品饮料ETF天弘,0.585,0.001,0.171,0.584,0.585,0.584,0.582,0.588,0.581,24077600,14085427
sz159735,港股消费ETF银华,0.621,-0.006,-0.957,0.62,0.621,0.627,0.625,0.627,0.62,35196600,21894893
sz159732,消费电子ETF华夏,1.385,0.008,0.581,1.385,1.386,1.377,1.393,1.414,1.379,204870238,286677572
sz159731,石化ETF华夏,0.91,-0.001,-0.11,0.91,0.911,0.911,0.91,0.911,0.905,59496900,54046504
sz159730,家电ETF博时,1.013,0.014,1.401,1.01,1.013,0.999,1.0,1.014,1.0,4464900,4506274
sz159729,互联网ETF汇添富,0.681,0.013,1.946,0.675,0.681,0.668,0.67,0.684,0.67,556900,378027
sz159728,在线消费ETF南方,0.791,0.014,1.802,0.79,0.791,0.777,0.779,0.798,0.779,7266000,5736024
sz159726,港股通红利ETF华夏,1.34,-0.006,-0.446,1.339,1.341,1.346,1.349,1.349,1.336,10092900,13504669
sz159725,线上消费ETF工银,0.781,0.012,1.56,0.781,0.782,0.769,0.778,0.786,0.76,7006600,5448416
sz159723,科技龙头ETF汇添富,1.077,0.007,0.654,1.075,1.079,1.07,1.091,1.096,1.07,595200,648120
sz159721,深证100ETF永赢,1.026,0.0,0.0,1.025,1.03,1.026,1.031,1.042,1.026,274100,284488
sz159720,智能车ETF泰康,0.671,0.006,0.902,0.671,0.672,0.665,0.669,0.676,0.669,258700,174415
sz159719,国企ETF平安,1.578,-0.003,-0.19,1.574,1.584,1.581,1.576,1.582,1.573,2262100,3569388
sz159718,港股医药ETF平安,0.929,-0.005,-0.535,0.928,0.929,0.934,0.936,0.943,0.925,45246000,42153957
sz159717,ESGETF鹏华,1.031,0.001,0.097,1.027,1.035,1.03,1.036,1.04,1.03,139700,144682
sz159716,深证100ETF华宝,1.088,0.001,0.092,1.084,1.092,1.087,1.09,1.109,1.081,1567500,1724388
sz159715,稀土ETF易方达,1.133,-0.002,-0.176,1.133,1.134,1.135,1.14,1.143,1.128,23081500,26246654
sz159713,稀土ETF富国,1.224,-0.002,-0.163,1.224,1.225,1.226,1.233,1.236,1.22,27284400,33538435
sz159712,港股通50ETF国泰,1.22,0.006,0.494,1.22,1.222,1.214,1.216,1.227,1.216,11258400,13769579
sz159711,港股通50ETF华夏,1.315,0.003,0.229,1.315,1.317,1.312,1.314,1.324,1.314,17920900,23628117
sz159709,物联网ETF工银,1.718,0.004,0.233,1.711,1.725,1.714,1.723,1.748,1.716,231600,403620
sz159708,红利ETF西部利得,0.771,0.005,0.653,0.77,0.772,0.766,0.766,0.775,0.766,7939800,6139616
sz159707,地产ETF华宝,0.518,0.0,0.0,0.518,0.519,0.518,0.513,0.522,0.508,363645500,187315952
sz159706,深证100ETF华安,0.905,0.001,0.111,0.903,0.905,0.904,0.907,0.918,0.903,3648500,3311108
sz159703,新材料ETF天弘,0.881,-0.001,-0.113,0.882,0.885,0.882,0.881,0.895,0.88,7581200,6714502
sz159701,物联网ETF招商,1.26,0.007,0.559,1.26,1.272,1.253,1.265,1.281,1.26,1751200,2221928
sz159700,科创债ETF南方,101.983,0.051,0.05,101.968,101.982,101.932,101.966,101.986,101.964,99076200,10103934728
sz159699,恒生消费ETF广发,0.831,-0.007,-0.835,0.83,0.831,0.838,0.839,0.841,0.828,26332900,21894987
sz159698,粮食ETF鹏华,0.96,-0.005,-0.518,0.959,0.96,0.965,0.958,0.971,0.948,135091751,129239366
sz159697,石油ETF鹏华,1.324,-0.017,-1.268,1.324,1.325,1.341,1.33,1.332,1.315,22384300,29588261
sz159696,纳指ETF易方达,2.105,0.042,2.036,2.104,2.105,2.063,2.104,2.117,2.1,52055426,109616650
sz159695,通信ETF嘉实,1.007,-0.007,-0.69,1.007,1.008,1.014,1.026,1.032,1.003,48381300,49257899
sz159692,证券ETF东财,1.191,0.002,0.168,1.191,1.192,1.189,1.191,1.199,1.188,52403000,62520275
sz159691,港股红利ETF工银,1.175,-0.01,-0.844,1.174,1.175,1.185,1.184,1.185,1.174,245871906,289334014
sz159690,有色矿业ETF招商,1.877,0.009,0.482,1.876,1.877,1.868,1.874,1.894,1.869,9587400,18049106
sz159689,消费ETF南方,0.627,-0.001,-0.159,0.625,0.627,0.628,0.633,0.633,0.623,1635600,1026130
sz159688,恒生互联网ETF华安,0.722,0.008,1.12,0.721,0.722,0.714,0.723,0.736,0.719,197642600,143980223
sz159687,亚太精选ETF南方,1.89,0.023,1.232,1.889,1.89,1.867,1.889,1.903,1.882,75434800,142957678
sz159686,A100ETF易方达,1.263,0.002,0.159,1.261,1.268,1.261,1.268,1.276,1.261,5150700,6557887
sz159685,1000增强ETF天弘,1.506,-0.003,-0.199,1.505,1.506,1.509,1.523,1.523,1.502,2084500,3151968
sz159682,创业板50ETF景顺,1.548,0.001,0.065,1.548,1.549,1.547,1.565,1.586,1.543,167508900,261718424
sz159681,创业板50ETF鹏华,1.568,0.001,0.064,1.568,1.569,1.567,1.587,1.606,1.564,50429500,80019918
sz159680,中证1000增强ETF招商,1.692,-0.002,-0.118,1.692,1.693,1.694,1.704,1.714,1.688,68935700,117325850
sz159679,中证1000增强ETF国泰,1.321,0.0,0.0,1.321,1.322,1.321,1.318,1.335,1.315,2041700,2713299
sz159678,500增强ETF博时,1.563,0.0,0.0,1.549,1.561,1.563,1.578,1.578,1.557,1054919,1658230
sz159677,中证1000增强ETF银华,1.502,0.002,0.133,1.501,1.502,1.5,1.503,1.538,1.498,4144700,6261591
sz159676,创业板增强ETF富国,1.595,0.001,0.063,1.595,1.596,1.594,1.609,1.626,1.589,12499200,20142860
sz159675,创业板增强ETF嘉实,1.424,0.0,0.0,1.421,1.424,1.424,1.428,1.455,1.419,5124800,7373832
sz159673,沪深300ETF鹏华,1.273,0.002,0.157,1.272,1.273,1.271,1.277,1.284,1.271,37305900,47631124
sz159672,消费ETF博时,0.621,-0.001,-0.161,0.621,0.623,0.622,0.622,0.624,0.619,3810900,2369533
sz159671,稀有金属ETF工银,1.263,0.002,0.159,1.262,1.263,1.261,1.266,1.275,1.258,20579100,26068778
sz159670,消费50ETF国联安,0.849,0.002,0.236,0.848,0.849,0.847,0.844,0.851,0.844,6371200,5418565
sz159669,绿色电力ETF国泰,1.108,-0.006,-0.539,1.108,1.113,1.114,1.116,1.12,1.108,1248900,1385758
sz159667,工业母机ETF国泰,0.656,-0.008,-1.205,0.655,0.656,0.664,0.667,0.672,0.653,181999183,120301521
sz159666,交通运输ETF华夏,0.989,-0.008,-0.802,0.986,0.989,0.997,0.993,0.994,0.981,23347447,22977976
sz159665,半导体龙头ETF工银,2.467,0.019,0.776,2.467,2.468,2.448,2.5,2.533,2.453,18443000,46016142
sz159663,机床ETF华夏,0.986,-0.009,-0.905,0.985,0.986,0.995,1.002,1.01,0.981,43717300,43460550
sz159662,交运ETF南方,0.982,-0.011,-1.108,0.981,0.984,0.993,0.99,0.99,0.979,4108715,4039071
sz159661,A100ETF嘉实,1.399,0.002,0.143,1.397,1.405,1.397,1.41,1.413,1.399,309200,435729
sz159660,纳指ETF汇添富,2.453,0.048,1.996,2.452,2.453,2.405,2.452,2.461,2.443,82882554,203216742
sz159659,纳斯达克100ETF招商,2.432,0.049,2.056,2.431,2.432,2.383,2.43,2.439,2.42,102671740,249571642
sz159658,数字经济ETF华安,1.735,0.02,1.166,1.737,1.74,1.715,1.732,1.77,1.728,2995000,5225407
sz159657,疫苗ETF鹏华,0.596,0.002,0.337,0.595,0.596,0.594,0.594,0.602,0.591,3564300,2126124
sz159656,沪深300成长ETF万家,1.199,0.003,0.251,1.198,1.199,1.196,1.207,1.217,1.197,7279300,8814358
sz159655,标普500ETF华夏,2.057,0.009,0.439,2.057,2.058,2.048,2.081,2.081,2.045,75799668,156385983
sz159653,ESG300ETF国联安,1.171,0.0,0.0,1.165,1.177,1.171,1.167,1.182,1.167,21700,25556
sz159652,有色ETF汇添富,1.562,0.004,0.257,1.561,1.562,1.558,1.558,1.576,1.556,69813200,109403348
sz159651,国开债ETF平安,108.18,0.002,0.002,108.18,108.181,108.178,108.178,108.213,108.17,1339600,144920809
sz159650,国开债ETF博时,108.11,0.007,0.006,108.107,108.11,108.103,108.11,108.11,108.103,1018900,110149307
sz159649,国开债ETF华安,110.461,0.018,0.016,110.461,110.463,110.443,110.443,110.495,110.434,13678500,1510942454
sz159647,中药ETF鹏华,0.877,-0.002,-0.228,0.877,0.878,0.879,0.879,0.881,0.874,10775500,9449043
sz159645,疫苗ETF富国,0.617,0.0,0.0,0.616,0.619,0.617,0.618,0.623,0.613,1460700,902382
sz159643,疫苗ETF国泰,0.556,0.001,0.18,0.555,0.556,0.555,0.554,0.562,0.549,16386300,9116129
sz159642,碳中和ETF大成,0.889,0.001,0.113,0.885,0.901,0.888,0.894,0.894,0.888,64300,57354
sz159641,碳中和ETF招商,0.939,0.001,0.107,0.937,0.939,0.938,0.941,0.944,0.939,521600,490435
sz159640,碳中和龙头ETF工银,0.884,0.001,0.113,0.88,0.888,0.883,0.888,0.888,0.882,1134400,1004306
sz159639,碳中和ETF南方,0.906,0.003,0.332,0.904,0.907,0.903,0.904,0.91,0.904,3001105,2720249
sz159638,航空航天ETF嘉实,0.842,-0.004,-0.473,0.842,0.845,0.846,0.85,0.857,0.841,38860704,32902383
sz159637,新能源车ETF东财,0.761,0.006,0.795,0.76,0.761,0.755,0.759,0.767,0.758,11518200,8799199
sz159636,港股通科技30ETF工银,0.507,0.008,1.603,0.506,0.507,0.499,0.505,0.515,0.505,683051360,347725840
sz159635,基建ETF华夏,0.969,-0.003,-0.309,0.97,0.971,0.972,0.977,0.977,0.967,19055300,18518208
sz159633,中证1000ETF易方达,3.316,-0.007,-0.211,3.316,3.32,3.323,3.347,3.366,3.313,304407690,1018447590
sz159632,纳斯达克ETF华安,2.554,0.046,1.834,2.554,2.555,2.508,2.567,2.569,2.544,107409600,274293779
sz159631,A100ETF招商,1.224,0.003,0.246,1.221,1.227,1.221,1.23,1.236,1.223,2376900,2931216
sz159630,A100ETF汇添富,1.342,0.004,0.299,1.337,1.347,1.338,1.351,1.354,1.342,52300,70642
sz159629,中证1000ETF富国,3.245,-0.002,-0.062,3.243,3.245,3.247,3.268,3.288,3.236,223729209,730362914
sz159628,国证2000ETF万家,1.42,0.002,0.141,1.419,1.42,1.418,1.422,1.431,1.414,36588100,52071221
sz159627,A100ETF华夏,1.276,0.001,0.078,1.276,1.281,1.275,1.288,1.29,1.276,3640000,4663290
sz159625,绿色电力ETF嘉实,1.204,-0.007,-0.578,1.204,1.205,1.211,1.21,1.212,1.203,34588900,41689296
sz159623,成渝经济圈ETF博时,0.969,-0.003,-0.309,0.965,0.973,0.972,0.97,0.979,0.968,7159700,6987798
sz159622,创新药ETF东财,1.219,-0.006,-0.49,1.219,1.22,1.225,1.227,1.24,1.21,77815816,95050473
sz159621,ESGETF国泰,1.146,0.0,0.0,1.14,1.152,1.146,1.149,1.152,1.132,3834100,4414647
sz159620,中证500成长ETF华夏,1.259,0.005,0.399,1.254,1.255,1.254,1.266,1.272,1.257,4727500,5988324
sz159619,基建ETF国泰,0.914,-0.004,-0.436,0.913,0.916,0.918,0.918,0.919,0.912,3934400,3599874
sz159618,光伏ETF华安,0.643,-0.002,-0.31,0.641,0.644,0.645,0.646,0.651,0.641,2952100,1911561
sz159617,中证500价值ETF华夏,1.346,-0.002,-0.148,1.345,1.351,1.348,1.37,1.37,1.344,957100,1289759
sz159616,农牧ETF建信,0.774,-0.008,-1.023,0.776,0.777,0.782,0.789,0.789,0.774,12882600,10009495
sz159615,恒生生物科技ETF南方,1.196,-0.005,-0.416,1.195,1.196,1.201,1.208,1.213,1.186,102712000,123025036
sz159613,信息安全ETF嘉实,0.889,0.019,2.184,0.889,0.89,0.87,0.881,0.894,0.881,17523600,15555301
sz159612,标普500ETF国泰,2.106,0.01,0.477,2.106,2.109,2.096,2.118,2.128,2.103,23429772,49583419
sz159611,电力ETF广发,1.034,-0.005,-0.481,1.034,1.035,1.039,1.039,1.039,1.033,218192800,225793575
sz159610,中证500增强ETF景顺,1.267,0.0,0.0,1.268,1.27,1.267,1.269,1.279,1.265,5141017,6547434
sz159609,光伏ETF浦银,0.475,-0.003,-0.628,0.475,0.477,0.478,0.48,0.483,0.474,15636000,7492605
sz159608,稀有金属ETF广发,1.027,-0.001,-0.097,1.026,1.027,1.028,1.03,1.038,1.023,48756800,50288130
sz159607,中概互联网ETF嘉实,0.758,0.007,0.932,0.758,0.759,0.751,0.759,0.772,0.757,183021712,139859999
sz159606,中证500成长ETF易方达,1.357,-0.002,-0.147,1.355,1.357,1.359,1.369,1.37,1.353,4352806,5938773
sz159605,中概互联ETF广发,0.763,0.008,1.06,0.762,0.763,0.755,0.763,0.775,0.761,349988669,268678215
sz159603,科创创业ETF天弘,1.667,0.003,0.18,1.666,1.667,1.664,1.687,1.714,1.66,10214303,17264570
sz159602,中国A50ETF南方,1.075,0.008,0.75,1.073,1.076,1.067,1.067,1.085,1.067,6404702,6910567
sz159601,A50ETF华夏,1.104,0.002,0.181,1.104,1.106,1.102,1.105,1.116,1.102,47304309,52518885
sz159600,科创债ETF嘉实,101.924,0.05,0.049,101.923,101.924,101.874,101.892,101.926,101.849,98807620,10070143670
sz159599,芯片ETF东财,2.82,0.029,1.039,2.82,2.821,2.791,2.857,2.89,2.804,61687400,176071916
sz159597,创业板成长ETF易方达,0.798,0.0,0.0,0.797,0.798,0.798,0.807,0.816,0.795,52814653,42467588
sz159596,A50ETF华宝,0.638,0.001,0.157,0.637,0.638,0.637,0.637,0.643,0.637,36394300,23288665
sz159595,中证A50ETF大成,1.338,0.006,0.45,1.336,1.338,1.332,1.336,1.346,1.334,119189634,159897310
sz159593,中证A50ETF平安,1.33,0.002,0.151,1.329,1.33,1.328,1.331,1.339,1.327,48973000,65408603
sz159592,A50ETF银华,1.316,0.002,0.152,1.316,1.317,1.314,1.316,1.326,1.315,16288900,21529132
sz159591,A50ETF富国,1.346,0.001,0.074,1.346,1.348,1.345,1.348,1.357,1.345,18193900,24624040
sz159590,软件ETF汇添富,0.888,0.015,1.718,0.888,0.889,0.873,0.878,0.896,0.877,58286573,51740675
sz159589,红利ETF广发,1.094,-0.003,-0.273,1.093,1.094,1.097,1.092,1.095,1.084,8114100,8844536
sz159588,石油ETF景顺,1.259,-0.01,-0.788,1.254,1.259,1.269,1.26,1.261,1.246,14832400,18580712
sz159587,粮食ETF广发,1.235,-0.01,-0.803,1.235,1.236,1.245,1.234,1.255,1.224,35701300,44107215
sz159586,计算机ETF南方,1.065,0.019,1.816,1.064,1.065,1.046,1.05,1.074,1.05,14229600,15162453
sz159583,通信ETF富国,1.733,-0.028,-1.59,1.733,1.734,1.761,1.784,1.787,1.73,348670373,613864673
sz159582,半导体ETF博时,0.765,-0.004,-0.52,0.765,0.766,0.769,0.785,0.789,0.759,128723500,99770510
sz159581,红利ETF万家,1.056,0.0,0.0,1.055,1.056,1.056,1.051,1.057,1.049,12839300,13517025
sz159578,深证主板50ETF南方,1.163,0.005,0.432,1.16,1.163,1.158,1.157,1.169,1.157,186800,218032
sz159577,美国50ETF汇添富,1.716,0.015,0.882,1.715,1.716,1.701,1.743,1.743,1.71,56423537,97268607
sz159576,深证100ETF广发,1.503,0.002,0.133,1.502,1.508,1.501,1.504,1.527,1.499,6013600,9072199
sz159575,创业板200ETF银华,1.442,0.006,0.418,1.436,1.448,1.436,1.436,1.455,1.431,231100,334206
sz159573,创业板200ETF华夏,1.491,0.007,0.472,1.491,1.492,1.484,1.488,1.509,1.485,12437067,18600286
sz159572,创业板200ETF易方达,1.478,0.002,0.136,1.477,1.478,1.476,1.48,1.494,1.475,6321500,9383310
sz159571,创业板200ETF富国,1.474,0.007,0.477,1.468,1.48,1.467,1.467,1.486,1.467,68500,101032
sz159570,港股通创新药ETF汇添富,1.476,-0.014,-0.94,1.475,1.476,1.49,1.486,1.495,1.462,1218480641,1799629389
sz159569,港股红利低波ETF景顺,1.388,-0.011,-0.786,1.387,1.388,1.399,1.4,1.401,1.382,38435600,53302831
sz159568,港股互联网ETF博时,1.082,0.008,0.745,1.082,1.083,1.074,1.089,1.106,1.081,57753400,63189540
sz159567,港股创新药ETF银华,0.713,-0.007,-0.972,0.713,0.714,0.72,0.718,0.723,0.706,1499496538,1069788463
sz159566,储能电池ETF易方达,1.746,0.0,0.0,1.746,1.747,1.746,1.751,1.775,1.743,137918400,242825900
sz159565,汽车零部件ETF易方达,1.286,-0.003,-0.233,1.286,1.287,1.289,1.29,1.3,1.282,13710300,17695048
sz159563,创业板综ETF华夏,1.82,0.007,0.386,1.814,1.82,1.813,1.817,1.845,1.813,4409200,8085295
sz159562,黄金股ETF华夏,2.184,-0.029,-1.31,2.183,2.184,2.213,2.213,2.217,2.175,67683304,148621647
sz159561,德国ETF嘉实,1.333,0.005,0.377,1.332,1.333,1.328,1.336,1.34,1.332,43900037,58681671
sz159560,芯片ETF景顺,1.153,0.012,1.052,1.153,1.154,1.141,1.165,1.182,1.145,18319900,21371485
sz159559,机器人ETF景顺,1.186,-0.001,-0.084,1.185,1.186,1.187,1.195,1.199,1.181,34264700,40752942
sz159558,半导体设备ETF易方达,1.123,-0.013,-1.144,1.122,1.123,1.136,1.16,1.16,1.115,1287135327,1466068996
sz159557,恒生医疗ETF嘉实,1.5,-0.013,-0.859,1.499,1.5,1.513,1.517,1.525,1.495,45522900,68603348
sz159556,中证2000增强ETF平安,1.277,0.003,0.235,1.274,1.277,1.274,1.277,1.289,1.27,683800,876314
sz159555,中证2000增强ETF银华,1.857,0.0,0.0,1.856,1.857,1.857,1.884,1.884,1.838,3903300,7273206
sz159553,中证2000增强ETF海富通,1.9,0.002,0.105,1.898,1.9,1.898,1.899,1.914,1.899,404500,771377
sz159552,中证2000增强ETF招商,2.339,-0.005,-0.213,2.339,2.34,2.344,2.356,2.362,2.324,78860100,184940913
sz159551,机器人ETF国泰,1.219,0.001,0.082,1.216,1.219,1.218,1.225,1.236,1.215,8034100,9827986
sz159550,互联网ETF东财,0.778,0.007,0.908,0.779,0.78,0.771,0.776,0.788,0.776,5900800,4613905
sz159549,红利低波ETF天弘,1.175,0.001,0.085,1.174,1.175,1.174,1.174,1.175,1.17,10846500,12725277
sz159547,红利低波ETF华夏,1.202,0.002,0.167,1.201,1.202,1.2,1.194,1.202,1.193,111520800,133539267
sz159546,集成电路ETF国泰,0.793,0.014,1.797,0.793,0.794,0.779,0.797,0.812,0.788,79064600,63259204
sz159545,港股通红利低波ETF易方达,1.279,-0.012,-0.93,1.278,1.279,1.291,1.289,1.291,1.277,143137800,183182795
sz159543,国证2000ETF工银,1.538,-0.002,-0.13,1.537,1.545,1.54,1.542,1.553,1.532,1632200,2524299
sz159542,工程机械ETF大成,1.261,-0.005,-0.395,1.259,1.266,1.266,1.273,1.274,1.259,1889900,2389262
sz159541,创业板综ETF万家,1.529,0.001,0.065,1.528,1.529,1.528,1.536,1.551,1.524,4007300,6158747
sz159540,信创ETF易方达,1.943,0.04,2.102,1.943,1.944,1.903,1.951,1.977,1.929,12000700,23510992
sz159539,信创ETF广发,1.8,0.033,1.868,1.793,1.798,1.767,1.81,1.835,1.792,4708400,8559354
sz159538,信创ETF富国,0.913,0.017,1.897,0.913,0.915,0.896,0.923,0.931,0.9,9402600,8671381
sz159537,信创ETF国泰,0.9,0.015,1.695,0.899,0.9,0.885,0.911,0.92,0.897,7520500,6849546
sz159536,中证2000ETF汇添富,1.454,-0.001,-0.069,1.454,1.456,1.455,1.468,1.468,1.451,5168500,7552601
sz159535,中证2000ETF嘉实,1.563,-0.003,-0.192,1.562,1.566,1.566,1.57,1.576,1.562,2101700,3300859
sz159533,中证2000ETF博时,2.015,-0.003,-0.149,2.015,2.018,2.018,2.031,2.037,2.01,1281900,2593446
sz159532,中证2000ETF易方达,1.713,-0.005,-0.291,1.712,1.713,1.718,1.734,1.734,1.708,16419200,28234521
sz159531,中证2000ETF南方,1.518,-0.007,-0.459,1.518,1.519,1.525,1.538,1.538,1.516,98700707,150732395
sz159530,机器人ETF易方达,1.309,-0.002,-0.153,1.309,1.31,1.311,1.318,1.325,1.305,281675331,370240565
sz159529,标普消费ETF景顺,1.281,0.016,1.265,1.281,1.282,1.265,1.27,1.284,1.268,45990600,58736473
sz159528,国企改革ETF富国,1.242,0.0,0.0,1.237,1.248,1.242,1.23,1.249,1.23,66400,82759
sz159527,云计算ETF广发,0.713,0.013,1.857,0.712,0.713,0.7,0.71,0.721,0.71,14722200,10533835
sz159526,机器人ETF嘉实,1.389,0.0,0.0,1.389,1.39,1.389,1.393,1.409,1.385,10919700,15249882
sz159525,红利低波ETF富国,1.105,0.0,0.0,1.104,1.105,1.105,1.104,1.106,1.099,23516400,25935669
sz159523,沪深300成长ETF华夏,1.247,0.005,0.403,1.247,1.25,1.242,1.252,1.262,1.244,8477600,10648789
sz159521,国证2000ETF平安,1.315,-0.001,-0.076,1.315,1.32,1.316,1.318,1.33,1.312,5660819,7466745
sz159520,消费龙头ETF工银,0.902,0.004,0.445,0.901,0.902,0.898,0.9,0.903,0.897,867400,781634
sz159519,港股国企ETF国泰,1.766,-0.009,-0.507,1.766,1.768,1.775,1.769,1.788,1.761,6084600,10741004
sz159518,标普油气ETF嘉实,1.259,-0.013,-1.022,1.259,1.26,1.272,1.252,1.27,1.251,234952000,295949004
sz159517,中证800增强ETF银华,1.332,0.0,0.0,1.324,1.344,1.332,1.337,1.347,1.331,1981500,2650950
sz159516,半导体设备ETF国泰,0.714,-0.01,-1.381,0.714,0.715,0.724,0.737,0.738,0.71,4951389039,3585087896
sz159515,国企红利ETF鹏扬,1.195,0.0,0.0,1.196,1.2,1.195,1.189,1.196,1.189,592700,706869
sz159513,纳斯达克100ETF大成,1.874,0.039,2.125,1.873,1.874,1.835,1.863,1.88,1.857,162546490,304043505
sz159512,汽车ETF广发,1.014,0.011,1.097,1.013,1.014,1.003,1.005,1.018,1.003,23217200,23484078
sz159511,通信ETF南方,2.457,-0.002,-0.081,2.456,2.457,2.459,2.486,2.533,2.447,8131100,20144382
sz159510,沪深300价值ETF华夏,1.234,0.003,0.244,1.233,1.236,1.231,1.225,1.236,1.225,2519400,3108240
sz159509,纳指科技ETF景顺,3.049,0.084,2.833,3.048,3.049,2.965,3.085,3.091,3.032,441295003,1349770696
sz159508,生物医药ETF华安,0.829,-0.004,-0.48,0.829,0.83,0.833,0.832,0.843,0.826,9237900,7666605
sz159507,通信ETF广发,0.92,-0.006,-0.648,0.919,0.92,0.926,0.945,0.949,0.916,67989200,63264876
sz159506,港股通创新药医疗ETF富国,1.328,-0.011,-0.822,1.327,1.328,1.339,1.342,1.356,1.32,538970500,720131335
sz159505,国证2000ETF博时,1.642,0.002,0.122,1.64,1.642,1.64,1.656,1.661,1.635,1065800,1759965
sz159502,标普生物科技ETF嘉实,1.602,-0.012,-0.743,1.602,1.603,1.614,1.612,1.624,1.591,193726900,311119294
sz159501,纳指ETF嘉实,2.193,0.037,1.716,2.192,2.193,2.156,2.22,2.22,2.19,55147337,121387619
sz159500,中证500ETF富国,1.18,-0.001,-0.085,1.179,1.18,1.181,1.186,1.195,1.177,9435900,11214012
sz159400,科创债ETF景顺,101.472,0.048,0.047,101.472,101.473,101.424,101.424,101.478,101.424,6825700,692601674
sz159399,现金流ETF国泰,0.989,-0.004,-0.403,0.989,0.99,0.993,0.992,0.994,0.989,194266000,192501976
sz159398,信用债ETF天弘,102.766,0.037,0.036,102.768,102.772,102.729,102.72,102.78,102.717,38635000,3970594676
sz159397,信用债ETF广发,103.45,0.048,0.046,103.448,103.45,103.402,103.429,103.474,103.429,10846000,1122011294
sz159396,信用债ETF博时,103.683,0.054,0.052,103.683,103.684,103.629,103.665,103.684,103.665,1372800,142318429
sz159395,信用债ETF大成,103.787,0.05,0.048,103.785,103.787,103.737,103.737,103.787,103.737,7328300,760558714
sz159393,沪深300ETF万家,4.907,0.011,0.225,4.911,4.914,4.896,4.906,4.95,4.901,5987000,29518050
sz159392,航空ETF富国,0.951,-0.001,-0.105,0.951,0.952,0.952,0.953,0.959,0.949,1539400,1466004
sz159391,大盘价值ETF博时,1.112,0.003,0.271,1.107,1.115,1.109,1.11,1.112,1.108,1133600,1258498
sz159390,中证A50ETF国联,1.217,0.002,0.165,1.216,1.219,1.215,1.215,1.226,1.215,4850800,5926234
sz159389,数字经济ETF嘉实,1.836,-0.001,-0.054,1.836,1.839,1.837,1.841,1.879,1.829,2353600,4381249
sz159388,创业板人工智能ETF国泰,1.056,0.006,0.571,1.055,1.056,1.05,1.065,1.076,1.052,122814202,130871712
sz159387,创业板新能源ETF国泰,0.692,0.003,0.435,0.691,0.692,0.689,0.693,0.701,0.69,343447100,239073836
sz159386,A500ETF永赢,1.27,0.003,0.237,1.27,1.272,1.267,1.27,1.281,1.268,3648800,4661269
sz159385,数字经济ETF富国,1.805,-0.003,-0.166,1.805,1.807,1.808,1.824,1.85,1.8,4547300,8294445
sz159383,创业板50ETF华泰柏瑞,1.67,0.003,0.18,1.666,1.67,1.667,1.683,1.708,1.665,4431600,7485312
sz159382,创业板人工智能ETF南方,2.748,0.019,0.696,2.747,2.748,2.729,2.779,2.796,2.736,66445100,183912344
sz159381,创业板人工智能ETF华夏,1.222,0.007,0.576,1.222,1.223,1.215,1.235,1.245,1.218,220941600,272676783
sz159380,A500ETF东财,1.344,0.0,0.0,1.344,1.348,1.344,1.353,1.357,1.342,4981600,6723523
sz159379,A500ETF融通,1.349,0.003,0.223,1.345,1.362,1.346,1.359,1.363,1.346,5213600,7053155
sz159378,通用航空ETF永赢,1.028,0.002,0.195,1.027,1.028,1.026,1.031,1.036,1.023,26576100,27316609
sz159377,创业板医药ETF国泰,1.02,0.003,0.295,1.018,1.02,1.017,1.016,1.033,1.007,19549819,19937256
sz159376,A500ETF浦银,1.309,0.002,0.153,1.307,1.314,1.307,1.313,1.323,1.309,5608100,7402291
sz159375,创业板50ETF国泰,0.714,0.001,0.14,0.713,0.714,0.713,0.72,0.73,0.711,20321500,14702526
sz159373,创业板50ETF嘉实,1.711,0.004,0.234,1.708,1.714,1.707,1.71,1.749,1.704,10704900,18473799
sz159372,创业板50ETF万家,1.795,0.005,0.279,1.788,1.802,1.79,1.807,1.833,1.788,1646600,2978139
sz159371,创业板50ETF富国,1.673,0.001,0.06,1.672,1.673,1.672,1.716,1.716,1.668,3223900,5461638
sz159370,创50ETF工银,1.772,0.002,0.113,1.768,1.775,1.77,1.774,1.81,1.766,2764700,4959737
sz159369,创业板50ETF易方达,1.364,0.001,0.073,1.363,1.364,1.363,1.399,1.399,1.359,18506505,25588065
sz159368,创业板新能源ETF华夏,0.628,0.002,0.319,0.627,0.628,0.626,0.627,0.635,0.626,271773500,171275097
sz159367,创业板50ETF华夏,1.683,0.004,0.238,1.683,1.685,1.679,1.698,1.721,1.676,11408700,19411737
sz159366,港股医疗ETF永赢,1.515,-0.007,-0.46,1.514,1.515,1.522,1.534,1.537,1.505,248106700,376739462
sz159365,恒指港股通ETF富国,0.982,0.004,0.409,0.981,0.983,0.978,0.985,0.988,0.979,327000,321430
sz159363,创业板人工智能ETF华宝,1.291,0.009,0.702,1.291,1.292,1.282,1.303,1.313,1.284,661514416,861664664
sz159362,A500ETF工银,1.293,0.001,0.077,1.292,1.294,1.292,1.294,1.306,1.291,18066500,23505968
sz159361,A500ETF易方达,1.23,0.001,0.081,1.229,1.23,1.229,1.233,1.242,1.228,933618468,1154312958
sz159360,A500ETF天弘,1.304,0.003,0.231,1.303,1.304,1.301,1.307,1.318,1.302,23755856,31175112
sz159359,A500ETF华安,1.263,0.001,0.079,1.263,1.264,1.262,1.265,1.277,1.262,20222800,25695323
sz159358,中证A500ETF大成,1.305,0.001,0.077,1.305,1.306,1.304,1.307,1.318,1.303,46741700,61421754
sz159357,A500ETF博时,1.275,0.001,0.078,1.273,1.276,1.274,1.277,1.288,1.274,13235758,16941545
sz159356,A500ETF万家,1.281,0.001,0.078,1.28,1.282,1.28,1.283,1.294,1.28,19793800,25522077
sz159355,800红利低波ETF华宝,1.042,-0.002,-0.192,1.042,1.043,1.044,1.039,1.043,1.037,22878200,23810538
sz159353,中证A500ETF景顺,1.224,0.001,0.082,1.224,1.226,1.223,1.23,1.237,1.223,124457302,153105170
sz159352,A500ETF南方,1.256,0.003,0.239,1.255,1.256,1.253,1.259,1.268,1.253,2486038000,3137238037
sz159351,A500ETF嘉实,1.206,0.004,0.333,1.205,1.206,1.202,1.207,1.217,1.204,377905900,457493400
sz159350,深证50ETF富国,1.525,0.003,0.197,1.525,1.526,1.522,1.528,1.547,1.521,35375700,54443177
sz159339,A500ETF银华,1.216,0.001,0.082,1.215,1.216,1.215,1.219,1.228,1.214,40974300,50089487
sz159338,中证A500ETF国泰,1.205,0.0,0.0,1.204,1.205,1.205,1.211,1.218,1.204,2216952696,2686333530
sz159337,中证500ETF东财,1.798,-0.004,-0.222,1.798,1.799,1.802,1.815,1.82,1.793,7750000,14017037
sz159336,央企红利ETF融通,1.231,-0.002,-0.162,1.223,1.232,1.233,1.232,1.232,1.22,1512400,1852264
sz159335,央企科创ETF融通,1.502,0.0,0.0,1.5,1.502,1.502,1.503,1.525,1.5,1151700,1737034
sz159333,港股央企红利ETF万家,1.367,-0.011,-0.798,1.366,1.367,1.378,1.379,1.379,1.363,7886100,10775739
sz159332,央企红利ETF富国,1.236,-0.005,-0.403,1.236,1.24,1.241,1.238,1.238,1.228,339600,418387
sz159331,红利港股ETF国泰,1.271,-0.008,-0.625,1.27,1.271,1.279,1.28,1.28,1.265,3653000,4633455
sz159330,沪深300ETF东财,1.428,0.003,0.211,1.428,1.429,1.425,1.43,1.438,1.425,17668300,25326295
sz159329,沙特ETF南方,0.886,-0.002,-0.225,0.886,0.887,0.888,0.888,0.888,0.885,36898903,32700676
sz159328,家电ETF易方达,1.029,0.008,0.784,1.026,1.032,1.021,1.023,1.033,1.022,24550500,25170738
sz159327,半导体设备ETF万家,1.147,-0.014,-1.206,1.147,1.148,1.161,1.179,1.184,1.139,206564318,240100623
sz159326,电网设备ETF华夏,1.679,-0.011,-0.651,1.679,1.68,1.69,1.704,1.714,1.674,282696899,480047334
sz159325,半导体ETF南方,1.083,0.015,1.404,1.082,1.083,1.068,1.097,1.107,1.074,157653814,172163738
sz159323,港股通汽车ETF华夏,0.955,-0.01,-1.036,0.955,0.956,0.965,0.966,0.97,0.955,117919400,113746165
sz159322,黄金股ETF平安,1.615,-0.026,-1.584,1.614,1.615,1.641,1.646,1.646,1.61,7674300,12467916
sz159321,黄金股ETF华安,1.538,-0.024,-1.536,1.538,1.539,1.562,1.562,1.563,1.534,30271800,46851406
sz159320,电网设备ETF广发,0.621,-0.003,-0.481,0.62,0.621,0.624,0.627,0.633,0.617,47286300,29634504
sz159318,恒指港股通ETF银华,1.292,0.006,0.467,1.291,1.293,1.286,1.287,1.3,1.287,180000,233021
sz159316,港股通创新药ETF易方达,1.178,-0.011,-0.925,1.177,1.178,1.189,1.189,1.194,1.167,855258628,1008276854
sz159315,黄金股ETF工银,1.646,-0.026,-1.555,1.645,1.646,1.672,1.678,1.678,1.642,12217000,20225951
sz159312,恒指港股通ETF广发,1.165,0.005,0.431,1.163,1.165,1.16,1.164,1.172,1.164,1810000,2111900
sz159311,数字经济ETF易方达,1.46,0.016,1.108,1.461,1.469,1.444,1.469,1.489,1.454,983800,1452666
sz159310,芯片ETF天弘,2.863,0.038,1.345,2.863,2.869,2.825,2.894,2.926,2.84,8402000,24288667
sz159309,油气ETF汇添富,1.445,-0.032,-2.167,1.445,1.447,1.477,1.473,1.473,1.433,79195800,114194766
sz159307,红利低波100ETF博时,1.006,0.0,0.0,1.005,1.006,1.006,1.005,1.006,1.002,50888000,51093940
sz159306,汽车零部件ETF平安,1.132,-0.004,-0.352,1.132,1.133,1.136,1.136,1.144,1.129,843300,959674
sz159305,储能电池ETF广发,0.78,-0.001,-0.128,0.78,0.781,0.781,0.787,0.793,0.779,20726800,16307406
sz159303,恒生医疗ETF大成,1.64,-0.012,-0.726,1.639,1.64,1.652,1.66,1.664,1.635,48954500,80598794
sz159302,港股高股息ETF银华,1.299,-0.011,-0.84,1.299,1.3,1.31,1.31,1.31,1.294,2557100,3317323
sz159301,公用事业ETF华夏,0.959,-0.005,-0.519,0.958,0.959,0.964,0.963,0.963,0.958,16073100,15427484
sz159300,沪深300ETF富国,4.95,0.009,0.182,4.948,4.95,4.941,4.957,4.99,4.944,7054400,35062044
sz159299,金融科技ETF易方达,0.697,0.002,0.288,0.697,0.698,0.695,0.696,0.705,0.695,18686100,13074044
sz159298,创业板50ETF大成,1.185,0.002,0.169,1.183,1.185,1.183,1.2,1.212,1.181,6473700,7743414
sz159297,港股通创新药ETF南方,0.748,-0.007,-0.927,0.748,0.749,0.755,0.755,0.757,0.739,431539800,322297502
sz159296,A500红利低波ETF华宝,1.005,-0.001,-0.099,1.003,1.005,1.006,1.019,1.019,1.002,699400,701879
sz159295,创业综指ETF西部利得,1.089,-0.004,-0.366,1.087,1.089,1.093,1.104,1.116,1.085,5032222,5559131
sz159293,创业板综增强ETF建信,1.077,0.002,0.186,1.073,1.081,1.075,1.075,1.093,1.075,1987906,2158316
sz159292,创业板综增强ETF华宝,1.189,0.004,0.338,1.186,1.194,1.185,1.191,1.204,1.186,1610000,1923591
sz159291,创业板综增强ETF招商,1.175,0.0,0.0,1.17,1.175,1.175,1.181,1.191,1.174,111600,131314
sz159290,创业板综指增强ETF东财,1.174,0.005,0.428,1.169,1.174,1.169,1.18,1.192,1.17,1082400,1281461
sz159289,创业板综指ETF鹏华,1.092,0.001,0.092,1.093,1.099,1.091,1.098,1.108,1.09,900100,987297
sz159288,创业板综ETF银华,0.998,0.0,0.0,1.001,1.007,0.998,1.005,1.014,0.998,1238300,1242423
sz159287,创业板综ETF博时,1.12,0.004,0.358,1.12,1.121,1.116,1.128,1.136,1.117,3439200,3875878
sz159286,港股通创新药ETF鹏华,0.762,-0.007,-0.91,0.762,0.763,0.769,0.774,0.774,0.756,121151500,92576195
sz159285,港股通消费ETF华安,0.719,-0.004,-0.553,0.719,0.72,0.723,0.723,0.726,0.718,40900026,29444762
sz159283,通用航空ETF南方,0.869,-0.001,-0.115,0.868,0.869,0.87,0.87,0.878,0.867,10457700,9111159
sz159281,港股央企红利ETF天弘,0.966,-0.007,-0.719,0.965,0.968,0.973,0.969,0.972,0.961,110592700,106681694
sz159280,港股通互联网ETF汇添富,0.675,0.004,0.596,0.675,0.677,0.671,0.677,0.689,0.675,13790700,9408678
sz159279,创业板人工智能ETF华安,1.462,0.006,0.412,1.462,1.465,1.456,1.473,1.489,1.458,38617600,56946711
sz159278,机器人ETF鹏华,0.933,0.002,0.215,0.932,0.933,0.931,0.937,0.943,0.928,57965500,54253229
sz159277,港股通红利ETF富国,0.971,-0.009,-0.918,0.971,0.973,0.98,0.972,0.98,0.968,2999600,2912174
sz159276,现金流ETF汇添富,1.09,-0.004,-0.366,1.09,1.094,1.094,1.094,1.098,1.09,2985601,3258877
sz159275,农牧渔ETF华宝,0.885,-0.006,-0.673,0.885,0.887,0.891,0.887,0.893,0.877,12062800,10665954
sz159273,云计算ETF汇添富,1.412,0.024,1.729,1.412,1.413,1.388,1.404,1.434,1.404,17253500,24535657
sz159272,机器人ETF富国,0.792,0.001,0.126,0.792,0.793,0.791,0.797,0.8,0.789,86969293,69078091
sz159271,恒生ETF鹏华,0.945,0.003,0.318,0.945,0.947,0.942,0.95,0.953,0.945,1599200,1515898
sz159270,创业板200ETF南方,1.152,0.005,0.436,1.152,1.153,1.147,1.149,1.163,1.145,8575000,9930547
sz159269,港股通科技ETF南方,0.837,0.006,0.722,0.836,0.837,0.831,0.839,0.852,0.834,102440300,86272354
sz159268,港股通消费ETF汇添富,0.723,-0.006,-0.823,0.722,0.723,0.729,0.73,0.731,0.721,18823800,13614935
sz159267,航天ETF华安,0.877,-0.007,-0.792,0.876,0.877,0.884,0.887,0.889,0.872,96424000,84558319
sz159266,港股央企红利ETF永赢,0.98,-0.008,-0.81,0.98,0.981,0.988,0.988,0.988,0.978,12982204,12716430
sz159265,港股消费ETF鹏华,0.752,-0.007,-0.922,0.751,0.752,0.759,0.76,0.761,0.751,14960100,11281707
sz159263,价值ETF易方达,1.129,-0.001,-0.088,1.129,1.13,1.13,1.128,1.132,1.124,178371221,201487008
sz159262,港股通科技ETF广发,0.829,0.009,1.098,0.828,0.829,0.82,0.833,0.846,0.827,350848500,294059414
sz159261,创业板新能源ETF鹏华,1.304,0.007,0.54,1.303,1.306,1.297,1.309,1.32,1.301,4240400,5557169
sz159260,证券ETF博时,0.848,0.003,0.355,0.846,0.847,0.845,0.848,0.852,0.845,12290600,10429376
sz159259,成长ETF易方达,1.393,-0.004,-0.286,1.393,1.394,1.397,1.412,1.427,1.387,470571293,662343021
sz159258,机器人ETF南方,1.059,0.001,0.095,1.059,1.06,1.058,1.065,1.074,1.057,24874600,26493562
sz159257,航空ETF汇添富,0.863,0.002,0.232,0.862,0.863,0.861,0.865,0.869,0.86,12538800,10816270
sz159256,创业板软件ETF华夏,0.831,0.019,2.34,0.83,0.831,0.812,0.824,0.836,0.82,70015000,58088052
sz159255,通用航空ETF易方达,0.864,0.0,0.0,0.862,0.865,0.864,0.873,0.873,0.862,4604800,3981318
sz159253,银行ETF博时,1.003,-0.003,-0.298,1.003,1.004,1.006,0.996,1.004,0.994,5837868,5833781
sz159251,港股通科技ETF万家,0.748,0.009,1.218,0.748,0.749,0.739,0.746,0.76,0.744,19801500,14849723
sz159249,A500增强ETF工银,1.386,0.005,0.362,1.384,1.387,1.381,1.384,1.395,1.383,6184100,8582698
sz159248,人工智能ETF万家,1.817,0.035,1.964,1.816,1.817,1.782,1.827,1.849,1.802,10585400,19336570
sz159247,创业板ETF汇添富,1.023,0.003,0.294,1.022,1.023,1.02,1.033,1.044,1.018,52125904,53855989
sz159246,创业板人工智能ETF富国,1.215,0.007,0.579,1.215,1.216,1.208,1.232,1.237,1.21,90196500,110472669
sz159245,港股通消费ETF富国,0.728,-0.007,-0.952,0.728,0.729,0.735,0.736,0.737,0.727,4457700,3251258
sz159243,创业板人工智能ETF招商,1.315,0.01,0.766,1.315,1.316,1.305,1.329,1.34,1.311,24833900,32934300
sz159242,创业板人工智能ETF大成,2.178,0.016,0.74,2.178,2.179,2.162,2.195,2.216,2.169,54214600,119178486
sz159241,航空航天ETF天弘,1.064,-0.01,-0.931,1.064,1.065,1.074,1.081,1.084,1.06,95862126,102180963
sz159240,A500增强ETF天弘,1.288,0.0,0.0,1.285,1.29,1.288,1.296,1.299,1.288,752300,975567
sz159239,港股通汽车ETF富国,0.711,-0.004,-0.559,0.71,0.711,0.715,0.717,0.72,0.708,10131300,7235302
sz159238,沪深300增强ETF景顺,1.287,0.0,0.0,1.286,1.288,1.287,1.288,1.298,1.285,2408600,3111982
sz159237,港股汽车ETF工银,0.794,-0.008,-0.998,0.794,0.795,0.802,0.801,0.807,0.794,17812300,14290691
sz159236,自由现金流ETF工银,1.159,-0.001,-0.086,1.158,1.162,1.16,1.158,1.161,1.155,1613700,1867694
sz159235,中证现金流ETF大成,1.183,-0.002,-0.169,1.183,1.185,1.185,1.186,1.188,1.18,48818500,57813963
sz159233,自由现金流ETF平安,1.156,0.0,0.0,1.154,1.156,1.156,1.161,1.179,1.152,29846202,34499987
sz159232,自由现金流ETF南方,1.166,-0.001,-0.086,1.166,1.167,1.167,1.167,1.17,1.162,126180540,147120950
sz159231,通用航空ETF华宝,0.499,0.0,0.0,0.498,0.499,0.499,0.498,0.502,0.497,12798300,6377388
sz159230,通用航空ETF华夏,0.972,0.003,0.31,0.97,0.972,0.969,0.978,0.978,0.969,8913000,8660981
sz159229,自由现金流ETF广发,1.168,-0.001,-0.086,1.166,1.17,1.169,1.166,1.171,1.165,1893200,2210488
sz159228,红利低波ETF长城,1.013,0.001,0.099,1.012,1.015,1.012,1.012,1.013,1.011,90300,91443
sz159227,航空航天ETF华夏,1.034,-0.008,-0.768,1.034,1.035,1.042,1.048,1.049,1.03,120909510,125321895
sz159226,中证A500增强ETF国泰,1.275,0.004,0.315,1.274,1.275,1.271,1.282,1.286,1.271,8225700,10518627
sz159225,现金流ETF银华,1.231,-0.004,-0.324,1.23,1.233,1.235,1.25,1.25,1.229,4150800,5116297
sz159223,现金流ETF永赢,1.129,-0.003,-0.265,1.128,1.132,1.132,1.149,1.149,1.128,7454900,8423214
sz159222,自由现金流ETF易方达,1.255,-0.004,-0.318,1.255,1.256,1.259,1.26,1.26,1.253,85983543,108042748
sz159221,现金流ETF嘉实,1.165,-0.001,-0.086,1.163,1.165,1.166,1.166,1.167,1.162,23800546,27719693
sz159220,港股通红利低波ETF华宝,0.571,-0.002,-0.349,0.57,0.571,0.573,0.574,0.575,0.568,15709000,8952407
sz159219,深证100ETF融通,1.327,0.0,0.0,1.328,1.34,1.327,1.327,1.347,1.326,1518400,2025586
sz159218,卫星ETF招商,1.36,-0.003,-0.22,1.36,1.361,1.363,1.374,1.382,1.356,52719000,72314339
sz159217,港股通创新药ETF工银,1.198,-0.008,-0.663,1.198,1.199,1.206,1.203,1.213,1.186,408732000,489029759
sz159216,深证100ETF大成,1.433,0.001,0.07,1.432,1.436,1.432,1.429,1.456,1.429,1323600,1914439
sz159215,A500ETF平安,1.294,0.001,0.077,1.293,1.294,1.293,1.296,1.307,1.292,6103103,7928574
sz159213,机器人ETF汇添富,1.127,0.0,0.0,1.127,1.128,1.127,1.129,1.142,1.123,20219000,22911166
sz159212,深100ETF南方,1.426,0.0,0.0,1.426,1.432,1.426,1.426,1.449,1.423,6655400,9552772
sz159211,深证100ETF富国,1.398,0.002,0.143,1.392,1.404,1.396,1.389,1.419,1.389,180100,254524
sz159210,港股通汽车ETF汇添富,0.764,-0.006,-0.779,0.764,0.765,0.77,0.77,0.774,0.763,14865502,11427975
sz159209,红利质量ETF招商,1.125,0.001,0.089,1.123,1.125,1.124,1.125,1.128,1.122,61366607,68994010
sz159208,航空航天ETF万家,1.083,-0.009,-0.824,1.082,1.083,1.092,1.092,1.099,1.079,7472800,8111251
sz159207,高股息ETF广发,1.134,0.0,0.0,1.133,1.134,1.134,1.134,1.136,1.129,55421431,62800905
sz159206,卫星ETF永赢,1.386,-0.003,-0.216,1.385,1.386,1.389,1.395,1.409,1.381,213874419,298469257
sz159205,创业板ETF东财,1.673,0.001,0.06,1.673,1.674,1.672,1.692,1.709,1.667,81971180,138750164
sz159203,大盘成长ETF博时,1.334,0.0,0.0,1.334,1.342,1.334,1.342,1.355,1.332,209700,283461
sz159202,恒生互联网ETF万家,0.765,0.011,1.459,0.765,0.766,0.754,0.764,0.779,0.762,172399300,132795185
sz159201,自由现金流ETF华夏,1.17,-0.003,-0.256,1.169,1.17,1.173,1.173,1.176,1.168,147792600,173061310
sz159200,科创债ETF富国,102.381,0.051,0.05,102.381,102.386,102.33,102.364,102.387,102.361,6539883,669559118
sz159199,石油ETF平安,0.896,-0.012,-1.322,0.895,0.896,0.908,0.906,0.906,0.892,467502,418570
sz159198,港股通信息技术ETF富国,1.259,0.003,0.239,1.258,1.259,1.256,1.282,1.289,1.257,65347902,83339955
sz159197,石油ETF招商,0.901,-0.014,-1.53,0.903,0.905,0.915,0.906,0.91,0.897,1863300,1680035
sz159196,港股通信息技术ETF易方达,1.254,0.003,0.24,1.254,1.255,1.251,1.283,1.284,1.251,173693200,220497642
sz159195,石油ETF华安,0.902,-0.013,-1.421,0.901,0.904,0.915,0.913,0.913,0.898,11199211,10090114
sz159193,储能电池ETF银华,0.757,-0.001,-0.132,0.756,0.757,0.758,0.76,0.768,0.756,12635801,9619738
sz159192,家电ETF汇添富,0.937,0.006,0.644,0.937,0.944,0.931,0.936,0.943,0.927,337201,316704
sz159191,港股通科技ETF易方达,0.895,0.009,1.016,0.894,0.895,0.886,0.893,0.912,0.893,8417500,7597008
sz159190,创业板新能源ETF天弘,0.798,0.004,0.504,0.797,0.8,0.794,0.801,0.808,0.797,17713900,14170191
sz159189,石油ETF华夏,0.89,-0.014,-1.549,0.887,0.89,0.904,0.903,0.903,0.884,13569100,12039075
sz159188,红利100ETF景顺,0.934,0.0,0.0,0.933,0.937,0.934,0.932,0.935,0.932,186107,173876
sz159187,创业板新能源ETF景顺,0.801,0.001,0.125,0.801,0.802,0.8,0.804,0.811,0.8,1308412,1053571
sz159186,港股通汽车ETF鹏华,0.681,-0.007,-1.017,0.681,0.682,0.688,0.688,0.691,0.68,3225017,2209503
sz159185,港股通信息技术ETF鹏华,1.119,0.005,0.449,1.118,1.119,1.114,1.136,1.144,1.117,127356600,144305027
sz159183,新能源车ETF招商,0.804,0.005,0.626,0.803,0.804,0.799,0.805,0.81,0.801,3594143,2903497
sz159182,家电ETF南方,0.922,0.008,0.875,0.918,0.922,0.914,0.923,0.927,0.922,25700,23752
sz159181,石油ETF易方达,0.884,-0.013,-1.449,0.883,0.884,0.897,0.892,0.892,0.879,6781700,5987012
sz159180,软件ETF银华,1.009,0.018,1.816,1.009,1.011,0.991,0.994,1.014,0.994,2060011,2074154
sz159179,港股通互联网ETF工银,0.791,0.008,1.022,0.789,0.791,0.783,0.792,0.806,0.788,32083809,25590771
sz159178,消费电子ETF汇添富,1.053,0.005,0.477,1.053,1.054,1.048,1.055,1.075,1.049,15293811,16258441
sz159177,工程机械ETF鹏华,0.892,-0.004,-0.446,0.892,0.895,0.896,0.9,0.902,0.892,719512,645569
sz159176,家电ETF华宝,0.986,0.01,1.025,0.982,0.988,0.976,0.981,0.989,0.981,8288600,8178744
sz159175,电池ETF易方达,0.847,0.001,0.118,0.847,0.848,0.846,0.851,0.858,0.845,10739701,9141345
sz159173,农牧ETF南方,0.914,-0.006,-0.652,0.914,0.916,0.92,0.911,0.92,0.906,2560400,2336233
sz159172,养殖ETF汇添富,0.84,-0.004,-0.474,0.839,0.84,0.844,0.841,0.844,0.833,10609126,8898288
sz159171,工业有色ETF博时,0.776,0.005,0.649,0.776,0.777,0.771,0.771,0.784,0.771,2578103,2008482
sz159170,港股通互联网ETF永赢,0.822,0.009,1.107,0.821,0.822,0.813,0.823,0.838,0.82,23244705,19286749
sz159169,恒生生物科技ETF广发,1.039,-0.01,-0.953,1.039,1.041,1.049,1.055,1.059,1.036,15715117,16403213
sz159168,有色ETF富国,0.845,0.005,0.595,0.845,0.846,0.84,0.839,0.852,0.836,21995300,18632799
sz159167,港股通医疗ETF工银,0.998,-0.006,-0.598,0.996,0.998,1.004,1.004,1.014,0.995,26692108,26773450
sz159166,现金流ETF长城,0.853,0.0,0.0,0.853,0.854,0.853,0.852,0.854,0.852,1889830,1611575
sz159165,养殖ETF永赢,0.87,-0.007,-0.798,0.87,0.871,0.877,0.881,0.881,0.865,9284000,8072936
sz159163,有色ETF泰康,0.731,0.001,0.137,0.73,0.731,0.73,0.731,0.738,0.728,5726113,4196302
sz159162,工业有色ETF鹏华,0.809,0.003,0.372,0.809,0.81,0.806,0.806,0.816,0.806,7048102,5715077
sz159161,工程机械ETF东财,0.893,-0.003,-0.335,0.892,0.893,0.896,0.898,0.901,0.891,929100,832198
sz159160,电池ETF东财,0.782,0.0,0.0,0.782,0.783,0.782,0.785,0.791,0.78,14710300,11559559
sz159159,公用事业ETF国投瑞银,1.006,-0.004,-0.396,1.005,1.006,1.01,1.006,1.011,1.004,470803,473460
sz159158,电力ETF景顺,0.994,-0.003,-0.301,0.993,0.994,0.997,0.995,0.997,0.991,24492305,24321426
sz159157,有色金属ETF天弘,0.811,0.004,0.496,0.811,0.812,0.807,0.809,0.819,0.808,101483525,82628657
sz159156,电池ETF万家,0.825,0.005,0.61,0.825,0.826,0.82,0.822,0.832,0.822,3160900,2617419
sz159155,电池ETF大成,0.796,0.001,0.126,0.797,0.798,0.795,0.798,0.807,0.794,14103000,11273482
sz159153,消费电子ETF鹏华,1.205,0.01,0.837,1.203,1.205,1.195,1.205,1.228,1.199,6678400,8112309
sz159152,港股通科技ETF平安,0.759,0.008,1.065,0.759,0.76,0.751,0.761,0.774,0.757,41774847,32081601
sz159151,食品ETF华夏,0.934,0.009,0.973,0.933,0.934,0.925,0.925,0.936,0.923,12439900,11581296
sz159150,深证50ETF易方达,1.564,0.004,0.256,1.565,1.57,1.56,1.565,1.584,1.56,6872200,10827570
sz159149,创业板新能源ETF工银,0.806,0.005,0.624,0.806,0.808,0.801,0.804,0.817,0.804,4973500,4029626
sz159148,石油ETF富国,0.987,-0.013,-1.3,0.986,0.987,1.0,0.992,0.992,0.981,6248300,6151028
sz159147,电池ETF南方,0.796,0.001,0.126,0.796,0.797,0.795,0.795,0.805,0.793,68086400,54464767
sz159146,电力ETF华宝,1.0,-0.006,-0.596,1.0,1.002,1.006,1.003,1.005,0.999,20193800,20216973
sz159145,工业软件ETF广发,0.822,0.011,1.356,0.82,0.822,0.811,0.816,0.83,0.815,4289701,3536284
sz159143,港股通央企红利ETF平安,0.961,-0.006,-0.62,0.961,0.963,0.967,0.972,0.973,0.959,5599066,5374621
sz159142,科创创业人工智能ETF景顺,1.25,0.029,2.375,1.25,1.251,1.221,1.258,1.277,1.243,76799668,96872732
sz159141,科创创业人工智能ETF永赢,1.22,0.028,2.349,1.22,1.221,1.192,1.228,1.246,1.213,88404204,108963431
sz159140,科创创业人工智能ETF易方达,1.313,0.03,2.338,1.313,1.314,1.283,1.32,1.341,1.307,55531718,73673400
sz159139,科创创业人工智能ETF华泰柏瑞,1.309,0.032,2.506,1.308,1.309,1.277,1.315,1.335,1.29,31576100,41616589
sz159138,工程机械ETF易方达,0.862,-0.004,-0.462,0.862,0.864,0.866,0.87,0.872,0.862,7240000,6265215
sz159137,港股通医疗ETF华宝,1.01,-0.007,-0.688,1.009,1.01,1.017,1.028,1.028,1.007,58397013,59301072
sz159136,A50ETF广发,0.992,0.001,0.101,0.993,0.996,0.991,0.989,1.0,0.989,540900,538897
sz159135,港股通科技ETF前海开源,0.774,0.008,1.044,0.774,0.775,0.766,0.777,0.789,0.772,16042346,12567742
sz159133,化工ETF天弘,1.053,-0.007,-0.66,1.053,1.054,1.06,1.063,1.063,1.051,26038184,27479055
sz159132,恒生生物科技ETF富国,1.016,-0.004,-0.392,1.014,1.016,1.02,1.03,1.032,1.01,29525615,30100915
sz159131,港股通信息技术ETF华宝,0.983,0.003,0.306,0.982,0.983,0.98,1.0,1.006,0.981,1124240300,1119186908
sz159130,恒生生物科技ETF鹏华,0.984,-0.005,-0.506,0.984,0.985,0.989,0.999,0.999,0.979,15454014,15304658
sz159129,化工ETF嘉实,1.03,-0.005,-0.483,1.029,1.03,1.035,1.034,1.036,1.025,10291700,10593868
sz159128,港股科技ETF天弘,0.702,0.007,1.007,0.702,0.703,0.695,0.703,0.715,0.7,65297403,46159642
sz159127,港股通红利ETF南方,0.947,-0.006,-0.63,0.946,0.947,0.953,0.953,0.953,0.943,7480200,7072243
sz159126,港股通50ETF南方,0.929,0.005,0.541,0.928,0.93,0.924,0.925,0.934,0.925,4653301,4330948
sz159125,港股通科技ETF招商,0.696,0.006,0.87,0.696,0.698,0.69,0.696,0.709,0.695,21042900,14773830
sz159123,光伏ETF嘉实,0.875,-0.003,-0.342,0.875,0.876,0.878,0.88,0.889,0.873,18353700,16141297
sz159122,创业板新能源ETF富国,0.844,0.005,0.596,0.842,0.845,0.839,0.847,0.853,0.839,1499600,1271048
sz159121,港股通汽车ETF易方达,0.677,-0.006,-0.878,0.676,0.677,0.683,0.682,0.686,0.675,22126005,15073264
sz159120,港股通科技ETF国联安,0.731,0.008,1.107,0.731,0.732,0.723,0.733,0.744,0.73,27131000,20018277
sz159119,800现金流ETF招商,0.943,-0.001,-0.106,0.942,0.943,0.944,0.943,0.946,0.942,10661400,10065684
sz159118,港股通红利低波ETF华夏,0.945,-0.004,-0.421,0.945,0.946,0.949,0.944,0.947,0.941,2378000,2240629
sz159117,港股通红利低波ETF鹏华,0.99,-0.004,-0.402,0.989,0.994,0.994,0.992,0.992,0.986,2186000,2157804
sz159116,科创债ETF工银,102.64,0.051,0.05,102.636,102.645,102.589,102.584,102.645,102.584,5556700,570317709
sz159115,科创债ETF华安,102.463,0.05,0.049,102.455,102.463,102.413,102.443,102.464,102.443,8919210,913809676
sz159113,科创债ETF大成,102.454,0.053,0.052,102.449,102.454,102.401,102.393,102.454,102.393,14146600,1449359214
sz159112,科创债ETF银华,102.471,0.058,0.057,102.468,102.47,102.413,102.446,102.472,102.446,62176600,6370732349
sz159111,科创债ETF天弘,102.61,0.058,0.057,102.606,102.609,102.552,102.55,102.613,102.55,8078800,828907735
sz159110,科创债ETF万家,102.61,0.045,0.044,102.607,102.61,102.565,102.565,102.617,102.54,13932000,1429538151
sz159109,恒生50ETF景顺,0.813,0.008,0.994,0.812,0.813,0.805,0.809,0.82,0.809,7602801,6202186
sz159108,工业软件ETF博时,0.954,0.014,1.489,0.949,0.954,0.94,0.948,0.959,0.945,2904900,2763960
sz159107,创业板软件ETF富国,0.756,0.017,2.3,0.755,0.756,0.739,0.748,0.761,0.748,67133581,50683389
sz159106,民企300ETF前海开源,1.036,0.004,0.388,1.033,1.043,1.032,1.047,1.049,1.017,1600002,1668395
sz159105,恒生生物科技ETF易方达,0.981,-0.007,-0.709,0.98,0.981,0.988,0.988,0.997,0.975,119302704,117383131
sz159103,金融科技ETF汇添富,0.657,0.003,0.459,0.657,0.658,0.654,0.655,0.663,0.654,9724909,6405912
sz159102,港股通生物科技ETF华安,0.866,-0.005,-0.574,0.863,0.866,0.871,0.87,0.877,0.859,51051123,44270177
sz159101,港股通科技ETF华夏,0.719,0.006,0.842,0.718,0.719,0.713,0.723,0.731,0.717,232869100,168539596
sz159100,巴西ETF华夏,1.168,0.018,1.565,1.167,1.168,1.15,1.162,1.168,1.16,21537172,25045703
sz159099,云计算ETF华宝,0.992,0.014,1.431,0.992,0.994,0.978,0.988,1.005,0.988,12011700,11990991
sz159098,价值ETF招商,0.984,0.002,0.204,0.984,0.985,0.982,0.984,0.987,0.98,3545617,3485242
sz159096,价值ETF华夏,0.974,0.0,0.0,0.973,0.975,0.974,0.971,0.976,0.97,8741322,8513580
sz159095,云计算ETF银华,0.96,0.013,1.373,0.958,0.96,0.947,0.948,0.972,0.948,10539376,10186903
sz159093,化工ETF汇添富,0.991,-0.008,-0.801,0.991,0.996,0.999,1.0,1.0,0.989,4027900,4001523
sz159091,港股通金融ETF易方达,1.092,-0.005,-0.456,1.092,1.095,1.097,1.097,1.097,1.084,4130322,4497810
sz159087,化工ETF万家,0.993,-0.004,-0.401,0.993,0.997,0.997,0.997,1.001,0.991,2047500,2042826
sz159086,金融科技ETF广发,1.045,0.0,0.0,1.045,1.047,1.045,1.06,1.075,1.04,2167100,2270682
sz159085,价值ETF永赢,1.013,0.001,0.099,1.012,1.017,1.012,1.012,1.014,1.009,1654100,1674862
sz159083,红利低波100ETF嘉实,0.99,0.0,0.0,0.988,0.99,0.99,0.99,0.99,0.986,4542704,4488637
sz159082,化工ETF华夏,0.953,-0.008,-0.832,0.951,0.953,0.961,0.961,0.962,0.952,1383778,1324769
sz159079,价值ETF兴全,0.987,0.001,0.101,0.986,0.988,0.986,0.984,0.988,0.983,3840900,3788425
sz159078,A股ETF富国,0.947,0.001,0.106,0.946,0.947,0.946,0.949,0.954,0.944,8138020,7738078
sz159077,电池ETF鑫元,0.89,0.001,0.112,0.889,0.898,0.889,0.893,0.903,0.888,3538103,3173071
sz159076,创业板新能源ETF华宝,0.802,0.004,0.501,0.8,0.802,0.798,0.805,0.813,0.8,13319031,10742751
sz159075,工业互联网ETF华夏,0.909,0.011,1.225,0.909,0.91,0.898,0.906,0.921,0.906,3562026,3259868
sz159073,粮食ETF汇添富,1.067,-0.009,-0.836,1.066,1.067,1.076,1.078,1.083,1.057,14912303,15924677
sz159072,粮食ETF景顺,1.154,-0.009,-0.774,1.154,1.155,1.163,1.163,1.171,1.142,9335000,10765280
sz159071,储能电池ETF华宝,0.794,0.001,0.126,0.794,0.797,0.793,0.794,0.805,0.792,8202111,6548826
sz159070,工程机械ETF嘉实,0.893,-0.003,-0.335,0.892,0.895,0.896,0.898,0.901,0.892,3827504,3426753
sz159069,创业板新能源ETF华泰柏瑞,0.959,0.005,0.524,0.959,0.96,0.954,0.963,0.971,0.959,6544000,6325971
sz159068,软件ETF华夏,1.004,0.017,1.722,1.003,1.004,0.987,0.987,1.011,0.987,4827096,4839749
sz159067,绿色电力ETF鹏华,1.016,-0.003,-0.294,1.016,1.024,1.019,1.015,1.018,1.015,351800,357226
sz159066,A股ETF建信,0.934,0.001,0.107,0.933,0.934,0.933,0.939,0.942,0.932,5517111,5171184
sz159065,工程机械ETF景顺,0.877,-0.003,-0.341,0.876,0.88,0.88,0.885,0.885,0.876,4331053,3820294
sz159063,粮食ETF南方,1.078,-0.007,-0.645,1.078,1.079,1.085,1.075,1.092,1.066,11023200,11862370
sz159062,稀有金属ETF南方,0.78,0.0,0.0,0.779,0.78,0.78,0.781,0.788,0.777,13294600,10420628
sz159061,绿色电力ETF南方,0.924,-0.005,-0.538,0.924,0.926,0.929,0.923,0.933,0.923,4938853,4570567
sz159060,粮食ETF浦银,1.052,-0.007,-0.661,1.052,1.06,1.059,1.041,1.068,1.041,1407900,1478017
sz159059,电力ETF大成,1.014,-0.003,-0.295,1.013,1.015,1.017,1.017,1.017,1.012,5217701,5289157
sz159058,证券ETF大成,0.974,0.002,0.206,0.974,0.977,0.972,0.975,0.98,0.973,4761500,4642601
sz159057,医疗器械ETF鹏华,1.015,0.007,0.694,1.008,1.015,1.008,1.013,1.027,1.01,1512276,1538676
sz159056,医疗器械ETF富国,1.031,0.005,0.487,1.03,1.031,1.026,1.027,1.041,1.025,6872550,7105996
sz159055,稀有金属ETF富国,0.87,-0.001,-0.115,0.87,0.871,0.871,0.873,0.881,0.869,9005600,7862537
sz159053,稀有金属ETF华夏,0.86,0.001,0.116,0.86,0.861,0.859,0.862,0.868,0.857,11923200,10289113
sz159052,储能电池ETF嘉实,0.807,0.001,0.124,0.806,0.807,0.806,0.811,0.817,0.803,2345203,1901489
sz159051,医疗器械ETF易方达,1.034,0.007,0.682,1.034,1.036,1.027,1.032,1.043,1.012,4333394,4487764
sz159050,机器人ETF广发,0.839,0.001,0.119,0.839,0.84,0.838,0.843,0.847,0.836,16684642,14029918
sz159049,有色ETF工银,0.97,0.003,0.31,0.967,0.971,0.967,0.97,0.979,0.967,5383700,5240545
sz159048,机器人ETF大成,0.848,0.001,0.118,0.847,0.848,0.847,0.853,0.856,0.844,7342903,6237208
sz159046,绿电ETF天弘,0.915,-0.003,-0.327,0.915,0.916,0.918,0.916,0.918,0.914,3777941,3458113
sz159045,稀有金属ETF大成,0.764,-0.002,-0.261,0.764,0.767,0.766,0.767,0.775,0.764,6352876,4894248
sz159043,食品ETF华安,1.005,0.006,0.601,1.004,1.005,0.999,0.998,1.007,0.997,2714139,2721227
sz159042,价值ETF汇添富,0.981,0.001,0.102,0.98,0.981,0.98,0.978,0.982,0.978,417734,408730
sz159041,农业ETF鹏华,1.021,-0.007,-0.681,1.021,1.022,1.028,1.027,1.028,1.016,3739300,3816282
sz159040,港股通互联网ETF鹏华,1.035,0.01,0.976,1.033,1.035,1.025,1.034,1.054,1.031,4632204,4837061
sz159039,机器人ETF华安,0.822,0.001,0.122,0.822,0.823,0.821,0.825,0.83,0.817,25547727,21012398
sz159038,粮食ETF易方达,0.966,-0.007,-0.719,0.965,0.966,0.973,0.965,0.981,0.956,17537915,16937834
sz159037,价值ETF鹏华,0.98,0.0,0.0,0.978,0.979,0.98,0.976,0.982,0.976,244300,239250
sz159036,软件开发ETF华宝,0.935,0.016,1.741,0.935,0.936,0.919,0.941,0.944,0.922,8785311,8225138
sz159035,软件ETF天弘,0.82,0.011,1.36,0.82,0.821,0.809,0.812,0.828,0.812,13617804,11177838
sz159033,粮食ETF国泰,1.02,-0.008,-0.778,1.02,1.021,1.028,1.029,1.035,1.01,52352622,53482244
sz159032,工业有色ETF易方达,0.864,0.005,0.582,0.864,0.865,0.859,0.86,0.871,0.86,9971701,8633735
sz159031,粮食ETF博时,0.996,-0.009,-0.896,0.996,0.997,1.005,0.999,1.012,0.987,4969908,4953247
sz159030,粮食ETF华夏,0.901,-0.007,-0.771,0.9,0.901,0.908,0.897,0.914,0.891,75015719,67457236
sz159029,有色ETF广发,0.88,0.003,0.342,0.877,0.88,0.877,0.877,0.886,0.874,10166201,8949357
sz159028,港股汽车ETF天弘,0.702,-0.006,-0.847,0.702,0.703,0.708,0.709,0.711,0.7,7218310,5090598
sz159027,畜牧养殖ETF大成,0.913,-0.007,-0.761,0.913,0.915,0.92,0.919,0.919,0.907,4724222,4313796
sz159026,石油ETF南方,0.926,-0.012,-1.279,0.926,0.927,0.938,0.938,0.938,0.921,7310000,6750896
sz159025,家电ETF华安,0.995,0.01,1.015,0.993,0.994,0.985,0.985,0.999,0.985,5153990,5136675
sz159023,养殖ETF万家,1.069,-0.009,-0.835,1.069,1.073,1.078,1.077,1.077,1.063,5139600,5492832
sz159022,科创创业人工智能ETF富国,1.043,0.023,2.255,1.042,1.043,1.02,1.047,1.066,1.038,23840900,25130907
sz159021,大盘价值ETF华夏,1.008,0.0,0.0,1.004,1.007,1.008,0.999,1.01,0.999,4086187,4114778
sz159020,养殖ETF易方达,0.921,-0.005,-0.54,0.92,0.921,0.926,0.925,0.926,0.915,1599109,1469562
sz159019,石油ETF华宝,0.927,-0.013,-1.383,0.927,0.929,0.94,0.931,0.931,0.921,8662701,8009393
sz159018,石油ETF广发,0.905,-0.014,-1.523,0.905,0.91,0.919,0.913,0.913,0.901,4973800,4505911
sz159017,石油ETF工银,0.923,-0.013,-1.389,0.923,0.925,0.936,0.931,0.931,0.919,5218100,4816539
sz159016,证券ETF广发,0.993,0.002,0.202,0.993,0.994,0.991,0.992,1.0,0.992,21586011,21494147
sz159015,恒生港股通科技ETF国联,0.879,0.009,1.034,0.878,0.879,0.87,0.882,0.899,0.878,8294801,7372187
sz159013,工业互联网ETF大成,1.0,0.013,1.317,1.0,1.003,0.987,0.996,1.012,0.993,4007604,4019024
sz159012,科创创业50ETF鹏华,0.892,0.006,0.677,0.892,0.893,0.886,0.902,0.913,0.887,16049932,14516738
sz159011,养殖ETF华安,1.064,-0.014,-1.299,1.064,1.067,1.078,1.075,1.075,1.056,2963600,3144033
sz159010,港股通科技ETF博时,0.888,0.008,0.909,0.888,0.889,0.88,0.881,0.907,0.881,10740308,9659207
sz159009,创业板新能源ETF易方达,0.825,0.001,0.121,0.825,0.826,0.824,0.826,0.834,0.822,1281100,1061051
sz159008,证券ETF景顺,1.0,0.001,0.1,0.999,1.0,0.999,1.009,1.009,0.998,6213505,6220905
sz159007,养殖ETF华泰柏瑞,0.889,-0.008,-0.892,0.889,0.89,0.897,0.895,0.895,0.882,18895801,16778550
sz159005,快钱ETF汇添富,100.0,0.001,0.001,99.999,100.001,99.999,99.999,100.0,99.999,210905,21090454
sz159003,招商快线ETF,100.0,0.001,0.001,100.0,100.001,99.999,99.997,100.001,99.997,747775,74777437
sz159001,货币ETF易方达,100.0,0.001,0.001,99.999,100.0,99.999,100.0,100.001,99.999,4664043,466402081
sz158061,创业板算力ETF天弘,1.082,0.005,0.464,1.082,1.083,1.077,1.088,1.095,1.077,160500346,174293569
sz158050,创业板算力ETF易方达,1.044,0.004,0.385,1.044,1.045,1.04,1.048,1.056,1.04,385059513,403745560
sz158049,创业板算力ETF广发,1.026,0.002,0.195,1.025,1.026,1.024,1.036,1.04,1.024,783831631,810142117
sz158041,创业板算力ETF华夏,1.077,0.005,0.466,1.077,1.078,1.072,1.085,1.089,1.073,344650806,372357845
sz158038,粮食ETF富国,1.005,-0.008,-0.79,1.004,1.005,1.013,1.01,1.023,0.998,29364858,29593977
sz158032,化工ETF景顺,0.96,-0.006,-0.621,0.96,0.961,0.966,0.956,0.967,0.956,5430258,5226921
sz158031,创业板人工智能ETF易方达,1.019,0.005,0.493,1.018,1.019,1.014,1.032,1.036,1.012,129728621,133559385
sz158028,稀有金属ETF招商,0.976,0.001,0.103,0.976,0.978,0.975,0.976,0.987,0.974,6349307,6226902
sz158027,工业互联网ETF易方达,0.986,0.01,1.025,0.986,0.99,0.976,0.981,1.0,0.971,21695168,21600858
sz158023,红利低波ETF万家,0.986,0.0,0.0,0.984,0.986,0.986,0.984,0.986,0.98,5097895,5009837
sz158022,创业板综增强ETF国联,1.033,0.004,0.389,1.029,1.033,1.029,1.027,1.044,1.026,8725303,9020451
sz158019,电池ETF永赢,0.917,0.0,0.0,0.917,0.92,0.917,0.918,0.93,0.917,4682037,4328590
sz158017,化工ETF易方达,0.967,-0.006,-0.617,0.967,0.973,0.973,0.974,0.974,0.965,3487001,3380459
sz158013,航空航天ETF易方达,0.999,-0.007,-0.696,0.998,1.005,1.006,1.006,1.016,0.995,2897608,2898687
sz158012,云计算ETF南方,0.953,0.015,1.599,0.953,0.954,0.938,0.95,0.965,0.949,19115744,18333774
sz158011,创业板软件ETF国泰,0.998,0.021,2.149,0.998,0.999,0.977,0.979,1.006,0.979,3884287,3879111
sz158010,医疗ETF嘉实,1.003,0.001,0.1,1.001,1.003,1.002,1.002,1.016,0.997,46153573,46354793
sz158009,航空航天ETF南方,1.045,-0.008,-0.76,1.046,1.05,1.053,1.058,1.058,1.042,3340303,3496875
sz158008,储能电池ETF华夏,0.941,0.006,0.642,0.935,0.941,0.935,0.942,0.949,0.933,4347665,4090869
sz158006,化工ETF博时,0.983,-0.006,-0.607,0.983,0.984,0.989,0.989,0.989,0.98,797500,785809
sz158005,工程机械ETF博时,0.935,-0.003,-0.32,0.935,0.936,0.938,0.94,0.946,0.934,1249202,1173821
sz158003,港股通医疗ETF嘉实,1.035,-0.006,-0.576,1.035,1.036,1.041,1.041,1.055,1.03,13901637,14457359
sz158001,价值ETF嘉实,0.978,0.0,0.0,0.977,0.978,0.978,0.978,0.98,0.975,1324409,1294366
sz158000,港股通金融ETF鹏华,1.033,0.0,0.0,1.031,1.033,1.033,1.033,1.036,1.024,3164044,3254732
sh589990,科创综指ETF华泰柏瑞,1.66,0.009,0.545,1.66,1.662,1.651,1.666,1.692,1.652,2801900,4700064
sh589980,科创100ETF汇添富,1.866,0.004,0.215,1.865,1.869,1.862,1.91,1.91,1.862,5047400,9508593
sh589960,科创新能源ETF易方达,0.837,-0.001,-0.119,0.837,0.838,0.838,0.842,0.85,0.835,25463900,21450435
sh589950,科创100ETF富国,1.354,0.003,0.222,1.352,1.354,1.351,1.39,1.39,1.35,2198400,3005340
sh589900,科创综指ETF博时,1.585,0.008,0.507,1.581,1.585,1.577,1.578,1.62,1.577,7232900,11574930
sh589890,科创综指ETF景顺,1.577,0.006,0.382,1.576,1.577,1.571,1.589,1.611,1.57,3465400,5521258
sh589880,科创综指ETF建信,1.558,0.006,0.387,1.558,1.559,1.552,1.56,1.591,1.551,21547463,33883647
sh589860,科创综指ETF天弘,1.577,0.003,0.191,1.578,1.58,1.574,1.589,1.614,1.573,15196900,24236651
sh589850,科创50ETF东财,1.6,0.008,0.503,1.6,1.601,1.592,1.622,1.64,1.591,105229970,170561184
sh589820,科创200ETF建信,1.297,0.008,0.621,1.299,1.3,1.289,1.304,1.313,1.29,12084000,15730569
sh589800,科创综指ETF易方达,1.591,0.004,0.252,1.591,1.592,1.587,1.606,1.626,1.584,31207567,50090071
sh589780,科创200ETF富国,1.277,0.007,0.551,1.275,1.281,1.27,1.282,1.295,1.271,3558200,4575839
sh589770,科创综指ETF招商,1.602,0.004,0.25,1.602,1.606,1.598,1.613,1.635,1.596,5833000,9424137
sh589720,科创创新药ETF国泰,0.926,0.003,0.325,0.926,0.927,0.923,0.92,0.943,0.911,760282159,703381484
sh589700,科创成长ETF南方,2.269,-0.023,-1.003,2.266,2.269,2.292,2.311,2.323,2.261,4541600,10427959
sh589680,科创综指ETF鹏华,1.531,0.001,0.065,1.531,1.532,1.53,1.554,1.564,1.524,89501700,138127865
sh589660,科创综指ETF南方,1.594,0.004,0.252,1.594,1.597,1.59,1.606,1.629,1.588,28988500,46809663
sh589630,科创综指ETF国泰,0.786,0.003,0.383,0.786,0.787,0.783,0.792,0.803,0.781,34184100,27151921
sh589600,科创综指ETF富国,1.582,0.006,0.381,1.581,1.582,1.576,1.596,1.616,1.574,6932900,11071658
sh589580,科创综指ETF兴银,1.571,0.008,0.512,1.568,1.575,1.563,1.578,1.606,1.567,365700,583971
sh589560,科创人工智能ETF汇添富,0.97,0.031,3.301,0.97,0.971,0.939,0.967,0.99,0.965,38195400,37374560
sh589550,科创价值ETF华夏,1.309,0.009,0.692,1.309,1.313,1.3,1.306,1.32,1.306,2096200,2761510
sh589520,科创人工智能ETF华宝,0.611,0.018,3.035,0.61,0.611,0.593,0.608,0.624,0.608,79136732,48822051
sh589510,科创新材料ETF易方达,1.027,-0.011,-1.06,1.027,1.029,1.038,1.048,1.055,1.024,11780343,12299562
sh589500,科创综指ETF工银,1.604,0.004,0.25,1.605,1.609,1.6,1.632,1.638,1.602,3564700,5788158
sh589460,科创200ETF华宝,1.015,0.005,0.495,1.015,1.016,1.01,1.018,1.029,1.009,43196149,44126835
sh589430,科创芯片设计ETF华宝,1.032,0.022,2.178,1.032,1.033,1.01,1.017,1.059,1.017,71316572,74602152
sh589420,科创芯片设计ETF永赢,0.785,0.016,2.081,0.785,0.786,0.769,0.8,0.805,0.77,22347300,17727094
sh589410,科创人工智能ETF嘉实,0.857,0.027,3.253,0.857,0.858,0.83,0.85,0.874,0.85,16410337,14165092
sh589400,科创芯片设计ETF富国,0.781,0.017,2.225,0.781,0.782,0.764,0.783,0.801,0.778,17812036,14105666
sh589390,科创芯片设计ETF招商,0.782,0.019,2.49,0.781,0.782,0.763,0.783,0.802,0.777,24927275,19721804
sh589380,科创人工智能ETF富国,1.46,0.05,3.546,1.458,1.46,1.41,1.416,1.485,1.416,11494100,16845295
sh589360,科创50ETF国泰,0.861,0.006,0.702,0.86,0.861,0.855,0.868,0.881,0.856,76357400,66530015
sh589350,科创芯片设计ETF银华,0.788,0.017,2.205,0.788,0.789,0.771,0.79,0.81,0.786,30295306,24251830
sh589330,科创200ETF东财,0.915,0.005,0.549,0.913,0.915,0.91,0.914,0.926,0.91,4919000,4522943
sh589320,科创200ETF嘉实,0.898,0.006,0.673,0.898,0.899,0.892,0.897,0.911,0.894,3390100,3057131
sh589310,科创人工智能ETF鑫元,0.839,0.025,3.071,0.839,0.84,0.814,0.835,0.855,0.835,14358203,12160970
sh589300,科创综指ETF嘉实,1.73,0.007,0.406,1.728,1.729,1.723,1.725,1.767,1.722,1302700,2269352
sh589290,科创芯片设计ETF汇添富,0.813,0.018,2.264,0.812,0.813,0.795,0.813,0.834,0.81,9984401,8187410
sh589280,科创增强ETF华宝,0.943,0.004,0.426,0.943,0.945,0.939,0.946,0.96,0.941,5001800,4750887
sh589270,科创100ETF前海开源,1.142,0.005,0.44,1.141,1.142,1.137,1.15,1.161,1.14,402600,465661
sh589260,科创芯片设计ETF国泰,1.281,0.028,2.235,1.281,1.283,1.253,1.291,1.315,1.268,15677500,20264541
sh589250,科创芯片设计ETF浦银,1.28,0.032,2.564,1.28,1.282,1.248,1.287,1.313,1.274,9403100,12206418
sh589230,科创人工智能ETF南方,0.883,0.027,3.154,0.883,0.884,0.856,0.885,0.899,0.878,20264400,18043799
sh589220,科创200ETF国泰,1.058,0.006,0.57,1.058,1.059,1.052,1.062,1.074,1.054,34129193,36362967
sh589210,科创芯片设计ETF广发,0.695,0.013,1.906,0.695,0.696,0.682,0.7,0.716,0.693,97337900,68776189
sh589200,科创200ETF工银,1.421,0.006,0.424,1.42,1.424,1.415,1.399,1.456,1.383,2446600,3492975
sh589190,科创芯片ETF华宝,0.65,0.004,0.619,0.65,0.651,0.646,0.662,0.669,0.644,258999700,169091891
sh589180,科创新材料ETF汇添富,1.728,-0.018,-1.031,1.728,1.729,1.746,1.759,1.774,1.718,18179300,31774330
sh589170,科创芯片设计ETF鹏华,1.111,0.025,2.302,1.109,1.111,1.086,1.119,1.141,1.105,17085500,19239520
sh589160,科创芯片ETF广发,1.3,0.007,0.541,1.3,1.301,1.293,1.326,1.338,1.292,25568800,33722632
sh589150,科创50ETF平安,1.207,0.007,0.583,1.207,1.208,1.2,1.223,1.238,1.201,19306300,23638397
sh589130,科创芯片ETF易方达,1.419,0.007,0.496,1.418,1.419,1.412,1.442,1.461,1.411,145365250,209004973
sh589120,科创创新药ETF汇添富,0.853,0.001,0.117,0.853,0.854,0.852,0.846,0.87,0.84,199274370,169867535
sh589110,科创人工智能ETF国泰,0.941,0.026,2.842,0.941,0.943,0.915,0.939,0.961,0.938,12428000,11826476
sh589100,科创芯片ETF国泰,0.922,0.004,0.436,0.921,0.922,0.918,0.939,0.949,0.918,52534350,49192018
sh589090,科创AIETF鹏华,1.087,0.033,3.131,1.086,1.087,1.054,1.085,1.109,1.07,12639100,13856541
sh589080,科创综指ETF汇添富,1.573,0.006,0.383,1.572,1.573,1.567,1.588,1.605,1.565,16062800,25468959
sh589070,科创芯片设计ETF天弘,1.104,0.027,2.507,1.103,1.104,1.077,1.108,1.132,1.096,328777000,367095616
sh589060,科创综指ETF东财,1.659,0.005,0.302,1.659,1.661,1.654,1.675,1.691,1.652,3025600,5073356
sh589050,科创综指ETF兴业,1.36,0.005,0.369,1.362,1.364,1.355,1.368,1.395,1.36,922000,1266053
sh589030,科创芯片设计ETF易方达,1.178,0.028,2.435,1.177,1.178,1.15,1.182,1.209,1.171,106661920,127083847
sh589020,科创半导体设备ETF鹏华,1.215,-0.017,-1.38,1.214,1.215,1.232,1.256,1.257,1.205,661973205,815309843
sh589010,科创人工智能ETF华夏,1.44,0.044,3.152,1.44,1.441,1.396,1.416,1.468,1.416,56724500,82370869
sh589000,科创综指ETF华夏,1.581,0.005,0.317,1.581,1.582,1.576,1.598,1.615,1.574,53055900,84745286
sh588990,科创芯片ETF博时,3.739,0.019,0.511,3.739,3.74,3.72,3.809,3.846,3.716,12215400,46324576
sh588980,科创100ETF广发,1.657,0.003,0.181,1.657,1.658,1.654,1.674,1.688,1.653,883600,1472458
sh588960,科创新能源ETF富国,1.095,0.0,0.0,1.093,1.095,1.095,1.102,1.109,1.091,5975700,6568286
sh588950,科创50ETF景顺,1.744,0.01,0.577,1.743,1.744,1.734,1.765,1.787,1.735,48998200,86473485
sh588940,科创50ETF富国,0.864,0.005,0.582,0.863,0.864,0.859,0.875,0.885,0.858,181640700,158659946
sh588930,科创人工智能ETF银华,1.592,0.045,2.909,1.592,1.593,1.547,1.586,1.625,1.585,31766400,51065144
sh588920,科创芯片ETF鹏华,1.145,0.005,0.439,1.145,1.146,1.14,1.166,1.179,1.139,24401500,28331667
sh588910,科创价值ETF建信,1.522,0.006,0.396,1.522,1.524,1.516,1.524,1.545,1.518,6244000,9570646
sh588900,科创100ETF南方,1.86,0.004,0.216,1.86,1.861,1.856,1.88,1.895,1.854,4317100,8105883
sh588890,科创芯片ETF南方,1.346,0.007,0.523,1.346,1.347,1.339,1.369,1.386,1.339,124759053,170877958
sh588880,科创100ETF华泰柏瑞,1.796,0.007,0.391,1.795,1.796,1.789,1.805,1.83,1.79,3424000,6193745
sh588870,科创50ETF汇添富,1.691,0.009,0.535,1.69,1.691,1.682,1.719,1.733,1.683,110267647,188912772
sh588860,科创医药ETF工银,0.679,0.004,0.593,0.679,0.68,0.675,0.673,0.69,0.671,15079800,10241956
sh588850,科创机械ETF嘉实,1.827,0.0,0.0,1.827,1.828,1.827,1.849,1.867,1.816,7251000,13341993
sh588840,科创50ETF万家,1.545,0.01,0.651,1.544,1.545,1.535,1.554,1.581,1.537,5172800,8099478
sh588830,科创新能源ETF鹏华,1.184,-0.002,-0.169,1.184,1.185,1.186,1.193,1.2,1.18,78885200,93523883
sh588820,科创200ETF华夏,2.015,0.01,0.499,2.014,2.015,2.005,2.02,2.046,2.005,7838900,15942269
sh588810,科创芯片ETF富国,1.277,0.006,0.472,1.277,1.278,1.271,1.302,1.316,1.271,65987344,85694046
sh588800,科创100ETF华夏,1.788,0.001,0.056,1.787,1.788,1.787,1.806,1.824,1.782,175083550,316289133
sh588790,科创AIETF博时,0.814,0.025,3.169,0.814,0.815,0.789,0.811,0.83,0.809,364651206,299543870
sh588780,科创芯片设计ETF国联安,1.015,0.024,2.422,1.015,1.016,0.991,1.019,1.042,1.009,224119017,230016847
sh588770,科创信息ETF摩根,1.86,0.007,0.378,1.86,1.862,1.853,1.863,1.912,1.854,8158300,15347800
sh588760,科创人工智能ETF广发,0.771,0.023,3.075,0.77,0.771,0.748,0.766,0.787,0.763,283904000,220858589
sh588750,科创芯片ETF汇添富,2.381,0.008,0.337,2.381,2.383,2.373,2.425,2.453,2.371,82964189,200564263
sh588730,科创人工智能ETF易方达,1.519,0.045,3.053,1.518,1.519,1.474,1.519,1.55,1.512,60318100,92520168
sh588720,科创50ETF中银,1.699,0.009,0.533,1.697,1.699,1.69,1.72,1.74,1.691,4246600,7309141
sh588710,科创半导体设备ETF华泰柏瑞,1.031,-0.015,-1.434,1.031,1.032,1.046,1.066,1.068,1.023,1282569034,1339723912
sh588700,科创医药ETF嘉实,1.017,0.006,0.593,1.017,1.018,1.011,1.012,1.032,1.005,37976000,38614734
sh588690,科创增强ETF银华,1.233,-0.001,-0.081,1.233,1.234,1.234,1.384,1.384,1.231,6037600,7630557
sh588680,科创100增强ETF广发,2.648,0.001,0.038,2.648,2.65,2.647,2.684,2.7,2.644,936500,2497190
sh588670,科创综指增强ETF嘉实,1.766,0.002,0.113,1.766,1.769,1.764,1.781,1.808,1.757,1398000,2489093
sh588660,科创创业50ETF兴银,1.799,0.009,0.503,1.799,1.806,1.79,1.807,1.848,1.791,1598000,2912938
sh588550,科创综指增强ETF易方达,1.375,-0.007,-0.507,1.375,1.376,1.382,1.406,1.41,1.366,8663600,12128474
sh588530,科创创业人工智能ETF中银证券,0.976,0.023,2.413,0.976,0.978,0.953,0.96,0.993,0.96,12734800,12564203
sh588520,科创增强ETF永赢,1.432,0.001,0.07,1.431,1.432,1.431,1.445,1.463,1.427,4174300,5998776
sh588510,科创创业人工智能ETF华夏,0.894,0.022,2.523,0.893,0.894,0.872,0.895,0.911,0.889,20315400,18347346
sh588500,科创100增强ETF易方达,2.618,-0.009,-0.343,2.618,2.623,2.627,2.667,2.675,2.605,2950300,7806966
sh588480,科创创业人工智能ETF中金,0.932,0.022,2.418,0.932,0.935,0.91,0.928,0.951,0.926,13592900,12821170
sh588470,科创创业人工智能ETF华安,0.875,0.022,2.579,0.875,0.876,0.853,0.861,0.89,0.861,21249400,18717286
sh588460,科创50增强ETF鹏华,2.087,0.017,0.821,2.086,2.087,2.07,2.103,2.13,2.074,31756100,66879866
sh588450,科创50增强ETF招商,2.204,0.015,0.685,2.2,2.204,2.189,2.226,2.25,2.189,6006000,13360915
sh588430,科创创业人工智能ETF工银,1.278,0.029,2.322,1.277,1.278,1.249,1.283,1.306,1.274,6225400,8037808
sh588420,科创创业人工智能ETF摩根,1.234,0.029,2.407,1.233,1.234,1.205,1.235,1.258,1.227,19103400,23713966
sh588410,科创创业人工智能ETF鹏华,1.25,0.03,2.459,1.249,1.251,1.22,1.25,1.273,1.24,4980800,6282690
sh588400,科创创业ETF嘉实,1.102,0.002,0.182,1.102,1.103,1.1,1.115,1.131,1.096,94175300,104195837
sh588390,科创创业ETF博时,1.186,0.004,0.338,1.185,1.186,1.182,1.193,1.216,1.18,5668000,6819541
sh588380,科创创业ETF富国,1.103,0.002,0.182,1.102,1.103,1.101,1.118,1.134,1.099,175093519,195358774
sh588370,科创50增强ETF南方,1.774,0.011,0.624,1.774,1.776,1.763,1.796,1.818,1.766,6336000,11372718
sh588360,科创创业ETF国泰,1.182,0.005,0.425,1.18,1.182,1.177,1.188,1.213,1.175,21793000,26055619
sh588350,科创创业50ETF鹏扬,1.687,0.0,0.0,1.688,1.692,1.687,1.696,1.734,1.681,1272500,2178033
sh588330,双创50ETF华宝,1.1,0.003,0.273,1.1,1.101,1.097,1.115,1.13,1.095,56539200,63054528
sh588320,双创50增强ETF广发,1.73,0.01,0.581,1.728,1.73,1.72,1.747,1.769,1.722,7534500,13194765
sh588310,科创创业ETF方正富邦,1.161,0.003,0.259,1.16,1.162,1.158,1.169,1.191,1.158,1089400,1281982
sh588300,科创创业50ETF招商,1.121,-0.001,-0.089,1.121,1.122,1.122,1.136,1.153,1.117,45959900,52234989
sh588290,科创芯片ETF华安,1.166,0.005,0.431,1.166,1.167,1.161,1.188,1.2,1.16,153059560,180913478
sh588280,科创50ETF华安,1.198,0.006,0.503,1.198,1.199,1.192,1.22,1.227,1.193,27153300,32970586
sh588270,科创200ETF易方达,1.765,0.006,0.341,1.765,1.767,1.759,1.778,1.793,1.755,12316000,21866397
sh588260,科创信息ETF华安,2.562,0.02,0.787,2.564,2.565,2.542,2.585,2.621,2.544,1712100,4409370
sh588250,科创医药ETF鹏华,1.055,0.005,0.476,1.055,1.056,1.05,1.051,1.071,1.04,8877400,9374253
sh588240,科创200ETF鹏华,1.733,0.006,0.347,1.731,1.733,1.727,1.738,1.759,1.725,25635700,44693111
sh588230,科创200ETF华泰柏瑞,1.875,0.008,0.428,1.875,1.876,1.867,1.889,1.905,1.864,78080000,147083829
sh588220,科创100ETF鹏华,1.809,0.008,0.444,1.808,1.809,1.801,1.83,1.84,1.797,453476494,822472477
sh588210,科创100ETF易方达,1.821,0.004,0.22,1.822,1.825,1.817,1.838,1.856,1.817,7948900,14579857
sh588200,科创芯片ETF嘉实,1.191,0.004,0.337,1.19,1.191,1.187,1.22,1.23,1.185,2339996949,2829232181
sh588190,科创100ETF银华,1.8,0.004,0.223,1.8,1.801,1.796,1.82,1.835,1.794,41952191,76251709
sh588180,科创50ETF国联安,1.09,0.007,0.646,1.089,1.09,1.083,1.103,1.117,1.084,23457800,25894537
sh588170,科创半导体ETF华夏,0.995,-0.017,-1.68,0.995,0.996,1.012,1.035,1.035,0.99,6063485431,6133168928
sh588160,科创新材料ETF南方,1.081,-0.015,-1.369,1.081,1.082,1.096,1.111,1.114,1.078,186016100,203829815
sh588150,科创50ETF南方,1.186,0.007,0.594,1.186,1.187,1.179,1.196,1.215,1.18,35047200,42134374
sh588140,科创200ETF广发,1.266,0.01,0.796,1.263,1.266,1.256,1.272,1.285,1.26,7081200,9032154
sh588130,科创医药ETF华夏,1.038,0.008,0.777,1.037,1.038,1.03,1.035,1.052,1.024,77321500,80164339
sh588120,科创100ETF国泰,0.917,0.003,0.328,0.917,0.918,0.914,0.927,0.935,0.913,38165600,35308313
sh588110,科创成长ETF广发,0.656,-0.007,-1.056,0.655,0.656,0.663,0.67,0.672,0.653,71841300,47730732
sh588100,科创信息ETF嘉实,0.884,0.004,0.455,0.884,0.885,0.88,0.9,0.908,0.88,16277001,14608999
sh588090,科创50ETF华泰柏瑞,1.715,0.01,0.587,1.715,1.716,1.705,1.737,1.758,1.705,100553968,174212290
sh588080,科创50ETF易方达,1.705,0.009,0.531,1.705,1.706,1.696,1.737,1.747,1.696,1048164028,1811138518
sh588070,科创成长ETF万家,2.285,-0.016,-0.695,2.282,2.285,2.301,2.326,2.338,2.273,4169700,9640536
sh588060,科创50ETF广发,1.057,0.004,0.38,1.057,1.058,1.053,1.072,1.084,1.052,484138678,518394769
sh588050,科创50ETF工银,1.709,0.01,0.589,1.709,1.71,1.699,1.733,1.75,1.698,181431808,313365050
sh588040,科创50ETF鹏华,1.694,0.01,0.594,1.694,1.695,1.684,1.72,1.735,1.685,14503300,24861282
sh588030,科创100ETF博时,1.803,0.0,0.0,1.803,1.804,1.803,1.824,1.841,1.798,79649000,145043883
sh588020,科创成长ETF易方达,0.894,-0.008,-0.887,0.894,0.895,0.902,0.911,0.92,0.89,259538088,234682263
sh588010,科创新材料ETF博时,1.056,-0.012,-1.124,1.056,1.057,1.068,1.082,1.086,1.051,102810009,109923277
sh588000,科创50ETF华夏,1.758,0.009,0.515,1.758,1.759,1.749,1.79,1.802,1.748,4449571316,7922340749
sh563990,800现金流ETF富国,1.216,-0.001,-0.082,1.216,1.22,1.217,1.223,1.224,1.215,4845200,5896985
sh563980,800红利低波ETF鑫元,0.969,-0.001,-0.103,0.969,0.97,0.97,0.985,0.985,0.966,4253700,4114831
sh563960,300质量ETF兴全,0.943,0.001,0.106,0.943,0.944,0.942,0.943,0.945,0.935,1025600,967420
sh563930,上证增强ETF招商,1.067,0.005,0.471,1.067,1.068,1.062,1.067,1.069,1.063,1121900,1196745
sh563900,300自由现金流ETF摩根,1.139,0.0,0.0,1.138,1.14,1.139,1.145,1.145,1.134,18278600,20809870
sh563890,国企红利ETF创金合信,1.061,0.003,0.284,1.06,1.062,1.058,1.059,1.061,1.056,553000,584810
sh563880,A500ETF汇添富,1.245,0.001,0.08,1.245,1.246,1.244,1.249,1.258,1.243,82102600,102785915
sh563870,通用航空ETF鹏华,0.647,-0.002,-0.308,0.647,0.649,0.649,0.648,0.653,0.646,204900,133039
sh563860,中证A500ETF海富通,1.295,0.003,0.232,1.292,1.298,1.292,1.303,1.307,1.293,21557900,28017203
sh563850,食品ETF广发,0.962,0.007,0.733,0.962,0.963,0.955,0.955,0.965,0.953,3851200,3697508
sh563830,全指现金流ETF博时,1.127,-0.001,-0.089,1.126,1.13,1.128,1.122,1.129,1.122,2914000,3283735
sh563800,A500ETF广发,1.204,0.001,0.083,1.204,1.205,1.203,1.209,1.217,1.203,237230402,287541946
sh563790,卫星ETF鹏华,0.838,-0.001,-0.119,0.837,0.838,0.839,0.844,0.851,0.835,37283400,31451807
sh563780,现金流全指ETF方正富邦,1.188,0.0,0.0,1.186,1.193,1.188,1.186,1.191,1.185,926200,1100100
sh563770,全指现金流ETF招商,1.148,0.0,0.0,1.146,1.15,1.148,1.146,1.151,1.146,10675700,12272928
sh563760,全指现金流ETF中银,1.128,-0.002,-0.177,1.127,1.128,1.13,1.13,1.132,1.124,87274600,98435908
sh563750,中证500ETF汇添富,1.101,0.0,0.0,1.101,1.102,1.101,1.112,1.123,1.099,11077900,12277112
sh563700,红利价值ETF易方达,1.076,0.001,0.093,1.075,1.076,1.075,1.071,1.076,1.067,5244800,5616475
sh563690,红利低波ETF永赢,1.028,0.001,0.097,1.025,1.028,1.027,1.022,1.028,1.017,6071000,6208635
sh563680,800现金流ETF汇添富,1.155,-0.003,-0.259,1.154,1.159,1.158,1.148,1.18,1.148,2454900,2839332
sh563670,金融科技ETF鹏华,0.666,0.002,0.301,0.666,0.668,0.664,0.664,0.673,0.664,1738800,1163195
sh563660,A500ETF银河,1.238,0.003,0.243,1.237,1.242,1.235,1.247,1.248,1.238,312200,388761
sh563650,中证A500ETF兴业,1.275,0.002,0.157,1.273,1.277,1.273,1.273,1.288,1.273,3972400,5083388
sh563630,A500增强ETF国联安,1.262,-0.001,-0.079,1.262,1.265,1.263,1.27,1.275,1.262,988400,1251905
sh563620,全指现金流ETF兴业,1.039,-0.002,-0.192,1.037,1.041,1.041,1.045,1.051,1.038,891000,927243
sh563600,A500增强ETF易方达,1.035,-0.001,-0.097,1.033,1.037,1.036,1.036,1.045,1.034,623400,649283
sh563590,A500红利低波动ETF国寿,0.978,-0.001,-0.102,0.978,0.981,0.979,0.979,0.98,0.977,312300,305403
sh563580,自由现金流800ETF万家,1.09,-0.002,-0.183,1.09,1.093,1.092,1.093,1.107,1.086,5540400,6047228
sh563570,金融科技ETF兴业,0.725,0.003,0.416,0.723,0.725,0.722,0.728,0.731,0.721,5042800,3662512
sh563560,科技成长ETF兴业,1.231,0.001,0.081,1.231,1.232,1.23,1.266,1.27,1.225,14174700,17814186
sh563550,A500增强ETF摩根,1.265,0.002,0.158,1.265,1.266,1.263,1.27,1.278,1.261,5229400,6627999
sh563530,卫星ETF易方达,1.117,0.001,0.09,1.116,1.117,1.116,1.122,1.134,1.112,46136700,51921408
sh563520,沪深300ETF永赢,1.187,0.002,0.169,1.187,1.188,1.185,1.209,1.209,1.186,6674000,7960946
sh563510,A500红利低波ETF易方达,1.009,0.001,0.099,1.008,1.009,1.008,1.009,1.009,1.004,5556900,5590887
sh563500,A500ETF华宝,0.627,0.002,0.32,0.625,0.627,0.625,0.627,0.632,0.625,14517548,9142057
sh563390,全指现金流ETF华泰柏瑞,1.178,-0.003,-0.254,1.178,1.181,1.181,1.181,1.187,1.177,16332300,19283583
sh563380,航空航天ETF华泰柏瑞,0.971,-0.008,-0.817,0.971,0.972,0.979,0.984,0.986,0.967,28103800,27354468
sh563360,A500ETF华泰柏瑞,1.272,0.0,0.0,1.271,1.272,1.272,1.279,1.286,1.271,2593401889,3317080363
sh563350,A50ETF华泰柏瑞,1.381,0.0,0.0,1.381,1.384,1.381,1.38,1.394,1.38,9545800,13275280
sh563330,A股ETF华泰柏瑞,4.21,0.001,0.024,4.208,4.21,4.209,4.226,4.248,4.208,6980634,29537775
sh563320,通用航空ETF华泰柏瑞,0.852,0.001,0.118,0.851,0.853,0.851,0.851,0.859,0.849,6073900,5179565
sh563300,中证2000ETF华泰柏瑞,1.485,-0.001,-0.067,1.484,1.485,1.486,1.495,1.497,1.48,398780201,594390621
sh563280,A50增强ETF富国,1.394,0.006,0.432,1.39,1.398,1.388,1.389,1.405,1.389,21800,30554
sh563230,卫星ETF富国,1.11,0.001,0.09,1.109,1.11,1.109,1.118,1.127,1.106,106679300,119339037
sh563220,A500ETF富国,1.255,-0.001,-0.08,1.255,1.256,1.256,1.258,1.268,1.254,74254615,93744693
sh563210,专精特新ETF富国,2.082,-0.014,-0.668,2.077,2.082,2.096,2.131,2.14,2.075,4777400,10067232
sh563200,中证2000ETF富国,1.593,-0.004,-0.25,1.593,1.594,1.597,1.599,1.609,1.587,8986900,14370100
sh563180,高股息ETF银华,1.149,0.005,0.437,1.148,1.149,1.144,1.141,1.149,1.136,1480700,1697114
sh563150,油气ETF银华,1.376,-0.028,-1.994,1.376,1.379,1.404,1.39,1.39,1.365,1111200,1526481
sh563090,上证50增强ETF易方达,1.458,0.007,0.482,1.455,1.459,1.451,1.452,1.465,1.452,1558898,2275463
sh563080,中证A50ETF易方达,1.348,0.004,0.298,1.345,1.348,1.344,1.345,1.356,1.345,27352400,36952936
sh563060,央企50ETF易方达,1.092,-0.004,-0.365,1.09,1.095,1.096,1.095,1.102,1.091,678700,741358
sh563050,央企科技ETF易方达,1.345,-0.002,-0.148,1.345,1.346,1.347,1.374,1.374,1.339,11074300,14976354
sh563030,中证500增强ETF易方达,1.581,0.002,0.127,1.582,1.583,1.579,1.59,1.6,1.579,2266500,3607640
sh563020,红利低波ETF易方达,1.168,0.003,0.258,1.167,1.168,1.165,1.16,1.168,1.159,190757473,221971965
sh563010,电信ETF易方达,2.201,-0.009,-0.407,2.2,2.201,2.21,2.232,2.232,2.197,16803700,37396341
sh563000,中国A50ETF易方达,1.111,0.004,0.361,1.11,1.112,1.107,1.107,1.123,1.107,11400207,12723867
sh562990,碳中和ETF易方达,0.916,0.003,0.329,0.916,0.917,0.913,0.915,0.921,0.914,3186800,2923948
sh562970,光伏ETF易方达,0.957,-0.003,-0.313,0.957,0.958,0.96,0.963,0.971,0.954,13958000,13464524
sh562960,绿色电力ETF易方达,1.128,-0.006,-0.529,1.128,1.129,1.134,1.136,1.136,1.127,26794900,30240699
sh562950,消费电子ETF易方达,1.602,0.012,0.755,1.602,1.603,1.59,1.62,1.639,1.595,86002000,139411215
sh562930,软件ETF易方达,0.706,0.011,1.583,0.705,0.706,0.695,0.699,0.712,0.699,94341800,66547337
sh562920,信息安全ETF易方达,0.942,0.021,2.28,0.942,0.943,0.921,0.927,0.949,0.927,9871900,9303163
sh562910,高端制造ETF易方达,0.793,-0.002,-0.252,0.792,0.793,0.795,0.797,0.804,0.792,11307700,9010063
sh562900,农业ETF易方达,0.705,-0.003,-0.424,0.704,0.705,0.708,0.708,0.708,0.698,10837900,7616146
sh562890,A50ETF嘉实,1.349,0.004,0.297,1.347,1.349,1.345,1.346,1.358,1.34,11208300,15171879
sh562880,电池ETF嘉实,0.701,0.002,0.286,0.7,0.701,0.699,0.7,0.709,0.698,20495500,14436651
sh562870,证券ETF嘉实,0.911,0.002,0.22,0.91,0.911,0.909,0.92,0.92,0.908,9787700,8923768
sh562860,疫苗ETF嘉实,0.669,0.007,1.057,0.669,0.67,0.662,0.658,0.677,0.658,29556900,19715136
sh562850,央企能源ETF嘉实,1.256,-0.004,-0.317,1.256,1.258,1.26,1.272,1.272,1.254,7125900,8953533
sh562820,集成电路ETF嘉实,0.99,0.017,1.747,0.989,0.99,0.973,0.994,1.015,0.985,32789000,32801368
sh562810,上证指数增强ETF嘉实,1.176,0.002,0.17,1.174,1.176,1.174,1.177,1.181,1.174,3074800,3622606
sh562800,稀有金属ETF嘉实,0.891,0.0,0.0,0.89,0.891,0.891,0.894,0.9,0.887,153483800,137196111
sh562700,汽车零部件ETF华夏,1.186,-0.005,-0.42,1.185,1.186,1.191,1.204,1.205,1.185,9394200,11183747
sh562660,中证2000ETF华夏,1.971,0.002,0.102,1.971,1.972,1.969,1.98,1.985,1.963,24543398,48483752
sh562600,医疗器械ETF华夏,0.788,0.006,0.767,0.788,0.789,0.782,0.784,0.794,0.777,27662000,21832551
sh562590,半导体设备ETF华夏,1.01,-0.014,-1.367,1.01,1.011,1.024,1.041,1.046,1.004,474105300,486543618
sh562580,可选消费ETF华夏,1.053,0.003,0.286,1.053,1.055,1.05,1.057,1.058,1.052,1453800,1535068
sh562570,信创ETF华夏,1.373,0.026,1.93,1.371,1.373,1.347,1.349,1.389,1.347,15663700,21588590
sh562560,信息技术ETF华夏,2.29,0.002,0.087,2.289,2.29,2.288,2.31,2.34,2.288,522700,1211210
sh562550,绿电ETF华夏,1.125,-0.006,-0.531,1.125,1.126,1.131,1.133,1.133,1.123,62552000,70421613
sh562530,中证1000价值ETF华夏,1.251,0.0,0.0,1.251,1.253,1.251,1.254,1.262,1.249,5548300,6962204
sh562520,中证1000成长ETF华夏,1.398,0.005,0.359,1.397,1.398,1.393,1.4,1.421,1.393,6066300,8509953
sh562510,旅游ETF华夏,0.563,-0.005,-0.88,0.563,0.564,0.568,0.567,0.567,0.56,74278000,41846051
sh562500,机器人ETF华夏,0.934,-0.002,-0.214,0.934,0.935,0.936,0.942,0.948,0.932,391541882,367807931
sh562390,中药ETF银华,0.857,-0.001,-0.117,0.857,0.859,0.858,0.859,0.863,0.856,988400,849049
sh562380,央企科技ETF银华,1.269,-0.001,-0.079,1.269,1.272,1.27,1.301,1.305,1.263,4471800,5735258
sh562360,机器人ETF银华,1.011,0.001,0.099,1.01,1.011,1.01,1.013,1.024,1.007,12404100,12592780
sh562350,电力ETF银华,1.086,-0.005,-0.458,1.086,1.088,1.091,1.092,1.092,1.086,5634100,6126736
sh562340,中证500成长ETF银华,1.435,0.0,0.0,1.435,1.44,1.435,1.449,1.449,1.435,344400,499005
sh562330,中证500价值ETF银华,1.219,-0.005,-0.408,1.219,1.223,1.224,1.23,1.23,1.218,817000,996799
sh562320,沪深300价值ETF银华,1.337,-0.001,-0.075,1.337,1.339,1.338,1.333,1.338,1.331,3504300,4680231
sh562310,沪深300成长ETF银华,1.054,0.002,0.19,1.053,1.054,1.052,1.053,1.069,1.051,6862408,7284987
sh562300,碳中和ETF银华,0.628,0.001,0.159,0.627,0.629,0.627,0.628,0.633,0.627,1429700,902940
sh562180,A500红利低波ETF招商,0.996,-0.004,-0.4,0.996,0.998,1.0,0.999,0.999,0.995,3176101,3165053
sh562170,沪深300现金流ETF易方达,0.981,0.0,0.0,0.979,0.981,0.981,0.983,0.983,0.972,2830321,2772891
sh562150,红利质量ETF鹏华,0.977,-0.002,-0.204,0.977,0.979,0.979,0.979,0.98,0.969,5672566,5540338
sh562110,云计算50ETF东方红,1.049,0.015,1.451,1.047,1.049,1.034,1.043,1.065,1.043,25863539,27305011
sh562080,300现金流ETF华宝,0.606,0.0,0.0,0.606,0.607,0.606,0.603,0.607,0.603,36144000,21891030
sh562070,沪深300指增ETF华宝,1.045,0.003,0.288,1.043,1.045,1.042,1.049,1.05,1.043,12330600,12910116
sh562060,标普A股红利ETF华宝,0.61,0.0,0.0,0.61,0.611,0.61,0.609,0.612,0.608,81839000,49923691
sh562050,药ETF华宝,0.911,-0.004,-0.437,0.911,0.912,0.915,0.915,0.918,0.903,7103400,6469155
sh562030,信创ETF华宝,0.503,0.005,1.004,0.503,0.504,0.498,0.502,0.511,0.502,16064300,8136394
sh562010,绿色能源ETF华宝,0.811,0.002,0.247,0.809,0.813,0.809,0.813,0.82,0.805,266300,216673
sh562000,A100ETF华宝,0.595,0.003,0.507,0.594,0.595,0.592,0.592,0.599,0.592,8412400,5022492
sh561990,沪深300增强ETF招商,1.016,0.007,0.694,1.016,1.017,1.009,1.013,1.022,1.013,16781600,17091256
sh561980,半导体设备ETF招商,0.693,-0.003,-0.431,0.692,0.693,0.696,0.71,0.713,0.688,437178069,306068382
sh561960,央企回报ETF招商,1.297,-0.009,-0.689,1.295,1.297,1.306,1.306,1.309,1.294,149800,194201
sh561950,中证500增强ETF招商,1.4,-0.002,-0.143,1.4,1.404,1.402,1.402,1.417,1.398,4874000,6840543
sh561930,沪深300ETF招商,1.559,0.005,0.322,1.556,1.559,1.554,1.561,1.57,1.556,4715700,7358675
sh561920,疫苗ETF招商,0.673,0.009,1.355,0.673,0.675,0.664,0.664,0.681,0.658,3630100,2434133
sh561910,电池ETF招商,0.676,-0.001,-0.148,0.676,0.677,0.677,0.678,0.685,0.675,106370200,72350289
sh561900,沪深300ESGETF招商,0.965,-0.002,-0.207,0.966,0.968,0.967,0.972,0.976,0.965,3618200,3513538
sh561890,A股ETF易方达,1.015,-0.003,-0.295,1.013,1.016,1.018,1.021,1.025,1.015,2220804,2267725
sh561880,A100ETF华富,1.247,0.002,0.161,1.248,1.252,1.245,1.255,1.26,1.247,1120700,1403417
sh561870,现金流全指ETF华富,1.122,-0.005,-0.444,1.122,1.125,1.127,1.13,1.13,1.12,1279600,1436424
sh561830,有色ETF国泰海通,0.926,0.002,0.216,0.926,0.929,0.924,0.93,0.938,0.925,1791053,1672322
sh561810,医疗器械ETF华泰柏瑞,1.01,0.007,0.698,1.01,1.011,1.003,1.007,1.018,1.006,5045400,5098869
sh561800,稀有金属ETF华富,0.963,0.001,0.104,0.962,0.963,0.962,0.966,0.973,0.959,9502300,9179955
sh561790,央企能源ETF博时,1.251,-0.003,-0.239,1.25,1.254,1.254,1.265,1.265,1.249,2545200,3184203
sh561780,1000增强ETF博时,1.591,0.0,0.0,1.592,1.596,1.591,1.597,1.61,1.59,1543800,2469011
sh561770,A100ETF博时,1.227,0.002,0.163,1.227,1.231,1.225,1.237,1.24,1.225,115300,141525
sh561760,油气ETF博时,1.393,-0.027,-1.901,1.389,1.393,1.42,1.396,1.405,1.38,2869000,3987394
sh561750,A50ETF博时,1.139,0.002,0.176,1.137,1.142,1.137,1.143,1.146,1.139,278100,317655
sh561730,A股ETF华夏,1.017,0.001,0.098,1.017,1.018,1.016,1.016,1.025,1.015,15299934,15607371
sh561700,电力ETF博时,1.094,-0.008,-0.726,1.094,1.096,1.102,1.102,1.102,1.093,7488700,8199295
sh561690,300质量ETF农银,0.976,0.002,0.205,0.975,0.977,0.974,0.967,0.98,0.967,9225768,9003523
sh561680,A500红利低波ETF平安,0.993,-0.002,-0.201,0.992,0.994,0.995,1.0,1.0,0.991,639100,633955
sh561660,通用航空ETF平安,0.894,-0.001,-0.112,0.892,0.894,0.895,0.9,0.905,0.892,1949000,1747746
sh561630,红利质量ETF华泰柏瑞,1.022,0.001,0.098,1.02,1.023,1.021,1.022,1.025,1.02,1857700,1899272
sh561620,化工ETF华泰柏瑞,0.987,-0.008,-0.804,0.987,0.99,0.995,0.994,0.994,0.986,4514300,4462798
sh561610,绿色电力ETF鑫元,0.98,-0.005,-0.508,0.979,0.983,0.985,0.98,0.983,0.976,6359217,6240449
sh561600,消费电子ETF平安,0.757,0.007,0.933,0.756,0.757,0.75,0.764,0.773,0.753,18270900,13953199
sh561590,中证1000增强ETF华泰柏瑞,1.536,0.002,0.13,1.533,1.537,1.534,1.546,1.551,1.531,2122800,3274927
sh561580,央企红利ETF华泰柏瑞,1.258,-0.006,-0.475,1.257,1.258,1.264,1.261,1.261,1.251,52965200,66461673
sh561570,油气ETF华泰柏瑞,1.397,-0.022,-1.55,1.395,1.397,1.419,1.407,1.408,1.387,10913300,15213004
sh561560,电力ETF华泰柏瑞,1.256,-0.007,-0.554,1.256,1.257,1.263,1.262,1.263,1.255,25532900,32109304
sh561550,中证500增强ETF华泰柏瑞,1.412,-0.001,-0.071,1.412,1.413,1.413,1.421,1.429,1.407,18895000,26835277
sh561530,银行ETF银华,1.007,0.0,0.0,1.007,1.009,1.007,1.008,1.009,1.001,3212552,3222471
sh561510,中药ETF华泰柏瑞,0.928,-0.003,-0.322,0.925,0.929,0.931,0.92,0.932,0.92,1830600,1699428
sh561500,漂亮50ETF华泰柏瑞,0.777,0.0,0.0,0.777,0.779,0.777,0.78,0.784,0.777,93700,73274
sh561490,红利质量ETF财通,1.003,0.002,0.2,1.0,1.003,1.001,1.001,1.005,1.0,2597012,2603612
sh561470,畜牧养殖ETF天弘,1.036,-0.01,-0.956,1.036,1.038,1.046,1.04,1.04,1.031,2648800,2744617
sh561460,人工智能ETF天弘,0.836,0.013,1.58,0.836,0.837,0.823,0.838,0.852,0.832,25294500,21309061
sh561450,红利低波50ETF华泰柏瑞,0.966,0.001,0.104,0.965,0.966,0.965,0.962,0.967,0.962,732901,706428
sh561430,红利质量ETF博时,1.028,-0.002,-0.194,1.027,1.032,1.03,1.029,1.031,1.028,397701,409610
sh561420,300现金流ETF汇添富,1.068,0.002,0.188,1.065,1.07,1.066,1.072,1.072,1.06,5473476,5832462
sh561410,光伏ETF工银,0.943,-0.005,-0.527,0.944,0.945,0.948,0.953,0.958,0.943,4113462,3918924
sh561400,畜牧养殖ETF鑫元,1.021,-0.001,-0.098,1.018,1.021,1.022,1.017,1.021,1.009,866966,881218
sh561390,稀有金属ETF平安,0.932,-0.001,-0.107,0.932,0.935,0.933,0.938,0.942,0.931,2409401,2261793
sh561380,电网设备ETF国泰,0.732,-0.008,-1.081,0.732,0.733,0.74,0.746,0.75,0.731,90460150,67145122
sh561370,中证2000ETF国泰,1.482,-0.001,-0.067,1.482,1.485,1.483,1.485,1.5,1.475,1175700,1745426
sh561360,石油ETF国泰,1.482,-0.026,-1.724,1.482,1.483,1.508,1.492,1.492,1.468,52253800,77211180
sh561350,中证500ETF国泰,1.248,-0.001,-0.08,1.246,1.248,1.249,1.256,1.263,1.245,21831900,27435345
sh561330,矿业ETF国泰,0.916,0.002,0.219,0.915,0.916,0.914,0.912,0.926,0.912,36844200,33842048
sh561320,交运ETF国泰,0.947,-0.011,-1.148,0.945,0.947,0.958,0.956,0.956,0.943,4307400,4071314
sh561310,消电ETF国泰,0.729,0.006,0.83,0.728,0.729,0.723,0.73,0.744,0.726,3927700,2891588
sh561300,沪深300增强ETF国泰,1.072,0.002,0.187,1.071,1.072,1.07,1.072,1.081,1.07,25699100,27684254
sh561280,中证1000增强ETF工银,1.652,-0.002,-0.121,1.652,1.654,1.654,1.666,1.671,1.648,4644000,7716057
sh561260,能源ETF工银,1.242,-0.005,-0.401,1.242,1.244,1.247,1.242,1.246,1.239,4249900,5274965
sh561250,稀有金属ETF鹏华,0.967,-0.001,-0.103,0.967,0.968,0.968,0.972,0.976,0.963,777800,755900
sh561230,中证A50ETF工银,1.303,0.003,0.231,1.302,1.304,1.3,1.31,1.312,1.301,15509300,20282825
sh561220,数字经济ETF工银,1.8,0.002,0.111,1.796,1.803,1.798,1.8,1.841,1.794,2582700,4719162
sh561200,中证A100ETF工银,1.444,0.005,0.347,1.444,1.448,1.439,1.453,1.458,1.444,1478700,2144514
sh561190,碳中和ETF富国,0.91,0.001,0.11,0.91,0.911,0.909,0.911,0.915,0.91,1209100,1101255
sh561180,A100ETF富国,1.291,0.004,0.311,1.289,1.294,1.287,1.3,1.303,1.289,925100,1202131
sh561170,绿色电力ETF富国,1.135,-0.004,-0.351,1.134,1.135,1.139,1.136,1.139,1.132,18539400,21019428
sh561160,电池ETF富国,0.682,0.001,0.147,0.682,0.683,0.681,0.683,0.691,0.68,49545300,33969805
sh561130,国货ETF富国,1.014,0.004,0.396,1.013,1.017,1.01,1.015,1.026,1.013,6262000,6391163
sh561120,家电ETF富国,1.247,0.011,0.89,1.247,1.25,1.236,1.24,1.255,1.24,3852200,4812074
sh561100,消费电子ETF富国,1.666,0.016,0.97,1.665,1.666,1.65,1.673,1.701,1.655,32942300,55268525
sh561090,A500增强ETF华安,1.214,-0.002,-0.164,1.216,1.217,1.216,1.222,1.227,1.213,2794700,3412617
sh561080,全指现金流ETF华安,1.146,-0.003,-0.261,1.145,1.149,1.149,1.152,1.155,1.143,694500,795879
sh561060,国企红利ETF华安,1.162,0.001,0.086,1.16,1.162,1.161,1.167,1.167,1.155,608700,705578
sh561050,稀有金属ETF易方达,0.828,-0.001,-0.121,0.828,0.829,0.829,0.829,0.838,0.827,7378600,6147489
sh561030,工程机械ETF华泰柏瑞,0.839,-0.001,-0.119,0.837,0.839,0.84,0.836,0.847,0.836,4777700,4022750
sh561020,食品ETF招商,1.025,0.008,0.787,1.023,1.027,1.017,1.017,1.028,1.017,2764608,2830245
sh561010,软件ETF华安,0.873,0.015,1.748,0.872,0.873,0.858,0.865,0.88,0.859,17605800,15343496
sh561000,沪深300增强ETF华安,1.292,0.003,0.233,1.291,1.292,1.289,1.29,1.301,1.289,4555200,5896471
sh560990,科技先锋ETF中金,1.124,0.002,0.178,1.122,1.127,1.122,1.118,1.144,1.118,404400,460259
sh560980,光伏龙头ETF广发,0.625,-0.001,-0.16,0.624,0.625,0.626,0.63,0.635,0.623,17227200,10861482
sh560970,工业有色ETF平安,0.908,0.004,0.442,0.91,0.911,0.904,0.904,0.918,0.904,1082000,988444
sh560950,中证500增强ETF汇添富,1.384,-0.003,-0.216,1.384,1.388,1.387,1.388,1.401,1.384,786500,1095892
sh560930,电力ETF易方达,0.877,-0.003,-0.341,0.876,0.877,0.88,0.88,0.88,0.875,3446900,3021304
sh560920,工程机械ETF招商,0.924,-0.004,-0.431,0.922,0.926,0.928,0.931,0.934,0.924,2618600,2425229
sh560910,电池ETF华泰柏瑞,0.704,0.0,0.0,0.705,0.706,0.704,0.704,0.714,0.704,8351500,5910658
sh560900,创新药ETF摩根,0.932,-0.002,-0.214,0.932,0.933,0.934,0.934,0.945,0.925,15900500,14825703
sh560880,家电ETF广发,1.514,0.016,1.068,1.512,1.517,1.498,1.501,1.522,1.501,17716300,26878186
sh560870,工业有色ETF中银,0.894,0.007,0.789,0.892,0.895,0.887,0.89,0.9,0.89,13018100,11645616
sh560860,工业有色ETF万家,1.554,0.009,0.583,1.554,1.555,1.545,1.553,1.569,1.545,161275582,251006893
sh560850,信创ETF汇添富,1.349,0.027,2.042,1.349,1.35,1.322,1.33,1.364,1.33,3466300,4694569
sh560830,电力ETF华夏,0.896,-0.003,-0.334,0.895,0.896,0.899,0.899,0.899,0.894,14909900,13351540
sh560820,中证A50ETF新华,1.176,0.005,0.427,1.173,1.178,1.171,1.181,1.181,1.176,1300,1530
sh560810,央企ESGETF融通,1.266,-0.003,-0.236,1.264,1.266,1.269,1.271,1.274,1.265,1375600,1749129
sh560800,数字经济ETF鹏扬,1.16,0.01,0.87,1.159,1.16,1.15,1.17,1.184,1.156,5614800,6580145
sh560790,软件ETF鹏华,0.825,0.014,1.726,0.823,0.825,0.811,0.815,0.83,0.797,3607100,2948121
sh560780,半导体设备ETF广发,1.054,-0.014,-1.311,1.053,1.054,1.068,1.086,1.09,1.047,568100731,607876019
sh560770,机器人ETF招商,0.936,0.001,0.107,0.935,0.936,0.935,0.941,0.947,0.932,15404100,14488159
sh560750,A500ETF申万菱信,1.317,-0.001,-0.076,1.319,1.321,1.318,1.328,1.333,1.317,1390300,1843485
sh560730,红利低波ETF国泰海通,1.042,-0.001,-0.096,1.041,1.042,1.043,1.043,1.043,1.036,795109,826111
sh560720,红利低波100ETF工银,0.975,0.001,0.103,0.975,0.976,0.974,0.973,0.978,0.969,1511600,1469616
sh560710,船舶ETF富国,0.985,-0.018,-1.795,0.984,0.985,1.003,1.004,1.004,0.98,122951506,121224080
sh560700,央企红利ETF广发,1.227,-0.008,-0.648,1.226,1.227,1.235,1.234,1.234,1.223,5152300,6319407
sh560690,电信ETF鹏华,2.215,-0.012,-0.539,2.218,2.222,2.227,2.238,2.251,2.214,196500,439271
sh560680,消费ETF广发,0.723,-0.001,-0.138,0.723,0.725,0.724,0.721,0.726,0.717,12589300,9096531
sh560670,银行ETF华泰柏瑞,1.082,0.0,0.0,1.082,1.083,1.082,1.078,1.083,1.073,8944000,9648502
sh560660,云计算50ETF新华,1.094,0.016,1.484,1.094,1.095,1.078,1.088,1.109,1.088,4913700,5408113
sh560630,机器人ETF万家,1.063,0.001,0.094,1.062,1.063,1.062,1.062,1.077,1.059,4973300,5311947
sh560620,公用事业ETF万家,0.947,-0.004,-0.421,0.946,0.948,0.951,0.95,0.951,0.946,355700,336624
sh560610,A500ETF招商,1.177,0.001,0.085,1.176,1.177,1.176,1.18,1.188,1.174,90711800,107375950
sh560590,中证1000增强ETF鹏华,1.486,-0.002,-0.134,1.487,1.49,1.488,1.497,1.508,1.484,1509200,2258375
sh560580,电力ETF南方,1.093,-0.003,-0.274,1.091,1.093,1.096,1.096,1.096,1.09,4850100,5293723
sh560570,A500红利ETF国联安,0.996,-0.001,-0.1,0.995,0.996,0.997,0.998,0.998,0.994,14587000,14515063
sh560560,碳中和ETF泰康,0.629,0.002,0.319,0.628,0.63,0.627,0.628,0.633,0.628,182300,114848
sh560550,碳中和ETF广发,0.909,-0.002,-0.22,0.907,0.911,0.911,0.911,0.916,0.909,954400,870309
sh560530,中证A500ETF摩根,1.206,0.001,0.083,1.205,1.206,1.205,1.208,1.218,1.205,383691900,465301336
sh560520,红利低波100ETF大成,1.086,0.0,0.0,1.084,1.087,1.086,1.087,1.087,1.084,320000,347496
sh560510,中证A500ETF泰康,1.178,0.002,0.17,1.178,1.179,1.176,1.181,1.19,1.176,22488800,26656763
sh560500,500质量成长ETF鹏扬,1.394,-0.002,-0.143,1.396,1.397,1.396,1.409,1.409,1.391,2306000,3232581
sh560490,工业有色ETF华泰柏瑞,0.926,0.007,0.762,0.925,0.926,0.919,0.919,0.934,0.919,5579100,5175947
sh560480,电力ETF招商,0.889,-0.005,-0.559,0.889,0.89,0.894,0.89,0.893,0.888,2707500,2407028
sh560470,有色ETF易方达,0.863,0.002,0.232,0.863,0.864,0.861,0.865,0.872,0.86,6046800,5240029
sh560460,电力ETF平安,0.896,-0.004,-0.444,0.896,0.897,0.9,0.895,0.899,0.894,2170900,1944952
sh560450,电力ETF天弘,0.932,-0.003,-0.321,0.933,0.934,0.935,0.935,0.935,0.93,10005600,9325543
sh560420,食品ETF前海开源,0.942,0.006,0.641,0.943,0.945,0.936,0.938,0.944,0.935,2403200,2261281
sh560410,电池ETF鹏华,0.783,0.001,0.128,0.783,0.785,0.782,0.796,0.796,0.774,1566400,1233518
sh560400,证券ETF华泰柏瑞,0.97,0.0,0.0,0.97,0.972,0.97,0.973,0.978,0.968,27874090,27122034
sh560390,电网设备ETF易方达,0.87,-0.005,-0.571,0.869,0.87,0.875,0.879,0.888,0.865,88513600,77763063
sh560380,A100ETF南方,1.244,0.005,0.404,1.241,1.246,1.239,1.251,1.255,1.241,4225700,5281167
sh560370,红利质量ETF易方达,0.886,0.001,0.113,0.885,0.887,0.885,0.885,0.89,0.885,3363800,2979951
sh560360,软件ETF万家,1.225,0.018,1.491,1.225,1.226,1.207,1.21,1.237,1.21,4075900,4994559
sh560350,中证A50ETF摩根,1.236,0.001,0.081,1.236,1.238,1.235,1.24,1.247,1.235,24834900,30847890
sh560330,沪深300价值ETF申万菱信,1.236,0.001,0.081,1.236,1.24,1.235,1.25,1.25,1.233,282700,349194
sh560320,食品ETF富国,0.946,0.01,1.068,0.943,0.946,0.936,0.937,0.947,0.936,7471200,7042483
sh560310,光伏ETF博时,0.739,-0.002,-0.27,0.737,0.739,0.741,0.743,0.748,0.737,1615500,1202776
sh560300,电信ETF汇添富,2.31,-0.009,-0.388,2.308,2.316,2.319,2.313,2.343,2.307,661100,1543061
sh560290,有色ETF景顺,0.787,0.002,0.255,0.786,0.787,0.785,0.785,0.795,0.782,5934700,4683573
sh560280,工程机械ETF广发,1.441,-0.006,-0.415,1.438,1.441,1.447,1.443,1.455,1.437,33223000,48037518
sh560270,电力ETF工银,0.937,-0.006,-0.636,0.938,0.939,0.943,0.952,0.952,0.937,7126700,6692250
sh560260,医疗ETF广发,0.884,-0.002,-0.226,0.884,0.886,0.886,0.886,0.896,0.878,15115200,13423274
sh560250,红利质量ETF富国,0.977,-0.002,-0.204,0.977,0.98,0.979,0.977,0.98,0.977,897700,877943
sh560230,光伏ETF富国,0.733,-0.001,-0.136,0.733,0.734,0.734,0.734,0.744,0.731,2015900,1488893
sh560220,中证2000ETF广发,1.485,-0.001,-0.067,1.485,1.486,1.486,1.502,1.502,1.478,3640200,5418505
sh560210,农牧渔ETF景顺,0.843,-0.004,-0.472,0.842,0.843,0.847,0.845,0.849,0.835,7161200,6017604
sh560190,公用事业ETF鹏华,1.01,-0.005,-0.493,1.009,1.013,1.015,1.015,1.015,1.007,466300,470824
sh560180,沪深300ESGETF南方,1.176,0.001,0.085,1.176,1.18,1.175,1.174,1.187,1.174,828800,978020
sh560170,央企科技ETF南方,1.259,0.0,0.0,1.259,1.26,1.259,1.268,1.285,1.251,27824312,35254103
sh560160,食品ETF易方达,0.935,0.006,0.646,0.936,0.937,0.929,0.929,0.94,0.924,1115300,1042790
sh560150,红利低波ETF泰康,1.134,0.002,0.177,1.133,1.135,1.132,1.132,1.135,1.126,4969400,5619413
sh560130,食品ETF鹏华,0.928,0.008,0.87,0.926,0.928,0.92,0.919,0.928,0.919,312300,288933
sh560120,中证500现金流ETF华夏,1.192,-0.005,-0.418,1.189,1.192,1.197,1.197,1.198,1.189,11224300,13394536
sh560110,中证1000ETF汇添富,1.17,-0.001,-0.085,1.17,1.171,1.171,1.181,1.184,1.166,13284500,15603396
sh560100,中证500增强ETF南方,1.346,0.001,0.074,1.346,1.347,1.345,1.352,1.358,1.341,6450800,8736190
sh560090,证券ETF汇添富,1.15,0.004,0.349,1.149,1.15,1.146,1.15,1.157,1.145,59645158,68635703
sh560080,中药ETF汇添富,0.945,-0.002,-0.211,0.944,0.945,0.947,0.947,0.949,0.941,34696000,32788740
sh560070,央企红利ETF汇添富,1.196,-0.008,-0.664,1.195,1.198,1.204,1.211,1.211,1.192,1368829,1634609
sh560060,碳中和ETF汇添富,0.869,0.002,0.231,0.869,0.87,0.867,0.871,0.875,0.869,99800,87016
sh560050,中国A50ETF汇添富,1.081,0.002,0.185,1.081,1.082,1.079,1.081,1.093,1.079,62714147,68191656
sh560030,800价值ETF汇添富,1.299,0.002,0.154,1.298,1.299,1.297,1.303,1.309,1.294,49100,63611
sh560020,红利ETF汇添富,1.116,0.001,0.09,1.116,1.118,1.115,1.115,1.116,1.105,1276600,1419184
sh560010,中证1000ETF广发,3.231,-0.002,-0.062,3.231,3.232,3.233,3.258,3.273,3.221,252029488,819095186
sh551900,科创债ETF招商,102.079,0.046,0.045,102.071,102.079,102.033,102.043,102.088,102.043,29489800,3010310045
sh551800,科创债ETF国泰,101.387,0.052,0.051,101.384,101.387,101.335,101.344,101.392,101.344,68910820,6986654212
sh551580,科创债ETF泰康,102.487,0.047,0.046,102.486,102.491,102.44,102.468,102.496,102.468,19580600,2006743349
sh551560,科创债ETF兴业,102.253,0.061,0.06,102.244,102.253,102.192,102.227,102.253,102.227,38679100,3954585079
sh551550,科创债ETF华夏,102.053,0.043,0.042,102.053,102.057,102.01,102.025,102.061,102.025,98215900,10023614641
sh551520,科创债ETF汇添富,102.383,0.043,0.042,102.376,102.383,102.34,102.349,102.383,102.349,142067130,14544225693
sh551510,科创债ETF华泰柏瑞,102.674,0.045,0.044,102.673,102.674,102.629,102.661,102.685,102.66,56346700,5784739935
sh551500,科创债ETF易方达,102.523,0.049,0.048,102.522,102.529,102.474,102.483,102.528,102.483,57108000,5855068454
sh551300,科创债ETF摩根,102.483,0.051,0.05,102.478,102.483,102.432,102.442,102.486,102.442,14108400,1445871386
sh551060,科创债ETF中银,102.212,0.05,0.049,102.2,102.212,102.162,102.172,102.213,102.172,40339410,4122900174
sh551030,科创债ETF鹏华,102.212,0.049,0.048,102.21,102.212,102.163,102.173,102.223,102.173,72315200,7391791329
sh551000,科创债ETF博时,102.274,0.051,0.05,102.271,102.275,102.223,102.22,102.285,102.213,5170520,528793193
sh530880,红利国企ETF银河,1.106,0.003,0.272,1.104,1.108,1.103,1.103,1.107,1.09,1812700,1997502
sh530800,上证180ETF银华,1.198,0.001,0.084,1.197,1.202,1.197,1.204,1.204,1.192,1042100,1249695
sh530680,上证180ETF兴业,1.166,0.001,0.086,1.163,1.169,1.165,1.169,1.171,1.164,696800,813393
sh530580,上证180ETF南方,1.166,0.002,0.172,1.163,1.168,1.164,1.169,1.171,1.159,1792700,2091360
sh530530,上证580ETF华夏,1.174,-0.004,-0.34,1.173,1.178,1.178,1.185,1.187,1.171,228700,269481
sh530380,上证380ETF易方达,1.112,-0.003,-0.269,1.112,1.116,1.115,1.123,1.123,1.11,1414000,1577720
sh530300,上证180ETF华泰柏瑞,1.232,0.0,0.0,1.232,1.236,1.232,1.235,1.25,1.226,1919900,2373949
sh530280,上证180ETF平安,1.199,0.004,0.335,1.198,1.201,1.195,1.202,1.203,1.198,181500,218158
sh530180,上证180ETF易方达,1.198,0.003,0.251,1.195,1.2,1.195,1.199,1.203,1.196,4596000,5520125
sh530100,上证580ETF易方达,1.181,-0.004,-0.338,1.178,1.182,1.185,1.19,1.196,1.179,423300,502539
sh530080,上证180ETF天弘,1.228,0.002,0.163,1.226,1.231,1.226,1.231,1.233,1.226,2319300,2850860
sh530060,上证指数ETF易方达,1.005,0.001,0.1,1.005,1.006,1.004,1.007,1.009,1.003,51285800,51595391
sh530050,上证50ETF东财,1.189,0.005,0.422,1.187,1.189,1.184,1.185,1.193,1.184,4161600,4950876
sh530000,上证50ETF天弘,1.384,0.004,0.29,1.383,1.384,1.38,1.382,1.39,1.382,1289600,1787225
sh526070,恒指港股通ETF博时,0.977,0.006,0.618,0.975,0.977,0.971,0.977,0.991,0.971,2736200,2677978
sh526060,港股通信息技术ETF华泰柏瑞,1.0,0.002,0.2,0.999,1.0,0.998,1.016,1.022,1.0,31533500,32019632
sh526050,港股通信息技术ETF招商,1.091,0.003,0.276,1.09,1.091,1.088,1.11,1.118,1.088,19618100,21682831
sh526030,港股通信息技术ETF汇添富,0.885,0.003,0.34,0.885,0.886,0.882,0.909,0.915,0.884,63933501,57611146
sh526010,港股通医疗ETF汇添富,1.074,-0.009,-0.831,1.074,1.076,1.083,1.087,1.094,1.072,17168300,18563074
sh526000,港股通信息技术ETF华夏,1.209,0.006,0.499,1.208,1.209,1.203,1.231,1.238,1.205,361442800,442220268
sh520990,港股央企红利ETF景顺,0.98,-0.005,-0.508,0.979,0.98,0.985,0.982,0.984,0.975,33044600,32330174
sh520980,港股通科技ETF汇添富,0.846,0.008,0.955,0.846,0.847,0.838,0.849,0.862,0.844,277854800,237199859
sh520970,港股通创新药ETF嘉实,0.943,-0.007,-0.737,0.942,0.943,0.95,0.951,0.959,0.937,135049700,127815292
sh520960,恒指港股通ETF嘉实,0.899,0.003,0.335,0.898,0.903,0.896,0.899,0.907,0.896,2182300,1971089
sh520950,港股通50ETF摩根,0.84,0.007,0.84,0.84,0.841,0.833,0.835,0.849,0.834,20705200,17500271
sh520940,港股通恒生ETF华安,0.991,0.004,0.405,0.988,0.995,0.987,0.99,0.996,0.99,6210000,6167841
sh520930,恒生生物科技ETF国泰,1.018,-0.006,-0.586,1.018,1.019,1.024,1.04,1.04,1.014,27276023,27880840
sh520920,恒生科技ETF天弘,0.652,0.003,0.462,0.652,0.653,0.649,0.656,0.663,0.651,276226417,181690372
sh520910,港股通互联网ETF华夏,0.607,0.005,0.831,0.606,0.607,0.602,0.609,0.62,0.606,45482200,27886718
sh520900,港股通红利ETF广发,0.992,-0.003,-0.302,0.991,0.992,0.995,0.995,0.995,0.985,37691200,37284788
sh520890,港股通红利低波ETF华泰柏瑞,1.31,-0.008,-0.607,1.311,1.312,1.318,1.321,1.321,1.307,27806000,36433005
sh520880,港股通创新药ETF华宝,0.466,-0.004,-0.851,0.465,0.466,0.47,0.471,0.473,0.462,782551077,364912354
sh520870,巴西ETF易方达,1.167,0.017,1.478,1.166,1.167,1.15,1.162,1.167,1.16,39181499,45537161
sh520860,港股通科技ETF富国,0.769,0.004,0.523,0.769,0.77,0.765,0.777,0.785,0.769,16718500,13014876
sh520850,港股通医疗ETF易方达,0.938,-0.005,-0.53,0.936,0.938,0.943,0.953,0.958,0.935,36892900,34828133
sh520840,港股通恒生科技ETF华安,0.745,0.006,0.812,0.745,0.746,0.739,0.747,0.762,0.745,62323588,46990442
sh520830,沙特ETF华泰柏瑞,0.875,-0.003,-0.342,0.875,0.876,0.878,0.876,0.877,0.874,23459401,20527912
sh520820,恒指港股通ETF汇添富,0.915,0.004,0.439,0.914,0.918,0.911,0.914,0.921,0.914,405700,371262
sh520810,港股通红利ETF易方达,1.006,-0.009,-0.887,1.005,1.006,1.015,1.015,1.016,1.003,2271700,2284947
sh520790,港股通互联网ETF兴业,0.789,0.005,0.638,0.789,0.79,0.784,0.79,0.806,0.787,9422600,7507904
sh520780,港股通汽车ETF华宝,0.755,-0.006,-0.788,0.754,0.755,0.761,0.763,0.766,0.753,12945400,9830109
sh520770,恒指港股通ETF建信,0.927,0.006,0.651,0.925,0.929,0.921,0.925,0.93,0.924,862900,799300
sh520760,恒生生物科技ETF摩根,1.02,-0.008,-0.778,1.018,1.02,1.028,1.028,1.035,1.016,9044900,9263871
sh520750,港股通信息ETF华富,0.914,0.001,0.11,0.913,0.914,0.913,0.933,0.947,0.912,20566000,19055458
sh520740,港股通互联网ETF华安,0.879,0.008,0.918,0.879,0.88,0.871,0.88,0.895,0.875,2269000,2011574
sh520730,港股通汽车ETF万家,0.706,-0.008,-1.12,0.706,0.707,0.714,0.717,0.717,0.706,2074200,1472760
sh520720,港股汽车ETF国泰,0.687,-0.005,-0.723,0.686,0.687,0.692,0.692,0.695,0.685,31912200,22022367
sh520710,港股通信息技术ETF广发,0.922,0.004,0.436,0.921,0.922,0.918,0.941,0.95,0.92,42235600,39418803
sh520700,港股通创新药ETF万家,1.69,-0.014,-0.822,1.689,1.69,1.704,1.705,1.718,1.68,311623000,528702015
sh520690,港股创新药ETF博时,0.755,-0.007,-0.919,0.754,0.755,0.762,0.763,0.767,0.749,139231800,105374683
sh520680,港股通汽车ETF南方,0.75,-0.005,-0.662,0.749,0.75,0.755,0.763,0.763,0.749,8147800,6166474
sh520670,港股通科技ETF嘉实,0.755,0.008,1.071,0.755,0.756,0.747,0.755,0.772,0.755,24317800,18580089
sh520660,港股通央企红利ETF南方,0.985,-0.005,-0.505,0.984,0.985,0.99,0.986,0.99,0.98,51665100,50842865
sh520650,港股通互联网ETF南方,0.571,0.005,0.883,0.57,0.571,0.566,0.574,0.583,0.57,164995000,95221409
sh520630,港股通互联网ETF广发,0.636,0.004,0.633,0.635,0.636,0.632,0.64,0.649,0.634,18576800,11936031
sh520620,恒生消费ETF嘉实,0.754,-0.006,-0.789,0.753,0.754,0.76,0.76,0.765,0.753,8160800,6159729
sh520610,港股红利低波ETF银华,0.922,-0.006,-0.647,0.922,0.924,0.928,0.933,0.933,0.919,1970200,1817122
sh520600,港股通汽车ETF广发,0.936,-0.007,-0.742,0.935,0.936,0.943,0.944,0.95,0.935,127264700,120073765
sh520590,恒生科技ETF鹏华,0.751,0.004,0.535,0.751,0.752,0.747,0.755,0.762,0.748,12480900,9434792
sh520580,新兴亚洲ETF招商,0.924,0.004,0.435,0.924,0.925,0.92,0.924,0.926,0.921,5283100,4880523
sh520570,恒生科技ETF南方,0.704,0.003,0.428,0.703,0.704,0.701,0.709,0.716,0.702,182116600,128809974
sh520560,香港大盘30ETF华宝,0.809,0.007,0.873,0.809,0.81,0.802,0.806,0.816,0.806,3240900,2626984
sh520550,港股红利低波ETF招商,1.077,-0.007,-0.646,1.076,1.077,1.084,1.085,1.085,1.076,38424100,41404043
sh520530,港股通科技ETF东财,0.796,0.006,0.759,0.795,0.796,0.79,0.8,0.81,0.794,31075400,24959951
sh520520,恒生消费ETF华泰柏瑞,0.881,-0.009,-1.011,0.881,0.882,0.89,0.891,0.893,0.881,4868900,4298281
sh520510,港股通医疗ETF华夏,0.988,-0.009,-0.903,0.988,0.989,0.997,1.0,1.004,0.984,426535700,423352579
sh520500,恒生创新药ETF华泰柏瑞,1.43,-0.018,-1.243,1.429,1.43,1.448,1.444,1.453,1.42,991705100,1422826130
sh518890,上海金ETF中银,8.88,-0.068,-0.76,8.878,8.88,8.948,8.948,8.955,8.871,4363100,38902099
sh518880,黄金ETF华安,8.859,-0.071,-0.795,8.858,8.859,8.93,8.937,8.941,8.854,584350223,5196451929
sh518860,上海金ETF建信,8.888,-0.057,-0.637,8.888,8.892,8.945,8.946,9.083,8.882,17993400,160514491
sh518850,黄金ETF华夏,8.954,-0.069,-0.765,8.953,8.954,9.023,9.027,9.033,8.949,54415300,489191985
sh518800,黄金ETF国泰,9.29,-0.071,-0.758,9.29,9.292,9.361,9.361,9.373,9.283,88389842,824272813
sh518680,金ETF富国,9.284,-0.074,-0.791,9.284,9.285,9.358,9.36,9.367,9.278,28669100,267183605
sh518660,黄金ETF工银,8.892,-0.072,-0.803,8.892,8.893,8.964,8.964,8.972,8.888,23404200,209102664
sh518600,金ETF广发,9.23,-0.076,-0.817,9.23,9.232,9.306,9.301,9.317,9.228,29340257,272072577
sh517990,沪港深医药ETF招商,0.922,-0.001,-0.108,0.919,0.922,0.923,0.923,0.928,0.91,2445900,2245015
sh517950,沪深港科技50ETF交银,1.181,0.002,0.17,1.181,1.182,1.179,1.19,1.2,1.178,5811600,6884204
sh517900,银行AH优选ETF招商,1.572,-0.002,-0.127,1.572,1.573,1.574,1.57,1.573,1.559,14562600,22798192
sh517880,品牌消费ETF华泰柏瑞,0.712,0.006,0.85,0.711,0.712,0.706,0.708,0.715,0.708,8922600,6356985
sh517850,张江ETF汇添富,1.278,0.006,0.472,1.279,1.282,1.272,1.302,1.305,1.277,200100,259319
sh517800,人工智能50ETF方正富邦,1.007,0.019,1.923,1.005,1.007,0.988,0.995,1.026,0.995,9010600,9175264
sh517770,游戏传媒ETF浦银,0.869,0.019,2.235,0.869,0.87,0.85,0.852,0.877,0.852,14304900,12409829
sh517660,物联网ETF天弘,1.264,0.016,1.282,1.264,1.266,1.248,1.269,1.278,1.264,535300,678744
sh517550,沪港深消费龙头ETF招商,0.637,0.001,0.157,0.637,0.639,0.636,0.637,0.641,0.635,6953700,4435708
sh517520,黄金股ETF永赢,2.007,-0.03,-1.473,2.006,2.007,2.037,2.037,2.038,2.0,243857619,492381970
sh517400,黄金股ETF国泰,1.582,-0.027,-1.678,1.582,1.583,1.609,1.609,1.611,1.58,51322800,81767828
sh517390,云计算ETF天弘,1.927,0.028,1.474,1.927,1.93,1.899,1.929,1.956,1.911,3969300,7698238
sh517380,创新药ETF天弘,0.897,-0.003,-0.333,0.896,0.897,0.9,0.903,0.908,0.889,113396198,101523392
sh517360,沪港深科技ETF华安,0.937,0.003,0.321,0.939,0.941,0.934,0.936,0.947,0.936,53700,50606
sh517350,沪港深科技ETF广发,0.925,0.005,0.543,0.926,0.928,0.92,0.92,0.948,0.92,1054000,987439
sh517330,长江保护ETF易方达,0.961,-0.002,-0.208,0.963,0.964,0.963,0.972,0.972,0.96,1216000,1175770
sh517300,沪港深300ETF国寿,0.942,0.003,0.319,0.942,0.943,0.939,0.94,0.947,0.94,1867000,1764131
sh517230,云计算ETF永赢,0.975,0.015,1.563,0.975,0.976,0.96,0.969,0.99,0.96,15989444,15725009
sh517200,互联网ETF嘉实,0.57,0.005,0.885,0.57,0.572,0.565,0.57,0.577,0.568,4422000,2522155
sh517180,中国国企ETF南方,1.489,-0.001,-0.067,1.489,1.492,1.49,1.488,1.493,1.482,5417900,8057332
sh517170,沪港深500ETF华夏,0.992,0.002,0.202,0.994,0.995,0.99,0.995,0.998,0.992,1614000,1608602
sh517160,长江保护ETF南方,0.951,-0.002,-0.21,0.953,0.954,0.953,0.967,0.967,0.951,2300,2195
sh517130,云计算ETF嘉实,0.953,0.014,1.491,0.953,0.956,0.939,0.943,0.968,0.943,9712500,9346596
sh517120,创新药ETF华泰柏瑞,0.782,-0.006,-0.761,0.78,0.782,0.788,0.787,0.791,0.776,24584100,19207020
sh517110,创新药ETF国泰,0.815,-0.001,-0.123,0.813,0.815,0.816,0.816,0.825,0.807,53222500,43264254
sh517100,沪港深500ETF富国,1.002,0.002,0.2,1.004,1.005,1.0,1.0,1.007,1.0,497600,500688
sh517090,央企共赢ETF国泰,1.576,-0.003,-0.19,1.571,1.576,1.579,1.573,1.576,1.568,1546500,2430634
sh517080,沪港深500ETF汇添富,0.986,0.0,0.0,0.986,0.989,0.986,0.988,0.994,0.986,882500,873963
sh517050,互联网ETF华泰柏瑞,0.648,0.005,0.778,0.648,0.649,0.643,0.645,0.656,0.645,1372700,894254
sh517030,沪港深300ETF易方达,1.125,0.007,0.626,1.125,1.128,1.118,1.12,1.128,1.119,853600,956666
sh517010,沪港深500ETF易方达,1.106,0.001,0.09,1.104,1.106,1.105,1.108,1.112,1.103,1311500,1452491
sh517000,沪港深500ETF银华,0.996,0.002,0.201,0.995,0.998,0.994,1.0,1.001,0.996,157100,156921
sh516980,证券先锋ETF华富,1.051,0.001,0.095,1.05,1.054,1.05,1.065,1.065,1.04,1091000,1150297
sh516970,基建ETF广发,1.096,-0.005,-0.454,1.096,1.097,1.101,1.101,1.104,1.094,20159500,22144769
sh516960,机械ETF国泰,0.821,0.0,0.0,0.821,0.822,0.821,0.827,0.837,0.82,739000,609476
sh516950,基建ETF银华,1.009,-0.002,-0.198,1.008,1.009,1.011,1.025,1.025,1.005,5810300,5879123
sh516930,生物科技ETF民生加银,0.51,0.0,0.0,0.509,0.511,0.51,0.509,0.516,0.507,1840000,936174
sh516920,芯片ETF汇添富,1.419,0.015,1.068,1.419,1.42,1.404,1.433,1.453,1.408,26440800,37930018
sh516910,物流ETF富国,1.199,-0.022,-1.802,1.198,1.199,1.221,1.215,1.215,1.195,18289200,21951638
sh516900,食品饮料ETF华安,0.487,0.002,0.412,0.486,0.487,0.485,0.483,0.487,0.482,5822600,2830417
sh516890,新材料ETF平安,0.763,0.0,0.0,0.762,0.764,0.763,0.77,0.774,0.761,342100,263063
sh516880,光伏ETF银华,0.696,-0.003,-0.429,0.696,0.697,0.699,0.7,0.707,0.694,21119794,14786653
sh516860,金融科技ETF博时,1.064,0.003,0.283,1.064,1.065,1.061,1.067,1.073,1.059,61028600,64942644
sh516850,新能源ETF华夏,0.86,0.0,0.0,0.859,0.86,0.86,0.867,0.868,0.858,9236500,7960288
sh516840,汽车ETF南方,0.733,0.009,1.243,0.732,0.733,0.724,0.725,0.735,0.725,12765900,9307764
sh516830,沪深300ESGETF富国,1.016,0.001,0.099,1.016,1.019,1.015,1.02,1.025,1.015,6882100,7023604
sh516820,医疗创新ETF平安,0.35,-0.001,-0.285,0.35,0.351,0.351,0.351,0.354,0.348,69036400,24196539
sh516810,农业ETF华夏,0.759,-0.005,-0.654,0.758,0.759,0.764,0.762,0.764,0.754,90192900,68412590
sh516800,智能制造ETF华宝,0.976,0.001,0.103,0.975,0.976,0.975,0.992,0.996,0.972,9548600,9426548
sh516790,医疗ETF华泰柏瑞,0.519,0.004,0.777,0.518,0.519,0.515,0.513,0.522,0.513,6098200,3170430
sh516780,稀土ETF华泰柏瑞,0.819,-0.003,-0.365,0.818,0.819,0.822,0.828,0.83,0.817,73178300,60248275
sh516770,游戏ETF华泰柏瑞,1.155,0.011,0.962,1.153,1.155,1.144,1.156,1.162,1.144,19755100,22775392
sh516760,养殖ETF平安,0.58,-0.003,-0.515,0.579,0.58,0.583,0.583,0.583,0.576,5115799,2959318
sh516750,建材ETF富国,0.574,-0.005,-0.864,0.573,0.574,0.579,0.58,0.58,0.572,13551200,7774169
sh516730,证券ETF浦银,0.969,0.001,0.103,0.968,0.971,0.968,0.968,0.976,0.968,1369100,1331218
sh516720,ESGETF浦银,1.139,0.002,0.176,1.137,1.142,1.137,1.141,1.145,1.139,63900,72837
sh516710,新材料ETF华夏,0.737,0.002,0.272,0.736,0.737,0.735,0.74,0.748,0.735,5598900,4171064
sh516700,大数据产业ETF,0.897,0.019,2.164,0.895,0.897,0.878,0.883,0.902,0.883,15135000,13567502
sh516670,畜牧养殖ETF招商,0.608,-0.003,-0.491,0.608,0.609,0.611,0.608,0.61,0.603,59258800,35905669
sh516660,新能源车ETF华安,0.918,0.006,0.658,0.916,0.918,0.912,0.919,0.924,0.916,1212700,1115458
sh516650,有色金属ETF华夏,1.764,0.004,0.227,1.764,1.765,1.76,1.769,1.78,1.758,84667200,149691850
sh516640,芯片ETF富国,1.461,0.013,0.898,1.461,1.462,1.448,1.487,1.498,1.452,84898700,125534385
sh516630,云计算ETF华夏,1.642,0.031,1.924,1.641,1.642,1.611,1.633,1.659,1.633,24621000,40495965
sh516620,影视ETF国泰,0.887,0.011,1.256,0.887,0.888,0.876,0.88,0.892,0.87,51231000,45212038
sh516610,医疗设备ETF大成,0.432,0.002,0.465,0.432,0.433,0.43,0.429,0.435,0.427,5639400,2431508
sh516600,消费服务ETF工银,0.609,0.002,0.329,0.608,0.609,0.607,0.607,0.611,0.606,2065300,1259532
sh516590,智能汽车ETF易方达,1.029,0.011,1.081,1.028,1.03,1.018,1.028,1.039,1.027,2005400,2068065
sh516580,新能源ETF博时,0.549,0.0,0.0,0.549,0.55,0.549,0.549,0.555,0.548,6118500,3369723
sh516570,石化ETF易方达,0.994,-0.004,-0.401,0.993,0.994,0.998,0.994,0.997,0.989,24594100,24430256
sh516560,养老ETF华宝,0.755,0.004,0.533,0.753,0.755,0.751,0.753,0.757,0.747,4792200,3604407
sh516550,农业ETF嘉实,0.69,-0.001,-0.145,0.689,0.69,0.691,0.69,0.693,0.686,10233000,7059777
sh516530,物流ETF银华,1.031,-0.02,-1.903,1.031,1.034,1.051,1.04,1.059,1.029,946500,976117
sh516520,智能驾驶ETF华泰柏瑞,1.054,0.007,0.669,1.054,1.056,1.047,1.054,1.066,1.053,31021600,32852026
sh516510,云计算ETF易方达,1.684,0.037,2.247,1.684,1.685,1.647,1.675,1.699,1.672,160654700,270650586
sh516500,生物科技ETF华夏,0.657,0.0,0.0,0.657,0.658,0.657,0.657,0.666,0.652,14126400,9275167
sh516460,现金流ETF800鹏华,1.194,0.001,0.084,1.189,1.194,1.193,1.19,1.194,1.19,1978500,2358099
sh516440,工程机械ETF南方,0.899,-0.004,-0.443,0.899,0.901,0.903,0.908,0.908,0.899,6382606,5756912
sh516390,新能源车ETF汇添富,0.807,0.005,0.623,0.806,0.807,0.802,0.8,0.812,0.8,2833200,2292542
sh516380,智能电动车ETF华宝,0.817,0.008,0.989,0.815,0.817,0.809,0.806,0.824,0.806,1298700,1064444
sh516370,电力ETF汇添富,0.912,-0.004,-0.437,0.912,0.913,0.916,0.916,0.921,0.91,6699500,6110729
sh516360,新材料ETF华宝,1.01,0.001,0.099,1.01,1.012,1.009,1.019,1.025,1.006,1914000,1946124
sh516350,芯片ETF易方达,1.653,0.015,0.916,1.653,1.654,1.638,1.674,1.696,1.644,82357800,137805180
sh516330,物联网ETF华泰柏瑞,1.574,0.016,1.027,1.575,1.577,1.558,1.573,1.596,1.573,16300,25851
sh516320,高端装备ETF华夏,0.881,-0.005,-0.564,0.881,0.884,0.886,0.895,0.896,0.88,2188900,1943306
sh516310,银行ETF易方达,1.39,-0.001,-0.072,1.389,1.39,1.391,1.386,1.39,1.377,68167650,94277730
sh516300,中证1000ETF华泰柏瑞,3.272,-0.002,-0.061,3.271,3.275,3.274,3.288,3.327,3.26,3519443,11555632
sh516290,光伏ETF汇添富,0.507,-0.001,-0.197,0.506,0.507,0.508,0.511,0.513,0.505,15699100,7994975
sh516270,新能源ETF华安,0.539,-0.001,-0.185,0.538,0.539,0.54,0.543,0.546,0.537,10635700,5755702
sh516260,物联网ETF华夏,1.363,0.009,0.665,1.363,1.367,1.354,1.372,1.387,1.363,1227300,1688403
sh516250,工程机械ETF富国,0.899,-0.003,-0.333,0.897,0.899,0.902,0.902,0.908,0.897,3744300,3375219
sh516230,光伏ETF招商,0.755,-0.003,-0.396,0.755,0.756,0.758,0.758,0.766,0.754,9266900,7052597
sh516220,化工ETF国泰,0.866,-0.008,-0.915,0.867,0.868,0.874,0.869,0.873,0.864,8521000,7397019
sh516210,银行ETF华安,1.429,-0.003,-0.209,1.425,1.429,1.432,1.423,1.429,1.416,9948300,14160027
sh516200,证券ETF华安,1.023,0.001,0.098,1.023,1.025,1.022,1.022,1.03,1.022,15491500,15866532
sh516190,传媒ETF华夏,1.012,0.016,1.606,1.012,1.013,0.996,0.997,1.02,0.997,22948000,23165864
sh516180,光伏ETF平安,0.676,-0.002,-0.295,0.674,0.677,0.678,0.683,0.686,0.674,7663900,5220206
sh516160,新能源ETF南方,2.334,-0.001,-0.043,2.334,2.335,2.335,2.343,2.361,2.329,76054161,178505132
sh516150,稀土ETF嘉实,1.673,-0.007,-0.417,1.673,1.674,1.68,1.692,1.692,1.669,71340100,119945856
sh516130,消费龙头ETF华宝,0.668,0.002,0.3,0.668,0.669,0.666,0.665,0.671,0.664,9536400,6372150
sh516120,化工ETF富国,0.846,-0.004,-0.471,0.846,0.847,0.85,0.853,0.854,0.844,143139316,121391061
sh516110,汽车ETF国泰,1.085,0.005,0.463,1.083,1.085,1.08,1.092,1.092,1.08,13049100,14163996
sh516100,金融科技ETF华夏,1.035,0.004,0.388,1.034,1.035,1.031,1.037,1.044,1.03,36284200,37591488
sh516090,新能源ETF易方达,0.464,-0.001,-0.215,0.464,0.465,0.465,0.466,0.469,0.463,56783400,26494087
sh516080,创新药ETF易方达,0.693,-0.002,-0.288,0.693,0.694,0.695,0.695,0.703,0.687,249854603,173224275
sh516070,低碳ETF易方达,0.545,0.002,0.368,0.544,0.545,0.543,0.544,0.549,0.544,5181500,2834968
sh516060,创新药ETF工银,0.606,-0.002,-0.329,0.606,0.607,0.608,0.607,0.615,0.6,14900300,9024998
sh516050,科技龙头ETF工银,1.403,0.003,0.214,1.403,1.405,1.4,1.42,1.435,1.397,4463100,6346076
sh516040,300现金流ETF华夏,0.996,0.0,0.0,0.995,0.996,0.996,0.991,0.998,0.989,6797981,6769772
sh516020,化工ETF华宝,0.827,-0.006,-0.72,0.826,0.827,0.833,0.83,0.834,0.824,102738400,85143642
sh516010,游戏ETF国泰,1.089,0.007,0.647,1.088,1.089,1.082,1.085,1.096,1.079,82531500,89749716
sh516000,大数据ETF华夏,0.946,0.018,1.94,0.946,0.948,0.928,0.937,0.954,0.937,34686000,32887157
sh515990,一带一路ETF汇添富,1.518,-0.006,-0.394,1.513,1.518,1.524,1.56,1.56,1.511,2758200,4184177
sh515980,人工智能ETF华富,1.038,0.007,0.679,1.038,1.039,1.031,1.045,1.058,1.036,176842584,185458401
sh515970,工程机械ETF华夏,0.805,-0.001,-0.124,0.804,0.805,0.806,0.804,0.813,0.803,65553900,52963414
sh515960,医药ETF嘉实,0.837,-0.001,-0.119,0.835,0.837,0.838,0.843,0.845,0.832,5142100,4308196
sh515950,医药50ETF富国,0.949,-0.003,-0.315,0.949,0.95,0.952,0.952,0.959,0.941,13042100,12402141
sh515940,电网设备ETF南方,1.03,-0.005,-0.483,1.03,1.031,1.035,1.04,1.05,1.022,18511503,19300778
sh515920,智能消费ETF博时,1.209,0.008,0.666,1.209,1.211,1.201,1.204,1.225,1.204,1465500,1782434
sh515910,质量ETF中金,0.68,0.0,0.0,0.679,0.682,0.68,0.68,0.686,0.678,9835300,6721005
sh515900,央企创新ETF博时,1.654,-0.006,-0.361,1.653,1.654,1.66,1.667,1.677,1.65,3998900,6622379
sh515890,红利ETF博时,1.468,0.002,0.136,1.468,1.469,1.466,1.464,1.468,1.453,3953200,5781175
sh515880,通信ETF国泰,0.707,-0.005,-0.702,0.707,0.708,0.712,0.726,0.728,0.703,4507170142,3224549621
sh515860,科技ETF嘉实,2.139,0.009,0.423,2.137,2.139,2.13,2.142,2.165,2.128,3401500,7327890
sh515850,证券ETF富国,1.335,0.002,0.15,1.334,1.335,1.333,1.337,1.344,1.331,45869091,61348864
sh515840,食品ETF南方,1.04,0.007,0.678,1.04,1.042,1.033,1.034,1.043,1.031,2748900,2854131
sh515810,中证800ETF易方达,1.702,0.0,0.0,1.701,1.705,1.702,1.711,1.719,1.702,2569900,4404669
sh515800,中证800ETF汇添富,1.276,-0.001,-0.078,1.276,1.277,1.277,1.282,1.288,1.273,66695700,85597316
sh515790,光伏ETF华泰柏瑞,0.817,-0.003,-0.366,0.816,0.817,0.82,0.823,0.828,0.814,152318600,125076706
sh515770,MSCI中国A股ETF摩根,1.399,0.003,0.215,1.396,1.402,1.396,1.406,1.406,1.399,11200,15710
sh515760,浙江国资ETF华夏,1.358,-0.007,-0.513,1.358,1.362,1.365,1.373,1.373,1.358,2102500,2866535
sh515750,科技50ETF富国,2.037,0.014,0.692,2.037,2.039,2.023,2.04,2.056,2.029,3838300,7843288
sh515730,家居家电ETF永赢,0.846,0.007,0.834,0.845,0.847,0.839,0.845,0.851,0.844,3084200,2613216
sh515720,金融科技ETF富国,0.697,0.007,1.014,0.697,0.698,0.69,0.69,0.702,0.69,98425000,68584544
sh515710,食品饮料ETF华宝,0.492,0.001,0.204,0.492,0.493,0.491,0.492,0.494,0.488,34152000,16808499
sh515700,新能源车ETF平安,2.028,0.013,0.645,2.027,2.028,2.015,2.021,2.044,2.021,15902900,32329832
sh515680,央企创新ETF嘉实,1.683,-0.005,-0.296,1.683,1.687,1.688,1.698,1.698,1.68,2026500,3415609
sh515660,沪深300ETF国联安,5.793,0.025,0.433,5.774,5.793,5.768,5.772,5.825,5.772,50000,290410
sh515650,消费50ETF富国,1.048,0.004,0.383,1.047,1.048,1.044,1.045,1.05,1.04,29672100,31066365
sh515640,家电ETF华夏,0.953,0.008,0.847,0.95,0.952,0.945,0.945,0.99,0.94,5242200,5005627
sh515630,证券保险ETF鹏华,1.259,0.003,0.239,1.259,1.26,1.256,1.259,1.266,1.249,23269390,29318555
sh515600,央企创新ETF广发,1.676,-0.004,-0.238,1.672,1.676,1.68,1.69,1.69,1.674,808800,1355370
sh515590,500等权ETF前海开源,1.911,-0.006,-0.313,1.91,1.916,1.917,1.917,1.934,1.904,672200,1294152
sh515580,科技100ETF华泰柏瑞,1.379,0.005,0.364,1.378,1.379,1.374,1.379,1.395,1.375,2332000,3233826
sh515560,证券ETF建信,0.982,0.001,0.102,0.982,0.984,0.981,0.979,0.989,0.979,10919800,10748288
sh515550,中证500ETF国联,1.76,-0.01,-0.565,1.761,1.766,1.77,1.77,1.791,1.759,824200,1458106
sh515530,中证500ETF泰康,4.325,-0.01,-0.231,4.319,4.34,4.335,4.338,4.378,4.32,597200,2591726
sh515480,红利低波100ETF南方,1.054,-0.001,-0.095,1.054,1.055,1.055,1.054,1.055,1.051,1971603,2075599
sh515460,红利质量ETF南方,0.902,0.002,0.222,0.9,0.902,0.9,0.901,0.904,0.899,10490200,9452896
sh515450,红利低波50ETF南方,1.391,0.002,0.144,1.39,1.391,1.389,1.386,1.391,1.383,102021638,141473204
sh515440,A股ETF南方,1.003,-0.002,-0.199,1.004,1.005,1.005,1.006,1.013,1.003,32271465,32583377
sh515400,大数据ETF富国,0.861,0.016,1.893,0.861,0.862,0.845,0.857,0.867,0.856,134276300,115622158
sh515390,沪深300ETF华安,1.348,0.004,0.298,1.346,1.348,1.344,1.35,1.359,1.345,145754200,197051737
sh515380,沪深300ETF泰康,5.368,0.007,0.131,5.372,5.375,5.361,5.375,5.417,5.366,2194900,11829211
sh515370,光伏ETF华夏,0.783,-0.003,-0.382,0.783,0.784,0.786,0.79,0.794,0.78,19871800,15638352
sh515360,沪深300ETF方正富邦,6.725,0.016,0.238,6.706,6.725,6.709,6.771,6.771,6.719,17300,116628
sh515350,沪深300ETF民生加银,6.195,0.01,0.162,6.185,6.204,6.185,6.216,6.247,6.191,134600,838196
sh515330,沪深300ETF天弘,1.328,0.003,0.226,1.327,1.328,1.325,1.33,1.339,1.325,404616100,538091457
sh515320,电子50ETF华安,1.547,0.009,0.585,1.544,1.547,1.538,1.575,1.58,1.539,6914300,10786654
sh515310,沪深300ETF汇添富,1.372,0.003,0.219,1.371,1.372,1.369,1.375,1.384,1.37,13172400,18155181
sh515300,300红利低波ETF嘉实,1.304,-0.001,-0.077,1.303,1.304,1.305,1.304,1.306,1.298,64565100,84050336
sh515290,银行ETF天弘,1.506,-0.003,-0.199,1.506,1.507,1.509,1.503,1.507,1.493,37217000,55806857
sh515260,电子ETF华宝,0.854,0.002,0.235,0.854,0.855,0.852,0.865,0.875,0.852,65307700,56454573
sh515250,智能汽车ETF富国,0.939,0.009,0.968,0.938,0.939,0.93,0.933,0.947,0.933,24469100,23023667
sh515230,软件ETF国泰,0.694,0.012,1.76,0.693,0.694,0.682,0.687,0.7,0.687,276723631,191900343
sh515220,煤炭ETF国泰,1.292,0.01,0.78,1.292,1.293,1.282,1.27,1.295,1.257,672347030,861334333
sh515210,钢铁ETF国泰,1.138,-0.012,-1.043,1.138,1.139,1.15,1.151,1.152,1.137,46788000,53466589
sh515200,创新100ETF申万菱信,2.438,0.007,0.288,2.44,2.446,2.431,2.445,2.482,2.438,706200,1743982
sh515190,中证500ETF中银证券,1.646,-0.004,-0.242,1.646,1.651,1.65,1.659,1.668,1.645,1163600,1928650
sh515180,红利ETF易方达,1.423,0.0,0.0,1.423,1.424,1.423,1.421,1.426,1.413,200849400,285484624
sh515170,食品饮料ETF华夏,0.461,0.002,0.436,0.46,0.461,0.459,0.459,0.462,0.457,104520282,48098004
sh515160,MSCI中国ETF招商,1.611,0.004,0.249,1.613,1.615,1.607,1.621,1.63,1.611,141500,229196
sh515150,一带一路ETF富国,1.548,-0.009,-0.578,1.547,1.548,1.557,1.553,1.569,1.548,1936000,3012705
sh515130,沪深300ETF博时,1.532,0.006,0.393,1.527,1.532,1.526,1.526,1.541,1.526,4665900,7145055
sh515120,创新药ETF广发,0.65,-0.001,-0.154,0.649,0.65,0.651,0.653,0.659,0.644,651110788,423322364
sh515110,一带一路ETF易方达,1.634,-0.009,-0.548,1.633,1.634,1.643,1.665,1.665,1.627,6343400,10385700
sh515100,红利低波100ETF景顺,1.396,0.0,0.0,1.395,1.396,1.396,1.395,1.396,1.391,96880300,134993688
sh515090,可持续发展ETF博时,1.353,0.006,0.445,1.353,1.355,1.347,1.35,1.364,1.349,1485400,2013956
sh515080,中证红利ETF招商,1.556,-0.001,-0.064,1.556,1.557,1.557,1.555,1.559,1.545,289108600,449073485
sh515070,人工智能ETF华夏,1.144,0.017,1.508,1.144,1.145,1.127,1.148,1.167,1.139,137064000,158354650
sh515060,房地产ETF华夏,0.62,0.002,0.324,0.62,0.621,0.618,0.614,0.624,0.611,96537800,59534064
sh515050,通信ETF华夏,1.079,-0.002,-0.185,1.078,1.079,1.081,1.1,1.108,1.073,863880087,941674294
sh515040,工业有色ETF华夏,1.021,0.007,0.69,1.02,1.021,1.014,1.014,1.029,1.014,2851205,2917148
sh515030,新能源车ETF华夏,1.514,0.01,0.665,1.513,1.514,1.504,1.507,1.527,1.507,81332800,123610190
sh515020,银行ETF华夏,1.799,0.002,0.111,1.798,1.799,1.797,1.788,1.799,1.781,64933300,116150044
sh515010,证券ETF华夏,1.232,0.003,0.244,1.232,1.233,1.229,1.232,1.241,1.23,39769100,49073942
sh515000,科技ETF华宝,1.296,0.005,0.387,1.296,1.297,1.291,1.312,1.326,1.29,120755428,158170384
sh513990,港股通ETF招商,1.101,0.003,0.273,1.101,1.103,1.098,1.102,1.11,1.101,9673100,10699335
sh513980,港股科技ETF景顺,0.595,0.004,0.677,0.595,0.596,0.591,0.597,0.607,0.594,394283380,236679106
sh513970,恒生消费ETF景顺,0.761,-0.006,-0.782,0.761,0.762,0.767,0.769,0.769,0.761,49290500,37630738
sh513950,恒生红利ETF富国,1.23,-0.009,-0.726,1.23,1.231,1.239,1.236,1.241,1.229,15643200,19264822
sh513930,恒生生物科技ETF华泰柏瑞,1.095,-0.004,-0.364,1.093,1.095,1.099,1.096,1.111,1.088,69622000,76459064
sh513920,港股通央企红利ETF华安,1.562,-0.009,-0.573,1.562,1.563,1.571,1.573,1.576,1.559,126245900,197231882
sh513910,港股通央企红利ETF华夏,1.573,-0.013,-0.82,1.573,1.574,1.586,1.586,1.586,1.567,66803200,104984507
sh513900,港股通100ETF华安,0.973,0.003,0.309,0.973,0.974,0.97,0.975,0.983,0.973,11799200,11539792
sh513890,恒生科技ETF摩根,0.853,0.004,0.471,0.852,0.853,0.849,0.855,0.865,0.85,26707800,22898736
sh513880,日经225ETF华安,2.151,0.026,1.224,2.151,2.152,2.125,2.162,2.168,2.148,84140700,181527538
sh513870,纳指ETF富国,2.14,0.043,2.051,2.139,2.14,2.097,2.127,2.147,2.127,60138975,128627269
sh513860,港股通科技ETF海富通,0.596,0.005,0.846,0.595,0.596,0.591,0.598,0.607,0.595,256132000,154341406
sh513850,美国50ETF易方达,1.912,0.017,0.897,1.911,1.912,1.895,1.938,1.939,1.903,110546641,212216293
sh513830,港股通高股息ETF嘉实,1.18,-0.008,-0.673,1.177,1.18,1.188,1.19,1.19,1.174,763800,898679
sh513820,港股通红利ETF汇添富,1.219,-0.009,-0.733,1.219,1.22,1.228,1.228,1.228,1.213,61171200,74414213
sh513810,港股国企ETF华夏,1.735,-0.009,-0.516,1.738,1.74,1.744,1.756,1.756,1.73,8482700,14711963
sh513800,日本东证指数ETF南方,1.904,0.01,0.528,1.904,1.905,1.894,1.903,1.908,1.902,22549200,42942056
sh513780,港股创新药ETF景顺,1.754,-0.01,-0.567,1.753,1.754,1.764,1.763,1.782,1.74,393903700,692428459
sh513770,港股互联网ETF华宝,0.34,0.003,0.89,0.339,0.34,0.337,0.34,0.346,0.338,2004275300,686374882
sh513750,港股通非银ETF广发,1.525,0.006,0.395,1.525,1.526,1.519,1.522,1.532,1.514,297380653,453292712
sh513730,东南亚科技ETF华泰柏瑞,1.091,0.0,0.0,1.091,1.092,1.091,1.095,1.098,1.091,20533600,22467792
sh513720,港股互联网ETF国泰,0.627,0.008,1.292,0.626,0.627,0.619,0.629,0.659,0.623,27038600,17103993
sh513700,港股通医药ETF鹏华,0.656,-0.005,-0.756,0.656,0.657,0.661,0.661,0.667,0.654,154170300,101665125
sh513690,港股红利ETF博时,1.12,-0.005,-0.444,1.119,1.12,1.125,1.123,1.125,1.115,117178400,131045641
sh513660,恒生ETF华夏,1.482,0.006,0.407,1.482,1.483,1.476,1.486,1.492,1.48,32085000,47663722
sh513650,标普500ETF南方,2.052,0.008,0.391,2.052,2.053,2.044,2.069,2.071,2.052,151213248,311882453
sh513630,港股低波红利ETF摩根,1.55,-0.007,-0.45,1.549,1.55,1.557,1.557,1.558,1.542,265194600,410399191
sh513620,港股医疗ETF银华,1.144,-0.011,-0.952,1.142,1.144,1.155,1.157,1.167,1.141,30889500,35560933
sh513600,恒生指数ETF南方,2.728,0.014,0.516,2.727,2.728,2.714,2.733,2.742,2.721,24798000,67724250
sh513590,港股通消费ETF鹏华,0.72,-0.005,-0.69,0.72,0.723,0.725,0.724,0.727,0.72,5559200,4014462
sh513580,恒生科技ETF华安,0.555,0.004,0.726,0.554,0.555,0.551,0.556,0.562,0.552,175499204,97940641
sh513560,香港科技ETF兴银,1.105,0.006,0.546,1.105,1.106,1.099,1.111,1.126,1.103,31156800,34762298
sh513550,港股通50ETF华泰柏瑞,1.109,0.008,0.727,1.107,1.109,1.101,1.108,1.114,1.105,22016300,24423448
sh513530,港股通红利ETF华泰柏瑞,1.558,-0.015,-0.954,1.557,1.558,1.573,1.57,1.57,1.555,250724232,390623063
sh513520,日经ETF华夏,2.306,0.034,1.496,2.305,2.306,2.272,2.305,2.32,2.296,96300400,222284069
sh513500,标普500ETF博时,2.727,0.039,1.451,2.727,2.728,2.688,2.735,2.742,2.722,193996011,530084452
sh513400,道琼斯ETF鹏华,1.327,0.011,0.836,1.327,1.328,1.316,1.322,1.33,1.322,232759600,308771673
sh513390,纳指100ETF博时,2.518,0.048,1.943,2.518,2.519,2.47,2.511,2.526,2.51,55320376,139271437
sh513380,恒生科技ETF广发,0.505,0.003,0.598,0.504,0.505,0.502,0.507,0.512,0.503,370091700,188074696
sh513360,教育ETF博时,0.472,0.003,0.64,0.471,0.472,0.469,0.469,0.474,0.468,63051800,29703182
sh513350,标普油气ETF富国,1.324,-0.045,-3.287,1.324,1.325,1.369,1.35,1.364,1.315,620284500,830098122
sh513330,恒生互联网ETF华夏,0.355,0.004,1.14,0.354,0.355,0.351,0.356,0.361,0.353,6244628999,2232298783
sh513320,港股通新经济ETF易方达,1.053,0.009,0.862,1.053,1.054,1.044,1.055,1.074,1.051,6939700,7394658
sh513310,中韩半导体ETF华泰柏瑞,4.937,0.037,0.755,4.936,4.937,4.9,5.019,5.055,4.906,1873631142,9355046518
sh513300,纳斯达克ETF华夏,2.792,0.063,2.309,2.792,2.793,2.729,2.779,2.81,2.768,268895655,750640000
sh513290,纳指生物科技ETF汇添富,1.761,-0.015,-0.845,1.761,1.762,1.776,1.791,1.793,1.757,101182300,179397830
sh513280,恒生生物科技ETF汇添富,1.177,-0.009,-0.759,1.176,1.177,1.186,1.191,1.197,1.17,91728200,108360220
sh513260,恒生科技ETF汇添富,1.07,0.007,0.659,1.07,1.071,1.063,1.075,1.086,1.067,219940057,236981877
sh513240,港股通信息技术ETF华安,1.037,0.003,0.29,1.037,1.038,1.034,1.057,1.067,1.035,60757300,63854684
sh513230,港股通消费ETF华夏,0.804,-0.007,-0.863,0.804,0.805,0.811,0.812,0.813,0.804,18827700,15169544
sh513220,中概互联ETF招商,0.909,0.01,1.112,0.908,0.909,0.899,0.908,0.921,0.9,37005300,33819584
sh513210,恒生ETF易方达,1.484,0.007,0.474,1.484,1.485,1.477,1.483,1.491,1.48,2778200,4128502
sh513200,港股通医药ETF易方达,1.107,-0.007,-0.628,1.107,1.108,1.114,1.116,1.125,1.101,156611693,173874539
sh513190,港股通金融ETF华夏,1.855,-0.006,-0.322,1.855,1.858,1.861,1.863,1.865,1.843,211732952,391971677
sh513180,恒生科技ETF华夏,0.558,0.004,0.722,0.557,0.558,0.554,0.56,0.566,0.556,4258969966,2389255601
sh513170,恒生央企ETF鹏华,1.582,-0.012,-0.753,1.582,1.584,1.594,1.586,1.595,1.581,5760400,9129410
sh513160,港股科技ETF银华,0.94,0.011,1.184,0.939,0.94,0.929,0.943,0.956,0.936,250135082,236945602
sh513150,港股通科技ETF华泰柏瑞,0.941,0.004,0.427,0.942,0.943,0.937,0.942,0.961,0.941,48395800,46060367
sh513140,港股通金融ETF华泰柏瑞,1.733,0.005,0.289,1.731,1.733,1.728,1.725,1.733,1.716,22163200,38206817
sh513130,恒生科技ETF华泰柏瑞,0.549,0.004,0.734,0.548,0.549,0.545,0.551,0.557,0.547,4000065230,2208321287
sh513120,港股创新药ETF广发,1.357,-0.007,-0.513,1.356,1.357,1.364,1.364,1.38,1.347,5214891406,7099511398
sh513110,纳指ETF华泰柏瑞,2.574,0.05,1.981,2.573,2.574,2.524,2.549,2.582,2.548,100798463,259145160
sh513100,纳指ETF国泰,2.316,0.033,1.445,2.316,2.317,2.283,2.325,2.334,2.302,299134150,694168595
sh513090,香港证券ETF易方达,1.814,0.005,0.276,1.813,1.814,1.809,1.818,1.823,1.81,1459641652,2651792047
sh513080,法国ETF华安,1.741,-0.004,-0.229,1.741,1.742,1.745,1.751,1.751,1.741,22799200,39839874
sh513070,港股通消费ETF易方达,1.019,-0.006,-0.585,1.018,1.019,1.025,1.026,1.027,1.018,54737400,55840582
sh513060,恒生医疗ETF博时,0.592,-0.004,-0.671,0.591,0.592,0.596,0.597,0.601,0.59,797314400,474040347
sh513050,中概互联网ETF易方达,1.05,0.02,1.942,1.049,1.05,1.03,1.045,1.07,1.044,2871001890,3036755278
sh513040,港股通互联网ETF易方达,0.885,0.005,0.568,0.885,0.886,0.88,0.889,0.906,0.885,573442272,513692591
sh513030,德国ETF华安,1.834,0.001,0.055,1.834,1.835,1.833,1.847,1.85,1.832,34269700,63099946
sh513020,港股科技ETF国泰,0.929,0.006,0.65,0.929,0.93,0.923,0.932,0.948,0.928,134649100,126158156
sh513010,恒生科技ETF易方达,0.575,0.003,0.524,0.574,0.575,0.572,0.577,0.584,0.573,1424663246,825106031
sh513000,日经225ETF易方达,2.305,0.032,1.408,2.305,2.307,2.273,2.309,2.318,2.299,55229400,127534212
sh512990,MSCIA股ETF华夏,2.029,0.002,0.099,2.028,2.033,2.027,2.043,2.046,2.027,1363200,2775657
sh512980,传媒ETF广发,0.836,0.014,1.703,0.835,0.836,0.822,0.829,0.843,0.825,553137171,461202555
sh512970,大湾区ETF平安,1.486,-0.002,-0.134,1.485,1.488,1.488,1.488,1.498,1.484,165100,245877
sh512960,央企结构调整ETF博时,1.467,-0.002,-0.136,1.467,1.47,1.469,1.46,1.479,1.46,3887800,5714252
sh512950,央企改革ETF华夏,1.515,-0.005,-0.329,1.514,1.515,1.52,1.52,1.526,1.512,5907400,8965995
sh512940,有色ETF华安,0.801,0.002,0.25,0.8,0.801,0.799,0.801,0.808,0.798,41579000,33426798
sh512930,AI人工智能ETF平安,0.641,0.01,1.585,0.641,0.642,0.631,0.644,0.655,0.638,215581948,139570840
sh512910,A100ETF广发,1.302,0.004,0.308,1.301,1.305,1.298,1.298,1.315,1.298,5153100,6744519
sh512900,证券ETF南方,1.059,-0.001,-0.094,1.059,1.06,1.06,1.061,1.067,1.053,60358542,64096429
sh512890,红利低波ETF华泰柏瑞,1.187,0.001,0.084,1.187,1.188,1.186,1.181,1.188,1.178,647475809,766245407
sh512880,证券ETF国泰,1.069,0.001,0.094,1.069,1.07,1.068,1.071,1.077,1.068,1255622993,1346019783
sh512870,杭州湾区ETF南华,1.444,-0.008,-0.551,1.439,1.449,1.452,1.474,1.474,1.43,40900,59484
sh512820,银行ETF汇添富,1.473,-0.001,-0.068,1.472,1.473,1.474,1.465,1.473,1.459,61073800,89522313
sh512810,军工ETF华宝,0.677,-0.006,-0.878,0.677,0.678,0.683,0.684,0.688,0.675,42205000,28683515
sh512800,银行ETF华宝,0.839,0.0,0.0,0.839,0.84,0.839,0.836,0.839,0.831,712128835,594514541
sh512770,战略新兴ETF华夏,2.596,0.003,0.116,2.596,2.598,2.593,2.6,2.655,2.588,1383900,3639403
sh512760,芯片ETF国泰,1.112,0.01,0.907,1.111,1.112,1.102,1.128,1.141,1.106,437888323,494132568
sh512750,基本面50ETF嘉实,1.443,0.002,0.139,1.442,1.444,1.441,1.454,1.454,1.434,1119100,1610224
sh512740,汽车零部件ETF广发,0.997,-0.003,-0.3,0.997,1.0,1.0,1.003,1.009,0.995,29221559,29367068
sh512730,银行ETF鹏华,1.718,-0.002,-0.116,1.715,1.718,1.72,1.719,1.721,1.706,2233600,3823739
sh512720,计算机ETF国泰,1.155,0.013,1.138,1.155,1.156,1.142,1.148,1.167,1.148,18332400,21263433
sh512710,军工龙头ETF富国,0.642,-0.005,-0.773,0.641,0.642,0.647,0.649,0.651,0.639,319192700,205217935
sh512700,银行ETF南方,1.501,0.001,0.067,1.501,1.502,1.5,1.495,1.502,1.488,60771900,90814391
sh512690,酒ETF鹏华,0.415,-0.001,-0.24,0.415,0.416,0.416,0.415,0.418,0.413,723265362,300959760
sh512680,军工ETF广发,1.195,-0.01,-0.83,1.195,1.196,1.205,1.207,1.214,1.192,37241800,44689144
sh512670,国防ETF鹏华,0.793,-0.005,-0.627,0.793,0.794,0.798,0.8,0.804,0.79,99637700,79193828
sh512660,军工ETF国泰,1.168,-0.008,-0.68,1.168,1.169,1.176,1.179,1.185,1.163,204891700,240014016
sh512650,长三角ETF汇添富,1.355,0.002,0.148,1.355,1.358,1.353,1.368,1.368,1.351,3034400,4114704
sh512640,金融地产ETF嘉实,2.408,0.002,0.083,2.406,2.408,2.406,2.39,2.408,2.386,2242900,5384206
sh512630,卫星ETF广发,1.116,-0.002,-0.179,1.116,1.117,1.118,1.127,1.135,1.112,74309400,83570623
sh512620,农业ETF天弘,0.895,-0.007,-0.776,0.895,0.898,0.902,0.898,0.903,0.891,9507400,8533341
sh512600,消费ETF嘉实,0.566,-0.001,-0.176,0.566,0.567,0.567,0.567,0.569,0.564,10327900,5850968
sh512580,环保ETF广发,1.128,0.001,0.089,1.128,1.129,1.127,1.13,1.139,1.126,4135500,4689252
sh512570,证券ETF易方达,1.076,0.001,0.093,1.076,1.077,1.075,1.079,1.084,1.072,115129646,124143373
sh512560,军工ETF易方达,0.737,-0.004,-0.54,0.736,0.737,0.741,0.745,0.748,0.734,46828000,34615704
sh512550,富时A50ETF嘉实,1.807,0.005,0.277,1.807,1.808,1.802,1.809,1.824,1.802,2282600,4144383
sh512530,沪深300红利ETF建信,1.638,0.003,0.183,1.636,1.638,1.635,1.635,1.638,1.624,3004900,4901639
sh512520,MSCI中国ETF华泰柏瑞,1.459,0.003,0.206,1.457,1.463,1.456,1.445,1.468,1.445,387800,567245
sh512510,中证500ETF华泰柏瑞,2.36,-0.006,-0.254,2.36,2.361,2.366,2.385,2.39,2.355,6035400,14337550
sh512500,中证500ETF华夏,4.447,-0.014,-0.314,4.447,4.448,4.461,4.478,4.503,4.437,93982103,420250456
sh512480,半导体ETF国联安,1.051,0.007,0.67,1.051,1.052,1.044,1.067,1.079,1.045,1259225070,1339364700
sh512460,电池ETF华夏,0.789,0.001,0.127,0.788,0.789,0.788,0.792,0.8,0.788,18586100,14770181
sh512450,畜牧养殖ETF广发,0.905,-0.008,-0.876,0.903,0.905,0.913,0.913,0.913,0.898,2618000,2363128
sh512430,家居家电ETF华泰柏瑞,0.904,0.007,0.78,0.904,0.905,0.897,0.939,0.939,0.897,1956400,1771386
sh512420,工程机械ETF华安,0.919,-0.004,-0.433,0.918,0.919,0.923,0.928,0.929,0.919,1026200,947416
sh512410,银行ETF广发,1.118,-0.002,-0.179,1.118,1.119,1.12,1.116,1.119,1.108,10888100,12128862
sh512400,有色金属ETF南方,1.733,0.004,0.231,1.732,1.733,1.729,1.738,1.75,1.728,359558444,625209659
sh512390,中国低波ETF平安,1.227,0.0,0.0,0.0,0.0,1.227,0.0,0.0,0.0,0,0
sh512380,MSCI中国ETF银华,1.598,0.0,0.0,1.598,1.604,1.598,1.611,1.611,1.596,405100,651805
sh512370,A500增强ETF华夏,1.202,0.002,0.167,1.202,1.203,1.2,1.202,1.212,1.201,4422800,5338871
sh512360,MSCIA股ETF平安,1.784,0.011,0.62,1.778,1.79,1.773,1.771,1.79,1.771,315000,559031
sh512330,信息科技ETF南方,1.929,0.005,0.26,1.929,1.93,1.924,1.944,1.974,1.921,3942700,7640473
sh512290,生物医药ETF国泰,1.054,-0.001,-0.095,1.053,1.054,1.055,1.057,1.068,1.046,97043800,102299570
sh512260,中证500低波动ETF华安,1.884,-0.001,-0.053,1.884,1.89,1.885,1.891,1.896,1.882,186700,353515
sh512250,A50ETF招商,1.187,0.001,0.084,1.187,1.19,1.186,1.188,1.196,1.187,160400,190978
sh512240,A50ETF鹏华,1.127,0.002,0.178,1.124,1.13,1.125,1.132,1.134,1.127,2708600,3066966
sh512220,TMTETF景顺,3.971,0.002,0.05,3.969,3.971,3.969,4.04,4.078,3.95,6465100,25910080
sh512200,房地产ETF南方,1.288,0.006,0.468,1.287,1.288,1.282,1.272,1.296,1.265,227696670,292113245
sh512190,浙商之江凤凰ETF,2.863,-0.004,-0.14,2.854,2.863,2.867,2.867,2.88,2.85,419900,1202568
sh512180,MSCIA股ETF建信,1.685,0.0,0.0,1.684,1.69,1.685,1.698,1.699,1.684,153800,260676
sh512170,医疗ETF华宝,0.348,0.0,0.0,0.347,0.348,0.348,0.348,0.352,0.346,1415041627,492627744
sh512160,MSCI中国A股ETF南方,1.523,0.002,0.131,1.52,1.526,1.521,1.526,1.536,1.521,719600,1099695
sh512150,富时A50ETF汇安,1.889,0.009,0.479,1.889,1.893,1.88,1.88,1.903,1.88,680900,1288088
sh512140,电力ETF华安,0.908,-0.007,-0.765,0.908,0.909,0.915,0.913,0.913,0.908,5963600,5420878
sh512130,全指现金流ETF鹏华,1.13,-0.001,-0.088,1.127,1.132,1.131,1.128,1.133,1.127,2247200,2542292
sh512120,医药ETF华安,0.469,-0.003,-0.636,0.469,0.47,0.472,0.473,0.475,0.467,34890900,16399465
sh512100,中证1000ETF南方,3.148,-0.001,-0.032,3.147,3.148,3.149,3.18,3.193,3.143,763759912,2419287473
sh512090,MSCIA股ETF易方达,1.986,-0.001,-0.05,1.986,1.987,1.987,1.994,2.008,1.983,17791200,35495775
sh512080,A500ETF中金,1.287,0.001,0.078,1.287,1.291,1.286,1.295,1.299,1.286,16897300,21833012
sh512070,证券保险ETF易方达,0.791,0.003,0.381,0.791,0.792,0.788,0.788,0.794,0.786,356172060,281538459
sh512060,A100ETF天弘,1.186,0.002,0.169,1.184,1.189,1.184,1.194,1.199,1.186,2113600,2520014
sh512050,A500ETF华夏,1.201,0.002,0.167,1.2,1.201,1.199,1.204,1.213,1.198,1023826122,1235466195
sh512040,价值ETF富国,1.197,-0.002,-0.167,1.197,1.2,1.199,1.199,1.202,1.196,133314500,159863662
sh512030,中证A50增强ETF易方达,1.086,0.002,0.185,1.083,1.089,1.084,1.084,1.093,1.081,1084700,1178445
sh512020,A500ETF鹏华,1.28,0.001,0.078,1.28,1.283,1.279,1.29,1.296,1.28,42969100,55421795
sh512010,医药ETF易方达,0.384,-0.002,-0.518,0.384,0.385,0.386,0.386,0.389,0.383,835708647,321693492
sh512000,券商ETF华宝,0.511,0.001,0.196,0.511,0.512,0.51,0.512,0.515,0.51,1362237950,698086213
sh511990,华宝添益ETF,99.995,-0.001,-0.001,99.994,99.995,99.996,99.994,99.996,99.992,110596676,11058935064
sh511980,货币ETF汇添富,100.304,-0.006,-0.006,100.289,100.335,100.31,100.31,100.378,100.272,1200,120372
sh511970,国寿货币ETF,100.018,0.012,0.012,100.018,100.029,100.006,100.007,100.04,100.007,3006,300655
sh511960,货币ETF嘉实,100.006,0.002,0.002,100.006,100.02,100.004,100.006,100.019,100.006,14400,1440122
sh511950,添利货币ETF广发,100.012,0.007,0.007,100.006,100.016,100.005,100.003,100.012,100.001,5900,590055
sh511930,货币ETF国联,100.004,0.004,0.004,97.284,100.018,100.0,100.002,100.01,100.002,2001,200114
sh511920,货币ETF广发,100.015,0.011,0.011,100.005,100.016,100.004,100.004,100.015,100.002,2611,261115
sh511910,融通货币ETF,100.013,0.003,0.003,100.006,100.014,100.01,100.008,100.013,100.004,3404,340426
sh511900,富国货币ETF,100.0,-0.001,-0.001,99.999,100.0,100.001,100.001,100.001,99.997,40613,4061244
sh511880,银华日利ETF,100.808,0.007,0.007,100.807,100.808,100.801,100.791,100.809,100.79,264254552,26637565771
sh511860,货币ETF博时,100.003,0.0,0.0,100.003,100.005,100.003,100.002,100.004,100.002,52405,5240677
sh511850,招商财富宝ETF,100.005,0.004,0.004,100.005,100.006,100.001,100.001,100.006,99.999,530658,53067248
sh511830,货币ETF华泰柏瑞,100.006,0.002,0.002,100.003,100.014,100.004,100.008,100.01,100.004,2600,260015
sh511820,鹏华添利ETF,100.005,-0.001,-0.001,100.005,100.006,100.006,100.001,100.006,100.001,2200,220008
sh511810,货币ETF南方,100.004,0.001,0.001,100.004,100.005,100.003,100.001,100.004,100.0,74257,7425845
sh511800,易方达货币ETF,100.007,0.007,0.007,100.007,100.008,100.0,100.0,100.008,99.997,80833,8083442
sh511770,金鹰增益货币ETF,100.024,0.004,0.004,100.019,100.024,100.02,100.02,100.025,100.016,22502,2250659
sh511700,货币ETF平安,100.005,0.004,0.004,100.005,100.006,100.001,100.0,100.007,99.996,974972,97499659
sh511690,交易货币ETF大成,100.0,-0.001,-0.001,99.999,100.0,100.001,100.0,100.0,99.999,75379,7537864
sh511670,华泰天天金ETF,100.009,0.004,0.004,100.009,100.016,100.005,100.01,100.032,100.009,900,90013
sh511660,货币ETF建信,100.001,0.001,0.001,100.0,100.001,100.0,99.998,100.003,99.997,2683903,268388495
sh511650,货币ETF华夏,100.005,0.004,0.004,100.005,100.007,100.001,100.006,100.007,100.003,53502,5350497
sh511620,货币ETF国泰,100.009,0.002,0.002,100.009,100.013,100.007,100.005,100.012,100.001,228091,22810791
sh511600,华安日日鑫ETF,100.017,0.009,0.009,100.016,100.017,100.008,100.007,100.019,100.007,37228,3723361
sh511580,国债政金债ETF招商,109.728,0.002,0.002,109.727,109.728,109.726,109.728,109.739,109.723,24941800,2736741501
sh511520,政金债ETF富国,118.696,0.048,0.04,118.696,118.699,118.648,118.652,118.727,118.652,12841328,1523993784
sh511380,可转债ETF博时,13.332,-0.081,-0.604,13.331,13.332,13.413,13.446,13.469,13.31,380685514,5098371216
sh511360,短融ETF海富通,113.938,0.003,0.003,113.937,113.938,113.935,113.937,113.947,113.936,1204104308,137198033807
sh511270,10年地方债ETF海富通,121.474,0.132,0.109,121.47,121.474,121.342,121.359,121.474,121.338,13708800,1664736636
sh511260,十年国债ETF国泰,134.821,0.064,0.047,134.82,134.821,134.757,134.752,134.834,134.749,23131657,3117693524
sh511220,城投债ETF海富通,10.432,0.002,0.019,10.432,10.433,10.43,10.431,10.433,10.428,147889606,1542667678
sh511200,信用债ETF华夏,103.57,0.059,0.057,103.568,103.57,103.511,103.542,103.574,103.43,88550600,9170407284
sh511190,信用债ETF海富通,103.066,0.06,0.058,103.065,103.066,103.006,103.007,103.068,102.985,41544500,4281631062
sh511180,可转债ETF海富通,12.25,-0.039,-0.317,12.247,12.25,12.289,12.307,12.336,12.224,88666800,1088904812
sh511160,国债ETF东财,102.107,-0.006,-0.006,102.107,102.109,102.113,102.114,102.114,102.095,479600,48968589
sh511150,科创债ETF永赢,102.469,0.037,0.036,102.463,102.47,102.432,102.457,102.475,102.457,47893400,4907262417
sh511130,30年国债ETF博时,109.38,0.342,0.314,109.38,109.393,109.038,109.048,109.482,109.007,18820000,2057225447
sh511120,科创债ETF广发,102.17,0.059,0.058,102.161,102.166,102.111,102.101,102.179,102.101,36185700,3697065292
sh511110,公司债ETF易方达,103.476,0.056,0.054,103.477,103.48,103.42,103.405,103.48,103.405,128078220,13252229721
sh511100,国债ETF华夏,111.098,0.175,0.158,111.092,111.098,110.923,111.0,111.103,110.933,53797400,5973015801
sh511090,30年国债ETF鹏扬,119.93,0.418,0.35,119.93,119.931,119.512,119.514,120.006,119.512,27861720,3338347948
sh511070,公司债ETF南方,103.17,0.051,0.049,103.169,103.17,103.119,103.139,103.18,103.108,123822260,12773826052
sh511060,5年地方债ETF海富通,108.702,0.041,0.038,108.699,108.702,108.661,108.677,108.703,108.677,27883300,3030801812
sh511030,公司债ETF平安,108.51,0.038,0.035,108.509,108.51,108.472,108.468,108.523,108.465,35990240,3905212897
sh511020,国债ETF平安,118.429,0.078,0.066,118.426,118.429,118.351,118.351,118.43,118.341,11592900,1372604989
sh511010,国债ETF国泰,140.709,0.037,0.026,140.709,140.71,140.672,140.672,140.717,140.627,37829800,5322308301
sh510990,180ESGETF工银,1.053,0.002,0.19,1.052,1.055,1.051,1.055,1.057,1.053,5444700,5751079
sh510980,上证指数ETF汇添富,1.412,0.004,0.284,1.412,1.413,1.408,1.411,1.417,1.41,53177500,75139156
sh510950,上证50ETF广发,0.993,0.003,0.303,0.992,0.993,0.99,0.992,0.998,0.989,6671762,6631693
sh510910,上证指数ETF南方,0.99,-0.001,-0.101,0.99,0.991,0.991,0.993,0.997,0.989,25824100,25660790
sh510900,恒生中国企业ETF易方达,1.028,0.005,0.489,1.027,1.028,1.023,1.026,1.034,1.024,54565500,56141179
sh510880,红利ETF华泰柏瑞,3.38,-0.005,-0.148,3.38,3.384,3.385,3.375,3.389,3.349,164414522,554303373
sh510850,上证50ETF工银,3.578,0.015,0.421,3.574,3.579,3.563,3.59,3.594,3.575,1950800,6987924
sh510810,上海国企ETF汇添富,0.846,0.0,0.0,0.845,0.846,0.846,0.845,0.848,0.844,146418730,123867352
sh510800,上证50ETF建信,1.397,0.008,0.576,1.397,1.398,1.389,1.389,1.403,1.389,3820100,5348686
sh510770,G60创新ETF申万菱信,0.912,0.0,0.0,0.911,0.912,0.912,0.914,0.93,0.91,2590900,2383539
sh510760,上证指数ETF国泰,1.356,-0.001,-0.074,1.356,1.357,1.357,1.359,1.362,1.353,210488800,285718026
sh510720,红利国企ETF国泰,1.05,0.001,0.095,1.049,1.05,1.049,1.045,1.051,1.037,98875752,103258463
sh510710,上证50ETF博时,4.307,0.019,0.443,4.306,4.307,4.288,4.309,4.329,4.304,1271500,5492159
sh510680,上证50ETF万家,3.182,0.015,0.474,3.179,3.182,3.167,3.172,3.195,3.169,123200,392232
sh510670,上证180ETF华夏,0.992,0.002,0.202,0.992,0.995,0.99,0.993,0.997,0.991,215500,214223
sh510660,医药ETF华夏,2.506,-0.006,-0.239,2.505,2.506,2.512,2.514,2.536,2.487,4414300,11072000
sh510650,金融地产ETF华夏,2.952,0.006,0.204,2.947,2.952,2.946,2.917,3.034,2.917,958100,2820680
sh510630,消费ETF华夏,0.801,0.003,0.376,0.8,0.801,0.798,0.795,0.803,0.794,31843600,25479823
sh510600,上证50ETF申万菱信,3.871,0.016,0.415,3.864,3.871,3.855,3.873,3.879,3.862,253000,979575
sh510590,中证500ETF平安,8.539,-0.021,-0.245,8.539,8.56,8.56,8.61,8.646,8.531,178900,1539186
sh510580,中证500ETF易方达,4.131,-0.011,-0.266,4.131,4.132,4.142,4.178,4.185,4.123,47949667,199322518
sh510570,中证500ETF兴业,1.237,-0.002,-0.161,1.237,1.239,1.239,1.239,1.254,1.237,4651700,5814947
sh510560,中证500ETF国寿,1.966,-0.008,-0.405,1.966,1.972,1.974,1.976,1.989,1.966,33600,66526
sh510550,中证500ETF方正富邦,2.007,-0.011,-0.545,2.007,2.018,2.018,2.03,2.041,1.998,506500,1022120
sh510530,中证500ETF工银,8.865,-0.003,-0.034,8.855,8.891,8.868,8.89,8.98,8.844,295400,2633869
sh510510,中证500ETF广发,2.549,-0.005,-0.196,2.549,2.55,2.554,2.575,2.586,2.543,31103000,79602658
sh510500,中证500ETF南方,7.85,-0.022,-0.279,7.85,7.851,7.872,7.936,7.96,7.843,329170522,2601280160
sh510410,资源ETF博时,1.936,0.012,0.624,1.935,1.936,1.924,1.928,1.942,1.919,5152800,9957309
sh510390,沪深300ETF平安,5.24,0.013,0.249,5.234,5.24,5.227,5.26,5.279,5.226,114300,602177
sh510380,沪深300ETF国寿,1.376,0.002,0.146,1.375,1.38,1.374,1.382,1.387,1.372,272200,376878
sh510370,沪深300ETF兴业,1.022,0.002,0.196,1.022,1.025,1.02,1.028,1.03,1.022,1671900,1717229
sh510360,沪深300ETF广发,1.768,0.006,0.341,1.768,1.769,1.762,1.771,1.782,1.765,33081100,58702161
sh510350,沪深300ETF工银,4.861,0.009,0.185,4.861,4.866,4.852,4.87,4.906,4.855,12088000,58996158
sh510330,沪深300ETF华夏,4.816,0.01,0.208,4.816,4.817,4.806,4.822,4.857,4.809,192123200,927273430
sh510320,沪深300ETF中金,1.24,0.001,0.081,1.24,1.241,1.239,1.243,1.251,1.239,16279200,20236770
sh510310,沪深300ETF易方达,4.484,0.008,0.179,4.483,4.484,4.476,4.496,4.524,4.479,248314540,1116653657
sh510300,沪深300ETF华泰柏瑞,4.613,0.005,0.109,4.612,4.613,4.608,4.636,4.658,4.612,644587351,2987237086
sh510290,上证380ETF南方,2.667,0.009,0.339,2.66,2.67,2.658,2.685,2.69,2.649,960600,2573905
sh510270,国企ETF中银,1.53,-0.001,-0.065,1.528,1.531,1.531,1.531,1.533,1.529,271100,414788
sh510230,金融ETF国泰,1.337,0.003,0.225,1.336,1.337,1.334,1.327,1.338,1.326,57267600,76350614
sh510210,上证指数ETF富国,1.013,0.0,0.0,1.013,1.014,1.013,1.016,1.018,1.012,883319281,896674620
sh510200,上证券商ETF汇安,1.167,0.003,0.258,1.167,1.168,1.164,1.165,1.173,1.164,1299400,1518029
sh510190,上证50ETF华安,4.292,0.013,0.304,4.292,4.307,4.279,4.311,4.318,4.248,210200,902759
sh510180,上证180ETF华安,3.945,0.005,0.127,3.943,3.945,3.94,3.948,3.967,3.94,13663600,54033840
sh510170,大宗商品ETF国联安,1.365,0.001,0.073,1.364,1.365,1.364,1.364,1.372,1.359,4670400,6376284
sh510160,产业升级ETF南方,0.9,0.002,0.223,0.898,0.902,0.898,0.898,0.9,0.897,16300,14637
sh510150,消费ETF招商,0.497,0.0,0.0,0.496,0.497,0.497,0.496,0.5,0.494,34106200,16935437
sh510140,上证综指ETF华夏,1.044,0.0,0.0,1.043,1.044,1.044,1.045,1.047,1.042,4655228,4867436
sh510130,上证中盘ETF易方达,7.335,0.007,0.096,7.312,7.358,7.328,7.344,7.35,7.32,168400,1234421
sh510100,上证50ETF易方达,2.971,0.013,0.439,2.971,2.972,2.958,2.967,2.985,2.967,74659928,222354310
sh510090,责任ETF建信,2.536,0.01,0.396,2.535,2.544,2.526,2.536,2.537,2.535,37300,94604
sh510060,央企ETF工银,2.65,-0.004,-0.151,2.65,2.653,2.654,2.648,2.68,2.627,87100,230630
sh510050,上证50ETF华夏,3.015,0.013,0.433,3.015,3.016,3.002,3.017,3.029,3.01,596972665,1803160539
sh510040,上证180ETF鹏华,1.157,-0.001,-0.086,1.157,1.16,1.158,1.158,1.166,1.157,764600,886516
sh510030,价值ETF华宝,1.075,-0.001,-0.093,1.075,1.077,1.076,1.071,1.077,1.068,1811800,1945804
sh510020,超大盘ETF博时,3.917,0.012,0.307,3.915,3.916,3.905,3.91,3.944,3.91,165900,650961
sh510010,180治理ETF交银,1.754,-0.01,-0.567,1.752,1.754,1.764,1.746,1.758,1.745,606800,1063344
