day,open,high,low,close,volume,amount
2026-09-10 13:53:00,35.89,35.9,35.88,35.88,33500,1202258.0034
2026-09-10 13:54:00,35.89,35.89,35.86,35.87,137200,4922176.0
2026-09-10 13:55:00,35.87,35.88,35.85,35.87,106900,3833833.9812
2026-09-10 13:56:00,35.87,35.88,35.86,35.87,45800,1642892.0
2026-09-10 13:57:00,35.87,35.88,35.86,35.87,72800,2611596.0
2026-09-10 13:58:00,35.87,35.88,35.85,35.87,83700,3001753.9768
2026-09-10 13:59:00,35.85,35.88,35.83,35.86,85400,3062458.9839
2026-09-10 14:00:00,35.86,35.87,35.82,35.84,93000,3333327.0151
2026-09-10 14:01:00,35.84,35.87,35.83,35.86,170000,6094703.9114
2026-09-10 14:02:00,35.86,35.86,35.81,35.84,192300,6894009.9663
2026-09-10 14:03:00,35.84,35.86,35.82,35.84,64800,2322442.9719
2026-09-10 14:04:00,35.85,35.86,35.83,35.84,91200,3269081.959
2026-09-10 14:05:00,35.84,35.85,35.81,35.84,77403,2773727.5386
2026-09-10 14:06:00,35.84,35.85,35.8,35.82,96000,3439423.0647
2026-09-10 14:07:00,35.83,35.85,35.82,35.83,55600,1992040.0708
2026-09-10 14:08:00,35.84,35.85,35.8,35.84,87000,3116638.0708
2026-09-10 14:09:00,35.84,35.85,35.83,35.84,65089,2333004.72
2026-09-10 14:10:00,35.85,35.88,35.84,35.87,263600,9452490.8796
2026-09-10 14:11:00,35.87,35.9,35.86,35.88,152600,5476469.9736
2026-09-10 14:12:00,35.89,35.9,35.88,35.88,46500,1668805.0032
2026-09-10 14:13:00,35.89,35.9,35.88,35.89,68860,2471086.8037
2026-09-10 14:14:00,35.89,35.92,35.87,35.92,715640,25691218.6274
2026-09-10 14:15:00,35.91,35.96,35.91,35.95,398640,14328013.0729
2026-09-10 14:16:00,35.95,35.97,35.94,35.97,182799,6573728.0209
2026-09-10 14:17:00,35.97,35.97,35.96,35.96,120000,4316275.0215
2026-09-10 14:18:00,35.97,35.98,35.95,35.97,175600,6315854.0566
2026-09-10 14:19:00,35.97,35.98,35.96,35.97,83700,3010442.0039
2026-09-10 14:20:00,35.97,35.98,35.96,35.96,198594,7143532.2715
2026-09-10 14:21:00,35.97,35.98,35.96,35.98,98300,3536369.9934
2026-09-10 14:22:00,35.97,35.98,35.97,35.98,162340,5840769.8085
2026-09-10 14:23:00,35.98,35.99,35.96,35.97,166500,5989587.4307
2026-09-10 14:24:00,35.97,36.03,35.96,36.0,995400,35835557.6527
2026-09-10 14:25:00,36.01,36.02,35.98,36.0,212900,7664860.2272
2026-09-10 14:26:00,35.99,36.0,35.99,36.0,98400,3542255.0171
2026-09-10 14:27:00,36.0,36.0,35.99,36.0,93100,3351462.0322
2026-09-10 14:28:00,36.0,36.0,35.99,35.99,231000,8315225.1658
2026-09-10 14:29:00,36.0,36.01,35.97,35.97,476600,17155199.1355
2026-09-10 14:30:00,35.97,35.99,35.93,35.98,174662,6283072.5349
2026-09-10 14:31:00,35.98,36.0,35.97,36.0,127300,4581293.0649
2026-09-10 14:32:00,36.0,36.02,35.99,35.99,287900,10363747.6346
2026-09-10 14:33:00,36.0,36.02,35.99,36.01,217400,7826602.9885
2026-09-10 14:34:00,36.01,36.02,35.99,36.0,171200,6164681.8176
2026-09-10 14:35:00,36.01,36.01,35.99,36.0,98200,3535331.9666
2026-09-10 14:36:00,36.0,36.01,35.98,35.99,97800,3520187.1047
2026-09-10 14:37:00,36.0,36.01,35.99,36.0,162700,5857270.3923
2026-09-10 14:38:00,36.0,36.0,35.99,36.0,80900,2912327.0154
2026-09-10 14:39:00,36.0,36.01,35.99,35.99,80900,2912400.3047
2026-09-10 14:40:00,36.0,36.0,35.96,35.97,164500,5920492.1343
2026-09-10 14:41:00,35.98,35.98,35.95,35.95,110000,3955179.392
2026-09-10 14:42:00,35.96,35.96,35.93,35.94,271700,9766893.7242
2026-09-10 14:43:00,35.95,35.95,35.9,35.92,176300,6332351.9983
2026-09-10 14:44:00,35.92,35.92,35.89,35.91,109500,3932067.0
2026-09-10 14:45:00,35.91,35.92,35.87,35.89,172183,6181152.3071
2026-09-10 14:46:00,35.89,35.91,35.86,35.89,294900,10584344.2656
2026-09-10 14:47:00,35.89,35.9,35.87,35.87,265200,9515459.036
2026-09-10 14:48:00,35.89,35.89,35.84,35.88,168100,6029091.3308
2026-09-10 14:49:00,35.88,35.89,35.86,35.87,150700,5405919.0
2026-09-10 14:50:00,35.87,35.88,35.86,35.87,117194,4203538.0518
2026-09-10 14:51:00,35.88,35.91,35.86,35.88,224066,8039852.9233
2026-09-10 14:52:00,35.89,35.89,35.85,35.88,225840,8100286.1852
2026-09-10 14:53:00,35.88,35.89,35.83,35.87,223100,8001066.0115
2026-09-10 14:54:00,35.87,35.88,35.83,35.87,234000,8391586.9626
2026-09-10 14:55:00,35.87,35.88,35.82,35.86,211600,7586023.5359
2026-09-10 14:56:00,35.88,35.91,35.86,35.9,234812,8424021.8492
2026-09-10 14:57:00,35.9,35.98,35.9,35.95,227790,8187735.1354
2026-09-10 15:00:00,35.87,35.87,35.87,35.87,421604,15122935.3795
2026-09-11 09:31:00,35.95,36.0,35.54,35.6,1101600,39439730.4287
2026-09-11 09:32:00,35.64,35.71,35.5,35.55,494600,17617202.0474
2026-09-11 09:33:00,35.54,35.57,35.46,35.54,254300,9031325.9758
2026-09-11 09:34:00,35.57,35.58,35.47,35.48,154600,5491243.0088
2026-09-11 09:35:00,35.48,35.48,35.38,35.44,232200,8229755.9675
2026-09-11 09:36:00,35.45,35.53,35.41,35.46,222100,7877872.0032
2026-09-11 09:37:00,35.47,35.56,35.45,35.53,306470,10882376.3977
2026-09-11 09:38:00,35.53,35.59,35.53,35.55,118900,4227743.0696
2026-09-11 09:39:00,35.55,35.66,35.55,35.65,174800,6225728.0532
2026-09-11 09:40:00,35.65,35.72,35.63,35.66,228400,8148468.022
2026-09-11 09:41:00,35.63,35.65,35.56,35.61,93100,3313733.0063
2026-09-11 09:42:00,35.61,35.72,35.58,35.72,232500,8292183.978
2026-09-11 09:43:00,35.71,35.77,35.66,35.72,381400,13623299.7573
2026-09-11 09:44:00,35.71,35.75,35.66,35.67,114400,4084669.0056
2026-09-11 09:45:00,35.66,35.76,35.65,35.67,356900,12736042.9287
2026-09-11 09:46:00,35.68,35.71,35.56,35.61,219200,7810594.9592
2026-09-11 09:47:00,35.61,35.63,35.58,35.62,77300,2752150.9746
2026-09-11 09:48:00,35.62,35.7,35.61,35.7,56400,2010585.9802
2026-09-11 09:49:00,35.69,35.75,35.68,35.75,143800,5136180.0298
2026-09-11 09:50:00,35.74,35.8,35.71,35.73,282500,10105658.9937
2026-09-11 09:51:00,35.73,35.73,35.58,35.59,264900,9449543.9492
2026-09-11 09:52:00,35.59,35.59,35.52,35.55,173081,6154445.6318
2026-09-11 09:53:00,35.55,35.61,35.51,35.58,141340,5025363.6331
2026-09-11 09:54:00,35.57,35.6,35.55,35.58,77800,2768036.0442
2026-09-11 09:55:00,35.58,35.61,35.56,35.6,199319,7093588.2291
2026-09-11 09:56:00,35.6,35.62,35.58,35.6,62100,2210982.9634
2026-09-11 09:57:00,35.6,35.71,35.59,35.69,77110,2749693.5002
2026-09-11 09:58:00,35.68,35.69,35.67,35.68,46900,1673441.9683
2026-09-11 09:59:00,35.68,35.68,35.67,35.67,52700,1880172.9658
2026-09-11 10:00:00,35.67,35.67,35.63,35.63,65500,2335438.9873
2026-09-11 10:01:00,35.65,35.7,35.64,35.7,129330,4612878.4919
2026-09-11 10:02:00,35.7,35.79,35.7,35.79,136420,4877786.8049
2026-09-11 10:03:00,35.79,35.88,35.78,35.86,230510,8256165.1921
2026-09-11 10:04:00,35.84,35.86,35.76,35.78,209110,7485567.3807
2026-09-11 10:05:00,35.78,35.81,35.72,35.76,189390,6773173.28
2026-09-11 10:06:00,35.75,35.78,35.72,35.73,202500,7238803.97
2026-09-11 10:07:00,35.72,35.74,35.7,35.73,118100,4218757.0271
2026-09-11 10:08:00,35.74,35.76,35.72,35.72,175900,6286904.0437
2026-09-11 10:09:00,35.73,35.75,35.71,35.73,87730,3134378.6348
2026-09-11 10:10:00,35.73,35.78,35.72,35.76,84400,3017331.0466
2026-09-11 10:11:00,35.76,35.83,35.76,35.81,123300,4413506.0032
2026-09-11 10:12:00,35.82,35.82,35.77,35.79,141200,5053684.0039
2026-09-11 10:13:00,35.79,35.83,35.78,35.8,139400,4991469.0364
2026-09-11 10:14:00,35.8,35.9,35.79,35.81,305200,10941664.1506
2026-09-11 10:15:00,35.82,35.83,35.8,35.8,61400,2198823.0422
2026-09-11 10:16:00,35.81,35.88,35.78,35.87,247200,8857861.9875
2026-09-11 10:17:00,35.86,35.88,35.79,35.82,212500,7617313.021
2026-09-11 10:18:00,35.82,35.85,35.75,35.75,196300,7026233.9741
2026-09-11 10:19:00,35.75,35.77,35.71,35.73,141400,5053931.0078
2026-09-11 10:20:00,35.73,35.8,35.68,35.68,413600,14786844.0439
2026-09-11 10:21:00,35.68,35.72,35.66,35.67,199100,7106491.9023
2026-09-11 10:22:00,35.67,35.7,35.65,35.68,123300,4398258.8633
2026-09-11 10:23:00,35.68,35.69,35.62,35.62,44600,1590481.9771
2026-09-11 10:24:00,35.63,35.64,35.62,35.64,50800,1810262.0
2026-09-11 10:25:00,35.64,35.64,35.62,35.64,53200,1895681.0
2026-09-11 10:26:00,35.63,35.64,35.57,35.57,106600,3795099.9895
2026-09-11 10:27:00,35.57,35.58,35.53,35.56,166800,5931243.0596
2026-09-11 10:28:00,35.56,35.61,35.55,35.6,73900,2629159.0498
2026-09-11 10:29:00,35.61,35.61,35.58,35.59,46400,1651601.9929
2026-09-11 10:30:00,35.58,35.59,35.55,35.56,59600,2120203.072
2026-09-11 10:31:00,35.56,35.61,35.56,35.61,116651,4150814.6957
2026-09-11 10:32:00,35.61,35.63,35.59,35.61,83700,2980347.9531
2026-09-11 10:33:00,35.61,35.62,35.55,35.56,78000,2775535.0288
2026-09-11 10:34:00,35.55,35.58,35.53,35.53,114900,4084177.0039
2026-09-11 10:35:00,35.53,35.57,35.52,35.55,133300,4737900.0298
2026-09-11 10:36:00,35.55,35.56,35.53,35.55,63800,2267776.0063
2026-09-11 10:37:00,35.56,35.57,35.54,35.54,58400,2076493.0334
2026-09-11 10:38:00,35.53,35.55,35.52,35.54,120827,4293243.5647
2026-09-11 10:39:00,35.54,35.58,35.54,35.56,71100,2528413.0276
2026-09-11 10:40:00,35.56,35.58,35.54,35.57,83400,2966065.0168
2026-09-11 10:41:00,35.57,35.61,35.56,35.61,61900,2203164.948
2026-09-11 10:42:00,35.6,35.62,35.59,35.59,44000,1566634.9805
2026-09-11 10:43:00,35.59,35.61,35.58,35.6,84400,3003922.9753
2026-09-11 10:44:00,35.61,35.63,35.6,35.61,58600,2086939.9919
2026-09-11 10:45:00,35.61,35.62,35.6,35.6,27500,979293.9924
2026-09-11 10:46:00,35.61,35.61,35.54,35.56,138300,4918778.0229
2026-09-11 10:47:00,35.56,35.6,35.56,35.6,54700,1945923.0193
2026-09-11 10:48:00,35.59,35.64,35.58,35.62,62900,2240064.9812
2026-09-11 10:49:00,35.62,35.67,35.62,35.65,39200,1397472.0149
2026-09-11 10:50:00,35.65,35.67,35.65,35.65,54400,1939960.9753
2026-09-11 10:51:00,35.66,35.68,35.64,35.65,57500,2050677.9478
2026-09-11 10:52:00,35.65,35.66,35.59,35.63,83800,2985271.0188
2026-09-11 10:53:00,35.63,35.64,35.6,35.64,28900,1029544.9961
2026-09-11 10:54:00,35.63,35.64,35.58,35.58,58300,2075631.9766
2026-09-11 10:55:00,35.59,35.59,35.56,35.58,45940,1634527.8562
2026-09-11 10:56:00,35.58,35.62,35.57,35.59,116200,4134961.0474
2026-09-11 10:57:00,35.59,35.62,35.58,35.59,27700,985966.999
2026-09-11 10:58:00,35.59,35.6,35.59,35.59,35400,1260069.969
2026-09-11 10:59:00,35.59,35.64,35.58,35.62,73600,2620855.9817
2026-09-11 11:00:00,35.62,35.64,35.62,35.62,34500,1229281.0
2026-09-11 11:01:00,35.63,35.65,35.62,35.63,38000,1354067.001
2026-09-11 11:02:00,35.63,35.68,35.62,35.65,73700,2627634.9951
2026-09-11 11:03:00,35.64,35.66,35.63,35.64,39100,1393726.0227
2026-09-11 11:04:00,35.64,35.66,35.63,35.65,51100,1821484.0437
2026-09-11 11:05:00,35.66,35.77,35.64,35.73,210200,7505880.9941
2026-09-11 11:06:00,35.72,35.73,35.7,35.71,40600,1450084.002
2026-09-11 11:07:00,35.71,35.71,35.67,35.67,43500,1552753.9944
2026-09-11 11:08:00,35.68,35.69,35.67,35.67,88900,3172046.9399
2026-09-11 11:09:00,35.68,35.69,35.66,35.68,39400,1405485.9456
2026-09-11 11:10:00,35.67,35.68,35.66,35.67,55200,1968592.97
2026-09-11 11:11:00,35.65,35.68,35.65,35.68,87900,3135742.895
2026-09-11 11:12:00,35.68,35.69,35.62,35.63,136400,4864411.8933
2026-09-11 11:13:00,35.64,35.64,35.51,35.6,157500,5604054.9919
2026-09-11 11:14:00,35.6,35.61,35.58,35.58,37600,1338382.9673
2026-09-11 11:15:00,35.57,35.58,35.56,35.57,26000,924859.0154
2026-09-11 11:16:00,35.57,35.59,35.56,35.59,61200,2177420.1304
2026-09-11 11:17:00,35.58,35.61,35.58,35.59,49200,1751220.9883
2026-09-11 11:18:00,35.59,35.59,35.55,35.57,50200,1785605.0229
2026-09-11 11:19:00,35.57,35.59,35.57,35.59,27500,978376.0417
2026-09-11 11:20:00,35.59,35.6,35.58,35.59,29900,1064219.9949
2026-09-11 11:21:00,35.59,35.59,35.57,35.58,35000,1245402.0264
2026-09-11 11:22:00,35.58,35.63,35.55,35.57,80600,2868891.9941
2026-09-11 11:23:00,35.57,35.59,35.56,35.58,22800,811197.0391
2026-09-11 11:24:00,35.59,35.59,35.55,35.56,68900,2451142.1104
2026-09-11 11:25:00,35.57,35.57,35.55,35.56,34200,1216297.0129
2026-09-11 11:26:00,35.57,35.6,35.54,35.55,42500,1511784.0139
2026-09-11 11:27:00,35.55,35.55,35.54,35.55,28318,1006698.7202
2026-09-11 11:28:00,35.55,35.57,35.55,35.55,30500,1084514.0161
2026-09-11 11:29:00,35.56,35.64,35.55,35.59,47900,1704631.988
2026-09-11 11:30:00,35.6,35.6,35.59,35.6,9100,323952.9878
2026-09-11 13:01:00,35.6,35.68,35.56,35.56,257400,9166004.8924
2026-09-11 13:02:00,35.57,35.63,35.55,35.62,87900,3128192.0503
2026-09-11 13:03:00,35.62,35.63,35.53,35.53,96982,3451137.3077
2026-09-11 13:04:00,35.54,35.61,35.53,35.57,100600,3577255.0266
2026-09-11 13:05:00,35.58,35.58,35.56,35.58,53800,1913923.0806
2026-09-11 13:06:00,35.58,35.61,35.57,35.58,67000,2384992.9692
2026-09-11 13:07:00,35.58,35.62,35.56,35.62,89600,3188665.0159
2026-09-11 13:08:00,35.62,35.64,35.59,35.59,80600,2869998.9697
2026-09-11 13:09:00,35.59,35.62,35.58,35.59,58500,2082430.9814
2026-09-11 13:10:00,35.59,35.61,35.56,35.56,59300,2109552.072
2026-09-11 13:11:00,35.56,35.57,35.54,35.54,51300,1824081.0396
2026-09-11 13:12:00,35.55,35.59,35.54,35.58,47700,1696129.0193
2026-09-11 13:13:00,35.59,35.61,35.54,35.61,76400,2717987.0381
2026-09-11 13:14:00,35.6,35.61,35.57,35.58,46600,1658859.98
2026-09-11 13:15:00,35.57,35.58,35.55,35.58,49900,1774679.0276
2026-09-11 13:16:00,35.58,35.62,35.55,35.56,73600,2618364.054
2026-09-11 13:17:00,35.56,35.6,35.55,35.57,69900,2486497.0876
2026-09-11 13:18:00,35.57,35.57,35.52,35.56,138718,4930937.3682
2026-09-11 13:19:00,35.56,35.57,35.55,35.57,31600,1123731.0251
2026-09-11 13:20:00,35.56,35.56,35.55,35.55,27300,970580.0095
2026-09-11 13:21:00,35.56,35.62,35.55,35.58,161800,5756733.2029
2026-09-11 13:22:00,35.58,35.62,35.58,35.62,52800,1879744.9895
2026-09-11 13:23:00,35.62,35.62,35.58,35.58,55200,1965503.9539
2026-09-11 13:24:00,35.58,35.58,35.54,35.54,75000,2667109.0996
2026-09-11 13:25:00,35.54,35.54,35.51,35.52,48382,1718754.63
2026-09-11 13:26:00,35.52,35.52,35.49,35.49,242500,8609532.897
2026-09-11 13:27:00,35.49,35.53,35.46,35.52,206600,7331884.0496
2026-09-11 13:28:00,35.5,35.51,35.48,35.5,79400,2817898.0825
2026-09-11 13:29:00,35.5,35.5,35.49,35.49,16400,582083.0186
2026-09-11 13:30:00,35.5,35.5,35.47,35.48,66600,2363346.0603
2026-09-11 13:31:00,35.47,35.53,35.47,35.48,177400,6294665.0605
2026-09-11 13:32:00,35.48,35.5,35.48,35.49,72800,2583272.0657
2026-09-11 13:33:00,35.49,35.5,35.47,35.48,43400,1539978.0427
2026-09-11 13:34:00,35.49,35.52,35.46,35.5,93200,3306696.0212
2026-09-11 13:35:00,35.5,35.52,35.48,35.51,79200,2811542.0093
2026-09-11 13:36:00,35.5,35.52,35.49,35.49,37300,1324044.022
2026-09-11 13:37:00,35.49,35.5,35.45,35.49,142500,5054718.0549
2026-09-11 13:38:00,35.49,35.51,35.46,35.5,85600,3037767.0317
2026-09-11 13:39:00,35.5,35.52,35.46,35.51,100700,3573766.0234
2026-09-11 13:40:00,35.51,35.52,35.48,35.49,44800,1590572.0061
2026-09-11 13:41:00,35.49,35.5,35.47,35.48,91500,3247167.092
2026-09-11 13:42:00,35.48,35.49,35.45,35.45,55900,1982526.0085
2026-09-11 13:43:00,35.46,35.46,35.42,35.43,95500,3384907.9783
2026-09-11 13:44:00,35.44,35.46,35.41,35.41,147300,5218857.8438
2026-09-11 13:45:00,35.44,35.44,35.4,35.4,103300,3658474.9114
2026-09-11 13:46:00,35.41,35.43,35.38,35.43,222000,7858308.0627
2026-09-11 13:47:00,35.43,35.46,35.39,35.4,107900,3821013.9504
2026-09-11 13:48:00,35.41,35.44,35.4,35.41,100800,3570218.9424
2026-09-11 13:49:00,35.42,35.46,35.41,35.44,93600,3316602.929
2026-09-11 13:50:00,35.44,35.45,35.42,35.43,86500,3065355.9165
2026-09-11 13:51:00,35.46,35.46,35.44,35.45,18000,638106.9973
2026-09-11 13:52:00,35.45,35.48,35.44,35.47,70300,2493250.9998
2026-09-11 13:53:00,35.47,35.54,35.47,35.51,167900,5960924.0212
2026-09-11 13:54:00,35.51,35.54,35.51,35.54,33900,1204365.9858
2026-09-11 13:55:00,35.54,35.59,35.54,35.58,76300,2713930.0352
2026-09-11 13:56:00,35.58,35.58,35.56,35.58,74200,2639522.073
2026-09-11 13:57:00,35.57,35.58,35.54,35.57,43800,1557403.0215
2026-09-11 13:58:00,35.57,35.59,35.57,35.58,33500,1191914.0454
2026-09-11 13:59:00,35.58,35.58,35.56,35.57,39200,1394309.0059
2026-09-11 14:00:00,35.57,35.59,35.54,35.55,64100,2280547.0532
2026-09-11 14:01:00,35.54,35.56,35.5,35.51,94200,3347862.9934
2026-09-11 14:02:00,35.51,35.55,35.48,35.53,52200,1854361.9744
2026-09-11 14:03:00,35.53,35.56,35.53,35.55,71300,2534277.0008
2026-09-11 14:04:00,35.56,35.61,35.55,35.61,86800,3088782.9863
2026-09-11 14:05:00,35.6,35.63,35.58,35.63,163400,5818497.0645
2026-09-11 14:06:00,35.62,35.63,35.6,35.62,111800,3982298.9993
2026-09-11 14:07:00,35.62,35.64,35.61,35.63,65600,2337017.0
2026-09-11 14:08:00,35.62,35.63,35.6,35.61,45100,1606159.9866
2026-09-11 14:09:00,35.61,35.62,35.53,35.55,68500,2437329.9983
2026-09-11 14:10:00,35.54,35.55,35.52,35.53,38400,1364366.0
2026-09-11 14:11:00,35.53,35.54,35.51,35.52,39500,1403116.9878
2026-09-11 14:12:00,35.51,35.52,35.5,35.51,104800,3721799.874
2026-09-11 14:13:00,35.51,35.57,35.51,35.55,50900,1808806.0046
2026-09-11 14:14:00,35.56,35.58,35.55,35.57,45100,1604132.0256
2026-09-11 14:15:00,35.57,35.61,35.56,35.58,68100,2422653.0679
2026-09-11 14:16:00,35.58,35.58,35.55,35.55,84900,3019993.1592
2026-09-11 14:17:00,35.55,35.55,35.51,35.54,93600,3326048.9854
2026-09-11 14:18:00,35.54,35.56,35.53,35.55,50500,1795081.0085
2026-09-11 14:19:00,35.56,35.58,35.54,35.54,61700,2193836.0325
2026-09-11 14:20:00,35.54,35.55,35.52,35.55,64500,2292290.9961
2026-09-11 14:21:00,35.55,35.55,35.53,35.53,72100,2562259.9961
2026-09-11 14:22:00,35.53,35.54,35.51,35.52,90400,3211449.98
2026-09-11 14:23:00,35.52,35.55,35.51,35.53,75800,2692539.9724
2026-09-11 14:24:00,35.53,35.55,35.51,35.54,84300,2994843.9959
2026-09-11 14:25:00,35.53,35.55,35.53,35.54,42400,1506986.0
2026-09-11 14:26:00,35.54,35.57,35.54,35.56,56300,2001422.0056
2026-09-11 14:27:00,35.57,35.57,35.55,35.56,91200,3243061.0293
2026-09-11 14:28:00,35.56,35.6,35.56,35.59,80500,2864182.0498
2026-09-11 14:29:00,35.58,35.62,35.57,35.61,82600,2940469.0146
2026-09-11 14:30:00,35.6,35.62,35.54,35.6,127900,4552278.0073
2026-09-11 14:31:00,35.57,35.6,35.56,35.58,68100,2422571.0586
2026-09-11 14:32:00,35.58,35.58,35.53,35.56,94300,3352799.0481
2026-09-11 14:33:00,35.55,35.58,35.54,35.57,104800,3726855.05
2026-09-11 14:34:00,35.57,35.58,35.53,35.55,115900,4120389.0107
2026-09-11 14:35:00,35.55,35.56,35.51,35.51,115700,4111418.9995
2026-09-11 14:36:00,35.51,35.53,35.51,35.53,91300,3243559.9841
2026-09-11 14:37:00,35.53,35.56,35.53,35.56,74100,2633867.0325
2026-09-11 14:38:00,35.55,35.58,35.54,35.58,86762,3084940.7585
2026-09-11 14:39:00,35.58,35.58,35.55,35.56,69438,2469389.3557
2026-09-11 14:40:00,35.56,35.57,35.54,35.55,95600,3399159.0684
2026-09-11 14:41:00,35.55,35.56,35.52,35.53,39700,1410983.0046
2026-09-11 14:42:00,35.53,35.54,35.53,35.53,37400,1329071.0
2026-09-11 14:43:00,35.53,35.54,35.52,35.52,101600,3610105.998
2026-09-11 14:44:00,35.52,35.53,35.5,35.5,63900,2269351.9214
2026-09-11 14:45:00,35.51,35.51,35.5,35.5,49000,1739719.9475
2026-09-11 14:46:00,35.5,35.51,35.46,35.47,165000,5855345.0413
2026-09-11 14:47:00,35.47,35.5,35.45,35.46,248600,8819768.0752
2026-09-11 14:48:00,35.47,35.5,35.45,35.46,86000,3050486.0139
2026-09-11 14:49:00,35.46,35.47,35.43,35.45,177000,6275621.9863
2026-09-11 14:50:00,35.45,35.45,35.43,35.44,127600,4522495.9446
2026-09-11 14:51:00,35.45,35.45,35.43,35.44,56910,2017060.2633
2026-09-11 14:52:00,35.44,35.44,35.42,35.44,91590,3245334.6602
2026-09-11 14:53:00,35.43,35.47,35.43,35.47,114500,4059042.9448
2026-09-11 14:54:00,35.47,35.51,35.45,35.48,171800,6094951.0537
2026-09-11 14:55:00,35.47,35.53,35.46,35.52,183000,6495015.0281
2026-09-11 14:56:00,35.52,35.52,35.47,35.48,105600,3747877.0371
2026-09-11 14:57:00,35.48,35.54,35.44,35.53,220500,7822855.0361
2026-09-11 15:00:00,35.5,35.5,35.5,35.5,328000,11644000.0
2026-09-14 09:31:00,35.49,35.75,35.44,35.62,1234600,43875884.1228
2026-09-14 09:32:00,35.62,35.67,35.5,35.62,512100,18215312.9788
2026-09-14 09:33:00,35.62,35.69,35.53,35.56,319500,11378573.0566
2026-09-14 09:34:00,35.56,35.64,35.5,35.62,944300,33566115.7053
2026-09-14 09:35:00,35.58,35.65,35.58,35.63,340000,12110678.8911
2026-09-14 09:36:00,35.61,35.74,35.61,35.68,193900,6914875.0276
2026-09-14 09:37:00,35.69,35.77,35.67,35.76,266400,9515836.9653
2026-09-14 09:38:00,35.75,35.81,35.74,35.77,287151,10274901.1824
2026-09-14 09:39:00,35.76,35.78,35.73,35.73,163000,5828028.478
2026-09-14 09:40:00,35.73,35.77,35.71,35.73,144300,5156033.0315
2026-09-14 09:41:00,35.73,35.8,35.73,35.79,152000,5437202.9807
2026-09-14 09:42:00,35.8,35.87,35.79,35.87,119115,4266644.23
2026-09-14 09:43:00,35.87,35.89,35.8,35.8,148100,5310230.9866
2026-09-14 09:44:00,35.8,35.86,35.8,35.83,76200,2730321.0195
2026-09-14 09:45:00,35.82,35.82,35.77,35.79,153300,5487311.0093
2026-09-14 09:46:00,35.79,35.8,35.73,35.73,135500,4847930.9873
2026-09-14 09:47:00,35.74,35.75,35.66,35.66,153100,5466775.9873
2026-09-14 09:48:00,35.67,35.7,35.63,35.67,178600,6369080.0222
2026-09-14 09:49:00,35.67,35.69,35.58,35.6,149100,5311366.9622
2026-09-14 09:50:00,35.59,35.6,35.51,35.54,355200,12625893.0793
2026-09-14 09:51:00,35.54,35.55,35.5,35.53,112400,3992503.9395
2026-09-14 09:52:00,35.52,35.56,35.52,35.55,162000,5758016.0015
2026-09-14 09:53:00,35.55,35.57,35.51,35.54,117300,4169199.0093
2026-09-14 09:54:00,35.55,35.56,35.49,35.51,241900,8590863.9424
2026-09-14 09:55:00,35.5,35.55,35.5,35.53,68760,2442899.2673
2026-09-14 09:56:00,35.53,35.55,35.53,35.54,71800,2552007.0
2026-09-14 09:57:00,35.54,35.58,35.52,35.53,110300,3920511.0098
2026-09-14 09:58:00,35.53,35.53,35.49,35.5,130000,4615044.981
2026-09-14 09:59:00,35.5,35.54,35.48,35.49,112900,4008709.0017
2026-09-14 10:00:00,35.49,35.51,35.45,35.46,208400,7395493.0784
2026-09-14 10:01:00,35.46,35.53,35.44,35.51,166300,5900464.0417
2026-09-14 10:02:00,35.5,35.51,35.48,35.5,108800,3862252.0298
2026-09-14 10:03:00,35.5,35.53,35.48,35.51,47400,1683366.9507
2026-09-14 10:04:00,35.5,35.52,35.48,35.51,150600,5346164.0247
2026-09-14 10:05:00,35.49,35.52,35.49,35.51,37300,1324586.9387
2026-09-14 10:06:00,35.52,35.52,35.46,35.47,194500,6903755.021
2026-09-14 10:07:00,35.49,35.51,35.44,35.47,292200,10365050.0615
2026-09-14 10:08:00,35.48,35.51,35.48,35.5,48000,1704156.9656
2026-09-14 10:09:00,35.5,35.55,35.5,35.51,77200,2742713.9761
2026-09-14 10:10:00,35.5,35.51,35.46,35.48,90200,3201207.0581
2026-09-14 10:11:00,35.5,35.58,35.49,35.51,65300,2319546.9666
2026-09-14 10:12:00,35.5,35.51,35.45,35.49,101400,3597740.0073
2026-09-14 10:13:00,35.49,35.52,35.49,35.49,112800,4004432.9841
2026-09-14 10:14:00,35.49,35.52,35.48,35.52,25600,909006.9678
2026-09-14 10:15:00,35.51,35.52,35.5,35.5,37700,1338641.9653
2026-09-14 10:16:00,35.49,35.51,35.44,35.46,140300,4978327.0271
2026-09-14 10:17:00,35.45,35.46,35.42,35.46,87400,3097627.9675
2026-09-14 10:18:00,35.47,35.48,35.45,35.47,32210,1142322.598
2026-09-14 10:19:00,35.47,35.47,35.43,35.44,77290,2740059.3782
2026-09-14 10:20:00,35.44,35.5,35.43,35.47,56400,1999574.9836
2026-09-14 10:21:00,35.48,35.5,35.47,35.47,49600,1759897.0291
2026-09-14 10:22:00,35.47,35.48,35.43,35.43,77200,2736526.9668
2026-09-14 10:23:00,35.44,35.48,35.43,35.47,85930,3046229.4685
2026-09-14 10:24:00,35.46,35.47,35.41,35.42,79200,2806583.9485
2026-09-14 10:25:00,35.42,35.43,35.41,35.42,83400,2953792.8997
2026-09-14 10:26:00,35.41,35.42,35.36,35.39,174000,6158257.0387
2026-09-14 10:27:00,35.39,35.43,35.38,35.42,218500,7735258.8949
2026-09-14 10:28:00,35.41,35.42,35.4,35.42,133800,4738053.9143
2026-09-14 10:29:00,35.42,35.49,35.41,35.47,112810,3997901.2431
2026-09-14 10:30:00,35.47,35.49,35.4,35.46,72400,2566574.9907
2026-09-14 10:31:00,35.46,35.5,35.45,35.47,101700,3607565.0459
2026-09-14 10:32:00,35.47,35.5,35.47,35.49,39700,1408939.0239
2026-09-14 10:33:00,35.49,35.59,35.48,35.51,229600,8152557.949
2026-09-14 10:34:00,35.51,35.56,35.51,35.55,59700,2120804.97
2026-09-14 10:35:00,35.55,35.59,35.52,35.54,56600,2012095.0151
2026-09-14 10:36:00,35.55,35.63,35.55,35.57,72100,2565403.0378
2026-09-14 10:37:00,35.58,35.62,35.57,35.59,47300,1683605.0121
2026-09-14 10:38:00,35.59,35.64,35.59,35.62,52200,1859242.9883
2026-09-14 10:39:00,35.61,35.63,35.59,35.6,58000,2065409.9678
2026-09-14 10:40:00,35.61,35.65,35.6,35.63,36600,1303827.0
2026-09-14 10:41:00,35.63,35.64,35.62,35.64,34300,1222230.0
2026-09-14 10:42:00,35.64,35.65,35.61,35.62,156800,5587089.0129
2026-09-14 10:43:00,35.64,35.66,35.6,35.63,51300,1828055.0168
2026-09-14 10:44:00,35.65,35.65,35.61,35.65,33600,1197426.0154
2026-09-14 10:45:00,35.65,35.66,35.62,35.63,34000,1211900.0322
2026-09-14 10:46:00,35.63,35.65,35.59,35.64,55400,1973604.0107
2026-09-14 10:47:00,35.64,35.67,35.64,35.65,40800,1454565.0283
2026-09-14 10:48:00,35.64,35.65,35.6,35.61,75200,2678187.9495
2026-09-14 10:49:00,35.61,35.61,35.59,35.61,35100,1249621.9678
2026-09-14 10:50:00,35.59,35.63,35.58,35.63,54000,1922587.9927
2026-09-14 10:51:00,35.64,35.65,35.6,35.6,85500,3046640.9998
2026-09-14 10:52:00,35.6,35.61,35.57,35.57,37200,1323944.0105
2026-09-14 10:53:00,35.57,35.59,35.56,35.59,44800,1593782.0349
2026-09-14 10:54:00,35.59,35.6,35.58,35.59,26216,933028.4479
2026-09-14 10:55:00,35.59,35.6,35.53,35.56,96584,3434878.4371
2026-09-14 10:56:00,35.58,35.58,35.55,35.58,40700,1447372.0308
2026-09-14 10:57:00,35.57,35.61,35.55,35.6,25100,893278.0042
2026-09-14 10:58:00,35.6,35.63,35.59,35.61,33900,1207051.9802
2026-09-14 10:59:00,35.6,35.65,35.58,35.65,45900,1634817.0015
2026-09-14 11:00:00,35.65,35.65,35.63,35.63,39400,1404372.0356
2026-09-14 11:01:00,35.63,35.64,35.61,35.62,46100,1642314.0
2026-09-14 11:02:00,35.63,35.65,35.61,35.65,85300,3039870.0635
2026-09-14 11:03:00,35.64,35.66,35.64,35.66,36500,1301484.0188
2026-09-14 11:04:00,35.66,35.67,35.59,35.6,60000,2138485.0388
2026-09-14 11:05:00,35.59,35.61,35.58,35.6,27300,971698.989
2026-09-14 11:06:00,35.6,35.66,35.59,35.61,46900,1670068.9739
2026-09-14 11:07:00,35.61,35.61,35.58,35.61,112750,4013759.4263
2026-09-14 11:08:00,35.61,35.63,35.59,35.59,50180,1786595.9573
2026-09-14 11:09:00,35.58,35.61,35.58,35.61,41700,1484249.9977
2026-09-14 11:10:00,35.6,35.62,35.59,35.62,27000,961343.9795
2026-09-14 11:11:00,35.61,35.62,35.59,35.61,47100,1676952.9612
2026-09-14 11:12:00,35.61,35.63,35.61,35.63,26700,951060.0
2026-09-14 11:13:00,35.61,35.61,35.58,35.59,34700,1235138.9929
2026-09-14 11:14:00,35.58,35.59,35.56,35.58,32500,1156207.0425
2026-09-14 11:15:00,35.57,35.59,35.57,35.58,43200,1536881.042
2026-09-14 11:16:00,35.58,35.61,35.56,35.56,46400,1651048.0422
2026-09-14 11:17:00,35.56,35.59,35.55,35.58,46600,1657701.0396
2026-09-14 11:18:00,35.57,35.59,35.57,35.57,23800,846793.0415
2026-09-14 11:19:00,35.59,35.61,35.57,35.57,22900,814927.0247
2026-09-14 11:20:00,35.57,35.57,35.55,35.55,43500,1546688.0171
2026-09-14 11:21:00,35.55,35.55,35.52,35.52,95800,3404434.9922
2026-09-14 11:22:00,35.52,35.54,35.51,35.54,24900,884639.9966
2026-09-14 11:23:00,35.53,35.54,35.48,35.5,64600,2294128.9666
2026-09-14 11:24:00,35.49,35.54,35.49,35.54,44700,1587485.9854
2026-09-14 11:25:00,35.53,35.54,35.53,35.53,32400,1151424.0
2026-09-14 11:26:00,35.53,35.54,35.5,35.5,63300,2248419.9814
2026-09-14 11:27:00,35.5,35.55,35.5,35.53,37800,1342755.9749
2026-09-14 11:28:00,35.53,35.54,35.5,35.53,41151,1461446.5027
2026-09-14 11:29:00,35.52,35.56,35.52,35.56,37700,1340108.0093
2026-09-14 11:30:00,35.55,35.58,35.54,35.55,36400,1294364.0151
2026-09-14 13:01:00,35.54,35.64,35.52,35.62,141180,5020877.6333
2026-09-14 13:02:00,35.62,35.64,35.61,35.63,86500,3081433.0
2026-09-14 13:03:00,35.62,35.63,35.58,35.6,70600,2513528.991
2026-09-14 13:04:00,35.6,35.64,35.6,35.62,44400,1581562.999
2026-09-14 13:05:00,35.61,35.64,35.59,35.6,61600,2193839.9917
2026-09-14 13:06:00,35.59,35.62,35.59,35.62,29700,1057465.9829
2026-09-14 13:07:00,35.6,35.61,35.56,35.59,53800,1914619.9905
2026-09-14 13:08:00,35.57,35.6,35.53,35.6,31700,1127947.0088
2026-09-14 13:09:00,35.59,35.6,35.57,35.59,29200,1039023.0391
2026-09-14 13:10:00,35.57,35.58,35.57,35.57,25100,892988.0461
2026-09-14 13:11:00,35.58,35.58,35.53,35.53,38100,1354700.0317
2026-09-14 13:12:00,35.54,35.55,35.53,35.54,26600,945431.0
2026-09-14 13:13:00,35.55,35.56,35.54,35.56,20000,711096.0083
2026-09-14 13:14:00,35.56,35.57,35.55,35.57,19200,682790.0164
2026-09-14 13:15:00,35.57,35.58,35.56,35.56,21400,761179.0205
2026-09-14 13:16:00,35.57,35.61,35.56,35.61,28890,1028056.3987
2026-09-14 13:17:00,35.61,35.63,35.6,35.62,40127,1428816.1665
2026-09-14 13:18:00,35.62,35.63,35.61,35.62,18200,648259.0
2026-09-14 13:19:00,35.61,35.62,35.6,35.6,28300,1007775.9963
2026-09-14 13:20:00,35.6,35.62,35.55,35.6,110200,3921925.1106
2026-09-14 13:21:00,35.6,35.62,35.55,35.61,81600,2905095.9856
2026-09-14 13:22:00,35.62,35.63,35.61,35.63,20700,737390.0
2026-09-14 13:23:00,35.63,35.64,35.62,35.63,24600,876457.0
2026-09-14 13:24:00,35.63,35.64,35.63,35.64,23300,830308.0
2026-09-14 13:25:00,35.64,35.65,35.62,35.64,44200,1575072.0007
2026-09-14 13:26:00,35.64,35.65,35.63,35.64,21800,776982.0078
2026-09-14 13:27:00,35.64,35.65,35.63,35.65,52600,1874981.0369
2026-09-14 13:28:00,35.65,35.67,35.64,35.67,70300,2506505.064
2026-09-14 13:29:00,35.67,35.67,35.61,35.63,195800,6977868.0149
2026-09-14 13:30:00,35.63,35.64,35.62,35.64,26500,944304.0
2026-09-14 13:31:00,35.62,35.62,35.59,35.6,76400,2720115.9697
2026-09-14 13:32:00,35.59,35.65,35.59,35.63,108997,3884334.3377
2026-09-14 13:33:00,35.63,35.66,35.63,35.65,99200,3536051.0609
2026-09-14 13:34:00,35.65,35.66,35.62,35.63,53200,1895951.0146
2026-09-14 13:35:00,35.63,35.68,35.62,35.66,106300,3789725.9524
2026-09-14 13:36:00,35.65,35.67,35.64,35.66,43900,1565361.0139
2026-09-14 13:37:00,35.66,35.7,35.65,35.68,86900,3100243.9939
2026-09-14 13:38:00,35.68,35.69,35.66,35.66,56600,2019206.939
2026-09-14 13:39:00,35.65,35.66,35.64,35.65,50600,1804007.0388
2026-09-14 13:40:00,35.65,35.66,35.64,35.66,25200,898396.0291
2026-09-14 13:41:00,35.66,35.71,35.65,35.69,63900,2279894.959
2026-09-14 13:42:00,35.69,35.7,35.68,35.69,39800,1420635.98
2026-09-14 13:43:00,35.69,35.69,35.67,35.69,42900,1530814.9773
2026-09-14 13:44:00,35.68,35.69,35.67,35.67,34800,1241723.9656
2026-09-14 13:45:00,35.67,35.69,35.67,35.68,32100,1145359.9819
2026-09-14 13:46:00,35.68,35.68,35.65,35.66,60200,2147074.9446
2026-09-14 13:47:00,35.66,35.67,35.63,35.65,51900,1850137.0229
2026-09-14 13:48:00,35.66,35.67,35.64,35.66,45900,1636535.0234
2026-09-14 13:49:00,35.66,35.69,35.65,35.68,29600,1055881.9668
2026-09-14 13:50:00,35.67,35.69,35.67,35.67,39300,1401959.9346
2026-09-14 13:51:00,35.67,35.67,35.63,35.64,47800,1704237.9995
2026-09-14 13:52:00,35.64,35.67,35.63,35.66,41200,1468829.0249
2026-09-14 13:53:00,35.66,35.66,35.64,35.65,53800,1917825.022
2026-09-14 13:54:00,35.64,35.67,35.62,35.67,33800,1204682.0146
2026-09-14 13:55:00,35.66,35.67,35.64,35.66,51500,1836287.0166
2026-09-14 13:56:00,35.67,35.68,35.64,35.67,96900,3455043.0569
2026-09-14 13:57:00,35.67,35.67,35.66,35.66,24400,870260.9573
2026-09-14 13:58:00,35.66,35.67,35.62,35.63,53100,1892620.032
2026-09-14 13:59:00,35.64,35.64,35.6,35.63,142800,5084699.8877
2026-09-14 14:00:00,35.63,35.67,35.62,35.66,27900,994550.0178
2026-09-14 14:01:00,35.66,35.68,35.65,35.66,33300,1187424.0105
2026-09-14 14:02:00,35.65,35.68,35.65,35.66,52200,1861680.9631
2026-09-14 14:03:00,35.66,35.66,35.61,35.63,28700,1022888.0232
2026-09-14 14:04:00,35.63,35.65,35.62,35.65,53800,1916909.0066
2026-09-14 14:05:00,35.65,35.66,35.64,35.65,26800,955444.0369
2026-09-14 14:06:00,35.64,35.66,35.63,35.64,36100,1286674.0137
2026-09-14 14:07:00,35.64,35.65,35.63,35.65,12700,452686.0044
2026-09-14 14:08:00,35.65,35.65,35.63,35.65,45800,1632477.0273
2026-09-14 14:09:00,35.64,35.64,35.62,35.63,24000,855154.0
2026-09-14 14:10:00,35.63,35.64,35.61,35.63,46500,1656808.0
2026-09-14 14:11:00,35.62,35.65,35.62,35.63,35100,1250604.0017
2026-09-14 14:12:00,35.63,35.64,35.62,35.64,17900,637837.0
2026-09-14 14:13:00,35.64,35.65,35.63,35.64,25300,901777.0083
2026-09-14 14:14:00,35.64,35.67,35.62,35.64,66600,2373886.4146
2026-09-14 14:15:00,35.64,35.69,35.62,35.69,263400,9398778.8516
2026-09-14 14:16:00,35.68,35.69,35.67,35.67,33300,1188026.9697
2026-09-14 14:17:00,35.67,35.69,35.64,35.68,137100,4888199.9382
2026-09-14 14:18:00,35.66,35.68,35.64,35.66,19600,698963.9929
2026-09-14 14:19:00,35.66,35.67,35.65,35.67,28300,1009237.9832
2026-09-14 14:20:00,35.66,35.67,35.65,35.66,26100,930678.0044
2026-09-14 14:21:00,35.65,35.66,35.64,35.65,50500,1800212.0513
2026-09-14 14:22:00,35.65,35.67,35.65,35.67,39200,1397833.9951
2026-09-14 14:23:00,35.67,35.68,35.67,35.68,31600,1127342.9641
2026-09-14 14:24:00,35.68,35.69,35.67,35.69,37300,1330925.97
2026-09-14 14:25:00,35.69,35.71,35.69,35.7,48800,1742093.9866
2026-09-14 14:26:00,35.7,35.72,35.69,35.7,49000,1749422.9959
2026-09-14 14:27:00,35.7,35.71,35.64,35.67,63700,2272682.9551
2026-09-14 14:28:00,35.66,35.68,35.66,35.68,32500,1159106.9675
2026-09-14 14:29:00,35.66,35.68,35.65,35.65,29900,1066228.0017
2026-09-14 14:30:00,35.66,35.68,35.64,35.66,33300,1187346.0
2026-09-14 14:31:00,35.66,35.69,35.65,35.69,117400,4187733.8235
2026-09-14 14:32:00,35.67,35.73,35.67,35.72,73640,2628841.5813
2026-09-14 14:33:00,35.72,35.73,35.7,35.7,83600,2985678.0469
2026-09-14 14:34:00,35.7,35.75,35.7,35.74,56700,2025643.0317
2026-09-14 14:35:00,35.75,35.75,35.72,35.73,48400,1729626.0315
2026-09-14 14:36:00,35.73,35.75,35.72,35.73,45500,1625876.0339
2026-09-14 14:37:00,35.72,35.75,35.72,35.73,33400,1193432.0107
2026-09-14 14:38:00,35.72,35.74,35.71,35.72,53900,1925383.0137
2026-09-14 14:39:00,35.72,35.73,35.71,35.73,46300,1653688.002
2026-09-14 14:40:00,35.72,35.74,35.7,35.72,61300,2189739.0122
2026-09-14 14:41:00,35.72,35.74,35.71,35.72,72900,2604293.0195
2026-09-14 14:42:00,35.72,35.75,35.71,35.72,116600,4166484.0825
2026-09-14 14:43:00,35.73,35.76,35.72,35.73,68500,2448115.0781
2026-09-14 14:44:00,35.74,35.77,35.73,35.74,100200,3582093.9993
2026-09-14 14:45:00,35.75,35.79,35.72,35.75,151200,5405899.98
2026-09-14 14:46:00,35.75,35.78,35.73,35.74,125200,4475836.0828
2026-09-14 14:47:00,35.73,35.75,35.72,35.74,65900,2354806.0383
2026-09-14 14:48:00,35.74,35.75,35.72,35.74,49500,1768951.0369
2026-09-14 14:49:00,35.73,35.75,35.73,35.74,48900,1747575.074
2026-09-14 14:50:00,35.73,35.76,35.73,35.75,97200,3474302.0442
2026-09-14 14:51:00,35.74,35.76,35.71,35.73,111900,3998765.9938
2026-09-14 14:52:00,35.74,35.76,35.72,35.73,98900,3534664.0156
2026-09-14 14:53:00,35.72,35.75,35.7,35.73,129300,4619049.0417
2026-09-14 14:54:00,35.73,35.74,35.71,35.74,67210,2401233.2127
2026-09-14 14:55:00,35.73,35.74,35.7,35.7,138256,4938522.3994
2026-09-14 14:56:00,35.72,35.74,35.7,35.72,80000,2856980.0139
2026-09-14 14:57:00,35.72,35.75,35.7,35.74,104300,3725509.0222
2026-09-14 15:00:00,35.76,35.76,35.76,35.76,148400,5306783.6846
2026-09-15 09:31:00,35.73,35.76,35.45,35.57,589100,20980463.0448
2026-09-15 09:32:00,35.56,35.66,35.54,35.62,167800,5970985.1289
2026-09-15 09:33:00,35.62,35.66,35.57,35.62,99700,3550151.0618
2026-09-15 09:34:00,35.61,35.62,35.46,35.47,337000,11979289.054
2026-09-15 09:35:00,35.46,35.48,35.32,35.4,561000,19864277.0889
2026-09-15 09:36:00,35.39,35.46,35.33,35.39,581100,20573526.0588
2026-09-15 09:37:00,35.39,35.46,35.37,35.43,145774,5161875.5887
2026-09-15 09:38:00,35.43,35.44,35.4,35.43,81200,2876059.9421
2026-09-15 09:39:00,35.43,35.5,35.42,35.48,94800,3360589.9673
2026-09-15 09:40:00,35.48,35.52,35.47,35.48,89200,3165897.0544
2026-09-15 09:41:00,35.49,35.53,35.46,35.47,77800,2760502.0554
2026-09-15 09:42:00,35.47,35.5,35.44,35.44,75400,2674499.01
2026-09-15 09:43:00,35.44,35.46,35.43,35.46,75376,2671185.6395
2026-09-15 09:44:00,35.46,35.47,35.41,35.45,196500,6962502.3484
2026-09-15 09:45:00,35.44,35.45,35.41,35.42,39700,1406530.9648
2026-09-15 09:46:00,35.41,35.42,35.38,35.39,325924,11534503.8714
2026-09-15 09:47:00,35.38,35.4,35.36,35.39,177700,6287152.001
2026-09-15 09:48:00,35.38,35.4,35.36,35.39,166800,5901439.0071
2026-09-15 09:49:00,35.38,35.4,35.37,35.37,118700,4199652.0042
2026-09-15 09:50:00,35.38,35.38,35.35,35.36,93200,3295649.9863
2026-09-15 09:51:00,35.35,35.42,35.35,35.42,122300,4326183.988
2026-09-15 09:52:00,35.41,35.46,35.39,35.46,128900,4564505.9883
2026-09-15 09:53:00,35.45,35.5,35.44,35.5,112280,3983328.6877
2026-09-15 09:54:00,35.49,35.53,35.41,35.42,92000,3263111.9917
2026-09-15 09:55:00,35.42,35.42,35.35,35.37,239300,8463686.9929
2026-09-15 09:56:00,35.36,35.41,35.33,35.33,252700,8935343.0417
2026-09-15 09:57:00,35.33,35.36,35.31,35.32,159600,5638417.0881
2026-09-15 09:58:00,35.32,35.33,35.3,35.33,98726,3486046.1373
2026-09-15 09:59:00,35.31,35.32,35.27,35.28,332300,11729861.0176
2026-09-15 10:00:00,35.29,35.32,35.27,35.31,167200,5901892.0283
2026-09-15 10:01:00,35.31,35.36,35.27,35.34,219500,7750333.0642
2026-09-15 10:02:00,35.35,35.38,35.28,35.29,137900,4872865.012
2026-09-15 10:03:00,35.28,35.29,35.26,35.26,54700,1929488.9785
2026-09-15 10:04:00,35.26,35.28,35.25,35.27,117500,4143319.8669
2026-09-15 10:05:00,35.27,35.35,35.23,35.32,504300,17784559.0967
2026-09-15 10:06:00,35.33,35.33,35.29,35.29,200000,7061802.095
2026-09-15 10:07:00,35.3,35.33,35.28,35.29,138500,4889073.0669
2026-09-15 10:08:00,35.28,35.33,35.28,35.32,93000,3283215.033
2026-09-15 10:09:00,35.32,35.36,35.32,35.35,191400,6763543.0249
2026-09-15 10:10:00,35.35,35.38,35.33,35.36,134200,4743493.0615
2026-09-15 10:11:00,35.35,35.39,35.34,35.38,106000,3747921.9404
2026-09-15 10:12:00,35.38,35.43,35.37,35.42,83000,2938264.9468
2026-09-15 10:13:00,35.42,35.42,35.4,35.41,31600,1118990.9937
2026-09-15 10:14:00,35.42,35.42,35.4,35.4,31100,1101082.0278
2026-09-15 10:15:00,35.39,35.4,35.38,35.39,74500,2636518.0164
2026-09-15 10:16:00,35.39,35.4,35.34,35.34,116000,4102939.9822
2026-09-15 10:17:00,35.35,35.4,35.33,35.34,144400,5106988.0166
2026-09-15 10:18:00,35.34,35.34,35.31,35.33,51800,1829856.0703
2026-09-15 10:19:00,35.32,35.32,35.29,35.29,37100,1309859.0156
2026-09-15 10:20:00,35.29,35.29,35.25,35.26,99600,3512031.9243
2026-09-15 10:21:00,35.25,35.26,35.23,35.24,127400,4490356.0725
2026-09-15 10:22:00,35.24,35.27,35.23,35.27,124000,4371558.9595
2026-09-15 10:23:00,35.27,35.32,35.25,35.25,71300,2514415.9399
2026-09-15 10:24:00,35.25,35.29,35.25,35.27,59800,2109256.9741
2026-09-15 10:25:00,35.27,35.29,35.26,35.26,32600,1149880.9846
2026-09-15 10:26:00,35.27,35.28,35.23,35.26,647300,22818386.8828
2026-09-15 10:27:00,35.25,35.26,35.12,35.16,383200,13481422.0127
2026-09-15 10:28:00,35.14,35.18,35.11,35.14,170000,5974702.938
2026-09-15 10:29:00,35.13,35.16,35.13,35.15,127000,4463850.1472
2026-09-15 10:30:00,35.14,35.16,35.09,35.12,1041500,36566407.7751
2026-09-15 10:31:00,35.11,35.14,35.11,35.13,179300,6296890.0
2026-09-15 10:32:00,35.12,35.16,35.1,35.14,242300,8509601.9959
2026-09-15 10:33:00,35.15,35.17,35.11,35.17,231500,8136760.0015
2026-09-15 10:34:00,35.19,35.2,35.15,35.18,139600,4910105.9199
2026-09-15 10:35:00,35.18,35.22,35.17,35.2,184170,6481114.5059
2026-09-15 10:36:00,35.2,35.24,35.18,35.21,123500,4348214.0198
2026-09-15 10:37:00,35.21,35.24,35.2,35.21,86800,3056420.0166
2026-09-15 10:38:00,35.21,35.23,35.2,35.21,79500,2799615.0039
2026-09-15 10:39:00,35.22,35.27,35.21,35.26,102800,3622397.0229
2026-09-15 10:40:00,35.26,35.27,35.23,35.25,72000,2537785.0227
2026-09-15 10:41:00,35.25,35.34,35.25,35.34,126000,4444933.906
2026-09-15 10:42:00,35.31,35.33,35.28,35.29,60800,2146263.0203
2026-09-15 10:43:00,35.28,35.29,35.27,35.27,89100,3143106.9922
2026-09-15 10:44:00,35.27,35.29,35.24,35.26,125100,4411481.98
2026-09-15 10:45:00,35.26,35.32,35.26,35.28,79000,2786478.9607
2026-09-15 10:46:00,35.28,35.31,35.23,35.24,91800,3237897.9778
2026-09-15 10:47:00,35.24,35.33,35.23,35.33,97400,3435870.0154
2026-09-15 10:48:00,35.34,35.38,35.31,35.32,87900,3106911.9897
2026-09-15 10:49:00,35.32,35.33,35.31,35.33,27000,953634.019
2026-09-15 10:50:00,35.32,35.36,35.31,35.33,67092,2370809.5164
2026-09-15 10:51:00,35.33,35.37,35.32,35.34,72700,2569698.981
2026-09-15 10:52:00,35.33,35.38,35.33,35.35,45900,1622397.9966
2026-09-15 10:53:00,35.35,35.38,35.31,35.37,152800,5400495.1835
2026-09-15 10:54:00,35.37,35.39,35.36,35.37,55800,1973963.0
2026-09-15 10:55:00,35.37,35.39,35.36,35.39,32900,1164081.0
2026-09-15 10:56:00,35.38,35.42,35.36,35.38,101000,3574530.2548
2026-09-15 10:57:00,35.36,35.4,35.36,35.4,36100,1277047.0
2026-09-15 10:58:00,35.4,35.42,35.38,35.39,54400,1925227.0107
2026-09-15 10:59:00,35.39,35.44,35.38,35.4,124500,4407173.0388
2026-09-15 11:00:00,35.42,35.44,35.41,35.43,60115,2129362.0895
2026-09-15 11:01:00,35.43,35.44,35.4,35.41,109885,3891916.5779
2026-09-15 11:02:00,35.42,35.42,35.36,35.38,76200,2696990.0103
2026-09-15 11:03:00,35.36,35.36,35.33,35.34,64000,2262270.9883
2026-09-15 11:04:00,35.33,35.35,35.33,35.34,46200,1632526.0449
2026-09-15 11:05:00,35.34,35.35,35.31,35.33,84400,2981904.0588
2026-09-15 11:06:00,35.33,35.34,35.32,35.32,29100,1027960.0366
2026-09-15 11:07:00,35.33,35.36,35.32,35.35,56300,1989712.0005
2026-09-15 11:08:00,35.35,35.36,35.31,35.32,66100,2335922.0098
2026-09-15 11:09:00,35.32,35.36,35.32,35.34,54000,1908143.0708
2026-09-15 11:10:00,35.35,35.37,35.32,35.35,82700,2923157.9817
2026-09-15 11:11:00,35.36,35.37,35.33,35.33,33800,1194617.9934
2026-09-15 11:12:00,35.34,35.38,35.33,35.36,73100,2583555.0371
2026-09-15 11:13:00,35.36,35.42,35.36,35.37,70800,2505377.0022
2026-09-15 11:14:00,35.38,35.38,35.34,35.37,73500,2599019.9783
2026-09-15 11:15:00,35.36,35.37,35.33,35.34,59600,2106837.0139
2026-09-15 11:16:00,35.34,35.34,35.32,35.32,30600,1081048.0405
2026-09-15 11:17:00,35.32,35.33,35.31,35.32,37200,1313941.012
2026-09-15 11:18:00,35.32,35.32,35.3,35.32,38700,1366591.0488
2026-09-15 11:19:00,35.31,35.33,35.31,35.31,38600,1363157.0303
2026-09-15 11:20:00,35.31,35.31,35.29,35.29,64700,2283619.0029
2026-09-15 11:21:00,35.29,35.3,35.27,35.28,76400,2695928.9844
2026-09-15 11:22:00,35.29,35.33,35.29,35.32,38400,1356147.0244
2026-09-15 11:23:00,35.32,35.37,35.32,35.37,25600,904777.0039
2026-09-15 11:24:00,35.34,35.38,35.31,35.31,27700,978851.0144
2026-09-15 11:25:00,35.32,35.38,35.31,35.32,45300,1600520.0198
2026-09-15 11:26:00,35.32,35.34,35.3,35.31,33100,1168743.0288
2026-09-15 11:27:00,35.31,35.31,35.27,35.28,35500,1252851.0002
2026-09-15 11:28:00,35.28,35.3,35.27,35.29,34000,1199649.0
2026-09-15 11:29:00,35.3,35.31,35.29,35.29,27700,977693.0037
2026-09-15 11:30:00,35.29,35.31,35.29,35.3,35000,1235417.0066
2026-09-15 13:01:00,35.3,35.4,35.29,35.35,339800,12008710.099
2026-09-15 13:02:00,35.33,35.35,35.26,35.26,74800,2641038.0139
2026-09-15 13:03:00,35.27,35.3,35.25,35.25,94900,3347150.9435
2026-09-15 13:04:00,35.26,35.29,35.25,35.28,59000,2081019.9514
2026-09-15 13:05:00,35.28,35.29,35.25,35.27,93100,3283172.9146
2026-09-15 13:06:00,35.28,35.29,35.25,35.26,32100,1132140.9814
2026-09-15 13:07:00,35.26,35.32,35.25,35.3,65700,2318121.9646
2026-09-15 13:08:00,35.3,35.34,35.28,35.31,53600,1892501.0491
2026-09-15 13:09:00,35.31,35.33,35.29,35.3,59000,2082876.0271
2026-09-15 13:10:00,35.31,35.34,35.27,35.27,182500,6440736.0137
2026-09-15 13:11:00,35.29,35.3,35.26,35.28,127700,4504894.9102
2026-09-15 13:12:00,35.28,35.29,35.25,35.25,81900,2888858.9702
2026-09-15 13:13:00,35.26,35.29,35.25,35.28,73600,2595722.9448
2026-09-15 13:14:00,35.28,35.32,35.26,35.28,62600,2208836.9917
2026-09-15 13:15:00,35.28,35.29,35.24,35.24,42800,1509386.9846
2026-09-15 13:16:00,35.25,35.26,35.24,35.26,24700,870720.9959
2026-09-15 13:17:00,35.26,35.27,35.25,35.26,46900,1653580.9197
2026-09-15 13:18:00,35.25,35.28,35.25,35.26,38300,1350482.946
2026-09-15 13:19:00,35.26,35.27,35.24,35.27,87600,3088151.9629
2026-09-15 13:20:00,35.26,35.29,35.26,35.27,23300,821756.9805
2026-09-15 13:21:00,35.27,35.33,35.26,35.32,41800,1475282.01
2026-09-15 13:22:00,35.31,35.34,35.29,35.32,34300,1211229.0298
2026-09-15 13:23:00,35.31,35.34,35.31,35.34,42300,1494152.0417
2026-09-15 13:24:00,35.33,35.35,35.31,35.32,29200,1031465.032
2026-09-15 13:25:00,35.33,35.35,35.31,35.32,60600,2141062.062
2026-09-15 13:26:00,35.32,35.33,35.31,35.31,24800,875859.02
2026-09-15 13:27:00,35.32,35.32,35.29,35.31,83900,2961822.0234
2026-09-15 13:28:00,35.31,35.32,35.29,35.29,37000,1306304.0229
2026-09-15 13:29:00,35.3,35.31,35.29,35.3,31500,1111948.0117
2026-09-15 13:30:00,35.3,35.32,35.29,35.3,31900,1126271.0112
2026-09-15 13:31:00,35.31,35.34,35.3,35.33,38300,1352732.0229
2026-09-15 13:32:00,35.32,35.36,35.32,35.35,49500,1749385.9905
2026-09-15 13:33:00,35.35,35.37,35.34,35.35,34400,1216080.9648
2026-09-15 13:34:00,35.35,35.36,35.3,35.3,56100,1982069.0098
2026-09-15 13:35:00,35.31,35.31,35.26,35.28,45200,1595096.0005
2026-09-15 13:36:00,35.28,35.32,35.27,35.3,40100,1415459.0049
2026-09-15 13:37:00,35.3,35.34,35.29,35.32,43800,1546728.0293
2026-09-15 13:38:00,35.32,35.36,35.32,35.34,22900,809125.0195
2026-09-15 13:39:00,35.33,35.37,35.33,35.34,33200,1173365.0276
2026-09-15 13:40:00,35.34,35.34,35.28,35.28,90500,3195625.0776
2026-09-15 13:41:00,35.28,35.29,35.27,35.29,24000,846820.0
2026-09-15 13:42:00,35.28,35.32,35.28,35.28,65600,2315084.0132
2026-09-15 13:43:00,35.29,35.3,35.27,35.27,30300,1068816.0
2026-09-15 13:44:00,35.27,35.28,35.26,35.27,16900,596058.9939
2026-09-15 13:45:00,35.27,35.32,35.27,35.29,38500,1358645.0042
2026-09-15 13:46:00,35.3,35.31,35.28,35.28,30700,1083455.9993
2026-09-15 13:47:00,35.29,35.3,35.27,35.28,31900,1125668.0
2026-09-15 13:48:00,35.3,35.32,35.28,35.28,29100,1027185.0029
2026-09-15 13:49:00,35.28,35.32,35.28,35.29,29500,1041219.9998
2026-09-15 13:50:00,35.29,35.33,35.28,35.29,38100,1344489.002
2026-09-15 13:51:00,35.29,35.3,35.26,35.27,65300,2303707.9829
2026-09-15 13:52:00,35.27,35.33,35.27,35.32,49700,1754676.0376
2026-09-15 13:53:00,35.31,35.32,35.28,35.29,43000,1517891.0115
2026-09-15 13:54:00,35.29,35.3,35.26,35.3,53100,1873715.999
2026-09-15 13:55:00,35.29,35.3,35.28,35.29,52000,1835240.2898
2026-09-15 13:56:00,35.3,35.32,35.28,35.32,58900,2078958.0017
2026-09-15 13:57:00,35.29,35.31,35.28,35.3,18000,635365.0051
2026-09-15 13:58:00,35.3,35.32,35.28,35.3,45300,1599313.0007
2026-09-15 13:59:00,35.31,35.32,35.3,35.32,41700,1472598.0317
2026-09-15 14:00:00,35.31,35.35,35.31,35.34,109980,3885978.6791
2026-09-15 14:01:00,35.33,35.34,35.31,35.31,80200,2833147.1326
2026-09-15 14:02:00,35.31,35.34,35.31,35.33,59200,2091346.0901
2026-09-15 14:03:00,35.34,35.35,35.32,35.34,57500,2031597.0391
2026-09-15 14:04:00,35.34,35.36,35.33,35.35,54500,1926250.9922
2026-09-15 14:05:00,35.34,35.35,35.32,35.33,42800,1512217.061
2026-09-15 14:06:00,35.33,35.34,35.32,35.32,73100,2582667.0725
2026-09-15 14:07:00,35.32,35.33,35.31,35.33,37100,1310371.0366
2026-09-15 14:08:00,35.32,35.33,35.3,35.32,59400,2097586.04
2026-09-15 14:09:00,35.32,35.33,35.3,35.32,56100,1981131.0173
2026-09-15 14:10:00,35.32,35.34,35.31,35.33,50800,1794535.0596
2026-09-15 14:11:00,35.32,35.35,35.32,35.34,57700,2038549.0496
2026-09-15 14:12:00,35.33,35.34,35.32,35.33,35200,1243602.0757
2026-09-15 14:13:00,35.33,35.33,35.31,35.32,58300,2059317.0425
2026-09-15 14:14:00,35.32,35.36,35.32,35.35,77700,2745491.0493
2026-09-15 14:15:00,35.35,35.36,35.33,35.35,44100,1558726.9749
2026-09-15 14:16:00,35.35,35.36,35.32,35.34,97300,3439253.9648
2026-09-15 14:17:00,35.34,35.35,35.33,35.33,57500,2031963.0303
2026-09-15 14:18:00,35.34,35.36,35.32,35.32,77400,2735347.0374
2026-09-15 14:19:00,35.33,35.34,35.32,35.33,38000,1342550.0764
2026-09-15 14:20:00,35.33,35.33,35.3,35.31,65000,2295235.0466
2026-09-15 14:21:00,35.31,35.33,35.3,35.31,49700,1755128.0339
2026-09-15 14:22:00,35.31,35.33,35.3,35.32,59300,2094307.0608
2026-09-15 14:23:00,35.32,35.33,35.3,35.31,48200,1702163.0334
2026-09-15 14:24:00,35.31,35.33,35.31,35.32,70000,2472246.0437
2026-09-15 14:25:00,35.32,35.33,35.3,35.31,45800,1617450.0435
2026-09-15 14:26:00,35.32,35.32,35.28,35.32,176900,6244435.0171
2026-09-15 14:27:00,35.3,35.34,35.29,35.34,56900,2009060.0283
2026-09-15 14:28:00,35.32,35.35,35.3,35.31,57900,2045171.957
2026-09-15 14:29:00,35.32,35.33,35.31,35.33,45500,1607072.0398
2026-09-15 14:30:00,35.32,35.34,35.29,35.32,92200,3255816.0603
2026-09-15 14:31:00,35.29,35.33,35.29,35.32,78300,2765043.0645
2026-09-15 14:32:00,35.32,35.33,35.3,35.33,133800,4724889.1038
2026-09-15 14:33:00,35.33,35.36,35.28,35.31,123900,4376377.1603
2026-09-15 14:34:00,35.3,35.32,35.27,35.28,168100,5932944.0042
2026-09-15 14:35:00,35.28,35.28,35.23,35.26,99900,3522102.9565
2026-09-15 14:36:00,35.26,35.27,35.21,35.21,526900,18557130.0645
2026-09-15 14:37:00,35.21,35.23,35.19,35.2,146700,5164099.9912
2026-09-15 14:38:00,35.2,35.21,35.17,35.19,293400,10320530.3933
2026-09-15 14:39:00,35.19,35.21,35.18,35.19,137400,4834963.9626
2026-09-15 14:40:00,35.19,35.22,35.17,35.22,223700,7873715.0699
2026-09-15 14:41:00,35.22,35.25,35.21,35.25,123390,4345831.8728
2026-09-15 14:42:00,35.23,35.26,35.22,35.25,31300,1103053.0098
2026-09-15 14:43:00,35.25,35.29,35.24,35.26,113900,4016220.8748
2026-09-15 14:44:00,35.26,35.29,35.25,35.28,70300,2479245.9578
2026-09-15 14:45:00,35.28,35.3,35.27,35.28,55900,1972032.998
2026-09-15 14:46:00,35.29,35.32,35.28,35.31,51600,1821650.0225
2026-09-15 14:47:00,35.3,35.31,35.29,35.31,101100,3569243.063
2026-09-15 14:48:00,35.3,35.34,35.3,35.31,126400,4464258.0815
2026-09-15 14:49:00,35.31,35.34,35.2,35.26,211200,7451196.0623
2026-09-15 14:50:00,35.26,35.28,35.2,35.25,285350,10050778.9883
2026-09-15 14:51:00,35.25,35.25,35.2,35.22,187500,6602408.0576
2026-09-15 14:52:00,35.22,35.24,35.19,35.2,283100,9966102.0098
2026-09-15 14:53:00,35.2,35.28,35.19,35.22,336000,11829707.9961
2026-09-15 14:54:00,35.22,35.24,35.19,35.2,247400,8709457.0051
2026-09-15 14:55:00,35.2,35.23,35.18,35.2,165680,5831804.1589
2026-09-15 14:56:00,35.2,35.31,35.19,35.2,229600,8086094.012
2026-09-15 14:57:00,35.2,35.27,35.19,35.27,158600,5584559.0017
2026-09-15 15:00:00,35.16,35.16,35.16,35.16,990692,34832730.8149
2026-09-16 09:31:00,35.16,35.46,35.15,35.35,547550,19332553.0698
2026-09-16 09:32:00,35.37,35.4,35.31,35.31,173330,6127709.1322
2026-09-16 09:33:00,35.3,35.35,35.23,35.23,92289,3255127.3065
2026-09-16 09:34:00,35.23,35.26,35.02,35.02,244247,8582037.8655
2026-09-16 09:35:00,35.03,35.04,34.97,34.97,204046,7141560.6422
2026-09-16 09:36:00,34.98,35.02,34.96,35.0,236500,8273045.4294
2026-09-16 09:37:00,35.0,35.0,34.92,34.95,185200,6474176.8103
2026-09-16 09:38:00,34.95,34.97,34.93,34.94,75000,2620990.9695
2026-09-16 09:39:00,34.93,34.94,34.8,34.9,437296,15246615.593
2026-09-16 09:40:00,34.91,34.94,34.82,34.82,207500,7233980.6175
2026-09-16 09:41:00,34.82,34.82,34.75,34.75,307100,10684299.9897
2026-09-16 09:42:00,34.76,34.77,34.68,34.73,246200,8549919.4413
2026-09-16 09:43:00,34.73,34.74,34.66,34.69,320600,11123400.928
2026-09-16 09:44:00,34.69,34.73,34.61,34.68,241700,8380548.9187
2026-09-16 09:45:00,34.67,34.71,34.61,34.64,129900,4501484.9924
2026-09-16 09:46:00,34.64,34.69,34.62,34.64,207200,7178852.9792
2026-09-16 09:47:00,34.63,34.71,34.63,34.67,210500,7297164.8633
2026-09-16 09:48:00,34.66,34.68,34.61,34.63,127100,4401991.9034
2026-09-16 09:49:00,34.65,34.69,34.61,34.63,193600,6708016.0156
2026-09-16 09:50:00,34.64,34.65,34.6,34.61,198300,6864650.9683
2026-09-16 09:51:00,34.62,34.63,34.6,34.61,119300,4129369.9924
2026-09-16 09:52:00,34.61,34.65,34.6,34.62,157250,5443643.491
2026-09-16 09:53:00,34.61,34.67,34.51,34.51,412050,14250768.9391
2026-09-16 09:54:00,34.52,34.59,34.51,34.59,223000,7703688.9983
2026-09-16 09:55:00,34.58,34.65,34.54,34.55,232900,8052677.0388
2026-09-16 09:56:00,34.55,34.6,34.53,34.58,155000,5357984.075
2026-09-16 09:57:00,34.57,34.6,34.55,34.55,133400,4612449.0969
2026-09-16 09:58:00,34.56,34.58,34.53,34.57,114400,3952167.0144
2026-09-16 09:59:00,34.57,34.58,34.52,34.53,126200,4360761.0422
2026-09-16 10:00:00,34.53,34.55,34.47,34.48,333500,11507435.762
2026-09-16 10:01:00,34.48,34.49,34.42,34.45,498300,17172944.0539
2026-09-16 10:02:00,34.46,34.53,34.45,34.53,132800,4580298.9861
2026-09-16 10:03:00,34.53,34.54,34.5,34.5,75500,2606053.916
2026-09-16 10:04:00,34.51,34.54,34.5,34.51,113300,3910526.8667
2026-09-16 10:05:00,34.51,34.52,34.46,34.48,174200,6007795.0437
2026-09-16 10:06:00,34.48,34.49,34.45,34.48,221600,7638523.1399
2026-09-16 10:07:00,34.48,34.5,34.45,34.46,78700,2712653.0095
2026-09-16 10:08:00,34.47,34.47,34.36,34.37,356900,12283097.9094
2026-09-16 10:09:00,34.37,34.42,34.36,34.41,226400,7783414.0645
2026-09-16 10:10:00,34.4,34.41,34.35,34.35,148800,5114703.0144
2026-09-16 10:11:00,34.35,34.4,34.35,34.38,283600,9746880.95
2026-09-16 10:12:00,34.39,34.39,34.33,34.34,151500,5204893.9414
2026-09-16 10:13:00,34.33,34.38,34.32,34.33,234200,8045532.9866
2026-09-16 10:14:00,34.33,34.4,34.32,34.39,418000,14364483.0349
2026-09-16 10:15:00,34.39,34.4,34.37,34.39,97400,3349510.0259
2026-09-16 10:16:00,34.37,34.39,34.36,34.37,145900,5014978.0039
2026-09-16 10:17:00,34.37,34.41,34.36,34.41,129800,4462619.0281
2026-09-16 10:18:00,34.41,34.41,34.36,34.39,93100,3201229.0327
2026-09-16 10:19:00,34.38,34.39,34.3,34.31,286300,9827536.092
2026-09-16 10:20:00,34.31,34.31,34.25,34.29,192800,6610224.0901
2026-09-16 10:21:00,34.29,34.31,34.27,34.3,189900,6510669.9988
2026-09-16 10:22:00,34.31,34.32,34.26,34.27,137700,4721709.0071
2026-09-16 10:23:00,34.26,34.27,34.22,34.25,236800,8110080.99
2026-09-16 10:24:00,34.24,34.26,34.22,34.24,154600,5293814.106
2026-09-16 10:25:00,34.25,34.3,34.24,34.27,276800,9486451.8689
2026-09-16 10:26:00,34.26,34.26,34.2,34.22,688900,23569089.1819
2026-09-16 10:27:00,34.23,34.24,34.18,34.2,281300,9620238.9287
2026-09-16 10:28:00,34.21,34.22,34.18,34.19,146000,4993368.9832
2026-09-16 10:29:00,34.19,34.21,34.17,34.2,238700,8159793.7991
2026-09-16 10:30:00,34.2,34.21,34.17,34.18,139600,4772971.9382
2026-09-16 10:31:00,34.18,34.19,34.16,34.16,132300,4521795.8591
2026-09-16 10:32:00,34.17,34.19,34.15,34.15,254700,8701965.7673
2026-09-16 10:33:00,34.15,34.16,34.11,34.12,171600,5857584.054
2026-09-16 10:34:00,34.11,34.18,34.1,34.11,233000,7949394.998
2026-09-16 10:35:00,34.1,34.12,34.08,34.12,248600,8478049.9119
2026-09-16 10:36:00,34.11,34.15,34.09,34.15,296200,10102857.8779
2026-09-16 10:37:00,34.14,34.16,34.12,34.13,144200,4922514.0198
2026-09-16 10:38:00,34.13,34.19,34.12,34.14,207800,7097696.9165
2026-09-16 10:39:00,34.14,34.14,34.07,34.13,296927,10125549.2495
2026-09-16 10:40:00,34.12,34.18,34.08,34.18,235400,8039120.7346
2026-09-16 10:41:00,34.16,34.24,34.14,34.23,405500,13868987.0288
2026-09-16 10:42:00,34.24,34.27,34.21,34.27,197400,6759373.2266
2026-09-16 10:43:00,34.27,34.3,34.25,34.29,298800,10242777.929
2026-09-16 10:44:00,34.3,34.32,34.28,34.32,205540,7052503.6575
2026-09-16 10:45:00,34.32,34.34,34.26,34.26,225500,7735690.9944
2026-09-16 10:46:00,34.27,34.28,34.23,34.24,152200,5213848.9141
2026-09-16 10:47:00,34.24,34.28,34.2,34.27,163200,5588576.0027
2026-09-16 10:48:00,34.28,34.29,34.27,34.28,73100,2506051.959
2026-09-16 10:49:00,34.28,34.35,34.28,34.29,235600,8084547.1047
2026-09-16 10:50:00,34.29,34.29,34.22,34.24,89300,3058133.0681
2026-09-16 10:51:00,34.24,34.25,34.19,34.19,112600,3852970.0364
2026-09-16 10:52:00,34.18,34.2,34.16,34.18,123620,4224951.4897
2026-09-16 10:53:00,34.18,34.2,34.12,34.15,71980,2458862.4083
2026-09-16 10:54:00,34.15,34.18,34.14,34.16,140500,4799804.9078
2026-09-16 10:55:00,34.16,34.17,34.15,34.17,64300,2196299.0112
2026-09-16 10:56:00,34.17,34.2,34.16,34.2,71320,2437934.3617
2026-09-16 10:57:00,34.2,34.2,34.15,34.18,149700,5116186.1428
2026-09-16 10:58:00,34.18,34.23,34.18,34.2,147470,5043731.2786
2026-09-16 10:59:00,34.21,34.23,34.2,34.2,64700,2213484.002
2026-09-16 11:00:00,34.2,34.21,34.17,34.19,54400,1860100.989
2026-09-16 11:01:00,34.18,34.2,34.16,34.18,91700,3134575.9109
2026-09-16 11:02:00,34.18,34.2,34.16,34.19,89500,3058645.8452
2026-09-16 11:03:00,34.19,34.2,34.16,34.17,74300,2539476.9539
2026-09-16 11:04:00,34.16,34.19,34.15,34.18,66500,2272309.908
2026-09-16 11:05:00,34.18,34.2,34.16,34.19,78700,2690594.9778
2026-09-16 11:06:00,34.2,34.23,34.18,34.21,104700,3581382.9858
2026-09-16 11:07:00,34.22,34.22,34.2,34.21,39000,1334125.002
2026-09-16 11:08:00,34.21,34.21,34.17,34.19,65500,2239485.9583
2026-09-16 11:09:00,34.18,34.21,34.17,34.18,72100,2464758.9553
2026-09-16 11:10:00,34.18,34.2,34.17,34.19,52900,1808339.9438
2026-09-16 11:11:00,34.19,34.19,34.15,34.18,120100,4103062.9502
2026-09-16 11:12:00,34.16,34.21,34.15,34.21,82500,2820059.9297
2026-09-16 11:13:00,34.2,34.21,34.16,34.17,43500,1486898.9661
2026-09-16 11:14:00,34.17,34.22,34.17,34.18,88700,3032546.9807
2026-09-16 11:15:00,34.18,34.19,34.16,34.18,72800,2487771.9246
2026-09-16 11:16:00,34.18,34.24,34.17,34.2,150700,5152681.9458
2026-09-16 11:17:00,34.19,34.24,34.18,34.21,60900,2082897.9944
2026-09-16 11:18:00,34.22,34.24,34.17,34.2,81000,2770865.9956
2026-09-16 11:19:00,34.19,34.2,34.17,34.19,85800,2932855.9233
2026-09-16 11:20:00,34.19,34.23,34.12,34.15,130300,4451734.5366
2026-09-16 11:21:00,34.14,34.18,34.12,34.18,87100,2975650.8806
2026-09-16 11:22:00,34.18,34.2,34.16,34.17,68200,2330933.9417
2026-09-16 11:23:00,34.19,34.19,34.15,34.17,94500,3228925.9019
2026-09-16 11:24:00,34.16,34.18,34.13,34.15,124000,4235262.0051
2026-09-16 11:25:00,34.15,34.21,34.13,34.21,86544,2957914.4064
2026-09-16 11:26:00,34.2,34.22,34.13,34.19,89300,3053671.2297
2026-09-16 11:27:00,34.21,34.23,34.17,34.22,76200,2606322.9839
2026-09-16 11:28:00,34.21,34.27,34.2,34.26,106500,3646447.9792
2026-09-16 11:29:00,34.23,34.26,34.2,34.21,63200,2163298.0095
2026-09-16 11:30:00,34.22,34.27,34.2,34.24,153200,5244105.9951
2026-09-16 13:01:00,34.24,34.39,34.2,34.34,302410,10378027.0305
2026-09-16 13:02:00,34.35,34.39,34.34,34.38,93400,3209241.9712
2026-09-16 13:03:00,34.38,34.38,34.3,34.31,151200,5190281.0601
2026-09-16 13:04:00,34.3,34.34,34.3,34.33,145300,4986384.0811
2026-09-16 13:05:00,34.32,34.36,34.32,34.34,63300,2173702.0186
2026-09-16 13:06:00,34.34,34.37,34.3,34.3,47200,1620574.0005
2026-09-16 13:07:00,34.3,34.32,34.3,34.3,46700,1602320.0215
2026-09-16 13:08:00,34.31,34.33,34.29,34.29,62100,2130550.0313
2026-09-16 13:09:00,34.29,34.31,34.27,34.28,65200,2235844.0017
2026-09-16 13:10:00,34.28,34.3,34.25,34.3,70900,2429762.9431
2026-09-16 13:11:00,34.31,34.31,34.28,34.3,51400,1762950.0071
2026-09-16 13:12:00,34.3,34.33,34.29,34.31,52200,1790949.0322
2026-09-16 13:13:00,34.32,34.34,34.31,34.33,90300,3100198.1597
2026-09-16 13:14:00,34.33,34.44,34.33,34.4,122000,4194832.0308
2026-09-16 13:15:00,34.39,34.44,34.39,34.44,72300,2488557.9573
2026-09-16 13:16:00,34.44,34.48,34.43,34.48,141200,4865805.0002
2026-09-16 13:17:00,34.48,34.51,34.46,34.48,196600,6779344.8821
2026-09-16 13:18:00,34.48,34.52,34.46,34.49,75200,2593613.8767
2026-09-16 13:19:00,34.5,34.52,34.45,34.49,179700,6197153.0349
2026-09-16 13:20:00,34.49,34.5,34.45,34.45,128100,4416249.0427
2026-09-16 13:21:00,34.46,34.47,34.42,34.43,111900,3854624.9473
2026-09-16 13:22:00,34.44,34.54,34.41,34.49,237000,8172285.6506
2026-09-16 13:23:00,34.5,34.54,34.49,34.54,71900,2481237.9734
2026-09-16 13:24:00,34.54,34.54,34.46,34.49,256700,8856656.0596
2026-09-16 13:25:00,34.5,34.53,34.47,34.5,147500,5089160.8591
2026-09-16 13:26:00,34.5,34.53,34.47,34.51,136100,4694863.0503
2026-09-16 13:27:00,34.49,34.5,34.45,34.47,86500,2981870.0232
2026-09-16 13:28:00,34.45,34.49,34.44,34.48,69300,2388121.0146
2026-09-16 13:29:00,34.48,34.54,34.48,34.52,336200,11605917.8892
2026-09-16 13:30:00,34.52,34.53,34.49,34.49,97600,3367492.0012
2026-09-16 13:31:00,34.5,34.51,34.49,34.49,83500,2880793.9893
2026-09-16 13:32:00,34.5,34.53,34.49,34.49,129600,4471748.002
2026-09-16 13:33:00,34.5,34.52,34.49,34.49,54800,1890776.5813
2026-09-16 13:34:00,34.49,34.5,34.46,34.46,89900,3099566.0444
2026-09-16 13:35:00,34.46,34.47,34.45,34.45,57600,1984630.0039
2026-09-16 13:36:00,34.45,34.49,34.45,34.48,143200,4935310.0056
2026-09-16 13:37:00,34.48,34.51,34.47,34.5,58900,2031285.0178
2026-09-16 13:38:00,34.51,34.55,34.49,34.5,104200,3596640.9856
2026-09-16 13:39:00,34.49,34.52,34.48,34.48,62000,2138700.0532
2026-09-16 13:40:00,34.48,34.5,34.44,34.46,94190,3246774.1228
2026-09-16 13:41:00,34.46,34.5,34.45,34.47,44100,1520057.0049
2026-09-16 13:42:00,34.47,34.49,34.45,34.47,32900,1134098.5845
2026-09-16 13:43:00,34.48,34.5,34.45,34.46,53500,1843924.1956
2026-09-16 13:44:00,34.45,34.46,34.44,34.46,39000,1343707.9922
2026-09-16 13:45:00,34.46,34.48,34.44,34.48,63500,2188487.0005
2026-09-16 13:46:00,34.48,34.49,34.47,34.47,39000,1344667.0093
2026-09-16 13:47:00,34.47,34.49,34.47,34.49,76300,2630303.0129
2026-09-16 13:48:00,34.49,34.49,34.45,34.46,100000,3447024.021
2026-09-16 13:49:00,34.45,34.47,34.42,34.44,124200,4277936.46
2026-09-16 13:50:00,34.44,34.47,34.43,34.44,192000,6614865.9619
2026-09-16 13:51:00,34.43,34.43,34.4,34.41,91300,3142037.8701
2026-09-16 13:52:00,34.41,34.43,34.39,34.43,111200,3826147.9998
2026-09-16 13:53:00,34.41,34.46,34.4,34.45,100400,3457728.9941
2026-09-16 13:54:00,34.46,34.5,34.45,34.49,111800,3854621.0676
2026-09-16 13:55:00,34.49,34.53,34.48,34.5,156700,5407777.8738
2026-09-16 13:56:00,34.51,34.52,34.5,34.51,68600,2367355.8955
2026-09-16 13:57:00,34.5,34.51,34.45,34.48,237700,8198838.0276
2026-09-16 13:58:00,34.49,34.53,34.49,34.53,106600,3678596.9412
2026-09-16 13:59:00,34.53,34.53,34.47,34.51,57900,1997627.9873
2026-09-16 14:00:00,34.5,34.52,34.48,34.48,79700,2749719.9453
2026-09-16 14:01:00,34.48,34.53,34.47,34.51,179900,6207127.918
2026-09-16 14:02:00,34.51,34.52,34.43,34.44,181100,6239661.9397
2026-09-16 14:03:00,34.44,34.47,34.42,34.44,183500,6320864.9285
2026-09-16 14:04:00,34.44,34.44,34.41,34.41,103400,3559792.9321
2026-09-16 14:05:00,34.42,34.43,34.39,34.39,231830,7975393.8252
2026-09-16 14:06:00,34.4,34.42,34.38,34.41,157000,5401570.084
2026-09-16 14:07:00,34.41,34.42,34.39,34.4,114100,3925710.0679
2026-09-16 14:08:00,34.41,34.44,34.4,34.43,113100,3893082.8896
2026-09-16 14:09:00,34.44,34.44,34.4,34.42,98800,3400387.8953
2026-09-16 14:10:00,34.42,34.43,34.4,34.42,112800,3882068.8838
2026-09-16 14:11:00,34.42,34.42,34.4,34.42,81000,2787362.9529
2026-09-16 14:12:00,34.42,34.43,34.4,34.42,101600,3496232.9561
2026-09-16 14:13:00,34.42,34.44,34.4,34.42,114000,3923575.8843
2026-09-16 14:14:00,34.43,34.45,34.4,34.42,61100,2103140.949
2026-09-16 14:15:00,34.42,34.42,34.4,34.42,160300,5515327.1072
2026-09-16 14:16:00,34.4,34.41,34.39,34.4,107200,3687612.1003
2026-09-16 14:17:00,34.4,34.42,34.39,34.41,123300,4241768.1038
2026-09-16 14:18:00,34.41,34.44,34.4,34.43,58100,1999840.9443
2026-09-16 14:19:00,34.43,34.45,34.42,34.44,64400,2217785.9514
2026-09-16 14:20:00,34.44,34.46,34.44,34.45,105500,3634623.9888
2026-09-16 14:21:00,34.46,34.5,34.45,34.49,116200,4005264.0359
2026-09-16 14:22:00,34.48,34.49,34.45,34.46,74100,2554057.0103
2026-09-16 14:23:00,34.46,34.47,34.43,34.44,80200,2762957.9922
2026-09-16 14:24:00,34.45,34.45,34.42,34.45,65000,2238656.9519
2026-09-16 14:25:00,34.44,34.47,34.44,34.46,69200,2384209.0015
2026-09-16 14:26:00,34.47,34.47,34.45,34.46,50400,1736799.0
2026-09-16 14:27:00,34.46,34.47,34.45,34.46,35500,1223374.0078
2026-09-16 14:28:00,34.47,34.48,34.45,34.45,66000,2274433.0
2026-09-16 14:29:00,34.46,34.49,34.45,34.47,50600,1744232.0259
2026-09-16 14:30:00,34.48,34.49,34.44,34.46,75900,2615840.0212
2026-09-16 14:31:00,34.45,34.49,34.44,34.47,105950,3651999.5032
2026-09-16 14:32:00,34.48,34.51,34.45,34.49,174943,6033144.8179
2026-09-16 14:33:00,34.49,34.51,34.47,34.5,80600,2780128.7456
2026-09-16 14:34:00,34.5,34.54,34.49,34.51,115830,3997353.1254
2026-09-16 14:35:00,34.5,34.55,34.5,34.5,127400,4398048.8877
2026-09-16 14:36:00,34.5,34.52,34.49,34.5,107100,3695192.002
2026-09-16 14:37:00,34.5,34.51,34.48,34.48,126000,4346413.0332
2026-09-16 14:38:00,34.48,34.5,34.46,34.48,256200,8833266.0691
2026-09-16 14:39:00,34.48,34.5,34.45,34.46,143400,4942856.0267
2026-09-16 14:40:00,34.46,34.47,34.4,34.43,244800,8427369.3104
2026-09-16 14:41:00,34.43,34.45,34.41,34.42,130300,4486301.8567
2026-09-16 14:42:00,34.43,34.44,34.41,34.42,169300,5828095.8242
2026-09-16 14:43:00,34.43,34.44,34.42,34.42,115900,3990429.9771
2026-09-16 14:44:00,34.43,34.44,34.39,34.41,354600,12201156.1602
2026-09-16 14:45:00,34.41,34.42,34.38,34.41,385200,13250131.2166
2026-09-16 14:46:00,34.41,34.43,34.4,34.42,267300,9198245.9795
2026-09-16 14:47:00,34.42,34.43,34.4,34.41,200132,6886442.0901
2026-09-16 14:48:00,34.41,34.42,34.39,34.41,152368,5242048.7147
2026-09-16 14:49:00,34.39,34.42,34.39,34.41,188800,6495545.135
2026-09-16 14:50:00,34.4,34.41,34.37,34.38,306500,10539550.0581
2026-09-16 14:51:00,34.37,34.42,34.37,34.4,257120,8844439.5342
2026-09-16 14:52:00,34.4,34.4,34.36,34.36,263080,9044636.0424
2026-09-16 14:53:00,34.37,34.39,34.31,34.35,551500,18947503.7996
2026-09-16 14:54:00,34.34,34.38,34.34,34.36,236800,8134475.7599
2026-09-16 14:55:00,34.35,34.39,34.34,34.38,344022,11821655.0302
2026-09-16 14:56:00,34.4,34.43,34.35,34.36,227940,7835464.8015
2026-09-16 14:57:00,34.35,34.44,34.32,34.39,165110,5673267.8209
2026-09-16 15:00:00,34.31,34.31,34.31,34.31,580729,19924812.2886
2026-09-17 09:31:00,34.27,34.34,34.08,34.27,1350036,46217583.0254
2026-09-17 09:32:00,34.26,34.32,34.14,34.19,599300,20500778.9387
2026-09-17 09:33:00,34.19,34.29,34.17,34.18,320600,10967882.9636
2026-09-17 09:34:00,34.18,34.18,34.05,34.07,270300,9218939.0676
2026-09-17 09:35:00,34.07,34.12,34.07,34.09,143000,4874688.0679
2026-09-17 09:36:00,34.09,34.12,34.07,34.09,215900,7359882.0393
2026-09-17 09:37:00,34.09,34.1,34.04,34.04,225200,7669670.0596
2026-09-17 09:38:00,34.04,34.12,34.03,34.07,440500,15005168.3478
2026-09-17 09:39:00,34.08,34.08,34.02,34.04,470603,16021213.1667
2026-09-17 09:40:00,34.04,34.05,33.98,34.0,523500,17801214.9678
2026-09-17 09:41:00,34.0,34.04,33.98,34.02,351000,11934691.02
2026-09-17 09:42:00,34.04,34.06,34.0,34.04,606700,20633977.9622
2026-09-17 09:43:00,34.03,34.05,33.92,33.94,313600,10654709.9248
2026-09-17 09:44:00,33.96,33.96,33.89,33.92,346300,11746829.4324
2026-09-17 09:45:00,33.92,33.95,33.91,33.91,192486,6529640.132
2026-09-17 09:46:00,33.92,33.92,33.87,33.9,307314,10416229.8286
2026-09-17 09:47:00,33.9,33.98,33.89,33.97,191620,6500102.0005
2026-09-17 09:48:00,33.99,34.05,33.93,33.96,174600,5932221.0325
2026-09-17 09:49:00,33.96,34.08,33.96,34.08,148500,5052221.0605
2026-09-17 09:50:00,34.08,34.14,34.07,34.12,172900,5898317.0071
2026-09-17 09:51:00,34.12,34.13,34.01,34.01,170400,5805804.1201
2026-09-17 09:52:00,34.04,34.05,33.99,34.05,158000,5375657.9141
2026-09-17 09:53:00,34.06,34.09,34.02,34.03,121400,4135222.0774
2026-09-17 09:54:00,34.02,34.06,33.99,34.02,154900,5269340.9097
2026-09-17 09:55:00,34.02,34.06,34.02,34.05,87800,2988011.9934
2026-09-17 09:56:00,34.05,34.1,34.05,34.09,121500,4139498.1201
2026-09-17 09:57:00,34.09,34.15,34.09,34.14,111900,3818345.9583
2026-09-17 09:58:00,34.13,34.17,34.12,34.12,171800,5866296.0442
2026-09-17 09:59:00,34.14,34.3,34.12,34.29,299869,10255279.1625
2026-09-17 10:00:00,34.3,34.37,34.26,34.32,406460,13946072.1631
2026-09-17 10:01:00,34.32,34.38,34.26,34.35,412100,14147685.2549
2026-09-17 10:02:00,34.35,34.44,34.34,34.39,319600,10986788.9497
2026-09-17 10:03:00,34.39,34.44,34.32,34.33,369500,12703744.0215
2026-09-17 10:04:00,34.33,34.38,34.3,34.32,331500,11381616.9983
2026-09-17 10:05:00,34.32,34.35,34.29,34.29,162000,5560613.1475
2026-09-17 10:06:00,34.29,34.35,34.28,34.3,156700,5376855.0923
2026-09-17 10:07:00,34.31,34.31,34.26,34.28,86700,2971682.9819
2026-09-17 10:08:00,34.28,34.3,34.27,34.28,84700,2903731.9941
2026-09-17 10:09:00,34.28,34.29,34.21,34.23,133800,4581890.0078
2026-09-17 10:10:00,34.22,34.27,34.19,34.23,133100,4553810.0161
2026-09-17 10:11:00,34.21,34.26,34.19,34.21,69300,2371278.0149
2026-09-17 10:12:00,34.22,34.28,34.2,34.25,105700,3619484.0208
2026-09-17 10:13:00,34.24,34.27,34.2,34.23,141900,4858008.0784
2026-09-17 10:14:00,34.23,34.27,34.19,34.26,135300,4631053.0173
2026-09-17 10:15:00,34.26,34.28,34.24,34.27,221600,7592310.8442
2026-09-17 10:16:00,34.28,34.33,34.26,34.3,183100,6279977.014
2026-09-17 10:17:00,34.31,34.39,34.29,34.39,217267,7458795.8318
2026-09-17 10:18:00,34.39,34.39,34.3,34.32,225300,7738846.6654
2026-09-17 10:19:00,34.34,34.39,34.31,34.33,163900,5629439.0745
2026-09-17 10:20:00,34.37,34.38,34.32,34.33,130200,4471189.0747
2026-09-17 10:21:00,34.34,34.43,34.33,34.39,123549,4248917.6229
2026-09-17 10:22:00,34.4,34.43,34.38,34.41,125800,4328228.0381
2026-09-17 10:23:00,34.42,34.45,34.41,34.44,170800,5880446.8149
2026-09-17 10:24:00,34.44,34.47,34.41,34.42,143500,4942232.9236
2026-09-17 10:25:00,34.42,34.52,34.4,34.51,337620,11628202.4504
2026-09-17 10:26:00,34.52,34.56,34.5,34.51,290500,10030649.949
2026-09-17 10:27:00,34.51,34.6,34.45,34.53,558400,19279571.0188
2026-09-17 10:28:00,34.53,34.53,34.45,34.47,162500,5604675.1318
2026-09-17 10:29:00,34.46,34.5,34.44,34.47,161100,5554394.0466
2026-09-17 10:30:00,34.48,34.51,34.47,34.48,132600,4573388.073
2026-09-17 10:31:00,34.5,34.51,34.47,34.49,141800,4890459.1304
2026-09-17 10:32:00,34.48,34.52,34.47,34.5,231800,7995057.0337
2026-09-17 10:33:00,34.49,34.5,34.4,34.43,166100,5722705.9666
2026-09-17 10:34:00,34.43,34.46,34.41,34.41,95000,3270667.9067
2026-09-17 10:35:00,34.41,34.45,34.4,34.42,137600,4736177.9028
2026-09-17 10:36:00,34.42,34.44,34.38,34.39,74300,2556929.9541
2026-09-17 10:37:00,34.39,34.41,34.37,34.38,106800,3673317.8385
2026-09-17 10:38:00,34.38,34.4,34.36,34.37,90400,3107494.9976
2026-09-17 10:39:00,34.37,34.38,34.34,34.34,100300,3445758.9539
2026-09-17 10:40:00,34.34,34.35,34.32,34.33,85500,2935255.0801
2026-09-17 10:41:00,34.32,34.34,34.3,34.32,77900,2673199.0657
2026-09-17 10:42:00,34.32,34.32,34.31,34.32,57400,1969735.019
2026-09-17 10:43:00,34.32,34.33,34.27,34.31,143900,4936800.0691
2026-09-17 10:44:00,34.31,34.32,34.29,34.31,74900,2569464.0586
2026-09-17 10:45:00,34.31,34.36,34.3,34.33,45900,1575659.0129
2026-09-17 10:46:00,34.34,34.35,34.32,34.33,86200,2959927.0442
2026-09-17 10:47:00,34.33,34.35,34.3,34.34,97600,3349962.0659
2026-09-17 10:48:00,34.34,34.39,34.33,34.38,71400,2453373.9893
2026-09-17 10:49:00,34.38,34.42,34.37,34.4,59300,2039613.0171
2026-09-17 10:50:00,34.39,34.42,34.36,34.41,117900,4054731.0557
2026-09-17 10:51:00,34.4,34.42,34.35,34.36,104900,3605706.9951
2026-09-17 10:52:00,34.36,34.39,34.34,34.37,60000,2061632.9802
2026-09-17 10:53:00,34.37,34.38,34.34,34.36,103900,3569376.95
2026-09-17 10:54:00,34.35,34.39,34.32,34.36,123760,4250555.1707
2026-09-17 10:55:00,34.36,34.38,34.34,34.36,48100,1652766.9827
2026-09-17 10:56:00,34.37,34.41,34.36,34.4,103100,3544735.0203
2026-09-17 10:57:00,34.4,34.41,34.38,34.39,83400,2868744.0466
2026-09-17 10:58:00,34.39,34.41,34.38,34.4,51900,1785086.0222
2026-09-17 10:59:00,34.4,34.4,34.38,34.38,50400,1733267.0176
2026-09-17 11:00:00,34.38,34.39,34.33,34.33,79000,2715149.936
2026-09-17 11:01:00,34.35,34.36,34.32,34.35,83500,2867453.0103
2026-09-17 11:02:00,34.35,34.41,34.34,34.4,94107,3235901.5352
2026-09-17 11:03:00,34.4,34.43,34.39,34.42,59500,2047320.9966
2026-09-17 11:04:00,34.42,34.47,34.41,34.44,112800,3884863.9204
2026-09-17 11:05:00,34.45,34.46,34.42,34.43,32900,1132932.9746
2026-09-17 11:06:00,34.43,34.43,34.39,34.4,98200,3379068.9795
2026-09-17 11:07:00,34.4,34.41,34.35,34.35,138200,4752054.9659
2026-09-17 11:08:00,34.36,34.43,34.35,34.38,163200,5612079.9905
2026-09-17 11:09:00,34.39,34.43,34.37,34.4,62900,2163529.0188
2026-09-17 11:10:00,34.41,34.43,34.39,34.41,60700,2088511.0164
2026-09-17 11:11:00,34.41,34.44,34.41,34.43,53000,1824809.9617
2026-09-17 11:12:00,34.43,34.47,34.43,34.45,77800,2680466.9646
2026-09-17 11:13:00,34.45,34.51,34.45,34.49,156400,5393013.0845
2026-09-17 11:14:00,34.5,34.5,34.48,34.5,65100,2245552.0732
2026-09-17 11:15:00,34.5,34.52,34.48,34.52,108000,3725884.968
2026-09-17 11:16:00,34.52,34.54,34.51,34.51,192465,6646834.1349
2026-09-17 11:17:00,34.52,34.54,34.5,34.53,85800,2961274.9526
2026-09-17 11:18:00,34.53,34.54,34.51,34.52,33700,1163512.9951
2026-09-17 11:19:00,34.52,34.56,34.51,34.54,100600,3474450.9812
2026-09-17 11:20:00,34.55,34.59,34.54,34.57,112400,3885445.0955
2026-09-17 11:21:00,34.57,34.59,34.53,34.54,55800,1928479.0415
2026-09-17 11:22:00,34.54,34.54,34.5,34.51,51100,1764263.9839
2026-09-17 11:23:00,34.51,34.54,34.49,34.51,197700,6823583.9473
2026-09-17 11:24:00,34.52,34.55,34.51,34.54,48500,1674596.9956
2026-09-17 11:25:00,34.54,34.57,34.53,34.55,54700,1889761.0171
2026-09-17 11:26:00,34.55,34.55,34.53,34.55,42900,1481992.9961
2026-09-17 11:27:00,34.55,34.56,34.54,34.54,58800,2031583.0129
2026-09-17 11:28:00,34.54,34.56,34.51,34.52,70200,2424578.9973
2026-09-17 11:29:00,34.52,34.55,34.51,34.53,49600,1712751.9971
2026-09-17 11:30:00,34.53,34.54,34.5,34.54,60600,2092041.9519
2026-09-17 13:01:00,34.54,34.6,34.53,34.55,299200,10343247.2419
2026-09-17 13:02:00,34.55,34.64,34.54,34.6,272100,9412471.0698
2026-09-17 13:03:00,34.6,34.6,34.55,34.56,66600,2302820.0742
2026-09-17 13:04:00,34.56,34.58,34.54,34.55,69200,2391628.0527
2026-09-17 13:05:00,34.55,34.57,34.54,34.55,83100,2871308.0315
2026-09-17 13:06:00,34.55,34.55,34.54,34.54,38200,1319613.0
2026-09-17 13:07:00,34.54,34.59,34.54,34.58,120200,4154419.0867
2026-09-17 13:08:00,34.57,34.58,34.55,34.57,76700,2651530.0867
2026-09-17 13:09:00,34.57,34.58,34.56,34.57,45800,1583342.0471
2026-09-17 13:10:00,34.57,34.57,34.56,34.57,28400,981726.0088
2026-09-17 13:11:00,34.57,34.61,34.51,34.6,687100,23751337.9075
2026-09-17 13:12:00,34.61,34.64,34.53,34.54,369500,12778300.0283
2026-09-17 13:13:00,34.55,34.6,34.53,34.56,130200,4499990.1387
2026-09-17 13:14:00,34.57,34.61,34.56,34.59,80600,2788142.9583
2026-09-17 13:15:00,34.59,34.59,34.56,34.59,54000,1867462.0488
2026-09-17 13:16:00,34.58,34.59,34.53,34.54,61100,2111429.033
2026-09-17 13:17:00,34.54,34.55,34.51,34.52,59600,2058213.9932
2026-09-17 13:18:00,34.52,34.52,34.48,34.5,123600,4263778.0837
2026-09-17 13:19:00,34.5,34.51,34.48,34.49,52500,1810937.0674
2026-09-17 13:20:00,34.49,34.52,34.49,34.52,68100,2349903.998
2026-09-17 13:21:00,34.52,34.52,34.49,34.49,62500,2156298.0002
2026-09-17 13:22:00,34.5,34.55,34.49,34.52,92300,3185577.946
2026-09-17 13:23:00,34.53,34.53,34.49,34.5,59600,2056637.9639
2026-09-17 13:24:00,34.51,34.52,34.49,34.51,83100,2867153.9639
2026-09-17 13:25:00,34.51,34.52,34.5,34.51,27600,952493.9448
2026-09-17 13:26:00,34.5,34.52,34.48,34.52,135862,4687440.9768
2026-09-17 13:27:00,34.52,34.52,34.5,34.51,19900,686763.9744
2026-09-17 13:28:00,34.51,34.51,34.5,34.51,56900,1963577.8892
2026-09-17 13:29:00,34.51,34.52,34.5,34.51,60100,2074272.9207
2026-09-17 13:30:00,34.52,34.52,34.5,34.52,74400,2567741.3363
2026-09-17 13:31:00,34.52,34.55,34.5,34.53,129900,4484139.2544
2026-09-17 13:32:00,34.53,34.56,34.53,34.56,76556,2644743.2361
2026-09-17 13:33:00,34.56,34.57,34.55,34.56,55400,1914663.0486
2026-09-17 13:34:00,34.56,34.56,34.53,34.54,88344,3052123.2153
2026-09-17 13:35:00,34.55,34.55,34.53,34.54,47100,1626801.0
2026-09-17 13:36:00,34.54,34.56,34.54,34.55,56518,1952569.7244
2026-09-17 13:37:00,34.55,34.57,34.53,34.55,46700,1613566.8417
2026-09-17 13:38:00,34.55,34.56,34.53,34.53,45200,1561338.442
2026-09-17 13:39:00,34.54,34.54,34.53,34.54,15200,524993.9999
2026-09-17 13:40:00,34.54,34.54,34.52,34.54,77600,2679316.8115
2026-09-17 13:41:00,34.54,34.57,34.53,34.56,110600,3820629.031
2026-09-17 13:42:00,34.56,34.58,34.55,34.56,95000,3283828.0698
2026-09-17 13:43:00,34.56,34.58,34.54,34.54,50700,1751899.0308
2026-09-17 13:44:00,34.53,34.54,34.51,34.52,68700,2371949.9814
2026-09-17 13:45:00,34.53,34.57,34.52,34.57,52400,1809797.9966
2026-09-17 13:46:00,34.55,34.6,34.54,34.6,117900,4077203.0984
2026-09-17 13:47:00,34.6,34.6,34.56,34.57,82800,2863645.0562
2026-09-17 13:48:00,34.56,34.57,34.56,34.56,22100,763885.0176
2026-09-17 13:49:00,34.56,34.57,34.53,34.53,73700,2546272.0632
2026-09-17 13:50:00,34.54,34.55,34.53,34.53,21900,756302.0
2026-09-17 13:51:00,34.53,34.54,34.51,34.52,78940,2725345.1851
2026-09-17 13:52:00,34.53,34.54,34.51,34.54,36400,1256712.9946
2026-09-17 13:53:00,34.54,34.54,34.52,34.53,19800,683686.0
2026-09-17 13:54:00,34.53,34.53,34.51,34.53,85300,2944354.9453
2026-09-17 13:55:00,34.53,34.53,34.5,34.52,57700,1991527.9385
2026-09-17 13:56:00,34.53,34.57,34.51,34.57,149200,5153399.9834
2026-09-17 13:57:00,34.57,34.57,34.56,34.57,16200,560004.0054
2026-09-17 13:58:00,34.57,34.59,34.56,34.57,76000,2627307.0591
2026-09-17 13:59:00,34.57,34.6,34.56,34.58,94900,3281847.1094
2026-09-17 14:00:00,34.58,34.59,34.57,34.57,36900,1276028.0483
2026-09-17 14:01:00,34.57,34.58,34.55,34.56,54600,1887435.0586
2026-09-17 14:02:00,34.56,34.56,34.54,34.54,109800,3793404.0425
2026-09-17 14:03:00,34.55,34.55,34.51,34.52,159400,5504350.9824
2026-09-17 14:04:00,34.53,34.54,34.52,34.53,38700,1336193.9961
2026-09-17 14:05:00,34.54,34.54,34.51,34.52,32000,1104685.9902
2026-09-17 14:06:00,34.51,34.52,34.5,34.51,82700,2853576.9368
2026-09-17 14:07:00,34.51,34.51,34.5,34.5,32700,1128292.9634
2026-09-17 14:08:00,34.51,34.51,34.5,34.5,21400,738410.9768
2026-09-17 14:09:00,34.51,34.51,34.5,34.5,27400,945365.9851
2026-09-17 14:10:00,34.5,34.51,34.49,34.49,119400,4118891.074
2026-09-17 14:11:00,34.5,34.5,34.48,34.49,70022,2414996.877
2026-09-17 14:12:00,34.49,34.49,34.47,34.48,56400,1944794.0303
2026-09-17 14:13:00,34.49,34.49,34.48,34.49,32500,1120731.0288
2026-09-17 14:14:00,34.48,34.49,34.47,34.48,69200,2385965.0137
2026-09-17 14:15:00,34.48,34.49,34.48,34.48,29900,1031130.0366
2026-09-17 14:16:00,34.49,34.5,34.48,34.5,39300,1355472.0698
2026-09-17 14:17:00,34.49,34.5,34.48,34.48,63310,2183433.8987
2026-09-17 14:18:00,34.48,34.49,34.46,34.49,154090,5311710.2117
2026-09-17 14:19:00,34.49,34.49,34.48,34.49,41500,1431089.0352
2026-09-17 14:20:00,34.49,34.49,34.46,34.46,73400,2530386.0029
2026-09-17 14:21:00,34.47,34.47,34.46,34.47,92300,3181022.002
2026-09-17 14:22:00,34.47,34.48,34.45,34.45,64100,2209053.0011
2026-09-17 14:23:00,34.46,34.46,34.44,34.44,48800,1681240.9993
2026-09-17 14:24:00,34.45,34.45,34.44,34.45,23100,795666.9841
2026-09-17 14:25:00,34.44,34.45,34.42,34.43,125100,4307636.9368
2026-09-17 14:26:00,34.44,34.44,34.43,34.43,49400,1701010.969
2026-09-17 14:27:00,34.44,34.44,34.42,34.43,62900,2165713.9541
2026-09-17 14:28:00,34.43,34.43,34.39,34.43,137600,4735192.9204
2026-09-17 14:29:00,34.43,34.44,34.42,34.43,52800,1817904.9414
2026-09-17 14:30:00,34.44,34.44,34.41,34.43,76500,2633444.8938
2026-09-17 14:31:00,34.42,34.43,34.38,34.43,152500,5247624.8601
2026-09-17 14:32:00,34.43,34.45,34.42,34.44,150700,5189691.9104
2026-09-17 14:33:00,34.44,34.58,34.44,34.52,785406,27103157.5688
2026-09-17 14:34:00,34.53,34.59,34.5,34.51,284200,9817782.9912
2026-09-17 14:35:00,34.52,34.61,34.51,34.54,1054300,36437282.0288
2026-09-17 14:36:00,34.53,34.54,34.5,34.52,80100,2765360.9688
2026-09-17 14:37:00,34.53,34.56,34.52,34.53,58900,2034059.9951
2026-09-17 14:38:00,34.54,34.55,34.53,34.55,62400,2155331.0
2026-09-17 14:39:00,34.55,34.56,34.54,34.55,30500,1053784.0042
2026-09-17 14:40:00,34.55,34.56,34.54,34.55,168578,5823283.1285
2026-09-17 14:41:00,34.55,34.56,34.54,34.55,29600,1022673.0006
2026-09-17 14:42:00,34.55,34.56,34.54,34.56,54520,1883775.0212
2026-09-17 14:43:00,34.55,34.56,34.54,34.55,31700,1095248.0056
2026-09-17 14:44:00,34.55,34.56,34.54,34.55,49000,1692959.01
2026-09-17 14:45:00,34.55,34.56,34.54,34.56,48800,1686232.0234
2026-09-17 14:46:00,34.56,34.56,34.54,34.55,118600,4097660.0376
2026-09-17 14:47:00,34.56,34.56,34.55,34.56,56800,1962807.0627
2026-09-17 14:48:00,34.56,34.57,34.55,34.57,109300,3777332.1326
2026-09-17 14:49:00,34.57,34.66,34.55,34.59,972500,33674305.592
2026-09-17 14:50:00,34.59,34.62,34.59,34.59,74700,2584549.915
2026-09-17 14:51:00,34.6,34.6,34.57,34.58,127700,4416530.082
2026-09-17 14:52:00,34.57,34.59,34.56,34.56,118300,4089894.0684
2026-09-17 14:53:00,34.57,34.67,34.56,34.62,484700,16783244.8596
2026-09-17 14:54:00,34.62,34.65,34.61,34.61,97500,3376275.0173
2026-09-17 14:55:00,34.62,34.64,34.57,34.61,128900,4460735.95
2026-09-17 14:56:00,34.61,34.7,34.59,34.63,477536,16543349.9342
2026-09-17 14:57:00,34.67,34.69,34.59,34.6,243664,8442817.4075
2026-09-17 15:00:00,34.59,34.59,34.59,34.59,161400,5582826.0052
2026-09-18 09:31:00,34.3,34.47,34.2,34.29,1067373,36607396.2182
2026-09-18 09:32:00,34.32,34.34,34.24,34.3,338500,11602525.9399
2026-09-18 09:33:00,34.29,34.45,34.27,34.4,174580,5999043.0063
2026-09-18 09:34:00,34.4,34.52,34.39,34.5,261307,9003744.1162
2026-09-18 09:35:00,34.5,34.52,34.43,34.52,152800,5268331.0156
2026-09-18 09:36:00,34.51,34.53,34.42,34.44,163800,5648359.0017
2026-09-18 09:37:00,34.44,34.46,34.4,34.46,99700,3432403.9636
2026-09-18 09:38:00,34.47,34.5,34.38,34.4,133700,4602836.0017
2026-09-18 09:39:00,34.4,34.45,34.35,34.44,106300,3654958.0078
2026-09-18 09:40:00,34.43,34.46,34.37,34.42,180000,6195152.8518
2026-09-18 09:41:00,34.43,34.48,34.38,34.41,83000,2857063.9497
2026-09-18 09:42:00,34.41,34.45,34.4,34.42,37900,1304790.9629
2026-09-18 09:43:00,34.42,34.44,34.41,34.43,34600,1191310.9756
2026-09-18 09:44:00,34.42,34.49,34.42,34.48,59100,2036314.002
2026-09-18 09:45:00,34.48,34.5,34.43,34.5,89300,3077912.021
2026-09-18 09:46:00,34.51,34.51,34.45,34.46,71700,2472258.042
2026-09-18 09:47:00,34.46,34.51,34.46,34.51,82500,2845708.9954
2026-09-18 09:48:00,34.5,34.54,34.5,34.52,75000,2588758.9231
2026-09-18 09:49:00,34.5,34.5,34.45,34.48,102000,3516782.0574
2026-09-18 09:50:00,34.47,34.53,34.47,34.5,86500,2984822.95
2026-09-18 09:51:00,34.52,34.55,34.51,34.55,110300,3808871.9712
2026-09-18 09:52:00,34.55,34.55,34.5,34.53,121500,4194960.98
2026-09-18 09:53:00,34.54,34.57,34.5,34.54,74900,2586422.9868
2026-09-18 09:54:00,34.54,34.56,34.5,34.54,151100,5217591.9763
2026-09-18 09:55:00,34.52,34.55,34.5,34.54,51500,1777965.9602
2026-09-18 09:56:00,34.53,34.59,34.52,34.58,115400,3988018.0322
2026-09-18 09:57:00,34.58,34.6,34.57,34.6,123900,4285810.9976
2026-09-18 09:58:00,34.59,34.61,34.57,34.58,81100,2805267.9993
2026-09-18 09:59:00,34.58,34.6,34.55,34.59,114200,3948261.0933
2026-09-18 10:00:00,34.57,34.62,34.56,34.6,93700,3241741.9363
2026-09-18 10:01:00,34.59,34.6,34.54,34.55,58900,2035987.0105
2026-09-18 10:02:00,34.54,34.56,34.51,34.56,132100,4560874.8894
2026-09-18 10:03:00,34.54,34.59,34.54,34.56,34200,1182078.0264
2026-09-18 10:04:00,34.56,34.59,34.55,34.59,17300,597941.0098
2026-09-18 10:05:00,34.59,34.59,34.56,34.57,22100,764171.0229
2026-09-18 10:06:00,34.57,34.62,34.54,34.62,113100,3910976.9998
2026-09-18 10:07:00,34.62,34.63,34.57,34.61,45000,1557401.9951
2026-09-18 10:08:00,34.61,34.73,34.6,34.71,203800,7066585.9695
2026-09-18 10:09:00,34.73,34.86,34.73,34.86,242400,8432055.0015
2026-09-18 10:10:00,34.86,34.87,34.75,34.82,216300,7532913.0127
2026-09-18 10:11:00,34.85,34.9,34.82,34.86,146300,5102535.0139
2026-09-18 10:12:00,34.87,34.89,34.81,34.82,107800,3758120.9805
2026-09-18 10:13:00,34.82,34.86,34.81,34.83,146740,5111823.7705
2026-09-18 10:14:00,34.85,34.86,34.79,34.8,141200,4918537.9985
2026-09-18 10:15:00,34.8,34.87,34.8,34.83,99100,3451756.0176
2026-09-18 10:16:00,34.81,34.84,34.78,34.79,90220,3140691.6536
2026-09-18 10:17:00,34.78,34.85,34.77,34.82,130300,4536694.052
2026-09-18 10:18:00,34.82,34.92,34.81,34.9,184800,6444859.0032
2026-09-18 10:19:00,34.88,34.93,34.85,34.9,473900,16539757.948
2026-09-18 10:20:00,34.89,34.92,34.86,34.86,111400,3887502.0598
2026-09-18 10:21:00,34.86,34.9,34.8,34.85,187200,6527118.9561
2026-09-18 10:22:00,34.89,34.91,34.82,34.84,157900,5504251.9685
2026-09-18 10:23:00,34.84,34.89,34.8,34.86,228500,7964524.947
2026-09-18 10:24:00,34.84,34.9,34.83,34.85,127200,4435549.9968
2026-09-18 10:25:00,34.86,34.91,34.84,34.88,107000,3732721.0127
2026-09-18 10:26:00,34.87,34.94,34.85,34.91,275400,9611214.9214
2026-09-18 10:27:00,34.88,34.95,34.88,34.89,140200,4895063.988
2026-09-18 10:28:00,34.92,34.94,34.89,34.91,45600,1592330.9683
2026-09-18 10:29:00,34.93,34.94,34.88,34.92,87200,3043950.0007
2026-09-18 10:30:00,34.89,34.94,34.87,34.87,59700,2083157.2903
2026-09-18 10:31:00,34.88,34.93,34.87,34.93,45300,1580682.0081
2026-09-18 10:32:00,34.92,34.94,34.88,34.89,60300,2105304.9747
2026-09-18 10:33:00,34.88,34.95,34.88,34.91,137200,4790703.5966
2026-09-18 10:34:00,34.92,34.95,34.83,34.86,50900,1775625.9863
2026-09-18 10:35:00,34.86,34.89,34.84,34.85,19400,676224.9885
2026-09-18 10:36:00,34.85,34.85,34.82,34.83,32400,1128657.0085
2026-09-18 10:37:00,34.83,34.84,34.8,34.81,63000,2193422.0557
2026-09-18 10:38:00,34.8,34.81,34.78,34.8,77100,2682625.0059
2026-09-18 10:39:00,34.79,34.83,34.79,34.81,36800,1281000.0178
2026-09-18 10:40:00,34.81,34.81,34.76,34.78,54800,1906532.0039
2026-09-18 10:41:00,34.76,34.78,34.72,34.72,73710,2561067.196
2026-09-18 10:42:00,34.72,34.75,34.71,34.71,43190,1499710.5114
2026-09-18 10:43:00,34.72,34.73,34.71,34.71,22500,781239.0
2026-09-18 10:44:00,34.72,34.73,34.71,34.73,18300,635348.0
2026-09-18 10:45:00,34.73,34.73,34.7,34.73,52210,1812645.002
2026-09-18 10:46:00,34.73,34.73,34.71,34.72,16300,565973.0
2026-09-18 10:47:00,34.72,34.74,34.71,34.74,17200,597213.01
2026-09-18 10:48:00,34.72,34.74,34.72,34.73,16200,562653.0115
2026-09-18 10:49:00,34.73,34.74,34.7,34.74,51500,1787880.0042
2026-09-18 10:50:00,34.73,34.75,34.73,34.74,14500,503759.0229
2026-09-18 10:51:00,34.74,34.74,34.71,34.72,44800,1556046.0347
2026-09-18 10:52:00,34.73,34.74,34.73,34.74,6100,211886.0088
2026-09-18 10:53:00,34.74,34.77,34.73,34.74,23700,823435.0261
2026-09-18 10:54:00,34.73,34.8,34.72,34.8,41700,1449950.9814
2026-09-18 10:55:00,34.79,34.79,34.75,34.77,20700,719704.9883
2026-09-18 10:56:00,34.77,34.78,34.73,34.75,29200,1014767.9841
2026-09-18 10:57:00,34.74,34.78,34.74,34.78,14300,497055.0002
2026-09-18 10:58:00,34.78,34.84,34.77,34.83,53500,1862282.0203
2026-09-18 10:59:00,34.83,34.86,34.78,34.81,79200,2757586.0366
2026-09-18 11:00:00,34.81,34.83,34.78,34.8,30500,1061418.0146
2026-09-18 11:01:00,34.81,34.81,34.75,34.77,36500,1269096.9624
2026-09-18 11:02:00,34.76,34.77,34.73,34.76,36100,1254427.0146
2026-09-18 11:03:00,34.75,34.76,34.73,34.75,26400,917308.0085
2026-09-18 11:04:00,34.74,34.76,34.66,34.69,96100,3335814.8975
2026-09-18 11:05:00,34.69,34.73,34.68,34.72,40800,1415883.9855
2026-09-18 11:06:00,34.72,34.74,34.71,34.73,11100,385467.0012
2026-09-18 11:07:00,34.73,34.8,34.71,34.72,49400,1716273.0247
2026-09-18 11:08:00,34.72,34.73,34.7,34.73,16800,583327.002
2026-09-18 11:09:00,34.73,34.73,34.7,34.72,31500,1093478.0
2026-09-18 11:10:00,34.72,34.75,34.69,34.71,135600,4707938.0142
2026-09-18 11:11:00,34.72,34.72,34.7,34.7,17600,610899.002
2026-09-18 11:12:00,34.7,34.72,34.7,34.71,16600,576203.0
2026-09-18 11:13:00,34.71,34.73,34.7,34.73,24800,861037.002
2026-09-18 11:14:00,34.72,34.73,34.71,34.72,19400,673549.0039
2026-09-18 11:15:00,34.72,34.72,34.67,34.71,71700,2487823.9792
2026-09-18 11:16:00,34.69,34.72,34.66,34.67,153300,5316397.825
2026-09-18 11:17:00,34.67,34.71,34.63,34.66,70500,2442943.0015
2026-09-18 11:18:00,34.65,34.65,34.63,34.65,22900,793239.0168
2026-09-18 11:19:00,34.65,34.65,34.6,34.64,84400,2922216.0112
2026-09-18 11:20:00,34.65,34.65,34.62,34.63,20600,713432.002
2026-09-18 11:21:00,34.64,34.65,34.62,34.64,112300,3888153.0005
2026-09-18 11:22:00,34.63,34.64,34.62,34.62,28000,969538.0
2026-09-18 11:23:00,34.63,34.64,34.6,34.6,40200,1391769.9978
2026-09-18 11:24:00,34.6,34.61,34.57,34.59,164100,5677563.8008
2026-09-18 11:25:00,34.6,34.62,34.58,34.59,167600,5798516.8738
2026-09-18 11:26:00,34.58,34.6,34.58,34.58,78900,2729119.0132
2026-09-18 11:27:00,34.58,34.6,34.57,34.59,40300,1393700.0588
2026-09-18 11:28:00,34.58,34.65,34.57,34.63,99500,3443525.0571
2026-09-18 11:29:00,34.63,34.64,34.59,34.59,63100,2184282.9961
2026-09-18 11:30:00,34.59,34.6,34.57,34.6,156500,5411900.2815
2026-09-18 13:01:00,34.6,34.61,34.55,34.55,441200,15256935.4092
2026-09-18 13:02:00,34.55,34.58,34.52,34.56,103200,3565428.0374
2026-09-18 13:03:00,34.57,34.57,34.53,34.54,45600,1575534.0122
2026-09-18 13:04:00,34.54,34.54,34.52,34.53,84800,2928235.9746
2026-09-18 13:05:00,34.53,34.55,34.53,34.55,106100,3664577.9922
2026-09-18 13:06:00,34.54,34.65,34.54,34.62,159000,5500846.9663
2026-09-18 13:07:00,34.62,34.69,34.59,34.61,88000,3047851.0142
2026-09-18 13:08:00,34.6,34.64,34.57,34.6,95300,3298234.9641
2026-09-18 13:09:00,34.61,34.63,34.6,34.6,66900,2315271.9656
2026-09-18 13:10:00,34.61,34.62,34.56,34.6,58500,2023817.9487
2026-09-18 13:11:00,34.6,34.6,34.56,34.57,47300,1635528.0505
2026-09-18 13:12:00,34.57,34.62,34.53,34.56,89200,3084216.0693
2026-09-18 13:13:00,34.56,34.62,34.55,34.59,68700,2375486.0593
2026-09-18 13:14:00,34.59,34.59,34.56,34.56,42800,1479850.0366
2026-09-18 13:15:00,34.57,34.58,34.56,34.56,77000,2661730.0569
2026-09-18 13:16:00,34.58,34.58,34.56,34.56,95600,3305094.1113
2026-09-18 13:17:00,34.57,34.64,34.53,34.59,309300,10696055.1353
2026-09-18 13:18:00,34.58,34.65,34.58,34.59,148700,5145917.9866
2026-09-18 13:19:00,34.6,34.63,34.58,34.59,55500,1921226.9915
2026-09-18 13:20:00,34.6,34.6,34.58,34.59,37300,1290356.9839
2026-09-18 13:21:00,34.6,34.63,34.58,34.59,107000,3702633.9363
2026-09-18 13:22:00,34.62,34.66,34.59,34.66,81800,2831841.9766
2026-09-18 13:23:00,34.65,34.69,34.61,34.64,166900,5783428.0107
2026-09-18 13:24:00,34.65,34.66,34.61,34.63,70700,2449384.0315
2026-09-18 13:25:00,34.66,34.66,34.62,34.64,62200,2154382.0059
2026-09-18 13:26:00,34.64,34.64,34.62,34.63,75000,2597456.0
2026-09-18 13:27:00,34.63,34.63,34.6,34.61,64300,2225809.9871
2026-09-18 13:28:00,34.61,34.62,34.6,34.6,37700,1304691.9758
2026-09-18 13:29:00,34.61,34.62,34.6,34.61,75700,2619824.9548
2026-09-18 13:30:00,34.62,34.64,34.61,34.63,76600,2652054.0
2026-09-18 13:31:00,34.63,34.63,34.62,34.63,25700,889877.0
2026-09-18 13:32:00,34.63,34.68,34.62,34.64,64700,2241429.0264
2026-09-18 13:33:00,34.64,34.65,34.6,34.62,55600,1925106.9993
2026-09-18 13:34:00,34.62,34.64,34.62,34.64,57900,2004999.0
2026-09-18 13:35:00,34.64,34.66,34.63,34.64,63600,2203153.0183
2026-09-18 13:36:00,34.64,34.64,34.63,34.63,11700,405279.0
2026-09-18 13:37:00,34.64,34.65,34.64,34.64,51800,1794579.019
2026-09-18 13:38:00,34.65,34.65,34.63,34.63,61400,2127009.0366
2026-09-18 13:39:00,34.64,34.64,34.63,34.64,30800,1066743.0002
2026-09-18 13:40:00,34.64,34.65,34.62,34.63,76000,2632299.9976
2026-09-18 13:41:00,34.64,34.65,34.63,34.63,45400,1572631.0029
2026-09-18 13:42:00,34.64,34.65,34.63,34.63,18200,630390.0005
2026-09-18 13:43:00,34.63,34.7,34.63,34.69,164700,5709994.9861
2026-09-18 13:44:00,34.68,34.69,34.63,34.66,93300,3234017.8916
2026-09-18 13:45:00,34.67,34.68,34.66,34.66,37400,1296648.9541
2026-09-18 13:46:00,34.66,34.68,34.66,34.68,26300,911931.9573
2026-09-18 13:47:00,34.68,34.68,34.67,34.67,21700,752449.9741
2026-09-18 13:48:00,34.68,34.68,34.67,34.68,14100,488985.9995
2026-09-18 13:49:00,34.67,34.71,34.67,34.7,52100,1807143.9729
2026-09-18 13:50:00,34.7,34.71,34.68,34.68,57700,2002025.9817
2026-09-18 13:51:00,34.69,34.7,34.68,34.69,20500,711140.9697
2026-09-18 13:52:00,34.69,34.7,34.69,34.7,27500,954170.9893
2026-09-18 13:53:00,34.7,34.7,34.65,34.65,69300,2403517.928
2026-09-18 13:54:00,34.65,34.66,34.65,34.66,32400,1122901.0139
2026-09-18 13:55:00,34.66,34.66,34.64,34.66,50600,1753172.0347
2026-09-18 13:56:00,34.66,34.7,34.65,34.69,53800,1865095.9934
2026-09-18 13:57:00,34.67,34.68,34.66,34.68,34500,1196115.9131
2026-09-18 13:58:00,34.68,34.69,34.67,34.69,36800,1276346.9683
2026-09-18 13:59:00,34.69,34.7,34.68,34.69,29000,1006094.9858
2026-09-18 14:00:00,34.69,34.7,34.68,34.68,52600,1824860.967
2026-09-18 14:01:00,34.68,34.7,34.68,34.7,33500,1162053.9783
2026-09-18 14:02:00,34.7,34.71,34.69,34.69,54000,1873576.9651
2026-09-18 14:03:00,34.69,34.69,34.66,34.69,79900,2770383.9014
2026-09-18 14:04:00,34.68,34.69,34.63,34.64,93100,3226591.9829
2026-09-18 14:05:00,34.65,34.65,34.6,34.62,96700,3348273.9998
2026-09-18 14:06:00,34.62,34.63,34.62,34.63,42900,1485483.0
2026-09-18 14:07:00,34.62,34.68,34.62,34.68,74000,2564468.0044
2026-09-18 14:08:00,34.66,34.72,34.66,34.7,146600,5086322.9495
2026-09-18 14:09:00,34.7,34.72,34.7,34.7,47600,1651998.0
2026-09-18 14:10:00,34.7,34.72,34.7,34.71,35500,1232092.0
2026-09-18 14:11:00,34.71,34.72,34.7,34.71,38100,1322322.0
2026-09-18 14:12:00,34.71,34.71,34.7,34.71,35100,1218220.0
2026-09-18 14:13:00,34.71,34.71,34.67,34.7,72200,2505348.9888
2026-09-18 14:14:00,34.7,34.71,34.68,34.69,56700,1967327.9692
2026-09-18 14:15:00,34.69,34.7,34.69,34.7,42100,1460782.9875
2026-09-18 14:16:00,34.69,34.7,34.68,34.68,75800,2629463.9443
2026-09-18 14:17:00,34.69,34.69,34.67,34.67,41100,1425437.9888
2026-09-18 14:18:00,34.68,34.77,34.67,34.72,304250,10560225.4575
2026-09-18 14:19:00,34.72,34.73,34.71,34.72,50400,1750054.0039
2026-09-18 14:20:00,34.72,34.73,34.72,34.73,24900,864675.002
2026-09-18 14:21:00,34.72,34.73,34.71,34.72,54100,1878276.0059
2026-09-18 14:22:00,34.73,34.73,34.71,34.71,29800,1034761.0
2026-09-18 14:23:00,34.71,34.73,34.71,34.72,64400,2236218.0137
2026-09-18 14:24:00,34.73,34.73,34.71,34.71,52700,1829742.0059
2026-09-18 14:25:00,34.72,34.72,34.69,34.7,52000,1804693.9851
2026-09-18 14:26:00,34.7,34.7,34.68,34.69,49500,1717051.978
2026-09-18 14:27:00,34.68,34.7,34.68,34.69,46800,1623386.97
2026-09-18 14:28:00,34.68,34.69,34.67,34.69,62000,2150295.9719
2026-09-18 14:29:00,34.68,34.69,34.68,34.69,42100,1460343.9688
2026-09-18 14:30:00,34.68,34.69,34.67,34.67,56200,1948928.9739
2026-09-18 14:31:00,34.67,34.69,34.66,34.68,73600,2552131.9312
2026-09-18 14:32:00,34.67,34.68,34.66,34.67,63800,2212170.938
2026-09-18 14:33:00,34.67,34.68,34.64,34.65,58700,2034551.9841
2026-09-18 14:34:00,34.65,34.66,34.65,34.66,82800,2869486.063
2026-09-18 14:35:00,34.66,34.67,34.65,34.66,49600,1719139.9963
2026-09-18 14:36:00,34.66,34.68,34.64,34.64,107300,3718642.0522
2026-09-18 14:37:00,34.65,34.68,34.64,34.66,85600,2966683.0405
2026-09-18 14:38:00,34.66,34.68,34.66,34.67,51000,1768295.9502
2026-09-18 14:39:00,34.67,34.7,34.66,34.69,111500,3867071.9155
2026-09-18 14:40:00,34.7,34.72,34.68,34.7,124800,4330394.9502
2026-09-18 14:41:00,34.7,34.7,34.68,34.69,68600,2379870.9153
2026-09-18 14:42:00,34.69,34.7,34.67,34.68,61400,2129504.9458
2026-09-18 14:43:00,34.67,34.68,34.63,34.67,122700,4253104.9229
2026-09-18 14:44:00,34.66,34.68,34.66,34.68,67800,2350911.9148
2026-09-18 14:45:00,34.68,34.68,34.67,34.68,77600,2690986.9634
2026-09-18 14:46:00,34.67,34.69,34.66,34.67,85700,2971627.908
2026-09-18 14:47:00,34.66,34.69,34.66,34.68,112100,3887148.9089
2026-09-18 14:48:00,34.68,34.7,34.67,34.69,130200,4515410.9019
2026-09-18 14:49:00,34.69,34.7,34.67,34.69,81600,2830575.947
2026-09-18 14:50:00,34.7,34.71,34.67,34.7,117800,4086893.9202
2026-09-18 14:51:00,34.69,34.72,34.69,34.7,84200,2922086.9963
2026-09-18 14:52:00,34.71,34.72,34.67,34.7,132700,4605392.0002
2026-09-18 14:53:00,34.71,34.72,34.68,34.68,185600,6439208.9492
2026-09-18 14:54:00,34.69,34.7,34.66,34.67,99600,3454561.9153
2026-09-18 14:55:00,34.68,34.69,34.65,34.66,161100,5585192.8855
2026-09-18 14:56:00,34.67,34.73,34.64,34.67,164600,5708727.3704
2026-09-18 14:57:00,34.7,34.72,34.64,34.69,92728,3215041.8958
2026-09-18 15:00:00,34.65,34.65,34.65,34.65,937730,32492345.9556
2026-09-21 09:31:00,34.52,34.63,34.3,34.52,1051464,36234410.7364
2026-09-21 09:32:00,34.52,34.6,34.43,34.52,553900,19117130.887
2026-09-21 09:33:00,34.51,34.64,34.42,34.61,282200,9747672.9802
2026-09-21 09:34:00,34.57,34.65,34.54,34.63,210500,7285258.0833
2026-09-21 09:35:00,34.63,34.64,34.6,34.62,41300,1429514.9985
2026-09-21 09:36:00,34.48,34.58,34.48,34.56,58600,2024335.0176
2026-09-21 09:37:00,34.56,34.59,34.5,34.51,113100,3908591.0491
2026-09-21 09:38:00,34.5,34.6,34.5,34.58,225600,7792939.0278
2026-09-21 09:39:00,34.58,34.64,34.58,34.63,196500,6800229.7891
2026-09-21 09:40:00,34.62,34.65,34.59,34.6,169310,5861244.9355
2026-09-21 09:41:00,34.6,34.62,34.51,34.52,143300,4951455.9868
2026-09-21 09:42:00,34.52,34.55,34.49,34.49,295200,10188651.8174
2026-09-21 09:43:00,34.48,34.58,34.47,34.51,247000,8524672.9812
2026-09-21 09:44:00,34.49,34.57,34.48,34.57,106000,3658995.9229
2026-09-21 09:45:00,34.57,34.64,34.56,34.62,179300,6204852.9944
2026-09-21 09:46:00,34.61,34.65,34.55,34.6,301000,10415019.0273
2026-09-21 09:47:00,34.59,34.64,34.56,34.58,201300,6962341.0911
2026-09-21 09:48:00,34.58,34.62,34.54,34.55,169800,5872295.0754
2026-09-21 09:49:00,34.56,34.59,34.55,34.58,107700,3723053.0754
2026-09-21 09:50:00,34.58,34.59,34.5,34.59,176700,6103727.0134
2026-09-21 09:51:00,34.59,34.75,34.58,34.72,301540,10454405.2439
2026-09-21 09:52:00,34.72,34.73,34.62,34.65,267660,9287916.981
2026-09-21 09:53:00,34.65,34.69,34.61,34.68,194900,6752802.0728
2026-09-21 09:54:00,34.66,34.69,34.62,34.69,102200,3540904.0386
2026-09-21 09:55:00,34.69,34.74,34.67,34.7,171000,5935434.9741
2026-09-21 09:56:00,34.71,34.78,34.69,34.75,185300,6436782.9351
2026-09-21 09:57:00,34.75,34.76,34.72,34.75,115700,4019809.0637
2026-09-21 09:58:00,34.75,34.82,34.74,34.79,142900,4969215.9719
2026-09-21 09:59:00,34.79,34.83,34.77,34.8,160500,5584440.0227
2026-09-21 10:00:00,34.79,34.83,34.77,34.81,115600,4023084.0522
2026-09-21 10:01:00,34.81,34.81,34.78,34.8,70600,2457146.0249
2026-09-21 10:02:00,34.79,34.8,34.76,34.76,164800,5730537.9861
2026-09-21 10:03:00,34.76,34.82,34.74,34.81,186400,6483481.9319
2026-09-21 10:04:00,34.82,34.82,34.78,34.81,151100,5258305.0344
2026-09-21 10:05:00,34.8,34.81,34.72,34.73,160700,5586646.0244
2026-09-21 10:06:00,34.72,34.75,34.71,34.74,113300,3934270.0527
2026-09-21 10:07:00,34.75,34.79,34.71,34.75,152600,5300448.0886
2026-09-21 10:08:00,34.75,34.76,34.74,34.76,70500,2450339.9045
2026-09-21 10:09:00,34.76,34.82,34.75,34.77,110200,3831497.8853
2026-09-21 10:10:00,34.78,34.82,34.76,34.79,101400,3527597.0193
2026-09-21 10:11:00,34.79,34.81,34.76,34.77,102200,3554953.9893
2026-09-21 10:12:00,34.78,34.78,34.75,34.77,58200,2023603.988
2026-09-21 10:13:00,34.77,34.81,34.76,34.79,82400,2866163.9934
2026-09-21 10:14:00,34.79,34.8,34.73,34.74,82500,2868771.1299
2026-09-21 10:15:00,34.74,34.77,34.74,34.75,69300,2408719.9736
2026-09-21 10:16:00,34.75,34.78,34.73,34.76,73400,2550606.0032
2026-09-21 10:17:00,34.77,34.79,34.75,34.79,81300,2827041.9299
2026-09-21 10:18:00,34.78,34.82,34.76,34.76,123700,4303821.0024
2026-09-21 10:19:00,34.76,34.76,34.68,34.68,172200,5977540.0417
2026-09-21 10:20:00,34.68,34.69,34.67,34.69,76500,2653177.9429
2026-09-21 10:21:00,34.68,34.68,34.61,34.64,152900,5296783.9827
2026-09-21 10:22:00,34.64,34.68,34.63,34.65,83500,2892916.0188
2026-09-21 10:23:00,34.65,34.68,34.64,34.68,67000,2322503.928
2026-09-21 10:24:00,34.68,34.68,34.66,34.67,76600,2655594.8628
2026-09-21 10:25:00,34.67,34.67,34.65,34.66,85700,2970403.9885
2026-09-21 10:26:00,34.66,34.73,34.65,34.7,104000,3608115.9524
2026-09-21 10:27:00,34.7,34.71,34.65,34.65,62500,2168047.9507
2026-09-21 10:28:00,34.66,34.72,34.64,34.7,90500,3138474.946
2026-09-21 10:29:00,34.69,34.75,34.68,34.73,59300,2058924.03
2026-09-21 10:30:00,34.73,34.78,34.71,34.77,89700,3115684.042
2026-09-21 10:31:00,34.76,34.79,34.75,34.78,60900,2117966.9734
2026-09-21 10:32:00,34.78,34.8,34.74,34.74,141400,4916837.9302
2026-09-21 10:33:00,34.73,34.74,34.72,34.73,42400,1472437.0068
2026-09-21 10:34:00,34.72,34.73,34.72,34.72,33400,1159729.0195
2026-09-21 10:35:00,34.72,34.73,34.69,34.71,157500,5465950.9912
2026-09-21 10:36:00,34.71,34.76,34.7,34.71,111800,3882017.0447
2026-09-21 10:37:00,34.71,34.79,34.7,34.78,93614,3252699.3646
2026-09-21 10:38:00,34.78,34.8,34.77,34.79,59600,2073586.0
2026-09-21 10:39:00,34.8,34.85,34.75,34.8,323100,11249586.2439
2026-09-21 10:40:00,34.8,34.81,34.77,34.8,88500,3079421.0227
2026-09-21 10:41:00,34.8,34.83,34.79,34.82,45800,1594250.0227
2026-09-21 10:42:00,34.82,34.85,34.82,34.83,60500,2107189.1041
2026-09-21 10:43:00,34.83,34.85,34.82,34.84,75600,2633669.0501
2026-09-21 10:44:00,34.84,34.85,34.82,34.84,68798,2396721.3866
2026-09-21 10:45:00,34.84,34.86,34.83,34.86,88900,3097622.0042
2026-09-21 10:46:00,34.85,34.85,34.83,34.84,70600,2459622.022
2026-09-21 10:47:00,34.84,34.86,34.83,34.83,68300,2379643.0137
2026-09-21 10:48:00,34.83,34.86,34.82,34.84,81700,2846358.0085
2026-09-21 10:49:00,34.84,34.84,34.82,34.83,48300,1682370.0891
2026-09-21 10:50:00,34.83,34.84,34.82,34.84,43600,1518607.0627
2026-09-21 10:51:00,34.84,34.84,34.82,34.82,36900,1285248.0679
2026-09-21 10:52:00,34.83,34.85,34.82,34.84,83500,2909232.0073
2026-09-21 10:53:00,34.84,34.84,34.82,34.84,60600,2110800.0627
2026-09-21 10:54:00,34.83,34.86,34.83,34.85,37600,1309977.0173
2026-09-21 10:55:00,34.85,34.86,34.84,34.85,33100,1153641.9607
2026-09-21 10:56:00,34.86,34.87,34.85,34.87,35900,1251412.9719
2026-09-21 10:57:00,34.86,34.87,34.85,34.85,60090,2094910.3966
2026-09-21 10:58:00,34.85,34.86,34.85,34.85,32400,1129223.9482
2026-09-21 10:59:00,34.86,34.88,34.85,34.87,44800,1561886.9937
2026-09-21 11:00:00,34.87,34.9,34.87,34.89,104000,3627982.0059
2026-09-21 11:01:00,34.89,34.9,34.86,34.87,74200,2588977.0278
2026-09-21 11:02:00,34.86,34.9,34.86,34.89,52400,1827704.0059
2026-09-21 11:03:00,34.9,34.91,34.88,34.9,33300,1161963.0229
2026-09-21 11:04:00,34.9,34.9,34.87,34.89,60230,2101194.1019
2026-09-21 11:05:00,34.88,34.89,34.87,34.88,49100,1712549.0
2026-09-21 11:06:00,34.87,34.9,34.86,34.89,81400,2839204.0229
2026-09-21 11:07:00,34.9,34.94,34.89,34.93,93600,3267774.9863
2026-09-21 11:08:00,34.93,34.94,34.9,34.9,84100,2936407.9604
2026-09-21 11:09:00,34.91,34.95,34.89,34.91,93200,3253077.0781
2026-09-21 11:10:00,34.91,34.94,34.91,34.93,34600,1208419.9668
2026-09-21 11:11:00,34.93,34.95,34.9,34.9,98100,3426739.9126
2026-09-21 11:12:00,34.91,34.94,34.91,34.93,42950,1499950.9597
2026-09-21 11:13:00,34.93,34.93,34.87,34.89,138300,4827047.0295
2026-09-21 11:14:00,34.88,34.92,34.88,34.89,60150,2098828.5205
2026-09-21 11:15:00,34.89,34.93,34.89,34.91,99500,3473468.967
2026-09-21 11:16:00,34.91,34.93,34.91,34.93,46700,1630566.9749
2026-09-21 11:17:00,34.93,34.95,34.92,34.93,60600,2117230.9524
2026-09-21 11:18:00,34.93,34.95,34.87,34.9,91300,3188199.0286
2026-09-21 11:19:00,34.9,34.91,34.9,34.9,29800,1040031.0503
2026-09-21 11:20:00,34.91,34.94,34.85,34.87,239300,8351955.9531
2026-09-21 11:21:00,34.9,34.94,34.89,34.94,40800,1424664.9875
2026-09-21 11:22:00,34.94,34.95,34.92,34.94,37800,1320811.9668
2026-09-21 11:23:00,34.94,34.96,34.93,34.95,64700,2261069.9707
2026-09-21 11:24:00,34.96,34.97,34.94,34.94,85800,2999038.9905
2026-09-21 11:25:00,34.95,34.97,34.94,34.96,58500,2044851.9863
2026-09-21 11:26:00,34.96,34.97,34.89,34.89,131000,4577302.9656
2026-09-21 11:27:00,34.89,34.96,34.89,34.9,81000,2828051.0208
2026-09-21 11:28:00,34.9,34.96,34.9,34.94,62800,2194263.9883
2026-09-21 11:29:00,34.93,34.96,34.93,34.94,82300,2876370.9741
2026-09-21 11:30:00,34.94,34.96,34.93,34.95,55200,1928753.9436
2026-09-21 13:01:00,34.94,34.97,34.92,34.92,191043,6677865.1485
2026-09-21 13:02:00,34.93,35.04,34.93,35.0,624936,21865935.5638
2026-09-21 13:03:00,35.0,35.0,34.93,34.95,211900,7410824.1211
2026-09-21 13:04:00,34.95,35.01,34.95,34.97,113900,3984652.0547
2026-09-21 13:05:00,34.99,35.02,34.93,34.94,97800,3419746.988
2026-09-21 13:06:00,34.95,34.95,34.89,34.92,167400,5844641.9783
2026-09-21 13:07:00,34.92,34.97,34.89,34.92,51100,1785024.9509
2026-09-21 13:08:00,34.92,34.95,34.9,34.91,54700,1910220.9272
2026-09-21 13:09:00,34.91,34.96,34.9,34.91,59500,2077266.0442
2026-09-21 13:10:00,34.91,34.91,34.88,34.88,67000,2337974.0483
2026-09-21 13:11:00,34.88,34.9,34.87,34.87,38400,1339317.0071
2026-09-21 13:12:00,34.87,34.89,34.87,34.87,40700,1419437.0
2026-09-21 13:13:00,34.88,34.88,34.84,34.87,75400,2628472.9646
2026-09-21 13:14:00,34.86,34.88,34.86,34.86,29700,1035580.0
2026-09-21 13:15:00,34.87,34.89,34.84,34.89,73300,2555320.9756
2026-09-21 13:16:00,34.89,34.95,34.89,34.91,59700,2084507.9944
2026-09-21 13:17:00,34.91,34.96,34.9,34.95,48600,1697511.958
2026-09-21 13:18:00,34.94,34.95,34.9,34.91,71300,2490939.959
2026-09-21 13:19:00,34.9,34.93,34.88,34.9,81700,2851841.0039
2026-09-21 13:20:00,34.89,34.9,34.88,34.89,25800,900188.0132
2026-09-21 13:21:00,34.88,34.9,34.86,34.87,146100,5095387.001
2026-09-21 13:22:00,34.88,34.88,34.85,34.87,81500,2841032.9238
2026-09-21 13:23:00,34.87,34.88,34.85,34.87,49100,1711636.9583
2026-09-21 13:24:00,34.86,34.89,34.86,34.87,39600,1381006.0
2026-09-21 13:25:00,34.87,34.87,34.85,34.87,34800,1213093.9861
2026-09-21 13:26:00,34.86,34.89,34.85,34.89,62300,2172273.9829
2026-09-21 13:27:00,34.88,34.93,34.88,34.89,22100,771236.0164
2026-09-21 13:28:00,34.89,34.9,34.89,34.89,31100,1085156.012
2026-09-21 13:29:00,34.88,34.9,34.87,34.89,27200,948983.0063
2026-09-21 13:30:00,34.9,34.94,34.86,34.87,60200,2100750.0266
2026-09-21 13:31:00,34.88,34.92,34.87,34.91,29800,1039911.0066
2026-09-21 13:32:00,34.9,34.94,34.89,34.93,58200,2032010.9929
2026-09-21 13:33:00,34.93,34.94,34.92,34.94,52800,1844477.9702
2026-09-21 13:34:00,34.94,34.97,34.94,34.95,67500,2359369.988
2026-09-21 13:35:00,34.95,34.97,34.93,34.94,53520,1870380.5593
2026-09-21 13:36:00,34.95,34.95,34.87,34.87,84380,2946319.3661
2026-09-21 13:37:00,34.87,34.89,34.84,34.86,124700,4346451.9172
2026-09-21 13:38:00,34.86,34.92,34.85,34.85,55400,1931431.9834
2026-09-21 13:39:00,34.85,34.86,34.83,34.83,57100,1989552.0046
2026-09-21 13:40:00,34.84,34.88,34.84,34.86,35900,1251235.9741
2026-09-21 13:41:00,34.86,34.87,34.84,34.85,57200,1993491.9697
2026-09-21 13:42:00,34.85,34.88,34.82,34.86,112600,3923015.0229
2026-09-21 13:43:00,34.85,34.85,34.8,34.82,117200,4080837.0554
2026-09-21 13:44:00,34.81,34.82,34.8,34.81,100400,3494779.1013
2026-09-21 13:45:00,34.8,34.82,34.77,34.82,87300,3038021.0156
2026-09-21 13:46:00,34.82,34.87,34.81,34.84,48900,1703287.0112
2026-09-21 13:47:00,34.83,34.84,34.8,34.83,46700,1626215.0459
2026-09-21 13:48:00,34.83,34.83,34.8,34.82,32200,1121287.0459
2026-09-21 13:49:00,34.82,34.83,34.82,34.83,29100,1013525.0586
2026-09-21 13:50:00,34.83,34.85,34.82,34.84,29000,1010265.0083
2026-09-21 13:51:00,34.84,34.84,34.81,34.84,36400,1267794.0498
2026-09-21 13:52:00,34.84,34.87,34.83,34.87,39300,1369451.9858
2026-09-21 13:53:00,34.85,34.85,34.8,34.81,52300,1821009.0522
2026-09-21 13:54:00,34.81,34.88,34.81,34.86,36800,1281962.0313
2026-09-21 13:55:00,34.86,34.89,34.85,34.88,47800,1666558.9729
2026-09-21 13:56:00,34.88,34.88,34.84,34.86,73100,2548529.9963
2026-09-21 13:57:00,34.86,34.87,34.84,34.86,51000,1777932.979
2026-09-21 13:58:00,34.87,34.88,34.86,34.87,38400,1339041.0
2026-09-21 13:59:00,34.87,34.91,34.86,34.87,94900,3309494.0046
2026-09-21 14:00:00,34.86,34.88,34.85,34.86,41000,1429404.9932
2026-09-21 14:01:00,34.87,34.87,34.84,34.87,56300,1962371.9614
2026-09-21 14:02:00,34.87,34.87,34.83,34.84,68000,2369495.0132
2026-09-21 14:03:00,34.84,34.85,34.84,34.85,43400,1512286.9619
2026-09-21 14:04:00,34.85,34.88,34.84,34.87,112800,3931940.9238
2026-09-21 14:05:00,34.86,34.88,34.85,34.87,129100,4500624.9585
2026-09-21 14:06:00,34.86,34.92,34.86,34.89,156900,5473809.0132
2026-09-21 14:07:00,34.89,34.93,34.88,34.91,87100,3040343.0142
2026-09-21 14:08:00,34.91,34.92,34.9,34.9,46700,1630199.0107
2026-09-21 14:09:00,34.9,34.92,34.88,34.89,65400,2282585.0359
2026-09-21 14:10:00,34.89,34.91,34.88,34.89,42800,1493297.0083
2026-09-21 14:11:00,34.89,34.9,34.88,34.88,24610,858539.802
2026-09-21 14:12:00,34.88,34.92,34.88,34.89,49100,1713326.0212
2026-09-21 14:13:00,34.89,34.9,34.88,34.89,32200,1123450.0112
2026-09-21 14:14:00,34.89,34.93,34.88,34.91,69200,2415019.0203
2026-09-21 14:15:00,34.9,34.91,34.88,34.89,38300,1336374.0171
2026-09-21 14:16:00,34.9,34.91,34.88,34.89,63100,2201572.0125
2026-09-21 14:17:00,34.89,34.93,34.84,34.92,279900,9761806.9353
2026-09-21 14:18:00,34.9,34.95,34.88,34.92,112700,3934915.9521
2026-09-21 14:19:00,34.91,34.92,34.89,34.9,44800,1563743.0303
2026-09-21 14:20:00,34.9,34.93,34.88,34.9,69100,2411904.0298
2026-09-21 14:21:00,34.9,34.91,34.85,34.86,64000,2232019.0056
2026-09-21 14:22:00,34.86,34.86,34.83,34.83,83000,2892285.9951
2026-09-21 14:23:00,34.83,34.84,34.81,34.84,59000,2054896.0369
2026-09-21 14:24:00,34.85,34.85,34.83,34.84,32300,1125391.9897
2026-09-21 14:25:00,34.84,34.85,34.83,34.84,34100,1188218.9817
2026-09-21 14:26:00,34.85,34.88,34.85,34.87,52100,1816239.9771
2026-09-21 14:27:00,34.87,34.89,34.86,34.87,36400,1269284.0
2026-09-21 14:28:00,34.87,34.9,34.86,34.87,40900,1426313.0039
2026-09-21 14:29:00,34.87,34.91,34.86,34.87,61600,2148441.3804
2026-09-21 14:30:00,34.87,34.89,34.86,34.86,37800,1318136.0
2026-09-21 14:31:00,34.86,34.88,34.84,34.84,69400,2418936.9763
2026-09-21 14:32:00,34.83,34.85,34.83,34.84,85100,2964704.0479
2026-09-21 14:33:00,34.83,34.85,34.83,34.85,35500,1236977.9812
2026-09-21 14:34:00,34.85,34.85,34.83,34.85,91900,3201717.0286
2026-09-21 14:35:00,34.85,34.86,34.81,34.84,105200,3664932.0181
2026-09-21 14:36:00,34.83,34.88,34.81,34.84,72500,2526298.9939
2026-09-21 14:37:00,34.84,34.87,34.84,34.85,70000,2439538.9238
2026-09-21 14:38:00,34.85,34.85,34.82,34.83,90100,3139076.0212
2026-09-21 14:39:00,34.84,34.87,34.83,34.84,72500,2526256.9631
2026-09-21 14:40:00,34.84,34.85,34.81,34.82,128700,4482125.0671
2026-09-21 14:41:00,34.83,34.84,34.82,34.83,74700,2601705.1523
2026-09-21 14:42:00,34.83,34.84,34.82,34.82,96100,3347378.1448
2026-09-21 14:43:00,34.83,34.85,34.82,34.84,130800,4555910.1577
2026-09-21 14:44:00,34.84,34.87,34.83,34.86,79600,2773738.9849
2026-09-21 14:45:00,34.86,34.88,34.85,34.88,90300,3148969.0
2026-09-21 14:46:00,34.87,34.88,34.84,34.85,153700,5359232.9678
2026-09-21 14:47:00,34.86,34.86,34.84,34.85,110500,3850803.8513
2026-09-21 14:48:00,34.85,34.87,34.84,34.86,104600,3645859.9507
2026-09-21 14:49:00,34.86,34.86,34.83,34.84,110000,3833454.8782
2026-09-21 14:50:00,34.84,34.86,34.84,34.85,75600,2634692.9038
2026-09-21 14:51:00,34.86,34.88,34.85,34.86,95900,3343274.9971
2026-09-21 14:52:00,34.86,34.87,34.85,34.87,59100,2060313.9878
2026-09-21 14:53:00,34.87,34.9,34.86,34.88,104800,3655151.0085
2026-09-21 14:54:00,34.88,34.89,34.87,34.88,151700,5291733.0078
2026-09-21 14:55:00,34.89,34.9,34.87,34.87,137300,4788924.0083
2026-09-21 14:56:00,34.87,34.9,34.86,34.9,82344,2872020.286
2026-09-21 14:57:00,34.89,34.91,34.87,34.9,93000,3244742.026
2026-09-21 15:00:00,34.89,34.89,34.89,34.89,195000,6803550.0
2026-09-22 09:31:00,34.72,34.89,34.56,34.57,995100,34487470.1704
2026-09-22 09:32:00,34.57,34.66,34.55,34.58,262400,9077438.0947
2026-09-22 09:33:00,34.58,34.58,34.42,34.44,470000,16212779.9644
2026-09-22 09:34:00,34.44,34.48,34.35,34.38,332000,11418922.0576
2026-09-22 09:35:00,34.36,34.41,34.33,34.39,422000,14505123.9504
2026-09-22 09:36:00,34.38,34.4,34.36,34.38,209200,7192409.0215
2026-09-22 09:37:00,34.38,34.42,34.37,34.39,188300,6477582.0532
2026-09-22 09:38:00,34.39,34.46,34.37,34.45,184300,6342070.9451
2026-09-22 09:39:00,34.45,34.45,34.39,34.43,127302,4381471.7781
2026-09-22 09:40:00,34.43,34.47,34.41,34.44,125800,4332371.9358
2026-09-22 09:41:00,34.45,34.48,34.39,34.4,246900,8497777.0728
2026-09-22 09:42:00,34.39,34.41,34.38,34.39,88800,3054030.0273
2026-09-22 09:43:00,34.39,34.4,34.33,34.37,314100,10792836.9414
2026-09-22 09:44:00,34.37,34.39,34.34,34.37,108400,3724666.9419
2026-09-22 09:45:00,34.38,34.38,34.36,34.38,60600,2082893.0039
2026-09-22 09:46:00,34.38,34.38,34.27,34.27,517100,17749328.1155
2026-09-22 09:47:00,34.27,34.3,34.27,34.28,233000,7987771.9805
2026-09-22 09:48:00,34.28,34.33,34.26,34.32,129800,4449917.9792
2026-09-22 09:49:00,34.33,34.36,34.31,34.33,206400,7087041.0859
2026-09-22 09:50:00,34.32,34.34,34.29,34.33,137000,4700913.1106
2026-09-22 09:51:00,34.31,34.42,34.31,34.4,97100,3337452.0417
2026-09-22 09:52:00,34.4,34.46,34.39,34.42,251400,8657088.9761
2026-09-22 09:53:00,34.41,34.51,34.39,34.42,165300,5695155.9612
2026-09-22 09:54:00,34.41,34.42,34.38,34.4,66200,2277726.0159
2026-09-22 09:55:00,34.41,34.45,34.39,34.4,157500,5422377.9573
2026-09-22 09:56:00,34.41,34.48,34.39,34.44,193000,6649402.0244
2026-09-22 09:57:00,34.43,34.45,34.4,34.45,93700,3225160.9155
2026-09-22 09:58:00,34.45,34.5,34.43,34.5,88400,3046032.0068
2026-09-22 09:59:00,34.5,34.52,34.48,34.51,97600,3368151.9619
2026-09-22 10:00:00,34.51,34.55,34.5,34.51,124600,4302643.9495
2026-09-22 10:01:00,34.51,34.55,34.5,34.5,63400,2189042.9834
2026-09-22 10:02:00,34.5,34.61,34.5,34.59,104700,3617849.0261
2026-09-22 10:03:00,34.61,34.62,34.58,34.58,50900,1761175.9851
2026-09-22 10:04:00,34.59,34.59,34.55,34.56,106485,3681608.8689
2026-09-22 10:05:00,34.56,34.59,34.54,34.58,79100,2734595.0718
2026-09-22 10:06:00,34.57,34.58,34.56,34.57,35900,1241174.0251
2026-09-22 10:07:00,34.57,34.61,34.5,34.51,153500,5305808.0781
2026-09-22 10:08:00,34.51,34.6,34.49,34.59,85300,2946514.998
2026-09-22 10:09:00,34.62,34.62,34.57,34.58,28300,978994.0015
2026-09-22 10:10:00,34.58,34.61,34.54,34.61,68400,2365639.0845
2026-09-22 10:11:00,34.6,34.62,34.6,34.62,55100,1907222.998
2026-09-22 10:12:00,34.61,34.64,34.61,34.64,44300,1533837.9844
2026-09-22 10:13:00,34.63,34.64,34.59,34.64,150900,5224682.9949
2026-09-22 10:14:00,34.64,34.67,34.64,34.67,115400,3999593.9905
2026-09-22 10:15:00,34.67,34.67,34.63,34.65,130100,4508936.0146
2026-09-22 10:16:00,34.65,34.65,34.6,34.61,112500,3895505.9993
2026-09-22 10:17:00,34.61,34.64,34.6,34.63,90700,3140023.9995
2026-09-22 10:18:00,34.63,34.63,34.6,34.6,93000,3218824.9854
2026-09-22 10:19:00,34.61,34.63,34.61,34.62,49000,1696510.0
2026-09-22 10:20:00,34.62,34.62,34.58,34.58,40800,1411683.9702
2026-09-22 10:21:00,34.58,34.62,34.58,34.6,56700,1961732.9744
2026-09-22 10:22:00,34.6,34.61,34.58,34.58,33900,1172784.99
2026-09-22 10:23:00,34.58,34.58,34.56,34.57,21900,757215.0276
2026-09-22 10:24:00,34.57,34.59,34.57,34.59,52200,1804885.0647
2026-09-22 10:25:00,34.59,34.59,34.51,34.53,72300,2497284.0051
2026-09-22 10:26:00,34.53,34.56,34.53,34.53,34900,1205572.0042
2026-09-22 10:27:00,34.53,34.54,34.5,34.51,34000,1173747.9753
2026-09-22 10:28:00,34.51,34.53,34.5,34.52,35300,1218454.9751
2026-09-22 10:29:00,34.53,34.53,34.51,34.51,25500,880140.9724
2026-09-22 10:30:00,34.51,34.53,34.51,34.52,44400,1532559.9688
2026-09-22 10:31:00,34.52,34.54,34.5,34.54,50800,1753654.9448
2026-09-22 10:32:00,34.55,34.56,34.52,34.56,52100,1799767.0127
2026-09-22 10:33:00,34.56,34.56,34.53,34.54,31100,1074299.0024
2026-09-22 10:34:00,34.55,34.57,34.54,34.56,59400,2052742.0547
2026-09-22 10:35:00,34.56,34.56,34.54,34.55,35300,1219716.0173
2026-09-22 10:36:00,34.55,34.56,34.52,34.54,16000,552533.0012
2026-09-22 10:37:00,34.54,34.54,34.52,34.52,15400,531741.0
2026-09-22 10:38:00,34.52,34.55,34.52,34.55,38000,1312198.998
2026-09-22 10:39:00,34.55,34.56,34.54,34.54,21200,732407.0002
2026-09-22 10:40:00,34.54,34.56,34.52,34.54,70400,2431522.0002
2026-09-22 10:41:00,34.54,34.56,34.52,34.53,42800,1478292.0007
2026-09-22 10:42:00,34.53,34.53,34.5,34.5,67700,2336031.9744
2026-09-22 10:43:00,34.51,34.51,34.47,34.48,39100,1348323.0081
2026-09-22 10:44:00,34.48,34.5,34.47,34.5,27900,961993.0051
2026-09-22 10:45:00,34.5,34.5,34.47,34.47,71400,2461929.0208
2026-09-22 10:46:00,34.48,34.48,34.45,34.45,61300,2112581.0
2026-09-22 10:47:00,34.46,34.47,34.45,34.46,34000,1171543.0
2026-09-22 10:48:00,34.46,34.48,34.45,34.45,90600,3122435.0
2026-09-22 10:49:00,34.45,34.47,34.4,34.45,116600,4015604.978
2026-09-22 10:50:00,34.47,34.49,34.42,34.48,153400,5284894.949
2026-09-22 10:51:00,34.48,34.54,34.48,34.5,140400,4844853.0122
2026-09-22 10:52:00,34.52,34.52,34.48,34.51,45900,1583421.0249
2026-09-22 10:53:00,34.52,34.52,34.49,34.5,11700,403678.998
2026-09-22 10:54:00,34.5,34.51,34.49,34.51,22200,765872.0066
2026-09-22 10:55:00,34.51,34.51,34.49,34.5,32000,1104080.9792
2026-09-22 10:56:00,34.5,34.52,34.48,34.48,75000,2587400.9946
2026-09-22 10:57:00,34.49,34.51,34.49,34.51,39900,1376634.9783
2026-09-22 10:58:00,34.51,34.53,34.5,34.52,24500,845581.9634
2026-09-22 10:59:00,34.53,34.54,34.52,34.52,21500,742395.0
2026-09-22 11:00:00,34.53,34.61,34.52,34.61,117100,4047779.0083
2026-09-22 11:01:00,34.61,34.65,34.6,34.62,113400,3926564.02
2026-09-22 11:02:00,34.63,34.64,34.61,34.62,88710,3071930.0995
2026-09-22 11:03:00,34.62,34.63,34.59,34.59,31790,1100155.8756
2026-09-22 11:04:00,34.59,34.61,34.57,34.57,83900,2903040.9854
2026-09-22 11:05:00,34.58,34.6,34.57,34.59,41200,1424759.042
2026-09-22 11:06:00,34.6,34.62,34.58,34.61,50210,1737501.0549
2026-09-22 11:07:00,34.61,34.62,34.6,34.6,41300,1429470.9954
2026-09-22 11:08:00,34.61,34.62,34.6,34.6,39800,1377462.9934
2026-09-22 11:09:00,34.61,34.61,34.55,34.57,69000,2385479.0518
2026-09-22 11:10:00,34.57,34.59,34.55,34.58,32700,1130163.0208
2026-09-22 11:11:00,34.59,34.61,34.57,34.59,44200,1528977.9973
2026-09-22 11:12:00,34.59,34.6,34.58,34.59,13200,456596.0005
2026-09-22 11:13:00,34.59,34.61,34.56,34.57,64400,2227787.9636
2026-09-22 11:14:00,34.57,34.58,34.55,34.57,30700,1061269.0132
2026-09-22 11:15:00,34.58,34.58,34.56,34.56,17900,618793.0264
2026-09-22 11:16:00,34.57,34.59,34.55,34.57,42700,1476022.0549
2026-09-22 11:17:00,34.58,34.59,34.56,34.57,20000,691533.0283
2026-09-22 11:18:00,34.58,34.59,34.55,34.56,163400,5646615.0872
2026-09-22 11:19:00,34.57,34.57,34.56,34.57,9900,342215.0054
2026-09-22 11:20:00,34.57,34.57,34.55,34.55,17900,618694.0186
2026-09-22 11:21:00,34.56,34.58,34.55,34.57,21300,736282.0222
2026-09-22 11:22:00,34.58,34.58,34.56,34.57,11200,387222.0112
2026-09-22 11:23:00,34.57,34.6,34.56,34.58,34000,1175750.0459
2026-09-22 11:24:00,34.59,34.6,34.57,34.6,68900,2382829.0996
2026-09-22 11:25:00,34.6,34.61,34.58,34.58,48800,1688069.0161
2026-09-22 11:26:00,34.59,34.59,34.57,34.58,20900,722682.0393
2026-09-22 11:27:00,34.58,34.59,34.57,34.58,34300,1186065.0596
2026-09-22 11:28:00,34.59,34.59,34.56,34.59,71500,2472421.1357
2026-09-22 11:29:00,34.58,34.59,34.56,34.57,53000,1832637.0742
2026-09-22 11:30:00,34.57,34.58,34.55,34.55,30000,1036980.0168
2026-09-22 13:01:00,34.57,34.61,34.51,34.59,174200,6022852.9731
2026-09-22 13:02:00,34.6,34.6,34.55,34.57,58700,2029796.0229
2026-09-22 13:03:00,34.57,34.64,34.55,34.64,72700,2515125.0168
2026-09-22 13:04:00,34.64,34.64,34.56,34.56,65800,2276971.0186
2026-09-22 13:05:00,34.58,34.58,34.55,34.56,16500,570212.0142
2026-09-22 13:06:00,34.56,34.59,34.53,34.53,48400,1672793.0132
2026-09-22 13:07:00,34.54,34.55,34.5,34.52,120100,4145580.8943
2026-09-22 13:08:00,34.53,34.54,34.52,34.53,16310,563179.202
2026-09-22 13:09:00,34.54,34.55,34.48,34.48,70590,2436360.7107
2026-09-22 13:10:00,34.48,34.52,34.48,34.5,27830,959987.7253
2026-09-22 13:11:00,34.51,34.52,34.5,34.51,21900,755679.9717
2026-09-22 13:12:00,34.51,34.52,34.5,34.51,7450,257093.9917
2026-09-22 13:13:00,34.51,34.52,34.51,34.52,13200,455575.9854
2026-09-22 13:14:00,34.53,34.57,34.53,34.54,56110,1938436.2987
2026-09-22 13:15:00,34.55,34.56,34.53,34.55,20100,694467.0061
2026-09-22 13:16:00,34.55,34.57,34.54,34.57,15500,535626.01
2026-09-22 13:17:00,34.57,34.58,34.56,34.57,15100,522004.0015
2026-09-22 13:18:00,34.58,34.59,34.5,34.51,146500,5060596.0356
2026-09-22 13:19:00,34.52,34.54,34.5,34.53,136400,4707554.9177
2026-09-22 13:20:00,34.54,34.55,34.52,34.54,27300,943047.9961
2026-09-22 13:21:00,34.55,34.56,34.54,34.56,19200,663410.0068
2026-09-22 13:22:00,34.56,34.57,34.53,34.53,21300,736049.0129
2026-09-22 13:23:00,34.54,34.54,34.52,34.53,10300,355669.998
2026-09-22 13:24:00,34.54,34.56,34.53,34.56,21900,756516.0051
2026-09-22 13:25:00,34.56,34.56,34.55,34.56,18000,622028.022
2026-09-22 13:26:00,34.56,34.6,34.55,34.58,58900,2036567.0435
2026-09-22 13:27:00,34.59,34.59,34.54,34.57,43800,1513980.0313
2026-09-22 13:28:00,34.58,34.6,34.57,34.59,25100,868137.0176
2026-09-22 13:29:00,34.59,34.62,34.58,34.61,45400,1570936.959
2026-09-22 13:30:00,34.62,34.63,34.6,34.61,32800,1135433.9993
2026-09-22 13:31:00,34.62,34.67,34.62,34.66,128200,4440977.0544
2026-09-22 13:32:00,34.65,34.67,34.64,34.66,39100,1355156.0022
2026-09-22 13:33:00,34.66,34.66,34.63,34.64,50500,1749679.0308
2026-09-22 13:34:00,34.64,34.67,34.64,34.66,56300,1951355.9858
2026-09-22 13:35:00,34.67,34.73,34.66,34.72,209900,7283646.9287
2026-09-22 13:36:00,34.72,34.78,34.71,34.76,129000,4482215.0183
2026-09-22 13:37:00,34.75,34.76,34.71,34.74,38400,1334013.0054
2026-09-22 13:38:00,34.73,34.74,34.71,34.71,27500,955157.0371
2026-09-22 13:39:00,34.71,34.72,34.67,34.68,22700,787722.9846
2026-09-22 13:40:00,34.69,34.71,34.68,34.71,31156,1080880.6218
2026-09-22 13:41:00,34.71,34.71,34.67,34.69,24444,847896.3373
2026-09-22 13:42:00,34.69,34.7,34.67,34.68,46600,1616437.9702
2026-09-22 13:43:00,34.68,34.69,34.67,34.68,33100,1147819.9717
2026-09-22 13:44:00,34.68,34.69,34.65,34.68,56300,1952118.9443
2026-09-22 13:45:00,34.68,34.68,34.65,34.66,56600,1962134.8994
2026-09-22 13:46:00,34.65,34.67,34.62,34.64,32000,1108394.9971
2026-09-22 13:47:00,34.64,34.65,34.63,34.65,28501,987236.6428
2026-09-22 13:48:00,34.65,34.65,34.63,34.63,26199,907443.3582
2026-09-22 13:49:00,34.64,34.64,34.62,34.63,21700,751533.0
2026-09-22 13:50:00,34.63,34.66,34.62,34.64,49900,1728605.0222
2026-09-22 13:51:00,34.65,34.67,34.65,34.65,19200,665417.0042
2026-09-22 13:52:00,34.66,34.66,34.64,34.64,14900,516320.0134
2026-09-22 13:53:00,34.65,34.66,34.64,34.65,20500,710338.0222
2026-09-22 13:54:00,34.65,34.66,34.64,34.66,19400,672220.0229
2026-09-22 13:55:00,34.66,34.67,34.65,34.66,19700,682749.009
2026-09-22 13:56:00,34.67,34.67,34.64,34.65,19700,682707.0117
2026-09-22 13:57:00,34.64,34.68,34.64,34.66,40000,1386199.0229
2026-09-22 13:58:00,34.66,34.69,34.66,34.67,27800,963953.9712
2026-09-22 13:59:00,34.68,34.7,34.67,34.69,40200,1394470.957
2026-09-22 14:00:00,34.7,34.75,34.69,34.73,69400,2409869.0405
2026-09-22 14:01:00,34.73,34.74,34.69,34.73,79600,2763291.0137
2026-09-22 14:02:00,34.73,34.73,34.69,34.71,54000,1874188.9983
2026-09-22 14:03:00,34.71,34.72,34.7,34.71,49100,1704271.0059
2026-09-22 14:04:00,34.71,34.72,34.7,34.71,59600,2068480.0
2026-09-22 14:05:00,34.7,34.72,34.67,34.69,154500,5360400.9849
2026-09-22 14:06:00,34.69,34.69,34.65,34.68,58900,2042146.9678
2026-09-22 14:07:00,34.68,34.71,34.67,34.69,60400,2095004.9294
2026-09-22 14:08:00,34.69,34.71,34.68,34.7,56900,1974182.9885
2026-09-22 14:09:00,34.7,34.75,34.7,34.75,61500,2135533.0337
2026-09-22 14:10:00,34.74,34.75,34.74,34.75,40600,1410584.04
2026-09-22 14:11:00,34.74,34.76,34.73,34.74,85600,2974279.0481
2026-09-22 14:12:00,34.74,34.75,34.73,34.74,60200,2091454.5846
2026-09-22 14:13:00,34.74,34.76,34.72,34.74,35500,1233287.5942
2026-09-22 14:14:00,34.75,34.75,34.73,34.73,29100,1010916.0564
2026-09-22 14:15:00,34.73,34.74,34.73,34.73,23300,809330.0261
2026-09-22 14:16:00,34.73,34.75,34.73,34.75,63710,2213206.3782
2026-09-22 14:17:00,34.75,34.76,34.74,34.75,76600,2662077.9545
2026-09-22 14:18:00,34.75,34.76,34.74,34.75,58200,2022445.0051
2026-09-22 14:19:00,34.75,34.76,34.74,34.75,59800,2078043.004
2026-09-22 14:20:00,34.74,34.75,34.74,34.74,20900,726185.0181
2026-09-22 14:21:00,34.74,34.75,34.74,34.74,53500,1858757.0708
2026-09-22 14:22:00,34.74,34.75,34.73,34.73,27200,944786.0256
2026-09-22 14:23:00,34.73,34.73,34.7,34.7,67900,2357003.0
2026-09-22 14:24:00,34.7,34.71,34.7,34.71,22100,766914.0
2026-09-22 14:25:00,34.7,34.8,34.69,34.72,314300,10928545.1016
2026-09-22 14:26:00,34.73,34.74,34.72,34.73,33800,1173738.0115
2026-09-22 14:27:00,34.73,34.74,34.72,34.73,35700,1239793.0056
2026-09-22 14:28:00,34.73,34.73,34.72,34.73,42600,1479339.002
2026-09-22 14:29:00,34.72,34.73,34.71,34.71,37900,1315847.0156
2026-09-22 14:30:00,34.72,34.73,34.71,34.72,69300,2406137.0078
2026-09-22 14:31:00,34.72,34.74,34.71,34.73,93100,3232862.001
2026-09-22 14:32:00,34.73,34.74,34.72,34.72,58000,2014324.0156
2026-09-22 14:33:00,34.72,34.76,34.72,34.75,130200,4523562.0542
2026-09-22 14:34:00,34.75,34.79,34.75,34.77,85400,2969550.9663
2026-09-22 14:35:00,34.77,34.78,34.76,34.77,103192,3588183.8514
2026-09-22 14:36:00,34.77,34.78,34.76,34.77,75100,2611043.9529
2026-09-22 14:37:00,34.76,34.77,34.76,34.76,38200,1327983.9595
2026-09-22 14:38:00,34.76,34.77,34.75,34.77,74700,2596734.8784
2026-09-22 14:39:00,34.76,34.77,34.73,34.76,53700,1866607.9229
2026-09-22 14:40:00,34.77,34.77,34.75,34.77,68700,2388114.8933
2026-09-22 14:41:00,34.77,34.77,34.75,34.77,96000,3337069.8901
2026-09-22 14:42:00,34.77,34.79,34.77,34.77,102600,3568189.9824
2026-09-22 14:43:00,34.77,34.78,34.77,34.78,92000,3198997.998
2026-09-22 14:44:00,34.77,34.78,34.76,34.76,61900,2152134.9775
2026-09-22 14:45:00,34.76,34.77,34.76,34.77,49600,1724203.9346
2026-09-22 14:46:00,34.76,34.77,34.76,34.76,71100,2471653.9082
2026-09-22 14:47:00,34.76,34.77,34.72,34.75,166100,5771733.9539
2026-09-22 14:48:00,34.75,34.76,34.68,34.69,167300,5808682.042
2026-09-22 14:49:00,34.72,34.74,34.68,34.68,282000,9786952.9697
2026-09-22 14:50:00,34.7,34.73,34.69,34.72,56200,1950707.0051
2026-09-22 14:51:00,34.73,34.75,34.71,34.73,73600,2555862.0271
2026-09-22 14:52:00,34.72,34.73,34.71,34.71,58800,2041384.0117
2026-09-22 14:53:00,34.71,34.72,34.7,34.71,79700,2766418.0
2026-09-22 14:54:00,34.71,34.72,34.69,34.71,90600,3144401.9963
2026-09-22 14:55:00,34.72,34.73,34.7,34.71,157508,5467451.6093
2026-09-22 14:56:00,34.71,34.73,34.7,34.72,129800,4506652.0161
2026-09-22 14:57:00,34.72,34.77,34.69,34.74,151200,5250801.0083
2026-09-22 15:00:00,34.72,34.72,34.72,34.72,140900,4892048.0723
