day,open,high,low,close,volume,amount
2026-09-09 13:53:00,1.205,1.205,1.203,1.203,4651200,5599783.9811
2026-09-09 13:54:00,1.204,1.204,1.203,1.204,1892100,2277217.8788
2026-09-09 13:55:00,1.204,1.205,1.204,1.205,11116800,13392882.2434
2026-09-09 13:56:00,1.205,1.206,1.205,1.205,15716800,18938994.9014
2026-09-09 13:57:00,1.206,1.206,1.205,1.205,5287200,6371288.2327
2026-09-09 13:58:00,1.206,1.208,1.206,1.207,12495100,15077224.864
2026-09-09 13:59:00,1.207,1.209,1.207,1.208,8742700,10561099.8178
2026-09-09 14:00:00,1.209,1.21,1.208,1.209,11657300,14093625.5787
2026-09-09 14:01:00,1.209,1.21,1.208,1.208,9475200,11449328.7992
2026-09-09 14:02:00,1.208,1.209,1.207,1.208,16613600,20068939.943
2026-09-09 14:03:00,1.208,1.208,1.207,1.207,11815500,14261309.8415
2026-09-09 14:04:00,1.208,1.208,1.207,1.207,817600,987321.5766
2026-09-09 14:05:00,1.208,1.208,1.207,1.208,6086200,7351788.4163
2026-09-09 14:06:00,1.208,1.208,1.207,1.207,25576000,30891822.196
2026-09-09 14:07:00,1.208,1.208,1.207,1.207,2597900,3135666.9775
2026-09-09 14:08:00,1.207,1.207,1.206,1.207,9003300,10866719.3312
2026-09-09 14:09:00,1.207,1.208,1.206,1.207,7894400,9528541.3151
2026-09-09 14:10:00,1.207,1.207,1.206,1.206,1687200,2034764.8571
2026-09-09 14:11:00,1.206,1.206,1.205,1.206,2076300,2503992.7582
2026-09-09 14:12:00,1.206,1.207,1.206,1.206,4355900,5253217.9051
2026-09-09 14:13:00,1.207,1.207,1.206,1.206,4229400,5100657.9383
2026-09-09 14:14:00,1.206,1.207,1.206,1.206,3044500,3671676.399
2026-09-09 14:15:00,1.206,1.207,1.206,1.207,7156000,8633490.5738
2026-09-09 14:16:00,1.208,1.208,1.207,1.207,6818300,8229688.9936
2026-09-09 14:17:00,1.207,1.207,1.206,1.206,3456500,4171993.5281
2026-09-09 14:18:00,1.207,1.207,1.206,1.206,5421100,6543262.736
2026-09-09 14:19:00,1.207,1.208,1.207,1.208,1665500,2010259.0638
2026-09-09 14:20:00,1.208,1.208,1.207,1.207,2193700,2647798.8327
2026-09-09 14:21:00,1.208,1.208,1.206,1.207,3856400,4654438.2231
2026-09-09 14:22:00,1.208,1.208,1.207,1.207,6268200,7565719.0114
2026-09-09 14:23:00,1.207,1.208,1.207,1.207,2453300,2961133.6899
2026-09-09 14:24:00,1.208,1.208,1.207,1.208,13731100,16586875.2274
2026-09-09 14:25:00,1.209,1.21,1.208,1.209,3435300,4153277.0905
2026-09-09 14:26:00,1.21,1.21,1.208,1.209,5179000,6261071.3033
2026-09-09 14:27:00,1.209,1.209,1.208,1.208,3484900,4209903.7948
2026-09-09 14:28:00,1.208,1.208,1.207,1.207,1622500,1959355.3641
2026-09-09 14:29:00,1.208,1.208,1.208,1.208,5371700,6489013.4114
2026-09-09 14:30:00,1.208,1.209,1.208,1.208,1671100,2018689.0448
2026-09-09 14:31:00,1.209,1.209,1.208,1.208,4089800,4940579.7424
2026-09-09 14:32:00,1.209,1.209,1.208,1.208,622800,752437.8693
2026-09-09 14:33:00,1.209,1.209,1.208,1.208,501900,606296.1773
2026-09-09 14:34:00,1.209,1.21,1.208,1.209,24393000,29501539.9664
2026-09-09 14:35:00,1.209,1.209,1.208,1.209,267100,322666.1882
2026-09-09 14:36:00,1.209,1.21,1.209,1.209,5365300,6486716.0146
2026-09-09 14:37:00,1.21,1.21,1.208,1.209,16523300,19976377.2299
2026-09-09 14:38:00,1.21,1.21,1.208,1.209,4864900,5881318.7523
2026-09-09 14:39:00,1.209,1.209,1.208,1.209,352600,425947.4929
2026-09-09 14:40:00,1.209,1.21,1.209,1.209,13631600,16480607.2087
2026-09-09 14:41:00,1.21,1.21,1.208,1.208,2456500,2969889.0926
2026-09-09 14:42:00,1.209,1.209,1.208,1.208,1010200,1220330.313
2026-09-09 14:43:00,1.209,1.209,1.207,1.208,7108200,8586177.3648
2026-09-09 14:44:00,1.208,1.208,1.207,1.208,1469800,1775047.0327
2026-09-09 14:45:00,1.208,1.208,1.207,1.208,444500,536524.7994
2026-09-09 14:46:00,1.208,1.208,1.207,1.207,153400,185186.1976
2026-09-09 14:47:00,1.208,1.208,1.207,1.208,214100,258478.1053
2026-09-09 14:48:00,1.208,1.208,1.207,1.207,230900,278726.2008
2026-09-09 14:49:00,1.208,1.208,1.207,1.207,17882100,21583696.6401
2026-09-09 14:50:00,1.207,1.208,1.207,1.208,10111500,12204582.24
2026-09-09 14:51:00,1.208,1.208,1.207,1.207,4845800,5848969.514
2026-09-09 14:52:00,1.208,1.208,1.207,1.208,11792200,14233212.4726
2026-09-09 14:53:00,1.208,1.208,1.207,1.208,334500,403776.502
2026-09-09 14:54:00,1.208,1.208,1.207,1.208,288200,347918.9997
2026-09-09 14:55:00,1.208,1.208,1.207,1.208,265400,320440.1929
2026-09-09 14:56:00,1.208,1.208,1.207,1.207,274400,331240.2994
2026-09-09 14:57:00,1.208,1.208,1.207,1.208,606200,732081.968
2026-09-09 15:00:00,1.208,1.208,1.208,1.208,927900,1120903.1345
2026-09-10 09:31:00,1.202,1.202,1.199,1.199,15806700,18973022.8702
2026-09-10 09:32:00,1.2,1.2,1.198,1.199,3482100,4174241.1646
2026-09-10 09:33:00,1.199,1.199,1.197,1.198,8299300,9943361.5497
2026-09-10 09:34:00,1.198,1.198,1.197,1.197,5483800,6566276.9424
2026-09-10 09:35:00,1.197,1.199,1.197,1.199,8169500,9785341.2855
2026-09-10 09:36:00,1.199,1.199,1.198,1.198,13365000,16017222.712
2026-09-10 09:37:00,1.198,1.198,1.197,1.198,5055400,6056277.1922
2026-09-10 09:38:00,1.198,1.199,1.197,1.199,13688300,16399054.0495
2026-09-10 09:39:00,1.199,1.199,1.198,1.199,2860400,3427089.6053
2026-09-10 09:40:00,1.199,1.201,1.198,1.201,15461100,18542837.9242
2026-09-10 09:41:00,1.201,1.202,1.2,1.201,15935400,19138396.055
2026-09-10 09:42:00,1.202,1.203,1.201,1.202,14204500,17073448.7049
2026-09-10 09:43:00,1.203,1.203,1.201,1.201,12008600,14434359.9355
2026-09-10 09:44:00,1.202,1.203,1.202,1.202,16806700,20201681.9947
2026-09-10 09:45:00,1.202,1.203,1.202,1.202,3692000,4437907.6496
2026-09-10 09:46:00,1.203,1.203,1.201,1.202,6443800,7745440.0725
2026-09-10 09:47:00,1.202,1.203,1.202,1.202,17948300,21573911.1157
2026-09-10 09:48:00,1.202,1.205,1.202,1.204,17289600,20791948.6362
2026-09-10 09:49:00,1.204,1.205,1.203,1.204,27770100,33430201.164
2026-09-10 09:50:00,1.205,1.206,1.205,1.205,7195300,8670343.7342
2026-09-10 09:51:00,1.206,1.206,1.205,1.205,21755200,26215195.234
2026-09-10 09:52:00,1.206,1.206,1.204,1.204,6529300,7867731.6826
2026-09-10 09:53:00,1.205,1.205,1.203,1.203,10832200,13041964.0584
2026-09-10 09:54:00,1.204,1.204,1.203,1.204,110100,132506.6943
2026-09-10 09:55:00,1.204,1.204,1.201,1.202,30022000,36103947.0555
2026-09-10 09:56:00,1.202,1.203,1.201,1.202,12545600,15079803.8816
2026-09-10 09:57:00,1.202,1.203,1.202,1.203,6145400,7387024.5773
2026-09-10 09:58:00,1.203,1.203,1.202,1.203,10354400,12446007.8291
2026-09-10 09:59:00,1.203,1.203,1.201,1.201,16934800,20344900.2508
2026-09-10 10:00:00,1.202,1.202,1.201,1.201,225900,271460.6967
2026-09-10 10:01:00,1.202,1.202,1.2,1.2,7401800,8889640.0924
2026-09-10 10:02:00,1.201,1.201,1.2,1.2,465200,558274.207
2026-09-10 10:03:00,1.201,1.201,1.199,1.2,16970900,20358319.007
2026-09-10 10:04:00,1.2,1.201,1.199,1.201,8630900,10357084.8644
2026-09-10 10:05:00,1.201,1.201,1.2,1.2,8049000,9658862.3312
2026-09-10 10:06:00,1.2,1.2,1.199,1.2,1204200,1445026.7084
2026-09-10 10:07:00,1.2,1.201,1.199,1.2,32204700,38660045.2282
2026-09-10 10:08:00,1.201,1.202,1.201,1.202,29039800,34876820.6156
2026-09-10 10:09:00,1.202,1.203,1.201,1.201,67557500,81200504.1567
2026-09-10 10:10:00,1.202,1.203,1.202,1.202,26063600,31328450.0678
2026-09-10 10:11:00,1.202,1.202,1.2,1.2,5873600,7054138.1446
2026-09-10 10:12:00,1.201,1.201,1.2,1.2,11976000,14371232.042
2026-09-10 10:13:00,1.201,1.201,1.199,1.2,18310900,21982975.1103
2026-09-10 10:14:00,1.201,1.202,1.2,1.201,6939800,8333645.1334
2026-09-10 10:15:00,1.202,1.202,1.2,1.202,19531900,23459963.1185
2026-09-10 10:16:00,1.203,1.203,1.202,1.203,22275000,26796808.1971
2026-09-10 10:17:00,1.203,1.203,1.202,1.202,15569500,18715322.085
2026-09-10 10:18:00,1.202,1.202,1.201,1.201,20555300,24686916.79
2026-09-10 10:19:00,1.201,1.202,1.201,1.201,13452500,16156452.3631
2026-09-10 10:20:00,1.201,1.201,1.201,1.201,19797300,23776557.1108
2026-09-10 10:21:00,1.201,1.202,1.201,1.202,4286200,5147727.9123
2026-09-10 10:22:00,1.202,1.202,1.202,1.202,58000,69715.9997
2026-09-10 10:23:00,1.202,1.203,1.202,1.203,14346700,17244735.2065
2026-09-10 10:24:00,1.203,1.203,1.201,1.202,13003100,15624729.6358
2026-09-10 10:25:00,1.202,1.202,1.202,1.202,32170600,38669061.959
2026-09-10 10:26:00,1.203,1.203,1.201,1.201,19580200,23524744.1206
2026-09-10 10:27:00,1.202,1.202,1.201,1.202,1409300,1693975.6103
2026-09-10 10:28:00,1.203,1.203,1.202,1.203,2913100,3501549.6825
2026-09-10 10:29:00,1.203,1.204,1.203,1.203,44387200,53397809.8558
2026-09-10 10:30:00,1.204,1.204,1.203,1.204,58995100,70971116.7796
2026-09-10 10:31:00,1.204,1.204,1.203,1.204,9149200,11015443.2172
2026-09-10 10:32:00,1.204,1.204,1.203,1.204,10733600,12912737.9194
2026-09-10 10:33:00,1.205,1.205,1.203,1.203,14206500,17095744.135
2026-09-10 10:34:00,1.203,1.204,1.203,1.203,19858400,23889655.6963
2026-09-10 10:35:00,1.203,1.203,1.202,1.203,16200,19487.7987
2026-09-10 10:36:00,1.203,1.203,1.202,1.203,59183700,71197975.5474
2026-09-10 10:37:00,1.204,1.205,1.204,1.205,3534300,4255317.2463
2026-09-10 10:38:00,1.205,1.205,1.204,1.205,19232000,23172180.5505
2026-09-10 10:39:00,1.205,1.208,1.205,1.207,70241900,84714801.6818
2026-09-10 10:40:00,1.208,1.208,1.206,1.206,35640800,43018382.3481
2026-09-10 10:41:00,1.207,1.207,1.205,1.207,35492400,42803628.889
2026-09-10 10:42:00,1.207,1.207,1.205,1.205,18867300,22753738.8074
2026-09-10 10:43:00,1.206,1.206,1.205,1.205,9868600,11891665.0718
2026-09-10 10:44:00,1.205,1.207,1.205,1.205,42031100,50683975.0221
2026-09-10 10:45:00,1.206,1.206,1.205,1.206,4991700,6019989.4295
2026-09-10 10:46:00,1.206,1.206,1.205,1.205,31996800,38562197.1133
2026-09-10 10:47:00,1.206,1.206,1.204,1.204,10075000,12140370.5096
2026-09-10 10:48:00,1.205,1.205,1.204,1.204,15634400,18823818.1561
2026-09-10 10:49:00,1.204,1.205,1.204,1.204,16020300,19288493.9222
2026-09-10 10:50:00,1.204,1.204,1.204,1.204,1077000,1296708.0063
2026-09-10 10:51:00,1.204,1.205,1.204,1.205,13624400,16403785.7449
2026-09-10 10:52:00,1.205,1.205,1.204,1.204,17240200,20757201.0417
2026-09-10 10:53:00,1.204,1.205,1.204,1.205,5909500,7115042.5748
2026-09-10 10:54:00,1.205,1.205,1.204,1.204,30290200,36469404.0763
2026-09-10 10:55:00,1.204,1.205,1.204,1.205,9546600,11494106.7717
2026-09-10 10:56:00,1.205,1.206,1.205,1.206,13536400,16311368.0693
2026-09-10 10:57:00,1.206,1.206,1.204,1.204,15369200,18512095.9057
2026-09-10 10:58:00,1.204,1.205,1.204,1.204,11230000,13520920.1704
2026-09-10 10:59:00,1.204,1.204,1.203,1.203,5110800,6148292.7639
2026-09-10 11:00:00,1.203,1.203,1.203,1.203,1900,2285.6999
2026-09-10 11:01:00,1.203,1.203,1.202,1.202,27000,32468.3997
2026-09-10 11:02:00,1.203,1.203,1.201,1.201,19597100,23555737.5228
2026-09-10 11:03:00,1.202,1.203,1.202,1.203,18071700,21722185.557
2026-09-10 11:04:00,1.202,1.202,1.201,1.202,12662400,15220203.8337
2026-09-10 11:05:00,1.202,1.203,1.202,1.203,6064300,7289288.8582
2026-09-10 11:06:00,1.203,1.203,1.202,1.203,3844100,4620610.449
2026-09-10 11:07:00,1.203,1.203,1.202,1.202,3365900,4045812.0912
2026-09-10 11:08:00,1.202,1.202,1.201,1.201,94400,113458.8047
2026-09-10 11:09:00,1.202,1.203,1.201,1.202,9722500,11686441.8381
2026-09-10 11:10:00,1.202,1.202,1.202,1.202,2775400,3336030.8547
2026-09-10 11:11:00,1.202,1.202,1.201,1.202,81700,98170.1013
2026-09-10 11:12:00,1.202,1.203,1.201,1.202,3335800,4009634.3155
2026-09-10 11:13:00,1.203,1.203,1.201,1.202,6717400,8072717.1168
2026-09-10 11:14:00,1.202,1.203,1.201,1.202,10465300,12579275.5875
2026-09-10 11:15:00,1.203,1.203,1.201,1.202,7071300,8493702.7001
2026-09-10 11:16:00,1.202,1.202,1.201,1.202,20091300,24146713.1469
2026-09-10 11:17:00,1.203,1.203,1.202,1.202,5467200,6571577.3382
2026-09-10 11:18:00,1.202,1.202,1.202,1.202,1009800,1213779.6142
2026-09-10 11:19:00,1.202,1.203,1.201,1.202,4329000,5203448.182
2026-09-10 11:20:00,1.203,1.203,1.202,1.202,7809700,9387265.8791
2026-09-10 11:21:00,1.202,1.202,1.201,1.201,5893600,7084094.8686
2026-09-10 11:22:00,1.202,1.202,1.201,1.201,31700,38103.1
2026-09-10 11:23:00,1.202,1.202,1.202,1.202,9310700,11191461.547
2026-09-10 11:24:00,1.202,1.202,1.201,1.201,5800500,6969403.6539
2026-09-10 11:25:00,1.201,1.201,1.201,1.201,5901500,7087701.3266
2026-09-10 11:26:00,1.202,1.202,1.201,1.202,2246700,2698394.1876
2026-09-10 11:27:00,1.202,1.202,1.201,1.201,4874300,5854034.3378
2026-09-10 11:28:00,1.201,1.202,1.201,1.202,3769500,4527170.6719
2026-09-10 11:29:00,1.202,1.202,1.202,1.202,19600,23559.2001
2026-09-10 11:30:00,1.202,1.202,1.201,1.201,3000,3603.5
2026-09-10 13:01:00,1.201,1.205,1.201,1.204,8607700,10361444.3589
2026-09-10 13:02:00,1.204,1.205,1.203,1.204,26386500,31753426.1025
2026-09-10 13:03:00,1.204,1.205,1.203,1.203,4785800,5762102.1683
2026-09-10 13:04:00,1.204,1.204,1.203,1.204,1011400,1217716.6996
2026-09-10 13:05:00,1.204,1.204,1.202,1.203,3453900,4155040.7958
2026-09-10 13:06:00,1.203,1.203,1.203,1.203,28073700,33772659.9749
2026-09-10 13:07:00,1.204,1.204,1.203,1.203,787500,948142.8937
2026-09-10 13:08:00,1.204,1.204,1.202,1.202,5193300,6247138.6887
2026-09-10 13:09:00,1.203,1.203,1.202,1.202,20601900,24763486.4738
2026-09-10 13:10:00,1.202,1.202,1.202,1.202,6636000,7976472.1031
2026-09-10 13:11:00,1.202,1.202,1.202,1.202,25700,30891.4001
2026-09-10 13:12:00,1.202,1.202,1.201,1.201,309800,372073.5989
2026-09-10 13:13:00,1.202,1.202,1.2,1.201,3453800,4148019.0017
2026-09-10 13:14:00,1.202,1.202,1.201,1.201,13843700,16626285.8254
2026-09-10 13:15:00,1.202,1.202,1.201,1.202,133800,160797.6
2026-09-10 13:16:00,1.202,1.202,1.201,1.201,4676800,5616837.2464
2026-09-10 13:17:00,1.201,1.201,1.2,1.201,345400,414813.7001
2026-09-10 13:18:00,1.201,1.201,1.201,1.201,5700,6845.7
2026-09-10 13:19:00,1.201,1.201,1.2,1.201,318800,382803.8003
2026-09-10 13:20:00,1.201,1.202,1.201,1.201,12741000,15302190.9389
2026-09-10 13:21:00,1.202,1.202,1.201,1.201,312000,374713.4032
2026-09-10 13:22:00,1.202,1.202,1.202,1.202,14000,16828.0001
2026-09-10 13:23:00,1.202,1.202,1.201,1.202,84700,101796.2996
2026-09-10 13:24:00,1.202,1.202,1.201,1.201,17129300,20572329.6876
2026-09-10 13:25:00,1.202,1.202,1.201,1.202,37300,44815.4004
2026-09-10 13:26:00,1.202,1.203,1.202,1.202,20751100,24942822.6781
2026-09-10 13:27:00,1.202,1.202,1.202,1.202,162300,195084.6
2026-09-10 13:28:00,1.202,1.202,1.199,1.2,12463400,14960006.2558
2026-09-10 13:29:00,1.2,1.2,1.199,1.199,263300,315815.8038
2026-09-10 13:30:00,1.2,1.2,1.199,1.2,65000,77987.7027
2026-09-10 13:31:00,1.2,1.2,1.199,1.2,14654400,17585248.1516
2026-09-10 13:32:00,1.201,1.201,1.2,1.201,1587000,1904431.5654
2026-09-10 13:33:00,1.201,1.201,1.2,1.201,25700,30856.4
2026-09-10 13:34:00,1.201,1.201,1.2,1.201,22400,26893.0997
2026-09-10 13:35:00,1.201,1.202,1.2,1.202,17696400,21267067.4297
2026-09-10 13:36:00,1.203,1.203,1.202,1.203,7819600,9400190.0202
2026-09-10 13:37:00,1.203,1.203,1.201,1.203,9793900,11772242.9807
2026-09-10 13:38:00,1.203,1.203,1.202,1.203,312500,375875.4945
2026-09-10 13:39:00,1.203,1.203,1.201,1.201,6726200,8082562.6794
2026-09-10 13:40:00,1.201,1.201,1.2,1.2,2952800,3544910.1447
2026-09-10 13:41:00,1.201,1.201,1.199,1.199,11295300,13551870.4425
2026-09-10 13:42:00,1.2,1.2,1.199,1.2,21402600,25683119.7609
2026-09-10 13:43:00,1.2,1.2,1.199,1.2,13915700,16698838.0063
2026-09-10 13:44:00,1.201,1.201,1.2,1.2,7436600,8923920.4856
2026-09-10 13:45:00,1.2,1.2,1.199,1.2,5365200,6438237.6821
2026-09-10 13:46:00,1.2,1.201,1.2,1.201,3577800,4295839.6479
2026-09-10 13:47:00,1.201,1.202,1.2,1.202,3641900,4373913.8086
2026-09-10 13:48:00,1.202,1.202,1.201,1.202,9462700,11364708.6881
2026-09-10 13:49:00,1.202,1.202,1.201,1.201,9994000,12002793.9879
2026-09-10 13:50:00,1.202,1.202,1.2,1.201,2871500,3448646.961
2026-09-10 13:51:00,1.202,1.202,1.201,1.201,3801700,4565885.2108
2026-09-10 13:52:00,1.201,1.201,1.2,1.2,20000,24009.101
2026-09-10 13:53:00,1.201,1.201,1.2,1.201,12800,15371.0995
2026-09-10 13:54:00,1.201,1.201,1.2,1.2,75500,90610.2999
2026-09-10 13:55:00,1.201,1.202,1.201,1.202,21808100,26204648.1085
2026-09-10 13:56:00,1.202,1.202,1.201,1.202,1990300,2390356.1406
2026-09-10 13:57:00,1.202,1.202,1.201,1.201,8254400,9913542.6497
2026-09-10 13:58:00,1.201,1.202,1.201,1.201,6221800,7472384.9118
2026-09-10 13:59:00,1.202,1.202,1.201,1.202,8243800,9909046.2437
2026-09-10 14:00:00,1.203,1.203,1.201,1.203,15638700,18797457.2122
2026-09-10 14:01:00,1.203,1.203,1.201,1.202,3387100,4071298.9492
2026-09-10 14:02:00,1.202,1.202,1.202,1.202,3890200,4676020.4458
2026-09-10 14:03:00,1.202,1.203,1.202,1.202,4624700,5559391.3996
2026-09-10 14:04:00,1.202,1.202,1.201,1.201,596300,716728.903
2026-09-10 14:05:00,1.202,1.202,1.201,1.201,4967400,5965847.4996
2026-09-10 14:06:00,1.202,1.202,1.201,1.201,11866800,14252027.6051
2026-09-10 14:07:00,1.202,1.202,1.201,1.201,2122600,2549242.9016
2026-09-10 14:08:00,1.201,1.202,1.2,1.202,8428000,10122021.9336
2026-09-10 14:09:00,1.202,1.202,1.201,1.201,11428300,13725388.3434
2026-09-10 14:10:00,1.201,1.201,1.201,1.201,34300,41194.2995
2026-09-10 14:11:00,1.201,1.202,1.201,1.201,9675000,11619675.814
2026-09-10 14:12:00,1.202,1.202,1.201,1.202,10388600,12476709.9062
2026-09-10 14:13:00,1.202,1.202,1.201,1.201,2535600,3045264.2
2026-09-10 14:14:00,1.202,1.202,1.201,1.201,206900,248508.8
2026-09-10 14:15:00,1.202,1.202,1.201,1.201,43100,51767.7996
2026-09-10 14:16:00,1.202,1.202,1.201,1.201,4292700,5155533.4772
2026-09-10 14:17:00,1.201,1.202,1.2,1.2,7990400,9596469.3526
2026-09-10 14:18:00,1.201,1.201,1.201,1.201,10743500,12902943.3904
2026-09-10 14:19:00,1.201,1.202,1.2,1.201,5230800,6282227.5564
2026-09-10 14:20:00,1.202,1.202,1.201,1.202,40900,49142.3989
2026-09-10 14:21:00,1.202,1.203,1.202,1.203,5683500,6831577.0569
2026-09-10 14:22:00,1.203,1.203,1.201,1.202,16922700,20340099.0071
2026-09-10 14:23:00,1.202,1.202,1.201,1.202,1531500,1840861.7078
2026-09-10 14:24:00,1.202,1.202,1.201,1.201,10036600,12058048.0672
2026-09-10 14:25:00,1.202,1.202,1.201,1.202,11716600,14081638.7501
2026-09-10 14:26:00,1.202,1.202,1.201,1.201,9171700,11017835.3695
2026-09-10 14:27:00,1.201,1.201,1.2,1.201,95700,114908.5974
2026-09-10 14:28:00,1.201,1.201,1.201,1.201,1900,2281.9
2026-09-10 14:29:00,1.201,1.201,1.2,1.2,42500,51032.5
2026-09-10 14:30:00,1.201,1.202,1.2,1.202,12920100,15513872.4308
2026-09-10 14:31:00,1.202,1.202,1.201,1.201,1184600,1422774.9718
2026-09-10 14:32:00,1.202,1.202,1.201,1.202,2061200,2477557.4548
2026-09-10 14:33:00,1.202,1.203,1.201,1.203,27981500,33633740.1759
2026-09-10 14:34:00,1.203,1.203,1.201,1.201,12450200,14965122.0162
2026-09-10 14:35:00,1.202,1.202,1.202,1.202,127300,153014.6
2026-09-10 14:36:00,1.202,1.202,1.201,1.202,37400,44927.5002
2026-09-10 14:37:00,1.202,1.202,1.201,1.202,45400,54556.5993
2026-09-10 14:38:00,1.202,1.202,1.201,1.202,1229300,1477608.098
2026-09-10 14:39:00,1.202,1.203,1.202,1.202,12817900,15407122.437
2026-09-10 14:40:00,1.203,1.203,1.202,1.203,6800,8177.8999
2026-09-10 14:41:00,1.203,1.203,1.201,1.203,37340900,44878858.5632
2026-09-10 14:42:00,1.203,1.203,1.201,1.202,23037800,27686501.0202
2026-09-10 14:43:00,1.202,1.202,1.201,1.202,6292800,7563869.5969
2026-09-10 14:44:00,1.202,1.202,1.202,1.202,1453000,1746506.0321
2026-09-10 14:45:00,1.202,1.202,1.201,1.202,3229400,3880986.8874
2026-09-10 14:46:00,1.202,1.202,1.201,1.202,56300,67664.4002
2026-09-10 14:47:00,1.202,1.202,1.201,1.201,8857000,10640009.1017
2026-09-10 14:48:00,1.202,1.202,1.201,1.202,7276700,8739365.4078
2026-09-10 14:49:00,1.202,1.202,1.201,1.201,3649600,4383556.6241
2026-09-10 14:50:00,1.202,1.202,1.2,1.201,7278400,8741296.2643
2026-09-10 14:51:00,1.201,1.201,1.2,1.2,496900,596519.6118
2026-09-10 14:52:00,1.201,1.201,1.2,1.2,4560000,5472140.7263
2026-09-10 14:53:00,1.201,1.201,1.2,1.201,488900,586777.0151
2026-09-10 14:54:00,1.201,1.201,1.2,1.201,1432100,1718616.1499
2026-09-10 14:55:00,1.201,1.201,1.2,1.201,180500,216775.5973
2026-09-10 14:56:00,1.201,1.201,1.2,1.201,449200,539266.0008
2026-09-10 14:57:00,1.201,1.201,1.2,1.2,571100,685453.2049
2026-09-10 15:00:00,1.2,1.2,1.2,1.2,1150100,1380120.0471
2026-09-11 09:31:00,1.193,1.193,1.186,1.187,42310500,50316304.6688
2026-09-11 09:32:00,1.188,1.189,1.186,1.187,10130000,12030350.5178
2026-09-11 09:33:00,1.188,1.189,1.187,1.188,6345800,7538705.2272
2026-09-11 09:34:00,1.188,1.189,1.187,1.188,4312900,5123063.8853
2026-09-11 09:35:00,1.188,1.188,1.186,1.186,17683400,20985531.4399
2026-09-11 09:36:00,1.186,1.186,1.183,1.184,20219200,23953648.2959
2026-09-11 09:37:00,1.184,1.184,1.182,1.183,14648600,17320500.4897
2026-09-11 09:38:00,1.183,1.183,1.182,1.182,11569300,13676392.532
2026-09-11 09:39:00,1.182,1.183,1.182,1.183,12876500,15229098.6321
2026-09-11 09:40:00,1.183,1.183,1.182,1.183,17439600,20615133.7851
2026-09-11 09:41:00,1.182,1.183,1.182,1.182,59154800,69921235.1812
2026-09-11 09:42:00,1.182,1.182,1.18,1.181,42325500,49986533.6233
2026-09-11 09:43:00,1.182,1.182,1.18,1.181,21478000,25365489.8214
2026-09-11 09:44:00,1.181,1.182,1.179,1.182,28411300,33530066.9767
2026-09-11 09:45:00,1.182,1.182,1.179,1.18,11562200,13647526.2066
2026-09-11 09:46:00,1.18,1.181,1.179,1.18,48392000,57102523.4675
2026-09-11 09:47:00,1.18,1.18,1.178,1.179,24570300,28964433.0202
2026-09-11 09:48:00,1.179,1.179,1.178,1.179,10915100,12859080.6888
2026-09-11 09:49:00,1.179,1.18,1.178,1.179,20093000,23679148.7256
2026-09-11 09:50:00,1.179,1.179,1.178,1.178,22297200,26267239.8559
2026-09-11 09:51:00,1.179,1.18,1.178,1.18,42303900,49852451.7207
2026-09-11 09:52:00,1.181,1.181,1.18,1.181,3456200,4079253.1227
2026-09-11 09:53:00,1.181,1.183,1.181,1.183,27854700,32918370.2021
2026-09-11 09:54:00,1.183,1.183,1.181,1.183,36271200,42872838.7692
2026-09-11 09:55:00,1.183,1.183,1.181,1.182,27050700,31983808.3665
2026-09-11 09:56:00,1.182,1.182,1.181,1.182,14208200,16794077.7849
2026-09-11 09:57:00,1.182,1.183,1.181,1.183,24293400,28714885.1972
2026-09-11 09:58:00,1.182,1.184,1.182,1.183,16405700,19405433.5705
2026-09-11 09:59:00,1.184,1.184,1.181,1.182,28885400,34157135.0686
2026-09-11 10:00:00,1.182,1.183,1.181,1.182,45979000,54347184.3363
2026-09-11 10:01:00,1.182,1.183,1.182,1.182,27374200,32356513.9314
2026-09-11 10:02:00,1.182,1.182,1.181,1.182,18086700,21360528.6768
2026-09-11 10:03:00,1.182,1.182,1.181,1.181,4275000,5049208.2797
2026-09-11 10:04:00,1.181,1.182,1.181,1.181,3551400,4194483.4942
2026-09-11 10:05:00,1.182,1.182,1.18,1.181,35548900,41978669.3449
2026-09-11 10:06:00,1.182,1.182,1.18,1.18,51806600,61148673.9055
2026-09-11 10:07:00,1.18,1.181,1.18,1.18,39179400,46232145.3485
2026-09-11 10:08:00,1.18,1.18,1.179,1.179,1415600,1669570.1892
2026-09-11 10:09:00,1.18,1.18,1.179,1.18,1486200,1753395.1499
2026-09-11 10:10:00,1.18,1.182,1.18,1.181,13881700,16390130.202
2026-09-11 10:11:00,1.181,1.181,1.179,1.18,10750100,12684844.7466
2026-09-11 10:12:00,1.18,1.18,1.178,1.179,16512800,19468638.4969
2026-09-11 10:13:00,1.179,1.179,1.178,1.179,268600,316670.4007
2026-09-11 10:14:00,1.179,1.179,1.178,1.179,463300,546107.0972
2026-09-11 10:15:00,1.179,1.179,1.177,1.178,23465800,27642704.2963
2026-09-11 10:16:00,1.179,1.179,1.178,1.178,3271900,3854634.1368
2026-09-11 10:17:00,1.179,1.179,1.177,1.178,2610200,3074625.6826
2026-09-11 10:18:00,1.178,1.178,1.177,1.178,1666900,1962288.375
2026-09-11 10:19:00,1.178,1.178,1.177,1.178,491300,578624.703
2026-09-11 10:20:00,1.178,1.178,1.176,1.177,44827300,52773440.4729
2026-09-11 10:21:00,1.178,1.179,1.177,1.179,10816700,12734802.2292
2026-09-11 10:22:00,1.179,1.18,1.178,1.179,30994200,36543926.8148
2026-09-11 10:23:00,1.179,1.179,1.178,1.179,17913600,21104841.7989
2026-09-11 10:24:00,1.179,1.179,1.177,1.178,13560300,15973895.361
2026-09-11 10:25:00,1.178,1.178,1.176,1.177,15926100,18743704.8741
2026-09-11 10:26:00,1.177,1.177,1.176,1.177,546400,643010.3225
2026-09-11 10:27:00,1.177,1.178,1.177,1.178,23080600,27165922.8043
2026-09-11 10:28:00,1.178,1.178,1.176,1.176,10160200,11958273.378
2026-09-11 10:29:00,1.177,1.177,1.176,1.177,1682800,1980605.0614
2026-09-11 10:30:00,1.177,1.177,1.176,1.176,11317300,13309485.4462
2026-09-11 10:31:00,1.176,1.176,1.175,1.176,16181600,19026038.0045
2026-09-11 10:32:00,1.176,1.176,1.175,1.176,5172400,6082551.5305
2026-09-11 10:33:00,1.176,1.177,1.176,1.177,14117000,16609849.6685
2026-09-11 10:34:00,1.177,1.177,1.176,1.177,2313300,2720701.7853
2026-09-11 10:35:00,1.177,1.177,1.175,1.176,29699800,34922020.4092
2026-09-11 10:36:00,1.176,1.176,1.174,1.174,27569600,32394277.1383
2026-09-11 10:37:00,1.175,1.176,1.174,1.175,13566300,15941552.4666
2026-09-11 10:38:00,1.175,1.175,1.174,1.175,1979100,2325385.6449
2026-09-11 10:39:00,1.175,1.176,1.174,1.176,68522900,80514554.4374
2026-09-11 10:40:00,1.175,1.175,1.174,1.175,4572200,5372326.2814
2026-09-11 10:41:00,1.175,1.175,1.174,1.174,20808200,24429056.4097
2026-09-11 10:42:00,1.174,1.174,1.173,1.174,13275000,15584166.2998
2026-09-11 10:43:00,1.174,1.174,1.173,1.174,6794200,7976240.4828
2026-09-11 10:44:00,1.174,1.174,1.172,1.173,31238300,36639483.6417
2026-09-11 10:45:00,1.174,1.174,1.173,1.174,4507600,5289807.6723
2026-09-11 10:46:00,1.174,1.175,1.174,1.175,16888400,19827183.7141
2026-09-11 10:47:00,1.175,1.176,1.175,1.175,38289800,44990837.8879
2026-09-11 10:48:00,1.175,1.175,1.174,1.175,10259100,12053764.6973
2026-09-11 10:49:00,1.175,1.176,1.174,1.176,19857504,23336403.3074
2026-09-11 10:50:00,1.176,1.177,1.176,1.177,17422800,20489715.4854
2026-09-11 10:51:00,1.177,1.177,1.175,1.176,18077300,21255695.3395
2026-09-11 10:52:00,1.176,1.176,1.175,1.176,5666200,6663346.4115
2026-09-11 10:53:00,1.177,1.177,1.175,1.175,11062100,13004237.5284
2026-09-11 10:54:00,1.175,1.176,1.175,1.175,13466300,15822909.6443
2026-09-11 10:55:00,1.175,1.175,1.174,1.174,4565200,5363086.372
2026-09-11 10:56:00,1.175,1.175,1.174,1.175,319100,374669.8034
2026-09-11 10:57:00,1.175,1.176,1.174,1.176,13592500,15971193.0753
2026-09-11 10:58:00,1.176,1.177,1.176,1.177,7208000,8477071.2077
2026-09-11 10:59:00,1.177,1.177,1.176,1.177,35007400,41170874.6565
2026-09-11 11:00:00,1.177,1.177,1.176,1.177,4373900,5143979.5567
2026-09-11 11:01:00,1.177,1.177,1.175,1.177,47612200,56017339.0834
2026-09-11 11:02:00,1.177,1.178,1.177,1.178,10020100,11793693.5901
2026-09-11 11:03:00,1.178,1.178,1.177,1.178,911400,1073607.1935
2026-09-11 11:04:00,1.177,1.178,1.177,1.178,17402500,20483074.1834
2026-09-11 11:05:00,1.178,1.178,1.177,1.178,4771600,5616630.7946
2026-09-11 11:06:00,1.178,1.179,1.177,1.177,11132200,13112500.2647
2026-09-11 11:07:00,1.177,1.177,1.176,1.177,346500,407825.5183
2026-09-11 11:08:00,1.177,1.177,1.175,1.176,33815800,39767361.829
2026-09-11 11:09:00,1.175,1.176,1.175,1.176,9874900,11612831.742
2026-09-11 11:10:00,1.176,1.177,1.175,1.176,44385200,52196975.0436
2026-09-11 11:11:00,1.176,1.177,1.176,1.177,19132600,22519050.2219
2026-09-11 11:12:00,1.177,1.177,1.175,1.175,13467200,15828730.229
2026-09-11 11:13:00,1.175,1.175,1.174,1.175,1986600,2334250.9593
2026-09-11 11:14:00,1.175,1.175,1.173,1.173,8013400,9407682.0761
2026-09-11 11:15:00,1.173,1.174,1.173,1.174,1881800,2207421.6705
2026-09-11 11:16:00,1.173,1.175,1.173,1.175,16319700,19159257.0773
2026-09-11 11:17:00,1.175,1.175,1.174,1.175,8575700,10070908.8379
2026-09-11 11:18:00,1.175,1.175,1.174,1.175,11208600,13166970.5347
2026-09-11 11:19:00,1.175,1.175,1.175,1.175,43956700,51649121.0702
2026-09-11 11:20:00,1.175,1.177,1.175,1.176,15691900,18445000.0429
2026-09-11 11:21:00,1.176,1.178,1.176,1.177,15103200,17775570.444
2026-09-11 11:22:00,1.177,1.177,1.175,1.175,8188300,9633136.5148
2026-09-11 11:23:00,1.174,1.175,1.174,1.175,1782900,2094632.4494
2026-09-11 11:24:00,1.175,1.177,1.175,1.176,17236500,20260813.5182
2026-09-11 11:25:00,1.176,1.177,1.176,1.176,16082700,18916279.4136
2026-09-11 11:26:00,1.176,1.177,1.176,1.177,14587300,17154742.9808
2026-09-11 11:27:00,1.177,1.178,1.177,1.177,10392200,12231620.7351
2026-09-11 11:28:00,1.177,1.177,1.176,1.177,10807900,12720886.5548
2026-09-11 11:29:00,1.178,1.178,1.176,1.176,5859200,6892449.2882
2026-09-11 11:30:00,1.176,1.177,1.175,1.176,2924400,3439096.9415
2026-09-11 13:01:00,1.176,1.18,1.175,1.179,6836200,8047375.7371
2026-09-11 13:02:00,1.179,1.18,1.178,1.179,4564200,5381188.4077
2026-09-11 13:03:00,1.178,1.179,1.178,1.179,4254400,5013281.8328
2026-09-11 13:04:00,1.179,1.18,1.179,1.179,10753100,12677913.4689
2026-09-11 13:05:00,1.18,1.18,1.178,1.178,7392300,8717962.8035
2026-09-11 13:06:00,1.178,1.18,1.178,1.18,5512200,6498633.8911
2026-09-11 13:07:00,1.18,1.181,1.179,1.179,11016600,12996460.9135
2026-09-11 13:08:00,1.179,1.179,1.178,1.179,3731600,4397865.0609
2026-09-11 13:09:00,1.179,1.18,1.178,1.179,30110100,35499795.4642
2026-09-11 13:10:00,1.179,1.18,1.179,1.18,4789100,5646563.9893
2026-09-11 13:11:00,1.18,1.18,1.179,1.179,1401600,1652634.2972
2026-09-11 13:12:00,1.179,1.18,1.179,1.18,72600,85661.294
2026-09-11 13:13:00,1.18,1.18,1.179,1.18,12382200,14610842.8575
2026-09-11 13:14:00,1.18,1.18,1.178,1.178,4644200,5475613.0658
2026-09-11 13:15:00,1.178,1.18,1.178,1.18,10317200,12162821.2014
2026-09-11 13:16:00,1.18,1.182,1.18,1.181,31290400,36952470.3923
2026-09-11 13:17:00,1.181,1.181,1.18,1.18,5457000,6440257.2005
2026-09-11 13:18:00,1.18,1.181,1.18,1.18,2147700,2536415.6003
2026-09-11 13:19:00,1.181,1.182,1.18,1.181,13923900,16438883.317
2026-09-11 13:20:00,1.181,1.182,1.181,1.182,5414100,6394177.6717
2026-09-11 13:21:00,1.181,1.182,1.18,1.181,8773700,10361748.4303
2026-09-11 13:22:00,1.181,1.181,1.18,1.18,11887500,14031077.2771
2026-09-11 13:23:00,1.179,1.18,1.179,1.18,1805100,2129728.5195
2026-09-11 13:24:00,1.18,1.181,1.18,1.181,6682100,7888988.4176
2026-09-11 13:25:00,1.181,1.182,1.181,1.181,10884300,12854369.3219
2026-09-11 13:26:00,1.18,1.181,1.18,1.181,11164300,13180012.7434
2026-09-11 13:27:00,1.181,1.182,1.18,1.182,19060500,22510448.7073
2026-09-11 13:28:00,1.181,1.182,1.181,1.181,9894800,11685773.5501
2026-09-11 13:29:00,1.181,1.182,1.18,1.181,11221700,13252826.9741
2026-09-11 13:30:00,1.181,1.182,1.18,1.181,13249600,15646780.1059
2026-09-11 13:31:00,1.181,1.182,1.18,1.182,2290200,2705132.33
2026-09-11 13:32:00,1.181,1.182,1.181,1.182,20248200,23933363.1501
2026-09-11 13:33:00,1.182,1.183,1.182,1.182,9565500,11310431.7126
2026-09-11 13:34:00,1.182,1.183,1.182,1.183,10418900,12315522.1199
2026-09-11 13:35:00,1.182,1.184,1.182,1.184,9086100,10749226.3331
2026-09-11 13:36:00,1.184,1.184,1.183,1.184,21107600,24970353.0293
2026-09-11 13:37:00,1.184,1.185,1.184,1.184,22957200,27181343.5176
2026-09-11 13:38:00,1.185,1.187,1.184,1.186,20221200,23978907.8851
2026-09-11 13:39:00,1.186,1.187,1.185,1.185,11107400,13165690.8328
2026-09-11 13:40:00,1.185,1.186,1.184,1.185,6807100,8066423.8124
2026-09-11 13:41:00,1.184,1.186,1.184,1.186,9796600,11611571.6387
2026-09-11 13:42:00,1.185,1.186,1.185,1.186,5234600,6203075.3567
2026-09-11 13:43:00,1.186,1.186,1.184,1.184,1688000,1999449.3674
2026-09-11 13:44:00,1.184,1.184,1.183,1.184,7923800,9381338.9777
2026-09-11 13:45:00,1.184,1.186,1.184,1.185,1417200,1679367.224
2026-09-11 13:46:00,1.186,1.187,1.185,1.187,12834200,15221795.518
2026-09-11 13:47:00,1.187,1.188,1.186,1.187,2207700,2620918.4218
2026-09-11 13:48:00,1.188,1.19,1.188,1.189,30489300,36237044.9086
2026-09-11 13:49:00,1.189,1.189,1.187,1.189,11542000,13712569.0371
2026-09-11 13:50:00,1.189,1.189,1.188,1.188,1071600,1273218.6116
2026-09-11 13:51:00,1.188,1.188,1.187,1.187,2097100,2491231.7111
2026-09-11 13:52:00,1.187,1.188,1.187,1.188,1796500,2133939.4951
2026-09-11 13:53:00,1.188,1.188,1.187,1.188,6461400,7674697.8747
2026-09-11 13:54:00,1.188,1.19,1.188,1.19,7463800,8870364.1704
2026-09-11 13:55:00,1.19,1.19,1.188,1.188,7992700,9502675.1608
2026-09-11 13:56:00,1.188,1.188,1.187,1.188,5811800,6904367.514
2026-09-11 13:57:00,1.189,1.189,1.187,1.188,9930500,11797429.0439
2026-09-11 13:58:00,1.187,1.188,1.187,1.188,4055700,4816356.8425
2026-09-11 13:59:00,1.188,1.189,1.187,1.187,4532000,5384078.24
2026-09-11 14:00:00,1.187,1.187,1.186,1.187,2296800,2726053.8493
2026-09-11 14:01:00,1.187,1.187,1.185,1.186,2155000,2555599.3548
2026-09-11 14:02:00,1.186,1.186,1.184,1.184,18294600,21679208.7423
2026-09-11 14:03:00,1.185,1.187,1.185,1.187,16291000,19313076.6644
2026-09-11 14:04:00,1.187,1.189,1.187,1.188,6097800,7242912.4443
2026-09-11 14:05:00,1.188,1.188,1.187,1.187,5063600,6010517.4722
2026-09-11 14:06:00,1.187,1.187,1.186,1.186,2093700,2483181.1128
2026-09-11 14:07:00,1.185,1.186,1.185,1.185,2927900,3472145.0483
2026-09-11 14:08:00,1.186,1.187,1.185,1.186,3060000,3629241.9249
2026-09-11 14:09:00,1.186,1.188,1.186,1.187,1518200,1802149.5165
2026-09-11 14:10:00,1.187,1.188,1.187,1.187,4058200,4817086.8222
2026-09-11 14:11:00,1.187,1.188,1.187,1.188,6435700,7643346.6606
2026-09-11 14:12:00,1.188,1.188,1.187,1.188,4558800,5415453.4868
2026-09-11 14:13:00,1.188,1.188,1.188,1.188,1137300,1351112.3993
2026-09-11 14:14:00,1.188,1.189,1.188,1.189,2759400,3279517.0712
2026-09-11 14:15:00,1.189,1.189,1.188,1.189,4014700,4773433.5322
2026-09-11 14:16:00,1.189,1.191,1.189,1.19,7254600,8633656.2708
2026-09-11 14:17:00,1.19,1.19,1.188,1.189,4619200,5493356.3194
2026-09-11 14:18:00,1.189,1.19,1.188,1.188,4951200,5885182.5184
2026-09-11 14:19:00,1.188,1.189,1.188,1.189,9871900,11727862.3217
2026-09-11 14:20:00,1.189,1.189,1.187,1.188,3049000,3622239.3777
2026-09-11 14:21:00,1.189,1.19,1.188,1.189,3306400,3931359.1002
2026-09-11 14:22:00,1.189,1.189,1.189,1.189,3159100,3756169.8748
2026-09-11 14:23:00,1.189,1.189,1.188,1.189,194700,231404.0998
2026-09-11 14:24:00,1.189,1.189,1.188,1.189,6838700,8124392.0898
2026-09-11 14:25:00,1.189,1.189,1.188,1.189,77200,91768.2998
2026-09-11 14:26:00,1.188,1.188,1.187,1.187,3655200,4342354.4453
2026-09-11 14:27:00,1.188,1.188,1.187,1.187,38900,46197.4009
2026-09-11 14:28:00,1.187,1.188,1.187,1.188,5507400,6537308.9433
2026-09-11 14:29:00,1.187,1.188,1.186,1.187,5505000,6534406.352
2026-09-11 14:30:00,1.187,1.189,1.187,1.189,10263400,12191662.2661
2026-09-11 14:31:00,1.189,1.189,1.186,1.187,4589900,5450704.795
2026-09-11 14:32:00,1.186,1.187,1.186,1.187,4510600,5354061.359
2026-09-11 14:33:00,1.187,1.187,1.186,1.186,225900,267993.3023
2026-09-11 14:34:00,1.187,1.187,1.186,1.186,26200,31095.4001
2026-09-11 14:35:00,1.187,1.187,1.186,1.187,1971400,2338130.0919
2026-09-11 14:36:00,1.187,1.187,1.186,1.187,1059600,1256725.2771
2026-09-11 14:37:00,1.187,1.187,1.186,1.187,143900,170786.6055
2026-09-11 14:38:00,1.186,1.187,1.186,1.187,56400,66920.3998
2026-09-11 14:39:00,1.187,1.187,1.185,1.186,845600,1002800.2945
2026-09-11 14:40:00,1.186,1.186,1.185,1.186,300700,356360.1812
2026-09-11 14:41:00,1.186,1.186,1.185,1.186,166600,197552.0972
2026-09-11 14:42:00,1.185,1.186,1.184,1.185,7244900,8583431.8989
2026-09-11 14:43:00,1.185,1.186,1.185,1.185,1026200,1216060.0139
2026-09-11 14:44:00,1.186,1.187,1.185,1.186,2215000,2626765.262
2026-09-11 14:45:00,1.186,1.186,1.185,1.186,796800,944836.4815
2026-09-11 14:46:00,1.186,1.187,1.185,1.186,8032500,9529645.3229
2026-09-11 14:47:00,1.186,1.187,1.186,1.186,6330700,7510787.6993
2026-09-11 14:48:00,1.187,1.187,1.186,1.186,4239800,5032566.5799
2026-09-11 14:49:00,1.187,1.187,1.186,1.187,4204100,4990190.0729
2026-09-11 14:50:00,1.187,1.188,1.186,1.187,6705500,7961017.8198
2026-09-11 14:51:00,1.187,1.188,1.186,1.188,1337500,1587672.4461
2026-09-11 14:52:00,1.188,1.188,1.186,1.187,281100,333654.6051
2026-09-11 14:53:00,1.187,1.187,1.186,1.187,856300,1016422.0988
2026-09-11 14:54:00,1.187,1.188,1.186,1.187,553700,657341.413
2026-09-11 14:55:00,1.188,1.188,1.187,1.187,939100,1115235.3129
2026-09-11 14:56:00,1.188,1.188,1.187,1.187,498000,591202.9033
2026-09-11 14:57:00,1.187,1.188,1.187,1.188,810300,962235.3008
2026-09-11 15:00:00,1.188,1.188,1.188,1.188,1104300,1311908.3846
2026-09-14 09:31:00,1.178,1.179,1.176,1.178,9014800,10616179.1585
2026-09-14 09:32:00,1.178,1.178,1.176,1.176,5542600,6521398.0903
2026-09-14 09:33:00,1.176,1.177,1.175,1.177,2242600,2636167.243
2026-09-14 09:34:00,1.177,1.177,1.175,1.176,4779900,5619242.4823
2026-09-14 09:35:00,1.176,1.178,1.176,1.178,4450100,5239508.5791
2026-09-14 09:36:00,1.177,1.178,1.175,1.176,23355000,27464102.8298
2026-09-14 09:37:00,1.176,1.177,1.175,1.177,39454100,46421890.4887
2026-09-14 09:38:00,1.177,1.179,1.176,1.178,19525900,22987470.9957
2026-09-14 09:39:00,1.178,1.179,1.177,1.179,4406700,5191056.2952
2026-09-14 09:40:00,1.178,1.18,1.178,1.18,11054300,13039532.0096
2026-09-14 09:41:00,1.18,1.18,1.178,1.179,11566400,13636239.5779
2026-09-14 09:42:00,1.178,1.18,1.178,1.179,4573000,5391316.9416
2026-09-14 09:43:00,1.178,1.179,1.178,1.179,4732900,5575384.7666
2026-09-14 09:44:00,1.178,1.179,1.177,1.177,2212500,2605008.0156
2026-09-14 09:45:00,1.177,1.179,1.177,1.179,9876700,11634268.0485
2026-09-14 09:46:00,1.179,1.179,1.176,1.177,11817200,13911457.6964
2026-09-14 09:47:00,1.178,1.179,1.177,1.178,1100300,1296295.0968
2026-09-14 09:48:00,1.178,1.181,1.178,1.181,40033700,47238980.4527
2026-09-14 09:49:00,1.181,1.181,1.18,1.181,4732800,5589416.8226
2026-09-14 09:50:00,1.18,1.181,1.18,1.18,15589000,18395273.319
2026-09-14 09:51:00,1.181,1.181,1.18,1.18,16806400,19831616.6068
2026-09-14 09:52:00,1.179,1.18,1.179,1.18,8445900,9966013.6997
2026-09-14 09:53:00,1.18,1.181,1.18,1.181,22305700,26335885.59
2026-09-14 09:54:00,1.18,1.181,1.18,1.18,11757300,13873668.2928
2026-09-14 09:55:00,1.18,1.181,1.18,1.18,20306800,23969090.5743
2026-09-14 09:56:00,1.18,1.18,1.179,1.179,8950600,10559430.1392
2026-09-14 09:57:00,1.179,1.181,1.179,1.181,12747100,15041514.8252
2026-09-14 09:58:00,1.181,1.181,1.18,1.181,9272500,10950695.898
2026-09-14 09:59:00,1.181,1.182,1.181,1.182,23115800,27299954.9777
2026-09-14 10:00:00,1.182,1.182,1.181,1.182,11912500,14080275.916
2026-09-14 10:01:00,1.182,1.182,1.181,1.182,2641400,3119563.9309
2026-09-14 10:02:00,1.182,1.183,1.182,1.183,26317000,31121325.855
2026-09-14 10:03:00,1.183,1.183,1.182,1.183,10419600,12326305.3706
2026-09-14 10:04:00,1.183,1.183,1.182,1.183,18570300,21964884.6321
2026-09-14 10:05:00,1.183,1.183,1.182,1.183,21106800,24948239.8277
2026-09-14 10:06:00,1.182,1.183,1.182,1.182,79500,94013.2991
2026-09-14 10:07:00,1.182,1.183,1.182,1.183,20963700,24800035.2609
2026-09-14 10:08:00,1.182,1.183,1.182,1.183,130100,153843.0013
2026-09-14 10:09:00,1.183,1.183,1.181,1.182,27489400,32492497.3879
2026-09-14 10:10:00,1.183,1.183,1.182,1.182,12287600,14523974.5293
2026-09-14 10:11:00,1.182,1.183,1.181,1.182,63695400,75287864.2092
2026-09-14 10:12:00,1.182,1.183,1.181,1.183,53670200,63438235.2814
2026-09-14 10:13:00,1.182,1.182,1.181,1.182,10289000,12161583.29
2026-09-14 10:14:00,1.181,1.183,1.181,1.182,15822500,18702146.7131
2026-09-14 10:15:00,1.183,1.184,1.182,1.184,12407400,14677942.0433
2026-09-14 10:16:00,1.184,1.184,1.183,1.183,17314600,20483173.4578
2026-09-14 10:17:00,1.184,1.184,1.183,1.184,1204400,1424967.9813
2026-09-14 10:18:00,1.183,1.184,1.183,1.184,27700,32793.0001
2026-09-14 10:19:00,1.183,1.184,1.183,1.184,12493700,14780046.9792
2026-09-14 10:20:00,1.184,1.185,1.184,1.185,53649300,63520796.1177
2026-09-14 10:21:00,1.185,1.185,1.184,1.184,40785400,48289918.6241
2026-09-14 10:22:00,1.184,1.185,1.184,1.185,16255200,19259750.9228
2026-09-14 10:23:00,1.185,1.185,1.184,1.184,4376300,5185672.1706
2026-09-14 10:24:00,1.185,1.186,1.184,1.185,28529600,33807586.4414
2026-09-14 10:25:00,1.186,1.187,1.185,1.186,8348800,9903377.3837
2026-09-14 10:26:00,1.187,1.188,1.186,1.187,24293000,28836497.0461
2026-09-14 10:27:00,1.187,1.188,1.187,1.188,29125300,34571857.0622
2026-09-14 10:28:00,1.188,1.188,1.187,1.187,8306600,9859950.604
2026-09-14 10:29:00,1.187,1.188,1.186,1.187,29996100,35605322.1121
2026-09-14 10:30:00,1.186,1.187,1.186,1.187,2911800,3454599.7752
2026-09-14 10:31:00,1.187,1.187,1.185,1.185,16709700,19817336.2368
2026-09-14 10:32:00,1.186,1.186,1.185,1.186,41186600,48843302.0398
2026-09-14 10:33:00,1.186,1.186,1.185,1.186,18049300,21406468.2267
2026-09-14 10:34:00,1.186,1.187,1.185,1.186,22380400,26543485.1214
2026-09-14 10:35:00,1.186,1.186,1.185,1.185,4554300,5400299.507
2026-09-14 10:36:00,1.186,1.186,1.184,1.185,20665700,24488851.3579
2026-09-14 10:37:00,1.184,1.185,1.183,1.184,27923500,33061470.2159
2026-09-14 10:38:00,1.184,1.185,1.183,1.184,13492500,15974903.1535
2026-09-14 10:39:00,1.184,1.185,1.183,1.185,14075000,16664648.016
2026-09-14 10:40:00,1.185,1.185,1.184,1.184,45522600,53898764.7746
2026-09-14 10:41:00,1.184,1.184,1.183,1.183,282500,334201.6875
2026-09-14 10:42:00,1.183,1.185,1.183,1.184,23498600,27822390.9207
2026-09-14 10:43:00,1.184,1.184,1.183,1.184,5045500,5971967.7174
2026-09-14 10:44:00,1.183,1.184,1.183,1.183,4977200,5888028.5125
2026-09-14 10:45:00,1.184,1.184,1.183,1.183,4638300,5487109.8184
2026-09-14 10:46:00,1.183,1.184,1.182,1.183,11578100,13697099.5503
2026-09-14 10:47:00,1.184,1.184,1.182,1.183,17170000,20312107.9587
2026-09-14 10:48:00,1.184,1.184,1.183,1.184,19718400,23329766.8592
2026-09-14 10:49:00,1.184,1.185,1.184,1.185,4986300,5903829.4645
2026-09-14 10:50:00,1.184,1.185,1.184,1.184,9679600,11460867.7982
2026-09-14 10:51:00,1.184,1.185,1.183,1.184,42155200,49911862.8926
2026-09-14 10:52:00,1.184,1.185,1.184,1.184,1860300,2202647.7061
2026-09-14 10:53:00,1.184,1.185,1.184,1.184,17926900,21225476.9104
2026-09-14 10:54:00,1.184,1.185,1.184,1.185,5432200,6436676.234
2026-09-14 10:55:00,1.185,1.186,1.185,1.186,26014000,30826612.3734
2026-09-14 10:56:00,1.186,1.186,1.185,1.185,16798600,19907378.7612
2026-09-14 10:57:00,1.185,1.185,1.184,1.184,1157600,1371739.751
2026-09-14 10:58:00,1.185,1.185,1.184,1.184,7000,8294.7995
2026-09-14 10:59:00,1.185,1.185,1.183,1.183,17429500,20631642.0495
2026-09-14 11:00:00,1.183,1.184,1.183,1.183,8178300,9674933.9707
2026-09-14 11:01:00,1.184,1.184,1.182,1.183,12117100,14334519.3242
2026-09-14 11:02:00,1.184,1.184,1.182,1.183,8646900,10229390.0827
2026-09-14 11:03:00,1.183,1.183,1.183,1.183,9941200,11760439.495
2026-09-14 11:04:00,1.183,1.184,1.183,1.184,7850100,9291811.5541
2026-09-14 11:05:00,1.184,1.185,1.184,1.185,7363300,8718156.6093
2026-09-14 11:06:00,1.185,1.185,1.183,1.184,8493800,10056648.382
2026-09-14 11:07:00,1.184,1.185,1.184,1.184,19257900,22801354.2117
2026-09-14 11:08:00,1.183,1.184,1.183,1.184,10948800,12963309.6775
2026-09-14 11:09:00,1.184,1.185,1.184,1.184,2913000,3448994.3038
2026-09-14 11:10:00,1.184,1.184,1.183,1.184,1047000,1239643.0408
2026-09-14 11:11:00,1.184,1.184,1.183,1.183,9790200,11591588.5441
2026-09-14 11:12:00,1.184,1.184,1.183,1.184,20964400,24821849.7675
2026-09-14 11:13:00,1.184,1.185,1.184,1.184,2833800,3355219.3099
2026-09-14 11:14:00,1.185,1.185,1.185,1.185,412300,488575.4833
2026-09-14 11:15:00,1.184,1.185,1.184,1.185,1031800,1222679.852
2026-09-14 11:16:00,1.184,1.185,1.184,1.184,1897900,2247134.6066
2026-09-14 11:17:00,1.184,1.184,1.183,1.184,12012100,14222318.0625
2026-09-14 11:18:00,1.184,1.184,1.183,1.183,6401700,7579575.9741
2026-09-14 11:19:00,1.184,1.185,1.184,1.185,7111500,8420220.9819
2026-09-14 11:20:00,1.184,1.185,1.184,1.185,8296700,9823297.1637
2026-09-14 11:21:00,1.185,1.185,1.184,1.184,12538200,14845229.1445
2026-09-14 11:22:00,1.185,1.185,1.185,1.185,257300,304900.5
2026-09-14 11:23:00,1.185,1.185,1.184,1.184,33300,39447.2982
2026-09-14 11:24:00,1.184,1.184,1.184,1.184,16200,19180.8008
2026-09-14 11:25:00,1.185,1.185,1.184,1.185,4570400,5415863.6701
2026-09-14 11:26:00,1.185,1.186,1.185,1.185,1025200,1214862.16
2026-09-14 11:27:00,1.185,1.186,1.185,1.186,16852200,19969856.7788
2026-09-14 11:28:00,1.186,1.186,1.185,1.185,7822000,9269074.9325
2026-09-14 11:29:00,1.184,1.185,1.184,1.184,136700,161857.7991
2026-09-14 11:30:00,1.184,1.185,1.183,1.185,4287900,5077255.8313
2026-09-14 13:01:00,1.185,1.185,1.182,1.183,8527900,10092456.5202
2026-09-14 13:02:00,1.183,1.183,1.181,1.182,20939800,24762630.775
2026-09-14 13:03:00,1.182,1.182,1.182,1.182,6773500,8006277.1033
2026-09-14 13:04:00,1.182,1.182,1.181,1.182,159100,187918.3969
2026-09-14 13:05:00,1.181,1.182,1.181,1.182,299500,353712.4018
2026-09-14 13:06:00,1.182,1.183,1.181,1.183,28416700,33588534.0995
2026-09-14 13:07:00,1.183,1.183,1.181,1.181,1938000,2290973.4541
2026-09-14 13:08:00,1.181,1.182,1.181,1.181,1169100,1380745.3029
2026-09-14 13:09:00,1.182,1.182,1.181,1.182,9500,11222.7004
2026-09-14 13:10:00,1.182,1.182,1.181,1.181,5519200,6518214.5885
2026-09-14 13:11:00,1.181,1.181,1.18,1.181,1869200,2207495.3844
2026-09-14 13:12:00,1.18,1.181,1.18,1.181,4523600,5337986.066
2026-09-14 13:13:00,1.181,1.181,1.181,1.181,15377600,18160945.6203
2026-09-14 13:14:00,1.181,1.182,1.18,1.181,11739800,13864337.6311
2026-09-14 13:15:00,1.182,1.183,1.181,1.182,12396000,14652072.6965
2026-09-14 13:16:00,1.182,1.182,1.182,1.182,33468000,39559177.2403
2026-09-14 13:17:00,1.182,1.183,1.182,1.182,6004300,7097082.9446
2026-09-14 13:18:00,1.182,1.182,1.181,1.181,1008800,1191443.5076
2026-09-14 13:19:00,1.181,1.181,1.181,1.181,17559800,20738123.8422
2026-09-14 13:20:00,1.181,1.181,1.18,1.181,9922000,11717881.9121
2026-09-14 13:21:00,1.181,1.181,1.18,1.181,10207300,12054805.2471
2026-09-14 13:22:00,1.181,1.182,1.181,1.181,12440900,14692723.14
2026-09-14 13:23:00,1.181,1.182,1.181,1.181,6191100,7311689.9785
2026-09-14 13:24:00,1.181,1.181,1.179,1.18,21537300,25412065.6801
2026-09-14 13:25:00,1.18,1.18,1.18,1.18,27066100,31937997.1585
2026-09-14 13:26:00,1.18,1.18,1.179,1.18,10360000,12224782.0466
2026-09-14 13:27:00,1.18,1.18,1.179,1.18,1713134,2021186.9021
2026-09-14 13:28:00,1.179,1.18,1.179,1.18,2111500,2489679.8961
2026-09-14 13:29:00,1.18,1.18,1.179,1.179,496900,586129.074
2026-09-14 13:30:00,1.18,1.18,1.179,1.179,69400,81869.9954
2026-09-14 13:31:00,1.18,1.181,1.18,1.18,5033100,5939061.6802
2026-09-14 13:32:00,1.18,1.181,1.18,1.181,1110600,1311590.6029
2026-09-14 13:33:00,1.181,1.182,1.18,1.18,16062000,18961891.2409
2026-09-14 13:34:00,1.181,1.181,1.18,1.18,5769400,6807904.5828
2026-09-14 13:35:00,1.18,1.181,1.179,1.179,6743100,7956458.4219
2026-09-14 13:36:00,1.179,1.181,1.179,1.181,6308700,7444225.2667
2026-09-14 13:37:00,1.181,1.181,1.18,1.18,88300,104200.496
2026-09-14 13:38:00,1.181,1.182,1.18,1.182,4170500,4925376.6577
2026-09-14 13:39:00,1.181,1.182,1.181,1.182,11462100,13536741.2378
2026-09-14 13:40:00,1.182,1.182,1.181,1.182,832400,983894.363
2026-09-14 13:41:00,1.182,1.182,1.18,1.181,2839500,3352899.1945
2026-09-14 13:42:00,1.181,1.181,1.18,1.18,1703700,2010368.6538
2026-09-14 13:43:00,1.18,1.18,1.18,1.18,103200,121775.9963
2026-09-14 13:44:00,1.179,1.18,1.179,1.18,1007400,1187790.9999
2026-09-14 13:45:00,1.18,1.18,1.179,1.18,78000,92019.9955
2026-09-14 13:46:00,1.18,1.18,1.179,1.18,6707600,7908267.289
2026-09-14 13:47:00,1.18,1.18,1.178,1.179,7677300,9051520.958
2026-09-14 13:48:00,1.179,1.179,1.178,1.179,12132700,14301058.3967
2026-09-14 13:49:00,1.179,1.179,1.178,1.179,8050200,9491151.7683
2026-09-14 13:50:00,1.18,1.18,1.178,1.179,2722500,3209507.7621
2026-09-14 13:51:00,1.179,1.179,1.178,1.179,23000,27116.0001
2026-09-14 13:52:00,1.179,1.179,1.178,1.179,1217500,1434284.4781
2026-09-14 13:53:00,1.178,1.179,1.178,1.179,1454500,1713934.8966
2026-09-14 13:54:00,1.179,1.18,1.178,1.18,8566500,10099931.2944
2026-09-14 13:55:00,1.179,1.18,1.179,1.179,2560700,3019095.0106
2026-09-14 13:56:00,1.179,1.179,1.178,1.179,50700,59768.1006
2026-09-14 13:57:00,1.179,1.179,1.178,1.179,5158500,6081561.4696
2026-09-14 13:58:00,1.179,1.179,1.178,1.178,233200,274866.4012
2026-09-14 13:59:00,1.179,1.179,1.178,1.179,3800000,4480158.1393
2026-09-14 14:00:00,1.179,1.179,1.178,1.179,1497700,1765213.4047
2026-09-14 14:01:00,1.179,1.179,1.178,1.179,1108400,1305983.1964
2026-09-14 14:02:00,1.179,1.179,1.178,1.179,4125000,4862580.7504
2026-09-14 14:03:00,1.179,1.18,1.179,1.18,4669100,5504875.3634
2026-09-14 14:04:00,1.18,1.18,1.18,1.18,2598500,3066229.8409
2026-09-14 14:05:00,1.18,1.181,1.179,1.18,6208600,7326196.9378
2026-09-14 14:06:00,1.18,1.18,1.179,1.179,446300,526243.3942
2026-09-14 14:07:00,1.18,1.18,1.179,1.179,505700,596721.1963
2026-09-14 14:08:00,1.18,1.18,1.179,1.18,1033600,1218808.9209
2026-09-14 14:09:00,1.18,1.181,1.179,1.18,5591200,6597609.1013
2026-09-14 14:10:00,1.18,1.18,1.179,1.18,1042400,1229196.9804
2026-09-14 14:11:00,1.18,1.181,1.179,1.181,8202900,9679992.7411
2026-09-14 14:12:00,1.18,1.182,1.18,1.181,2845900,3361449.0803
2026-09-14 14:13:00,1.181,1.182,1.181,1.182,10424600,12313548.8416
2026-09-14 14:14:00,1.182,1.182,1.181,1.182,2777800,3283253.6981
2026-09-14 14:15:00,1.182,1.182,1.181,1.182,23977400,28319783.4797
2026-09-14 14:16:00,1.182,1.182,1.181,1.181,4643000,5485185.5493
2026-09-14 14:17:00,1.181,1.181,1.18,1.18,3204800,3781758.2767
2026-09-14 14:18:00,1.18,1.181,1.18,1.181,157400,185774.6894
2026-09-14 14:19:00,1.181,1.181,1.18,1.181,302200,356662.6851
2026-09-14 14:20:00,1.18,1.181,1.18,1.181,157500,185894.4914
2026-09-14 14:21:00,1.181,1.181,1.18,1.181,18884900,22287267.7486
2026-09-14 14:22:00,1.181,1.181,1.18,1.181,212700,251057.1987
2026-09-14 14:23:00,1.181,1.181,1.18,1.181,357300,421750.5922
2026-09-14 14:24:00,1.181,1.181,1.18,1.181,537000,633761.488
2026-09-14 14:25:00,1.181,1.182,1.181,1.182,18122500,21404254.9164
2026-09-14 14:26:00,1.182,1.182,1.181,1.181,16700,19735.3002
2026-09-14 14:27:00,1.182,1.182,1.181,1.182,7798200,9216635.4005
2026-09-14 14:28:00,1.182,1.182,1.181,1.182,4957800,5859579.481
2026-09-14 14:29:00,1.182,1.182,1.181,1.182,5733600,6773584.4008
2026-09-14 14:30:00,1.181,1.182,1.181,1.182,10299100,12163287.2801
2026-09-14 14:31:00,1.182,1.182,1.18,1.181,39163200,46250064.3178
2026-09-14 14:32:00,1.181,1.181,1.181,1.181,9335300,11024989.2385
2026-09-14 14:33:00,1.181,1.182,1.181,1.182,96300,113739.2006
2026-09-14 14:34:00,1.182,1.182,1.181,1.181,11702500,13820652.4906
2026-09-14 14:35:00,1.181,1.182,1.18,1.181,20348800,24031982.1159
2026-09-14 14:36:00,1.181,1.181,1.18,1.181,276900,326766.4872
2026-09-14 14:37:00,1.181,1.182,1.181,1.181,4613500,5448548.4939
2026-09-14 14:38:00,1.181,1.182,1.181,1.181,112800,133217.7999
2026-09-14 14:39:00,1.182,1.182,1.181,1.181,8136200,9608956.4191
2026-09-14 14:40:00,1.181,1.182,1.18,1.181,5068300,5985666.161
2026-09-14 14:41:00,1.181,1.182,1.181,1.181,5718900,6754021.1154
2026-09-14 14:42:00,1.181,1.181,1.18,1.181,17464100,20625005.9281
2026-09-14 14:43:00,1.182,1.182,1.181,1.181,6481400,7654673.6059
2026-09-14 14:44:00,1.181,1.182,1.18,1.181,9454000,11165469.4297
2026-09-14 14:45:00,1.182,1.182,1.181,1.182,9180800,10842718.0287
2026-09-14 14:46:00,1.182,1.182,1.181,1.181,1168800,1380375.9898
2026-09-14 14:47:00,1.181,1.182,1.181,1.181,2991400,3533030.3762
2026-09-14 14:48:00,1.182,1.182,1.181,1.182,319500,377643.4192
2026-09-14 14:49:00,1.182,1.183,1.181,1.182,29373000,34718841.2506
2026-09-14 14:50:00,1.182,1.183,1.181,1.182,5553400,6564033.0718
2026-09-14 14:51:00,1.182,1.182,1.181,1.182,1317400,1556802.1467
2026-09-14 14:52:00,1.182,1.182,1.181,1.182,2944100,3479317.9954
2026-09-14 14:53:00,1.182,1.182,1.181,1.182,2653100,3135032.0471
2026-09-14 14:54:00,1.182,1.182,1.181,1.182,1690300,1997711.1524
2026-09-14 14:55:00,1.182,1.182,1.18,1.181,10389700,12270319.9257
2026-09-14 14:56:00,1.182,1.182,1.181,1.181,926500,1094334.5161
2026-09-14 14:57:00,1.182,1.182,1.181,1.182,3185100,3761675.8739
2026-09-14 15:00:00,1.182,1.182,1.182,1.182,1573500,1859877.0492
2026-09-15 09:31:00,1.18,1.183,1.18,1.183,6570501,7759664.523
2026-09-15 09:32:00,1.182,1.183,1.181,1.181,4579700,5412845.0104
2026-09-15 09:33:00,1.181,1.181,1.18,1.181,11501400,13582949.9275
2026-09-15 09:34:00,1.181,1.181,1.18,1.181,5403900,6381763.6648
2026-09-15 09:35:00,1.181,1.183,1.181,1.182,11693100,13823232.4535
2026-09-15 09:36:00,1.182,1.183,1.181,1.183,5221500,6171910.4628
2026-09-15 09:37:00,1.183,1.183,1.181,1.181,24529200,29001185.6235
2026-09-15 09:38:00,1.182,1.182,1.181,1.181,11105100,13124143.8962
2026-09-15 09:39:00,1.181,1.181,1.18,1.18,17156900,20260183.6558
2026-09-15 09:40:00,1.18,1.181,1.179,1.179,29549600,34856626.1156
2026-09-15 09:41:00,1.179,1.18,1.179,1.18,112600,132787.6982
2026-09-15 09:42:00,1.18,1.18,1.177,1.178,20935400,24669715.6354
2026-09-15 09:43:00,1.178,1.179,1.177,1.178,34038400,40099264.598
2026-09-15 09:44:00,1.178,1.179,1.177,1.177,22531800,26540501.675
2026-09-15 09:45:00,1.177,1.178,1.177,1.177,22271200,26213208.6934
2026-09-15 09:46:00,1.177,1.178,1.176,1.177,31233425,36761757.966
2026-09-15 09:47:00,1.177,1.178,1.177,1.177,19629400,23104364.9819
2026-09-15 09:48:00,1.177,1.179,1.177,1.179,52444500,61741371.1236
2026-09-15 09:49:00,1.179,1.18,1.178,1.179,8992700,10602825.5045
2026-09-15 09:50:00,1.179,1.18,1.179,1.179,14523200,17122853.4319
2026-09-15 09:51:00,1.179,1.18,1.178,1.178,12521400,14762716.499
2026-09-15 09:52:00,1.178,1.179,1.178,1.179,16485000,19433806.4735
2026-09-15 09:53:00,1.178,1.178,1.178,1.178,30000,35340.0
2026-09-15 09:54:00,1.179,1.18,1.178,1.179,10191500,12015725.444
2026-09-15 09:55:00,1.18,1.18,1.179,1.18,4654800,5490519.8721
2026-09-15 09:56:00,1.18,1.181,1.18,1.18,131138900,154744374.9564
2026-09-15 09:57:00,1.181,1.181,1.18,1.18,35454300,41836072.8906
2026-09-15 09:58:00,1.18,1.181,1.18,1.181,9579700,11304050.7239
2026-09-15 09:59:00,1.181,1.181,1.18,1.18,15474700,18260633.3055
2026-09-15 10:00:00,1.18,1.181,1.179,1.181,5084500,5999713.4904
2026-09-15 10:01:00,1.181,1.181,1.18,1.181,2094400,2471485.3381
2026-09-15 10:02:00,1.181,1.182,1.181,1.181,25157200,29710659.0835
2026-09-15 10:03:00,1.181,1.183,1.181,1.182,13111500,15498742.7135
2026-09-15 10:04:00,1.183,1.183,1.182,1.182,2005300,2371240.5367
2026-09-15 10:05:00,1.183,1.183,1.182,1.183,35192100,41632203.3447
2026-09-15 10:06:00,1.184,1.184,1.182,1.182,36199800,42824288.5862
2026-09-15 10:07:00,1.182,1.183,1.182,1.183,84000,99362.0004
2026-09-15 10:08:00,1.183,1.183,1.182,1.183,4867800,5758588.395
2026-09-15 10:09:00,1.183,1.183,1.182,1.183,657700,777945.1014
2026-09-15 10:10:00,1.183,1.183,1.182,1.182,324800,383928.9195
2026-09-15 10:11:00,1.183,1.183,1.181,1.181,40927900,48353697.294
2026-09-15 10:12:00,1.181,1.181,1.18,1.181,10335800,12206579.2691
2026-09-15 10:13:00,1.181,1.182,1.181,1.181,5988300,7072182.4905
2026-09-15 10:14:00,1.182,1.182,1.181,1.182,2051000,2422251.0252
2026-09-15 10:15:00,1.181,1.182,1.181,1.182,10113800,11944434.4478
2026-09-15 10:16:00,1.182,1.182,1.181,1.182,26310400,31091712.1238
2026-09-15 10:17:00,1.182,1.182,1.182,1.182,10220300,12080395.1374
2026-09-15 10:18:00,1.182,1.183,1.182,1.183,20268000,23956786.4401
2026-09-15 10:19:00,1.182,1.184,1.182,1.183,14106100,16688026.4004
2026-09-15 10:20:00,1.184,1.185,1.184,1.184,4942300,5852155.4842
2026-09-15 10:21:00,1.185,1.187,1.185,1.187,42720800,50645624.9415
2026-09-15 10:22:00,1.187,1.187,1.186,1.186,17820200,21134802.6903
2026-09-15 10:23:00,1.186,1.187,1.185,1.186,23183500,27495755.7927
2026-09-15 10:24:00,1.186,1.186,1.185,1.185,20768400,24631105.3749
2026-09-15 10:25:00,1.185,1.186,1.185,1.186,8930900,10591801.2805
2026-09-15 10:26:00,1.186,1.187,1.185,1.185,16480300,19545633.3854
2026-09-15 10:27:00,1.186,1.186,1.185,1.186,70900,84067.5986
2026-09-15 10:28:00,1.185,1.186,1.184,1.185,16911400,20040004.3369
2026-09-15 10:29:00,1.185,1.186,1.185,1.186,10044400,11912596.0106
2026-09-15 10:30:00,1.186,1.187,1.186,1.187,7616300,9039155.4982
2026-09-15 10:31:00,1.187,1.188,1.187,1.187,44917000,53316514.7179
2026-09-15 10:32:00,1.187,1.188,1.187,1.187,22768900,27026690.0098
2026-09-15 10:33:00,1.187,1.187,1.186,1.186,15546200,18437870.248
2026-09-15 10:34:00,1.186,1.187,1.186,1.186,1446400,1715430.7215
2026-09-15 10:35:00,1.186,1.187,1.186,1.187,26699900,31682668.6215
2026-09-15 10:36:00,1.187,1.187,1.186,1.186,29479800,34971839.4994
2026-09-15 10:37:00,1.186,1.186,1.186,1.186,47544500,56387776.8584
2026-09-15 10:38:00,1.186,1.187,1.185,1.187,26641800,31597162.8158
2026-09-15 10:39:00,1.186,1.186,1.185,1.185,10139100,12024963.0218
2026-09-15 10:40:00,1.185,1.187,1.185,1.187,9736100,11546747.4301
2026-09-15 10:41:00,1.187,1.187,1.185,1.185,23833100,28266041.6711
2026-09-15 10:42:00,1.186,1.186,1.185,1.186,53876900,63897978.4289
2026-09-15 10:43:00,1.186,1.186,1.185,1.185,150500,178463.5975
2026-09-15 10:44:00,1.185,1.186,1.185,1.185,1809600,2146096.042
2026-09-15 10:45:00,1.186,1.186,1.185,1.185,148900,176562.1007
2026-09-15 10:46:00,1.186,1.186,1.185,1.185,2500,2964.1999
2026-09-15 10:47:00,1.186,1.186,1.185,1.185,15665700,18563889.4308
2026-09-15 10:48:00,1.185,1.185,1.184,1.184,22118000,26187729.9411
2026-09-15 10:49:00,1.184,1.184,1.183,1.183,6579000,7789506.0767
2026-09-15 10:50:00,1.183,1.184,1.183,1.184,14453500,17112912.304
2026-09-15 10:51:00,1.184,1.184,1.184,1.184,38200,45228.8
2026-09-15 10:52:00,1.184,1.184,1.183,1.184,81000,95853.2003
2026-09-15 10:53:00,1.184,1.184,1.183,1.184,9702800,11488065.3112
2026-09-15 10:54:00,1.184,1.185,1.184,1.185,2273900,2692298.5508
2026-09-15 10:55:00,1.184,1.185,1.184,1.185,11200,13261.9
2026-09-15 10:56:00,1.184,1.184,1.184,1.184,2010700,2380668.863
2026-09-15 10:57:00,1.184,1.185,1.184,1.185,47500,56240.8007
2026-09-15 10:58:00,1.184,1.185,1.183,1.183,6889900,8157708.0044
2026-09-15 10:59:00,1.184,1.184,1.183,1.183,2128600,2518173.7801
2026-09-15 11:00:00,1.183,1.184,1.183,1.184,2036500,2409445.9373
2026-09-15 11:01:00,1.184,1.184,1.183,1.183,3199800,3785370.5583
2026-09-15 11:02:00,1.183,1.184,1.183,1.183,10154000,12012182.6699
2026-09-15 11:03:00,1.182,1.183,1.182,1.182,3554200,4201076.2859
2026-09-15 11:04:00,1.183,1.183,1.182,1.183,19000,22460.2999
2026-09-15 11:05:00,1.183,1.183,1.182,1.182,94700,111993.0977
2026-09-15 11:06:00,1.182,1.183,1.182,1.182,80900,95643.8029
2026-09-15 11:07:00,1.183,1.183,1.182,1.182,1109900,1311916.0447
2026-09-15 11:08:00,1.182,1.183,1.181,1.181,26221100,30992626.0896
2026-09-15 11:09:00,1.182,1.182,1.181,1.182,4472600,5285276.3631
2026-09-15 11:10:00,1.182,1.182,1.181,1.182,22023400,26031658.8446
2026-09-15 11:11:00,1.182,1.182,1.181,1.181,536300,633904.0356
2026-09-15 11:12:00,1.181,1.182,1.181,1.182,6520900,7707693.6554
2026-09-15 11:13:00,1.182,1.183,1.182,1.183,8276500,9782823.6833
2026-09-15 11:14:00,1.182,1.182,1.182,1.182,4101700,4848209.6577
2026-09-15 11:15:00,1.182,1.182,1.181,1.182,48800,57679.3008
2026-09-15 11:16:00,1.182,1.183,1.182,1.182,7217500,8531116.2324
2026-09-15 11:17:00,1.183,1.183,1.182,1.182,5126400,6063360.224
2026-09-15 11:18:00,1.183,1.183,1.182,1.182,3016100,3565034.3975
2026-09-15 11:19:00,1.182,1.183,1.182,1.183,81700,96571.5032
2026-09-15 11:20:00,1.183,1.183,1.183,1.183,40400,47793.2002
2026-09-15 11:21:00,1.183,1.183,1.182,1.183,3285900,3887219.6155
2026-09-15 11:22:00,1.183,1.183,1.182,1.182,18417800,21769845.8128
2026-09-15 11:23:00,1.183,1.183,1.183,1.183,12200,14432.5999
2026-09-15 11:24:00,1.182,1.182,1.182,1.182,38000,44916.0
2026-09-15 11:25:00,1.182,1.182,1.182,1.182,7331900,8666306.1525
2026-09-15 11:26:00,1.182,1.182,1.181,1.181,12300,14536.3
2026-09-15 11:27:00,1.181,1.182,1.181,1.181,7277000,8594167.8859
2026-09-15 11:28:00,1.181,1.181,1.18,1.18,142300,168029.3034
2026-09-15 11:29:00,1.181,1.181,1.181,1.181,3011200,3556227.1941
2026-09-15 11:30:00,1.181,1.182,1.181,1.181,755100,891776.3962
2026-09-15 13:01:00,1.181,1.182,1.179,1.179,15670600,18484288.6925
2026-09-15 13:02:00,1.18,1.18,1.179,1.179,11034800,13018029.0229
2026-09-15 13:03:00,1.18,1.181,1.18,1.181,7098600,8379642.9843
2026-09-15 13:04:00,1.181,1.181,1.179,1.18,5778000,6817837.5383
2026-09-15 13:05:00,1.18,1.18,1.179,1.18,140000,165170.4908
2026-09-15 13:06:00,1.179,1.181,1.179,1.181,6273800,7406697.0322
2026-09-15 13:07:00,1.182,1.182,1.18,1.18,10456000,12343475.7057
2026-09-15 13:08:00,1.18,1.181,1.179,1.18,19294700,22767704.7624
2026-09-15 13:09:00,1.18,1.18,1.179,1.18,3763900,4441400.913
2026-09-15 13:10:00,1.18,1.18,1.179,1.18,7056800,8319970.0517
2026-09-15 13:11:00,1.179,1.18,1.178,1.18,36692100,43256986.4507
2026-09-15 13:12:00,1.18,1.18,1.179,1.179,9984000,11774404.8634
2026-09-15 13:13:00,1.179,1.18,1.178,1.178,5097800,6010337.1195
2026-09-15 13:14:00,1.179,1.179,1.178,1.179,43000,50694.6007
2026-09-15 13:15:00,1.179,1.179,1.178,1.179,3240700,3817563.7991
2026-09-15 13:16:00,1.179,1.179,1.177,1.178,2646300,3117339.8465
2026-09-15 13:17:00,1.178,1.178,1.177,1.178,96500,113674.5989
2026-09-15 13:18:00,1.178,1.179,1.178,1.178,14153800,16673187.1537
2026-09-15 13:19:00,1.178,1.178,1.177,1.178,4248700,5004944.5119
2026-09-15 13:20:00,1.178,1.179,1.178,1.179,5966600,7028667.3025
2026-09-15 13:21:00,1.179,1.179,1.178,1.179,2769300,3264859.6705
2026-09-15 13:22:00,1.179,1.179,1.178,1.179,39200,46212.4999
2026-09-15 13:23:00,1.179,1.179,1.178,1.179,57600,67907.9997
2026-09-15 13:24:00,1.179,1.18,1.179,1.18,4641600,5472462.2334
2026-09-15 13:25:00,1.18,1.18,1.179,1.179,3136500,3698103.7939
2026-09-15 13:26:00,1.179,1.179,1.179,1.179,12109400,14276982.6546
2026-09-15 13:27:00,1.179,1.179,1.179,1.179,75300,88778.7004
2026-09-15 13:28:00,1.179,1.179,1.179,1.179,32527777,38350249.4761
2026-09-15 13:29:00,1.179,1.18,1.179,1.179,3224900,3802170.7049
2026-09-15 13:30:00,1.18,1.18,1.18,1.18,1024300,1208673.9359
2026-09-15 13:31:00,1.18,1.18,1.179,1.18,6985600,8236076.6583
2026-09-15 13:32:00,1.179,1.18,1.179,1.18,3614800,4261850.5144
2026-09-15 13:33:00,1.18,1.18,1.179,1.18,17737700,20930470.0273
2026-09-15 13:34:00,1.18,1.18,1.179,1.18,12802100,15106417.1406
2026-09-15 13:35:00,1.18,1.18,1.179,1.18,1454500,1714910.0488
2026-09-15 13:36:00,1.18,1.18,1.178,1.178,18368200,21656106.3276
2026-09-15 13:37:00,1.179,1.179,1.178,1.178,130900,154328.6
2026-09-15 13:38:00,1.179,1.179,1.178,1.179,7035700,8288075.6766
2026-09-15 13:39:00,1.178,1.178,1.178,1.178,9741000,11474897.9327
2026-09-15 13:40:00,1.178,1.178,1.177,1.178,11603200,13668567.1214
2026-09-15 13:41:00,1.178,1.178,1.178,1.178,3894700,4587956.5677
2026-09-15 13:42:00,1.179,1.179,1.178,1.179,2457000,2896802.2376
2026-09-15 13:43:00,1.179,1.179,1.178,1.178,4356200,5134957.4624
2026-09-15 13:44:00,1.179,1.179,1.178,1.179,1164700,1372078.0999
2026-09-15 13:45:00,1.179,1.18,1.179,1.18,12206800,14391818.4351
2026-09-15 13:46:00,1.179,1.179,1.178,1.179,16815100,19824997.9558
2026-09-15 13:47:00,1.179,1.179,1.179,1.179,9400,11082.6001
2026-09-15 13:48:00,1.178,1.179,1.178,1.178,4647800,5475110.0528
2026-09-15 13:49:00,1.178,1.179,1.178,1.178,91900,108261.2014
2026-09-15 13:50:00,1.179,1.18,1.178,1.178,17657200,20817614.1434
2026-09-15 13:51:00,1.179,1.179,1.178,1.179,5046100,5949297.6724
2026-09-15 13:52:00,1.18,1.18,1.179,1.18,57100,67367.3994
2026-09-15 13:53:00,1.18,1.18,1.179,1.179,90300,106530.4947
2026-09-15 13:54:00,1.179,1.18,1.179,1.18,56700,66853.7997
2026-09-15 13:55:00,1.18,1.18,1.179,1.18,1935200,2283533.5081
2026-09-15 13:56:00,1.18,1.18,1.179,1.179,158500,187027.6978
2026-09-15 13:57:00,1.179,1.18,1.179,1.18,93000,109731.3934
2026-09-15 13:58:00,1.179,1.179,1.179,1.179,7749100,9136189.0284
2026-09-15 13:59:00,1.179,1.179,1.178,1.179,29000,34172.7997
2026-09-15 14:00:00,1.179,1.179,1.178,1.178,7452700,8779290.4613
2026-09-15 14:01:00,1.178,1.178,1.177,1.178,12341200,14537883.315
2026-09-15 14:02:00,1.178,1.178,1.178,1.178,3074800,3622114.337
2026-09-15 14:03:00,1.179,1.179,1.178,1.178,6027700,7100647.288
2026-09-15 14:04:00,1.178,1.178,1.177,1.177,1389000,1634997.8333
2026-09-15 14:05:00,1.178,1.178,1.176,1.177,8315800,9787614.8108
2026-09-15 14:06:00,1.177,1.177,1.176,1.177,10261800,12078084.5035
2026-09-15 14:07:00,1.177,1.177,1.176,1.176,92900,109331.9044
2026-09-15 14:08:00,1.177,1.177,1.176,1.177,263000,309326.801
2026-09-15 14:09:00,1.177,1.177,1.176,1.177,2836900,3338031.0226
2026-09-15 14:10:00,1.177,1.178,1.177,1.178,4574000,5383624.6863
2026-09-15 14:11:00,1.178,1.178,1.177,1.178,165700,195132.5999
2026-09-15 14:12:00,1.177,1.178,1.177,1.178,8793500,10349995.6172
2026-09-15 14:13:00,1.178,1.178,1.177,1.178,11844600,13952916.9489
2026-09-15 14:14:00,1.178,1.179,1.177,1.178,7382700,8696809.8567
2026-09-15 14:15:00,1.179,1.179,1.178,1.178,10840100,12769649.6687
2026-09-15 14:16:00,1.178,1.178,1.177,1.177,1124600,1324730.7763
2026-09-15 14:17:00,1.177,1.178,1.177,1.178,37000,43563.2996
2026-09-15 14:18:00,1.177,1.178,1.177,1.178,2078700,2446638.0867
2026-09-15 14:19:00,1.177,1.177,1.177,1.177,11900,14006.3003
2026-09-15 14:20:00,1.177,1.178,1.177,1.178,58000,68291.0001
2026-09-15 14:21:00,1.178,1.178,1.177,1.177,10790200,12700066.4601
2026-09-15 14:22:00,1.177,1.177,1.176,1.177,207200,243714.4004
2026-09-15 14:23:00,1.177,1.177,1.176,1.176,205600,241903.7056
2026-09-15 14:24:00,1.177,1.177,1.176,1.177,1215500,1429641.5186
2026-09-15 14:25:00,1.177,1.177,1.176,1.177,10677700,12557005.3035
2026-09-15 14:26:00,1.176,1.176,1.175,1.175,23720700,27886740.0657
2026-09-15 14:27:00,1.176,1.176,1.175,1.176,83400,98032.6997
2026-09-15 14:28:00,1.175,1.176,1.175,1.176,1092100,1283413.1613
2026-09-15 14:29:00,1.176,1.176,1.175,1.176,184800,217319.5995
2026-09-15 14:30:00,1.175,1.176,1.175,1.176,1276400,1500016.1793
2026-09-15 14:31:00,1.176,1.176,1.175,1.176,6863300,8064514.6282
2026-09-15 14:32:00,1.176,1.176,1.174,1.175,15964800,18758626.6654
2026-09-15 14:33:00,1.175,1.175,1.174,1.175,1290900,1516783.5585
2026-09-15 14:34:00,1.175,1.175,1.173,1.174,19151800,22484153.6752
2026-09-15 14:35:00,1.173,1.174,1.173,1.173,7820900,9181282.042
2026-09-15 14:36:00,1.173,1.174,1.173,1.174,311000,364937.3975
2026-09-15 14:37:00,1.174,1.174,1.173,1.174,5523300,6478929.7622
2026-09-15 14:38:00,1.174,1.174,1.172,1.173,24470700,28704137.2664
2026-09-15 14:39:00,1.174,1.174,1.173,1.174,159300,186992.3
2026-09-15 14:40:00,1.174,1.174,1.173,1.174,115400,135471.5002
2026-09-15 14:41:00,1.174,1.175,1.173,1.175,26702200,31346097.5671
2026-09-15 14:42:00,1.175,1.176,1.174,1.175,17513700,20573656.1833
2026-09-15 14:43:00,1.175,1.176,1.174,1.175,27980800,32876945.2085
2026-09-15 14:44:00,1.175,1.176,1.174,1.176,7809000,9175591.0958
2026-09-15 14:45:00,1.176,1.176,1.175,1.176,10296800,12098916.0409
2026-09-15 14:46:00,1.176,1.176,1.175,1.176,87800,103242.8006
2026-09-15 14:47:00,1.176,1.176,1.175,1.175,1192800,1401703.9723
2026-09-15 14:48:00,1.176,1.176,1.175,1.176,142600,167612.4961
2026-09-15 14:49:00,1.176,1.176,1.175,1.176,253300,297860.8017
2026-09-15 14:50:00,1.176,1.176,1.175,1.175,4424400,5198880.8093
2026-09-15 14:51:00,1.175,1.175,1.174,1.175,2450900,2879791.5904
2026-09-15 14:52:00,1.175,1.175,1.174,1.175,4203300,4938633.8337
2026-09-15 14:53:00,1.175,1.176,1.175,1.175,1746900,2052677.1321
2026-09-15 14:54:00,1.176,1.176,1.174,1.175,4349800,5111122.9851
2026-09-15 14:55:00,1.175,1.175,1.174,1.175,1313300,1542735.2993
2026-09-15 14:56:00,1.175,1.175,1.174,1.175,998800,1173546.5557
2026-09-15 14:57:00,1.175,1.175,1.174,1.175,2280000,2678461.4018
2026-09-15 15:00:00,1.175,1.175,1.175,1.175,1427500,1677312.484
2026-09-16 09:31:00,1.174,1.175,1.173,1.174,3770900,4427775.05
2026-09-16 09:32:00,1.174,1.174,1.172,1.173,4915500,5767705.322
2026-09-16 09:33:00,1.172,1.173,1.171,1.172,2264800,2654309.0434
2026-09-16 09:34:00,1.172,1.172,1.17,1.171,5473000,6408064.9976
2026-09-16 09:35:00,1.171,1.173,1.17,1.172,4021300,4709074.2901
2026-09-16 09:36:00,1.172,1.173,1.172,1.173,1850800,2170312.9681
2026-09-16 09:37:00,1.173,1.174,1.171,1.172,7886700,9247926.765
2026-09-16 09:38:00,1.172,1.172,1.17,1.17,7082500,8291777.9027
2026-09-16 09:39:00,1.171,1.171,1.17,1.171,9568100,11194938.3709
2026-09-16 09:40:00,1.171,1.172,1.171,1.171,8495000,9947656.0426
2026-09-16 09:41:00,1.172,1.172,1.171,1.172,11466400,13428670.0951
2026-09-16 09:42:00,1.173,1.173,1.17,1.171,6904100,8089105.268
2026-09-16 09:43:00,1.171,1.171,1.17,1.171,12157200,14235901.2502
2026-09-16 09:44:00,1.172,1.172,1.169,1.17,16488400,19294659.708
2026-09-16 09:45:00,1.169,1.17,1.169,1.17,1950800,2281349.5015
2026-09-16 09:46:00,1.17,1.17,1.168,1.169,16160100,18891096.869
2026-09-16 09:47:00,1.169,1.17,1.168,1.17,15263100,17851426.9472
2026-09-16 09:48:00,1.17,1.171,1.169,1.17,18302600,21414210.3161
2026-09-16 09:49:00,1.17,1.171,1.17,1.17,52757200,61726042.0433
2026-09-16 09:50:00,1.17,1.171,1.17,1.17,18984400,22212816.7082
2026-09-16 09:51:00,1.17,1.171,1.17,1.17,8352500,9774606.7337
2026-09-16 09:52:00,1.171,1.171,1.169,1.17,20104100,23521596.7502
2026-09-16 09:53:00,1.17,1.171,1.17,1.171,32765400,38335746.2435
2026-09-16 09:54:00,1.17,1.171,1.17,1.171,1171700,1370967.7955
2026-09-16 09:55:00,1.17,1.17,1.169,1.169,15307400,17909657.1128
2026-09-16 09:56:00,1.17,1.17,1.169,1.169,10823200,12652483.851
2026-09-16 09:57:00,1.169,1.17,1.168,1.169,41037600,47972937.8638
2026-09-16 09:58:00,1.17,1.17,1.167,1.168,28559600,33373286.4526
2026-09-16 09:59:00,1.168,1.168,1.166,1.167,10839300,12649575.4023
2026-09-16 10:00:00,1.167,1.167,1.166,1.167,12588700,14678984.7464
2026-09-16 10:01:00,1.166,1.167,1.166,1.167,4423700,5160508.1007
2026-09-16 10:02:00,1.167,1.167,1.165,1.167,21454800,25016311.1436
2026-09-16 10:03:00,1.166,1.168,1.166,1.168,18216500,21256699.208
2026-09-16 10:04:00,1.168,1.17,1.167,1.169,15183700,17745706.7402
2026-09-16 10:05:00,1.17,1.171,1.17,1.17,8243100,9644556.4557
2026-09-16 10:06:00,1.171,1.171,1.169,1.17,13872900,16231282.5876
2026-09-16 10:07:00,1.17,1.17,1.169,1.169,6518100,7625965.4835
2026-09-16 10:08:00,1.169,1.171,1.169,1.17,22635700,26483735.8289
2026-09-16 10:09:00,1.17,1.172,1.17,1.172,9946400,11647285.7596
2026-09-16 10:10:00,1.172,1.173,1.172,1.172,16841500,19745018.1948
2026-09-16 10:11:00,1.172,1.174,1.172,1.173,30963500,36319581.0238
2026-09-16 10:12:00,1.173,1.173,1.172,1.173,1309000,1534298.8722
2026-09-16 10:13:00,1.173,1.173,1.171,1.171,26139400,30632348.9005
2026-09-16 10:14:00,1.172,1.172,1.17,1.17,36565700,42798722.7241
2026-09-16 10:15:00,1.17,1.17,1.169,1.17,27804500,32530174.1946
2026-09-16 10:16:00,1.171,1.171,1.169,1.17,24282300,28410290.5121
2026-09-16 10:17:00,1.17,1.171,1.169,1.17,7960200,9312308.4972
2026-09-16 10:18:00,1.17,1.171,1.17,1.17,15358400,17969332.298
2026-09-16 10:19:00,1.17,1.171,1.17,1.17,8397300,9824883.4437
2026-09-16 10:20:00,1.171,1.171,1.17,1.17,3881800,4541721.5002
2026-09-16 10:21:00,1.171,1.171,1.169,1.17,7067700,8266304.7538
2026-09-16 10:22:00,1.169,1.17,1.169,1.169,24206700,28297946.852
2026-09-16 10:23:00,1.17,1.17,1.169,1.169,22346600,26143538.8259
2026-09-16 10:24:00,1.169,1.17,1.169,1.17,2445100,2858329.168
2026-09-16 10:25:00,1.17,1.171,1.169,1.17,36165600,42313751.1565
2026-09-16 10:26:00,1.171,1.172,1.171,1.172,21506700,25184379.0512
2026-09-16 10:27:00,1.172,1.172,1.17,1.17,9810400,11482430.1696
2026-09-16 10:28:00,1.17,1.171,1.17,1.171,6581600,7700534.6919
2026-09-16 10:29:00,1.171,1.171,1.17,1.171,138500,162131.5961
2026-09-16 10:30:00,1.171,1.171,1.171,1.171,14046300,16448217.3356
2026-09-16 10:31:00,1.172,1.172,1.171,1.172,981700,1150044.0207
2026-09-16 10:32:00,1.172,1.173,1.171,1.172,2769100,3245374.9884
2026-09-16 10:33:00,1.173,1.174,1.173,1.174,9075000,10645027.0683
2026-09-16 10:34:00,1.173,1.174,1.173,1.173,348600,408948.9979
2026-09-16 10:35:00,1.174,1.175,1.174,1.175,19981100,23462964.8012
2026-09-16 10:36:00,1.175,1.177,1.175,1.176,30097000,35388943.2619
2026-09-16 10:37:00,1.176,1.176,1.174,1.174,24062800,28267780.2287
2026-09-16 10:38:00,1.175,1.176,1.174,1.175,16297800,19149898.591
2026-09-16 10:39:00,1.175,1.175,1.174,1.174,1113500,1307277.6162
2026-09-16 10:40:00,1.174,1.175,1.173,1.173,24374500,28615574.28
2026-09-16 10:41:00,1.173,1.174,1.173,1.173,8583100,10068003.8957
2026-09-16 10:42:00,1.174,1.174,1.173,1.174,254200,298423.2997
2026-09-16 10:43:00,1.174,1.175,1.173,1.174,10259700,12044923.0364
2026-09-16 10:44:00,1.174,1.175,1.174,1.175,27220300,31956643.2395
2026-09-16 10:45:00,1.175,1.175,1.174,1.175,96900,113779.499
2026-09-16 10:46:00,1.175,1.176,1.175,1.175,53397800,62742415.8698
2026-09-16 10:47:00,1.175,1.176,1.174,1.175,12140000,14264501.4028
2026-09-16 10:48:00,1.176,1.176,1.175,1.175,164400,193187.3902
2026-09-16 10:49:00,1.175,1.176,1.175,1.176,11760900,13819108.8284
2026-09-16 10:50:00,1.175,1.176,1.175,1.176,484800,569765.7996
2026-09-16 10:51:00,1.176,1.177,1.175,1.177,15414700,18138677.3946
2026-09-16 10:52:00,1.177,1.179,1.177,1.179,3569200,4204547.5918
2026-09-16 10:53:00,1.179,1.179,1.177,1.177,29241200,34422330.4311
2026-09-16 10:54:00,1.177,1.178,1.176,1.176,17684400,20801692.1622
2026-09-16 10:55:00,1.176,1.176,1.175,1.176,11030300,12971612.6583
2026-09-16 10:56:00,1.176,1.177,1.176,1.176,2430300,2858036.1404
2026-09-16 10:57:00,1.176,1.177,1.176,1.176,236500,278131.2002
2026-09-16 10:58:00,1.176,1.177,1.176,1.176,211600,248864.2002
2026-09-16 10:59:00,1.177,1.177,1.175,1.176,18311000,21533491.578
2026-09-16 11:00:00,1.176,1.176,1.175,1.176,20758700,24412230.8976
2026-09-16 11:01:00,1.177,1.179,1.176,1.178,22505700,26503019.7005
2026-09-16 11:02:00,1.179,1.179,1.178,1.179,223100,262961.4037
2026-09-16 11:03:00,1.179,1.18,1.178,1.179,5441700,6418057.2467
2026-09-16 11:04:00,1.179,1.18,1.178,1.18,46778100,55151546.6569
2026-09-16 11:05:00,1.179,1.18,1.179,1.179,23348600,27528096.3741
2026-09-16 11:06:00,1.179,1.18,1.179,1.18,21902800,25823415.3181
2026-09-16 11:07:00,1.18,1.181,1.179,1.181,12481900,14729121.8407
2026-09-16 11:08:00,1.18,1.181,1.18,1.181,7319100,8636719.3724
2026-09-16 11:09:00,1.18,1.181,1.18,1.18,653000,770801.7632
2026-09-16 11:10:00,1.181,1.181,1.179,1.179,5664600,6684029.254
2026-09-16 11:11:00,1.179,1.18,1.179,1.18,42113300,49693464.3885
2026-09-16 11:12:00,1.18,1.182,1.18,1.181,15414000,18203668.2654
2026-09-16 11:13:00,1.181,1.181,1.18,1.181,1195600,1411900.5708
2026-09-16 11:14:00,1.181,1.181,1.179,1.18,17150700,20237803.0095
2026-09-16 11:15:00,1.181,1.182,1.18,1.181,49116700,58006717.9654
2026-09-16 11:16:00,1.181,1.181,1.18,1.18,3215500,3794337.658
2026-09-16 11:17:00,1.18,1.181,1.179,1.18,17933500,21161592.3328
2026-09-16 11:18:00,1.179,1.18,1.179,1.18,17015600,20078356.7763
2026-09-16 11:19:00,1.18,1.181,1.18,1.181,11655300,13764869.178
2026-09-16 11:20:00,1.18,1.182,1.18,1.181,10762600,12710623.8695
2026-09-16 11:21:00,1.181,1.183,1.181,1.183,8642800,10215867.277
2026-09-16 11:22:00,1.183,1.184,1.183,1.183,5634300,6665583.5589
2026-09-16 11:23:00,1.184,1.184,1.183,1.184,1745900,2067072.6107
2026-09-16 11:24:00,1.183,1.185,1.183,1.184,38748200,45878216.9106
2026-09-16 11:25:00,1.184,1.185,1.184,1.184,14995500,17754859.5217
2026-09-16 11:26:00,1.184,1.186,1.184,1.185,14848300,17595149.0203
2026-09-16 11:27:00,1.185,1.187,1.185,1.186,34573300,41003733.3851
2026-09-16 11:28:00,1.186,1.187,1.185,1.186,14789600,17535323.8658
2026-09-16 11:29:00,1.185,1.187,1.185,1.186,26017600,30856718.0544
2026-09-16 11:30:00,1.186,1.187,1.185,1.186,7702500,9135740.4234
2026-09-16 13:01:00,1.186,1.187,1.184,1.185,14534800,17224787.8599
2026-09-16 13:02:00,1.186,1.186,1.184,1.184,12335000,14606358.3802
2026-09-16 13:03:00,1.184,1.185,1.184,1.184,5369700,6357831.766
2026-09-16 13:04:00,1.184,1.185,1.183,1.183,9971200,11805906.4826
2026-09-16 13:05:00,1.183,1.184,1.183,1.183,184600,218387.6944
2026-09-16 13:06:00,1.183,1.184,1.183,1.183,15316000,18133560.0649
2026-09-16 13:07:00,1.184,1.184,1.183,1.183,13388300,15838373.7559
2026-09-16 13:08:00,1.183,1.183,1.182,1.183,3356900,3971164.1395
2026-09-16 13:09:00,1.182,1.183,1.182,1.183,25684200,30384362.3962
2026-09-16 13:10:00,1.183,1.184,1.183,1.184,11093600,13133114.7788
2026-09-16 13:11:00,1.184,1.185,1.184,1.185,9436600,11180677.5898
2026-09-16 13:12:00,1.184,1.185,1.184,1.184,7990900,9461284.5131
2026-09-16 13:13:00,1.184,1.185,1.184,1.184,7123900,8434701.7912
2026-09-16 13:14:00,1.185,1.185,1.183,1.183,4412300,5224170.5593
2026-09-16 13:15:00,1.184,1.184,1.184,1.184,10167400,12038201.8226
2026-09-16 13:16:00,1.184,1.184,1.182,1.182,17865500,21135063.9749
2026-09-16 13:17:00,1.183,1.184,1.182,1.184,1698400,2009218.7976
2026-09-16 13:18:00,1.184,1.184,1.183,1.184,2855900,3378548.1677
2026-09-16 13:19:00,1.183,1.184,1.183,1.184,1109700,1312778.5963
2026-09-16 13:20:00,1.183,1.184,1.183,1.183,17559900,20773361.9283
2026-09-16 13:21:00,1.184,1.184,1.183,1.184,5344800,6328228.1421
2026-09-16 13:22:00,1.184,1.184,1.183,1.183,8543300,10110004.865
2026-09-16 13:23:00,1.183,1.184,1.183,1.183,20840900,24655184.393
2026-09-16 13:24:00,1.182,1.183,1.182,1.183,318800,376828.8207
2026-09-16 13:25:00,1.182,1.183,1.181,1.182,5511900,6514354.4311
2026-09-16 13:26:00,1.182,1.182,1.181,1.181,4159100,4912018.1047
2026-09-16 13:27:00,1.181,1.182,1.181,1.182,5935400,7014327.7422
2026-09-16 13:28:00,1.181,1.182,1.181,1.181,4083400,4826477.9841
2026-09-16 13:29:00,1.182,1.183,1.181,1.181,20169600,23837469.8122
2026-09-16 13:30:00,1.182,1.182,1.181,1.181,271300,320415.3047
2026-09-16 13:31:00,1.182,1.182,1.181,1.181,10489700,12397822.9791
2026-09-16 13:32:00,1.182,1.182,1.181,1.182,83800,99018.101
2026-09-16 13:33:00,1.181,1.182,1.181,1.181,24758700,29240025.0361
2026-09-16 13:34:00,1.181,1.183,1.181,1.183,2824300,3338324.2842
2026-09-16 13:35:00,1.182,1.183,1.182,1.183,9746300,11527872.8667
2026-09-16 13:36:00,1.182,1.183,1.182,1.183,263500,311490.0068
2026-09-16 13:37:00,1.183,1.184,1.183,1.183,11985800,14179207.9749
2026-09-16 13:38:00,1.183,1.183,1.182,1.182,12851900,15197755.5763
2026-09-16 13:39:00,1.182,1.183,1.182,1.183,6016400,7117334.7844
2026-09-16 13:40:00,1.183,1.184,1.183,1.184,7449600,8820262.9896
2026-09-16 13:41:00,1.184,1.185,1.184,1.184,10752900,12731616.9814
2026-09-16 13:42:00,1.184,1.184,1.183,1.184,2392800,2831062.2752
2026-09-16 13:43:00,1.183,1.184,1.183,1.184,3598700,4260693.244
2026-09-16 13:44:00,1.184,1.184,1.184,1.184,3446300,4080419.2456
2026-09-16 13:45:00,1.184,1.185,1.184,1.185,6163400,7303498.1331
2026-09-16 13:46:00,1.185,1.186,1.185,1.186,2558200,3031476.9327
2026-09-16 13:47:00,1.186,1.187,1.185,1.186,18187200,21569901.6247
2026-09-16 13:48:00,1.186,1.186,1.185,1.186,5015000,5947419.4376
2026-09-16 13:49:00,1.185,1.186,1.185,1.185,17772300,21060186.4406
2026-09-16 13:50:00,1.185,1.185,1.184,1.185,2872500,3403903.632
2026-09-16 13:51:00,1.185,1.185,1.184,1.185,395300,468409.4792
2026-09-16 13:52:00,1.184,1.186,1.184,1.185,10300100,12205524.7815
2026-09-16 13:53:00,1.185,1.186,1.185,1.185,11176400,13244085.3936
2026-09-16 13:54:00,1.185,1.186,1.185,1.185,9388800,11125747.3115
2026-09-16 13:55:00,1.185,1.186,1.185,1.185,136000,161190.5902
2026-09-16 13:56:00,1.185,1.186,1.185,1.185,2869600,3401343.4566
2026-09-16 13:57:00,1.186,1.186,1.185,1.185,202200,239757.7933
2026-09-16 13:58:00,1.185,1.186,1.184,1.184,7158300,8482516.3922
2026-09-16 13:59:00,1.185,1.185,1.184,1.185,7828300,9270564.1116
2026-09-16 14:00:00,1.184,1.185,1.184,1.185,940000,1113380.7001
2026-09-16 14:01:00,1.185,1.185,1.184,1.184,3626200,4296449.1174
2026-09-16 14:02:00,1.184,1.185,1.184,1.184,12644700,14971333.5064
2026-09-16 14:03:00,1.184,1.184,1.183,1.184,4244500,5024283.0591
2026-09-16 14:04:00,1.183,1.183,1.183,1.183,49400,58440.1983
2026-09-16 14:05:00,1.183,1.184,1.183,1.183,7028800,8315073.6866
2026-09-16 14:06:00,1.183,1.183,1.183,1.183,1511200,1787749.5641
2026-09-16 14:07:00,1.183,1.184,1.183,1.184,5835200,6908853.8579
2026-09-16 14:08:00,1.184,1.185,1.184,1.184,4292700,5082576.9152
2026-09-16 14:09:00,1.184,1.184,1.184,1.184,2961900,3506889.6352
2026-09-16 14:10:00,1.184,1.184,1.183,1.184,3643900,4314127.6352
2026-09-16 14:11:00,1.184,1.184,1.183,1.184,2854500,3379704.3147
2026-09-16 14:12:00,1.185,1.185,1.184,1.185,36500,43233.2993
2026-09-16 14:13:00,1.185,1.185,1.185,1.185,60000,71099.9961
2026-09-16 14:14:00,1.185,1.185,1.184,1.184,155500,184115.4997
2026-09-16 14:15:00,1.185,1.185,1.184,1.184,104800,124107.8986
2026-09-16 14:16:00,1.184,1.185,1.184,1.184,12024800,14237463.4348
2026-09-16 14:17:00,1.184,1.185,1.184,1.184,1091100,1291864.2042
2026-09-16 14:18:00,1.185,1.185,1.184,1.184,1761600,2085736.307
2026-09-16 14:19:00,1.185,1.185,1.184,1.185,509400,603159.0145
2026-09-16 14:20:00,1.184,1.185,1.184,1.185,977600,1157514.9961
2026-09-16 14:21:00,1.185,1.185,1.184,1.184,6287800,7450752.1362
2026-09-16 14:22:00,1.184,1.184,1.184,1.184,110000,130240.0
2026-09-16 14:23:00,1.185,1.185,1.184,1.184,13804300,16344638.3704
2026-09-16 14:24:00,1.184,1.184,1.184,1.184,2453800,2905299.2175
2026-09-16 14:25:00,1.184,1.184,1.183,1.184,80200,94946.4004
2026-09-16 14:26:00,1.184,1.184,1.183,1.184,3031700,3586501.8297
2026-09-16 14:27:00,1.184,1.184,1.183,1.183,40200,47558.2001
2026-09-16 14:28:00,1.183,1.184,1.183,1.183,2837000,3356249.736
2026-09-16 14:29:00,1.183,1.183,1.182,1.183,4921400,5821911.6458
2026-09-16 14:30:00,1.183,1.184,1.183,1.184,1768200,2091782.3895
2026-09-16 14:31:00,1.184,1.184,1.183,1.184,1642300,1944457.0029
2026-09-16 14:32:00,1.184,1.185,1.184,1.185,262800,311413.2814
2026-09-16 14:33:00,1.185,1.185,1.184,1.185,26000,30805.2998
2026-09-16 14:34:00,1.185,1.185,1.184,1.184,4271200,5057131.9218
2026-09-16 14:35:00,1.184,1.185,1.184,1.184,3411600,4039344.5096
2026-09-16 14:36:00,1.185,1.185,1.184,1.184,589900,698635.6873
2026-09-16 14:37:00,1.184,1.185,1.184,1.184,248200,293888.9054
2026-09-16 14:38:00,1.184,1.185,1.184,1.184,434000,513856.1067
2026-09-16 14:39:00,1.185,1.185,1.184,1.185,35400,41923.6994
2026-09-16 14:40:00,1.184,1.185,1.184,1.185,1007200,1192907.2718
2026-09-16 14:41:00,1.185,1.185,1.184,1.184,438600,519556.7901
2026-09-16 14:42:00,1.185,1.185,1.184,1.184,3437100,4072612.8511
2026-09-16 14:43:00,1.185,1.185,1.184,1.185,2197700,2604271.3322
2026-09-16 14:44:00,1.185,1.186,1.185,1.185,5210400,6174379.6799
2026-09-16 14:45:00,1.186,1.186,1.185,1.186,401700,476315.6995
2026-09-16 14:46:00,1.186,1.186,1.185,1.185,228400,270780.4973
2026-09-16 14:47:00,1.185,1.186,1.185,1.185,435600,516215.1956
2026-09-16 14:48:00,1.185,1.186,1.185,1.186,737800,874425.7559
2026-09-16 14:49:00,1.185,1.186,1.185,1.185,1056000,1251707.543
2026-09-16 14:50:00,1.186,1.186,1.185,1.186,1215200,1440107.3196
2026-09-16 14:51:00,1.186,1.186,1.185,1.185,2667600,3161368.3255
2026-09-16 14:52:00,1.185,1.186,1.184,1.184,9800800,11612323.7337
2026-09-16 14:53:00,1.185,1.185,1.184,1.184,1585500,1877358.7164
2026-09-16 14:54:00,1.184,1.185,1.184,1.185,14319300,16968023.749
2026-09-16 14:55:00,1.185,1.185,1.184,1.185,7832800,9280646.7468
2026-09-16 14:56:00,1.185,1.186,1.184,1.186,4865000,5765155.1858
2026-09-16 14:57:00,1.186,1.186,1.185,1.186,900800,1068048.1834
2026-09-16 15:00:00,1.186,1.186,1.186,1.186,1390300,1648895.7922
2026-09-17 09:31:00,1.181,1.186,1.18,1.186,7251100,8579003.8427
2026-09-17 09:32:00,1.187,1.188,1.186,1.187,2401700,2850887.4079
2026-09-17 09:33:00,1.187,1.189,1.187,1.189,6200600,7368033.894
2026-09-17 09:34:00,1.189,1.191,1.189,1.19,10032200,11938749.3562
2026-09-17 09:35:00,1.19,1.191,1.189,1.189,5638200,6705892.9196
2026-09-17 09:36:00,1.189,1.19,1.188,1.189,7215700,8579524.5726
2026-09-17 09:37:00,1.19,1.191,1.189,1.19,9197500,10945130.3699
2026-09-17 09:38:00,1.191,1.192,1.19,1.19,5482300,6528612.7727
2026-09-17 09:39:00,1.19,1.191,1.188,1.189,12908800,15352610.2494
2026-09-17 09:40:00,1.189,1.189,1.187,1.187,2978700,3536675.8844
2026-09-17 09:41:00,1.188,1.189,1.187,1.189,6241800,7415015.7407
2026-09-17 09:42:00,1.188,1.189,1.186,1.187,8948000,10623796.4435
2026-09-17 09:43:00,1.187,1.188,1.187,1.188,14541400,17275140.7851
2026-09-17 09:44:00,1.188,1.189,1.187,1.189,19766100,23482079.7956
2026-09-17 09:45:00,1.188,1.189,1.188,1.189,7231300,8594626.287
2026-09-17 09:46:00,1.189,1.189,1.188,1.189,12169500,14460040.5565
2026-09-17 09:47:00,1.189,1.189,1.187,1.188,22784100,27067575.5248
2026-09-17 09:48:00,1.188,1.188,1.187,1.187,33975800,40363091.6671
2026-09-17 09:49:00,1.187,1.187,1.185,1.186,8951600,10622143.4998
2026-09-17 09:50:00,1.186,1.187,1.186,1.186,7279800,8633844.5085
2026-09-17 09:51:00,1.187,1.187,1.184,1.184,20377800,24158301.9742
2026-09-17 09:52:00,1.184,1.185,1.184,1.184,2360200,2796612.5045
2026-09-17 09:53:00,1.184,1.184,1.183,1.184,15312900,18127661.4618
2026-09-17 09:54:00,1.183,1.185,1.183,1.184,24644100,29178619.6859
2026-09-17 09:55:00,1.185,1.185,1.183,1.183,15626300,18494651.0628
2026-09-17 09:56:00,1.183,1.184,1.183,1.183,19019300,22511175.6623
2026-09-17 09:57:00,1.183,1.183,1.182,1.182,572400,676587.6184
2026-09-17 09:58:00,1.182,1.183,1.181,1.183,11118200,13141287.1751
2026-09-17 09:59:00,1.183,1.183,1.181,1.182,17146400,20267231.0283
2026-09-17 10:00:00,1.182,1.183,1.182,1.182,2183000,2580340.0961
2026-09-17 10:01:00,1.183,1.183,1.182,1.182,35469700,41925261.0299
2026-09-17 10:02:00,1.182,1.182,1.181,1.182,616400,728021.8068
2026-09-17 10:03:00,1.181,1.182,1.18,1.181,17626700,20816672.9389
2026-09-17 10:04:00,1.181,1.181,1.18,1.18,51761600,61108735.6123
2026-09-17 10:05:00,1.181,1.183,1.181,1.183,7270400,8590717.9571
2026-09-17 10:06:00,1.182,1.183,1.182,1.183,20669000,24449331.0375
2026-09-17 10:07:00,1.183,1.183,1.182,1.182,8323500,9838452.6497
2026-09-17 10:08:00,1.182,1.182,1.181,1.181,19513900,23065359.1467
2026-09-17 10:09:00,1.181,1.182,1.181,1.182,7146200,8446308.3541
2026-09-17 10:10:00,1.182,1.182,1.181,1.181,6590600,7783623.2093
2026-09-17 10:11:00,1.182,1.182,1.18,1.181,11010100,13002785.3021
2026-09-17 10:12:00,1.182,1.182,1.181,1.181,17112600,20210022.1408
2026-09-17 10:13:00,1.182,1.182,1.18,1.181,3373200,3983726.4643
2026-09-17 10:14:00,1.181,1.181,1.178,1.18,16373600,19308672.1693
2026-09-17 10:15:00,1.179,1.18,1.179,1.179,300900,354993.2824
2026-09-17 10:16:00,1.18,1.18,1.179,1.179,2233000,2632795.6612
2026-09-17 10:17:00,1.179,1.18,1.179,1.179,274400,323521.7033
2026-09-17 10:18:00,1.179,1.18,1.179,1.18,20227500,23848223.549
2026-09-17 10:19:00,1.179,1.179,1.178,1.179,10736300,12654054.5338
2026-09-17 10:20:00,1.179,1.179,1.178,1.179,117200,138077.3992
2026-09-17 10:21:00,1.179,1.18,1.178,1.179,5601600,6604299.0403
2026-09-17 10:22:00,1.179,1.18,1.179,1.18,2283900,2694669.7217
2026-09-17 10:23:00,1.18,1.181,1.179,1.181,9625300,11357730.3487
2026-09-17 10:24:00,1.18,1.181,1.179,1.181,11188900,13202983.3606
2026-09-17 10:25:00,1.181,1.181,1.179,1.18,8821900,10409823.8589
2026-09-17 10:26:00,1.18,1.18,1.179,1.18,4031400,4753112.1356
2026-09-17 10:27:00,1.179,1.18,1.179,1.18,18799500,22183393.1647
2026-09-17 10:28:00,1.18,1.181,1.18,1.18,11579400,13663728.9275
2026-09-17 10:29:00,1.181,1.181,1.18,1.181,28500,33656.4999
2026-09-17 10:30:00,1.181,1.181,1.18,1.181,481100,567980.4904
2026-09-17 10:31:00,1.181,1.182,1.181,1.181,19511000,23042563.1248
2026-09-17 10:32:00,1.181,1.181,1.18,1.18,4986300,5885654.4903
2026-09-17 10:33:00,1.18,1.181,1.18,1.181,15360400,18125287.2332
2026-09-17 10:34:00,1.181,1.181,1.18,1.181,13223500,15607775.7031
2026-09-17 10:35:00,1.181,1.181,1.18,1.181,10996300,12986604.1129
2026-09-17 10:36:00,1.182,1.182,1.181,1.182,13776000,16269462.5075
2026-09-17 10:37:00,1.182,1.182,1.182,1.182,144900,171271.8052
2026-09-17 10:38:00,1.182,1.183,1.182,1.183,19932300,23559988.9554
2026-09-17 10:39:00,1.183,1.183,1.182,1.182,2588600,3059773.869
2026-09-17 10:40:00,1.182,1.183,1.182,1.183,109900,129955.7007
2026-09-17 10:41:00,1.183,1.183,1.182,1.182,36955700,43681671.434
2026-09-17 10:42:00,1.182,1.183,1.182,1.182,15512300,18335549.9846
2026-09-17 10:43:00,1.182,1.183,1.182,1.182,13928600,16463606.4793
2026-09-17 10:44:00,1.183,1.183,1.182,1.182,8085400,9557002.6473
2026-09-17 10:45:00,1.182,1.183,1.182,1.183,6530200,7718697.6657
2026-09-17 10:46:00,1.183,1.183,1.182,1.183,34000,40212.2003
2026-09-17 10:47:00,1.183,1.183,1.182,1.182,7078700,8367032.9276
2026-09-17 10:48:00,1.182,1.182,1.181,1.182,422900,499449.0961
2026-09-17 10:49:00,1.182,1.182,1.181,1.182,5114600,6045456.9906
2026-09-17 10:50:00,1.182,1.183,1.182,1.183,195700,231323.0006
2026-09-17 10:51:00,1.183,1.183,1.182,1.183,7500,8870.5
2026-09-17 10:52:00,1.183,1.183,1.183,1.183,1900,2247.7
2026-09-17 10:53:00,1.182,1.183,1.182,1.183,3129800,3699426.1746
2026-09-17 10:54:00,1.183,1.183,1.182,1.183,12700,15018.5002
2026-09-17 10:55:00,1.183,1.183,1.183,1.183,6600,7807.7998
2026-09-17 10:56:00,1.182,1.183,1.182,1.182,50748400,59984614.4418
2026-09-17 10:57:00,1.182,1.183,1.181,1.183,22195700,26234600.4987
2026-09-17 10:58:00,1.183,1.183,1.181,1.182,65701800,77659508.2872
2026-09-17 10:59:00,1.183,1.183,1.183,1.183,100,118.3
2026-09-17 11:00:00,1.183,1.184,1.182,1.184,17343200,20517003.4766
2026-09-17 11:01:00,1.184,1.184,1.183,1.184,14731500,17442045.1443
2026-09-17 11:02:00,1.184,1.185,1.183,1.183,10139300,11998750.6158
2026-09-17 11:03:00,1.183,1.183,1.183,1.183,5578400,6599247.0517
2026-09-17 11:04:00,1.183,1.183,1.183,1.183,33100,39157.3
2026-09-17 11:05:00,1.183,1.183,1.183,1.183,8600,10173.7999
2026-09-17 11:06:00,1.182,1.183,1.182,1.183,160900,190212.1053
2026-09-17 11:07:00,1.183,1.183,1.182,1.183,207500,245268.7093
2026-09-17 11:08:00,1.183,1.183,1.182,1.182,11493600,13585448.976
2026-09-17 11:09:00,1.182,1.182,1.181,1.182,10028600,11853603.6125
2026-09-17 11:10:00,1.182,1.182,1.181,1.182,111900,132200.4001
2026-09-17 11:11:00,1.181,1.181,1.181,1.181,25500,30115.5
2026-09-17 11:12:00,1.182,1.182,1.181,1.181,29105500,34373600.0114
2026-09-17 11:13:00,1.18,1.182,1.18,1.182,6410100,7570336.9968
2026-09-17 11:14:00,1.181,1.181,1.18,1.181,4523800,5342603.5671
2026-09-17 11:15:00,1.181,1.181,1.18,1.181,2042000,2409561.9956
2026-09-17 11:16:00,1.181,1.181,1.18,1.181,28500,33638.498
2026-09-17 11:17:00,1.181,1.181,1.181,1.181,2800,3306.7999
2026-09-17 11:18:00,1.181,1.181,1.18,1.181,39830600,47036863.1618
2026-09-17 11:19:00,1.181,1.181,1.18,1.18,7870200,9286836.5255
2026-09-17 11:20:00,1.18,1.18,1.18,1.18,34299700,40473644.2778
2026-09-17 11:21:00,1.18,1.18,1.179,1.18,1792900,2115620.5574
2026-09-17 11:22:00,1.18,1.181,1.18,1.181,17807400,21015511.008
2026-09-17 11:23:00,1.181,1.182,1.18,1.181,23793300,28099885.0397
2026-09-17 11:24:00,1.181,1.181,1.181,1.181,36544700,43159290.4143
2026-09-17 11:25:00,1.181,1.182,1.181,1.182,5827600,6882401.0407
2026-09-17 11:26:00,1.182,1.182,1.181,1.181,5358300,6328166.5225
2026-09-17 11:27:00,1.181,1.181,1.18,1.181,28955600,34196561.0211
2026-09-17 11:28:00,1.181,1.181,1.18,1.181,1101900,1301341.9844
2026-09-17 11:29:00,1.181,1.182,1.181,1.181,7318500,8643152.064
2026-09-17 11:30:00,1.181,1.182,1.181,1.182,7153600,8448548.5583
2026-09-17 13:01:00,1.182,1.183,1.181,1.183,22682100,26824576.3739
2026-09-17 13:02:00,1.183,1.183,1.182,1.183,24106900,28518392.0525
2026-09-17 13:03:00,1.183,1.184,1.183,1.184,6964400,8238916.8311
2026-09-17 13:04:00,1.183,1.183,1.182,1.182,15572000,18410194.871
2026-09-17 13:05:00,1.182,1.184,1.182,1.183,16339400,19327848.5077
2026-09-17 13:06:00,1.183,1.183,1.183,1.183,5547800,6563047.2371
2026-09-17 13:07:00,1.183,1.183,1.182,1.182,7874500,9308933.1848
2026-09-17 13:08:00,1.182,1.183,1.181,1.181,15976300,18883988.2693
2026-09-17 13:09:00,1.181,1.182,1.181,1.181,3065800,3620711.8241
2026-09-17 13:10:00,1.181,1.181,1.18,1.181,10531600,12437415.6996
2026-09-17 13:11:00,1.182,1.182,1.182,1.182,332400,392896.8
2026-09-17 13:12:00,1.182,1.182,1.181,1.181,3979800,4700344.8333
2026-09-17 13:13:00,1.182,1.182,1.181,1.182,8661400,10237774.2655
2026-09-17 13:14:00,1.183,1.184,1.182,1.183,21828700,25823339.9348
2026-09-17 13:15:00,1.183,1.183,1.182,1.183,263200,311305.6
2026-09-17 13:16:00,1.183,1.184,1.183,1.183,6764700,8002756.4497
2026-09-17 13:17:00,1.183,1.184,1.183,1.184,1106100,1309568.0956
2026-09-17 13:18:00,1.183,1.184,1.183,1.184,6155600,7288222.9254
2026-09-17 13:19:00,1.185,1.185,1.183,1.183,15017400,17780597.906
2026-09-17 13:20:00,1.184,1.185,1.184,1.184,7587700,8983846.9636
2026-09-17 13:21:00,1.185,1.185,1.184,1.185,96300,114114.9943
2026-09-17 13:22:00,1.185,1.185,1.184,1.185,91500,108394.0954
2026-09-17 13:23:00,1.184,1.186,1.184,1.185,7060000,8366101.9058
2026-09-17 13:24:00,1.185,1.185,1.184,1.184,15840400,18763350.5131
2026-09-17 13:25:00,1.184,1.184,1.183,1.184,6700000,7932794.8144
2026-09-17 13:26:00,1.184,1.185,1.184,1.185,4706600,5573614.3319
2026-09-17 13:27:00,1.185,1.185,1.184,1.184,5924700,7014877.061
2026-09-17 13:28:00,1.184,1.184,1.183,1.184,8862800,10493545.4246
2026-09-17 13:29:00,1.185,1.186,1.185,1.185,8352800,9898069.4471
2026-09-17 13:30:00,1.185,1.185,1.184,1.184,8146400,9652451.3275
2026-09-17 13:31:00,1.185,1.185,1.184,1.184,47000,55659.8003
2026-09-17 13:32:00,1.184,1.184,1.183,1.183,55562100,65766147.6104
2026-09-17 13:33:00,1.184,1.185,1.183,1.184,22782000,26964830.8635
2026-09-17 13:34:00,1.184,1.184,1.183,1.183,12086900,14304873.3195
2026-09-17 13:35:00,1.183,1.184,1.183,1.184,5103400,6039519.9611
2026-09-17 13:36:00,1.184,1.184,1.182,1.183,28847800,34126271.888
2026-09-17 13:37:00,1.184,1.184,1.182,1.183,15359800,18170641.6125
2026-09-17 13:38:00,1.183,1.183,1.182,1.183,6857800,8112777.1036
2026-09-17 13:39:00,1.183,1.183,1.183,1.183,43200,51105.6
2026-09-17 13:40:00,1.182,1.183,1.182,1.183,13400,15846.0001
2026-09-17 13:41:00,1.183,1.183,1.183,1.183,5099700,6032944.9935
2026-09-17 13:42:00,1.182,1.183,1.182,1.183,12590500,14882721.347
2026-09-17 13:43:00,1.182,1.183,1.182,1.183,2098200,2480073.386
2026-09-17 13:44:00,1.183,1.183,1.182,1.182,6246000,7382773.3548
2026-09-17 13:45:00,1.182,1.183,1.182,1.183,7986700,9440284.7418
2026-09-17 13:46:00,1.182,1.182,1.181,1.182,12369600,14620862.4567
2026-09-17 13:47:00,1.182,1.182,1.181,1.181,92700,109496.2009
2026-09-17 13:48:00,1.182,1.182,1.181,1.182,17725600,20951644.9535
2026-09-17 13:49:00,1.182,1.182,1.182,1.182,13689000,16180398.4894
2026-09-17 13:50:00,1.183,1.183,1.182,1.182,11934300,14106348.2961
2026-09-17 13:51:00,1.182,1.183,1.181,1.181,3380500,3995256.9395
2026-09-17 13:52:00,1.181,1.182,1.181,1.181,115300,136174.3018
2026-09-17 13:53:00,1.181,1.182,1.181,1.182,8920400,10543908.1233
2026-09-17 13:54:00,1.182,1.183,1.182,1.182,17346100,20503094.9201
2026-09-17 13:55:00,1.182,1.182,1.181,1.181,10080000,11911920.7426
2026-09-17 13:56:00,1.181,1.182,1.181,1.182,2654300,3134743.8026
2026-09-17 13:57:00,1.182,1.182,1.181,1.181,984700,1162946.5851
2026-09-17 13:58:00,1.181,1.182,1.181,1.181,14744700,17413491.9313
2026-09-17 13:59:00,1.181,1.181,1.18,1.181,4604700,5437203.4928
2026-09-17 14:00:00,1.18,1.181,1.18,1.181,6939700,8188847.025
2026-09-17 14:01:00,1.181,1.181,1.179,1.179,34367100,40552630.3314
2026-09-17 14:02:00,1.18,1.18,1.179,1.18,23352300,27555658.9285
2026-09-17 14:03:00,1.181,1.181,1.18,1.18,7003400,8264037.9639
2026-09-17 14:04:00,1.181,1.182,1.18,1.181,18541400,21897059.0589
2026-09-17 14:05:00,1.181,1.182,1.181,1.181,2988000,3528831.475
2026-09-17 14:06:00,1.182,1.182,1.18,1.18,23465800,27713071.4434
2026-09-17 14:07:00,1.18,1.181,1.18,1.18,4769400,5627895.7798
2026-09-17 14:08:00,1.18,1.181,1.18,1.181,1418100,1673393.3269
2026-09-17 14:09:00,1.181,1.181,1.18,1.18,9086300,10721837.647
2026-09-17 14:10:00,1.181,1.181,1.179,1.18,3539400,4175868.4273
2026-09-17 14:11:00,1.179,1.18,1.179,1.179,2353600,2774911.3232
2026-09-17 14:12:00,1.179,1.179,1.178,1.179,9868800,11634560.7954
2026-09-17 14:13:00,1.18,1.18,1.179,1.18,7796800,9195798.4163
2026-09-17 14:14:00,1.18,1.181,1.18,1.181,14239800,16803967.8029
2026-09-17 14:15:00,1.18,1.181,1.18,1.181,5187100,6120779.9301
2026-09-17 14:16:00,1.181,1.181,1.179,1.179,1914100,2258344.2441
2026-09-17 14:17:00,1.179,1.18,1.179,1.18,8904700,10507172.4421
2026-09-17 14:18:00,1.18,1.18,1.18,1.18,6898500,8140229.7114
2026-09-17 14:19:00,1.18,1.181,1.18,1.181,1094600,1291889.8801
2026-09-17 14:20:00,1.18,1.18,1.179,1.18,13621600,16073169.6708
2026-09-17 14:21:00,1.181,1.181,1.179,1.18,7135400,8419758.9196
2026-09-17 14:22:00,1.18,1.181,1.18,1.18,2239300,2642389.9037
2026-09-17 14:23:00,1.181,1.181,1.179,1.18,4671400,5511530.1815
2026-09-17 14:24:00,1.18,1.181,1.18,1.181,1058900,1249518.6337
2026-09-17 14:25:00,1.181,1.181,1.18,1.181,15433000,18225304.1707
2026-09-17 14:26:00,1.181,1.182,1.18,1.18,8977000,10601737.4621
2026-09-17 14:27:00,1.181,1.182,1.181,1.181,4294600,5071933.552
2026-09-17 14:28:00,1.182,1.182,1.181,1.181,4720100,5578155.9285
2026-09-17 14:29:00,1.182,1.182,1.181,1.181,3662800,4326076.335
2026-09-17 14:30:00,1.181,1.182,1.181,1.182,7021700,8292630.0505
2026-09-17 14:31:00,1.182,1.182,1.181,1.181,1185600,1400329.9901
2026-09-17 14:32:00,1.181,1.182,1.181,1.181,1352713,1597576.5686
2026-09-17 14:33:00,1.182,1.182,1.182,1.182,2100,2482.2
2026-09-17 14:34:00,1.182,1.182,1.181,1.182,3586700,4239130.1496
2026-09-17 14:35:00,1.182,1.182,1.182,1.182,4639400,5483771.0117
2026-09-17 14:36:00,1.182,1.182,1.181,1.182,350800,414323.995
2026-09-17 14:37:00,1.182,1.182,1.181,1.181,3945400,4659524.7829
2026-09-17 14:38:00,1.181,1.181,1.18,1.181,353900,417648.1682
2026-09-17 14:39:00,1.181,1.181,1.18,1.181,41800,49345.4982
2026-09-17 14:40:00,1.181,1.181,1.18,1.181,525700,620345.5663
2026-09-17 14:41:00,1.181,1.181,1.18,1.181,550300,649372.657
2026-09-17 14:42:00,1.18,1.181,1.18,1.181,113600,134117.3974
2026-09-17 14:43:00,1.181,1.181,1.18,1.181,49700,58648.1951
2026-09-17 14:44:00,1.181,1.182,1.18,1.181,4964400,5862910.9296
2026-09-17 14:45:00,1.181,1.182,1.181,1.182,3164100,3736803.9418
2026-09-17 14:46:00,1.182,1.182,1.181,1.182,61900,73122.0997
2026-09-17 14:47:00,1.182,1.182,1.181,1.182,2118200,2501678.3771
2026-09-17 14:48:00,1.181,1.181,1.18,1.181,2643200,3121519.1708
2026-09-17 14:49:00,1.181,1.182,1.18,1.181,2108700,2490369.7097
2026-09-17 14:50:00,1.181,1.182,1.181,1.181,2021100,2386921.1001
2026-09-17 14:51:00,1.181,1.181,1.18,1.181,16829800,19875883.7585
2026-09-17 14:52:00,1.181,1.182,1.18,1.182,2726400,3220094.6292
2026-09-17 14:53:00,1.182,1.182,1.181,1.181,7829100,9246372.1124
2026-09-17 14:54:00,1.181,1.182,1.181,1.181,5338500,6304819.7413
2026-09-17 14:55:00,1.182,1.182,1.18,1.181,13700600,16180396.1772
2026-09-17 14:56:00,1.182,1.182,1.181,1.182,195700,231302.1066
2026-09-17 14:57:00,1.182,1.182,1.181,1.182,17320800,20460938.4738
2026-09-17 15:00:00,1.182,1.182,1.182,1.182,215200,254366.4089
2026-09-18 09:31:00,1.189,1.192,1.189,1.191,8203700,9766369.5766
2026-09-18 09:32:00,1.191,1.192,1.19,1.19,3291100,3918920.0519
2026-09-18 09:33:00,1.189,1.19,1.188,1.189,2549800,3030915.2945
2026-09-18 09:34:00,1.188,1.189,1.188,1.189,1338000,1590058.8815
2026-09-18 09:35:00,1.188,1.19,1.188,1.189,6308000,7500829.6117
2026-09-18 09:36:00,1.19,1.19,1.188,1.189,4846500,5762521.4192
2026-09-18 09:37:00,1.189,1.191,1.189,1.19,8106400,9647250.056
2026-09-18 09:38:00,1.189,1.191,1.189,1.19,13497400,16061722.1593
2026-09-18 09:39:00,1.191,1.192,1.19,1.191,7848400,9347502.3397
2026-09-18 09:40:00,1.191,1.192,1.19,1.19,4387000,5225044.6521
2026-09-18 09:41:00,1.191,1.192,1.19,1.191,7367800,8775050.4966
2026-09-18 09:42:00,1.191,1.192,1.19,1.19,10491900,12491850.9802
2026-09-18 09:43:00,1.19,1.191,1.189,1.189,3919200,4663236.5724
2026-09-18 09:44:00,1.189,1.19,1.188,1.19,8065600,9590317.6981
2026-09-18 09:45:00,1.19,1.19,1.188,1.188,20553800,24430688.0279
2026-09-18 09:46:00,1.188,1.189,1.187,1.189,11248200,13363263.1349
2026-09-18 09:47:00,1.189,1.189,1.188,1.188,7709000,9162181.2484
2026-09-18 09:48:00,1.188,1.19,1.188,1.19,17850300,21226828.1577
2026-09-18 09:49:00,1.19,1.192,1.19,1.191,6992900,8328052.3105
2026-09-18 09:50:00,1.192,1.192,1.19,1.19,6076700,7236447.0834
2026-09-18 09:51:00,1.19,1.191,1.189,1.19,18765500,22330948.24
2026-09-18 09:52:00,1.19,1.19,1.188,1.189,9867400,11732334.4281
2026-09-18 09:53:00,1.189,1.189,1.187,1.188,15790100,18758665.3726
2026-09-18 09:54:00,1.188,1.188,1.187,1.188,108000,128261.4972
2026-09-18 09:55:00,1.187,1.188,1.187,1.187,13309000,15810863.5208
2026-09-18 09:56:00,1.187,1.189,1.187,1.187,16950000,20135805.7173
2026-09-18 09:57:00,1.187,1.188,1.186,1.187,21994554,26107300.21
2026-09-18 09:58:00,1.187,1.189,1.187,1.188,5455100,6477342.4518
2026-09-18 09:59:00,1.189,1.19,1.188,1.19,12700100,15100416.8241
2026-09-18 10:00:00,1.19,1.191,1.189,1.19,8185300,9740518.9307
2026-09-18 10:01:00,1.19,1.191,1.19,1.19,1859900,2213375.0514
2026-09-18 10:02:00,1.191,1.191,1.19,1.19,1233300,1468809.3661
2026-09-18 10:03:00,1.19,1.191,1.19,1.19,10822600,12879280.2508
2026-09-18 10:04:00,1.19,1.191,1.189,1.189,4741400,5642568.8227
2026-09-18 10:05:00,1.189,1.189,1.188,1.189,13145000,15629397.1465
2026-09-18 10:06:00,1.188,1.188,1.188,1.188,10600,12592.7998
2026-09-18 10:07:00,1.188,1.189,1.188,1.189,9890000,11759080.4643
2026-09-18 10:08:00,1.189,1.19,1.188,1.188,13925100,16556945.1335
2026-09-18 10:09:00,1.189,1.189,1.189,1.189,9133300,10859493.7374
2026-09-18 10:10:00,1.188,1.189,1.188,1.189,4995800,5939915.8934
2026-09-18 10:11:00,1.189,1.189,1.188,1.189,5863100,6971222.9313
2026-09-18 10:12:00,1.189,1.189,1.188,1.189,2871000,3413455.8697
2026-09-18 10:13:00,1.189,1.191,1.189,1.19,8652700,10296705.4861
2026-09-18 10:14:00,1.19,1.19,1.189,1.189,272600,324138.9013
2026-09-18 10:15:00,1.19,1.19,1.189,1.189,16127000,19191011.2796
2026-09-18 10:16:00,1.19,1.19,1.189,1.189,39316200,46746968.3617
2026-09-18 10:17:00,1.189,1.19,1.189,1.189,28343100,33700007.126
2026-09-18 10:18:00,1.189,1.19,1.189,1.189,6412300,7624225.6126
2026-09-18 10:19:00,1.189,1.189,1.188,1.188,156900,186466.6991
2026-09-18 10:20:00,1.189,1.189,1.188,1.188,10820100,12854297.0984
2026-09-18 10:21:00,1.188,1.188,1.187,1.187,10845700,12884662.6636
2026-09-18 10:22:00,1.188,1.188,1.187,1.188,155700,184893.9995
2026-09-18 10:23:00,1.188,1.188,1.186,1.187,11049600,13115869.7825
2026-09-18 10:24:00,1.188,1.188,1.187,1.188,20927900,24862325.8499
2026-09-18 10:25:00,1.188,1.188,1.187,1.188,3186000,3784873.5405
2026-09-18 10:26:00,1.188,1.188,1.187,1.187,79200,94013.2026
2026-09-18 10:27:00,1.188,1.188,1.187,1.188,221600,263259.9996
2026-09-18 10:28:00,1.187,1.188,1.186,1.186,16549900,19644828.1158
2026-09-18 10:29:00,1.187,1.187,1.186,1.186,67600,80194.8006
2026-09-18 10:30:00,1.187,1.188,1.187,1.187,13364200,15863307.7616
2026-09-18 10:31:00,1.187,1.188,1.186,1.186,35237000,41826287.0518
2026-09-18 10:32:00,1.186,1.188,1.186,1.187,3817300,4531045.4254
2026-09-18 10:33:00,1.187,1.188,1.187,1.188,18810900,22347343.3733
2026-09-18 10:34:00,1.189,1.189,1.188,1.188,22160000,26326081.6169
2026-09-18 10:35:00,1.188,1.189,1.187,1.187,5501200,6535418.2999
2026-09-18 10:36:00,1.188,1.188,1.187,1.187,231100,274346.6073
2026-09-18 10:37:00,1.188,1.188,1.187,1.188,533800,633843.3102
2026-09-18 10:38:00,1.187,1.189,1.187,1.188,20428100,24268568.0363
2026-09-18 10:39:00,1.189,1.189,1.188,1.188,43760700,51987760.5668
2026-09-18 10:40:00,1.189,1.189,1.188,1.189,8692500,10335186.7915
2026-09-18 10:41:00,1.188,1.189,1.188,1.189,93600,111234.2012
2026-09-18 10:42:00,1.189,1.189,1.189,1.189,9176000,10910264.1152
2026-09-18 10:43:00,1.189,1.19,1.189,1.189,6775400,8055953.5625
2026-09-18 10:44:00,1.19,1.19,1.188,1.188,1923400,2286934.16
2026-09-18 10:45:00,1.189,1.189,1.188,1.188,1856700,2207528.572
2026-09-18 10:46:00,1.189,1.189,1.189,1.189,5000,5945.0
2026-09-18 10:47:00,1.188,1.189,1.188,1.189,2042400,2426649.9632
2026-09-18 10:48:00,1.188,1.189,1.188,1.188,8840000,10501921.4808
2026-09-18 10:49:00,1.188,1.188,1.187,1.188,12449300,14781815.7141
2026-09-18 10:50:00,1.187,1.187,1.187,1.187,18500,21959.5
2026-09-18 10:51:00,1.188,1.189,1.187,1.188,19862000,23596045.4127
2026-09-18 10:52:00,1.188,1.188,1.188,1.188,9059100,10762210.5244
2026-09-18 10:53:00,1.189,1.189,1.189,1.189,2100,2496.9
2026-09-18 10:54:00,1.189,1.189,1.188,1.188,13024600,15473224.8234
2026-09-18 10:55:00,1.188,1.188,1.188,1.188,6044300,7180628.1074
2026-09-18 10:56:00,1.188,1.189,1.188,1.188,141300,167867.1014
2026-09-18 10:57:00,1.188,1.189,1.188,1.189,1943500,2308882.9688
2026-09-18 10:58:00,1.188,1.188,1.188,1.188,2348000,2789423.9558
2026-09-18 10:59:00,1.188,1.189,1.188,1.188,5417900,6436466.8671
2026-09-18 11:00:00,1.188,1.189,1.188,1.189,40400,48013.5998
2026-09-18 11:01:00,1.189,1.19,1.189,1.19,23906200,28424532.1675
2026-09-18 11:02:00,1.189,1.191,1.189,1.191,21324300,25383358.3652
2026-09-18 11:03:00,1.191,1.192,1.19,1.19,15305100,18228367.6173
2026-09-18 11:04:00,1.19,1.191,1.19,1.19,569700,678143.0345
2026-09-18 11:05:00,1.191,1.191,1.19,1.19,20463200,24351211.5487
2026-09-18 11:06:00,1.191,1.191,1.19,1.19,285000,339302.5069
2026-09-18 11:07:00,1.19,1.191,1.19,1.19,53600,63830.6005
2026-09-18 11:08:00,1.19,1.191,1.19,1.19,87400,104048.1
2026-09-18 11:09:00,1.19,1.192,1.19,1.191,3159600,3763085.2531
2026-09-18 11:10:00,1.191,1.192,1.191,1.191,172600,205704.9021
2026-09-18 11:11:00,1.191,1.193,1.191,1.193,29172100,34777018.9337
2026-09-18 11:12:00,1.193,1.194,1.193,1.194,9915000,11838359.2766
2026-09-18 11:13:00,1.194,1.195,1.193,1.194,13507100,16127490.9957
2026-09-18 11:14:00,1.194,1.195,1.194,1.194,11816500,14109030.8929
2026-09-18 11:15:00,1.195,1.195,1.194,1.194,11364500,13569275.1091
2026-09-18 11:16:00,1.194,1.196,1.194,1.195,25205700,30120824.5029
2026-09-18 11:17:00,1.195,1.196,1.194,1.194,16912900,20210874.7141
2026-09-18 11:18:00,1.194,1.195,1.194,1.194,1336100,1596560.265
2026-09-18 11:19:00,1.195,1.195,1.194,1.194,578500,690734.6997
2026-09-18 11:20:00,1.194,1.195,1.194,1.195,27319500,32646724.1421
2026-09-18 11:21:00,1.195,1.195,1.194,1.195,21162500,25289154.1599
2026-09-18 11:22:00,1.196,1.196,1.194,1.194,5634300,6732852.9706
2026-09-18 11:23:00,1.194,1.195,1.194,1.194,5207000,6222282.5378
2026-09-18 11:24:00,1.195,1.196,1.195,1.196,7914300,9460591.4205
2026-09-18 11:25:00,1.195,1.196,1.194,1.194,47366700,56601946.0218
2026-09-18 11:26:00,1.194,1.195,1.194,1.194,5409400,6464102.2135
2026-09-18 11:27:00,1.194,1.195,1.194,1.194,1575200,1881134.8177
2026-09-18 11:28:00,1.194,1.195,1.194,1.194,15084100,18021405.314
2026-09-18 11:29:00,1.194,1.196,1.194,1.195,15513900,18538989.0648
2026-09-18 11:30:00,1.195,1.196,1.195,1.195,558200,667050.03
2026-09-18 13:01:00,1.195,1.197,1.195,1.197,9513600,11379538.4099
2026-09-18 13:02:00,1.197,1.197,1.196,1.196,1390500,1663219.3957
2026-09-18 13:03:00,1.196,1.197,1.196,1.196,4437400,5309308.3837
2026-09-18 13:04:00,1.196,1.196,1.195,1.195,5264000,6294428.8153
2026-09-18 13:05:00,1.195,1.196,1.195,1.196,2393300,2861095.5231
2026-09-18 13:06:00,1.195,1.197,1.195,1.197,8671200,10370602.7532
2026-09-18 13:07:00,1.196,1.197,1.195,1.197,50741400,60686729.431
2026-09-18 13:08:00,1.196,1.198,1.196,1.198,31622200,37860976.9859
2026-09-18 13:09:00,1.198,1.199,1.198,1.198,2508300,3007027.4844
2026-09-18 13:10:00,1.198,1.199,1.198,1.198,2851200,3418308.5491
2026-09-18 13:11:00,1.198,1.2,1.198,1.199,19732100,23658560.8739
2026-09-18 13:12:00,1.199,1.2,1.199,1.2,21965800,26356364.5465
2026-09-18 13:13:00,1.2,1.2,1.2,1.2,46405700,55686841.552
2026-09-18 13:14:00,1.2,1.201,1.2,1.2,26583300,31899965.7595
2026-09-18 13:15:00,1.2,1.2,1.199,1.199,12390500,14861546.306
2026-09-18 13:16:00,1.199,1.2,1.199,1.199,11357900,13618147.0687
2026-09-18 13:17:00,1.199,1.2,1.199,1.2,19704100,23625299.4204
2026-09-18 13:18:00,1.199,1.199,1.198,1.199,53489800,64134082.6254
2026-09-18 13:19:00,1.199,1.199,1.198,1.198,21795900,26133128.486
2026-09-18 13:20:00,1.198,1.199,1.198,1.198,2552000,3059397.8902
2026-09-18 13:21:00,1.199,1.199,1.197,1.198,29942000,35884057.7002
2026-09-18 13:22:00,1.197,1.198,1.197,1.197,1097300,1314468.2998
2026-09-18 13:23:00,1.197,1.198,1.196,1.197,31960200,38256345.4141
2026-09-18 13:24:00,1.197,1.197,1.196,1.196,14993400,17943554.5617
2026-09-18 13:25:00,1.196,1.198,1.196,1.197,32061000,38373654.5273
2026-09-18 13:26:00,1.196,1.197,1.196,1.196,2267600,2714068.5414
2026-09-18 13:27:00,1.196,1.197,1.196,1.196,1155500,1381979.6684
2026-09-18 13:28:00,1.196,1.197,1.196,1.196,12149700,14532655.0061
2026-09-18 13:29:00,1.197,1.197,1.196,1.196,114200,136612.2994
2026-09-18 13:30:00,1.196,1.197,1.196,1.196,342900,410109.5876
2026-09-18 13:31:00,1.197,1.197,1.196,1.196,3018700,3610388.8589
2026-09-18 13:32:00,1.197,1.197,1.196,1.197,24881400,29760216.3157
2026-09-18 13:33:00,1.197,1.198,1.196,1.197,23787500,28473636.9301
2026-09-18 13:34:00,1.197,1.198,1.197,1.197,15782400,18891553.0967
2026-09-18 13:35:00,1.197,1.197,1.196,1.196,2001300,2395511.4451
2026-09-18 13:36:00,1.196,1.197,1.196,1.196,207300,247931.0949
2026-09-18 13:37:00,1.196,1.197,1.196,1.197,42463500,50788345.3471
2026-09-18 13:38:00,1.196,1.197,1.196,1.196,1007400,1205854.4312
2026-09-18 13:39:00,1.197,1.197,1.196,1.196,64000,76577.4
2026-09-18 13:40:00,1.197,1.197,1.195,1.195,22859300,27339719.9897
2026-09-18 13:41:00,1.196,1.196,1.195,1.196,735600,879298.5366
2026-09-18 13:42:00,1.196,1.196,1.195,1.196,7739100,9248226.3519
2026-09-18 13:43:00,1.196,1.196,1.194,1.195,14389000,17194928.2832
2026-09-18 13:44:00,1.195,1.195,1.195,1.195,11527700,13775602.2742
2026-09-18 13:45:00,1.196,1.196,1.194,1.196,11497500,13739515.2328
2026-09-18 13:46:00,1.196,1.196,1.195,1.195,6377100,7627004.7233
2026-09-18 13:47:00,1.195,1.195,1.194,1.194,8454300,10102628.5619
2026-09-18 13:48:00,1.194,1.195,1.194,1.195,61900,73913.9004
2026-09-18 13:49:00,1.195,1.195,1.194,1.194,2544100,3037687.355
2026-09-18 13:50:00,1.194,1.194,1.193,1.193,10314600,12315478.4282
2026-09-18 13:51:00,1.193,1.194,1.193,1.194,1319600,1575470.2953
2026-09-18 13:52:00,1.193,1.194,1.193,1.194,2144400,2560014.3978
2026-09-18 13:53:00,1.194,1.194,1.193,1.194,2973700,3550408.4217
2026-09-18 13:54:00,1.194,1.194,1.193,1.193,47100,56211.4
2026-09-18 13:55:00,1.194,1.194,1.193,1.193,134300,160224.8998
2026-09-18 13:56:00,1.193,1.193,1.192,1.193,6473100,7722207.9657
2026-09-18 13:57:00,1.192,1.193,1.192,1.193,108000,128794.7004
2026-09-18 13:58:00,1.192,1.194,1.192,1.194,7667900,9147816.5525
2026-09-18 13:59:00,1.194,1.194,1.193,1.194,279900,334181.5967
2026-09-18 14:00:00,1.193,1.194,1.193,1.194,2420200,2889710.5044
2026-09-18 14:01:00,1.194,1.195,1.194,1.194,18813100,22462841.938
2026-09-18 14:02:00,1.194,1.194,1.193,1.194,23551300,28120232.4544
2026-09-18 14:03:00,1.194,1.195,1.194,1.194,137500,164274.1056
2026-09-18 14:04:00,1.194,1.195,1.194,1.194,2900,3462.7
2026-09-18 14:05:00,1.195,1.195,1.194,1.194,7276600,8688275.5061
2026-09-18 14:06:00,1.194,1.194,1.193,1.194,2375100,2835848.4155
2026-09-18 14:07:00,1.194,1.194,1.193,1.194,1103600,1317602.2906
2026-09-18 14:08:00,1.193,1.195,1.193,1.195,2675900,3195019.9035
2026-09-18 14:09:00,1.194,1.194,1.194,1.194,27400,32715.5999
2026-09-18 14:10:00,1.195,1.195,1.194,1.195,99400,118704.6018
2026-09-18 14:11:00,1.195,1.195,1.195,1.195,13768100,16452880.1542
2026-09-18 14:12:00,1.195,1.195,1.194,1.194,3972400,4747009.7271
2026-09-18 14:13:00,1.194,1.195,1.194,1.195,15800,18870.7004
2026-09-18 14:14:00,1.194,1.195,1.194,1.194,119400,142571.6026
2026-09-18 14:15:00,1.194,1.194,1.194,1.194,6700,7999.8
2026-09-18 14:16:00,1.195,1.195,1.194,1.194,3594200,4291603.0995
2026-09-18 14:17:00,1.193,1.195,1.193,1.194,20276600,24210220.4175
2026-09-18 14:18:00,1.193,1.194,1.193,1.194,213200,254360.7843
2026-09-18 14:19:00,1.193,1.194,1.193,1.193,224800,268186.4967
2026-09-18 14:20:00,1.193,1.194,1.193,1.194,802600,957567.2917
2026-09-18 14:21:00,1.194,1.194,1.193,1.193,4731700,5644956.6816
2026-09-18 14:22:00,1.192,1.193,1.192,1.193,2157000,2573279.9635
2026-09-18 14:23:00,1.194,1.194,1.193,1.193,327000,390353.7953
2026-09-18 14:24:00,1.194,1.194,1.193,1.193,218500,260730.3941
2026-09-18 14:25:00,1.194,1.194,1.193,1.194,54900,65532.7994
2026-09-18 14:26:00,1.194,1.194,1.193,1.194,3322400,3966939.9925
2026-09-18 14:27:00,1.195,1.195,1.194,1.195,1055200,1259956.1058
2026-09-18 14:28:00,1.194,1.195,1.194,1.195,51300,61285.7012
2026-09-18 14:29:00,1.195,1.195,1.194,1.194,459400,548965.6352
2026-09-18 14:30:00,1.194,1.195,1.194,1.195,82800,98940.8047
2026-09-18 14:31:00,1.195,1.195,1.194,1.195,5988100,7149813.5136
2026-09-18 14:32:00,1.194,1.195,1.194,1.195,32273600,38534734.3407
2026-09-18 14:33:00,1.194,1.195,1.194,1.194,290900,347353.0006
2026-09-18 14:34:00,1.194,1.195,1.194,1.195,281800,336512.3054
2026-09-18 14:35:00,1.195,1.195,1.194,1.194,1078400,1288676.6049
2026-09-18 14:36:00,1.195,1.195,1.194,1.194,780100,931493.9068
2026-09-18 14:37:00,1.195,1.195,1.194,1.195,21865100,26128721.5514
2026-09-18 14:38:00,1.195,1.196,1.195,1.196,2342100,2801080.5478
2026-09-18 14:39:00,1.196,1.197,1.195,1.196,17016200,20351306.0351
2026-09-18 14:40:00,1.197,1.197,1.196,1.196,27303367,32657305.3463
2026-09-18 14:41:00,1.197,1.197,1.196,1.196,16621100,19879093.2439
2026-09-18 14:42:00,1.196,1.197,1.196,1.196,7000900,8373169.137
2026-09-18 14:43:00,1.197,1.197,1.195,1.195,5592400,6688513.1132
2026-09-18 14:44:00,1.195,1.196,1.195,1.195,1030800,1232524.4145
2026-09-18 14:45:00,1.195,1.196,1.195,1.195,210300,251331.1137
2026-09-18 14:46:00,1.196,1.197,1.195,1.196,21428500,25628485.4765
2026-09-18 14:47:00,1.197,1.197,1.196,1.196,8972500,10731265.3821
2026-09-18 14:48:00,1.197,1.197,1.196,1.197,824300,986589.618
2026-09-18 14:49:00,1.196,1.197,1.196,1.197,1055700,1263652.2215
2026-09-18 14:50:00,1.197,1.197,1.196,1.197,4657100,5574402.3289
2026-09-18 14:51:00,1.197,1.197,1.196,1.196,3904000,4672986.5643
2026-09-18 14:52:00,1.197,1.198,1.196,1.197,15521400,18579957.6442
2026-09-18 14:53:00,1.197,1.197,1.196,1.197,2111000,2526666.4394
2026-09-18 14:54:00,1.197,1.197,1.196,1.196,1372400,1642472.9296
2026-09-18 14:55:00,1.196,1.197,1.195,1.197,32694100,39102318.7027
2026-09-18 14:56:00,1.197,1.197,1.196,1.196,10882900,13016334.738
2026-09-18 14:57:00,1.196,1.197,1.195,1.196,3863000,4620295.7979
2026-09-18 15:00:00,1.196,1.196,1.196,1.196,1016000,1215135.9934
2026-09-21 09:31:00,1.198,1.203,1.198,1.202,13453700,16162964.2637
2026-09-21 09:32:00,1.203,1.205,1.202,1.203,10283000,12383947.4427
2026-09-21 09:33:00,1.204,1.206,1.203,1.205,5682554,6847968.7801
2026-09-21 09:34:00,1.205,1.207,1.205,1.206,8096800,9764309.622
2026-09-21 09:35:00,1.206,1.206,1.205,1.206,1278900,1542350.9545
2026-09-21 09:36:00,1.205,1.206,1.204,1.205,5383700,6487364.125
2026-09-21 09:37:00,1.205,1.205,1.204,1.205,22554000,27170163.9513
2026-09-21 09:38:00,1.205,1.206,1.204,1.205,4109200,4951808.0299
2026-09-21 09:39:00,1.205,1.205,1.204,1.205,6186500,7454589.2443
2026-09-21 09:40:00,1.205,1.207,1.205,1.206,12735800,15359298.1967
2026-09-21 09:41:00,1.206,1.207,1.204,1.205,34406300,41460844.5761
2026-09-21 09:42:00,1.205,1.206,1.204,1.205,34233200,41251167.7508
2026-09-21 09:43:00,1.204,1.206,1.204,1.206,7426500,8951380.397
2026-09-21 09:44:00,1.205,1.206,1.205,1.206,265700,320260.3024
2026-09-21 09:45:00,1.205,1.206,1.204,1.205,25574600,30817184.5624
2026-09-21 09:46:00,1.205,1.205,1.204,1.205,27745900,33433758.0224
2026-09-21 09:47:00,1.205,1.205,1.204,1.204,18151014,21854157.511
2026-09-21 09:48:00,1.204,1.205,1.202,1.203,27115100,32637471.8486
2026-09-21 09:49:00,1.203,1.204,1.202,1.203,15698800,18885198.7943
2026-09-21 09:50:00,1.204,1.205,1.203,1.205,7381700,8887341.0699
2026-09-21 09:51:00,1.205,1.205,1.204,1.204,1750200,2108739.5044
2026-09-21 09:52:00,1.204,1.205,1.203,1.203,20203200,24320016.3481
2026-09-21 09:53:00,1.203,1.204,1.203,1.203,15817700,19028711.6643
2026-09-21 09:54:00,1.204,1.204,1.203,1.203,28119700,33855876.2841
2026-09-21 09:55:00,1.204,1.204,1.203,1.204,5096800,6136447.2786
2026-09-21 09:56:00,1.204,1.204,1.203,1.203,8433600,10154039.9968
2026-09-21 09:57:00,1.203,1.204,1.202,1.203,14319400,17222558.1522
2026-09-21 09:58:00,1.202,1.203,1.201,1.202,7840300,9424035.2307
2026-09-21 09:59:00,1.201,1.202,1.201,1.201,3725200,4473988.224
2026-09-21 10:00:00,1.201,1.202,1.2,1.201,13698600,16451741.4743
2026-09-21 10:01:00,1.202,1.202,1.201,1.202,3618600,4346052.2619
2026-09-21 10:02:00,1.202,1.203,1.202,1.203,24731200,29726916.1855
2026-09-21 10:03:00,1.203,1.203,1.201,1.202,17244600,20728151.1434
2026-09-21 10:04:00,1.202,1.204,1.202,1.203,53492300,64351405.0383
2026-09-21 10:05:00,1.204,1.205,1.203,1.204,18731700,22552867.3876
2026-09-21 10:06:00,1.204,1.204,1.203,1.204,10584400,12742257.7546
2026-09-21 10:07:00,1.203,1.204,1.203,1.203,12773600,15366642.7025
2026-09-21 10:08:00,1.203,1.204,1.203,1.203,1517400,1825519.8229
2026-09-21 10:09:00,1.204,1.204,1.203,1.203,36909600,44435913.2224
2026-09-21 10:10:00,1.204,1.204,1.203,1.203,50470900,60716526.1424
2026-09-21 10:11:00,1.203,1.204,1.203,1.203,6252800,7522140.7292
2026-09-21 10:12:00,1.203,1.203,1.202,1.202,9542400,11478850.0013
2026-09-21 10:13:00,1.202,1.203,1.202,1.203,27218800,32743680.7599
2026-09-21 10:14:00,1.203,1.204,1.202,1.204,7649200,9202157.0334
2026-09-21 10:15:00,1.204,1.204,1.203,1.204,16749100,20149374.0259
2026-09-21 10:16:00,1.204,1.204,1.203,1.203,3539800,4258395.008
2026-09-21 10:17:00,1.202,1.203,1.202,1.203,700700,842265.0277
2026-09-21 10:18:00,1.202,1.202,1.201,1.202,9366200,11257344.8629
2026-09-21 10:19:00,1.202,1.202,1.201,1.202,30694500,36894386.6509
2026-09-21 10:20:00,1.202,1.202,1.201,1.201,349400,419838.1963
2026-09-21 10:21:00,1.202,1.203,1.201,1.203,21086900,25346599.9734
2026-09-21 10:22:00,1.202,1.203,1.201,1.202,39026400,46909753.8289
2026-09-21 10:23:00,1.202,1.202,1.201,1.201,224500,269645.2903
2026-09-21 10:24:00,1.201,1.202,1.201,1.201,949400,1140229.7892
2026-09-21 10:25:00,1.202,1.202,1.201,1.201,1231600,1479184.0014
2026-09-21 10:26:00,1.202,1.202,1.201,1.201,809800,972590.5001
2026-09-21 10:27:00,1.201,1.202,1.201,1.202,10896100,13096738.3975
2026-09-21 10:28:00,1.201,1.202,1.201,1.201,11727300,14084488.5938
2026-09-21 10:29:00,1.201,1.202,1.2,1.201,26999100,32425878.4268
2026-09-21 10:30:00,1.202,1.202,1.201,1.201,8172500,9815183.3219
2026-09-21 10:31:00,1.202,1.202,1.201,1.201,23620300,28370006.3652
2026-09-21 10:32:00,1.201,1.201,1.201,1.201,6595000,7920594.8935
2026-09-21 10:33:00,1.201,1.202,1.201,1.201,1026800,1233368.0995
2026-09-21 10:34:00,1.2,1.201,1.2,1.2,1995000,2394999.8983
2026-09-21 10:35:00,1.2,1.202,1.2,1.201,24214334,29081409.7137
2026-09-21 10:36:00,1.202,1.202,1.201,1.202,12201400,14665493.7691
2026-09-21 10:37:00,1.203,1.203,1.201,1.202,3934100,4728768.7681
2026-09-21 10:38:00,1.202,1.202,1.201,1.202,428800,515036.786
2026-09-21 10:39:00,1.201,1.202,1.201,1.201,20768900,24943465.1409
2026-09-21 10:40:00,1.201,1.202,1.201,1.202,415800,499381.5992
2026-09-21 10:41:00,1.201,1.202,1.2,1.2,19492602,23410571.6225
2026-09-21 10:42:00,1.2,1.201,1.2,1.2,2796800,3358624.8387
2026-09-21 10:43:00,1.2,1.201,1.2,1.201,42098900,50560497.5572
2026-09-21 10:44:00,1.201,1.202,1.201,1.202,4371200,5249814.398
2026-09-21 10:45:00,1.201,1.201,1.201,1.201,28246200,33923685.5604
2026-09-21 10:46:00,1.201,1.201,1.2,1.2,2233400,2680097.6289
2026-09-21 10:47:00,1.2,1.202,1.2,1.201,47148500,56624935.6103
2026-09-21 10:48:00,1.202,1.202,1.2,1.201,25903200,31109690.7649
2026-09-21 10:49:00,1.201,1.202,1.2,1.2,29095500,34943702.7539
2026-09-21 10:50:00,1.201,1.201,1.201,1.201,59154500,71044553.75
2026-09-21 10:51:00,1.201,1.201,1.2,1.201,34213100,41089912.4746
2026-09-21 10:52:00,1.201,1.201,1.201,1.201,51700,62091.6984
2026-09-21 10:53:00,1.201,1.202,1.2,1.2,17634600,21179134.8764
2026-09-21 10:54:00,1.201,1.201,1.2,1.201,264800,317890.205
2026-09-21 10:55:00,1.201,1.201,1.2,1.201,7861800,9442014.7483
2026-09-21 10:56:00,1.2,1.201,1.2,1.2,78700,94445.5038
2026-09-21 10:57:00,1.2,1.201,1.2,1.2,2484400,2981291.3308
2026-09-21 10:58:00,1.2,1.201,1.2,1.201,19293800,23171679.4884
2026-09-21 10:59:00,1.201,1.201,1.2,1.2,332700,399240.1161
2026-09-21 11:00:00,1.2,1.201,1.2,1.2,84300,101168.0049
2026-09-21 11:01:00,1.201,1.201,1.2,1.2,3167900,3801504.8965
2026-09-21 11:02:00,1.201,1.201,1.2,1.201,734100,881419.1882
2026-09-21 11:03:00,1.2,1.201,1.2,1.201,373100,447720.9196
2026-09-21 11:04:00,1.2,1.201,1.2,1.2,2992700,3594155.4435
2026-09-21 11:05:00,1.2,1.201,1.2,1.201,46094600,55359582.9603
2026-09-21 11:06:00,1.202,1.202,1.201,1.201,39238500,47125442.2059
2026-09-21 11:07:00,1.201,1.201,1.2,1.201,1811700,2175806.8468
2026-09-21 11:08:00,1.2,1.201,1.2,1.2,397700,477247.3259
2026-09-21 11:09:00,1.2,1.201,1.2,1.2,18890500,22668617.0224
2026-09-21 11:10:00,1.2,1.201,1.199,1.2,13531200,16237413.3882
2026-09-21 11:11:00,1.2,1.202,1.2,1.201,18802700,22582018.4781
2026-09-21 11:12:00,1.202,1.202,1.2,1.201,26133400,31386214.833
2026-09-21 11:13:00,1.2,1.202,1.2,1.202,6053600,7270353.1031
2026-09-21 11:14:00,1.201,1.201,1.201,1.201,9426300,11320986.0538
2026-09-21 11:15:00,1.201,1.202,1.201,1.201,7364400,8844701.1266
2026-09-21 11:16:00,1.201,1.201,1.2,1.2,30721200,36865445.6768
2026-09-21 11:17:00,1.2,1.201,1.199,1.201,15994900,19193855.7401
2026-09-21 11:18:00,1.2,1.201,1.2,1.2,343000,411610.009
2026-09-21 11:19:00,1.2,1.201,1.2,1.201,2043800,2454545.1512
2026-09-21 11:20:00,1.201,1.202,1.201,1.202,5261400,6318947.028
2026-09-21 11:21:00,1.201,1.202,1.201,1.202,1060500,1273687.5001
2026-09-21 11:22:00,1.201,1.202,1.201,1.202,2748000,3302337.5096
2026-09-21 11:23:00,1.202,1.202,1.201,1.201,85300,102469.298
2026-09-21 11:24:00,1.201,1.202,1.201,1.202,35337800,42475989.1187
2026-09-21 11:25:00,1.201,1.203,1.201,1.203,32705800,39312323.5265
2026-09-21 11:26:00,1.202,1.202,1.202,1.202,9100,10938.2
2026-09-21 11:27:00,1.202,1.202,1.201,1.201,11183400,13441865.3445
2026-09-21 11:28:00,1.201,1.203,1.201,1.201,8152500,9799983.737
2026-09-21 11:29:00,1.201,1.202,1.201,1.201,2622800,3151709.6903
2026-09-21 11:30:00,1.201,1.202,1.201,1.201,773100,928493.6674
2026-09-21 13:01:00,1.201,1.202,1.199,1.2,4146100,4978095.2618
2026-09-21 13:02:00,1.201,1.201,1.199,1.199,3257800,3909117.7144
2026-09-21 13:03:00,1.2,1.2,1.199,1.199,423200,507420.602
2026-09-21 13:04:00,1.2,1.2,1.198,1.199,6559400,7864700.8026
2026-09-21 13:05:00,1.199,1.2,1.199,1.2,184100,220786.401
2026-09-21 13:06:00,1.2,1.2,1.199,1.199,12922900,15494560.7328
2026-09-21 13:07:00,1.199,1.199,1.198,1.199,13359600,16018147.3428
2026-09-21 13:08:00,1.198,1.199,1.198,1.199,1062800,1274243.6973
2026-09-21 13:09:00,1.198,1.199,1.198,1.198,4506000,5402198.5871
2026-09-21 13:10:00,1.198,1.199,1.197,1.198,30062100,36013014.9091
2026-09-21 13:11:00,1.198,1.199,1.198,1.199,848200,1016186.3823
2026-09-21 13:12:00,1.198,1.198,1.197,1.198,9098700,10898883.0588
2026-09-21 13:13:00,1.197,1.198,1.197,1.197,1035700,1239736.404
2026-09-21 13:14:00,1.197,1.198,1.197,1.198,839400,1004765.4182
2026-09-21 13:15:00,1.197,1.199,1.197,1.198,34408600,41221410.0378
2026-09-21 13:16:00,1.198,1.199,1.197,1.198,33054200,39600181.6421
2026-09-21 13:17:00,1.198,1.199,1.198,1.199,500000,599400.0004
2026-09-21 13:18:00,1.199,1.199,1.198,1.198,12993400,15566102.6687
2026-09-21 13:19:00,1.198,1.198,1.197,1.198,19561900,23433970.5939
2026-09-21 13:20:00,1.197,1.198,1.197,1.198,1412000,1691382.3645
2026-09-21 13:21:00,1.198,1.199,1.197,1.199,15771200,18893842.7327
2026-09-21 13:22:00,1.198,1.199,1.198,1.198,8277600,9916568.7147
2026-09-21 13:23:00,1.198,1.199,1.198,1.198,195100,233734.0971
2026-09-21 13:24:00,1.198,1.199,1.198,1.199,6115600,7332437.0497
2026-09-21 13:25:00,1.199,1.199,1.198,1.198,562700,674598.7982
2026-09-21 13:26:00,1.198,1.199,1.198,1.198,6784200,8127497.1194
2026-09-21 13:27:00,1.198,1.198,1.197,1.198,26921600,32251876.557
2026-09-21 13:28:00,1.197,1.198,1.197,1.197,6144400,7354847.8967
2026-09-21 13:29:00,1.197,1.198,1.197,1.197,36820900,44074794.3979
2026-09-21 13:30:00,1.196,1.197,1.196,1.197,38179800,45700380.4952
2026-09-21 13:31:00,1.198,1.198,1.197,1.197,102300,122461.1037
2026-09-21 13:32:00,1.198,1.199,1.197,1.198,19612700,23495989.0981
2026-09-21 13:33:00,1.198,1.199,1.198,1.199,3062300,3668719.9369
2026-09-21 13:34:00,1.198,1.199,1.198,1.199,2171500,2601518.4056
2026-09-21 13:35:00,1.199,1.199,1.198,1.198,214449,257070.0983
2026-09-21 13:36:00,1.199,1.199,1.198,1.198,1216000,1456826.9275
2026-09-21 13:37:00,1.199,1.2,1.198,1.199,32881700,39425164.5168
2026-09-21 13:38:00,1.199,1.2,1.199,1.2,8718100,10454064.3645
2026-09-21 13:39:00,1.2,1.2,1.199,1.199,857800,1029073.6442
2026-09-21 13:40:00,1.199,1.2,1.199,1.199,7813100,9368015.8503
2026-09-21 13:41:00,1.2,1.2,1.199,1.2,4667500,5600946.3947
2026-09-21 13:42:00,1.2,1.2,1.199,1.2,10113800,12135159.0155
2026-09-21 13:43:00,1.199,1.201,1.199,1.2,35153400,42184040.1145
2026-09-21 13:44:00,1.201,1.201,1.2,1.201,15426900,18513056.7007
2026-09-21 13:45:00,1.201,1.201,1.2,1.2,31844900,38214663.625
2026-09-21 13:46:00,1.199,1.201,1.199,1.2,19437700,23325245.7716
2026-09-21 13:47:00,1.2,1.201,1.2,1.2,6192800,7431562.5803
2026-09-21 13:48:00,1.201,1.201,1.2,1.2,15568200,18681944.3416
2026-09-21 13:49:00,1.2,1.201,1.2,1.201,5516800,6625295.0464
2026-09-21 13:50:00,1.201,1.201,1.2,1.201,2181700,2618470.3061
2026-09-21 13:51:00,1.201,1.201,1.2,1.201,1760300,2114075.4638
2026-09-21 13:52:00,1.2,1.201,1.199,1.199,5744400,6893423.2715
2026-09-21 13:53:00,1.2,1.201,1.199,1.201,15040900,18049164.1976
2026-09-21 13:54:00,1.201,1.201,1.2,1.201,125600,150823.8988
2026-09-21 13:55:00,1.2,1.202,1.2,1.201,20176000,24231179.8608
2026-09-21 13:56:00,1.201,1.202,1.201,1.201,7994400,9601363.3554
2026-09-21 13:57:00,1.201,1.201,1.2,1.201,8347900,10025602.1713
2026-09-21 13:58:00,1.201,1.201,1.2,1.2,4422500,5307390.4832
2026-09-21 13:59:00,1.201,1.201,1.2,1.2,787600,945194.6286
2026-09-21 14:00:00,1.2,1.201,1.2,1.201,343700,412578.1962
2026-09-21 14:01:00,1.201,1.201,1.2,1.201,1514400,1817442.8475
2026-09-21 14:02:00,1.201,1.201,1.2,1.201,205800,247098.4042
2026-09-21 14:03:00,1.2,1.201,1.2,1.2,1156100,1388371.9913
2026-09-21 14:04:00,1.201,1.201,1.2,1.201,3983200,4783463.708
2026-09-21 14:05:00,1.2,1.201,1.199,1.2,24519700,29424075.1075
2026-09-21 14:06:00,1.2,1.201,1.2,1.2,2939300,3527315.9324
2026-09-21 14:07:00,1.201,1.201,1.199,1.199,4416100,5299100.2205
2026-09-21 14:08:00,1.199,1.2,1.199,1.199,122000,146357.1048
2026-09-21 14:09:00,1.2,1.2,1.199,1.2,1160500,1391544.3032
2026-09-21 14:10:00,1.2,1.2,1.199,1.2,11229300,13474945.4595
2026-09-21 14:11:00,1.201,1.201,1.2,1.201,2611600,3134808.3237
2026-09-21 14:12:00,1.201,1.201,1.2,1.2,297300,356803.2205
2026-09-21 14:13:00,1.201,1.201,1.2,1.2,2476100,2971396.5231
2026-09-21 14:14:00,1.201,1.201,1.2,1.2,7566000,9079527.5195
2026-09-21 14:15:00,1.201,1.201,1.2,1.2,3933900,4720688.163
2026-09-21 14:16:00,1.2,1.201,1.2,1.2,4289800,5147979.3155
2026-09-21 14:17:00,1.201,1.201,1.2,1.2,3309800,3971832.6322
2026-09-21 14:18:00,1.2,1.201,1.2,1.201,3315200,3978291.834
2026-09-21 14:19:00,1.2,1.201,1.2,1.2,5223100,6267834.1766
2026-09-21 14:20:00,1.2,1.201,1.2,1.2,7496200,8999466.7862
2026-09-21 14:21:00,1.201,1.201,1.2,1.201,23608900,28350432.0428
2026-09-21 14:22:00,1.201,1.201,1.2,1.2,3101600,3721968.1162
2026-09-21 14:23:00,1.2,1.201,1.2,1.2,4858600,5830349.3086
2026-09-21 14:24:00,1.201,1.201,1.2,1.2,3271300,3925699.5208
2026-09-21 14:25:00,1.2,1.201,1.2,1.2,3820200,4584240.1645
2026-09-21 14:26:00,1.201,1.201,1.2,1.201,3624500,4349678.8191
2026-09-21 14:27:00,1.2,1.201,1.2,1.2,3856500,4627827.0439
2026-09-21 14:28:00,1.2,1.202,1.2,1.201,18326400,22007732.4409
2026-09-21 14:29:00,1.202,1.202,1.201,1.201,3871300,4650166.1658
2026-09-21 14:30:00,1.202,1.202,1.201,1.202,3878700,4658399.3207
2026-09-21 14:31:00,1.202,1.203,1.202,1.202,13550800,16289448.6758
2026-09-21 14:32:00,1.203,1.203,1.202,1.202,3106400,3733914.2793
2026-09-21 14:33:00,1.202,1.203,1.202,1.202,4020600,4832832.8141
2026-09-21 14:34:00,1.203,1.203,1.202,1.202,4889500,5877683.8046
2026-09-21 14:35:00,1.203,1.204,1.202,1.203,18021400,21677279.1449
2026-09-21 14:36:00,1.203,1.204,1.202,1.202,35868500,43147576.5103
2026-09-21 14:37:00,1.203,1.204,1.202,1.203,26256300,31585609.3636
2026-09-21 14:38:00,1.203,1.204,1.203,1.204,6657100,8009123.6924
2026-09-21 14:39:00,1.204,1.204,1.203,1.203,16847600,20267914.8076
2026-09-21 14:40:00,1.203,1.204,1.203,1.203,4030000,4848170.2336
2026-09-21 14:41:00,1.204,1.204,1.203,1.204,16252400,19563990.9746
2026-09-21 14:42:00,1.205,1.205,1.204,1.205,9344600,11251064.7913
2026-09-21 14:43:00,1.205,1.205,1.203,1.204,39570600,47639325.1646
2026-09-21 14:44:00,1.204,1.204,1.203,1.203,5073400,6104510.2045
2026-09-21 14:45:00,1.203,1.204,1.203,1.204,17954700,21615160.373
2026-09-21 14:46:00,1.205,1.205,1.203,1.203,41057600,49431843.9418
2026-09-21 14:47:00,1.203,1.204,1.203,1.203,3328900,4004735.7373
2026-09-21 14:48:00,1.203,1.204,1.203,1.203,4337300,5217833.3908
2026-09-21 14:49:00,1.203,1.204,1.203,1.203,69056000,83074466.9211
2026-09-21 14:50:00,1.204,1.204,1.203,1.204,8509600,10237080.9574
2026-09-21 14:51:00,1.204,1.204,1.203,1.204,1852200,2228408.9378
2026-09-21 14:52:00,1.203,1.204,1.203,1.203,3124400,3759077.4194
2026-09-21 14:53:00,1.204,1.204,1.203,1.203,2320500,2791916.8665
2026-09-21 14:54:00,1.203,1.204,1.203,1.204,1991300,2395847.5017
2026-09-21 14:55:00,1.203,1.204,1.203,1.204,392600,472480.9838
2026-09-21 14:56:00,1.204,1.204,1.203,1.204,2205100,2654462.8661
2026-09-21 14:57:00,1.204,1.205,1.204,1.204,5428900,6536429.4909
2026-09-21 15:00:00,1.205,1.205,1.205,1.205,809100,974965.5112
