day,open,high,low,close,volume,amount
2026-09-10 13:53:00,165.4,165.55,165.31,165.54,21700,3589890.9961
2026-09-10 13:54:00,165.53,165.56,165.5,165.55,17700,2929745.9961
2026-09-10 13:55:00,165.54,165.6,165.53,165.55,29200,4833958.9609
2026-09-10 13:56:00,165.65,165.65,165.53,165.53,17900,2963388.9961
2026-09-10 13:57:00,165.53,165.59,165.46,165.56,34400,5694183.9961
2026-09-10 13:58:00,165.56,165.71,165.55,165.66,11000,1821864.0
2026-09-10 13:59:00,165.6,165.75,165.54,165.7,21600,3578302.0039
2026-09-10 14:00:00,165.69,165.76,165.61,165.75,11600,1921980.9961
2026-09-10 14:01:00,165.76,165.76,165.63,165.71,23100,3827692.9883
2026-09-10 14:02:00,165.71,165.73,165.68,165.73,12800,2121061.9805
2026-09-10 14:03:00,165.72,165.72,165.68,165.69,6400,1060456.0
2026-09-10 14:04:00,165.69,165.77,165.68,165.77,15800,2618293.0
2026-09-10 14:05:00,165.75,165.75,165.59,165.6,19200,3181122.9961
2026-09-10 14:06:00,165.6,165.61,165.54,165.56,26400,4371022.0
2026-09-10 14:07:00,165.58,165.62,165.56,165.58,12000,1987153.0
2026-09-10 14:08:00,165.58,165.66,165.55,165.65,16200,2682329.0313
2026-09-10 14:09:00,165.65,165.65,165.57,165.58,8100,1341456.0
2026-09-10 14:10:00,165.56,165.57,165.53,165.56,15600,2582552.0
2026-09-10 14:11:00,165.54,165.56,165.52,165.52,13300,2201707.9883
2026-09-10 14:12:00,165.51,165.55,165.5,165.51,11300,1870384.9922
2026-09-10 14:13:00,165.5,165.51,165.48,165.49,12700,2101721.0
2026-09-10 14:14:00,165.48,165.59,165.48,165.51,20400,3376707.9922
2026-09-10 14:15:00,165.51,165.56,165.46,165.47,19700,3260525.9922
2026-09-10 14:16:00,165.47,165.48,165.45,165.48,15700,2597755.0078
2026-09-10 14:17:00,165.49,165.59,165.47,165.52,27600,4568461.0
2026-09-10 14:18:00,165.51,165.66,165.49,165.65,15400,2549453.0
2026-09-10 14:19:00,165.64,165.75,165.64,165.66,13800,2286619.0
2026-09-10 14:20:00,165.65,165.72,165.65,165.69,11300,1872418.0039
2026-09-10 14:21:00,165.7,165.9,165.7,165.8,17900,2967693.0039
2026-09-10 14:22:00,165.83,165.89,165.7,165.77,13100,2171664.0
2026-09-10 14:23:00,165.77,165.79,165.75,165.75,7800,1292951.9961
2026-09-10 14:24:00,165.76,165.79,165.75,165.78,8300,1375904.9922
2026-09-10 14:25:00,165.77,165.79,165.73,165.74,7400,1226639.9961
2026-09-10 14:26:00,165.74,165.76,165.7,165.7,12800,2121259.0
2026-09-10 14:27:00,165.71,165.72,165.68,165.71,13700,2270113.0117
2026-09-10 14:28:00,165.7,165.8,165.64,165.67,34000,5634049.9648
2026-09-10 14:29:00,165.69,165.7,165.66,165.7,12300,2037783.0
2026-09-10 14:30:00,165.7,165.73,165.69,165.69,10100,1673626.0078
2026-09-10 14:31:00,165.7,165.8,165.67,165.74,14000,2320025.0078
2026-09-10 14:32:00,165.77,165.8,165.73,165.79,14537,2409771.8389
2026-09-10 14:33:00,165.8,165.88,165.74,165.8,30200,5006824.0391
2026-09-10 14:34:00,165.79,165.82,165.76,165.77,13900,2304714.0234
2026-09-10 14:35:00,165.77,165.79,165.75,165.75,15600,2585944.0
2026-09-10 14:36:00,165.77,165.85,165.76,165.85,21500,3564862.0234
2026-09-10 14:37:00,165.85,165.85,165.76,165.79,18800,3116878.0
2026-09-10 14:38:00,165.79,165.81,165.76,165.8,18100,3000798.9648
2026-09-10 14:39:00,165.8,165.99,165.8,165.88,37300,6188263.0039
2026-09-10 14:40:00,165.93,165.98,165.91,165.98,9900,1642838.9961
2026-09-10 14:41:00,165.98,166.0,165.87,165.99,33600,5576173.0117
2026-09-10 14:42:00,165.94,165.99,165.89,165.89,15800,2621810.9648
2026-09-10 14:43:00,165.9,165.95,165.76,165.92,25300,4196486.9961
2026-09-10 14:44:00,165.91,165.95,165.83,165.86,20800,3450409.0
2026-09-10 14:45:00,165.88,165.93,165.85,165.87,11100,1841435.9961
2026-09-10 14:46:00,165.9,165.91,165.76,165.76,44800,7428802.0039
2026-09-10 14:47:00,165.8,165.84,165.69,165.8,39800,6596207.0078
2026-09-10 14:48:00,165.78,165.78,165.65,165.71,26200,4341657.0234
2026-09-10 14:49:00,165.71,165.72,165.58,165.6,21300,3528047.0
2026-09-10 14:50:00,165.6,165.71,165.54,165.65,23900,3958392.0
2026-09-10 14:51:00,165.65,165.71,165.54,165.67,33000,5465191.9922
2026-09-10 14:52:00,165.67,165.7,165.52,165.69,30500,5052040.9766
2026-09-10 14:53:00,165.65,165.7,165.51,165.52,29400,4868513.0039
2026-09-10 14:54:00,165.6,165.64,165.51,165.61,45500,7534640.9922
2026-09-10 14:55:00,165.61,165.7,165.5,165.65,34300,5680937.9922
2026-09-10 14:56:00,165.65,165.68,165.47,165.59,41090,6805044.8994
2026-09-10 14:57:00,165.59,165.66,165.44,165.49,25400,4204097.7012
2026-09-10 15:00:00,165.7,165.7,165.7,165.7,92500,15327250.0
2026-09-11 09:31:00,165.2,165.2,163.35,164.01,217300,35678654.0332
2026-09-11 09:32:00,164.19,164.47,163.86,164.01,61400,10071160.9727
2026-09-11 09:33:00,164.01,164.04,163.08,163.08,107300,17544385.9492
2026-09-11 09:34:00,163.05,163.49,163.0,163.24,110900,18095749.0459
2026-09-11 09:35:00,163.24,163.93,163.24,163.63,63400,10361928.0176
2026-09-11 09:36:00,163.5,163.78,163.33,163.36,49200,8043794.0352
2026-09-11 09:37:00,163.35,163.56,163.32,163.36,53300,8708207.1006
2026-09-11 09:38:00,163.36,163.88,163.33,163.69,36300,5938428.0234
2026-09-11 09:39:00,163.62,163.7,163.37,163.37,40300,6591974.9199
2026-09-11 09:40:00,163.37,163.69,163.3,163.43,74900,12240501.0693
2026-09-11 09:41:00,163.4,163.63,163.07,163.15,101700,16600671.9131
2026-09-11 09:42:00,163.33,163.33,163.05,163.05,52600,8580668.0068
2026-09-11 09:43:00,163.06,163.5,163.06,163.33,50200,8195232.9805
2026-09-11 09:44:00,163.33,163.39,163.21,163.21,19600,3200701.0342
2026-09-11 09:45:00,163.21,163.27,163.01,163.01,42900,6997960.0615
2026-09-11 09:46:00,163.01,163.11,162.88,162.98,130700,21304103.9521
2026-09-11 09:47:00,162.99,163.56,162.99,163.18,39300,6413909.0107
2026-09-11 09:48:00,163.18,163.31,163.1,163.11,30800,5025315.9844
2026-09-11 09:49:00,163.12,163.23,163.1,163.11,29800,4862743.9785
2026-09-11 09:50:00,163.11,163.3,163.03,163.13,40700,6641358.0225
2026-09-11 09:51:00,163.09,163.13,162.9,162.95,35600,5802123.0283
2026-09-11 09:52:00,162.92,163.11,162.92,163.04,36400,5934501.9443
2026-09-11 09:53:00,163.04,163.07,162.89,162.92,44900,7315716.8604
2026-09-11 09:54:00,162.9,162.92,162.64,162.65,58100,9457157.9609
2026-09-11 09:55:00,162.65,162.85,162.6,162.85,67300,10950599.0039
2026-09-11 09:56:00,162.85,163.08,162.81,162.9,21200,3453031.0361
2026-09-11 09:57:00,162.98,163.41,162.91,163.39,17300,2823054.0068
2026-09-11 09:58:00,163.39,163.41,163.24,163.28,18100,2956266.9785
2026-09-11 09:59:00,163.25,163.41,163.1,163.25,41900,6839372.9932
2026-09-11 10:00:00,163.25,163.25,162.95,162.99,23800,3880672.9775
2026-09-11 10:01:00,163.0,163.11,162.91,163.1,29600,4824025.0205
2026-09-11 10:02:00,163.1,163.46,163.1,163.34,31700,5179131.9834
2026-09-11 10:03:00,163.34,163.8,163.32,163.5,38900,6360638.0156
2026-09-11 10:04:00,163.5,163.7,163.37,163.59,20800,3401595.9629
2026-09-11 10:05:00,163.57,163.61,163.36,163.36,26100,4266657.9854
2026-09-11 10:06:00,163.37,163.66,163.29,163.29,42900,7009284.002
2026-09-11 10:07:00,163.29,163.35,163.09,163.13,24500,3997799.9736
2026-09-11 10:08:00,163.13,163.73,163.09,163.37,49400,8065997.915
2026-09-11 10:09:00,163.39,163.46,163.24,163.3,33800,5519599.9951
2026-09-11 10:10:00,163.25,163.4,163.1,163.31,22088,3606020.0104
2026-09-11 10:11:00,163.2,163.28,163.0,163.19,17100,2790309.0195
2026-09-11 10:12:00,163.17,163.27,163.05,163.13,45800,7472132.9717
2026-09-11 10:13:00,163.11,163.35,162.99,163.35,35800,5840029.0254
2026-09-11 10:14:00,163.25,163.41,163.1,163.24,27400,4472661.0322
2026-09-11 10:15:00,163.24,163.43,163.12,163.12,19100,3118324.0215
2026-09-11 10:16:00,163.19,163.34,163.04,163.24,30600,4992946.0137
2026-09-11 10:17:00,163.27,163.39,163.14,163.27,41300,6740763.0166
2026-09-11 10:18:00,163.35,163.6,163.23,163.38,26900,4393805.9775
2026-09-11 10:19:00,163.41,163.5,163.18,163.2,26000,4245811.959
2026-09-11 10:20:00,163.2,163.5,163.11,163.39,53300,8702734.9814
2026-09-11 10:21:00,163.45,163.76,163.26,163.26,36100,5900481.9814
2026-09-11 10:22:00,163.32,163.57,163.13,163.3,29300,4785378.0117
2026-09-11 10:23:00,163.37,163.49,163.29,163.3,27600,4509023.9893
2026-09-11 10:24:00,163.3,163.39,163.12,163.12,23000,3755183.9902
2026-09-11 10:25:00,163.2,163.22,163.03,163.08,20200,3294986.0332
2026-09-11 10:26:00,163.1,163.12,162.91,162.99,41300,6731918.9648
2026-09-11 10:27:00,163.07,163.08,162.9,162.92,34500,5623150.9658
2026-09-11 10:28:00,162.91,162.93,162.8,162.9,25500,4153128.0313
2026-09-11 10:29:00,162.9,162.94,162.8,162.83,16100,2622245.002
2026-09-11 10:30:00,162.82,162.98,162.71,162.72,40800,6642634.0068
2026-09-11 10:31:00,162.72,162.89,162.69,162.78,55800,9082183.0791
2026-09-11 10:32:00,162.77,162.88,162.68,162.77,27400,4460238.0039
2026-09-11 10:33:00,162.86,163.0,162.75,162.95,27000,4399047.0322
2026-09-11 10:34:00,162.96,163.02,162.71,162.95,32500,5293654.0039
2026-09-11 10:35:00,162.95,163.29,162.92,163.14,23900,3898019.9385
2026-09-11 10:36:00,163.14,163.25,162.92,162.92,20100,3278736.0146
2026-09-11 10:37:00,162.93,163.14,162.92,163.11,28600,4662972.9795
2026-09-11 10:38:00,163.11,163.25,162.98,163.11,19300,3147200.9893
2026-09-11 10:39:00,163.02,163.25,163.0,163.17,28300,4616796.0322
2026-09-11 10:40:00,163.21,163.24,163.0,163.01,12100,1973123.9873
2026-09-11 10:41:00,163.0,163.0,162.9,162.99,21100,3438353.0264
2026-09-11 10:42:00,162.98,163.0,162.83,162.83,19000,3095286.9922
2026-09-11 10:43:00,162.82,163.0,162.73,163.0,21600,3517116.0137
2026-09-11 10:44:00,162.99,163.0,162.77,162.78,13500,2198912.0068
2026-09-11 10:45:00,162.78,163.0,162.78,162.89,35700,5813958.9932
2026-09-11 10:46:00,162.89,163.02,162.72,162.96,98300,16006000.0107
2026-09-11 10:47:00,162.93,163.07,162.9,162.98,15100,2461022.0176
2026-09-11 10:48:00,163.06,163.1,162.97,163.08,15800,2576185.002
2026-09-11 10:49:00,163.11,163.31,163.09,163.24,23700,3868847.9736
2026-09-11 10:50:00,163.28,163.29,163.17,163.27,14800,2416052.9922
2026-09-11 10:51:00,163.27,163.28,163.1,163.25,23900,3900941.0088
2026-09-11 10:52:00,163.25,163.39,163.23,163.34,12600,2057787.0059
2026-09-11 10:53:00,163.33,163.34,163.21,163.21,9200,1502151.9922
2026-09-11 10:54:00,163.23,163.5,163.2,163.5,30300,4949961.9316
2026-09-11 10:55:00,163.5,163.53,163.43,163.49,28700,4691537.0215
2026-09-11 10:56:00,163.49,163.72,163.48,163.6,25100,4106055.0254
2026-09-11 10:57:00,163.56,163.6,163.5,163.52,13800,2256817.9844
2026-09-11 10:58:00,163.55,163.72,163.33,163.33,22200,3630313.0039
2026-09-11 10:59:00,163.41,163.61,163.35,163.6,14700,2403488.0059
2026-09-11 11:00:00,163.48,163.59,163.47,163.47,10600,1733404.9805
2026-09-11 11:01:00,163.51,163.54,163.37,163.53,23100,3775931.0107
2026-09-11 11:02:00,163.53,163.72,163.46,163.46,18100,2960863.0029
2026-09-11 11:03:00,163.46,163.57,163.42,163.46,11900,1945491.0166
2026-09-11 11:04:00,163.57,163.57,163.35,163.36,14500,2370484.9795
2026-09-11 11:05:00,163.36,163.54,163.35,163.5,20500,3350802.9961
2026-09-11 11:06:00,163.5,163.63,163.32,163.63,15400,2517186.0352
2026-09-11 11:07:00,163.63,163.65,163.45,163.59,12500,2044588.9785
2026-09-11 11:08:00,163.63,163.67,163.54,163.67,7500,1227268.9775
2026-09-11 11:09:00,163.69,163.69,163.57,163.58,7200,1178231.0127
2026-09-11 11:10:00,163.59,163.61,163.45,163.54,11300,1848192.0117
2026-09-11 11:11:00,163.55,163.65,163.51,163.63,9800,1603206.9746
2026-09-11 11:12:00,163.64,163.66,163.49,163.6,22700,3713051.9961
2026-09-11 11:13:00,163.62,163.64,163.49,163.55,16201,2649796.6198
2026-09-11 11:14:00,163.55,163.64,163.53,163.58,12800,2093939.1054
2026-09-11 11:15:00,163.6,163.6,163.44,163.47,14200,2321737.0107
2026-09-11 11:16:00,163.47,163.47,163.3,163.39,31800,5195815.9688
2026-09-11 11:17:00,163.39,163.64,163.37,163.58,31400,5132363.9632
2026-09-11 11:18:00,163.58,163.61,163.5,163.58,19100,3123711.0107
2026-09-11 11:19:00,163.58,163.65,163.55,163.65,9700,1586900.0166
2026-09-11 11:20:00,163.65,163.8,163.65,163.8,19300,3159541.9355
2026-09-11 11:21:00,163.8,163.9,163.77,163.9,24700,4046907.0
2026-09-11 11:22:00,163.89,163.91,163.66,163.66,20500,3357936.9824
2026-09-11 11:23:00,163.65,163.76,163.64,163.73,9100,1489757.9941
2026-09-11 11:24:00,163.74,163.87,163.73,163.84,14500,2375307.002
2026-09-11 11:25:00,163.85,163.87,163.62,163.7,19600,3209618.002
2026-09-11 11:26:00,163.7,163.75,163.67,163.71,10300,1686053.9961
2026-09-11 11:27:00,163.74,163.8,163.73,163.78,10200,1670396.0039
2026-09-11 11:28:00,163.78,163.85,163.73,163.85,11400,1867322.0039
2026-09-11 11:29:00,163.85,163.86,163.67,163.67,13600,2227304.0176
2026-09-11 11:30:00,163.67,163.86,163.64,163.78,11400,1866778.9902
2026-09-11 13:01:00,163.85,163.94,163.41,163.41,106100,17377570.1494
2026-09-11 13:02:00,163.49,163.58,163.42,163.51,32800,5362657.0186
2026-09-11 13:03:00,163.48,163.55,163.42,163.52,21700,3547471.9941
2026-09-11 13:04:00,163.54,163.74,163.5,163.67,12500,2044693.0088
2026-09-11 13:05:00,163.7,163.7,163.45,163.45,19700,3223185.0078
2026-09-11 13:06:00,163.49,163.57,163.46,163.56,18700,3058336.0176
2026-09-11 13:07:00,163.56,163.56,163.41,163.45,18600,3041079.9648
2026-09-11 13:08:00,163.45,163.53,163.41,163.51,15300,2501350.0127
2026-09-11 13:09:00,163.52,163.58,163.51,163.55,9000,1471917.0098
2026-09-11 13:10:00,163.54,163.57,163.47,163.53,16800,2747221.9639
2026-09-11 13:11:00,163.53,163.53,163.44,163.46,11800,1929420.0107
2026-09-11 13:12:00,163.46,163.46,163.26,163.4,10500,1715245.001
2026-09-11 13:13:00,163.41,163.54,163.4,163.52,8700,1422232.999
2026-09-11 13:14:00,163.54,163.59,163.49,163.51,14200,2322283.9541
2026-09-11 13:15:00,163.53,163.53,163.29,163.3,19500,3185714.9941
2026-09-11 13:16:00,163.35,163.44,163.18,163.18,22000,3592146.0127
2026-09-11 13:17:00,163.17,163.21,163.05,163.21,17800,2903554.0283
2026-09-11 13:18:00,163.16,163.17,163.03,163.05,14700,2397331.0283
2026-09-11 13:19:00,163.06,163.15,163.05,163.07,7100,1158151.998
2026-09-11 13:20:00,163.07,163.11,163.01,163.06,11400,1858816.9971
2026-09-11 13:21:00,163.07,163.21,163.06,163.21,12400,2022644.0195
2026-09-11 13:22:00,163.21,163.33,163.21,163.33,12200,1991614.0127
2026-09-11 13:23:00,163.26,163.32,163.07,163.09,14500,2366546.9902
2026-09-11 13:24:00,163.1,163.18,162.83,162.88,52600,8571337.0205
2026-09-11 13:25:00,162.88,162.88,162.76,162.83,35600,5795960.9941
2026-09-11 13:26:00,162.79,162.83,162.73,162.8,39700,6462630.9082
2026-09-11 13:27:00,162.8,162.91,162.66,162.84,49500,8054724.083
2026-09-11 13:28:00,162.88,163.03,162.85,163.0,21200,3454289.0117
2026-09-11 13:29:00,163.06,163.14,163.05,163.11,9700,1582223.0
2026-09-11 13:30:00,163.11,163.11,163.04,163.07,19600,3196260.0283
2026-09-11 13:31:00,163.07,163.18,163.04,163.07,20400,3327054.0264
2026-09-11 13:32:00,163.06,163.08,162.93,162.93,21100,3439472.0049
2026-09-11 13:33:00,163.0,163.31,162.86,163.19,25600,4174205.9619
2026-09-11 13:34:00,163.19,163.3,163.1,163.11,23600,3850787.9951
2026-09-11 13:35:00,163.1,163.12,162.91,162.99,35300,5754561.0381
2026-09-11 13:36:00,162.98,163.2,162.97,163.2,12400,2021977.9785
2026-09-11 13:37:00,163.19,163.21,163.03,163.05,9700,1582288.0078
2026-09-11 13:38:00,163.04,163.23,163.02,163.12,14600,2381450.9531
2026-09-11 13:39:00,163.11,163.14,162.88,163.02,27400,4467079.0088
2026-09-11 13:40:00,163.01,163.07,162.93,163.06,14900,2428975.9395
2026-09-11 13:41:00,163.07,163.07,162.9,162.9,21400,3487346.957
2026-09-11 13:42:00,162.89,162.97,162.86,162.97,14600,2378415.9824
2026-09-11 13:43:00,162.95,162.97,162.81,162.88,19000,3094946.9727
2026-09-11 13:44:00,162.9,162.92,162.7,162.86,58900,9586724.9785
2026-09-11 13:45:00,162.86,162.92,162.72,162.87,20600,3354664.9766
2026-09-11 13:46:00,162.86,162.87,162.68,162.81,27500,4475891.0049
2026-09-11 13:47:00,162.78,162.87,162.73,162.85,12700,2067947.0195
2026-09-11 13:48:00,162.87,163.0,162.87,163.0,63000,10263818.8633
2026-09-11 13:49:00,163.0,163.01,162.86,162.98,30400,4953722.002
2026-09-11 13:50:00,162.94,162.96,162.84,162.85,13500,2198862.001
2026-09-11 13:51:00,162.85,162.9,162.84,162.88,16400,2671133.0088
2026-09-11 13:52:00,162.88,162.93,162.84,162.93,15900,2589826.9951
2026-09-11 13:53:00,162.95,163.12,162.94,163.12,54000,8802285.9863
2026-09-11 13:54:00,163.11,163.18,163.08,163.18,16800,2740653.9893
2026-09-11 13:55:00,163.17,163.19,163.11,163.12,17500,2855034.9727
2026-09-11 13:56:00,163.12,163.14,163.03,163.12,21100,3441255.0283
2026-09-11 13:57:00,163.12,163.13,163.0,163.02,20400,3326519.002
2026-09-11 13:58:00,163.02,163.06,162.99,163.05,10700,1744460.9707
2026-09-11 13:59:00,163.06,163.13,163.05,163.13,20100,3278120.0381
2026-09-11 14:00:00,163.11,163.13,163.01,163.01,22000,3588325.0332
2026-09-11 14:01:00,163.06,163.06,162.85,162.87,13300,2166938.9902
2026-09-11 14:02:00,162.86,162.88,162.8,162.81,18100,2947328.0322
2026-09-11 14:03:00,162.81,163.07,162.81,163.05,10800,1759321.9795
2026-09-11 14:04:00,163.02,163.13,163.01,163.06,21700,3538406.9561
2026-09-11 14:05:00,163.06,163.09,162.94,162.96,16700,2722498.0088
2026-09-11 14:06:00,162.95,162.95,162.86,162.86,14900,2427447.9424
2026-09-11 14:07:00,162.9,162.92,162.8,162.81,18400,2996656.0088
2026-09-11 14:08:00,162.85,162.85,162.68,162.77,25300,4117675.9863
2026-09-11 14:09:00,162.76,162.81,162.76,162.76,13100,2132435.9717
2026-09-11 14:10:00,162.76,162.8,162.7,162.8,25800,4198903.9678
2026-09-11 14:11:00,162.8,162.87,162.76,162.84,14000,2279650.043
2026-09-11 14:12:00,162.83,162.88,162.83,162.87,9500,1547125.0137
2026-09-11 14:13:00,162.87,162.99,162.75,162.75,25000,4070935.9756
2026-09-11 14:14:00,162.73,162.74,162.69,162.72,19800,3221634.0322
2026-09-11 14:15:00,162.71,162.73,162.7,162.73,11700,1903702.0488
2026-09-11 14:16:00,162.73,162.74,162.7,162.7,22500,3661153.0684
2026-09-11 14:17:00,162.71,162.71,162.51,162.62,101300,16471664.1631
2026-09-11 14:18:00,162.58,162.68,162.52,162.6,35700,5805524.0088
2026-09-11 14:19:00,162.66,162.87,162.65,162.71,26900,4377245.0137
2026-09-11 14:20:00,162.71,162.73,162.58,162.63,63200,10280420.7314
2026-09-11 14:21:00,162.58,162.63,162.56,162.59,28100,4568852.0742
2026-09-11 14:22:00,162.59,162.68,162.55,162.66,23600,3837692.0078
2026-09-11 14:23:00,162.65,162.7,162.65,162.67,27200,4424480.9316
2026-09-11 14:24:00,162.66,162.82,162.65,162.82,27000,4394030.0273
2026-09-11 14:25:00,162.82,162.85,162.81,162.85,15300,2491228.0898
2026-09-11 14:26:00,162.85,162.85,162.73,162.79,18700,3044229.9951
2026-09-11 14:27:00,162.74,162.79,162.69,162.69,17000,2766286.0029
2026-09-11 14:28:00,162.69,162.79,162.65,162.72,41200,6703089.9902
2026-09-11 14:29:00,162.71,162.71,162.67,162.68,11100,1805956.0273
2026-09-11 14:30:00,162.68,162.7,162.56,162.63,29400,4781127.0146
2026-09-11 14:31:00,162.63,162.67,162.59,162.59,21900,3561568.0195
2026-09-11 14:32:00,162.6,162.64,162.56,162.58,25600,4162577.0537
2026-09-11 14:33:00,162.58,162.58,162.46,162.48,50600,8223339.0146
2026-09-11 14:34:00,162.48,162.5,162.41,162.43,29600,4808172.96
2026-09-11 14:35:00,162.44,162.47,162.41,162.43,18400,2988723.9482
2026-09-11 14:36:00,162.43,162.43,162.32,162.34,34300,5569556.9873
2026-09-11 14:37:00,162.32,162.36,162.0,162.27,104400,16930876.9434
2026-09-11 14:38:00,162.27,162.5,162.26,162.48,42300,6868215.9297
2026-09-11 14:39:00,162.47,162.5,162.34,162.34,16100,2614614.0068
2026-09-11 14:40:00,162.35,162.43,162.26,162.43,28600,4642720.0645
2026-09-11 14:41:00,162.42,162.42,162.28,162.3,26700,4334415.0342
2026-09-11 14:42:00,162.3,162.31,162.2,162.22,28600,4640454.0068
2026-09-11 14:43:00,162.22,162.29,162.2,162.29,43200,7008305.0029
2026-09-11 14:44:00,162.29,162.39,162.28,162.34,43000,6979932.9795
2026-09-11 14:45:00,162.33,162.41,162.23,162.36,55500,9007136.9688
2026-09-11 14:46:00,162.41,162.41,162.23,162.3,21400,3473795.04
2026-09-11 14:47:00,162.3,162.31,162.28,162.31,23900,3879011.9541
2026-09-11 14:48:00,162.3,162.36,162.28,162.29,64700,10502434.1299
2026-09-11 14:49:00,162.28,162.3,162.25,162.27,22800,3699894.9063
2026-09-11 14:50:00,162.27,162.28,162.24,162.24,43100,6993417.8252
2026-09-11 14:51:00,162.25,162.3,162.23,162.28,59700,9688566.9424
2026-09-11 14:52:00,162.28,162.29,162.23,162.26,26400,4283714.9619
2026-09-11 14:53:00,162.27,162.29,162.15,162.17,53500,8678611.0078
2026-09-11 14:54:00,162.17,162.3,162.15,162.2,36300,5887726.9756
2026-09-11 14:55:00,162.2,162.21,162.18,162.2,25100,4071190.043
2026-09-11 14:56:00,162.2,162.3,162.16,162.24,73400,11905557.9521
2026-09-11 14:57:00,162.3,162.35,162.15,162.35,110600,17945720.9102
2026-09-11 15:00:00,162.73,162.73,162.73,162.73,196121,31914769.9821
2026-09-14 09:31:00,162.0,163.54,161.61,163.5,207916,33754007.6782
2026-09-14 09:32:00,163.5,163.83,163.15,163.52,65600,10724627.9229
2026-09-14 09:33:00,163.52,163.84,163.48,163.76,107000,17512524.1289
2026-09-14 09:34:00,163.73,163.94,163.61,163.9,64400,10548582.9971
2026-09-14 09:35:00,163.94,163.94,163.24,163.31,54600,8937085.0039
2026-09-14 09:36:00,163.31,163.66,162.96,163.0,50600,8262510.0527
2026-09-14 09:37:00,163.0,163.12,162.8,162.84,62500,10182998.9893
2026-09-14 09:38:00,162.81,163.01,162.41,162.41,44600,7256183.9521
2026-09-14 09:39:00,162.5,162.51,162.2,162.2,40500,6576671.9434
2026-09-14 09:40:00,162.22,162.43,162.08,162.3,55300,8971573.0527
2026-09-14 09:41:00,162.29,162.34,161.82,161.82,38800,6284361.0205
2026-09-14 09:42:00,161.84,162.04,161.75,161.75,37177,6018885.6545
2026-09-14 09:43:00,161.72,161.76,161.39,161.63,78500,12681923.1338
2026-09-14 09:44:00,161.7,161.9,161.63,161.8,54123,8753872.6804
2026-09-14 09:45:00,161.8,161.83,161.69,161.74,19777,3199408.3115
2026-09-14 09:46:00,161.73,161.73,161.38,161.53,55300,8934175.0
2026-09-14 09:47:00,161.54,161.63,161.31,161.4,62900,10151671.0254
2026-09-14 09:48:00,161.4,161.53,161.34,161.42,21800,3519155.9727
2026-09-14 09:49:00,161.44,161.56,161.31,161.31,54700,8828583.002
2026-09-14 09:50:00,161.31,161.53,161.27,161.44,51300,8276789.998
2026-09-14 09:51:00,161.49,161.5,161.35,161.36,21900,3534618.959
2026-09-14 09:52:00,161.37,161.4,161.23,161.23,24400,3936424.0303
2026-09-14 09:53:00,161.23,161.26,161.02,161.17,49400,7959056.0059
2026-09-14 09:54:00,161.17,161.37,161.0,161.03,57700,9296527.9336
2026-09-14 09:55:00,161.02,161.03,160.81,160.81,58600,9431165.9316
2026-09-14 09:56:00,160.81,160.88,160.74,160.86,69900,11239610.0205
2026-09-14 09:57:00,160.86,160.88,160.85,160.86,14100,2268257.001
2026-09-14 09:58:00,160.88,161.0,160.88,160.99,26400,4249004.9922
2026-09-14 09:59:00,160.97,160.97,160.59,160.59,55800,8969725.0342
2026-09-14 10:00:00,160.59,160.62,160.4,160.45,69000,11073051.9814
2026-09-14 10:01:00,160.45,160.72,160.0,160.55,219600,35214694.1504
2026-09-14 10:02:00,160.5,160.55,160.3,160.44,60900,9768729.0029
2026-09-14 10:03:00,160.4,160.43,160.33,160.43,37600,6031121.8965
2026-09-14 10:04:00,160.43,160.7,160.43,160.52,37100,5956274.793
2026-09-14 10:05:00,160.54,160.78,160.5,160.66,65000,10437715.8037
2026-09-14 10:06:00,160.63,160.68,160.5,160.52,25600,4110902.9971
2026-09-14 10:07:00,160.53,160.66,160.39,160.66,45500,7302694.1553
2026-09-14 10:08:00,160.66,160.69,160.59,160.67,12300,1976048.999
2026-09-14 10:09:00,160.67,161.0,160.6,160.99,24800,3987962.002
2026-09-14 10:10:00,160.99,161.0,160.76,160.76,18400,2961098.0244
2026-09-14 10:11:00,160.7,160.75,160.6,160.6,9200,1477904.999
2026-09-14 10:12:00,160.6,160.63,160.56,160.57,14400,2312400.0127
2026-09-14 10:13:00,160.57,160.74,160.56,160.6,17700,2843072.9941
2026-09-14 10:14:00,160.57,160.69,160.49,160.69,43800,7032850.0732
2026-09-14 10:15:00,160.72,160.72,160.53,160.62,14300,2296698.0186
2026-09-14 10:16:00,160.61,160.66,160.54,160.63,11600,1863085.999
2026-09-14 10:17:00,160.66,160.74,160.62,160.73,12300,1976431.9902
2026-09-14 10:18:00,160.69,160.78,160.62,160.69,28200,4531481.9512
2026-09-14 10:19:00,160.68,160.86,160.68,160.84,15500,2492183.0059
2026-09-14 10:20:00,160.86,161.06,160.86,161.0,21700,3493110.0088
2026-09-14 10:21:00,161.0,161.03,160.66,160.67,50400,8109909.0127
2026-09-14 10:22:00,160.68,160.73,160.63,160.66,11700,1879705.957
2026-09-14 10:23:00,160.65,160.84,160.61,160.84,15200,2442420.9834
2026-09-14 10:24:00,160.81,160.95,160.8,160.95,11500,1849933.0137
2026-09-14 10:25:00,160.95,160.98,160.88,160.93,12000,1931220.9941
2026-09-14 10:26:00,160.94,160.97,160.8,160.85,18500,2976696.0186
2026-09-14 10:27:00,160.85,160.99,160.8,160.95,15100,2429842.9854
2026-09-14 10:28:00,160.95,161.01,160.91,160.98,21100,3396599.0332
2026-09-14 10:29:00,160.99,161.24,160.99,161.24,19800,3189671.9893
2026-09-14 10:30:00,161.23,161.23,161.05,161.1,14000,2255955.0137
2026-09-14 10:31:00,161.1,161.11,161.05,161.07,15700,2529062.0469
2026-09-14 10:32:00,161.06,161.09,160.95,161.03,22100,3558632.0273
2026-09-14 10:33:00,160.95,161.1,160.92,161.1,26800,4314340.9775
2026-09-14 10:34:00,161.1,161.13,161.06,161.11,12700,2045947.0352
2026-09-14 10:35:00,161.11,161.33,161.11,161.33,28000,4514230.9971
2026-09-14 10:36:00,161.3,161.48,161.28,161.42,26000,4195253.9922
2026-09-14 10:37:00,161.42,161.48,161.34,161.34,12000,1937112.9951
2026-09-14 10:38:00,161.34,161.6,161.27,161.45,29300,4730906.998
2026-09-14 10:39:00,161.45,161.45,161.25,161.25,12500,2016343.9805
2026-09-14 10:40:00,161.18,161.23,161.1,161.21,9800,1579375.0029
2026-09-14 10:41:00,161.2,161.2,161.03,161.17,14600,2352209.0049
2026-09-14 10:42:00,161.15,161.33,161.14,161.23,16300,2628042.9932
2026-09-14 10:43:00,161.23,161.3,161.19,161.2,6600,1064322.9971
2026-09-14 10:44:00,161.2,161.28,161.18,161.23,7300,1176971.9961
2026-09-14 10:45:00,161.23,161.24,161.12,161.21,7500,1208838.9844
2026-09-14 10:46:00,161.16,161.26,161.11,161.18,11900,1917990.957
2026-09-14 10:47:00,161.27,161.27,160.88,160.89,20200,3253612.9922
2026-09-14 10:48:00,160.9,160.95,160.81,160.81,9800,1576562.9746
2026-09-14 10:49:00,160.88,160.91,160.65,160.67,44300,7122037.916
2026-09-14 10:50:00,160.66,160.76,160.53,160.66,48900,7854737.0557
2026-09-14 10:51:00,160.67,160.69,160.45,160.45,31800,5105530.9834
2026-09-14 10:52:00,160.49,160.54,160.3,160.33,45500,7300105.9297
2026-09-14 10:53:00,160.36,160.57,160.31,160.34,30600,4910631.0029
2026-09-14 10:54:00,160.46,160.46,160.05,160.2,71800,11499920.1074
2026-09-14 10:55:00,160.2,160.2,160.05,160.06,31500,5043305.0391
2026-09-14 10:56:00,160.06,160.13,160.02,160.06,48000,7682026.9473
2026-09-14 10:57:00,160.06,160.14,159.9,159.9,164500,26322717.958
2026-09-14 10:58:00,159.91,160.05,159.8,159.85,130800,20923967.8828
2026-09-14 10:59:00,159.86,160.02,159.78,159.8,63800,10199387.0576
2026-09-14 11:00:00,159.92,159.93,159.63,159.72,91700,14649647.1074
2026-09-14 11:01:00,159.71,159.8,159.37,159.47,84400,13466981.0107
2026-09-14 11:02:00,159.43,159.57,159.36,159.37,74500,11877811.9102
2026-09-14 11:03:00,159.5,159.72,159.36,159.63,61100,9747982.9121
2026-09-14 11:04:00,159.56,159.8,159.5,159.59,57600,9197955.0166
2026-09-14 11:05:00,159.59,159.94,159.5,159.91,31200,4984166.0137
2026-09-14 11:06:00,159.94,160.2,159.88,160.2,34100,5457788.0166
2026-09-14 11:07:00,160.11,160.24,159.97,160.13,27600,4418254.0078
2026-09-14 11:08:00,160.13,160.27,160.08,160.27,14100,2258123.9941
2026-09-14 11:09:00,160.28,160.28,159.96,159.98,15100,2418334.9951
2026-09-14 11:10:00,160.05,160.1,159.96,159.96,16100,2576737.0361
2026-09-14 11:11:00,159.97,160.05,159.87,159.94,17000,2719167.999
2026-09-14 11:12:00,160.05,160.24,159.95,160.15,21500,3443080.0566
2026-09-14 11:13:00,160.18,160.22,160.1,160.21,8500,1361425.0352
2026-09-14 11:14:00,160.21,160.23,160.09,160.1,10500,1681936.0322
2026-09-14 11:15:00,160.1,160.21,160.01,160.19,16800,2690151.0234
2026-09-14 11:16:00,160.15,160.15,160.01,160.01,10500,1681011.002
2026-09-14 11:17:00,160.02,160.13,160.02,160.13,11600,1856935.0039
2026-09-14 11:18:00,160.13,160.14,160.06,160.09,8700,1392699.0557
2026-09-14 11:19:00,160.09,160.13,160.06,160.1,10600,1697024.0352
2026-09-14 11:20:00,160.09,160.1,159.78,159.8,19900,3182282.9805
2026-09-14 11:21:00,159.84,159.94,159.65,159.91,22700,3628477.9824
2026-09-14 11:22:00,159.95,160.07,159.9,159.99,30400,4863151.998
2026-09-14 11:23:00,160.0,160.02,159.9,159.9,10300,1647733.9775
2026-09-14 11:24:00,159.9,160.16,159.86,160.08,23500,3759294.0156
2026-09-14 11:25:00,160.16,160.18,160.1,160.1,9700,1553313.9873
2026-09-14 11:26:00,160.12,160.2,160.04,160.19,17900,2866229.998
2026-09-14 11:27:00,160.21,160.26,160.21,160.25,5600,897328.0107
2026-09-14 11:28:00,160.26,160.26,160.11,160.22,13800,2210675.041
2026-09-14 11:29:00,160.23,160.27,160.14,160.14,8000,1281797.9961
2026-09-14 11:30:00,160.15,160.27,160.14,160.26,11600,1858355.9941
2026-09-14 13:01:00,160.27,160.27,159.88,160.11,49400,7908225.9648
2026-09-14 13:02:00,160.12,160.15,160.05,160.06,7500,1200701.0166
2026-09-14 13:03:00,160.05,160.19,159.87,160.07,24500,3920623.0166
2026-09-14 13:04:00,160.04,160.09,159.87,160.01,20900,3343874.0264
2026-09-14 13:05:00,160.02,160.1,160.0,160.07,8000,1280400.999
2026-09-14 13:06:00,160.05,160.09,159.98,159.99,13000,2080219.9922
2026-09-14 13:07:00,159.99,160.1,159.98,160.03,13400,2144542.9922
2026-09-14 13:08:00,160.05,160.06,159.9,160.02,9800,1567850.0029
2026-09-14 13:09:00,160.01,160.03,159.99,160.01,6600,1056087.9932
2026-09-14 13:10:00,160.01,160.01,159.9,159.9,7000,1119704.9932
2026-09-14 13:11:00,159.91,159.97,159.88,159.89,9800,1567224.9971
2026-09-14 13:12:00,159.9,159.9,159.86,159.89,6900,1103143.9971
2026-09-14 13:13:00,159.89,160.0,159.5,159.88,69800,11153088.9141
2026-09-14 13:14:00,159.89,159.93,159.88,159.93,7100,1135360.9922
2026-09-14 13:15:00,159.93,160.02,159.93,159.96,29400,4703733.9971
2026-09-14 13:16:00,159.95,159.95,159.8,159.84,8500,1358627.0068
2026-09-14 13:17:00,159.84,159.84,159.82,159.83,10300,1646256.0137
2026-09-14 13:18:00,159.83,159.93,159.83,159.93,11200,1790669.9824
2026-09-14 13:19:00,159.92,160.0,159.91,160.0,20800,3326686.9932
2026-09-14 13:20:00,159.99,160.0,159.96,159.96,7000,1119868.0293
2026-09-14 13:21:00,159.97,159.99,159.9,159.9,15000,2399432.0059
2026-09-14 13:22:00,159.91,159.92,159.83,159.9,8400,1343017.9961
2026-09-14 13:23:00,159.9,159.95,159.89,159.93,6700,1071400.9795
2026-09-14 13:24:00,159.93,159.95,159.73,159.74,15900,2541359.0313
2026-09-14 13:25:00,159.74,159.77,159.64,159.64,10000,1597311.9883
2026-09-14 13:26:00,159.71,159.72,159.64,159.72,11200,1788452.9863
2026-09-14 13:27:00,159.72,159.77,159.69,159.73,16600,2651483.0234
2026-09-14 13:28:00,159.73,159.86,159.73,159.84,14300,2285220.001
2026-09-14 13:29:00,159.86,159.87,159.79,159.81,12600,2014011.0098
2026-09-14 13:30:00,159.82,159.85,159.77,159.85,11200,1789837.999
2026-09-14 13:31:00,159.85,159.88,159.79,159.81,23700,3788449.0576
2026-09-14 13:32:00,159.81,159.83,159.78,159.81,16900,2700613.9854
2026-09-14 13:33:00,159.82,160.0,159.81,159.88,29600,4733276.9678
2026-09-14 13:34:00,159.87,159.91,159.87,159.91,6800,1087290.9766
2026-09-14 13:35:00,159.91,159.93,159.87,159.92,8900,1423154.9775
2026-09-14 13:36:00,159.92,160.1,159.92,160.07,40900,6544087.0225
2026-09-14 13:37:00,160.07,160.08,159.97,160.01,11600,1856256.0127
2026-09-14 13:38:00,160.02,160.06,159.97,160.0,29300,4688163.9785
2026-09-14 13:39:00,160.0,160.06,160.0,160.02,10300,1648180.9658
2026-09-14 13:40:00,160.0,160.02,159.96,159.97,20300,3247831.0303
2026-09-14 13:41:00,159.99,160.03,159.98,160.01,19400,3104191.0078
2026-09-14 13:42:00,160.01,160.03,159.99,160.0,14600,2336042.9912
2026-09-14 13:43:00,159.99,160.0,159.97,159.97,4100,655933.0098
2026-09-14 13:44:00,159.97,159.98,159.94,159.95,9800,1567637.0186
2026-09-14 13:45:00,159.94,159.96,159.83,159.93,22700,3629792.9766
2026-09-14 13:46:00,159.93,159.93,159.89,159.89,4100,655632.9883
2026-09-14 13:47:00,159.89,159.96,159.89,159.93,18200,2910869.0264
2026-09-14 13:48:00,159.93,159.98,159.9,159.98,9100,1455511.0068
2026-09-14 13:49:00,159.98,159.98,159.83,159.89,13900,2222644.001
2026-09-14 13:50:00,159.87,159.87,159.79,159.79,13900,2221382.0156
2026-09-14 13:51:00,159.79,159.8,159.73,159.76,14200,2268899.9658
2026-09-14 13:52:00,159.78,159.79,159.69,159.69,30500,4871592.9844
2026-09-14 13:53:00,159.78,159.79,159.69,159.72,34500,5509782.042
2026-09-14 13:54:00,159.72,159.8,159.71,159.8,13000,2076938.9805
2026-09-14 13:55:00,159.8,159.81,159.76,159.78,14900,2380846.9561
2026-09-14 13:56:00,159.77,159.83,159.77,159.83,10300,1645878.9805
2026-09-14 13:57:00,159.83,159.89,159.82,159.86,16900,2701796.0127
2026-09-14 13:58:00,159.88,159.89,159.85,159.89,8700,1390867.0117
2026-09-14 13:59:00,159.88,159.91,159.83,159.84,30600,4892458.9932
2026-09-14 14:00:00,159.82,159.95,159.82,159.95,6700,1071131.9912
2026-09-14 14:01:00,159.95,159.95,159.85,159.91,12000,1918993.9717
2026-09-14 14:02:00,159.93,160.03,159.91,159.95,17800,2847281.0059
2026-09-14 14:03:00,159.95,159.96,159.91,159.92,17900,2862768.9912
2026-09-14 14:04:00,159.92,159.95,159.9,159.93,6700,1071477.9805
2026-09-14 14:05:00,159.94,159.99,159.93,159.99,13000,2079478.9805
2026-09-14 14:06:00,159.99,159.99,159.92,159.97,11100,1775547.0176
2026-09-14 14:07:00,159.98,160.09,159.98,160.09,14000,2240514.9668
2026-09-14 14:08:00,160.1,160.17,160.07,160.13,10700,1713245.0088
2026-09-14 14:09:00,160.12,160.15,160.11,160.15,8900,1425204.9912
2026-09-14 14:10:00,160.15,160.15,160.01,160.03,20200,3233620.9766
2026-09-14 14:11:00,160.04,160.18,160.04,160.18,13000,2081192.998
2026-09-14 14:12:00,160.18,160.26,160.16,160.26,33300,5334593.9629
2026-09-14 14:13:00,160.24,160.29,160.2,160.24,27200,4358820.9697
2026-09-14 14:14:00,160.24,160.25,160.16,160.24,19400,3107881.0381
2026-09-14 14:15:00,160.2,160.24,160.19,160.2,14400,2307002.0234
2026-09-14 14:16:00,160.2,160.24,160.1,160.2,16600,2658655.9688
2026-09-14 14:17:00,160.21,160.21,160.13,160.16,11900,1905895.9688
2026-09-14 14:18:00,160.16,160.22,160.16,160.18,13100,2098508.9834
2026-09-14 14:19:00,160.19,160.22,160.18,160.2,9200,1473852.0332
2026-09-14 14:20:00,160.2,160.24,160.2,160.24,23300,3733195.0605
2026-09-14 14:21:00,160.23,160.26,160.21,160.23,12600,2018946.0166
2026-09-14 14:22:00,160.24,160.24,160.21,160.22,6000,961357.0127
2026-09-14 14:23:00,160.22,160.22,160.19,160.2,10000,1602032.0361
2026-09-14 14:24:00,160.2,160.25,160.2,160.22,10700,1714390.043
2026-09-14 14:25:00,160.23,160.29,160.23,160.29,17400,2788716.9492
2026-09-14 14:26:00,160.29,160.3,160.24,160.26,12350,1979330.9644
2026-09-14 14:27:00,160.24,160.27,160.18,160.21,20200,3236328.0264
2026-09-14 14:28:00,160.2,160.21,160.1,160.11,13600,2178161.9844
2026-09-14 14:29:00,160.12,160.15,160.11,160.15,5600,896769.9912
2026-09-14 14:30:00,160.15,160.15,160.13,160.15,10600,1697515.9688
2026-09-14 14:31:00,160.14,160.18,160.13,160.17,13000,2081931.957
2026-09-14 14:32:00,160.16,160.18,160.11,160.17,17000,2722436.9727
2026-09-14 14:33:00,160.18,160.2,160.1,160.11,16200,2594520.9873
2026-09-14 14:34:00,160.13,160.15,160.1,160.1,13400,2145708.001
2026-09-14 14:35:00,160.11,160.12,160.03,160.04,11200,1792889.0059
2026-09-14 14:36:00,160.04,160.08,160.04,160.06,11400,1824688.0176
2026-09-14 14:37:00,160.06,160.11,160.05,160.06,14000,2241039.0283
2026-09-14 14:38:00,160.06,160.07,160.02,160.02,7800,1248413.0
2026-09-14 14:39:00,160.04,160.1,160.03,160.08,20200,3233511.0469
2026-09-14 14:40:00,160.08,160.17,160.07,160.15,14200,2273797.9805
2026-09-14 14:41:00,160.17,160.21,160.07,160.09,42700,6838916.0596
2026-09-14 14:42:00,160.06,160.16,160.06,160.13,22100,3538160.0615
2026-09-14 14:43:00,160.13,160.17,160.13,160.17,14700,2354410.9961
2026-09-14 14:44:00,160.16,160.2,160.16,160.19,24500,3924404.9395
2026-09-14 14:45:00,160.2,160.21,160.08,160.08,35100,5622075.9629
2026-09-14 14:46:00,160.11,160.17,160.1,160.12,25800,4131754.9238
2026-09-14 14:47:00,160.12,160.15,160.08,160.11,34400,5508028.0098
2026-09-14 14:48:00,160.13,160.14,160.1,160.14,26100,4179172.002
2026-09-14 14:49:00,160.13,160.13,160.04,160.04,42600,6820741.0332
2026-09-14 14:50:00,160.04,160.05,159.95,159.99,49400,7904015.0088
2026-09-14 14:51:00,159.99,160.08,159.92,160.06,27900,4463872.0313
2026-09-14 14:52:00,159.97,160.05,159.91,159.91,26200,4190863.0342
2026-09-14 14:53:00,159.91,160.02,159.89,159.93,41100,6573157.9434
2026-09-14 14:54:00,159.94,159.96,159.89,159.92,17800,2846591.957
2026-09-14 14:55:00,159.91,159.94,159.89,159.9,19400,3102206.9404
2026-09-14 14:56:00,159.91,159.99,159.86,159.97,38900,6220496.9482
2026-09-14 14:57:00,159.9,160.0,159.9,159.95,34600,5534455.0049
2026-09-14 15:00:00,160.1,160.1,160.1,160.1,99000,15849900.3379
2026-09-15 09:31:00,159.85,160.49,159.37,159.63,129600,20723021.2041
2026-09-15 09:32:00,159.46,159.94,159.37,159.9,45300,7232302.0244
2026-09-15 09:33:00,159.99,160.3,159.97,160.23,31400,5029578.9883
2026-09-15 09:34:00,160.24,160.31,160.09,160.14,22100,3540209.9629
2026-09-15 09:35:00,160.15,160.27,160.07,160.24,34000,5446403.0225
2026-09-15 09:36:00,160.24,160.4,160.13,160.32,38600,6187347.041
2026-09-15 09:37:00,160.27,160.36,160.09,160.18,30600,4901587.9268
2026-09-15 09:38:00,160.19,160.2,160.01,160.02,30900,4948152.9404
2026-09-15 09:39:00,160.01,160.34,159.99,160.33,42000,6725780.0381
2026-09-15 09:40:00,160.34,160.4,160.31,160.39,26100,4185214.0576
2026-09-15 09:41:00,160.33,160.38,160.1,160.34,21500,3445817.0273
2026-09-15 09:42:00,160.33,160.39,160.23,160.29,24600,3944315.0244
2026-09-15 09:43:00,160.31,160.59,160.23,160.52,47600,7635440.999
2026-09-15 09:44:00,160.52,160.57,160.32,160.55,28900,4637811.9795
2026-09-15 09:45:00,160.54,160.92,160.5,160.71,48000,7713403.9971
2026-09-15 09:46:00,160.75,160.8,160.43,160.43,32700,5252771.0186
2026-09-15 09:47:00,160.43,160.52,160.32,160.44,22200,3560971.9541
2026-09-15 09:48:00,160.42,160.43,160.26,160.34,25300,4056671.0195
2026-09-15 09:49:00,160.34,160.5,160.23,160.26,34000,5451914.084
2026-09-15 09:50:00,160.27,160.27,160.19,160.25,15600,2499556.0205
2026-09-15 09:51:00,160.24,160.24,160.02,160.06,19300,3090645.0186
2026-09-15 09:52:00,160.03,160.23,160.02,160.09,10000,1601117.0117
2026-09-15 09:53:00,160.08,160.1,159.91,160.05,27600,4416063.9717
2026-09-15 09:54:00,160.03,160.13,159.88,159.88,22100,3535650.9844
2026-09-15 09:55:00,159.89,159.89,159.81,159.84,19800,3164809.0693
2026-09-15 09:56:00,159.84,159.85,159.78,159.78,24100,3851771.0342
2026-09-15 09:57:00,159.78,159.85,159.71,159.83,10300,1645875.0107
2026-09-15 09:58:00,159.85,159.85,159.6,159.68,34200,5464079.0947
2026-09-15 09:59:00,159.69,159.85,159.68,159.82,8700,1389943.0078
2026-09-15 10:00:00,159.84,159.84,159.75,159.77,17500,2796343.9727
2026-09-15 10:01:00,159.76,159.85,159.7,159.84,15100,2412833.9863
2026-09-15 10:02:00,159.86,160.0,159.82,159.93,25600,4094022.0049
2026-09-15 10:03:00,159.98,160.02,159.86,159.92,16500,2639135.9893
2026-09-15 10:04:00,159.86,159.92,159.69,159.69,16900,2700667.0186
2026-09-15 10:05:00,159.75,159.9,159.65,159.88,12700,2029420.9844
2026-09-15 10:06:00,159.88,159.9,159.77,159.77,15100,2413644.0215
2026-09-15 10:07:00,159.77,159.87,159.62,159.62,15800,2524647.0176
2026-09-15 10:08:00,159.62,159.73,159.47,159.69,44300,7068286.0303
2026-09-15 10:09:00,159.68,159.72,159.6,159.6,17700,2826267.9385
2026-09-15 10:10:00,159.61,159.72,159.6,159.68,26100,4166461.9805
2026-09-15 10:11:00,159.7,159.72,159.52,159.61,16600,2649396.0332
2026-09-15 10:12:00,159.61,159.72,159.57,159.67,13700,2187314.0225
2026-09-15 10:13:00,159.66,159.73,159.65,159.73,11500,1836436.9902
2026-09-15 10:14:00,159.71,159.74,159.68,159.68,9200,1469434.0068
2026-09-15 10:15:00,159.68,159.85,159.68,159.78,17700,2827447.0059
2026-09-15 10:16:00,159.78,159.82,159.74,159.77,14100,2253067.0029
2026-09-15 10:17:00,159.75,160.08,159.72,160.08,25700,4108903.9707
2026-09-15 10:18:00,160.01,160.13,160.01,160.08,8200,1312665.0186
2026-09-15 10:19:00,160.06,160.11,159.89,159.96,11800,1888323.0137
2026-09-15 10:20:00,159.97,160.01,159.9,159.96,16400,2623748.0117
2026-09-15 10:21:00,159.96,160.16,159.96,160.16,16900,2704981.0205
2026-09-15 10:22:00,160.13,160.22,160.07,160.12,15900,2546306.0039
2026-09-15 10:23:00,160.11,160.18,160.03,160.15,35800,5732300.9775
2026-09-15 10:24:00,160.06,160.18,160.06,160.14,9100,1457215.9814
2026-09-15 10:25:00,160.14,160.2,160.08,160.15,13200,2113829.9824
2026-09-15 10:26:00,160.16,160.5,160.16,160.46,27500,4407916.0176
2026-09-15 10:27:00,160.46,160.48,160.19,160.26,7600,1218407.0078
2026-09-15 10:28:00,160.26,160.38,160.14,160.24,14600,2338908.9971
2026-09-15 10:29:00,160.24,160.43,160.19,160.32,13500,2164257.9912
2026-09-15 10:30:00,160.35,160.71,160.35,160.66,24300,3901073.9941
2026-09-15 10:31:00,160.63,160.69,160.54,160.59,15900,2553875.9941
2026-09-15 10:32:00,160.6,160.69,160.43,160.67,23200,3725286.0439
2026-09-15 10:33:00,160.67,160.87,160.58,160.78,35600,5719842.9863
2026-09-15 10:34:00,160.86,161.15,160.78,160.78,91700,14757573.1328
2026-09-15 10:35:00,160.75,160.97,160.68,160.69,33000,5308962.0234
2026-09-15 10:36:00,160.71,160.82,160.61,160.82,9300,1494463.9883
2026-09-15 10:37:00,160.74,160.76,160.6,160.61,11800,1895836.9854
2026-09-15 10:38:00,160.61,160.75,160.56,160.63,27100,4354103.999
2026-09-15 10:39:00,160.63,160.63,160.55,160.56,5800,931456.0049
2026-09-15 10:40:00,160.57,160.73,160.57,160.71,7200,1156673.999
2026-09-15 10:41:00,160.71,160.73,160.61,160.63,18900,3036529.9805
2026-09-15 10:42:00,160.61,160.72,160.61,160.64,6200,996165.9902
2026-09-15 10:43:00,160.65,160.74,160.65,160.69,8100,1301611.9951
2026-09-15 10:44:00,160.68,160.79,160.68,160.69,24300,3905876.0273
2026-09-15 10:45:00,160.69,160.71,160.68,160.68,7300,1173055.9971
2026-09-15 10:46:00,160.69,160.79,160.68,160.77,16100,2587520.9922
2026-09-15 10:47:00,160.69,160.7,160.59,160.62,13100,2104444.9971
2026-09-15 10:48:00,160.62,160.65,160.57,160.6,9900,1590004.0225
2026-09-15 10:49:00,160.6,160.6,160.52,160.54,5200,834831.9775
2026-09-15 10:50:00,160.54,160.6,160.52,160.6,5900,947345.0176
2026-09-15 10:51:00,160.61,160.61,160.44,160.48,25500,4093649.0244
2026-09-15 10:52:00,160.5,160.6,160.46,160.46,28600,4591186.0156
2026-09-15 10:53:00,160.47,160.59,160.45,160.58,12000,1925763.0156
2026-09-15 10:54:00,160.6,160.79,160.59,160.71,29000,4659092.04
2026-09-15 10:55:00,160.67,160.69,160.65,160.65,4400,706936.9902
2026-09-15 10:56:00,160.65,160.66,160.58,160.65,5300,851418.9668
2026-09-15 10:57:00,160.63,160.67,160.59,160.66,11600,1863233.9932
2026-09-15 10:58:00,160.65,160.72,160.65,160.72,5000,803396.9863
2026-09-15 10:59:00,160.73,160.79,160.68,160.69,17900,2876804.0107
2026-09-15 11:00:00,160.68,160.77,160.68,160.76,9300,1494776.9932
2026-09-15 11:01:00,160.78,160.78,160.58,160.68,22200,3567663.9795
2026-09-15 11:02:00,160.68,160.77,160.64,160.72,11300,1815711.915
2026-09-15 11:03:00,160.72,160.79,160.72,160.79,7300,1173561.9932
2026-09-15 11:04:00,160.79,160.79,160.72,160.74,9900,1591414.002
2026-09-15 11:05:00,160.73,160.75,160.7,160.73,13900,2234094.0264
2026-09-15 11:06:00,160.72,160.8,160.72,160.8,11600,1864915.9805
2026-09-15 11:07:00,160.8,160.83,160.67,160.76,25600,4115315.9932
2026-09-15 11:08:00,160.75,160.95,160.73,160.94,13100,2106983.9873
2026-09-15 11:09:00,160.92,160.95,160.76,160.84,22200,3571367.0117
2026-09-15 11:10:00,160.78,160.78,160.66,160.7,7600,1221614.999
2026-09-15 11:11:00,160.67,160.75,160.66,160.72,5400,867888.002
2026-09-15 11:12:00,160.71,160.71,160.59,160.59,11500,1847755.9941
2026-09-15 11:13:00,160.6,160.75,160.58,160.75,11900,1911544.0254
2026-09-15 11:14:00,160.77,160.82,160.75,160.8,4700,755736.998
2026-09-15 11:15:00,160.8,160.83,160.78,160.8,7300,1173883.0195
2026-09-15 11:16:00,160.77,160.82,160.77,160.79,5800,932633.998
2026-09-15 11:17:00,160.79,160.83,160.61,160.61,28400,4565662.9941
2026-09-15 11:18:00,160.71,160.72,160.63,160.71,6800,1092682.0225
2026-09-15 11:19:00,160.72,160.76,160.66,160.7,8800,1414266.0039
2026-09-15 11:20:00,160.7,160.72,160.63,160.63,11900,1912236.0049
2026-09-15 11:21:00,160.63,160.68,160.51,160.58,10500,1686181.0273
2026-09-15 11:22:00,160.52,160.54,160.5,160.53,6400,1027299.9766
2026-09-15 11:23:00,160.54,160.6,160.5,160.54,10500,1685802.9814
2026-09-15 11:24:00,160.52,160.61,160.52,160.56,9500,1525550.0303
2026-09-15 11:25:00,160.56,160.59,160.48,160.49,9200,1477051.0215
2026-09-15 11:26:00,160.49,160.53,160.49,160.49,6100,979058.9922
2026-09-15 11:27:00,160.49,160.51,160.43,160.45,10100,1620729.998
2026-09-15 11:28:00,160.45,160.58,160.44,160.58,28800,4621503.0127
2026-09-15 11:29:00,160.58,160.62,160.55,160.6,7700,1236484.0146
2026-09-15 11:30:00,160.6,160.65,160.59,160.64,6700,1076102.002
2026-09-15 13:01:00,160.63,160.7,160.19,160.51,53800,8632141.6331
2026-09-15 13:02:00,160.59,160.59,160.36,160.4,10000,1604428.9795
2026-09-15 13:03:00,160.43,160.44,160.4,160.44,9200,1475890.9551
2026-09-15 13:04:00,160.45,160.58,160.44,160.52,15600,2503927.0107
2026-09-15 13:05:00,160.53,160.53,160.42,160.46,13700,2198465.0137
2026-09-15 13:06:00,160.49,160.51,160.46,160.46,9600,1540594.0176
2026-09-15 13:07:00,160.45,160.67,160.45,160.53,19600,3146354.0186
2026-09-15 13:08:00,160.47,160.52,160.38,160.49,19800,3177102.0723
2026-09-15 13:09:00,160.48,160.59,160.48,160.57,10800,1733625.0029
2026-09-15 13:10:00,160.58,160.71,160.54,160.61,13900,2232594.0127
2026-09-15 13:11:00,160.63,160.72,160.61,160.72,13000,2088252.999
2026-09-15 13:12:00,160.74,160.75,160.5,160.62,16800,2698970.0
2026-09-15 13:13:00,160.63,160.7,160.62,160.62,12800,2056409.9814
2026-09-15 13:14:00,160.62,160.65,160.62,160.64,6600,1060215.9922
2026-09-15 13:15:00,160.63,160.69,160.52,160.58,25000,4015703.9727
2026-09-15 13:16:00,160.53,160.55,160.37,160.48,8100,1299914.9971
2026-09-15 13:17:00,160.47,160.51,160.3,160.51,29900,4795627.0313
2026-09-15 13:18:00,160.52,160.52,160.43,160.5,10800,1733188.998
2026-09-15 13:19:00,160.49,160.49,160.4,160.49,7600,1219422.9766
2026-09-15 13:20:00,160.49,160.5,160.4,160.47,7000,1123277.0068
2026-09-15 13:21:00,160.47,160.7,160.4,160.7,24800,3981982.9902
2026-09-15 13:22:00,160.7,160.73,160.67,160.69,12200,1960481.9961
2026-09-15 13:23:00,160.69,160.73,160.67,160.73,10600,1703349.002
2026-09-15 13:24:00,160.72,160.79,160.58,160.79,29300,4709119.0176
2026-09-15 13:25:00,160.79,160.79,160.57,160.76,9300,1494666.999
2026-09-15 13:26:00,160.76,160.76,160.63,160.68,4200,674927.9922
2026-09-15 13:27:00,160.66,160.76,160.66,160.71,8300,1333964.0234
2026-09-15 13:28:00,160.74,160.79,160.72,160.78,6100,980641.0
2026-09-15 13:29:00,160.76,160.78,160.68,160.68,15000,2410974.998
2026-09-15 13:30:00,160.69,160.8,160.69,160.78,18500,2973965.957
2026-09-15 13:31:00,160.74,160.77,160.57,160.65,10100,1622854.001
2026-09-15 13:32:00,160.62,160.66,160.61,160.63,9000,1445724.9775
2026-09-15 13:33:00,160.66,160.69,160.57,160.65,10400,1670502.9951
2026-09-15 13:34:00,160.67,160.77,160.67,160.71,12700,2041186.0039
2026-09-15 13:35:00,160.75,160.77,160.69,160.69,9200,1478751.0039
2026-09-15 13:36:00,160.69,160.79,160.69,160.71,11300,1816545.9805
2026-09-15 13:37:00,160.75,160.98,160.71,160.98,31200,5017903.0186
2026-09-15 13:38:00,160.99,161.05,160.84,161.02,42600,6856208.0146
2026-09-15 13:39:00,161.02,161.18,161.02,161.18,27700,4463073.9648
2026-09-15 13:40:00,161.16,161.27,161.16,161.26,23800,3836804.0127
2026-09-15 13:41:00,161.2,161.26,161.14,161.23,18100,2917733.9463
2026-09-15 13:42:00,161.22,161.25,161.14,161.18,19500,3143427.9775
2026-09-15 13:43:00,161.18,161.21,161.18,161.2,9700,1563574.9844
2026-09-15 13:44:00,161.19,161.21,161.18,161.19,13500,2176108.9863
2026-09-15 13:45:00,161.19,161.21,161.18,161.2,12500,2014983.0049
2026-09-15 13:46:00,161.2,161.21,161.13,161.19,14600,2353383.002
2026-09-15 13:47:00,161.18,161.2,161.0,161.11,27500,4430446.9756
2026-09-15 13:48:00,161.09,161.12,161.05,161.05,14400,2319705.0293
2026-09-15 13:49:00,161.09,161.1,161.01,161.04,10700,1723184.9697
2026-09-15 13:50:00,161.05,161.08,160.91,161.01,11200,1803680.999
2026-09-15 13:51:00,160.98,161.11,160.88,160.97,11400,1835723.998
2026-09-15 13:52:00,160.98,161.0,160.93,160.93,6400,1030203.999
2026-09-15 13:53:00,160.93,160.93,160.88,160.89,9200,1480358.9512
2026-09-15 13:54:00,160.89,160.9,160.87,160.87,3500,563098.998
2026-09-15 13:55:00,160.89,160.92,160.85,160.85,14400,2316663.0117
2026-09-15 13:56:00,160.88,160.93,160.88,160.88,12500,2011367.9844
2026-09-15 13:57:00,160.88,160.91,160.85,160.87,4500,723910.0039
2026-09-15 13:58:00,160.86,160.89,160.82,160.88,14500,2332417.0244
2026-09-15 13:59:00,160.87,160.99,160.87,160.93,7900,1271527.998
2026-09-15 14:00:00,160.89,160.94,160.76,160.77,21800,3506409.002
2026-09-15 14:01:00,160.77,160.81,160.7,160.71,12100,1945280.0127
2026-09-15 14:02:00,160.71,160.82,160.67,160.75,7300,1173384.001
2026-09-15 14:03:00,160.79,160.79,160.69,160.69,9700,1559192.0127
2026-09-15 14:04:00,160.67,160.67,160.61,160.65,9300,1493964.9912
2026-09-15 14:05:00,160.65,160.65,160.58,160.62,15400,2473246.0176
2026-09-15 14:06:00,160.58,160.67,160.51,160.57,21100,3388522.083
2026-09-15 14:07:00,160.56,160.57,160.47,160.5,10100,1621188.9951
2026-09-15 14:08:00,160.52,160.54,160.46,160.5,8400,1348227.9854
2026-09-15 14:09:00,160.5,160.64,160.46,160.5,21400,3434894.0127
2026-09-15 14:10:00,160.5,160.55,160.46,160.47,9000,1444603.0
2026-09-15 14:11:00,160.49,160.51,160.46,160.51,5500,882618.0176
2026-09-15 14:12:00,160.51,160.55,160.46,160.55,5200,834632.0049
2026-09-15 14:13:00,160.49,160.57,160.48,160.5,11700,1878191.9941
2026-09-15 14:14:00,160.53,160.59,160.4,160.42,16300,2615455.9932
2026-09-15 14:15:00,160.42,160.45,160.33,160.45,11800,1892661.9756
2026-09-15 14:16:00,160.42,160.49,160.39,160.46,9700,1556229.0186
2026-09-15 14:17:00,160.47,160.57,160.39,160.47,9600,1540657.999
2026-09-15 14:18:00,160.41,160.56,160.4,160.54,4900,786470.9844
2026-09-15 14:19:00,160.51,160.54,160.43,160.43,7700,1235813.9873
2026-09-15 14:20:00,160.45,160.5,160.42,160.42,6800,1091191.0166
2026-09-15 14:21:00,160.42,160.5,160.42,160.5,6600,1058969.0156
2026-09-15 14:22:00,160.48,160.5,160.39,160.47,19400,3112582.0303
2026-09-15 14:23:00,160.5,160.5,160.39,160.42,8800,1412006.0313
2026-09-15 14:24:00,160.46,160.5,160.43,160.46,7700,1235456.9951
2026-09-15 14:25:00,160.46,160.5,160.4,160.42,19500,3129054.9805
2026-09-15 14:26:00,160.44,160.44,160.38,160.38,9900,1588036.9648
2026-09-15 14:27:00,160.4,160.45,160.33,160.37,10300,1651907.9971
2026-09-15 14:28:00,160.37,160.42,160.34,160.35,8800,1411224.0264
2026-09-15 14:29:00,160.39,160.42,160.3,160.31,10700,1715874.9961
2026-09-15 14:30:00,160.32,160.36,160.22,160.24,16400,2628771.0088
2026-09-15 14:31:00,160.25,160.35,160.21,160.24,15000,2403723.0361
2026-09-15 14:32:00,160.24,160.29,160.2,160.2,18800,3012377.0498
2026-09-15 14:33:00,160.28,160.28,160.16,160.18,10500,1682188.0381
2026-09-15 14:34:00,160.18,160.23,160.16,160.17,7400,1185360.959
2026-09-15 14:35:00,160.21,160.25,160.1,160.12,21700,3475116.9922
2026-09-15 14:36:00,160.16,160.18,160.1,160.11,19000,3042505.998
2026-09-15 14:37:00,160.13,160.13,160.03,160.07,21800,3489709.0459
2026-09-15 14:38:00,160.07,160.08,160.03,160.06,14400,2304916.0508
2026-09-15 14:39:00,160.06,160.08,160.02,160.06,16900,2704894.0332
2026-09-15 14:40:00,160.05,160.1,160.04,160.1,8800,1408675.0283
2026-09-15 14:41:00,160.1,160.18,160.05,160.15,19100,3058209.0029
2026-09-15 14:42:00,160.12,160.28,160.12,160.19,17000,2723556.9873
2026-09-15 14:43:00,160.19,160.25,160.15,160.19,15400,2467275.0098
2026-09-15 14:44:00,160.17,160.25,160.15,160.2,20000,3204238.9902
2026-09-15 14:45:00,160.2,160.24,160.16,160.21,14000,2242553.0137
2026-09-15 14:46:00,160.17,160.29,160.17,160.27,8900,1425970.0049
2026-09-15 14:47:00,160.29,160.35,160.17,160.17,24800,3974243.9834
2026-09-15 14:48:00,160.18,160.26,160.17,160.2,15700,2515392.9883
2026-09-15 14:49:00,160.2,160.25,160.15,160.2,18200,2915641.9746
2026-09-15 14:50:00,160.24,160.27,160.12,160.12,21600,3460560.0039
2026-09-15 14:51:00,160.13,160.25,160.11,160.15,19000,3043135.9854
2026-09-15 14:52:00,160.2,160.26,160.13,160.17,24100,3860483.043
2026-09-15 14:53:00,160.17,160.3,160.13,160.21,26100,4181951.9795
2026-09-15 14:54:00,160.3,160.3,160.2,160.22,14900,2387486.0225
2026-09-15 14:55:00,160.22,160.28,160.06,160.08,25100,4019763.0273
2026-09-15 14:56:00,160.14,160.22,160.08,160.2,20000,3202955.9922
2026-09-15 14:57:00,160.18,160.22,160.09,160.17,21700,3474773.0508
2026-09-15 15:00:00,160.3,160.3,160.3,160.3,83900,13449170.0
2026-09-16 09:31:00,160.0,160.5,159.6,159.97,96600,15451642.7852
2026-09-16 09:32:00,159.81,160.2,159.8,159.88,31600,5056372.9746
2026-09-16 09:33:00,159.87,160.11,159.45,159.45,82300,13144331.0596
2026-09-16 09:34:00,159.46,159.5,159.15,159.15,44400,7075783.042
2026-09-16 09:35:00,159.21,159.37,159.15,159.33,17100,2724043.9951
2026-09-16 09:36:00,159.33,159.56,159.25,159.38,29900,4765199.0254
2026-09-16 09:37:00,159.47,159.49,159.22,159.23,24700,3935934.9629
2026-09-16 09:38:00,159.28,159.44,159.14,159.4,34600,5509659.0078
2026-09-16 09:39:00,159.39,159.88,159.24,159.6,25100,4002321.0088
2026-09-16 09:40:00,159.69,159.79,159.45,159.79,15900,2537573.9805
2026-09-16 09:41:00,159.79,160.0,159.76,159.88,20400,3261931.0029
2026-09-16 09:42:00,159.88,159.88,159.55,159.71,14300,2283754.9932
2026-09-16 09:43:00,159.72,159.85,159.6,159.63,9500,1517327.9912
2026-09-16 09:44:00,159.63,159.98,159.6,159.74,32800,5239629.0176
2026-09-16 09:45:00,159.75,159.8,159.64,159.74,28200,4503735.9551
2026-09-16 09:46:00,159.66,159.76,159.44,159.53,20900,3335146.998
2026-09-16 09:47:00,159.53,159.63,159.32,159.5,72500,11559336.9346
2026-09-16 09:48:00,159.49,159.57,159.32,159.46,22800,3635427.0244
2026-09-16 09:49:00,159.46,159.65,159.3,159.65,47100,7508082.043
2026-09-16 09:50:00,159.69,159.7,159.41,159.56,23800,3798875.9688
2026-09-16 09:51:00,159.56,159.57,159.3,159.31,18500,2949145.9971
2026-09-16 09:52:00,159.31,159.36,159.21,159.26,36500,5813464.9834
2026-09-16 09:53:00,159.26,159.41,159.2,159.41,40800,6499397.9668
2026-09-16 09:54:00,159.41,159.47,159.2,159.23,19100,3043091.0225
2026-09-16 09:55:00,159.28,159.28,159.0,159.19,73600,11710321.9307
2026-09-16 09:56:00,159.11,159.36,159.1,159.23,25300,4027673.0088
2026-09-16 09:57:00,159.24,159.54,159.24,159.38,20300,3235792.0234
2026-09-16 09:58:00,159.38,159.44,159.3,159.39,30700,4892964.9854
2026-09-16 09:59:00,159.39,159.41,159.0,159.02,30200,4805339.001
2026-09-16 10:00:00,159.0,159.02,158.73,158.73,105800,16814147.0146
2026-09-16 10:01:00,158.73,158.88,158.7,158.71,56400,8955806.0469
2026-09-16 10:02:00,158.71,158.95,158.7,158.95,57300,9098687.0117
2026-09-16 10:03:00,158.98,159.11,158.89,159.07,15400,2448561.9795
2026-09-16 10:04:00,159.07,159.25,159.04,159.15,22900,3644504.0273
2026-09-16 10:05:00,159.15,159.21,158.97,159.1,27300,4343274.0254
2026-09-16 10:06:00,159.14,159.26,159.1,159.18,15200,2419739.9873
2026-09-16 10:07:00,159.22,159.24,158.86,159.01,13700,2179201.0059
2026-09-16 10:08:00,159.07,159.07,158.78,158.79,20200,3209646.9971
2026-09-16 10:09:00,158.78,158.9,158.71,158.86,20500,3255024.9971
2026-09-16 10:10:00,158.83,159.16,158.83,158.9,21400,3401397.9971
2026-09-16 10:11:00,158.9,159.07,158.87,159.07,13700,2177799.9834
2026-09-16 10:12:00,159.03,159.06,158.79,158.8,12000,1906896.0049
2026-09-16 10:13:00,158.82,158.9,158.81,158.82,16600,2636786.0537
2026-09-16 10:14:00,158.83,158.91,158.71,158.91,53600,8512454.0381
2026-09-16 10:15:00,158.92,158.92,158.72,158.75,15900,2524688.9834
2026-09-16 10:16:00,158.74,158.85,158.71,158.8,18500,2937426.9922
2026-09-16 10:17:00,158.83,158.86,158.76,158.78,13200,2096256.9814
2026-09-16 10:18:00,158.78,158.95,158.75,158.95,16400,2605360.9814
2026-09-16 10:19:00,158.99,159.18,158.95,159.17,18500,2942231.0
2026-09-16 10:20:00,159.17,159.34,159.11,159.23,15600,2484088.9795
2026-09-16 10:21:00,159.22,159.22,159.03,159.1,14100,2243981.0117
2026-09-16 10:22:00,159.03,159.08,158.86,158.9,15600,2479283.9902
2026-09-16 10:23:00,158.89,158.97,158.84,158.85,11200,1779561.999
2026-09-16 10:24:00,158.85,158.85,158.73,158.78,21800,3461892.0098
2026-09-16 10:25:00,158.78,158.85,158.75,158.82,21600,3430139.0273
2026-09-16 10:26:00,158.82,158.87,158.81,158.85,9000,1429658.0322
2026-09-16 10:27:00,158.85,158.87,158.78,158.81,12300,1953591.0391
2026-09-16 10:28:00,158.8,158.81,158.68,158.68,43000,6825446.0371
2026-09-16 10:29:00,158.68,158.72,158.67,158.72,15800,2507282.9717
2026-09-16 10:30:00,158.72,158.72,158.65,158.66,17400,2760852.9707
2026-09-16 10:31:00,158.66,158.69,158.52,158.57,63800,10118307.1357
2026-09-16 10:32:00,158.59,158.72,158.59,158.69,24400,3870656.001
2026-09-16 10:33:00,158.7,158.72,158.57,158.57,24400,3870871.0352
2026-09-16 10:34:00,158.57,158.62,158.41,158.49,49300,7814237.2036
2026-09-16 10:35:00,158.48,158.62,158.4,158.5,53232,8436881.6245
2026-09-16 10:36:00,158.55,158.62,158.49,158.56,21100,3345852.0352
2026-09-16 10:37:00,158.61,158.62,158.48,158.61,30100,4771722.9395
2026-09-16 10:38:00,158.62,158.62,158.5,158.56,13700,2171921.0039
2026-09-16 10:39:00,158.55,158.59,158.44,158.49,19300,3059184.0283
2026-09-16 10:40:00,158.45,158.52,158.42,158.42,17900,2836196.9717
2026-09-16 10:41:00,158.42,158.47,158.3,158.44,31500,4988918.0273
2026-09-16 10:42:00,158.4,158.44,158.18,158.23,50100,7928706.959
2026-09-16 10:43:00,158.29,158.31,158.23,158.27,17800,2817305.9795
2026-09-16 10:44:00,158.27,158.3,158.22,158.23,19600,3101859.9834
2026-09-16 10:45:00,158.24,158.24,158.1,158.1,25700,4064607.0469
2026-09-16 10:46:00,158.12,158.26,158.1,158.26,24300,3843148.0059
2026-09-16 10:47:00,158.26,159.0,158.21,158.4,75300,11942306.0332
2026-09-16 10:48:00,158.4,158.47,158.22,158.23,24400,3862499.9619
2026-09-16 10:49:00,158.23,158.25,158.17,158.17,10000,1582131.0186
2026-09-16 10:50:00,158.16,158.3,158.16,158.24,16000,2531434.9443
2026-09-16 10:51:00,158.23,158.23,158.13,158.16,27200,4302087.8926
2026-09-16 10:52:00,158.17,158.28,158.17,158.23,13700,2167555.0039
2026-09-16 10:53:00,158.23,158.26,158.12,158.18,20300,3210879.9551
2026-09-16 10:54:00,158.17,158.17,158.09,158.1,19800,3130538.0889
2026-09-16 10:55:00,158.09,158.1,157.9,158.03,117500,18565999.8643
2026-09-16 10:56:00,158.03,158.08,157.93,157.97,23800,3760199.0303
2026-09-16 10:57:00,157.97,158.02,157.96,158.01,12800,2022347.9834
2026-09-16 10:58:00,158.02,158.05,157.97,157.98,16400,2591183.0
2026-09-16 10:59:00,157.99,158.12,157.97,158.1,16100,2544469.0215
2026-09-16 11:00:00,158.1,158.16,157.99,158.05,9600,1517291.0098
2026-09-16 11:01:00,158.05,158.1,157.98,157.98,20400,3224055.0186
2026-09-16 11:02:00,157.98,158.0,157.93,157.98,18300,2890644.0996
2026-09-16 11:03:00,157.98,157.99,157.85,157.85,36300,5732374.0098
2026-09-16 11:04:00,157.85,157.86,157.71,157.77,43800,6910976.999
2026-09-16 11:05:00,157.77,157.88,157.76,157.77,26200,4134704.1045
2026-09-16 11:06:00,157.77,157.84,157.75,157.84,39200,6185105.9434
2026-09-16 11:07:00,157.85,157.98,157.85,157.9,30000,4736664.8975
2026-09-16 11:08:00,157.98,158.0,157.9,157.97,15800,2495677.0117
2026-09-16 11:09:00,157.97,158.04,157.96,158.02,14700,2322334.0195
2026-09-16 11:10:00,158.02,158.05,157.95,157.97,12100,1911782.9912
2026-09-16 11:11:00,157.97,158.27,157.96,158.24,25600,4047189.0107
2026-09-16 11:12:00,158.24,158.3,158.13,158.19,20000,3164341.9629
2026-09-16 11:13:00,158.19,158.23,158.16,158.17,11800,1866668.0146
2026-09-16 11:14:00,158.17,158.23,158.13,158.22,11700,1850771.0059
2026-09-16 11:15:00,158.23,158.24,158.19,158.23,3300,522123.0068
2026-09-16 11:16:00,158.2,158.24,158.18,158.22,6000,949376.0234
2026-09-16 11:17:00,158.23,158.23,158.2,158.2,11500,1819402.0156
2026-09-16 11:18:00,158.2,158.22,158.15,158.2,11500,1819058.9873
2026-09-16 11:19:00,158.21,158.25,158.16,158.25,9200,1455679.0244
2026-09-16 11:20:00,158.25,158.31,158.18,158.22,22300,3528516.9883
2026-09-16 11:21:00,158.18,158.3,158.18,158.29,7500,1186838.9785
2026-09-16 11:22:00,158.28,158.49,158.28,158.35,18500,2929235.0059
2026-09-16 11:23:00,158.34,158.46,158.31,158.41,8700,1377721.0078
2026-09-16 11:24:00,158.44,158.46,158.37,158.38,9400,1489193.9941
2026-09-16 11:25:00,158.38,158.45,158.3,158.43,8700,1377606.0215
2026-09-16 11:26:00,158.37,158.44,158.35,158.44,12900,2043349.9795
2026-09-16 11:27:00,158.44,158.62,158.44,158.59,17900,2838000.9971
2026-09-16 11:28:00,158.59,158.61,158.5,158.59,8800,1395292.9941
2026-09-16 11:29:00,158.59,158.87,158.48,158.8,34900,5537725.0127
2026-09-16 11:30:00,158.78,158.8,158.62,158.68,10500,1666436.9873
2026-09-16 13:01:00,158.67,158.7,158.28,158.61,62400,9889651.8799
2026-09-16 13:02:00,158.6,158.78,158.6,158.76,21200,3364705.9678
2026-09-16 13:03:00,158.73,158.98,158.72,158.92,28700,4559012.9814
2026-09-16 13:04:00,158.9,158.92,158.69,158.81,18900,3001927.998
2026-09-16 13:05:00,158.88,158.97,158.71,158.96,14200,2255866.0
2026-09-16 13:06:00,158.97,158.97,158.69,158.91,13800,2192253.9971
2026-09-16 13:07:00,158.9,158.9,158.75,158.76,6600,1048003.002
2026-09-16 13:08:00,158.74,158.8,158.66,158.67,8400,1333219.0293
2026-09-16 13:09:00,158.67,158.69,158.54,158.56,9800,1554422.999
2026-09-16 13:10:00,158.54,158.67,158.44,158.56,24300,3852494.0039
2026-09-16 13:11:00,158.56,158.67,158.54,158.63,17200,2728141.9883
2026-09-16 13:12:00,158.63,158.66,158.62,158.65,7200,1142237.9775
2026-09-16 13:13:00,158.65,158.66,158.62,158.64,6000,951856.9824
2026-09-16 13:14:00,158.64,158.75,158.63,158.71,10500,1666114.9971
2026-09-16 13:15:00,158.7,158.78,158.65,158.78,10200,1618773.9854
2026-09-16 13:16:00,158.78,158.84,158.72,158.8,14200,2255002.9863
2026-09-16 13:17:00,158.84,158.85,158.76,158.81,14500,2302828.9961
2026-09-16 13:18:00,158.82,158.82,158.7,158.73,5300,841514.0049
2026-09-16 13:19:00,158.72,158.73,158.58,158.58,13400,2126151.9971
2026-09-16 13:20:00,158.58,158.66,158.58,158.66,14600,2315840.002
2026-09-16 13:21:00,158.65,158.66,158.43,158.44,14300,2267009.0176
2026-09-16 13:22:00,158.43,158.57,158.42,158.57,35400,5610870.0303
2026-09-16 13:23:00,158.57,158.7,158.56,158.65,21300,3378812.0479
2026-09-16 13:24:00,158.66,158.67,158.38,158.46,13900,2203593.9805
2026-09-16 13:25:00,158.46,158.46,158.36,158.39,7100,1124594.9854
2026-09-16 13:26:00,158.38,158.47,158.37,158.45,16300,2582230.9414
2026-09-16 13:27:00,158.45,158.5,158.38,158.4,9800,1552478.9844
2026-09-16 13:28:00,158.4,158.43,158.37,158.39,7800,1235467.9873
2026-09-16 13:29:00,158.38,158.39,158.33,158.33,8700,1377835.0059
2026-09-16 13:30:00,158.34,158.36,158.2,158.26,38500,6094377.0488
2026-09-16 13:31:00,158.21,158.26,158.21,158.24,10100,1598160.0195
2026-09-16 13:32:00,158.22,158.3,158.22,158.3,3900,617270.9883
2026-09-16 13:33:00,158.3,158.31,158.22,158.22,13200,2089199.9727
2026-09-16 13:34:00,158.23,158.3,158.23,158.25,8600,1361002.9854
2026-09-16 13:35:00,158.25,158.4,158.24,158.38,15400,2437915.998
2026-09-16 13:36:00,158.38,158.5,158.38,158.5,9600,1520955.9863
2026-09-16 13:37:00,158.49,158.54,158.43,158.46,11500,1822664.0068
2026-09-16 13:38:00,158.48,158.57,158.47,158.55,6500,1030437.9756
2026-09-16 13:39:00,158.55,158.57,158.54,158.55,6500,1030568.9883
2026-09-16 13:40:00,158.56,158.58,158.55,158.55,8400,1331917.0107
2026-09-16 13:41:00,158.55,158.57,158.53,158.55,6500,1030544.9775
2026-09-16 13:42:00,158.56,158.56,158.48,158.51,8600,1363130.0029
2026-09-16 13:43:00,158.52,158.52,158.4,158.44,12800,2028682.9844
2026-09-16 13:44:00,158.39,158.44,158.36,158.44,10700,1694858.9775
2026-09-16 13:45:00,158.41,158.54,158.39,158.49,10400,1648220.0049
2026-09-16 13:46:00,158.5,158.58,158.42,158.47,28300,4486026.9385
2026-09-16 13:47:00,158.51,158.54,158.48,158.54,7700,1220522.9932
2026-09-16 13:48:00,158.54,158.54,158.47,158.48,13100,2076234.0137
2026-09-16 13:49:00,158.49,158.49,158.47,158.47,8400,1331235.0166
2026-09-16 13:50:00,158.48,158.48,158.42,158.47,9200,1457754.0
2026-09-16 13:51:00,158.47,158.54,158.44,158.51,10400,1648328.0
2026-09-16 13:52:00,158.5,158.51,158.47,158.47,8500,1347230.0068
2026-09-16 13:53:00,158.5,158.55,158.47,158.5,8100,1284034.9844
2026-09-16 13:54:00,158.51,158.55,158.49,158.54,10700,1696087.9805
2026-09-16 13:55:00,158.54,158.6,158.51,158.6,45700,7244683.9688
2026-09-16 13:56:00,158.52,158.55,158.49,158.51,14700,2330212.9424
2026-09-16 13:57:00,158.5,158.6,158.49,158.6,10100,1601272.0029
2026-09-16 13:58:00,158.59,158.61,158.46,158.52,15300,2425896.0225
2026-09-16 13:59:00,158.46,158.51,158.33,158.45,24300,3849273.9717
2026-09-16 14:00:00,158.46,158.52,158.45,158.51,12000,1901676.0127
2026-09-16 14:01:00,158.47,158.52,158.33,158.36,19200,3041802.9941
2026-09-16 14:02:00,158.37,158.41,158.33,158.36,26200,4149551.9883
2026-09-16 14:03:00,158.39,158.39,158.33,158.35,17100,2707803.0166
2026-09-16 14:04:00,158.33,158.36,158.25,158.28,39300,6221515.0137
2026-09-16 14:05:00,158.28,158.31,158.25,158.25,16800,2659155.9414
2026-09-16 14:06:00,158.25,158.29,158.23,158.26,12600,1993996.9873
2026-09-16 14:07:00,158.27,158.38,158.24,158.34,25000,3957224.9609
2026-09-16 14:08:00,158.34,158.4,158.33,158.35,9100,1441150.0
2026-09-16 14:09:00,158.35,158.36,158.34,158.35,15500,2454418.1289
2026-09-16 14:10:00,158.36,158.37,158.35,158.35,8300,1314427.0029
2026-09-16 14:11:00,158.35,158.38,158.31,158.32,20400,3230479.0137
2026-09-16 14:12:00,158.31,158.35,158.3,158.35,13700,2168937.0488
2026-09-16 14:13:00,158.35,158.36,158.28,158.3,14000,2216513.0352
2026-09-16 14:14:00,158.3,158.3,158.25,158.26,11500,1820136.9902
2026-09-16 14:15:00,158.25,158.26,158.23,158.25,15800,2500292.0283
2026-09-16 14:16:00,158.26,158.27,158.22,158.22,20700,3275731.9551
2026-09-16 14:17:00,158.22,158.23,158.2,158.21,17993,2846686.652
2026-09-16 14:18:00,158.2,158.21,158.17,158.17,15207,2405573.3905
2026-09-16 14:19:00,158.16,158.17,158.11,158.11,14700,2324781.9697
2026-09-16 14:20:00,158.11,158.21,158.11,158.19,25394,4016259.8987
2026-09-16 14:21:00,158.19,158.25,158.18,158.24,16500,2610523.041
2026-09-16 14:22:00,158.22,158.23,158.17,158.17,17700,2799850.9092
2026-09-16 14:23:00,158.18,158.19,158.13,158.15,12500,1976930.9697
2026-09-16 14:24:00,158.14,158.15,158.13,158.14,7300,1154408.9902
2026-09-16 14:25:00,158.14,158.14,158.08,158.08,15300,2419134.0195
2026-09-16 14:26:00,158.08,158.14,158.06,158.09,39900,6308117.1338
2026-09-16 14:27:00,158.08,158.11,158.06,158.08,20100,3177312.0869
2026-09-16 14:28:00,158.07,158.1,158.04,158.05,35900,5674405.0225
2026-09-16 14:29:00,158.04,158.06,158.03,158.06,22400,3540146.9531
2026-09-16 14:30:00,158.06,158.11,158.05,158.08,16400,2592347.0205
2026-09-16 14:31:00,158.07,158.13,158.06,158.1,25700,4063011.0537
2026-09-16 14:32:00,158.1,158.19,158.1,158.19,15400,2435492.9814
2026-09-16 14:33:00,158.19,158.2,158.17,158.19,16400,2594250.9561
2026-09-16 14:34:00,158.18,158.2,158.11,158.2,18300,2894481.9531
2026-09-16 14:35:00,158.2,158.26,158.19,158.21,19700,3117022.0615
2026-09-16 14:36:00,158.2,158.22,158.16,158.21,25000,3954775.9736
2026-09-16 14:37:00,158.23,158.25,158.14,158.16,16400,2594370.0127
2026-09-16 14:38:00,158.16,158.2,158.14,158.16,14000,2214393.9697
2026-09-16 14:39:00,158.16,158.24,158.14,158.21,22100,3495836.0078
2026-09-16 14:40:00,158.21,158.21,158.16,158.17,18700,2958284.0684
2026-09-16 14:41:00,158.17,158.18,158.1,158.1,45200,7147628.9629
2026-09-16 14:42:00,158.11,158.14,158.09,158.1,42700,6751332.0928
2026-09-16 14:43:00,158.1,158.17,158.08,158.14,19100,3020116.001
2026-09-16 14:44:00,158.13,158.14,158.08,158.08,14500,2292616.0088
2026-09-16 14:45:00,158.08,158.11,158.05,158.1,15540,2456671.251
2026-09-16 14:46:00,158.09,158.12,158.06,158.08,29460,4657221.5322
2026-09-16 14:47:00,158.09,158.09,158.05,158.09,14440,2282596.0356
2026-09-16 14:48:00,158.08,158.13,158.08,158.1,16600,2624478.0488
2026-09-16 14:49:00,158.11,158.12,158.06,158.09,28000,4426316.0596
2026-09-16 14:50:00,158.08,158.08,158.04,158.06,25100,3967326.626
2026-09-16 14:51:00,158.06,158.24,158.05,158.21,25050,3961341.5693
2026-09-16 14:52:00,158.21,158.25,158.19,158.2,19900,3148672.0684
2026-09-16 14:53:00,158.2,158.26,158.17,158.19,30400,4809360.9595
2026-09-16 14:54:00,158.18,158.21,158.17,158.2,21600,3416825.9302
2026-09-16 14:55:00,158.19,158.21,158.08,158.17,26000,4112272.9521
2026-09-16 14:56:00,158.18,158.23,158.15,158.18,38400,6074238.9199
2026-09-16 14:57:00,158.17,158.18,158.08,158.11,38600,6104279.002
2026-09-16 15:00:00,158.03,158.03,158.03,158.03,82300,13005869.0
2026-09-17 09:31:00,157.88,158.87,157.52,157.96,129600,20473323.9238
2026-09-17 09:32:00,157.95,158.45,157.91,158.38,55900,8843215.8916
2026-09-17 09:33:00,158.38,158.86,158.16,158.78,72300,11462546.9326
2026-09-17 09:34:00,158.79,158.95,158.61,158.73,62200,9875924.9727
2026-09-17 09:35:00,158.7,158.84,158.51,158.74,53800,8536395.0293
2026-09-17 09:36:00,158.77,158.82,158.38,158.38,59000,9353014.9238
2026-09-17 09:37:00,158.44,158.51,158.2,158.26,40100,6351460.0156
2026-09-17 09:38:00,158.26,158.29,158.11,158.29,32500,5141211.9297
2026-09-17 09:39:00,158.29,158.33,158.12,158.21,38600,6107678.9365
2026-09-17 09:40:00,158.2,158.25,157.95,157.99,97100,15346328.1416
2026-09-17 09:41:00,157.99,158.0,157.5,157.71,46600,7353730.0283
2026-09-17 09:42:00,157.69,157.77,157.61,157.66,25800,4068216.0098
2026-09-17 09:43:00,157.7,157.74,157.45,157.45,52500,8271717.0244
2026-09-17 09:44:00,157.45,157.93,157.39,157.76,24300,3830532.9756
2026-09-17 09:45:00,157.79,157.92,157.74,157.86,15800,2494156.0068
2026-09-17 09:46:00,157.85,157.85,157.24,157.31,55700,8772657.0
2026-09-17 09:47:00,157.45,158.01,157.29,157.89,78900,12438859.0254
2026-09-17 09:48:00,157.88,157.97,157.46,157.7,49900,7872718.9463
2026-09-17 09:49:00,157.63,157.87,157.54,157.73,36200,5708261.1152
2026-09-17 09:50:00,157.79,157.8,157.55,157.78,48100,7582517.0527
2026-09-17 09:51:00,157.78,157.79,157.57,157.63,34300,5406826.0068
2026-09-17 09:52:00,157.62,157.63,157.48,157.58,27800,4379392.9814
2026-09-17 09:53:00,157.56,157.58,157.41,157.41,33600,5291830.0166
2026-09-17 09:54:00,157.41,157.67,157.4,157.65,28000,4411855.0186
2026-09-17 09:55:00,157.67,157.77,157.63,157.69,18000,2838484.0195
2026-09-17 09:56:00,157.71,157.84,157.68,157.84,11200,1767052.0264
2026-09-17 09:57:00,157.85,157.85,157.62,157.74,19900,3139052.0195
2026-09-17 09:58:00,157.7,157.79,157.6,157.7,15500,2443844.9834
2026-09-17 09:59:00,157.65,157.68,157.42,157.68,24800,3906676.0566
2026-09-17 10:00:00,157.68,157.71,157.53,157.58,20100,3167766.0293
2026-09-17 10:01:00,157.52,157.56,157.3,157.38,27500,4329014.0039
2026-09-17 10:02:00,157.4,157.59,157.34,157.52,18200,2865220.9717
2026-09-17 10:03:00,157.5,157.53,157.32,157.32,13700,2156558.9912
2026-09-17 10:04:00,157.33,157.5,157.28,157.33,32300,5082390.9844
2026-09-17 10:05:00,157.33,157.4,157.29,157.35,18600,2926655.0049
2026-09-17 10:06:00,157.39,157.74,157.37,157.67,35400,5578665.958
2026-09-17 10:07:00,157.67,157.89,157.64,157.73,22200,3502285.0303
2026-09-17 10:08:00,157.67,157.7,157.4,157.48,20800,3276190.9922
2026-09-17 10:09:00,157.44,157.52,157.3,157.3,20900,3290219.0156
2026-09-17 10:10:00,157.36,157.36,157.24,157.3,34800,5473792.9111
2026-09-17 10:11:00,157.3,157.43,157.23,157.4,20100,3161624.9893
2026-09-17 10:12:00,157.42,157.48,157.28,157.46,15100,2376800.0039
2026-09-17 10:13:00,157.46,157.48,157.25,157.25,17200,2706595.9883
2026-09-17 10:14:00,157.25,157.49,157.23,157.49,18200,2863469.0039
2026-09-17 10:15:00,157.5,157.6,157.49,157.51,8700,1370447.9844
2026-09-17 10:16:00,157.51,157.69,157.47,157.6,21500,3387965.0186
2026-09-17 10:17:00,157.6,157.77,157.59,157.76,9400,1482294.0078
2026-09-17 10:18:00,157.77,157.95,157.77,157.95,11800,1862828.9805
2026-09-17 10:19:00,157.91,158.1,157.9,158.05,25300,3996708.002
2026-09-17 10:20:00,158.06,158.23,158.03,158.11,37600,5946770.9453
2026-09-17 10:21:00,158.11,158.18,158.06,158.06,23900,3779048.9941
2026-09-17 10:22:00,158.14,158.15,157.9,157.92,16000,2527664.9883
2026-09-17 10:23:00,157.92,158.01,157.81,157.83,12500,1974150.9863
2026-09-17 10:24:00,157.83,157.91,157.6,157.62,18800,2966185.9902
2026-09-17 10:25:00,157.69,157.86,157.67,157.86,14100,2224427.0146
2026-09-17 10:26:00,157.88,158.06,157.86,157.96,13000,2053465.9766
2026-09-17 10:27:00,157.95,157.98,157.84,157.95,13000,2053073.9834
2026-09-17 10:28:00,157.98,157.99,157.75,157.82,17000,2683823.0146
2026-09-17 10:29:00,157.82,157.98,157.82,157.88,11800,1863305.0059
2026-09-17 10:30:00,157.88,157.96,157.84,157.96,14100,2226169.0146
2026-09-17 10:31:00,157.96,157.97,157.7,157.71,18200,2871807.0146
2026-09-17 10:32:00,157.71,157.77,157.6,157.71,14100,2223240.9922
2026-09-17 10:33:00,157.73,157.76,157.68,157.68,4600,725519.9971
2026-09-17 10:34:00,157.68,157.73,157.44,157.44,33000,5200156.0088
2026-09-17 10:35:00,157.46,157.51,157.3,157.37,25100,3951290.9688
2026-09-17 10:36:00,157.33,157.36,157.3,157.34,13200,2076731.0557
2026-09-17 10:37:00,157.34,157.35,157.23,157.24,24800,3900392.9697
2026-09-17 10:38:00,157.23,157.28,157.23,157.26,20300,3192345.9834
2026-09-17 10:39:00,157.25,157.25,157.12,157.12,48200,7576634.002
2026-09-17 10:40:00,157.11,157.19,157.11,157.18,16000,2514501.9336
2026-09-17 10:41:00,157.18,157.22,157.1,157.2,24600,3865870.0088
2026-09-17 10:42:00,157.2,157.36,157.19,157.29,19400,3050738.0215
2026-09-17 10:43:00,157.36,157.56,157.3,157.52,8300,1306842.9922
2026-09-17 10:44:00,157.52,157.52,157.33,157.41,10700,1684918.9941
2026-09-17 10:45:00,157.41,157.52,157.41,157.49,10200,1606514.0166
2026-09-17 10:46:00,157.45,157.5,157.43,157.43,10400,1637762.0186
2026-09-17 10:47:00,157.45,157.52,157.4,157.52,7820,1231348.0117
2026-09-17 10:48:00,157.54,157.54,157.36,157.44,8200,1291021.9775
2026-09-17 10:49:00,157.44,157.46,157.37,157.41,5500,865872.9961
2026-09-17 10:50:00,157.37,157.4,157.25,157.27,9500,1494479.0068
2026-09-17 10:51:00,157.28,157.34,157.26,157.27,7900,1242515.9941
2026-09-17 10:52:00,157.28,157.3,157.25,157.3,6800,1069487.9746
2026-09-17 10:53:00,157.29,157.31,157.21,157.21,11100,1745834.9961
2026-09-17 10:54:00,157.22,157.27,157.2,157.26,4800,754789.9961
2026-09-17 10:55:00,157.26,157.4,157.26,157.3,8800,1384268.001
2026-09-17 10:56:00,157.31,157.39,157.31,157.36,7900,1243020.0176
2026-09-17 10:57:00,157.32,157.45,157.32,157.39,36400,5729058.9219
2026-09-17 10:58:00,157.42,157.42,157.36,157.36,6700,1054580.9844
2026-09-17 10:59:00,157.4,157.46,157.36,157.46,11400,1794469.9775
2026-09-17 11:00:00,157.46,157.48,157.38,157.38,10400,1637198.9697
2026-09-17 11:01:00,157.39,157.4,157.3,157.36,10396,1635898.5693
2026-09-17 11:02:00,157.37,157.46,157.3,157.33,15800,2486610.9688
2026-09-17 11:03:00,157.35,157.36,157.3,157.36,9300,1463141.0225
2026-09-17 11:04:00,157.35,157.66,157.34,157.54,16200,2551152.0244
2026-09-17 11:05:00,157.57,157.66,157.46,157.5,8400,1323290.9902
2026-09-17 11:06:00,157.51,157.64,157.49,157.57,6200,976766.9902
2026-09-17 11:07:00,157.57,157.65,157.56,157.64,8000,1260914.9873
2026-09-17 11:08:00,157.64,157.64,157.5,157.62,10700,1686121.0068
2026-09-17 11:09:00,157.54,157.63,157.54,157.56,10700,1686098.0176
2026-09-17 11:10:00,157.54,157.54,157.46,157.49,8100,1275724.001
2026-09-17 11:11:00,157.5,157.54,157.48,157.51,6000,945039.9941
2026-09-17 11:12:00,157.53,157.56,157.4,157.47,13600,2142046.9766
2026-09-17 11:13:00,157.48,157.63,157.47,157.53,14300,2252857.957
2026-09-17 11:14:00,157.53,157.54,157.45,157.51,11000,1732289.0049
2026-09-17 11:15:00,157.5,157.61,157.49,157.61,13000,2047704.9902
2026-09-17 11:16:00,157.59,157.62,157.54,157.56,6300,992761.0205
2026-09-17 11:17:00,157.56,157.6,157.54,157.6,4700,740613.0146
2026-09-17 11:18:00,157.6,157.7,157.55,157.69,7800,1229484.999
2026-09-17 11:19:00,157.64,157.64,157.53,157.59,8200,1292070.0156
2026-09-17 11:20:00,157.61,157.67,157.55,157.58,8400,1323859.0146
2026-09-17 11:21:00,157.57,157.63,157.56,157.63,4300,677630.0176
2026-09-17 11:22:00,157.61,157.69,157.6,157.66,7200,1134918.0029
2026-09-17 11:23:00,157.62,157.68,157.6,157.6,11200,1765592.0098
2026-09-17 11:24:00,157.6,157.66,157.6,157.65,7300,1150693.9932
2026-09-17 11:25:00,157.66,157.69,157.6,157.6,8600,1355716.0039
2026-09-17 11:26:00,157.61,157.63,157.48,157.58,9600,1512627.001
2026-09-17 11:27:00,157.59,157.6,157.53,157.55,7700,1213264.9834
2026-09-17 11:28:00,157.58,157.63,157.51,157.54,6900,1087302.0186
2026-09-17 11:29:00,157.52,157.58,157.45,157.5,6100,960812.002
2026-09-17 11:30:00,157.45,157.51,157.3,157.35,10800,1700008.0117
2026-09-17 13:01:00,157.35,157.58,157.18,157.37,76000,11956004.9912
2026-09-17 13:02:00,157.36,157.6,157.25,157.44,27500,4330941.0361
2026-09-17 13:03:00,157.48,157.51,157.4,157.4,10300,1621946.0322
2026-09-17 13:04:00,157.4,157.49,157.23,157.28,22500,3540592.002
2026-09-17 13:05:00,157.28,157.31,157.24,157.25,4900,770614.0029
2026-09-17 13:06:00,157.26,157.44,157.2,157.38,32200,5063320.9941
2026-09-17 13:07:00,157.38,157.38,157.2,157.24,15200,2390897.998
2026-09-17 13:08:00,157.23,157.35,157.2,157.34,6900,1085187.0039
2026-09-17 13:09:00,157.27,157.36,157.27,157.33,6100,959664.999
2026-09-17 13:10:00,157.35,157.35,157.29,157.31,6200,975354.0225
2026-09-17 13:11:00,157.3,157.32,157.18,157.27,14200,2233251.0166
2026-09-17 13:12:00,157.27,157.38,157.2,157.34,13489,2122113.6992
2026-09-17 13:13:00,157.34,157.34,157.2,157.26,32000,5032918.7725
2026-09-17 13:14:00,157.21,157.25,157.2,157.21,8100,1273432.0264
2026-09-17 13:15:00,157.21,157.22,157.17,157.22,9100,1430504.002
2026-09-17 13:16:00,157.22,157.22,157.18,157.18,7800,1226126.998
2026-09-17 13:17:00,157.2,157.2,157.16,157.19,6100,958793.9863
2026-09-17 13:18:00,157.2,157.2,157.04,157.05,39000,6127174.0869
2026-09-17 13:19:00,157.04,157.11,156.91,157.11,128500,20172531.0215
2026-09-17 13:20:00,157.12,157.14,157.04,157.13,6900,1083997.0029
2026-09-17 13:21:00,157.14,157.14,157.06,157.07,12700,1995216.0273
2026-09-17 13:22:00,157.07,157.07,157.0,157.05,13400,2104098.9902
2026-09-17 13:23:00,157.05,157.2,157.04,157.2,8300,1303938.999
2026-09-17 13:24:00,157.19,157.25,157.06,157.22,10400,1634741.9883
2026-09-17 13:25:00,157.25,157.28,157.21,157.23,5900,927799.999
2026-09-17 13:26:00,157.26,157.26,157.08,157.08,9500,1492696.0088
2026-09-17 13:27:00,157.13,157.14,157.07,157.07,6100,958321.0068
2026-09-17 13:28:00,157.07,157.23,157.05,157.19,8700,1366818.0107
2026-09-17 13:29:00,157.23,157.26,157.15,157.2,8600,1352041.001
2026-09-17 13:30:00,157.2,157.24,157.19,157.23,6700,1053349.0205
2026-09-17 13:31:00,157.23,157.26,157.15,157.15,13800,2169653.9961
2026-09-17 13:32:00,157.14,157.15,157.11,157.12,11000,1728374.9873
2026-09-17 13:33:00,157.12,157.36,157.12,157.24,47800,7512123.9873
2026-09-17 13:34:00,157.24,157.34,157.22,157.23,9400,1478137.002
2026-09-17 13:35:00,157.26,157.26,157.12,157.18,12400,1948982.9482
2026-09-17 13:36:00,157.18,157.24,157.18,157.22,12500,1965098.9814
2026-09-17 13:37:00,157.22,157.24,157.19,157.21,14200,2232406.0088
2026-09-17 13:38:00,157.24,157.24,157.16,157.16,6500,1021811.0049
2026-09-17 13:39:00,157.17,157.21,157.13,157.13,27000,4244108.4824
2026-09-17 13:40:00,157.16,157.16,157.12,157.15,5200,817160.9785
2026-09-17 13:41:00,157.13,157.16,157.13,157.16,5300,832913.9717
2026-09-17 13:42:00,157.15,157.19,157.05,157.05,19950,3134767.4937
2026-09-17 13:43:00,157.09,157.11,157.03,157.06,6700,1052358.0029
2026-09-17 13:44:00,157.11,157.12,157.06,157.08,5900,926771.0195
2026-09-17 13:45:00,157.1,157.12,157.06,157.08,7300,1146707.0059
2026-09-17 13:46:00,157.08,157.08,157.03,157.03,12600,1978974.0508
2026-09-17 13:47:00,157.02,157.07,157.02,157.07,10300,1617543.0088
2026-09-17 13:48:00,157.07,157.07,157.05,157.06,5600,879567.0352
2026-09-17 13:49:00,157.07,157.08,157.05,157.08,8700,1366457.0098
2026-09-17 13:50:00,157.08,157.09,157.05,157.05,8400,1319395.0293
2026-09-17 13:51:00,157.08,157.08,157.02,157.02,4200,659585.998
2026-09-17 13:52:00,157.02,157.08,157.02,157.05,9400,1476244.0059
2026-09-17 13:53:00,157.05,157.08,157.04,157.04,5000,785241.9873
2026-09-17 13:54:00,157.05,157.05,157.03,157.05,3600,565357.9795
2026-09-17 13:55:00,157.04,157.06,156.94,157.04,32500,5102858.9482
2026-09-17 13:56:00,157.04,157.05,157.02,157.03,10000,1570367.9502
2026-09-17 13:57:00,157.05,157.1,157.03,157.07,33500,5261426.9824
2026-09-17 13:58:00,157.08,157.12,157.07,157.1,9800,1539512.0576
2026-09-17 13:59:00,157.1,157.16,157.02,157.02,11600,1821847.9922
2026-09-17 14:00:00,157.02,157.04,156.95,156.95,15800,2480818.9941
2026-09-17 14:01:00,156.95,156.97,156.94,156.94,5400,847516.0039
2026-09-17 14:02:00,156.94,156.96,156.93,156.95,18000,2825116.0527
2026-09-17 14:03:00,156.96,157.0,156.95,156.96,13700,2150488.0918
2026-09-17 14:04:00,156.96,156.98,156.91,156.92,11200,1757757.0098
2026-09-17 14:05:00,156.92,156.94,156.91,156.91,6200,972900.9863
2026-09-17 14:06:00,156.9,156.9,156.75,156.79,38600,6053768.9199
2026-09-17 14:07:00,156.78,156.87,156.67,156.82,102600,16082140.9746
2026-09-17 14:08:00,156.81,156.85,156.8,156.84,12000,1881887.0322
2026-09-17 14:09:00,156.85,156.88,156.85,156.87,4400,690210.0078
2026-09-17 14:10:00,156.87,156.88,156.8,156.8,8900,1395793.0313
2026-09-17 14:11:00,156.79,156.85,156.78,156.82,13700,2148266.0195
2026-09-17 14:12:00,156.84,156.84,156.8,156.81,7600,1191796.0293
2026-09-17 14:13:00,156.81,156.84,156.8,156.84,10100,1583850.0137
2026-09-17 14:14:00,156.83,156.84,156.8,156.82,16400,2571957.0342
2026-09-17 14:15:00,156.82,156.82,156.8,156.81,8300,1301501.0068
2026-09-17 14:16:00,156.8,156.86,156.78,156.85,16900,2650371.0557
2026-09-17 14:17:00,156.85,156.86,156.8,156.85,4800,752803.0205
2026-09-17 14:18:00,156.85,156.94,156.85,156.87,11300,1772662.0264
2026-09-17 14:19:00,156.88,156.96,156.88,156.95,7900,1239738.999
2026-09-17 14:20:00,156.96,156.96,156.93,156.95,4800,753354.0117
2026-09-17 14:21:00,156.95,156.95,156.91,156.95,4700,737579.9854
2026-09-17 14:22:00,156.93,156.95,156.86,156.88,7600,1192613.9834
2026-09-17 14:23:00,156.88,156.96,156.88,156.94,6400,1004395.9961
2026-09-17 14:24:00,156.95,156.97,156.91,156.94,8700,1365373.0137
2026-09-17 14:25:00,156.93,156.94,156.83,156.89,9700,1521868.9824
2026-09-17 14:26:00,156.88,156.89,156.84,156.86,5400,847079.0098
2026-09-17 14:27:00,156.87,156.92,156.85,156.89,10900,1710010.9863
2026-09-17 14:28:00,156.92,156.94,156.88,156.91,13700,2149513.9785
2026-09-17 14:29:00,156.89,156.94,156.88,156.88,14900,2337803.9756
2026-09-17 14:30:00,156.91,156.98,156.87,156.98,10400,1632022.9854
2026-09-17 14:31:00,156.99,156.99,156.9,156.94,10400,1632348.0156
2026-09-17 14:32:00,156.92,156.99,156.91,156.96,9700,1522555.0127
2026-09-17 14:33:00,156.95,157.03,156.94,157.03,8100,1271603.0098
2026-09-17 14:34:00,157.0,157.06,156.99,157.06,12100,1900072.9873
2026-09-17 14:35:00,157.05,157.07,156.97,157.01,9400,1476027.9922
2026-09-17 14:36:00,156.97,157.01,156.91,156.95,7500,1177220.0283
2026-09-17 14:37:00,156.94,156.95,156.83,156.83,11500,1804191.9854
2026-09-17 14:38:00,156.83,156.89,156.8,156.88,14800,2321123.0391
2026-09-17 14:39:00,156.88,156.91,156.85,156.86,5100,800011.0088
2026-09-17 14:40:00,156.85,156.86,156.83,156.83,11400,1788070.0469
2026-09-17 14:41:00,156.83,156.94,156.83,156.88,16300,2557011.0039
2026-09-17 14:42:00,156.89,156.94,156.87,156.87,12100,1898551.9766
2026-09-17 14:43:00,156.9,156.9,156.87,156.89,9600,1506108.9912
2026-09-17 14:44:00,156.88,156.9,156.87,156.88,7200,1129569.9814
2026-09-17 14:45:00,156.89,156.91,156.85,156.9,8600,1349148.9961
2026-09-17 14:46:00,156.88,156.93,156.86,156.91,10100,1584657.9658
2026-09-17 14:47:00,156.93,156.94,156.83,156.89,20600,3232057.9385
2026-09-17 14:48:00,156.88,156.9,156.83,156.84,15900,2493954.0391
2026-09-17 14:49:00,156.83,156.88,156.82,156.84,12000,1882207.0173
2026-09-17 14:50:00,156.83,156.86,156.81,156.84,13901,2180148.8506
2026-09-17 14:51:00,156.83,156.89,156.83,156.85,10800,1694108.0273
2026-09-17 14:52:00,156.85,156.88,156.82,156.86,22400,3513445.0439
2026-09-17 14:53:00,156.86,156.88,156.82,156.83,54800,8594823.0381
2026-09-17 14:54:00,156.83,156.87,156.81,156.83,22400,3513133.0381
2026-09-17 14:55:00,156.81,156.88,156.8,156.88,25500,3999385.0391
2026-09-17 14:56:00,156.88,156.88,156.83,156.85,16200,2541035.0381
2026-09-17 14:57:00,156.85,156.88,156.81,156.86,26100,4093864.0615
2026-09-17 15:00:00,156.8,156.8,156.8,156.8,77500,12152000.1028
2026-09-18 09:31:00,156.85,157.6,156.81,157.32,132580,20823725.9512
2026-09-18 09:32:00,157.17,157.7,157.17,157.39,57800,9103965.9717
2026-09-18 09:33:00,157.39,157.68,157.39,157.64,46500,7328366.9658
2026-09-18 09:34:00,157.66,157.79,157.6,157.6,46700,7364600.9385
2026-09-18 09:35:00,157.67,157.83,157.58,157.79,49600,7825302.8418
2026-09-18 09:36:00,157.79,157.99,157.49,157.58,76600,12084509.04
2026-09-18 09:37:00,157.51,157.54,157.02,157.08,31900,5016703.0059
2026-09-18 09:38:00,157.08,157.19,156.64,156.65,110520,17336737.1213
2026-09-18 09:39:00,156.65,156.79,156.3,156.7,47500,7438922.002
2026-09-18 09:40:00,156.69,156.98,156.65,156.85,37700,5912142.9971
2026-09-18 09:41:00,156.85,157.1,156.82,156.93,40400,6340468.9922
2026-09-18 09:42:00,156.93,156.94,156.54,156.59,52600,8245925.0068
2026-09-18 09:43:00,156.56,156.69,156.53,156.68,36800,5762421.0098
2026-09-18 09:44:00,156.67,156.98,156.65,156.89,20600,3230003.9541
2026-09-18 09:45:00,156.89,157.13,156.77,157.12,30900,4846847.957
2026-09-18 09:46:00,157.08,157.24,157.06,157.07,30100,4729806.0498
2026-09-18 09:47:00,157.11,157.3,157.08,157.18,24300,3819785.9951
2026-09-18 09:48:00,157.22,157.34,157.14,157.23,43500,6839821.0029
2026-09-18 09:49:00,157.17,157.3,157.07,157.2,34300,5391182.0039
2026-09-18 09:50:00,157.2,157.44,157.13,157.41,20100,3161682.9834
2026-09-18 09:51:00,157.41,157.61,157.33,157.58,38700,6093999.9844
2026-09-18 09:52:00,157.56,157.58,157.31,157.46,24500,3857823.0029
2026-09-18 09:53:00,157.46,157.46,157.2,157.21,29700,4670787.2195
2026-09-18 09:54:00,157.21,157.3,157.2,157.29,14300,2248666.9951
2026-09-18 09:55:00,157.28,157.3,157.1,157.23,34000,5344240.0049
2026-09-18 09:56:00,157.25,157.52,157.15,157.28,27200,4278373.7974
2026-09-18 09:57:00,157.29,157.33,157.13,157.13,28700,4513310.9883
2026-09-18 09:58:00,157.21,157.29,157.08,157.29,39400,6192945.0186
2026-09-18 09:59:00,157.28,157.29,157.14,157.18,25600,4024260.9336
2026-09-18 10:00:00,157.18,157.8,157.16,157.42,47300,7444072.3875
2026-09-18 10:01:00,157.41,157.47,157.29,157.29,28100,4422639.0137
2026-09-18 10:02:00,157.3,157.36,157.2,157.21,38400,6039766.9824
2026-09-18 10:03:00,157.21,157.36,157.02,157.12,36800,5785119.9805
2026-09-18 10:04:00,157.11,157.15,157.0,157.15,39400,6188285.9102
2026-09-18 10:05:00,157.17,157.17,157.02,157.06,25400,3989994.9893
2026-09-18 10:06:00,157.07,157.07,156.88,156.91,33000,5180061.9795
2026-09-18 10:07:00,156.91,156.91,156.77,156.8,36400,5708187.9629
2026-09-18 10:08:00,156.78,156.9,156.74,156.9,16600,2603372.9893
2026-09-18 10:09:00,156.91,156.97,156.87,156.9,18700,2934511.0107
2026-09-18 10:10:00,156.96,157.04,156.9,156.91,21800,3422218.9951
2026-09-18 10:11:00,156.91,156.94,156.78,156.82,33900,5317352.9609
2026-09-18 10:12:00,156.82,156.99,156.81,156.9,19900,3122008.0137
2026-09-18 10:13:00,156.95,156.95,156.72,156.8,21800,3418461.0166
2026-09-18 10:14:00,156.8,156.93,156.75,156.93,8600,1349026.999
2026-09-18 10:15:00,156.95,156.99,156.85,156.95,25800,4048540.9824
2026-09-18 10:16:00,156.97,157.04,156.84,156.93,33400,5241173.0078
2026-09-18 10:17:00,156.9,156.96,156.87,156.92,20400,3200653.9678
2026-09-18 10:18:00,156.93,156.96,156.81,156.85,24900,3906179.0752
2026-09-18 10:19:00,156.85,156.91,156.81,156.9,19900,3121681.0244
2026-09-18 10:20:00,156.89,156.91,156.81,156.84,14000,2195937.0205
2026-09-18 10:21:00,156.84,156.92,156.83,156.92,12300,1929609.0039
2026-09-18 10:22:00,156.93,157.18,156.89,156.89,28700,4505898.9893
2026-09-18 10:23:00,156.88,157.05,156.88,156.99,18200,2857075.0166
2026-09-18 10:24:00,156.98,157.0,156.88,156.93,11300,1773272.9707
2026-09-18 10:25:00,156.92,156.95,156.88,156.9,10000,1569131.9854
2026-09-18 10:26:00,156.9,156.95,156.9,156.93,6800,1067118.9639
2026-09-18 10:27:00,156.93,157.01,156.9,156.98,16400,2574145.0098
2026-09-18 10:28:00,156.98,157.12,156.98,157.12,8400,1319339.0107
2026-09-18 10:29:00,157.11,157.11,157.01,157.05,6900,1083718.0137
2026-09-18 10:30:00,157.02,157.02,156.93,156.99,11600,1820915.9951
2026-09-18 10:31:00,156.99,157.36,156.99,157.36,32100,5043386.0254
2026-09-18 10:32:00,157.41,157.55,157.33,157.48,35500,5590629.9688
2026-09-18 10:33:00,157.49,157.58,157.41,157.52,27500,4331154.04
2026-09-18 10:34:00,157.53,157.56,157.26,157.42,25500,4015022.9482
2026-09-18 10:35:00,157.34,157.37,157.27,157.31,10900,1714660.9912
2026-09-18 10:36:00,157.3,157.32,157.11,157.15,11600,1823692.9912
2026-09-18 10:37:00,157.15,157.26,157.14,157.24,18000,2829957.0215
2026-09-18 10:38:00,157.18,157.23,157.17,157.17,10700,1682034.0039
2026-09-18 10:39:00,157.17,157.25,157.17,157.2,15700,2468306.0234
2026-09-18 10:40:00,157.21,157.23,157.13,157.13,7000,1100225.9883
2026-09-18 10:41:00,157.13,157.14,157.01,157.01,39400,6189644.1318
2026-09-18 10:42:00,157.0,157.05,156.99,157.05,19700,3092853.0088
2026-09-18 10:43:00,157.05,157.15,157.05,157.14,7000,1099680.0176
2026-09-18 10:44:00,157.15,157.17,157.05,157.06,11200,1759586.9717
2026-09-18 10:45:00,157.05,157.09,157.05,157.08,6000,942376.0166
2026-09-18 10:46:00,157.08,157.09,156.98,156.99,10200,1601900.0176
2026-09-18 10:47:00,156.99,157.06,156.99,157.02,3800,596647.999
2026-09-18 10:48:00,157.01,157.03,156.9,157.03,12300,1930632.0107
2026-09-18 10:49:00,157.03,157.25,156.95,157.13,25900,4069051.9922
2026-09-18 10:50:00,157.22,157.24,157.05,157.12,4800,754319.999
2026-09-18 10:51:00,157.06,157.12,157.06,157.09,5100,801154.0205
2026-09-18 10:52:00,157.09,157.37,157.09,157.29,19900,3129195.9785
2026-09-18 10:53:00,157.3,157.3,157.12,157.13,15400,2420750.0049
2026-09-18 10:54:00,157.13,157.23,157.13,157.23,15500,2436131.9951
2026-09-18 10:55:00,157.22,157.3,157.21,157.21,13600,2138591.9912
2026-09-18 10:56:00,157.21,157.22,157.14,157.14,8500,1336112.0039
2026-09-18 10:57:00,157.15,157.25,157.12,157.19,23300,3662051.9541
2026-09-18 10:58:00,157.19,157.19,157.15,157.17,6400,1005849.9883
2026-09-18 10:59:00,157.17,157.17,157.15,157.16,7200,1131587.9961
2026-09-18 11:00:00,157.17,157.35,157.16,157.33,21100,3318015.9902
2026-09-18 11:01:00,157.33,157.42,157.33,157.33,18267,2874339.1382
2026-09-18 11:02:00,157.34,157.4,157.18,157.27,18633,2931083.1973
2026-09-18 11:03:00,157.22,157.32,157.22,157.22,15000,2359077.9941
2026-09-18 11:04:00,157.25,157.27,157.22,157.27,10900,1714049.9805
2026-09-18 11:05:00,157.27,157.27,157.22,157.26,9100,1431033.9688
2026-09-18 11:06:00,157.27,157.31,157.2,157.29,18400,2893864.9736
2026-09-18 11:07:00,157.21,157.29,157.15,157.23,6800,1068872.9971
2026-09-18 11:08:00,157.21,157.26,157.13,157.19,10000,1572283.0
2026-09-18 11:09:00,157.12,157.16,157.02,157.04,17600,2764623.0889
2026-09-18 11:10:00,157.04,157.13,157.03,157.1,6400,1005286.0039
2026-09-18 11:11:00,157.1,157.1,157.0,157.07,18200,2857959.9668
2026-09-18 11:12:00,157.07,157.08,157.01,157.02,21400,3360445.999
2026-09-18 11:13:00,157.02,157.08,157.02,157.08,11300,1774591.0195
2026-09-18 11:14:00,157.06,157.1,157.05,157.06,3800,596885.0117
2026-09-18 11:15:00,157.07,157.08,156.9,156.96,20500,3218295.9902
2026-09-18 11:16:00,156.93,157.07,156.92,156.96,11100,1742711.0029
2026-09-18 11:17:00,156.97,157.04,156.93,156.95,12400,1946561.9873
2026-09-18 11:18:00,156.98,157.03,156.97,157.01,14700,2307823.9844
2026-09-18 11:19:00,157.0,157.08,156.95,156.95,18200,2857685.9902
2026-09-18 11:20:00,156.98,156.99,156.95,156.96,10700,1679601.0215
2026-09-18 11:21:00,156.97,157.11,156.96,157.1,20400,3203353.0195
2026-09-18 11:22:00,157.1,157.11,157.0,157.04,14400,2261796.0
2026-09-18 11:23:00,157.07,157.12,157.03,157.03,15500,2434559.0322
2026-09-18 11:24:00,157.03,157.05,156.94,156.95,18700,2935692.9902
2026-09-18 11:25:00,156.94,157.04,156.94,157.02,5300,832069.999
2026-09-18 11:26:00,157.0,157.04,156.96,156.96,10000,1569927.0215
2026-09-18 11:27:00,156.96,156.99,156.88,156.91,26300,4127493.9951
2026-09-18 11:28:00,156.9,156.91,156.82,156.87,59400,9318194.0488
2026-09-18 11:29:00,156.87,157.12,156.87,157.02,23200,3641094.0166
2026-09-18 11:30:00,157.03,157.09,156.92,157.01,7600,1193291.0029
2026-09-18 13:01:00,156.99,157.26,156.97,157.2,59926,9411992.5669
2026-09-18 13:02:00,157.26,157.31,157.2,157.28,11000,1730015.9785
2026-09-18 13:03:00,157.28,157.3,157.24,157.24,12800,2013150.959
2026-09-18 13:04:00,157.24,157.24,157.18,157.21,11200,1760636.9961
2026-09-18 13:05:00,157.2,157.28,157.17,157.18,12700,1996913.0234
2026-09-18 13:06:00,157.2,157.23,157.12,157.12,10500,1650468.0137
2026-09-18 13:07:00,157.12,157.33,157.05,157.25,25400,3992990.9961
2026-09-18 13:08:00,157.25,157.26,157.21,157.26,12400,1949792.0088
2026-09-18 13:09:00,157.22,157.31,157.17,157.25,11600,1823886.0156
2026-09-18 13:10:00,157.25,157.27,157.2,157.27,6800,1069192.0303
2026-09-18 13:11:00,157.23,157.27,157.18,157.2,9300,1462178.9844
2026-09-18 13:12:00,157.23,157.23,157.17,157.22,7000,1100493.0039
2026-09-18 13:13:00,157.18,157.5,157.18,157.35,28700,4515616.0186
2026-09-18 13:14:00,157.37,157.38,157.34,157.37,9300,1463480.0127
2026-09-18 13:15:00,157.37,157.37,157.3,157.33,9500,1494719.0234
2026-09-18 13:16:00,157.32,157.37,157.31,157.35,14500,2281378.0518
2026-09-18 13:17:00,157.32,157.35,157.28,157.28,12500,1966584.0156
2026-09-18 13:18:00,157.27,157.39,157.27,157.38,8700,1368744.0039
2026-09-18 13:19:00,157.38,157.39,157.29,157.34,9100,1431828.0186
2026-09-18 13:20:00,157.3,157.34,157.25,157.25,6400,1006537.9736
2026-09-18 13:21:00,157.27,157.29,157.22,157.29,12300,1934417.9883
2026-09-18 13:22:00,157.29,157.29,157.23,157.24,8300,1305331.9688
2026-09-18 13:23:00,157.29,157.34,157.24,157.34,15300,2406676.9678
2026-09-18 13:24:00,157.34,157.49,157.25,157.46,30700,4830926.0469
2026-09-18 13:25:00,157.45,157.5,157.28,157.28,15400,2424658.001
2026-09-18 13:26:00,157.37,157.4,157.33,157.36,9800,1542135.001
2026-09-18 13:27:00,157.33,157.55,157.3,157.54,22700,3573606.9824
2026-09-18 13:28:00,157.53,157.67,157.53,157.65,19400,3057334.0244
2026-09-18 13:29:00,157.64,157.65,157.52,157.55,11300,1780735.8271
2026-09-18 13:30:00,157.55,157.55,157.5,157.51,13600,2142199.9678
2026-09-18 13:31:00,157.51,157.53,157.5,157.53,15100,2378588.9824
2026-09-18 13:32:00,157.52,157.58,157.51,157.56,14500,2284260.9766
2026-09-18 13:33:00,157.53,157.56,157.42,157.45,8600,1354428.0117
2026-09-18 13:34:00,157.46,157.49,157.44,157.49,12300,1936896.0381
2026-09-18 13:35:00,157.49,157.53,157.48,157.53,10200,1606528.0166
2026-09-18 13:36:00,157.53,157.55,157.51,157.54,22200,3497121.9834
2026-09-18 13:37:00,157.55,157.55,157.41,157.42,13800,2173432.9668
2026-09-18 13:38:00,157.41,157.43,157.34,157.38,11200,1762923.9658
2026-09-18 13:39:00,157.41,157.43,157.36,157.42,9500,1495268.9922
2026-09-18 13:40:00,157.42,157.52,157.37,157.46,9500,1495466.9951
2026-09-18 13:41:00,157.45,157.5,157.43,157.44,6600,1039247.0088
2026-09-18 13:42:00,157.45,157.46,157.35,157.36,19800,3116672.9766
2026-09-18 13:43:00,157.36,157.46,157.34,157.37,17200,2706620.0391
2026-09-18 13:44:00,157.37,157.42,157.32,157.36,5600,881133.0176
2026-09-18 13:45:00,157.36,157.36,157.28,157.28,6800,1069813.0283
2026-09-18 13:46:00,157.26,157.27,157.23,157.25,8700,1367999.0264
2026-09-18 13:47:00,157.25,157.27,157.24,157.26,7100,1116512.9834
2026-09-18 13:48:00,157.26,157.27,157.14,157.21,23900,3757517.9939
2026-09-18 13:49:00,157.19,157.26,157.15,157.23,13300,2091143.0273
2026-09-18 13:50:00,157.23,157.23,157.1,157.11,9300,1461409.0
2026-09-18 13:51:00,157.11,157.12,157.03,157.09,8800,1382217.0166
2026-09-18 13:52:00,157.09,157.1,157.06,157.09,6500,1021012.0205
2026-09-18 13:53:00,157.08,157.1,157.05,157.07,8600,1350899.0186
2026-09-18 13:54:00,157.08,157.15,157.07,157.13,12000,1885366.0215
2026-09-18 13:55:00,157.11,157.13,157.06,157.06,8600,1351011.0156
2026-09-18 13:56:00,157.07,157.07,157.02,157.04,12200,1915932.9678
2026-09-18 13:57:00,157.04,157.11,157.02,157.11,12700,1994654.9834
2026-09-18 13:58:00,157.1,157.13,157.05,157.08,15300,2403203.0576
2026-09-18 13:59:00,157.09,157.1,157.07,157.09,12400,1947876.0059
2026-09-18 14:00:00,157.1,157.13,157.07,157.13,8900,1398213.0234
2026-09-18 14:01:00,157.13,157.13,157.1,157.1,8600,1351245.0049
2026-09-18 14:02:00,157.11,157.17,157.1,157.15,33200,5217009.9941
2026-09-18 14:03:00,157.17,157.17,157.08,157.1,14400,2262311.9971
2026-09-18 14:04:00,157.09,157.17,157.08,157.14,9200,1445346.0303
2026-09-18 14:05:00,157.11,157.17,157.08,157.08,14300,2246966.0146
2026-09-18 14:06:00,157.08,157.15,157.08,157.14,9600,1508163.0146
2026-09-18 14:07:00,157.14,157.17,157.13,157.17,6500,1021468.9795
2026-09-18 14:08:00,157.17,157.17,157.14,157.14,10100,1587262.9697
2026-09-18 14:09:00,157.15,157.16,157.11,157.12,10500,1650013.9775
2026-09-18 14:10:00,157.13,157.16,157.13,157.14,7600,1194289.9814
2026-09-18 14:11:00,157.13,157.16,157.13,157.15,8300,1304294.9707
2026-09-18 14:12:00,157.15,157.24,157.15,157.24,15400,2420356.9805
2026-09-18 14:13:00,157.23,157.23,157.13,157.14,12200,1917401.9746
2026-09-18 14:14:00,157.13,157.16,157.13,157.16,8800,1382864.9824
2026-09-18 14:15:00,157.14,157.17,157.14,157.15,9300,1461553.9678
2026-09-18 14:16:00,157.16,157.17,157.15,157.15,15900,2498924.9971
2026-09-18 14:17:00,157.15,157.17,157.13,157.15,18400,2891422.9443
2026-09-18 14:18:00,157.15,157.15,157.06,157.06,27600,4336062.0977
2026-09-18 14:19:00,157.06,157.06,157.01,157.01,15400,2418269.9141
2026-09-18 14:20:00,157.01,157.04,157.01,157.03,8600,1350428.9795
2026-09-18 14:21:00,157.04,157.05,157.02,157.02,9300,1460372.9746
2026-09-18 14:22:00,157.02,157.06,157.02,157.06,9400,1476180.9902
2026-09-18 14:23:00,157.05,157.13,157.05,157.12,12400,1947807.0244
2026-09-18 14:24:00,157.12,157.15,157.08,157.15,14600,2293876.0
2026-09-18 14:25:00,157.13,157.17,157.13,157.17,13900,2184410.957
2026-09-18 14:26:00,157.15,157.17,157.13,157.14,10000,1571506.9561
2026-09-18 14:27:00,157.14,157.15,157.11,157.11,8200,1288419.999
2026-09-18 14:28:00,157.12,157.16,157.11,157.15,13300,2089881.9707
2026-09-18 14:29:00,157.14,157.15,157.11,157.13,12100,1901338.9854
2026-09-18 14:30:00,157.12,157.14,157.08,157.11,14000,2199598.0166
2026-09-18 14:31:00,157.11,157.15,157.1,157.1,20000,3142465.002
2026-09-18 14:32:00,157.11,157.15,157.1,157.13,10800,1696808.0283
2026-09-18 14:33:00,157.14,157.15,157.1,157.1,10100,1586890.0137
2026-09-18 14:34:00,157.12,157.15,157.11,157.15,12500,1964152.9805
2026-09-18 14:35:00,157.15,157.17,157.13,157.17,17900,2813058.9775
2026-09-18 14:36:00,157.17,157.17,157.11,157.14,12500,1964391.9727
2026-09-18 14:37:00,157.13,157.14,157.07,157.12,13900,2183802.0186
2026-09-18 14:38:00,157.11,157.12,157.09,157.11,26900,4226262.0088
2026-09-18 14:39:00,157.12,157.17,157.09,157.16,42000,6599302.9902
2026-09-18 14:40:00,157.17,157.18,157.13,157.14,9600,1508711.9746
2026-09-18 14:41:00,157.14,157.17,157.11,157.14,13000,2042880.9648
2026-09-18 14:42:00,157.13,157.15,157.12,157.14,12800,2011317.9814
2026-09-18 14:43:00,157.15,157.15,157.11,157.12,18000,2828228.999
2026-09-18 14:44:00,157.11,157.13,157.1,157.11,16900,2655193.0195
2026-09-18 14:45:00,157.11,157.12,157.07,157.1,28500,4477288.1064
2026-09-18 14:46:00,157.11,157.16,157.07,157.12,24800,3896602.0215
2026-09-18 14:47:00,157.12,157.18,157.11,157.14,17500,2749975.9678
2026-09-18 14:48:00,157.13,157.16,157.12,157.12,25800,4054364.8896
2026-09-18 14:49:00,157.13,157.16,157.12,157.14,19517,3066913.3398
2026-09-18 14:50:00,157.15,157.16,157.12,157.12,24000,3771353.7471
2026-09-18 14:51:00,157.13,157.18,157.12,157.15,20900,3284495.9629
2026-09-18 14:52:00,157.15,157.18,157.15,157.16,29100,4573376.8887
2026-09-18 14:53:00,157.17,157.18,157.13,157.16,25600,4023005.9512
2026-09-18 14:54:00,157.17,157.17,157.05,157.06,58200,9143426.0801
2026-09-18 14:55:00,157.06,157.12,157.05,157.08,30905,4854118.2754
2026-09-18 14:56:00,157.09,157.13,157.06,157.07,48600,7634456.1514
2026-09-18 14:57:00,157.07,157.1,157.01,157.02,36469,5727838.9857
2026-09-18 15:00:00,156.87,156.87,156.87,156.87,276706,43406869.8252
2026-09-21 09:31:00,157.12,157.6,156.01,156.93,184407,28911360.7814
2026-09-21 09:32:00,156.93,157.4,156.79,157.33,65100,10232256.9668
2026-09-21 09:33:00,157.31,157.66,157.29,157.65,77200,12155961.083
2026-09-21 09:34:00,157.66,157.66,157.4,157.64,67100,10571386.9893
2026-09-21 09:35:00,157.6,157.64,157.53,157.63,1300,204888.002
2026-09-21 09:36:00,157.77,157.99,157.66,157.99,31900,5036714.0254
2026-09-21 09:37:00,158.0,158.1,157.52,157.61,56200,8865284.0176
2026-09-21 09:38:00,157.62,157.82,157.36,157.82,85700,13504750.2305
2026-09-21 09:39:00,157.76,157.9,157.38,157.38,65800,10374530.9541
2026-09-21 09:40:00,157.38,157.65,157.27,157.55,41000,6453308.9834
2026-09-21 09:41:00,157.43,157.68,157.23,157.3,54800,8628117.9814
2026-09-21 09:42:00,157.3,157.66,157.1,157.25,58900,9267824.9902
2026-09-21 09:43:00,157.23,157.5,157.09,157.49,49400,7767985.042
2026-09-21 09:44:00,157.48,157.74,157.4,157.5,52200,8226077.9961
2026-09-21 09:45:00,157.5,157.81,157.46,157.81,18000,2837323.001
2026-09-21 09:46:00,157.81,157.94,157.67,157.68,40200,6344036.0244
2026-09-21 09:47:00,157.69,157.88,157.42,157.72,44200,6969299.9883
2026-09-21 09:48:00,157.62,157.9,157.58,157.66,26700,4212821.0537
2026-09-21 09:49:00,157.66,157.81,157.51,157.52,41200,6494971.9736
2026-09-21 09:50:00,157.52,157.81,157.51,157.64,38800,6116572.002
2026-09-21 09:51:00,157.64,157.72,157.5,157.61,33600,5294867.9883
2026-09-21 09:52:00,157.61,157.97,157.61,157.94,18400,2903308.9912
2026-09-21 09:53:00,157.97,158.18,157.77,158.12,79800,12609532.0791
2026-09-21 09:54:00,158.12,158.25,158.0,158.11,53600,8476183.0
2026-09-21 09:55:00,158.12,158.16,157.87,158.1,62300,9845531.0527
2026-09-21 09:56:00,158.04,158.19,158.0,158.17,40000,6323151.0225
2026-09-21 09:57:00,158.17,158.29,158.02,158.28,25300,4001974.9668
2026-09-21 09:58:00,158.29,158.29,158.14,158.29,37300,5902078.957
2026-09-21 09:59:00,158.24,158.35,158.19,158.27,60400,9559800.93
2026-09-21 10:00:00,158.31,158.33,158.15,158.19,30800,4873204.0488
2026-09-21 10:01:00,158.21,158.33,158.21,158.27,25300,4004019.9453
2026-09-21 10:02:00,158.33,158.39,158.22,158.22,42300,6697128.9331
2026-09-21 10:03:00,158.25,158.32,157.88,157.88,57800,9132202.9746
2026-09-21 10:04:00,157.88,157.92,157.61,157.8,70118,11062677.4873
2026-09-21 10:05:00,157.8,157.86,157.62,157.66,37500,5914925.9639
2026-09-21 10:06:00,157.66,157.72,157.44,157.47,40500,6382544.998
2026-09-21 10:07:00,157.43,157.46,157.32,157.38,26000,4092406.9639
2026-09-21 10:08:00,157.38,157.4,157.34,157.4,27900,4390714.998
2026-09-21 10:09:00,157.39,157.44,157.28,157.3,44500,7002591.0303
2026-09-21 10:10:00,157.3,157.4,157.21,157.26,39000,6134953.5753
2026-09-21 10:11:00,157.26,157.3,157.18,157.23,31500,4952123.9863
2026-09-21 10:12:00,157.23,157.29,157.22,157.29,13400,2107073.0254
2026-09-21 10:13:00,157.29,157.32,157.18,157.23,41600,6541525.9873
2026-09-21 10:14:00,157.2,157.28,157.2,157.27,24500,3852814.001
2026-09-21 10:15:00,157.27,157.42,157.23,157.42,11500,1809100.9906
2026-09-21 10:16:00,157.43,157.46,157.37,157.39,28900,4549195.916
2026-09-21 10:17:00,157.4,157.54,157.35,157.47,14000,2203956.959
2026-09-21 10:18:00,157.53,157.54,157.44,157.51,15900,2504000.9824
2026-09-21 10:19:00,157.51,157.59,157.43,157.56,22600,3559629.9678
2026-09-21 10:20:00,157.6,157.6,157.48,157.48,15400,2426345.0107
2026-09-21 10:21:00,157.5,157.57,157.48,157.51,15700,2473198.9648
2026-09-21 10:22:00,157.52,157.56,157.46,157.47,10400,1638183.96
2026-09-21 10:23:00,157.46,157.52,157.45,157.45,20000,3149616.0137
2026-09-21 10:24:00,157.45,157.47,157.39,157.4,23300,3667856.9473
2026-09-21 10:25:00,157.39,157.47,157.37,157.47,15000,2361172.9727
2026-09-21 10:26:00,157.47,157.66,157.47,157.64,15900,2505752.0117
2026-09-21 10:27:00,157.62,157.84,157.62,157.7,23500,3705842.9746
2026-09-21 10:28:00,157.64,157.79,157.64,157.69,20800,3281254.9785
2026-09-21 10:29:00,157.75,157.84,157.69,157.83,12400,1956442.9961
2026-09-21 10:30:00,157.82,157.83,157.76,157.82,19300,3045505.9932
2026-09-21 10:31:00,157.82,158.04,157.8,157.91,25300,3995116.0098
2026-09-21 10:32:00,157.91,158.04,157.86,157.93,23600,3727493.9395
2026-09-21 10:33:00,157.9,157.95,157.82,157.95,17300,2731659.9727
2026-09-21 10:34:00,157.82,157.95,157.73,157.8,18500,2919800.0293
2026-09-21 10:35:00,157.78,157.89,157.67,157.76,47300,7462593.0469
2026-09-21 10:36:00,157.76,158.0,157.76,157.86,32700,5163541.96
2026-09-21 10:37:00,157.92,158.13,157.86,157.91,27100,4282842.9873
2026-09-21 10:38:00,157.92,158.08,157.89,158.0,12400,1959098.9766
2026-09-21 10:39:00,158.0,158.19,157.89,158.19,67200,10618613.9941
2026-09-21 10:40:00,158.19,158.55,158.19,158.55,63400,10042255.9971
2026-09-21 10:41:00,158.55,158.6,158.2,158.3,79900,12661384.3008
2026-09-21 10:42:00,158.38,158.54,158.32,158.51,52000,8239643.8896
2026-09-21 10:43:00,158.52,158.53,158.21,158.52,22300,3533491.9951
2026-09-21 10:44:00,158.51,158.54,158.5,158.52,22500,3566596.9404
2026-09-21 10:45:00,158.53,158.58,158.32,158.45,25000,3962251.0146
2026-09-21 10:46:00,158.44,158.47,158.27,158.34,20400,3230955.0146
2026-09-21 10:47:00,158.34,158.4,158.2,158.25,10400,1646244.0
2026-09-21 10:48:00,158.25,158.34,158.22,158.33,12100,1915390.0029
2026-09-21 10:49:00,158.33,158.46,158.32,158.45,17800,2819353.9854
2026-09-21 10:50:00,158.44,158.46,158.28,158.3,18700,2961837.9668
2026-09-21 10:51:00,158.3,158.35,158.25,158.3,22100,3498438.9932
2026-09-21 10:52:00,158.29,158.38,158.27,158.38,12200,1931509.9961
2026-09-21 10:53:00,158.36,158.38,158.25,158.26,13600,2152958.9775
2026-09-21 10:54:00,158.26,158.27,157.99,158.01,70900,11211417.0176
2026-09-21 10:55:00,158.01,158.04,157.91,157.99,26200,4139430.0176
2026-09-21 10:56:00,157.92,157.99,157.91,157.98,6998,1105479.1185
2026-09-21 10:57:00,157.99,158.0,157.94,157.98,12300,1943161.0156
2026-09-21 10:58:00,157.98,157.98,157.91,157.92,11100,1753285.9893
2026-09-21 10:59:00,157.93,158.0,157.93,157.97,18900,2985703.0225
2026-09-21 11:00:00,157.94,158.0,157.8,157.81,42900,6774174.9922
2026-09-21 11:01:00,157.83,157.83,157.7,157.82,23100,3644291.001
2026-09-21 11:02:00,157.82,157.97,157.81,157.89,13600,2147044.9875
2026-09-21 11:03:00,157.88,158.01,157.86,157.98,9302,1469109.7253
2026-09-21 11:04:00,158.01,158.01,157.82,157.82,31200,4926429.7791
2026-09-21 11:05:00,157.82,158.05,157.82,158.0,21600,3410527.0303
2026-09-21 11:06:00,158.0,158.0,157.85,157.9,11700,1847511.9863
2026-09-21 11:07:00,157.86,157.94,157.86,157.92,8700,1373768.9688
2026-09-21 11:08:00,157.92,157.94,157.87,157.91,12400,1958099.9561
2026-09-21 11:09:00,157.91,157.93,157.86,157.93,29200,4610011.9961
2026-09-21 11:10:00,157.92,157.99,157.88,157.99,11800,1863684.998
2026-09-21 11:11:00,157.98,158.05,157.93,157.97,10900,1722086.002
2026-09-21 11:12:00,157.97,157.99,157.92,157.96,7300,1153074.0098
2026-09-21 11:13:00,157.98,158.05,157.95,158.01,18200,2875532.002
2026-09-21 11:14:00,158.01,158.05,158.0,158.04,11700,1848736.916
2026-09-21 11:15:00,158.05,158.05,157.93,158.02,18900,2986050.9902
2026-09-21 11:16:00,158.02,158.11,157.99,158.08,17100,2702622.9932
2026-09-21 11:17:00,158.1,158.59,158.06,158.5,42600,6747858.0342
2026-09-21 11:18:00,158.5,158.69,158.49,158.61,52900,8390287.9941
2026-09-21 11:19:00,158.61,158.63,158.54,158.55,29300,4646808.0996
2026-09-21 11:20:00,158.55,158.55,158.41,158.44,12600,1996934.0029
2026-09-21 11:21:00,158.44,158.51,158.38,158.46,22500,3564996.0088
2026-09-21 11:22:00,158.39,158.5,158.34,158.37,18500,2931143.0088
2026-09-21 11:23:00,158.37,158.37,158.27,158.31,15100,2390606.999
2026-09-21 11:24:00,158.31,158.32,158.24,158.32,4300,680664.9961
2026-09-21 11:25:00,158.32,158.45,158.2,158.44,15600,2469798.0186
2026-09-21 11:26:00,158.45,158.5,158.38,158.47,38100,6038297.0322
2026-09-21 11:27:00,158.42,158.51,158.39,158.5,15800,2503742.9834
2026-09-21 11:28:00,158.49,158.56,158.41,158.42,27600,4374481.002
2026-09-21 11:29:00,158.54,158.59,158.41,158.51,24500,3884245.9541
2026-09-21 11:30:00,158.5,158.59,158.4,158.53,15599,2472587.4844
2026-09-21 13:01:00,158.52,159.09,158.32,158.88,168700,26771985.0303
2026-09-21 13:02:00,158.91,158.96,158.56,158.65,25900,4111616.9678
2026-09-21 13:03:00,158.58,158.72,158.58,158.71,13200,2094268.0059
2026-09-21 13:04:00,158.68,158.92,158.65,158.92,17300,2746264.9863
2026-09-21 13:05:00,158.86,158.94,158.72,158.8,26600,4225407.9805
2026-09-21 13:06:00,158.8,158.87,158.59,158.59,22700,3604024.0127
2026-09-21 13:07:00,158.59,158.77,158.51,158.77,19900,3157180.0098
2026-09-21 13:08:00,158.78,158.78,158.57,158.65,17900,2839708.0039
2026-09-21 13:09:00,158.65,158.83,158.64,158.83,11500,1825400.0137
2026-09-21 13:10:00,158.8,158.87,158.77,158.84,34700,5510889.0
2026-09-21 13:11:00,158.85,158.86,158.74,158.78,23300,3699526.0215
2026-09-21 13:12:00,158.78,158.78,158.68,158.77,10100,1603443.9912
2026-09-21 13:13:00,158.77,158.83,158.75,158.83,22000,3493282.9473
2026-09-21 13:14:00,158.82,158.9,158.76,158.9,13400,2128767.9971
2026-09-21 13:15:00,158.9,158.91,158.87,158.89,16500,2621761.9346
2026-09-21 13:16:00,158.89,158.9,158.8,158.81,11700,1858480.0254
2026-09-21 13:17:00,158.82,158.91,158.82,158.82,16400,2605510.9961
2026-09-21 13:18:00,158.82,158.83,158.8,158.83,6800,1079890.0098
2026-09-21 13:19:00,158.81,158.82,158.6,158.61,17500,2777377.0107
2026-09-21 13:20:00,158.61,158.68,158.58,158.65,14000,2220688.9951
2026-09-21 13:21:00,158.65,158.71,158.58,158.71,18500,2934936.9795
2026-09-21 13:22:00,158.69,158.74,158.63,158.72,10800,1714039.0195
2026-09-21 13:23:00,158.7,158.81,158.69,158.8,17500,2777966.0205
2026-09-21 13:24:00,158.8,158.87,158.8,158.87,11200,1778951.0215
2026-09-21 13:25:00,158.88,158.97,158.85,158.86,30500,4847029.0127
2026-09-21 13:26:00,158.9,158.91,158.81,158.85,15500,2462508.0156
2026-09-21 13:27:00,158.86,158.87,158.74,158.79,16900,2684031.0283
2026-09-21 13:28:00,158.75,158.8,158.64,158.73,10400,1650821.0098
2026-09-21 13:29:00,158.74,158.74,158.56,158.56,17800,2824265.9971
2026-09-21 13:30:00,158.56,158.6,158.38,158.4,23200,3677441.9844
2026-09-21 13:31:00,158.38,158.46,158.35,158.41,14800,2344022.001
2026-09-21 13:32:00,158.41,158.5,158.41,158.5,9800,1552784.0225
2026-09-21 13:33:00,158.53,158.7,158.53,158.58,32700,5186674.0283
2026-09-21 13:34:00,158.58,158.59,158.41,158.44,26701,4232638.5286
2026-09-21 13:35:00,158.45,158.49,158.44,158.44,8100,1283495.001
2026-09-21 13:36:00,158.48,158.49,158.4,158.49,28000,4436406.9873
2026-09-21 13:37:00,158.49,158.55,158.49,158.55,6700,1062085.9795
2026-09-21 13:38:00,158.55,158.57,158.53,158.55,11100,1759837.9766
2026-09-21 13:39:00,158.55,158.55,158.37,158.45,38200,6054678.8223
2026-09-21 13:40:00,158.45,158.73,158.45,158.61,20400,3234599.0137
2026-09-21 13:41:00,158.61,158.73,158.57,158.71,9900,1570823.0059
2026-09-21 13:42:00,158.7,158.71,158.58,158.64,22000,3490981.9766
2026-09-21 13:43:00,158.58,158.61,158.51,158.61,12900,2045770.0107
2026-09-21 13:44:00,158.61,158.61,158.53,158.6,10800,1712724.0186
2026-09-21 13:45:00,158.6,158.61,158.47,158.59,38400,6089076.1084
2026-09-21 13:46:00,158.6,158.61,158.56,158.61,6000,951546.0283
2026-09-21 13:47:00,158.61,158.65,158.58,158.65,15600,2474464.002
2026-09-21 13:48:00,158.58,158.65,158.49,158.51,25500,4044001.9961
2026-09-21 13:49:00,158.57,158.59,158.52,158.59,7100,1125840.0264
2026-09-21 13:50:00,158.57,158.6,158.48,158.54,13600,2156108.0244
2026-09-21 13:51:00,158.55,158.65,158.54,158.59,13700,2172730.0264
2026-09-21 13:52:00,158.62,158.64,158.59,158.6,11500,1824121.0039
2026-09-21 13:53:00,158.64,158.7,158.6,158.7,11200,1777059.9736
2026-09-21 13:54:00,158.7,158.7,158.6,158.6,25900,4109155.001
2026-09-21 13:55:00,158.61,158.65,158.55,158.63,24500,3885562.0176
2026-09-21 13:56:00,158.63,158.66,158.63,158.65,9600,1522982.9727
2026-09-21 13:57:00,158.66,158.76,158.62,158.64,17800,2824679.9951
2026-09-21 13:58:00,158.63,158.71,158.6,158.63,31300,4966084.0664
2026-09-21 13:59:00,158.63,158.65,158.61,158.62,6100,967656.9941
2026-09-21 14:00:00,158.62,158.66,158.6,158.6,10200,1617988.9922
2026-09-21 14:01:00,158.6,158.64,158.59,158.63,9700,1538601.0225
2026-09-21 14:02:00,158.64,158.64,158.4,158.4,56300,8926407.3076
2026-09-21 14:03:00,158.4,158.4,158.23,158.28,12200,1931533.0195
2026-09-21 14:04:00,158.31,158.38,158.27,158.32,17718,2805247.1084
2026-09-21 14:05:00,158.33,158.33,158.26,158.28,15782,2498189.6255
2026-09-21 14:06:00,158.28,158.28,158.2,158.21,11700,1851363.0156
2026-09-21 14:07:00,158.21,158.25,158.21,158.21,27700,4382797.123
2026-09-21 14:08:00,158.21,158.23,158.13,158.15,12700,2009031.9902
2026-09-21 14:09:00,158.13,158.15,158.06,158.06,18500,2924816.0166
2026-09-21 14:10:00,158.06,158.09,158.03,158.09,16000,2528825.0117
2026-09-21 14:11:00,158.09,158.11,158.08,158.1,10600,1675801.0313
2026-09-21 14:12:00,158.09,158.15,158.03,158.09,30500,4822251.0498
2026-09-21 14:13:00,158.09,158.11,158.05,158.06,17200,2719108.0674
2026-09-21 14:14:00,158.07,158.1,158.06,158.08,8800,1391109.0176
2026-09-21 14:15:00,158.09,158.12,158.07,158.12,11300,1786510.0273
2026-09-21 14:16:00,158.12,158.22,158.12,158.22,16800,2657060.9873
2026-09-21 14:17:00,158.2,158.24,158.17,158.17,14800,2341349.0059
2026-09-21 14:18:00,158.18,158.19,158.03,158.04,44100,6972806.0088
2026-09-21 14:19:00,158.03,158.17,158.03,158.12,23000,3635724.0127
2026-09-21 14:20:00,158.12,158.17,158.11,158.14,5500,869855.9893
2026-09-21 14:21:00,158.15,158.17,158.1,158.11,18700,2957352.9736
2026-09-21 14:22:00,158.11,158.12,158.09,158.11,10700,1691677.0293
2026-09-21 14:23:00,158.1,158.11,158.01,158.01,32500,5136731.041
2026-09-21 14:24:00,158.03,158.06,158.01,158.05,7600,1201095.9697
2026-09-21 14:25:00,158.04,158.08,158.04,158.07,11000,1738719.0283
2026-09-21 14:26:00,158.08,158.09,158.03,158.03,16800,2655386.0264
2026-09-21 14:27:00,158.03,158.12,158.03,158.08,10700,1691466.0059
2026-09-21 14:28:00,158.08,158.11,158.06,158.11,8800,1391223.0342
2026-09-21 14:29:00,158.11,158.12,158.05,158.05,19500,3082808.0459
2026-09-21 14:30:00,158.06,158.07,158.02,158.04,20100,3176633.9922
2026-09-21 14:31:00,158.04,158.08,158.04,158.06,10000,1580567.001
2026-09-21 14:32:00,158.07,158.09,158.01,158.01,62200,9830178.8672
2026-09-21 14:33:00,158.0,158.01,157.81,157.88,98800,15605029.0234
2026-09-21 14:34:00,157.87,157.92,157.87,157.9,11500,1815820.9453
2026-09-21 14:35:00,157.9,158.0,157.87,157.99,22400,3537640.9307
2026-09-21 14:36:00,157.99,158.1,157.99,158.07,20600,3255904.0342
2026-09-21 14:37:00,158.06,158.11,158.06,158.11,17900,2829627.0254
2026-09-21 14:38:00,158.11,158.25,158.11,158.22,15900,2514927.9844
2026-09-21 14:39:00,158.22,158.25,158.14,158.15,41800,6613057.0293
2026-09-21 14:40:00,158.17,158.18,158.16,158.18,9700,1534268.9463
2026-09-21 14:41:00,158.19,158.2,158.16,158.16,17200,2720728.9297
2026-09-21 14:42:00,158.17,158.21,158.11,158.2,42700,6753274.96
2026-09-21 14:43:00,158.2,158.3,158.2,158.27,20200,3196774.9697
2026-09-21 14:44:00,158.28,158.38,158.28,158.36,17300,2738959.0332
2026-09-21 14:45:00,158.33,158.35,158.26,158.31,31600,5002423.9775
2026-09-21 14:46:00,158.31,158.33,158.12,158.23,28500,4510494.0186
2026-09-21 14:47:00,158.23,158.31,158.22,158.29,11300,1788391.9922
2026-09-21 14:48:00,158.29,158.32,158.15,158.2,34600,5475558.9795
2026-09-21 14:49:00,158.17,158.25,158.15,158.17,21700,3432599.9688
2026-09-21 14:50:00,158.17,158.2,158.15,158.16,20702,3274369.2585
2026-09-21 14:51:00,158.16,158.2,158.15,158.18,17900,2831398.9619
2026-09-21 14:52:00,158.18,158.2,158.15,158.19,27800,4397397.9053
2026-09-21 14:53:00,158.18,158.23,158.18,158.2,25800,4081442.0068
2026-09-21 14:54:00,158.2,158.21,158.2,158.21,22200,3512164.1055
2026-09-21 14:55:00,158.21,158.24,158.19,158.21,39600,6265152.0674
2026-09-21 14:56:00,158.2,158.21,158.18,158.2,75200,11896444.0095
2026-09-21 14:57:00,158.21,158.24,158.19,158.23,32300,5110328.0791
2026-09-21 15:00:00,158.05,158.05,158.05,158.05,91400,14445770.0
2026-09-22 09:31:00,158.2,158.72,157.6,157.8,279920,44246454.5068
2026-09-22 09:32:00,157.8,158.98,157.6,158.56,123400,19550485.0107
2026-09-22 09:33:00,158.71,159.16,158.6,158.68,95900,15237223.1504
2026-09-22 09:34:00,158.61,158.7,158.2,158.25,67900,10754146.9736
2026-09-22 09:35:00,158.25,158.28,158.03,158.16,50100,7923439.9355
2026-09-22 09:36:00,158.15,158.41,158.12,158.28,60800,9621782.9619
2026-09-22 09:37:00,158.3,158.53,158.28,158.3,49000,7761307.0479
2026-09-22 09:38:00,158.33,158.4,158.08,158.19,49100,7768803.0742
2026-09-22 09:39:00,158.19,158.22,157.88,158.0,74200,11725538.9404
2026-09-22 09:40:00,158.01,158.26,158.01,158.19,32000,5060054.96
2026-09-22 09:41:00,158.18,158.66,158.15,158.48,38900,6159738.9443
2026-09-22 09:42:00,158.48,158.49,158.25,158.26,40400,6400562.0059
2026-09-22 09:43:00,158.39,158.43,158.19,158.26,26000,4116022.9873
2026-09-22 09:44:00,158.2,158.6,158.18,158.57,39800,6301772.9951
2026-09-22 09:45:00,158.53,158.76,158.44,158.68,43800,6947721.9824
2026-09-22 09:46:00,158.68,158.84,158.44,158.56,34000,5392394.9873
2026-09-22 09:47:00,158.56,158.73,158.5,158.61,36400,5773625.0049
2026-09-22 09:48:00,158.57,158.7,158.5,158.68,25000,3965477.9922
2026-09-22 09:49:00,158.68,158.93,158.67,158.7,73100,11608769.0146
2026-09-22 09:50:00,158.67,158.67,158.51,158.55,28500,4518947.9668
2026-09-22 09:51:00,158.52,158.69,158.52,158.64,24100,3822253.0127
2026-09-22 09:52:00,158.63,158.72,158.47,158.5,50600,8023765.0215
2026-09-22 09:53:00,158.5,158.55,158.31,158.41,39300,6226995.9668
2026-09-22 09:54:00,158.41,158.49,158.22,158.25,40000,6333801.0537
2026-09-22 09:55:00,158.27,158.42,158.25,158.36,15600,2469744.0234
2026-09-22 09:56:00,158.35,158.35,158.15,158.21,30800,4873979.0264
2026-09-22 09:57:00,158.2,158.23,157.98,158.0,59100,9341857.998
2026-09-22 09:58:00,157.98,158.0,157.73,157.77,86000,13575800.9678
2026-09-22 09:59:00,157.77,157.87,157.71,157.87,31100,4906439.0303
2026-09-22 10:00:00,157.87,157.88,157.7,157.7,42900,6767399.0508
2026-09-22 10:01:00,157.71,157.77,157.7,157.74,22500,3548824.0518
2026-09-22 10:02:00,157.74,157.74,157.51,157.62,99300,15651979.167
2026-09-22 10:03:00,157.61,157.7,157.51,157.51,48100,7581118.0039
2026-09-22 10:04:00,157.51,157.51,157.31,157.45,67200,10579671.9736
2026-09-22 10:05:00,157.46,157.55,157.45,157.53,30900,4866923.0166
2026-09-22 10:06:00,157.54,157.61,157.54,157.55,24400,3844663.9854
2026-09-22 10:07:00,157.55,157.74,157.54,157.74,15700,2474825.0361
2026-09-22 10:08:00,157.74,157.74,157.5,157.59,36200,5705437.9775
2026-09-22 10:09:00,157.64,157.85,157.5,157.77,53000,8356511.9785
2026-09-22 10:10:00,157.74,157.82,157.66,157.79,13800,2177168.0029
2026-09-22 10:11:00,157.79,158.0,157.75,157.95,17500,2763039.0313
2026-09-22 10:12:00,157.97,158.03,157.95,158.02,19600,3096877.0049
2026-09-22 10:13:00,158.02,158.05,157.96,158.04,28800,4550753.9619
2026-09-22 10:14:00,158.05,158.16,157.96,158.07,24900,3936170.0264
2026-09-22 10:15:00,158.12,158.23,158.03,158.1,23100,3653383.0244
2026-09-22 10:16:00,158.1,158.17,158.02,158.16,16300,2577545.9893
2026-09-22 10:17:00,158.14,158.16,157.92,158.03,30600,4835226.9941
2026-09-22 10:18:00,158.02,158.15,158.01,158.14,15200,2402918.001
2026-09-22 10:19:00,158.13,158.13,157.96,157.99,7200,1137627.0068
2026-09-22 10:20:00,158.0,158.08,157.98,158.05,10500,1659516.0078
2026-09-22 10:21:00,158.07,158.13,158.05,158.13,10800,1707334.0195
2026-09-22 10:22:00,158.14,158.15,158.07,158.15,12600,1992258.8511
2026-09-22 10:23:00,158.12,158.27,158.06,158.26,26200,4143309.9932
2026-09-22 10:24:00,158.24,158.26,158.07,158.1,15500,2451443.999
2026-09-22 10:25:00,158.1,158.21,158.09,158.16,10800,1707932.9951
2026-09-22 10:26:00,158.18,158.4,158.17,158.32,25400,4020447.0098
2026-09-22 10:27:00,158.32,158.43,158.19,158.35,33400,5288714.9883
2026-09-22 10:28:00,158.3,158.35,158.21,158.29,9300,1472222.0098
2026-09-22 10:29:00,158.29,158.4,158.22,158.34,26500,4195657.0254
2026-09-22 10:30:00,158.33,158.45,158.27,158.37,19400,3072187.9971
2026-09-22 10:31:00,158.44,158.64,158.38,158.64,27400,4343464.0059
2026-09-22 10:32:00,158.64,158.7,158.57,158.59,17200,2728344.0029
2026-09-22 10:33:00,158.6,158.61,158.41,158.52,28000,4438734.0078
2026-09-22 10:34:00,158.51,158.54,158.23,158.23,24000,3801302.0723
2026-09-22 10:35:00,158.23,158.23,158.13,158.16,18100,2862924.9639
2026-09-22 10:36:00,158.16,158.26,158.12,158.19,23700,3748869.0039
2026-09-22 10:37:00,158.15,158.24,158.1,158.12,14100,2230019.0098
2026-09-22 10:38:00,158.12,158.12,158.01,158.01,19000,3003454.0029
2026-09-22 10:39:00,158.01,158.05,157.93,158.05,28100,4439687.9785
2026-09-22 10:40:00,158.05,158.14,157.96,158.14,11100,1754542.0049
2026-09-22 10:41:00,158.13,158.34,158.13,158.32,10300,1629506.9912
2026-09-22 10:42:00,158.3,158.32,158.1,158.1,14600,2309870.9854
2026-09-22 10:43:00,158.15,158.23,158.1,158.14,8500,1344148.0039
2026-09-22 10:44:00,158.21,158.22,158.12,158.17,7000,1107334.0059
2026-09-22 10:45:00,158.17,158.22,158.15,158.21,7700,1218022.0107
2026-09-22 10:46:00,158.21,158.22,158.15,158.16,10200,1613524.0166
2026-09-22 10:47:00,158.2,158.3,158.16,158.3,8400,1329333.9863
2026-09-22 10:48:00,158.3,158.37,158.24,158.34,8400,1329708.9922
2026-09-22 10:49:00,158.31,158.35,158.23,158.23,3100,490703.0
2026-09-22 10:50:00,158.26,158.36,158.23,158.32,8600,1361501.9971
2026-09-22 10:51:00,158.33,158.46,158.25,158.3,16800,2660308.9941
2026-09-22 10:52:00,158.3,158.35,158.26,158.35,8100,1282293.9961
2026-09-22 10:53:00,158.36,158.37,158.28,158.3,9900,1567424.0176
2026-09-22 10:54:00,158.3,158.35,158.22,158.31,25300,4004098.9873
2026-09-22 10:55:00,158.31,158.31,158.16,158.16,15500,2452575.0146
2026-09-22 10:56:00,158.17,158.23,158.15,158.23,19800,3131935.9922
2026-09-22 10:57:00,158.2,158.2,158.12,158.12,10900,1723928.9746
2026-09-22 10:58:00,158.12,158.13,158.01,158.01,16100,2544668.9824
2026-09-22 10:59:00,158.06,158.09,158.0,158.03,11900,1880738.0166
2026-09-22 11:00:00,158.03,158.06,157.91,157.92,21700,3428006.0273
2026-09-22 11:01:00,157.91,158.0,157.9,158.0,12000,1895244.0098
2026-09-22 11:02:00,158.0,158.05,157.91,157.93,20300,3206443.9834
2026-09-22 11:03:00,157.98,157.99,157.89,157.91,15700,2479216.9307
2026-09-22 11:04:00,157.91,158.05,157.89,157.96,15800,2495223.9785
2026-09-22 11:05:00,158.01,158.06,157.96,158.04,9400,1485347.9951
2026-09-22 11:06:00,158.04,158.08,158.01,158.06,8600,1359253.9922
2026-09-22 11:07:00,158.06,158.06,158.02,158.02,8500,1343335.9844
2026-09-22 11:08:00,158.03,158.06,157.88,157.91,27100,4281204.9766
2026-09-22 11:09:00,157.93,157.98,157.88,157.98,9800,1547544.9775
2026-09-22 11:10:00,157.98,157.98,157.86,157.88,28900,4563089.9814
2026-09-22 11:11:00,157.88,157.92,157.82,157.91,15900,2510375.0029
2026-09-22 11:12:00,157.89,157.93,157.87,157.87,5700,899982.9863
2026-09-22 11:13:00,157.88,157.9,157.83,157.89,13500,2131204.0088
2026-09-22 11:14:00,157.89,157.91,157.85,157.88,8300,1310521.9854
2026-09-22 11:15:00,157.88,157.92,157.83,157.84,15700,2478725.9688
2026-09-22 11:16:00,157.83,157.85,157.8,157.8,12500,1972663.0146
2026-09-22 11:17:00,157.8,157.8,157.75,157.77,17400,2745296.9697
2026-09-22 11:18:00,157.77,157.77,157.73,157.73,6100,962219.0098
2026-09-22 11:19:00,157.73,157.78,157.72,157.73,13700,2161085.0049
2026-09-22 11:20:00,157.74,157.78,157.67,157.67,29400,4637007.0254
2026-09-22 11:21:00,157.66,157.66,157.6,157.62,12300,1938744.0215
2026-09-22 11:22:00,157.61,157.61,157.58,157.58,17800,2805266.0586
2026-09-22 11:23:00,157.59,157.6,157.55,157.57,16600,2615793.0332
2026-09-22 11:24:00,157.57,157.6,157.56,157.6,7800,1229135.0234
2026-09-22 11:25:00,157.6,157.75,157.59,157.7,15100,2380524.0078
2026-09-22 11:26:00,157.7,157.71,157.68,157.7,6400,1009265.0088
2026-09-22 11:27:00,157.7,157.7,157.68,157.69,6300,993465.9893
2026-09-22 11:28:00,157.69,157.7,157.67,157.69,7500,1182679.9814
2026-09-22 11:29:00,157.69,157.69,157.59,157.59,19900,3137183.9966
2026-09-22 11:30:00,157.65,157.68,157.59,157.59,10700,1686781.4849
2026-09-22 13:01:00,157.59,157.7,157.46,157.48,146100,23016208.9385
2026-09-22 13:02:00,157.48,157.52,157.42,157.43,13500,2125664.0557
2026-09-22 13:03:00,157.43,157.45,157.4,157.41,13700,2156561.9736
2026-09-22 13:04:00,157.41,157.42,157.36,157.38,24300,3824504.9648
2026-09-22 13:05:00,157.36,157.37,157.15,157.17,68100,10710285.0742
2026-09-22 13:06:00,157.16,157.17,157.12,157.15,17800,2797074.9746
2026-09-22 13:07:00,157.15,157.16,157.08,157.09,19400,3048079.0381
2026-09-22 13:08:00,157.09,157.09,157.0,157.02,47600,7474164.8682
2026-09-22 13:09:00,157.02,157.05,156.95,157.03,77400,12152382.9248
2026-09-22 13:10:00,157.02,157.02,156.91,156.99,23200,3641454.9805
2026-09-22 13:11:00,156.98,157.11,156.94,157.09,21700,3407326.0137
2026-09-22 13:12:00,157.08,157.11,157.07,157.09,12000,1885076.0176
2026-09-22 13:13:00,157.08,157.11,157.0,157.02,17200,2701366.9863
2026-09-22 13:14:00,157.0,157.0,156.91,156.91,29400,4614151.0146
2026-09-22 13:15:00,156.96,156.96,156.91,156.95,15100,2369821.0146
2026-09-22 13:16:00,156.96,156.96,156.92,156.92,18100,2840454.9648
2026-09-22 13:17:00,156.93,157.05,156.92,156.92,32100,5038948.0098
2026-09-22 13:18:00,156.95,156.95,156.8,156.8,50600,7937428.9932
2026-09-22 13:19:00,156.8,156.81,156.62,156.63,45600,7147069.9678
2026-09-22 13:20:00,156.63,156.78,156.61,156.71,25200,3948287.9863
2026-09-22 13:21:00,156.71,156.8,156.68,156.74,38400,6018166.0264
2026-09-22 13:22:00,156.76,156.81,156.72,156.75,13400,2100637.9971
2026-09-22 13:23:00,156.77,156.82,156.75,156.82,11800,1850080.9941
2026-09-22 13:24:00,156.81,156.84,156.79,156.81,10400,1630939.0479
2026-09-22 13:25:00,156.81,156.85,156.78,156.81,26700,4186783.0117
2026-09-22 13:26:00,156.81,156.82,156.76,156.78,14400,2257757.9941
2026-09-22 13:27:00,156.78,156.79,156.76,156.77,9500,1489378.9736
2026-09-22 13:28:00,156.78,156.82,156.76,156.77,9900,1552152.9912
2026-09-22 13:29:00,156.77,156.89,156.75,156.89,16000,2508740.9795
2026-09-22 13:30:00,156.89,157.02,156.86,156.96,10700,1679235.0146
2026-09-22 13:31:00,156.97,156.98,156.89,156.89,12600,1977205.9746
2026-09-22 13:32:00,156.88,157.04,156.88,157.03,16500,2589771.9717
2026-09-22 13:33:00,157.02,157.09,156.96,156.99,15100,2371238.9941
2026-09-22 13:34:00,156.99,156.99,156.93,156.93,7700,1208495.9932
2026-09-22 13:35:00,156.94,157.04,156.93,156.96,10900,1710991.999
2026-09-22 13:36:00,156.96,157.05,156.92,157.05,8100,1271515.001
2026-09-22 13:37:00,157.04,157.09,157.0,157.08,15500,2434099.9717
2026-09-22 13:38:00,157.08,157.08,157.02,157.06,7100,1115156.0078
2026-09-22 13:39:00,157.05,157.14,157.01,157.1,10500,1649370.0049
2026-09-22 13:40:00,157.12,157.16,157.09,157.16,12700,1995408.0127
2026-09-22 13:41:00,157.14,157.16,157.11,157.13,12700,1995557.9902
2026-09-22 13:42:00,157.12,157.12,157.09,157.12,9300,1461117.0215
2026-09-22 13:43:00,157.09,157.1,157.0,157.06,16600,2607127.998
2026-09-22 13:44:00,157.04,157.14,157.04,157.07,14000,2199425.0264
2026-09-22 13:45:00,157.09,157.1,157.06,157.1,7600,1193793.0332
2026-09-22 13:46:00,157.07,157.1,157.03,157.08,10900,1711954.0029
2026-09-22 13:47:00,157.08,157.08,157.01,157.04,12200,1915877.9961
2026-09-22 13:48:00,157.04,157.07,156.95,156.95,10200,1601385.0059
2026-09-22 13:49:00,156.94,157.04,156.93,157.02,14500,2276265.0166
2026-09-22 13:50:00,157.01,157.09,156.97,157.07,11600,1821468.9961
2026-09-22 13:51:00,157.05,157.06,156.98,156.99,6900,1083436.9805
2026-09-22 13:52:00,156.98,157.05,156.97,157.01,15400,2417882.9785
2026-09-22 13:53:00,157.04,157.05,157.01,157.03,4700,738035.9795
2026-09-22 13:54:00,157.03,157.05,157.0,157.0,15300,2402617.9131
2026-09-22 13:55:00,157.0,157.0,156.96,156.96,8600,1349993.0313
2026-09-22 13:56:00,156.96,156.98,156.92,156.96,19200,3013479.0479
2026-09-22 13:57:00,156.97,157.01,156.93,156.97,9800,1538246.0225
2026-09-22 13:58:00,156.97,157.0,156.93,156.97,10100,1585403.0254
2026-09-22 13:59:00,156.98,157.04,156.96,157.03,11700,1836913.0127
2026-09-22 14:00:00,157.03,157.1,157.01,157.04,10300,1617691.0098
2026-09-22 14:01:00,157.05,157.19,157.0,157.09,15400,2419394.0049
2026-09-22 14:02:00,157.09,157.09,157.01,157.01,10000,1570490.002
2026-09-22 14:03:00,157.04,157.11,157.04,157.1,8500,1335192.0137
2026-09-22 14:04:00,157.11,157.12,157.03,157.03,9500,1492305.0273
2026-09-22 14:05:00,157.03,157.06,156.97,156.97,21500,3376111.9658
2026-09-22 14:06:00,156.97,156.97,156.9,156.9,18743,2941169.0972
2026-09-22 14:07:00,156.91,157.0,156.9,156.99,17500,2746350.9697
2026-09-22 14:08:00,156.98,157.04,156.95,156.99,10200,1601380.0098
2026-09-22 14:09:00,157.0,157.02,156.98,156.99,7100,1114694.001
2026-09-22 14:10:00,157.0,157.0,156.98,156.99,4500,706467.0273
2026-09-22 14:11:00,156.99,157.04,156.97,157.0,25158,3949827.9814
2026-09-22 14:12:00,157.0,157.01,156.9,156.91,22842,3585486.9697
2026-09-22 14:13:00,156.91,156.96,156.91,156.95,9800,1537868.9795
2026-09-22 14:14:00,156.94,156.95,156.93,156.93,6700,1051467.9639
2026-09-22 14:15:00,156.94,156.94,156.88,156.88,49100,7704292.9023
2026-09-22 14:16:00,156.88,156.88,156.76,156.81,39100,6131202.041
2026-09-22 14:17:00,156.81,156.86,156.81,156.83,10100,1583996.0352
2026-09-22 14:18:00,156.81,156.85,156.8,156.85,12900,2022929.0488
2026-09-22 14:19:00,156.83,156.91,156.83,156.9,15900,2494301.9824
2026-09-22 14:20:00,156.9,156.93,156.87,156.93,8500,1333710.9844
2026-09-22 14:21:00,156.93,156.95,156.9,156.95,10100,1584988.96
2026-09-22 14:22:00,156.96,156.98,156.93,156.93,14600,2291536.0264
2026-09-22 14:23:00,156.93,156.93,156.83,156.84,17400,2729586.998
2026-09-22 14:24:00,156.83,156.86,156.81,156.86,14400,2258502.0273
2026-09-22 14:25:00,156.86,156.87,156.83,156.83,12200,1913544.0234
2026-09-22 14:26:00,156.86,156.87,156.82,156.83,8200,1286122.0313
2026-09-22 14:27:00,156.85,156.88,156.82,156.86,19200,3011438.041
2026-09-22 14:28:00,156.87,156.88,156.85,156.85,12900,2023539.0107
2026-09-22 14:29:00,156.86,156.88,156.82,156.83,11700,1835064.0508
2026-09-22 14:30:00,156.83,156.85,156.75,156.75,38100,5974379.0459
2026-09-22 14:31:00,156.75,156.79,156.71,156.73,26700,4185030.0654
2026-09-22 14:32:00,156.73,156.75,156.7,156.7,30100,4716952.0957
2026-09-22 14:33:00,156.71,156.71,156.61,156.63,47620,7460930.1646
2026-09-22 14:34:00,156.63,156.68,156.6,156.6,31900,4996565.9902
2026-09-22 14:35:00,156.6,156.62,156.41,156.5,97500,15260284.9893
2026-09-22 14:36:00,156.52,156.62,156.46,156.62,17700,2770927.0225
2026-09-22 14:37:00,156.61,156.66,156.6,156.64,21000,3289023.0127
2026-09-22 14:38:00,156.63,156.73,156.61,156.71,19400,3039543.999
2026-09-22 14:39:00,156.71,156.77,156.67,156.7,21900,3431939.0137
2026-09-22 14:40:00,156.7,156.71,156.63,156.68,26300,4120555.9219
2026-09-22 14:41:00,156.66,156.7,156.63,156.66,15100,2365522.9688
2026-09-22 14:42:00,156.66,156.75,156.6,156.75,25800,4041491.9512
2026-09-22 14:43:00,156.67,156.77,156.59,156.74,73800,11558409.3584
2026-09-22 14:44:00,156.74,156.95,156.67,156.82,16500,2586675.0146
2026-09-22 14:45:00,156.81,156.85,156.74,156.79,12300,1928428.9746
2026-09-22 14:46:00,156.78,156.92,156.75,156.87,22300,3497956.958
2026-09-22 14:47:00,156.89,156.93,156.8,156.93,17800,2792656.9688
2026-09-22 14:48:00,156.93,156.93,156.83,156.9,23300,3655497.9707
2026-09-22 14:49:00,156.82,156.9,156.82,156.85,16398,2572171.3574
2026-09-22 14:50:00,156.86,156.9,156.84,156.89,13300,2086278.0361
2026-09-22 14:51:00,156.84,156.91,156.8,156.82,25600,4015255.0518
2026-09-22 14:52:00,156.82,156.84,156.75,156.75,26000,4077115.0859
2026-09-22 14:53:00,156.75,156.85,156.73,156.8,23100,3621703.9658
2026-09-22 14:54:00,156.8,156.85,156.77,156.78,15800,2477417.9824
2026-09-22 14:55:00,156.77,156.89,156.77,156.85,45200,7088657.2959
2026-09-22 14:56:00,156.85,156.88,156.8,156.81,30800,4830665.0449
2026-09-22 14:57:00,156.82,156.85,156.6,156.68,53300,8355658.9541
2026-09-22 15:00:00,156.68,156.68,156.68,156.68,63286,9915649.9331
