day,open,high,low,close,volume,amount
2026-09-10 13:53:00,1283.09,1283.09,1283.0,1283.01,3400,4362289.0469
2026-09-10 13:54:00,1283.02,1283.03,1282.94,1283.01,4200,5388596.9766
2026-09-10 13:55:00,1283.01,1283.7,1283.0,1283.47,5700,7314774.0391
2026-09-10 13:56:00,1283.21,1283.36,1283.04,1283.14,2400,3079616.0078
2026-09-10 13:57:00,1283.04,1283.14,1283.0,1283.01,5600,7184881.0078
2026-09-10 13:58:00,1283.01,1283.14,1283.0,1283.1,3800,4875491.0
2026-09-10 13:59:00,1283.01,1283.03,1282.52,1282.52,13900,17830947.0156
2026-09-10 14:00:00,1282.52,1282.6,1282.44,1282.5,3900,5001789.0313
2026-09-10 14:01:00,1282.5,1283.1,1282.5,1283.08,8900,11416473.0078
2026-09-10 14:02:00,1283.08,1283.08,1282.67,1282.85,3400,4361839.9922
2026-09-10 14:03:00,1282.84,1283.1,1282.8,1283.1,6900,8852438.9063
2026-09-10 14:04:00,1283.09,1283.74,1283.09,1283.74,3800,4876918.9531
2026-09-10 14:05:00,1283.74,1283.74,1283.51,1283.65,4000,5134758.9219
2026-09-10 14:06:00,1283.65,1283.71,1283.57,1283.6,4800,6161388.9922
2026-09-10 14:07:00,1283.59,1283.67,1283.58,1283.58,4800,6161300.9688
2026-09-10 14:08:00,1283.54,1283.54,1283.1,1283.2,2500,3208219.9922
2026-09-10 14:09:00,1283.27,1283.3,1283.14,1283.25,2900,3721367.9609
2026-09-10 14:10:00,1283.25,1283.25,1283.0,1283.05,5700,7313562.0625
2026-09-10 14:11:00,1283.0,1283.06,1282.55,1282.61,7200,9236514.0938
2026-09-10 14:12:00,1282.6,1282.62,1282.35,1282.45,5800,7438632.8984
2026-09-10 14:13:00,1282.35,1282.45,1282.26,1282.32,6200,7950514.1172
2026-09-10 14:14:00,1282.32,1282.7,1282.32,1282.45,5900,7566336.7813
2026-09-10 14:15:00,1282.4,1282.88,1282.4,1282.88,3400,4360497.8828
2026-09-10 14:16:00,1282.93,1282.97,1282.89,1282.95,4100,5260043.8906
2026-09-10 14:17:00,1282.94,1282.94,1282.83,1282.93,5000,6414464.0078
2026-09-10 14:18:00,1282.91,1282.91,1282.48,1282.79,7500,9620852.0313
2026-09-10 14:19:00,1282.8,1283.3,1282.76,1283.3,10800,13856188.9766
2026-09-10 14:20:00,1283.34,1284.0,1283.34,1284.0,5800,7445917.1953
2026-09-10 14:21:00,1284.0,1285.2,1283.9,1284.47,10700,13744938.9844
2026-09-10 14:22:00,1284.47,1284.76,1284.47,1284.66,3900,5010105.9688
2026-09-10 14:23:00,1284.66,1284.66,1283.89,1283.96,6700,8604115.8125
2026-09-10 14:24:00,1283.96,1284.09,1283.95,1284.09,3600,4622472.0234
2026-09-10 14:25:00,1284.07,1284.53,1284.07,1284.5,5000,6421841.9219
2026-09-10 14:26:00,1284.51,1284.51,1284.34,1284.35,3200,4110207.9063
2026-09-10 14:27:00,1284.35,1284.45,1284.35,1284.42,1700,2183485.0156
2026-09-10 14:28:00,1284.42,1284.42,1284.1,1284.11,5700,7320345.0046
2026-09-10 14:29:00,1284.24,1284.24,1284.03,1284.12,4300,5521780.9922
2026-09-10 14:30:00,1284.12,1284.23,1284.05,1284.23,9100,11686204.9375
2026-09-10 14:31:00,1284.21,1284.42,1284.21,1284.34,5500,7063725.0391
2026-09-10 14:32:00,1284.42,1285.08,1284.42,1285.0,6400,8222004.9531
2026-09-10 14:33:00,1285.07,1285.47,1285.0,1285.47,5600,7196702.9844
2026-09-10 14:34:00,1285.48,1285.5,1284.89,1284.89,4700,6040534.0156
2026-09-10 14:35:00,1284.87,1285.09,1284.81,1285.01,4300,5525420.9922
2026-09-10 14:36:00,1285.07,1285.18,1285.07,1285.1,3500,4497888.9531
2026-09-10 14:37:00,1285.15,1285.17,1285.08,1285.17,5100,6554249.0781
2026-09-10 14:38:00,1285.17,1285.7,1285.1,1285.7,10200,13110598.8906
2026-09-10 14:39:00,1285.7,1286.98,1285.69,1286.57,12740,16388534.9688
2026-09-10 14:40:00,1286.33,1286.5,1286.31,1286.33,6100,7846860.9609
2026-09-10 14:41:00,1286.4,1286.43,1286.25,1286.37,6200,7975218.0
2026-09-10 14:42:00,1286.43,1287.27,1286.34,1286.53,16900,21747500.0469
2026-09-10 14:43:00,1286.53,1286.99,1286.46,1286.55,9000,11579786.0938
2026-09-10 14:44:00,1286.49,1286.5,1285.4,1285.82,9900,12730279.8516
2026-09-10 14:45:00,1285.8,1285.83,1285.46,1285.46,4400,5657162.0156
2026-09-10 14:46:00,1285.49,1285.72,1285.44,1285.7,9500,12213559.8203
2026-09-10 14:47:00,1285.6,1285.7,1285.44,1285.5,6700,8613133.9375
2026-09-10 14:48:00,1285.55,1285.67,1285.36,1285.43,8100,10412631.0703
2026-09-10 14:49:00,1285.43,1285.44,1284.67,1284.84,10700,13750686.0469
2026-09-10 14:50:00,1284.92,1284.92,1284.2,1284.59,10300,13230847.8828
2026-09-10 14:51:00,1284.53,1284.54,1284.2,1284.28,5200,6678832.0
2026-09-10 14:52:00,1284.22,1286.68,1284.19,1285.5,45000,57821101.0156
2026-09-10 14:53:00,1286.21,1286.21,1284.15,1284.15,15600,20039856.8828
2026-09-10 14:54:00,1284.46,1285.83,1284.15,1285.0,8590,11036493.7773
2026-09-10 14:55:00,1285.0,1285.52,1284.5,1284.8,6600,8479816.0156
2026-09-10 14:56:00,1285.0,1285.0,1284.2,1284.56,11600,14899954.1172
2026-09-10 14:57:00,1284.5,1284.79,1284.25,1284.79,8800,11304185.0078
2026-09-10 15:00:00,1285.13,1285.13,1285.13,1285.13,23900,30714607.0
2026-09-11 09:31:00,1285.15,1286.15,1276.3,1276.67,108100,138599519.8789
2026-09-11 09:32:00,1276.67,1281.0,1276.0,1277.96,66800,85346298.5703
2026-09-11 09:33:00,1277.96,1279.0,1276.5,1277.01,37100,47383353.1719
2026-09-11 09:34:00,1277.01,1278.16,1276.88,1277.96,18000,22994057.8594
2026-09-11 09:35:00,1277.96,1278.16,1277.2,1277.31,21300,27212020.0703
2026-09-11 09:36:00,1277.31,1277.31,1273.58,1274.19,102500,130756718.7188
2026-09-11 09:37:00,1273.58,1274.83,1272.22,1273.07,61600,78452819.5234
2026-09-11 09:38:00,1273.41,1273.5,1272.25,1272.25,29400,37421855.8291
2026-09-11 09:39:00,1272.24,1272.39,1270.55,1270.58,63800,81128088.8438
2026-09-11 09:40:00,1270.6,1270.6,1265.58,1265.58,101700,129074460.541
2026-09-11 09:41:00,1266.0,1267.01,1265.15,1266.94,48100,60898867.2656
2026-09-11 09:42:00,1266.43,1266.58,1263.01,1264.2,91100,115232829.6406
2026-09-11 09:43:00,1264.2,1265.18,1263.99,1265.15,22500,28454602.9688
2026-09-11 09:44:00,1265.15,1265.16,1263.5,1263.87,48000,60694058.3594
2026-09-11 09:45:00,1263.86,1264.18,1263.53,1264.17,16716,21126501.7227
2026-09-11 09:46:00,1264.11,1265.05,1264.11,1264.42,20800,26300955.1797
2026-09-11 09:47:00,1264.39,1265.14,1264.35,1265.14,21100,26688158.1797
2026-09-11 09:48:00,1265.13,1266.03,1265.06,1266.03,13300,16832502.2344
2026-09-11 09:49:00,1266.03,1268.27,1266.0,1267.7,22800,28893590.9141
2026-09-11 09:50:00,1267.69,1268.27,1267.0,1267.85,23300,29536338.6953
2026-09-11 09:51:00,1267.86,1267.86,1265.99,1265.99,22400,28366510.375
2026-09-11 09:52:00,1266.0,1266.59,1265.18,1266.59,20000,25311817.9609
2026-09-11 09:53:00,1266.01,1267.68,1266.0,1266.49,15400,19507781.0
2026-09-11 09:54:00,1266.48,1266.49,1265.07,1265.34,24800,31383690.7725
2026-09-11 09:55:00,1265.14,1267.68,1265.09,1267.66,13095,16576921.5625
2026-09-11 09:56:00,1267.0,1269.49,1267.0,1269.0,11190,14196584.2813
2026-09-11 09:57:00,1269.39,1270.4,1269.01,1270.0,13100,16631442.0
2026-09-11 09:58:00,1270.0,1270.9,1268.59,1268.87,22400,28450043.75
2026-09-11 09:59:00,1268.87,1268.96,1268.0,1268.03,13000,16492960.8438
2026-09-11 10:00:00,1268.01,1268.4,1267.68,1267.69,7100,9002825.0
2026-09-11 10:01:00,1267.69,1267.98,1266.73,1267.04,13510,17121821.418
2026-09-11 10:02:00,1267.49,1269.3,1267.49,1269.3,10390,13176346.0195
2026-09-11 10:03:00,1269.29,1269.7,1268.01,1268.37,8900,11294976.8672
2026-09-11 10:04:00,1268.18,1268.68,1267.63,1268.66,9600,12175394.5088
2026-09-11 10:05:00,1268.18,1268.66,1268.02,1268.19,7600,9638741.9424
2026-09-11 10:06:00,1268.18,1268.18,1267.0,1267.01,11610,14716248.2285
2026-09-11 10:07:00,1267.0,1267.0,1266.56,1266.64,8700,11021024.1094
2026-09-11 10:08:00,1266.65,1267.01,1266.6,1266.72,6700,8486761.0156
2026-09-11 10:09:00,1266.8,1267.87,1266.67,1267.22,5300,6714962.1172
2026-09-11 10:10:00,1267.01,1267.01,1266.0,1266.0,28500,36089747.8359
2026-09-11 10:11:00,1266.0,1266.6,1265.99,1266.02,14800,18739542.7188
2026-09-11 10:12:00,1266.02,1266.08,1265.22,1265.5,15500,19616724.1797
2026-09-11 10:13:00,1265.22,1267.22,1265.22,1266.89,11600,14687680.3438
2026-09-11 10:14:00,1266.82,1266.82,1265.8,1265.8,8900,11268417.9922
2026-09-11 10:15:00,1265.8,1267.21,1265.79,1267.2,10965,13886385.4922
2026-09-11 10:16:00,1266.68,1267.21,1266.6,1266.67,8900,11273774.1406
2026-09-11 10:17:00,1266.66,1267.01,1266.2,1266.77,10600,13426539.0898
2026-09-11 10:18:00,1266.77,1267.67,1266.49,1267.13,6400,8109830.0078
2026-09-11 10:19:00,1267.14,1267.2,1266.76,1266.77,9900,12543205.9688
2026-09-11 10:20:00,1266.77,1267.1,1266.69,1266.89,6600,8361377.0625
2026-09-11 10:21:00,1266.81,1266.97,1266.1,1266.18,14600,18494542.0313
2026-09-11 10:22:00,1266.27,1266.78,1265.6,1266.78,22200,28103858.5781
2026-09-11 10:23:00,1266.1,1266.81,1265.98,1266.8,6600,8357890.0078
2026-09-11 10:24:00,1266.79,1267.91,1266.04,1266.96,10900,13809640.1484
2026-09-11 10:25:00,1266.93,1267.82,1266.6,1266.86,8100,10261746.1016
2026-09-11 10:26:00,1266.6,1266.88,1265.78,1265.78,8600,10888776.8672
2026-09-11 10:27:00,1265.78,1265.82,1265.61,1265.79,8900,11265281.0234
2026-09-11 10:28:00,1265.78,1265.8,1265.22,1265.43,10911,13808869.9365
2026-09-11 10:29:00,1265.4,1265.5,1265.21,1265.32,10000,12653222.2109
2026-09-11 10:30:00,1265.32,1265.32,1265.24,1265.25,10500,13285367.0313
2026-09-11 10:31:00,1265.26,1265.29,1265.19,1265.21,12689,16054392.9346
2026-09-11 10:32:00,1265.2,1265.35,1265.18,1265.28,9800,12399393.0508
2026-09-11 10:33:00,1265.34,1265.77,1265.3,1265.62,13400,16959110.9063
2026-09-11 10:34:00,1265.61,1265.61,1265.3,1265.3,9800,12401601.0098
2026-09-11 10:35:00,1265.32,1266.51,1265.21,1265.85,14780,18705897.7734
2026-09-11 10:36:00,1265.84,1266.86,1265.84,1266.86,8800,11143111.0781
2026-09-11 10:37:00,1266.86,1268.99,1266.86,1268.99,12720,16128211.8945
2026-09-11 10:38:00,1269.0,1269.0,1268.15,1268.16,7700,9768127.1797
2026-09-11 10:39:00,1268.15,1269.48,1268.15,1268.88,10600,13447971.0391
2026-09-11 10:40:00,1268.88,1269.7,1268.67,1268.67,8400,10658988.0234
2026-09-11 10:41:00,1268.61,1268.75,1268.0,1268.01,5300,6722581.0781
2026-09-11 10:42:00,1268.01,1269.0,1268.0,1269.0,10900,13824805.9922
2026-09-11 10:43:00,1269.0,1269.0,1268.4,1268.7,11100,14084508.0625
2026-09-11 10:44:00,1268.93,1269.99,1268.71,1269.66,10000,12693012.9063
2026-09-11 10:45:00,1269.62,1270.0,1269.04,1269.68,12600,15999068.1875
2026-09-11 10:46:00,1269.68,1269.79,1269.04,1269.67,5500,6982066.0068
2026-09-11 10:47:00,1269.68,1270.38,1269.17,1270.38,13500,17144361.1094
2026-09-11 10:48:00,1270.06,1272.0,1270.05,1271.89,10900,13859476.0469
2026-09-11 10:49:00,1271.83,1272.11,1271.83,1272.07,8700,11066199.1035
2026-09-11 10:50:00,1272.09,1272.13,1271.39,1271.95,10300,13101779.7422
2026-09-11 10:51:00,1271.94,1272.99,1271.9,1272.99,12400,15778602.8438
2026-09-11 10:52:00,1272.99,1273.04,1271.97,1272.31,10700,13619770.9141
2026-09-11 10:53:00,1271.95,1271.95,1271.09,1271.1,5600,7120501.9453
2026-09-11 10:54:00,1271.09,1271.49,1271.09,1271.48,8100,10298341.0781
2026-09-11 10:55:00,1271.49,1272.96,1271.48,1272.96,7600,9665262.9063
2026-09-11 10:56:00,1272.98,1273.22,1272.32,1272.4,7310,9303974.8125
2026-09-11 10:57:00,1272.39,1272.39,1271.43,1272.04,6400,8140995.0
2026-09-11 10:58:00,1272.0,1272.75,1272.0,1272.11,7600,9669281.9609
2026-09-11 10:59:00,1272.01,1273.36,1271.49,1272.3,9800,12469735.8516
2026-09-11 11:00:00,1272.22,1273.86,1272.22,1273.68,9482,12073750.0273
2026-09-11 11:01:00,1273.78,1274.8,1273.78,1274.7,16440,20949767.3047
2026-09-11 11:02:00,1274.69,1274.79,1274.2,1274.2,9100,11598060.9141
2026-09-11 11:03:00,1274.2,1274.21,1273.0,1273.02,6300,8022913.9766
2026-09-11 11:04:00,1273.02,1274.0,1273.01,1274.0,8000,10186204.0625
2026-09-11 11:05:00,1274.01,1274.58,1273.14,1273.58,7000,8915003.9922
2026-09-11 11:06:00,1274.5,1274.5,1273.28,1273.85,4800,6113219.9766
2026-09-11 11:07:00,1273.82,1273.86,1273.35,1273.73,5000,6368654.9063
2026-09-11 11:08:00,1273.34,1274.55,1273.34,1274.05,7400,9427829.1641
2026-09-11 11:09:00,1274.3,1274.3,1273.36,1273.39,4900,6241477.0625
2026-09-11 11:10:00,1273.68,1274.05,1273.5,1273.51,5000,6368803.9766
2026-09-11 11:11:00,1273.51,1274.47,1273.51,1274.0,7600,9682015.9922
2026-09-11 11:12:00,1273.75,1274.0,1273.5,1273.54,4700,5986239.0547
2026-09-11 11:13:00,1273.54,1273.54,1272.92,1272.92,5300,6748025.1289
2026-09-11 11:14:00,1272.99,1273.09,1272.61,1272.63,10129,12891730.4766
2026-09-11 11:15:00,1273.09,1273.09,1272.62,1272.63,4600,5854447.0234
2026-09-11 11:16:00,1272.63,1272.99,1272.33,1272.4,6100,7762554.9531
2026-09-11 11:17:00,1272.43,1273.72,1272.43,1273.7,11340,14436312.5156
2026-09-11 11:18:00,1273.11,1274.01,1273.1,1273.99,8300,10570501.1016
2026-09-11 11:19:00,1273.99,1274.79,1273.99,1274.79,8700,11087079.9531
2026-09-11 11:20:00,1274.78,1275.0,1274.5,1274.98,8800,11218648.0938
2026-09-11 11:21:00,1274.79,1274.98,1274.28,1274.51,6600,8413635.0156
2026-09-11 11:22:00,1274.49,1274.5,1272.98,1272.98,7600,9678007.9688
2026-09-11 11:23:00,1272.98,1273.13,1272.53,1272.53,5400,6872290.75
2026-09-11 11:24:00,1272.36,1272.36,1271.85,1271.85,4700,5978586.0
2026-09-11 11:25:00,1271.51,1271.97,1271.12,1271.12,4400,5593651.9688
2026-09-11 11:26:00,1271.19,1271.2,1271.01,1271.07,4200,5338529.9219
2026-09-11 11:27:00,1271.07,1271.1,1271.0,1271.08,6000,7626308.7656
2026-09-11 11:28:00,1271.08,1272.36,1271.01,1271.98,9000,11444011.9453
2026-09-11 11:29:00,1271.98,1273.21,1271.97,1272.6,6100,7762081.9844
2026-09-11 11:30:00,1272.63,1273.81,1271.63,1271.63,4600,5854650.0391
2026-09-11 13:01:00,1272.6,1277.0,1272.6,1273.05,54900,70017505.0391
2026-09-11 13:02:00,1273.05,1274.89,1273.02,1274.84,17200,21909648.7891
2026-09-11 13:03:00,1273.62,1274.49,1273.0,1273.0,11500,14647002.8438
2026-09-11 13:04:00,1272.97,1272.97,1272.64,1272.67,11500,14636673.1016
2026-09-11 13:05:00,1272.69,1273.7,1272.66,1273.7,15900,20237574.3672
2026-09-11 13:06:00,1274.28,1274.87,1273.13,1274.7,28400,36191624.0391
2026-09-11 13:07:00,1274.34,1275.81,1273.53,1275.46,19500,24848726.7109
2026-09-11 13:08:00,1275.46,1275.87,1275.25,1275.29,15900,20280240.0469
2026-09-11 13:09:00,1275.29,1275.29,1274.08,1274.3,20500,26137479.0625
2026-09-11 13:10:00,1274.5,1274.89,1273.57,1274.0,8600,10959748.9375
2026-09-11 13:11:00,1274.0,1274.0,1272.9,1273.12,13700,17446297.9375
2026-09-11 13:12:00,1273.1,1275.58,1273.04,1275.5,35900,45751061.0156
2026-09-11 13:13:00,1275.58,1276.57,1274.95,1275.99,15100,19266830.0547
2026-09-11 13:14:00,1276.0,1276.88,1275.94,1276.8,16100,20547114.0
2026-09-11 13:15:00,1276.8,1278.0,1276.7,1277.79,24107,30790129.8643
2026-09-11 13:16:00,1277.8,1278.88,1277.14,1277.66,12393,15839287.6094
2026-09-11 13:17:00,1277.62,1277.78,1276.72,1277.66,5600,7154435.0313
2026-09-11 13:18:00,1277.6,1277.94,1277.08,1277.92,10100,12904211.8672
2026-09-11 13:19:00,1277.7,1277.92,1277.66,1277.66,9900,12649424.0
2026-09-11 13:20:00,1277.73,1277.73,1277.6,1277.63,13800,17631713.9766
2026-09-11 13:21:00,1277.6,1277.66,1276.88,1277.5,10620,13567457.9375
2026-09-11 13:22:00,1277.58,1277.66,1277.57,1277.65,3700,4727165.9063
2026-09-11 13:23:00,1277.65,1277.94,1277.65,1277.93,9300,11883113.9219
2026-09-11 13:24:00,1277.72,1277.89,1277.01,1277.5,7600,9709627.0313
2026-09-11 13:25:00,1277.03,1277.85,1276.67,1277.0,12000,15327493.1016
2026-09-11 13:26:00,1276.99,1277.89,1276.0,1277.08,30400,38832366.4766
2026-09-11 13:27:00,1276.24,1277.8,1276.24,1277.8,6200,7918167.9609
2026-09-11 13:28:00,1277.73,1277.8,1276.47,1277.6,26000,33215596.9844
2026-09-11 13:29:00,1277.75,1277.79,1277.51,1277.65,5200,6643759.8906
2026-09-11 13:30:00,1277.75,1277.76,1276.83,1277.55,3900,4982591.9219
2026-09-11 13:31:00,1277.53,1278.78,1277.53,1278.0,52300,66864425.9063
2026-09-11 13:32:00,1278.0,1279.0,1277.7,1278.01,34600,44240279.0156
2026-09-11 13:33:00,1278.0,1279.0,1277.8,1278.3,42300,54089838.125
2026-09-11 13:34:00,1278.69,1279.15,1278.29,1279.08,5000,6394274.9141
2026-09-11 13:35:00,1279.0,1279.5,1278.07,1278.07,7200,9207230.9531
2026-09-11 13:36:00,1279.0,1279.78,1278.99,1279.76,8500,10874006.9297
2026-09-11 13:37:00,1279.76,1279.79,1278.99,1279.75,10900,13944629.0781
2026-09-11 13:38:00,1279.71,1279.79,1279.14,1279.67,8900,11389378.7969
2026-09-11 13:39:00,1279.65,1279.8,1279.0,1279.78,11000,14074991.0
2026-09-11 13:40:00,1279.78,1279.78,1279.0,1279.02,5800,7419847.0156
2026-09-11 13:41:00,1279.02,1279.12,1278.41,1278.44,6300,8056061.8984
2026-09-11 13:42:00,1278.41,1278.41,1276.0,1276.66,38500,49198434.7891
2026-09-11 13:43:00,1276.78,1276.93,1276.1,1276.1,3500,4468217.0313
2026-09-11 13:44:00,1276.04,1276.1,1276.0,1276.09,7000,8932248.9219
2026-09-11 13:45:00,1276.02,1276.02,1275.98,1276.0,4100,5231603.0
2026-09-11 13:46:00,1275.96,1275.96,1274.27,1274.82,10400,13262464.0859
2026-09-11 13:47:00,1274.98,1275.0,1274.5,1274.98,5600,7139170.0313
2026-09-11 13:48:00,1274.99,1275.79,1274.99,1275.0,8500,10839172.0078
2026-09-11 13:49:00,1275.08,1275.49,1275.0,1275.0,6900,8798559.8672
2026-09-11 13:50:00,1275.09,1275.45,1274.4,1274.5,5400,6884728.9688
2026-09-11 13:51:00,1274.55,1274.99,1273.7,1274.0,8200,10450929.1328
2026-09-11 13:52:00,1273.68,1275.47,1273.52,1275.47,12800,16316233.8984
2026-09-11 13:53:00,1275.47,1275.55,1274.64,1275.38,5800,7396394.0078
2026-09-11 13:54:00,1275.42,1276.01,1275.29,1275.39,8062,10284544.2813
2026-09-11 13:55:00,1276.0,1276.47,1275.39,1276.44,6355,8109989.8438
2026-09-11 13:56:00,1276.44,1276.5,1276.05,1276.5,6100,7785214.7578
2026-09-11 13:57:00,1276.69,1277.77,1276.29,1277.73,2800,3575593.9453
2026-09-11 13:58:00,1277.45,1278.2,1277.04,1278.19,4800,6133062.9063
2026-09-11 13:59:00,1278.0,1278.43,1278.0,1278.43,3500,4474123.0703
2026-09-11 14:00:00,1278.43,1279.0,1278.41,1278.93,4900,6266064.1016
2026-09-11 14:01:00,1278.98,1279.0,1278.28,1278.42,6400,8182420.1406
2026-09-11 14:02:00,1278.42,1278.53,1278.0,1278.53,7800,9971236.9844
2026-09-11 14:03:00,1278.52,1279.28,1278.5,1279.27,11400,14579611.7578
2026-09-11 14:04:00,1279.28,1279.35,1278.05,1278.06,11600,14837534.9766
2026-09-11 14:05:00,1279.0,1279.0,1278.0,1278.65,7000,8948781.8516
2026-09-11 14:06:00,1278.65,1279.5,1278.64,1278.83,10400,13302491.1094
2026-09-11 14:07:00,1278.66,1278.99,1278.01,1278.96,10100,12913997.0
2026-09-11 14:08:00,1278.99,1279.0,1278.5,1278.54,9500,12147989.0078
2026-09-11 14:09:00,1278.64,1278.64,1277.73,1277.89,15900,20323997.9688
2026-09-11 14:10:00,1277.9,1277.91,1277.01,1277.05,7200,9196721.0391
2026-09-11 14:11:00,1277.04,1278.59,1276.04,1276.04,16700,21329837.8203
2026-09-11 14:12:00,1276.04,1277.01,1276.02,1276.32,5100,6510713.9609
2026-09-11 14:13:00,1276.5,1276.5,1275.41,1275.88,8945,11413418.9063
2026-09-11 14:14:00,1275.98,1277.98,1275.51,1276.01,7600,9698663.0625
2026-09-11 14:15:00,1276.66,1276.83,1275.77,1276.0,13700,17488260.1719
2026-09-11 14:16:00,1275.55,1276.01,1275.36,1275.5,10500,13394578.0625
2026-09-11 14:17:00,1275.55,1275.62,1275.13,1275.55,7100,9055517.2148
2026-09-11 14:18:00,1275.45,1275.77,1275.01,1275.7,12300,15687522.418
2026-09-11 14:19:00,1275.7,1275.97,1275.33,1275.78,7300,9312668.8672
2026-09-11 14:20:00,1275.78,1277.63,1275.4,1275.96,14355,18326076.9648
2026-09-11 14:21:00,1275.95,1276.86,1275.33,1275.37,7000,8931055.9844
2026-09-11 14:22:00,1275.37,1276.74,1275.33,1276.7,10200,13015003.9219
2026-09-11 14:23:00,1276.71,1277.4,1275.51,1277.1,9600,12254329.0625
2026-09-11 14:24:00,1277.29,1277.29,1275.66,1275.71,7200,9191405.9922
2026-09-11 14:25:00,1277.09,1277.5,1275.71,1276.76,9300,11874645.9141
2026-09-11 14:26:00,1276.72,1277.67,1275.66,1275.73,12300,15701612.9609
2026-09-11 14:27:00,1275.65,1277.0,1275.56,1275.9,8800,11230827.0703
2026-09-11 14:28:00,1276.01,1277.81,1275.92,1277.81,5500,7024148.9844
2026-09-11 14:29:00,1277.87,1277.93,1276.96,1277.88,7600,9709928.0
2026-09-11 14:30:00,1277.88,1278.0,1277.25,1278.0,11000,14055375.8359
2026-09-11 14:31:00,1277.36,1278.2,1276.97,1278.1,11796,15071811.9844
2026-09-11 14:32:00,1278.09,1278.1,1277.03,1277.12,12300,15714551.0234
2026-09-11 14:33:00,1277.24,1278.0,1277.17,1277.9,9300,11883325.0918
2026-09-11 14:34:00,1277.4,1277.99,1277.12,1277.4,9500,12136790.0391
2026-09-11 14:35:00,1277.12,1277.97,1276.66,1276.91,9600,12261749.9688
2026-09-11 14:36:00,1276.1,1276.9,1275.56,1276.21,13200,16843991.9844
2026-09-11 14:37:00,1276.21,1277.02,1275.51,1277.0,14600,18634583.9844
2026-09-11 14:38:00,1276.97,1277.02,1275.55,1276.33,5800,7403156.9219
2026-09-11 14:39:00,1276.71,1277.0,1276.3,1276.6,7800,9957410.1719
2026-09-11 14:40:00,1276.6,1277.48,1276.36,1277.47,9500,12130825.0859
2026-09-11 14:41:00,1277.2,1277.48,1276.9,1276.97,7000,8939889.9531
2026-09-11 14:42:00,1276.95,1277.45,1276.64,1276.68,12700,16216577.9453
2026-09-11 14:43:00,1277.0,1277.87,1276.68,1276.69,11700,14943126.9688
2026-09-11 14:44:00,1276.66,1277.88,1276.5,1276.91,20200,25796279.7031
2026-09-11 14:45:00,1277.67,1277.69,1276.23,1276.28,14100,18003355.1172
2026-09-11 14:46:00,1276.87,1277.46,1276.0,1276.0,18300,23363420.8125
2026-09-11 14:47:00,1276.44,1277.0,1276.0,1276.37,10200,13019536.9844
2026-09-11 14:48:00,1276.58,1277.36,1276.0,1276.13,14900,19019901.8047
2026-09-11 14:49:00,1276.13,1276.19,1275.91,1275.93,13900,17736921.8984
2026-09-11 14:50:00,1276.0,1276.3,1275.9,1276.01,13500,17227490.8828
2026-09-11 14:51:00,1276.01,1276.72,1275.68,1275.82,14200,18120527.0625
2026-09-11 14:52:00,1275.69,1276.0,1275.54,1275.71,13400,17094949.8359
2026-09-11 14:53:00,1275.58,1277.0,1275.58,1276.5,18900,24122736.4063
2026-09-11 14:54:00,1276.49,1276.5,1276.03,1276.21,12300,15698555.6016
2026-09-11 14:55:00,1276.34,1276.5,1276.01,1276.47,18900,24121347.8516
2026-09-11 14:56:00,1276.47,1277.5,1276.44,1277.3,35677,45547716.9453
2026-09-11 14:57:00,1277.1,1277.58,1276.0,1276.5,26200,33444750.9297
2026-09-11 15:00:00,1275.16,1275.16,1275.16,1275.16,58355,74411962.3859
2026-09-14 09:31:00,1277.27,1285.53,1276.51,1283.9,69322,88748993.2129
2026-09-14 09:32:00,1285.2,1285.2,1278.01,1280.3,42800,54861932.125
2026-09-14 09:33:00,1280.05,1281.91,1278.8,1278.8,32800,41985879.5469
2026-09-14 09:34:00,1278.27,1280.75,1278.16,1280.34,16900,21623683.1563
2026-09-14 09:35:00,1280.34,1280.77,1278.2,1278.84,20100,25728818.7578
2026-09-14 09:36:00,1278.84,1279.99,1278.06,1278.83,27960,35750784.3086
2026-09-14 09:37:00,1278.5,1281.79,1278.0,1280.85,24600,31479772.9219
2026-09-14 09:38:00,1280.84,1281.79,1280.6,1280.6,18300,23445167.3594
2026-09-14 09:39:00,1281.08,1281.08,1278.5,1279.0,13500,17277084.8203
2026-09-14 09:40:00,1279.0,1279.04,1277.01,1277.01,17600,22497554.0078
2026-09-14 09:41:00,1277.0,1277.66,1276.3,1277.04,18578,23722229.4883
2026-09-14 09:42:00,1277.01,1277.99,1277.01,1277.68,13000,16608889.8594
2026-09-14 09:43:00,1277.62,1278.98,1276.58,1278.87,16900,21590998.0234
2026-09-14 09:44:00,1278.05,1280.98,1278.03,1280.98,13100,16764111.9453
2026-09-14 09:45:00,1280.96,1281.78,1279.3,1281.27,17900,22922463.1016
2026-09-14 09:46:00,1281.27,1281.68,1279.41,1280.12,12300,15749446.9453
2026-09-14 09:47:00,1280.11,1280.28,1278.08,1279.04,12700,16248312.8828
2026-09-14 09:48:00,1279.43,1280.0,1277.06,1278.0,20000,25565353.1016
2026-09-14 09:49:00,1278.07,1278.21,1277.07,1277.3,12900,16480206.1094
2026-09-14 09:50:00,1277.3,1277.5,1276.31,1276.8,15600,19918297.2109
2026-09-14 09:51:00,1276.8,1277.46,1276.41,1276.48,13300,16978162.9688
2026-09-14 09:52:00,1276.98,1278.17,1276.51,1277.49,5400,6898762.0156
2026-09-14 09:53:00,1277.94,1277.95,1276.99,1277.95,11200,14305425.9453
2026-09-14 09:54:00,1277.93,1277.93,1276.99,1277.26,7500,9580993.9766
2026-09-14 09:55:00,1277.29,1277.51,1276.55,1277.0,9400,12003572.0469
2026-09-14 09:56:00,1277.01,1277.5,1277.0,1277.1,4000,5109137.0625
2026-09-14 09:57:00,1277.11,1277.11,1276.55,1276.57,11300,14428364.0469
2026-09-14 09:58:00,1276.58,1277.0,1276.1,1276.4,13900,17744880.1406
2026-09-14 09:59:00,1276.39,1276.59,1274.24,1274.9,25600,32652812.0664
2026-09-14 10:00:00,1274.88,1274.89,1273.4,1273.68,13200,16817187.0547
2026-09-14 10:01:00,1274.01,1275.16,1273.69,1275.16,11300,14399407.9766
2026-09-14 10:02:00,1274.86,1275.66,1274.11,1274.11,8500,10834629.8906
2026-09-14 10:03:00,1274.26,1274.38,1274.07,1274.38,7700,9811318.9766
2026-09-14 10:04:00,1274.71,1274.71,1272.03,1272.03,17600,22413319.9688
2026-09-14 10:05:00,1272.24,1272.56,1272.0,1272.37,9700,12341174.9688
2026-09-14 10:06:00,1272.21,1272.42,1272.08,1272.39,10900,13868070.1563
2026-09-14 10:07:00,1272.38,1272.38,1270.36,1272.26,23000,29246950.0625
2026-09-14 10:08:00,1272.26,1272.5,1271.53,1271.53,9000,11449724.9531
2026-09-14 10:09:00,1271.97,1274.07,1271.54,1274.02,16450,20939329.2617
2026-09-14 10:10:00,1274.0,1274.07,1273.0,1273.08,5000,6367512.0156
2026-09-14 10:11:00,1272.32,1272.72,1271.56,1271.61,4350,5534648.0195
2026-09-14 10:12:00,1271.61,1272.49,1271.61,1271.67,4000,5088710.0859
2026-09-14 10:13:00,1271.96,1273.62,1271.72,1273.03,6800,8654265.9609
2026-09-14 10:14:00,1273.02,1273.89,1272.68,1273.09,4700,5984390.0234
2026-09-14 10:15:00,1273.3,1274.02,1273.08,1274.0,6800,8659192.0391
2026-09-14 10:16:00,1273.99,1274.08,1273.55,1273.71,3400,4331402.0
2026-09-14 10:17:00,1273.72,1273.72,1273.55,1273.57,5000,6368182.8516
2026-09-14 10:18:00,1273.54,1274.08,1273.53,1274.08,5500,7005324.9766
2026-09-14 10:19:00,1274.45,1274.89,1274.0,1274.89,4000,5098339.9375
2026-09-14 10:20:00,1274.94,1276.37,1274.87,1276.37,5800,7398302.9375
2026-09-14 10:21:00,1275.94,1276.66,1275.2,1275.2,7900,10079783.8125
2026-09-14 10:22:00,1275.2,1275.2,1274.53,1274.84,8200,10452882.9609
2026-09-14 10:23:00,1274.85,1275.69,1274.83,1275.68,7800,9944774.9297
2026-09-14 10:24:00,1275.66,1275.73,1275.11,1275.59,5000,6378015.0
2026-09-14 10:25:00,1275.13,1276.69,1275.12,1275.83,8350,10653740.5391
2026-09-14 10:26:00,1275.83,1275.92,1275.6,1275.88,5200,6634510.9844
2026-09-14 10:27:00,1275.92,1276.28,1275.6,1276.25,5600,7145509.1094
2026-09-14 10:28:00,1276.26,1276.78,1276.01,1276.59,4300,5488499.0781
2026-09-14 10:29:00,1276.59,1277.77,1276.59,1277.08,7800,9960781.9766
2026-09-14 10:30:00,1277.67,1277.68,1275.91,1275.91,6000,7660646.9297
2026-09-14 10:31:00,1276.01,1276.01,1275.04,1275.23,5300,6760424.0
2026-09-14 10:32:00,1275.84,1275.91,1275.2,1275.91,3700,4720271.9844
2026-09-14 10:33:00,1275.9,1275.9,1275.1,1275.78,4500,5739668.9609
2026-09-14 10:34:00,1275.17,1275.89,1275.17,1275.34,4100,5230048.9688
2026-09-14 10:35:00,1275.33,1275.88,1275.15,1275.19,4600,5867193.9297
2026-09-14 10:36:00,1275.86,1275.89,1275.18,1275.2,3900,4974153.9609
2026-09-14 10:37:00,1275.3,1275.9,1274.98,1274.98,14500,18490213.0547
2026-09-14 10:38:00,1274.98,1275.01,1274.47,1275.01,4300,5481661.0625
2026-09-14 10:39:00,1275.03,1275.4,1275.03,1275.04,2400,3060464.9844
2026-09-14 10:40:00,1275.32,1275.32,1275.0,1275.16,2800,3570188.0703
2026-09-14 10:41:00,1275.16,1276.15,1275.16,1276.01,2300,2933992.0
2026-09-14 10:42:00,1276.02,1276.15,1275.89,1275.89,2800,3572816.0
2026-09-14 10:43:00,1275.89,1276.02,1275.69,1276.02,3100,3955290.0
2026-09-14 10:44:00,1275.99,1276.96,1275.96,1276.88,12331,15739196.5156
2026-09-14 10:45:00,1276.88,1276.96,1276.84,1276.96,3700,4724589.9766
2026-09-14 10:46:00,1276.91,1276.96,1275.78,1275.92,8369,10682990.3203
2026-09-14 10:47:00,1275.97,1276.96,1275.97,1276.96,4100,5234166.1914
2026-09-14 10:48:00,1276.9,1276.95,1276.89,1276.94,2000,2553853.9453
2026-09-14 10:49:00,1276.94,1276.96,1276.89,1276.89,3800,4852321.0547
2026-09-14 10:50:00,1276.91,1277.71,1276.89,1277.71,8620,11007541.9375
2026-09-14 10:51:00,1277.18,1277.96,1277.18,1277.21,5200,6642128.8828
2026-09-14 10:52:00,1277.2,1277.21,1276.92,1276.94,4250,5427472.9102
2026-09-14 10:53:00,1276.92,1277.18,1276.92,1277.13,3000,3830989.9453
2026-09-14 10:54:00,1277.19,1277.23,1276.97,1276.97,11600,14815240.7656
2026-09-14 10:55:00,1277.17,1277.17,1276.0,1276.01,4250,5425464.9883
2026-09-14 10:56:00,1276.37,1276.53,1276.02,1276.53,3400,4339405.9922
2026-09-14 10:57:00,1276.87,1277.64,1276.87,1276.89,2200,2809679.9844
2026-09-14 10:58:00,1277.1,1277.22,1276.88,1277.22,3700,4725001.9766
2026-09-14 10:59:00,1277.54,1277.64,1277.18,1277.22,7300,9326182.9766
2026-09-14 11:00:00,1277.64,1277.64,1276.89,1277.18,2700,3448488.9844
2026-09-14 11:01:00,1277.34,1277.64,1277.21,1277.42,3600,4598801.9453
2026-09-14 11:02:00,1277.43,1277.64,1277.43,1277.63,2300,2938290.9766
2026-09-14 11:03:00,1277.64,1278.05,1277.63,1278.05,7000,8944377.9922
2026-09-14 11:04:00,1278.09,1278.69,1278.09,1278.53,4800,6136445.9766
2026-09-14 11:05:00,1278.13,1278.65,1278.13,1278.65,3300,4219064.0703
2026-09-14 11:06:00,1278.66,1278.71,1278.58,1278.58,5600,7160394.8203
2026-09-14 11:07:00,1278.58,1278.59,1277.45,1277.95,5800,7412791.9375
2026-09-14 11:08:00,1277.51,1277.99,1277.51,1277.86,2300,2939181.9375
2026-09-14 11:09:00,1277.88,1278.47,1277.54,1278.47,4500,5751261.9297
2026-09-14 11:10:00,1278.4,1278.5,1278.12,1278.22,5000,6391467.0
2026-09-14 11:11:00,1278.22,1278.27,1278.22,1278.26,1200,1533883.0
2026-09-14 11:12:00,1278.28,1278.39,1277.55,1277.59,6100,7795967.9766
2026-09-14 11:13:00,1277.99,1278.78,1277.99,1278.55,6700,8564868.0
2026-09-14 11:14:00,1278.56,1278.7,1277.95,1277.95,3400,4346691.0156
2026-09-14 11:15:00,1278.39,1278.4,1277.84,1277.87,900,1150397.9922
2026-09-14 11:16:00,1277.91,1278.13,1277.61,1277.79,5000,6389195.0547
2026-09-14 11:17:00,1277.8,1278.23,1277.59,1277.65,4600,5878018.0703
2026-09-14 11:18:00,1277.65,1278.35,1277.65,1278.34,6100,7795125.75
2026-09-14 11:19:00,1278.35,1278.37,1278.25,1278.32,2900,3707106.9922
2026-09-14 11:20:00,1278.17,1278.17,1277.85,1277.98,2900,3706069.9922
2026-09-14 11:21:00,1277.99,1278.0,1277.91,1277.99,2700,3450558.0078
2026-09-14 11:22:00,1277.97,1277.99,1277.97,1277.98,2300,2939352.0
2026-09-14 11:23:00,1278.0,1278.0,1277.06,1277.24,7400,9455025.9844
2026-09-14 11:24:00,1277.67,1277.67,1277.0,1277.07,1900,2426799.9531
2026-09-14 11:25:00,1277.65,1277.95,1277.06,1277.95,2300,2938399.9922
2026-09-14 11:26:00,1277.92,1277.92,1277.0,1277.39,3700,4726290.0156
2026-09-14 11:27:00,1277.21,1277.74,1277.07,1277.57,2400,3065872.9063
2026-09-14 11:28:00,1277.5,1277.87,1277.5,1277.87,1300,1660967.0
2026-09-14 11:29:00,1277.88,1278.01,1277.63,1278.01,3700,4727926.0156
2026-09-14 11:30:00,1277.67,1278.5,1277.67,1278.5,3300,4218350.0391
2026-09-14 13:01:00,1278.47,1278.7,1275.92,1278.27,29900,38191062.8906
2026-09-14 13:02:00,1278.26,1278.31,1277.39,1277.66,4200,5367041.0703
2026-09-14 13:03:00,1277.66,1277.8,1275.94,1277.63,9500,12135134.1328
2026-09-14 13:04:00,1277.63,1277.97,1277.0,1277.3,2000,2555117.0625
2026-09-14 13:05:00,1277.49,1278.79,1277.49,1278.79,5100,6519435.9766
2026-09-14 13:06:00,1278.78,1278.79,1277.79,1278.28,4900,6263586.1094
2026-09-14 13:07:00,1278.0,1278.29,1276.44,1276.45,4100,5238543.9922
2026-09-14 13:08:00,1277.8,1277.92,1276.54,1277.79,1600,2044120.0391
2026-09-14 13:09:00,1277.93,1278.2,1277.8,1278.18,3500,4473079.9922
2026-09-14 13:10:00,1278.15,1278.18,1276.88,1276.88,5500,7027823.0938
2026-09-14 13:11:00,1277.87,1278.17,1277.49,1278.16,2100,2683652.0078
2026-09-14 13:12:00,1278.19,1278.64,1278.19,1278.6,4000,5113503.0
2026-09-14 13:13:00,1278.64,1278.72,1278.33,1278.5,2100,2684868.9531
2026-09-14 13:14:00,1278.68,1278.77,1278.23,1278.24,4400,5625332.9531
2026-09-14 13:15:00,1278.56,1278.76,1278.24,1278.76,2900,3708061.0078
2026-09-14 13:16:00,1278.76,1278.77,1277.52,1278.24,5900,7540344.8438
2026-09-14 13:17:00,1278.39,1278.52,1277.5,1277.59,5100,6516856.9922
2026-09-14 13:18:00,1278.21,1278.3,1277.6,1278.24,2300,2939574.0078
2026-09-14 13:19:00,1278.3,1278.45,1278.15,1278.15,2500,3195634.0156
2026-09-14 13:20:00,1278.15,1278.15,1277.55,1277.61,2500,3194843.0156
2026-09-14 13:21:00,1278.0,1278.0,1277.66,1277.99,2700,3450273.9609
2026-09-14 13:22:00,1277.71,1277.99,1277.63,1277.63,2800,3577746.9453
2026-09-14 13:23:00,1277.62,1277.62,1276.55,1276.57,5300,6768539.0234
2026-09-14 13:24:00,1276.56,1277.25,1276.01,1276.44,3500,4468529.9531
2026-09-14 13:25:00,1276.01,1276.55,1276.0,1276.55,2500,3190769.9766
2026-09-14 13:26:00,1276.18,1276.18,1275.58,1275.58,7500,9569212.0391
2026-09-14 13:27:00,1275.55,1277.38,1275.41,1277.0,5900,7527404.9922
2026-09-14 13:28:00,1276.02,1277.24,1276.02,1277.23,2500,3191720.0781
2026-09-14 13:29:00,1277.23,1278.0,1277.13,1278.0,1900,2427009.0078
2026-09-14 13:30:00,1277.32,1278.26,1277.31,1278.24,3600,4600397.9688
2026-09-14 13:31:00,1277.87,1278.25,1276.5,1277.31,4000,5109347.0859
2026-09-14 13:32:00,1277.96,1278.11,1277.33,1278.0,5900,7539558.9766
2026-09-14 13:33:00,1277.39,1278.08,1277.3,1278.0,2200,2811023.9531
2026-09-14 13:34:00,1277.32,1278.27,1277.0,1278.01,4600,5876795.0781
2026-09-14 13:35:00,1278.25,1278.28,1277.84,1278.27,2400,3067614.0
2026-09-14 13:36:00,1277.86,1278.28,1277.85,1278.27,1900,2428523.0
2026-09-14 13:37:00,1278.28,1278.32,1277.32,1277.34,6600,8435463.0078
2026-09-14 13:38:00,1277.36,1278.31,1277.36,1278.22,1600,2044867.0
2026-09-14 13:39:00,1278.12,1278.56,1278.12,1278.5,4320,5522808.0078
2026-09-14 13:40:00,1278.16,1278.29,1278.16,1278.25,1300,1661715.0
2026-09-14 13:41:00,1278.27,1278.5,1278.27,1278.45,3300,4218753.0
2026-09-14 13:42:00,1278.48,1278.56,1278.18,1278.18,5600,7159183.0625
2026-09-14 13:43:00,1278.26,1278.26,1277.5,1277.5,3300,4217401.0391
2026-09-14 13:44:00,1277.88,1278.49,1277.5,1278.49,2500,3194967.0313
2026-09-14 13:45:00,1278.09,1278.09,1277.54,1277.76,5600,7156085.0234
2026-09-14 13:46:00,1277.76,1277.97,1277.53,1277.9,3300,4216428.0078
2026-09-14 13:47:00,1277.9,1278.0,1277.57,1277.7,2800,3578031.9375
2026-09-14 13:48:00,1277.66,1278.29,1277.58,1278.29,3900,4983329.9922
2026-09-14 13:49:00,1278.29,1278.29,1277.89,1277.89,900,1150200.9844
2026-09-14 13:50:00,1277.91,1277.97,1277.85,1277.85,1700,2172428.0
2026-09-14 13:51:00,1277.87,1277.87,1276.11,1276.62,6100,7792130.9844
2026-09-14 13:52:00,1276.62,1277.5,1276.61,1277.01,2100,2681458.0
2026-09-14 13:53:00,1277.01,1277.48,1276.91,1277.22,3100,3958947.0703
2026-09-14 13:54:00,1277.48,1277.49,1276.06,1276.06,6400,8173591.9844
2026-09-14 13:55:00,1276.06,1276.79,1275.6,1275.6,5000,6379884.0391
2026-09-14 13:56:00,1275.73,1276.0,1275.69,1275.77,1600,2041222.9453
2026-09-14 13:57:00,1275.85,1276.0,1275.76,1275.95,2000,2551780.9922
2026-09-14 13:58:00,1275.92,1276.18,1275.91,1276.18,2900,3700401.0313
2026-09-14 13:59:00,1276.33,1276.66,1276.19,1276.66,2600,3318888.9844
2026-09-14 14:00:00,1276.54,1276.69,1276.33,1276.69,3500,4468028.9922
2026-09-14 14:01:00,1276.32,1276.61,1276.0,1276.07,2600,3318146.9766
2026-09-14 14:02:00,1276.01,1276.01,1275.8,1275.8,3500,4465549.0156
2026-09-14 14:03:00,1275.83,1275.96,1275.16,1275.16,9300,11864250.0391
2026-09-14 14:04:00,1275.18,1275.39,1275.18,1275.23,3900,4973326.0
2026-09-14 14:05:00,1275.29,1275.37,1275.24,1275.29,5500,7014209.0215
2026-09-14 14:06:00,1275.29,1275.42,1275.23,1275.34,2900,3698394.0234
2026-09-14 14:07:00,1275.35,1275.73,1275.32,1275.41,3200,4081663.9766
2026-09-14 14:08:00,1275.73,1275.93,1275.73,1275.8,3700,4720744.0703
2026-09-14 14:09:00,1275.73,1275.87,1275.34,1275.34,2000,2551175.0391
2026-09-14 14:10:00,1275.34,1275.59,1275.34,1275.58,1600,2040760.9844
2026-09-14 14:11:00,1275.6,1276.21,1275.38,1276.21,5200,6633704.0078
2026-09-14 14:12:00,1276.21,1276.61,1275.51,1275.99,10600,13525200.9922
2026-09-14 14:13:00,1275.52,1276.08,1275.52,1275.9,1700,2169108.9844
2026-09-14 14:14:00,1276.03,1276.44,1275.9,1276.16,2900,3700695.9922
2026-09-14 14:15:00,1276.17,1276.17,1276.07,1276.08,1700,2169366.9609
2026-09-14 14:16:00,1276.09,1276.09,1275.38,1275.98,5400,6889789.0
2026-09-14 14:17:00,1275.98,1276.0,1275.41,1276.0,3000,3827664.9766
2026-09-14 14:18:00,1275.94,1276.96,1275.94,1276.31,5200,6636823.0938
2026-09-14 14:19:00,1276.31,1276.35,1275.45,1275.5,3200,4082922.9688
2026-09-14 14:20:00,1275.42,1276.57,1275.42,1276.08,3200,4083009.0
2026-09-14 14:21:00,1276.04,1276.37,1275.8,1276.03,3700,4721447.0234
2026-09-14 14:22:00,1276.06,1276.11,1276.06,1276.11,1300,1658917.0313
2026-09-14 14:23:00,1276.07,1276.07,1275.92,1275.97,3600,4593608.9766
2026-09-14 14:24:00,1276.0,1276.02,1275.96,1276.0,3700,4721124.0
2026-09-14 14:25:00,1276.01,1277.05,1275.96,1277.0,4100,5233047.0
2026-09-14 14:26:00,1277.0,1277.13,1276.12,1276.37,4500,5744483.0156
2026-09-14 14:27:00,1276.37,1276.37,1276.0,1276.04,2100,2679900.0
2026-09-14 14:28:00,1276.04,1276.22,1275.91,1275.92,3300,4210694.0547
2026-09-14 14:29:00,1275.95,1275.97,1275.66,1275.85,4400,5613650.0078
2026-09-14 14:30:00,1275.91,1275.94,1275.87,1275.91,2200,2807006.0391
2026-09-14 14:31:00,1275.88,1276.11,1275.76,1276.03,6500,8293138.9844
2026-09-14 14:32:00,1276.21,1276.22,1275.99,1276.07,2000,2552078.0078
2026-09-14 14:33:00,1276.08,1277.0,1276.08,1276.57,7900,10083323.0
2026-09-14 14:34:00,1276.57,1276.61,1276.06,1276.13,3100,3956391.9844
2026-09-14 14:35:00,1276.12,1276.13,1276.06,1276.12,1000,1276106.9922
2026-09-14 14:36:00,1276.11,1277.0,1276.08,1276.21,8800,11232803.0938
2026-09-14 14:37:00,1276.25,1276.94,1276.21,1276.49,4500,5743895.9609
2026-09-14 14:38:00,1276.5,1277.01,1276.49,1276.51,4800,6128574.9688
2026-09-14 14:39:00,1276.86,1276.89,1276.48,1276.68,8200,10469092.9766
2026-09-14 14:40:00,1276.68,1277.11,1276.61,1277.11,5500,7022978.8438
2026-09-14 14:41:00,1277.11,1277.71,1276.68,1276.96,11000,14050038.1172
2026-09-14 14:42:00,1277.0,1277.69,1276.62,1277.69,8100,10345238.9141
2026-09-14 14:43:00,1277.21,1277.75,1277.2,1277.7,8100,10348695.8438
2026-09-14 14:44:00,1277.7,1277.76,1277.44,1277.72,5400,6899106.8906
2026-09-14 14:45:00,1277.68,1278.0,1277.5,1278.0,8100,10350282.0859
2026-09-14 14:46:00,1278.0,1278.5,1277.99,1278.23,14800,18916944.9531
2026-09-14 14:47:00,1278.22,1278.25,1278.0,1278.17,7100,9074757.8828
2026-09-14 14:48:00,1278.09,1278.48,1278.05,1278.05,10500,13420973.3184
2026-09-14 14:49:00,1278.04,1278.09,1277.88,1277.88,11200,14313737.9922
2026-09-14 14:50:00,1278.07,1278.52,1277.89,1278.04,8300,10609037.9023
2026-09-14 14:51:00,1278.04,1278.52,1278.02,1278.18,8100,10354380.0391
2026-09-14 14:52:00,1278.17,1278.17,1277.5,1278.17,8400,10734544.0781
2026-09-14 14:53:00,1277.89,1278.0,1277.48,1277.75,8596,10983609.2827
2026-09-14 14:54:00,1277.7,1278.0,1277.7,1278.0,10500,13418638.9922
2026-09-14 14:55:00,1278.2,1278.4,1277.88,1277.95,11800,15080497.8281
2026-09-14 14:56:00,1277.9,1277.96,1277.6,1277.8,10100,12905563.1172
2026-09-14 14:57:00,1277.8,1277.96,1277.61,1277.96,9200,11755527.2344
2026-09-14 15:00:00,1277.96,1277.96,1277.96,1277.96,35900,45878763.2734
2026-09-15 09:31:00,1281.0,1282.0,1273.0,1282.0,80400,102799137.5781
2026-09-15 09:32:00,1282.0,1284.5,1280.1,1281.9,61600,79024489.5469
2026-09-15 09:33:00,1281.02,1281.9,1277.8,1278.03,12700,16247110.2109
2026-09-15 09:34:00,1278.28,1279.0,1277.06,1277.66,12000,15334725.2891
2026-09-15 09:35:00,1277.4,1277.97,1275.3,1276.0,12200,15580707.0078
2026-09-15 09:36:00,1275.3,1276.2,1275.3,1275.93,8800,11227556.5859
2026-09-15 09:37:00,1275.88,1276.99,1274.48,1276.98,14337,18285415.4648
2026-09-15 09:38:00,1276.99,1276.99,1275.9,1275.9,15963,20372309.7852
2026-09-15 09:39:00,1276.0,1276.95,1275.73,1276.95,5800,7401802.9844
2026-09-15 09:40:00,1276.2,1277.75,1276.2,1277.29,7700,9833867.8594
2026-09-15 09:41:00,1277.29,1279.0,1277.25,1278.94,11800,15081686.0156
2026-09-15 09:42:00,1278.54,1281.0,1278.54,1280.9,9800,12544780.9453
2026-09-15 09:43:00,1280.42,1280.99,1279.63,1280.84,7400,9474665.0547
2026-09-15 09:44:00,1280.1,1280.87,1279.38,1279.38,11300,14465221.0156
2026-09-15 09:45:00,1279.43,1280.5,1279.43,1280.01,8500,10881802.9219
2026-09-15 09:46:00,1280.09,1280.57,1278.3,1278.88,11500,14714143.9922
2026-09-15 09:47:00,1278.88,1278.88,1277.99,1278.0,7000,8949129.1172
2026-09-15 09:48:00,1277.9,1277.9,1277.4,1277.46,6000,7666233.9922
2026-09-15 09:49:00,1277.47,1278.56,1277.45,1278.0,8300,10604573.9844
2026-09-15 09:50:00,1278.0,1278.01,1277.29,1277.4,9700,12392366.0625
2026-09-15 09:51:00,1277.39,1277.49,1276.03,1276.2,7500,9576477.0078
2026-09-15 09:52:00,1276.21,1276.21,1275.93,1275.93,6500,8294370.9219
2026-09-15 09:53:00,1275.93,1276.9,1275.83,1276.9,6100,7783756.9531
2026-09-15 09:54:00,1276.8,1277.28,1276.52,1276.67,4400,5618041.8828
2026-09-15 09:55:00,1276.79,1276.91,1276.25,1276.25,4000,5106572.9844
2026-09-15 09:56:00,1276.25,1276.28,1276.15,1276.16,3500,4466751.0313
2026-09-15 09:57:00,1276.13,1276.17,1276.03,1276.1,4200,5359780.0156
2026-09-15 09:58:00,1276.03,1276.03,1275.18,1276.0,8000,10205053.1016
2026-09-15 09:59:00,1275.98,1275.98,1275.4,1275.4,4800,6122726.0078
2026-09-15 10:00:00,1275.89,1276.15,1275.37,1275.81,6187,7892858.1836
2026-09-15 10:01:00,1275.93,1276.56,1275.41,1276.17,20700,26410946.2734
2026-09-15 10:02:00,1276.17,1276.95,1275.55,1276.9,9100,11618765.8438
2026-09-15 10:03:00,1276.9,1277.0,1275.64,1275.64,4200,5362132.0469
2026-09-15 10:04:00,1275.86,1276.48,1275.66,1275.75,3100,3955239.9531
2026-09-15 10:05:00,1275.74,1276.49,1275.74,1276.44,4100,5232244.8984
2026-09-15 10:06:00,1276.26,1277.0,1276.24,1277.0,4300,5489023.0313
2026-09-15 10:07:00,1277.04,1277.96,1276.5,1277.63,6100,7792537.0078
2026-09-15 10:08:00,1277.56,1278.55,1277.52,1278.51,9200,11757204.0781
2026-09-15 10:09:00,1278.51,1279.65,1278.31,1278.59,8200,10486734.0078
2026-09-15 10:10:00,1278.5,1279.42,1278.02,1279.14,14800,18927923.125
2026-09-15 10:11:00,1278.06,1279.21,1277.0,1277.99,8000,10223820.0
2026-09-15 10:12:00,1277.61,1278.92,1277.6,1278.34,6200,7924946.0391
2026-09-15 10:13:00,1278.37,1279.0,1277.4,1278.61,16900,21603677.0078
2026-09-15 10:14:00,1277.49,1278.58,1277.0,1278.28,2600,3321910.0
2026-09-15 10:15:00,1277.0,1278.28,1276.66,1277.62,4500,5747980.1016
2026-09-15 10:16:00,1277.65,1278.8,1277.62,1278.53,5500,7030034.0
2026-09-15 10:17:00,1278.6,1279.11,1278.5,1279.0,6200,7928472.9688
2026-09-15 10:18:00,1279.0,1279.5,1278.66,1279.2,3500,4476945.9063
2026-09-15 10:19:00,1279.5,1279.99,1279.02,1279.99,8000,10237251.9688
2026-09-15 10:20:00,1279.72,1280.6,1279.03,1280.0,8500,10880743.0898
2026-09-15 10:21:00,1280.2,1280.5,1279.38,1280.0,12300,15745040.0156
2026-09-15 10:22:00,1280.0,1280.27,1279.39,1279.91,4600,5888068.1875
2026-09-15 10:23:00,1279.38,1280.26,1279.0,1279.37,9800,12541114.0781
2026-09-15 10:24:00,1280.24,1280.26,1279.37,1280.09,4600,5888226.0
2026-09-15 10:25:00,1279.99,1280.1,1279.4,1279.4,3200,4095784.9688
2026-09-15 10:26:00,1279.91,1279.92,1278.68,1278.69,4000,5115993.9063
2026-09-15 10:27:00,1278.69,1278.69,1278.0,1278.57,3200,4091002.9922
2026-09-15 10:28:00,1278.55,1278.68,1278.08,1278.67,2000,2557111.0156
2026-09-15 10:29:00,1278.6,1278.67,1278.0,1278.07,4300,5496496.9453
2026-09-15 10:30:00,1278.01,1278.53,1277.67,1278.0,6000,7668063.0
2026-09-15 10:31:00,1277.91,1278.0,1277.68,1277.95,2800,3578012.9922
2026-09-15 10:32:00,1277.93,1278.66,1277.78,1278.66,10900,13930086.7578
2026-09-15 10:33:00,1278.65,1278.66,1278.2,1278.27,1800,2301081.9922
2026-09-15 10:34:00,1278.42,1278.64,1278.22,1278.64,4400,5625280.0078
2026-09-15 10:35:00,1278.65,1279.0,1278.5,1278.99,8700,11125409.0
2026-09-15 10:36:00,1278.98,1278.98,1277.67,1278.94,7500,9586240.9922
2026-09-15 10:37:00,1278.93,1278.98,1278.15,1278.9,1800,2301778.0234
2026-09-15 10:38:00,1278.94,1278.94,1278.07,1278.8,1300,1662228.9766
2026-09-15 10:39:00,1278.71,1278.85,1278.09,1278.85,5300,6775292.9766
2026-09-15 10:40:00,1278.89,1279.0,1278.7,1279.0,5500,7034306.9609
2026-09-15 10:41:00,1278.99,1279.91,1278.98,1279.88,1600,2047267.0078
2026-09-15 10:42:00,1279.87,1280.0,1278.49,1278.68,11000,14072701.0313
2026-09-15 10:43:00,1278.68,1279.59,1278.14,1279.59,5500,7032669.9609
2026-09-15 10:44:00,1279.29,1279.59,1278.26,1278.46,1700,2174402.0
2026-09-15 10:45:00,1278.88,1278.88,1278.52,1278.6,1500,1917997.0313
2026-09-15 10:46:00,1278.7,1278.7,1277.96,1278.42,7400,9458256.0234
2026-09-15 10:47:00,1278.42,1278.74,1278.0,1278.74,1900,2428874.0391
2026-09-15 10:48:00,1278.61,1279.0,1278.5,1279.0,1300,1662398.9922
2026-09-15 10:49:00,1279.11,1279.11,1278.01,1278.87,8400,10740462.8203
2026-09-15 10:50:00,1278.54,1278.54,1278.11,1278.52,1300,1662042.0
2026-09-15 10:51:00,1278.53,1279.0,1278.18,1278.21,1800,2301795.0
2026-09-15 10:52:00,1278.21,1278.6,1277.71,1278.54,9300,11885353.0234
2026-09-15 10:53:00,1278.53,1278.53,1277.87,1277.87,1200,1533663.0
2026-09-15 10:54:00,1277.88,1278.42,1277.87,1278.39,1700,2173004.0156
2026-09-15 10:55:00,1278.29,1278.3,1278.19,1278.2,1000,1278262.9922
2026-09-15 10:56:00,1278.2,1278.2,1278.0,1278.01,1800,2300472.9844
2026-09-15 10:57:00,1277.99,1278.16,1277.99,1278.03,1300,1661499.0391
2026-09-15 10:58:00,1278.04,1278.51,1278.02,1278.51,2400,3068069.9766
2026-09-15 10:59:00,1278.27,1278.59,1278.19,1278.21,2100,2684470.9688
2026-09-15 11:00:00,1278.21,1278.78,1278.21,1278.41,2900,3707692.9531
2026-09-15 11:01:00,1278.42,1278.5,1278.19,1278.21,2600,3323799.0469
2026-09-15 11:02:00,1278.21,1278.42,1278.07,1278.07,1500,1917255.9688
2026-09-15 11:03:00,1278.01,1278.4,1277.76,1277.76,3400,4345100.0156
2026-09-15 11:04:00,1277.76,1277.77,1277.6,1277.6,2300,2938737.0
2026-09-15 11:05:00,1277.6,1277.72,1277.36,1277.36,1300,1660933.9688
2026-09-15 11:06:00,1277.5,1278.0,1277.41,1277.69,2600,3321749.0
2026-09-15 11:07:00,1277.67,1277.67,1277.46,1277.46,700,894309.0313
2026-09-15 11:08:00,1277.45,1277.65,1277.43,1277.61,1100,1405277.9844
2026-09-15 11:09:00,1277.61,1278.01,1277.61,1278.0,1800,2300119.0156
2026-09-15 11:10:00,1278.0,1278.26,1277.59,1277.71,3000,3833472.0
2026-09-15 11:11:00,1277.81,1277.98,1277.8,1277.97,2300,2939191.9688
2026-09-15 11:12:00,1277.91,1278.01,1277.43,1277.74,5900,7538722.0078
2026-09-15 11:13:00,1277.49,1278.07,1277.45,1277.45,2300,2938620.9844
2026-09-15 11:14:00,1277.45,1278.05,1277.34,1278.0,5000,6387581.1719
2026-09-15 11:15:00,1277.43,1278.07,1277.43,1277.98,2500,3194655.0156
2026-09-15 11:16:00,1277.81,1278.42,1277.81,1278.42,3100,3962263.0469
2026-09-15 11:17:00,1278.42,1278.42,1277.84,1278.25,1900,2428730.0156
2026-09-15 11:18:00,1278.31,1278.32,1278.3,1278.32,300,383493.0078
2026-09-15 11:19:00,1278.32,1279.88,1278.3,1278.98,7800,9974539.1016
2026-09-15 11:20:00,1278.33,1278.97,1278.33,1278.92,800,1022941.9922
2026-09-15 11:21:00,1278.9,1278.91,1278.13,1278.23,3800,4857446.9219
2026-09-15 11:22:00,1278.0,1278.5,1277.33,1277.34,3100,3961152.9531
2026-09-15 11:23:00,1277.34,1278.12,1277.21,1277.21,1700,2171773.9688
2026-09-15 11:24:00,1277.22,1277.63,1277.21,1277.6,800,1021934.0
2026-09-15 11:25:00,1277.22,1278.06,1277.22,1277.77,1400,1788851.0156
2026-09-15 11:26:00,1277.8,1277.86,1277.17,1277.17,2300,2938198.0391
2026-09-15 11:27:00,1277.6,1277.62,1277.2,1277.62,1600,2043877.9375
2026-09-15 11:28:00,1277.62,1277.62,1277.18,1277.18,2400,3065471.8906
2026-09-15 11:29:00,1277.18,1277.87,1277.17,1277.56,3500,4471530.0859
2026-09-15 11:30:00,1277.47,1277.56,1277.21,1277.23,1300,1660523.0078
2026-09-15 13:01:00,1277.21,1277.86,1277.21,1277.24,12800,16353847.0859
2026-09-15 13:02:00,1277.24,1277.49,1277.18,1277.18,2900,3703991.0313
2026-09-15 13:03:00,1277.17,1277.18,1277.14,1277.14,1700,2171170.0703
2026-09-15 13:04:00,1277.13,1277.22,1277.13,1277.22,2400,3065252.9063
2026-09-15 13:05:00,1277.22,1277.5,1277.14,1277.21,2900,3704032.9844
2026-09-15 13:06:00,1277.21,1277.21,1277.18,1277.18,1100,1404917.9609
2026-09-15 13:07:00,1277.18,1277.37,1277.13,1277.37,1700,2171258.0
2026-09-15 13:08:00,1277.37,1277.63,1277.37,1277.52,3100,3960467.9609
2026-09-15 13:09:00,1277.53,1277.67,1277.48,1277.65,1600,2044063.0078
2026-09-15 13:10:00,1277.65,1277.65,1277.1,1277.1,4700,6003288.0313
2026-09-15 13:11:00,1277.1,1277.11,1277.0,1277.01,6400,8172873.9844
2026-09-15 13:12:00,1277.0,1277.1,1277.0,1277.1,2500,3192530.0
2026-09-15 13:13:00,1277.02,1277.1,1277.01,1277.1,2600,3320279.0
2026-09-15 13:14:00,1277.09,1277.11,1277.0,1277.02,4200,5363529.0078
2026-09-15 13:15:00,1277.03,1277.18,1277.01,1277.01,3900,4980436.0078
2026-09-15 13:16:00,1277.01,1277.02,1276.15,1276.2,5100,6511024.0156
2026-09-15 13:17:00,1276.19,1276.19,1276.0,1276.0,5700,7273701.0703
2026-09-15 13:18:00,1276.01,1276.65,1276.0,1276.22,4800,6125781.9688
2026-09-15 13:19:00,1276.22,1276.77,1276.22,1276.76,1000,1276549.0
2026-09-15 13:20:00,1276.5,1277.68,1276.46,1277.68,4900,6257356.1172
2026-09-15 13:21:00,1277.35,1277.64,1276.92,1277.56,1500,1916139.0234
2026-09-15 13:22:00,1276.95,1276.95,1276.82,1276.84,3000,3830634.9453
2026-09-15 13:23:00,1276.85,1277.68,1276.83,1277.5,4233,5406686.3789
2026-09-15 13:24:00,1277.5,1277.69,1276.87,1277.69,5400,6898009.0234
2026-09-15 13:25:00,1277.69,1278.0,1276.9,1277.01,3600,4599353.0547
2026-09-15 13:26:00,1277.02,1277.19,1276.92,1277.0,2600,3320120.0703
2026-09-15 13:27:00,1276.92,1277.18,1276.87,1276.88,3800,4852231.0391
2026-09-15 13:28:00,1277.25,1277.25,1276.87,1276.88,1400,1787672.0
2026-09-15 13:29:00,1276.89,1276.99,1276.87,1276.99,1796,2293371.5156
2026-09-15 13:30:00,1276.98,1276.99,1276.87,1276.99,7400,9448942.9956
2026-09-15 13:31:00,1276.87,1276.87,1276.21,1276.21,4771,6090867.0684
2026-09-15 13:32:00,1276.11,1276.11,1276.0,1276.11,3629,4630705.0
2026-09-15 13:33:00,1276.01,1276.22,1276.01,1276.22,2800,3573067.9922
2026-09-15 13:34:00,1276.12,1276.14,1276.01,1276.13,3200,4083467.0
2026-09-15 13:35:00,1276.13,1276.21,1276.01,1276.21,2600,3317812.0469
2026-09-15 13:36:00,1276.03,1276.46,1276.03,1276.44,2100,2680076.9922
2026-09-15 13:37:00,1276.34,1276.78,1276.23,1276.78,4100,5233466.0156
2026-09-15 13:38:00,1276.35,1276.77,1276.35,1276.77,2100,2680986.0
2026-09-15 13:39:00,1276.77,1276.77,1276.37,1276.4,1600,2042384.9922
2026-09-15 13:40:00,1276.4,1276.7,1276.01,1276.7,4500,5742786.0078
2026-09-15 13:41:00,1276.22,1276.65,1276.0,1276.09,2400,3062923.0
2026-09-15 13:42:00,1276.09,1276.46,1276.0,1276.02,3000,3828514.9688
2026-09-15 13:43:00,1276.34,1276.35,1276.0,1276.02,2800,3573272.0391
2026-09-15 13:44:00,1276.0,1276.01,1275.88,1275.94,6271,8001514.9453
2026-09-15 13:45:00,1275.92,1276.29,1275.92,1276.28,3200,4083566.9922
2026-09-15 13:46:00,1276.02,1276.27,1275.9,1275.9,3000,3827915.0469
2026-09-15 13:47:00,1275.9,1275.9,1275.8,1275.8,2800,3572375.0859
2026-09-15 13:48:00,1275.8,1275.8,1275.5,1275.6,6200,7908846.0234
2026-09-15 13:49:00,1275.63,1275.78,1275.6,1275.66,1500,1913458.0
2026-09-15 13:50:00,1275.77,1275.77,1275.55,1275.55,2700,3444368.9609
2026-09-15 13:51:00,1275.56,1275.77,1275.55,1275.63,1800,2296157.0469
2026-09-15 13:52:00,1275.74,1275.79,1275.63,1275.66,4600,5868320.0313
2026-09-15 13:53:00,1275.65,1275.65,1275.55,1275.55,1700,2168480.0625
2026-09-15 13:54:00,1275.55,1275.65,1275.5,1275.5,1700,2168419.0313
2026-09-15 13:55:00,1275.51,1275.65,1275.5,1275.51,1437,1832961.5625
2026-09-15 13:56:00,1275.63,1275.64,1275.4,1275.46,2600,3316297.9531
2026-09-15 13:57:00,1275.41,1275.46,1275.39,1275.39,3900,4974112.9922
2026-09-15 13:58:00,1275.36,1275.36,1275.08,1275.08,4100,5228445.0
2026-09-15 13:59:00,1275.19,1275.3,1275.0,1275.02,14000,17850294.0156
2026-09-15 14:00:00,1275.02,1275.02,1274.0,1274.0,12300,15677918.0
2026-09-15 14:01:00,1274.44,1274.44,1273.7,1273.7,9300,11847941.9688
2026-09-15 14:02:00,1273.69,1273.94,1273.62,1273.92,5700,7260237.8828
2026-09-15 14:03:00,1273.92,1274.01,1273.91,1273.97,5700,7261680.0313
2026-09-15 14:04:00,1273.96,1273.96,1273.62,1273.62,4500,5731982.0234
2026-09-15 14:05:00,1273.61,1273.62,1273.52,1273.58,3200,4075467.9375
2026-09-15 14:06:00,1273.56,1273.58,1273.52,1273.58,2800,3565947.0313
2026-09-15 14:07:00,1273.58,1273.59,1273.52,1273.52,2500,3183868.9766
2026-09-15 14:08:00,1273.52,1273.59,1273.51,1273.52,3100,3947964.9922
2026-09-15 14:09:00,1273.56,1273.71,1273.52,1273.71,2100,2674506.9766
2026-09-15 14:10:00,1273.72,1274.15,1273.69,1274.0,4600,5860295.9609
2026-09-15 14:11:00,1273.69,1273.94,1273.69,1273.93,2100,2674985.9141
2026-09-15 14:12:00,1273.93,1274.0,1273.53,1273.59,6300,8024723.9844
2026-09-15 14:13:00,1273.69,1274.0,1273.52,1274.0,5400,6877325.9844
2026-09-15 14:14:00,1273.68,1274.22,1273.68,1274.15,2600,3312296.0391
2026-09-15 14:15:00,1273.8,1274.15,1273.71,1273.73,5400,6878368.0156
2026-09-15 14:16:00,1273.73,1274.0,1273.7,1273.75,4000,5095048.0234
2026-09-15 14:17:00,1273.75,1274.04,1273.75,1274.01,4100,5222905.0156
2026-09-15 14:18:00,1274.01,1274.22,1273.77,1274.02,3300,4204256.9844
2026-09-15 14:19:00,1274.03,1274.3,1274.01,1274.01,4700,5988022.0078
2026-09-15 14:20:00,1274.01,1274.01,1273.7,1273.72,9400,11974767.9922
2026-09-15 14:21:00,1273.71,1273.72,1273.56,1273.56,4300,5476786.9375
2026-09-15 14:22:00,1273.57,1273.72,1273.53,1273.72,3900,4967109.9375
2026-09-15 14:23:00,1273.86,1273.94,1273.8,1273.92,2200,2802551.0938
2026-09-15 14:24:00,1273.93,1273.93,1273.91,1273.93,3600,4586136.2734
2026-09-15 14:25:00,1273.92,1273.93,1273.82,1273.82,3200,4076457.0938
2026-09-15 14:26:00,1273.83,1273.93,1273.57,1273.58,6300,8024443.0234
2026-09-15 14:27:00,1273.56,1273.72,1273.55,1273.55,3900,4967059.0234
2026-09-15 14:28:00,1273.54,1273.68,1273.5,1273.5,5100,6495305.0938
2026-09-15 14:29:00,1273.5,1273.51,1273.41,1273.41,6300,8022981.9688
2026-09-15 14:30:00,1273.41,1273.42,1273.2,1273.21,5600,7130404.9844
2026-09-15 14:31:00,1273.21,1273.26,1273.1,1273.17,8300,10567238.8594
2026-09-15 14:32:00,1273.19,1273.19,1273.0,1273.09,15100,19222730.9688
2026-09-15 14:33:00,1273.03,1273.09,1273.02,1273.09,2800,3564542.9531
2026-09-15 14:34:00,1273.09,1273.15,1273.0,1273.0,17400,22150522.0313
2026-09-15 14:35:00,1273.0,1273.01,1271.66,1271.92,29100,37032710.2266
2026-09-15 14:36:00,1271.93,1271.99,1271.7,1271.84,5300,6741005.1094
2026-09-15 14:37:00,1271.9,1271.91,1271.31,1271.35,6500,8265801.0
2026-09-15 14:38:00,1271.48,1271.9,1271.28,1271.7,7700,9791163.9688
2026-09-15 14:39:00,1271.68,1272.09,1271.49,1272.09,5100,6486150.9922
2026-09-15 14:40:00,1272.09,1272.31,1271.87,1272.02,6100,7759774.0234
2026-09-15 14:41:00,1271.9,1272.85,1271.86,1272.85,6000,7633252.0703
2026-09-15 14:42:00,1272.73,1272.98,1272.2,1272.26,5100,6489853.1328
2026-09-15 14:43:00,1272.47,1272.98,1272.26,1272.94,6300,8018338.9219
2026-09-15 14:44:00,1272.91,1273.0,1272.88,1272.99,4320,5499219.1699
2026-09-15 14:45:00,1272.9,1272.98,1272.8,1272.82,5300,6746164.0781
2026-09-15 14:46:00,1272.81,1273.63,1272.81,1273.56,15700,19990379.0234
2026-09-15 14:47:00,1273.63,1273.69,1272.82,1272.82,5900,7513084.0156
2026-09-15 14:48:00,1272.8,1272.81,1272.27,1272.4,5300,6744516.0859
2026-09-15 14:49:00,1272.4,1272.41,1272.27,1272.4,5000,6361786.0078
2026-09-15 14:50:00,1272.41,1272.99,1272.41,1272.97,4300,5473062.0234
2026-09-15 14:51:00,1272.99,1272.99,1272.75,1272.77,7000,8909661.0313
2026-09-15 14:52:00,1272.79,1273.0,1272.78,1273.0,5000,6364297.0859
2026-09-15 14:53:00,1272.99,1273.6,1272.93,1273.41,11000,14004802.9766
2026-09-15 14:54:00,1273.57,1273.7,1273.37,1273.38,5038,6415875.9414
2026-09-15 14:55:00,1273.39,1274.0,1273.39,1273.44,9400,11973037.9063
2026-09-15 14:56:00,1273.45,1273.76,1273.38,1273.42,7300,9296015.0313
2026-09-15 14:57:00,1273.42,1273.83,1273.38,1273.7,6100,7769021.9688
2026-09-15 15:00:00,1272.75,1272.75,1272.75,1272.75,20490,26078647.5
2026-09-16 09:31:00,1273.93,1274.98,1266.7,1272.01,92000,116994702.5938
2026-09-16 09:32:00,1272.05,1273.61,1270.0,1270.03,27700,35250658.4063
2026-09-16 09:33:00,1270.1,1271.65,1268.0,1268.83,22000,27931073.0156
2026-09-16 09:34:00,1268.01,1268.83,1265.01,1266.6,34700,43966073.1318
2026-09-16 09:35:00,1266.6,1267.6,1265.21,1267.05,45100,57134840.8047
2026-09-16 09:36:00,1267.13,1270.35,1267.05,1269.0,58500,74210864.0
2026-09-16 09:37:00,1269.41,1270.21,1268.08,1268.96,12800,16248481.9141
2026-09-16 09:38:00,1268.96,1269.79,1268.0,1268.77,12300,15602654.0078
2026-09-16 09:39:00,1268.73,1268.73,1266.97,1268.71,14100,17872705.9063
2026-09-16 09:40:00,1268.63,1268.63,1267.14,1268.0,4700,5958593.0
2026-09-16 09:41:00,1268.1,1269.96,1267.84,1268.28,8300,10528253.1641
2026-09-16 09:42:00,1268.04,1268.81,1267.78,1268.75,7300,9257043.1484
2026-09-16 09:43:00,1268.75,1268.76,1267.22,1267.26,12800,16232893.0625
2026-09-16 09:44:00,1267.91,1267.94,1267.3,1267.5,4300,5450675.0703
2026-09-16 09:45:00,1267.31,1267.5,1267.12,1267.12,6800,8617314.9688
2026-09-16 09:46:00,1267.24,1267.25,1266.03,1266.12,15600,19757980.1953
2026-09-16 09:47:00,1266.12,1266.12,1265.44,1265.48,24600,31139535.9375
2026-09-16 09:48:00,1265.38,1265.58,1264.0,1264.0,55500,70211015.1406
2026-09-16 09:49:00,1264.15,1265.0,1263.6,1264.99,13200,16688560.0781
2026-09-16 09:50:00,1264.99,1266.03,1264.6,1264.95,11500,14549264.9688
2026-09-16 09:51:00,1264.5,1264.91,1263.56,1263.6,16900,21359619.0547
2026-09-16 09:52:00,1263.63,1263.63,1263.21,1263.51,13700,17309451.0313
2026-09-16 09:53:00,1263.36,1263.78,1263.34,1263.5,9300,11750737.9844
2026-09-16 09:54:00,1263.79,1263.89,1263.36,1263.89,9700,12256672.0156
2026-09-16 09:55:00,1263.89,1263.96,1263.32,1263.47,11600,14656697.9375
2026-09-16 09:56:00,1263.47,1264.88,1263.3,1264.11,10900,13772838.8906
2026-09-16 09:57:00,1264.1,1265.94,1264.0,1264.39,11682,14772550.1953
2026-09-16 09:58:00,1264.33,1265.31,1264.33,1265.2,6900,8728409.0254
2026-09-16 09:59:00,1265.23,1265.23,1263.49,1263.49,13300,16812918.0313
2026-09-16 10:00:00,1263.48,1263.48,1263.0,1263.07,32500,41049159.0234
2026-09-16 10:01:00,1263.02,1263.47,1263.0,1263.47,9900,12505139.9688
2026-09-16 10:02:00,1263.47,1264.72,1263.46,1264.54,6300,7962702.0625
2026-09-16 10:03:00,1264.8,1265.0,1263.9,1264.15,13000,16436715.0859
2026-09-16 10:04:00,1264.16,1265.0,1264.12,1264.99,10700,13532536.8672
2026-09-16 10:05:00,1265.0,1265.1,1263.5,1264.13,16000,20233855.9688
2026-09-16 10:06:00,1264.13,1264.99,1264.12,1264.12,8300,10495858.9609
2026-09-16 10:07:00,1264.12,1264.35,1264.06,1264.09,5500,6952671.0
2026-09-16 10:08:00,1264.07,1264.1,1262.22,1262.22,30800,38903265.0078
2026-09-16 10:09:00,1262.19,1263.47,1262.19,1263.37,15000,18943560.0703
2026-09-16 10:10:00,1263.18,1264.0,1263.08,1263.98,9400,11877711.1094
2026-09-16 10:11:00,1263.49,1265.0,1263.22,1264.98,10800,13652232.7813
2026-09-16 10:12:00,1263.99,1263.99,1263.39,1263.48,11700,14786177.7422
2026-09-16 10:13:00,1263.47,1263.48,1263.09,1263.19,7000,8842927.9141
2026-09-16 10:14:00,1263.19,1263.21,1263.09,1263.1,5100,6442035.8594
2026-09-16 10:15:00,1263.11,1263.16,1263.0,1263.16,5500,6946981.9688
2026-09-16 10:16:00,1263.12,1263.87,1263.12,1263.3,8100,10232837.0703
2026-09-16 10:17:00,1263.32,1263.79,1263.3,1263.58,3600,4548582.0078
2026-09-16 10:18:00,1263.78,1263.91,1263.09,1263.11,11000,13896656.9297
2026-09-16 10:19:00,1263.1,1263.22,1263.08,1263.11,4700,5936808.9609
2026-09-16 10:20:00,1263.2,1263.2,1262.51,1262.52,12400,15660546.0313
2026-09-16 10:21:00,1262.51,1262.52,1262.22,1262.23,7500,9467518.0703
2026-09-16 10:22:00,1262.22,1262.26,1261.0,1261.0,31200,39371818.875
2026-09-16 10:23:00,1261.0,1261.03,1260.75,1261.0,22700,28624198.8906
2026-09-16 10:24:00,1260.98,1261.06,1260.98,1260.99,7700,9709772.0547
2026-09-16 10:25:00,1261.01,1261.95,1261.0,1261.26,11100,13999356.1094
2026-09-16 10:26:00,1261.23,1261.34,1260.98,1260.98,12100,15259075.9453
2026-09-16 10:27:00,1261.01,1261.33,1260.97,1260.97,7400,9332021.9141
2026-09-16 10:28:00,1261.2,1261.2,1260.91,1260.99,14000,17653578.8203
2026-09-16 10:29:00,1260.99,1260.99,1260.87,1260.96,7400,9330796.9922
2026-09-16 10:30:00,1260.98,1260.98,1260.6,1260.88,12100,15255511.0078
2026-09-16 10:31:00,1260.62,1260.88,1260.62,1260.65,5800,7312667.0156
2026-09-16 10:32:00,1260.62,1260.65,1260.35,1260.39,14900,18781763.9297
2026-09-16 10:33:00,1260.37,1261.05,1260.32,1260.44,12100,15252844.9609
2026-09-16 10:34:00,1260.44,1260.9,1260.01,1260.02,24600,30999541.1953
2026-09-16 10:35:00,1260.01,1260.18,1259.44,1259.44,79500,100169099.1328
2026-09-16 10:36:00,1259.8,1260.98,1259.44,1259.5,23200,29231304.25
2026-09-16 10:37:00,1259.81,1259.82,1258.22,1258.86,20100,25310737.0391
2026-09-16 10:38:00,1258.58,1259.0,1258.11,1258.11,14900,18753044.8516
2026-09-16 10:39:00,1258.11,1258.44,1256.3,1256.3,40000,50310303.9531
2026-09-16 10:40:00,1256.54,1257.0,1254.1,1254.52,92100,115645434.75
2026-09-16 10:41:00,1254.52,1255.46,1254.1,1255.09,38300,48062591.0078
2026-09-16 10:42:00,1255.11,1255.46,1255.02,1255.31,24500,30755251.0703
2026-09-16 10:43:00,1255.46,1255.86,1255.3,1255.47,20000,25109782.9219
2026-09-16 10:44:00,1255.47,1255.5,1255.02,1255.3,26600,33392706.9063
2026-09-16 10:45:00,1255.3,1256.01,1255.05,1255.82,27700,34777441.9375
2026-09-16 10:46:00,1255.5,1256.91,1255.35,1256.75,18600,23360546.1016
2026-09-16 10:47:00,1256.2,1256.76,1255.88,1256.0,14400,18088994.5176
2026-09-16 10:48:00,1256.01,1256.6,1256.0,1256.56,6620,8317566.1582
2026-09-16 10:49:00,1256.6,1257.98,1256.56,1257.62,9620,12092768.1133
2026-09-16 10:50:00,1257.79,1257.98,1256.6,1256.88,6900,8675476.3203
2026-09-16 10:51:00,1256.89,1257.25,1256.7,1256.86,8000,10055109.0156
2026-09-16 10:52:00,1256.8,1257.85,1256.7,1257.85,9700,12193780.9043
2026-09-16 10:53:00,1257.54,1257.54,1256.6,1256.6,9400,11814845.0781
2026-09-16 10:54:00,1256.7,1257.24,1256.66,1257.21,5300,6661820.8984
2026-09-16 10:55:00,1257.2,1257.21,1256.74,1256.74,4900,6159294.9297
2026-09-16 10:56:00,1256.74,1256.78,1256.5,1256.53,10800,13572052.9375
2026-09-16 10:57:00,1256.5,1256.5,1256.01,1256.18,6200,7788707.6875
2026-09-16 10:58:00,1256.19,1256.2,1256.08,1256.18,8000,10049093.0703
2026-09-16 10:59:00,1256.2,1256.55,1256.2,1256.55,9000,11307321.8047
2026-09-16 11:00:00,1256.57,1256.77,1256.2,1256.54,7900,9926603.8359
2026-09-16 11:01:00,1256.56,1257.74,1256.54,1257.1,10800,13578698.8125
2026-09-16 11:02:00,1257.28,1257.28,1256.56,1256.56,6600,8295799.9531
2026-09-16 11:03:00,1256.84,1256.84,1256.56,1256.75,8500,10681860.7031
2026-09-16 11:04:00,1256.71,1256.9,1256.7,1256.7,7500,9425669.8516
2026-09-16 11:05:00,1256.71,1256.74,1256.65,1256.71,6100,7665896.8828
2026-09-16 11:06:00,1256.74,1256.74,1256.6,1256.6,12500,15708538.9141
2026-09-16 11:07:00,1256.64,1256.69,1256.59,1256.67,10694,13438484.3936
2026-09-16 11:08:00,1256.68,1256.69,1256.58,1256.58,8206,10312010.8213
2026-09-16 11:09:00,1256.56,1256.62,1256.55,1256.6,5800,7288292.0557
2026-09-16 11:10:00,1256.59,1256.6,1256.53,1256.6,9700,12188816.9375
2026-09-16 11:11:00,1256.54,1256.62,1256.51,1256.62,5800,7288087.0078
2026-09-16 11:12:00,1256.62,1256.68,1256.51,1256.51,4900,6157443.1279
2026-09-16 11:13:00,1256.51,1256.51,1256.33,1256.41,11400,14323785.9922
2026-09-16 11:14:00,1256.4,1256.41,1256.22,1256.25,5000,6281746.0547
2026-09-16 11:15:00,1256.25,1256.25,1256.19,1256.21,4700,5904198.8281
2026-09-16 11:16:00,1256.21,1256.68,1256.2,1256.68,6200,7789467.9141
2026-09-16 11:17:00,1256.58,1256.58,1256.25,1256.3,5600,7036118.1016
2026-09-16 11:18:00,1256.31,1256.57,1256.3,1256.3,8600,10804440.4844
2026-09-16 11:19:00,1256.28,1256.9,1256.21,1256.89,4800,6030850.0078
2026-09-16 11:20:00,1256.64,1256.9,1256.2,1256.2,6100,7664872.9531
2026-09-16 11:21:00,1256.2,1256.5,1256.1,1256.5,10200,12813056.1172
2026-09-16 11:22:00,1256.22,1257.91,1256.17,1257.22,9550,12004108.4258
2026-09-16 11:23:00,1257.11,1257.25,1257.0,1257.25,4400,5531412.0781
2026-09-16 11:24:00,1257.25,1257.57,1257.2,1257.37,4500,5658216.0156
2026-09-16 11:25:00,1257.44,1257.44,1256.52,1256.97,12600,15839718.8125
2026-09-16 11:26:00,1256.9,1256.96,1256.55,1256.89,4400,5530265.0625
2026-09-16 11:27:00,1256.9,1257.99,1256.61,1257.99,8000,10057594.0313
2026-09-16 11:28:00,1257.97,1258.0,1256.96,1257.46,5790,7282230.3164
2026-09-16 11:29:00,1256.89,1257.51,1256.5,1256.99,10800,13574483.9375
2026-09-16 11:30:00,1257.0,1257.05,1256.3,1257.05,7200,9048102.0938
2026-09-16 13:01:00,1257.02,1259.99,1256.88,1258.0,23500,29570931.1328
2026-09-16 13:02:00,1257.9,1258.39,1257.32,1257.62,18990,23884899.4648
2026-09-16 13:03:00,1257.81,1258.4,1257.61,1258.4,5700,7171040.0313
2026-09-16 13:04:00,1258.4,1258.78,1257.4,1257.4,9400,11825314.0547
2026-09-16 13:05:00,1257.4,1258.03,1257.32,1257.48,7800,9808460.9141
2026-09-16 13:06:00,1257.72,1257.95,1257.48,1257.83,3500,4402013.1172
2026-09-16 13:07:00,1257.83,1257.86,1257.48,1257.56,3300,4150064.0547
2026-09-16 13:08:00,1257.55,1257.71,1257.5,1257.5,4800,6036396.0547
2026-09-16 13:09:00,1257.55,1257.55,1256.9,1257.42,30000,37716151.1943
2026-09-16 13:10:00,1257.41,1258.19,1257.41,1258.19,5600,7042959.9766
2026-09-16 13:11:00,1258.19,1258.85,1258.19,1258.68,6300,7929896.6572
2026-09-16 13:12:00,1258.49,1258.53,1257.86,1258.21,8500,10695358.8984
2026-09-16 13:13:00,1258.2,1259.43,1258.06,1259.42,7210,9075392.0918
2026-09-16 13:14:00,1259.42,1259.46,1258.82,1258.87,4500,5666176.9531
2026-09-16 13:15:00,1258.87,1258.94,1258.86,1258.94,3100,3902545.9844
2026-09-16 13:16:00,1258.93,1258.94,1258.53,1258.88,6490,8169779.2344
2026-09-16 13:17:00,1258.62,1258.8,1258.53,1258.58,3910,4921191.3125
2026-09-16 13:18:00,1258.58,1258.66,1258.51,1258.51,5100,6418667.9902
2026-09-16 13:19:00,1258.51,1258.91,1258.0,1258.91,5390,6783014.4551
2026-09-16 13:20:00,1258.92,1259.08,1258.92,1259.08,3000,3777037.9844
2026-09-16 13:21:00,1259.08,1259.08,1258.96,1258.96,3200,4028885.0234
2026-09-16 13:22:00,1259.08,1260.3,1259.0,1260.19,7200,9069364.0391
2026-09-16 13:23:00,1260.25,1261.38,1260.0,1261.38,6500,8193662.9688
2026-09-16 13:24:00,1261.4,1261.47,1260.0,1260.0,6800,8573167.1016
2026-09-16 13:25:00,1260.0,1260.01,1258.9,1259.74,7900,9951303.0625
2026-09-16 13:26:00,1259.0,1259.72,1258.9,1258.92,2900,3651738.0547
2026-09-16 13:27:00,1259.0,1259.59,1258.89,1258.91,5200,6547829.0469
2026-09-16 13:28:00,1258.9,1259.5,1258.3,1258.92,8400,10574131.2266
2026-09-16 13:29:00,1258.91,1259.47,1258.45,1258.45,6900,8686804.9375
2026-09-16 13:30:00,1258.82,1258.82,1258.1,1258.28,3900,4907474.0703
2026-09-16 13:31:00,1258.1,1258.26,1258.0,1258.1,5300,6667960.0234
2026-09-16 13:32:00,1258.1,1258.83,1258.1,1258.81,3500,4404721.1016
2026-09-16 13:33:00,1258.8,1258.83,1258.8,1258.8,2900,3650545.1641
2026-09-16 13:34:00,1258.8,1258.89,1258.77,1258.85,2700,3398868.0313
2026-09-16 13:35:00,1258.85,1258.85,1258.7,1258.75,4900,6167988.9219
2026-09-16 13:36:00,1258.76,1259.79,1258.75,1259.79,8200,10324055.9141
2026-09-16 13:37:00,1259.73,1260.18,1259.73,1260.18,5700,7181246.9922
2026-09-16 13:38:00,1260.18,1261.32,1260.18,1261.31,6100,7692275.0547
2026-09-16 13:39:00,1261.31,1261.31,1260.8,1260.86,5000,6304534.9766
2026-09-16 13:40:00,1260.85,1260.86,1260.0,1260.0,5900,7437952.9219
2026-09-16 13:41:00,1259.82,1259.87,1258.85,1258.85,6500,8184647.9219
2026-09-16 13:42:00,1258.85,1259.37,1258.85,1259.37,3600,4532689.0
2026-09-16 13:43:00,1259.38,1259.4,1259.32,1259.4,1900,2392807.9844
2026-09-16 13:44:00,1259.43,1260.76,1259.2,1260.76,5800,7307229.0469
2026-09-16 13:45:00,1260.77,1261.55,1260.4,1261.38,9000,11349961.0391
2026-09-16 13:46:00,1261.26,1262.17,1261.25,1261.32,10600,13373694.0
2026-09-16 13:47:00,1261.68,1262.25,1261.32,1261.78,10000,12617389.0859
2026-09-16 13:48:00,1261.81,1261.82,1260.4,1260.4,6500,8199523.0938
2026-09-16 13:49:00,1260.4,1260.4,1259.74,1260.38,7500,9449980.1016
2026-09-16 13:50:00,1260.38,1260.68,1260.0,1260.0,3700,4663301.1172
2026-09-16 13:51:00,1260.64,1260.64,1259.97,1259.97,3600,4536634.0156
2026-09-16 13:52:00,1260.53,1260.59,1259.8,1259.8,4500,5671074.9922
2026-09-16 13:53:00,1259.81,1260.26,1259.78,1259.78,4900,6173703.0703
2026-09-16 13:54:00,1259.81,1260.24,1259.81,1259.93,4800,6047901.9844
2026-09-16 13:55:00,1260.0,1260.12,1259.93,1260.0,2000,2520003.0234
2026-09-16 13:56:00,1260.0,1260.0,1259.16,1259.59,9000,11337234.0469
2026-09-16 13:57:00,1259.6,1259.74,1259.03,1259.74,4800,6045184.0078
2026-09-16 13:58:00,1259.49,1260.15,1259.39,1259.41,5600,7055390.9844
2026-09-16 13:59:00,1259.41,1260.07,1259.39,1259.39,4900,6172643.9766
2026-09-16 14:00:00,1259.65,1260.06,1259.65,1260.0,3500,4409958.0625
2026-09-16 14:01:00,1260.05,1260.54,1260.05,1260.22,6000,7561459.0
2026-09-16 14:02:00,1260.3,1260.3,1260.0,1260.06,6300,7939229.0469
2026-09-16 14:03:00,1260.06,1260.23,1259.4,1259.4,6100,7685154.1328
2026-09-16 14:04:00,1259.41,1259.95,1259.09,1259.85,5400,6801637.0156
2026-09-16 14:05:00,1259.91,1259.94,1259.09,1259.52,5200,6549748.9063
2026-09-16 14:06:00,1259.5,1259.79,1259.19,1259.57,4700,5919740.0625
2026-09-16 14:07:00,1259.56,1259.63,1259.01,1259.21,6300,7933092.0391
2026-09-16 14:08:00,1259.19,1259.68,1259.16,1259.52,3800,4785410.9375
2026-09-16 14:09:00,1259.53,1259.59,1259.2,1259.59,2800,3526163.9531
2026-09-16 14:10:00,1259.57,1259.57,1259.05,1259.06,4300,5414722.9531
2026-09-16 14:11:00,1259.2,1259.57,1259.05,1259.08,5900,7429690.9844
2026-09-16 14:12:00,1259.09,1259.48,1259.05,1259.07,2900,3651748.9375
2026-09-16 14:13:00,1259.41,1259.43,1259.1,1259.39,3800,4785113.0547
2026-09-16 14:14:00,1259.4,1259.5,1259.1,1259.5,4300,5415396.9688
2026-09-16 14:15:00,1259.5,1259.63,1259.48,1259.63,2100,2645008.9766
2026-09-16 14:16:00,1259.51,1259.68,1259.4,1259.4,4000,5037876.9844
2026-09-16 14:17:00,1259.4,1259.4,1259.24,1259.24,3300,4155815.0547
2026-09-16 14:18:00,1259.25,1259.36,1259.22,1259.22,4200,5288997.0703
2026-09-16 14:19:00,1259.35,1259.36,1259.2,1259.3,2200,2770448.0
2026-09-16 14:20:00,1259.3,1259.35,1259.2,1259.32,4200,5288947.9219
2026-09-16 14:21:00,1259.2,1259.2,1259.08,1259.13,3200,4029237.9531
2026-09-16 14:22:00,1259.13,1259.19,1259.06,1259.06,5000,6295603.0313
2026-09-16 14:23:00,1259.07,1259.08,1259.0,1259.0,13300,16744889.0313
2026-09-16 14:24:00,1259.0,1259.06,1258.95,1259.04,10100,12715968.0234
2026-09-16 14:25:00,1259.04,1259.12,1259.0,1259.0,3400,4280692.0547
2026-09-16 14:26:00,1259.0,1259.01,1258.9,1259.0,3100,3902793.0
2026-09-16 14:27:00,1259.0,1259.04,1258.9,1258.9,5400,6798560.0
2026-09-16 14:28:00,1258.9,1258.91,1258.83,1258.84,4600,5790895.9922
2026-09-16 14:29:00,1258.86,1258.86,1258.7,1258.77,3700,4657632.0
2026-09-16 14:30:00,1258.7,1258.78,1258.7,1258.71,2400,3020980.9297
2026-09-16 14:31:00,1258.77,1259.3,1258.7,1259.21,6700,8434433.9375
2026-09-16 14:32:00,1259.21,1259.21,1258.9,1258.99,3500,4406652.9688
2026-09-16 14:33:00,1258.99,1259.0,1258.83,1258.99,7300,9190084.9375
2026-09-16 14:34:00,1258.99,1258.99,1258.69,1258.7,4900,6168366.8828
2026-09-16 14:35:00,1258.68,1258.78,1258.68,1258.69,4600,5790051.8203
2026-09-16 14:36:00,1258.74,1258.74,1258.5,1258.5,5800,7300161.8672
2026-09-16 14:37:00,1258.58,1259.0,1258.43,1258.68,12300,15480899.9141
2026-09-16 14:38:00,1258.72,1259.33,1258.69,1259.33,7100,8940235.9297
2026-09-16 14:39:00,1259.49,1259.55,1259.48,1259.48,7300,9194391.0391
2026-09-16 14:40:00,1259.36,1259.49,1259.0,1259.06,5100,6422103.9844
2026-09-16 14:41:00,1259.05,1259.43,1259.05,1259.31,3200,4029618.0391
2026-09-16 14:42:00,1259.21,1259.48,1259.07,1259.45,5449,6862062.7773
2026-09-16 14:43:00,1259.46,1259.69,1259.36,1259.54,5000,6297426.9453
2026-09-16 14:44:00,1259.54,1259.72,1259.5,1259.59,3300,4156487.0391
2026-09-16 14:45:00,1259.59,1259.71,1259.59,1259.71,4789,6032402.4922
2026-09-16 14:46:00,1259.71,1259.83,1259.64,1259.82,7500,9447876.1016
2026-09-16 14:47:00,1259.82,1259.83,1259.73,1259.81,6000,7558776.0625
2026-09-16 14:48:00,1259.79,1259.88,1259.78,1259.88,5800,7307062.9844
2026-09-16 14:49:00,1259.85,1259.85,1259.73,1259.73,9000,11337900.0469
2026-09-16 14:50:00,1259.74,1259.79,1259.6,1259.65,11600,14612754.9531
2026-09-16 14:51:00,1259.6,1259.91,1259.21,1259.4,10351,13038840.4141
2026-09-16 14:52:00,1259.2,1259.2,1258.5,1258.58,20300,25556683.9219
2026-09-16 14:53:00,1258.5,1258.5,1258.08,1258.16,23300,29316696.2314
2026-09-16 14:54:00,1258.1,1259.77,1258.1,1258.96,14500,18248812.0977
2026-09-16 14:55:00,1258.93,1258.96,1258.25,1258.33,12500,15732345.1328
2026-09-16 14:56:00,1258.42,1258.68,1258.32,1258.32,12700,15982686.8516
2026-09-16 14:57:00,1258.33,1258.54,1258.31,1258.41,12600,15856034.0547
2026-09-16 15:00:00,1258.0,1258.0,1258.0,1258.0,70783,89045014.0
2026-09-17 09:31:00,1257.98,1262.0,1254.0,1262.0,58086,73087115.2815
2026-09-17 09:32:00,1262.0,1265.98,1260.0,1261.01,47300,59763923.5938
2026-09-17 09:33:00,1260.0,1261.84,1260.0,1261.49,13400,16898387.1758
2026-09-17 09:34:00,1261.56,1264.26,1261.51,1264.01,22798,28777886.7275
2026-09-17 09:35:00,1264.0,1265.5,1262.43,1265.0,31500,39832230.9414
2026-09-17 09:36:00,1265.01,1265.98,1263.8,1264.07,24583,31098519.9414
2026-09-17 09:37:00,1264.01,1264.99,1263.88,1264.62,16400,20740165.0
2026-09-17 09:38:00,1264.9,1264.9,1262.4,1263.01,19300,24385103.1797
2026-09-17 09:39:00,1263.01,1263.41,1260.44,1260.79,10900,13752385.7969
2026-09-17 09:40:00,1260.43,1262.98,1260.41,1261.85,9900,12483488.8281
2026-09-17 09:41:00,1261.83,1261.86,1260.55,1260.89,9000,11349665.9688
2026-09-17 09:42:00,1260.79,1261.53,1260.45,1261.01,18200,22945560.3516
2026-09-17 09:43:00,1261.01,1261.5,1260.52,1260.53,11100,13994672.7813
2026-09-17 09:44:00,1260.5,1261.4,1260.0,1261.0,12800,16135284.0469
2026-09-17 09:45:00,1261.07,1261.2,1260.48,1260.98,8000,10087796.9141
2026-09-17 09:46:00,1260.49,1262.98,1260.47,1261.64,19900,25105587.0234
2026-09-17 09:47:00,1261.97,1263.74,1261.64,1263.16,10400,13132527.9922
2026-09-17 09:48:00,1263.49,1263.68,1262.06,1263.42,10470,13225167.4844
2026-09-17 09:49:00,1263.32,1263.67,1263.25,1263.26,6400,8086097.0469
2026-09-17 09:50:00,1263.25,1263.52,1263.21,1263.21,10200,12885901.0469
2026-09-17 09:51:00,1262.63,1262.95,1261.65,1262.29,8700,10980724.9844
2026-09-17 09:52:00,1262.29,1262.64,1262.1,1262.14,4700,5932118.9531
2026-09-17 09:53:00,1262.21,1262.21,1261.39,1261.81,7700,9715860.0
2026-09-17 09:54:00,1261.85,1262.69,1261.85,1262.0,7400,9339914.9219
2026-09-17 09:55:00,1262.26,1262.52,1261.75,1262.03,8200,10348299.1328
2026-09-17 09:56:00,1262.05,1262.73,1262.05,1262.73,7000,8837267.9531
2026-09-17 09:57:00,1262.69,1262.75,1262.09,1262.39,6400,8078598.8672
2026-09-17 09:58:00,1262.39,1263.0,1262.09,1262.72,5900,7449209.9375
2026-09-17 09:59:00,1262.71,1263.0,1262.26,1262.31,8800,11110840.9844
2026-09-17 10:00:00,1262.26,1262.5,1262.0,1262.01,6800,8583019.0
2026-09-17 10:01:00,1262.01,1262.01,1260.23,1260.24,11600,14628271.0234
2026-09-17 10:02:00,1260.76,1261.0,1260.43,1260.77,8500,10715961.1328
2026-09-17 10:03:00,1260.55,1261.0,1260.0,1260.0,8400,10587383.0859
2026-09-17 10:04:00,1260.0,1260.09,1259.02,1259.19,12500,15746239.0781
2026-09-17 10:05:00,1259.19,1259.3,1258.61,1258.97,8800,11079683.1406
2026-09-17 10:06:00,1258.6,1260.0,1258.18,1259.25,10500,13223767.8906
2026-09-17 10:07:00,1260.0,1260.46,1259.5,1260.02,5519,6953951.3203
2026-09-17 10:08:00,1260.03,1260.13,1259.44,1259.49,6300,7936514.4004
2026-09-17 10:09:00,1259.23,1259.46,1259.16,1259.21,5522,6953560.7988
2026-09-17 10:10:00,1259.19,1259.43,1257.45,1257.45,19978,25141318.1934
2026-09-17 10:11:00,1257.16,1258.48,1257.01,1258.0,13900,17478921.0
2026-09-17 10:12:00,1257.55,1258.43,1257.51,1258.0,8100,10189486.0938
2026-09-17 10:13:00,1258.0,1258.4,1257.6,1257.6,9400,11825470.0391
2026-09-17 10:14:00,1257.9,1258.32,1257.51,1258.28,7500,9433397.1875
2026-09-17 10:15:00,1258.28,1258.39,1257.98,1258.34,6100,7675231.9844
2026-09-17 10:16:00,1258.34,1258.94,1258.05,1258.94,8100,10193649.0469
2026-09-17 10:17:00,1258.94,1259.96,1258.83,1259.8,7300,9191342.9922
2026-09-17 10:18:00,1259.9,1260.9,1259.19,1260.9,11000,13860215.3281
2026-09-17 10:19:00,1260.5,1260.9,1260.39,1260.5,6801,8572313.3492
2026-09-17 10:20:00,1260.8,1261.0,1260.54,1261.0,5800,7313312.0234
2026-09-17 10:21:00,1261.0,1261.99,1261.0,1261.81,8590,10837829.9766
2026-09-17 10:22:00,1261.97,1261.97,1261.12,1261.13,8100,10218705.9609
2026-09-17 10:23:00,1261.11,1261.69,1261.11,1261.18,4100,5171929.1641
2026-09-17 10:24:00,1261.65,1261.65,1260.93,1260.93,9700,12233230.2539
2026-09-17 10:25:00,1261.09,1264.0,1260.93,1263.59,33780,42640705.9414
2026-09-17 10:26:00,1263.59,1263.6,1262.0,1262.96,8200,10357163.9297
2026-09-17 10:27:00,1262.44,1262.44,1262.0,1262.07,3900,4922400.8984
2026-09-17 10:28:00,1262.07,1262.43,1262.0,1262.2,5522,6969856.6406
2026-09-17 10:29:00,1262.24,1263.8,1262.18,1263.45,16600,20965188.3906
2026-09-17 10:30:00,1263.3,1263.49,1261.99,1262.08,5800,7324379.0625
2026-09-17 10:31:00,1262.93,1262.94,1261.47,1261.89,8200,10349503.0469
2026-09-17 10:32:00,1261.77,1262.68,1261.77,1262.47,6800,8583835.0156
2026-09-17 10:33:00,1262.65,1262.85,1262.21,1262.83,3400,4292554.9688
2026-09-17 10:34:00,1262.84,1262.95,1262.46,1262.55,4100,5176842.0078
2026-09-17 10:35:00,1262.56,1262.83,1262.47,1262.79,3900,4924580.0703
2026-09-17 10:36:00,1262.78,1262.99,1262.58,1262.98,3700,4672456.9922
2026-09-17 10:37:00,1262.94,1263.48,1262.6,1263.36,8400,10609964.0469
2026-09-17 10:38:00,1263.37,1264.44,1263.37,1264.0,9700,12259382.0781
2026-09-17 10:39:00,1264.01,1264.31,1263.78,1263.78,10500,13271777.1875
2026-09-17 10:40:00,1263.46,1264.3,1263.41,1263.41,6000,7581761.0469
2026-09-17 10:41:00,1263.4,1264.2,1263.23,1264.2,10100,12762331.9766
2026-09-17 10:42:00,1264.18,1264.38,1263.98,1264.38,4300,5435661.0703
2026-09-17 10:43:00,1264.37,1265.5,1264.37,1265.35,17100,21631107.9141
2026-09-17 10:44:00,1265.49,1265.53,1265.07,1265.08,9100,11514986.8281
2026-09-17 10:45:00,1265.12,1265.3,1265.08,1265.1,5800,7337791.9297
2026-09-17 10:46:00,1265.08,1265.09,1263.91,1263.91,5500,6955736.8594
2026-09-17 10:47:00,1263.93,1263.95,1263.0,1263.3,5200,6570573.1172
2026-09-17 10:48:00,1263.73,1264.42,1263.27,1264.42,8900,11248960.9844
2026-09-17 10:49:00,1264.4,1265.0,1263.82,1264.4,4800,6069402.9922
2026-09-17 10:50:00,1264.4,1264.42,1263.31,1263.31,8300,10490783.9922
2026-09-17 10:51:00,1263.33,1263.48,1263.11,1263.3,3900,4926984.0313
2026-09-17 10:52:00,1263.29,1263.38,1263.16,1263.23,3000,3789798.0391
2026-09-17 10:53:00,1263.21,1263.23,1262.81,1263.01,4200,5304826.0
2026-09-17 10:54:00,1263.16,1264.0,1263.02,1264.0,3600,4548605.0234
2026-09-17 10:55:00,1263.7,1264.1,1263.7,1263.97,3700,4676294.9531
2026-09-17 10:56:00,1263.8,1264.99,1263.79,1264.5,5400,6827632.0156
2026-09-17 10:57:00,1264.5,1264.87,1264.38,1264.56,4200,5311481.0625
2026-09-17 10:58:00,1264.5,1264.54,1264.17,1264.2,7300,9230209.9922
2026-09-17 10:59:00,1264.2,1264.49,1264.01,1264.48,3650,4614505.5
2026-09-17 11:00:00,1264.41,1264.65,1264.26,1264.41,3500,4425450.9922
2026-09-17 11:01:00,1264.65,1265.0,1264.52,1264.82,6900,8727065.9922
2026-09-17 11:02:00,1264.81,1264.81,1264.6,1264.79,2800,3541258.0547
2026-09-17 11:03:00,1264.79,1264.79,1264.58,1264.6,4600,5817307.9688
2026-09-17 11:04:00,1264.6,1264.96,1264.59,1264.85,5700,7208985.0469
2026-09-17 11:05:00,1264.96,1264.96,1264.79,1264.79,3600,4553417.9922
2026-09-17 11:06:00,1264.79,1264.79,1264.66,1264.74,5300,6703103.0
2026-09-17 11:07:00,1264.75,1264.95,1264.67,1264.8,6000,7589122.0313
2026-09-17 11:08:00,1264.69,1264.69,1264.12,1264.12,4600,5816786.0703
2026-09-17 11:09:00,1264.13,1264.15,1263.78,1263.78,3650,4613750.5313
2026-09-17 11:10:00,1263.78,1263.78,1263.15,1263.53,3700,4675246.0234
2026-09-17 11:11:00,1263.53,1264.52,1263.53,1264.52,5300,6699988.9688
2026-09-17 11:12:00,1264.3,1264.52,1264.21,1264.21,4300,5436486.1094
2026-09-17 11:13:00,1264.21,1264.26,1263.99,1264.18,3700,4677261.0156
2026-09-17 11:14:00,1264.14,1264.25,1264.1,1264.16,3100,3918873.0625
2026-09-17 11:15:00,1264.26,1264.68,1264.15,1264.66,5600,7081005.0703
2026-09-17 11:16:00,1264.5,1264.9,1264.5,1264.9,6700,8473769.0938
2026-09-17 11:17:00,1264.87,1264.99,1264.87,1264.89,5500,6957116.9922
2026-09-17 11:18:00,1264.89,1265.3,1264.86,1265.29,16100,20367163.0313
2026-09-17 11:19:00,1265.25,1265.38,1265.22,1265.33,7500,9489820.04
2026-09-17 11:20:00,1265.37,1265.88,1265.32,1265.87,9217,11665510.2178
2026-09-17 11:21:00,1265.87,1265.88,1265.73,1265.85,5400,6835377.0
2026-09-17 11:22:00,1265.85,1265.88,1265.65,1265.8,4000,5063253.0781
2026-09-17 11:23:00,1265.8,1265.8,1265.73,1265.79,2700,3417609.0859
2026-09-17 11:24:00,1265.76,1265.82,1265.73,1265.8,3800,4809959.0703
2026-09-17 11:25:00,1265.79,1265.87,1265.79,1265.8,4400,5569689.0391
2026-09-17 11:26:00,1265.8,1266.66,1265.78,1266.66,15246,19301927.3906
2026-09-17 11:27:00,1266.6,1267.0,1266.6,1266.99,7000,8867874.0391
2026-09-17 11:28:00,1266.92,1266.92,1266.36,1266.36,4400,5572752.0078
2026-09-17 11:29:00,1266.36,1266.7,1266.26,1266.26,4400,5572163.4043
2026-09-17 11:30:00,1266.34,1266.37,1265.83,1266.37,3818,4834274.0234
2026-09-17 13:01:00,1266.37,1267.6,1266.0,1267.17,16801,21285254.1016
2026-09-17 13:02:00,1267.58,1267.58,1267.15,1267.18,5000,6336133.0313
2026-09-17 13:03:00,1267.15,1267.15,1266.37,1266.37,4600,5827639.0156
2026-09-17 13:04:00,1266.58,1266.58,1265.48,1265.74,5082,6433496.9805
2026-09-17 13:05:00,1265.68,1265.68,1265.55,1265.57,2300,2910924.0234
2026-09-17 13:06:00,1265.55,1265.57,1265.47,1265.54,2900,3670045.0859
2026-09-17 13:07:00,1265.57,1265.57,1265.0,1265.41,4500,5694302.9453
2026-09-17 13:08:00,1265.0,1265.26,1264.8,1265.0,2500,3162668.0156
2026-09-17 13:09:00,1265.3,1265.3,1265.01,1265.04,1900,2403746.0469
2026-09-17 13:10:00,1265.4,1265.4,1265.0,1265.39,1800,2277451.0078
2026-09-17 13:11:00,1265.22,1265.39,1265.13,1265.13,2800,3542674.0
2026-09-17 13:12:00,1265.12,1265.2,1264.28,1264.46,3100,3921181.0391
2026-09-17 13:13:00,1264.29,1264.65,1264.29,1264.31,3200,4046122.9688
2026-09-17 13:14:00,1264.3,1265.06,1264.29,1265.06,2200,2781865.0234
2026-09-17 13:15:00,1264.5,1264.98,1264.11,1264.11,3500,4425227.9297
2026-09-17 13:16:00,1264.08,1264.08,1263.02,1263.06,3500,4422560.0234
2026-09-17 13:17:00,1263.08,1263.81,1263.02,1263.81,3200,4042598.0156
2026-09-17 13:18:00,1263.4,1263.44,1263.26,1263.3,2300,2905789.0
2026-09-17 13:19:00,1263.3,1263.3,1263.03,1263.03,3500,4421249.0313
2026-09-17 13:20:00,1263.05,1263.06,1263.0,1263.01,3000,3789048.0156
2026-09-17 13:21:00,1263.03,1263.03,1262.63,1262.73,4500,5682820.9688
2026-09-17 13:22:00,1262.73,1264.03,1262.7,1264.03,3400,4294806.0234
2026-09-17 13:23:00,1264.03,1264.06,1263.1,1263.66,3500,4422642.0469
2026-09-17 13:24:00,1263.69,1263.69,1263.1,1263.61,4100,5179458.9844
2026-09-17 13:25:00,1263.58,1263.81,1263.58,1263.67,4400,5560167.9688
2026-09-17 13:26:00,1263.99,1264.0,1263.99,1264.0,1400,1769594.0
2026-09-17 13:27:00,1264.0,1264.0,1263.13,1263.38,2100,2653687.9844
2026-09-17 13:28:00,1263.33,1263.65,1263.33,1263.65,1200,1516303.9922
2026-09-17 13:29:00,1263.62,1263.65,1263.6,1263.6,3800,4801811.0
2026-09-17 13:30:00,1263.6,1263.6,1263.2,1263.2,2800,3537436.8984
2026-09-17 13:31:00,1263.32,1264.99,1263.32,1264.99,7300,9226860.9766
2026-09-17 13:32:00,1264.99,1265.5,1264.98,1265.0,7500,9489609.0313
2026-09-17 13:33:00,1265.39,1265.4,1264.58,1264.63,3800,4806908.9609
2026-09-17 13:34:00,1264.63,1265.4,1264.63,1265.4,6000,7590617.9531
2026-09-17 13:35:00,1265.4,1265.43,1264.97,1264.97,4700,5946051.0156
2026-09-17 13:36:00,1264.98,1265.44,1264.62,1265.21,3200,4047946.9844
2026-09-17 13:37:00,1265.22,1265.22,1265.13,1265.13,1500,1897753.9609
2026-09-17 13:38:00,1265.1,1265.14,1264.98,1264.98,2600,3289101.9609
2026-09-17 13:39:00,1264.62,1264.62,1264.58,1264.58,6600,8346274.6311
2026-09-17 13:40:00,1264.56,1264.56,1264.31,1264.31,3800,4804999.1094
2026-09-17 13:41:00,1264.49,1264.5,1264.31,1264.5,5710,7219687.0859
2026-09-17 13:42:00,1264.5,1265.0,1264.42,1264.42,6300,7967777.1406
2026-09-17 13:43:00,1264.13,1264.13,1263.32,1263.36,34200,43225625.8867
2026-09-17 13:44:00,1263.35,1263.35,1262.81,1262.97,4305,5437482.5215
2026-09-17 13:45:00,1262.95,1262.95,1262.71,1262.77,1700,2146710.9844
2026-09-17 13:46:00,1262.77,1262.77,1262.63,1262.75,5000,6313616.0156
2026-09-17 13:47:00,1262.73,1262.74,1262.61,1262.62,2900,3661732.0469
2026-09-17 13:48:00,1262.62,1262.72,1262.62,1262.72,1900,2399044.9922
2026-09-17 13:49:00,1262.7,1263.0,1262.7,1263.0,4200,5304024.9766
2026-09-17 13:50:00,1263.0,1263.0,1262.92,1262.93,2600,3283734.0547
2026-09-17 13:51:00,1262.91,1262.91,1262.47,1262.47,5800,7323234.9688
2026-09-17 13:52:00,1262.47,1262.49,1262.41,1262.41,2200,2777381.9766
2026-09-17 13:53:00,1262.44,1262.99,1262.42,1262.99,4200,5303206.0313
2026-09-17 13:54:00,1262.99,1263.08,1262.84,1262.99,2300,2904799.9922
2026-09-17 13:55:00,1262.82,1262.98,1262.22,1262.22,4100,5176418.0156
2026-09-17 13:56:00,1262.22,1262.22,1262.01,1262.01,2600,3281506.0
2026-09-17 13:57:00,1262.02,1262.43,1262.02,1262.18,4400,5553438.1172
2026-09-17 13:58:00,1262.47,1262.75,1262.18,1262.64,2500,3156382.0078
2026-09-17 13:59:00,1262.61,1262.61,1262.0,1262.0,7600,9592030.0703
2026-09-17 14:00:00,1262.0,1262.0,1261.01,1261.01,5500,6939551.9844
2026-09-17 14:01:00,1261.01,1261.64,1261.0,1261.38,4900,6180308.0313
2026-09-17 14:02:00,1261.39,1261.79,1261.1,1261.79,3900,4918992.0
2026-09-17 14:03:00,1261.64,1262.49,1261.64,1262.08,7100,8960811.0625
2026-09-17 14:04:00,1262.08,1262.16,1262.02,1262.16,3900,4922189.9531
2026-09-17 14:05:00,1262.16,1262.45,1262.1,1262.41,4400,5553908.1211
2026-09-17 14:06:00,1262.4,1262.41,1262.2,1262.32,2100,2650759.9873
2026-09-17 14:07:00,1262.32,1262.6,1262.21,1262.21,4200,5301986.9922
2026-09-17 14:08:00,1262.2,1262.2,1261.78,1262.0,4000,5048288.9766
2026-09-17 14:09:00,1262.0,1262.32,1261.91,1262.31,3800,4796114.9766
2026-09-17 14:10:00,1262.25,1262.31,1261.1,1261.2,4500,5677615.0391
2026-09-17 14:11:00,1261.55,1261.59,1261.2,1261.2,3666,4623913.4688
2026-09-17 14:12:00,1261.2,1261.2,1261.0,1261.0,3800,4792068.0625
2026-09-17 14:13:00,1261.0,1261.01,1260.93,1261.01,3600,4539567.0234
2026-09-17 14:14:00,1261.02,1261.65,1261.0,1261.6,4900,6180161.9219
2026-09-17 14:15:00,1261.6,1261.6,1261.44,1261.56,2000,2522993.9766
2026-09-17 14:16:00,1261.57,1262.0,1261.48,1261.8,4500,5677513.0078
2026-09-17 14:17:00,1261.98,1262.02,1261.86,1262.01,3000,3785876.0
2026-09-17 14:18:00,1262.21,1262.8,1262.06,1262.8,3600,4544771.0391
2026-09-17 14:19:00,1262.67,1262.67,1262.41,1262.43,2300,2903682.0469
2026-09-17 14:20:00,1262.41,1262.41,1262.0,1262.07,4600,5806655.9297
2026-09-17 14:21:00,1262.34,1262.64,1262.34,1262.47,5100,6438551.9844
2026-09-17 14:22:00,1262.47,1262.47,1262.33,1262.33,3900,4923433.9531
2026-09-17 14:23:00,1262.32,1262.32,1262.0,1262.07,3000,3786357.9375
2026-09-17 14:24:00,1262.07,1262.18,1262.04,1262.12,3400,4291084.0
2026-09-17 14:25:00,1262.12,1262.7,1262.12,1262.7,3707,4679613.2773
2026-09-17 14:26:00,1262.7,1262.8,1262.6,1262.63,5300,6692235.9922
2026-09-17 14:27:00,1262.64,1262.99,1262.63,1262.99,4900,6187393.0391
2026-09-17 14:28:00,1262.99,1263.11,1262.99,1263.06,6500,8209859.9063
2026-09-17 14:29:00,1263.06,1263.07,1263.02,1263.07,4600,5810019.1328
2026-09-17 14:30:00,1263.08,1263.41,1263.01,1263.33,4900,6189221.9375
2026-09-17 14:31:00,1263.33,1263.5,1263.33,1263.41,4700,5938194.0078
2026-09-17 14:32:00,1263.41,1263.41,1263.35,1263.41,5000,6316944.0
2026-09-17 14:33:00,1263.44,1263.98,1263.43,1263.64,4510,5699395.9219
2026-09-17 14:34:00,1263.95,1264.18,1263.71,1264.18,4300,5435296.0
2026-09-17 14:35:00,1264.18,1264.61,1264.17,1264.22,4800,6069081.0
2026-09-17 14:36:00,1264.22,1264.22,1263.93,1263.93,7500,9480624.0078
2026-09-17 14:37:00,1263.94,1264.5,1263.94,1264.14,6000,7584449.7754
2026-09-17 14:38:00,1264.14,1264.49,1264.14,1264.15,5400,6827203.0313
2026-09-17 14:39:00,1264.14,1265.1,1264.1,1264.63,23814,30121859.0625
2026-09-17 14:40:00,1264.63,1264.72,1264.07,1264.58,5700,7207634.8125
2026-09-17 14:41:00,1264.22,1264.53,1264.19,1264.2,5600,7080205.8359
2026-09-17 14:42:00,1264.2,1264.96,1264.2,1264.7,6700,8473428.9844
2026-09-17 14:43:00,1264.71,1264.71,1264.21,1264.21,7100,8977356.9219
2026-09-17 14:44:00,1264.22,1264.99,1264.21,1264.59,7900,9989842.9063
2026-09-17 14:45:00,1264.57,1264.84,1264.46,1264.84,7400,9358709.1328
2026-09-17 14:46:00,1264.84,1265.5,1264.82,1265.4,10700,13536076.9375
2026-09-17 14:47:00,1265.49,1265.68,1265.37,1265.68,10410,13173800.4707
2026-09-17 14:48:00,1265.59,1265.68,1265.5,1265.51,8700,11010613.2422
2026-09-17 14:49:00,1265.45,1265.69,1265.44,1265.68,8100,10250721.9854
2026-09-17 14:50:00,1265.69,1266.08,1265.69,1266.0,10400,13165830.8984
2026-09-17 14:51:00,1266.0,1266.69,1266.0,1266.44,11110,14070633.8984
2026-09-17 14:52:00,1266.32,1266.69,1266.3,1266.6,14500,18364059.9453
2026-09-17 14:53:00,1266.6,1266.6,1266.2,1266.21,14000,17730369.9922
2026-09-17 14:54:00,1266.21,1266.63,1266.21,1266.63,13500,17097027.9844
2026-09-17 14:55:00,1266.63,1266.9,1266.6,1266.9,19400,24574144.875
2026-09-17 14:56:00,1266.84,1267.0,1266.59,1266.67,13400,16976293.8828
2026-09-17 14:57:00,1266.78,1267.0,1266.58,1266.58,9800,12415385.0234
2026-09-17 15:00:00,1266.98,1266.98,1266.98,1266.98,28685,36343321.293
2026-09-18 09:31:00,1262.99,1262.99,1259.16,1259.19,54332,68508454.6836
2026-09-18 09:32:00,1259.19,1262.99,1259.16,1261.37,38700,48799079.5
2026-09-18 09:33:00,1260.8,1262.97,1259.0,1259.2,37600,47359694.8594
2026-09-18 09:34:00,1259.2,1260.0,1259.16,1259.16,26300,33124336.8594
2026-09-18 09:35:00,1259.18,1260.5,1258.2,1260.01,31900,40167080.7891
2026-09-18 09:36:00,1260.5,1261.99,1258.96,1261.0,41220,51959490.3828
2026-09-18 09:37:00,1261.55,1261.74,1258.88,1260.33,26600,33519662.1016
2026-09-18 09:38:00,1260.05,1260.51,1259.1,1259.49,16100,20288453.0078
2026-09-18 09:39:00,1259.49,1260.7,1258.21,1260.57,44900,56539614.8594
2026-09-18 09:40:00,1260.76,1261.0,1259.82,1260.78,12800,16134238.0781
2026-09-18 09:41:00,1260.78,1262.87,1260.52,1261.19,22900,28894765.8672
2026-09-18 09:42:00,1261.2,1263.28,1261.04,1263.0,13700,17295855.0391
2026-09-18 09:43:00,1262.0,1263.2,1261.41,1263.2,14800,18683686.8516
2026-09-18 09:44:00,1263.01,1263.3,1262.03,1262.5,9000,11365996.9375
2026-09-18 09:45:00,1262.5,1262.99,1262.09,1262.99,13700,17296072.9375
2026-09-18 09:46:00,1262.99,1263.75,1262.59,1263.0,16300,20589198.9063
2026-09-18 09:47:00,1262.55,1264.78,1262.39,1262.99,17000,21478547.0313
2026-09-18 09:48:00,1263.39,1263.49,1262.61,1262.61,7900,9978196.9063
2026-09-18 09:49:00,1262.93,1263.55,1262.57,1263.55,11400,14399470.9453
2026-09-18 09:50:00,1263.55,1265.5,1263.21,1265.45,12400,15676532.0391
2026-09-18 09:51:00,1265.5,1265.79,1265.06,1265.73,7600,9616741.8984
2026-09-18 09:52:00,1265.72,1265.88,1265.1,1265.72,8800,11138595.0547
2026-09-18 09:53:00,1265.88,1265.88,1263.2,1265.04,19900,25161456.9531
2026-09-18 09:54:00,1265.0,1265.08,1264.16,1264.91,7400,9358231.9609
2026-09-18 09:55:00,1264.18,1264.87,1264.18,1264.84,5400,6828344.9063
2026-09-18 09:56:00,1264.87,1264.97,1264.19,1264.5,9200,11633240.8594
2026-09-18 09:57:00,1264.5,1265.21,1264.28,1265.2,8600,10877522.9375
2026-09-18 09:58:00,1265.2,1265.5,1264.2,1265.5,13300,16825823.9609
2026-09-18 09:59:00,1265.5,1265.5,1262.88,1263.0,13000,16432530.7813
2026-09-18 10:00:00,1263.88,1264.93,1263.01,1264.93,11719,14816327.123
2026-09-18 10:01:00,1264.94,1264.97,1263.01,1263.17,8500,10746932.1016
2026-09-18 10:02:00,1263.16,1263.82,1262.51,1263.2,7000,8841394.9766
2026-09-18 10:03:00,1263.2,1263.76,1263.2,1263.32,5400,6822968.9063
2026-09-18 10:04:00,1263.7,1264.76,1263.34,1264.76,6400,8088546.0078
2026-09-18 10:05:00,1264.37,1264.69,1262.51,1262.51,10100,12760992.1172
2026-09-18 10:06:00,1262.5,1263.21,1262.41,1262.65,5400,6818296.9922
2026-09-18 10:07:00,1262.63,1262.63,1261.0,1261.0,16422,20724134.9648
2026-09-18 10:08:00,1261.02,1261.05,1260.8,1260.96,8724,11000662.7012
2026-09-18 10:09:00,1260.96,1261.45,1260.83,1261.45,4966,6261805.5938
2026-09-18 10:10:00,1261.0,1261.46,1260.06,1260.2,15010,18926382.9219
2026-09-18 10:11:00,1260.05,1260.48,1260.05,1260.39,7900,9956465.9063
2026-09-18 10:12:00,1260.38,1260.39,1259.16,1259.34,28100,35401418.7578
2026-09-18 10:13:00,1259.4,1260.4,1259.4,1260.4,7580,9550926.2188
2026-09-18 10:14:00,1260.39,1261.0,1260.2,1261.0,4900,6176298.9844
2026-09-18 10:15:00,1260.99,1262.01,1260.5,1261.51,7000,8829547.9453
2026-09-18 10:16:00,1261.43,1261.43,1260.47,1260.92,4000,5043035.0156
2026-09-18 10:17:00,1260.93,1260.93,1260.22,1260.29,4400,5546021.0313
2026-09-18 10:18:00,1260.3,1260.48,1260.25,1260.37,4200,5293458.0938
2026-09-18 10:19:00,1260.47,1260.92,1260.47,1260.9,4100,5168537.0156
2026-09-18 10:20:00,1260.89,1260.92,1260.52,1260.8,3700,4664968.0078
2026-09-18 10:21:00,1260.53,1260.88,1260.47,1260.88,4400,5546994.0313
2026-09-18 10:22:00,1260.88,1261.0,1260.76,1261.0,2700,3404392.0234
2026-09-18 10:23:00,1261.0,1261.05,1260.67,1260.68,5100,6430611.0703
2026-09-18 10:24:00,1260.67,1260.89,1260.65,1260.88,2600,3277922.0313
2026-09-18 10:25:00,1260.88,1260.89,1260.55,1260.55,4800,6051804.0586
2026-09-18 10:26:00,1260.51,1260.54,1260.31,1260.48,5400,6806506.0078
2026-09-18 10:27:00,1260.47,1260.47,1260.31,1260.39,2400,3024887.9922
2026-09-18 10:28:00,1260.41,1260.51,1260.39,1260.51,3800,4789668.0547
2026-09-18 10:29:00,1260.52,1260.62,1260.36,1260.54,4046,5099879.0156
2026-09-18 10:30:00,1260.54,1260.86,1260.5,1260.57,3000,3782111.9922
2026-09-18 10:31:00,1260.51,1260.89,1260.5,1260.88,2700,3403980.0469
2026-09-18 10:32:00,1260.87,1260.9,1260.67,1260.87,3000,3782349.1016
2026-09-18 10:33:00,1260.87,1260.88,1260.68,1260.88,3700,4665071.0469
2026-09-18 10:34:00,1260.73,1260.73,1259.68,1259.68,15154,19097880.8438
2026-09-18 10:35:00,1259.68,1260.35,1259.68,1259.93,6200,7811395.9219
2026-09-18 10:36:00,1260.0,1260.37,1259.91,1260.36,2900,3654812.0
2026-09-18 10:37:00,1260.51,1260.67,1260.01,1260.01,3000,3781129.0078
2026-09-18 10:38:00,1260.0,1260.0,1259.38,1259.61,7500,9447393.875
2026-09-18 10:39:00,1259.69,1259.87,1259.61,1259.66,3500,4408865.0
2026-09-18 10:40:00,1259.61,1259.9,1259.61,1259.78,1600,2015648.0625
2026-09-18 10:41:00,1259.77,1259.8,1259.71,1259.78,1600,2015643.0313
2026-09-18 10:42:00,1260.03,1260.03,1259.63,1259.65,4500,5668763.0078
2026-09-18 10:43:00,1259.65,1259.7,1259.3,1259.37,11700,14736318.9688
2026-09-18 10:44:00,1259.51,1259.51,1259.31,1259.34,3000,3778173.0156
2026-09-18 10:45:00,1259.34,1259.8,1259.34,1259.6,5200,6549356.0391
2026-09-18 10:46:00,1259.6,1259.88,1259.4,1259.42,3200,4030346.0469
2026-09-18 10:47:00,1259.41,1259.87,1259.4,1259.42,4000,5037871.1563
2026-09-18 10:48:00,1259.59,1259.86,1259.43,1259.86,3000,3778842.9219
2026-09-18 10:49:00,1259.86,1259.86,1259.0,1259.0,17720,22313782.1563
2026-09-18 10:50:00,1259.02,1259.09,1259.01,1259.09,3100,3903063.0313
2026-09-18 10:51:00,1259.09,1259.31,1259.09,1259.09,8100,10199154.0156
2026-09-18 10:52:00,1259.09,1259.13,1259.02,1259.02,5900,7428572.9844
2026-09-18 10:53:00,1259.02,1259.35,1259.02,1259.35,6600,8309905.9531
2026-09-18 10:54:00,1259.17,1259.17,1258.59,1258.88,33480,42149738.125
2026-09-18 10:55:00,1258.8,1258.98,1258.7,1258.97,2400,3021452.9375
2026-09-18 10:56:00,1258.95,1259.16,1258.86,1258.86,6700,8435205.9609
2026-09-18 10:57:00,1258.87,1258.88,1258.68,1258.7,4500,5664442.9141
2026-09-18 10:58:00,1258.68,1259.08,1258.68,1258.85,1500,1888160.9766
2026-09-18 10:59:00,1258.85,1259.16,1258.78,1258.85,3300,4154378.0
2026-09-18 11:00:00,1258.86,1259.0,1258.86,1259.0,2000,2517775.0
2026-09-18 11:01:00,1258.87,1259.14,1258.8,1258.85,4800,6042625.0078
2026-09-18 11:02:00,1258.85,1258.85,1258.77,1258.8,7500,9441174.0313
2026-09-18 11:03:00,1258.83,1258.83,1258.7,1258.78,6000,7552666.9766
2026-09-18 11:04:00,1258.79,1258.83,1258.72,1258.72,7100,8937462.875
2026-09-18 11:05:00,1258.78,1259.14,1258.71,1259.14,4300,5412920.0391
2026-09-18 11:06:00,1259.15,1259.2,1259.15,1259.16,4700,5918098.1016
2026-09-18 11:07:00,1259.25,1259.25,1258.8,1258.85,5700,7176772.0547
2026-09-18 11:08:00,1258.88,1258.88,1258.78,1258.83,4800,6042286.875
2026-09-18 11:09:00,1258.83,1258.83,1258.69,1258.73,5900,7426537.8516
2026-09-18 11:10:00,1258.72,1258.88,1258.71,1258.72,3300,4153873.9922
2026-09-18 11:11:00,1258.71,1258.84,1258.7,1258.76,6300,7930028.9609
2026-09-18 11:12:00,1258.75,1260.0,1258.7,1258.73,19400,24431660.2148
2026-09-18 11:13:00,1258.7,1258.72,1258.5,1258.58,11500,14474141.0
2026-09-18 11:14:00,1258.5,1258.58,1258.35,1258.36,11300,14220656.9453
2026-09-18 11:15:00,1258.36,1258.38,1258.25,1258.36,6900,8682412.1953
2026-09-18 11:16:00,1258.25,1258.37,1258.04,1258.04,14700,18495627.6953
2026-09-18 11:17:00,1258.05,1258.05,1257.0,1257.42,38700,48677107.666
2026-09-18 11:18:00,1257.12,1257.42,1257.0,1257.07,14100,17725167.9844
2026-09-18 11:19:00,1257.07,1257.07,1256.6,1257.0,16100,20237397.0703
2026-09-18 11:20:00,1257.01,1257.03,1256.51,1257.0,5200,6535938.9922
2026-09-18 11:21:00,1256.9,1257.65,1256.9,1257.65,5200,6537039.1602
2026-09-18 11:22:00,1257.65,1257.67,1256.98,1257.67,5226,6571836.0273
2026-09-18 11:23:00,1257.67,1257.74,1257.67,1257.73,4300,5408156.0781
2026-09-18 11:24:00,1257.74,1257.83,1257.21,1257.43,7274,9148221.248
2026-09-18 11:25:00,1257.53,1257.53,1257.05,1257.08,5400,6789266.0078
2026-09-18 11:26:00,1257.08,1257.08,1257.04,1257.06,7500,9427991.9688
2026-09-18 11:27:00,1257.06,1257.09,1257.01,1257.09,3800,4776868.9141
2026-09-18 11:28:00,1257.18,1257.61,1257.09,1257.39,4100,5154972.1016
2026-09-18 11:29:00,1257.39,1257.55,1257.08,1257.43,5200,6537821.0313
2026-09-18 11:30:00,1257.43,1257.5,1257.06,1257.2,7100,8926079.9766
2026-09-18 13:01:00,1257.14,1257.57,1257.14,1257.2,19100,24013785.0547
2026-09-18 13:02:00,1257.21,1257.21,1256.1,1256.5,27000,33931197.0625
2026-09-18 13:03:00,1256.4,1257.01,1256.25,1256.88,7700,9676455.0156
2026-09-18 13:04:00,1256.7,1257.21,1256.68,1256.71,6900,8673060.0391
2026-09-18 13:05:00,1256.71,1256.98,1256.68,1256.98,4400,5529947.0078
2026-09-18 13:06:00,1256.98,1257.2,1256.98,1257.13,9200,11565772.9375
2026-09-18 13:07:00,1257.12,1257.13,1256.8,1256.8,9300,11689828.1797
2026-09-18 13:08:00,1256.81,1256.81,1256.41,1256.41,11400,14325207.2422
2026-09-18 13:09:00,1256.41,1256.42,1256.3,1256.31,9700,12186808.1563
2026-09-18 13:10:00,1256.3,1256.36,1256.2,1256.35,12400,15577947.1406
2026-09-18 13:11:00,1256.35,1256.47,1256.28,1256.4,8600,10804773.0469
2026-09-18 13:12:00,1256.46,1257.2,1256.41,1257.17,9800,12316092.0547
2026-09-18 13:13:00,1257.17,1257.22,1257.17,1257.2,16600,20869390.75
2026-09-18 13:14:00,1257.21,1257.65,1257.2,1257.58,8301,10438638.3616
2026-09-18 13:15:00,1257.67,1258.0,1257.67,1258.0,6500,8176211.9063
2026-09-18 13:16:00,1258.0,1258.53,1257.95,1258.07,15700,19751792.2109
2026-09-18 13:17:00,1258.06,1258.2,1257.72,1257.78,7600,9560106.1094
2026-09-18 13:18:00,1257.81,1258.46,1257.72,1258.4,6700,8428069.0234
2026-09-18 13:19:00,1258.39,1258.47,1257.84,1257.94,3800,4781239.9531
2026-09-18 13:20:00,1258.32,1258.33,1258.08,1258.19,3200,4026309.8828
2026-09-18 13:21:00,1258.18,1258.88,1258.09,1258.56,11000,13842553.0781
2026-09-18 13:22:00,1258.76,1258.9,1258.51,1258.79,5900,7426716.0313
2026-09-18 13:23:00,1258.87,1258.9,1258.8,1258.9,3200,4028389.0
2026-09-18 13:24:00,1258.9,1258.95,1258.88,1258.94,7300,9190123.9531
2026-09-18 13:25:00,1258.93,1258.98,1258.88,1258.88,6000,7553669.8594
2026-09-18 13:26:00,1258.84,1258.88,1258.59,1258.65,3900,4908974.0234
2026-09-18 13:27:00,1258.66,1259.47,1258.66,1259.47,12300,15484158.0391
2026-09-18 13:28:00,1259.44,1260.2,1259.44,1260.2,17528,22083717.5195
2026-09-18 13:29:00,1260.2,1260.42,1259.0,1259.08,10500,13229716.9141
2026-09-18 13:30:00,1259.06,1259.51,1259.06,1259.51,3800,4785154.0078
2026-09-18 13:31:00,1259.51,1259.73,1259.51,1259.73,2000,2519116.9531
2026-09-18 13:32:00,1259.67,1259.68,1259.11,1259.13,4600,5793403.1406
2026-09-18 13:33:00,1259.13,1259.14,1259.01,1259.12,5000,6295583.0
2026-09-18 13:34:00,1259.1,1259.15,1259.01,1259.15,4400,5540125.0
2026-09-18 13:35:00,1259.15,1259.18,1259.03,1259.17,5000,6295763.0859
2026-09-18 13:36:00,1259.22,1259.36,1259.17,1259.3,4700,5918799.0313
2026-09-18 13:37:00,1259.18,1259.27,1259.1,1259.2,3300,4155330.9531
2026-09-18 13:38:00,1259.21,1259.58,1259.21,1259.4,3200,4029922.9609
2026-09-18 13:39:00,1259.4,1259.44,1259.39,1259.41,3394,4274422.6758
2026-09-18 13:40:00,1259.39,1259.39,1259.2,1259.37,5406,6807671.3789
2026-09-18 13:41:00,1259.37,1259.38,1259.03,1259.03,3800,4785095.0078
2026-09-18 13:42:00,1259.05,1259.06,1258.75,1258.75,4900,6169174.1563
2026-09-18 13:43:00,1258.75,1258.75,1258.34,1258.34,8500,10697996.9922
2026-09-18 13:44:00,1258.34,1258.5,1257.9,1257.95,13194,16598511.9219
2026-09-18 13:45:00,1257.94,1257.97,1257.9,1257.9,4500,5660742.9766
2026-09-18 13:46:00,1257.92,1258.05,1257.92,1258.0,6000,7547948.9688
2026-09-18 13:47:00,1257.97,1257.97,1257.88,1257.88,5800,7295927.9766
2026-09-18 13:48:00,1257.9,1258.05,1257.88,1257.92,5600,7044456.0859
2026-09-18 13:49:00,1257.94,1257.94,1257.83,1257.93,6300,7924778.1016
2026-09-18 13:50:00,1257.95,1257.96,1257.87,1257.87,3500,4402732.9375
2026-09-18 13:51:00,1257.9,1257.92,1257.86,1257.92,3200,4025296.0391
2026-09-18 13:52:00,1257.93,1258.1,1257.91,1258.1,7900,9938097.0859
2026-09-18 13:53:00,1258.02,1258.56,1258.02,1258.32,4600,5788251.9531
2026-09-18 13:54:00,1258.32,1258.44,1258.32,1258.43,3400,4278579.0469
2026-09-18 13:55:00,1258.41,1258.42,1258.31,1258.34,3300,4152547.9375
2026-09-18 13:56:00,1258.34,1258.35,1258.31,1258.32,5900,7424124.7891
2026-09-18 13:57:00,1258.33,1258.34,1258.32,1258.32,3000,3774981.7969
2026-09-18 13:58:00,1258.33,1258.48,1258.33,1258.4,5100,6417674.9063
2026-09-18 13:59:00,1258.4,1258.5,1258.39,1258.5,4200,5285582.0078
2026-09-18 14:00:00,1258.5,1258.51,1258.39,1258.49,6100,7676769.0
2026-09-18 14:01:00,1258.49,1258.52,1258.49,1258.51,4000,5034022.0
2026-09-18 14:02:00,1258.51,1258.52,1258.5,1258.5,5600,7047647.0
2026-09-18 14:03:00,1258.5,1258.51,1258.31,1258.33,7500,9437709.7656
2026-09-18 14:04:00,1258.31,1258.32,1258.3,1258.32,5200,6543236.9922
2026-09-18 14:05:00,1258.3,1258.33,1258.0,1258.08,10100,12706797.9766
2026-09-18 14:06:00,1258.1,1258.93,1258.06,1258.5,6200,7802133.0547
2026-09-18 14:07:00,1258.72,1258.75,1258.34,1258.56,3800,4782871.9922
2026-09-18 14:08:00,1258.38,1259.11,1258.38,1259.01,8000,10070359.8281
2026-09-18 14:09:00,1258.96,1259.42,1258.95,1259.1,8200,10324583.9766
2026-09-18 14:10:00,1259.11,1259.15,1258.9,1259.15,4800,6043619.0
2026-09-18 14:11:00,1259.03,1259.66,1258.89,1259.44,6100,7681396.9766
2026-09-18 14:12:00,1259.44,1260.0,1259.21,1259.39,6300,7936099.0
2026-09-18 14:13:00,1259.89,1259.89,1259.39,1259.88,6100,7684612.9922
2026-09-18 14:14:00,1259.88,1260.09,1259.07,1259.21,9900,12470470.1406
2026-09-18 14:15:00,1259.2,1260.06,1259.06,1259.59,5200,6549031.0234
2026-09-18 14:16:00,1259.06,1259.55,1259.0,1259.0,6400,8058209.1016
2026-09-18 14:17:00,1259.01,1259.55,1258.57,1258.57,9800,12338339.0625
2026-09-18 14:18:00,1258.66,1259.55,1258.35,1259.02,8200,10322507.0156
2026-09-18 14:19:00,1259.34,1259.48,1258.35,1258.44,8200,10322267.0078
2026-09-18 14:20:00,1258.49,1259.33,1258.38,1259.25,4100,5161538.9531
2026-09-18 14:21:00,1259.25,1259.56,1258.59,1259.13,6400,8058442.0313
2026-09-18 14:22:00,1259.11,1259.54,1258.58,1259.39,5800,7302970.0
2026-09-18 14:23:00,1259.4,1259.8,1259.07,1259.07,7500,9445907.0625
2026-09-18 14:24:00,1259.07,1259.88,1259.07,1259.4,6100,7682196.875
2026-09-18 14:25:00,1259.07,1260.16,1259.07,1260.06,10700,13479099.0234
2026-09-18 14:26:00,1259.96,1260.25,1259.15,1260.22,7000,8818755.9375
2026-09-18 14:27:00,1260.22,1260.36,1259.93,1260.36,6600,8316873.0313
2026-09-18 14:28:00,1260.1,1260.5,1260.09,1260.5,7600,9578394.0625
2026-09-18 14:29:00,1260.19,1260.5,1259.39,1260.0,15000,18902220.8906
2026-09-18 14:30:00,1259.39,1260.43,1259.31,1259.63,4900,6172413.0078
2026-09-18 14:31:00,1259.44,1260.0,1259.36,1259.39,8800,11085235.9141
2026-09-18 14:32:00,1259.44,1259.68,1259.25,1259.48,9000,11334591.0313
2026-09-18 14:33:00,1259.48,1259.49,1259.3,1259.41,4600,5793304.0
2026-09-18 14:34:00,1259.41,1259.68,1259.3,1259.33,10400,13097639.8516
2026-09-18 14:35:00,1259.3,1259.68,1259.17,1259.53,7800,9823028.9766
2026-09-18 14:36:00,1259.53,1259.67,1259.13,1259.32,10000,12593140.1641
2026-09-18 14:37:00,1259.3,1260.0,1259.11,1259.9,11000,13855678.3906
2026-09-18 14:38:00,1259.64,1260.58,1259.19,1259.57,12700,16000845.0781
2026-09-18 14:39:00,1260.49,1261.3,1259.59,1260.03,21400,26977542.0156
2026-09-18 14:40:00,1261.0,1261.77,1260.06,1261.77,14500,18286277.0938
2026-09-18 14:41:00,1261.77,1261.78,1260.52,1261.7,10600,13367845.0078
2026-09-18 14:42:00,1261.67,1261.8,1260.95,1261.1,13400,16904170.3047
2026-09-18 14:43:00,1261.08,1262.5,1261.07,1262.35,20900,26372222.9453
2026-09-18 14:44:00,1261.51,1262.02,1261.25,1261.28,7900,9967458.9453
2026-09-18 14:45:00,1261.3,1262.02,1261.22,1262.02,9300,11731532.0391
2026-09-18 14:46:00,1261.63,1262.0,1261.23,1261.56,10400,13122407.0703
2026-09-18 14:47:00,1261.98,1262.7,1261.88,1262.53,13100,16535807.2266
2026-09-18 14:48:00,1262.51,1262.99,1261.62,1262.93,24600,31059140.293
2026-09-18 14:49:00,1261.88,1262.78,1261.2,1262.18,15500,19559995.8906
2026-09-18 14:50:00,1261.83,1262.5,1261.25,1261.7,12000,15143536.875
2026-09-18 14:51:00,1261.58,1262.6,1261.58,1262.32,17900,22593281.9688
2026-09-18 14:52:00,1262.32,1263.0,1262.02,1262.38,27579,34820563.5488
2026-09-18 14:53:00,1262.36,1263.0,1261.79,1263.0,24121,30450441.3682
2026-09-18 14:54:00,1261.8,1263.0,1260.5,1261.17,21200,26738621.7891
2026-09-18 14:55:00,1261.17,1262.76,1260.57,1262.46,28500,35960050.4531
2026-09-18 14:56:00,1261.1,1263.0,1260.62,1261.02,38572,48672039.8594
2026-09-18 14:57:00,1260.68,1264.8,1260.08,1260.9,29650,37411377.8779
2026-09-18 15:00:00,1257.12,1257.12,1257.12,1257.12,193769,243590885.1758
2026-09-21 09:31:00,1259.0,1259.0,1252.02,1257.0,125000,157018233.1289
2026-09-21 09:32:00,1257.04,1259.95,1256.0,1259.5,29450,37067874.0859
2026-09-21 09:33:00,1259.5,1259.95,1257.46,1258.69,31016,39052083.8008
2026-09-21 09:34:00,1258.33,1259.4,1258.33,1258.77,17500,22030573.8042
2026-09-21 09:35:00,1258.77,1259.33,1255.5,1255.96,32800,41235397.8906
2026-09-21 09:36:00,1255.99,1256.0,1252.42,1254.5,65242,81787960.6367
2026-09-21 09:37:00,1254.74,1255.0,1253.0,1253.5,22158,27781845.0273
2026-09-21 09:38:00,1253.99,1254.84,1253.5,1254.83,14900,18687446.8828
2026-09-21 09:39:00,1254.83,1254.88,1253.56,1253.6,16900,21196898.8047
2026-09-21 09:40:00,1253.53,1254.78,1253.2,1254.04,23400,29332037.25
2026-09-21 09:41:00,1254.2,1254.77,1252.22,1252.25,39800,49877274.1016
2026-09-21 09:42:00,1252.2,1252.88,1251.11,1251.12,57600,72119156.125
2026-09-21 09:43:00,1251.13,1252.0,1250.8,1251.1,31300,39160967.1797
2026-09-21 09:44:00,1251.98,1252.0,1251.11,1251.8,11200,14018322.1328
2026-09-21 09:45:00,1251.69,1252.33,1251.69,1252.15,49500,61979743.6641
2026-09-21 09:46:00,1252.27,1254.75,1251.85,1254.0,26200,32829093.9531
2026-09-21 09:47:00,1254.11,1254.73,1252.0,1253.35,14800,18556158.8828
2026-09-21 09:48:00,1253.74,1254.77,1253.01,1254.65,11400,14298306.1406
2026-09-21 09:49:00,1254.22,1254.73,1253.13,1254.5,12300,15428749.9453
2026-09-21 09:50:00,1254.49,1254.72,1253.05,1254.63,19300,24207339.8281
2026-09-21 09:51:00,1254.62,1256.82,1253.3,1255.0,22800,28617297.3203
2026-09-21 09:52:00,1254.96,1256.75,1254.96,1256.73,8300,10420801.0781
2026-09-21 09:53:00,1256.03,1256.7,1255.88,1256.03,11100,13943691.2422
2026-09-21 09:54:00,1256.03,1256.68,1256.03,1256.68,7300,9171540.9531
2026-09-21 09:55:00,1256.68,1256.8,1256.05,1256.05,10820,13597721.3633
2026-09-21 09:56:00,1256.5,1256.51,1256.06,1256.28,4600,5779395.9297
2026-09-21 09:57:00,1256.28,1256.4,1255.92,1256.06,12900,16203199.5781
2026-09-21 09:58:00,1256.0,1256.75,1256.0,1256.72,15200,19096643.9141
2026-09-21 09:59:00,1256.72,1256.8,1256.01,1256.02,11200,14074126.1406
2026-09-21 10:00:00,1256.02,1256.03,1254.87,1254.9,33900,42571946.0313
2026-09-21 10:01:00,1254.9,1254.94,1254.5,1254.51,6700,8406651.0625
2026-09-21 10:02:00,1254.56,1255.74,1254.5,1255.72,12000,15059304.9844
2026-09-21 10:03:00,1255.53,1255.62,1254.62,1254.82,8400,10545014.8828
2026-09-21 10:04:00,1254.83,1254.83,1254.6,1254.6,5300,6649895.9844
2026-09-21 10:05:00,1254.6,1254.61,1254.11,1254.14,9900,12417538.9844
2026-09-21 10:06:00,1254.15,1254.16,1253.87,1253.87,12300,15423925.0703
2026-09-21 10:07:00,1253.89,1253.89,1252.66,1252.95,15500,19426012.9219
2026-09-21 10:08:00,1252.95,1252.99,1252.1,1252.16,18100,22665982.1484
2026-09-21 10:09:00,1252.1,1252.16,1251.8,1251.99,19500,24413930.0781
2026-09-21 10:10:00,1252.0,1252.15,1251.9,1252.15,11501,14400127.1161
2026-09-21 10:11:00,1252.15,1252.15,1251.81,1251.86,29899,37434503.1382
2026-09-21 10:12:00,1251.95,1252.0,1251.73,1251.86,14600,18276464.375
2026-09-21 10:13:00,1251.85,1251.99,1251.79,1251.85,6800,8512678.9297
2026-09-21 10:14:00,1251.85,1251.91,1251.23,1251.24,31600,39548152.3125
2026-09-21 10:15:00,1251.24,1251.98,1251.2,1251.98,23300,29158070.9141
2026-09-21 10:16:00,1251.98,1252.44,1251.26,1251.5,16900,21157112.0313
2026-09-21 10:17:00,1251.5,1252.08,1251.3,1252.07,9000,11264757.0313
2026-09-21 10:18:00,1252.07,1252.07,1251.54,1251.63,22100,27660684.3828
2026-09-21 10:19:00,1251.62,1252.23,1251.61,1252.12,7100,8887654.9844
2026-09-21 10:20:00,1252.13,1253.0,1251.83,1252.2,19600,24550364.9766
2026-09-21 10:21:00,1252.22,1253.0,1252.21,1252.24,9300,11648801.0234
2026-09-21 10:22:00,1252.22,1252.37,1252.2,1252.36,6200,7764106.0
2026-09-21 10:23:00,1252.38,1252.38,1251.66,1251.66,8400,10516977.8984
2026-09-21 10:24:00,1251.66,1251.78,1251.3,1251.53,11700,14643110.9297
2026-09-21 10:25:00,1251.53,1251.57,1251.2,1251.27,12200,15266242.9922
2026-09-21 10:26:00,1251.31,1251.67,1251.18,1251.67,4460,5581564.1484
2026-09-21 10:27:00,1251.7,1252.39,1251.7,1252.37,3400,4257303.9688
2026-09-21 10:28:00,1252.15,1252.18,1251.7,1252.1,3800,4757814.0781
2026-09-21 10:29:00,1252.1,1252.1,1251.7,1251.72,3300,4131051.9922
2026-09-21 10:30:00,1251.77,1251.9,1251.61,1251.61,7400,9262794.1387
2026-09-21 10:31:00,1251.74,1252.5,1251.61,1252.09,7200,9013832.0625
2026-09-21 10:32:00,1252.74,1253.3,1252.12,1252.6,5701,7142730.02
2026-09-21 10:33:00,1252.14,1252.65,1252.14,1252.51,2800,3507205.0078
2026-09-21 10:34:00,1252.18,1252.5,1252.18,1252.49,3300,4133064.0234
2026-09-21 10:35:00,1252.5,1252.5,1252.14,1252.38,5100,6387080.0
2026-09-21 10:36:00,1252.38,1252.4,1252.01,1252.21,2800,3506187.9688
2026-09-21 10:37:00,1252.25,1252.48,1252.25,1252.45,6100,7639785.9219
2026-09-21 10:38:00,1252.46,1252.47,1252.27,1252.39,5100,6387094.0391
2026-09-21 10:39:00,1252.4,1252.45,1252.35,1252.45,9800,12273674.1172
2026-09-21 10:40:00,1252.41,1252.51,1252.4,1252.51,4700,5886573.9609
2026-09-21 10:41:00,1252.53,1252.57,1252.4,1252.42,5600,7013977.9922
2026-09-21 10:42:00,1252.43,1252.5,1252.4,1252.5,5500,6888437.9688
2026-09-21 10:43:00,1252.5,1252.53,1252.41,1252.46,3900,4884684.9531
2026-09-21 10:44:00,1252.51,1252.6,1252.4,1252.4,5500,6888934.9922
2026-09-21 10:45:00,1252.41,1252.54,1252.02,1252.02,5000,6260997.9922
2026-09-21 10:46:00,1252.05,1252.25,1252.05,1252.22,5600,7012097.8984
2026-09-21 10:47:00,1252.22,1252.25,1252.1,1252.15,3700,4633026.8906
2026-09-21 10:48:00,1252.25,1252.25,1252.03,1252.1,4500,5634570.0391
2026-09-21 10:49:00,1252.17,1252.24,1252.02,1252.12,4300,5384192.0234
2026-09-21 10:50:00,1252.14,1252.18,1252.02,1252.03,5300,6636110.0547
2026-09-21 10:51:00,1252.02,1252.02,1251.73,1251.73,18400,23036129.0625
2026-09-21 10:52:00,1251.75,1251.78,1251.65,1251.72,8000,10013719.8125
2026-09-21 10:53:00,1251.72,1251.72,1251.4,1251.4,10200,12766356.9609
2026-09-21 10:54:00,1251.4,1251.43,1251.31,1251.39,3300,4129489.0078
2026-09-21 10:55:00,1251.39,1251.39,1251.35,1251.35,3300,4129511.0
2026-09-21 10:56:00,1251.39,1251.42,1251.32,1251.38,3900,4880324.9531
2026-09-21 10:57:00,1251.38,1251.39,1251.32,1251.36,3900,4880227.8359
2026-09-21 10:58:00,1251.36,1251.4,1251.36,1251.4,2400,3003294.0
2026-09-21 10:59:00,1251.37,1251.42,1251.37,1251.42,3000,3754211.0703
2026-09-21 11:00:00,1251.42,1251.43,1251.15,1251.15,16200,20271658.5625
2026-09-21 11:01:00,1251.16,1251.18,1251.03,1251.05,9200,11509859.3594
2026-09-21 11:02:00,1251.05,1251.11,1251.03,1251.1,10500,13136269.1016
2026-09-21 11:03:00,1251.11,1251.33,1251.1,1251.28,4000,5004800.9766
2026-09-21 11:04:00,1251.33,1251.48,1251.33,1251.48,5100,6382250.0391
2026-09-21 11:05:00,1251.48,1251.99,1251.43,1251.99,5900,7384848.0234
2026-09-21 11:06:00,1251.98,1252.19,1251.35,1251.39,7400,9263502.0859
2026-09-21 11:07:00,1251.91,1252.09,1251.4,1251.98,5800,7260878.1328
2026-09-21 11:08:00,1251.91,1252.2,1251.83,1251.84,7400,9264510.9375
2026-09-21 11:09:00,1252.18,1252.18,1251.83,1252.0,4800,6009310.9141
2026-09-21 11:10:00,1251.8,1252.18,1251.8,1252.14,3700,4632573.0391
2026-09-21 11:11:00,1252.17,1252.17,1252.0,1252.0,4700,5884513.0234
2026-09-21 11:12:00,1252.0,1252.23,1251.96,1252.21,9100,11393648.9922
2026-09-21 11:13:00,1252.27,1252.55,1252.23,1252.44,4100,5134727.9219
2026-09-21 11:14:00,1252.44,1252.44,1252.21,1252.38,2500,3130845.9844
2026-09-21 11:15:00,1252.22,1253.33,1252.22,1252.93,5400,6764271.0
2026-09-21 11:16:00,1252.93,1253.3,1252.93,1253.21,2400,3007468.0234
2026-09-21 11:17:00,1253.2,1253.2,1252.14,1252.75,5500,6890480.1094
2026-09-21 11:18:00,1252.15,1252.84,1252.15,1252.84,4100,5135740.9297
2026-09-21 11:19:00,1252.83,1253.48,1252.77,1252.77,9000,11278723.8906
2026-09-21 11:20:00,1253.02,1253.03,1252.8,1252.8,2800,3508276.0234
2026-09-21 11:21:00,1252.8,1252.82,1252.03,1252.5,7600,9518579.0469
2026-09-21 11:22:00,1252.5,1252.74,1252.03,1252.04,3900,4884194.7578
2026-09-21 11:23:00,1252.04,1252.06,1252.0,1252.05,7600,9515441.1016
2026-09-21 11:24:00,1252.05,1252.15,1252.0,1252.01,4100,5133345.0859
2026-09-21 11:25:00,1252.01,1252.01,1251.7,1251.8,6900,8637961.125
2026-09-21 11:26:00,1251.8,1251.86,1251.5,1251.5,6200,7760578.0
2026-09-21 11:27:00,1251.5,1251.69,1251.36,1251.39,4300,5381341.0313
2026-09-21 11:28:00,1251.36,1251.7,1251.35,1251.5,4400,5506636.9766
2026-09-21 11:29:00,1251.56,1251.65,1251.53,1251.55,3400,4255332.1953
2026-09-21 11:30:00,1251.55,1251.58,1251.54,1251.57,8600,10763435.0938
2026-09-21 13:01:00,1251.58,1252.99,1251.53,1252.73,13200,16528920.6406
2026-09-21 13:02:00,1252.33,1253.59,1252.23,1253.59,14400,18041112.8828
2026-09-21 13:03:00,1253.59,1254.98,1253.53,1254.67,12200,15300622.9063
2026-09-21 13:04:00,1254.64,1255.58,1253.97,1255.23,13490,16925064.668
2026-09-21 13:05:00,1255.23,1255.55,1253.62,1253.62,9910,12433688.2461
2026-09-21 13:06:00,1253.99,1254.8,1253.99,1254.74,7900,9910483.0625
2026-09-21 13:07:00,1254.78,1254.9,1254.75,1254.8,5400,6776024.125
2026-09-21 13:08:00,1254.8,1254.81,1254.6,1254.76,3700,4642487.125
2026-09-21 13:09:00,1254.66,1254.73,1254.11,1254.11,8800,11040939.0313
2026-09-21 13:10:00,1254.5,1254.5,1254.0,1254.08,3100,3887622.9844
2026-09-21 13:11:00,1254.01,1254.01,1253.12,1253.13,5600,7018827.0078
2026-09-21 13:12:00,1253.13,1253.13,1252.5,1252.5,6200,7767616.0078
2026-09-21 13:13:00,1252.51,1253.0,1252.5,1252.96,4500,5637172.9922
2026-09-21 13:14:00,1252.76,1252.96,1252.56,1252.75,4100,5136024.9766
2026-09-21 13:15:00,1252.76,1253.99,1252.76,1253.9,8800,11029241.0391
2026-09-21 13:16:00,1253.89,1253.9,1253.21,1253.89,2400,3008543.0
2026-09-21 13:17:00,1253.89,1253.9,1253.5,1253.64,4000,5014902.9844
2026-09-21 13:18:00,1253.65,1253.65,1253.34,1253.64,3100,3885946.0
2026-09-21 13:19:00,1253.64,1253.92,1253.63,1253.7,3400,4262873.0
2026-09-21 13:20:00,1253.65,1254.49,1253.62,1254.49,8300,10407907.9922
2026-09-21 13:21:00,1254.14,1254.14,1253.64,1253.72,4300,5392043.0156
2026-09-21 13:22:00,1253.81,1253.87,1253.5,1253.63,4900,6143013.0
2026-09-21 13:23:00,1253.65,1253.78,1253.64,1253.78,1900,2382033.0313
2026-09-21 13:24:00,1253.74,1255.5,1253.74,1255.26,13400,16811687.0469
2026-09-21 13:25:00,1255.22,1255.22,1254.72,1255.0,4500,5647458.0
2026-09-21 13:26:00,1254.99,1254.99,1254.72,1254.76,4000,5019145.9922
2026-09-21 13:27:00,1254.74,1254.87,1254.7,1254.86,5300,6650458.9609
2026-09-21 13:28:00,1254.75,1254.75,1254.65,1254.65,2300,2885733.0313
2026-09-21 13:29:00,1254.66,1254.66,1253.75,1254.65,7107,8913387.1836
2026-09-21 13:30:00,1253.9,1254.56,1253.88,1253.88,4100,5142217.9688
2026-09-21 13:31:00,1253.89,1253.98,1253.79,1253.8,2100,2633155.0156
2026-09-21 13:32:00,1253.78,1254.07,1253.64,1253.74,3700,4638963.9922
2026-09-21 13:33:00,1253.73,1254.85,1253.73,1254.68,5100,6398301.0
2026-09-21 13:34:00,1254.67,1254.88,1254.67,1254.88,2600,3262376.0
2026-09-21 13:35:00,1254.71,1254.87,1254.0,1254.0,5800,7276041.0313
2026-09-21 13:36:00,1254.38,1255.37,1254.38,1254.72,12601,15812644.4158
2026-09-21 13:37:00,1254.81,1254.9,1254.72,1254.9,3295,4134656.4749
2026-09-21 13:38:00,1254.88,1254.89,1254.69,1254.7,4600,5771979.9063
2026-09-21 13:39:00,1254.69,1254.77,1254.69,1254.74,1900,2383977.9688
2026-09-21 13:40:00,1254.74,1255.3,1254.74,1254.98,8920,11193428.2422
2026-09-21 13:41:00,1254.98,1255.2,1254.76,1254.8,9480,11897773.1172
2026-09-21 13:42:00,1254.76,1254.83,1253.97,1253.97,15520,19470043.0938
2026-09-21 13:43:00,1253.97,1254.16,1253.9,1253.94,2800,3511249.0
2026-09-21 13:44:00,1253.91,1254.0,1253.88,1253.99,4100,5141095.0625
2026-09-21 13:45:00,1253.94,1253.99,1253.79,1253.93,9100,11410515.9844
2026-09-21 13:46:00,1253.92,1253.99,1253.86,1253.86,6200,7774323.1641
2026-09-21 13:47:00,1253.9,1253.9,1253.5,1253.51,5100,6394372.0
2026-09-21 13:48:00,1253.5,1253.61,1253.38,1253.61,5800,7270008.0469
2026-09-21 13:49:00,1253.61,1254.12,1253.54,1254.12,6800,8526356.9375
2026-09-21 13:50:00,1254.01,1254.15,1253.62,1253.79,6800,8525992.9688
2026-09-21 13:51:00,1253.79,1254.41,1253.79,1254.35,4300,5392311.9375
2026-09-21 13:52:00,1254.41,1254.76,1254.35,1254.72,4300,5394891.9922
2026-09-21 13:53:00,1254.72,1254.94,1254.72,1254.89,6200,7779816.0
2026-09-21 13:54:00,1254.9,1255.04,1254.9,1255.02,7600,9537947.0
2026-09-21 13:55:00,1255.06,1255.4,1255.05,1255.4,5800,7279923.8984
2026-09-21 13:56:00,1255.39,1255.55,1255.07,1255.15,7200,9038805.0313
2026-09-21 13:57:00,1255.08,1255.15,1254.72,1254.72,9400,11797286.9609
2026-09-21 13:58:00,1254.61,1254.72,1253.74,1254.39,7800,9782361.9375
2026-09-21 13:59:00,1254.53,1254.59,1254.32,1254.33,3200,4014349.9375
2026-09-21 14:00:00,1254.2,1254.32,1254.0,1254.03,4600,5768776.9375
2026-09-21 14:01:00,1254.02,1254.06,1253.91,1254.03,6100,7649335.0313
2026-09-21 14:02:00,1253.99,1254.1,1253.94,1254.05,5100,6395511.0547
2026-09-21 14:03:00,1254.06,1254.13,1254.02,1254.12,6400,8025882.1094
2026-09-21 14:04:00,1254.11,1254.13,1253.74,1253.9,9600,12038274.0313
2026-09-21 14:05:00,1253.9,1254.0,1253.61,1253.82,6200,7773344.0625
2026-09-21 14:06:00,1253.89,1253.97,1253.76,1253.97,4100,5140833.9609
2026-09-21 14:07:00,1253.92,1254.0,1253.78,1253.78,7300,9153702.0547
2026-09-21 14:08:00,1253.78,1253.79,1253.72,1253.72,4700,5892671.0
2026-09-21 14:09:00,1253.74,1253.81,1253.71,1253.81,3600,4513573.0625
2026-09-21 14:10:00,1253.85,1253.9,1253.8,1253.86,2900,3636216.0156
2026-09-21 14:11:00,1253.86,1253.92,1253.76,1253.9,4600,5767680.0
2026-09-21 14:12:00,1253.94,1254.0,1253.79,1253.89,6200,7774407.9609
2026-09-21 14:13:00,1253.82,1253.96,1253.7,1253.7,13200,16550236.0625
2026-09-21 14:14:00,1253.7,1253.7,1253.4,1253.6,7900,9903228.9297
2026-09-21 14:15:00,1253.6,1253.6,1253.42,1253.42,5652,7084749.8828
2026-09-21 14:16:00,1253.42,1253.67,1253.42,1253.46,4300,5390034.0
2026-09-21 14:17:00,1253.67,1253.73,1253.42,1253.46,5000,6267422.9453
2026-09-21 14:18:00,1253.46,1254.0,1253.45,1253.94,11800,14792603.0938
2026-09-21 14:19:00,1253.94,1253.94,1253.75,1253.76,3100,3886860.9297
2026-09-21 14:20:00,1253.77,1253.78,1253.76,1253.78,3400,4262818.0
2026-09-21 14:21:00,1253.78,1253.96,1253.77,1253.94,6194,7766525.7656
2026-09-21 14:22:00,1253.95,1253.95,1253.76,1253.77,7200,9027688.208
2026-09-21 14:23:00,1253.78,1254.0,1253.76,1253.94,5300,6645731.0605
2026-09-21 14:24:00,1253.95,1254.06,1253.94,1254.02,3600,4514395.9922
2026-09-21 14:25:00,1254.02,1254.03,1253.91,1253.91,6900,8652434.9766
2026-09-21 14:26:00,1253.93,1253.94,1253.58,1253.82,7606,9536152.5288
2026-09-21 14:27:00,1253.8,1253.93,1253.52,1253.57,8300,10406104.0547
2026-09-21 14:28:00,1253.5,1253.5,1252.22,1252.29,22600,28314664.1016
2026-09-21 14:29:00,1252.32,1252.78,1252.31,1252.78,7100,8893512.0
2026-09-21 14:30:00,1252.78,1252.89,1252.5,1252.8,13300,16661323.6563
2026-09-21 14:31:00,1252.8,1253.31,1252.48,1252.78,17700,22174559.1328
2026-09-21 14:32:00,1252.51,1252.98,1252.49,1252.8,9300,11651111.0938
2026-09-21 14:33:00,1252.86,1252.99,1252.8,1252.8,11000,13781342.0
2026-09-21 14:34:00,1252.9,1252.91,1252.54,1252.55,6900,8643889.0859
2026-09-21 14:35:00,1252.55,1252.76,1252.5,1252.75,10700,13403041.7734
2026-09-21 14:36:00,1252.7,1252.92,1252.53,1252.69,13600,17037462.0078
2026-09-21 14:37:00,1252.54,1252.75,1252.5,1252.51,12900,16158360.1563
2026-09-21 14:38:00,1252.55,1252.74,1252.5,1252.56,8100,10146294.0625
2026-09-21 14:39:00,1252.61,1252.75,1252.56,1252.68,7600,9520270.0625
2026-09-21 14:40:00,1252.69,1252.75,1252.66,1252.73,10000,12526892.1406
2026-09-21 14:41:00,1252.73,1252.93,1252.64,1252.81,9300,11650897.1875
2026-09-21 14:42:00,1252.79,1253.0,1252.77,1252.97,9400,11777388.0234
2026-09-21 14:43:00,1252.86,1253.0,1252.85,1252.88,12900,16162891.1797
2026-09-21 14:44:00,1252.88,1253.08,1252.87,1252.92,7800,9773192.0469
2026-09-21 14:45:00,1252.91,1253.62,1252.9,1253.32,15100,18921911.9375
2026-09-21 14:46:00,1253.32,1253.62,1253.09,1253.19,9500,11906241.7422
2026-09-21 14:47:00,1253.12,1253.28,1253.1,1253.17,10200,12782697.0625
2026-09-21 14:48:00,1253.17,1253.29,1253.06,1253.1,14800,18546517.9766
2026-09-21 14:49:00,1253.07,1253.11,1252.55,1252.55,21200,26559124.3828
2026-09-21 14:50:00,1252.59,1252.6,1252.0,1252.0,38824,48620831.1406
2026-09-21 14:51:00,1252.18,1252.28,1252.0,1252.18,11700,14650371.7578
2026-09-21 14:52:00,1252.2,1252.45,1252.16,1252.37,12600,15778279.9844
2026-09-21 14:53:00,1252.36,1252.75,1252.36,1252.74,10500,13151663.9766
2026-09-21 14:54:00,1252.64,1252.83,1252.64,1252.78,15700,19668630.0156
2026-09-21 14:55:00,1252.78,1253.35,1252.63,1253.01,29600,37087770.9297
2026-09-21 14:56:00,1253.01,1253.48,1252.7,1253.48,17912,22441147.5615
2026-09-21 14:57:00,1252.89,1253.48,1252.87,1253.13,18300,22931602.9453
2026-09-21 15:00:00,1252.57,1252.57,1252.57,1252.57,36031,45131347.3438
2026-09-22 09:31:00,1252.15,1252.58,1248.1,1249.97,186300,232943099.9082
2026-09-22 09:32:00,1250.0,1252.57,1249.98,1251.6,26574,33260535.5852
2026-09-22 09:33:00,1251.88,1254.96,1251.6,1253.65,32398,40618983.6392
2026-09-22 09:34:00,1253.63,1254.26,1251.88,1253.18,24750,31021779.9766
2026-09-22 09:35:00,1253.6,1254.19,1253.18,1254.0,22100,27709101.8438
2026-09-22 09:36:00,1254.16,1256.98,1254.16,1256.44,44810,56281238.2168
2026-09-22 09:37:00,1256.49,1258.57,1256.49,1258.5,49917,62787637.3359
2026-09-22 09:38:00,1258.08,1261.38,1258.07,1261.12,66330,83561792.1455
2026-09-22 09:39:00,1261.19,1262.3,1259.38,1260.01,34700,43758128.7148
2026-09-22 09:40:00,1260.0,1261.58,1258.19,1261.54,42247,53244856.6523
2026-09-22 09:41:00,1261.5,1263.0,1261.5,1262.63,45882,57914507.1641
2026-09-22 09:42:00,1262.7,1262.9,1260.0,1261.57,24353,30733888.2813
2026-09-22 09:43:00,1261.79,1263.15,1260.0,1260.11,37847,47755727.9063
2026-09-22 09:44:00,1260.78,1260.88,1259.25,1260.88,18900,23818254.9766
2026-09-22 09:45:00,1261.0,1262.0,1260.79,1261.8,15300,19304938.1094
2026-09-22 09:46:00,1261.8,1262.62,1261.0,1262.18,27300,34450904.8281
2026-09-22 09:47:00,1262.17,1263.15,1261.01,1263.08,47600,60100347.5547
2026-09-22 09:48:00,1263.07,1263.86,1262.62,1263.33,25700,32469455.8203
2026-09-22 09:49:00,1263.33,1265.88,1263.31,1265.14,61410,77672332.8359
2026-09-22 09:50:00,1265.15,1265.15,1263.01,1263.01,16500,20860558.1953
2026-09-22 09:51:00,1263.02,1263.98,1261.55,1263.0,17700,22356195.2188
2026-09-22 09:52:00,1263.74,1263.75,1262.64,1263.16,10500,13261882.9922
2026-09-22 09:53:00,1262.88,1262.88,1260.79,1261.78,11500,14512818.0234
2026-09-22 09:54:00,1261.86,1262.72,1261.02,1261.52,10900,13753812.9141
2026-09-22 09:55:00,1261.52,1263.27,1261.19,1263.0,16600,20952992.2109
2026-09-22 09:56:00,1263.0,1263.0,1261.03,1261.51,13200,16653086.0078
2026-09-22 09:57:00,1261.49,1261.5,1259.49,1260.08,28200,35539135.9297
2026-09-22 09:58:00,1260.04,1260.12,1258.57,1258.89,15900,20022426.0234
2026-09-22 09:59:00,1258.89,1260.11,1258.89,1260.11,7500,9447838.0391
2026-09-22 10:00:00,1260.0,1261.0,1259.98,1260.09,9200,11595189.2422
2026-09-22 10:01:00,1260.08,1260.11,1259.02,1259.72,6100,7685111.8203
2026-09-22 10:02:00,1260.08,1260.53,1259.72,1260.21,4200,5293074.9922
2026-09-22 10:03:00,1260.11,1260.43,1259.5,1259.5,7900,9954446.9531
2026-09-22 10:04:00,1259.66,1259.66,1258.88,1259.25,7500,9442676.0
2026-09-22 10:05:00,1259.02,1259.72,1259.02,1259.7,5300,6674623.0156
2026-09-22 10:06:00,1259.97,1259.97,1259.03,1259.03,4500,5666757.0703
2026-09-22 10:07:00,1259.03,1259.16,1258.4,1258.4,10700,13470094.0391
2026-09-22 10:08:00,1258.4,1259.18,1258.1,1258.64,14400,18122441.0469
2026-09-22 10:09:00,1259.14,1259.92,1258.67,1259.19,7100,8940942.9375
2026-09-22 10:10:00,1259.76,1259.76,1258.71,1259.46,5300,6675297.8125
2026-09-22 10:11:00,1259.62,1259.78,1258.78,1259.69,6700,8438773.9375
2026-09-22 10:12:00,1259.7,1260.4,1259.7,1260.0,7900,9953810.9219
2026-09-22 10:13:00,1259.88,1259.91,1259.45,1259.51,9700,12219970.9297
2026-09-22 10:14:00,1259.8,1259.89,1259.8,1259.89,6200,7810903.2422
2026-09-22 10:15:00,1259.88,1260.0,1259.01,1259.91,8700,10960230.1406
2026-09-22 10:16:00,1259.92,1260.88,1259.91,1260.88,7700,9702670.0391
2026-09-22 10:17:00,1260.07,1260.99,1260.06,1260.16,3300,4160149.0547
2026-09-22 10:18:00,1260.87,1260.9,1260.86,1260.87,6900,8700029.0
2026-09-22 10:19:00,1260.88,1261.91,1260.01,1260.02,13200,16645271.0391
2026-09-22 10:20:00,1260.12,1260.13,1259.84,1259.88,6500,8190429.0
2026-09-22 10:21:00,1259.83,1259.86,1259.0,1259.86,7500,9447386.0313
2026-09-22 10:22:00,1259.86,1260.0,1258.88,1259.03,11400,14362038.0
2026-09-22 10:23:00,1259.04,1259.7,1259.0,1259.56,16500,20775453.0469
2026-09-22 10:24:00,1259.56,1259.57,1258.83,1259.0,6600,8310072.0234
2026-09-22 10:25:00,1259.0,1259.55,1258.93,1259.05,8400,10576097.0703
2026-09-22 10:26:00,1259.11,1260.2,1259.1,1260.13,6800,8566069.9375
2026-09-22 10:27:00,1260.14,1260.14,1259.61,1259.62,6000,7559044.0
2026-09-22 10:28:00,1259.64,1259.98,1259.13,1259.14,3400,4282604.0
2026-09-22 10:29:00,1259.62,1259.65,1259.14,1259.65,6300,7933941.0
2026-09-22 10:30:00,1259.64,1259.95,1259.5,1259.5,6100,7683935.9531
2026-09-22 10:31:00,1259.5,1260.0,1259.5,1259.7,7000,8817857.9688
2026-09-22 10:32:00,1259.7,1260.19,1259.15,1259.16,10800,13605378.9063
2026-09-22 10:33:00,1259.51,1259.51,1258.01,1258.1,13600,17118666.9141
2026-09-22 10:34:00,1258.11,1258.33,1256.66,1256.66,24800,31192121.8906
2026-09-22 10:35:00,1256.74,1257.02,1256.5,1257.02,8100,10178695.2656
2026-09-22 10:36:00,1256.87,1257.04,1256.66,1256.87,6600,8295333.9844
2026-09-22 10:37:00,1256.87,1256.88,1256.0,1256.0,17700,22240598.9531
2026-09-22 10:38:00,1256.01,1256.09,1256.0,1256.09,6800,8541078.9141
2026-09-22 10:39:00,1256.09,1256.36,1256.08,1256.09,5400,6783119.9609
2026-09-22 10:40:00,1256.15,1256.17,1255.0,1255.1,27400,34396691.0938
2026-09-22 10:41:00,1255.1,1256.42,1255.01,1256.28,9100,11424185.0547
2026-09-22 10:42:00,1256.33,1256.43,1255.8,1255.81,4800,6029867.1328
2026-09-22 10:43:00,1255.8,1255.8,1255.3,1255.78,6904,8669004.9951
2026-09-22 10:44:00,1255.79,1256.96,1255.79,1256.53,6486,8148003.9492
2026-09-22 10:45:00,1256.31,1256.31,1255.66,1256.04,7296,9162808.7949
2026-09-22 10:46:00,1256.02,1256.03,1255.76,1256.03,4200,5274755.0078
2026-09-22 10:47:00,1256.03,1256.94,1255.89,1256.0,7100,8918866.9453
2026-09-22 10:48:00,1255.91,1256.72,1255.91,1256.72,4300,5402242.9844
2026-09-22 10:49:00,1256.75,1256.89,1256.72,1256.83,2000,2513603.9922
2026-09-22 10:50:00,1256.9,1257.1,1256.83,1257.1,2200,2765378.9766
2026-09-22 10:51:00,1257.09,1257.56,1256.79,1256.79,5800,7291415.0703
2026-09-22 10:52:00,1256.79,1256.79,1256.42,1256.49,3400,4272335.0547
2026-09-22 10:53:00,1256.42,1256.42,1256.0,1256.0,4000,5024659.9609
2026-09-22 10:54:00,1256.01,1256.01,1255.66,1255.75,6100,7660574.9844
2026-09-22 10:55:00,1255.75,1255.99,1255.7,1255.99,6300,7911788.9922
2026-09-22 10:56:00,1255.99,1256.76,1255.84,1256.62,3100,3894443.0
2026-09-22 10:57:00,1256.76,1256.76,1256.0,1256.01,4800,6030114.9531
2026-09-22 10:58:00,1256.15,1256.49,1256.07,1256.07,3100,3894269.0547
2026-09-22 10:59:00,1256.07,1256.44,1256.07,1256.42,4100,5150436.0
2026-09-22 11:00:00,1256.21,1256.44,1256.11,1256.13,5100,6406588.0156
2026-09-22 11:01:00,1256.12,1256.27,1256.12,1256.18,2800,3517369.0234
2026-09-22 11:02:00,1256.28,1256.28,1256.01,1256.25,5300,6657332.0234
2026-09-22 11:03:00,1256.21,1256.28,1256.04,1256.08,3300,4145314.0234
2026-09-22 11:04:00,1256.06,1256.37,1256.01,1256.37,14100,17710695.9922
2026-09-22 11:05:00,1256.34,1256.56,1256.3,1256.56,3500,4397369.0313
2026-09-22 11:06:00,1256.57,1257.8,1256.56,1257.8,2600,3268701.0
2026-09-22 11:07:00,1257.59,1258.0,1257.2,1257.76,3100,3898657.0469
2026-09-22 11:08:00,1258.0,1258.43,1257.75,1257.78,3400,4277111.0469
2026-09-22 11:09:00,1257.78,1257.82,1257.45,1257.45,5200,6539752.9531
2026-09-22 11:10:00,1257.66,1258.31,1257.46,1257.89,4300,5408300.0625
2026-09-22 11:11:00,1257.84,1258.21,1257.6,1257.6,2300,2892891.0
2026-09-22 11:12:00,1257.6,1258.0,1257.45,1257.91,5900,7419515.9844
2026-09-22 11:13:00,1257.91,1258.0,1257.02,1257.02,12900,16225902.9043
2026-09-22 11:14:00,1257.01,1257.81,1256.97,1257.38,4700,5910219.0625
2026-09-22 11:15:00,1257.38,1257.77,1257.05,1257.64,2500,3143557.9531
2026-09-22 11:16:00,1257.72,1257.75,1257.15,1257.62,3300,4150347.0
2026-09-22 11:17:00,1257.71,1257.71,1257.14,1257.14,1600,2011873.9922
2026-09-22 11:18:00,1257.14,1257.66,1257.13,1257.13,5400,6788916.9766
2026-09-22 11:19:00,1257.4,1257.46,1257.01,1257.19,2100,2640189.9531
2026-09-22 11:20:00,1257.22,1257.63,1256.3,1256.3,6300,7919060.0156
2026-09-22 11:21:00,1256.29,1256.74,1256.15,1256.33,1800,2261561.0313
2026-09-22 11:22:00,1256.34,1256.74,1256.33,1256.74,2025,2544750.2461
2026-09-22 11:23:00,1256.73,1256.73,1256.34,1256.5,2700,3392503.0234
2026-09-22 11:24:00,1256.5,1256.78,1256.43,1256.78,1800,2261772.0
2026-09-22 11:25:00,1256.44,1256.78,1256.43,1256.46,1700,2136112.9922
2026-09-22 11:26:00,1256.56,1256.77,1256.46,1256.46,2600,3267083.0156
2026-09-22 11:27:00,1256.6,1256.7,1256.43,1256.55,3300,4146297.0313
2026-09-22 11:28:00,1256.55,1256.55,1256.0,1256.0,6675,8385968.9414
2026-09-22 11:29:00,1256.01,1256.19,1256.0,1256.1,4200,5275368.9844
2026-09-22 11:30:00,1256.01,1256.01,1255.55,1255.6,10100,12684569.0
2026-09-22 13:01:00,1255.88,1256.1,1254.66,1254.77,41690,52328472.4727
2026-09-22 13:02:00,1254.79,1254.8,1253.99,1253.99,14600,18310984.9844
2026-09-22 13:03:00,1254.0,1254.14,1253.99,1254.0,5200,6520955.0313
2026-09-22 13:04:00,1254.0,1254.0,1252.8,1253.5,18600,23308936.1016
2026-09-22 13:05:00,1253.5,1253.81,1252.9,1253.0,7200,9023285.0469
2026-09-22 13:06:00,1252.9,1253.8,1252.87,1253.72,10500,13157446.0469
2026-09-22 13:07:00,1253.14,1253.73,1252.8,1252.8,8700,10902017.9922
2026-09-22 13:08:00,1252.72,1252.85,1252.52,1252.85,5000,6263251.9531
2026-09-22 13:09:00,1252.85,1253.0,1252.74,1253.0,3500,4385110.0
2026-09-22 13:10:00,1252.91,1252.91,1252.73,1252.77,3700,4635453.0156
2026-09-22 13:11:00,1252.91,1252.91,1252.75,1252.78,2100,2630938.0
2026-09-22 13:12:00,1252.81,1253.69,1252.81,1253.1,10000,12530097.0703
2026-09-22 13:13:00,1253.1,1253.72,1253.1,1253.5,3900,4888278.0
2026-09-22 13:14:00,1253.72,1253.85,1253.35,1253.43,3300,4137138.0547
2026-09-22 13:15:00,1253.46,1253.83,1253.0,1253.66,11900,14912478.9531
2026-09-22 13:16:00,1253.42,1253.42,1252.81,1252.93,4300,5388131.0938
2026-09-22 13:17:00,1252.93,1253.65,1252.91,1253.65,6500,8144862.1172
2026-09-22 13:18:00,1253.18,1253.63,1252.81,1252.94,6400,8019743.9141
2026-09-22 13:19:00,1252.82,1252.99,1252.82,1252.98,4200,5262322.8125
2026-09-22 13:20:00,1252.99,1254.46,1252.98,1253.28,10500,13162632.9609
2026-09-22 13:21:00,1253.32,1254.22,1253.01,1253.11,4600,5764960.9297
2026-09-22 13:22:00,1253.97,1254.21,1253.05,1253.32,3800,4763461.0313
2026-09-22 13:23:00,1253.33,1253.4,1253.32,1253.39,3600,4512058.8516
2026-09-22 13:24:00,1253.36,1253.49,1253.0,1253.0,7000,8772636.0781
2026-09-22 13:25:00,1252.99,1253.0,1252.92,1252.96,4000,5011901.9922
2026-09-22 13:26:00,1252.95,1253.59,1252.95,1253.59,8900,11152268.9453
2026-09-22 13:27:00,1253.59,1254.3,1253.2,1254.3,6700,8399453.9375
2026-09-22 13:28:00,1254.26,1254.39,1253.73,1254.35,3800,4765793.9766
2026-09-22 13:29:00,1254.35,1254.35,1253.76,1254.32,6700,8403042.9063
2026-09-22 13:30:00,1254.35,1254.35,1253.82,1254.31,4900,6145233.7969
2026-09-22 13:31:00,1253.82,1255.0,1253.72,1254.35,7600,9533062.0469
2026-09-22 13:32:00,1254.76,1255.0,1254.06,1255.0,4250,5332383.0469
2026-09-22 13:33:00,1254.78,1255.9,1254.0,1254.06,14900,18691055.0156
2026-09-22 13:34:00,1254.08,1255.28,1253.97,1254.02,10500,13168107.9375
2026-09-22 13:35:00,1254.83,1254.93,1254.03,1254.22,10700,13425950.8203
2026-09-22 13:36:00,1254.75,1255.59,1254.32,1255.59,6000,7530435.9844
2026-09-22 13:37:00,1255.01,1255.58,1254.74,1255.57,3800,4769369.0078
2026-09-22 13:38:00,1255.57,1255.57,1254.42,1254.71,3800,4768639.9922
2026-09-22 13:39:00,1254.71,1255.44,1254.33,1255.0,11800,14807028.9609
2026-09-22 13:40:00,1255.0,1255.39,1255.0,1255.37,3300,4142064.0469
2026-09-22 13:41:00,1255.04,1255.98,1255.04,1255.98,4200,5272852.0234
2026-09-22 13:42:00,1255.99,1256.25,1255.5,1255.88,6700,8414638.9297
2026-09-22 13:43:00,1256.09,1256.5,1255.88,1256.29,4900,6155398.0078
2026-09-22 13:44:00,1256.2,1256.49,1255.06,1255.06,8600,10800990.9609
2026-09-22 13:45:00,1256.29,1256.3,1255.05,1256.0,3400,4268754.1406
2026-09-22 13:46:00,1256.0,1256.01,1254.0,1255.76,13100,16435277.0391
2026-09-22 13:47:00,1254.5,1255.76,1254.5,1255.11,2700,3389394.9297
2026-09-22 13:48:00,1255.23,1255.57,1255.23,1255.56,4400,5524061.0781
2026-09-22 13:49:00,1255.56,1255.88,1255.25,1255.88,4460,5599673.5117
2026-09-22 13:50:00,1256.0,1256.01,1255.6,1256.0,3400,4270177.0
2026-09-22 13:51:00,1255.64,1256.0,1255.5,1255.5,3600,4520651.0078
2026-09-22 13:52:00,1255.43,1256.01,1255.43,1256.01,4200,5274319.0234
2026-09-22 13:53:00,1256.01,1256.09,1255.25,1255.25,10200,12808712.0234
2026-09-22 13:54:00,1255.5,1256.22,1255.5,1255.87,8400,10549611.9531
2026-09-22 13:55:00,1255.77,1256.0,1255.51,1255.97,4800,6027695.0
2026-09-22 13:56:00,1255.55,1256.0,1255.26,1255.55,2800,3515829.0703
2026-09-22 13:57:00,1255.26,1255.57,1255.25,1255.57,4250,5335724.1172
2026-09-22 13:58:00,1255.57,1255.98,1255.33,1255.42,3900,4896666.9844
2026-09-22 13:59:00,1255.7,1255.97,1255.41,1255.97,3500,4395366.0
2026-09-22 14:00:00,1255.95,1255.99,1255.54,1255.62,4300,5400102.9609
2026-09-22 14:01:00,1255.6,1255.99,1255.0,1255.01,5900,7407151.0313
2026-09-22 14:02:00,1255.08,1255.35,1255.01,1255.09,3600,4518604.9844
2026-09-22 14:03:00,1255.17,1255.33,1255.12,1255.17,4000,5020781.9531
2026-09-22 14:04:00,1255.32,1255.33,1255.22,1255.24,3500,4393490.0078
2026-09-22 14:05:00,1255.3,1255.33,1254.0,1254.01,7900,9913162.0234
2026-09-22 14:06:00,1254.0,1254.37,1254.0,1254.0,12900,16176729.0
2026-09-22 14:07:00,1254.0,1254.01,1253.59,1253.67,5300,6644959.8906
2026-09-22 14:08:00,1253.62,1253.88,1253.5,1253.87,8100,10154782.9688
2026-09-22 14:09:00,1253.88,1254.38,1253.83,1254.38,5400,6771985.9844
2026-09-22 14:10:00,1254.3,1255.3,1254.02,1255.29,5600,7025673.9766
2026-09-22 14:11:00,1255.0,1255.2,1254.38,1254.94,4500,5646477.9297
2026-09-22 14:12:00,1254.57,1254.88,1254.48,1254.87,3000,3763885.0156
2026-09-22 14:13:00,1254.51,1254.85,1254.38,1254.85,2200,2759999.0078
2026-09-22 14:14:00,1254.85,1254.85,1254.0,1254.0,3100,3888182.0313
2026-09-22 14:15:00,1254.0,1254.0,1253.38,1253.4,4100,5140040.8828
2026-09-22 14:16:00,1253.4,1254.95,1253.39,1254.33,7843,9834771.9063
2026-09-22 14:17:00,1254.34,1254.94,1254.34,1254.94,3205,4021056.7656
2026-09-22 14:18:00,1254.94,1254.96,1254.4,1254.96,6000,7529061.8047
2026-09-22 14:19:00,1255.0,1255.36,1254.52,1254.54,5000,6274863.9922
2026-09-22 14:20:00,1254.98,1254.98,1254.31,1254.31,3500,4391070.0391
2026-09-22 14:21:00,1254.44,1255.0,1254.0,1254.47,7700,9661541.0156
2026-09-22 14:22:00,1254.61,1254.61,1254.0,1254.4,3400,4264713.9922
2026-09-22 14:23:00,1254.35,1254.58,1254.03,1254.1,3300,4139294.9844
2026-09-22 14:24:00,1254.1,1254.62,1254.09,1254.62,3900,4891918.8906
2026-09-22 14:25:00,1254.1,1254.7,1254.1,1254.1,2600,3261477.9688
2026-09-22 14:26:00,1254.6,1254.62,1254.1,1254.5,3600,4515433.9844
2026-09-22 14:27:00,1254.5,1254.59,1254.12,1254.52,3200,4014044.0625
2026-09-22 14:28:00,1254.59,1254.6,1254.02,1254.09,8400,10535112.9531
2026-09-22 14:29:00,1254.38,1254.4,1254.01,1254.02,5800,7273715.0234
2026-09-22 14:30:00,1254.02,1254.03,1253.51,1253.51,7000,8777679.0547
2026-09-22 14:31:00,1253.5,1254.02,1253.28,1253.33,8400,10529341.9063
2026-09-22 14:32:00,1253.33,1253.5,1253.25,1253.5,6000,7520255.9297
2026-09-22 14:33:00,1253.5,1253.5,1253.11,1253.13,6300,7895508.0156
2026-09-22 14:34:00,1253.19,1254.02,1253.13,1253.62,8900,11155551.0313
2026-09-22 14:35:00,1253.6,1254.01,1253.56,1254.0,7300,9152647.9688
2026-09-22 14:36:00,1254.02,1255.34,1254.0,1255.0,14400,18064227.9375
2026-09-22 14:37:00,1255.01,1255.37,1254.17,1255.29,9500,11922873.875
2026-09-22 14:38:00,1255.32,1255.46,1255.03,1255.09,5100,6401583.0078
2026-09-22 14:39:00,1255.07,1255.46,1254.5,1255.45,8300,10417813.0938
2026-09-22 14:40:00,1255.07,1255.88,1255.0,1255.84,17300,21723079.0703
2026-09-22 14:41:00,1255.42,1255.97,1255.0,1255.94,11300,14189150.9844
2026-09-22 14:42:00,1255.93,1256.01,1255.04,1255.04,15400,19341095.0391
2026-09-22 14:43:00,1255.78,1256.5,1255.4,1256.5,11700,14695814.9375
2026-09-22 14:44:00,1256.38,1256.67,1256.03,1256.4,6400,8041282.0625
2026-09-22 14:45:00,1256.39,1256.55,1255.96,1256.42,6200,7789370.0234
2026-09-22 14:46:00,1256.39,1256.66,1256.31,1256.41,8200,10303620.0
2026-09-22 14:47:00,1256.38,1256.38,1255.1,1255.2,6620,8312880.2305
2026-09-22 14:48:00,1255.22,1256.0,1255.19,1255.4,6900,8662041.9531
2026-09-22 14:49:00,1255.4,1255.99,1255.21,1255.57,13500,16949483.9375
2026-09-22 14:50:00,1255.57,1256.0,1255.22,1256.0,9972,12520833.7656
2026-09-22 14:51:00,1255.24,1256.0,1255.21,1255.98,10100,12681211.2617
2026-09-22 14:52:00,1255.49,1256.0,1255.2,1255.2,14000,17576563.8203
2026-09-22 14:53:00,1255.2,1255.98,1255.2,1255.28,10600,13307196.9375
2026-09-22 14:54:00,1255.95,1255.95,1255.25,1255.3,10600,13307668.2031
2026-09-22 14:55:00,1255.3,1255.86,1255.1,1255.22,17300,21717833.0078
2026-09-22 14:56:00,1255.69,1255.78,1254.53,1255.04,18700,23471471.7188
2026-09-22 14:57:00,1255.04,1255.77,1255.0,1255.5,10200,12802809.0781
2026-09-22 15:00:00,1253.8,1253.8,1253.8,1253.8,24800,31094241.7031
