day,open,high,low,close,volume,amount
2026-09-10 13:53:00,24.67,24.67,24.63,24.64,249500,6149366.9761
2026-09-10 13:54:00,24.65,24.66,24.63,24.64,143600,3538516.9922
2026-09-10 13:55:00,24.64,24.71,24.64,24.69,176399,4352294.3511
2026-09-10 13:56:00,24.69,24.75,24.69,24.69,156400,3865481.9585
2026-09-10 13:57:00,24.69,24.74,24.67,24.73,129200,3191671.9961
2026-09-10 13:58:00,24.72,24.72,24.71,24.72,60100,1485410.9937
2026-09-10 13:59:00,24.72,24.77,24.71,24.75,195600,4839683.9829
2026-09-10 14:00:00,24.75,24.75,24.71,24.72,63500,1570374.9961
2026-09-10 14:01:00,24.72,24.73,24.7,24.71,49700,1228253.9888
2026-09-10 14:02:00,24.71,24.75,24.7,24.73,192000,4746897.9761
2026-09-10 14:03:00,24.73,24.75,24.71,24.74,88600,2191573.0
2026-09-10 14:04:00,24.74,24.75,24.7,24.72,116200,2873096.9798
2026-09-10 14:05:00,24.72,24.72,24.69,24.69,76400,1887221.9899
2026-09-10 14:06:00,24.69,24.7,24.66,24.69,105800,2611581.0
2026-09-10 14:07:00,24.7,24.71,24.69,24.7,98500,2432949.0
2026-09-10 14:08:00,24.69,24.7,24.68,24.69,83900,2071081.0
2026-09-10 14:09:00,24.69,24.72,24.69,24.71,228400,5642929.9194
2026-09-10 14:10:00,24.72,24.72,24.69,24.69,180200,4452323.9917
2026-09-10 14:11:00,24.69,24.71,24.68,24.69,130200,3214974.002
2026-09-10 14:12:00,24.69,24.69,24.67,24.68,99900,2465814.0
2026-09-10 14:13:00,24.68,24.68,24.65,24.66,261900,6458962.0
2026-09-10 14:14:00,24.66,24.68,24.66,24.67,83100,2050138.0
2026-09-10 14:15:00,24.67,24.69,24.67,24.68,64100,1581988.0
2026-09-10 14:16:00,24.68,24.69,24.66,24.67,134600,3321191.0
2026-09-10 14:17:00,24.66,24.68,24.65,24.65,102500,2527930.0
2026-09-10 14:18:00,24.65,24.66,24.62,24.62,204600,5041196.9814
2026-09-10 14:19:00,24.63,24.64,24.62,24.63,171300,4218359.0088
2026-09-10 14:20:00,24.62,24.65,24.62,24.64,114000,2808361.9863
2026-09-10 14:21:00,24.65,24.69,24.64,24.67,235300,5803133.0
2026-09-10 14:22:00,24.67,24.7,24.66,24.66,190600,4704212.0
2026-09-10 14:23:00,24.67,24.67,24.64,24.65,93100,2295414.0
2026-09-10 14:24:00,24.65,24.66,24.62,24.62,240600,5929076.9946
2026-09-10 14:25:00,24.62,24.64,24.61,24.64,254200,6261237.9736
2026-09-10 14:26:00,24.64,24.65,24.63,24.64,132600,3266627.9575
2026-09-10 14:27:00,24.65,24.67,24.64,24.65,228500,5632986.0
2026-09-10 14:28:00,24.65,24.68,24.64,24.67,233100,5748892.0
2026-09-10 14:29:00,24.67,24.68,24.65,24.66,129800,3201994.0
2026-09-10 14:30:00,24.68,24.68,24.65,24.66,72700,1793546.0
2026-09-10 14:31:00,24.67,24.68,24.64,24.67,300800,7418564.0
2026-09-10 14:32:00,24.68,24.7,24.67,24.69,121200,2991799.0
2026-09-10 14:33:00,24.7,24.71,24.68,24.7,122700,3030875.9819
2026-09-10 14:34:00,24.71,24.72,24.68,24.69,355000,8768215.938
2026-09-10 14:35:00,24.7,24.71,24.68,24.71,116458,2875899.4395
2026-09-10 14:36:00,24.72,24.74,24.7,24.72,414300,10244362.981
2026-09-10 14:37:00,24.72,24.75,24.71,24.73,288200,7128579.9941
2026-09-10 14:38:00,24.73,24.74,24.69,24.7,384600,9505137.9771
2026-09-10 14:39:00,24.7,24.72,24.69,24.71,132900,3283620.9697
2026-09-10 14:40:00,24.71,24.72,24.69,24.69,139600,3448243.9893
2026-09-10 14:41:00,24.71,24.72,24.68,24.69,156600,3867717.9923
2026-09-10 14:42:00,24.69,24.72,24.69,24.71,403900,9978772.9145
2026-09-10 14:43:00,24.71,24.72,24.7,24.7,105681,2611045.6895
2026-09-10 14:44:00,24.71,24.72,24.69,24.71,211281,5219281.6751
2026-09-10 14:45:00,24.72,24.72,24.7,24.72,165800,4097090.1122
2026-09-10 14:46:00,24.72,24.72,24.69,24.69,237501,5867209.2346
2026-09-10 14:47:00,24.7,24.71,24.68,24.69,362441,8950027.8256
2026-09-10 14:48:00,24.69,24.7,24.68,24.69,283472,6998930.3979
2026-09-10 14:49:00,24.69,24.7,24.68,24.69,134300,3315701.0028
2026-09-10 14:50:00,24.7,24.7,24.68,24.7,122400,3022458.0098
2026-09-10 14:51:00,24.7,24.7,24.67,24.7,405000,9999447.0334
2026-09-10 14:52:00,24.71,24.72,24.69,24.71,281500,6954809.9658
2026-09-10 14:53:00,24.72,24.72,24.7,24.71,189300,4677815.9536
2026-09-10 14:54:00,24.71,24.71,24.66,24.7,466800,11525086.9988
2026-09-10 14:55:00,24.71,24.71,24.68,24.71,412200,10178677.9956
2026-09-10 14:56:00,24.71,24.72,24.65,24.68,366400,9043731.9927
2026-09-10 14:57:00,24.69,24.7,24.66,24.7,300100,7409335.0
2026-09-10 15:00:00,24.7,24.7,24.7,24.7,453915,11211700.5273
2026-09-11 09:31:00,25.16,25.21,24.95,24.98,3563900,89543583.7684
2026-09-11 09:32:00,24.95,25.0,24.78,24.87,2587800,64414360.8615
2026-09-11 09:33:00,24.87,24.89,24.75,24.83,2439300,60493256.0298
2026-09-11 09:34:00,24.82,24.85,24.7,24.76,1826339,45233031.3306
2026-09-11 09:35:00,24.77,24.89,24.72,24.72,982300,24367666.0238
2026-09-11 09:36:00,24.73,24.75,24.6,24.6,1180461,29112691.5221
2026-09-11 09:37:00,24.61,24.61,24.53,24.56,689100,16927622.0591
2026-09-11 09:38:00,24.57,24.57,24.45,24.52,1042400,25553495.999
2026-09-11 09:39:00,24.51,24.64,24.46,24.5,945700,23187087.999
2026-09-11 09:40:00,24.49,24.55,24.46,24.47,526600,12905491.0203
2026-09-11 09:41:00,24.46,24.47,24.4,24.43,741000,18101205.9507
2026-09-11 09:42:00,24.41,24.53,24.41,24.48,457154,11193310.5579
2026-09-11 09:43:00,24.49,24.5,24.35,24.36,742586,18135914.0775
2026-09-11 09:44:00,24.36,24.37,24.25,24.3,1381914,33587405.6363
2026-09-11 09:45:00,24.3,24.48,24.3,24.46,481016,11727211.6955
2026-09-11 09:46:00,24.47,24.53,24.41,24.42,838368,20522009.1768
2026-09-11 09:47:00,24.42,24.43,24.36,24.38,552065,13466231.1626
2026-09-11 09:48:00,24.38,24.39,24.29,24.36,617500,15020786.5028
2026-09-11 09:49:00,24.36,24.4,24.31,24.39,332045,8086725.7044
2026-09-11 09:50:00,24.37,24.45,24.37,24.43,470900,11497367.0
2026-09-11 09:51:00,24.41,24.43,24.33,24.35,349700,8525071.981
2026-09-11 09:52:00,24.34,24.35,24.27,24.29,823481,20015488.8788
2026-09-11 09:53:00,24.3,24.31,24.23,24.26,626183,15192092.6203
2026-09-11 09:54:00,24.27,24.28,24.18,24.2,910901,22061253.0886
2026-09-11 09:55:00,24.18,24.22,24.17,24.18,778197,18827469.4882
2026-09-11 09:56:00,24.19,24.25,24.17,24.22,699903,16934044.4795
2026-09-11 09:57:00,24.22,24.36,24.2,24.35,398100,9662901.0229
2026-09-11 09:58:00,24.35,24.44,24.31,24.42,636200,15516288.9995
2026-09-11 09:59:00,24.43,24.45,24.32,24.36,402400,9812911.0054
2026-09-11 10:00:00,24.36,24.45,24.36,24.41,461200,11257686.0151
2026-09-11 10:01:00,24.42,24.45,24.34,24.44,474800,11589810.0024
2026-09-11 10:02:00,24.44,24.49,24.41,24.46,308300,7544157.9795
2026-09-11 10:03:00,24.46,24.47,24.41,24.43,334300,8171188.999
2026-09-11 10:04:00,24.43,24.45,24.38,24.42,398500,9733611.9946
2026-09-11 10:05:00,24.41,24.43,24.32,24.33,667454,16278546.2805
2026-09-11 10:06:00,24.32,24.33,24.24,24.28,420200,10206718.0171
2026-09-11 10:07:00,24.27,24.28,24.2,24.22,304300,7375010.9893
2026-09-11 10:08:00,24.21,24.26,24.18,24.24,514300,12450991.8063
2026-09-11 10:09:00,24.23,24.31,24.22,24.27,347300,8423723.0034
2026-09-11 10:10:00,24.27,24.27,24.17,24.17,543265,13154436.9642
2026-09-11 10:11:00,24.18,24.19,24.15,24.15,552035,13340080.9488
2026-09-11 10:12:00,24.16,24.22,24.14,24.18,628100,15181457.9673
2026-09-11 10:13:00,24.19,24.31,24.18,24.26,251900,6103963.9878
2026-09-11 10:14:00,24.25,24.29,24.21,24.21,254200,6159952.001
2026-09-11 10:15:00,24.22,24.3,24.21,24.24,391999,9503515.7637
2026-09-11 10:16:00,24.23,24.24,24.18,24.2,411201,9950522.2168
2026-09-11 10:17:00,24.2,24.25,24.19,24.24,978500,23688039.9985
2026-09-11 10:18:00,24.25,24.29,24.24,24.26,286000,6936449.001
2026-09-11 10:19:00,24.25,24.27,24.19,24.19,396600,9610407.9834
2026-09-11 10:20:00,24.2,24.27,24.2,24.27,369900,8959788.9795
2026-09-11 10:21:00,24.26,24.32,24.21,24.21,253800,6161973.0063
2026-09-11 10:22:00,24.21,24.24,24.19,24.23,226169,5475000.7832
2026-09-11 10:23:00,24.23,24.28,24.21,24.28,135300,3281095.999
2026-09-11 10:24:00,24.27,24.32,24.25,24.32,862700,20960817.0527
2026-09-11 10:25:00,24.32,24.33,24.3,24.32,246800,6000754.0
2026-09-11 10:26:00,24.32,24.32,24.2,24.24,1274900,30915938.9634
2026-09-11 10:27:00,24.24,24.25,24.22,24.24,166100,4026920.0
2026-09-11 10:28:00,24.24,24.24,24.21,24.22,134600,3260898.9961
2026-09-11 10:29:00,24.22,24.23,24.19,24.2,226900,5492761.9663
2026-09-11 10:30:00,24.2,24.26,24.16,24.17,556700,13472482.981
2026-09-11 10:31:00,24.17,24.2,24.11,24.14,654600,15811301.0097
2026-09-11 10:32:00,24.13,24.17,24.11,24.15,263500,6359462.0088
2026-09-11 10:33:00,24.15,24.19,24.13,24.18,273600,6611876.0
2026-09-11 10:34:00,24.16,24.17,24.11,24.12,284300,6859861.0435
2026-09-11 10:35:00,24.13,24.2,24.11,24.18,847300,20466771.8086
2026-09-11 10:36:00,24.17,24.19,24.15,24.17,117600,2841615.0
2026-09-11 10:37:00,24.16,24.17,24.14,24.14,400100,9663581.0
2026-09-11 10:38:00,24.14,24.2,24.13,24.19,254581,6150774.959
2026-09-11 10:39:00,24.19,24.26,24.18,24.25,128957,3122417.2521
2026-09-11 10:40:00,24.25,24.3,24.23,24.27,210600,5110928.0078
2026-09-11 10:41:00,24.26,24.27,24.24,24.25,136211,3304099.75
2026-09-11 10:42:00,24.26,24.26,24.21,24.21,128600,3116951.0
2026-09-11 10:43:00,24.22,24.22,24.2,24.21,94200,2280484.3268
2026-09-11 10:44:00,24.21,24.25,24.18,24.25,170106,4119154.3476
2026-09-11 10:45:00,24.24,24.27,24.22,24.24,110900,2690141.0
2026-09-11 10:46:00,24.23,24.32,24.22,24.32,176070,4272977.5785
2026-09-11 10:47:00,24.31,24.39,24.31,24.37,250024,6089463.7238
2026-09-11 10:48:00,24.36,24.38,24.34,24.37,150767,3672939.0538
2026-09-11 10:49:00,24.37,24.46,24.36,24.45,360527,8804064.5982
2026-09-11 10:50:00,24.44,24.48,24.43,24.46,150900,3690630.9702
2026-09-11 10:51:00,24.47,24.5,24.46,24.49,282200,6907939.9956
2026-09-11 10:52:00,24.5,24.5,24.43,24.45,236000,5777750.9946
2026-09-11 10:53:00,24.45,24.47,24.38,24.39,152200,3717913.9976
2026-09-11 10:54:00,24.4,24.44,24.39,24.43,142800,3486321.0
2026-09-11 10:55:00,24.43,24.46,24.39,24.44,295400,7215456.0039
2026-09-11 10:56:00,24.45,24.48,24.43,24.47,105600,2582065.9868
2026-09-11 10:57:00,24.47,24.48,24.43,24.44,188600,4610691.9995
2026-09-11 10:58:00,24.42,24.45,24.42,24.44,63100,1541853.0
2026-09-11 10:59:00,24.44,24.46,24.42,24.43,76000,1857422.9995
2026-09-11 11:00:00,24.43,24.54,24.42,24.54,199900,4897238.9863
2026-09-11 11:01:00,24.54,24.6,24.52,24.58,388335,9535812.588
2026-09-11 11:02:00,24.59,24.6,24.54,24.57,197899,4862509.397
2026-09-11 11:03:00,24.57,24.59,24.53,24.53,237200,5826886.9717
2026-09-11 11:04:00,24.53,24.55,24.5,24.54,131400,3224036.0044
2026-09-11 11:05:00,24.54,24.59,24.54,24.59,89800,2205920.0024
2026-09-11 11:06:00,24.58,24.59,24.52,24.54,259800,6382788.0044
2026-09-11 11:07:00,24.54,24.54,24.5,24.5,106400,2608717.0054
2026-09-11 11:08:00,24.51,24.56,24.48,24.54,157884,3872781.5182
2026-09-11 11:09:00,24.54,24.57,24.52,24.52,118700,2913242.0225
2026-09-11 11:10:00,24.51,24.51,24.47,24.48,65800,1611299.0
2026-09-11 11:11:00,24.48,24.53,24.46,24.46,113400,2777152.9951
2026-09-11 11:12:00,24.46,24.47,24.39,24.39,183200,4475203.9956
2026-09-11 11:13:00,24.39,24.41,24.38,24.39,84500,2061263.0
2026-09-11 11:14:00,24.4,24.42,24.39,24.41,88500,2159746.0
2026-09-11 11:15:00,24.41,24.42,24.4,24.41,91300,2228699.0
2026-09-11 11:16:00,24.41,24.44,24.41,24.43,57500,1404655.0
2026-09-11 11:17:00,24.43,24.5,24.42,24.48,94300,2307560.998
2026-09-11 11:18:00,24.47,24.49,24.45,24.47,90000,2202396.9912
2026-09-11 11:19:00,24.47,24.53,24.47,24.53,89000,2179532.0
2026-09-11 11:20:00,24.52,24.54,24.49,24.52,60000,1470503.0
2026-09-11 11:21:00,24.52,24.52,24.48,24.49,135800,3327428.0
2026-09-11 11:22:00,24.48,24.49,24.44,24.49,105900,2590444.9873
2026-09-11 11:23:00,24.47,24.5,24.41,24.41,128000,3130827.9907
2026-09-11 11:24:00,24.41,24.45,24.4,24.42,135100,3299777.0
2026-09-11 11:25:00,24.43,24.47,24.41,24.47,47400,1158944.0137
2026-09-11 11:26:00,24.46,24.48,24.4,24.41,131300,3209007.9995
2026-09-11 11:27:00,24.41,24.43,24.4,24.42,109300,2668349.0
2026-09-11 11:28:00,24.42,24.45,24.42,24.43,53300,1301960.0
2026-09-11 11:29:00,24.43,24.44,24.4,24.42,86400,2109047.0
2026-09-11 11:30:00,24.42,24.46,24.41,24.45,84400,2062099.0
2026-09-11 13:01:00,24.44,24.52,24.36,24.37,669800,16379546.8916
2026-09-11 13:02:00,24.36,24.39,24.3,24.31,171600,4174790.0015
2026-09-11 13:03:00,24.31,24.34,24.25,24.27,229900,5586551.0029
2026-09-11 13:04:00,24.28,24.29,24.23,24.26,219900,5332903.9993
2026-09-11 13:05:00,24.25,24.28,24.23,24.24,112400,2726477.0
2026-09-11 13:06:00,24.24,24.24,24.16,24.19,371002,8980111.381
2026-09-11 13:07:00,24.18,24.22,24.14,24.15,386400,9339189.0
2026-09-11 13:08:00,24.14,24.15,24.07,24.09,812800,19593932.0708
2026-09-11 13:09:00,24.08,24.16,24.08,24.15,393197,9484154.6758
2026-09-11 13:10:00,24.16,24.21,24.15,24.21,177800,4296911.0
2026-09-11 13:11:00,24.2,24.21,24.15,24.16,271900,6572675.0015
2026-09-11 13:12:00,24.16,24.16,24.13,24.16,218300,5271009.9888
2026-09-11 13:13:00,24.15,24.17,24.12,24.12,229200,5534944.9927
2026-09-11 13:14:00,24.12,24.15,24.12,24.13,153800,3711594.9932
2026-09-11 13:15:00,24.14,24.14,24.1,24.13,327800,7906225.0512
2026-09-11 13:16:00,24.13,24.19,24.13,24.16,160900,3887127.9995
2026-09-11 13:17:00,24.14,24.18,24.11,24.16,165100,3986865.999
2026-09-11 13:18:00,24.17,24.18,24.14,24.14,132500,3200829.0
2026-09-11 13:19:00,24.15,24.18,24.14,24.17,132600,3204090.0
2026-09-11 13:20:00,24.18,24.18,24.14,24.18,162200,3919205.0
2026-09-11 13:21:00,24.17,24.18,24.12,24.18,424400,10242372.9819
2026-09-11 13:22:00,24.17,24.18,24.13,24.14,192700,4655738.0
2026-09-11 13:23:00,24.14,24.16,24.13,24.14,252700,6101185.9956
2026-09-11 13:24:00,24.14,24.18,24.13,24.17,132700,3205933.0
2026-09-11 13:25:00,24.17,24.18,24.14,24.15,220100,5316583.0
2026-09-11 13:26:00,24.16,24.17,24.12,24.14,278900,6734280.9829
2026-09-11 13:27:00,24.14,24.18,24.12,24.18,156200,3770889.9995
2026-09-11 13:28:00,24.16,24.17,24.13,24.15,274500,6627748.9888
2026-09-11 13:29:00,24.15,24.16,24.13,24.14,219800,5307046.0
2026-09-11 13:30:00,24.15,24.16,24.11,24.12,192100,4635522.9927
2026-09-11 13:31:00,24.12,24.14,24.11,24.13,243600,5876014.0552
2026-09-11 13:32:00,24.12,24.13,24.09,24.12,296700,7152136.0737
2026-09-11 13:33:00,24.12,24.15,24.1,24.11,201800,4867394.0161
2026-09-11 13:34:00,24.12,24.14,24.11,24.13,187000,4510736.0249
2026-09-11 13:35:00,24.12,24.15,24.12,24.14,155000,3741189.9736
2026-09-11 13:36:00,24.14,24.16,24.12,24.14,186600,4504977.9814
2026-09-11 13:37:00,24.13,24.15,24.09,24.14,681400,16429009.9424
2026-09-11 13:38:00,24.13,24.16,24.11,24.14,167200,4036245.0
2026-09-11 13:39:00,24.14,24.15,24.1,24.12,262500,6331457.0322
2026-09-11 13:40:00,24.11,24.16,24.1,24.12,437400,10544640.0078
2026-09-11 13:41:00,24.12,24.14,24.11,24.11,156500,3774521.0146
2026-09-11 13:42:00,24.11,24.12,24.05,24.07,571400,13761007.001
2026-09-11 13:43:00,24.07,24.08,24.02,24.04,486000,11680469.0126
2026-09-11 13:44:00,24.03,24.05,24.0,24.02,496781,11929765.4587
2026-09-11 13:45:00,24.02,24.02,23.93,23.95,1001000,24006346.9229
2026-09-11 13:46:00,23.97,24.04,23.94,24.02,283900,6805057.9731
2026-09-11 13:47:00,24.02,24.03,23.95,23.99,492400,11811782.9888
2026-09-11 13:48:00,23.99,24.06,23.99,24.03,763200,18345145.9473
2026-09-11 13:49:00,24.03,24.2,24.01,24.15,641719,15471423.3321
2026-09-11 13:50:00,24.16,24.2,24.08,24.12,351200,8473094.9932
2026-09-11 13:51:00,24.13,24.14,24.05,24.06,330700,7970818.0059
2026-09-11 13:52:00,24.06,24.14,24.04,24.1,344300,8289724.9941
2026-09-11 13:53:00,24.11,24.15,24.06,24.14,389000,9374449.0142
2026-09-11 13:54:00,24.14,24.21,24.13,24.21,370300,8952780.9927
2026-09-11 13:55:00,24.19,24.2,24.11,24.13,323300,7806315.0122
2026-09-11 13:56:00,24.13,24.14,24.09,24.12,320100,7717843.0059
2026-09-11 13:57:00,24.1,24.17,24.08,24.17,350000,8441635.041
2026-09-11 13:58:00,24.13,24.16,24.09,24.11,256800,6191875.0112
2026-09-11 13:59:00,24.1,24.14,24.06,24.07,313300,7548517.0029
2026-09-11 14:00:00,24.07,24.13,24.04,24.09,336200,8090393.0024
2026-09-11 14:01:00,24.07,24.09,24.02,24.04,309100,7433709.0503
2026-09-11 14:02:00,24.04,24.1,24.03,24.05,454700,10936992.0093
2026-09-11 14:03:00,24.04,24.1,24.02,24.06,523400,12591440.0078
2026-09-11 14:04:00,24.06,24.12,24.05,24.06,438100,10544028.0015
2026-09-11 14:05:00,24.06,24.09,24.02,24.06,431000,10363848.022
2026-09-11 14:06:00,24.06,24.08,24.03,24.05,312900,7527756.002
2026-09-11 14:07:00,24.05,24.05,24.01,24.03,290100,6971963.0674
2026-09-11 14:08:00,24.02,24.09,24.01,24.05,410700,9871738.0034
2026-09-11 14:09:00,24.05,24.08,24.02,24.03,497000,11952511.0459
2026-09-11 14:10:00,24.04,24.11,24.03,24.05,288800,6946637.1045
2026-09-11 14:11:00,24.05,24.1,24.03,24.08,489900,11786660.0142
2026-09-11 14:12:00,24.07,24.13,24.05,24.1,497900,11991150.9951
2026-09-11 14:13:00,24.1,24.12,24.06,24.11,297700,7169354.0
2026-09-11 14:14:00,24.11,24.14,24.06,24.1,348000,8385594.9937
2026-09-11 14:15:00,24.09,24.16,24.07,24.09,575800,13876113.0088
2026-09-11 14:16:00,24.1,24.11,24.06,24.08,377800,9099693.0
2026-09-11 14:17:00,24.08,24.14,24.05,24.09,432900,10424321.0034
2026-09-11 14:18:00,24.1,24.11,24.05,24.05,330300,7953580.0
2026-09-11 14:19:00,24.05,24.12,24.02,24.05,464300,11168274.019
2026-09-11 14:20:00,24.05,24.14,24.03,24.07,295000,7100733.0044
2026-09-11 14:21:00,24.07,24.09,24.04,24.06,307200,7391346.02
2026-09-11 14:22:00,24.07,24.13,24.06,24.07,280500,6756736.9995
2026-09-11 14:23:00,24.07,24.08,24.05,24.07,231100,5561157.0
2026-09-11 14:24:00,24.07,24.09,24.02,24.06,449800,10818010.0347
2026-09-11 14:25:00,24.05,24.07,24.02,24.03,291800,7015303.0166
2026-09-11 14:26:00,24.03,24.04,24.02,24.02,329500,7916856.0063
2026-09-11 14:27:00,24.02,24.03,24.01,24.02,411700,9888942.0
2026-09-11 14:28:00,24.01,24.05,24.0,24.0,374700,8997469.0039
2026-09-11 14:29:00,24.01,24.01,24.0,24.01,207500,4981453.0
2026-09-11 14:30:00,24.01,24.01,24.0,24.01,371200,8910161.0
2026-09-11 14:31:00,24.01,24.07,23.99,24.0,560200,13456064.002
2026-09-11 14:32:00,24.0,24.02,23.98,24.0,364900,8754857.0
2026-09-11 14:33:00,24.0,24.01,23.97,23.98,246200,5904817.0
2026-09-11 14:34:00,23.97,23.98,23.96,23.98,333100,7985783.9805
2026-09-11 14:35:00,23.98,23.98,23.95,23.96,415900,9968004.9155
2026-09-11 14:36:00,23.95,23.99,23.95,23.97,454700,10897638.9102
2026-09-11 14:37:00,23.97,24.0,23.94,23.95,696300,16684913.9058
2026-09-11 14:38:00,23.96,24.03,23.94,23.96,654800,15693345.9546
2026-09-11 14:39:00,23.96,23.96,23.91,23.92,378100,9049255.9897
2026-09-11 14:40:00,23.92,23.94,23.89,23.92,1203300,28773074.0
2026-09-11 14:41:00,23.9,23.94,23.85,23.85,604500,14441818.9575
2026-09-11 14:42:00,23.86,23.87,23.81,23.83,437300,10424408.0
2026-09-11 14:43:00,23.83,23.85,23.82,23.84,417100,9939756.0
2026-09-11 14:44:00,23.83,23.87,23.83,23.87,357100,8518163.0161
2026-09-11 14:45:00,23.87,23.89,23.85,23.87,459100,10958954.0342
2026-09-11 14:46:00,23.86,23.91,23.86,23.9,450500,10756497.0176
2026-09-11 14:47:00,23.9,23.9,23.88,23.89,343600,8208229.9834
2026-09-11 14:48:00,23.89,23.93,23.89,23.93,349100,8345825.0
2026-09-11 14:49:00,23.92,23.93,23.9,23.91,527600,12615893.0
2026-09-11 14:50:00,23.9,23.92,23.89,23.92,379700,9076945.0
2026-09-11 14:51:00,23.91,23.97,23.91,23.97,380700,9112129.9966
2026-09-11 14:52:00,23.95,23.96,23.94,23.96,434300,10401016.0024
2026-09-11 14:53:00,23.95,23.98,23.95,23.96,415681,9961927.9066
2026-09-11 14:54:00,23.95,23.97,23.95,23.97,384400,9210264.8515
2026-09-11 14:55:00,23.96,23.97,23.93,23.93,381219,9129815.1264
2026-09-11 14:56:00,23.93,23.95,23.92,23.93,486800,11652701.0104
2026-09-11 14:57:00,23.93,23.97,23.92,23.97,307872,7371325.96
2026-09-11 15:00:00,23.97,23.97,23.97,23.97,370900,8890473.0
2026-09-14 09:31:00,24.3,24.66,24.3,24.58,4268498,104585928.8545
2026-09-14 09:32:00,24.55,24.62,24.33,24.44,2482972,60749225.7975
2026-09-14 09:33:00,24.45,24.52,24.44,24.51,1814814,44437820.8318
2026-09-14 09:34:00,24.51,24.59,24.5,24.5,1209800,29703911.125
2026-09-14 09:35:00,24.5,24.53,24.45,24.5,732778,17939765.6499
2026-09-14 09:36:00,24.5,24.52,24.3,24.31,1644600,40052624.9951
2026-09-14 09:37:00,24.31,24.35,24.25,24.25,1499000,36422884.0098
2026-09-14 09:38:00,24.26,24.26,24.2,24.2,888100,21528493.9873
2026-09-14 09:39:00,24.21,24.27,24.17,24.21,446647,10815819.8636
2026-09-14 09:40:00,24.21,24.3,24.2,24.28,455200,11046004.5433
2026-09-14 09:41:00,24.28,24.3,24.23,24.27,590004,14315626.0913
2026-09-14 09:42:00,24.28,24.38,24.27,24.32,657900,15999468.0059
2026-09-14 09:43:00,24.33,24.34,24.23,24.24,547871,13297226.7607
2026-09-14 09:44:00,24.24,24.24,24.16,24.23,648336,15691673.6795
2026-09-14 09:45:00,24.23,24.24,24.19,24.23,387600,9385646.9727
2026-09-14 09:46:00,24.23,24.24,24.15,24.15,444600,10760496.9512
2026-09-14 09:47:00,24.16,24.16,24.1,24.16,526800,12706100.0405
2026-09-14 09:48:00,24.16,24.18,24.11,24.18,420300,10143935.9746
2026-09-14 09:49:00,24.17,24.19,24.06,24.09,439000,10585522.0088
2026-09-14 09:50:00,24.09,24.1,24.01,24.02,393700,9464581.0283
2026-09-14 09:51:00,24.02,24.13,24.01,24.13,372000,8953140.002
2026-09-14 09:52:00,24.12,24.12,24.04,24.06,303100,7295095.0005
2026-09-14 09:53:00,24.06,24.1,24.05,24.09,236800,5699705.0
2026-09-14 09:54:00,24.08,24.12,24.05,24.06,318000,7657330.0015
2026-09-14 09:55:00,24.06,24.09,24.02,24.07,480100,11548285.9648
2026-09-14 09:56:00,24.07,24.07,24.01,24.03,522000,12550660.001
2026-09-14 09:57:00,24.02,24.05,24.02,24.04,344500,8278997.0234
2026-09-14 09:58:00,24.03,24.04,23.97,23.98,999100,23972148.0
2026-09-14 09:59:00,23.98,24.01,23.94,23.95,613500,14703387.8745
2026-09-14 10:00:00,23.95,23.96,23.92,23.93,495400,11856433.9961
2026-09-14 10:01:00,23.93,23.94,23.91,23.93,521100,12465675.0
2026-09-14 10:02:00,23.94,23.95,23.9,23.92,360000,8611885.6827
2026-09-14 10:03:00,23.92,23.93,23.88,23.89,415800,9937505.9419
2026-09-14 10:04:00,23.88,23.89,23.84,23.85,352500,8411511.0356
2026-09-14 10:05:00,23.85,23.95,23.85,23.93,327811,7835926.7007
2026-09-14 10:06:00,23.93,23.98,23.92,23.94,373300,8940868.9648
2026-09-14 10:07:00,23.94,23.97,23.9,23.95,191100,4571136.9976
2026-09-14 10:08:00,23.96,23.97,23.92,23.94,175300,4196852.9995
2026-09-14 10:09:00,23.95,24.01,23.95,24.0,220800,5297193.9961
2026-09-14 10:10:00,24.0,24.01,23.93,23.94,252400,6047956.9795
2026-09-14 10:11:00,23.94,24.02,23.92,24.0,779400,18694409.9966
2026-09-14 10:12:00,24.02,24.13,24.01,24.09,274700,6617017.0103
2026-09-14 10:13:00,24.09,24.13,24.06,24.08,275600,6643366.0073
2026-09-14 10:14:00,24.1,24.11,24.06,24.09,127100,3060856.0
2026-09-14 10:15:00,24.09,24.12,24.07,24.08,135500,3264536.0005
2026-09-14 10:16:00,24.09,24.13,24.08,24.12,167200,4030746.0068
2026-09-14 10:17:00,24.11,24.12,24.08,24.09,125500,3023758.0
2026-09-14 10:18:00,24.11,24.14,24.09,24.1,160600,3872413.0034
2026-09-14 10:19:00,24.09,24.11,24.05,24.07,168900,4066370.0
2026-09-14 10:20:00,24.08,24.12,24.07,24.12,161800,3898246.0015
2026-09-14 10:21:00,24.12,24.16,24.11,24.15,394200,9516899.9893
2026-09-14 10:22:00,24.14,24.16,24.12,24.15,78400,1892758.002
2026-09-14 10:23:00,24.15,24.16,24.14,24.15,79300,1914915.0
2026-09-14 10:24:00,24.15,24.16,24.14,24.16,211400,5104963.0
2026-09-14 10:25:00,24.16,24.19,24.13,24.18,292000,7055164.9966
2026-09-14 10:26:00,24.18,24.3,24.18,24.25,447600,10853144.0117
2026-09-14 10:27:00,24.26,24.31,24.22,24.25,252100,6113573.002
2026-09-14 10:28:00,24.25,24.29,24.23,24.28,188800,4581890.001
2026-09-14 10:29:00,24.28,24.3,24.25,24.29,176700,4290305.0023
2026-09-14 10:30:00,24.29,24.32,24.27,24.27,236000,5732884.0122
2026-09-14 10:31:00,24.28,24.29,24.24,24.25,166100,4031942.0044
2026-09-14 10:32:00,24.26,24.28,24.2,24.23,144600,3505491.9961
2026-09-14 10:33:00,24.23,24.26,24.22,24.26,216300,5244123.0
2026-09-14 10:34:00,24.26,24.28,24.23,24.26,246700,5983146.0
2026-09-14 10:35:00,24.26,24.29,24.26,24.28,132500,3215591.0
2026-09-14 10:36:00,24.28,24.32,24.26,24.26,194700,4730223.0488
2026-09-14 10:37:00,24.27,24.32,24.26,24.26,117400,2851870.0059
2026-09-14 10:38:00,24.27,24.28,24.22,24.22,612900,14864314.0
2026-09-14 10:39:00,24.22,24.22,24.12,24.13,147800,3574938.9824
2026-09-14 10:40:00,24.13,24.15,24.12,24.12,65600,1582848.9834
2026-09-14 10:41:00,24.13,24.17,24.11,24.17,101100,2439992.0029
2026-09-14 10:42:00,24.18,24.24,24.17,24.17,104300,2523063.998
2026-09-14 10:43:00,24.17,24.17,24.13,24.16,54200,1308998.0
2026-09-14 10:44:00,24.16,24.16,24.14,24.15,65700,1586900.0
2026-09-14 10:45:00,24.16,24.2,24.13,24.2,127900,3089376.001
2026-09-14 10:46:00,24.2,24.2,24.18,24.19,57300,1386261.0
2026-09-14 10:47:00,24.2,24.24,24.19,24.24,190000,4599755.9634
2026-09-14 10:48:00,24.23,24.25,24.2,24.25,119200,2887094.9536
2026-09-14 10:49:00,24.25,24.25,24.22,24.24,105800,2563903.0
2026-09-14 10:50:00,24.23,24.23,24.18,24.18,184300,4461479.9858
2026-09-14 10:51:00,24.2,24.2,24.15,24.15,44200,1068184.0
2026-09-14 10:52:00,24.15,24.17,24.12,24.12,85500,2064909.0
2026-09-14 10:53:00,24.13,24.16,24.11,24.15,149200,3601886.0005
2026-09-14 10:54:00,24.15,24.18,24.13,24.15,97100,2345627.0
2026-09-14 10:55:00,24.15,24.16,24.12,24.13,51000,1231127.9966
2026-09-14 10:56:00,24.14,24.17,24.13,24.14,90400,2182030.9883
2026-09-14 10:57:00,24.14,24.17,24.13,24.16,103600,2501092.9971
2026-09-14 10:58:00,24.16,24.17,24.15,24.17,45400,1096857.0
2026-09-14 10:59:00,24.17,24.18,24.15,24.17,78700,1901935.0
2026-09-14 11:00:00,24.17,24.18,24.16,24.16,58400,1411645.0
2026-09-14 11:01:00,24.16,24.16,24.13,24.14,124600,3008688.999
2026-09-14 11:02:00,24.13,24.14,24.08,24.08,133800,3225398.0049
2026-09-14 11:03:00,24.08,24.13,24.08,24.11,117800,2839852.0063
2026-09-14 11:04:00,24.11,24.15,24.11,24.15,54300,1309737.0044
2026-09-14 11:05:00,24.14,24.16,24.12,24.15,49700,1199581.9995
2026-09-14 11:06:00,24.15,24.16,24.14,24.15,39500,953885.0
2026-09-14 11:07:00,24.15,24.16,24.13,24.16,57100,1378469.9976
2026-09-14 11:08:00,24.16,24.2,24.14,24.14,113300,2738189.0
2026-09-14 11:09:00,24.14,24.17,24.14,24.15,43100,1041239.0
2026-09-14 11:10:00,24.15,24.17,24.14,24.15,91100,2200768.0
2026-09-14 11:11:00,24.15,24.18,24.14,24.15,250400,6052918.0
2026-09-14 11:12:00,24.16,24.18,24.14,24.15,101900,2461639.0
2026-09-14 11:13:00,24.14,24.17,24.13,24.14,71900,1736433.0
2026-09-14 11:14:00,24.14,24.15,24.13,24.15,39500,953395.9985
2026-09-14 11:15:00,24.15,24.15,24.12,24.13,106000,2558190.9961
2026-09-14 11:16:00,24.12,24.13,24.08,24.09,133800,3226308.0103
2026-09-14 11:17:00,24.08,24.09,24.07,24.09,66200,1594193.0
2026-09-14 11:18:00,24.09,24.11,24.07,24.11,124900,3008811.0
2026-09-14 11:19:00,24.11,24.11,24.08,24.09,32800,790259.0
2026-09-14 11:20:00,24.09,24.13,24.09,24.12,154800,3733443.9941
2026-09-14 11:21:00,24.12,24.13,24.11,24.12,32400,781620.0024
2026-09-14 11:22:00,24.12,24.14,24.1,24.12,78300,1888500.9946
2026-09-14 11:23:00,24.12,24.13,24.11,24.11,48500,1169765.0229
2026-09-14 11:24:00,24.12,24.13,24.1,24.11,36200,872993.0068
2026-09-14 11:25:00,24.11,24.13,24.11,24.13,42600,1027596.0088
2026-09-14 11:26:00,24.14,24.14,24.12,24.12,76700,1850664.0005
2026-09-14 11:27:00,24.12,24.13,24.11,24.13,43100,1039668.0039
2026-09-14 11:28:00,24.12,24.14,24.11,24.12,64700,1560556.9937
2026-09-14 11:29:00,24.13,24.17,24.11,24.16,138900,3354286.5444
2026-09-14 11:30:00,24.16,24.17,24.14,24.17,59900,1447188.0
2026-09-14 13:01:00,24.17,24.19,24.04,24.06,300100,7237649.9922
2026-09-14 13:02:00,24.06,24.09,24.05,24.05,97200,2338847.0
2026-09-14 13:03:00,24.05,24.06,24.04,24.05,62900,1512955.0005
2026-09-14 13:04:00,24.05,24.07,24.04,24.06,67600,1625859.019
2026-09-14 13:05:00,24.06,24.09,24.06,24.08,87100,2097028.0
2026-09-14 13:06:00,24.09,24.09,24.08,24.08,32200,775628.0
2026-09-14 13:07:00,24.08,24.09,24.04,24.05,112500,2707844.0078
2026-09-14 13:08:00,24.04,24.05,24.03,24.03,48500,1166098.0068
2026-09-14 13:09:00,24.03,24.04,24.02,24.04,92300,2218221.0112
2026-09-14 13:10:00,24.04,24.04,24.01,24.01,269600,6476900.0068
2026-09-14 13:11:00,24.02,24.02,23.98,23.98,253100,6075226.0
2026-09-14 13:12:00,23.98,24.03,23.98,24.02,105000,2520463.0
2026-09-14 13:13:00,24.02,24.02,24.0,24.02,51500,1236779.0
2026-09-14 13:14:00,24.02,24.04,24.02,24.03,58000,1393666.0
2026-09-14 13:15:00,24.02,24.04,24.01,24.01,52500,1261132.0
2026-09-14 13:16:00,24.01,24.02,23.99,24.02,143000,3433061.0
2026-09-14 13:17:00,24.0,24.01,23.95,23.96,189200,4535853.9785
2026-09-14 13:18:00,23.96,23.97,23.95,23.97,104600,2505617.9951
2026-09-14 13:19:00,23.97,23.98,23.96,23.97,92800,2224398.9897
2026-09-14 13:20:00,23.97,23.98,23.96,23.97,74400,1783208.9941
2026-09-14 13:21:00,23.97,23.97,23.95,23.96,76400,1830324.9897
2026-09-14 13:22:00,23.95,23.96,23.91,23.92,147800,3537174.0015
2026-09-14 13:23:00,23.92,23.92,23.88,23.9,393900,9413924.9927
2026-09-14 13:24:00,23.89,23.9,23.87,23.87,145700,3479502.9761
2026-09-14 13:25:00,23.87,23.89,23.85,23.89,265100,6328143.062
2026-09-14 13:26:00,23.89,23.92,23.88,23.91,102200,2442825.0
2026-09-14 13:27:00,23.9,23.92,23.9,23.91,61100,1460861.0
2026-09-14 13:28:00,23.91,23.92,23.89,23.89,138300,3306394.0
2026-09-14 13:29:00,23.91,23.91,23.88,23.89,123900,2959859.9946
2026-09-14 13:30:00,23.89,23.9,23.86,23.88,128300,3063428.0313
2026-09-14 13:31:00,23.88,23.91,23.84,23.86,470400,11223092.981
2026-09-14 13:32:00,23.85,23.87,23.84,23.87,127100,3031121.0
2026-09-14 13:33:00,23.86,23.89,23.86,23.87,58600,1398987.0044
2026-09-14 13:34:00,23.87,23.88,23.83,23.86,326800,7794308.9946
2026-09-14 13:35:00,23.86,23.88,23.85,23.87,180300,4302739.0
2026-09-14 13:36:00,23.87,23.9,23.86,23.9,143700,3430554.0122
2026-09-14 13:37:00,23.9,23.9,23.88,23.89,112300,2682442.9985
2026-09-14 13:38:00,23.89,23.9,23.89,23.9,77500,1851892.0
2026-09-14 13:39:00,23.89,23.91,23.89,23.9,113000,2700525.0
2026-09-14 13:40:00,23.9,23.91,23.89,23.9,69900,1670453.9985
2026-09-14 13:41:00,23.9,23.9,23.88,23.9,66600,1591188.9996
2026-09-14 13:42:00,23.89,23.89,23.85,23.85,205000,4894037.9738
2026-09-14 13:43:00,23.85,23.87,23.84,23.87,113000,2695487.0015
2026-09-14 13:44:00,23.87,23.87,23.85,23.86,57600,1374430.0029
2026-09-14 13:45:00,23.86,23.9,23.86,23.88,92700,2213560.998
2026-09-14 13:46:00,23.88,23.89,23.87,23.89,38100,910029.9951
2026-09-14 13:47:00,23.89,23.89,23.87,23.88,66500,1587949.9956
2026-09-14 13:48:00,23.88,23.89,23.87,23.89,99800,2383523.9971
2026-09-14 13:49:00,23.89,23.92,23.88,23.91,138300,3305868.9922
2026-09-14 13:50:00,23.91,23.92,23.9,23.92,160200,3829452.0
2026-09-14 13:51:00,23.91,23.93,23.91,23.93,76400,1827294.0
2026-09-14 13:52:00,23.93,23.95,23.92,23.93,70700,1692460.0
2026-09-14 13:53:00,23.95,23.96,23.94,23.96,69500,1664577.9888
2026-09-14 13:54:00,23.95,23.98,23.95,23.97,185300,4442648.9941
2026-09-14 13:55:00,23.97,23.98,23.96,23.97,126700,3037342.998
2026-09-14 13:56:00,23.97,23.99,23.97,23.98,77200,1851001.0
2026-09-14 13:57:00,23.99,24.05,23.98,24.05,345800,8307562.0073
2026-09-14 13:58:00,24.05,24.05,24.01,24.02,152200,3657146.0068
2026-09-14 13:59:00,24.01,24.02,24.0,24.01,86100,2067239.0
2026-09-14 14:00:00,24.0,24.03,23.97,24.01,145700,3497707.0
2026-09-14 14:01:00,24.02,24.03,23.98,24.0,141700,3400935.0
2026-09-14 14:02:00,24.0,24.02,23.97,23.98,130700,3135814.0
2026-09-14 14:03:00,23.97,23.99,23.97,23.99,69600,1669163.0
2026-09-14 14:04:00,23.98,23.99,23.97,23.98,99600,2388078.0
2026-09-14 14:05:00,23.98,23.99,23.96,23.97,151700,3637332.9971
2026-09-14 14:06:00,23.98,23.98,23.95,23.95,92000,2204777.9985
2026-09-14 14:07:00,23.96,23.97,23.95,23.96,63600,1523828.9746
2026-09-14 14:08:00,23.96,24.03,23.94,24.01,244764,5867166.3433
2026-09-14 14:09:00,24.0,24.02,23.99,24.0,215600,5174066.0
2026-09-14 14:10:00,23.99,24.0,23.97,23.98,49700,1192054.0
2026-09-14 14:11:00,23.99,23.99,23.98,23.98,57800,1386263.0
2026-09-14 14:12:00,23.98,24.0,23.98,23.99,82700,1983916.0
2026-09-14 14:13:00,24.0,24.0,23.96,23.96,177300,4250193.9468
2026-09-14 14:14:00,23.97,23.99,23.96,23.98,106500,2552803.998
2026-09-14 14:15:00,23.97,23.98,23.95,23.96,140700,3370938.9561
2026-09-14 14:16:00,23.96,23.96,23.92,23.93,141100,3378387.9961
2026-09-14 14:17:00,23.93,23.94,23.91,23.91,103400,2473734.0
2026-09-14 14:18:00,23.92,23.95,23.9,23.92,114400,2736774.0
2026-09-14 14:19:00,23.93,23.95,23.92,23.94,79600,1905615.0
2026-09-14 14:20:00,23.94,23.95,23.93,23.94,79300,1898096.0
2026-09-14 14:21:00,23.93,23.95,23.93,23.94,120000,2872222.0
2026-09-14 14:22:00,23.95,23.96,23.93,23.93,65500,1568414.9976
2026-09-14 14:23:00,23.94,23.95,23.93,23.94,146100,3496723.0
2026-09-14 14:24:00,23.93,23.95,23.93,23.95,68600,1642408.0
2026-09-14 14:25:00,23.95,23.97,23.94,23.96,63300,1516298.9971
2026-09-14 14:26:00,23.96,23.96,23.94,23.95,72800,1743910.9683
2026-09-14 14:27:00,23.95,23.96,23.95,23.96,54500,1305586.9829
2026-09-14 14:28:00,23.95,23.96,23.93,23.94,163800,3922650.9946
2026-09-14 14:29:00,23.95,23.95,23.93,23.95,60700,1452969.0
2026-09-14 14:30:00,23.95,23.96,23.94,23.95,123400,2954989.0
2026-09-14 14:31:00,23.95,23.96,23.93,23.94,213200,5105896.981
2026-09-14 14:32:00,23.95,23.96,23.94,23.95,110400,2643735.9985
2026-09-14 14:33:00,23.95,23.95,23.93,23.94,201100,4815117.1705
2026-09-14 14:34:00,23.94,23.95,23.92,23.92,143600,3436421.0001
2026-09-14 14:35:00,23.92,23.94,23.92,23.92,87200,2086607.0
2026-09-14 14:36:00,23.93,23.94,23.92,23.93,98300,2352260.0
2026-09-14 14:37:00,23.92,23.94,23.92,23.93,86800,2077142.0
2026-09-14 14:38:00,23.93,23.94,23.92,23.92,91900,2198835.0004
2026-09-14 14:39:00,23.92,23.94,23.92,23.93,76900,1840276.0006
2026-09-14 14:40:00,23.92,23.93,23.92,23.93,55700,1332736.0
2026-09-14 14:41:00,23.92,23.93,23.91,23.92,340300,8141160.0
2026-09-14 14:42:00,23.92,23.93,23.91,23.92,83700,2002415.0
2026-09-14 14:43:00,23.92,23.96,23.92,23.94,237500,5684522.9937
2026-09-14 14:44:00,23.94,23.95,23.93,23.95,151500,3627300.0
2026-09-14 14:45:00,23.95,23.95,23.94,23.95,68400,1638085.0
2026-09-14 14:46:00,23.94,23.97,23.94,23.96,149900,3590204.9683
2026-09-14 14:47:00,23.96,23.96,23.94,23.96,166892,3997499.3881
2026-09-14 14:48:00,23.95,23.98,23.95,23.97,233900,5604884.0046
2026-09-14 14:49:00,23.96,23.99,23.96,23.98,234938,5633161.478
2026-09-14 14:50:00,23.97,23.99,23.95,23.96,463962,11118705.0864
2026-09-14 14:51:00,23.96,23.98,23.95,23.96,170300,4081449.5913
2026-09-14 14:52:00,23.96,23.98,23.95,23.97,203400,4874663.5656
2026-09-14 14:53:00,23.96,23.98,23.96,23.98,269364,6457500.0679
2026-09-14 14:54:00,23.97,23.99,23.97,23.98,275200,6599405.9969
2026-09-14 14:55:00,23.97,23.98,23.96,23.97,359400,8615816.998
2026-09-14 14:56:00,23.97,24.0,23.97,23.98,439898,10552042.9114
2026-09-14 14:57:00,23.98,23.98,23.95,23.97,469000,11241663.9781
2026-09-14 15:00:00,23.97,23.97,23.97,23.97,363800,8720285.9331
2026-09-15 09:31:00,23.9,23.95,23.79,23.81,1464900,34974636.9995
2026-09-15 09:32:00,23.81,23.92,23.78,23.83,847500,20210611.958
2026-09-15 09:33:00,23.84,23.95,23.83,23.87,487100,11634668.0
2026-09-15 09:34:00,23.87,23.87,23.75,23.76,695300,16547592.0127
2026-09-15 09:35:00,23.76,23.85,23.75,23.81,328800,7828125.0356
2026-09-15 09:36:00,23.8,23.86,23.8,23.83,308300,7346359.0
2026-09-15 09:37:00,23.83,23.83,23.75,23.76,377400,8976945.0181
2026-09-15 09:38:00,23.76,23.9,23.73,23.89,507986,12094451.5254
2026-09-15 09:39:00,23.89,23.94,23.87,23.89,357300,8544361.9956
2026-09-15 09:40:00,23.88,23.94,23.88,23.93,216700,5181646.0
2026-09-15 09:41:00,23.93,23.99,23.92,23.99,604800,14490161.9932
2026-09-15 09:42:00,23.98,24.03,23.95,24.03,505000,12109097.9839
2026-09-15 09:43:00,24.03,24.08,24.0,24.08,818600,19682376.127
2026-09-15 09:44:00,24.06,24.17,24.06,24.12,812500,19600364.87
2026-09-15 09:45:00,24.12,24.13,24.02,24.1,417700,10058784.0063
2026-09-15 09:46:00,24.09,24.1,24.03,24.07,400600,9639364.9731
2026-09-15 09:47:00,24.05,24.09,24.02,24.05,400400,9629278.0488
2026-09-15 09:48:00,24.05,24.06,24.02,24.04,181000,4350926.0029
2026-09-15 09:49:00,24.04,24.06,24.0,24.01,250300,6013107.0093
2026-09-15 09:50:00,24.02,24.03,23.99,24.01,353400,8483596.0
2026-09-15 09:51:00,24.01,24.08,23.99,24.07,329100,7912000.001
2026-09-15 09:52:00,24.08,24.08,24.04,24.06,158700,3819367.0
2026-09-15 09:53:00,24.05,24.1,24.04,24.08,255800,6155724.0059
2026-09-15 09:54:00,24.09,24.18,24.08,24.13,431100,10407954.9888
2026-09-15 09:55:00,24.11,24.15,24.02,24.08,323200,7786837.0093
2026-09-15 09:56:00,24.08,24.13,24.07,24.09,323100,7786153.001
2026-09-15 09:57:00,24.09,24.11,24.07,24.09,128400,3093027.0
2026-09-15 09:58:00,24.1,24.11,24.07,24.08,232200,5593786.0
2026-09-15 09:59:00,24.08,24.09,24.05,24.08,203700,4902572.998
2026-09-15 10:00:00,24.07,24.08,24.05,24.06,132400,3185254.0
2026-09-15 10:01:00,24.06,24.15,24.05,24.14,307000,7398076.9998
2026-09-15 10:02:00,24.14,24.24,24.14,24.23,860800,20822074.9819
2026-09-15 10:03:00,24.21,24.25,24.19,24.2,251800,6100205.9708
2026-09-15 10:04:00,24.19,24.28,24.19,24.24,601601,14587908.2061
2026-09-15 10:05:00,24.23,24.26,24.23,24.24,201700,4890305.0
2026-09-15 10:06:00,24.24,24.25,24.19,24.19,207100,5015892.9946
2026-09-15 10:07:00,24.19,24.23,24.14,24.14,219300,5307002.9775
2026-09-15 10:08:00,24.13,24.16,24.12,24.14,122900,2966680.9849
2026-09-15 10:09:00,24.14,24.15,24.12,24.12,129100,3115357.9756
2026-09-15 10:10:00,24.12,24.13,24.07,24.08,164500,3965386.0103
2026-09-15 10:11:00,24.07,24.08,24.05,24.05,140300,3375894.0
2026-09-15 10:12:00,24.05,24.12,24.05,24.11,224500,5408284.0
2026-09-15 10:13:00,24.11,24.16,24.08,24.15,160800,3877334.0103
2026-09-15 10:14:00,24.15,24.15,24.09,24.09,77100,1858833.9971
2026-09-15 10:15:00,24.09,24.13,24.09,24.12,120900,2914425.0083
2026-09-15 10:16:00,24.12,24.13,24.07,24.09,185200,4463997.0083
2026-09-15 10:17:00,24.08,24.14,24.08,24.13,181600,4379040.0107
2026-09-15 10:18:00,24.13,24.14,24.08,24.13,294900,7105001.9995
2026-09-15 10:19:00,24.13,24.14,24.08,24.08,137300,3311049.9961
2026-09-15 10:20:00,24.09,24.11,24.05,24.05,136500,3285251.4417
2026-09-15 10:21:00,24.05,24.09,24.05,24.09,140600,3384094.4385
2026-09-15 10:22:00,24.08,24.09,24.05,24.06,84300,2028751.0
2026-09-15 10:23:00,24.06,24.06,24.04,24.05,117500,2825981.9849
2026-09-15 10:24:00,24.04,24.04,24.01,24.03,214600,5155851.0332
2026-09-15 10:25:00,24.03,24.11,24.02,24.1,424400,10213053.8881
2026-09-15 10:26:00,24.1,24.23,24.09,24.2,332100,8027471.0171
2026-09-15 10:27:00,24.19,24.2,24.15,24.15,107700,2603717.0
2026-09-15 10:28:00,24.16,24.23,24.15,24.2,261600,6329742.9956
2026-09-15 10:29:00,24.2,24.23,24.17,24.18,109900,2658931.9971
2026-09-15 10:30:00,24.18,24.21,24.17,24.19,69100,1672024.9907
2026-09-15 10:31:00,24.19,24.2,24.17,24.17,141200,3414781.0
2026-09-15 10:32:00,24.18,24.18,24.16,24.18,161700,3908278.0
2026-09-15 10:33:00,24.16,24.19,24.16,24.19,134800,3258349.0
2026-09-15 10:34:00,24.19,24.21,24.18,24.2,180300,4363066.9883
2026-09-15 10:35:00,24.2,24.29,24.2,24.27,695200,16864459.0469
2026-09-15 10:36:00,24.27,24.31,24.25,24.29,721701,17530391.2974
2026-09-15 10:37:00,24.3,24.31,24.28,24.3,158300,3846175.0259
2026-09-15 10:38:00,24.29,24.3,24.28,24.28,176500,4287080.0566
2026-09-15 10:39:00,24.27,24.28,24.25,24.27,253000,6138793.0
2026-09-15 10:40:00,24.27,24.28,24.19,24.19,182800,4431829.9976
2026-09-15 10:41:00,24.2,24.22,24.18,24.21,104500,2529359.9561
2026-09-15 10:42:00,24.22,24.22,24.16,24.16,154400,3734998.9961
2026-09-15 10:43:00,24.17,24.2,24.16,24.16,111500,2695091.0
2026-09-15 10:44:00,24.17,24.19,24.16,24.18,74500,1800936.0
2026-09-15 10:45:00,24.18,24.21,24.17,24.18,73900,1787962.9897
2026-09-15 10:46:00,24.18,24.21,24.16,24.2,145300,3513645.0
2026-09-15 10:47:00,24.2,24.2,24.17,24.17,65000,1571816.0
2026-09-15 10:48:00,24.18,24.24,24.17,24.24,101900,2466029.9927
2026-09-15 10:49:00,24.24,24.24,24.22,24.23,38400,930355.0
2026-09-15 10:50:00,24.22,24.34,24.22,24.32,625100,15176490.0435
2026-09-15 10:51:00,24.32,24.34,24.3,24.32,371500,9035255.0
2026-09-15 10:52:00,24.33,24.33,24.26,24.3,282200,6859944.0029
2026-09-15 10:53:00,24.29,24.31,24.27,24.27,68000,1651342.0205
2026-09-15 10:54:00,24.28,24.29,24.27,24.27,77800,1889087.0068
2026-09-15 10:55:00,24.27,24.29,24.25,24.27,175400,4257489.001
2026-09-15 10:56:00,24.26,24.28,24.25,24.25,168700,4094215.0
2026-09-15 10:57:00,24.26,24.27,24.25,24.26,43200,1048056.0
2026-09-15 10:58:00,24.27,24.3,24.27,24.3,99300,2411355.0171
2026-09-15 10:59:00,24.3,24.3,24.26,24.27,168000,4079040.0098
2026-09-15 11:00:00,24.26,24.31,24.26,24.3,145200,3526786.0122
2026-09-15 11:01:00,24.3,24.34,24.28,24.31,298313,7255421.8947
2026-09-15 11:02:00,24.31,24.32,24.28,24.28,145200,3528362.0054
2026-09-15 11:03:00,24.28,24.28,24.25,24.25,99200,2407430.0
2026-09-15 11:04:00,24.25,24.25,24.21,24.25,85300,2067703.0
2026-09-15 11:05:00,24.25,24.3,24.24,24.29,152902,3711118.5063
2026-09-15 11:06:00,24.29,24.3,24.27,24.29,97300,2362879.0127
2026-09-15 11:07:00,24.29,24.3,24.28,24.28,53700,1304463.0083
2026-09-15 11:08:00,24.28,24.36,24.28,24.34,588600,14322023.0024
2026-09-15 11:09:00,24.34,24.34,24.29,24.34,48900,1189193.0039
2026-09-15 11:10:00,24.32,24.33,24.3,24.3,84500,2054311.0
2026-09-15 11:11:00,24.3,24.31,24.29,24.3,105900,2573509.9961
2026-09-15 11:12:00,24.3,24.3,24.29,24.29,44600,1083469.0063
2026-09-15 11:13:00,24.29,24.3,24.27,24.28,56600,1374348.0034
2026-09-15 11:14:00,24.28,24.31,24.27,24.3,149400,3628892.012
2026-09-15 11:15:00,24.31,24.34,24.3,24.33,111000,2700408.0
2026-09-15 11:16:00,24.33,24.36,24.31,24.36,317600,7728224.0
2026-09-15 11:17:00,24.35,24.55,24.35,24.52,1718600,42037192.4692
2026-09-15 11:18:00,24.52,24.63,24.51,24.61,1875300,46090068.0239
2026-09-15 11:19:00,24.58,24.61,24.52,24.54,755300,18558675.0601
2026-09-15 11:20:00,24.53,24.54,24.48,24.52,185500,4546288.0039
2026-09-15 11:21:00,24.52,24.6,24.51,24.53,541200,13295177.0234
2026-09-15 11:22:00,24.51,24.55,24.46,24.51,363600,8908858.0098
2026-09-15 11:23:00,24.51,24.69,24.51,24.63,1103000,27177249.0132
2026-09-15 11:24:00,24.63,24.7,24.61,24.68,866500,21384926.0005
2026-09-15 11:25:00,24.67,24.71,24.66,24.69,564600,13939089.9995
2026-09-15 11:26:00,24.68,24.69,24.62,24.66,413000,10183761.9976
2026-09-15 11:27:00,24.65,24.68,24.61,24.62,462243,11388944.9016
2026-09-15 11:28:00,24.61,24.64,24.6,24.63,252900,6225764.9961
2026-09-15 11:29:00,24.63,24.65,24.58,24.6,203900,5021627.0
2026-09-15 11:30:00,24.6,24.64,24.57,24.57,162500,3999729.9868
2026-09-15 13:01:00,24.57,24.67,24.52,24.66,1316238,32370527.2801
2026-09-15 13:02:00,24.66,24.67,24.59,24.6,274300,6758545.1025
2026-09-15 13:03:00,24.59,24.68,24.58,24.62,521000,12830753.998
2026-09-15 13:04:00,24.62,24.7,24.62,24.69,465600,11483625.002
2026-09-15 13:05:00,24.69,24.7,24.62,24.64,159448,3930948.7649
2026-09-15 13:06:00,24.65,24.71,24.65,24.71,541200,13363662.21
2026-09-15 13:07:00,24.71,24.74,24.69,24.69,564670,13957194.8506
2026-09-15 13:08:00,24.69,24.7,24.64,24.64,157100,3876768.0
2026-09-15 13:09:00,24.64,24.7,24.64,24.67,282400,6967023.0
2026-09-15 13:10:00,24.68,24.83,24.65,24.81,1200100,29709974.0146
2026-09-15 13:11:00,24.81,24.85,24.8,24.84,504800,12532495.0
2026-09-15 13:12:00,24.83,24.84,24.77,24.81,526000,13051647.2157
2026-09-15 13:13:00,24.82,24.86,24.78,24.79,498800,12382945.0039
2026-09-15 13:14:00,24.8,24.8,24.75,24.79,198700,4920885.0039
2026-09-15 13:15:00,24.79,24.8,24.69,24.71,226600,5603691.9932
2026-09-15 13:16:00,24.72,24.79,24.66,24.73,333900,8249490.958
2026-09-15 13:17:00,24.74,24.8,24.69,24.8,213800,5292088.9937
2026-09-15 13:18:00,24.81,24.84,24.8,24.8,352700,8754289.0
2026-09-15 13:19:00,24.8,24.82,24.71,24.75,162900,4036089.0078
2026-09-15 13:20:00,24.74,24.78,24.74,24.77,147700,3656782.0
2026-09-15 13:21:00,24.76,24.78,24.75,24.76,216300,5356035.0
2026-09-15 13:22:00,24.76,24.76,24.7,24.7,229700,5681445.9971
2026-09-15 13:23:00,24.7,24.74,24.68,24.74,226200,5588648.9995
2026-09-15 13:24:00,24.73,24.74,24.72,24.72,92400,2285181.0
2026-09-15 13:25:00,24.72,24.73,24.71,24.72,142400,3520032.9907
2026-09-15 13:26:00,24.71,24.73,24.65,24.66,233400,5760950.9961
2026-09-15 13:27:00,24.65,24.69,24.64,24.68,176500,4354034.0
2026-09-15 13:28:00,24.68,24.69,24.64,24.64,178200,4394566.0
2026-09-15 13:29:00,24.66,24.71,24.64,24.69,205800,5080108.0054
2026-09-15 13:30:00,24.68,24.72,24.68,24.71,122800,3033223.9878
2026-09-15 13:31:00,24.7,24.71,24.66,24.68,196200,4843149.9888
2026-09-15 13:32:00,24.67,24.68,24.63,24.67,179900,4436172.999
2026-09-15 13:33:00,24.67,24.69,24.65,24.66,315900,7794731.0
2026-09-15 13:34:00,24.66,24.67,24.65,24.66,133100,3282108.0
2026-09-15 13:35:00,24.66,24.66,24.6,24.61,195100,4803409.0195
2026-09-15 13:36:00,24.62,24.62,24.59,24.6,297900,7328766.0034
2026-09-15 13:37:00,24.61,24.64,24.59,24.64,75500,1858631.0015
2026-09-15 13:38:00,24.64,24.75,24.63,24.73,424700,10488650.9985
2026-09-15 13:39:00,24.73,24.74,24.68,24.68,106000,2618357.9932
2026-09-15 13:40:00,24.69,24.69,24.65,24.66,129000,3182683.0
2026-09-15 13:41:00,24.66,24.71,24.65,24.7,181400,4476833.0
2026-09-15 13:42:00,24.69,24.7,24.67,24.67,100400,2477978.0
2026-09-15 13:43:00,24.67,24.67,24.6,24.62,154800,3811613.999
2026-09-15 13:44:00,24.63,24.64,24.61,24.62,131400,3235886.0313
2026-09-15 13:45:00,24.62,24.62,24.6,24.61,105200,2589034.0068
2026-09-15 13:46:00,24.6,24.61,24.58,24.61,119300,2934358.0
2026-09-15 13:47:00,24.6,24.61,24.58,24.58,101800,2502480.0
2026-09-15 13:48:00,24.58,24.59,24.55,24.55,168800,4146290.0
2026-09-15 13:49:00,24.55,24.56,24.52,24.55,240811,5910200.9603
2026-09-15 13:50:00,24.55,24.56,24.5,24.53,383100,9394221.0195
2026-09-15 13:51:00,24.53,24.57,24.53,24.57,121300,2977964.0151
2026-09-15 13:52:00,24.57,24.58,24.56,24.57,112300,2758773.0
2026-09-15 13:53:00,24.58,24.58,24.54,24.54,199400,4897220.0015
2026-09-15 13:54:00,24.55,24.55,24.5,24.52,234600,5751276.0034
2026-09-15 13:55:00,24.52,24.55,24.51,24.54,81200,1991342.0054
2026-09-15 13:56:00,24.54,24.55,24.53,24.54,59000,1447654.0049
2026-09-15 13:57:00,24.55,24.55,24.54,24.55,56400,1384392.0137
2026-09-15 13:58:00,24.54,24.58,24.54,24.57,326400,8014874.998
2026-09-15 13:59:00,24.58,24.59,24.56,24.57,219800,5401241.0
2026-09-15 14:00:00,24.57,24.57,24.5,24.5,159900,3920854.001
2026-09-15 14:01:00,24.5,24.54,24.49,24.53,201073,4928295.236
2026-09-15 14:02:00,24.53,24.57,24.53,24.56,194700,4779621.0024
2026-09-15 14:03:00,24.56,24.56,24.53,24.53,288500,7079910.0659
2026-09-15 14:04:00,24.53,24.58,24.52,24.56,167600,4113212.0024
2026-09-15 14:05:00,24.56,24.56,24.52,24.53,53500,1312318.0029
2026-09-15 14:06:00,24.53,24.54,24.52,24.52,117400,2879306.0
2026-09-15 14:07:00,24.52,24.53,24.51,24.52,67200,1647522.0
2026-09-15 14:08:00,24.51,24.52,24.49,24.5,173500,4251190.0
2026-09-15 14:09:00,24.5,24.5,24.48,24.49,178000,4359067.0
2026-09-15 14:10:00,24.5,24.54,24.49,24.54,128500,3150220.0063
2026-09-15 14:11:00,24.54,24.56,24.54,24.55,135400,3324035.0103
2026-09-15 14:12:00,24.55,24.56,24.54,24.54,113600,2788585.0449
2026-09-15 14:13:00,24.54,24.55,24.53,24.55,110900,2722043.0107
2026-09-15 14:14:00,24.55,24.58,24.55,24.57,102300,2513205.998
2026-09-15 14:15:00,24.57,24.59,24.56,24.56,68200,1675892.0
2026-09-15 14:16:00,24.56,24.56,24.53,24.55,117700,2889157.0107
2026-09-15 14:17:00,24.55,24.56,24.53,24.54,54600,1340078.0156
2026-09-15 14:18:00,24.53,24.54,24.51,24.51,103600,2540850.0034
2026-09-15 14:19:00,24.52,24.53,24.5,24.52,119200,2921758.0
2026-09-15 14:20:00,24.51,24.53,24.51,24.51,132000,3237073.0
2026-09-15 14:21:00,24.51,24.52,24.48,24.5,381015,9333308.25
2026-09-15 14:22:00,24.5,24.51,24.49,24.49,76800,1881085.0
2026-09-15 14:23:00,24.49,24.49,24.48,24.48,97300,2382304.0
2026-09-15 14:24:00,24.48,24.5,24.48,24.49,175300,4293140.0
2026-09-15 14:25:00,24.49,24.5,24.49,24.5,83000,2032977.0
2026-09-15 14:26:00,24.49,24.5,24.48,24.49,159200,3899016.0
2026-09-15 14:27:00,24.49,24.5,24.48,24.5,97400,2385761.0
2026-09-15 14:28:00,24.5,24.5,24.49,24.5,101600,2488448.0
2026-09-15 14:29:00,24.49,24.5,24.49,24.49,64000,1567544.0
2026-09-15 14:30:00,24.49,24.5,24.48,24.49,129100,3161744.0
2026-09-15 14:31:00,24.48,24.52,24.48,24.52,175000,4287380.0
2026-09-15 14:32:00,24.52,24.53,24.5,24.51,191500,4694847.0
2026-09-15 14:33:00,24.52,24.55,24.51,24.53,233200,5721569.0142
2026-09-15 14:34:00,24.53,24.54,24.5,24.51,270500,6629727.0015
2026-09-15 14:35:00,24.51,24.51,24.48,24.49,108200,2650059.0
2026-09-15 14:36:00,24.49,24.49,24.45,24.46,302900,7409424.9258
2026-09-15 14:37:00,24.45,24.46,24.42,24.43,281362,6876297.662
2026-09-15 14:38:00,24.44,24.46,24.43,24.45,362800,8867415.0054
2026-09-15 14:39:00,24.45,24.47,24.44,24.46,106000,2592618.9673
2026-09-15 14:40:00,24.47,24.48,24.43,24.44,245382,5999229.7129
2026-09-15 14:41:00,24.45,24.46,24.44,24.46,123800,3027136.9922
2026-09-15 14:42:00,24.46,24.47,24.44,24.45,152600,3731490.9775
2026-09-15 14:43:00,24.45,24.47,24.45,24.47,109800,2685727.9717
2026-09-15 14:44:00,24.46,24.49,24.46,24.48,219300,5367905.9956
2026-09-15 14:45:00,24.49,24.49,24.48,24.49,202200,4950945.0
2026-09-15 14:46:00,24.49,24.49,24.47,24.49,127700,3125914.0
2026-09-15 14:47:00,24.48,24.5,24.46,24.47,156000,3819137.9922
2026-09-15 14:48:00,24.48,24.49,24.45,24.47,232800,5695968.9658
2026-09-15 14:49:00,24.47,24.49,24.46,24.47,168500,4124434.9902
2026-09-15 14:50:00,24.48,24.49,24.47,24.48,109800,2687397.0
2026-09-15 14:51:00,24.48,24.48,24.46,24.46,399100,9764174.8896
2026-09-15 14:52:00,24.47,24.49,24.46,24.49,357000,8739799.0
2026-09-15 14:53:00,24.48,24.49,24.46,24.47,321000,7855882.9917
2026-09-15 14:54:00,24.48,24.49,24.47,24.48,215792,5281779.2227
2026-09-15 14:55:00,24.48,24.49,24.46,24.46,698508,17097961.7802
2026-09-15 14:56:00,24.46,24.49,24.46,24.48,480900,11770224.1127
2026-09-15 14:57:00,24.49,24.5,24.46,24.48,472800,11575220.0663
2026-09-15 15:00:00,24.46,24.46,24.46,24.46,649400,15884323.6665
2026-09-16 09:31:00,24.59,24.69,24.45,24.53,2005800,49284768.0273
2026-09-16 09:32:00,24.53,24.63,24.51,24.63,1351800,33220951.022
2026-09-16 09:33:00,24.63,24.65,24.5,24.54,728900,17914015.0498
2026-09-16 09:34:00,24.54,24.55,24.47,24.5,450500,11042742.0474
2026-09-16 09:35:00,24.5,24.51,24.42,24.43,751600,18388453.7656
2026-09-16 09:36:00,24.42,24.49,24.36,24.47,595100,14537042.978
2026-09-16 09:37:00,24.47,24.5,24.45,24.45,645100,15786605.8813
2026-09-16 09:38:00,24.45,24.46,24.41,24.45,349831,8550340.3377
2026-09-16 09:39:00,24.45,24.47,24.42,24.43,171469,4190383.3524
2026-09-16 09:40:00,24.43,24.44,24.33,24.36,914800,22293044.6945
2026-09-16 09:41:00,24.35,24.4,24.31,24.39,520300,12663309.9961
2026-09-16 09:42:00,24.38,24.39,24.32,24.32,337800,8229850.9854
2026-09-16 09:43:00,24.33,24.44,24.31,24.44,489314,11914084.1865
2026-09-16 09:44:00,24.44,24.44,24.36,24.36,265700,6484066.0015
2026-09-16 09:45:00,24.36,24.38,24.32,24.34,256900,6252186.0005
2026-09-16 09:46:00,24.33,24.45,24.32,24.43,464731,11329795.3214
2026-09-16 09:47:00,24.43,24.5,24.38,24.48,341759,8353591.5575
2026-09-16 09:48:00,24.48,24.48,24.4,24.43,318400,7777995.9966
2026-09-16 09:49:00,24.43,24.46,24.41,24.46,131500,3212961.999
2026-09-16 09:50:00,24.46,24.48,24.41,24.42,298500,7297791.9751
2026-09-16 09:51:00,24.43,24.45,24.37,24.38,140900,3439059.9927
2026-09-16 09:52:00,24.38,24.46,24.37,24.42,171600,4188186.8509
2026-09-16 09:53:00,24.41,24.42,24.37,24.41,192300,4690365.9927
2026-09-16 09:54:00,24.41,24.48,24.41,24.47,160100,3913702.9873
2026-09-16 09:55:00,24.47,24.47,24.41,24.42,254200,6212367.9971
2026-09-16 09:56:00,24.42,24.45,24.4,24.41,250100,6109331.0117
2026-09-16 09:57:00,24.41,24.47,24.39,24.4,192300,4698162.9829
2026-09-16 09:58:00,24.4,24.4,24.35,24.36,161900,3945528.0059
2026-09-16 09:59:00,24.37,24.37,24.33,24.33,223800,5449386.0024
2026-09-16 10:00:00,24.34,24.35,24.25,24.26,894400,21731012.063
2026-09-16 10:01:00,24.25,24.27,24.21,24.25,421700,10220712.9971
2026-09-16 10:02:00,24.25,24.27,24.23,24.26,203100,4923914.0
2026-09-16 10:03:00,24.27,24.32,24.26,24.31,137500,3339128.0039
2026-09-16 10:04:00,24.32,24.36,24.28,24.29,231800,5637787.0464
2026-09-16 10:05:00,24.28,24.31,24.26,24.31,624000,15153566.0718
2026-09-16 10:06:00,24.31,24.35,24.29,24.31,137700,3348462.0088
2026-09-16 10:07:00,24.3,24.3,24.22,24.22,500100,12130996.0015
2026-09-16 10:08:00,24.22,24.23,24.18,24.19,447700,10837374.9624
2026-09-16 10:09:00,24.18,24.19,24.1,24.12,376700,9094391.9844
2026-09-16 10:10:00,24.12,24.14,24.07,24.07,497800,11999911.0068
2026-09-16 10:11:00,24.09,24.18,24.06,24.14,490300,11831588.0156
2026-09-16 10:12:00,24.14,24.15,24.08,24.1,301500,7269277.0005
2026-09-16 10:13:00,24.12,24.16,24.1,24.1,456300,11013043.0068
2026-09-16 10:14:00,24.11,24.12,24.05,24.05,586800,14127439.001
2026-09-16 10:15:00,24.05,24.11,24.01,24.11,536163,12890800.6973
2026-09-16 10:16:00,24.11,24.15,24.1,24.14,144200,3479289.9863
2026-09-16 10:17:00,24.14,24.14,24.06,24.07,358500,8639173.9985
2026-09-16 10:18:00,24.06,24.06,24.03,24.04,285700,6868972.0444
2026-09-16 10:19:00,24.04,24.05,24.01,24.02,367500,8830101.0101
2026-09-16 10:20:00,24.01,24.03,24.0,24.0,675000,16203222.3772
2026-09-16 10:21:00,24.0,24.01,23.95,23.96,1012000,24260952.7693
2026-09-16 10:22:00,23.96,24.09,23.92,24.04,962800,23075007.9814
2026-09-16 10:23:00,24.04,24.08,23.97,24.02,245100,5883737.0049
2026-09-16 10:24:00,24.0,24.04,23.98,23.98,279100,6697851.0005
2026-09-16 10:25:00,23.98,24.0,23.93,23.94,420500,10077305.9756
2026-09-16 10:26:00,23.95,23.98,23.91,23.92,553300,13238218.9961
2026-09-16 10:27:00,23.92,23.92,23.86,23.87,807900,19301282.9438
2026-09-16 10:28:00,23.87,23.9,23.87,23.89,325400,7771812.9316
2026-09-16 10:29:00,23.89,23.92,23.88,23.92,273700,6541644.9995
2026-09-16 10:30:00,23.92,23.94,23.9,23.93,284600,6806661.7719
2026-09-16 10:31:00,23.93,23.97,23.91,23.94,368000,8805367.0
2026-09-16 10:32:00,23.94,23.94,23.91,23.91,209500,5011681.0
2026-09-16 10:33:00,23.91,23.94,23.9,23.93,313200,7491696.0
2026-09-16 10:34:00,23.93,23.97,23.92,23.95,290300,6952162.9927
2026-09-16 10:35:00,23.95,23.99,23.94,23.98,406100,9733029.9365
2026-09-16 10:36:00,23.99,24.02,23.98,24.01,302800,7266525.0
2026-09-16 10:37:00,24.01,24.05,23.98,24.0,423200,10159495.0103
2026-09-16 10:38:00,24.01,24.01,23.94,23.95,224600,5384890.0063
2026-09-16 10:39:00,23.95,23.98,23.94,23.96,121600,2913164.0024
2026-09-16 10:40:00,23.96,23.96,23.92,23.93,364800,8732258.5382
2026-09-16 10:41:00,23.94,23.94,23.92,23.92,139300,3333155.0
2026-09-16 10:42:00,23.93,23.97,23.92,23.97,204243,4889106.8682
2026-09-16 10:43:00,23.97,24.07,23.97,24.03,207000,4972052.0049
2026-09-16 10:44:00,24.03,24.09,24.03,24.05,166900,4013652.0215
2026-09-16 10:45:00,24.05,24.05,23.94,23.95,323700,7767756.9971
2026-09-16 10:46:00,23.96,23.98,23.92,23.97,278700,6674443.981
2026-09-16 10:47:00,23.96,23.98,23.95,23.98,139500,3343227.9805
2026-09-16 10:48:00,23.98,23.98,23.93,23.94,263400,6310181.9272
2026-09-16 10:49:00,23.93,23.95,23.92,23.94,108300,2592192.0
2026-09-16 10:50:00,23.94,23.96,23.91,23.93,328800,7868408.0039
2026-09-16 10:51:00,23.93,23.94,23.91,23.92,237100,5670489.0
2026-09-16 10:52:00,23.91,23.93,23.91,23.93,163000,3898895.0
2026-09-16 10:53:00,23.92,23.93,23.92,23.93,169700,4060031.0
2026-09-16 10:54:00,23.93,23.93,23.89,23.89,466600,11153584.0
2026-09-16 10:55:00,23.89,23.92,23.88,23.91,346400,8277130.9971
2026-09-16 10:56:00,23.91,23.96,23.89,23.93,303900,7268685.9995
2026-09-16 10:57:00,23.93,23.96,23.91,23.95,40600,971908.0
2026-09-16 10:58:00,23.94,23.98,23.93,23.94,121500,2910707.9819
2026-09-16 10:59:00,23.94,23.95,23.9,23.93,201700,4824089.0
2026-09-16 11:00:00,23.92,23.92,23.88,23.9,168300,4020644.9917
2026-09-16 11:01:00,23.89,23.9,23.88,23.9,370200,8843110.9595
2026-09-16 11:02:00,23.91,23.92,23.89,23.91,191700,4583082.0
2026-09-16 11:03:00,23.91,23.92,23.88,23.9,160000,3823326.9912
2026-09-16 11:04:00,23.91,23.93,23.88,23.88,201600,4818634.9922
2026-09-16 11:05:00,23.89,23.9,23.86,23.87,483700,11546779.0015
2026-09-16 11:06:00,23.86,23.89,23.81,23.88,1317900,31436005.0498
2026-09-16 11:07:00,23.89,23.96,23.88,23.95,99300,2374713.9976
2026-09-16 11:08:00,23.96,23.97,23.9,23.9,160400,3838772.9961
2026-09-16 11:09:00,23.91,23.91,23.88,23.9,181000,4324774.9941
2026-09-16 11:10:00,23.9,23.91,23.88,23.89,109400,2613338.9795
2026-09-16 11:11:00,23.88,23.91,23.88,23.91,162200,3875824.9966
2026-09-16 11:12:00,23.91,23.94,23.9,23.91,74780,1788602.0
2026-09-16 11:13:00,23.92,23.93,23.91,23.93,104600,2501788.0
2026-09-16 11:14:00,23.92,23.93,23.91,23.92,75300,1800868.0
2026-09-16 11:15:00,23.92,23.96,23.9,23.94,165800,3965623.0
2026-09-16 11:16:00,23.95,24.0,23.95,24.0,227900,5468164.9814
2026-09-16 11:17:00,24.0,24.02,23.99,24.0,160100,3842767.0
2026-09-16 11:18:00,23.99,23.99,23.96,23.96,106500,2553697.9961
2026-09-16 11:19:00,23.96,23.98,23.96,23.98,112000,2685053.0
2026-09-16 11:20:00,23.98,23.98,23.96,23.96,128500,3080172.9956
2026-09-16 11:21:00,23.96,23.98,23.95,23.98,175100,4196019.9292
2026-09-16 11:22:00,23.97,24.02,23.96,24.01,172000,4126232.9868
2026-09-16 11:23:00,24.0,24.03,24.0,24.03,81400,1955124.0
2026-09-16 11:24:00,24.03,24.05,24.02,24.03,130500,3136127.0137
2026-09-16 11:25:00,24.02,24.04,24.01,24.02,126100,3028688.0
2026-09-16 11:26:00,24.02,24.03,24.0,24.02,63900,1534320.0
2026-09-16 11:27:00,24.02,24.05,24.0,24.05,133900,3217003.0
2026-09-16 11:28:00,24.05,24.05,24.03,24.03,93111,2238491.3305
2026-09-16 11:29:00,24.03,24.05,24.03,24.05,52700,1266982.0233
2026-09-16 11:30:00,24.04,24.05,24.01,24.01,72889,1751665.6739
2026-09-16 13:01:00,24.01,24.11,24.01,24.1,342745,8240529.4644
2026-09-16 13:02:00,24.1,24.17,24.09,24.14,174700,4216371.9863
2026-09-16 13:03:00,24.14,24.16,24.12,24.14,182900,4415357.9897
2026-09-16 13:04:00,24.13,24.15,24.08,24.1,133100,3209995.0029
2026-09-16 13:05:00,24.09,24.16,24.08,24.14,154300,3721515.9976
2026-09-16 13:06:00,24.15,24.17,24.13,24.16,105400,2545696.9995
2026-09-16 13:07:00,24.17,24.17,24.11,24.11,127900,3087554.0029
2026-09-16 13:08:00,24.12,24.15,24.1,24.1,199400,4808189.998
2026-09-16 13:09:00,24.1,24.1,24.02,24.05,245927,5916979.3564
2026-09-16 13:10:00,24.06,24.08,24.04,24.05,122600,2949272.7299
2026-09-16 13:11:00,24.04,24.07,24.03,24.04,307500,7392858.0933
2026-09-16 13:12:00,24.04,24.04,23.97,23.97,328055,7873132.5549
2026-09-16 13:13:00,23.97,23.98,23.96,23.98,269500,6459779.9663
2026-09-16 13:14:00,23.97,23.97,23.96,23.97,118200,2832702.9688
2026-09-16 13:15:00,23.97,23.97,23.95,23.96,303845,7279750.1321
2026-09-16 13:16:00,23.96,24.04,23.95,24.01,228800,5489114.532
2026-09-16 13:17:00,24.01,24.04,24.0,24.04,87200,2094264.0005
2026-09-16 13:18:00,24.04,24.06,24.02,24.03,96900,2328621.0068
2026-09-16 13:19:00,24.02,24.03,23.99,24.02,181400,4354847.0
2026-09-16 13:20:00,24.02,24.04,24.0,24.03,140400,3372130.0
2026-09-16 13:21:00,24.03,24.03,24.01,24.02,60700,1457931.0
2026-09-16 13:22:00,24.01,24.02,24.0,24.01,64300,1543691.0
2026-09-16 13:23:00,24.01,24.03,24.0,24.03,82500,1981405.0
2026-09-16 13:24:00,24.03,24.04,24.02,24.03,73200,1758760.0005
2026-09-16 13:25:00,24.02,24.03,23.99,23.99,225400,5410803.0
2026-09-16 13:26:00,23.99,24.01,23.98,24.01,144100,3458121.0
2026-09-16 13:27:00,24.01,24.02,24.0,24.01,67000,1608449.0
2026-09-16 13:28:00,24.01,24.02,24.0,24.01,83100,1995347.0
2026-09-16 13:29:00,24.01,24.02,24.0,24.01,49300,1183671.0
2026-09-16 13:30:00,24.02,24.03,24.01,24.03,50500,1213220.0
2026-09-16 13:31:00,24.02,24.03,24.01,24.01,90100,2163834.0
2026-09-16 13:32:00,24.01,24.02,24.0,24.01,56900,1366257.0
2026-09-16 13:33:00,24.01,24.02,24.0,24.01,40300,967495.0
2026-09-16 13:34:00,24.0,24.04,24.0,24.03,150400,3612748.0015
2026-09-16 13:35:00,24.03,24.04,24.02,24.03,52800,1268533.0005
2026-09-16 13:36:00,24.03,24.03,24.01,24.01,111100,2668413.0
2026-09-16 13:37:00,24.02,24.03,24.0,24.01,113200,2718115.0
2026-09-16 13:38:00,24.01,24.05,24.0,24.03,149000,3580526.021
2026-09-16 13:39:00,24.03,24.05,24.02,24.03,58400,1403592.0122
2026-09-16 13:40:00,24.04,24.04,24.0,24.02,254700,6116179.0005
2026-09-16 13:41:00,24.03,24.05,24.02,24.03,117400,2821799.0088
2026-09-16 13:42:00,24.03,24.03,24.0,24.0,100400,2410174.0
2026-09-16 13:43:00,24.0,24.01,23.99,23.99,159800,3834890.0
2026-09-16 13:44:00,23.99,24.04,23.98,24.03,229900,5518738.0005
2026-09-16 13:45:00,24.03,24.08,24.02,24.08,189900,4568089.0088
2026-09-16 13:46:00,24.08,24.09,24.07,24.08,113800,2740093.0
2026-09-16 13:47:00,24.08,24.09,24.07,24.07,81500,1962576.0
2026-09-16 13:48:00,24.08,24.09,24.06,24.08,136300,3281786.0
2026-09-16 13:49:00,24.07,24.07,24.06,24.06,39900,960185.0
2026-09-16 13:50:00,24.06,24.06,24.05,24.06,58700,1412031.0
2026-09-16 13:51:00,24.06,24.09,24.05,24.08,114300,2751106.0
2026-09-16 13:52:00,24.09,24.09,24.07,24.08,59600,1435196.0
2026-09-16 13:53:00,24.08,24.14,24.06,24.12,167900,4047585.0088
2026-09-16 13:54:00,24.11,24.13,24.1,24.12,67300,1622892.0073
2026-09-16 13:55:00,24.13,24.14,24.12,24.12,68400,1650241.9966
2026-09-16 13:56:00,24.12,24.13,24.09,24.09,139100,3353704.0098
2026-09-16 13:57:00,24.09,24.11,24.08,24.09,149600,3604094.0
2026-09-16 13:58:00,24.09,24.09,24.05,24.05,196900,4739076.0
2026-09-16 13:59:00,24.06,24.07,24.05,24.06,76900,1849777.9941
2026-09-16 14:00:00,24.06,24.06,24.03,24.03,169000,4063460.0146
2026-09-16 14:01:00,24.05,24.06,24.03,24.04,167800,4035073.0151
2026-09-16 14:02:00,24.04,24.05,24.04,24.04,73500,1767018.0532
2026-09-16 14:03:00,24.04,24.05,24.03,24.04,87900,2112482.0127
2026-09-16 14:04:00,24.04,24.09,24.04,24.09,248500,5977911.0098
2026-09-16 14:05:00,24.08,24.09,24.05,24.06,64400,1549719.0
2026-09-16 14:06:00,24.06,24.07,24.05,24.07,74200,1785502.0
2026-09-16 14:07:00,24.07,24.08,24.05,24.07,183900,4425791.0
2026-09-16 14:08:00,24.07,24.08,24.06,24.06,54300,1306929.0
2026-09-16 14:09:00,24.06,24.07,24.05,24.07,54400,1309046.0
2026-09-16 14:10:00,24.06,24.08,24.06,24.08,74200,1785840.0
2026-09-16 14:11:00,24.08,24.1,24.07,24.1,103800,2500734.0
2026-09-16 14:12:00,24.1,24.11,24.09,24.1,111800,2694744.0
2026-09-16 14:13:00,24.1,24.11,24.09,24.1,92700,2234246.0
2026-09-16 14:14:00,24.1,24.11,24.09,24.09,37700,908464.0
2026-09-16 14:15:00,24.09,24.1,24.09,24.09,59000,1421471.0
2026-09-16 14:16:00,24.09,24.09,24.07,24.08,124700,3002893.0
2026-09-16 14:17:00,24.07,24.08,24.07,24.07,70700,1701945.0
2026-09-16 14:18:00,24.08,24.08,24.07,24.07,59900,1442107.0
2026-09-16 14:19:00,24.07,24.08,24.07,24.07,54500,1312202.0005
2026-09-16 14:20:00,24.08,24.09,24.07,24.08,143984,3466662.873
2026-09-16 14:21:00,24.09,24.09,24.07,24.07,100500,2419667.9956
2026-09-16 14:22:00,24.07,24.09,24.07,24.08,63400,1526735.9998
2026-09-16 14:23:00,24.09,24.09,24.07,24.08,101000,2432073.0
2026-09-16 14:24:00,24.08,24.09,24.07,24.08,53900,1298013.0
2026-09-16 14:25:00,24.08,24.08,24.06,24.06,107400,2584912.1533
2026-09-16 14:26:00,24.06,24.07,24.05,24.06,104100,2504496.15
2026-09-16 14:27:00,24.05,24.06,24.03,24.03,216816,5212741.8179
2026-09-16 14:28:00,24.03,24.04,24.01,24.01,201000,4827487.0024
2026-09-16 14:29:00,24.01,24.02,24.0,24.0,75500,1812531.0
2026-09-16 14:30:00,24.0,24.01,24.0,24.01,106200,2549138.0
2026-09-16 14:31:00,24.01,24.03,24.0,24.02,162300,3896743.0
2026-09-16 14:32:00,24.02,24.02,24.01,24.01,116500,2797692.0
2026-09-16 14:33:00,24.01,24.02,23.99,24.0,247600,5943662.0
2026-09-16 14:34:00,24.0,24.01,23.99,24.0,86800,2083386.0
2026-09-16 14:35:00,24.01,24.02,24.0,24.02,95800,2300356.0
2026-09-16 14:36:00,24.01,24.02,24.01,24.01,42100,1010936.0
2026-09-16 14:37:00,24.01,24.02,24.0,24.01,141400,3394458.0
2026-09-16 14:38:00,24.01,24.01,24.0,24.01,80400,1929891.0
2026-09-16 14:39:00,24.0,24.02,24.0,24.01,199900,4799396.0
2026-09-16 14:40:00,24.0,24.02,24.0,24.0,154200,3702017.0
2026-09-16 14:41:00,24.0,24.01,23.99,24.0,188500,4523422.0
2026-09-16 14:42:00,23.99,24.01,23.99,24.01,222900,5349400.0
2026-09-16 14:43:00,24.0,24.01,24.0,24.0,80500,1932405.0
2026-09-16 14:44:00,24.0,24.04,24.0,24.04,247900,5953772.0083
2026-09-16 14:45:00,24.04,24.05,24.03,24.04,188415,4530262.6316
2026-09-16 14:46:00,24.05,24.06,24.03,24.06,163300,3926698.9037
2026-09-16 14:47:00,24.05,24.06,24.04,24.05,266900,6419977.9961
2026-09-16 14:48:00,24.04,24.06,24.04,24.04,110200,2650237.0029
2026-09-16 14:49:00,24.05,24.06,24.04,24.05,183122,4403930.0868
2026-09-16 14:50:00,24.05,24.06,24.05,24.06,97100,2335753.9885
2026-09-16 14:51:00,24.06,24.06,24.05,24.05,109500,2633853.97
2026-09-16 14:52:00,24.05,24.07,24.05,24.06,218400,5254663.9747
2026-09-16 14:53:00,24.06,24.06,24.05,24.06,214200,5152807.9794
2026-09-16 14:54:00,24.05,24.06,24.04,24.04,197000,4737139.8014
2026-09-16 14:55:00,24.04,24.06,24.03,24.06,342000,8224053.0496
2026-09-16 14:56:00,24.06,24.08,24.04,24.05,314600,7569781.0011
2026-09-16 14:57:00,24.05,24.12,24.05,24.1,507900,12237086.125
2026-09-16 15:00:00,24.06,24.06,24.06,24.06,415505,9997050.2542
2026-09-17 09:31:00,23.64,23.73,23.56,23.6,2556500,60415458.4014
2026-09-17 09:32:00,23.57,23.78,23.57,23.76,1117432,26458905.2922
2026-09-17 09:33:00,23.76,23.77,23.71,23.75,778227,18474616.1168
2026-09-17 09:34:00,23.75,23.79,23.72,23.78,543085,12901799.9033
2026-09-17 09:35:00,23.78,23.86,23.77,23.85,524715,12495664.4647
2026-09-17 09:36:00,23.83,23.86,23.81,23.82,289400,6898238.0
2026-09-17 09:37:00,23.82,23.82,23.76,23.76,802585,19091815.6085
2026-09-17 09:38:00,23.77,23.79,23.71,23.72,538815,12797680.9971
2026-09-17 09:39:00,23.72,23.72,23.65,23.68,1041500,24661076.9844
2026-09-17 09:40:00,23.67,23.69,23.65,23.67,368400,8718224.0
2026-09-17 09:41:00,23.68,23.7,23.62,23.69,667200,15785046.96
2026-09-17 09:42:00,23.68,23.7,23.59,23.6,702200,16596301.0234
2026-09-17 09:43:00,23.59,23.6,23.47,23.52,1503710,35364487.902
2026-09-17 09:44:00,23.52,23.57,23.48,23.5,1197800,28162533.0447
2026-09-17 09:45:00,23.5,23.51,23.44,23.5,1483200,34805245.71
2026-09-17 09:46:00,23.5,23.52,23.45,23.47,838200,19684271.9849
2026-09-17 09:47:00,23.48,23.51,23.42,23.42,944000,22153028.9609
2026-09-17 09:48:00,23.42,23.55,23.42,23.54,723400,16984320.0122
2026-09-17 09:49:00,23.54,23.59,23.53,23.58,398900,9397619.9717
2026-09-17 09:50:00,23.58,23.65,23.55,23.63,302714,7144304.6997
2026-09-17 09:51:00,23.62,23.64,23.55,23.55,242586,5720654.1454
2026-09-17 09:52:00,23.55,23.56,23.5,23.51,186400,4385597.0356
2026-09-17 09:53:00,23.51,23.52,23.49,23.52,212600,4996853.0
2026-09-17 09:54:00,23.52,23.53,23.47,23.5,426600,10024226.0
2026-09-17 09:55:00,23.5,23.52,23.48,23.48,163100,3831973.0
2026-09-17 09:56:00,23.48,23.53,23.48,23.48,281400,6612955.0
2026-09-17 09:57:00,23.49,23.54,23.44,23.53,603700,14165237.9531
2026-09-17 09:58:00,23.5,23.68,23.49,23.68,574300,13559003.0205
2026-09-17 09:59:00,23.67,23.68,23.6,23.63,174900,4133239.001
2026-09-17 10:00:00,23.64,23.67,23.62,23.63,166200,3928522.9141
2026-09-17 10:01:00,23.63,23.64,23.51,23.52,232700,5488049.0244
2026-09-17 10:02:00,23.52,23.53,23.47,23.47,203500,4780383.0
2026-09-17 10:03:00,23.48,23.48,23.45,23.47,305300,7164436.958
2026-09-17 10:04:00,23.47,23.47,23.35,23.36,1401800,32813030.813
2026-09-17 10:05:00,23.35,23.45,23.35,23.43,408200,9550099.9561
2026-09-17 10:06:00,23.42,23.45,23.38,23.4,489400,11462117.0156
2026-09-17 10:07:00,23.39,23.4,23.34,23.34,451087,10538291.5889
2026-09-17 10:08:00,23.35,23.35,23.31,23.32,739013,17238608.4377
2026-09-17 10:09:00,23.31,23.35,23.31,23.31,689300,16080134.0
2026-09-17 10:10:00,23.32,23.32,23.3,23.31,583900,13608957.957
2026-09-17 10:11:00,23.3,23.33,23.3,23.33,390800,9108306.9834
2026-09-17 10:12:00,23.33,23.39,23.31,23.35,413100,9636458.9985
2026-09-17 10:13:00,23.35,23.35,23.29,23.29,529700,12349540.9912
2026-09-17 10:14:00,23.29,23.3,23.23,23.24,521700,12136803.0591
2026-09-17 10:15:00,23.23,23.27,23.2,23.24,1243446,28885122.4995
2026-09-17 10:16:00,23.23,23.3,23.23,23.29,725688,16871593.0127
2026-09-17 10:17:00,23.28,23.29,23.26,23.28,213300,4964743.0044
2026-09-17 10:18:00,23.29,23.36,23.28,23.35,311300,7254225.0327
2026-09-17 10:19:00,23.36,23.38,23.26,23.27,336900,7850254.001
2026-09-17 10:20:00,23.27,23.3,23.26,23.27,568000,13219773.0146
2026-09-17 10:21:00,23.28,23.3,23.27,23.28,392100,9127416.0288
2026-09-17 10:22:00,23.28,23.33,23.27,23.29,207500,4832828.0322
2026-09-17 10:23:00,23.28,23.33,23.28,23.32,208200,4851767.0156
2026-09-17 10:24:00,23.32,23.36,23.32,23.32,250300,5841398.0
2026-09-17 10:25:00,23.32,23.39,23.27,23.39,228600,5330562.0039
2026-09-17 10:26:00,23.38,23.41,23.37,23.39,220100,5149059.9849
2026-09-17 10:27:00,23.38,23.39,23.36,23.39,173300,4051066.9897
2026-09-17 10:28:00,23.38,23.38,23.35,23.37,98600,2304235.021
2026-09-17 10:29:00,23.37,23.39,23.35,23.38,106300,2484353.0049
2026-09-17 10:30:00,23.38,23.43,23.38,23.41,176700,4136783.998
2026-09-17 10:31:00,23.4,23.42,23.4,23.41,120600,2823648.0
2026-09-17 10:32:00,23.41,23.42,23.35,23.36,317300,7424403.9785
2026-09-17 10:33:00,23.35,23.39,23.33,23.34,111500,2604285.0078
2026-09-17 10:34:00,23.33,23.35,23.3,23.32,168300,3924746.9961
2026-09-17 10:35:00,23.32,23.33,23.3,23.32,114200,2662614.0
2026-09-17 10:36:00,23.31,23.32,23.26,23.31,398200,9273265.0
2026-09-17 10:37:00,23.31,23.32,23.3,23.3,108600,2531381.9971
2026-09-17 10:38:00,23.31,23.31,23.28,23.28,146300,3408282.9985
2026-09-17 10:39:00,23.28,23.3,23.26,23.27,180800,4207924.0332
2026-09-17 10:40:00,23.26,23.28,23.26,23.27,190900,4441749.0
2026-09-17 10:41:00,23.27,23.3,23.26,23.26,290900,6772514.0435
2026-09-17 10:42:00,23.26,23.27,23.24,23.25,313300,7285019.0
2026-09-17 10:43:00,23.24,23.27,23.23,23.26,311000,7228926.0
2026-09-17 10:44:00,23.26,23.27,23.25,23.27,176800,4112136.0
2026-09-17 10:45:00,23.26,23.27,23.26,23.27,135100,3143061.0
2026-09-17 10:46:00,23.26,23.3,23.25,23.26,327100,7613431.0112
2026-09-17 10:47:00,23.26,23.27,23.23,23.23,375700,8734661.0
2026-09-17 10:48:00,23.23,23.25,23.21,23.22,328700,7632857.9639
2026-09-17 10:49:00,23.22,23.26,23.2,23.25,403300,9364030.9365
2026-09-17 10:50:00,23.26,23.3,23.25,23.29,219100,5100627.0342
2026-09-17 10:51:00,23.3,23.33,23.29,23.33,161300,3760199.9971
2026-09-17 10:52:00,23.33,23.33,23.31,23.31,102700,2394530.0
2026-09-17 10:53:00,23.31,23.31,23.28,23.29,108100,2518839.0029
2026-09-17 10:54:00,23.29,23.31,23.28,23.29,158500,3692169.0322
2026-09-17 10:55:00,23.29,23.34,23.26,23.32,298800,6962540.0205
2026-09-17 10:56:00,23.34,23.34,23.3,23.31,56600,1319739.0
2026-09-17 10:57:00,23.31,23.36,23.3,23.36,91400,2132345.0
2026-09-17 10:58:00,23.36,23.36,23.33,23.34,47000,1097099.0
2026-09-17 10:59:00,23.34,23.35,23.33,23.34,63100,1472798.0
2026-09-17 11:00:00,23.34,23.37,23.34,23.37,92600,2163050.0034
2026-09-17 11:01:00,23.37,23.39,23.36,23.38,184500,4312128.0503
2026-09-17 11:02:00,23.37,23.38,23.32,23.32,131500,3070399.0015
2026-09-17 11:03:00,23.32,23.32,23.29,23.32,135200,3150945.9941
2026-09-17 11:04:00,23.31,23.36,23.31,23.36,78800,1838545.0
2026-09-17 11:05:00,23.35,23.36,23.35,23.36,44200,1032337.0
2026-09-17 11:06:00,23.35,23.37,23.35,23.37,66100,1544090.002
2026-09-17 11:07:00,23.36,23.38,23.36,23.37,99100,2315388.0225
2026-09-17 11:08:00,23.36,23.37,23.35,23.35,58800,1373211.001
2026-09-17 11:09:00,23.35,23.35,23.33,23.34,42900,1001323.0
2026-09-17 11:10:00,23.33,23.35,23.33,23.34,71900,1677941.0
2026-09-17 11:11:00,23.34,23.34,23.31,23.31,150500,3510198.0
2026-09-17 11:12:00,23.32,23.32,23.3,23.3,51800,1207311.0
2026-09-17 11:13:00,23.31,23.34,23.29,23.34,326300,7607273.0078
2026-09-17 11:14:00,23.34,23.34,23.32,23.33,34700,809547.0
2026-09-17 11:15:00,23.33,23.36,23.32,23.36,113600,2651504.0
2026-09-17 11:16:00,23.36,23.36,23.34,23.35,67700,1580902.0
2026-09-17 11:17:00,23.35,23.35,23.34,23.35,31500,735463.0
2026-09-17 11:18:00,23.34,23.35,23.34,23.35,18700,436579.0
2026-09-17 11:19:00,23.34,23.35,23.32,23.33,98100,2289428.0
2026-09-17 11:20:00,23.33,23.34,23.32,23.33,45000,1049849.0
2026-09-17 11:21:00,23.33,23.34,23.28,23.29,147900,3446945.0356
2026-09-17 11:22:00,23.3,23.31,23.28,23.29,212000,4939365.9902
2026-09-17 11:23:00,23.29,23.29,23.28,23.29,113200,2635441.0098
2026-09-17 11:24:00,23.29,23.29,23.27,23.29,123800,2882488.0371
2026-09-17 11:25:00,23.29,23.32,23.28,23.31,51600,1202168.0112
2026-09-17 11:26:00,23.32,23.32,23.3,23.31,43900,1023394.0
2026-09-17 11:27:00,23.31,23.32,23.3,23.32,65300,1522113.0
2026-09-17 11:28:00,23.31,23.32,23.3,23.3,55000,1281996.998
2026-09-17 11:29:00,23.3,23.31,23.29,23.29,83200,1938410.0034
2026-09-17 11:30:00,23.29,23.3,23.28,23.29,48600,1131738.0156
2026-09-17 13:01:00,23.29,23.38,23.28,23.38,485400,11326107.0259
2026-09-17 13:02:00,23.37,23.4,23.35,23.4,170400,3983284.9727
2026-09-17 13:03:00,23.39,23.42,23.38,23.41,110000,2573827.9966
2026-09-17 13:04:00,23.41,23.41,23.38,23.39,83900,1962934.999
2026-09-17 13:05:00,23.39,23.42,23.38,23.42,150400,3519299.9995
2026-09-17 13:06:00,23.42,23.43,23.41,23.43,54700,1281091.0
2026-09-17 13:07:00,23.42,23.43,23.39,23.4,110000,2574971.0
2026-09-17 13:08:00,23.39,23.4,23.37,23.38,115500,2700968.978
2026-09-17 13:09:00,23.38,23.39,23.37,23.37,79400,1855886.0151
2026-09-17 13:10:00,23.37,23.41,23.36,23.4,86800,2030263.9971
2026-09-17 13:11:00,23.4,23.45,23.4,23.43,194600,4558798.002
2026-09-17 13:12:00,23.44,23.45,23.43,23.45,71500,1675610.0
2026-09-17 13:13:00,23.45,23.45,23.42,23.42,142600,3341064.002
2026-09-17 13:14:00,23.43,23.45,23.42,23.43,196000,4592234.0
2026-09-17 13:15:00,23.43,23.46,23.43,23.45,123400,2893105.0
2026-09-17 13:16:00,23.45,23.46,23.42,23.44,195400,4579503.0034
2026-09-17 13:17:00,23.44,23.5,23.43,23.49,269600,6329292.9878
2026-09-17 13:18:00,23.49,23.5,23.48,23.49,136600,3208666.0
2026-09-17 13:19:00,23.49,23.52,23.49,23.51,262600,6172021.0
2026-09-17 13:20:00,23.51,23.52,23.47,23.48,219600,5159749.0
2026-09-17 13:21:00,23.48,23.48,23.43,23.43,148900,3491467.9844
2026-09-17 13:22:00,23.43,23.44,23.41,23.43,97800,2290863.0
2026-09-17 13:23:00,23.42,23.44,23.39,23.42,447200,10466092.0
2026-09-17 13:24:00,23.42,23.42,23.4,23.41,93800,2196279.0
2026-09-17 13:25:00,23.4,23.45,23.39,23.43,156500,3665084.0
2026-09-17 13:26:00,23.43,23.44,23.39,23.4,322400,7552165.0
2026-09-17 13:27:00,23.41,23.41,23.39,23.39,45600,1066870.0
2026-09-17 13:28:00,23.39,23.42,23.39,23.41,81300,1902878.0
2026-09-17 13:29:00,23.41,23.42,23.39,23.4,86300,2020556.0
2026-09-17 13:30:00,23.39,23.4,23.39,23.4,52600,1230575.0
2026-09-17 13:31:00,23.4,23.4,23.39,23.4,33900,793157.0
2026-09-17 13:32:00,23.39,23.41,23.39,23.39,373100,8732523.0
2026-09-17 13:33:00,23.39,23.43,23.38,23.42,174200,4075674.9907
2026-09-17 13:34:00,23.42,23.44,23.41,23.43,64100,1501642.0
2026-09-17 13:35:00,23.43,23.44,23.41,23.41,56500,1323469.0
2026-09-17 13:36:00,23.41,23.41,23.34,23.34,531100,12415922.6626
2026-09-17 13:37:00,23.34,23.34,23.31,23.34,177800,4146291.0
2026-09-17 13:38:00,23.34,23.35,23.32,23.33,85400,1992518.0
2026-09-17 13:39:00,23.32,23.34,23.32,23.32,86500,2017871.0
2026-09-17 13:40:00,23.33,23.35,23.32,23.35,77500,1808635.0
2026-09-17 13:41:00,23.35,23.36,23.34,23.35,56400,1316855.0
2026-09-17 13:42:00,23.35,23.35,23.33,23.33,86200,2011577.0
2026-09-17 13:43:00,23.33,23.34,23.31,23.33,116400,2714518.0
2026-09-17 13:44:00,23.32,23.34,23.31,23.33,107200,2500407.0
2026-09-17 13:45:00,23.33,23.38,23.32,23.38,206800,4830315.0215
2026-09-17 13:46:00,23.37,23.38,23.35,23.38,116400,2720188.0161
2026-09-17 13:47:00,23.38,23.39,23.35,23.35,95100,2221794.998
2026-09-17 13:48:00,23.36,23.36,23.35,23.35,55500,1296120.0
2026-09-17 13:49:00,23.36,23.37,23.35,23.37,72200,1686605.0088
2026-09-17 13:50:00,23.37,23.38,23.36,23.37,33600,785094.0068
2026-09-17 13:51:00,23.37,23.37,23.35,23.35,65100,1520632.0044
2026-09-17 13:52:00,23.35,23.38,23.35,23.37,76005,1775818.7681
2026-09-17 13:53:00,23.37,23.37,23.35,23.36,85600,1999674.0103
2026-09-17 13:54:00,23.36,23.36,23.31,23.32,165695,3867323.25
2026-09-17 13:55:00,23.32,23.34,23.3,23.3,229300,5344290.9922
2026-09-17 13:56:00,23.31,23.31,23.29,23.29,217000,5055596.0156
2026-09-17 13:57:00,23.3,23.31,23.27,23.3,161900,3770768.0342
2026-09-17 13:58:00,23.3,23.32,23.29,23.3,99900,2327786.9868
2026-09-17 13:59:00,23.3,23.31,23.28,23.28,78100,1819135.0273
2026-09-17 14:00:00,23.29,23.29,23.27,23.27,113400,2640294.019
2026-09-17 14:01:00,23.28,23.28,23.27,23.28,68500,1594373.0
2026-09-17 14:02:00,23.28,23.29,23.25,23.27,286689,6671278.2608
2026-09-17 14:03:00,23.27,23.28,23.25,23.27,120900,2812311.0
2026-09-17 14:04:00,23.28,23.32,23.27,23.31,137800,3208715.0127
2026-09-17 14:05:00,23.3,23.31,23.29,23.29,79600,1854316.0225
2026-09-17 14:06:00,23.3,23.3,23.28,23.28,74000,1723243.0171
2026-09-17 14:07:00,23.29,23.29,23.28,23.28,103200,2402645.0063
2026-09-17 14:08:00,23.28,23.29,23.26,23.28,236600,5506616.002
2026-09-17 14:09:00,23.27,23.29,23.27,23.28,113700,2646200.0005
2026-09-17 14:10:00,23.28,23.29,23.26,23.28,174300,4055978.0015
2026-09-17 14:11:00,23.29,23.29,23.26,23.28,148300,3450915.0
2026-09-17 14:12:00,23.28,23.28,23.27,23.28,29700,691293.0
2026-09-17 14:13:00,23.28,23.3,23.26,23.29,264300,6151847.0337
2026-09-17 14:14:00,23.29,23.3,23.28,23.3,93700,2181776.0186
2026-09-17 14:15:00,23.29,23.33,23.29,23.32,160200,3733853.998
2026-09-17 14:16:00,23.32,23.33,23.29,23.3,127200,2963964.999
2026-09-17 14:17:00,23.3,23.31,23.3,23.31,49500,1153550.9932
2026-09-17 14:18:00,23.31,23.31,23.29,23.3,65200,1519070.9839
2026-09-17 14:19:00,23.3,23.31,23.29,23.31,144500,3367179.9834
2026-09-17 14:20:00,23.31,23.31,23.3,23.3,39000,908823.998
2026-09-17 14:21:00,23.31,23.31,23.29,23.29,125700,2928539.9941
2026-09-17 14:22:00,23.3,23.31,23.28,23.31,292800,6821266.0156
2026-09-17 14:23:00,23.31,23.31,23.26,23.26,301400,7016009.0103
2026-09-17 14:24:00,23.27,23.28,23.26,23.28,143900,3348407.0
2026-09-17 14:25:00,23.27,23.28,23.26,23.28,192900,4488687.0
2026-09-17 14:26:00,23.27,23.28,23.26,23.28,103200,2401502.0
2026-09-17 14:27:00,23.27,23.29,23.26,23.28,294500,6852715.0
2026-09-17 14:28:00,23.28,23.29,23.27,23.29,83700,1948594.0059
2026-09-17 14:29:00,23.29,23.29,23.27,23.28,92100,2143981.0049
2026-09-17 14:30:00,23.28,23.29,23.27,23.29,291000,6773707.0015
2026-09-17 14:31:00,23.28,23.32,23.27,23.29,401100,9341995.0981
2026-09-17 14:32:00,23.29,23.3,23.28,23.29,125400,2920544.0259
2026-09-17 14:33:00,23.28,23.29,23.26,23.27,284300,6615071.0
2026-09-17 14:34:00,23.28,23.29,23.23,23.24,940800,21868382.25
2026-09-17 14:35:00,23.24,23.26,23.2,23.25,692300,16080433.2262
2026-09-17 14:36:00,23.25,23.26,23.24,23.26,132600,3083107.0
2026-09-17 14:37:00,23.26,23.27,23.25,23.26,170200,3958630.0
2026-09-17 14:38:00,23.26,23.27,23.25,23.25,98200,2284282.0
2026-09-17 14:39:00,23.26,23.29,23.26,23.28,174100,4052310.0059
2026-09-17 14:40:00,23.29,23.29,23.27,23.29,92300,2149122.0278
2026-09-17 14:41:00,23.28,23.29,23.26,23.27,193600,4505500.0
2026-09-17 14:42:00,23.27,23.28,23.26,23.26,118100,2748035.0
2026-09-17 14:43:00,23.27,23.28,23.27,23.27,114800,2671771.0
2026-09-17 14:44:00,23.27,23.28,23.26,23.26,130000,3025085.0
2026-09-17 14:45:00,23.27,23.28,23.27,23.28,132500,3083644.0
2026-09-17 14:46:00,23.28,23.28,23.24,23.25,592500,13782113.0
2026-09-17 14:47:00,23.25,23.26,23.23,23.26,446900,10392361.0
2026-09-17 14:48:00,23.25,23.26,23.23,23.25,193600,4500795.0
2026-09-17 14:49:00,23.25,23.27,23.24,23.27,284500,6614964.0
2026-09-17 14:50:00,23.26,23.27,23.25,23.26,240000,5581456.0
2026-09-17 14:51:00,23.26,23.26,23.24,23.26,143600,3338693.0007
2026-09-17 14:52:00,23.25,23.27,23.25,23.25,274600,6385091.5712
2026-09-17 14:53:00,23.25,23.25,23.24,23.24,128331,2982964.4344
2026-09-17 14:54:00,23.24,23.26,23.23,23.25,395400,9191139.9913
2026-09-17 14:55:00,23.24,23.25,23.23,23.24,241369,5609595.561
2026-09-17 14:56:00,23.24,23.25,23.23,23.23,405430,9421129.8919
2026-09-17 14:57:00,23.24,23.29,23.23,23.25,720800,16768197.5309
2026-09-17 15:00:00,23.23,23.23,23.23,23.23,660900,15352706.8945
2026-09-18 09:31:00,23.03,23.2,22.97,23.05,2599799,59910959.9888
2026-09-18 09:32:00,23.05,23.15,23.01,23.08,1665201,38408458.1748
2026-09-18 09:33:00,23.09,23.1,23.05,23.09,608400,14037850.9707
2026-09-18 09:34:00,23.08,23.18,23.07,23.12,585000,13523949.9922
2026-09-18 09:35:00,23.11,23.16,23.08,23.13,453700,10483992.0044
2026-09-18 09:36:00,23.13,23.22,23.1,23.16,476500,11036841.9922
2026-09-18 09:37:00,23.16,23.18,23.09,23.15,457300,10575421.9951
2026-09-18 09:38:00,23.16,23.17,23.07,23.14,535600,12379075.9888
2026-09-18 09:39:00,23.14,23.15,23.01,23.01,788400,18186186.9971
2026-09-18 09:40:00,23.01,23.03,23.0,23.01,632300,14549246.0
2026-09-18 09:41:00,23.01,23.03,23.0,23.0,445500,10252159.0
2026-09-18 09:42:00,23.01,23.01,22.96,23.01,1253000,28802572.9858
2026-09-18 09:43:00,23.0,23.01,22.97,23.01,672700,15471186.0
2026-09-18 09:44:00,23.0,23.05,22.99,23.03,693900,15966652.0132
2026-09-18 09:45:00,23.03,23.07,23.01,23.06,433600,9986159.0156
2026-09-18 09:46:00,23.06,23.09,23.03,23.09,297800,6866396.0713
2026-09-18 09:47:00,23.09,23.14,23.08,23.13,324400,7494665.9937
2026-09-18 09:48:00,23.14,23.19,23.11,23.17,298600,6913884.9917
2026-09-18 09:49:00,23.18,23.18,23.11,23.11,280400,6487934.9683
2026-09-18 09:50:00,23.11,23.2,23.11,23.19,427000,9893039.0059
2026-09-18 09:51:00,23.19,23.21,23.16,23.18,307600,7130915.0156
2026-09-18 09:52:00,23.17,23.23,23.17,23.21,360100,8356229.9819
2026-09-18 09:53:00,23.21,23.21,23.15,23.17,261000,6049234.9907
2026-09-18 09:54:00,23.18,23.3,23.17,23.29,658593,15308940.3348
2026-09-18 09:55:00,23.28,23.39,23.26,23.37,641400,14961110.062
2026-09-18 09:56:00,23.37,23.46,23.34,23.43,796800,18636030.9536
2026-09-18 09:57:00,23.43,23.5,23.4,23.48,769930,18059899.5339
2026-09-18 09:58:00,23.49,23.54,23.43,23.53,1096200,25743015.959
2026-09-18 09:59:00,23.53,23.54,23.46,23.52,680800,16005142.0259
2026-09-18 10:00:00,23.51,23.52,23.48,23.49,241600,5679428.0
2026-09-18 10:01:00,23.49,23.58,23.48,23.55,698250,16441456.0425
2026-09-18 10:02:00,23.53,23.55,23.49,23.5,191600,4504988.0039
2026-09-18 10:03:00,23.5,23.51,23.45,23.48,247000,5799959.9932
2026-09-18 10:04:00,23.48,23.68,23.47,23.68,1174600,27703783.0449
2026-09-18 10:05:00,23.68,23.69,23.62,23.68,547900,12962956.9717
2026-09-18 10:06:00,23.67,23.68,23.62,23.63,465400,11006145.959
2026-09-18 10:07:00,23.63,23.63,23.55,23.57,223400,5269496.0015
2026-09-18 10:08:00,23.57,23.7,23.57,23.66,701900,16607740.0083
2026-09-18 10:09:00,23.66,23.66,23.61,23.66,257400,6084396.0073
2026-09-18 10:10:00,23.66,23.7,23.61,23.62,473100,11198318.9971
2026-09-18 10:11:00,23.62,23.64,23.6,23.62,265700,6274974.0562
2026-09-18 10:12:00,23.62,23.65,23.59,23.65,264400,6244511.0171
2026-09-18 10:13:00,23.64,23.67,23.56,23.57,420700,9932945.0244
2026-09-18 10:14:00,23.57,23.57,23.51,23.51,120800,2844134.9922
2026-09-18 10:15:00,23.52,23.52,23.49,23.51,199299,4684489.5
2026-09-18 10:16:00,23.51,23.51,23.45,23.47,229001,5377159.4883
2026-09-18 10:17:00,23.47,23.49,23.45,23.46,291900,6850692.9702
2026-09-18 10:18:00,23.45,23.51,23.45,23.5,101100,2374185.9966
2026-09-18 10:19:00,23.5,23.5,23.47,23.48,93200,2188477.0
2026-09-18 10:20:00,23.48,23.49,23.47,23.48,84600,1986288.0
2026-09-18 10:21:00,23.47,23.48,23.44,23.45,267300,6271260.9497
2026-09-18 10:22:00,23.45,23.49,23.45,23.46,114200,2679958.9873
2026-09-18 10:23:00,23.46,23.49,23.46,23.47,86600,2033066.9883
2026-09-18 10:24:00,23.47,23.48,23.44,23.45,136500,3201719.9805
2026-09-18 10:25:00,23.45,23.45,23.41,23.43,145200,3402227.0
2026-09-18 10:26:00,23.43,23.43,23.4,23.41,211500,4951581.0
2026-09-18 10:27:00,23.41,23.43,23.4,23.41,81500,1908084.0
2026-09-18 10:28:00,23.41,23.47,23.4,23.46,102600,2404744.9829
2026-09-18 10:29:00,23.45,23.47,23.44,23.47,48800,1144658.9922
2026-09-18 10:30:00,23.47,23.48,23.43,23.44,150300,3525457.9951
2026-09-18 10:31:00,23.44,23.47,23.42,23.47,138900,3257275.9907
2026-09-18 10:32:00,23.47,23.49,23.44,23.46,114900,2696819.9971
2026-09-18 10:33:00,23.45,23.49,23.44,23.48,56600,1328068.9971
2026-09-18 10:34:00,23.49,23.52,23.49,23.5,103400,2429832.0
2026-09-18 10:35:00,23.49,23.5,23.47,23.48,120100,2820370.0
2026-09-18 10:36:00,23.48,23.49,23.47,23.49,64900,1524087.0
2026-09-18 10:37:00,23.48,23.49,23.45,23.46,79800,1872742.9927
2026-09-18 10:38:00,23.46,23.47,23.44,23.44,51300,1203249.978
2026-09-18 10:39:00,23.44,23.46,23.44,23.46,74600,1749400.0059
2026-09-18 10:40:00,23.46,23.48,23.46,23.46,65800,1544359.999
2026-09-18 10:41:00,23.46,23.47,23.42,23.43,127200,2982553.0015
2026-09-18 10:42:00,23.43,23.43,23.4,23.41,157300,3682919.0
2026-09-18 10:43:00,23.41,23.42,23.39,23.39,134500,3148444.0
2026-09-18 10:44:00,23.39,23.42,23.39,23.41,156000,3650266.0
2026-09-18 10:45:00,23.4,23.44,23.4,23.44,106722,2499343.4611
2026-09-18 10:46:00,23.44,23.46,23.44,23.45,38400,900445.999
2026-09-18 10:47:00,23.45,23.46,23.44,23.44,43100,1010634.002
2026-09-18 10:48:00,23.45,23.47,23.44,23.47,39700,931172.9897
2026-09-18 10:49:00,23.47,23.47,23.45,23.46,70100,1644564.9644
2026-09-18 10:50:00,23.46,23.5,23.45,23.45,134800,3163732.978
2026-09-18 10:51:00,23.46,23.47,23.46,23.46,61400,1440827.9907
2026-09-18 10:52:00,23.46,23.48,23.46,23.46,29500,692273.9961
2026-09-18 10:53:00,23.47,23.47,23.44,23.45,69700,1635005.9863
2026-09-18 10:54:00,23.45,23.46,23.44,23.44,31800,745668.0093
2026-09-18 10:55:00,23.45,23.45,23.43,23.45,28900,677469.002
2026-09-18 10:56:00,23.44,23.45,23.43,23.43,55700,1305731.0025
2026-09-18 10:57:00,23.43,23.44,23.42,23.42,47778,1119440.5392
2026-09-18 10:58:00,23.43,23.45,23.42,23.44,63422,1486245.4623
2026-09-18 10:59:00,23.45,23.45,23.41,23.41,111278,2607246.5323
2026-09-18 11:00:00,23.41,23.42,23.39,23.4,86700,2029098.0
2026-09-18 11:01:00,23.4,23.42,23.39,23.4,44100,1032261.0
2026-09-18 11:02:00,23.4,23.42,23.4,23.42,90500,2118668.0
2026-09-18 11:03:00,23.42,23.42,23.39,23.39,72303,1692127.2291
2026-09-18 11:04:00,23.39,23.4,23.38,23.39,108500,2537878.9927
2026-09-18 11:05:00,23.39,23.41,23.37,23.4,156100,3651403.9858
2026-09-18 11:06:00,23.41,23.42,23.4,23.41,24200,566532.0
2026-09-18 11:07:00,23.41,23.42,23.4,23.42,59400,1390811.0
2026-09-18 11:08:00,23.41,23.43,23.41,23.42,44500,1042083.0
2026-09-18 11:09:00,23.42,23.43,23.41,23.42,35100,821978.0
2026-09-18 11:10:00,23.42,23.44,23.42,23.42,73800,1728867.0
2026-09-18 11:11:00,23.42,23.43,23.4,23.42,87400,2046543.0
2026-09-18 11:12:00,23.42,23.43,23.4,23.41,97500,2282797.0
2026-09-18 11:13:00,23.41,23.42,23.4,23.42,61500,1439808.0
2026-09-18 11:14:00,23.42,23.42,23.41,23.42,75700,1772445.0
2026-09-18 11:15:00,23.41,23.42,23.38,23.4,136800,3200764.9927
2026-09-18 11:16:00,23.39,23.42,23.38,23.38,70100,1640533.9995
2026-09-18 11:17:00,23.4,23.4,23.38,23.39,88400,2067376.9927
2026-09-18 11:18:00,23.39,23.41,23.39,23.4,56400,1319571.0
2026-09-18 11:19:00,23.4,23.41,23.4,23.41,44300,1036811.0
2026-09-18 11:20:00,23.4,23.41,23.36,23.38,126900,2967933.9971
2026-09-18 11:21:00,23.37,23.38,23.35,23.37,213000,4976069.0278
2026-09-18 11:22:00,23.37,23.4,23.36,23.39,130500,3051705.958
2026-09-18 11:23:00,23.38,23.41,23.37,23.39,87600,2049231.998
2026-09-18 11:24:00,23.38,23.4,23.38,23.38,28100,657209.999
2026-09-18 11:25:00,23.38,23.4,23.37,23.38,117100,2737936.9932
2026-09-18 11:26:00,23.38,23.4,23.38,23.39,81800,1913500.9961
2026-09-18 11:27:00,23.39,23.4,23.38,23.39,54800,1281762.0
2026-09-18 11:28:00,23.39,23.41,23.38,23.4,187900,4395483.4673
2026-09-18 11:29:00,23.4,23.42,23.38,23.41,61351,1435796.9102
2026-09-18 11:30:00,23.41,23.44,23.39,23.39,189900,4446503.0
2026-09-18 13:01:00,23.39,23.45,23.38,23.41,421173,9859171.1914
2026-09-18 13:02:00,23.41,23.44,23.41,23.43,111400,2609000.0
2026-09-18 13:03:00,23.43,23.43,23.39,23.4,106400,2491485.0
2026-09-18 13:04:00,23.41,23.43,23.4,23.43,73300,1716364.0
2026-09-18 13:05:00,23.42,23.43,23.42,23.43,49400,1157158.0
2026-09-18 13:06:00,23.42,23.43,23.38,23.38,118100,2764815.9971
2026-09-18 13:07:00,23.38,23.41,23.35,23.39,236500,5527380.9985
2026-09-18 13:08:00,23.39,23.4,23.39,23.39,80100,1873861.0
2026-09-18 13:09:00,23.4,23.4,23.38,23.4,71000,1660772.0
2026-09-18 13:10:00,23.4,23.41,23.39,23.4,112000,2621141.0
2026-09-18 13:11:00,23.41,23.41,23.39,23.39,98600,2307509.0
2026-09-18 13:12:00,23.4,23.41,23.38,23.4,122700,2870474.9985
2026-09-18 13:13:00,23.39,23.42,23.39,23.42,79800,1867979.0
2026-09-18 13:14:00,23.42,23.42,23.4,23.41,160800,3764426.0
2026-09-18 13:15:00,23.41,23.42,23.4,23.42,86600,2027683.0
2026-09-18 13:16:00,23.42,23.44,23.4,23.41,238800,5591107.0
2026-09-18 13:17:00,23.41,23.42,23.4,23.42,68800,1610786.0
2026-09-18 13:18:00,23.42,23.45,23.41,23.44,94100,2204032.0
2026-09-18 13:19:00,23.44,23.45,23.42,23.42,81300,1905170.0
2026-09-18 13:20:00,23.43,23.45,23.42,23.43,109700,2570537.0
2026-09-18 13:21:00,23.43,23.43,23.41,23.42,135800,3180613.0
2026-09-18 13:22:00,23.42,23.43,23.41,23.43,55100,1290460.0
2026-09-18 13:23:00,23.42,23.43,23.42,23.42,80600,1888344.0
2026-09-18 13:24:00,23.42,23.43,23.42,23.42,78400,1836659.0
2026-09-18 13:25:00,23.43,23.44,23.41,23.42,155600,3645025.0
2026-09-18 13:26:00,23.41,23.43,23.41,23.43,76700,1796441.0
2026-09-18 13:27:00,23.42,23.44,23.42,23.44,45100,1056689.0
2026-09-18 13:28:00,23.44,23.44,23.42,23.42,100200,2348035.0
2026-09-18 13:29:00,23.43,23.43,23.41,23.42,48500,1135777.0
2026-09-18 13:30:00,23.42,23.42,23.4,23.41,103900,2432596.0
2026-09-18 13:31:00,23.41,23.44,23.41,23.44,77300,1810478.0
2026-09-18 13:32:00,23.43,23.44,23.41,23.41,94100,2203955.0
2026-09-18 13:33:00,23.42,23.43,23.41,23.41,70900,1660263.0
2026-09-18 13:34:00,23.42,23.42,23.39,23.42,168400,3941399.0
2026-09-18 13:35:00,23.41,23.44,23.41,23.42,85100,1992733.0
2026-09-18 13:36:00,23.41,23.42,23.4,23.41,154800,3625098.0
2026-09-18 13:37:00,23.42,23.42,23.4,23.41,45500,1065322.0
2026-09-18 13:38:00,23.42,23.42,23.4,23.41,171800,4020970.0
2026-09-18 13:39:00,23.4,23.41,23.4,23.41,71000,1661783.0
2026-09-18 13:40:00,23.41,23.43,23.4,23.42,86600,2028020.0
2026-09-18 13:41:00,23.42,23.43,23.42,23.43,75700,1773243.0
2026-09-18 13:42:00,23.42,23.43,23.4,23.41,146500,3430124.0
2026-09-18 13:43:00,23.41,23.43,23.4,23.42,72500,1697661.0
2026-09-18 13:44:00,23.42,23.45,23.41,23.45,115800,2713166.0
2026-09-18 13:45:00,23.44,23.47,23.44,23.45,187500,4397467.9785
2026-09-18 13:46:00,23.45,23.49,23.45,23.48,118200,2774579.9946
2026-09-18 13:47:00,23.48,23.51,23.48,23.51,226700,5326977.0
2026-09-18 13:48:00,23.5,23.52,23.5,23.51,78000,1833764.0
2026-09-18 13:49:00,23.51,23.51,23.47,23.47,136500,3207234.0
2026-09-18 13:50:00,23.47,23.48,23.46,23.46,149400,3505942.9619
2026-09-18 13:51:00,23.46,23.49,23.45,23.49,103600,2431407.9854
2026-09-18 13:52:00,23.49,23.53,23.48,23.53,243500,5724472.0
2026-09-18 13:53:00,23.53,23.55,23.52,23.54,115900,2727429.0181
2026-09-18 13:54:00,23.53,23.54,23.51,23.53,118800,2794663.0
2026-09-18 13:55:00,23.53,23.54,23.52,23.53,91700,2157661.0117
2026-09-18 13:56:00,23.53,23.55,23.52,23.52,186400,4386968.043
2026-09-18 13:57:00,23.52,23.56,23.52,23.56,177100,4168727.0151
2026-09-18 13:58:00,23.56,23.56,23.54,23.55,104700,2466020.9971
2026-09-18 13:59:00,23.55,23.56,23.54,23.55,83600,1968553.0176
2026-09-18 14:00:00,23.54,23.56,23.54,23.56,138900,3271700.9976
2026-09-18 14:01:00,23.56,23.56,23.53,23.53,125500,2955240.0132
2026-09-18 14:02:00,23.54,23.54,23.51,23.52,95300,2241971.0005
2026-09-18 14:03:00,23.52,23.52,23.5,23.51,60400,1419997.0
2026-09-18 14:04:00,23.5,23.53,23.5,23.52,48600,1142779.0
2026-09-18 14:05:00,23.52,23.53,23.48,23.49,152400,3580809.0
2026-09-18 14:06:00,23.49,23.51,23.49,23.5,61700,1449749.0
2026-09-18 14:07:00,23.5,23.53,23.49,23.5,123300,2899872.0
2026-09-18 14:08:00,23.5,23.51,23.5,23.5,39900,937819.0
2026-09-18 14:09:00,23.5,23.51,23.5,23.51,33400,784933.0
2026-09-18 14:10:00,23.51,23.52,23.48,23.5,96200,2260287.0
2026-09-18 14:11:00,23.5,23.51,23.49,23.5,32600,766240.0
2026-09-18 14:12:00,23.5,23.52,23.5,23.52,70700,1662412.0
2026-09-18 14:13:00,23.52,23.53,23.49,23.5,159700,3754737.0
2026-09-18 14:14:00,23.5,23.52,23.49,23.51,109000,2561461.0
2026-09-18 14:15:00,23.51,23.51,23.49,23.5,69900,1642394.0
2026-09-18 14:16:00,23.5,23.51,23.49,23.5,79500,1868413.0
2026-09-18 14:17:00,23.5,23.51,23.48,23.5,73400,1724793.0
2026-09-18 14:18:00,23.5,23.51,23.49,23.5,49200,1156124.0
2026-09-18 14:19:00,23.5,23.51,23.49,23.49,68200,1602482.0
2026-09-18 14:20:00,23.5,23.5,23.49,23.49,68100,1600201.0
2026-09-18 14:21:00,23.5,23.5,23.48,23.49,67200,1578839.0
2026-09-18 14:22:00,23.49,23.5,23.48,23.48,31900,749283.0
2026-09-18 14:23:00,23.49,23.49,23.47,23.48,77900,1829362.0
2026-09-18 14:24:00,23.48,23.48,23.45,23.47,219700,5154184.9751
2026-09-18 14:25:00,23.47,23.48,23.46,23.47,90300,2118798.9561
2026-09-18 14:26:00,23.47,23.48,23.46,23.46,48300,1133460.9873
2026-09-18 14:27:00,23.47,23.48,23.46,23.48,88300,2072834.0
2026-09-18 14:28:00,23.48,23.48,23.47,23.47,40500,950865.0
2026-09-18 14:29:00,23.48,23.48,23.46,23.48,53000,1244142.998
2026-09-18 14:30:00,23.47,23.48,23.46,23.46,53100,1246378.9985
2026-09-18 14:31:00,23.47,23.48,23.46,23.48,185400,4351588.9985
2026-09-18 14:32:00,23.48,23.48,23.46,23.47,70600,1657305.0
2026-09-18 14:33:00,23.47,23.48,23.47,23.48,48600,1140928.0
2026-09-18 14:34:00,23.47,23.49,23.46,23.49,89200,2094626.9995
2026-09-18 14:35:00,23.48,23.49,23.47,23.48,136600,3207947.0
2026-09-18 14:36:00,23.47,23.49,23.46,23.48,233000,5469070.9819
2026-09-18 14:37:00,23.47,23.49,23.47,23.48,62700,1472072.0
2026-09-18 14:38:00,23.49,23.52,23.48,23.51,305200,7173771.0
2026-09-18 14:39:00,23.52,23.54,23.52,23.53,187700,4416907.0093
2026-09-18 14:40:00,23.52,23.55,23.52,23.54,183425,4316813.3115
2026-09-18 14:41:00,23.53,23.54,23.52,23.53,168000,3954030.0972
2026-09-18 14:42:00,23.54,23.55,23.53,23.54,188600,4440651.0223
2026-09-18 14:43:00,23.55,23.56,23.53,23.54,206800,4870337.1991
2026-09-18 14:44:00,23.54,23.55,23.52,23.52,288100,6779499.0361
2026-09-18 14:45:00,23.52,23.53,23.51,23.52,155800,3664434.9286
2026-09-18 14:46:00,23.52,23.54,23.51,23.52,135300,3182752.0067
2026-09-18 14:47:00,23.53,23.54,23.52,23.53,134800,3171655.001
2026-09-18 14:48:00,23.53,23.54,23.51,23.51,193300,4546428.0024
2026-09-18 14:49:00,23.51,23.52,23.49,23.5,267800,6294002.0
2026-09-18 14:50:00,23.51,23.52,23.5,23.5,157600,3704659.0
2026-09-18 14:51:00,23.5,23.53,23.49,23.52,205500,4833014.0
2026-09-18 14:52:00,23.51,23.53,23.51,23.52,266400,6264910.001
2026-09-18 14:53:00,23.51,23.53,23.51,23.53,265807,6253032.5995
2026-09-18 14:54:00,23.53,23.54,23.51,23.52,235595,5542061.4255
2026-09-18 14:55:00,23.51,23.53,23.51,23.51,202065,4752213.15
2026-09-18 14:56:00,23.51,23.53,23.51,23.51,419140,9858653.405
2026-09-18 14:57:00,23.51,23.52,23.49,23.51,602895,14170733.1136
2026-09-18 15:00:00,23.59,23.59,23.59,23.59,1977800,46656301.9668
2026-09-21 09:31:00,23.3,23.43,23.14,23.39,1881900,43808512.9397
2026-09-21 09:32:00,23.39,23.47,23.36,23.45,654700,15343208.0386
2026-09-21 09:33:00,23.42,23.48,23.4,23.47,468800,10992617.9839
2026-09-21 09:34:00,23.48,23.54,23.45,23.5,599500,14088489.0
2026-09-21 09:35:00,23.5,23.55,23.42,23.47,482200,11331967.0249
2026-09-21 09:36:00,23.44,23.45,23.36,23.41,464900,10880579.9277
2026-09-21 09:37:00,23.43,23.43,23.32,23.33,475800,11118775.9722
2026-09-21 09:38:00,23.33,23.39,23.32,23.34,487700,11384333.0132
2026-09-21 09:39:00,23.35,23.42,23.33,23.37,359300,8394268.0103
2026-09-21 09:40:00,23.37,23.42,23.36,23.41,148000,3461155.0034
2026-09-21 09:41:00,23.4,23.46,23.4,23.45,378400,8867540.001
2026-09-21 09:42:00,23.45,23.5,23.44,23.5,196300,4607438.9834
2026-09-21 09:43:00,23.5,23.57,23.48,23.56,300700,7074500.0088
2026-09-21 09:44:00,23.57,23.72,23.56,23.71,734100,17354330.9912
2026-09-21 09:45:00,23.71,23.79,23.67,23.73,1030700,24476278.7866
2026-09-21 09:46:00,23.72,23.79,23.7,23.73,502800,11944535.9517
2026-09-21 09:47:00,23.73,23.77,23.7,23.74,399300,9485141.999
2026-09-21 09:48:00,23.74,23.75,23.67,23.69,331200,7852931.9839
2026-09-21 09:49:00,23.69,23.75,23.65,23.66,362300,8589850.9766
2026-09-21 09:50:00,23.65,23.66,23.57,23.6,232100,5481291.0039
2026-09-21 09:51:00,23.6,23.62,23.53,23.57,598800,14107792.0366
2026-09-21 09:52:00,23.58,23.64,23.55,23.63,233900,5518449.0039
2026-09-21 09:53:00,23.63,23.66,23.58,23.61,206500,4877534.9814
2026-09-21 09:54:00,23.61,23.64,23.54,23.55,206400,4866927.0298
2026-09-21 09:55:00,23.55,23.6,23.53,23.56,372800,8781750.0361
2026-09-21 09:56:00,23.58,23.61,23.56,23.59,161700,3812807.0
2026-09-21 09:57:00,23.59,23.62,23.57,23.58,308020,7268464.6046
2026-09-21 09:58:00,23.6,23.64,23.59,23.63,142100,3355709.0015
2026-09-21 09:59:00,23.62,23.66,23.58,23.64,351000,8290740.9858
2026-09-21 10:00:00,23.64,23.68,23.63,23.67,161900,3831640.9995
2026-09-21 10:01:00,23.66,23.71,23.65,23.7,234300,5549790.0176
2026-09-21 10:02:00,23.71,23.73,23.63,23.66,201700,4777660.9854
2026-09-21 10:03:00,23.65,23.7,23.62,23.68,234400,5545985.9683
2026-09-21 10:04:00,23.67,23.75,23.67,23.7,395800,9384296.9521
2026-09-21 10:05:00,23.71,23.74,23.67,23.68,202200,4795753.9971
2026-09-21 10:06:00,23.68,23.7,23.6,23.62,384000,9085716.0117
2026-09-21 10:07:00,23.61,23.66,23.6,23.65,157800,3728912.9854
2026-09-21 10:08:00,23.65,23.65,23.58,23.6,170500,4023969.0024
2026-09-21 10:09:00,23.59,23.61,23.53,23.56,356900,8413017.0059
2026-09-21 10:10:00,23.55,23.59,23.54,23.55,152600,3596236.0103
2026-09-21 10:11:00,23.55,23.56,23.53,23.56,86300,2031866.0259
2026-09-21 10:12:00,23.56,23.57,23.55,23.56,108600,2558426.998
2026-09-21 10:13:00,23.55,23.58,23.53,23.58,235900,5555022.083
2026-09-21 10:14:00,23.58,23.62,23.57,23.62,109739,2589257.4045
2026-09-21 10:15:00,23.61,23.61,23.58,23.59,110961,2618353.6084
2026-09-21 10:16:00,23.59,23.62,23.58,23.6,58700,1385229.0005
2026-09-21 10:17:00,23.61,23.64,23.59,23.64,127300,3005789.0161
2026-09-21 10:18:00,23.62,23.68,23.62,23.63,147500,3488188.9912
2026-09-21 10:19:00,23.62,23.69,23.62,23.68,223300,5283673.988
2026-09-21 10:20:00,23.69,23.7,23.67,23.7,197300,4673256.002
2026-09-21 10:21:00,23.7,23.71,23.64,23.67,178700,4232254.9966
2026-09-21 10:22:00,23.67,23.69,23.63,23.63,87900,2080130.9995
2026-09-21 10:23:00,23.64,23.65,23.62,23.63,78900,1864541.9995
2026-09-21 10:24:00,23.64,23.64,23.59,23.63,68800,1624617.0083
2026-09-21 10:25:00,23.64,23.65,23.6,23.6,55100,1301181.001
2026-09-21 10:26:00,23.62,23.63,23.6,23.62,55000,1299091.999
2026-09-21 10:27:00,23.62,23.67,23.61,23.63,120400,2846792.9819
2026-09-21 10:28:00,23.62,23.65,23.61,23.62,48600,1148149.999
2026-09-21 10:29:00,23.63,23.64,23.6,23.63,226100,5338702.0107
2026-09-21 10:30:00,23.61,23.63,23.59,23.61,228600,5395414.0127
2026-09-21 10:31:00,23.61,23.73,23.6,23.73,343600,8137061.9819
2026-09-21 10:32:00,23.71,23.72,23.66,23.69,180600,4280383.042
2026-09-21 10:33:00,23.69,23.71,23.67,23.68,50300,1191419.0
2026-09-21 10:34:00,23.68,23.7,23.67,23.69,161600,3827998.0039
2026-09-21 10:35:00,23.68,23.76,23.67,23.75,535400,12700027.1133
2026-09-21 10:36:00,23.76,23.77,23.74,23.74,139100,3304278.0
2026-09-21 10:37:00,23.76,23.78,23.73,23.74,376200,8939679.0
2026-09-21 10:38:00,23.74,23.82,23.73,23.79,461900,10987968.0522
2026-09-21 10:39:00,23.8,23.8,23.78,23.79,124400,2959405.0415
2026-09-21 10:40:00,23.79,23.8,23.76,23.79,161300,3836455.041
2026-09-21 10:41:00,23.79,23.81,23.78,23.78,255200,6072827.0415
2026-09-21 10:42:00,23.78,23.83,23.76,23.81,279700,6657011.0415
2026-09-21 10:43:00,23.81,23.85,23.81,23.83,271800,6476839.0
2026-09-21 10:44:00,23.84,23.84,23.8,23.81,90900,2165884.0
2026-09-21 10:45:00,23.81,23.82,23.8,23.82,91100,2168880.0
2026-09-21 10:46:00,23.81,23.82,23.77,23.77,81300,1934391.0166
2026-09-21 10:47:00,23.77,23.78,23.76,23.76,154800,3679800.0
2026-09-21 10:48:00,23.77,23.78,23.7,23.7,195000,4631934.998
2026-09-21 10:49:00,23.7,23.7,23.64,23.64,145400,3441987.0078
2026-09-21 10:50:00,23.66,23.68,23.65,23.66,144700,3423853.0
2026-09-21 10:51:00,23.66,23.67,23.62,23.64,91700,2167444.9834
2026-09-21 10:52:00,23.64,23.66,23.63,23.64,69500,1643312.0
2026-09-21 10:53:00,23.65,23.66,23.64,23.64,63100,1492281.0
2026-09-21 10:54:00,23.64,23.65,23.55,23.56,466700,11014888.0078
2026-09-21 10:55:00,23.56,23.59,23.55,23.57,208100,4903705.998
2026-09-21 10:56:00,23.57,23.58,23.55,23.56,142700,3362741.0
2026-09-21 10:57:00,23.56,23.61,23.55,23.6,180700,4259759.0
2026-09-21 10:58:00,23.61,23.61,23.58,23.58,142500,3361711.0
2026-09-21 10:59:00,23.59,23.6,23.58,23.59,38600,910574.0
2026-09-21 11:00:00,23.59,23.61,23.58,23.61,65779,1552020.0342
2026-09-21 11:01:00,23.61,23.62,23.59,23.59,85800,2024897.0
2026-09-21 11:02:00,23.6,23.6,23.58,23.6,54400,1283195.0
2026-09-21 11:03:00,23.6,23.6,23.59,23.6,53100,1252926.0
2026-09-21 11:04:00,23.6,23.64,23.59,23.63,139700,3298288.9946
2026-09-21 11:05:00,23.64,23.65,23.63,23.64,51800,1224265.9971
2026-09-21 11:06:00,23.64,23.67,23.62,23.65,265900,6287416.9994
2026-09-21 11:07:00,23.66,23.72,23.66,23.67,224500,5317395.0
2026-09-21 11:08:00,23.67,23.68,23.63,23.65,169800,4016301.0
2026-09-21 11:09:00,23.66,23.66,23.63,23.63,66700,1577025.9897
2026-09-21 11:10:00,23.63,23.64,23.6,23.62,67700,1599138.0112
2026-09-21 11:11:00,23.62,23.63,23.6,23.61,89700,2118781.0122
2026-09-21 11:12:00,23.61,23.62,23.61,23.61,17400,410908.0034
2026-09-21 11:13:00,23.61,23.63,23.61,23.62,49300,1164220.0112
2026-09-21 11:14:00,23.62,23.64,23.61,23.63,50800,1200117.0005
2026-09-21 11:15:00,23.63,23.66,23.62,23.66,39900,943565.9976
2026-09-21 11:16:00,23.65,23.66,23.62,23.64,171200,4047404.9844
2026-09-21 11:17:00,23.64,23.68,23.63,23.67,198800,4702736.0
2026-09-21 11:18:00,23.67,23.69,23.66,23.68,265800,6292463.0
2026-09-21 11:19:00,23.69,23.69,23.66,23.66,57500,1361433.0
2026-09-21 11:20:00,23.67,23.67,23.64,23.64,95600,2261500.0
2026-09-21 11:21:00,23.64,23.65,23.62,23.62,44800,1058781.9888
2026-09-21 11:22:00,23.62,23.64,23.62,23.63,51300,1212141.998
2026-09-21 11:23:00,23.63,23.67,23.63,23.65,146100,3455341.998
2026-09-21 11:24:00,23.65,23.67,23.62,23.63,92200,2179154.9995
2026-09-21 11:25:00,23.62,23.68,23.61,23.67,206300,4877705.9966
2026-09-21 11:26:00,23.67,23.69,23.65,23.67,113000,2674558.0
2026-09-21 11:27:00,23.66,23.68,23.65,23.68,43400,1026720.0
2026-09-21 11:28:00,23.67,23.68,23.66,23.66,68800,1628485.0
2026-09-21 11:29:00,23.66,23.71,23.66,23.69,114500,2711744.0
2026-09-21 11:30:00,23.7,23.71,23.67,23.68,113900,2699299.9854
2026-09-21 13:01:00,23.68,23.71,23.59,23.61,498500,11786783.9922
2026-09-21 13:02:00,23.6,23.61,23.56,23.57,225721,5323352.1793
2026-09-21 13:03:00,23.57,23.57,23.54,23.56,187400,4414181.9976
2026-09-21 13:04:00,23.56,23.58,23.55,23.58,141800,3340898.0
2026-09-21 13:05:00,23.58,23.58,23.54,23.54,220700,5198485.999
2026-09-21 13:06:00,23.54,23.55,23.52,23.52,124100,2920565.0254
2026-09-21 13:07:00,23.53,23.56,23.52,23.55,254600,5993221.0703
2026-09-21 13:08:00,23.54,23.55,23.53,23.54,135200,3182581.0342
2026-09-21 13:09:00,23.54,23.59,23.53,23.54,188100,4429606.9302
2026-09-21 13:10:00,23.56,23.56,23.53,23.56,117500,2766420.0073
2026-09-21 13:11:00,23.54,23.56,23.51,23.52,149900,3527158.0098
2026-09-21 13:12:00,23.52,23.53,23.5,23.5,178700,4201579.0
2026-09-21 13:13:00,23.51,23.52,23.5,23.52,195600,4598386.0
2026-09-21 13:14:00,23.51,23.52,23.51,23.51,48300,1135615.0
2026-09-21 13:15:00,23.51,23.52,23.48,23.52,644600,15148507.0
2026-09-21 13:16:00,23.51,23.51,23.49,23.49,102000,2396922.0
2026-09-21 13:17:00,23.49,23.5,23.48,23.49,97400,2287931.0
2026-09-21 13:18:00,23.49,23.5,23.47,23.47,160900,3778083.9976
2026-09-21 13:19:00,23.47,23.52,23.47,23.49,139500,3277143.0
2026-09-21 13:20:00,23.49,23.5,23.47,23.47,85900,2017330.0
2026-09-21 13:21:00,23.47,23.52,23.47,23.52,204000,4790593.0
2026-09-21 13:22:00,23.52,23.53,23.5,23.52,87300,2053135.0
2026-09-21 13:23:00,23.52,23.52,23.5,23.5,26300,618306.0
2026-09-21 13:24:00,23.51,23.52,23.5,23.52,62800,1476302.0
2026-09-21 13:25:00,23.52,23.53,23.51,23.53,73200,1721914.0
2026-09-21 13:26:00,23.52,23.54,23.51,23.53,75200,1769317.0015
2026-09-21 13:27:00,23.53,23.55,23.52,23.54,78100,1837762.0117
2026-09-21 13:28:00,23.54,23.57,23.54,23.55,74200,1747298.0371
2026-09-21 13:29:00,23.54,23.58,23.54,23.58,67400,1587797.999
2026-09-21 13:30:00,23.57,23.59,23.56,23.59,66700,1572541.0
2026-09-21 13:31:00,23.59,23.61,23.58,23.6,134000,3162044.0
2026-09-21 13:32:00,23.6,23.64,23.59,23.64,163900,3869315.001
2026-09-21 13:33:00,23.64,23.64,23.6,23.6,204500,4828920.0161
2026-09-21 13:34:00,23.61,23.61,23.58,23.59,73700,1738965.0
2026-09-21 13:35:00,23.59,23.59,23.56,23.57,72400,1707032.0
2026-09-21 13:36:00,23.57,23.58,23.55,23.56,71400,1682184.0
2026-09-21 13:37:00,23.56,23.59,23.56,23.59,113800,2683070.0
2026-09-21 13:38:00,23.59,23.6,23.58,23.59,59300,1399004.0
2026-09-21 13:39:00,23.59,23.61,23.57,23.6,181200,4273251.0
2026-09-21 13:40:00,23.61,23.63,23.6,23.61,53800,1270417.0107
2026-09-21 13:41:00,23.62,23.63,23.62,23.63,48700,1150749.9927
2026-09-21 13:42:00,23.62,23.63,23.61,23.62,71400,1686485.0166
2026-09-21 13:43:00,23.62,23.63,23.61,23.61,127300,3007017.0103
2026-09-21 13:44:00,23.62,23.62,23.6,23.61,49700,1173371.001
2026-09-21 13:45:00,23.61,23.62,23.58,23.62,102400,2417498.0186
2026-09-21 13:46:00,23.62,23.62,23.61,23.62,44000,1039209.0093
2026-09-21 13:47:00,23.62,23.63,23.6,23.62,91300,2155642.0112
2026-09-21 13:48:00,23.62,23.62,23.6,23.61,70300,1659814.002
2026-09-21 13:49:00,23.61,23.62,23.6,23.62,43100,1017540.0005
2026-09-21 13:50:00,23.61,23.62,23.6,23.62,59900,1414030.001
2026-09-21 13:51:00,23.62,23.63,23.61,23.62,141700,3347601.0195
2026-09-21 13:52:00,23.62,23.64,23.62,23.62,53800,1271133.9785
2026-09-21 13:53:00,23.63,23.65,23.62,23.64,78500,1855221.9731
2026-09-21 13:54:00,23.64,23.66,23.63,23.66,79800,1887196.0
2026-09-21 13:55:00,23.65,23.67,23.65,23.67,82100,1942225.0
2026-09-21 13:56:00,23.67,23.68,23.65,23.66,113900,2695572.0
2026-09-21 13:57:00,23.65,23.66,23.64,23.65,100300,2372597.0
2026-09-21 13:58:00,23.65,23.66,23.65,23.65,54400,1286716.0
2026-09-21 13:59:00,23.66,23.67,23.65,23.66,116000,2744823.0
2026-09-21 14:00:00,23.66,23.68,23.66,23.67,158900,3762210.0
2026-09-21 14:01:00,23.67,23.7,23.66,23.69,123800,2932440.0
2026-09-21 14:02:00,23.7,23.7,23.68,23.69,80700,1911785.0
2026-09-21 14:03:00,23.69,23.7,23.67,23.69,118300,2802611.0
2026-09-21 14:04:00,23.7,23.74,23.69,23.74,315915,7491314.495
2026-09-21 14:05:00,23.73,23.75,23.73,23.74,102300,2428491.0
2026-09-21 14:06:00,23.74,23.74,23.71,23.71,93100,2209110.9976
2026-09-21 14:07:00,23.71,23.72,23.69,23.71,69800,1654604.9917
2026-09-21 14:08:00,23.7,23.71,23.67,23.68,94200,2232237.9829
2026-09-21 14:09:00,23.69,23.69,23.66,23.67,69700,1650178.0
2026-09-21 14:10:00,23.67,23.7,23.67,23.69,250800,5943027.0
2026-09-21 14:11:00,23.7,23.7,23.68,23.7,57800,1369439.0
2026-09-21 14:12:00,23.7,23.7,23.69,23.69,66900,1585256.0
2026-09-21 14:13:00,23.69,23.71,23.68,23.7,122500,2903300.9678
2026-09-21 14:14:00,23.7,23.74,23.7,23.71,121100,2873314.9976
2026-09-21 14:15:00,23.72,23.73,23.71,23.72,125100,2967790.9995
2026-09-21 14:16:00,23.72,23.74,23.71,23.72,80700,1914434.9956
2026-09-21 14:17:00,23.72,23.73,23.71,23.71,89700,2128074.999
2026-09-21 14:18:00,23.72,23.72,23.69,23.7,79400,1882251.9834
2026-09-21 14:19:00,23.71,23.73,23.7,23.73,91700,2174714.9683
2026-09-21 14:20:00,23.73,23.73,23.7,23.7,225000,5337196.0
2026-09-21 14:21:00,23.7,23.71,23.7,23.7,83000,1967700.9585
2026-09-21 14:22:00,23.7,23.71,23.69,23.7,93700,2220768.0063
2026-09-21 14:23:00,23.69,23.71,23.69,23.69,62000,1469187.019
2026-09-21 14:24:00,23.69,23.7,23.68,23.7,117100,2774430.002
2026-09-21 14:25:00,23.7,23.71,23.7,23.7,105800,2507943.9712
2026-09-21 14:26:00,23.7,23.71,23.69,23.69,81000,1919562.0098
2026-09-21 14:27:00,23.69,23.71,23.69,23.7,67400,1597622.0015
2026-09-21 14:28:00,23.7,23.71,23.7,23.7,70000,1659575.9784
2026-09-21 14:29:00,23.71,23.72,23.7,23.72,71600,1697969.9834
2026-09-21 14:30:00,23.71,23.73,23.71,23.72,83400,1978069.9985
2026-09-21 14:31:00,23.73,23.74,23.72,23.72,128600,3051465.0
2026-09-21 14:32:00,23.72,23.74,23.71,23.74,214312,5084872.64
2026-09-21 14:33:00,23.73,23.74,23.72,23.73,71600,1698750.0
2026-09-21 14:34:00,23.73,23.74,23.71,23.72,94100,2232547.9956
2026-09-21 14:35:00,23.72,23.73,23.71,23.72,76400,1812428.0
2026-09-21 14:36:00,23.72,23.74,23.71,23.73,128900,3058263.9927
2026-09-21 14:37:00,23.74,23.74,23.73,23.73,194000,4604784.0
2026-09-21 14:38:00,23.73,23.74,23.72,23.73,100400,2382750.0
2026-09-21 14:39:00,23.73,23.74,23.72,23.73,106700,2531783.0
2026-09-21 14:40:00,23.72,23.74,23.71,23.71,178900,4243650.9985
2026-09-21 14:41:00,23.71,23.73,23.71,23.72,123700,2934174.9766
2026-09-21 14:42:00,23.72,23.72,23.7,23.72,214902,5095491.3629
2026-09-21 14:43:00,23.72,23.72,23.7,23.72,78700,1866300.9587
2026-09-21 14:44:00,23.72,23.72,23.7,23.7,143500,3402765.9351
2026-09-21 14:45:00,23.7,23.72,23.7,23.7,234500,5559130.9015
2026-09-21 14:46:00,23.7,23.71,23.69,23.71,200098,4742808.5902
2026-09-21 14:47:00,23.71,23.72,23.7,23.7,255300,6052180.9497
2026-09-21 14:48:00,23.71,23.71,23.7,23.7,153800,3645534.9756
2026-09-21 14:49:00,23.7,23.71,23.69,23.7,134000,3175869.0137
2026-09-21 14:50:00,23.69,23.7,23.69,23.7,99900,2366911.002
2026-09-21 14:51:00,23.69,23.7,23.69,23.7,138900,3291144.002
2026-09-21 14:52:00,23.7,23.72,23.69,23.72,166300,3942597.9336
2026-09-21 14:53:00,23.72,23.72,23.69,23.7,231400,5485970.9079
2026-09-21 14:54:00,23.71,23.72,23.7,23.7,107000,2536879.9834
2026-09-21 14:55:00,23.71,23.71,23.7,23.7,149200,3536460.999
2026-09-21 14:56:00,23.71,23.72,23.7,23.7,278618,6605777.4951
2026-09-21 14:57:00,23.71,23.72,23.7,23.7,269400,6386964.9827
2026-09-21 15:00:00,23.7,23.7,23.7,23.7,334000,7915800.0293
2026-09-22 09:31:00,23.53,23.53,23.36,23.43,1735900,40720762.959
2026-09-22 09:32:00,23.43,23.45,23.3,23.32,1001654,23418215.1237
2026-09-22 09:33:00,23.32,23.34,23.27,23.31,1313000,30596874.022
2026-09-22 09:34:00,23.31,23.35,23.28,23.33,877700,20455300.0493
2026-09-22 09:35:00,23.32,23.34,23.26,23.28,700900,16316959.0083
2026-09-22 09:36:00,23.29,23.34,23.26,23.27,556000,12957608.0146
2026-09-22 09:37:00,23.27,23.32,23.26,23.29,748100,17412577.0903
2026-09-22 09:38:00,23.28,23.31,23.26,23.27,530200,12342357.0552
2026-09-22 09:39:00,23.29,23.31,23.21,23.22,875000,20340107.9819
2026-09-22 09:40:00,23.21,23.22,23.1,23.18,1370808,31748837.7622
2026-09-22 09:41:00,23.18,23.2,23.13,23.16,818600,18970515.0002
2026-09-22 09:42:00,23.16,23.16,23.05,23.08,1238400,28616848.043
2026-09-22 09:43:00,23.05,23.09,23.03,23.05,817100,18835244.0386
2026-09-22 09:44:00,23.05,23.07,23.03,23.07,483700,11148975.1055
2026-09-22 09:45:00,23.07,23.09,23.05,23.07,682200,15735234.9873
2026-09-22 09:46:00,23.06,23.08,23.05,23.07,525100,12112456.9965
2026-09-22 09:47:00,23.08,23.09,23.05,23.06,716900,16537528.9883
2026-09-22 09:48:00,23.05,23.07,23.05,23.07,296500,6837159.9854
2026-09-22 09:49:00,23.06,23.09,23.06,23.07,543100,12529897.0
2026-09-22 09:50:00,23.07,23.09,23.04,23.08,1007439,23226159.553
2026-09-22 09:51:00,23.09,23.12,23.07,23.1,474400,10958678.0
2026-09-22 09:52:00,23.09,23.12,23.06,23.07,535800,12373433.001
2026-09-22 09:53:00,23.07,23.07,22.92,22.96,3164300,72791802.0635
2026-09-22 09:54:00,22.94,22.98,22.93,22.95,692400,15889573.043
2026-09-22 09:55:00,22.95,22.98,22.94,22.96,542000,12441394.939
2026-09-22 09:56:00,22.96,22.96,22.94,22.95,489000,11221187.0244
2026-09-22 09:57:00,22.95,22.97,22.93,22.95,456200,10471286.9151
2026-09-22 09:58:00,22.95,22.95,22.93,22.93,496100,11379185.0124
2026-09-22 09:59:00,22.94,22.94,22.89,22.9,1132800,25953534.9905
2026-09-22 10:00:00,22.9,22.94,22.89,22.94,633927,14526207.5048
2026-09-22 10:01:00,22.94,22.94,22.91,22.92,453200,10389730.0061
2026-09-22 10:02:00,22.91,22.94,22.9,22.94,464200,10635504.0
2026-09-22 10:03:00,22.94,22.97,22.92,22.93,378100,8676955.9561
2026-09-22 10:04:00,22.92,23.12,22.92,23.03,717100,16510769.9966
2026-09-22 10:05:00,23.04,23.05,22.97,22.99,261300,6012840.0186
2026-09-22 10:06:00,22.99,22.99,22.94,22.95,381100,8749051.9766
2026-09-22 10:07:00,22.95,23.08,22.94,23.07,236500,5436889.0024
2026-09-22 10:08:00,23.07,23.09,23.02,23.04,203300,4686215.0088
2026-09-22 10:09:00,23.04,23.05,23.02,23.03,116300,2678573.0112
2026-09-22 10:10:00,23.04,23.05,23.02,23.05,114900,2646731.0205
2026-09-22 10:11:00,23.05,23.05,23.02,23.03,118100,2720797.0161
2026-09-22 10:12:00,23.02,23.05,23.02,23.04,150100,3457846.0415
2026-09-22 10:13:00,23.05,23.06,23.03,23.04,166500,3836268.0415
2026-09-22 10:14:00,23.05,23.06,23.04,23.06,73200,1687127.002
2026-09-22 10:15:00,23.06,23.06,23.01,23.02,274900,6332865.9927
2026-09-22 10:16:00,23.03,23.09,23.01,23.08,197896,4560870.8995
2026-09-22 10:17:00,23.09,23.1,23.03,23.06,239100,5517238.999
2026-09-22 10:18:00,23.06,23.06,23.02,23.06,179500,4135472.019
2026-09-22 10:19:00,23.05,23.09,23.03,23.09,182300,4204376.9971
2026-09-22 10:20:00,23.09,23.1,23.08,23.09,135300,3123940.0
2026-09-22 10:21:00,23.09,23.09,23.05,23.07,160800,3709149.0
2026-09-22 10:22:00,23.07,23.1,23.04,23.09,222400,5130775.9917
2026-09-22 10:23:00,23.09,23.1,23.08,23.1,81500,1881877.0
2026-09-22 10:24:00,23.1,23.11,23.09,23.1,98600,2277830.0
2026-09-22 10:25:00,23.1,23.13,23.1,23.13,82000,1896042.0039
2026-09-22 10:26:00,23.13,23.14,23.09,23.1,153100,3540096.9775
2026-09-22 10:27:00,23.09,23.13,23.08,23.12,161900,3740811.0142
2026-09-22 10:28:00,23.13,23.13,23.1,23.12,95200,2200258.0109
2026-09-22 10:29:00,23.12,23.15,23.09,23.15,263177,6085171.0009
2026-09-22 10:30:00,23.15,23.19,23.13,23.19,172400,3993057.0
2026-09-22 10:31:00,23.18,23.19,23.14,23.15,156600,3628093.0
2026-09-22 10:32:00,23.15,23.17,23.13,23.16,126200,2921573.0
2026-09-22 10:33:00,23.15,23.18,23.15,23.15,212500,4922923.0
2026-09-22 10:34:00,23.15,23.16,23.12,23.16,154800,3582635.9834
2026-09-22 10:35:00,23.15,23.16,23.11,23.11,70800,1638124.002
2026-09-22 10:36:00,23.11,23.14,23.11,23.13,97300,2250215.9678
2026-09-22 10:37:00,23.12,23.14,23.1,23.1,93300,2157039.0195
2026-09-22 10:38:00,23.11,23.13,23.11,23.12,134900,3118849.0166
2026-09-22 10:39:00,23.11,23.12,23.08,23.1,204500,4723466.0029
2026-09-22 10:40:00,23.12,23.16,23.12,23.15,148800,3441788.0068
2026-09-22 10:41:00,23.15,23.17,23.15,23.16,121400,2811419.0
2026-09-22 10:42:00,23.15,23.17,23.13,23.16,72700,1683617.0
2026-09-22 10:43:00,23.16,23.17,23.13,23.15,383100,8869576.999
2026-09-22 10:44:00,23.15,23.18,23.14,23.17,87300,2022173.0
2026-09-22 10:45:00,23.17,23.18,23.14,23.14,128700,2979647.0
2026-09-22 10:46:00,23.15,23.16,23.13,23.15,110100,2548338.9966
2026-09-22 10:47:00,23.15,23.18,23.15,23.15,132801,3075478.1596
2026-09-22 10:48:00,23.16,23.17,23.15,23.17,64700,1498417.0
2026-09-22 10:49:00,23.16,23.17,23.15,23.15,98300,2276102.0
2026-09-22 10:50:00,23.16,23.19,23.15,23.18,110900,2569650.0
2026-09-22 10:51:00,23.16,23.22,23.16,23.19,228400,5297199.9814
2026-09-22 10:52:00,23.19,23.19,23.16,23.17,56400,1307157.0
2026-09-22 10:53:00,23.17,23.18,23.15,23.17,134200,3108475.0
2026-09-22 10:54:00,23.17,23.2,23.15,23.19,98900,2292138.0
2026-09-22 10:55:00,23.19,23.2,23.15,23.2,150800,3494667.0029
2026-09-22 10:56:00,23.19,23.19,23.17,23.18,70200,1627053.0
2026-09-22 10:57:00,23.18,23.21,23.16,23.21,106000,2458130.0107
2026-09-22 10:58:00,23.21,23.21,23.19,23.21,86700,2012004.9438
2026-09-22 10:59:00,23.21,23.23,23.2,23.23,102100,2370683.9976
2026-09-22 11:00:00,23.23,23.24,23.21,23.22,77200,1792761.9888
2026-09-22 11:01:00,23.21,23.22,23.19,23.2,179200,4158084.9771
2026-09-22 11:02:00,23.2,23.27,23.2,23.27,207100,4812571.9604
2026-09-22 11:03:00,23.26,23.29,23.26,23.28,318359,7410868.5635
2026-09-22 11:04:00,23.29,23.33,23.27,23.32,270600,6306152.4081
2026-09-22 11:05:00,23.32,23.32,23.29,23.29,115500,2691293.02
2026-09-22 11:06:00,23.29,23.33,23.28,23.33,188900,4402544.0059
2026-09-22 11:07:00,23.33,23.34,23.29,23.29,156800,3655204.9946
2026-09-22 11:08:00,23.3,23.31,23.29,23.3,144000,3354916.9932
2026-09-22 11:09:00,23.3,23.3,23.29,23.3,106600,2483296.0352
2026-09-22 11:10:00,23.3,23.3,23.29,23.3,66500,1548966.0142
2026-09-22 11:11:00,23.29,23.33,23.29,23.32,140000,3263597.9961
2026-09-22 11:12:00,23.32,23.33,23.29,23.31,116000,2703844.9951
2026-09-22 11:13:00,23.32,23.32,23.3,23.31,101600,2367651.998
2026-09-22 11:14:00,23.31,23.32,23.3,23.31,70200,1636495.0
2026-09-22 11:15:00,23.3,23.31,23.3,23.3,64000,1491340.9932
2026-09-22 11:16:00,23.3,23.32,23.29,23.29,91600,2134851.9917
2026-09-22 11:17:00,23.29,23.32,23.29,23.31,98800,2302557.0122
2026-09-22 11:18:00,23.31,23.32,23.3,23.32,62900,1466481.0
2026-09-22 11:19:00,23.32,23.32,23.29,23.3,70800,1649343.0132
2026-09-22 11:20:00,23.3,23.31,23.28,23.3,92500,2154825.9951
2026-09-22 11:21:00,23.29,23.31,23.28,23.3,77900,1814498.0049
2026-09-22 11:22:00,23.3,23.31,23.28,23.3,88400,2059542.9922
2026-09-22 11:23:00,23.29,23.3,23.26,23.27,102400,2383279.0044
2026-09-22 11:24:00,23.27,23.33,23.26,23.33,225100,5243897.0122
2026-09-22 11:25:00,23.32,23.33,23.27,23.28,127800,2978434.001
2026-09-22 11:26:00,23.28,23.31,23.26,23.31,103300,2405800.0356
2026-09-22 11:27:00,23.3,23.31,23.29,23.29,47900,1115740.0244
2026-09-22 11:28:00,23.29,23.31,23.29,23.29,74800,1742597.002
2026-09-22 11:29:00,23.28,23.29,23.27,23.27,32900,765849.0063
2026-09-22 11:30:00,23.26,23.29,23.25,23.27,209500,4873627.0
2026-09-22 13:01:00,23.29,23.32,23.25,23.29,402500,9373040.0
2026-09-22 13:02:00,23.3,23.34,23.29,23.33,152200,3550090.9922
2026-09-22 13:03:00,23.33,23.35,23.32,23.33,104168,2430540.76
2026-09-22 13:04:00,23.33,23.38,23.32,23.34,216900,5065048.0029
2026-09-22 13:05:00,23.35,23.37,23.33,23.35,87100,2033539.001
2026-09-22 13:06:00,23.36,23.36,23.32,23.32,67000,1563996.0
2026-09-22 13:07:00,23.32,23.32,23.28,23.3,205300,4783461.0117
2026-09-22 13:08:00,23.3,23.32,23.28,23.31,117100,2727980.0225
2026-09-22 13:09:00,23.31,23.31,23.27,23.28,73800,1718458.6125
2026-09-22 13:10:00,23.28,23.28,23.26,23.27,193800,4509955.1028
2026-09-22 13:11:00,23.27,23.28,23.25,23.26,77500,1802933.931
2026-09-22 13:12:00,23.26,23.29,23.25,23.28,98400,2290343.0112
2026-09-22 13:13:00,23.28,23.29,23.26,23.27,74600,1736276.0
2026-09-22 13:14:00,23.29,23.29,23.27,23.29,53300,1240837.0029
2026-09-22 13:15:00,23.29,23.31,23.28,23.3,107633,2507598.5944
2026-09-22 13:16:00,23.3,23.32,23.27,23.3,531700,12376409.9985
2026-09-22 13:17:00,23.3,23.32,23.3,23.3,67700,1577833.9893
2026-09-22 13:18:00,23.3,23.31,23.27,23.29,87400,2035369.0332
2026-09-22 13:19:00,23.28,23.29,23.27,23.28,81500,1896958.001
2026-09-22 13:20:00,23.28,23.3,23.26,23.28,90800,2113926.019
2026-09-22 13:21:00,23.28,23.29,23.27,23.29,52100,1212764.0039
2026-09-22 13:22:00,23.28,23.3,23.27,23.27,82100,1911593.022
2026-09-22 13:23:00,23.28,23.29,23.25,23.26,166800,3880523.0054
2026-09-22 13:24:00,23.25,23.26,23.24,23.25,52500,1220697.5988
2026-09-22 13:25:00,23.25,23.26,23.21,23.21,143200,3326653.0
2026-09-22 13:26:00,23.21,23.22,23.19,23.2,174400,4046467.978
2026-09-22 13:27:00,23.2,23.22,23.18,23.18,107100,2483930.9937
2026-09-22 13:28:00,23.19,23.2,23.18,23.2,106300,2464858.001
2026-09-22 13:29:00,23.19,23.22,23.18,23.21,87900,2038864.9995
2026-09-22 13:30:00,23.21,23.23,23.2,23.23,97300,2259004.9795
2026-09-22 13:31:00,23.21,23.23,23.21,23.22,106700,2478125.998
2026-09-22 13:32:00,23.22,23.22,23.19,23.21,110700,2569112.9766
2026-09-22 13:33:00,23.2,23.21,23.18,23.2,71500,1658532.9941
2026-09-22 13:34:00,23.2,23.23,23.19,23.23,133700,3102708.9741
2026-09-22 13:35:00,23.22,23.25,23.2,23.22,169600,3937783.0361
2026-09-22 13:36:00,23.22,23.24,23.2,23.24,72000,1671748.9902
2026-09-22 13:37:00,23.23,23.25,23.23,23.25,63000,1464162.0
2026-09-22 13:38:00,23.25,23.27,23.24,23.25,103000,2395321.0
2026-09-22 13:39:00,23.24,23.27,23.23,23.25,92000,2138856.0
2026-09-22 13:40:00,23.25,23.26,23.23,23.25,64600,1501391.0
2026-09-22 13:41:00,23.24,23.26,23.23,23.25,83900,1950203.0
2026-09-22 13:42:00,23.25,23.27,23.23,23.25,93400,2171328.0
2026-09-22 13:43:00,23.24,23.26,23.23,23.26,53800,1250439.0
2026-09-22 13:44:00,23.25,23.26,23.22,23.23,50000,1161926.0
2026-09-22 13:45:00,23.23,23.24,23.22,23.24,53800,1249742.0
2026-09-22 13:46:00,23.24,23.24,23.21,23.22,71000,1648983.0
2026-09-22 13:47:00,23.22,23.23,23.2,23.2,77100,1789336.9995
2026-09-22 13:48:00,23.2,23.21,23.19,23.2,87500,2030154.9917
2026-09-22 13:49:00,23.21,23.21,23.19,23.21,86800,2013624.0024
2026-09-22 13:50:00,23.2,23.22,23.2,23.2,69100,1603589.981
2026-09-22 13:51:00,23.2,23.25,23.2,23.22,92400,2145586.9858
2026-09-22 13:52:00,23.22,23.24,23.21,23.23,61200,1421310.9966
2026-09-22 13:53:00,23.23,23.24,23.21,23.23,59200,1375059.0
2026-09-22 13:54:00,23.23,23.23,23.21,23.22,54600,1267698.9922
2026-09-22 13:55:00,23.22,23.23,23.2,23.22,52800,1225708.9917
2026-09-22 13:56:00,23.22,23.24,23.21,23.23,100200,2327125.0
2026-09-22 13:57:00,23.23,23.23,23.21,23.22,63600,1476831.9912
2026-09-22 13:58:00,23.21,23.24,23.2,23.22,119000,2762773.9912
2026-09-22 13:59:00,23.22,23.23,23.21,23.22,76900,1785398.9785
2026-09-22 14:00:00,23.22,23.24,23.21,23.23,71700,1665457.0
2026-09-22 14:01:00,23.24,23.24,23.21,23.22,61000,1416765.998
2026-09-22 14:02:00,23.21,23.22,23.21,23.22,64000,1485664.9849
2026-09-22 14:03:00,23.21,23.23,23.2,23.22,71600,1662347.9956
2026-09-22 14:04:00,23.22,23.24,23.21,23.23,73500,1707328.999
2026-09-22 14:05:00,23.22,23.24,23.21,23.22,85800,1992268.9966
2026-09-22 14:06:00,23.22,23.23,23.2,23.2,92900,2156173.9634
2026-09-22 14:07:00,23.2,23.23,23.19,23.21,150100,3483302.9805
2026-09-22 14:08:00,23.21,23.23,23.19,23.22,85500,1984787.9727
2026-09-22 14:09:00,23.23,23.24,23.21,23.23,74200,1723437.9961
2026-09-22 14:10:00,23.23,23.24,23.21,23.22,211700,4917306.9912
2026-09-22 14:11:00,23.22,23.23,23.21,23.22,179200,4160131.9365
2026-09-22 14:12:00,23.23,23.24,23.21,23.21,200900,4666063.9868
2026-09-22 14:13:00,23.21,23.24,23.21,23.23,172800,4013826.9712
2026-09-22 14:14:00,23.21,23.24,23.2,23.2,189400,4397175.9531
2026-09-22 14:15:00,23.2,23.2,23.16,23.18,233000,5401500.0049
2026-09-22 14:16:00,23.17,23.19,23.16,23.17,111800,2590519.0
2026-09-22 14:17:00,23.18,23.18,23.15,23.18,170800,3956673.0
2026-09-22 14:18:00,23.18,23.18,23.14,23.15,145200,3361967.0
2026-09-22 14:19:00,23.17,23.18,23.15,23.16,100900,2336719.0
2026-09-22 14:20:00,23.16,23.18,23.14,23.17,144700,3351398.0
2026-09-22 14:21:00,23.16,23.19,23.15,23.16,242800,5626285.0
2026-09-22 14:22:00,23.17,23.19,23.16,23.17,103200,2390930.0
2026-09-22 14:23:00,23.18,23.18,23.15,23.15,136800,3169115.0
2026-09-22 14:24:00,23.17,23.18,23.15,23.15,128500,2975572.0
2026-09-22 14:25:00,23.17,23.17,23.15,23.16,73500,1702063.0
2026-09-22 14:26:00,23.15,23.17,23.13,23.14,223000,5161659.981
2026-09-22 14:27:00,23.15,23.15,23.12,23.14,207300,4795794.9624
2026-09-22 14:28:00,23.14,23.17,23.13,23.17,148400,3434778.9795
2026-09-22 14:29:00,23.15,23.17,23.13,23.14,244600,5660871.9839
2026-09-22 14:30:00,23.15,23.16,23.12,23.15,151900,3514392.9893
2026-09-22 14:31:00,23.14,23.15,23.11,23.13,161100,3725639.0176
2026-09-22 14:32:00,23.13,23.13,23.1,23.11,204800,4732494.0166
2026-09-22 14:33:00,23.12,23.18,23.11,23.18,300600,6958335.0034
2026-09-22 14:34:00,23.18,23.2,23.16,23.16,232000,5377416.9941
2026-09-22 14:35:00,23.17,23.2,23.16,23.17,160900,3730406.0176
2026-09-22 14:36:00,23.19,23.2,23.16,23.18,227300,5270548.0029
2026-09-22 14:37:00,23.17,23.21,23.17,23.19,147500,3419841.001
2026-09-22 14:38:00,23.19,23.19,23.16,23.18,83500,1935209.0
2026-09-22 14:39:00,23.18,23.19,23.16,23.19,125000,2897250.0
2026-09-22 14:40:00,23.19,23.2,23.17,23.19,130300,3020991.002
2026-09-22 14:41:00,23.19,23.2,23.16,23.17,130800,3032019.0
2026-09-22 14:42:00,23.19,23.2,23.16,23.18,100300,2324485.0
2026-09-22 14:43:00,23.17,23.19,23.16,23.18,156500,3626808.0
2026-09-22 14:44:00,23.17,23.19,23.16,23.18,118146,2737793.8199
2026-09-22 14:45:00,23.18,23.19,23.17,23.19,119700,2774482.0126
2026-09-22 14:46:00,23.19,23.21,23.17,23.2,148099,3434928.8253
2026-09-22 14:47:00,23.2,23.21,23.19,23.2,165600,3841775.0464
2026-09-22 14:48:00,23.2,23.22,23.19,23.22,158400,3675998.3187
2026-09-22 14:49:00,23.22,23.24,23.2,23.24,145300,3374873.9888
2026-09-22 14:50:00,23.23,23.29,23.23,23.25,578400,13456404.0796
2026-09-22 14:51:00,23.24,23.26,23.23,23.25,172800,4016225.0001
2026-09-22 14:52:00,23.24,23.25,23.22,23.24,249755,5801840.6479
2026-09-22 14:53:00,23.23,23.26,23.22,23.25,271745,6315755.3502
2026-09-22 14:54:00,23.24,23.25,23.23,23.24,132100,3070464.0
2026-09-22 14:55:00,23.24,23.28,23.24,23.26,263900,6137881.0
2026-09-22 14:56:00,23.25,23.28,23.24,23.26,231600,5387287.0
2026-09-22 14:57:00,23.26,23.3,23.23,23.25,483500,11250006.0742
2026-09-22 15:00:00,23.21,23.21,23.21,23.21,497912,11556537.1816
