day,open,high,low,close,volume,amount
2026-09-10 13:53:00,18.18,18.19,18.17,18.18,293000,5326896.0
2026-09-10 13:54:00,18.17,18.18,18.17,18.18,122200,2220651.0
2026-09-10 13:55:00,18.17,18.18,18.16,18.18,550700,10006649.0
2026-09-10 13:56:00,18.18,18.18,18.17,18.18,240900,4377310.0
2026-09-10 13:57:00,18.18,18.18,18.17,18.17,18400,334474.0
2026-09-10 13:58:00,18.17,18.18,18.16,18.16,342600,6224821.0
2026-09-10 13:59:00,18.16,18.17,18.16,18.17,42000,763038.0
2026-09-10 14:00:00,18.16,18.17,18.16,18.17,51900,942905.0
2026-09-10 14:01:00,18.17,18.19,18.16,18.19,270100,4909554.0
2026-09-10 14:02:00,18.19,18.19,18.18,18.18,76500,1390925.0
2026-09-10 14:03:00,18.18,18.19,18.18,18.18,40400,734692.0
2026-09-10 14:04:00,18.18,18.19,18.18,18.18,173900,3162734.0
2026-09-10 14:05:00,18.19,18.19,18.18,18.18,25800,469154.0
2026-09-10 14:06:00,18.18,18.19,18.18,18.19,68900,1252770.0
2026-09-10 14:07:00,18.19,18.19,18.18,18.19,61600,1120090.0
2026-09-10 14:08:00,18.18,18.19,18.18,18.19,38400,698240.0
2026-09-10 14:09:00,18.18,18.19,18.18,18.18,158400,2879815.0
2026-09-10 14:10:00,18.19,18.19,18.18,18.18,80800,1469520.0
2026-09-10 14:11:00,18.18,18.19,18.18,18.19,122200,2222386.0
2026-09-10 14:12:00,18.19,18.19,18.18,18.19,33100,601968.0
2026-09-10 14:13:00,18.19,18.19,18.18,18.19,61800,1123959.0
2026-09-10 14:14:00,18.18,18.19,18.18,18.19,82900,1507330.0
2026-09-10 14:15:00,18.19,18.2,18.18,18.2,562800,10237755.0488
2026-09-10 14:16:00,18.2,18.2,18.19,18.19,55900,1017234.0277
2026-09-10 14:17:00,18.2,18.2,18.19,18.19,112700,2050222.0168
2026-09-10 14:18:00,18.2,18.2,18.19,18.2,96800,1761441.0531
2026-09-10 14:19:00,18.2,18.21,18.19,18.2,733700,13354309.3084
2026-09-10 14:20:00,18.21,18.21,18.2,18.2,158300,2882074.9126
2026-09-10 14:21:00,18.21,18.21,18.2,18.21,231600,4217318.7764
2026-09-10 14:22:00,18.21,18.21,18.2,18.21,171700,3126540.807
2026-09-10 14:23:00,18.21,18.21,18.2,18.21,137100,2495878.9862
2026-09-10 14:24:00,18.21,18.21,18.2,18.2,60400,1099692.9656
2026-09-10 14:25:00,18.21,18.21,18.2,18.21,135800,2472533.9169
2026-09-10 14:26:00,18.21,18.21,18.2,18.2,155800,2836632.9185
2026-09-10 14:27:00,18.21,18.21,18.2,18.21,114700,2088556.8934
2026-09-10 14:28:00,18.21,18.21,18.2,18.2,49800,906694.9698
2026-09-10 14:29:00,18.2,18.22,18.2,18.21,380600,6930277.7406
2026-09-10 14:30:00,18.22,18.22,18.21,18.21,190700,3473989.9014
2026-09-10 14:31:00,18.22,18.22,18.21,18.21,79600,1450084.9496
2026-09-10 14:32:00,18.22,18.24,18.21,18.23,2101000,38291042.7527
2026-09-10 14:33:00,18.23,18.25,18.22,18.24,661166,12059186.8268
2026-09-10 14:34:00,18.25,18.25,18.23,18.24,288400,5261177.0
2026-09-10 14:35:00,18.24,18.24,18.23,18.24,120100,2189948.0
2026-09-10 14:36:00,18.24,18.24,18.23,18.24,347100,6330937.0
2026-09-10 14:37:00,18.24,18.24,18.23,18.24,154500,2817641.0
2026-09-10 14:38:00,18.24,18.25,18.23,18.25,549200,10017329.0
2026-09-10 14:39:00,18.24,18.25,18.24,18.24,902500,16469893.0
2026-09-10 14:40:00,18.25,18.25,18.24,18.25,195200,3561893.0
2026-09-10 14:41:00,18.25,18.25,18.24,18.25,306400,5591295.0
2026-09-10 14:42:00,18.25,18.25,18.24,18.24,263000,4798633.0
2026-09-10 14:43:00,18.25,18.25,18.24,18.24,176100,3213537.0
2026-09-10 14:44:00,18.25,18.25,18.24,18.25,632800,11546109.0
2026-09-10 14:45:00,18.25,18.25,18.23,18.25,334700,6105467.0
2026-09-10 14:46:00,18.25,18.25,18.23,18.24,367800,6709254.0
2026-09-10 14:47:00,18.24,18.25,18.24,18.25,165000,3010156.0
2026-09-10 14:48:00,18.24,18.25,18.23,18.24,128300,2339874.0
2026-09-10 14:49:00,18.23,18.24,18.23,18.23,104100,1898313.0
2026-09-10 14:50:00,18.23,18.24,18.22,18.24,446500,8140023.9957
2026-09-10 14:51:00,18.24,18.24,18.22,18.24,168900,3079298.9969
2026-09-10 14:52:00,18.24,18.24,18.23,18.23,290100,5290396.0
2026-09-10 14:53:00,18.24,18.24,18.23,18.24,143500,2616799.0
2026-09-10 14:54:00,18.23,18.24,18.23,18.24,237900,4337233.0
2026-09-10 14:55:00,18.24,18.24,18.23,18.23,413900,7546825.0
2026-09-10 14:56:00,18.23,18.24,18.22,18.23,767100,13985354.9932
2026-09-10 14:57:00,18.23,18.24,18.22,18.23,449600,8198509.9999
2026-09-10 15:00:00,18.24,18.24,18.24,18.24,1339700,24436128.0
2026-09-11 09:31:00,18.25,18.3,18.25,18.26,2187500,39948284.2278
2026-09-11 09:32:00,18.26,18.26,18.16,18.17,1066300,19401671.9922
2026-09-11 09:33:00,18.17,18.2,18.15,18.19,1143400,20777966.0061
2026-09-11 09:34:00,18.19,18.2,18.16,18.16,493500,8972658.0555
2026-09-11 09:35:00,18.17,18.17,18.14,18.14,882700,16025993.0
2026-09-11 09:36:00,18.15,18.15,18.1,18.11,1944200,35233963.8719
2026-09-11 09:37:00,18.11,18.15,18.1,18.1,1276800,23126243.2991
2026-09-11 09:38:00,18.1,18.11,18.1,18.1,756400,13693266.0273
2026-09-11 09:39:00,18.1,18.12,18.09,18.1,1358700,24600359.17
2026-09-11 09:40:00,18.11,18.12,18.1,18.11,566700,10262632.1403
2026-09-11 09:41:00,18.11,18.12,18.1,18.11,626670,11348814.131
2026-09-11 09:42:00,18.11,18.12,18.1,18.12,654800,11855221.0701
2026-09-11 09:43:00,18.11,18.14,18.1,18.11,811000,14692828.1586
2026-09-11 09:44:00,18.1,18.11,18.09,18.09,973130,17615991.0381
2026-09-11 09:45:00,18.1,18.1,18.09,18.1,469700,8498727.0
2026-09-11 09:46:00,18.1,18.1,18.06,18.07,1813727,32784619.8703
2026-09-11 09:47:00,18.08,18.1,18.07,18.09,447300,8087763.0
2026-09-11 09:48:00,18.09,18.11,18.08,18.1,688000,12448319.0
2026-09-11 09:49:00,18.1,18.13,18.1,18.12,611700,11080757.2385
2026-09-11 09:50:00,18.12,18.15,18.12,18.13,443100,8035281.8418
2026-09-11 09:51:00,18.13,18.13,18.09,18.1,430200,7790525.1041
2026-09-11 09:52:00,18.1,18.11,18.09,18.1,409200,7406001.0
2026-09-11 09:53:00,18.09,18.11,18.07,18.09,797100,14415794.0
2026-09-11 09:54:00,18.09,18.09,18.07,18.08,1008500,18233148.0
2026-09-11 09:55:00,18.08,18.09,18.08,18.09,219500,3969035.0
2026-09-11 09:56:00,18.09,18.09,18.06,18.08,1788000,32308006.0
2026-09-11 09:57:00,18.09,18.11,18.08,18.1,320100,5790239.0
2026-09-11 09:58:00,18.11,18.13,18.1,18.12,247300,4480108.1705
2026-09-11 09:59:00,18.12,18.12,18.1,18.1,217200,3933895.0623
2026-09-11 10:00:00,18.1,18.11,18.1,18.11,319400,5783055.0078
2026-09-11 10:01:00,18.11,18.13,18.1,18.13,375800,6810769.8796
2026-09-11 10:02:00,18.14,18.17,18.14,18.17,752100,13654624.9844
2026-09-11 10:03:00,18.16,18.17,18.15,18.16,434000,7882314.0
2026-09-11 10:04:00,18.15,18.16,18.13,18.14,500700,9086505.9547
2026-09-11 10:05:00,18.13,18.16,18.13,18.16,193600,3513004.9675
2026-09-11 10:06:00,18.16,18.17,18.15,18.16,321500,5838582.0
2026-09-11 10:07:00,18.16,18.16,18.14,18.14,155800,2827661.999
2026-09-11 10:08:00,18.14,18.15,18.13,18.15,211500,3836535.9355
2026-09-11 10:09:00,18.14,18.14,18.12,18.14,296700,5380190.8
2026-09-11 10:10:00,18.14,18.15,18.12,18.15,349600,6339588.7783
2026-09-11 10:11:00,18.14,18.16,18.14,18.15,601500,10917544.0
2026-09-11 10:12:00,18.15,18.15,18.14,18.14,507800,9212129.9609
2026-09-11 10:13:00,18.15,18.15,18.14,18.15,348400,6322511.9961
2026-09-11 10:14:00,18.14,18.16,18.14,18.15,218600,3966322.9805
2026-09-11 10:15:00,18.14,18.16,18.14,18.14,265500,4818425.9863
2026-09-11 10:16:00,18.14,18.15,18.13,18.15,273000,4952005.9326
2026-09-11 10:17:00,18.15,18.15,18.14,18.14,143800,2608740.9922
2026-09-11 10:18:00,18.15,18.15,18.13,18.13,564500,10239757.7791
2026-09-11 10:19:00,18.13,18.14,18.12,18.13,148000,2683265.8979
2026-09-11 10:20:00,18.12,18.13,18.12,18.12,99100,1795991.0511
2026-09-11 10:21:00,18.13,18.13,18.1,18.1,725200,13135295.222
2026-09-11 10:22:00,18.1,18.14,18.1,18.14,2483477,44986631.6936
2026-09-11 10:23:00,18.13,18.14,18.12,18.13,218600,3963218.8511
2026-09-11 10:24:00,18.12,18.13,18.11,18.11,197500,3578633.1338
2026-09-11 10:25:00,18.12,18.12,18.11,18.12,239500,4337982.0664
2026-09-11 10:26:00,18.12,18.12,18.1,18.11,327500,5929695.0134
2026-09-11 10:27:00,18.11,18.11,18.09,18.09,273700,4954034.001
2026-09-11 10:28:00,18.1,18.11,18.09,18.1,118000,2135677.0
2026-09-11 10:29:00,18.1,18.11,18.09,18.1,193600,3503918.0
2026-09-11 10:30:00,18.09,18.1,18.09,18.09,162500,2940157.0
2026-09-11 10:31:00,18.1,18.11,18.09,18.1,500800,9064203.002
2026-09-11 10:32:00,18.1,18.11,18.1,18.1,150600,2726218.0059
2026-09-11 10:33:00,18.11,18.12,18.1,18.1,349800,6335558.1431
2026-09-11 10:34:00,18.11,18.11,18.09,18.1,146500,2651612.002
2026-09-11 10:35:00,18.1,18.11,18.09,18.1,143300,2593876.0029
2026-09-11 10:36:00,18.1,18.11,18.09,18.1,480600,8698354.0
2026-09-11 10:37:00,18.11,18.11,18.09,18.09,199700,3614687.001
2026-09-11 10:38:00,18.1,18.11,18.09,18.1,189800,3435362.0068
2026-09-11 10:39:00,18.1,18.11,18.09,18.1,395700,7160785.0
2026-09-11 10:40:00,18.1,18.11,18.09,18.1,123800,2240718.001
2026-09-11 10:41:00,18.1,18.12,18.1,18.11,165100,2989438.0128
2026-09-11 10:42:00,18.12,18.12,18.1,18.11,185400,3357977.0701
2026-09-11 10:43:00,18.11,18.12,18.1,18.12,198500,3595480.0845
2026-09-11 10:44:00,18.11,18.13,18.1,18.12,205800,3728703.1903
2026-09-11 10:45:00,18.11,18.13,18.11,18.11,128300,2324626.0619
2026-09-11 10:46:00,18.11,18.12,18.09,18.1,272100,4925537.0104
2026-09-11 10:47:00,18.1,18.12,18.09,18.11,127300,2304921.0105
2026-09-11 10:48:00,18.11,18.12,18.11,18.11,50200,909362.0231
2026-09-11 10:49:00,18.11,18.14,18.11,18.14,505600,9163852.0713
2026-09-11 10:50:00,18.14,18.16,18.13,18.15,485600,8811434.9446
2026-09-11 10:51:00,18.15,18.17,18.15,18.17,178600,3243705.0
2026-09-11 10:52:00,18.16,18.17,18.14,18.14,411400,7471428.0
2026-09-11 10:53:00,18.15,18.16,18.14,18.15,110500,2005757.0
2026-09-11 10:54:00,18.15,18.16,18.14,18.16,164400,2983940.0
2026-09-11 10:55:00,18.15,18.16,18.15,18.16,54500,989520.0
2026-09-11 10:56:00,18.15,18.16,18.14,18.15,207000,3757019.0
2026-09-11 10:57:00,18.14,18.15,18.14,18.14,52900,959898.998
2026-09-11 10:58:00,18.15,18.16,18.14,18.15,181400,3292467.0
2026-09-11 10:59:00,18.15,18.18,18.15,18.17,503800,9151495.0
2026-09-11 11:00:00,18.18,18.19,18.17,18.19,525500,9553104.0
2026-09-11 11:01:00,18.18,18.19,18.18,18.19,85400,1553342.0
2026-09-11 11:02:00,18.18,18.2,18.18,18.19,366500,6666766.0052
2026-09-11 11:03:00,18.18,18.19,18.18,18.19,57100,1038276.0
2026-09-11 11:04:00,18.19,18.19,18.17,18.17,145000,2636475.0
2026-09-11 11:05:00,18.18,18.21,18.17,18.2,575300,10467812.2134
2026-09-11 11:06:00,18.2,18.2,18.19,18.2,81400,1481432.0485
2026-09-11 11:07:00,18.2,18.2,18.19,18.19,25000,454962.0127
2026-09-11 11:08:00,18.19,18.2,18.19,18.19,117500,2137370.0009
2026-09-11 11:09:00,18.19,18.19,18.18,18.19,57700,1049478.0
2026-09-11 11:10:00,18.18,18.19,18.18,18.18,65900,1198323.0
2026-09-11 11:11:00,18.18,18.2,18.18,18.2,191600,3485676.0209
2026-09-11 11:12:00,18.19,18.2,18.18,18.18,123800,2252079.0092
2026-09-11 11:13:00,18.18,18.19,18.18,18.19,43900,798365.0
2026-09-11 11:14:00,18.19,18.19,18.17,18.17,216500,3936339.0
2026-09-11 11:15:00,18.18,18.19,18.17,18.19,77200,1403446.0
2026-09-11 11:16:00,18.18,18.19,18.17,18.19,101800,1850828.0
2026-09-11 11:17:00,18.19,18.2,18.19,18.2,280400,5102210.115
2026-09-11 11:18:00,18.2,18.2,18.18,18.19,159100,2893799.0007
2026-09-11 11:19:00,18.18,18.19,18.18,18.19,101100,1838773.0
2026-09-11 11:20:00,18.19,18.2,18.18,18.18,139800,2543012.0006
2026-09-11 11:21:00,18.18,18.19,18.18,18.18,96500,1754854.0
2026-09-11 11:22:00,18.18,18.2,18.18,18.19,99800,1815166.0002
2026-09-11 11:23:00,18.18,18.19,18.18,18.18,49600,901946.0
2026-09-11 11:24:00,18.18,18.18,18.17,18.18,123000,2235721.0
2026-09-11 11:25:00,18.18,18.19,18.17,18.18,95100,1728641.0
2026-09-11 11:26:00,18.19,18.19,18.17,18.18,160000,2908432.0
2026-09-11 11:27:00,18.17,18.18,18.17,18.18,81500,1481483.0
2026-09-11 11:28:00,18.18,18.19,18.18,18.18,61300,1114496.0
2026-09-11 11:29:00,18.19,18.19,18.18,18.19,43600,792789.0
2026-09-11 11:30:00,18.18,18.19,18.18,18.19,73800,1341801.0
2026-09-11 13:01:00,18.18,18.21,18.18,18.19,618000,11243422.0789
2026-09-11 13:02:00,18.19,18.2,18.18,18.2,266800,4853080.0056
2026-09-11 13:03:00,18.2,18.2,18.18,18.18,140200,2550319.0287
2026-09-11 13:04:00,18.19,18.19,18.18,18.19,71800,1305843.0
2026-09-11 13:05:00,18.19,18.19,18.17,18.17,234100,4255770.0
2026-09-11 13:06:00,18.18,18.21,18.18,18.21,541500,9849954.0653
2026-09-11 13:07:00,18.2,18.21,18.2,18.21,79700,1451009.9817
2026-09-11 13:08:00,18.21,18.21,18.2,18.2,474600,8640093.9471
2026-09-11 13:09:00,18.2,18.21,18.2,18.2,72000,1310856.967
2026-09-11 13:10:00,18.21,18.21,18.19,18.2,82200,1496243.0341
2026-09-11 13:11:00,18.2,18.22,18.19,18.19,470700,8569862.9306
2026-09-11 13:12:00,18.19,18.2,18.18,18.19,60500,1100643.0176
2026-09-11 13:13:00,18.2,18.21,18.19,18.2,127100,2313331.0131
2026-09-11 13:14:00,18.2,18.21,18.2,18.2,53500,974142.9664
2026-09-11 13:15:00,18.21,18.21,18.2,18.21,84000,1529597.9202
2026-09-11 13:16:00,18.21,18.21,18.18,18.19,206200,3751796.0851
2026-09-11 13:17:00,18.19,18.19,18.17,18.19,71700,1303520.0
2026-09-11 13:18:00,18.19,18.19,18.17,18.18,129900,2361655.0
2026-09-11 13:19:00,18.18,18.18,18.16,18.18,239300,4346782.0
2026-09-11 13:20:00,18.17,18.18,18.17,18.17,31900,579742.0
2026-09-11 13:21:00,18.17,18.19,18.16,18.18,328600,5971520.0
2026-09-11 13:22:00,18.18,18.19,18.17,18.19,116900,2125385.0
2026-09-11 13:23:00,18.18,18.19,18.17,18.17,91800,1669236.0023
2026-09-11 13:24:00,18.18,18.18,18.16,18.17,152700,2774580.0
2026-09-11 13:25:00,18.16,18.17,18.15,18.15,77100,1399988.0
2026-09-11 13:26:00,18.15,18.17,18.15,18.15,203700,3697865.0
2026-09-11 13:27:00,18.15,18.15,18.12,18.14,648500,11760583.7565
2026-09-11 13:28:00,18.13,18.15,18.13,18.14,81800,1483837.9739
2026-09-11 13:29:00,18.15,18.15,18.14,18.14,61100,1108623.998
2026-09-11 13:30:00,18.14,18.15,18.14,18.14,35200,638651.9941
2026-09-11 13:31:00,18.14,18.15,18.14,18.14,113200,2054200.998
2026-09-11 13:32:00,18.14,18.15,18.13,18.13,209000,3791208.9584
2026-09-11 13:33:00,18.13,18.14,18.13,18.13,107700,1952726.9114
2026-09-11 13:34:00,18.13,18.14,18.13,18.14,96600,1751950.9553
2026-09-11 13:35:00,18.14,18.14,18.13,18.14,54400,986503.9625
2026-09-11 13:36:00,18.14,18.15,18.14,18.14,73900,1340634.9902
2026-09-11 13:37:00,18.15,18.15,18.14,18.14,92000,1669466.0
2026-09-11 13:38:00,18.15,18.16,18.14,18.16,122400,2221915.0
2026-09-11 13:39:00,18.16,18.16,18.13,18.13,243200,4411856.9465
2026-09-11 13:40:00,18.13,18.14,18.13,18.13,103500,1876934.9584
2026-09-11 13:41:00,18.13,18.14,18.13,18.13,111900,2029346.9523
2026-09-11 13:42:00,18.14,18.14,18.13,18.14,106200,1925869.9265
2026-09-11 13:43:00,18.13,18.14,18.13,18.13,59400,1076982.9417
2026-09-11 13:44:00,18.13,18.14,18.12,18.12,308800,5597905.8027
2026-09-11 13:45:00,18.12,18.13,18.12,18.13,528100,9574167.606
2026-09-11 13:46:00,18.12,18.13,18.1,18.11,811200,14693143.3309
2026-09-11 13:47:00,18.11,18.12,18.1,18.12,575600,10423722.1387
2026-09-11 13:48:00,18.11,18.12,18.11,18.11,437800,7931148.1885
2026-09-11 13:49:00,18.11,18.13,18.11,18.12,162300,2940947.1404
2026-09-11 13:50:00,18.12,18.13,18.11,18.11,155600,2819210.1072
2026-09-11 13:51:00,18.12,18.12,18.11,18.11,179500,3251348.0785
2026-09-11 13:52:00,18.11,18.12,18.11,18.11,101900,1845888.0659
2026-09-11 13:53:00,18.11,18.12,18.1,18.12,702500,12723543.2261
2026-09-11 13:54:00,18.12,18.12,18.11,18.11,119300,2161335.046
2026-09-11 13:55:00,18.12,18.13,18.11,18.13,153600,2782962.1235
2026-09-11 13:56:00,18.12,18.14,18.12,18.13,106100,1923550.9452
2026-09-11 13:57:00,18.13,18.14,18.13,18.13,56100,1017198.9501
2026-09-11 13:58:00,18.13,18.14,18.13,18.13,50900,923130.9786
2026-09-11 13:59:00,18.14,18.14,18.13,18.13,66400,1204274.9668
2026-09-11 14:00:00,18.14,18.15,18.13,18.14,130200,2361900.9778
2026-09-11 14:01:00,18.15,18.16,18.14,18.15,341600,6200235.0
2026-09-11 14:02:00,18.14,18.15,18.14,18.15,51400,932694.999
2026-09-11 14:03:00,18.15,18.15,18.13,18.13,216700,3930986.9791
2026-09-11 14:04:00,18.14,18.15,18.13,18.14,189500,3437668.9761
2026-09-11 14:05:00,18.14,18.15,18.13,18.13,123700,2243708.9657
2026-09-11 14:06:00,18.14,18.14,18.13,18.13,54400,986357.9624
2026-09-11 14:07:00,18.14,18.14,18.13,18.13,49000,888508.9653
2026-09-11 14:08:00,18.14,18.14,18.13,18.14,112300,2036803.9579
2026-09-11 14:09:00,18.14,18.15,18.13,18.13,345200,6261642.4152
2026-09-11 14:10:00,18.14,18.14,18.12,18.13,316200,5732780.7286
2026-09-11 14:11:00,18.13,18.14,18.12,18.12,105900,1919872.9392
2026-09-11 14:12:00,18.12,18.13,18.12,18.12,124800,2261483.0613
2026-09-11 14:13:00,18.13,18.13,18.12,18.12,181800,3294590.1133
2026-09-11 14:14:00,18.13,18.13,18.12,18.13,178500,3235160.0089
2026-09-11 14:15:00,18.13,18.14,18.12,18.13,278400,5047248.8474
2026-09-11 14:16:00,18.13,18.13,18.11,18.12,348200,6310051.2048
2026-09-11 14:17:00,18.12,18.13,18.11,18.12,125400,2272073.0997
2026-09-11 14:18:00,18.12,18.13,18.12,18.12,50000,906084.0409
2026-09-11 14:19:00,18.12,18.13,18.12,18.12,86300,1563991.0499
2026-09-11 14:20:00,18.12,18.13,18.12,18.12,143100,2593677.0049
2026-09-11 14:21:00,18.13,18.14,18.12,18.13,244700,4436250.844
2026-09-11 14:22:00,18.13,18.13,18.11,18.12,397900,7210515.2727
2026-09-11 14:23:00,18.12,18.13,18.12,18.13,57100,1034968.9902
2026-09-11 14:24:00,18.13,18.13,18.12,18.12,52000,942573.9777
2026-09-11 14:25:00,18.13,18.13,18.12,18.12,104100,1886738.0242
2026-09-11 14:26:00,18.13,18.14,18.12,18.13,199100,3609392.87
2026-09-11 14:27:00,18.14,18.14,18.13,18.14,126300,2290008.9156
2026-09-11 14:28:00,18.14,18.14,18.13,18.14,102800,1864063.9523
2026-09-11 14:29:00,18.13,18.14,18.13,18.14,171900,3117569.8917
2026-09-11 14:30:00,18.14,18.14,18.13,18.14,218591,3964830.7686
2026-09-11 14:31:00,18.14,18.15,18.13,18.14,381500,6920615.965
2026-09-11 14:32:00,18.13,18.14,18.13,18.13,62900,1140734.9614
2026-09-11 14:33:00,18.13,18.14,18.13,18.13,36200,656420.9716
2026-09-11 14:34:00,18.13,18.14,18.12,18.12,222300,4029853.8481
2026-09-11 14:35:00,18.13,18.13,18.12,18.12,52900,958864.9906
2026-09-11 14:36:00,18.12,18.13,18.12,18.13,145200,2632071.9011
2026-09-11 14:37:00,18.13,18.14,18.12,18.13,201700,3656825.8766
2026-09-11 14:38:00,18.13,18.13,18.12,18.13,104404,1892384.4467
2026-09-11 14:39:00,18.13,18.14,18.12,18.13,219200,3972840.9724
2026-09-11 14:40:00,18.12,18.13,18.12,18.12,62700,1136344.0207
2026-09-11 14:41:00,18.13,18.13,18.12,18.12,172200,3120580.1122
2026-09-11 14:42:00,18.12,18.13,18.11,18.12,238001,4312468.3225
2026-09-11 14:43:00,18.12,18.12,18.11,18.11,167400,3033144.1738
2026-09-11 14:44:00,18.12,18.13,18.11,18.13,360800,6539194.0176
2026-09-11 14:45:00,18.13,18.13,18.12,18.13,157500,2854502.0382
2026-09-11 14:46:00,18.12,18.13,18.11,18.12,429400,7779936.1812
2026-09-11 14:47:00,18.11,18.12,18.1,18.11,669599,12125521.0176
2026-09-11 14:48:00,18.11,18.12,18.1,18.11,294800,5338925.0792
2026-09-11 14:49:00,18.1,18.11,18.1,18.1,138200,2502085.0088
2026-09-11 14:50:00,18.11,18.11,18.09,18.1,875500,15846875.0049
2026-09-11 14:51:00,18.09,18.1,18.09,18.1,293800,5316006.0
2026-09-11 14:52:00,18.1,18.1,18.08,18.09,661000,11957328.0
2026-09-11 14:53:00,18.08,18.09,18.08,18.09,479400,8669370.0
2026-09-11 14:54:00,18.09,18.1,18.08,18.1,582700,10540152.0
2026-09-11 14:55:00,18.09,18.1,18.08,18.09,621499,11242964.9181
2026-09-11 14:56:00,18.1,18.12,18.08,18.11,887600,16065278.0876
2026-09-11 14:57:00,18.12,18.12,18.09,18.11,502700,9101084.0399
2026-09-11 15:00:00,18.13,18.13,18.13,18.13,892800,16186462.9661
2026-09-14 09:31:00,18.09,18.21,18.09,18.21,2287904,41512269.4688
2026-09-14 09:32:00,18.19,18.23,18.14,18.19,2037300,37069497.5977
2026-09-14 09:33:00,18.19,18.2,18.18,18.18,595900,10835802.0122
2026-09-14 09:34:00,18.18,18.2,18.15,18.15,787836,14322245.4731
2026-09-14 09:35:00,18.16,18.18,18.13,18.16,750064,13613167.5248
2026-09-14 09:36:00,18.17,18.21,18.16,18.19,1706700,31044836.265
2026-09-14 09:37:00,18.19,18.21,18.18,18.2,1357300,24703007.2498
2026-09-14 09:38:00,18.21,18.22,18.19,18.2,1625500,29594325.3634
2026-09-14 09:39:00,18.21,18.22,18.19,18.19,922100,16789689.6251
2026-09-14 09:40:00,18.2,18.21,18.18,18.2,1150500,20937559.24
2026-09-14 09:41:00,18.2,18.23,18.19,18.22,1922200,35022299.2013
2026-09-14 09:42:00,18.23,18.24,18.21,18.23,1365400,24887390.8488
2026-09-14 09:43:00,18.22,18.24,18.22,18.22,1104800,20143002.9646
2026-09-14 09:44:00,18.22,18.24,18.22,18.23,783040,14274741.1681
2026-09-14 09:45:00,18.23,18.24,18.2,18.21,580000,10565369.5413
2026-09-14 09:46:00,18.2,18.21,18.19,18.2,1066000,19402997.1868
2026-09-14 09:47:00,18.19,18.2,18.15,18.16,949900,17263439.0001
2026-09-14 09:48:00,18.16,18.17,18.13,18.13,1019900,18504684.8116
2026-09-14 09:49:00,18.13,18.14,18.11,18.11,1050700,19040974.1127
2026-09-14 09:50:00,18.12,18.12,18.09,18.11,1260000,22810633.1355
2026-09-14 09:51:00,18.1,18.11,18.09,18.11,873600,15810550.0
2026-09-14 09:52:00,18.1,18.12,18.1,18.11,647700,11726499.0446
2026-09-14 09:53:00,18.1,18.1,18.06,18.08,1766900,31948002.0
2026-09-14 09:54:00,18.08,18.09,18.06,18.07,692100,12506863.0
2026-09-14 09:55:00,18.06,18.08,18.06,18.08,388400,7019055.0
2026-09-14 09:56:00,18.08,18.1,18.08,18.09,384000,6948323.0
2026-09-14 09:57:00,18.09,18.1,18.07,18.08,512100,9261283.0
2026-09-14 09:58:00,18.07,18.08,18.07,18.08,364500,6587949.0
2026-09-14 09:59:00,18.07,18.08,18.05,18.07,1574600,28436387.7738
2026-09-14 10:00:00,18.07,18.07,18.02,18.03,2177300,39282942.0632
2026-09-14 10:01:00,18.03,18.05,18.02,18.04,630900,11377233.4668
2026-09-14 10:02:00,18.04,18.04,18.02,18.03,786600,14182123.327
2026-09-14 10:03:00,18.03,18.04,18.02,18.03,313300,5650057.2279
2026-09-14 10:04:00,18.04,18.04,18.03,18.04,735500,13262976.3967
2026-09-14 10:05:00,18.04,18.05,18.03,18.04,543800,9809797.5341
2026-09-14 10:06:00,18.04,18.04,18.02,18.02,719600,12973794.3363
2026-09-14 10:07:00,18.03,18.03,18.01,18.02,1301700,23453234.0089
2026-09-14 10:08:00,18.01,18.03,18.01,18.02,463500,8352035.0166
2026-09-14 10:09:00,18.03,18.04,18.02,18.03,274500,4949347.1584
2026-09-14 10:10:00,18.03,18.04,18.03,18.03,192600,3473496.1154
2026-09-14 10:11:00,18.03,18.04,18.02,18.03,646900,11663602.3041
2026-09-14 10:12:00,18.03,18.03,18.02,18.02,295300,5322542.054
2026-09-14 10:13:00,18.02,18.05,18.02,18.04,469400,8466488.4778
2026-09-14 10:14:00,18.04,18.04,18.02,18.04,361900,6525275.1572
2026-09-14 10:15:00,18.03,18.04,18.03,18.03,306000,5518081.2269
2026-09-14 10:16:00,18.03,18.05,18.03,18.04,194500,3508816.2092
2026-09-14 10:17:00,18.04,18.04,18.03,18.03,96200,1735066.0924
2026-09-14 10:18:00,18.04,18.04,18.03,18.03,257800,4648539.1389
2026-09-14 10:19:00,18.03,18.04,18.03,18.03,72400,1305792.0579
2026-09-14 10:20:00,18.03,18.04,18.03,18.04,227600,4104463.15
2026-09-14 10:21:00,18.04,18.04,18.03,18.04,234000,4219701.1624
2026-09-14 10:22:00,18.03,18.04,18.02,18.03,474100,8545958.1239
2026-09-14 10:23:00,18.02,18.03,18.02,18.03,238800,4303756.0369
2026-09-14 10:24:00,18.03,18.03,18.02,18.03,428400,7720446.0325
2026-09-14 10:25:00,18.03,18.03,18.02,18.03,229000,4128534.1147
2026-09-14 10:26:00,18.03,18.03,18.0,18.0,2803000,50483538.0042
2026-09-14 10:27:00,18.0,18.02,18.0,18.02,440800,7939040.0
2026-09-14 10:28:00,18.01,18.02,18.0,18.01,658400,11856978.0
2026-09-14 10:29:00,18.01,18.02,18.0,18.02,520300,9370456.0
2026-09-14 10:30:00,18.02,18.02,18.01,18.01,352700,6352743.0
2026-09-14 10:31:00,18.01,18.03,18.01,18.03,681200,12274195.0239
2026-09-14 10:32:00,18.02,18.03,18.02,18.03,364100,6562781.0776
2026-09-14 10:33:00,18.03,18.03,18.02,18.02,252800,4556712.0797
2026-09-14 10:34:00,18.03,18.03,18.02,18.02,305400,5503944.0282
2026-09-14 10:35:00,18.03,18.03,18.02,18.03,512300,9234423.1302
2026-09-14 10:36:00,18.03,18.04,18.02,18.03,255200,4601724.1757
2026-09-14 10:37:00,18.04,18.04,18.03,18.04,183600,3311390.1266
2026-09-14 10:38:00,18.03,18.06,18.03,18.06,222600,4017526.0104
2026-09-14 10:39:00,18.06,18.07,18.05,18.06,461000,8325528.993
2026-09-14 10:40:00,18.06,18.07,18.06,18.06,251800,4549006.0
2026-09-14 10:41:00,18.07,18.08,18.06,18.07,316000,5709722.0
2026-09-14 10:42:00,18.07,18.08,18.06,18.06,355200,6419807.0
2026-09-14 10:43:00,18.06,18.08,18.06,18.08,293200,5298910.0
2026-09-14 10:44:00,18.08,18.09,18.07,18.07,235700,4261386.0
2026-09-14 10:45:00,18.09,18.09,18.07,18.08,191300,3458927.0
2026-09-14 10:46:00,18.09,18.09,18.07,18.07,266700,4820301.0
2026-09-14 10:47:00,18.08,18.09,18.06,18.08,155500,2811116.0
2026-09-14 10:48:00,18.07,18.08,18.05,18.06,168000,3034343.9753
2026-09-14 10:49:00,18.06,18.06,18.04,18.04,188000,3393584.9551
2026-09-14 10:50:00,18.05,18.07,18.05,18.07,188800,3409624.9843
2026-09-14 10:51:00,18.07,18.07,18.05,18.07,226300,4087968.9995
2026-09-14 10:52:00,18.06,18.06,18.04,18.05,372500,6723508.7948
2026-09-14 10:53:00,18.04,18.07,18.04,18.06,87358,1577205.2994
2026-09-14 10:54:00,18.05,18.06,18.05,18.06,51700,933609.9927
2026-09-14 10:55:00,18.06,18.07,18.05,18.06,44600,805459.9978
2026-09-14 10:56:00,18.05,18.06,18.05,18.05,68200,1231262.9713
2026-09-14 10:57:00,18.06,18.08,18.05,18.08,177000,3197506.0
2026-09-14 10:58:00,18.07,18.08,18.07,18.07,38100,688591.0
2026-09-14 10:59:00,18.08,18.1,18.07,18.09,574200,10385506.0
2026-09-14 11:00:00,18.1,18.1,18.09,18.09,43100,779821.0
2026-09-14 11:01:00,18.09,18.1,18.08,18.08,138400,2503966.0
2026-09-14 11:02:00,18.08,18.09,18.08,18.09,80600,1457944.0
2026-09-14 11:03:00,18.09,18.1,18.08,18.08,103000,1863534.0
2026-09-14 11:04:00,18.09,18.1,18.08,18.08,143000,2586592.0
2026-09-14 11:05:00,18.08,18.09,18.07,18.08,114400,2068224.0
2026-09-14 11:06:00,18.08,18.08,18.07,18.08,27100,489854.0
2026-09-14 11:07:00,18.08,18.11,18.07,18.09,624300,11297254.0654
2026-09-14 11:08:00,18.09,18.09,18.07,18.08,115800,2093750.0
2026-09-14 11:09:00,18.08,18.1,18.07,18.09,98100,1774180.0
2026-09-14 11:10:00,18.1,18.1,18.09,18.09,23600,426999.0
2026-09-14 11:11:00,18.1,18.1,18.08,18.09,136300,2465641.0
2026-09-14 11:12:00,18.1,18.11,18.09,18.1,178100,3223656.0039
2026-09-14 11:13:00,18.09,18.1,18.08,18.08,91000,1646257.0
2026-09-14 11:14:00,18.09,18.09,18.08,18.08,72600,1312812.0
2026-09-14 11:15:00,18.09,18.1,18.08,18.09,112100,2027954.0
2026-09-14 11:16:00,18.09,18.09,18.08,18.09,24200,437630.0
2026-09-14 11:17:00,18.08,18.09,18.07,18.08,172000,3109617.0
2026-09-14 11:18:00,18.08,18.09,18.07,18.09,96000,1735601.0
2026-09-14 11:19:00,18.08,18.09,18.07,18.07,124500,2251054.0
2026-09-14 11:20:00,18.08,18.08,18.07,18.08,38100,688816.0
2026-09-14 11:21:00,18.07,18.08,18.07,18.08,34100,616394.0
2026-09-14 11:22:00,18.08,18.09,18.07,18.09,106800,1931035.0
2026-09-14 11:23:00,18.08,18.09,18.06,18.07,198600,3588910.0
2026-09-14 11:24:00,18.06,18.07,18.06,18.07,21800,393813.0
2026-09-14 11:25:00,18.06,18.08,18.06,18.07,70300,1270095.0
2026-09-14 11:26:00,18.07,18.07,18.05,18.06,121000,2185435.9985
2026-09-14 11:27:00,18.06,18.07,18.06,18.06,35900,648377.0
2026-09-14 11:28:00,18.07,18.07,18.05,18.06,81200,1466479.9989
2026-09-14 11:29:00,18.06,18.07,18.06,18.07,39100,706304.0
2026-09-14 11:30:00,18.06,18.07,18.06,18.06,98000,1770604.0
2026-09-14 13:01:00,18.06,18.1,18.05,18.09,744200,13453504.9969
2026-09-14 13:02:00,18.1,18.12,18.09,18.11,251500,4553115.0083
2026-09-14 13:03:00,18.1,18.12,18.1,18.11,181900,3293896.0156
2026-09-14 13:04:00,18.11,18.13,18.11,18.12,225830,4091922.494
2026-09-14 13:05:00,18.12,18.13,18.11,18.12,71000,1286643.0327
2026-09-14 13:06:00,18.12,18.12,18.1,18.1,230000,4165398.7545
2026-09-14 13:07:00,18.11,18.11,18.1,18.11,51600,934336.001
2026-09-14 13:08:00,18.1,18.12,18.1,18.11,105100,1903440.0172
2026-09-14 13:09:00,18.12,18.12,18.11,18.11,61100,1106762.0262
2026-09-14 13:10:00,18.11,18.12,18.1,18.1,116100,2102317.0096
2026-09-14 13:11:00,18.1,18.11,18.09,18.1,104100,1884270.0
2026-09-14 13:12:00,18.09,18.11,18.09,18.1,74000,1339501.0
2026-09-14 13:13:00,18.1,18.11,18.09,18.09,112000,2027424.0088
2026-09-14 13:14:00,18.09,18.11,18.09,18.11,99800,1806256.0
2026-09-14 13:15:00,18.1,18.11,18.09,18.1,153700,2781951.0
2026-09-14 13:16:00,18.09,18.12,18.09,18.1,262100,4746071.0227
2026-09-14 13:17:00,18.1,18.12,18.1,18.11,46300,838470.004
2026-09-14 13:18:00,18.1,18.11,18.1,18.11,40700,736932.0
2026-09-14 13:19:00,18.1,18.11,18.09,18.1,188100,3404762.001
2026-09-14 13:20:00,18.1,18.11,18.1,18.11,52300,946821.0059
2026-09-14 13:21:00,18.11,18.11,18.1,18.1,47600,861774.001
2026-09-14 13:22:00,18.1,18.11,18.1,18.1,67400,1220324.0
2026-09-14 13:23:00,18.1,18.12,18.1,18.12,311000,5632403.0328
2026-09-14 13:24:00,18.11,18.12,18.11,18.12,38500,697452.0282
2026-09-14 13:25:00,18.11,18.12,18.1,18.11,202500,3666178.0214
2026-09-14 13:26:00,18.1,18.12,18.1,18.12,111500,2019284.0073
2026-09-14 13:27:00,18.11,18.12,18.11,18.12,52400,949157.0217
2026-09-14 13:28:00,18.11,18.12,18.11,18.12,125200,2267599.0221
2026-09-14 13:29:00,18.11,18.12,18.1,18.12,133100,2410493.0087
2026-09-14 13:30:00,18.11,18.12,18.1,18.1,69700,1262278.002
2026-09-14 13:31:00,18.11,18.11,18.09,18.09,188100,3404890.002
2026-09-14 13:32:00,18.1,18.13,18.09,18.13,539400,9771015.2601
2026-09-14 13:33:00,18.12,18.14,18.12,18.14,410700,7445666.6329
2026-09-14 13:34:00,18.13,18.14,18.13,18.13,118100,2141351.9026
2026-09-14 13:35:00,18.13,18.13,18.12,18.12,52400,949936.9573
2026-09-14 13:36:00,18.13,18.14,18.12,18.13,120100,2177398.887
2026-09-14 13:37:00,18.13,18.13,18.12,18.13,27700,502145.9836
2026-09-14 13:38:00,18.13,18.13,18.12,18.13,74062,1342308.4503
2026-09-14 13:39:00,18.12,18.13,18.11,18.13,361238,6545590.9191
2026-09-14 13:40:00,18.12,18.13,18.11,18.12,136500,2473579.1112
2026-09-14 13:41:00,18.12,18.14,18.12,18.13,227900,4131806.7894
2026-09-14 13:42:00,18.13,18.14,18.12,18.13,44000,797655.9794
2026-09-14 13:43:00,18.13,18.14,18.13,18.14,94100,1706181.9265
2026-09-14 13:44:00,18.13,18.14,18.13,18.14,169900,3081378.9292
2026-09-14 13:45:00,18.13,18.14,18.12,18.13,84100,1524906.9437
2026-09-14 13:46:00,18.13,18.13,18.12,18.13,104900,1901690.9346
2026-09-14 13:47:00,18.13,18.13,18.12,18.12,68300,1238045.9982
2026-09-14 13:48:00,18.12,18.13,18.12,18.13,55100,998779.9805
2026-09-14 13:49:00,18.12,18.13,18.12,18.13,60800,1101908.0256
2026-09-14 13:50:00,18.12,18.13,18.12,18.13,28600,518326.0055
2026-09-14 13:51:00,18.12,18.13,18.11,18.13,221500,4013657.2231
2026-09-14 13:52:00,18.12,18.13,18.12,18.13,40200,728648.0015
2026-09-14 13:53:00,18.12,18.13,18.12,18.12,46100,835466.0011
2026-09-14 13:54:00,18.12,18.13,18.12,18.13,64800,1174507.9955
2026-09-14 13:55:00,18.13,18.13,18.12,18.13,142700,2586784.9334
2026-09-14 13:56:00,18.12,18.13,18.12,18.12,82400,1493388.0409
2026-09-14 13:57:00,18.13,18.13,18.12,18.12,73600,1333874.021
2026-09-14 13:58:00,18.13,18.15,18.12,18.14,594391,10780435.4889
2026-09-14 13:59:00,18.14,18.15,18.14,18.14,141700,2570572.9873
2026-09-14 14:00:00,18.14,18.15,18.13,18.15,148100,2687083.998
2026-09-14 14:01:00,18.14,18.14,18.13,18.14,193731,3513542.9742
2026-09-14 14:02:00,18.14,18.14,18.13,18.14,86800,1574100.976
2026-09-14 14:03:00,18.13,18.13,18.12,18.12,134569,2439694.8428
2026-09-14 14:04:00,18.13,18.13,18.12,18.12,78000,1413659.0383
2026-09-14 14:05:00,18.13,18.13,18.12,18.12,39600,717792.0021
2026-09-14 14:06:00,18.13,18.13,18.12,18.13,121700,2205694.9962
2026-09-14 14:07:00,18.13,18.13,18.12,18.12,97800,1772960.9376
2026-09-14 14:08:00,18.12,18.13,18.12,18.13,40500,734104.9855
2026-09-14 14:09:00,18.12,18.13,18.12,18.12,55700,1009734.9662
2026-09-14 14:10:00,18.13,18.13,18.12,18.13,38400,696078.9861
2026-09-14 14:11:00,18.12,18.13,18.12,18.12,83100,1506328.9768
2026-09-14 14:12:00,18.13,18.13,18.12,18.12,79300,1437333.993
2026-09-14 14:13:00,18.13,18.13,18.12,18.13,160900,2916949.8658
2026-09-14 14:14:00,18.13,18.14,18.12,18.13,155400,2817044.9227
2026-09-14 14:15:00,18.12,18.14,18.12,18.13,159900,2899027.8623
2026-09-14 14:16:00,18.14,18.14,18.13,18.13,50100,908562.9735
2026-09-14 14:17:00,18.14,18.14,18.13,18.13,186270,3378537.0449
2026-09-14 14:18:00,18.14,18.15,18.13,18.14,261900,4750852.9791
2026-09-14 14:19:00,18.14,18.14,18.13,18.14,91300,1656067.9875
2026-09-14 14:20:00,18.14,18.14,18.13,18.14,124500,2258245.9684
2026-09-14 14:21:00,18.14,18.14,18.13,18.14,67700,1227815.9696
2026-09-14 14:22:00,18.14,18.14,18.13,18.14,52131,945233.9792
2026-09-14 14:23:00,18.14,18.14,18.13,18.14,88900,1611960.945
2026-09-14 14:24:00,18.14,18.14,18.13,18.13,62100,1126267.9755
2026-09-14 14:25:00,18.14,18.14,18.13,18.14,68700,1246042.9811
2026-09-14 14:26:00,18.14,18.14,18.13,18.14,79200,1436497.9814
2026-09-14 14:27:00,18.14,18.14,18.12,18.13,532700,9657175.6227
2026-09-14 14:28:00,18.12,18.13,18.12,18.12,123600,2239940.0419
2026-09-14 14:29:00,18.12,18.13,18.11,18.12,363600,6587103.1724
2026-09-14 14:30:00,18.12,18.12,18.11,18.11,167500,3033888.056
2026-09-14 14:31:00,18.11,18.12,18.1,18.11,692700,12543960.109
2026-09-14 14:32:00,18.11,18.12,18.1,18.11,580900,10519636.0698
2026-09-14 14:33:00,18.11,18.12,18.1,18.11,288700,5227068.0471
2026-09-14 14:34:00,18.11,18.12,18.1,18.11,96600,1749556.015
2026-09-14 14:35:00,18.12,18.12,18.11,18.11,123500,2237113.0522
2026-09-14 14:36:00,18.12,18.13,18.11,18.12,225100,4079205.1488
2026-09-14 14:37:00,18.13,18.13,18.12,18.12,120100,2176523.0679
2026-09-14 14:38:00,18.13,18.13,18.11,18.12,171200,3102382.0779
2026-09-14 14:39:00,18.12,18.13,18.11,18.12,60800,1101802.046
2026-09-14 14:40:00,18.13,18.14,18.12,18.14,239100,4335104.8151
2026-09-14 14:41:00,18.13,18.14,18.13,18.14,261300,4738555.9016
2026-09-14 14:42:00,18.14,18.14,18.12,18.12,206900,3751652.8135
2026-09-14 14:43:00,18.13,18.14,18.12,18.14,170700,3094990.9042
2026-09-14 14:44:00,18.14,18.14,18.13,18.13,169800,3078897.8495
2026-09-14 14:45:00,18.14,18.15,18.13,18.15,646200,11723164.9589
2026-09-14 14:46:00,18.15,18.15,18.13,18.14,371700,6741788.8661
2026-09-14 14:47:00,18.13,18.14,18.13,18.13,157351,2853419.5291
2026-09-14 14:48:00,18.14,18.14,18.13,18.14,218100,3956154.9534
2026-09-14 14:49:00,18.14,18.14,18.12,18.13,412200,7474335.7345
2026-09-14 14:50:00,18.14,18.15,18.13,18.14,328500,5959052.8942
2026-09-14 14:51:00,18.14,18.15,18.13,18.15,401048,7276656.6826
2026-09-14 14:52:00,18.14,18.15,18.13,18.14,185600,3367026.9614
2026-09-14 14:53:00,18.13,18.14,18.13,18.14,252600,4581108.9458
2026-09-14 14:54:00,18.14,18.15,18.13,18.14,299200,5428218.9613
2026-09-14 14:55:00,18.15,18.15,18.13,18.13,334100,6060290.9069
2026-09-14 14:56:00,18.13,18.15,18.13,18.14,511600,9278529.7916
2026-09-14 14:57:00,18.14,18.15,18.13,18.15,557800,10119018.7285
2026-09-14 15:00:00,18.15,18.15,18.15,18.15,1011100,18351464.9636
2026-09-15 09:31:00,18.14,18.15,18.11,18.12,1143400,20730685.0132
2026-09-15 09:32:00,18.12,18.15,18.11,18.14,740800,13433127.0732
2026-09-15 09:33:00,18.13,18.15,18.12,18.12,326900,5929812.9254
2026-09-15 09:34:00,18.13,18.13,18.09,18.09,488600,8845854.0443
2026-09-15 09:35:00,18.1,18.1,18.05,18.06,1029500,18603449.989
2026-09-15 09:36:00,18.06,18.07,18.04,18.06,1311100,23675268.7318
2026-09-15 09:37:00,18.05,18.07,18.05,18.07,466300,8423293.9651
2026-09-15 09:38:00,18.06,18.07,18.03,18.03,1403800,25336041.4418
2026-09-15 09:39:00,18.04,18.06,18.03,18.06,785219,14165595.6104
2026-09-15 09:40:00,18.05,18.09,18.05,18.08,645041,11654315.869
2026-09-15 09:41:00,18.08,18.1,18.07,18.09,427200,7726388.9994
2026-09-15 09:42:00,18.08,18.1,18.07,18.08,181700,3286049.0
2026-09-15 09:43:00,18.07,18.08,18.06,18.08,202059,3652020.124
2026-09-15 09:44:00,18.07,18.08,18.04,18.07,474300,8564610.6709
2026-09-15 09:45:00,18.06,18.08,18.06,18.07,131900,2383131.0
2026-09-15 09:46:00,18.06,18.07,18.04,18.05,509500,9197066.7451
2026-09-15 09:47:00,18.04,18.05,18.04,18.05,309200,5580018.9633
2026-09-15 09:48:00,18.04,18.06,18.04,18.05,263700,4759490.8804
2026-09-15 09:49:00,18.05,18.07,18.05,18.05,156500,2826344.9847
2026-09-15 09:50:00,18.05,18.06,18.04,18.05,434600,7843512.9391
2026-09-15 09:51:00,18.05,18.06,18.04,18.05,201000,3627444.9749
2026-09-15 09:52:00,18.05,18.07,18.05,18.06,157800,2849714.989
2026-09-15 09:53:00,18.05,18.07,18.05,18.06,122100,2204953.9907
2026-09-15 09:54:00,18.06,18.07,18.04,18.05,350100,6320566.8881
2026-09-15 09:55:00,18.04,18.05,18.03,18.03,571500,10309395.3154
2026-09-15 09:56:00,18.03,18.04,18.03,18.03,966781,17431700.8525
2026-09-15 09:57:00,18.02,18.04,18.02,18.03,478600,8626099.1
2026-09-15 09:58:00,18.02,18.03,18.01,18.02,1221200,22004215.0186
2026-09-15 09:59:00,18.01,18.03,18.01,18.02,275800,4969845.0077
2026-09-15 10:00:00,18.02,18.02,18.0,18.01,1529800,27551395.0
2026-09-15 10:01:00,18.0,18.01,17.97,17.99,3599400,64767074.9312
2026-09-15 10:02:00,17.99,18.0,17.97,17.99,499400,8981987.9922
2026-09-15 10:03:00,17.99,18.0,17.98,17.99,167500,3013041.0
2026-09-15 10:04:00,17.98,17.99,17.98,17.99,442000,7948989.0
2026-09-15 10:05:00,17.98,18.0,17.98,18.0,241000,4336213.0
2026-09-15 10:06:00,17.99,18.01,17.99,18.01,395800,7124389.0
2026-09-15 10:07:00,18.0,18.01,18.0,18.01,156600,2819244.0
2026-09-15 10:08:00,18.0,18.01,18.0,18.01,51800,932753.0
2026-09-15 10:09:00,18.0,18.03,18.0,18.01,543800,9795682.0052
2026-09-15 10:10:00,18.01,18.04,18.01,18.03,180100,3246505.068
2026-09-15 10:11:00,18.03,18.03,18.02,18.03,172300,3105425.0269
2026-09-15 10:12:00,18.02,18.04,18.02,18.04,221500,3994636.1456
2026-09-15 10:13:00,18.03,18.05,18.03,18.03,204500,3688713.1598
2026-09-15 10:14:00,18.03,18.04,18.03,18.03,57600,1038634.0293
2026-09-15 10:15:00,18.03,18.04,18.03,18.03,70300,1267893.0671
2026-09-15 10:16:00,18.03,18.04,18.03,18.03,166100,2994831.0663
2026-09-15 10:17:00,18.02,18.03,18.02,18.02,79800,1438426.0221
2026-09-15 10:18:00,18.02,18.03,18.0,18.01,702800,12658458.0007
2026-09-15 10:19:00,18.0,18.01,17.99,18.0,416500,7496618.0
2026-09-15 10:20:00,18.0,18.0,17.98,17.99,490100,8816058.0
2026-09-15 10:21:00,17.99,17.99,17.97,17.98,1150900,20693871.9779
2026-09-15 10:22:00,17.98,17.99,17.97,17.99,192500,3461783.9993
2026-09-15 10:23:00,17.99,17.99,17.98,17.99,236800,4259034.0
2026-09-15 10:24:00,17.99,18.0,17.98,17.98,190500,3426628.0
2026-09-15 10:25:00,17.99,17.99,17.98,17.99,61700,1109820.0
2026-09-15 10:26:00,17.99,17.99,17.97,17.99,1037400,18653591.9286
2026-09-15 10:27:00,17.98,17.99,17.97,17.98,323600,5817673.9727
2026-09-15 10:28:00,17.97,18.0,17.97,17.98,219800,3952759.9995
2026-09-15 10:29:00,17.98,17.99,17.98,17.98,266200,4787063.0
2026-09-15 10:30:00,17.99,17.99,17.97,17.98,667100,11990250.7869
2026-09-15 10:31:00,17.98,17.98,17.95,17.95,1719700,30882805.2653
2026-09-15 10:32:00,17.96,17.97,17.95,17.96,326900,5871096.7184
2026-09-15 10:33:00,17.96,17.97,17.96,17.97,154300,2772081.8669
2026-09-15 10:34:00,17.97,17.98,17.96,17.98,107300,1928481.9724
2026-09-15 10:35:00,17.97,17.98,17.97,17.98,100100,1799502.9888
2026-09-15 10:36:00,17.98,17.99,17.97,17.99,117300,2109042.9928
2026-09-15 10:37:00,17.99,18.0,17.98,18.0,218600,3932771.0
2026-09-15 10:38:00,17.99,18.0,17.99,18.0,90500,1628601.0
2026-09-15 10:39:00,18.0,18.01,17.99,18.01,180300,3245227.0
2026-09-15 10:40:00,18.01,18.02,18.0,18.02,93400,1682091.0
2026-09-15 10:41:00,18.01,18.04,18.01,18.04,310800,5603846.1228
2026-09-15 10:42:00,18.04,18.04,18.02,18.03,206200,3718283.1539
2026-09-15 10:43:00,18.03,18.04,18.02,18.03,194900,3514089.11
2026-09-15 10:44:00,18.03,18.04,18.02,18.04,48000,865399.0194
2026-09-15 10:45:00,18.03,18.04,18.03,18.03,142200,2565061.1437
2026-09-15 10:46:00,18.04,18.05,18.03,18.04,643400,11607513.4166
2026-09-15 10:47:00,18.04,18.06,18.03,18.06,361700,6528339.9648
2026-09-15 10:48:00,18.05,18.06,18.05,18.05,96000,1733326.9812
2026-09-15 10:49:00,18.05,18.06,18.04,18.05,262700,4741867.8739
2026-09-15 10:50:00,18.06,18.06,18.04,18.06,37787,682119.3353
2026-09-15 10:51:00,18.05,18.06,18.04,18.05,238300,4303035.9434
2026-09-15 10:52:00,18.06,18.06,18.04,18.06,132800,2396736.9911
2026-09-15 10:53:00,18.05,18.06,18.03,18.04,165300,2981883.1292
2026-09-15 10:54:00,18.04,18.05,18.04,18.05,63000,1136708.0428
2026-09-15 10:55:00,18.05,18.07,18.04,18.05,379600,6853480.9366
2026-09-15 10:56:00,18.06,18.07,18.05,18.07,273600,4942537.9965
2026-09-15 10:57:00,18.07,18.08,18.06,18.08,589800,10659490.0
2026-09-15 10:58:00,18.08,18.09,18.05,18.07,249800,4513097.9862
2026-09-15 10:59:00,18.06,18.08,18.05,18.07,129800,2345553.9902
2026-09-15 11:00:00,18.08,18.08,18.06,18.07,167600,3028772.0
2026-09-15 11:01:00,18.07,18.07,18.06,18.06,184500,3333338.0
2026-09-15 11:02:00,18.06,18.07,18.03,18.04,224400,4050529.9963
2026-09-15 11:03:00,18.05,18.05,18.04,18.04,59700,1077236.0349
2026-09-15 11:04:00,18.04,18.05,18.03,18.04,119000,2145902.0762
2026-09-15 11:05:00,18.04,18.04,18.01,18.02,270500,4874390.0264
2026-09-15 11:06:00,18.02,18.02,18.01,18.02,94100,1694881.0
2026-09-15 11:07:00,18.01,18.02,18.01,18.02,242500,4368585.0
2026-09-15 11:08:00,18.02,18.02,18.01,18.02,63300,1140258.0
2026-09-15 11:09:00,18.01,18.03,18.01,18.03,163200,2940658.0
2026-09-15 11:10:00,18.03,18.03,18.01,18.01,376400,6782507.0007
2026-09-15 11:11:00,18.01,18.02,18.01,18.02,93600,1686384.0
2026-09-15 11:12:00,18.02,18.02,18.01,18.01,107700,1940177.0
2026-09-15 11:13:00,18.02,18.02,18.01,18.02,87900,1583285.0
2026-09-15 11:14:00,18.01,18.02,18.01,18.01,166900,3006165.0
2026-09-15 11:15:00,18.01,18.02,18.01,18.02,226400,4079198.0
2026-09-15 11:16:00,18.02,18.02,18.01,18.02,119400,2151046.0
2026-09-15 11:17:00,18.02,18.02,18.01,18.01,99500,1792068.0
2026-09-15 11:18:00,18.01,18.02,18.01,18.01,100300,1806567.0
2026-09-15 11:19:00,18.01,18.02,18.01,18.01,117400,2115171.0
2026-09-15 11:20:00,18.01,18.02,18.0,18.01,238600,4297233.0
2026-09-15 11:21:00,18.01,18.01,18.0,18.01,214000,3853044.0004
2026-09-15 11:22:00,18.0,18.02,18.0,18.01,82600,1487829.0
2026-09-15 11:23:00,18.02,18.02,18.01,18.02,454700,8193480.0
2026-09-15 11:24:00,18.01,18.02,18.01,18.02,73800,1329173.0
2026-09-15 11:25:00,18.02,18.02,18.01,18.02,22800,410782.0
2026-09-15 11:26:00,18.01,18.02,18.0,18.0,204700,3686459.0
2026-09-15 11:27:00,18.0,18.01,18.0,18.0,40800,734548.0024
2026-09-15 11:28:00,18.0,18.01,18.0,18.0,27800,500529.0044
2026-09-15 11:29:00,18.0,18.01,18.0,18.0,124600,2243002.9991
2026-09-15 11:30:00,18.01,18.01,18.0,18.0,149900,2698722.003
2026-09-15 13:01:00,18.01,18.02,18.0,18.01,493010,8879965.1064
2026-09-15 13:02:00,18.01,18.02,18.0,18.01,159600,2874302.0
2026-09-15 13:03:00,18.01,18.01,18.0,18.0,227200,4089739.0
2026-09-15 13:04:00,18.0,18.01,18.0,18.01,36400,655233.0
2026-09-15 13:05:00,18.01,18.01,17.98,17.98,382300,6877630.0
2026-09-15 13:06:00,17.99,17.99,17.98,17.98,68700,1235478.0
2026-09-15 13:07:00,17.99,18.0,17.98,17.99,201800,3630166.0
2026-09-15 13:08:00,17.99,18.0,17.98,18.0,220000,3959207.0
2026-09-15 13:09:00,18.0,18.0,17.99,18.0,37500,674724.0
2026-09-15 13:10:00,17.99,18.0,17.99,17.99,49400,888934.0
2026-09-15 13:11:00,18.0,18.0,17.99,18.0,96900,1743682.0
2026-09-15 13:12:00,18.0,18.0,17.98,17.99,292700,5265557.0
2026-09-15 13:13:00,17.98,17.99,17.98,17.99,171300,3080121.0
2026-09-15 13:14:00,17.99,17.99,17.98,17.99,72300,1300145.0
2026-09-15 13:15:00,17.99,17.99,17.97,17.97,446100,8019621.9521
2026-09-15 13:16:00,17.97,17.98,17.96,17.97,742400,13339194.7004
2026-09-15 13:17:00,17.96,17.97,17.96,17.97,240800,4326819.8972
2026-09-15 13:18:00,17.97,17.98,17.96,17.98,208800,3752126.8755
2026-09-15 13:19:00,17.98,17.98,17.97,17.97,58400,1049627.9877
2026-09-15 13:20:00,17.98,17.98,17.97,17.98,115700,2080103.9889
2026-09-15 13:21:00,17.98,17.99,17.97,17.98,198900,3575640.9866
2026-09-15 13:22:00,17.99,17.99,17.97,17.97,121000,2174918.9835
2026-09-15 13:23:00,17.98,17.99,17.98,17.99,107200,1927649.0
2026-09-15 13:24:00,17.99,17.99,17.98,17.99,72200,1298655.0
2026-09-15 13:25:00,17.99,17.99,17.97,17.98,197600,3552878.9943
2026-09-15 13:26:00,17.98,17.99,17.97,17.98,161700,2906648.985
2026-09-15 13:27:00,17.98,17.99,17.97,17.98,139900,2514757.9792
2026-09-15 13:28:00,17.99,17.99,17.98,17.98,50800,913588.0
2026-09-15 13:29:00,17.99,17.99,17.98,17.98,67600,1215797.0
2026-09-15 13:30:00,17.99,17.99,17.98,17.99,79900,1436968.0
2026-09-15 13:31:00,17.98,17.99,17.98,17.99,91700,1649101.0
2026-09-15 13:32:00,17.99,17.99,17.98,17.99,64300,1156411.0
2026-09-15 13:33:00,17.99,17.99,17.98,17.98,76600,1377511.0
2026-09-15 13:34:00,17.99,17.99,17.98,17.99,132200,2377394.0
2026-09-15 13:35:00,17.99,17.99,17.97,17.98,276300,4966345.8436
2026-09-15 13:36:00,17.98,17.99,17.97,17.99,180100,3238432.9994
2026-09-15 13:37:00,17.98,17.99,17.98,17.99,49100,882888.0
2026-09-15 13:38:00,17.99,17.99,17.98,17.99,51300,922467.0
2026-09-15 13:39:00,17.99,17.99,17.98,17.98,51000,917055.0
2026-09-15 13:40:00,17.99,17.99,17.97,17.98,266200,4786267.998
2026-09-15 13:41:00,17.98,17.98,17.97,17.98,163300,2934731.9519
2026-09-15 13:42:00,17.98,17.98,17.97,17.98,89800,1614181.9836
2026-09-15 13:43:00,17.98,17.98,17.96,17.96,389000,6990397.8066
2026-09-15 13:44:00,17.97,17.97,17.96,17.96,44500,799431.9607
2026-09-15 13:45:00,17.97,17.98,17.96,17.98,113900,2046774.9437
2026-09-15 13:46:00,17.97,17.98,17.97,17.98,76000,1365784.9779
2026-09-15 13:47:00,17.97,17.98,17.96,17.97,105800,1901068.9563
2026-09-15 13:48:00,17.96,17.97,17.96,17.97,42500,763490.9717
2026-09-15 13:49:00,17.97,17.97,17.96,17.96,65500,1176789.964
2026-09-15 13:50:00,17.96,17.97,17.96,17.97,59600,1070646.9464
2026-09-15 13:51:00,17.97,17.97,17.96,17.96,102400,1839515.9226
2026-09-15 13:52:00,17.97,17.97,17.96,17.97,84100,1510959.9307
2026-09-15 13:53:00,17.97,17.97,17.96,17.97,80800,1451599.9659
2026-09-15 13:54:00,17.97,17.97,17.96,17.97,116800,2098105.9233
2026-09-15 13:55:00,17.96,17.97,17.95,17.96,1221000,21928198.8192
2026-09-15 13:56:00,17.95,17.96,17.95,17.95,601100,10790317.2604
2026-09-15 13:57:00,17.96,17.96,17.95,17.96,203200,3648522.948
2026-09-15 13:58:00,17.96,17.96,17.95,17.95,130000,2333895.9963
2026-09-15 13:59:00,17.95,17.96,17.93,17.94,1354800,24313563.4862
2026-09-15 14:00:00,17.94,17.95,17.94,17.94,260500,4673941.0457
2026-09-15 14:01:00,17.94,17.95,17.93,17.93,463600,8314094.0024
2026-09-15 14:02:00,17.93,17.94,17.93,17.94,451400,8094931.0
2026-09-15 14:03:00,17.94,17.94,17.93,17.93,89500,1605039.0
2026-09-15 14:04:00,17.94,17.94,17.92,17.93,653200,11711489.0
2026-09-15 14:05:00,17.93,17.93,17.92,17.92,291510,5224392.2
2026-09-15 14:06:00,17.93,17.93,17.92,17.93,206300,3697446.0
2026-09-15 14:07:00,17.93,17.93,17.91,17.91,746090,13369094.7484
2026-09-15 14:08:00,17.92,17.93,17.91,17.92,298122,5342192.0398
2026-09-15 14:09:00,17.92,17.93,17.92,17.93,99200,1778365.0
2026-09-15 14:10:00,17.93,17.94,17.92,17.93,310300,5563695.0
2026-09-15 14:11:00,17.94,17.94,17.92,17.93,133473,2392653.1638
2026-09-15 14:12:00,17.92,17.93,17.92,17.93,134600,2412229.9727
2026-09-15 14:13:00,17.93,17.93,17.92,17.93,115400,2068325.9998
2026-09-15 14:14:00,17.93,17.93,17.92,17.93,118000,2115395.9967
2026-09-15 14:15:00,17.93,17.93,17.92,17.92,90300,1618639.0046
2026-09-15 14:16:00,17.92,17.93,17.92,17.93,210600,3775828.0002
2026-09-15 14:17:00,17.93,17.93,17.92,17.93,115000,2061639.9999
2026-09-15 14:18:00,17.92,17.93,17.92,17.93,63200,1132834.0044
2026-09-15 14:19:00,17.92,17.93,17.92,17.92,58300,1044911.0006
2026-09-15 14:20:00,17.93,17.93,17.92,17.92,75500,1353216.0039
2026-09-15 14:21:00,17.92,17.93,17.92,17.93,123800,2218756.0117
2026-09-15 14:22:00,17.92,17.93,17.92,17.93,130800,2344509.0043
2026-09-15 14:23:00,17.93,17.93,17.92,17.92,269400,4827920.0055
2026-09-15 14:24:00,17.92,17.93,17.92,17.93,90200,1616633.9966
2026-09-15 14:25:00,17.92,17.93,17.92,17.92,157000,2814204.0043
2026-09-15 14:26:00,17.93,17.93,17.91,17.92,477627,8558939.8846
2026-09-15 14:27:00,17.92,17.92,17.91,17.92,132500,2374145.0268
2026-09-15 14:28:00,17.92,17.92,17.91,17.92,60700,1087346.0
2026-09-15 14:29:00,17.91,17.92,17.91,17.92,149634,2680799.9366
2026-09-15 14:30:00,17.92,17.92,17.91,17.92,86400,1547959.003
2026-09-15 14:31:00,17.92,17.93,17.91,17.93,521100,9337933.2908
2026-09-15 14:32:00,17.93,17.93,17.91,17.93,324100,5808133.0068
2026-09-15 14:33:00,17.92,17.93,17.91,17.91,169500,3037327.0
2026-09-15 14:34:00,17.92,17.92,17.91,17.92,127800,2289697.0
2026-09-15 14:35:00,17.92,17.92,17.91,17.92,511700,9165166.9661
2026-09-15 14:36:00,17.92,17.92,17.91,17.91,388500,6958706.9738
2026-09-15 14:37:00,17.92,17.92,17.91,17.92,228500,4092954.9976
2026-09-15 14:38:00,17.91,17.91,17.9,17.9,690144,12359962.0098
2026-09-15 14:39:00,17.91,17.91,17.9,17.91,215500,3858417.0
2026-09-15 14:40:00,17.91,17.92,17.9,17.91,294000,5265378.0
2026-09-15 14:41:00,17.91,17.92,17.9,17.92,256500,4595016.0
2026-09-15 14:42:00,17.91,17.92,17.91,17.92,169800,3041377.0
2026-09-15 14:43:00,17.92,17.92,17.91,17.91,134000,2400680.0
2026-09-15 14:44:00,17.92,17.93,17.91,17.92,330100,5915073.0034
2026-09-15 14:45:00,17.92,17.92,17.91,17.92,153300,2746536.0
2026-09-15 14:46:00,17.91,17.93,17.91,17.93,155200,2781563.006
2026-09-15 14:47:00,17.93,17.93,17.92,17.93,149900,2687433.0193
2026-09-15 14:48:00,17.93,17.93,17.92,17.92,119300,2138274.0
2026-09-15 14:49:00,17.93,17.93,17.91,17.92,384700,6894417.0074
2026-09-15 14:50:00,17.92,17.92,17.91,17.91,149073,2670927.4289
2026-09-15 14:51:00,17.92,17.92,17.91,17.92,152600,2734060.0004
2026-09-15 14:52:00,17.92,17.92,17.91,17.92,206500,3699463.0019
2026-09-15 14:53:00,17.91,17.92,17.91,17.92,332200,5951987.9987
2026-09-15 14:54:00,17.92,17.93,17.91,17.93,401600,7197328.0
2026-09-15 14:55:00,17.92,17.93,17.92,17.92,157600,2825038.0
2026-09-15 14:56:00,17.92,17.93,17.92,17.93,326800,5857371.0
2026-09-15 14:57:00,17.92,17.93,17.91,17.92,446800,8007756.0
2026-09-15 15:00:00,17.92,17.92,17.92,17.92,437400,7838208.0
2026-09-16 09:31:00,17.93,17.97,17.91,17.96,1169337,20970164.1494
2026-09-16 09:32:00,17.97,17.97,17.94,17.95,334900,6012945.9347
2026-09-16 09:33:00,17.94,17.94,17.89,17.91,663700,11886777.999
2026-09-16 09:34:00,17.91,17.91,17.89,17.9,346500,6201916.9912
2026-09-16 09:35:00,17.89,17.9,17.87,17.88,552700,9882036.6758
2026-09-16 09:36:00,17.88,17.9,17.87,17.89,367900,6579836.9017
2026-09-16 09:37:00,17.89,17.91,17.88,17.9,274300,4907939.939
2026-09-16 09:38:00,17.9,17.92,17.89,17.9,196400,3516456.0
2026-09-16 09:39:00,17.9,17.91,17.87,17.88,1050700,18783995.0491
2026-09-16 09:40:00,17.87,17.88,17.85,17.86,792100,14147279.1764
2026-09-16 09:41:00,17.86,17.86,17.85,17.85,472400,8434735.0469
2026-09-16 09:42:00,17.85,17.85,17.84,17.84,610600,10896615.0
2026-09-16 09:43:00,17.85,17.85,17.8,17.8,1895400,33769480.7566
2026-09-16 09:44:00,17.81,17.82,17.8,17.81,882400,15711647.8645
2026-09-16 09:45:00,17.81,17.81,17.78,17.79,872900,15535131.0823
2026-09-16 09:46:00,17.79,17.8,17.78,17.79,459300,8170543.3624
2026-09-16 09:47:00,17.79,17.81,17.78,17.8,380400,6769061.0712
2026-09-16 09:48:00,17.8,17.8,17.78,17.8,651500,11591541.426
2026-09-16 09:49:00,17.8,17.81,17.79,17.81,297400,5293938.8579
2026-09-16 09:50:00,17.81,17.81,17.79,17.79,553500,9852009.7512
2026-09-16 09:51:00,17.8,17.8,17.78,17.8,598000,10637979.489
2026-09-16 09:52:00,17.79,17.8,17.79,17.8,271600,4833680.9237
2026-09-16 09:53:00,17.8,17.8,17.77,17.78,1146200,20383471.6788
2026-09-16 09:54:00,17.78,17.79,17.77,17.78,309900,5509083.0957
2026-09-16 09:55:00,17.77,17.79,17.77,17.79,118600,2108991.0903
2026-09-16 09:56:00,17.79,17.8,17.78,17.8,162500,2890724.1229
2026-09-16 09:57:00,17.79,17.81,17.79,17.8,388400,6913530.8754
2026-09-16 09:58:00,17.8,17.8,17.78,17.79,431400,7675047.4102
2026-09-16 09:59:00,17.8,17.8,17.78,17.78,135400,2408852.1455
2026-09-16 10:00:00,17.79,17.79,17.76,17.77,853800,15175431.1313
2026-09-16 10:01:00,17.77,17.77,17.75,17.77,954400,16951361.0
2026-09-16 10:02:00,17.76,17.78,17.76,17.78,526600,9358469.046
2026-09-16 10:03:00,17.78,17.79,17.77,17.79,142000,2524958.0739
2026-09-16 10:04:00,17.79,17.79,17.78,17.78,79900,1421110.0643
2026-09-16 10:05:00,17.79,17.79,17.78,17.79,137100,2438681.1388
2026-09-16 10:06:00,17.79,17.8,17.78,17.79,251100,4466994.2357
2026-09-16 10:07:00,17.79,17.8,17.78,17.79,128400,2283880.1093
2026-09-16 10:08:00,17.78,17.79,17.77,17.78,306900,5457542.2094
2026-09-16 10:09:00,17.77,17.78,17.77,17.78,114000,2026400.0259
2026-09-16 10:10:00,17.78,17.78,17.77,17.78,153300,2725176.0344
2026-09-16 10:11:00,17.77,17.79,17.76,17.78,513800,9131970.0571
2026-09-16 10:12:00,17.78,17.78,17.77,17.77,85200,1514459.0178
2026-09-16 10:13:00,17.77,17.78,17.75,17.75,1837600,32627601.0164
2026-09-16 10:14:00,17.75,17.77,17.75,17.77,337500,5994842.0
2026-09-16 10:15:00,17.77,17.78,17.76,17.77,153200,2722664.0122
2026-09-16 10:16:00,17.77,17.78,17.76,17.76,147600,2622257.0006
2026-09-16 10:17:00,17.76,17.77,17.76,17.76,141900,2521200.0
2026-09-16 10:18:00,17.77,17.78,17.76,17.77,97100,1725739.0078
2026-09-16 10:19:00,17.77,17.78,17.77,17.77,150300,2671095.0139
2026-09-16 10:20:00,17.77,17.78,17.76,17.77,140500,2496387.0001
2026-09-16 10:21:00,17.76,17.77,17.76,17.76,147300,2616974.017
2026-09-16 10:22:00,17.77,17.77,17.76,17.77,141700,2517518.0118
2026-09-16 10:23:00,17.77,17.77,17.76,17.77,238400,4236272.0167
2026-09-16 10:24:00,17.77,17.78,17.76,17.78,105800,1879740.0105
2026-09-16 10:25:00,17.77,17.78,17.76,17.77,197900,3516916.0334
2026-09-16 10:26:00,17.77,17.77,17.76,17.76,119200,2117967.0
2026-09-16 10:27:00,17.77,17.77,17.76,17.77,139700,2481957.0
2026-09-16 10:28:00,17.77,17.77,17.76,17.77,152000,2700412.0
2026-09-16 10:29:00,17.77,17.77,17.76,17.76,109200,1940254.0
2026-09-16 10:30:00,17.76,17.78,17.75,17.76,750900,13337159.0006
2026-09-16 10:31:00,17.76,17.76,17.74,17.74,788500,13995413.0
2026-09-16 10:32:00,17.75,17.75,17.74,17.75,530100,9405234.0
2026-09-16 10:33:00,17.75,17.75,17.73,17.74,464900,8246583.0
2026-09-16 10:34:00,17.73,17.74,17.72,17.73,724800,12850531.9572
2026-09-16 10:35:00,17.73,17.74,17.72,17.73,340600,6038599.9825
2026-09-16 10:36:00,17.73,17.74,17.72,17.73,754800,13381680.941
2026-09-16 10:37:00,17.73,17.74,17.72,17.73,290400,5147518.9203
2026-09-16 10:38:00,17.74,17.75,17.73,17.75,362800,6436257.0
2026-09-16 10:39:00,17.75,17.75,17.73,17.74,310500,5507790.0
2026-09-16 10:40:00,17.74,17.75,17.73,17.75,188200,3338474.0
2026-09-16 10:41:00,17.75,17.75,17.73,17.75,103000,1827518.0
2026-09-16 10:42:00,17.74,17.76,17.74,17.74,91000,1614967.0
2026-09-16 10:43:00,17.75,17.76,17.74,17.76,116200,2063109.0
2026-09-16 10:44:00,17.76,17.78,17.75,17.77,419800,7458649.0111
2026-09-16 10:45:00,17.78,17.78,17.77,17.77,104000,1848356.0139
2026-09-16 10:46:00,17.77,17.78,17.76,17.76,363200,6453937.0155
2026-09-16 10:47:00,17.76,17.77,17.75,17.76,137300,2438750.0
2026-09-16 10:48:00,17.77,17.77,17.76,17.77,28500,506386.0
2026-09-16 10:49:00,17.77,17.78,17.76,17.78,166300,2955908.04
2026-09-16 10:50:00,17.78,17.78,17.76,17.76,111800,1986715.0044
2026-09-16 10:51:00,17.77,17.77,17.75,17.76,239200,4248082.0
2026-09-16 10:52:00,17.76,17.77,17.74,17.76,554500,9844531.0
2026-09-16 10:53:00,17.76,17.76,17.74,17.75,127200,2257203.0
2026-09-16 10:54:00,17.74,17.75,17.74,17.74,134500,2386367.0
2026-09-16 10:55:00,17.75,17.75,17.74,17.75,62100,1101958.0
2026-09-16 10:56:00,17.75,17.75,17.74,17.75,205000,3638304.0
2026-09-16 10:57:00,17.74,17.75,17.74,17.75,60800,1079016.0
2026-09-16 10:58:00,17.75,17.76,17.74,17.75,181300,3218244.0
2026-09-16 10:59:00,17.75,17.76,17.75,17.75,74900,1329911.0
2026-09-16 11:00:00,17.75,17.76,17.75,17.76,100000,1775776.0
2026-09-16 11:01:00,17.76,17.77,17.75,17.76,182000,3231863.0
2026-09-16 11:02:00,17.76,17.76,17.75,17.75,99900,1773978.0
2026-09-16 11:03:00,17.76,17.76,17.75,17.75,346800,6156312.0
2026-09-16 11:04:00,17.75,17.75,17.74,17.75,399500,7089226.0
2026-09-16 11:05:00,17.74,17.75,17.74,17.75,135300,2400993.0
2026-09-16 11:06:00,17.75,17.76,17.74,17.75,216000,3834571.0
2026-09-16 11:07:00,17.76,17.76,17.75,17.75,99500,1766934.0
2026-09-16 11:08:00,17.76,17.76,17.74,17.74,234800,4168265.0
2026-09-16 11:09:00,17.74,17.76,17.74,17.75,101000,1793356.0
2026-09-16 11:10:00,17.76,17.76,17.74,17.75,169200,3003264.0
2026-09-16 11:11:00,17.74,17.75,17.74,17.74,97900,1737489.0
2026-09-16 11:12:00,17.75,17.75,17.74,17.75,82300,1460539.0
2026-09-16 11:13:00,17.75,17.75,17.74,17.74,138600,2459313.0
2026-09-16 11:14:00,17.74,17.75,17.74,17.75,108700,1929112.0
2026-09-16 11:15:00,17.75,17.75,17.74,17.75,145900,2589462.0
2026-09-16 11:16:00,17.74,17.75,17.74,17.75,110300,1957337.0
2026-09-16 11:17:00,17.74,17.76,17.74,17.75,215900,3831911.0
2026-09-16 11:18:00,17.75,17.76,17.74,17.74,79300,1407412.0
2026-09-16 11:19:00,17.75,17.75,17.74,17.75,139200,2469787.0
2026-09-16 11:20:00,17.74,17.75,17.74,17.74,40400,716905.0
2026-09-16 11:21:00,17.75,17.75,17.74,17.75,307800,5461568.0
2026-09-16 11:22:00,17.75,17.75,17.73,17.74,972500,17252685.0
2026-09-16 11:23:00,17.75,17.75,17.74,17.75,88500,1570370.0
2026-09-16 11:24:00,17.75,17.75,17.74,17.74,119900,2127829.0
2026-09-16 11:25:00,17.74,17.75,17.74,17.75,137000,2431551.0
2026-09-16 11:26:00,17.75,17.76,17.74,17.76,67700,1201815.0
2026-09-16 11:27:00,17.75,17.77,17.75,17.76,273600,4859360.0
2026-09-16 11:28:00,17.77,17.78,17.76,17.76,181000,3216395.0012
2026-09-16 11:29:00,17.77,17.77,17.75,17.77,300700,5340843.0
2026-09-16 11:30:00,17.77,17.77,17.76,17.76,61300,1089187.0
2026-09-16 13:01:00,17.77,17.79,17.76,17.77,654600,11633182.1049
2026-09-16 13:02:00,17.77,17.79,17.77,17.78,222700,3959210.0609
2026-09-16 13:03:00,17.78,17.79,17.77,17.78,151400,2691751.0487
2026-09-16 13:04:00,17.77,17.78,17.77,17.78,165500,2941696.0172
2026-09-16 13:05:00,17.77,17.78,17.77,17.78,168100,2988601.0604
2026-09-16 13:06:00,17.78,17.79,17.77,17.77,76600,1361726.0226
2026-09-16 13:07:00,17.77,17.78,17.77,17.78,83000,1475125.0048
2026-09-16 13:08:00,17.78,17.78,17.77,17.78,54500,968711.0128
2026-09-16 13:09:00,17.77,17.78,17.76,17.76,246500,4380211.0087
2026-09-16 13:10:00,17.77,17.78,17.76,17.77,133600,2373728.0001
2026-09-16 13:11:00,17.78,17.78,17.76,17.77,218000,3874032.0184
2026-09-16 13:12:00,17.76,17.77,17.76,17.77,104100,1849710.0
2026-09-16 13:13:00,17.77,17.77,17.76,17.76,70000,1243664.0
2026-09-16 13:14:00,17.76,17.78,17.76,17.78,131700,2340037.0006
2026-09-16 13:15:00,17.77,17.78,17.77,17.78,42000,746436.0035
2026-09-16 13:16:00,17.77,17.79,17.77,17.79,334400,5946277.2161
2026-09-16 13:17:00,17.78,17.79,17.78,17.78,216500,3849911.1704
2026-09-16 13:18:00,17.78,17.79,17.78,17.78,28700,510465.0231
2026-09-16 13:19:00,17.78,17.79,17.78,17.79,182900,3252214.1012
2026-09-16 13:20:00,17.78,17.79,17.78,17.79,72000,1280550.047
2026-09-16 13:21:00,17.78,17.79,17.77,17.78,343200,6102771.2024
2026-09-16 13:22:00,17.78,17.8,17.77,17.8,299200,5322032.2987
2026-09-16 13:23:00,17.8,17.81,17.8,17.81,290200,5165819.8788
2026-09-16 13:24:00,17.8,17.81,17.79,17.8,280300,4989723.8118
2026-09-16 13:25:00,17.8,17.8,17.79,17.79,143800,2558602.1224
2026-09-16 13:26:00,17.79,17.8,17.79,17.79,58800,1046454.9937
2026-09-16 13:27:00,17.79,17.8,17.79,17.79,94600,1683073.0831
2026-09-16 13:28:00,17.79,17.8,17.78,17.78,624400,11107679.7225
2026-09-16 13:29:00,17.78,17.79,17.78,17.78,98100,1744279.0494
2026-09-16 13:30:00,17.78,17.8,17.78,17.8,253900,4517196.1943
2026-09-16 13:31:00,17.8,17.8,17.79,17.79,68700,1222443.0308
2026-09-16 13:32:00,17.79,17.8,17.79,17.8,140000,2491342.0112
2026-09-16 13:33:00,17.79,17.8,17.79,17.79,79600,1416654.9922
2026-09-16 13:34:00,17.8,17.8,17.79,17.79,74400,1324079.9869
2026-09-16 13:35:00,17.79,17.79,17.78,17.79,151700,2698450.1161
2026-09-16 13:36:00,17.79,17.8,17.78,17.8,197000,3504774.1869
2026-09-16 13:37:00,17.79,17.8,17.79,17.8,58800,1046400.0186
2026-09-16 13:38:00,17.79,17.82,17.79,17.8,590900,10521400.7916
2026-09-16 13:39:00,17.8,17.81,17.79,17.79,182800,3253300.9799
2026-09-16 13:40:00,17.79,17.8,17.78,17.78,148800,2646963.1554
2026-09-16 13:41:00,17.78,17.8,17.78,17.79,151800,2700330.1602
2026-09-16 13:42:00,17.79,17.79,17.78,17.79,27900,496311.03
2026-09-16 13:43:00,17.78,17.8,17.78,17.79,86900,1546028.0868
2026-09-16 13:44:00,17.79,17.8,17.78,17.79,149500,2659624.1672
2026-09-16 13:45:00,17.79,17.81,17.79,17.8,169300,3013597.9232
2026-09-16 13:46:00,17.8,17.81,17.8,17.81,198000,3525734.9901
2026-09-16 13:47:00,17.81,17.82,17.8,17.81,148700,2648433.9991
2026-09-16 13:48:00,17.81,17.82,17.8,17.81,334000,5948168.9741
2026-09-16 13:49:00,17.8,17.8,17.79,17.79,192400,3423789.0461
2026-09-16 13:50:00,17.8,17.8,17.78,17.79,161500,2873669.0524
2026-09-16 13:51:00,17.79,17.8,17.79,17.79,112300,1997987.097
2026-09-16 13:52:00,17.8,17.8,17.79,17.79,112200,1996929.9586
2026-09-16 13:53:00,17.8,17.81,17.79,17.8,194300,3459727.9468
2026-09-16 13:54:00,17.81,17.82,17.8,17.82,221600,3946879.9982
2026-09-16 13:55:00,17.81,17.83,17.81,17.81,242500,4321344.0
2026-09-16 13:56:00,17.82,17.82,17.81,17.82,48000,855208.0
2026-09-16 13:57:00,17.81,17.82,17.81,17.82,63300,1127806.0
2026-09-16 13:58:00,17.81,17.83,17.81,17.82,170600,3039947.0
2026-09-16 13:59:00,17.82,17.83,17.82,17.82,112300,2001693.0
2026-09-16 14:00:00,17.83,17.83,17.82,17.82,98800,1761267.0
2026-09-16 14:01:00,17.83,17.84,17.82,17.84,419100,7474696.0
2026-09-16 14:02:00,17.84,17.84,17.83,17.83,205000,3655886.0
2026-09-16 14:03:00,17.84,17.84,17.83,17.83,67600,1205654.0
2026-09-16 14:04:00,17.83,17.84,17.83,17.84,39300,700904.0
2026-09-16 14:05:00,17.83,17.84,17.81,17.82,392300,6993230.0
2026-09-16 14:06:00,17.82,17.83,17.81,17.82,156100,2781406.0
2026-09-16 14:07:00,17.82,17.83,17.81,17.82,111300,1983310.0
2026-09-16 14:08:00,17.82,17.83,17.81,17.82,91400,1629241.0
2026-09-16 14:09:00,17.82,17.83,17.82,17.83,46400,827188.0
2026-09-16 14:10:00,17.83,17.83,17.82,17.82,45600,812966.0
2026-09-16 14:11:00,17.83,17.83,17.82,17.83,35100,625711.0
2026-09-16 14:12:00,17.82,17.83,17.82,17.82,53800,958973.0
2026-09-16 14:13:00,17.82,17.84,17.82,17.84,228200,4068549.0
2026-09-16 14:14:00,17.84,17.84,17.83,17.84,62200,1109460.0
2026-09-16 14:15:00,17.83,17.84,17.82,17.82,159600,2845683.0
2026-09-16 14:16:00,17.83,17.83,17.82,17.82,61600,1097981.0
2026-09-16 14:17:00,17.82,17.83,17.82,17.83,76500,1363793.0
2026-09-16 14:18:00,17.83,17.83,17.82,17.83,57900,1032097.0
2026-09-16 14:19:00,17.83,17.83,17.82,17.83,92100,1642058.0
2026-09-16 14:20:00,17.82,17.84,17.82,17.83,272100,4851838.0
2026-09-16 14:21:00,17.83,17.84,17.83,17.84,122200,2179622.0
2026-09-16 14:22:00,17.83,17.84,17.83,17.83,34200,609868.0
2026-09-16 14:23:00,17.83,17.84,17.82,17.82,200800,3579442.0
2026-09-16 14:24:00,17.82,17.83,17.82,17.83,156900,2796664.0
2026-09-16 14:25:00,17.82,17.83,17.81,17.81,145000,2583862.0
2026-09-16 14:26:00,17.81,17.83,17.81,17.82,137100,2442868.0
2026-09-16 14:27:00,17.82,17.83,17.81,17.82,80100,1427308.0
2026-09-16 14:28:00,17.81,17.82,17.81,17.82,124300,2214625.0
2026-09-16 14:29:00,17.81,17.84,17.81,17.83,297400,5301828.0
2026-09-16 14:30:00,17.83,17.84,17.82,17.82,80500,1435116.0
2026-09-16 14:31:00,17.83,17.85,17.83,17.85,492600,8787943.0
2026-09-16 14:32:00,17.84,17.85,17.83,17.84,139300,2485228.0
2026-09-16 14:33:00,17.83,17.86,17.83,17.86,631300,11267368.0
2026-09-16 14:34:00,17.85,17.86,17.85,17.85,234700,4190298.0117
2026-09-16 14:35:00,17.86,17.87,17.85,17.86,317400,5669330.0721
2026-09-16 14:36:00,17.86,17.87,17.86,17.86,163100,2914110.1062
2026-09-16 14:37:00,17.86,17.88,17.86,17.87,263300,4705568.174
2026-09-16 14:38:00,17.87,17.88,17.86,17.87,266300,4760046.0071
2026-09-16 14:39:00,17.87,17.88,17.87,17.87,89600,1601545.0215
2026-09-16 14:40:00,17.87,17.87,17.84,17.85,249400,4453153.037
2026-09-16 14:41:00,17.85,17.86,17.85,17.85,55500,990923.001
2026-09-16 14:42:00,17.85,17.87,17.85,17.85,145000,2589372.0084
2026-09-16 14:43:00,17.85,17.86,17.85,17.85,88200,1574609.0
2026-09-16 14:44:00,17.86,17.86,17.84,17.84,144600,2581174.0
2026-09-16 14:45:00,17.85,17.85,17.84,17.85,95600,1706253.0
2026-09-16 14:46:00,17.85,17.86,17.84,17.86,98000,1749855.0107
2026-09-16 14:47:00,17.85,17.86,17.84,17.85,258600,4615692.0
2026-09-16 14:48:00,17.84,17.86,17.84,17.84,194300,3468179.0107
2026-09-16 14:49:00,17.84,17.85,17.84,17.84,133400,2380438.0
2026-09-16 14:50:00,17.84,17.85,17.84,17.84,177000,3158284.0
2026-09-16 14:51:00,17.85,17.85,17.84,17.84,127700,2278880.0
2026-09-16 14:52:00,17.85,17.85,17.84,17.84,360600,6434579.0
2026-09-16 14:53:00,17.84,17.85,17.83,17.83,368300,6571062.0
2026-09-16 14:54:00,17.84,17.84,17.83,17.83,312100,5566099.0
2026-09-16 14:55:00,17.84,17.85,17.83,17.84,311600,5558220.0
2026-09-16 14:56:00,17.84,17.85,17.83,17.85,485400,8660728.0
2026-09-16 14:57:00,17.84,17.85,17.79,17.82,1668500,29718141.6632
2026-09-16 15:00:00,17.8,17.8,17.8,17.8,759800,13524439.373
2026-09-17 09:31:00,17.83,17.85,17.81,17.83,1571400,28020861.8936
2026-09-17 09:32:00,17.82,17.86,17.82,17.83,524000,9349253.6622
2026-09-17 09:33:00,17.83,17.83,17.82,17.82,349900,6236432.0
2026-09-17 09:34:00,17.82,17.83,17.81,17.81,339700,6053207.0
2026-09-17 09:35:00,17.82,17.84,17.81,17.84,464300,8277216.0
2026-09-17 09:36:00,17.83,17.84,17.79,17.8,507000,9030941.9542
2026-09-17 09:37:00,17.79,17.81,17.78,17.79,557400,9917468.3033
2026-09-17 09:38:00,17.8,17.8,17.78,17.79,425900,7577091.3506
2026-09-17 09:39:00,17.8,17.8,17.78,17.78,201900,3591300.1519
2026-09-17 09:40:00,17.79,17.8,17.78,17.78,297800,5297672.2211
2026-09-17 09:41:00,17.79,17.79,17.77,17.77,506900,9010942.1921
2026-09-17 09:42:00,17.78,17.78,17.77,17.78,176600,3139233.0663
2026-09-17 09:43:00,17.78,17.79,17.76,17.76,499400,8875823.1262
2026-09-17 09:44:00,17.77,17.77,17.75,17.76,381900,6781082.0
2026-09-17 09:45:00,17.75,17.76,17.74,17.74,818000,14516790.0
2026-09-17 09:46:00,17.75,17.75,17.73,17.74,738800,13105339.0
2026-09-17 09:47:00,17.74,17.75,17.73,17.74,605900,10744343.0
2026-09-17 09:48:00,17.74,17.75,17.73,17.74,289000,5126817.0
2026-09-17 09:49:00,17.74,17.76,17.74,17.76,290000,5146342.0
2026-09-17 09:50:00,17.76,17.78,17.75,17.78,309100,5491069.009
2026-09-17 09:51:00,17.77,17.78,17.76,17.78,200500,3562839.0154
2026-09-17 09:52:00,17.78,17.79,17.76,17.79,182600,3245275.0187
2026-09-17 09:53:00,17.79,17.8,17.77,17.78,423400,7532770.2965
2026-09-17 09:54:00,17.78,17.78,17.75,17.76,270700,4809046.0048
2026-09-17 09:55:00,17.77,17.78,17.76,17.77,217800,3870110.0027
2026-09-17 09:56:00,17.78,17.8,17.78,17.8,295900,5263214.2712
2026-09-17 09:57:00,17.8,17.8,17.78,17.79,170600,3035389.1185
2026-09-17 09:58:00,17.79,17.8,17.78,17.79,142500,2535608.0519
2026-09-17 09:59:00,17.79,17.8,17.78,17.8,202500,3602356.1609
2026-09-17 10:00:00,17.79,17.82,17.79,17.81,431100,7674461.9445
2026-09-17 10:01:00,17.8,17.83,17.8,17.83,476200,8484299.9923
2026-09-17 10:02:00,17.82,17.83,17.82,17.83,376200,6704394.0
2026-09-17 10:03:00,17.82,17.84,17.82,17.82,394700,7036577.0
2026-09-17 10:04:00,17.82,17.84,17.82,17.83,256100,4565240.0
2026-09-17 10:05:00,17.82,17.83,17.81,17.81,821400,14633305.0
2026-09-17 10:06:00,17.81,17.83,17.8,17.82,530500,9450339.9957
2026-09-17 10:07:00,17.81,17.82,17.8,17.81,246800,4395166.9835
2026-09-17 10:08:00,17.81,17.83,17.81,17.83,279800,4985683.0
2026-09-17 10:09:00,17.81,17.83,17.8,17.81,70800,1260747.9803
2026-09-17 10:10:00,17.81,17.81,17.8,17.8,257000,4574716.8245
2026-09-17 10:11:00,17.8,17.81,17.79,17.8,316300,5629127.0385
2026-09-17 10:12:00,17.8,17.83,17.8,17.82,402000,7160032.9652
2026-09-17 10:13:00,17.82,17.83,17.8,17.81,193800,3451172.9641
2026-09-17 10:14:00,17.81,17.81,17.79,17.8,191200,3403465.9563
2026-09-17 10:15:00,17.8,17.81,17.8,17.8,103600,1844292.9511
2026-09-17 10:16:00,17.81,17.83,17.8,17.83,307600,5480655.9843
2026-09-17 10:17:00,17.83,17.85,17.83,17.84,335400,5983164.0
2026-09-17 10:18:00,17.85,17.85,17.83,17.83,176400,3146694.0
2026-09-17 10:19:00,17.83,17.85,17.83,17.84,284700,5078911.0
2026-09-17 10:20:00,17.84,17.84,17.83,17.83,122900,2191834.0
2026-09-17 10:21:00,17.84,17.86,17.84,17.86,590000,10531754.0408
2026-09-17 10:22:00,17.86,17.87,17.83,17.86,632600,11293605.0233
2026-09-17 10:23:00,17.85,17.87,17.85,17.87,186200,3326311.6831
2026-09-17 10:24:00,17.86,17.87,17.85,17.85,309200,5522493.0702
2026-09-17 10:25:00,17.86,17.87,17.85,17.86,240600,4296423.0176
2026-09-17 10:26:00,17.87,17.88,17.87,17.87,406337,7261647.506
2026-09-17 10:27:00,17.88,17.88,17.86,17.87,237300,4240150.1386
2026-09-17 10:28:00,17.87,17.87,17.85,17.86,158900,2837489.0166
2026-09-17 10:29:00,17.86,17.86,17.85,17.85,165400,2953581.0039
2026-09-17 10:30:00,17.86,17.86,17.83,17.84,225400,4021458.0
2026-09-17 10:31:00,17.83,17.84,17.82,17.84,315200,5620138.0
2026-09-17 10:32:00,17.83,17.85,17.82,17.84,171000,3049692.0
2026-09-17 10:33:00,17.84,17.85,17.83,17.84,114500,2042703.0
2026-09-17 10:34:00,17.83,17.84,17.82,17.82,301700,5378454.0
2026-09-17 10:35:00,17.82,17.83,17.81,17.83,150000,2673146.0
2026-09-17 10:36:00,17.82,17.83,17.8,17.8,224600,4001002.9918
2026-09-17 10:37:00,17.81,17.82,17.8,17.82,116300,2071439.9998
2026-09-17 10:38:00,17.81,17.82,17.8,17.8,98693,1757579.3872
2026-09-17 10:39:00,17.8,17.81,17.79,17.8,177907,3166857.507
2026-09-17 10:40:00,17.79,17.8,17.79,17.79,232000,4127713.1655
2026-09-17 10:41:00,17.78,17.79,17.78,17.79,189300,3366663.1367
2026-09-17 10:42:00,17.79,17.81,17.78,17.8,123100,2190929.9651
2026-09-17 10:43:00,17.8,17.81,17.79,17.8,130200,2316783.0333
2026-09-17 10:44:00,17.8,17.81,17.79,17.8,170300,3031093.937
2026-09-17 10:45:00,17.8,17.8,17.79,17.79,115300,2051998.9856
2026-09-17 10:46:00,17.8,17.8,17.78,17.78,546000,9713883.4745
2026-09-17 10:47:00,17.79,17.79,17.78,17.79,128600,2286896.0837
2026-09-17 10:48:00,17.79,17.81,17.78,17.81,177300,3154918.0452
2026-09-17 10:49:00,17.81,17.82,17.8,17.8,107900,1921544.9805
2026-09-17 10:50:00,17.8,17.81,17.8,17.81,167800,2987159.9237
2026-09-17 10:51:00,17.8,17.81,17.79,17.79,196900,3503784.0627
2026-09-17 10:52:00,17.79,17.8,17.78,17.8,102700,1827200.0868
2026-09-17 10:53:00,17.79,17.8,17.78,17.79,149800,2665002.1571
2026-09-17 10:54:00,17.79,17.8,17.78,17.79,45900,816448.0336
2026-09-17 10:55:00,17.78,17.8,17.78,17.79,77200,1373152.0725
2026-09-17 10:56:00,17.79,17.8,17.79,17.8,69600,1238325.0382
2026-09-17 10:57:00,17.8,17.81,17.8,17.81,515800,9181761.7914
2026-09-17 10:58:00,17.81,17.81,17.8,17.81,36100,642840.9928
2026-09-17 10:59:00,17.81,17.82,17.8,17.81,69800,1243014.9875
2026-09-17 11:00:00,17.81,17.81,17.79,17.79,149800,2666196.9504
2026-09-17 11:01:00,17.8,17.81,17.77,17.78,409300,7278817.1355
2026-09-17 11:02:00,17.78,17.8,17.78,17.8,100500,1787959.0819
2026-09-17 11:03:00,17.79,17.8,17.79,17.8,95800,1704646.052
2026-09-17 11:04:00,17.8,17.82,17.79,17.82,110900,1974674.9642
2026-09-17 11:05:00,17.82,17.82,17.8,17.81,35800,637554.9961
2026-09-17 11:06:00,17.81,17.81,17.8,17.81,46600,829735.9821
2026-09-17 11:07:00,17.81,17.82,17.79,17.8,138500,2465929.942
2026-09-17 11:08:00,17.79,17.81,17.79,17.8,103000,1833194.9752
2026-09-17 11:09:00,17.8,17.81,17.79,17.8,71000,1263791.9615
2026-09-17 11:10:00,17.81,17.81,17.8,17.81,44700,795894.9852
2026-09-17 11:11:00,17.81,17.82,17.8,17.81,153100,2726700.9934
2026-09-17 11:12:00,17.81,17.82,17.81,17.82,38000,676945.0
2026-09-17 11:13:00,17.82,17.82,17.81,17.82,41100,732371.0
2026-09-17 11:14:00,17.82,17.83,17.81,17.82,95200,1696354.0
2026-09-17 11:15:00,17.82,17.82,17.81,17.82,63000,1122572.0
2026-09-17 11:16:00,17.82,17.83,17.82,17.82,131600,2345823.0
2026-09-17 11:17:00,17.82,17.83,17.82,17.82,68200,1215467.0
2026-09-17 11:18:00,17.83,17.83,17.82,17.82,36300,647043.0
2026-09-17 11:19:00,17.83,17.83,17.82,17.83,71100,1267257.0
2026-09-17 11:20:00,17.83,17.83,17.82,17.83,83000,1479282.0
2026-09-17 11:21:00,17.83,17.83,17.82,17.83,116600,2078225.0
2026-09-17 11:22:00,17.82,17.83,17.81,17.82,50300,896334.0
2026-09-17 11:23:00,17.82,17.82,17.81,17.82,48000,855128.0
2026-09-17 11:24:00,17.82,17.82,17.81,17.82,43800,780386.0
2026-09-17 11:25:00,17.82,17.82,17.81,17.82,53100,946207.0
2026-09-17 11:26:00,17.82,17.83,17.81,17.83,117200,2088504.0
2026-09-17 11:27:00,17.83,17.83,17.82,17.83,56700,1010808.0
2026-09-17 11:28:00,17.83,17.83,17.82,17.83,55900,996309.0
2026-09-17 11:29:00,17.83,17.83,17.82,17.82,56700,1010710.0
2026-09-17 11:30:00,17.83,17.83,17.81,17.81,80370,1432035.6999
2026-09-17 13:01:00,17.81,17.83,17.8,17.8,445600,7936926.9209
2026-09-17 13:02:00,17.8,17.82,17.79,17.81,149800,2666537.939
2026-09-17 13:03:00,17.81,17.82,17.81,17.82,36700,653680.0
2026-09-17 13:04:00,17.81,17.82,17.8,17.8,62600,1114898.9979
2026-09-17 13:05:00,17.8,17.81,17.79,17.8,74800,1331466.9695
2026-09-17 13:06:00,17.8,17.8,17.79,17.8,70000,1245533.03
2026-09-17 13:07:00,17.8,17.8,17.79,17.8,78300,1393691.9564
2026-09-17 13:08:00,17.8,17.81,17.79,17.81,153600,2734206.894
2026-09-17 13:09:00,17.81,17.81,17.8,17.8,56700,1009769.9965
2026-09-17 13:10:00,17.81,17.82,17.8,17.81,72700,1294780.9954
2026-09-17 13:11:00,17.81,17.81,17.8,17.81,8900,158481.9966
2026-09-17 13:12:00,17.81,17.82,17.8,17.81,62000,1104008.9904
2026-09-17 13:13:00,17.81,17.81,17.79,17.79,217200,3866281.9033
2026-09-17 13:14:00,17.8,17.81,17.79,17.8,139100,2475779.9611
2026-09-17 13:15:00,17.8,17.81,17.79,17.8,56900,1012857.9874
2026-09-17 13:16:00,17.8,17.81,17.79,17.79,73100,1301402.965
2026-09-17 13:17:00,17.8,17.8,17.79,17.79,53000,943072.0115
2026-09-17 13:18:00,17.79,17.8,17.78,17.78,312800,5564223.2892
2026-09-17 13:19:00,17.79,17.79,17.78,17.78,90400,1607574.0728
2026-09-17 13:20:00,17.79,17.79,17.78,17.79,31400,558521.0271
2026-09-17 13:21:00,17.79,17.79,17.77,17.77,339900,6041357.078
2026-09-17 13:22:00,17.77,17.79,17.77,17.78,236900,4211659.0825
2026-09-17 13:23:00,17.77,17.79,17.77,17.78,95800,1703197.0594
2026-09-17 13:24:00,17.78,17.78,17.77,17.78,56500,1004147.0093
2026-09-17 13:25:00,17.78,17.78,17.77,17.78,49300,876230.0013
2026-09-17 13:26:00,17.78,17.78,17.76,17.77,376100,6682946.0
2026-09-17 13:27:00,17.76,17.77,17.76,17.76,56300,1000138.0
2026-09-17 13:28:00,17.76,17.77,17.76,17.76,55000,977038.0
2026-09-17 13:29:00,17.77,17.77,17.75,17.75,571300,10146460.0
2026-09-17 13:30:00,17.76,17.76,17.75,17.76,147500,2619311.0
2026-09-17 13:31:00,17.76,17.77,17.75,17.76,68900,1223757.0
2026-09-17 13:32:00,17.77,17.78,17.77,17.77,339400,6031918.0269
2026-09-17 13:33:00,17.77,17.78,17.77,17.77,45300,805294.011
2026-09-17 13:34:00,17.78,17.78,17.77,17.78,37300,663025.0031
2026-09-17 13:35:00,17.77,17.78,17.76,17.77,167500,2976430.0015
2026-09-17 13:36:00,17.77,17.78,17.77,17.77,112300,1995622.0028
2026-09-17 13:37:00,17.77,17.78,17.77,17.77,43400,771415.0074
2026-09-17 13:38:00,17.77,17.78,17.77,17.77,63700,1131982.0028
2026-09-17 13:39:00,17.77,17.78,17.75,17.75,635000,11278409.0029
2026-09-17 13:40:00,17.76,17.76,17.75,17.76,626100,11113582.0
2026-09-17 13:41:00,17.76,17.76,17.73,17.76,2187200,38808218.0
2026-09-17 13:42:00,17.75,17.76,17.73,17.74,1228100,21781763.0
2026-09-17 13:43:00,17.74,17.74,17.72,17.73,644700,11430930.9988
2026-09-17 13:44:00,17.73,17.74,17.71,17.72,1649200,29230063.6533
2026-09-17 13:45:00,17.72,17.74,17.72,17.74,153700,2724437.9746
2026-09-17 13:46:00,17.74,17.74,17.73,17.74,928300,16459592.0
2026-09-17 13:47:00,17.74,17.75,17.74,17.74,83300,1477910.0
2026-09-17 13:48:00,17.75,17.75,17.73,17.74,173800,3083320.0
2026-09-17 13:49:00,17.74,17.74,17.73,17.74,94900,1682958.0
2026-09-17 13:50:00,17.74,17.75,17.73,17.74,127000,2252828.0
2026-09-17 13:51:00,17.75,17.75,17.73,17.74,164700,2921593.0
2026-09-17 13:52:00,17.74,17.74,17.73,17.74,85600,1517897.0
2026-09-17 13:53:00,17.74,17.74,17.73,17.73,69500,1232539.0
2026-09-17 13:54:00,17.74,17.74,17.73,17.74,157000,2784504.0
2026-09-17 13:55:00,17.74,17.74,17.73,17.73,280900,4981143.0
2026-09-17 13:56:00,17.73,17.74,17.73,17.74,143800,2549778.0
2026-09-17 13:57:00,17.74,17.74,17.73,17.74,126900,2250320.0
2026-09-17 13:58:00,17.74,17.74,17.72,17.73,350500,6213454.9574
2026-09-17 13:59:00,17.72,17.73,17.72,17.73,257300,4559850.9371
2026-09-17 14:00:00,17.73,17.73,17.72,17.72,296200,5249004.8937
2026-09-17 14:01:00,17.73,17.73,17.71,17.72,673900,11941178.6755
2026-09-17 14:02:00,17.72,17.72,17.71,17.72,248500,4401958.7942
2026-09-17 14:03:00,17.71,17.72,17.71,17.72,203000,3596102.8654
2026-09-17 14:04:00,17.72,17.73,17.71,17.72,429300,7606892.8037
2026-09-17 14:05:00,17.71,17.72,17.71,17.72,169300,2999027.8713
2026-09-17 14:06:00,17.72,17.72,17.71,17.72,611300,10830273.6207
2026-09-17 14:07:00,17.72,17.73,17.71,17.72,468100,8294221.8835
2026-09-17 14:08:00,17.71,17.72,17.71,17.72,170400,3018452.8538
2026-09-17 14:09:00,17.72,17.73,17.71,17.71,191400,3391136.8896
2026-09-17 14:10:00,17.72,17.72,17.71,17.71,107800,1909632.9366
2026-09-17 14:11:00,17.71,17.72,17.7,17.71,1690600,29939549.4825
2026-09-17 14:12:00,17.7,17.71,17.7,17.71,389156,6889474.1417
2026-09-17 14:13:00,17.71,17.71,17.7,17.71,199900,3539409.9047
2026-09-17 14:14:00,17.7,17.71,17.7,17.71,202000,3576496.9111
2026-09-17 14:15:00,17.7,17.72,17.7,17.71,261400,4629423.736
2026-09-17 14:16:00,17.71,17.72,17.7,17.71,405200,7175561.7639
2026-09-17 14:17:00,17.7,17.72,17.7,17.71,314600,5571088.7465
2026-09-17 14:18:00,17.71,17.71,17.7,17.71,150200,2659473.934
2026-09-17 14:19:00,17.7,17.71,17.7,17.71,254900,4513426.9012
2026-09-17 14:20:00,17.7,17.71,17.7,17.71,1535700,27182441.9247
2026-09-17 14:21:00,17.7,17.71,17.7,17.7,380300,6731947.115
2026-09-17 14:22:00,17.7,17.71,17.69,17.69,690744,12223637.0679
2026-09-17 14:23:00,17.7,17.7,17.68,17.68,678800,12005588.0156
2026-09-17 14:24:00,17.68,17.69,17.68,17.68,168800,2985047.0
2026-09-17 14:25:00,17.69,17.69,17.68,17.69,188300,3329965.0
2026-09-17 14:26:00,17.69,17.7,17.68,17.7,678200,11996562.0017
2026-09-17 14:27:00,17.7,17.7,17.69,17.7,487300,8621793.1056
2026-09-17 14:28:00,17.69,17.7,17.69,17.69,194007,3432568.8678
2026-09-17 14:29:00,17.69,17.7,17.69,17.69,219300,3879800.0559
2026-09-17 14:30:00,17.7,17.7,17.69,17.69,206200,3648173.0308
2026-09-17 14:31:00,17.69,17.7,17.69,17.69,169900,3006543.0563
2026-09-17 14:32:00,17.7,17.7,17.69,17.7,265400,4696023.0874
2026-09-17 14:33:00,17.7,17.71,17.69,17.7,310500,5496138.1133
2026-09-17 14:34:00,17.7,17.71,17.69,17.7,431600,7639564.1263
2026-09-17 14:35:00,17.7,17.71,17.69,17.7,374200,6621714.1445
2026-09-17 14:36:00,17.7,17.71,17.69,17.71,217800,3855754.9822
2026-09-17 14:37:00,17.7,17.71,17.7,17.71,253700,4492107.9091
2026-09-17 14:38:00,17.71,17.71,17.7,17.71,150600,2666860.8632
2026-09-17 14:39:00,17.71,17.72,17.7,17.71,201700,3571988.8292
2026-09-17 14:40:00,17.71,17.72,17.7,17.71,147400,2610155.8771
2026-09-17 14:41:00,17.71,17.72,17.71,17.72,175700,3112274.8806
2026-09-17 14:42:00,17.72,17.72,17.7,17.71,231000,4091437.7944
2026-09-17 14:43:00,17.71,17.72,17.7,17.71,239100,4235196.8141
2026-09-17 14:44:00,17.71,17.71,17.7,17.71,163900,2902394.865
2026-09-17 14:45:00,17.71,17.72,17.7,17.71,367100,6501745.6407
2026-09-17 14:46:00,17.71,17.73,17.71,17.73,217500,3854326.9337
2026-09-17 14:47:00,17.73,17.74,17.72,17.73,342100,6065628.9973
2026-09-17 14:48:00,17.73,17.74,17.72,17.73,172100,3051036.9885
2026-09-17 14:49:00,17.73,17.74,17.72,17.73,148300,2630066.9943
2026-09-17 14:50:00,17.73,17.75,17.73,17.74,355200,6299960.0
2026-09-17 14:51:00,17.75,17.75,17.74,17.75,232700,4130206.0
2026-09-17 14:52:00,17.74,17.76,17.74,17.74,345000,6123266.0
2026-09-17 14:53:00,17.75,17.75,17.74,17.74,182300,3235211.0
2026-09-17 14:54:00,17.75,17.75,17.74,17.75,247000,4383822.0
2026-09-17 14:55:00,17.75,17.76,17.73,17.74,545900,9686094.0
2026-09-17 14:56:00,17.73,17.75,17.73,17.73,127000,2253427.0
2026-09-17 14:57:00,17.74,17.75,17.73,17.75,255800,4539037.0
2026-09-17 15:00:00,17.75,17.75,17.75,17.75,652600,11583650.0
2026-09-18 09:31:00,17.71,17.73,17.68,17.7,1882400,33318378.5375
2026-09-18 09:32:00,17.7,17.71,17.68,17.69,732600,12961854.2296
2026-09-18 09:33:00,17.68,17.72,17.68,17.71,641900,11357490.9334
2026-09-18 09:34:00,17.7,17.73,17.7,17.71,402400,7126789.6792
2026-09-18 09:35:00,17.71,17.73,17.7,17.73,575700,10197018.7892
2026-09-18 09:36:00,17.74,17.75,17.71,17.72,1070500,18980208.7048
2026-09-18 09:37:00,17.72,17.73,17.69,17.71,663000,11738527.8433
2026-09-18 09:38:00,17.72,17.72,17.7,17.71,817800,14483264.0696
2026-09-18 09:39:00,17.7,17.72,17.69,17.71,281300,4980122.9869
2026-09-18 09:40:00,17.72,17.72,17.69,17.7,324600,5745759.0798
2026-09-18 09:41:00,17.7,17.71,17.69,17.69,319600,5656515.1296
2026-09-18 09:42:00,17.69,17.71,17.69,17.7,231000,4088500.1532
2026-09-18 09:43:00,17.7,17.71,17.69,17.7,310900,5502719.1797
2026-09-18 09:44:00,17.7,17.71,17.69,17.7,229800,4067604.1279
2026-09-18 09:45:00,17.7,17.71,17.69,17.7,232800,4119913.098
2026-09-18 09:46:00,17.7,17.71,17.69,17.7,457400,8096934.1243
2026-09-18 09:47:00,17.7,17.71,17.69,17.7,270700,4791459.1924
2026-09-18 09:48:00,17.7,17.71,17.7,17.7,104600,1852034.9561
2026-09-18 09:49:00,17.71,17.72,17.7,17.72,369700,6547184.5961
2026-09-18 09:50:00,17.72,17.74,17.71,17.74,727169,12884953.4813
2026-09-18 09:51:00,17.74,17.75,17.73,17.74,324200,5751536.0
2026-09-18 09:52:00,17.74,17.74,17.72,17.72,238300,4225442.9951
2026-09-18 09:53:00,17.73,17.74,17.72,17.73,204400,3624595.9972
2026-09-18 09:54:00,17.72,17.74,17.72,17.72,92100,1632955.9996
2026-09-18 09:55:00,17.73,17.74,17.72,17.73,65500,1161366.9993
2026-09-18 09:56:00,17.74,17.74,17.73,17.73,68900,1222007.0
2026-09-18 09:57:00,17.74,17.75,17.73,17.75,629800,11175790.0
2026-09-18 09:58:00,17.75,17.75,17.73,17.74,331000,5872405.0
2026-09-18 09:59:00,17.73,17.74,17.73,17.73,231300,4101664.0
2026-09-18 10:00:00,17.73,17.74,17.73,17.74,253500,4496046.0
2026-09-18 10:01:00,17.74,17.74,17.72,17.72,284300,5040186.9783
2026-09-18 10:02:00,17.73,17.74,17.72,17.73,311426,5521734.9531
2026-09-18 10:03:00,17.73,17.75,17.73,17.74,315500,5596230.9858
2026-09-18 10:04:00,17.74,17.75,17.73,17.75,98000,1738691.0
2026-09-18 10:05:00,17.75,17.75,17.73,17.74,159300,2826568.0
2026-09-18 10:06:00,17.74,17.76,17.74,17.76,380800,6759236.0
2026-09-18 10:07:00,17.76,17.76,17.74,17.74,324400,5759002.0
2026-09-18 10:08:00,17.75,17.76,17.75,17.76,354600,6295891.0
2026-09-18 10:09:00,17.76,17.77,17.75,17.77,318000,5648545.0
2026-09-18 10:10:00,17.77,17.77,17.75,17.75,314700,5588042.0
2026-09-18 10:11:00,17.76,17.78,17.75,17.78,859531,15271221.0001
2026-09-18 10:12:00,17.78,17.78,17.75,17.76,264400,4696637.0048
2026-09-18 10:13:00,17.75,17.77,17.75,17.76,339100,6021529.0
2026-09-18 10:14:00,17.76,17.77,17.74,17.75,890500,15814490.0
2026-09-18 10:15:00,17.75,17.76,17.74,17.76,208200,3695476.0
2026-09-18 10:16:00,17.76,17.78,17.75,17.75,405400,7200399.0001
2026-09-18 10:17:00,17.75,17.78,17.75,17.77,423700,7525691.006
2026-09-18 10:18:00,17.77,17.79,17.77,17.78,556700,9898875.3521
2026-09-18 10:19:00,17.79,17.79,17.77,17.78,372500,6624212.2563
2026-09-18 10:20:00,17.78,17.79,17.77,17.79,247200,4396406.1678
2026-09-18 10:21:00,17.78,17.8,17.78,17.79,373400,6643486.2749
2026-09-18 10:22:00,17.8,17.8,17.79,17.8,71200,1266828.054
2026-09-18 10:23:00,17.8,17.8,17.79,17.79,234300,4168834.145
2026-09-18 10:24:00,17.79,17.81,17.78,17.8,518500,9227004.0636
2026-09-18 10:25:00,17.8,17.82,17.8,17.81,499500,8895029.8827
2026-09-18 10:26:00,17.81,17.83,17.81,17.82,929000,16555603.0
2026-09-18 10:27:00,17.82,17.83,17.82,17.82,151400,2698384.0
2026-09-18 10:28:00,17.82,17.84,17.82,17.84,399400,7122017.0
2026-09-18 10:29:00,17.84,17.84,17.83,17.84,424400,7567411.0
2026-09-18 10:30:00,17.84,17.85,17.82,17.84,855930,15267376.1875
2026-09-18 10:31:00,17.84,17.86,17.84,17.85,710300,12677893.0
2026-09-18 10:32:00,17.86,17.86,17.83,17.84,258800,4618273.0
2026-09-18 10:33:00,17.84,17.85,17.83,17.84,85500,1524979.0
2026-09-18 10:34:00,17.83,17.84,17.81,17.82,464500,8278189.0
2026-09-18 10:35:00,17.82,17.82,17.81,17.81,150900,2688271.0
2026-09-18 10:36:00,17.81,17.83,17.81,17.82,264600,4715690.0
2026-09-18 10:37:00,17.82,17.82,17.8,17.8,114900,2046547.9974
2026-09-18 10:38:00,17.8,17.81,17.79,17.81,190100,3383793.9
2026-09-18 10:39:00,17.8,17.81,17.79,17.8,139700,2486770.9202
2026-09-18 10:40:00,17.8,17.81,17.79,17.79,357800,6367831.8981
2026-09-18 10:41:00,17.8,17.8,17.79,17.8,149900,2666764.1469
2026-09-18 10:42:00,17.8,17.8,17.78,17.79,130000,2312693.1508
2026-09-18 10:43:00,17.78,17.79,17.78,17.79,24800,441072.0151
2026-09-18 10:44:00,17.78,17.8,17.78,17.79,72300,1286311.0431
2026-09-18 10:45:00,17.8,17.8,17.79,17.8,76300,1358100.954
2026-09-18 10:46:00,17.8,17.8,17.78,17.79,281800,5013228.3278
2026-09-18 10:47:00,17.8,17.8,17.79,17.79,101700,1809412.085
2026-09-18 10:48:00,17.8,17.8,17.78,17.79,110600,1968009.0475
2026-09-18 10:49:00,17.79,17.79,17.78,17.78,52500,933714.0261
2026-09-18 10:50:00,17.79,17.79,17.78,17.78,117400,2088240.1073
2026-09-18 10:51:00,17.79,17.79,17.78,17.78,246600,4385199.1821
2026-09-18 10:52:00,17.79,17.79,17.78,17.79,44800,796749.0204
2026-09-18 10:53:00,17.79,17.79,17.78,17.79,96100,1709473.1198
2026-09-18 10:54:00,17.78,17.79,17.78,17.78,54400,967639.0584
2026-09-18 10:55:00,17.79,17.8,17.78,17.8,167400,2977813.145
2026-09-18 10:56:00,17.8,17.8,17.78,17.79,172000,3059620.1971
2026-09-18 10:57:00,17.79,17.8,17.78,17.79,88700,1577808.0875
2026-09-18 10:58:00,17.8,17.8,17.79,17.79,40200,715234.0375
2026-09-18 10:59:00,17.8,17.8,17.79,17.79,63600,1131567.0559
2026-09-18 11:00:00,17.8,17.8,17.78,17.8,237000,4216340.2563
2026-09-18 11:01:00,17.8,17.8,17.78,17.78,34100,606592.036
2026-09-18 11:02:00,17.78,17.79,17.77,17.78,357100,6349234.1128
2026-09-18 11:03:00,17.77,17.78,17.77,17.78,601300,10685280.0128
2026-09-18 11:04:00,17.78,17.78,17.76,17.77,79000,1403866.0043
2026-09-18 11:05:00,17.77,17.78,17.76,17.78,80700,1434101.0073
2026-09-18 11:06:00,17.78,17.78,17.77,17.77,33400,593715.01
2026-09-18 11:07:00,17.77,17.78,17.77,17.78,60800,1080704.0118
2026-09-18 11:08:00,17.78,17.78,17.77,17.77,11500,204452.0057
2026-09-18 11:09:00,17.78,17.78,17.77,17.78,49800,885345.0219
2026-09-18 11:10:00,17.78,17.78,17.77,17.77,21100,375120.0095
2026-09-18 11:11:00,17.77,17.78,17.77,17.78,22200,394647.0062
2026-09-18 11:12:00,17.77,17.79,17.77,17.78,140400,2496231.0404
2026-09-18 11:13:00,17.78,17.79,17.77,17.78,78400,1394073.0394
2026-09-18 11:14:00,17.78,17.79,17.78,17.79,71500,1271535.0502
2026-09-18 11:15:00,17.78,17.79,17.77,17.78,75200,1337173.0458
2026-09-18 11:16:00,17.78,17.79,17.78,17.79,68400,1216714.0734
2026-09-18 11:17:00,17.79,17.8,17.78,17.8,89800,1597533.0734
2026-09-18 11:18:00,17.79,17.79,17.78,17.79,38900,691949.036
2026-09-18 11:19:00,17.79,17.79,17.78,17.78,60600,1077691.0349
2026-09-18 11:20:00,17.79,17.79,17.78,17.78,62100,1104502.057
2026-09-18 11:21:00,17.79,17.79,17.78,17.79,60100,1069042.0511
2026-09-18 11:22:00,17.78,17.79,17.78,17.78,91700,1630714.0387
2026-09-18 11:23:00,17.79,17.79,17.78,17.79,72100,1282081.033
2026-09-18 11:24:00,17.78,17.79,17.77,17.78,177500,3156205.1099
2026-09-18 11:25:00,17.78,17.79,17.78,17.79,77100,1371239.0695
2026-09-18 11:26:00,17.79,17.79,17.78,17.79,76600,1362242.0527
2026-09-18 11:27:00,17.79,17.79,17.78,17.79,83900,1492170.074
2026-09-18 11:28:00,17.78,17.79,17.78,17.79,103100,1833467.082
2026-09-18 11:29:00,17.79,17.8,17.78,17.79,120900,2151002.0802
2026-09-18 11:30:00,17.79,17.79,17.78,17.79,82100,1460273.0573
2026-09-18 13:01:00,17.79,17.8,17.77,17.77,795700,14144446.2687
2026-09-18 13:02:00,17.77,17.78,17.76,17.77,176800,3141046.0037
2026-09-18 13:03:00,17.77,17.77,17.76,17.77,81300,1444207.0
2026-09-18 13:04:00,17.77,17.78,17.76,17.77,188000,3340932.0333
2026-09-18 13:05:00,17.77,17.78,17.77,17.78,39700,705604.0103
2026-09-18 13:06:00,17.77,17.78,17.77,17.77,80700,1434111.0035
2026-09-18 13:07:00,17.77,17.78,17.77,17.78,70100,1246003.0277
2026-09-18 13:08:00,17.77,17.78,17.76,17.77,162400,2885340.0
2026-09-18 13:09:00,17.76,17.78,17.76,17.78,125600,2232097.0156
2026-09-18 13:10:00,17.77,17.78,17.76,17.77,555000,9861899.0045
2026-09-18 13:11:00,17.77,17.78,17.76,17.77,218400,3879576.0005
2026-09-18 13:12:00,17.77,17.78,17.76,17.77,261200,4640874.0
2026-09-18 13:13:00,17.76,17.79,17.76,17.79,382600,6800845.0981
2026-09-18 13:14:00,17.79,17.79,17.77,17.78,102300,1819263.0779
2026-09-18 13:15:00,17.78,17.79,17.77,17.78,129800,2307827.0667
2026-09-18 13:16:00,17.78,17.79,17.77,17.77,124500,2213822.0806
2026-09-18 13:17:00,17.77,17.79,17.77,17.78,132600,2357717.049
2026-09-18 13:18:00,17.78,17.79,17.78,17.79,96800,1721601.0994
2026-09-18 13:19:00,17.78,17.79,17.78,17.79,69000,1227366.0708
2026-09-18 13:20:00,17.79,17.79,17.78,17.78,36100,642126.0299
2026-09-18 13:21:00,17.78,17.81,17.78,17.8,235742,4195618.6226
2026-09-18 13:22:00,17.8,17.81,17.78,17.78,206000,3665354.1005
2026-09-18 13:23:00,17.79,17.79,17.78,17.78,66500,1182568.0581
2026-09-18 13:24:00,17.78,17.79,17.78,17.78,73400,1305352.0431
2026-09-18 13:25:00,17.78,17.79,17.78,17.78,97600,1735578.0662
2026-09-18 13:26:00,17.78,17.8,17.78,17.8,542600,9653591.5021
2026-09-18 13:27:00,17.79,17.8,17.79,17.79,110699,1969589.2758
2026-09-18 13:28:00,17.79,17.8,17.79,17.79,77000,1370007.0641
2026-09-18 13:29:00,17.79,17.8,17.78,17.78,145100,2580288.057
2026-09-18 13:30:00,17.78,17.79,17.77,17.78,108100,1922036.0502
2026-09-18 13:31:00,17.78,17.79,17.77,17.78,76900,1367246.0411
2026-09-18 13:32:00,17.78,17.79,17.77,17.78,75700,1346134.0604
2026-09-18 13:33:00,17.77,17.78,17.76,17.77,372300,6616241.0571
2026-09-18 13:34:00,17.77,17.78,17.77,17.77,108800,1933735.0183
2026-09-18 13:35:00,17.77,17.78,17.77,17.78,95300,1693691.0136
2026-09-18 13:36:00,17.77,17.78,17.77,17.77,57200,1016564.0011
2026-09-18 13:37:00,17.77,17.78,17.76,17.77,51700,918675.0011
2026-09-18 13:38:00,17.77,17.77,17.76,17.77,81900,1454981.0
2026-09-18 13:39:00,17.77,17.77,17.76,17.77,81500,1447810.0
2026-09-18 13:40:00,17.77,17.77,17.76,17.77,58900,1046309.0
2026-09-18 13:41:00,17.77,17.78,17.76,17.77,208100,3697905.0109
2026-09-18 13:42:00,17.77,17.78,17.77,17.78,59300,1053946.0083
2026-09-18 13:43:00,17.77,17.78,17.77,17.77,87000,1546162.002
2026-09-18 13:44:00,17.77,17.78,17.76,17.77,211900,3765670.0013
2026-09-18 13:45:00,17.77,17.78,17.77,17.78,50100,890348.0024
2026-09-18 13:46:00,17.78,17.79,17.77,17.78,219100,3895444.0989
2026-09-18 13:47:00,17.77,17.78,17.77,17.78,52800,938470.0067
2026-09-18 13:48:00,17.78,17.78,17.77,17.77,113600,2019173.0227
2026-09-18 13:49:00,17.78,17.78,17.77,17.78,97800,1738648.0211
2026-09-18 13:50:00,17.78,17.78,17.77,17.78,72100,1281819.0325
2026-09-18 13:51:00,17.77,17.78,17.77,17.78,116100,2063671.0238
2026-09-18 13:52:00,17.78,17.78,17.77,17.77,56400,1002650.0164
2026-09-18 13:53:00,17.78,17.78,17.77,17.78,169000,3003568.0302
2026-09-18 13:54:00,17.77,17.78,17.77,17.77,100600,1788184.0142
2026-09-18 13:55:00,17.77,17.78,17.77,17.77,50200,892187.0055
2026-09-18 13:56:00,17.77,17.78,17.76,17.77,193600,3440648.0127
2026-09-18 13:57:00,17.78,17.78,17.76,17.78,58900,1046878.0099
2026-09-18 13:58:00,17.77,17.78,17.77,17.77,87600,1556971.0159
2026-09-18 13:59:00,17.77,17.78,17.77,17.78,158400,2815719.0497
2026-09-18 14:00:00,17.77,17.78,17.77,17.77,118500,2106143.0112
2026-09-18 14:01:00,17.78,17.78,17.77,17.77,48100,854975.0135
2026-09-18 14:02:00,17.77,17.78,17.77,17.77,58500,1039742.0146
2026-09-18 14:03:00,17.77,17.78,17.76,17.77,349700,6214086.004
2026-09-18 14:04:00,17.77,17.78,17.76,17.77,94300,1675242.0057
2026-09-18 14:05:00,17.76,17.77,17.76,17.76,314500,5586271.0
2026-09-18 14:06:00,17.76,17.77,17.76,17.77,175300,3114031.0
2026-09-18 14:07:00,17.77,17.78,17.75,17.75,990700,17590574.0004
2026-09-18 14:08:00,17.76,17.76,17.75,17.76,58400,1036916.0
2026-09-18 14:09:00,17.76,17.77,17.75,17.76,346400,6151731.0
2026-09-18 14:10:00,17.77,17.77,17.75,17.75,151000,2681808.0
2026-09-18 14:11:00,17.75,17.76,17.75,17.76,64100,1137935.0
2026-09-18 14:12:00,17.76,17.76,17.75,17.76,266900,4739972.0
2026-09-18 14:13:00,17.76,17.76,17.74,17.75,832700,14780077.0
2026-09-18 14:14:00,17.75,17.75,17.74,17.75,136000,2413398.0
2026-09-18 14:15:00,17.75,17.75,17.74,17.75,138200,2452312.0
2026-09-18 14:16:00,17.75,17.75,17.74,17.75,153000,2714911.0
2026-09-18 14:17:00,17.74,17.76,17.74,17.74,922400,16372797.0
2026-09-18 14:18:00,17.75,17.76,17.74,17.76,181500,3221591.0
2026-09-18 14:19:00,17.75,17.76,17.75,17.75,94200,1672445.0
2026-09-18 14:20:00,17.75,17.76,17.75,17.76,98500,1748602.0
2026-09-18 14:21:00,17.75,17.76,17.75,17.76,369500,6559029.0
2026-09-18 14:22:00,17.75,17.76,17.74,17.75,174400,3095682.0
2026-09-18 14:23:00,17.75,17.75,17.74,17.74,95700,1698102.0
2026-09-18 14:24:00,17.74,17.75,17.74,17.74,175900,3121756.0
2026-09-18 14:25:00,17.75,17.75,17.74,17.74,118900,2109948.0
2026-09-18 14:26:00,17.74,17.76,17.74,17.76,449900,7985420.0
2026-09-18 14:27:00,17.75,17.76,17.75,17.76,96700,1716951.0
2026-09-18 14:28:00,17.75,17.76,17.74,17.74,496200,8807973.0
2026-09-18 14:29:00,17.74,17.76,17.74,17.75,194600,3454045.0
2026-09-18 14:30:00,17.75,17.76,17.75,17.75,106400,1888777.0
2026-09-18 14:31:00,17.76,17.76,17.75,17.75,245800,4363365.0
2026-09-18 14:32:00,17.75,17.76,17.74,17.75,240700,4272525.0
2026-09-18 14:33:00,17.75,17.76,17.74,17.75,193300,3430677.0
2026-09-18 14:34:00,17.75,17.76,17.74,17.75,202500,3594195.0
2026-09-18 14:35:00,17.75,17.76,17.74,17.75,250100,4440037.0
2026-09-18 14:36:00,17.75,17.76,17.74,17.75,142200,2524299.0
2026-09-18 14:37:00,17.75,17.77,17.75,17.75,423572,7521412.0
2026-09-18 14:38:00,17.76,17.76,17.75,17.76,145000,2574955.0
2026-09-18 14:39:00,17.75,17.77,17.75,17.77,317700,5641910.0
2026-09-18 14:40:00,17.76,17.77,17.75,17.76,100900,1791987.0
2026-09-18 14:41:00,17.76,17.76,17.75,17.75,130200,2312043.0
2026-09-18 14:42:00,17.76,17.76,17.75,17.75,312194,5542239.5
2026-09-18 14:43:00,17.75,17.76,17.75,17.75,233900,4152024.0
2026-09-18 14:44:00,17.76,17.76,17.75,17.75,134200,2382515.0
2026-09-18 14:45:00,17.75,17.76,17.75,17.75,231200,4104072.0
2026-09-18 14:46:00,17.75,17.76,17.74,17.75,584600,10375958.0
2026-09-18 14:47:00,17.75,17.76,17.74,17.75,156500,2778268.0
2026-09-18 14:48:00,17.75,17.76,17.75,17.75,146600,2602648.0
2026-09-18 14:49:00,17.75,17.76,17.75,17.76,191300,3396667.0
2026-09-18 14:50:00,17.76,17.76,17.75,17.75,219000,3888872.0
2026-09-18 14:51:00,17.76,17.77,17.75,17.77,281300,4997183.0
2026-09-18 14:52:00,17.77,17.78,17.76,17.77,501300,8910160.0708
2026-09-18 14:53:00,17.78,17.78,17.76,17.77,566600,10067917.0092
2026-09-18 14:54:00,17.76,17.77,17.76,17.77,273300,4855081.0
2026-09-18 14:55:00,17.76,17.77,17.75,17.76,548763,9744835.8812
2026-09-18 14:56:00,17.77,17.77,17.75,17.76,271927,4830483.8962
2026-09-18 14:57:00,17.76,17.77,17.76,17.77,202362,3595101.1204
2026-09-18 15:00:00,17.78,17.78,17.78,17.78,5267800,93661487.4725
2026-09-21 09:31:00,17.76,17.76,17.62,17.71,4887738,86472549.1256
2026-09-21 09:32:00,17.72,17.74,17.69,17.73,788500,13967608.7789
2026-09-21 09:33:00,17.73,17.74,17.71,17.73,752200,13331749.709
2026-09-21 09:34:00,17.73,17.73,17.7,17.73,629100,11147220.653
2026-09-21 09:35:00,17.73,17.73,17.68,17.68,1090800,19311306.9954
2026-09-21 09:36:00,17.69,17.72,17.67,17.72,1276500,22588392.8066
2026-09-21 09:37:00,17.72,17.75,17.71,17.73,1090100,19330205.9355
2026-09-21 09:38:00,17.72,17.74,17.72,17.74,190200,3372027.9608
2026-09-21 09:39:00,17.73,17.75,17.73,17.75,842300,14946357.0
2026-09-21 09:40:00,17.74,17.75,17.73,17.74,310700,5510948.0
2026-09-21 09:41:00,17.74,17.74,17.72,17.73,727900,12902632.7957
2026-09-21 09:42:00,17.72,17.74,17.71,17.73,429300,7608811.868
2026-09-21 09:43:00,17.72,17.74,17.72,17.73,279000,4946774.9902
2026-09-21 09:44:00,17.73,17.74,17.71,17.72,537253,9522086.4751
2026-09-21 09:45:00,17.73,17.75,17.72,17.74,301700,5353285.9999
2026-09-21 09:46:00,17.74,17.76,17.73,17.74,306700,5443343.0
2026-09-21 09:47:00,17.74,17.75,17.73,17.74,253600,4499492.0
2026-09-21 09:48:00,17.74,17.76,17.74,17.75,139200,2470748.0
2026-09-21 09:49:00,17.75,17.76,17.74,17.75,107500,1908115.0
2026-09-21 09:50:00,17.75,17.75,17.72,17.74,602600,10684493.9431
2026-09-21 09:51:00,17.74,17.75,17.73,17.74,208000,3690380.0
2026-09-21 09:52:00,17.74,17.74,17.73,17.73,276400,4901344.0
2026-09-21 09:53:00,17.74,17.75,17.73,17.75,148000,2625163.0
2026-09-21 09:54:00,17.74,17.74,17.72,17.73,262600,4656333.9979
2026-09-21 09:55:00,17.73,17.74,17.73,17.74,67300,1193556.0
2026-09-21 09:56:00,17.74,17.75,17.73,17.74,120400,2135594.0
2026-09-21 09:57:00,17.73,17.75,17.73,17.74,208100,3691117.0
2026-09-21 09:58:00,17.73,17.75,17.73,17.74,148500,2634349.0
2026-09-21 09:59:00,17.73,17.75,17.73,17.74,477000,8459104.0
2026-09-21 10:00:00,17.74,17.74,17.73,17.74,196800,3490380.0
2026-09-21 10:01:00,17.74,17.76,17.73,17.75,285600,5069042.0
2026-09-21 10:02:00,17.75,17.75,17.74,17.75,169100,3000550.0
2026-09-21 10:03:00,17.74,17.75,17.74,17.74,91100,1616522.0
2026-09-21 10:04:00,17.75,17.75,17.73,17.73,281300,4989893.0
2026-09-21 10:05:00,17.74,17.74,17.71,17.72,678100,12019402.8567
2026-09-21 10:06:00,17.72,17.72,17.7,17.71,629900,11155494.4292
2026-09-21 10:07:00,17.72,17.72,17.7,17.72,256400,4540838.7784
2026-09-21 10:08:00,17.71,17.72,17.71,17.71,81000,1435091.9447
2026-09-21 10:09:00,17.71,17.73,17.71,17.72,149900,2656076.901
2026-09-21 10:10:00,17.72,17.73,17.72,17.72,113000,2003057.9819
2026-09-21 10:11:00,17.72,17.73,17.71,17.72,153700,2723629.9484
2026-09-21 10:12:00,17.72,17.72,17.71,17.71,118900,2106744.9329
2026-09-21 10:13:00,17.72,17.72,17.71,17.72,212100,3757953.8682
2026-09-21 10:14:00,17.72,17.72,17.7,17.7,535500,9483845.4384
2026-09-21 10:15:00,17.71,17.72,17.7,17.71,276000,4888018.6709
2026-09-21 10:16:00,17.71,17.72,17.7,17.72,77000,1363618.9232
2026-09-21 10:17:00,17.72,17.72,17.71,17.71,175500,3108287.822
2026-09-21 10:18:00,17.72,17.73,17.71,17.72,162900,2886508.923
2026-09-21 10:19:00,17.72,17.72,17.71,17.71,111900,1982652.9617
2026-09-21 10:20:00,17.72,17.72,17.71,17.71,78000,1382066.9493
2026-09-21 10:21:00,17.72,17.73,17.7,17.71,446000,7898511.5714
2026-09-21 10:22:00,17.71,17.72,17.71,17.72,83900,1486150.9612
2026-09-21 10:23:00,17.72,17.73,17.71,17.72,157400,2789107.8945
2026-09-21 10:24:00,17.72,17.73,17.71,17.72,53700,951409.9594
2026-09-21 10:25:00,17.72,17.72,17.71,17.72,107800,1909826.9545
2026-09-21 10:26:00,17.72,17.72,17.71,17.72,83400,1477402.9149
2026-09-21 10:27:00,17.72,17.73,17.71,17.72,55100,976113.9556
2026-09-21 10:28:00,17.72,17.72,17.71,17.72,39400,698074.9696
2026-09-21 10:29:00,17.72,17.73,17.71,17.72,148400,2629682.931
2026-09-21 10:30:00,17.73,17.73,17.71,17.73,169700,3007263.9354
2026-09-21 10:31:00,17.72,17.73,17.72,17.72,125700,2227903.9714
2026-09-21 10:32:00,17.73,17.74,17.72,17.72,124000,2198283.99
2026-09-21 10:33:00,17.72,17.73,17.71,17.72,138900,2461140.9207
2026-09-21 10:34:00,17.71,17.72,17.71,17.72,60100,1064591.9493
2026-09-21 10:35:00,17.71,17.72,17.71,17.71,299300,5300970.6937
2026-09-21 10:36:00,17.71,17.72,17.71,17.71,185400,3283850.8073
2026-09-21 10:37:00,17.71,17.72,17.71,17.71,50356,892013.7144
2026-09-21 10:38:00,17.71,17.72,17.71,17.71,283200,5016845.7979
2026-09-21 10:39:00,17.72,17.73,17.71,17.72,217600,3856423.929
2026-09-21 10:40:00,17.73,17.73,17.71,17.71,175100,3102330.893
2026-09-21 10:41:00,17.72,17.72,17.71,17.72,91900,1627878.9217
2026-09-21 10:42:00,17.72,17.72,17.71,17.71,51600,914117.969
2026-09-21 10:43:00,17.72,17.73,17.71,17.72,257200,4557733.7898
2026-09-21 10:44:00,17.72,17.72,17.71,17.71,245300,4345505.8257
2026-09-21 10:45:00,17.72,17.73,17.71,17.71,89700,1589238.9409
2026-09-21 10:46:00,17.72,17.73,17.71,17.72,91500,1621299.9412
2026-09-21 10:47:00,17.72,17.73,17.72,17.72,56800,1006682.9799
2026-09-21 10:48:00,17.73,17.73,17.71,17.72,143500,2542997.9442
2026-09-21 10:49:00,17.72,17.73,17.71,17.71,128400,2274750.9059
2026-09-21 10:50:00,17.72,17.72,17.71,17.72,72800,1289875.9652
2026-09-21 10:51:00,17.72,17.73,17.71,17.71,58800,1041831.9722
2026-09-21 10:52:00,17.72,17.72,17.71,17.72,115000,2037165.9009
2026-09-21 10:53:00,17.72,17.72,17.71,17.71,112100,1986018.9229
2026-09-21 10:54:00,17.71,17.72,17.71,17.72,71100,1259687.9637
2026-09-21 10:55:00,17.71,17.72,17.71,17.71,43000,761682.9567
2026-09-21 10:56:00,17.71,17.72,17.71,17.71,108800,1927647.9322
2026-09-21 10:57:00,17.71,17.73,17.71,17.72,262700,4654929.8651
2026-09-21 10:58:00,17.72,17.73,17.72,17.73,58600,1038754.9871
2026-09-21 10:59:00,17.72,17.74,17.72,17.73,147900,2622311.9933
2026-09-21 11:00:00,17.74,17.74,17.73,17.73,56700,1005430.0
2026-09-21 11:01:00,17.74,17.74,17.73,17.73,37700,668545.0
2026-09-21 11:02:00,17.73,17.74,17.73,17.73,90100,1597530.0
2026-09-21 11:03:00,17.73,17.74,17.73,17.74,32000,567548.0
2026-09-21 11:04:00,17.74,17.74,17.73,17.74,90200,1599828.0
2026-09-21 11:05:00,17.74,17.74,17.73,17.73,63747,1130469.3047
2026-09-21 11:06:00,17.74,17.74,17.73,17.74,131100,2324777.9904
2026-09-21 11:07:00,17.73,17.74,17.73,17.74,98300,1742941.9899
2026-09-21 11:08:00,17.74,17.74,17.73,17.73,49000,868920.0
2026-09-21 11:09:00,17.73,17.74,17.73,17.74,37000,656074.0
2026-09-21 11:10:00,17.73,17.74,17.73,17.73,30500,540881.0
2026-09-21 11:11:00,17.74,17.74,17.72,17.72,265553,4708259.6658
2026-09-21 11:12:00,17.73,17.73,17.72,17.72,32600,577756.9965
2026-09-21 11:13:00,17.72,17.73,17.72,17.72,29900,529936.9885
2026-09-21 11:14:00,17.72,17.73,17.72,17.72,38000,673382.9796
2026-09-21 11:15:00,17.72,17.73,17.72,17.73,66900,1185732.9799
2026-09-21 11:16:00,17.72,17.73,17.72,17.73,95500,1693044.9902
2026-09-21 11:17:00,17.73,17.73,17.72,17.72,93307,1654082.0284
2026-09-21 11:18:00,17.72,17.73,17.72,17.73,48300,856087.9824
2026-09-21 11:19:00,17.72,17.73,17.72,17.73,29800,528229.9922
2026-09-21 11:20:00,17.73,17.73,17.72,17.73,84800,1502697.9526
2026-09-21 11:21:00,17.72,17.73,17.71,17.72,174693,3095312.8628
2026-09-21 11:22:00,17.72,17.72,17.71,17.72,88800,1573095.9343
2026-09-21 11:23:00,17.71,17.72,17.71,17.72,81100,1436810.9471
2026-09-21 11:24:00,17.71,17.72,17.71,17.71,52500,929993.9679
2026-09-21 11:25:00,17.71,17.72,17.71,17.71,29600,524340.9776
2026-09-21 11:26:00,17.72,17.72,17.7,17.7,604144,10699167.6072
2026-09-21 11:27:00,17.71,17.71,17.7,17.71,69400,1228734.985
2026-09-21 11:28:00,17.7,17.71,17.7,17.71,51700,915274.0131
2026-09-21 11:29:00,17.7,17.71,17.7,17.71,62400,1104708.9957
2026-09-21 11:30:00,17.7,17.71,17.7,17.71,65500,1159560.988
2026-09-21 13:01:00,17.71,17.73,17.7,17.71,561599,9946438.8835
2026-09-21 13:02:00,17.71,17.72,17.7,17.71,207100,3668586.8525
2026-09-21 13:03:00,17.72,17.73,17.72,17.72,131800,2335646.949
2026-09-21 13:04:00,17.72,17.72,17.71,17.72,77400,1371137.9427
2026-09-21 13:05:00,17.72,17.73,17.71,17.72,132500,2347816.9504
2026-09-21 13:06:00,17.72,17.72,17.71,17.72,88700,1571161.9456
2026-09-21 13:07:00,17.71,17.72,17.71,17.72,49700,880466.9626
2026-09-21 13:08:00,17.71,17.73,17.71,17.72,301600,5344348.8845
2026-09-21 13:09:00,17.72,17.73,17.71,17.72,81300,1440579.9703
2026-09-21 13:10:00,17.72,17.73,17.71,17.72,113500,2011135.9445
2026-09-21 13:11:00,17.72,17.73,17.71,17.72,76500,1355595.9647
2026-09-21 13:12:00,17.72,17.72,17.71,17.72,122700,2173867.932
2026-09-21 13:13:00,17.71,17.72,17.71,17.71,30400,538553.979
2026-09-21 13:14:00,17.72,17.72,17.71,17.71,83600,1481053.9343
2026-09-21 13:15:00,17.71,17.72,17.71,17.72,202300,3584016.8309
2026-09-21 13:16:00,17.71,17.72,17.71,17.71,67300,1192041.9375
2026-09-21 13:17:00,17.71,17.73,17.71,17.71,377000,6679648.7604
2026-09-21 13:18:00,17.71,17.72,17.71,17.71,61400,1087519.9435
2026-09-21 13:19:00,17.71,17.72,17.71,17.71,180200,3191591.8342
2026-09-21 13:20:00,17.71,17.71,17.7,17.71,451000,7984955.8889
2026-09-21 13:21:00,17.71,17.71,17.68,17.69,2359400,41749199.6362
2026-09-21 13:22:00,17.69,17.7,17.68,17.7,239800,4242129.0068
2026-09-21 13:23:00,17.7,17.7,17.69,17.7,32700,578564.0088
2026-09-21 13:24:00,17.69,17.7,17.69,17.69,110300,1951743.0242
2026-09-21 13:25:00,17.7,17.7,17.69,17.7,76100,1346400.0138
2026-09-21 13:26:00,17.7,17.7,17.69,17.7,114600,2027663.0211
2026-09-21 13:27:00,17.69,17.71,17.68,17.69,707900,12525634.1405
2026-09-21 13:28:00,17.69,17.69,17.68,17.68,171600,3035424.0
2026-09-21 13:29:00,17.69,17.69,17.68,17.69,236900,4189550.0
2026-09-21 13:30:00,17.69,17.69,17.68,17.69,51900,917902.0
2026-09-21 13:31:00,17.68,17.69,17.68,17.69,58700,1038167.0
2026-09-21 13:32:00,17.69,17.7,17.68,17.7,116800,2066215.0006
2026-09-21 13:33:00,17.69,17.7,17.69,17.7,345100,6107684.0066
2026-09-21 13:34:00,17.69,17.7,17.69,17.7,27100,479542.0117
2026-09-21 13:35:00,17.69,17.7,17.68,17.69,335100,5927674.0067
2026-09-21 13:36:00,17.69,17.7,17.68,17.69,111400,1970632.0117
2026-09-21 13:37:00,17.69,17.69,17.68,17.69,69200,1224003.0
2026-09-21 13:38:00,17.69,17.69,17.68,17.69,48500,857859.0
2026-09-21 13:39:00,17.69,17.69,17.68,17.69,156200,2763065.0156
2026-09-21 13:40:00,17.69,17.7,17.68,17.69,200500,3546905.004
2026-09-21 13:41:00,17.69,17.7,17.68,17.7,28900,511337.0021
2026-09-21 13:42:00,17.7,17.7,17.69,17.7,74300,1314935.0389
2026-09-21 13:43:00,17.7,17.7,17.69,17.69,28400,502569.0122
2026-09-21 13:44:00,17.69,17.7,17.69,17.7,47700,844144.0363
2026-09-21 13:45:00,17.7,17.7,17.69,17.7,48300,854771.0176
2026-09-21 13:46:00,17.7,17.7,17.69,17.7,119600,2116476.0546
2026-09-21 13:47:00,17.7,17.7,17.69,17.7,47000,831792.0237
2026-09-21 13:48:00,17.69,17.7,17.69,17.69,65500,1159063.0245
2026-09-21 13:49:00,17.7,17.7,17.69,17.7,60500,1070575.0182
2026-09-21 13:50:00,17.69,17.7,17.69,17.69,93600,1656314.0232
2026-09-21 13:51:00,17.69,17.7,17.69,17.7,67100,1187398.0264
2026-09-21 13:52:00,17.7,17.7,17.69,17.69,269800,4773393.024
2026-09-21 13:53:00,17.69,17.7,17.69,17.69,162700,2879327.0262
2026-09-21 13:54:00,17.7,17.7,17.69,17.7,547200,9684406.2686
2026-09-21 13:55:00,17.7,17.71,17.69,17.71,367700,6509571.9664
2026-09-21 13:56:00,17.71,17.71,17.7,17.71,132400,2344668.8655
2026-09-21 13:57:00,17.7,17.72,17.7,17.72,149800,2653036.8088
2026-09-21 13:58:00,17.71,17.72,17.71,17.72,91300,1617774.9574
2026-09-21 13:59:00,17.72,17.72,17.71,17.71,52100,922969.9631
2026-09-21 14:00:00,17.72,17.72,17.71,17.72,73500,1302222.9705
2026-09-21 14:01:00,17.72,17.72,17.71,17.72,118100,2092678.936
2026-09-21 14:02:00,17.72,17.73,17.71,17.72,261900,4640259.8109
2026-09-21 14:03:00,17.73,17.73,17.72,17.73,62500,1107682.9888
2026-09-21 14:04:00,17.72,17.73,17.72,17.72,72100,1277838.9868
2026-09-21 14:05:00,17.73,17.73,17.72,17.72,299800,5315043.9806
2026-09-21 14:06:00,17.73,17.73,17.72,17.73,71400,1265876.9977
2026-09-21 14:07:00,17.73,17.73,17.72,17.72,39700,703763.9966
2026-09-21 14:08:00,17.72,17.73,17.72,17.72,277500,4917508.8654
2026-09-21 14:09:00,17.72,17.73,17.71,17.72,114200,2023520.9241
2026-09-21 14:10:00,17.72,17.73,17.72,17.72,31800,563622.9865
2026-09-21 14:11:00,17.72,17.73,17.71,17.72,119400,2115750.9431
2026-09-21 14:12:00,17.71,17.72,17.71,17.71,71600,1268300.9261
2026-09-21 14:13:00,17.71,17.72,17.71,17.72,41000,726368.9608
2026-09-21 14:14:00,17.71,17.72,17.71,17.71,81500,1443676.9058
2026-09-21 14:15:00,17.72,17.72,17.71,17.72,60700,1075430.9464
2026-09-21 14:16:00,17.72,17.72,17.71,17.71,63600,1126599.9359
2026-09-21 14:17:00,17.72,17.72,17.71,17.71,141900,2514258.8964
2026-09-21 14:18:00,17.71,17.72,17.71,17.72,118300,2096000.9159
2026-09-21 14:19:00,17.72,17.72,17.71,17.72,137200,2431101.9327
2026-09-21 14:20:00,17.71,17.73,17.71,17.72,93100,1649633.9492
2026-09-21 14:21:00,17.72,17.73,17.71,17.71,117600,2083711.929
2026-09-21 14:22:00,17.72,17.72,17.71,17.72,89300,1582221.9537
2026-09-21 14:23:00,17.72,17.72,17.71,17.71,103000,1824495.9033
2026-09-21 14:24:00,17.71,17.72,17.71,17.72,43300,767107.9605
2026-09-21 14:25:00,17.71,17.72,17.71,17.72,49300,873352.9636
2026-09-21 14:26:00,17.71,17.72,17.71,17.71,240300,4256300.7369
2026-09-21 14:27:00,17.72,17.72,17.71,17.72,250400,4434707.7393
2026-09-21 14:28:00,17.71,17.72,17.71,17.71,65400,1158453.9514
2026-09-21 14:29:00,17.72,17.72,17.71,17.71,426400,7552077.609
2026-09-21 14:30:00,17.71,17.72,17.7,17.71,413100,7316055.6402
2026-09-21 14:31:00,17.72,17.72,17.71,17.71,292400,5180604.8358
2026-09-21 14:32:00,17.71,17.73,17.71,17.72,541400,9591922.7029
2026-09-21 14:33:00,17.71,17.73,17.71,17.73,233200,4133107.9584
2026-09-21 14:34:00,17.72,17.73,17.72,17.73,118800,2105915.9582
2026-09-21 14:35:00,17.72,17.73,17.72,17.72,245100,4343635.8849
2026-09-21 14:36:00,17.72,17.74,17.72,17.72,275300,4880561.0703
2026-09-21 14:37:00,17.73,17.74,17.72,17.73,428100,7589451.986
2026-09-21 14:38:00,17.73,17.74,17.72,17.73,222600,3946832.0008
2026-09-21 14:39:00,17.73,17.74,17.73,17.73,90700,1608377.9914
2026-09-21 14:40:00,17.73,17.74,17.73,17.74,85800,1521373.9984
2026-09-21 14:41:00,17.73,17.74,17.72,17.73,478721,8488185.1177
2026-09-21 14:42:00,17.73,17.74,17.72,17.73,262000,4645483.9999
2026-09-21 14:43:00,17.74,17.74,17.72,17.74,172500,3058833.9859
2026-09-21 14:44:00,17.73,17.74,17.72,17.73,207200,3673700.9858
2026-09-21 14:45:00,17.73,17.74,17.73,17.74,138800,2461707.0
2026-09-21 14:46:00,17.74,17.74,17.73,17.73,371900,6595813.0
2026-09-21 14:47:00,17.74,17.74,17.73,17.73,224700,3985400.0
2026-09-21 14:48:00,17.74,17.74,17.73,17.74,75600,1340784.0
2026-09-21 14:49:00,17.74,17.74,17.73,17.73,208400,3695917.0
2026-09-21 14:50:00,17.73,17.74,17.73,17.73,168400,2986761.0
2026-09-21 14:51:00,17.74,17.74,17.73,17.74,277500,4921593.0
2026-09-21 14:52:00,17.74,17.75,17.73,17.74,551900,9790401.0
2026-09-21 14:53:00,17.74,17.75,17.74,17.75,181600,3222177.0
2026-09-21 14:54:00,17.75,17.75,17.74,17.74,262900,4664567.0
2026-09-21 14:55:00,17.74,17.75,17.74,17.74,495842,8798473.0801
2026-09-21 14:56:00,17.74,17.75,17.74,17.75,568048,10079712.5102
2026-09-21 14:57:00,17.74,17.75,17.73,17.75,650291,11535495.3389
2026-09-21 15:00:00,17.73,17.73,17.73,17.73,1215100,21543722.9308
2026-09-22 09:31:00,17.72,17.72,17.65,17.67,3115900,55100483.9283
2026-09-22 09:32:00,17.69,17.7,17.67,17.68,407500,7208441.083
2026-09-22 09:33:00,17.69,17.7,17.68,17.68,677500,11983490.0171
2026-09-22 09:34:00,17.68,17.69,17.67,17.67,829800,14672854.0
2026-09-22 09:35:00,17.68,17.69,17.66,17.68,784900,13873774.0
2026-09-22 09:36:00,17.69,17.7,17.67,17.68,638585,11291851.8066
2026-09-22 09:37:00,17.67,17.69,17.67,17.69,435800,7707887.0
2026-09-22 09:38:00,17.68,17.71,17.68,17.71,344700,6099527.1053
2026-09-22 09:39:00,17.71,17.73,17.7,17.73,491600,8710555.67
2026-09-22 09:40:00,17.72,17.75,17.72,17.73,689900,12237424.9995
2026-09-22 09:41:00,17.74,17.75,17.71,17.72,586600,10401346.9449
2026-09-22 09:42:00,17.72,17.73,17.71,17.72,358100,6344558.8036
2026-09-22 09:43:00,17.71,17.72,17.7,17.72,346900,6143593.7485
2026-09-22 09:44:00,17.72,17.73,17.71,17.72,479100,8489516.7164
2026-09-22 09:45:00,17.72,17.74,17.72,17.74,537300,9527734.9904
2026-09-22 09:46:00,17.74,17.74,17.72,17.74,204400,3624571.9974
2026-09-22 09:47:00,17.74,17.76,17.73,17.75,686400,12181242.0
2026-09-22 09:48:00,17.74,17.75,17.73,17.74,257600,4569923.0
2026-09-22 09:49:00,17.75,17.77,17.74,17.74,714600,12687113.0
2026-09-22 09:50:00,17.75,17.75,17.73,17.74,379600,6735364.0
2026-09-22 09:51:00,17.75,17.77,17.74,17.76,539400,9578407.0
2026-09-22 09:52:00,17.76,17.78,17.75,17.77,601050,10679564.0042
2026-09-22 09:53:00,17.77,17.78,17.74,17.75,424550,7538747.0001
2026-09-22 09:54:00,17.74,17.75,17.73,17.74,488300,8662208.0
2026-09-22 09:55:00,17.75,17.76,17.74,17.75,215800,3830816.0
2026-09-22 09:56:00,17.75,17.75,17.74,17.74,115700,2053269.0
2026-09-22 09:57:00,17.75,17.75,17.72,17.72,542900,9627196.9959
2026-09-22 09:58:00,17.72,17.74,17.72,17.74,164100,2909165.9849
2026-09-22 09:59:00,17.74,17.75,17.73,17.74,153985,2731480.0488
2026-09-22 10:00:00,17.73,17.76,17.73,17.75,345300,6128956.0
2026-09-22 10:01:00,17.75,17.76,17.74,17.74,209600,3720460.0
2026-09-22 10:02:00,17.75,17.76,17.74,17.75,114400,2030919.0
2026-09-22 10:03:00,17.76,17.76,17.75,17.75,143400,2546053.0
2026-09-22 10:04:00,17.75,17.76,17.74,17.75,136040,2414564.0
2026-09-22 10:05:00,17.75,17.76,17.75,17.75,75100,1333271.0
2026-09-22 10:06:00,17.76,17.76,17.75,17.76,353900,6283718.0
2026-09-22 10:07:00,17.76,17.77,17.75,17.75,302500,5372638.0
2026-09-22 10:08:00,17.76,17.76,17.75,17.75,230200,4087922.0
2026-09-22 10:09:00,17.76,17.77,17.75,17.75,210400,3736055.0
2026-09-22 10:10:00,17.75,17.76,17.75,17.75,226100,4015042.0
2026-09-22 10:11:00,17.76,17.77,17.75,17.77,92500,1642992.0
2026-09-22 10:12:00,17.77,17.78,17.76,17.77,437000,7765599.0094
2026-09-22 10:13:00,17.77,17.78,17.76,17.77,418400,7435161.0054
2026-09-22 10:14:00,17.78,17.78,17.77,17.77,263400,4682834.094
2026-09-22 10:15:00,17.77,17.78,17.77,17.77,164400,2922386.0359
2026-09-22 10:16:00,17.77,17.78,17.76,17.77,203600,3618329.0193
2026-09-22 10:17:00,17.78,17.78,17.77,17.77,50300,894067.0096
2026-09-22 10:18:00,17.78,17.78,17.77,17.77,235000,4177826.0505
2026-09-22 10:19:00,17.77,17.78,17.76,17.77,182700,3246234.0009
2026-09-22 10:20:00,17.77,17.77,17.75,17.76,324300,5759814.0
2026-09-22 10:21:00,17.76,17.77,17.76,17.76,72900,1294839.0
2026-09-22 10:22:00,17.76,17.77,17.76,17.76,52400,930838.0
2026-09-22 10:23:00,17.76,17.77,17.76,17.76,143800,2555040.0
2026-09-22 10:24:00,17.77,17.77,17.76,17.76,54100,961118.0
2026-09-22 10:25:00,17.76,17.77,17.75,17.75,373300,6630352.0
2026-09-22 10:26:00,17.76,17.77,17.75,17.77,309800,5502930.0
2026-09-22 10:27:00,17.77,17.78,17.77,17.78,861600,15311290.0659
2026-09-22 10:28:00,17.78,17.78,17.76,17.77,167700,2979937.0016
2026-09-22 10:29:00,17.78,17.78,17.76,17.77,145800,2591507.0632
2026-09-22 10:30:00,17.78,17.78,17.77,17.78,162400,2886593.0499
2026-09-22 10:31:00,17.77,17.8,17.77,17.79,770600,13705077.5179
2026-09-22 10:32:00,17.8,17.8,17.79,17.8,146000,2597677.1035
2026-09-22 10:33:00,17.8,17.8,17.79,17.8,223200,3971864.1039
2026-09-22 10:34:00,17.8,17.8,17.79,17.8,187100,3330109.9778
2026-09-22 10:35:00,17.79,17.81,17.79,17.81,828600,14752423.7609
2026-09-22 10:36:00,17.81,17.81,17.79,17.8,236400,4208615.8596
2026-09-22 10:37:00,17.8,17.8,17.78,17.78,203100,3613817.1339
2026-09-22 10:38:00,17.78,17.79,17.78,17.79,200500,3566495.1984
2026-09-22 10:39:00,17.79,17.8,17.79,17.79,116500,2073326.0089
2026-09-22 10:40:00,17.79,17.8,17.79,17.79,156700,2788825.0129
2026-09-22 10:41:00,17.8,17.8,17.79,17.79,115100,2048393.0109
2026-09-22 10:42:00,17.8,17.8,17.78,17.78,219000,3897089.0721
2026-09-22 10:43:00,17.79,17.79,17.77,17.77,200000,3555874.0559
2026-09-22 10:44:00,17.77,17.8,17.77,17.79,274200,4876473.1954
2026-09-22 10:45:00,17.79,17.79,17.77,17.78,186400,3314079.0876
2026-09-22 10:46:00,17.78,17.78,17.77,17.78,70600,1255137.0201
2026-09-22 10:47:00,17.78,17.79,17.77,17.79,138600,2465202.1108
2026-09-22 10:48:00,17.78,17.8,17.78,17.79,195500,3477817.2141
2026-09-22 10:49:00,17.79,17.8,17.78,17.78,69700,1239812.0681
2026-09-22 10:50:00,17.79,17.8,17.78,17.78,145200,2582904.1404
2026-09-22 10:51:00,17.78,17.8,17.78,17.8,222500,3958271.2302
2026-09-22 10:52:00,17.79,17.8,17.77,17.77,277600,4936762.2201
2026-09-22 10:53:00,17.78,17.78,17.77,17.77,285200,5069894.0045
2026-09-22 10:54:00,17.77,17.78,17.77,17.78,135200,2403481.0557
2026-09-22 10:55:00,17.78,17.78,17.77,17.77,111800,1987568.035
2026-09-22 10:56:00,17.78,17.78,17.77,17.78,108300,1925251.0282
2026-09-22 10:57:00,17.77,17.78,17.77,17.78,120400,2140557.0391
2026-09-22 10:58:00,17.78,17.79,17.77,17.78,149500,2658067.0647
2026-09-22 10:59:00,17.77,17.79,17.77,17.78,143200,2546732.1349
2026-09-22 11:00:00,17.78,17.79,17.78,17.78,74800,1330404.0748
2026-09-22 11:01:00,17.78,17.79,17.78,17.78,107091,1904915.0896
2026-09-22 11:02:00,17.78,17.79,17.78,17.79,99600,1771643.0471
2026-09-22 11:03:00,17.79,17.79,17.78,17.79,90500,1609405.0635
2026-09-22 11:04:00,17.79,17.8,17.78,17.79,305900,5442031.2768
2026-09-22 11:05:00,17.79,17.8,17.78,17.78,125000,2223815.0517
2026-09-22 11:06:00,17.78,17.8,17.78,17.79,123900,2204239.1244
2026-09-22 11:07:00,17.79,17.8,17.79,17.8,124100,2208614.9657
2026-09-22 11:08:00,17.79,17.8,17.79,17.79,184200,3277696.1271
2026-09-22 11:09:00,17.79,17.8,17.78,17.78,134700,2396295.1052
2026-09-22 11:10:00,17.79,17.8,17.78,17.78,169900,3022652.1719
2026-09-22 11:11:00,17.79,17.8,17.78,17.79,268500,4776499.3436
2026-09-22 11:12:00,17.79,17.8,17.78,17.79,223800,3981727.1414
2026-09-22 11:13:00,17.79,17.8,17.78,17.79,568700,10121004.9879
2026-09-22 11:14:00,17.78,17.8,17.78,17.8,88000,1565435.0969
2026-09-22 11:15:00,17.8,17.8,17.79,17.8,300100,5341645.918
2026-09-22 11:16:00,17.79,17.81,17.79,17.8,158100,2814095.8871
2026-09-22 11:17:00,17.8,17.81,17.8,17.8,327800,5836983.9033
2026-09-22 11:18:00,17.8,17.81,17.8,17.8,108300,1928578.9816
2026-09-22 11:19:00,17.8,17.81,17.79,17.79,179400,3193169.8412
2026-09-22 11:20:00,17.79,17.8,17.79,17.79,89900,1599951.9899
2026-09-22 11:21:00,17.79,17.81,17.79,17.8,147700,2629681.9517
2026-09-22 11:22:00,17.81,17.81,17.8,17.81,99900,1779012.9833
2026-09-22 11:23:00,17.81,17.82,17.8,17.81,272100,4846851.9978
2026-09-22 11:24:00,17.81,17.82,17.81,17.82,162800,2900832.0
2026-09-22 11:25:00,17.82,17.82,17.81,17.82,178700,3184149.0
2026-09-22 11:26:00,17.81,17.82,17.81,17.81,162600,2896675.0
2026-09-22 11:27:00,17.81,17.82,17.81,17.81,91800,1635611.0
2026-09-22 11:28:00,17.82,17.82,17.8,17.8,253300,4511180.9818
2026-09-22 11:29:00,17.8,17.81,17.8,17.8,82600,1470667.9637
2026-09-22 11:30:00,17.8,17.81,17.8,17.81,154000,2742547.9894
2026-09-22 13:01:00,17.8,17.85,17.79,17.83,1716900,30599226.9257
2026-09-22 13:02:00,17.83,17.83,17.81,17.82,206300,3676272.0
2026-09-22 13:03:00,17.82,17.82,17.81,17.81,96100,1711956.0
2026-09-22 13:04:00,17.82,17.82,17.8,17.8,127300,2267106.9945
2026-09-22 13:05:00,17.8,17.81,17.8,17.8,52500,934567.9678
2026-09-22 13:06:00,17.81,17.81,17.8,17.8,44600,794074.9821
2026-09-22 13:07:00,17.8,17.81,17.79,17.8,295500,5259691.8816
2026-09-22 13:08:00,17.8,17.81,17.79,17.79,51800,921970.976
2026-09-22 13:09:00,17.8,17.81,17.79,17.79,158300,2817569.8762
2026-09-22 13:10:00,17.79,17.81,17.79,17.8,104500,1859918.976
2026-09-22 13:11:00,17.8,17.81,17.8,17.8,44300,788570.9629
2026-09-22 13:12:00,17.8,17.81,17.8,17.8,51400,915116.9713
2026-09-22 13:13:00,17.81,17.81,17.8,17.81,194700,3467581.9973
2026-09-22 13:14:00,17.81,17.83,17.81,17.82,205600,3664127.0
2026-09-22 13:15:00,17.82,17.84,17.82,17.82,218000,3886825.0
2026-09-22 13:16:00,17.82,17.83,17.82,17.82,210500,3751195.0
2026-09-22 13:17:00,17.82,17.82,17.81,17.82,150850,2688011.0
2026-09-22 13:18:00,17.83,17.83,17.82,17.82,60300,1074632.0
2026-09-22 13:19:00,17.82,17.83,17.82,17.82,73900,1317021.0
2026-09-22 13:20:00,17.82,17.83,17.82,17.83,111900,1994602.0
2026-09-22 13:21:00,17.83,17.83,17.81,17.82,366450,6531056.0
2026-09-22 13:22:00,17.82,17.83,17.81,17.81,176100,3137762.0
2026-09-22 13:23:00,17.82,17.82,17.81,17.81,78100,1391364.0
2026-09-22 13:24:00,17.82,17.83,17.81,17.82,340400,6067008.0
2026-09-22 13:25:00,17.83,17.83,17.82,17.82,68100,1213956.0
2026-09-22 13:26:00,17.83,17.83,17.82,17.82,163000,2905986.0
2026-09-22 13:27:00,17.83,17.84,17.82,17.84,430800,7680991.0
2026-09-22 13:28:00,17.83,17.85,17.83,17.84,613600,10946711.0
2026-09-22 13:29:00,17.84,17.85,17.84,17.85,174400,3112490.0
2026-09-22 13:30:00,17.85,17.87,17.84,17.87,1658000,29603460.2167
2026-09-22 13:31:00,17.86,17.87,17.86,17.87,131100,2341805.0483
2026-09-22 13:32:00,17.86,17.87,17.86,17.87,235500,4206639.0984
2026-09-22 13:33:00,17.86,17.88,17.86,17.87,1049400,18753439.8727
2026-09-22 13:34:00,17.87,17.88,17.87,17.87,308400,5513022.9774
2026-09-22 13:35:00,17.88,17.88,17.87,17.87,104100,1860893.9849
2026-09-22 13:36:00,17.87,17.88,17.87,17.88,201850,3608361.4322
2026-09-22 13:37:00,17.87,17.88,17.86,17.86,540850,9664301.9076
2026-09-22 13:38:00,17.86,17.87,17.85,17.86,227500,4063345.0325
2026-09-22 13:39:00,17.86,17.87,17.86,17.86,65100,1162841.0272
2026-09-22 13:40:00,17.86,17.87,17.86,17.87,59700,1066406.0214
2026-09-22 13:41:00,17.87,17.87,17.86,17.87,172600,3083817.1013
2026-09-22 13:42:00,17.87,17.87,17.86,17.87,156000,2787307.1245
2026-09-22 13:43:00,17.86,17.89,17.86,17.89,1078999,19288734.989
2026-09-22 13:44:00,17.88,17.89,17.88,17.88,105000,1877896.9517
2026-09-22 13:45:00,17.89,17.89,17.87,17.87,374000,6687747.7124
2026-09-22 13:46:00,17.87,17.88,17.86,17.87,105500,1885183.0133
2026-09-22 13:47:00,17.86,17.87,17.86,17.86,90700,1620171.0291
2026-09-22 13:48:00,17.86,17.87,17.86,17.86,132000,2357709.0205
2026-09-22 13:49:00,17.86,17.87,17.86,17.87,80000,1429204.0425
2026-09-22 13:50:00,17.87,17.89,17.86,17.89,599901,10723881.965
2026-09-22 13:51:00,17.88,17.89,17.88,17.88,237000,4237691.835
2026-09-22 13:52:00,17.88,17.89,17.87,17.88,119000,2127752.8943
2026-09-22 13:53:00,17.88,17.89,17.87,17.88,190900,3413775.8788
2026-09-22 13:54:00,17.88,17.88,17.87,17.87,118300,2114932.9642
2026-09-22 13:55:00,17.88,17.88,17.87,17.87,57700,1031392.0166
2026-09-22 13:56:00,17.88,17.89,17.87,17.87,538500,9629323.6799
2026-09-22 13:57:00,17.88,17.89,17.87,17.88,128700,2301417.8956
2026-09-22 13:58:00,17.88,17.89,17.88,17.88,128200,2292754.9216
2026-09-22 13:59:00,17.88,17.9,17.88,17.89,755800,13523508.9404
2026-09-22 14:00:00,17.9,17.92,17.89,17.91,1038400,18593034.0
2026-09-22 14:01:00,17.91,17.92,17.91,17.91,252000,4513798.0
2026-09-22 14:02:00,17.91,17.92,17.9,17.91,329700,5905257.0
2026-09-22 14:03:00,17.92,17.92,17.91,17.91,156400,2801647.0
2026-09-22 14:04:00,17.91,17.92,17.91,17.91,207100,3710053.0
2026-09-22 14:05:00,17.92,17.92,17.91,17.91,160600,2877035.0
2026-09-22 14:06:00,17.91,17.92,17.89,17.89,641600,11485940.9912
2026-09-22 14:07:00,17.89,17.9,17.88,17.9,292900,5240668.9885
2026-09-22 14:08:00,17.9,17.91,17.89,17.9,383800,6870379.9883
2026-09-22 14:09:00,17.9,17.91,17.89,17.9,301509,5397430.9757
2026-09-22 14:10:00,17.91,17.91,17.9,17.9,283400,5074386.0
2026-09-22 14:11:00,17.91,17.91,17.9,17.91,109700,1964011.0
2026-09-22 14:12:00,17.91,17.92,17.9,17.91,269800,4831978.0
2026-09-22 14:13:00,17.91,17.92,17.9,17.92,208500,3734717.0
2026-09-22 14:14:00,17.91,17.92,17.9,17.9,182200,3262800.0
2026-09-22 14:15:00,17.9,17.91,17.9,17.91,161500,2891216.0
2026-09-22 14:16:00,17.9,17.91,17.9,17.91,207100,3707913.0
2026-09-22 14:17:00,17.91,17.92,17.9,17.91,474500,8498086.0
2026-09-22 14:18:00,17.91,17.91,17.9,17.91,235600,4218845.0
2026-09-22 14:19:00,17.91,17.92,17.9,17.91,251700,4508918.0
2026-09-22 14:20:00,17.91,17.92,17.9,17.9,105400,1887433.0
2026-09-22 14:21:00,17.91,17.91,17.9,17.91,171900,3078427.0
2026-09-22 14:22:00,17.91,17.92,17.9,17.9,134700,2412351.0
2026-09-22 14:23:00,17.91,17.91,17.9,17.91,186600,3341197.0
2026-09-22 14:24:00,17.91,17.91,17.9,17.9,103700,1856995.0
2026-09-22 14:25:00,17.91,17.91,17.9,17.9,128900,2308278.0
2026-09-22 14:26:00,17.91,17.91,17.9,17.9,155900,2790912.0
2026-09-22 14:27:00,17.91,17.91,17.9,17.9,129600,2320734.0
2026-09-22 14:28:00,17.9,17.91,17.9,17.9,197400,3534573.0
2026-09-22 14:29:00,17.9,17.91,17.9,17.9,280600,5023326.0
2026-09-22 14:30:00,17.91,17.91,17.89,17.9,182500,3267449.0
2026-09-22 14:31:00,17.91,17.91,17.89,17.89,193800,3468963.9824
2026-09-22 14:32:00,17.89,17.92,17.89,17.91,551700,9880627.999
2026-09-22 14:33:00,17.91,17.92,17.91,17.92,150200,2690681.0
2026-09-22 14:34:00,17.91,17.92,17.91,17.92,145500,2606734.0
2026-09-22 14:35:00,17.91,17.92,17.9,17.92,282300,5056807.0
2026-09-22 14:36:00,17.91,17.92,17.91,17.91,264900,4745639.0
2026-09-22 14:37:00,17.91,17.92,17.91,17.92,124200,2224866.0
2026-09-22 14:38:00,17.91,17.92,17.91,17.91,127000,2275132.0
2026-09-22 14:39:00,17.91,17.92,17.91,17.91,276800,4957844.0
2026-09-22 14:40:00,17.91,17.92,17.9,17.92,279200,5000714.0
2026-09-22 14:41:00,17.91,17.92,17.9,17.92,278100,4981505.0
2026-09-22 14:42:00,17.91,17.92,17.9,17.91,267800,4796886.0
2026-09-22 14:43:00,17.91,17.92,17.91,17.91,307200,5503478.0
2026-09-22 14:44:00,17.91,17.92,17.9,17.91,190300,3408326.0
2026-09-22 14:45:00,17.91,17.92,17.9,17.91,172700,3093102.0
2026-09-22 14:46:00,17.91,17.92,17.91,17.91,139100,2491548.0
2026-09-22 14:47:00,17.91,17.92,17.91,17.91,113200,2027526.0
2026-09-22 14:48:00,17.91,17.92,17.91,17.92,120600,2160305.0
2026-09-22 14:49:00,17.92,17.92,17.91,17.91,187600,3361035.0
2026-09-22 14:50:00,17.91,17.92,17.91,17.91,196100,3513432.0
2026-09-22 14:51:00,17.91,17.92,17.9,17.9,489400,8765952.0005
2026-09-22 14:52:00,17.9,17.91,17.9,17.9,258200,4622913.0
2026-09-22 14:53:00,17.9,17.91,17.9,17.91,322300,5771590.0
2026-09-22 14:54:00,17.91,17.91,17.9,17.9,302600,5418265.0088
2026-09-22 14:55:00,17.9,17.91,17.9,17.9,178800,3201450.0039
2026-09-22 14:56:00,17.9,17.92,17.9,17.91,704900,12624398.1714
2026-09-22 14:57:00,17.91,17.92,17.9,17.92,253300,4538026.0
2026-09-22 15:00:00,17.89,17.89,17.89,17.89,568600,10172253.8097
