day,open,high,low,close,volume,amount
2026-09-10 13:53:00,19.51,19.51,19.5,19.5,172900,3372324.0
2026-09-10 13:54:00,19.5,19.5,19.49,19.5,12700,247606.0
2026-09-10 13:55:00,19.5,19.5,19.49,19.5,101600,1980730.0
2026-09-10 13:56:00,19.49,19.5,19.49,19.5,113100,2204967.0
2026-09-10 13:57:00,19.5,19.51,19.5,19.51,84300,1644579.0
2026-09-10 13:58:00,19.51,19.52,19.5,19.5,123700,2413131.0
2026-09-10 13:59:00,19.5,19.51,19.5,19.5,54700,1066899.0
2026-09-10 14:00:00,19.51,19.51,19.5,19.5,36500,711997.0
2026-09-10 14:01:00,19.51,19.52,19.5,19.52,149600,2918203.0
2026-09-10 14:02:00,19.51,19.52,19.5,19.51,68800,1342521.0
2026-09-10 14:03:00,19.5,19.51,19.49,19.5,51800,1010362.0
2026-09-10 14:04:00,19.5,19.51,19.49,19.5,73500,1433361.0
2026-09-10 14:05:00,19.5,19.5,19.49,19.49,56700,1105530.0
2026-09-10 14:06:00,19.49,19.5,19.48,19.49,53300,1038753.0
2026-09-10 14:07:00,19.49,19.49,19.48,19.48,23100,450073.0
2026-09-10 14:08:00,19.48,19.49,19.47,19.48,107100,2086061.9932
2026-09-10 14:09:00,19.48,19.48,19.47,19.48,25700,500406.9843
2026-09-10 14:10:00,19.47,19.48,19.46,19.47,68900,1341503.9684
2026-09-10 14:11:00,19.47,19.48,19.47,19.48,43100,839398.9834
2026-09-10 14:12:00,19.48,19.48,19.47,19.47,13000,253176.9956
2026-09-10 14:13:00,19.48,19.48,19.47,19.47,52900,1030396.9987
2026-09-10 14:14:00,19.47,19.48,19.47,19.47,88800,1729007.98
2026-09-10 14:15:00,19.47,19.48,19.47,19.47,60400,1176386.9891
2026-09-10 14:16:00,19.47,19.48,19.46,19.46,90600,1763441.9324
2026-09-10 14:17:00,19.47,19.47,19.45,19.45,235400,4580256.8406
2026-09-10 14:18:00,19.46,19.47,19.45,19.46,158700,3088986.9448
2026-09-10 14:19:00,19.46,19.48,19.46,19.48,115800,2254679.9486
2026-09-10 14:20:00,19.47,19.5,19.47,19.5,193900,3778267.9969
2026-09-10 14:21:00,19.5,19.52,19.49,19.52,270300,5273000.0
2026-09-10 14:22:00,19.52,19.52,19.5,19.5,102800,2005669.0034
2026-09-10 14:23:00,19.5,19.51,19.5,19.5,24600,479761.0
2026-09-10 14:24:00,19.51,19.51,19.49,19.49,48900,953497.0
2026-09-10 14:25:00,19.5,19.5,19.49,19.49,52600,1025406.0
2026-09-10 14:26:00,19.49,19.5,19.48,19.48,29700,578771.0
2026-09-10 14:27:00,19.48,19.49,19.48,19.49,31100,606059.0
2026-09-10 14:28:00,19.49,19.49,19.48,19.48,93900,1829531.0
2026-09-10 14:29:00,19.48,19.49,19.48,19.48,23800,463652.0
2026-09-10 14:30:00,19.48,19.49,19.48,19.48,19600,381889.0
2026-09-10 14:31:00,19.49,19.51,19.48,19.5,462500,9016759.0
2026-09-10 14:32:00,19.51,19.51,19.5,19.5,91100,1776694.0
2026-09-10 14:33:00,19.51,19.51,19.49,19.5,108600,2117776.0
2026-09-10 14:34:00,19.51,19.51,19.49,19.49,99500,1940719.0
2026-09-10 14:35:00,19.5,19.5,19.49,19.49,50000,974619.0
2026-09-10 14:36:00,19.5,19.51,19.49,19.5,110900,2162477.0
2026-09-10 14:37:00,19.51,19.51,19.5,19.51,62100,1211099.0
2026-09-10 14:38:00,19.51,19.52,19.51,19.52,522300,10192085.0
2026-09-10 14:39:00,19.52,19.54,19.52,19.53,531200,10374667.2341
2026-09-10 14:40:00,19.54,19.54,19.53,19.54,195500,3819669.1509
2026-09-10 14:41:00,19.54,19.55,19.53,19.53,282100,5511204.182
2026-09-10 14:42:00,19.54,19.54,19.52,19.53,250392,4890516.8511
2026-09-10 14:43:00,19.54,19.54,19.52,19.52,105200,2054191.0167
2026-09-10 14:44:00,19.53,19.53,19.5,19.5,137400,2681365.0031
2026-09-10 14:45:00,19.5,19.51,19.5,19.51,76000,1482503.0
2026-09-10 14:46:00,19.52,19.52,19.51,19.51,103400,2018149.0
2026-09-10 14:47:00,19.52,19.53,19.51,19.53,336300,6565711.0468
2026-09-10 14:48:00,19.53,19.53,19.51,19.51,103300,2016293.0022
2026-09-10 14:49:00,19.52,19.52,19.5,19.51,141200,2754893.0
2026-09-10 14:50:00,19.51,19.52,19.5,19.51,123400,2407314.0
2026-09-10 14:51:00,19.51,19.51,19.5,19.51,123500,2408917.0
2026-09-10 14:52:00,19.5,19.51,19.49,19.51,179700,3504665.0
2026-09-10 14:53:00,19.5,19.51,19.49,19.5,281000,5480493.0
2026-09-10 14:54:00,19.5,19.51,19.49,19.51,205300,4003872.0
2026-09-10 14:55:00,19.51,19.51,19.49,19.51,179000,3491031.0
2026-09-10 14:56:00,19.5,19.52,19.49,19.51,411800,8033775.0
2026-09-10 14:57:00,19.52,19.52,19.5,19.51,158300,3088653.941
2026-09-10 15:00:00,19.52,19.52,19.52,19.52,483300,9434016.0098
2026-09-11 09:31:00,19.45,19.48,19.21,19.23,1153800,22334629.9569
2026-09-11 09:32:00,19.22,19.23,19.12,19.15,1218200,23344449.8242
2026-09-11 09:33:00,19.15,19.16,19.06,19.08,1701800,32506176.0553
2026-09-11 09:34:00,19.08,19.13,19.05,19.07,864700,16501974.984
2026-09-11 09:35:00,19.06,19.09,19.03,19.03,1566400,29856540.9218
2026-09-11 09:36:00,19.03,19.04,18.98,18.98,1775600,33748781.0526
2026-09-11 09:37:00,18.98,19.01,18.95,18.97,1177300,22353214.8661
2026-09-11 09:38:00,18.96,19.0,18.94,18.94,1316200,24962094.928
2026-09-11 09:39:00,18.94,18.96,18.91,18.92,857100,16228491.0737
2026-09-11 09:40:00,18.92,18.95,18.89,18.89,1518700,28726423.0117
2026-09-11 09:41:00,18.89,18.91,18.86,18.87,856000,16160751.9116
2026-09-11 09:42:00,18.87,18.89,18.83,18.88,1234500,23283729.0935
2026-09-11 09:43:00,18.88,18.89,18.86,18.87,799000,15078524.0862
2026-09-11 09:44:00,18.86,18.9,18.84,18.89,622700,11743812.0453
2026-09-11 09:45:00,18.89,18.92,18.88,18.9,708700,13389030.9171
2026-09-11 09:46:00,18.89,18.93,18.88,18.91,349200,6597783.9275
2026-09-11 09:47:00,18.9,18.92,18.86,18.88,840400,15873220.8628
2026-09-11 09:48:00,18.87,18.9,18.86,18.88,417300,7877537.9169
2026-09-11 09:49:00,18.89,18.9,18.86,18.88,430900,8133504.0007
2026-09-11 09:50:00,18.88,18.92,18.85,18.86,674000,12719320.9685
2026-09-11 09:51:00,18.86,18.88,18.81,18.86,1416521,26683425.259
2026-09-11 09:52:00,18.85,18.9,18.85,18.89,406900,7685032.9498
2026-09-11 09:53:00,18.89,18.9,18.87,18.89,544900,10291690.8558
2026-09-11 09:54:00,18.89,18.89,18.85,18.86,831500,15688096.0125
2026-09-11 09:55:00,18.86,18.89,18.85,18.88,288700,5446877.943
2026-09-11 09:56:00,18.89,18.89,18.87,18.88,169100,3193370.9224
2026-09-11 09:57:00,18.89,18.93,18.88,18.93,177500,3355381.9803
2026-09-11 09:58:00,18.93,18.94,18.91,18.93,332100,6285510.0
2026-09-11 09:59:00,18.93,18.94,18.91,18.92,222000,4201489.0
2026-09-11 10:00:00,18.92,18.93,18.91,18.92,97300,1841369.0
2026-09-11 10:01:00,18.91,18.95,18.91,18.93,191800,3629546.0005
2026-09-11 10:02:00,18.93,18.98,18.92,18.97,322400,6108036.0007
2026-09-11 10:03:00,18.97,19.0,18.96,18.97,358100,6796714.9481
2026-09-11 10:04:00,18.97,18.99,18.95,18.96,321800,6105320.9373
2026-09-11 10:05:00,18.96,18.96,18.93,18.94,257000,4866872.0278
2026-09-11 10:06:00,18.93,18.94,18.9,18.91,240000,4539965.0
2026-09-11 10:07:00,18.9,18.91,18.88,18.88,379600,7173452.9802
2026-09-11 10:08:00,18.89,18.89,18.85,18.88,659500,12443800.0646
2026-09-11 10:09:00,18.88,18.9,18.88,18.89,240500,4541969.9165
2026-09-11 10:10:00,18.89,18.92,18.89,18.9,149000,2815798.9941
2026-09-11 10:11:00,18.89,18.91,18.86,18.89,393100,7425233.9955
2026-09-11 10:12:00,18.88,18.88,18.85,18.87,445400,8401883.1992
2026-09-11 10:13:00,18.86,18.88,18.86,18.87,76300,1439451.0333
2026-09-11 10:14:00,18.87,18.87,18.85,18.85,414000,7809906.1576
2026-09-11 10:15:00,18.86,18.87,18.85,18.86,258200,4869368.0405
2026-09-11 10:16:00,18.87,18.87,18.84,18.85,338600,6382950.0131
2026-09-11 10:17:00,18.85,18.85,18.84,18.84,156700,2952823.0
2026-09-11 10:18:00,18.85,18.85,18.83,18.84,186200,3507915.0
2026-09-11 10:19:00,18.84,18.84,18.81,18.82,626100,11787185.0
2026-09-11 10:20:00,18.82,18.83,18.81,18.82,682800,12847190.0
2026-09-11 10:21:00,18.82,18.85,18.81,18.85,390800,7361066.0
2026-09-11 10:22:00,18.84,18.85,18.83,18.85,401500,7566574.002
2026-09-11 10:23:00,18.85,18.86,18.84,18.86,183000,3450150.0
2026-09-11 10:24:00,18.86,18.86,18.82,18.83,292200,5504554.0
2026-09-11 10:25:00,18.83,18.84,18.81,18.82,309300,5822397.0
2026-09-11 10:26:00,18.81,18.83,18.8,18.81,772400,14530615.9937
2026-09-11 10:27:00,18.81,18.82,18.8,18.8,735500,13828868.7384
2026-09-11 10:28:00,18.81,18.82,18.79,18.81,693100,13029941.6709
2026-09-11 10:29:00,18.82,18.83,18.8,18.82,358000,6732931.8755
2026-09-11 10:30:00,18.82,18.82,18.8,18.8,91100,1713294.9738
2026-09-11 10:31:00,18.8,18.82,18.79,18.8,317700,5972118.0553
2026-09-11 10:32:00,18.8,18.82,18.78,18.82,150500,2829347.0039
2026-09-11 10:33:00,18.83,18.89,18.82,18.88,155500,2931775.0071
2026-09-11 10:34:00,18.88,18.88,18.84,18.86,128400,2421774.0352
2026-09-11 10:35:00,18.86,18.88,18.86,18.87,81500,1537957.9912
2026-09-11 10:36:00,18.86,18.87,18.85,18.86,107600,2028902.0044
2026-09-11 10:37:00,18.86,18.89,18.85,18.89,344800,6509948.0199
2026-09-11 10:38:00,18.88,18.89,18.87,18.88,73300,1383551.0107
2026-09-11 10:39:00,18.88,18.9,18.87,18.89,102300,1932124.9767
2026-09-11 10:40:00,18.89,18.9,18.87,18.88,57700,1089637.9637
2026-09-11 10:41:00,18.87,18.88,18.87,18.87,99600,1880299.9562
2026-09-11 10:42:00,18.88,18.88,18.86,18.86,72700,1371746.0394
2026-09-11 10:43:00,18.87,18.88,18.85,18.87,390500,7364420.0463
2026-09-11 10:44:00,18.87,18.88,18.85,18.86,130100,2453788.022
2026-09-11 10:45:00,18.87,18.88,18.87,18.88,119400,2254107.9036
2026-09-11 10:46:00,18.87,18.89,18.87,18.87,49200,928654.9948
2026-09-11 10:47:00,18.88,18.9,18.88,18.9,59500,1123880.9835
2026-09-11 10:48:00,18.9,18.91,18.89,18.9,102700,1940979.0
2026-09-11 10:49:00,18.9,18.92,18.9,18.91,93300,1764238.0
2026-09-11 10:50:00,18.91,18.94,18.91,18.94,80700,1527503.0
2026-09-11 10:51:00,18.93,18.94,18.92,18.94,116300,2201955.0
2026-09-11 10:52:00,18.94,18.94,18.92,18.93,81000,1533369.0
2026-09-11 10:53:00,18.93,18.95,18.93,18.94,67100,1270716.0
2026-09-11 10:54:00,18.93,18.95,18.93,18.94,57500,1089094.0098
2026-09-11 10:55:00,18.94,18.94,18.93,18.94,41700,789681.0
2026-09-11 10:56:00,18.94,18.97,18.93,18.94,232100,4397770.0089
2026-09-11 10:57:00,18.94,18.95,18.93,18.95,211100,3997365.0061
2026-09-11 10:58:00,18.94,18.97,18.94,18.96,88000,1667910.9926
2026-09-11 10:59:00,18.96,18.97,18.95,18.95,79700,1511401.9491
2026-09-11 11:00:00,18.95,18.98,18.95,18.97,138700,2631439.9502
2026-09-11 11:01:00,18.97,18.98,18.97,18.97,91800,1742010.9884
2026-09-11 11:02:00,18.98,18.98,18.96,18.96,135400,2568481.9216
2026-09-11 11:03:00,18.97,18.98,18.95,18.96,112100,2125587.8945
2026-09-11 11:04:00,18.96,18.97,18.95,18.96,95600,1812365.9443
2026-09-11 11:05:00,18.97,18.98,18.96,18.98,74100,1406076.9708
2026-09-11 11:06:00,18.97,18.99,18.97,18.98,84000,1594486.9976
2026-09-11 11:07:00,18.98,18.99,18.96,18.96,85000,1613145.9911
2026-09-11 11:08:00,18.97,18.97,18.95,18.96,57100,1082678.9697
2026-09-11 11:09:00,18.96,18.96,18.95,18.96,25100,475869.9781
2026-09-11 11:10:00,18.96,18.97,18.95,18.96,57600,1092172.9463
2026-09-11 11:11:00,18.96,19.0,18.95,18.98,192200,3647544.9255
2026-09-11 11:12:00,18.99,19.01,18.98,18.99,283900,5393582.0
2026-09-11 11:13:00,18.99,19.01,18.98,18.99,106000,2013433.0
2026-09-11 11:14:00,18.99,18.99,18.95,18.95,240600,4563352.8213
2026-09-11 11:15:00,18.96,18.96,18.94,18.94,257500,4878688.0776
2026-09-11 11:16:00,18.95,18.97,18.94,18.97,83600,1584666.002
2026-09-11 11:17:00,18.97,18.97,18.96,18.96,41900,794678.9785
2026-09-11 11:18:00,18.97,18.97,18.96,18.97,42200,800338.9669
2026-09-11 11:19:00,18.97,18.98,18.96,18.98,40325,765059.2375
2026-09-11 11:20:00,18.97,18.98,18.97,18.98,32100,609152.9943
2026-09-11 11:21:00,18.97,18.99,18.97,18.98,66100,1254723.9981
2026-09-11 11:22:00,18.98,18.98,18.95,18.95,86475,1640176.691
2026-09-11 11:23:00,18.96,18.96,18.95,18.95,34600,655954.9692
2026-09-11 11:24:00,18.95,18.97,18.95,18.96,44900,851297.9614
2026-09-11 11:25:00,18.96,18.96,18.95,18.95,48800,924814.037
2026-09-11 11:26:00,18.95,18.95,18.94,18.94,27100,513383.0117
2026-09-11 11:27:00,18.95,18.96,18.93,18.95,47300,896008.0127
2026-09-11 11:28:00,18.95,18.96,18.94,18.95,29300,555227.0128
2026-09-11 11:29:00,18.96,18.97,18.95,18.97,15300,290152.9888
2026-09-11 11:30:00,18.96,18.97,18.96,18.96,14300,271188.9893
2026-09-11 13:01:00,18.97,19.02,18.96,18.97,759800,14427087.8496
2026-09-11 13:02:00,18.97,19.0,18.97,19.0,84000,1595400.9977
2026-09-11 13:03:00,19.0,19.0,18.97,18.97,141600,2688881.9905
2026-09-11 13:04:00,18.97,18.97,18.96,18.97,19800,375547.9851
2026-09-11 13:05:00,18.96,18.97,18.94,18.94,103600,1963497.9904
2026-09-11 13:06:00,18.94,18.97,18.94,18.95,103300,1957699.0128
2026-09-11 13:07:00,18.96,18.96,18.95,18.95,48900,926727.022
2026-09-11 13:08:00,18.95,18.95,18.93,18.95,78800,1492477.0035
2026-09-11 13:09:00,18.94,18.95,18.91,18.93,183700,3477033.0219
2026-09-11 13:10:00,18.93,18.94,18.91,18.94,114800,2172662.0
2026-09-11 13:11:00,18.93,18.96,18.93,18.93,103500,1960921.9785
2026-09-11 13:12:00,18.93,18.95,18.93,18.93,25100,475420.0072
2026-09-11 13:13:00,18.94,18.97,18.93,18.96,131400,2490546.9082
2026-09-11 13:14:00,18.96,18.96,18.94,18.94,67900,1286755.0269
2026-09-11 13:15:00,18.94,18.96,18.94,18.96,72700,1377742.985
2026-09-11 13:16:00,18.96,18.97,18.96,18.96,54200,1028036.9695
2026-09-11 13:17:00,18.96,18.97,18.95,18.96,93634,1775155.2379
2026-09-11 13:18:00,18.95,18.96,18.95,18.96,60000,1137124.0244
2026-09-11 13:19:00,18.95,18.97,18.95,18.96,77900,1477059.9478
2026-09-11 13:20:00,18.97,18.98,18.96,18.98,93300,1769997.9661
2026-09-11 13:21:00,18.97,18.98,18.97,18.98,64300,1220083.9852
2026-09-11 13:22:00,18.97,18.98,18.96,18.96,102400,1941795.8933
2026-09-11 13:23:00,18.96,18.97,18.94,18.94,149266,2829572.6436
2026-09-11 13:24:00,18.95,18.95,18.94,18.95,22900,433885.0109
2026-09-11 13:25:00,18.95,18.95,18.94,18.95,90200,1708821.0387
2026-09-11 13:26:00,18.94,18.96,18.93,18.93,109700,2078150.0107
2026-09-11 13:27:00,18.94,18.94,18.92,18.93,229700,4347847.0
2026-09-11 13:28:00,18.92,18.95,18.91,18.94,306400,5799672.0022
2026-09-11 13:29:00,18.94,18.95,18.92,18.92,256200,4849519.0072
2026-09-11 13:30:00,18.92,18.93,18.91,18.91,88700,1678301.0
2026-09-11 13:31:00,18.92,18.93,18.91,18.92,141900,2684989.0
2026-09-11 13:32:00,18.93,18.94,18.92,18.93,73200,1385656.0
2026-09-11 13:33:00,18.94,18.95,18.93,18.93,82034,1553542.6251
2026-09-11 13:34:00,18.94,18.95,18.93,18.94,94000,1780250.0
2026-09-11 13:35:00,18.93,18.96,18.93,18.94,74800,1416891.0183
2026-09-11 13:36:00,18.94,18.94,18.93,18.93,62600,1185434.0034
2026-09-11 13:37:00,18.94,18.94,18.92,18.93,381500,7221175.025
2026-09-11 13:38:00,18.94,18.98,18.92,18.98,205200,3888852.9651
2026-09-11 13:39:00,18.98,18.98,18.95,18.96,207901,3942991.8332
2026-09-11 13:40:00,18.96,18.98,18.95,18.96,91100,1727423.927
2026-09-11 13:41:00,18.96,18.97,18.95,18.96,151000,2862593.8958
2026-09-11 13:42:00,18.96,18.96,18.95,18.96,36000,682381.9916
2026-09-11 13:43:00,18.95,18.96,18.94,18.94,144499,2737672.1077
2026-09-11 13:44:00,18.93,18.94,18.92,18.93,135700,2568149.0
2026-09-11 13:45:00,18.92,18.95,18.92,18.94,63200,1197027.0049
2026-09-11 13:46:00,18.95,18.95,18.93,18.94,116100,2199493.0701
2026-09-11 13:47:00,18.95,18.98,18.95,18.97,374100,7093184.4722
2026-09-11 13:48:00,18.98,18.99,18.97,18.99,121400,2304400.9994
2026-09-11 13:49:00,18.99,19.0,18.98,18.99,193900,3680987.0
2026-09-11 13:50:00,18.99,19.0,18.98,18.98,67500,1281720.0
2026-09-11 13:51:00,18.99,18.99,18.98,18.99,101800,1932838.0
2026-09-11 13:52:00,18.98,18.98,18.97,18.98,68200,1294275.9943
2026-09-11 13:53:00,18.97,18.98,18.97,18.98,82700,1569435.9879
2026-09-11 13:54:00,18.98,19.01,18.98,19.01,135400,2571841.0
2026-09-11 13:55:00,19.01,19.01,18.98,18.98,116000,2203496.0
2026-09-11 13:56:00,18.97,18.99,18.97,18.99,64400,1222263.9949
2026-09-11 13:57:00,18.98,18.99,18.98,18.99,105500,2002864.0
2026-09-11 13:58:00,18.99,19.0,18.98,18.99,77200,1466019.0
2026-09-11 13:59:00,18.99,19.0,18.98,18.98,72900,1384304.0
2026-09-11 14:00:00,18.99,18.99,18.97,18.98,75600,1435036.9974
2026-09-11 14:01:00,18.98,18.98,18.95,18.96,92800,1759231.9762
2026-09-11 14:02:00,18.95,18.96,18.94,18.95,45800,867733.0219
2026-09-11 14:03:00,18.95,18.98,18.94,18.96,116200,2202682.9924
2026-09-11 14:04:00,18.97,18.99,18.96,18.98,88600,1681087.9672
2026-09-11 14:05:00,18.97,18.98,18.96,18.97,82400,1563459.9751
2026-09-11 14:06:00,18.97,18.98,18.96,18.97,59300,1124929.9744
2026-09-11 14:07:00,18.97,18.98,18.96,18.97,54300,1029790.9558
2026-09-11 14:08:00,18.96,18.98,18.96,18.97,70100,1329559.9553
2026-09-11 14:09:00,18.98,18.99,18.97,18.99,44800,850346.9977
2026-09-11 14:10:00,18.99,18.99,18.97,18.98,39400,747951.9994
2026-09-11 14:11:00,18.98,18.99,18.97,18.99,97500,1850682.9962
2026-09-11 14:12:00,18.99,18.99,18.97,18.99,157200,2983353.9861
2026-09-11 14:13:00,18.98,18.99,18.98,18.99,36300,689107.0
2026-09-11 14:14:00,18.98,19.0,18.98,19.0,67400,1279833.0
2026-09-11 14:15:00,19.0,19.0,18.99,19.0,48300,917624.0
2026-09-11 14:16:00,19.0,19.0,18.99,18.99,32700,621132.0
2026-09-11 14:17:00,18.99,19.0,18.98,18.99,76100,1445180.0
2026-09-11 14:18:00,18.99,18.99,18.98,18.99,56700,1076269.0
2026-09-11 14:19:00,18.98,18.99,18.97,18.99,57700,1095259.9996
2026-09-11 14:20:00,18.99,18.99,18.97,18.99,61500,1167636.999
2026-09-11 14:21:00,18.99,19.0,18.98,18.99,102700,1950166.0
2026-09-11 14:22:00,18.99,19.0,18.98,18.98,120300,2284355.0
2026-09-11 14:23:00,18.99,18.99,18.98,18.98,55900,1061352.0
2026-09-11 14:24:00,18.98,18.99,18.98,18.99,11900,225918.0
2026-09-11 14:25:00,18.98,18.99,18.97,18.98,102800,1951160.9989
2026-09-11 14:26:00,18.98,18.99,18.97,18.98,135900,2579389.9989
2026-09-11 14:27:00,18.97,18.98,18.97,18.97,101400,1923624.9664
2026-09-11 14:28:00,18.97,18.98,18.96,18.98,135600,2572298.9088
2026-09-11 14:29:00,18.98,18.98,18.96,18.97,44200,838397.9767
2026-09-11 14:30:00,18.97,18.98,18.96,18.98,146600,2780437.9167
2026-09-11 14:31:00,18.97,18.99,18.97,18.98,125200,2376185.9895
2026-09-11 14:32:00,18.99,18.99,18.97,18.98,73100,1387310.9845
2026-09-11 14:33:00,18.97,18.98,18.96,18.97,165400,3137989.9071
2026-09-11 14:34:00,18.97,18.97,18.95,18.95,268800,5096360.8702
2026-09-11 14:35:00,18.95,18.97,18.95,18.96,127400,2415178.9285
2026-09-11 14:36:00,18.95,18.97,18.94,18.95,160000,3032182.014
2026-09-11 14:37:00,18.95,18.96,18.93,18.93,207600,3932126.0367
2026-09-11 14:38:00,18.94,18.96,18.93,18.95,131000,2481821.0227
2026-09-11 14:39:00,18.95,18.95,18.94,18.95,76000,1439650.0117
2026-09-11 14:40:00,18.94,18.95,18.94,18.95,90200,1708818.0188
2026-09-11 14:41:00,18.95,18.95,18.92,18.93,279000,5283296.0031
2026-09-11 14:42:00,18.93,18.93,18.9,18.9,340500,6441200.0
2026-09-11 14:43:00,18.92,18.94,18.91,18.92,217700,4119901.0
2026-09-11 14:44:00,18.92,18.95,18.91,18.93,371800,7035430.0051
2026-09-11 14:45:00,18.94,18.94,18.91,18.92,175200,3315738.0
2026-09-11 14:46:00,18.93,18.94,18.91,18.92,198300,3752522.0
2026-09-11 14:47:00,18.92,18.92,18.9,18.92,430600,8141704.0
2026-09-11 14:48:00,18.92,18.93,18.91,18.91,218900,4140858.0
2026-09-11 14:49:00,18.92,18.93,18.91,18.92,214400,4056057.0
2026-09-11 14:50:00,18.92,18.93,18.91,18.91,149500,2828325.0
2026-09-11 14:51:00,18.92,18.95,18.91,18.94,348900,6604072.0326
2026-09-11 14:52:00,18.93,18.94,18.91,18.92,166900,3158293.0
2026-09-11 14:53:00,18.91,18.92,18.9,18.92,340100,6432051.0
2026-09-11 14:54:00,18.92,18.92,18.91,18.91,244300,4621237.0
2026-09-11 14:55:00,18.92,18.92,18.9,18.91,329600,6233586.0
2026-09-11 14:56:00,18.91,18.94,18.9,18.93,671600,12705640.0
2026-09-11 14:57:00,18.94,18.95,18.91,18.93,258200,4887897.0076
2026-09-11 15:00:00,18.93,18.93,18.93,18.93,460400,8715372.0532
2026-09-14 09:31:00,18.81,18.91,18.81,18.88,869900,16395620.0566
2026-09-14 09:32:00,18.88,18.9,18.81,18.84,455800,8594065.9404
2026-09-14 09:33:00,18.85,18.87,18.83,18.85,220400,4155100.0184
2026-09-14 09:34:00,18.85,18.9,18.85,18.87,206300,3894439.0085
2026-09-14 09:35:00,18.88,18.89,18.86,18.88,411900,7775357.7999
2026-09-14 09:36:00,18.86,18.88,18.79,18.79,617200,11616979.9213
2026-09-14 09:37:00,18.79,18.85,18.79,18.82,639100,12025960.9948
2026-09-14 09:38:00,18.82,18.85,18.8,18.83,473700,8915669.9996
2026-09-14 09:39:00,18.83,18.86,18.83,18.85,285600,5381275.0039
2026-09-14 09:40:00,18.85,18.87,18.83,18.84,289600,5458493.0056
2026-09-14 09:41:00,18.84,18.85,18.81,18.83,249400,4695825.0
2026-09-14 09:42:00,18.82,18.83,18.82,18.83,90100,1696072.0
2026-09-14 09:43:00,18.83,18.83,18.8,18.8,272000,5118077.9945
2026-09-14 09:44:00,18.8,18.82,18.78,18.81,403000,7576574.9929
2026-09-14 09:45:00,18.8,18.83,18.79,18.82,191300,3597950.9614
2026-09-14 09:46:00,18.82,18.83,18.79,18.81,381400,7174335.9274
2026-09-14 09:47:00,18.81,18.82,18.76,18.77,418500,7862123.053
2026-09-14 09:48:00,18.78,18.79,18.74,18.76,353400,6628645.0167
2026-09-14 09:49:00,18.75,18.78,18.75,18.77,208400,3910821.019
2026-09-14 09:50:00,18.78,18.78,18.75,18.76,286400,5373858.0082
2026-09-14 09:51:00,18.76,18.81,18.75,18.81,299400,5621763.9967
2026-09-14 09:52:00,18.8,18.81,18.77,18.78,127200,2389449.0453
2026-09-14 09:53:00,18.78,18.79,18.78,18.79,66200,1243436.0503
2026-09-14 09:54:00,18.78,18.81,18.76,18.77,267000,5015521.1245
2026-09-14 09:55:00,18.76,18.77,18.75,18.76,234100,4391448.0029
2026-09-14 09:56:00,18.75,18.76,18.73,18.73,540900,10139706.0
2026-09-14 09:57:00,18.73,18.75,18.71,18.73,625200,11707657.8667
2026-09-14 09:58:00,18.73,18.74,18.72,18.74,157200,2944613.9998
2026-09-14 09:59:00,18.73,18.74,18.72,18.73,209600,3925174.9694
2026-09-14 10:00:00,18.73,18.73,18.72,18.72,144200,2699988.9688
2026-09-14 10:01:00,18.72,18.75,18.71,18.74,219000,4100205.9187
2026-09-14 10:02:00,18.74,18.75,18.73,18.74,181800,3406965.0
2026-09-14 10:03:00,18.75,18.75,18.73,18.73,150700,2824576.0
2026-09-14 10:04:00,18.74,18.74,18.72,18.74,395200,7401905.9791
2026-09-14 10:05:00,18.74,18.74,18.73,18.73,74000,1386372.0
2026-09-14 10:06:00,18.73,18.74,18.72,18.72,191200,3580177.953
2026-09-14 10:07:00,18.73,18.74,18.71,18.74,363400,6801090.7849
2026-09-14 10:08:00,18.73,18.74,18.72,18.74,52500,983380.9955
2026-09-14 10:09:00,18.74,18.77,18.73,18.77,186200,3492110.0
2026-09-14 10:10:00,18.76,18.77,18.74,18.76,259800,4873016.0
2026-09-14 10:11:00,18.75,18.76,18.72,18.73,264800,4962670.9927
2026-09-14 10:12:00,18.74,18.75,18.73,18.73,141700,2655043.0
2026-09-14 10:13:00,18.73,18.75,18.73,18.73,162400,3043517.0
2026-09-14 10:14:00,18.74,18.75,18.73,18.75,104900,1965862.0
2026-09-14 10:15:00,18.75,18.76,18.74,18.76,115400,2163939.0
2026-09-14 10:16:00,18.76,18.77,18.75,18.76,122700,2301601.0
2026-09-14 10:17:00,18.77,18.78,18.76,18.76,86300,1619749.0004
2026-09-14 10:18:00,18.77,18.77,18.74,18.74,289300,5424289.0
2026-09-14 10:19:00,18.75,18.75,18.7,18.72,893700,16728010.8302
2026-09-14 10:20:00,18.73,18.76,18.72,18.76,61300,1148944.9983
2026-09-14 10:21:00,18.76,18.76,18.73,18.74,102000,1912221.0
2026-09-14 10:22:00,18.74,18.76,18.74,18.75,90000,1687389.0
2026-09-14 10:23:00,18.75,18.77,18.72,18.77,126400,2369581.9995
2026-09-14 10:24:00,18.77,18.78,18.75,18.77,90300,1695441.005
2026-09-14 10:25:00,18.77,18.8,18.77,18.8,211400,3971848.0292
2026-09-14 10:26:00,18.8,18.81,18.79,18.8,97000,1823387.9885
2026-09-14 10:27:00,18.8,18.81,18.79,18.81,94088,1769016.3524
2026-09-14 10:28:00,18.81,18.83,18.8,18.83,160100,3012373.9934
2026-09-14 10:29:00,18.83,18.84,18.82,18.82,169600,3193182.0
2026-09-14 10:30:00,18.82,18.83,18.81,18.82,43700,822539.0
2026-09-14 10:31:00,18.82,18.83,18.81,18.82,89900,1692010.0
2026-09-14 10:32:00,18.82,18.83,18.81,18.81,61100,1149498.0
2026-09-14 10:33:00,18.81,18.83,18.8,18.82,83300,1567415.9989
2026-09-14 10:34:00,18.82,18.83,18.81,18.81,75100,1413164.0
2026-09-14 10:35:00,18.81,18.83,18.81,18.82,65300,1228915.0
2026-09-14 10:36:00,18.82,18.83,18.81,18.81,76900,1446941.0
2026-09-14 10:37:00,18.82,18.83,18.8,18.8,82500,1552022.99
2026-09-14 10:38:00,18.8,18.82,18.8,18.82,135700,2551672.9559
2026-09-14 10:39:00,18.81,18.81,18.79,18.8,64400,1211037.9829
2026-09-14 10:40:00,18.8,18.81,18.79,18.8,58400,1098014.9823
2026-09-14 10:41:00,18.79,18.81,18.79,18.79,62000,1165356.0199
2026-09-14 10:42:00,18.79,18.81,18.79,18.81,85900,1615215.9647
2026-09-14 10:43:00,18.8,18.81,18.8,18.81,67500,1269521.993
2026-09-14 10:44:00,18.81,18.82,18.8,18.81,70800,1331832.996
2026-09-14 10:45:00,18.81,18.81,18.8,18.81,37800,710822.9835
2026-09-14 10:46:00,18.8,18.81,18.79,18.79,104000,1954644.0386
2026-09-14 10:47:00,18.8,18.82,18.79,18.82,67400,1267274.9979
2026-09-14 10:48:00,18.82,18.83,18.81,18.82,74136,1394971.1586
2026-09-14 10:49:00,18.82,18.84,18.82,18.84,48600,915253.0
2026-09-14 10:50:00,18.83,18.84,18.81,18.82,90400,1702031.9998
2026-09-14 10:51:00,18.82,18.84,18.82,18.83,73900,1391485.0
2026-09-14 10:52:00,18.82,18.83,18.79,18.79,131864,2480512.8242
2026-09-14 10:53:00,18.79,18.81,18.79,18.8,59700,1122426.9789
2026-09-14 10:54:00,18.8,18.81,18.8,18.81,167900,3157891.9812
2026-09-14 10:55:00,18.81,18.82,18.8,18.82,29500,555042.0
2026-09-14 10:56:00,18.82,18.82,18.81,18.82,33100,622935.0
2026-09-14 10:57:00,18.81,18.82,18.81,18.81,50436,948862.1589
2026-09-14 10:58:00,18.81,18.83,18.81,18.82,40700,765666.9979
2026-09-14 10:59:00,18.82,18.83,18.8,18.8,77200,1452775.9974
2026-09-14 11:00:00,18.8,18.81,18.8,18.81,16600,312151.9899
2026-09-14 11:01:00,18.81,18.82,18.8,18.81,47500,893308.9967
2026-09-14 11:02:00,18.8,18.82,18.79,18.82,207500,3901603.918
2026-09-14 11:03:00,18.81,18.82,18.81,18.81,6300,118523.0
2026-09-14 11:04:00,18.82,18.82,18.81,18.82,54800,1031199.0
2026-09-14 11:05:00,18.82,18.83,18.81,18.82,62300,1172436.0
2026-09-14 11:06:00,18.83,18.83,18.81,18.82,51200,963586.0
2026-09-14 11:07:00,18.82,18.82,18.81,18.81,33400,628487.0
2026-09-14 11:08:00,18.81,18.83,18.81,18.83,61000,1148408.0
2026-09-14 11:09:00,18.83,18.83,18.82,18.82,20700,389677.0
2026-09-14 11:10:00,18.83,18.85,18.82,18.84,107700,2028372.0
2026-09-14 11:11:00,18.84,18.85,18.83,18.84,88300,1663900.0
2026-09-14 11:12:00,18.85,18.85,18.83,18.85,44000,829214.0
2026-09-14 11:13:00,18.84,18.85,18.84,18.85,26000,490035.0
2026-09-14 11:14:00,18.85,18.85,18.84,18.85,56200,1059346.0
2026-09-14 11:15:00,18.85,18.85,18.83,18.83,51400,968549.0
2026-09-14 11:16:00,18.84,18.84,18.8,18.8,272000,5118047.9991
2026-09-14 11:17:00,18.8,18.83,18.79,18.83,130700,2458086.9724
2026-09-14 11:18:00,18.82,18.84,18.8,18.82,77300,1455102.9985
2026-09-14 11:19:00,18.82,18.84,18.82,18.83,46000,866489.0
2026-09-14 11:20:00,18.83,18.84,18.82,18.82,55500,1045223.0
2026-09-14 11:21:00,18.82,18.83,18.81,18.82,40200,756725.0
2026-09-14 11:22:00,18.82,18.84,18.81,18.82,39400,741688.0
2026-09-14 11:23:00,18.83,18.83,18.81,18.82,30500,574057.0
2026-09-14 11:24:00,18.82,18.86,18.81,18.86,168100,3166994.0039
2026-09-14 11:25:00,18.85,18.87,18.83,18.85,173400,3269581.0519
2026-09-14 11:26:00,18.85,18.86,18.83,18.83,97800,1842256.0
2026-09-14 11:27:00,18.84,18.85,18.83,18.83,47400,893008.0
2026-09-14 11:28:00,18.84,18.84,18.82,18.83,39300,739880.0
2026-09-14 11:29:00,18.83,18.84,18.81,18.81,34600,651195.0
2026-09-14 11:30:00,18.82,18.83,18.81,18.82,30600,575904.0
2026-09-14 13:01:00,18.83,18.83,18.8,18.82,168500,3171095.9982
2026-09-14 13:02:00,18.83,18.86,18.82,18.86,237200,4469200.0
2026-09-14 13:03:00,18.84,18.87,18.84,18.84,128000,2414017.0206
2026-09-14 13:04:00,18.85,18.89,18.84,18.85,225200,4249466.042
2026-09-14 13:05:00,18.86,18.88,18.85,18.85,67100,1266060.0253
2026-09-14 13:06:00,18.85,18.87,18.83,18.84,52500,989826.0
2026-09-14 13:07:00,18.83,18.84,18.82,18.82,44600,839795.0
2026-09-14 13:08:00,18.82,18.83,18.82,18.83,26300,495086.0
2026-09-14 13:09:00,18.82,18.83,18.81,18.81,55600,1046392.0
2026-09-14 13:10:00,18.82,18.82,18.79,18.8,173200,3256790.9688
2026-09-14 13:11:00,18.8,18.81,18.79,18.8,41800,785854.9786
2026-09-14 13:12:00,18.8,18.81,18.79,18.8,15100,283910.9988
2026-09-14 13:13:00,18.81,18.83,18.8,18.81,44800,842766.9957
2026-09-14 13:14:00,18.82,18.82,18.81,18.82,23900,449663.0
2026-09-14 13:15:00,18.82,18.84,18.81,18.82,60600,1140788.0
2026-09-14 13:16:00,18.82,18.84,18.82,18.84,25900,487723.0
2026-09-14 13:17:00,18.84,18.86,18.83,18.85,149500,2817625.0
2026-09-14 13:18:00,18.85,18.87,18.85,18.85,98000,1848574.0181
2026-09-14 13:19:00,18.86,18.86,18.84,18.85,74000,1394904.0
2026-09-14 13:20:00,18.85,18.87,18.83,18.85,44300,835277.0021
2026-09-14 13:21:00,18.85,18.87,18.85,18.86,44000,829982.0116
2026-09-14 13:22:00,18.87,18.88,18.86,18.86,46000,867960.022
2026-09-14 13:23:00,18.86,18.88,18.85,18.86,43100,813086.0023
2026-09-14 13:24:00,18.87,18.87,18.84,18.84,51600,973117.0208
2026-09-14 13:25:00,18.85,18.85,18.84,18.85,27500,518159.0
2026-09-14 13:26:00,18.85,18.86,18.84,18.85,82600,1556923.0
2026-09-14 13:27:00,18.85,18.86,18.84,18.86,28500,537354.0
2026-09-14 13:28:00,18.86,18.88,18.86,18.88,96200,1814988.0382
2026-09-14 13:29:00,18.88,18.88,18.84,18.86,53500,1009234.03
2026-09-14 13:30:00,18.86,18.86,18.84,18.86,18500,348804.0
2026-09-14 13:31:00,18.85,18.87,18.84,18.86,87400,1648231.0199
2026-09-14 13:32:00,18.86,18.87,18.84,18.86,75400,1421694.0015
2026-09-14 13:33:00,18.85,18.86,18.84,18.84,40900,770871.0
2026-09-14 13:34:00,18.84,18.86,18.84,18.85,26600,501389.0
2026-09-14 13:35:00,18.85,18.86,18.84,18.85,31900,601294.0
2026-09-14 13:36:00,18.85,18.85,18.84,18.85,77800,1466414.0
2026-09-14 13:37:00,18.85,18.87,18.84,18.85,57000,1074860.0176
2026-09-14 13:38:00,18.85,18.87,18.84,18.86,68300,1287864.0038
2026-09-14 13:39:00,18.85,18.87,18.85,18.86,37400,705329.0012
2026-09-14 13:40:00,18.86,18.87,18.85,18.85,20000,377277.0167
2026-09-14 13:41:00,18.85,18.86,18.85,18.85,52700,993499.002
2026-09-14 13:42:00,18.85,18.86,18.82,18.83,78000,1469556.0
2026-09-14 13:43:00,18.82,18.83,18.81,18.81,58500,1101139.0
2026-09-14 13:44:00,18.82,18.83,18.81,18.82,48900,920205.0
2026-09-14 13:45:00,18.81,18.83,18.8,18.82,319000,6001203.9999
2026-09-14 13:46:00,18.82,18.82,18.81,18.82,33400,628549.0
2026-09-14 13:47:00,18.81,18.82,18.81,18.82,65400,1230741.0
2026-09-14 13:48:00,18.82,18.83,18.81,18.81,57100,1074776.0
2026-09-14 13:49:00,18.82,18.83,18.81,18.82,22100,415890.0
2026-09-14 13:50:00,18.81,18.83,18.81,18.81,196100,3689055.0
2026-09-14 13:51:00,18.82,18.82,18.77,18.77,851500,16006111.1583
2026-09-14 13:52:00,18.78,18.79,18.77,18.78,36200,679935.0125
2026-09-14 13:53:00,18.78,18.8,18.77,18.78,184900,3472669.0808
2026-09-14 13:54:00,18.77,18.79,18.77,18.78,52900,993446.0233
2026-09-14 13:55:00,18.79,18.79,18.78,18.79,27800,522221.0215
2026-09-14 13:56:00,18.79,18.79,18.77,18.78,51200,961301.017
2026-09-14 13:57:00,18.78,18.78,18.77,18.77,57900,1086851.0016
2026-09-14 13:58:00,18.77,18.78,18.76,18.77,40200,754622.0007
2026-09-14 13:59:00,18.77,18.78,18.77,18.78,27000,506900.0072
2026-09-14 14:00:00,18.77,18.78,18.77,18.77,53800,1009998.0104
2026-09-14 14:01:00,18.77,18.78,18.77,18.77,33500,628874.006
2026-09-14 14:02:00,18.78,18.78,18.76,18.77,99500,1867771.0062
2026-09-14 14:03:00,18.77,18.78,18.77,18.78,63300,1188468.0138
2026-09-14 14:04:00,18.78,18.78,18.77,18.78,53700,1008293.0201
2026-09-14 14:05:00,18.78,18.79,18.77,18.77,36400,683503.014
2026-09-14 14:06:00,18.77,18.78,18.77,18.78,23000,431793.0088
2026-09-14 14:07:00,18.78,18.78,18.77,18.78,23200,435678.0079
2026-09-14 14:08:00,18.78,18.78,18.77,18.77,48600,912362.0057
2026-09-14 14:09:00,18.78,18.78,18.77,18.77,63400,1190210.0116
2026-09-14 14:10:00,18.77,18.77,18.76,18.76,80900,1518350.0
2026-09-14 14:11:00,18.77,18.78,18.76,18.77,101300,1901398.0007
2026-09-14 14:12:00,18.77,18.77,18.73,18.74,528100,9903887.0
2026-09-14 14:13:00,18.75,18.75,18.72,18.73,414900,7770836.9767
2026-09-14 14:14:00,18.73,18.73,18.72,18.73,450400,8432935.9442
2026-09-14 14:15:00,18.73,18.73,18.71,18.72,482900,9040055.9413
2026-09-14 14:16:00,18.73,18.73,18.72,18.73,70500,1319908.9816
2026-09-14 14:17:00,18.72,18.73,18.72,18.72,100800,1887619.988
2026-09-14 14:18:00,18.73,18.73,18.72,18.72,147800,2767551.9817
2026-09-14 14:19:00,18.73,18.73,18.72,18.73,111400,2085753.9698
2026-09-14 14:20:00,18.72,18.73,18.72,18.73,108800,2037232.9633
2026-09-14 14:21:00,18.73,18.73,18.71,18.73,182700,3420287.9136
2026-09-14 14:22:00,18.73,18.73,18.72,18.73,61800,1156997.9889
2026-09-14 14:23:00,18.73,18.73,18.72,18.72,39800,745133.9843
2026-09-14 14:24:00,18.72,18.73,18.72,18.73,79900,1496230.9801
2026-09-14 14:25:00,18.73,18.76,18.73,18.75,430600,8068384.0
2026-09-14 14:26:00,18.75,18.77,18.75,18.76,149500,2804508.7188
2026-09-14 14:27:00,18.76,18.77,18.76,18.76,51900,973752.0
2026-09-14 14:28:00,18.76,18.77,18.75,18.76,33100,620929.0
2026-09-14 14:29:00,18.75,18.77,18.75,18.76,78900,1480096.0
2026-09-14 14:30:00,18.76,18.78,18.75,18.76,173100,3247885.0
2026-09-14 14:31:00,18.76,18.81,18.75,18.79,400300,7517067.0486
2026-09-14 14:32:00,18.78,18.79,18.76,18.77,117600,2207680.0116
2026-09-14 14:33:00,18.77,18.79,18.76,18.77,202500,3801667.031
2026-09-14 14:34:00,18.78,18.82,18.78,18.8,148000,2782465.9937
2026-09-14 14:35:00,18.81,18.82,18.79,18.79,95000,1786466.0026
2026-09-14 14:36:00,18.79,18.8,18.76,18.79,198100,3720884.0352
2026-09-14 14:37:00,18.79,18.82,18.77,18.79,219500,4127173.024
2026-09-14 14:38:00,18.79,18.8,18.78,18.79,56800,1067324.0513
2026-09-14 14:39:00,18.79,18.8,18.78,18.79,128100,2407479.0656
2026-09-14 14:40:00,18.79,18.8,18.78,18.79,84600,1589735.0709
2026-09-14 14:41:00,18.79,18.8,18.77,18.78,136700,2567732.1085
2026-09-14 14:42:00,18.78,18.78,18.77,18.78,54200,1017776.0168
2026-09-14 14:43:00,18.77,18.78,18.77,18.78,63000,1182987.0155
2026-09-14 14:44:00,18.78,18.79,18.77,18.79,111500,2093939.0623
2026-09-14 14:45:00,18.78,18.79,18.77,18.78,75300,1414114.0348
2026-09-14 14:46:00,18.78,18.8,18.77,18.78,262200,4925885.1486
2026-09-14 14:47:00,18.78,18.8,18.78,18.79,61600,1157301.0496
2026-09-14 14:48:00,18.79,18.8,18.78,18.79,155700,2925642.0892
2026-09-14 14:49:00,18.79,18.8,18.78,18.79,105900,1989821.0861
2026-09-14 14:50:00,18.79,18.8,18.78,18.78,135700,2549650.1245
2026-09-14 14:51:00,18.79,18.8,18.78,18.78,312600,5873132.3053
2026-09-14 14:52:00,18.79,18.79,18.77,18.79,100400,1885950.0775
2026-09-14 14:53:00,18.79,18.79,18.78,18.78,109600,2058774.0735
2026-09-14 14:54:00,18.79,18.79,18.78,18.78,306900,5765337.2444
2026-09-14 14:55:00,18.78,18.79,18.78,18.78,162600,3054624.1256
2026-09-14 14:56:00,18.78,18.8,18.78,18.79,232300,4364646.1464
2026-09-14 14:57:00,18.79,18.8,18.77,18.8,305500,5740622.1053
2026-09-14 15:00:00,18.8,18.8,18.8,18.8,372600,7004879.7867
2026-09-15 09:31:00,18.78,18.85,18.74,18.76,527600,9908596.1141
2026-09-15 09:32:00,18.76,18.82,18.76,18.78,259400,4873335.0068
2026-09-15 09:33:00,18.79,18.8,18.76,18.78,116200,2182126.0581
2026-09-15 09:34:00,18.78,18.79,18.75,18.75,342700,6432607.0317
2026-09-15 09:35:00,18.76,18.77,18.74,18.74,147200,2761036.0
2026-09-15 09:36:00,18.74,18.76,18.73,18.74,99600,1866894.0
2026-09-15 09:37:00,18.74,18.75,18.73,18.74,201800,3781339.0
2026-09-15 09:38:00,18.73,18.75,18.72,18.72,174100,3261254.9883
2026-09-15 09:39:00,18.73,18.74,18.72,18.72,162800,3049166.9834
2026-09-15 09:40:00,18.72,18.74,18.71,18.73,211300,3956588.9376
2026-09-15 09:41:00,18.73,18.75,18.73,18.74,66800,1252099.0
2026-09-15 09:42:00,18.74,18.75,18.73,18.74,121200,2271312.0
2026-09-15 09:43:00,18.73,18.74,18.72,18.72,187100,3504211.9863
2026-09-15 09:44:00,18.73,18.73,18.71,18.72,125400,2347554.9672
2026-09-15 09:45:00,18.72,18.73,18.7,18.7,334200,6252956.8088
2026-09-15 09:46:00,18.7,18.71,18.68,18.68,389100,7274338.1147
2026-09-15 09:47:00,18.68,18.69,18.67,18.68,215000,4015822.0
2026-09-15 09:48:00,18.68,18.69,18.67,18.67,191200,3571007.0
2026-09-15 09:49:00,18.68,18.69,18.67,18.68,217200,4057100.0
2026-09-15 09:50:00,18.67,18.68,18.66,18.67,382900,7147951.0
2026-09-15 09:51:00,18.66,18.68,18.66,18.67,127900,2387721.0
2026-09-15 09:52:00,18.67,18.67,18.66,18.67,153400,2863566.0
2026-09-15 09:53:00,18.66,18.69,18.66,18.68,173500,3239997.0
2026-09-15 09:54:00,18.68,18.68,18.67,18.67,49100,917097.0
2026-09-15 09:55:00,18.67,18.69,18.67,18.67,80100,1496234.0
2026-09-15 09:56:00,18.67,18.69,18.67,18.68,141100,2635151.0
2026-09-15 09:57:00,18.68,18.68,18.66,18.66,317000,5917573.0
2026-09-15 09:58:00,18.67,18.67,18.66,18.66,89900,1678034.0
2026-09-15 09:59:00,18.66,18.67,18.66,18.67,158100,2951571.0
2026-09-15 10:00:00,18.68,18.68,18.66,18.68,109609,2046822.0313
2026-09-15 10:01:00,18.68,18.69,18.66,18.68,172000,3211808.0
2026-09-15 10:02:00,18.69,18.7,18.68,18.7,89900,1680044.0046
2026-09-15 10:03:00,18.7,18.72,18.69,18.71,208300,3897220.7997
2026-09-15 10:04:00,18.71,18.73,18.7,18.71,97700,1828643.9294
2026-09-15 10:05:00,18.72,18.73,18.71,18.73,81700,1529902.993
2026-09-15 10:06:00,18.72,18.74,18.72,18.73,87500,1638906.9913
2026-09-15 10:07:00,18.73,18.74,18.72,18.73,96000,1798106.9993
2026-09-15 10:08:00,18.73,18.74,18.72,18.73,30300,567508.9983
2026-09-15 10:09:00,18.73,18.74,18.73,18.73,111700,2092464.0
2026-09-15 10:10:00,18.73,18.74,18.73,18.73,30400,569580.0
2026-09-15 10:11:00,18.73,18.74,18.71,18.71,178700,3345776.8917
2026-09-15 10:12:00,18.71,18.72,18.7,18.7,100600,1881504.017
2026-09-15 10:13:00,18.71,18.71,18.69,18.7,95900,1792731.0199
2026-09-15 10:14:00,18.7,18.7,18.69,18.69,53200,994436.0052
2026-09-15 10:15:00,18.69,18.69,18.68,18.69,62400,1165947.0
2026-09-15 10:16:00,18.68,18.69,18.67,18.67,193900,3621386.0
2026-09-15 10:17:00,18.67,18.68,18.66,18.67,107400,2004842.0
2026-09-15 10:18:00,18.66,18.67,18.66,18.66,95900,1789884.0
2026-09-15 10:19:00,18.66,18.67,18.66,18.67,76600,1429854.0
2026-09-15 10:20:00,18.67,18.67,18.66,18.66,313400,5848592.0
2026-09-15 10:21:00,18.67,18.7,18.66,18.7,745900,13928288.0022
2026-09-15 10:22:00,18.7,18.71,18.68,18.69,119600,2235862.0143
2026-09-15 10:23:00,18.69,18.7,18.68,18.7,105150,1966124.577
2026-09-15 10:24:00,18.7,18.71,18.69,18.7,74600,1395064.0314
2026-09-15 10:25:00,18.7,18.7,18.68,18.69,270200,5049923.5232
2026-09-15 10:26:00,18.69,18.7,18.68,18.69,62000,1158474.0001
2026-09-15 10:27:00,18.68,18.7,18.68,18.7,81800,1528762.0027
2026-09-15 10:28:00,18.7,18.7,18.68,18.7,47700,891491.0032
2026-09-15 10:29:00,18.7,18.7,18.69,18.7,51900,970376.0211
2026-09-15 10:30:00,18.7,18.71,18.69,18.71,60500,1131299.0253
2026-09-15 10:31:00,18.71,18.71,18.7,18.7,17200,321801.9834
2026-09-15 10:32:00,18.71,18.72,18.7,18.72,86500,1618366.911
2026-09-15 10:33:00,18.71,18.72,18.71,18.72,149300,2794244.8954
2026-09-15 10:34:00,18.71,18.73,18.71,18.73,85200,1595146.9745
2026-09-15 10:35:00,18.73,18.74,18.72,18.73,155200,2907341.9948
2026-09-15 10:36:00,18.74,18.74,18.72,18.72,108300,2028551.9895
2026-09-15 10:37:00,18.72,18.74,18.72,18.74,100300,1878512.9877
2026-09-15 10:38:00,18.74,18.74,18.72,18.73,93200,1746021.9983
2026-09-15 10:39:00,18.73,18.74,18.72,18.73,141500,2650343.9959
2026-09-15 10:40:00,18.73,18.74,18.72,18.73,79100,1481566.9983
2026-09-15 10:41:00,18.73,18.73,18.72,18.72,51500,964485.9924
2026-09-15 10:42:00,18.73,18.73,18.72,18.72,40800,764106.9957
2026-09-15 10:43:00,18.72,18.73,18.72,18.73,126800,2374018.9568
2026-09-15 10:44:00,18.72,18.73,18.72,18.72,44500,833366.9954
2026-09-15 10:45:00,18.73,18.73,18.72,18.73,42800,801598.9983
2026-09-15 10:46:00,18.73,18.74,18.72,18.73,192800,3611192.9999
2026-09-15 10:47:00,18.73,18.74,18.71,18.72,330000,6178920.9148
2026-09-15 10:48:00,18.72,18.72,18.7,18.71,66900,1251675.9608
2026-09-15 10:49:00,18.7,18.71,18.7,18.7,122100,2283975.9614
2026-09-15 10:50:00,18.7,18.71,18.7,18.7,145800,2726832.0413
2026-09-15 10:51:00,18.69,18.7,18.69,18.69,114100,2132835.0142
2026-09-15 10:52:00,18.69,18.7,18.68,18.68,54700,1022254.0011
2026-09-15 10:53:00,18.69,18.69,18.68,18.69,77300,1444297.0
2026-09-15 10:54:00,18.69,18.69,18.68,18.69,16200,302741.0
2026-09-15 10:55:00,18.68,18.69,18.68,18.68,48200,900698.0
2026-09-15 10:56:00,18.68,18.7,18.68,18.7,311200,5816537.0057
2026-09-15 10:57:00,18.7,18.71,18.69,18.7,163200,3051746.0548
2026-09-15 10:58:00,18.71,18.71,18.69,18.7,105600,1975234.9519
2026-09-15 10:59:00,18.7,18.7,18.69,18.69,49100,917796.0081
2026-09-15 11:00:00,18.69,18.7,18.69,18.69,153500,2868927.0005
2026-09-15 11:01:00,18.69,18.7,18.68,18.68,65100,1216536.0012
2026-09-15 11:02:00,18.68,18.69,18.68,18.68,40800,762312.0
2026-09-15 11:03:00,18.68,18.69,18.66,18.67,652100,12177884.0
2026-09-15 11:04:00,18.67,18.68,18.67,18.67,20100,375305.0
2026-09-15 11:05:00,18.68,18.68,18.67,18.67,62300,1163363.0
2026-09-15 11:06:00,18.68,18.68,18.67,18.67,94600,1766921.0
2026-09-15 11:07:00,18.68,18.68,18.67,18.68,39000,728442.0
2026-09-15 11:08:00,18.67,18.69,18.67,18.69,242600,4531919.0
2026-09-15 11:09:00,18.69,18.69,18.68,18.69,19000,354980.0
2026-09-15 11:10:00,18.68,18.69,18.68,18.68,23200,433494.0
2026-09-15 11:11:00,18.69,18.69,18.68,18.68,59700,1115576.0
2026-09-15 11:12:00,18.69,18.69,18.68,18.69,28300,528872.0
2026-09-15 11:13:00,18.69,18.7,18.68,18.7,186300,3481820.0001
2026-09-15 11:14:00,18.69,18.7,18.69,18.7,51000,953555.0244
2026-09-15 11:15:00,18.7,18.7,18.69,18.7,42600,796421.0111
2026-09-15 11:16:00,18.69,18.7,18.69,18.7,31800,594510.0077
2026-09-15 11:17:00,18.7,18.72,18.69,18.71,188000,3516360.9753
2026-09-15 11:18:00,18.71,18.72,18.69,18.69,168900,3158884.9557
2026-09-15 11:19:00,18.7,18.7,18.69,18.69,35200,657989.0063
2026-09-15 11:20:00,18.7,18.7,18.69,18.69,49600,927161.0081
2026-09-15 11:21:00,18.69,18.7,18.68,18.69,892200,16674245.0005
2026-09-15 11:22:00,18.69,18.7,18.68,18.68,388400,7258734.0031
2026-09-15 11:23:00,18.68,18.69,18.67,18.67,217700,4066232.0
2026-09-15 11:24:00,18.67,18.68,18.66,18.67,157268,2936165.5601
2026-09-15 11:25:00,18.67,18.69,18.66,18.68,637100,11899084.0
2026-09-15 11:26:00,18.67,18.68,18.66,18.67,158300,2954557.0
2026-09-15 11:27:00,18.66,18.67,18.66,18.67,61700,1151652.0
2026-09-15 11:28:00,18.67,18.67,18.66,18.67,153000,2855295.0
2026-09-15 11:29:00,18.67,18.68,18.66,18.67,197100,3679139.0
2026-09-15 11:30:00,18.67,18.68,18.67,18.68,28600,534031.0
2026-09-15 13:01:00,18.68,18.69,18.64,18.64,954400,17811388.0
2026-09-15 13:02:00,18.64,18.65,18.63,18.63,159400,2970994.984
2026-09-15 13:03:00,18.63,18.65,18.63,18.64,224000,4174995.952
2026-09-15 13:04:00,18.64,18.64,18.63,18.63,29900,557221.9938
2026-09-15 13:05:00,18.63,18.64,18.63,18.63,83800,1561288.9343
2026-09-15 13:06:00,18.63,18.64,18.63,18.63,70400,1311688.967
2026-09-15 13:07:00,18.64,18.64,18.62,18.62,199700,3720310.8386
2026-09-15 13:08:00,18.62,18.63,18.62,18.63,116200,2163972.0366
2026-09-15 13:09:00,18.62,18.63,18.62,18.62,80300,1495233.0483
2026-09-15 13:10:00,18.62,18.63,18.62,18.62,116400,2167718.012
2026-09-15 13:11:00,18.62,18.63,18.62,18.62,72900,1357775.991
2026-09-15 13:12:00,18.62,18.63,18.62,18.63,81300,1514017.0391
2026-09-15 13:13:00,18.63,18.63,18.61,18.61,272000,5064666.2781
2026-09-15 13:14:00,18.62,18.62,18.61,18.61,199600,3714698.0136
2026-09-15 13:15:00,18.61,18.62,18.58,18.59,650000,12090301.0392
2026-09-15 13:16:00,18.59,18.6,18.58,18.6,129700,2410926.0
2026-09-15 13:17:00,18.59,18.6,18.58,18.6,211550,3932585.5
2026-09-15 13:18:00,18.59,18.61,18.59,18.6,166900,3104234.0
2026-09-15 13:19:00,18.6,18.61,18.6,18.61,78700,1464074.0039
2026-09-15 13:20:00,18.61,18.63,18.61,18.62,183900,3423197.1017
2026-09-15 13:21:00,18.62,18.63,18.61,18.63,127200,2369136.0101
2026-09-15 13:22:00,18.62,18.63,18.61,18.62,47100,876970.0389
2026-09-15 13:23:00,18.61,18.62,18.6,18.61,69100,1285856.0057
2026-09-15 13:24:00,18.61,18.65,18.61,18.64,239000,4451076.1462
2026-09-15 13:25:00,18.65,18.66,18.64,18.64,101200,1887340.0
2026-09-15 13:26:00,18.65,18.66,18.64,18.64,92600,1726831.0
2026-09-15 13:27:00,18.64,18.65,18.64,18.64,70200,1308594.0
2026-09-15 13:28:00,18.64,18.65,18.64,18.64,131800,2456857.9961
2026-09-15 13:29:00,18.64,18.65,18.63,18.64,121900,2272360.9897
2026-09-15 13:30:00,18.65,18.65,18.64,18.64,68200,1271263.9961
2026-09-15 13:31:00,18.64,18.65,18.63,18.65,135500,2525723.9802
2026-09-15 13:32:00,18.65,18.66,18.64,18.65,222400,4147483.0
2026-09-15 13:33:00,18.65,18.66,18.65,18.65,118600,2212503.0
2026-09-15 13:34:00,18.65,18.66,18.64,18.65,38800,723687.0
2026-09-15 13:35:00,18.64,18.65,18.64,18.65,89600,1670189.9961
2026-09-15 13:36:00,18.65,18.65,18.63,18.64,98000,1826779.981
2026-09-15 13:37:00,18.64,18.66,18.63,18.66,245200,4573570.9994
2026-09-15 13:38:00,18.67,18.67,18.65,18.65,48700,908660.0
2026-09-15 13:39:00,18.66,18.66,18.63,18.64,90400,1685803.9943
2026-09-15 13:40:00,18.64,18.65,18.63,18.63,57000,1062291.9766
2026-09-15 13:41:00,18.63,18.64,18.61,18.63,130600,2432703.9159
2026-09-15 13:42:00,18.63,18.64,18.63,18.64,99500,1853900.9161
2026-09-15 13:43:00,18.64,18.64,18.63,18.64,23200,432420.9922
2026-09-15 13:44:00,18.64,18.64,18.62,18.64,161400,3006897.8719
2026-09-15 13:45:00,18.63,18.65,18.63,18.65,157100,2928871.9768
2026-09-15 13:46:00,18.65,18.65,18.63,18.64,48600,905885.9933
2026-09-15 13:47:00,18.64,18.64,18.63,18.64,40500,754706.9813
2026-09-15 13:48:00,18.64,18.64,18.63,18.64,62200,1159199.9761
2026-09-15 13:49:00,18.64,18.65,18.64,18.65,138900,2589214.9922
2026-09-15 13:50:00,18.64,18.66,18.64,18.65,154000,2872222.0
2026-09-15 13:51:00,18.65,18.66,18.64,18.66,121100,2258539.0
2026-09-15 13:52:00,18.66,18.68,18.66,18.68,176200,3288807.0
2026-09-15 13:53:00,18.68,18.68,18.66,18.67,65000,1213501.0
2026-09-15 13:54:00,18.67,18.67,18.65,18.66,53000,988979.0
2026-09-15 13:55:00,18.66,18.66,18.64,18.65,66600,1242182.0
2026-09-15 13:56:00,18.65,18.66,18.64,18.65,177100,3302553.0
2026-09-15 13:57:00,18.65,18.65,18.64,18.65,22400,417716.0
2026-09-15 13:58:00,18.65,18.65,18.62,18.65,168200,3135222.0066
2026-09-15 13:59:00,18.65,18.65,18.63,18.64,145600,2714436.9915
2026-09-15 14:00:00,18.64,18.65,18.62,18.63,71600,1334169.9723
2026-09-15 14:01:00,18.63,18.63,18.62,18.62,85300,1588483.0475
2026-09-15 14:02:00,18.62,18.64,18.61,18.63,256800,4784153.8861
2026-09-15 14:03:00,18.64,18.64,18.63,18.63,72900,1358142.9319
2026-09-15 14:04:00,18.63,18.63,18.62,18.62,47700,888290.0271
2026-09-15 14:05:00,18.63,18.63,18.62,18.62,159200,2965391.9401
2026-09-15 14:06:00,18.62,18.63,18.61,18.62,82000,1526458.0479
2026-09-15 14:07:00,18.61,18.62,18.6,18.61,171200,3186141.0214
2026-09-15 14:08:00,18.61,18.62,18.6,18.61,187600,3491307.0414
2026-09-15 14:09:00,18.61,18.62,18.6,18.62,144900,2696617.0305
2026-09-15 14:10:00,18.62,18.62,18.61,18.62,47600,886074.0206
2026-09-15 14:11:00,18.61,18.62,18.61,18.62,47000,874747.0052
2026-09-15 14:12:00,18.62,18.62,18.61,18.61,65900,1226784.026
2026-09-15 14:13:00,18.61,18.63,18.61,18.63,235900,4392349.197
2026-09-15 14:14:00,18.63,18.64,18.62,18.63,144400,2690121.8749
2026-09-15 14:15:00,18.63,18.63,18.62,18.63,48000,893976.0044
2026-09-15 14:16:00,18.63,18.64,18.61,18.63,273300,5090777.9076
2026-09-15 14:17:00,18.63,18.64,18.62,18.64,121900,2271463.9281
2026-09-15 14:18:00,18.64,18.64,18.62,18.63,97700,1820071.9445
2026-09-15 14:19:00,18.63,18.63,18.62,18.63,64900,1208760.9994
2026-09-15 14:20:00,18.62,18.63,18.62,18.63,80000,1490103.9901
2026-09-15 14:21:00,18.63,18.63,18.61,18.62,431100,8027125.2299
2026-09-15 14:22:00,18.62,18.62,18.61,18.61,154500,2876032.0839
2026-09-15 14:23:00,18.62,18.62,18.61,18.62,111300,2071918.0341
2026-09-15 14:24:00,18.62,18.62,18.6,18.6,206200,3837488.0391
2026-09-15 14:25:00,18.61,18.61,18.6,18.6,213200,3965887.0
2026-09-15 14:26:00,18.6,18.61,18.59,18.59,429700,7991522.0
2026-09-15 14:27:00,18.59,18.6,18.59,18.59,235700,4382138.0
2026-09-15 14:28:00,18.59,18.6,18.58,18.59,197200,3666130.5
2026-09-15 14:29:00,18.58,18.59,18.57,18.57,346600,6440082.5
2026-09-15 14:30:00,18.58,18.59,18.56,18.57,558100,10364930.5
2026-09-15 14:31:00,18.57,18.58,18.55,18.56,565100,10491393.9696
2026-09-15 14:32:00,18.57,18.58,18.55,18.57,442200,8208822.9943
2026-09-15 14:33:00,18.57,18.59,18.56,18.58,332100,6169339.0
2026-09-15 14:34:00,18.58,18.59,18.56,18.57,252600,4691240.0
2026-09-15 14:35:00,18.57,18.58,18.56,18.56,166100,3084147.0
2026-09-15 14:36:00,18.57,18.57,18.56,18.56,310900,5771792.0
2026-09-15 14:37:00,18.57,18.57,18.55,18.55,315600,5856030.9603
2026-09-15 14:38:00,18.56,18.57,18.55,18.57,431900,8015217.9233
2026-09-15 14:39:00,18.57,18.57,18.55,18.55,363400,6743500.8494
2026-09-15 14:40:00,18.56,18.57,18.55,18.56,195500,3628538.9961
2026-09-15 14:41:00,18.56,18.58,18.56,18.57,251600,4671606.0
2026-09-15 14:42:00,18.57,18.58,18.56,18.58,266093,4942020.0078
2026-09-15 14:43:00,18.57,18.58,18.56,18.56,295800,5491485.0
2026-09-15 14:44:00,18.57,18.58,18.55,18.56,421600,7824541.8976
2026-09-15 14:45:00,18.57,18.57,18.55,18.56,150600,2795246.9996
2026-09-15 14:46:00,18.57,18.58,18.55,18.57,359200,6669049.9961
2026-09-15 14:47:00,18.57,18.57,18.56,18.56,194600,3612268.0
2026-09-15 14:48:00,18.57,18.57,18.55,18.56,383500,7117369.9889
2026-09-15 14:49:00,18.57,18.57,18.55,18.55,283400,5260136.9994
2026-09-15 14:50:00,18.57,18.57,18.55,18.55,360100,6682622.8942
2026-09-15 14:51:00,18.56,18.57,18.55,18.56,439200,8150614.9441
2026-09-15 14:52:00,18.56,18.56,18.55,18.55,463400,8597326.8364
2026-09-15 14:53:00,18.56,18.57,18.55,18.56,316500,5873935.9517
2026-09-15 14:54:00,18.57,18.57,18.55,18.57,359400,6669675.9738
2026-09-15 14:55:00,18.57,18.57,18.55,18.55,215600,4001488.9695
2026-09-15 14:56:00,18.56,18.59,18.55,18.58,403600,7495325.9971
2026-09-15 14:57:00,18.58,18.59,18.56,18.57,274492,5099485.436
2026-09-15 15:00:00,18.59,18.59,18.59,18.59,494500,9192755.0059
2026-09-16 09:31:00,18.54,18.59,18.49,18.51,1145800,21235555.1161
2026-09-16 09:32:00,18.51,18.55,18.5,18.51,242300,4487814.0564
2026-09-16 09:33:00,18.5,18.51,18.45,18.45,655300,12111389.863
2026-09-16 09:34:00,18.46,18.47,18.42,18.44,428300,7901643.9774
2026-09-16 09:35:00,18.43,18.44,18.41,18.42,440800,8120556.0
2026-09-16 09:36:00,18.43,18.48,18.41,18.46,174200,3212026.0071
2026-09-16 09:37:00,18.46,18.47,18.43,18.44,282300,5207519.9974
2026-09-16 09:38:00,18.43,18.45,18.42,18.42,216600,3992763.0
2026-09-16 09:39:00,18.42,18.44,18.42,18.43,235900,4346304.0
2026-09-16 09:40:00,18.43,18.44,18.41,18.43,479800,8839507.0
2026-09-16 09:41:00,18.41,18.42,18.38,18.41,1145500,21074508.9321
2026-09-16 09:42:00,18.4,18.41,18.39,18.39,406800,7486009.0
2026-09-16 09:43:00,18.4,18.4,18.38,18.39,313400,5762365.8748
2026-09-16 09:44:00,18.38,18.39,18.37,18.38,435300,8000219.9242
2026-09-16 09:45:00,18.38,18.39,18.36,18.37,457900,8413195.9413
2026-09-16 09:46:00,18.37,18.37,18.35,18.36,387900,7122925.0968
2026-09-16 09:47:00,18.35,18.37,18.35,18.36,285400,5239041.0024
2026-09-16 09:48:00,18.36,18.37,18.35,18.36,234700,4308442.0283
2026-09-16 09:49:00,18.35,18.37,18.35,18.37,227400,4174582.0161
2026-09-16 09:50:00,18.37,18.37,18.35,18.36,356700,6550362.1321
2026-09-16 09:51:00,18.36,18.36,18.35,18.35,412200,7565521.0
2026-09-16 09:52:00,18.35,18.37,18.35,18.37,296300,5439335.0316
2026-09-16 09:53:00,18.36,18.38,18.36,18.37,159500,2929354.0444
2026-09-16 09:54:00,18.37,18.37,18.35,18.36,287900,5286299.066
2026-09-16 09:55:00,18.35,18.36,18.35,18.36,161000,2955086.0156
2026-09-16 09:56:00,18.36,18.37,18.35,18.36,179200,3289577.0299
2026-09-16 09:57:00,18.36,18.36,18.33,18.34,382700,7020959.0
2026-09-16 09:58:00,18.33,18.34,18.33,18.34,186900,3426713.0
2026-09-16 09:59:00,18.34,18.34,18.28,18.29,975300,17853604.9334
2026-09-16 10:00:00,18.28,18.29,18.27,18.27,574100,10493015.1646
2026-09-16 10:01:00,18.27,18.28,18.27,18.28,355800,6502203.1088
2026-09-16 10:02:00,18.28,18.32,18.27,18.3,283800,5192426.9658
2026-09-16 10:03:00,18.3,18.32,18.29,18.3,184200,3371569.967
2026-09-16 10:04:00,18.3,18.33,18.29,18.32,161900,2965218.9973
2026-09-16 10:05:00,18.32,18.32,18.3,18.32,156300,2862282.9961
2026-09-16 10:06:00,18.32,18.33,18.3,18.31,199700,3656985.9941
2026-09-16 10:07:00,18.31,18.32,18.3,18.32,151100,2766639.9889
2026-09-16 10:08:00,18.32,18.33,18.31,18.32,188300,3449198.0
2026-09-16 10:09:00,18.32,18.35,18.31,18.35,168700,3092863.0
2026-09-16 10:10:00,18.34,18.39,18.34,18.39,290500,5333972.0107
2026-09-16 10:11:00,18.39,18.43,18.39,18.4,258100,4749658.0
2026-09-16 10:12:00,18.41,18.41,18.38,18.39,192900,3548450.9937
2026-09-16 10:13:00,18.39,18.39,18.38,18.38,111400,2047936.9144
2026-09-16 10:14:00,18.39,18.39,18.37,18.39,108100,1986665.9805
2026-09-16 10:15:00,18.38,18.41,18.38,18.4,187800,3454803.9993
2026-09-16 10:16:00,18.41,18.42,18.4,18.42,109100,2008814.0
2026-09-16 10:17:00,18.41,18.44,18.41,18.41,547200,10079188.0
2026-09-16 10:18:00,18.42,18.42,18.4,18.4,126400,2326642.0
2026-09-16 10:19:00,18.4,18.46,18.4,18.45,521200,9598957.0146
2026-09-16 10:20:00,18.45,18.46,18.42,18.46,213200,3932602.9237
2026-09-16 10:21:00,18.45,18.45,18.43,18.44,92300,1702330.0236
2026-09-16 10:22:00,18.44,18.44,18.41,18.42,140000,2578503.0
2026-09-16 10:23:00,18.41,18.42,18.38,18.39,129600,2384380.999
2026-09-16 10:24:00,18.39,18.4,18.38,18.39,67600,1243277.998
2026-09-16 10:25:00,18.39,18.41,18.39,18.4,143600,2642374.0
2026-09-16 10:26:00,18.4,18.41,18.39,18.4,65300,1201503.0
2026-09-16 10:27:00,18.4,18.4,18.37,18.38,165000,3032877.9308
2026-09-16 10:28:00,18.39,18.4,18.38,18.38,60800,1117954.9786
2026-09-16 10:29:00,18.37,18.41,18.37,18.41,169700,3119975.9507
2026-09-16 10:30:00,18.41,18.43,18.39,18.42,116900,2151373.0
2026-09-16 10:31:00,18.41,18.42,18.41,18.42,76000,1399594.0
2026-09-16 10:32:00,18.42,18.43,18.41,18.43,113200,2085234.0
2026-09-16 10:33:00,18.43,18.44,18.42,18.43,82500,1521016.0
2026-09-16 10:34:00,18.44,18.45,18.41,18.41,161400,2974343.0002
2026-09-16 10:35:00,18.42,18.44,18.42,18.44,183700,3385495.0
2026-09-16 10:36:00,18.44,18.46,18.43,18.45,281900,5201191.058
2026-09-16 10:37:00,18.45,18.45,18.42,18.44,344500,6351007.0173
2026-09-16 10:38:00,18.44,18.44,18.43,18.43,80800,1489541.0
2026-09-16 10:39:00,18.43,18.44,18.42,18.42,171200,3154497.0
2026-09-16 10:40:00,18.42,18.43,18.42,18.43,79600,1466775.0
2026-09-16 10:41:00,18.42,18.43,18.42,18.42,55600,1024304.0
2026-09-16 10:42:00,18.42,18.43,18.41,18.41,94100,1733164.0
2026-09-16 10:43:00,18.41,18.42,18.4,18.41,97800,1800462.0
2026-09-16 10:44:00,18.4,18.42,18.4,18.42,79300,1460200.0
2026-09-16 10:45:00,18.42,18.43,18.41,18.41,81300,1497759.0
2026-09-16 10:46:00,18.41,18.43,18.41,18.42,67200,1237918.0
2026-09-16 10:47:00,18.42,18.44,18.42,18.44,78500,1446649.0
2026-09-16 10:48:00,18.44,18.44,18.43,18.44,83500,1539715.0
2026-09-16 10:49:00,18.44,18.45,18.43,18.43,79000,1456611.001
2026-09-16 10:50:00,18.43,18.44,18.43,18.44,35400,652494.0
2026-09-16 10:51:00,18.44,18.44,18.41,18.42,194500,3583751.0
2026-09-16 10:52:00,18.42,18.45,18.41,18.45,170400,3141064.02
2026-09-16 10:53:00,18.45,18.45,18.42,18.43,119800,2208415.0125
2026-09-16 10:54:00,18.43,18.43,18.42,18.43,38400,707438.0
2026-09-16 10:55:00,18.43,18.43,18.39,18.39,240000,4417543.0
2026-09-16 10:56:00,18.4,18.4,18.39,18.4,49000,901436.0
2026-09-16 10:57:00,18.39,18.4,18.39,18.4,70800,1302351.0
2026-09-16 10:58:00,18.39,18.4,18.39,18.39,70900,1303981.998
2026-09-16 10:59:00,18.39,18.4,18.39,18.4,99500,1830631.998
2026-09-16 11:00:00,18.4,18.4,18.39,18.4,51600,949156.9922
2026-09-16 11:01:00,18.39,18.42,18.39,18.41,162300,2987718.998
2026-09-16 11:02:00,18.41,18.42,18.4,18.4,139000,2558281.0
2026-09-16 11:03:00,18.4,18.41,18.39,18.4,146700,2699016.0
2026-09-16 11:04:00,18.4,18.41,18.4,18.41,134600,2477172.0
2026-09-16 11:05:00,18.4,18.42,18.4,18.41,182100,3351838.0
2026-09-16 11:06:00,18.41,18.41,18.4,18.4,94900,1746358.0
2026-09-16 11:07:00,18.4,18.41,18.4,18.4,130800,2407146.0
2026-09-16 11:08:00,18.4,18.41,18.38,18.38,295800,5441052.9519
2026-09-16 11:09:00,18.38,18.4,18.36,18.4,310800,5711889.9061
2026-09-16 11:10:00,18.39,18.43,18.39,18.42,1190800,21912471.0
2026-09-16 11:11:00,18.42,18.45,18.42,18.45,114700,2114442.0081
2026-09-16 11:12:00,18.44,18.45,18.41,18.44,641300,11812842.0267
2026-09-16 11:13:00,18.44,18.44,18.42,18.44,81900,1509668.0
2026-09-16 11:14:00,18.44,18.45,18.44,18.45,89400,1648950.0175
2026-09-16 11:15:00,18.44,18.45,18.44,18.45,31900,588503.0197
2026-09-16 11:16:00,18.44,18.45,18.43,18.45,170700,3147732.0056
2026-09-16 11:17:00,18.44,18.45,18.44,18.44,118600,2187129.0067
2026-09-16 11:18:00,18.44,18.44,18.42,18.42,99500,1833435.0
2026-09-16 11:19:00,18.42,18.43,18.42,18.42,17900,329868.0
2026-09-16 11:20:00,18.42,18.43,18.42,18.42,55800,1028093.0
2026-09-16 11:21:00,18.42,18.46,18.42,18.46,151000,2785369.0228
2026-09-16 11:22:00,18.45,18.48,18.45,18.47,181600,3354024.8977
2026-09-16 11:23:00,18.47,18.47,18.46,18.47,117200,2164671.9561
2026-09-16 11:24:00,18.47,18.48,18.46,18.48,41200,761044.9814
2026-09-16 11:25:00,18.48,18.48,18.46,18.47,213800,3949177.9216
2026-09-16 11:26:00,18.48,18.48,18.47,18.48,79300,1464910.9879
2026-09-16 11:27:00,18.48,18.49,18.47,18.48,125300,2315488.9991
2026-09-16 11:28:00,18.48,18.49,18.47,18.48,155800,2879926.9977
2026-09-16 11:29:00,18.48,18.49,18.48,18.49,122000,2255509.0
2026-09-16 11:30:00,18.49,18.5,18.48,18.5,72200,1335125.0
2026-09-16 13:01:00,18.5,18.52,18.47,18.47,522000,9653845.9977
2026-09-16 13:02:00,18.48,18.51,18.47,18.5,190500,3522648.9995
2026-09-16 13:03:00,18.51,18.52,18.5,18.51,173100,3204160.0082
2026-09-16 13:04:00,18.51,18.52,18.49,18.49,108000,1998269.0
2026-09-16 13:05:00,18.49,18.5,18.48,18.5,65800,1217002.0
2026-09-16 13:06:00,18.5,18.52,18.5,18.51,88200,1632409.0
2026-09-16 13:07:00,18.51,18.51,18.48,18.49,104200,1927721.0
2026-09-16 13:08:00,18.49,18.49,18.47,18.48,49400,912864.998
2026-09-16 13:09:00,18.47,18.48,18.47,18.48,18900,349141.9982
2026-09-16 13:10:00,18.48,18.49,18.47,18.49,93700,1731744.9974
2026-09-16 13:11:00,18.49,18.51,18.49,18.5,90100,1666544.0
2026-09-16 13:12:00,18.5,18.51,18.49,18.51,104100,1926166.0
2026-09-16 13:13:00,18.51,18.52,18.51,18.51,142500,2637833.0
2026-09-16 13:14:00,18.52,18.52,18.5,18.52,96400,1784267.0
2026-09-16 13:15:00,18.52,18.52,18.5,18.5,52100,964131.0
2026-09-16 13:16:00,18.51,18.53,18.5,18.53,129300,2393822.0
2026-09-16 13:17:00,18.53,18.53,18.52,18.53,48200,893036.0153
2026-09-16 13:18:00,18.52,18.53,18.51,18.52,93700,1735588.011
2026-09-16 13:19:00,18.52,18.53,18.51,18.51,91500,1694834.0208
2026-09-16 13:20:00,18.52,18.53,18.51,18.52,62700,1161176.0006
2026-09-16 13:21:00,18.52,18.52,18.51,18.51,55400,1025633.0
2026-09-16 13:22:00,18.51,18.53,18.5,18.52,195600,3621086.0
2026-09-16 13:23:00,18.53,18.53,18.52,18.53,67300,1246722.0177
2026-09-16 13:24:00,18.52,18.52,18.5,18.5,63400,1173782.0
2026-09-16 13:25:00,18.5,18.51,18.49,18.49,102100,1888616.0
2026-09-16 13:26:00,18.49,18.5,18.48,18.48,76100,1407306.0
2026-09-16 13:27:00,18.48,18.49,18.48,18.48,43900,811399.0
2026-09-16 13:28:00,18.48,18.5,18.48,18.5,173400,3205549.0
2026-09-16 13:29:00,18.5,18.51,18.49,18.49,98200,1816684.0
2026-09-16 13:30:00,18.5,18.5,18.49,18.49,22600,418013.0
2026-09-16 13:31:00,18.5,18.51,18.49,18.5,67000,1239602.0
2026-09-16 13:32:00,18.5,18.51,18.5,18.51,40500,749309.0
2026-09-16 13:33:00,18.5,18.51,18.49,18.5,75500,1396677.0
2026-09-16 13:34:00,18.5,18.51,18.49,18.5,32500,601295.0
2026-09-16 13:35:00,18.5,18.51,18.5,18.5,44400,821511.0
2026-09-16 13:36:00,18.5,18.51,18.5,18.5,46200,854759.0
2026-09-16 13:37:00,18.51,18.51,18.49,18.5,68000,1258037.0
2026-09-16 13:38:00,18.51,18.52,18.5,18.52,141600,2620850.0
2026-09-16 13:39:00,18.51,18.52,18.5,18.51,103000,1906495.0
2026-09-16 13:40:00,18.51,18.52,18.5,18.51,66300,1227077.0
2026-09-16 13:41:00,18.52,18.52,18.51,18.51,71100,1316346.0
2026-09-16 13:42:00,18.51,18.54,18.51,18.53,191500,3547312.0367
2026-09-16 13:43:00,18.53,18.54,18.52,18.53,77300,1432401.0242
2026-09-16 13:44:00,18.52,18.53,18.52,18.53,69900,1294868.0156
2026-09-16 13:45:00,18.53,18.54,18.52,18.53,161100,2985450.0737
2026-09-16 13:46:00,18.54,18.58,18.53,18.58,510700,9476414.074
2026-09-16 13:47:00,18.58,18.6,18.57,18.58,913400,16976492.0
2026-09-16 13:48:00,18.58,18.59,18.57,18.58,341100,6338354.0
2026-09-16 13:49:00,18.58,18.59,18.56,18.58,219700,4080860.0
2026-09-16 13:50:00,18.58,18.58,18.55,18.55,301400,5595554.9906
2026-09-16 13:51:00,18.55,18.56,18.55,18.56,133900,2484867.9865
2026-09-16 13:52:00,18.56,18.57,18.55,18.56,131800,2445996.9866
2026-09-16 13:53:00,18.56,18.57,18.55,18.56,112600,2090398.9971
2026-09-16 13:54:00,18.56,18.57,18.55,18.56,79100,1468142.9984
2026-09-16 13:55:00,18.56,18.57,18.55,18.55,99700,1850410.9955
2026-09-16 13:56:00,18.56,18.56,18.54,18.54,127700,2368433.9916
2026-09-16 13:57:00,18.54,18.56,18.53,18.54,118100,2189921.0555
2026-09-16 13:58:00,18.54,18.55,18.54,18.55,24000,445163.993
2026-09-16 13:59:00,18.55,18.55,18.54,18.54,32400,600770.0172
2026-09-16 14:00:00,18.54,18.55,18.54,18.55,72600,1346264.0382
2026-09-16 14:01:00,18.55,18.56,18.54,18.56,74700,1385769.9683
2026-09-16 14:02:00,18.55,18.56,18.54,18.55,57500,1066366.0122
2026-09-16 14:03:00,18.54,18.55,18.53,18.54,72500,1344160.0653
2026-09-16 14:04:00,18.54,18.54,18.53,18.53,73000,1352754.0479
2026-09-16 14:05:00,18.53,18.53,18.52,18.52,157800,2923056.0137
2026-09-16 14:06:00,18.52,18.53,18.51,18.52,83500,1546530.0056
2026-09-16 14:07:00,18.52,18.53,18.52,18.52,83400,1544644.0035
2026-09-16 14:08:00,18.53,18.54,18.52,18.52,141000,2612772.0504
2026-09-16 14:09:00,18.52,18.53,18.52,18.53,75600,1400466.0175
2026-09-16 14:10:00,18.52,18.53,18.52,18.52,25100,464970.0046
2026-09-16 14:11:00,18.52,18.53,18.52,18.53,63400,1174618.0289
2026-09-16 14:12:00,18.53,18.53,18.52,18.53,109900,2036172.0411
2026-09-16 14:13:00,18.52,18.54,18.52,18.53,120300,2228855.0453
2026-09-16 14:14:00,18.53,18.54,18.52,18.53,40700,754131.0203
2026-09-16 14:15:00,18.53,18.53,18.52,18.53,17900,331629.0023
2026-09-16 14:16:00,18.53,18.53,18.51,18.51,203300,3764423.0024
2026-09-16 14:17:00,18.51,18.52,18.51,18.52,86700,1604992.0
2026-09-16 14:18:00,18.51,18.52,18.51,18.51,56000,1036715.0
2026-09-16 14:19:00,18.51,18.52,18.51,18.51,23700,438812.0
2026-09-16 14:20:00,18.51,18.52,18.51,18.51,46400,858941.0
2026-09-16 14:21:00,18.52,18.52,18.51,18.51,49100,908929.0
2026-09-16 14:22:00,18.52,18.52,18.51,18.51,95800,1773856.0
2026-09-16 14:23:00,18.51,18.52,18.51,18.51,50400,933037.0
2026-09-16 14:24:00,18.51,18.52,18.5,18.51,158300,2929969.0
2026-09-16 14:25:00,18.5,18.51,18.5,18.51,38900,719764.0
2026-09-16 14:26:00,18.5,18.51,18.5,18.5,44800,828891.0
2026-09-16 14:27:00,18.5,18.51,18.49,18.5,273200,5054139.0
2026-09-16 14:28:00,18.5,18.51,18.48,18.48,301100,5567493.0
2026-09-16 14:29:00,18.49,18.5,18.48,18.5,63800,1179646.0
2026-09-16 14:30:00,18.5,18.5,18.48,18.49,147300,2722564.0
2026-09-16 14:31:00,18.49,18.52,18.48,18.51,125600,2324365.0
2026-09-16 14:32:00,18.51,18.52,18.51,18.52,39700,735186.0
2026-09-16 14:33:00,18.51,18.52,18.51,18.51,103800,1921489.0
2026-09-16 14:34:00,18.5,18.51,18.5,18.5,27700,512608.0
2026-09-16 14:35:00,18.5,18.51,18.49,18.5,288700,5341310.0
2026-09-16 14:36:00,18.5,18.51,18.5,18.51,19200,355259.0
2026-09-16 14:37:00,18.5,18.52,18.5,18.5,109200,2021165.0
2026-09-16 14:38:00,18.51,18.52,18.5,18.51,57200,1058746.0
2026-09-16 14:39:00,18.5,18.52,18.5,18.52,185221,3428519.711
2026-09-16 14:40:00,18.51,18.51,18.5,18.5,94879,1755679.2921
2026-09-16 14:41:00,18.5,18.51,18.5,18.51,38800,717983.0031
2026-09-16 14:42:00,18.5,18.51,18.5,18.51,61200,1132471.001
2026-09-16 14:43:00,18.5,18.52,18.5,18.52,176000,3258046.9922
2026-09-16 14:44:00,18.51,18.52,18.51,18.52,57900,1072165.0
2026-09-16 14:45:00,18.52,18.53,18.51,18.52,154200,2855418.0023
2026-09-16 14:46:00,18.52,18.53,18.51,18.52,101400,1877693.0004
2026-09-16 14:47:00,18.51,18.52,18.51,18.51,234500,4341182.0
2026-09-16 14:48:00,18.52,18.52,18.5,18.51,143000,2646824.0
2026-09-16 14:49:00,18.52,18.52,18.51,18.52,93700,1734735.0
2026-09-16 14:50:00,18.52,18.52,18.51,18.51,136400,2525726.0
2026-09-16 14:51:00,18.51,18.52,18.51,18.51,75500,1397822.0
2026-09-16 14:52:00,18.51,18.52,18.5,18.51,333700,6176928.0
2026-09-16 14:53:00,18.5,18.52,18.5,18.52,221000,4090659.0
2026-09-16 14:54:00,18.52,18.52,18.5,18.51,246600,4563045.0
2026-09-16 14:55:00,18.5,18.51,18.49,18.5,287500,5318474.0
2026-09-16 14:56:00,18.5,18.5,18.49,18.49,347800,6432793.0
2026-09-16 14:57:00,18.49,18.5,18.48,18.5,284800,5266879.0
2026-09-16 15:00:00,18.48,18.48,18.48,18.48,512200,9465456.0
2026-09-17 09:31:00,18.38,18.44,18.36,18.43,741300,13631647.7673
2026-09-17 09:32:00,18.42,18.43,18.4,18.43,346900,6389437.0
2026-09-17 09:33:00,18.43,18.46,18.43,18.46,240500,4436118.9888
2026-09-17 09:34:00,18.46,18.49,18.45,18.47,301400,5568806.9612
2026-09-17 09:35:00,18.47,18.48,18.43,18.44,456600,8429785.946
2026-09-17 09:36:00,18.44,18.45,18.4,18.41,351400,6472049.0052
2026-09-17 09:37:00,18.42,18.44,18.41,18.41,301100,5546284.0
2026-09-17 09:38:00,18.41,18.42,18.4,18.41,263300,4846922.0
2026-09-17 09:39:00,18.41,18.42,18.37,18.37,548700,10090847.8372
2026-09-17 09:40:00,18.37,18.37,18.35,18.35,237200,4355539.0673
2026-09-17 09:41:00,18.36,18.36,18.33,18.34,426600,7825788.0
2026-09-17 09:42:00,18.34,18.35,18.33,18.33,321400,5893653.0
2026-09-17 09:43:00,18.34,18.34,18.32,18.32,573643,10514176.7375
2026-09-17 09:44:00,18.32,18.33,18.3,18.3,984857,18031972.9669
2026-09-17 09:45:00,18.31,18.31,18.3,18.31,374800,6860391.9032
2026-09-17 09:46:00,18.31,18.31,18.26,18.27,1434500,26234453.975
2026-09-17 09:47:00,18.27,18.29,18.26,18.29,530100,9687447.0682
2026-09-17 09:48:00,18.29,18.29,18.28,18.29,339900,6215601.2644
2026-09-17 09:49:00,18.29,18.3,18.28,18.3,367300,6718577.2678
2026-09-17 09:50:00,18.3,18.3,18.28,18.29,568100,10387407.3116
2026-09-17 09:51:00,18.29,18.29,18.25,18.26,1044400,19075832.0463
2026-09-17 09:52:00,18.26,18.27,18.25,18.26,376900,6883390.0
2026-09-17 09:53:00,18.27,18.28,18.25,18.26,461900,8433062.0006
2026-09-17 09:54:00,18.25,18.28,18.25,18.27,290800,5310730.0146
2026-09-17 09:55:00,18.27,18.29,18.27,18.27,319300,5834908.069
2026-09-17 09:56:00,18.27,18.28,18.27,18.28,144800,2646482.049
2026-09-17 09:57:00,18.28,18.29,18.27,18.28,169400,3096243.056
2026-09-17 09:58:00,18.28,18.29,18.27,18.29,164000,2997728.0784
2026-09-17 09:59:00,18.29,18.29,18.27,18.28,238500,4359710.0947
2026-09-17 10:00:00,18.28,18.29,18.27,18.28,139900,2557174.0728
2026-09-17 10:01:00,18.27,18.28,18.26,18.26,298000,5444704.0427
2026-09-17 10:02:00,18.26,18.27,18.24,18.25,840600,15343681.0
2026-09-17 10:03:00,18.25,18.26,18.24,18.26,233700,4265482.0
2026-09-17 10:04:00,18.26,18.26,18.24,18.25,342200,6245487.0
2026-09-17 10:05:00,18.25,18.26,18.25,18.25,241500,4408312.0
2026-09-17 10:06:00,18.25,18.26,18.25,18.26,138400,2526667.0
2026-09-17 10:07:00,18.26,18.27,18.25,18.27,185000,3377978.0
2026-09-17 10:08:00,18.26,18.27,18.26,18.27,166900,3048503.0
2026-09-17 10:09:00,18.27,18.27,18.26,18.27,185100,3381120.0
2026-09-17 10:10:00,18.27,18.28,18.26,18.26,293300,5356990.0004
2026-09-17 10:11:00,18.26,18.27,18.24,18.26,506400,9242922.0
2026-09-17 10:12:00,18.26,18.26,18.25,18.25,86400,1577464.0
2026-09-17 10:13:00,18.26,18.26,18.24,18.25,267600,4883352.0
2026-09-17 10:14:00,18.24,18.25,18.22,18.22,573400,10455086.9694
2026-09-17 10:15:00,18.22,18.23,18.21,18.22,264200,4813337.8983
2026-09-17 10:16:00,18.21,18.22,18.19,18.2,877900,15980964.8459
2026-09-17 10:17:00,18.19,18.21,18.19,18.2,422000,7680381.1018
2026-09-17 10:18:00,18.21,18.22,18.2,18.21,222900,4058476.8749
2026-09-17 10:19:00,18.21,18.22,18.2,18.21,153200,2790015.8469
2026-09-17 10:20:00,18.22,18.22,18.21,18.22,161600,2943651.9005
2026-09-17 10:21:00,18.22,18.25,18.21,18.25,369400,6735576.9591
2026-09-17 10:22:00,18.25,18.28,18.25,18.28,217400,3971749.0256
2026-09-17 10:23:00,18.27,18.29,18.27,18.29,106100,1939362.0477
2026-09-17 10:24:00,18.28,18.29,18.28,18.29,133600,2443071.1034
2026-09-17 10:25:00,18.29,18.3,18.28,18.29,89000,1627770.0574
2026-09-17 10:26:00,18.28,18.31,18.28,18.31,237400,4344892.0117
2026-09-17 10:27:00,18.3,18.31,18.3,18.31,60200,1101934.9808
2026-09-17 10:28:00,18.31,18.31,18.29,18.3,173200,3169431.936
2026-09-17 10:29:00,18.3,18.3,18.29,18.29,76300,1396000.994
2026-09-17 10:30:00,18.3,18.3,18.27,18.28,249100,4555168.129
2026-09-17 10:31:00,18.28,18.28,18.24,18.24,308400,5632293.0209
2026-09-17 10:32:00,18.24,18.26,18.23,18.25,208700,3808255.0
2026-09-17 10:33:00,18.26,18.26,18.25,18.25,116200,2121161.0
2026-09-17 10:34:00,18.25,18.26,18.25,18.25,144700,2640860.0
2026-09-17 10:35:00,18.25,18.26,18.22,18.23,567500,10353351.9971
2026-09-17 10:36:00,18.23,18.24,18.22,18.24,72800,1327210.9961
2026-09-17 10:37:00,18.23,18.25,18.22,18.23,186200,3394983.9988
2026-09-17 10:38:00,18.24,18.24,18.23,18.24,51501,939094.2304
2026-09-17 10:39:00,18.24,18.24,18.22,18.23,136999,2497572.7498
2026-09-17 10:40:00,18.23,18.23,18.21,18.21,193800,3531266.9267
2026-09-17 10:41:00,18.21,18.22,18.2,18.21,418400,7620265.7129
2026-09-17 10:42:00,18.21,18.21,18.2,18.21,129500,2357560.9711
2026-09-17 10:43:00,18.2,18.22,18.2,18.22,205900,3749150.879
2026-09-17 10:44:00,18.22,18.22,18.21,18.22,107800,1963999.9669
2026-09-17 10:45:00,18.22,18.22,18.21,18.22,59500,1083841.9526
2026-09-17 10:46:00,18.21,18.22,18.2,18.2,393200,7160879.7172
2026-09-17 10:47:00,18.21,18.21,18.2,18.2,163700,2980343.9382
2026-09-17 10:48:00,18.21,18.21,18.2,18.21,267000,4859810.0762
2026-09-17 10:49:00,18.2,18.21,18.2,18.2,277200,5045340.1106
2026-09-17 10:50:00,18.21,18.21,18.2,18.21,70000,1274248.0101
2026-09-17 10:51:00,18.21,18.21,18.2,18.2,164000,2985213.0464
2026-09-17 10:52:00,18.2,18.21,18.2,18.2,405100,7373126.229
2026-09-17 10:53:00,18.2,18.21,18.19,18.2,221700,4034334.0873
2026-09-17 10:54:00,18.19,18.2,18.19,18.2,77900,1417207.0084
2026-09-17 10:55:00,18.19,18.2,18.18,18.18,681000,12387351.0612
2026-09-17 10:56:00,18.18,18.19,18.18,18.19,155900,2835309.0
2026-09-17 10:57:00,18.19,18.19,18.18,18.18,287600,5228984.0
2026-09-17 10:58:00,18.18,18.19,18.18,18.18,149300,2715070.0
2026-09-17 10:59:00,18.18,18.2,18.18,18.2,518600,9432186.0217
2026-09-17 11:00:00,18.19,18.21,18.19,18.21,209700,3816749.0621
2026-09-17 11:01:00,18.21,18.23,18.2,18.23,230100,4192431.862
2026-09-17 11:02:00,18.23,18.23,18.22,18.22,200600,3656752.9871
2026-09-17 11:03:00,18.22,18.23,18.22,18.23,95300,1737123.9889
2026-09-17 11:04:00,18.23,18.24,18.22,18.24,64600,1178051.9998
2026-09-17 11:05:00,18.24,18.25,18.23,18.24,157100,2865707.0
2026-09-17 11:06:00,18.23,18.24,18.23,18.24,58800,1072325.0
2026-09-17 11:07:00,18.23,18.26,18.23,18.26,213300,3891347.0
2026-09-17 11:08:00,18.25,18.26,18.24,18.25,96200,1755774.0
2026-09-17 11:09:00,18.24,18.26,18.24,18.24,63700,1162336.0
2026-09-17 11:10:00,18.24,18.25,18.23,18.24,81800,1491997.0
2026-09-17 11:11:00,18.23,18.24,18.23,18.24,61600,1123264.0
2026-09-17 11:12:00,18.24,18.24,18.23,18.23,36300,661944.0
2026-09-17 11:13:00,18.23,18.24,18.23,18.24,49100,895304.0
2026-09-17 11:14:00,18.24,18.24,18.23,18.23,55600,1013730.0
2026-09-17 11:15:00,18.24,18.24,18.22,18.23,96100,1751427.9822
2026-09-17 11:16:00,18.23,18.23,18.22,18.22,58800,1071656.9916
2026-09-17 11:17:00,18.23,18.23,18.22,18.23,25400,462941.9961
2026-09-17 11:18:00,18.22,18.23,18.22,18.23,39900,727198.9894
2026-09-17 11:19:00,18.23,18.23,18.22,18.23,56600,1031517.9795
2026-09-17 11:20:00,18.22,18.23,18.22,18.22,38600,703476.9879
2026-09-17 11:21:00,18.23,18.23,18.22,18.23,105700,1926169.9604
2026-09-17 11:22:00,18.22,18.23,18.21,18.21,234200,4266990.9
2026-09-17 11:23:00,18.21,18.22,18.21,18.21,107500,1957934.8975
2026-09-17 11:24:00,18.22,18.23,18.21,18.22,221900,4042605.8917
2026-09-17 11:25:00,18.22,18.23,18.21,18.23,75700,1379235.9795
2026-09-17 11:26:00,18.22,18.23,18.22,18.23,14100,256971.9957
2026-09-17 11:27:00,18.23,18.23,18.22,18.22,37400,681593.9957
2026-09-17 11:28:00,18.23,18.23,18.22,18.22,63300,1153515.9852
2026-09-17 11:29:00,18.23,18.23,18.22,18.22,62500,1138871.9719
2026-09-17 11:30:00,18.22,18.23,18.22,18.23,60000,1093382.9801
2026-09-17 13:01:00,18.23,18.23,18.2,18.23,526900,9598790.7208
2026-09-17 13:02:00,18.23,18.23,18.21,18.22,73800,1344572.943
2026-09-17 13:03:00,18.23,18.23,18.21,18.21,180400,3287119.9802
2026-09-17 13:04:00,18.22,18.23,18.21,18.21,69000,1256895.9561
2026-09-17 13:05:00,18.21,18.21,18.2,18.21,55400,1008655.9794
2026-09-17 13:06:00,18.21,18.21,18.2,18.21,147300,2681387.9872
2026-09-17 13:07:00,18.21,18.21,18.2,18.2,424300,7723046.0616
2026-09-17 13:08:00,18.2,18.21,18.19,18.2,108600,1976375.0477
2026-09-17 13:09:00,18.2,18.2,18.19,18.19,178500,3247183.0131
2026-09-17 13:10:00,18.2,18.2,18.19,18.2,103400,1881078.0107
2026-09-17 13:11:00,18.2,18.2,18.19,18.19,99900,1817685.0389
2026-09-17 13:12:00,18.19,18.2,18.19,18.2,76600,1394051.0587
2026-09-17 13:13:00,18.2,18.2,18.19,18.2,86900,1581559.0676
2026-09-17 13:14:00,18.2,18.21,18.19,18.21,188500,3430983.0466
2026-09-17 13:15:00,18.21,18.21,18.2,18.2,64400,1172373.9852
2026-09-17 13:16:00,18.21,18.23,18.2,18.22,452500,8242807.7085
2026-09-17 13:17:00,18.21,18.22,18.21,18.22,61100,1113138.9741
2026-09-17 13:18:00,18.21,18.22,18.21,18.22,121102,2206333.3551
2026-09-17 13:19:00,18.21,18.22,18.2,18.2,296000,5390223.8929
2026-09-17 13:20:00,18.21,18.21,18.2,18.21,179800,3272942.0331
2026-09-17 13:21:00,18.21,18.21,18.19,18.2,219300,3990881.1128
2026-09-17 13:22:00,18.2,18.2,18.19,18.19,57200,1040793.0211
2026-09-17 13:23:00,18.2,18.22,18.2,18.22,263500,4796925.0354
2026-09-17 13:24:00,18.22,18.23,18.21,18.21,64400,1173239.9576
2026-09-17 13:25:00,18.21,18.22,18.21,18.21,64000,1165965.981
2026-09-17 13:26:00,18.22,18.22,18.21,18.22,71800,1308003.9552
2026-09-17 13:27:00,18.22,18.22,18.21,18.21,40400,735967.9691
2026-09-17 13:28:00,18.22,18.22,18.21,18.22,68700,1251708.9613
2026-09-17 13:29:00,18.22,18.22,18.21,18.22,110100,2005329.8972
2026-09-17 13:30:00,18.22,18.22,18.21,18.22,46200,841550.963
2026-09-17 13:31:00,18.21,18.22,18.21,18.21,32900,599157.9742
2026-09-17 13:32:00,18.21,18.22,18.2,18.21,213600,3889592.7831
2026-09-17 13:33:00,18.21,18.21,18.19,18.2,421200,7666005.3331
2026-09-17 13:34:00,18.2,18.2,18.19,18.2,46400,844258.0183
2026-09-17 13:35:00,18.2,18.2,18.19,18.2,45600,829585.0076
2026-09-17 13:36:00,18.19,18.2,18.19,18.19,116500,2119665.0188
2026-09-17 13:37:00,18.19,18.2,18.19,18.2,142600,2595097.0747
2026-09-17 13:38:00,18.2,18.2,18.19,18.2,110900,2017706.0245
2026-09-17 13:39:00,18.19,18.2,18.16,18.17,1490900,27105664.0077
2026-09-17 13:40:00,18.16,18.17,18.16,18.16,150400,2731942.0
2026-09-17 13:41:00,18.17,18.17,18.16,18.17,157300,2857822.0
2026-09-17 13:42:00,18.16,18.18,18.16,18.18,180500,3280090.0
2026-09-17 13:43:00,18.17,18.18,18.16,18.17,288600,5243824.0
2026-09-17 13:44:00,18.18,18.18,18.16,18.17,152700,2774445.0
2026-09-17 13:45:00,18.17,18.17,18.16,18.16,172700,3136672.0
2026-09-17 13:46:00,18.16,18.17,18.15,18.15,508500,9232924.0
2026-09-17 13:47:00,18.15,18.16,18.13,18.13,577300,10475289.9691
2026-09-17 13:48:00,18.14,18.15,18.13,18.14,555900,10081380.6791
2026-09-17 13:49:00,18.14,18.15,18.13,18.15,136400,2474180.9843
2026-09-17 13:50:00,18.15,18.15,18.14,18.15,61500,1115685.9961
2026-09-17 13:51:00,18.14,18.15,18.14,18.15,71800,1302752.9971
2026-09-17 13:52:00,18.14,18.15,18.13,18.14,266300,4830262.892
2026-09-17 13:53:00,18.13,18.15,18.13,18.15,296100,5370644.8801
2026-09-17 13:54:00,18.15,18.16,18.14,18.16,249500,4528546.998
2026-09-17 13:55:00,18.16,18.16,18.14,18.14,195700,3552123.995
2026-09-17 13:56:00,18.15,18.15,18.13,18.14,250500,4544396.9724
2026-09-17 13:57:00,18.13,18.14,18.13,18.13,55600,1008175.9504
2026-09-17 13:58:00,18.14,18.14,18.13,18.13,85800,1555893.9519
2026-09-17 13:59:00,18.14,18.14,18.12,18.12,622300,11280342.7981
2026-09-17 14:00:00,18.12,18.13,18.12,18.12,311600,5646616.2118
2026-09-17 14:01:00,18.12,18.12,18.1,18.11,431200,7809711.0864
2026-09-17 14:02:00,18.1,18.11,18.1,18.11,251500,4553625.0547
2026-09-17 14:03:00,18.11,18.12,18.1,18.11,503700,9121969.155
2026-09-17 14:04:00,18.12,18.12,18.11,18.12,77600,1405763.0394
2026-09-17 14:05:00,18.12,18.12,18.11,18.12,132800,2405938.1071
2026-09-17 14:06:00,18.12,18.12,18.11,18.11,124300,2251945.0773
2026-09-17 14:07:00,18.11,18.13,18.11,18.12,180900,3277870.1473
2026-09-17 14:08:00,18.12,18.13,18.11,18.12,82700,1498680.0542
2026-09-17 14:09:00,18.12,18.13,18.12,18.12,64700,1172666.016
2026-09-17 14:10:00,18.12,18.13,18.12,18.13,57300,1038574.9978
2026-09-17 14:11:00,18.12,18.13,18.12,18.12,73700,1336014.9531
2026-09-17 14:12:00,18.12,18.13,18.12,18.13,44600,808440.9799
2026-09-17 14:13:00,18.12,18.13,18.12,18.12,95000,1722181.9414
2026-09-17 14:14:00,18.13,18.13,18.12,18.12,92200,1671206.999
2026-09-17 14:15:00,18.12,18.14,18.12,18.14,397300,7203287.6837
2026-09-17 14:16:00,18.14,18.15,18.13,18.13,120300,2182130.9814
2026-09-17 14:17:00,18.13,18.14,18.13,18.14,68000,1233332.9807
2026-09-17 14:18:00,18.14,18.14,18.13,18.13,57900,1049912.9602
2026-09-17 14:19:00,18.13,18.14,18.13,18.13,72300,1311207.9672
2026-09-17 14:20:00,18.14,18.14,18.13,18.14,132500,2402382.8776
2026-09-17 14:21:00,18.14,18.14,18.13,18.13,114500,2076715.9528
2026-09-17 14:22:00,18.13,18.14,18.13,18.13,51100,926564.9581
2026-09-17 14:23:00,18.13,18.14,18.13,18.14,187900,3406941.835
2026-09-17 14:24:00,18.13,18.14,18.12,18.12,333600,6047702.845
2026-09-17 14:25:00,18.12,18.13,18.12,18.13,69600,1261401.0181
2026-09-17 14:26:00,18.12,18.13,18.12,18.13,197100,3573284.8763
2026-09-17 14:27:00,18.12,18.14,18.12,18.14,297900,5401101.7965
2026-09-17 14:28:00,18.13,18.14,18.12,18.13,226000,4097584.843
2026-09-17 14:29:00,18.13,18.13,18.12,18.13,104300,1890702.9597
2026-09-17 14:30:00,18.13,18.13,18.12,18.12,75600,1370285.9989
2026-09-17 14:31:00,18.13,18.14,18.12,18.13,377100,6837873.8307
2026-09-17 14:32:00,18.13,18.16,18.13,18.16,323700,5873144.9673
2026-09-17 14:33:00,18.15,18.16,18.14,18.15,70500,1279479.9922
2026-09-17 14:34:00,18.14,18.16,18.14,18.15,165600,3005842.0
2026-09-17 14:35:00,18.15,18.16,18.14,18.15,115200,2090927.0
2026-09-17 14:36:00,18.15,18.16,18.14,18.16,238900,4335807.9932
2026-09-17 14:37:00,18.16,18.16,18.14,18.14,130600,2370354.0
2026-09-17 14:38:00,18.14,18.15,18.13,18.14,149500,2711663.9635
2026-09-17 14:39:00,18.13,18.14,18.13,18.14,117800,2135890.9136
2026-09-17 14:40:00,18.13,18.14,18.12,18.13,215600,3908548.8945
2026-09-17 14:41:00,18.13,18.13,18.12,18.13,216000,3914662.0471
2026-09-17 14:42:00,18.12,18.13,18.12,18.12,320400,5806538.14
2026-09-17 14:43:00,18.12,18.13,18.12,18.12,115100,2086033.0187
2026-09-17 14:44:00,18.13,18.13,18.12,18.13,239400,4338522.0969
2026-09-17 14:45:00,18.12,18.13,18.12,18.12,163500,2963206.0565
2026-09-17 14:46:00,18.13,18.14,18.12,18.13,707743,12831649.9775
2026-09-17 14:47:00,18.13,18.14,18.13,18.13,148100,2685453.8702
2026-09-17 14:48:00,18.14,18.14,18.13,18.13,396600,7193568.8597
2026-09-17 14:49:00,18.14,18.14,18.13,18.13,154400,2800493.9296
2026-09-17 14:50:00,18.13,18.14,18.13,18.13,368900,6688717.6866
2026-09-17 14:51:00,18.13,18.14,18.12,18.12,194500,3525789.9486
2026-09-17 14:52:00,18.12,18.13,18.12,18.13,548700,9946240.8622
2026-09-17 14:53:00,18.13,18.13,18.12,18.13,312900,5671700.937
2026-09-17 14:54:00,18.13,18.14,18.13,18.13,356100,6457597.8157
2026-09-17 14:55:00,18.13,18.14,18.12,18.12,343800,6233214.9279
2026-09-17 14:56:00,18.13,18.13,18.11,18.12,343600,6226246.2084
2026-09-17 14:57:00,18.12,18.13,18.11,18.12,532812,9652362.6334
2026-09-17 15:00:00,18.13,18.13,18.13,18.13,609503,11050288.856
2026-09-18 09:31:00,18.21,18.28,18.21,18.25,1075700,19621213.6764
2026-09-18 09:32:00,18.24,18.31,18.24,18.28,1129200,20644144.3501
2026-09-18 09:33:00,18.28,18.3,18.26,18.27,406300,7426734.1696
2026-09-18 09:34:00,18.27,18.29,18.26,18.28,354900,6486919.1046
2026-09-18 09:35:00,18.27,18.31,18.27,18.31,490693,8976832.1239
2026-09-18 09:36:00,18.3,18.32,18.26,18.3,680107,12444530.9708
2026-09-18 09:37:00,18.29,18.31,18.27,18.27,449400,8221881.9885
2026-09-18 09:38:00,18.27,18.29,18.24,18.25,282000,5147724.0084
2026-09-18 09:39:00,18.25,18.28,18.25,18.25,320800,5857625.0026
2026-09-18 09:40:00,18.25,18.27,18.23,18.23,403700,7366260.0
2026-09-18 09:41:00,18.23,18.24,18.2,18.2,648000,11806542.8108
2026-09-18 09:42:00,18.2,18.24,18.2,18.23,210900,3843939.9316
2026-09-18 09:43:00,18.23,18.23,18.2,18.22,356600,6496205.7788
2026-09-18 09:44:00,18.22,18.23,18.21,18.21,203000,3698263.9075
2026-09-18 09:45:00,18.21,18.22,18.17,18.18,555200,10100402.0166
2026-09-18 09:46:00,18.19,18.19,18.16,18.16,369800,6720266.0
2026-09-18 09:47:00,18.18,18.19,18.16,18.17,331600,6026067.0
2026-09-18 09:48:00,18.18,18.21,18.17,18.2,136500,2483803.0222
2026-09-18 09:49:00,18.21,18.24,18.2,18.23,277000,5046872.9147
2026-09-18 09:50:00,18.24,18.26,18.23,18.25,140600,2565275.0
2026-09-18 09:51:00,18.26,18.28,18.25,18.27,458900,8382181.0046
2026-09-18 09:52:00,18.28,18.29,18.27,18.28,386600,7066648.1052
2026-09-18 09:53:00,18.28,18.28,18.24,18.26,264272,4825746.0089
2026-09-18 09:54:00,18.25,18.26,18.23,18.24,237328,4329668.0
2026-09-18 09:55:00,18.24,18.27,18.23,18.27,274600,5011787.0
2026-09-18 09:56:00,18.26,18.38,18.26,18.36,1749612,32048117.0119
2026-09-18 09:57:00,18.36,18.38,18.34,18.36,683400,12547682.1489
2026-09-18 09:58:00,18.36,18.38,18.34,18.38,616500,11321612.0439
2026-09-18 09:59:00,18.37,18.38,18.34,18.36,465100,8538664.0924
2026-09-18 10:00:00,18.36,18.38,18.35,18.38,646500,11878897.0347
2026-09-18 10:01:00,18.38,18.39,18.36,18.37,548900,10086840.9407
2026-09-18 10:02:00,18.37,18.39,18.36,18.38,618100,11358962.9972
2026-09-18 10:03:00,18.37,18.4,18.37,18.38,649000,11930755.8314
2026-09-18 10:04:00,18.39,18.39,18.37,18.38,315600,5802315.8519
2026-09-18 10:05:00,18.38,18.39,18.34,18.36,410100,7532319.0222
2026-09-18 10:06:00,18.35,18.4,18.34,18.38,842400,15487427.9453
2026-09-18 10:07:00,18.39,18.41,18.36,18.37,245600,4514233.0144
2026-09-18 10:08:00,18.36,18.38,18.34,18.38,218300,4009174.0906
2026-09-18 10:09:00,18.37,18.39,18.33,18.34,241200,4429567.9363
2026-09-18 10:10:00,18.34,18.35,18.31,18.32,239500,4389556.0
2026-09-18 10:11:00,18.32,18.38,18.32,18.36,310832,5700468.2462
2026-09-18 10:12:00,18.36,18.36,18.31,18.31,137600,2523494.0
2026-09-18 10:13:00,18.32,18.34,18.32,18.34,89900,1647922.0
2026-09-18 10:14:00,18.34,18.35,18.32,18.33,229300,4204648.0
2026-09-18 10:15:00,18.33,18.33,18.32,18.32,39000,714654.0
2026-09-18 10:16:00,18.32,18.32,18.3,18.31,224800,4116289.9985
2026-09-18 10:17:00,18.31,18.31,18.3,18.3,99500,1821423.9858
2026-09-18 10:18:00,18.31,18.31,18.29,18.3,248100,4540466.8949
2026-09-18 10:19:00,18.3,18.31,18.29,18.3,35500,649661.9795
2026-09-18 10:20:00,18.3,18.31,18.3,18.31,89000,1629280.9833
2026-09-18 10:21:00,18.3,18.33,18.3,18.33,229200,4197903.996
2026-09-18 10:22:00,18.33,18.34,18.32,18.33,250600,4594276.0
2026-09-18 10:23:00,18.33,18.35,18.33,18.33,219100,4018532.001
2026-09-18 10:24:00,18.33,18.33,18.32,18.32,51900,951185.0
2026-09-18 10:25:00,18.33,18.34,18.31,18.31,148500,2721009.0
2026-09-18 10:26:00,18.31,18.32,18.3,18.31,60700,1111339.9951
2026-09-18 10:27:00,18.31,18.32,18.3,18.31,64300,1177084.9822
2026-09-18 10:28:00,18.3,18.33,18.3,18.33,137700,2521705.9998
2026-09-18 10:29:00,18.32,18.33,18.31,18.31,38600,707105.0
2026-09-18 10:30:00,18.32,18.32,18.3,18.3,86000,1574503.9814
2026-09-18 10:31:00,18.3,18.33,18.3,18.31,154500,2830270.9993
2026-09-18 10:32:00,18.31,18.32,18.31,18.31,26200,479764.0
2026-09-18 10:33:00,18.31,18.32,18.3,18.31,154400,2826707.9926
2026-09-18 10:34:00,18.31,18.31,18.29,18.3,171900,3146042.9386
2026-09-18 10:35:00,18.3,18.31,18.29,18.29,87700,1604371.0228
2026-09-18 10:36:00,18.3,18.3,18.29,18.29,53400,976825.0332
2026-09-18 10:37:00,18.29,18.3,18.28,18.28,205500,3757354.1096
2026-09-18 10:38:00,18.28,18.28,18.26,18.26,80600,1472630.0051
2026-09-18 10:39:00,18.26,18.28,18.26,18.27,178300,3257055.0002
2026-09-18 10:40:00,18.27,18.27,18.26,18.27,25100,458532.0
2026-09-18 10:41:00,18.27,18.27,18.25,18.25,205100,3745614.0
2026-09-18 10:42:00,18.26,18.27,18.25,18.26,128800,2351883.0
2026-09-18 10:43:00,18.27,18.27,18.26,18.26,38100,696006.0
2026-09-18 10:44:00,18.26,18.27,18.26,18.26,17000,310530.0
2026-09-18 10:45:00,18.26,18.27,18.26,18.27,54200,990022.0
2026-09-18 10:46:00,18.27,18.27,18.26,18.27,46200,843924.0
2026-09-18 10:47:00,18.26,18.27,18.26,18.26,80800,1475732.0
2026-09-18 10:48:00,18.26,18.27,18.26,18.26,173500,3168375.0
2026-09-18 10:49:00,18.25,18.27,18.25,18.26,165900,3028797.0
2026-09-18 10:50:00,18.25,18.26,18.25,18.25,64000,1168141.0
2026-09-18 10:51:00,18.25,18.26,18.24,18.25,92900,1695477.0
2026-09-18 10:52:00,18.25,18.25,18.23,18.24,239700,4372229.0
2026-09-18 10:53:00,18.25,18.26,18.23,18.25,101700,1855894.0
2026-09-18 10:54:00,18.25,18.26,18.24,18.25,79700,1454580.0
2026-09-18 10:55:00,18.25,18.26,18.24,18.25,91500,1669646.0
2026-09-18 10:56:00,18.25,18.26,18.24,18.24,54500,994547.0
2026-09-18 10:57:00,18.25,18.26,18.24,18.25,124800,2277399.0
2026-09-18 10:58:00,18.25,18.26,18.25,18.25,24700,450936.0
2026-09-18 10:59:00,18.26,18.27,18.25,18.26,86000,1570091.0
2026-09-18 11:00:00,18.26,18.27,18.25,18.26,29900,545998.0
2026-09-18 11:01:00,18.26,18.27,18.26,18.27,44900,820257.0
2026-09-18 11:02:00,18.27,18.27,18.25,18.25,178500,3258709.0
2026-09-18 11:03:00,18.25,18.27,18.24,18.27,197500,3605867.0
2026-09-18 11:04:00,18.27,18.28,18.27,18.27,56500,1032341.0073
2026-09-18 11:05:00,18.28,18.28,18.27,18.28,74800,1367246.0311
2026-09-18 11:06:00,18.28,18.3,18.27,18.29,135500,2477429.1193
2026-09-18 11:07:00,18.29,18.29,18.28,18.29,38300,700394.0359
2026-09-18 11:08:00,18.29,18.3,18.29,18.29,51200,936592.0283
2026-09-18 11:09:00,18.3,18.31,18.28,18.3,380400,6961360.8511
2026-09-18 11:10:00,18.3,18.3,18.29,18.3,34400,629503.9882
2026-09-18 11:11:00,18.3,18.3,18.28,18.3,83400,1525539.0396
2026-09-18 11:12:00,18.29,18.32,18.29,18.31,220100,4028640.9208
2026-09-18 11:13:00,18.31,18.32,18.3,18.31,71100,1302018.9998
2026-09-18 11:14:00,18.31,18.31,18.3,18.31,35200,644300.986
2026-09-18 11:15:00,18.31,18.32,18.3,18.31,109000,1995904.9973
2026-09-18 11:16:00,18.31,18.33,18.3,18.32,192800,3531375.9789
2026-09-18 11:17:00,18.32,18.33,18.3,18.33,219572,4023021.0171
2026-09-18 11:18:00,18.34,18.35,18.32,18.34,129000,2364950.0
2026-09-18 11:19:00,18.33,18.35,18.33,18.35,180200,3304798.0
2026-09-18 11:20:00,18.34,18.36,18.34,18.35,224700,4123640.0137
2026-09-18 11:21:00,18.35,18.38,18.35,18.38,310300,5698934.0825
2026-09-18 11:22:00,18.38,18.4,18.37,18.39,533500,9808332.7238
2026-09-18 11:23:00,18.39,18.39,18.34,18.35,361000,6627372.9855
2026-09-18 11:24:00,18.36,18.38,18.34,18.37,148600,2728659.0043
2026-09-18 11:25:00,18.37,18.38,18.36,18.36,66700,1224892.0153
2026-09-18 11:26:00,18.36,18.36,18.34,18.34,174700,3205905.0078
2026-09-18 11:27:00,18.35,18.36,18.34,18.35,43200,792580.0
2026-09-18 11:28:00,18.36,18.37,18.35,18.37,185100,3397646.0099
2026-09-18 11:29:00,18.36,18.37,18.36,18.37,111300,2044537.094
2026-09-18 11:30:00,18.37,18.38,18.36,18.36,65100,1196023.0264
2026-09-18 13:01:00,18.36,18.42,18.36,18.4,963562,17724996.0808
2026-09-18 13:02:00,18.4,18.43,18.4,18.41,503052,9262036.8
2026-09-18 13:03:00,18.4,18.42,18.4,18.4,322900,5945361.9993
2026-09-18 13:04:00,18.4,18.41,18.39,18.4,102648,1888603.1813
2026-09-18 13:05:00,18.39,18.4,18.38,18.39,166500,3062024.9868
2026-09-18 13:06:00,18.39,18.4,18.38,18.38,84300,1549888.9586
2026-09-18 13:07:00,18.38,18.39,18.38,18.38,52600,966895.9607
2026-09-18 13:08:00,18.38,18.41,18.38,18.41,291452,5360978.7508
2026-09-18 13:09:00,18.41,18.42,18.4,18.41,195700,3603245.9995
2026-09-18 13:10:00,18.41,18.41,18.4,18.41,101900,1875261.9896
2026-09-18 13:11:00,18.4,18.41,18.39,18.4,91400,1681686.4755
2026-09-18 13:12:00,18.41,18.41,18.4,18.4,147700,2717877.0
2026-09-18 13:13:00,18.4,18.41,18.39,18.39,147200,2708340.9951
2026-09-18 13:14:00,18.39,18.4,18.38,18.38,77448,1424319.699
2026-09-18 13:15:00,18.39,18.4,18.38,18.38,155200,2853839.4448
2026-09-18 13:16:00,18.38,18.39,18.38,18.39,60000,1102866.9458
2026-09-18 13:17:00,18.38,18.39,18.38,18.38,59700,1097347.9454
2026-09-18 13:18:00,18.38,18.4,18.38,18.39,179000,3292283.9749
2026-09-18 13:19:00,18.39,18.4,18.39,18.39,132300,2433161.9984
2026-09-18 13:20:00,18.39,18.4,18.38,18.39,83300,1531983.9873
2026-09-18 13:21:00,18.38,18.39,18.37,18.38,120200,2209278.8953
2026-09-18 13:22:00,18.38,18.39,18.37,18.38,102500,1884260.9408
2026-09-18 13:23:00,18.38,18.41,18.38,18.4,542000,9970566.9595
2026-09-18 13:24:00,18.4,18.41,18.4,18.4,88100,1621383.0
2026-09-18 13:25:00,18.4,18.41,18.39,18.4,95500,1757453.0
2026-09-18 13:26:00,18.4,18.41,18.39,18.39,134800,2480157.0
2026-09-18 13:27:00,18.39,18.4,18.39,18.39,95900,1763989.0
2026-09-18 13:28:00,18.4,18.43,18.4,18.43,781800,14393715.0
2026-09-18 13:29:00,18.43,18.43,18.39,18.4,419100,7716088.0
2026-09-18 13:30:00,18.39,18.41,18.39,18.39,81500,1499314.0
2026-09-18 13:31:00,18.39,18.4,18.38,18.4,119700,2200983.9471
2026-09-18 13:32:00,18.4,18.4,18.38,18.38,73100,1344395.9977
2026-09-18 13:33:00,18.38,18.39,18.37,18.38,118400,2175967.9454
2026-09-18 13:34:00,18.38,18.39,18.37,18.38,73500,1351123.944
2026-09-18 13:35:00,18.38,18.39,18.37,18.38,95600,1757201.9763
2026-09-18 13:36:00,18.37,18.38,18.37,18.37,58200,1069225.0397
2026-09-18 13:37:00,18.37,18.38,18.36,18.37,68200,1252851.063
2026-09-18 13:38:00,18.37,18.38,18.37,18.37,140800,2587281.0027
2026-09-18 13:39:00,18.38,18.38,18.37,18.37,222900,4095004.1821
2026-09-18 13:40:00,18.37,18.38,18.37,18.38,172900,3177673.868
2026-09-18 13:41:00,18.37,18.38,18.36,18.36,109400,2009853.0437
2026-09-18 13:42:00,18.36,18.36,18.34,18.34,166500,3056123.0039
2026-09-18 13:43:00,18.34,18.35,18.34,18.34,65400,1199487.0
2026-09-18 13:44:00,18.34,18.35,18.33,18.34,117900,2162417.0
2026-09-18 13:45:00,18.34,18.36,18.34,18.36,131000,2403859.0078
2026-09-18 13:46:00,18.36,18.36,18.35,18.36,60400,1108812.0039
2026-09-18 13:47:00,18.35,18.37,18.35,18.37,93300,1712926.0034
2026-09-18 13:48:00,18.37,18.37,18.35,18.35,57100,1048309.0111
2026-09-18 13:49:00,18.35,18.36,18.34,18.34,87700,1609205.0
2026-09-18 13:50:00,18.34,18.35,18.33,18.33,156500,2870142.0
2026-09-18 13:51:00,18.34,18.34,18.33,18.34,87900,1611849.0
2026-09-18 13:52:00,18.34,18.35,18.33,18.35,210000,3851666.0
2026-09-18 13:53:00,18.34,18.35,18.34,18.34,129900,2382472.0
2026-09-18 13:54:00,18.34,18.34,18.33,18.34,140100,2569115.0
2026-09-18 13:55:00,18.34,18.34,18.33,18.33,289900,5314671.0
2026-09-18 13:56:00,18.33,18.34,18.32,18.33,175300,3213342.0
2026-09-18 13:57:00,18.33,18.34,18.32,18.33,83000,1521512.0
2026-09-18 13:58:00,18.33,18.34,18.33,18.34,144000,2639864.0
2026-09-18 13:59:00,18.33,18.35,18.33,18.35,289900,5317469.0
2026-09-18 14:00:00,18.35,18.36,18.34,18.35,75400,1383614.002
2026-09-18 14:01:00,18.35,18.35,18.33,18.34,107400,1969861.0
2026-09-18 14:02:00,18.34,18.35,18.33,18.35,58500,1072930.0
2026-09-18 14:03:00,18.34,18.35,18.33,18.34,209353,3839147.4937
2026-09-18 14:04:00,18.34,18.34,18.33,18.33,34700,636291.9988
2026-09-18 14:05:00,18.33,18.34,18.32,18.33,162047,2970385.9851
2026-09-18 14:06:00,18.34,18.34,18.33,18.34,220153,4037380.0225
2026-09-18 14:07:00,18.34,18.35,18.34,18.34,67000,1228981.0005
2026-09-18 14:08:00,18.34,18.34,18.33,18.33,73147,1341228.9858
2026-09-18 14:09:00,18.33,18.34,18.33,18.34,55400,1015863.0
2026-09-18 14:10:00,18.34,18.34,18.33,18.34,61600,1129318.0
2026-09-18 14:11:00,18.34,18.34,18.33,18.34,89500,1641301.0
2026-09-18 14:12:00,18.33,18.34,18.33,18.34,85553,1568669.49
2026-09-18 14:13:00,18.34,18.34,18.33,18.33,51900,951746.0
2026-09-18 14:14:00,18.34,18.35,18.33,18.34,192000,3520845.988
2026-09-18 14:15:00,18.34,18.35,18.34,18.35,17500,321050.0
2026-09-18 14:16:00,18.34,18.35,18.33,18.33,131500,2411420.9814
2026-09-18 14:17:00,18.34,18.34,18.33,18.33,41400,759034.9995
2026-09-18 14:18:00,18.33,18.34,18.33,18.33,150100,2751348.9993
2026-09-18 14:19:00,18.33,18.34,18.33,18.33,71600,1312535.9998
2026-09-18 14:20:00,18.33,18.34,18.33,18.33,198300,3634957.9924
2026-09-18 14:21:00,18.33,18.34,18.32,18.33,77800,1425932.0
2026-09-18 14:22:00,18.32,18.33,18.32,18.32,87700,1606718.0
2026-09-18 14:23:00,18.33,18.34,18.32,18.33,261800,4798766.0
2026-09-18 14:24:00,18.33,18.34,18.33,18.33,21100,386796.0
2026-09-18 14:25:00,18.33,18.34,18.33,18.33,30500,559109.0
2026-09-18 14:26:00,18.33,18.34,18.32,18.33,153900,2820444.0
2026-09-18 14:27:00,18.33,18.35,18.33,18.34,256300,4700584.0
2026-09-18 14:28:00,18.35,18.35,18.33,18.34,208700,3828013.0
2026-09-18 14:29:00,18.34,18.35,18.33,18.34,48100,882269.0
2026-09-18 14:30:00,18.34,18.35,18.34,18.34,81000,1485748.0
2026-09-18 14:31:00,18.34,18.35,18.33,18.34,75800,1390268.0
2026-09-18 14:32:00,18.35,18.35,18.33,18.34,138300,2536478.0
2026-09-18 14:33:00,18.34,18.35,18.33,18.34,146800,2691845.0
2026-09-18 14:34:00,18.34,18.35,18.33,18.35,205300,3765486.0
2026-09-18 14:35:00,18.35,18.35,18.34,18.34,59400,1089576.0
2026-09-18 14:36:00,18.34,18.35,18.34,18.35,67500,1237994.0
2026-09-18 14:37:00,18.34,18.35,18.34,18.34,85000,1558980.0
2026-09-18 14:38:00,18.34,18.37,18.34,18.36,689900,12662572.0526
2026-09-18 14:39:00,18.37,18.37,18.36,18.37,59500,1092913.0391
2026-09-18 14:40:00,18.36,18.37,18.36,18.36,69100,1268739.0087
2026-09-18 14:41:00,18.36,18.37,18.36,18.36,67300,1235787.0229
2026-09-18 14:42:00,18.37,18.37,18.35,18.36,315900,5801603.1578
2026-09-18 14:43:00,18.36,18.37,18.36,18.36,72700,1335082.0294
2026-09-18 14:44:00,18.36,18.37,18.35,18.36,154100,2829116.0044
2026-09-18 14:45:00,18.35,18.36,18.34,18.35,162400,2980121.0
2026-09-18 14:46:00,18.34,18.35,18.34,18.35,98200,1801232.0
2026-09-18 14:47:00,18.35,18.35,18.34,18.34,116800,2142383.0
2026-09-18 14:48:00,18.34,18.35,18.33,18.35,349500,6410123.0
2026-09-18 14:49:00,18.34,18.36,18.34,18.35,342500,6284912.0
2026-09-18 14:50:00,18.35,18.36,18.34,18.35,320100,5874359.0
2026-09-18 14:51:00,18.34,18.35,18.34,18.35,143700,2636530.0
2026-09-18 14:52:00,18.35,18.36,18.34,18.35,324800,5960134.0
2026-09-18 14:53:00,18.35,18.35,18.34,18.35,371000,6807349.0
2026-09-18 14:54:00,18.35,18.36,18.34,18.35,239000,4386301.0
2026-09-18 14:55:00,18.35,18.36,18.34,18.35,396700,7279256.0
2026-09-18 14:56:00,18.35,18.36,18.34,18.35,376700,6911535.0078
2026-09-18 14:57:00,18.36,18.37,18.35,18.36,311000,5710063.0668
2026-09-18 15:00:00,18.33,18.33,18.33,18.33,1562939,28648671.9005
2026-09-21 09:31:00,18.36,18.53,18.35,18.41,2411500,44436655.8564
2026-09-21 09:32:00,18.41,18.47,18.4,18.44,677300,12489169.063
2026-09-21 09:33:00,18.44,18.46,18.41,18.43,370000,6824030.0005
2026-09-21 09:34:00,18.42,18.43,18.4,18.42,299000,5507374.0
2026-09-21 09:35:00,18.42,18.43,18.38,18.42,670828,12342188.3488
2026-09-21 09:36:00,18.43,18.46,18.4,18.43,394600,7273757.0255
2026-09-21 09:37:00,18.43,18.45,18.41,18.44,388800,7166019.0093
2026-09-21 09:38:00,18.44,18.46,18.41,18.43,280500,5172392.0697
2026-09-21 09:39:00,18.43,18.43,18.37,18.37,342300,6299301.9701
2026-09-21 09:40:00,18.38,18.39,18.34,18.39,546700,10036239.0099
2026-09-21 09:41:00,18.38,18.4,18.38,18.39,504200,9273829.9517
2026-09-21 09:42:00,18.39,18.42,18.38,18.4,398200,7326503.9526
2026-09-21 09:43:00,18.4,18.43,18.39,18.42,388600,7154993.0
2026-09-21 09:44:00,18.41,18.42,18.38,18.4,258500,4755758.9783
2026-09-21 09:45:00,18.4,18.42,18.39,18.42,227700,4192111.0
2026-09-21 09:46:00,18.41,18.43,18.41,18.42,287700,5299602.0
2026-09-21 09:47:00,18.42,18.43,18.41,18.42,176500,3250862.0
2026-09-21 09:48:00,18.41,18.43,18.39,18.4,294700,5425670.0
2026-09-21 09:49:00,18.4,18.4,18.38,18.4,399500,7345106.7974
2026-09-21 09:50:00,18.4,18.41,18.39,18.4,618400,11373810.9961
2026-09-21 09:51:00,18.4,18.43,18.4,18.4,275100,5064490.0
2026-09-21 09:52:00,18.41,18.42,18.4,18.41,174900,3219577.0
2026-09-21 09:53:00,18.41,18.42,18.4,18.42,185400,3414069.0
2026-09-21 09:54:00,18.42,18.43,18.41,18.42,162100,2986132.0
2026-09-21 09:55:00,18.43,18.43,18.41,18.42,101400,1867812.0
2026-09-21 09:56:00,18.42,18.42,18.38,18.4,415000,7636486.9951
2026-09-21 09:57:00,18.39,18.4,18.36,18.36,411100,7556376.0417
2026-09-21 09:58:00,18.37,18.39,18.36,18.39,133800,2458530.9797
2026-09-21 09:59:00,18.39,18.39,18.35,18.35,351600,6457134.9884
2026-09-21 10:00:00,18.36,18.36,18.34,18.34,111900,2052901.0
2026-09-21 10:01:00,18.35,18.35,18.33,18.34,238300,4370148.0
2026-09-21 10:02:00,18.34,18.35,18.33,18.35,191100,3504678.0
2026-09-21 10:03:00,18.35,18.36,18.34,18.35,164100,3011030.0039
2026-09-21 10:04:00,18.36,18.36,18.34,18.35,239400,4392637.0
2026-09-21 10:05:00,18.36,18.36,18.35,18.35,112300,2060923.0039
2026-09-21 10:06:00,18.35,18.36,18.34,18.35,151347,2776831.9839
2026-09-21 10:07:00,18.34,18.35,18.33,18.35,188353,3454708.5626
2026-09-21 10:08:00,18.35,18.35,18.34,18.35,77800,1427368.002
2026-09-21 10:09:00,18.35,18.35,18.33,18.33,573300,10512243.0018
2026-09-21 10:10:00,18.33,18.34,18.33,18.34,209800,3845912.0
2026-09-21 10:11:00,18.34,18.34,18.32,18.33,380800,6980094.0
2026-09-21 10:12:00,18.33,18.34,18.32,18.34,200900,3682563.0
2026-09-21 10:13:00,18.33,18.34,18.32,18.32,173800,3184952.0
2026-09-21 10:14:00,18.33,18.33,18.32,18.32,249800,4576853.0
2026-09-21 10:15:00,18.33,18.34,18.32,18.32,209800,3844198.0
2026-09-21 10:16:00,18.33,18.33,18.32,18.33,127800,2342086.0
2026-09-21 10:17:00,18.32,18.33,18.31,18.31,377600,6916361.9725
2026-09-21 10:18:00,18.32,18.32,18.3,18.31,219400,4016653.9733
2026-09-21 10:19:00,18.31,18.32,18.31,18.32,137700,2521336.0
2026-09-21 10:20:00,18.32,18.32,18.31,18.32,67100,1228861.0
2026-09-21 10:21:00,18.31,18.32,18.31,18.32,90600,1659063.0
2026-09-21 10:22:00,18.31,18.32,18.29,18.3,424100,7762522.8965
2026-09-21 10:23:00,18.29,18.3,18.28,18.28,346500,6337898.2964
2026-09-21 10:24:00,18.29,18.29,18.28,18.29,177900,3252628.0953
2026-09-21 10:25:00,18.28,18.29,18.27,18.29,242400,4431052.0975
2026-09-21 10:26:00,18.29,18.29,18.28,18.29,120500,2203431.0734
2026-09-21 10:27:00,18.29,18.31,18.28,18.31,286400,5240160.0493
2026-09-21 10:28:00,18.31,18.32,18.3,18.32,54500,998036.9999
2026-09-21 10:29:00,18.31,18.33,18.31,18.32,116500,2134158.9986
2026-09-21 10:30:00,18.33,18.33,18.32,18.32,77800,1425477.0
2026-09-21 10:31:00,18.33,18.33,18.32,18.33,91500,1676970.0
2026-09-21 10:32:00,18.32,18.34,18.32,18.33,168900,3096197.0
2026-09-21 10:33:00,18.34,18.34,18.33,18.34,77300,1417498.0
2026-09-21 10:34:00,18.34,18.34,18.31,18.33,223300,4092119.0
2026-09-21 10:35:00,18.33,18.33,18.3,18.32,140500,2573074.9991
2026-09-21 10:36:00,18.32,18.33,18.31,18.33,46900,858968.0
2026-09-21 10:37:00,18.33,18.33,18.31,18.32,136200,2495922.0
2026-09-21 10:38:00,18.32,18.33,18.32,18.32,54200,993137.0
2026-09-21 10:39:00,18.32,18.33,18.32,18.33,43500,797329.0
2026-09-21 10:40:00,18.33,18.33,18.31,18.31,154500,2830333.0
2026-09-21 10:41:00,18.31,18.32,18.3,18.3,181600,3324529.9717
2026-09-21 10:42:00,18.31,18.31,18.3,18.31,25900,474125.9957
2026-09-21 10:43:00,18.3,18.31,18.3,18.3,68400,1251803.947
2026-09-21 10:44:00,18.3,18.31,18.3,18.3,65400,1196954.9797
2026-09-21 10:45:00,18.31,18.31,18.3,18.31,69500,1271965.9479
2026-09-21 10:46:00,18.31,18.31,18.3,18.31,40600,743228.9895
2026-09-21 10:47:00,18.31,18.31,18.29,18.29,322500,5901067.9338
2026-09-21 10:48:00,18.3,18.31,18.29,18.29,84800,1551834.9388
2026-09-21 10:49:00,18.3,18.3,18.29,18.29,42900,785057.979
2026-09-21 10:50:00,18.3,18.3,18.29,18.3,134600,2462433.0232
2026-09-21 10:51:00,18.3,18.3,18.28,18.3,177900,3253938.1683
2026-09-21 10:52:00,18.29,18.3,18.29,18.29,73800,1350021.0457
2026-09-21 10:53:00,18.29,18.3,18.28,18.28,97600,1785211.0776
2026-09-21 10:54:00,18.29,18.29,18.28,18.29,31200,570434.0145
2026-09-21 10:55:00,18.28,18.29,18.27,18.27,409900,7492260.1254
2026-09-21 10:56:00,18.28,18.28,18.27,18.27,79900,1460067.0033
2026-09-21 10:57:00,18.27,18.28,18.27,18.27,93700,1712216.0114
2026-09-21 10:58:00,18.27,18.29,18.27,18.28,186900,3416100.077
2026-09-21 10:59:00,18.29,18.29,18.28,18.29,36400,665516.0171
2026-09-21 11:00:00,18.28,18.29,18.28,18.28,88100,1610892.0793
2026-09-21 11:01:00,18.29,18.33,18.29,18.32,583200,10672309.0013
2026-09-21 11:02:00,18.32,18.35,18.32,18.34,187700,3441482.0
2026-09-21 11:03:00,18.35,18.36,18.32,18.34,381600,6998572.0
2026-09-21 11:04:00,18.34,18.35,18.33,18.34,142700,2617228.0
2026-09-21 11:05:00,18.33,18.34,18.32,18.33,134400,2463808.0
2026-09-21 11:06:00,18.33,18.33,18.31,18.31,171000,3132435.0
2026-09-21 11:07:00,18.31,18.32,18.31,18.32,66300,1214374.0
2026-09-21 11:08:00,18.32,18.32,18.31,18.31,69600,1274585.0
2026-09-21 11:09:00,18.31,18.32,18.31,18.31,70200,1285433.0
2026-09-21 11:10:00,18.31,18.32,18.29,18.32,378400,6925952.9622
2026-09-21 11:11:00,18.31,18.33,18.31,18.31,124600,2282644.0
2026-09-21 11:12:00,18.32,18.33,18.31,18.32,102400,1875797.0
2026-09-21 11:13:00,18.32,18.33,18.32,18.32,64500,1181889.0
2026-09-21 11:14:00,18.33,18.33,18.32,18.32,92300,1691115.0
2026-09-21 11:15:00,18.32,18.33,18.31,18.32,71200,1304389.0
2026-09-21 11:16:00,18.32,18.32,18.31,18.31,131200,2403111.0
2026-09-21 11:17:00,18.31,18.32,18.31,18.32,50100,917362.0
2026-09-21 11:18:00,18.31,18.32,18.3,18.32,89000,1629430.9905
2026-09-21 11:19:00,18.32,18.32,18.31,18.32,32200,589748.0
2026-09-21 11:20:00,18.32,18.32,18.31,18.32,23400,428596.0
2026-09-21 11:21:00,18.32,18.33,18.31,18.33,270600,4957482.0
2026-09-21 11:22:00,18.33,18.33,18.32,18.33,68700,1259187.0
2026-09-21 11:23:00,18.33,18.33,18.32,18.33,34600,634106.0
2026-09-21 11:24:00,18.33,18.34,18.32,18.34,97500,1787143.0
2026-09-21 11:25:00,18.34,18.34,18.32,18.33,45700,837585.0
2026-09-21 11:26:00,18.33,18.33,18.32,18.33,38900,712849.0
2026-09-21 11:27:00,18.32,18.33,18.32,18.33,72400,1326584.0
2026-09-21 11:28:00,18.32,18.33,18.32,18.32,21800,399484.0
2026-09-21 11:29:00,18.32,18.33,18.32,18.33,26900,492930.0
2026-09-21 11:30:00,18.33,18.33,18.32,18.33,39700,727575.0
2026-09-21 13:01:00,18.33,18.34,18.29,18.33,782700,14335320.9174
2026-09-21 13:02:00,18.32,18.33,18.32,18.32,59000,1080979.0
2026-09-21 13:03:00,18.32,18.32,18.31,18.31,27800,509063.0
2026-09-21 13:04:00,18.31,18.33,18.31,18.33,87100,1595844.0
2026-09-21 13:05:00,18.32,18.35,18.32,18.33,248900,4562904.0
2026-09-21 13:06:00,18.34,18.34,18.33,18.34,10000,183378.0
2026-09-21 13:07:00,18.34,18.34,18.32,18.33,271000,4967443.0
2026-09-21 13:08:00,18.33,18.34,18.32,18.33,219000,4014143.0
2026-09-21 13:09:00,18.34,18.34,18.33,18.33,57200,1049026.0
2026-09-21 13:10:00,18.34,18.34,18.33,18.33,95600,1752515.0
2026-09-21 13:11:00,18.33,18.34,18.32,18.33,80600,1477387.0
2026-09-21 13:12:00,18.33,18.33,18.32,18.33,42000,769771.0
2026-09-21 13:13:00,18.32,18.33,18.32,18.33,115900,2123842.0
2026-09-21 13:14:00,18.33,18.33,18.32,18.33,38000,696404.0
2026-09-21 13:15:00,18.33,18.33,18.32,18.33,62000,1135950.0
2026-09-21 13:16:00,18.33,18.34,18.32,18.33,334300,6125753.0
2026-09-21 13:17:00,18.34,18.34,18.33,18.34,111800,2049731.0
2026-09-21 13:18:00,18.34,18.34,18.32,18.34,274700,5035912.0
2026-09-21 13:19:00,18.34,18.34,18.33,18.33,56700,1039363.0
2026-09-21 13:20:00,18.33,18.34,18.32,18.32,130600,2392928.0
2026-09-21 13:21:00,18.32,18.32,18.3,18.32,109700,2008487.9924
2026-09-21 13:22:00,18.32,18.32,18.31,18.31,183300,3357669.0
2026-09-21 13:23:00,18.32,18.33,18.31,18.32,98500,1804558.0
2026-09-21 13:24:00,18.32,18.33,18.32,18.32,13100,240105.0
2026-09-21 13:25:00,18.32,18.33,18.32,18.32,129200,2367015.0
2026-09-21 13:26:00,18.32,18.33,18.31,18.32,34900,639340.0
2026-09-21 13:27:00,18.32,18.32,18.31,18.32,38400,703350.0
2026-09-21 13:28:00,18.31,18.32,18.31,18.31,66800,1223201.0
2026-09-21 13:29:00,18.31,18.32,18.3,18.3,303900,5563057.9166
2026-09-21 13:30:00,18.3,18.31,18.3,18.3,78432,1435348.548
2026-09-21 13:31:00,18.31,18.31,18.3,18.31,49000,896757.97
2026-09-21 13:32:00,18.31,18.32,18.3,18.31,190900,3495221.9745
2026-09-21 13:33:00,18.32,18.32,18.31,18.31,92900,1701804.0
2026-09-21 13:34:00,18.32,18.32,18.31,18.32,32700,599020.0
2026-09-21 13:35:00,18.31,18.32,18.31,18.32,33600,615436.0
2026-09-21 13:36:00,18.32,18.32,18.31,18.32,92900,1701799.0
2026-09-21 13:37:00,18.32,18.32,18.31,18.32,47200,864595.0
2026-09-21 13:38:00,18.31,18.32,18.31,18.32,66600,1219750.0
2026-09-21 13:39:00,18.32,18.32,18.3,18.3,233100,4267620.9779
2026-09-21 13:40:00,18.31,18.32,18.3,18.32,65100,1192144.0
2026-09-21 13:41:00,18.32,18.33,18.31,18.33,196700,3603544.0
2026-09-21 13:42:00,18.32,18.33,18.32,18.32,60000,1099295.0
2026-09-21 13:43:00,18.32,18.34,18.32,18.34,349600,6408961.0
2026-09-21 13:44:00,18.34,18.35,18.33,18.35,205800,3774236.0
2026-09-21 13:45:00,18.35,18.36,18.33,18.36,155800,2858207.0
2026-09-21 13:46:00,18.36,18.36,18.35,18.36,45100,827960.002
2026-09-21 13:47:00,18.36,18.36,18.34,18.35,112200,2058961.0
2026-09-21 13:48:00,18.34,18.35,18.33,18.34,123300,2261430.0
2026-09-21 13:49:00,18.35,18.35,18.33,18.34,180900,3316996.0
2026-09-21 13:50:00,18.34,18.34,18.33,18.34,52800,968227.0
2026-09-21 13:51:00,18.34,18.35,18.33,18.35,35400,649207.0
2026-09-21 13:52:00,18.34,18.35,18.34,18.35,21800,399888.0
2026-09-21 13:53:00,18.35,18.35,18.34,18.35,89900,1649091.0
2026-09-21 13:54:00,18.35,18.35,18.34,18.35,14500,266018.0
2026-09-21 13:55:00,18.35,18.37,18.34,18.37,345100,6334025.0364
2026-09-21 13:56:00,18.37,18.37,18.36,18.36,73500,1350144.0707
2026-09-21 13:57:00,18.37,18.37,18.36,18.37,40400,742108.0343
2026-09-21 13:58:00,18.37,18.37,18.36,18.37,199900,3671361.1393
2026-09-21 13:59:00,18.37,18.37,18.36,18.36,95000,1744593.0199
2026-09-21 14:00:00,18.36,18.37,18.35,18.36,295900,5432938.0725
2026-09-21 14:01:00,18.37,18.38,18.35,18.36,175300,3219868.1207
2026-09-21 14:02:00,18.37,18.38,18.36,18.37,100700,1849977.0751
2026-09-21 14:03:00,18.37,18.38,18.37,18.38,65800,1209361.9489
2026-09-21 14:04:00,18.37,18.38,18.37,18.38,88900,1633287.0411
2026-09-21 14:05:00,18.38,18.38,18.36,18.38,84500,1552386.022
2026-09-21 14:06:00,18.38,18.38,18.37,18.38,121400,2230788.9885
2026-09-21 14:07:00,18.38,18.39,18.37,18.37,159100,2924367.877
2026-09-21 14:08:00,18.38,18.38,18.37,18.38,61800,1135755.968
2026-09-21 14:09:00,18.37,18.38,18.37,18.37,64100,1177731.0134
2026-09-21 14:10:00,18.36,18.37,18.36,18.36,144300,2649826.0475
2026-09-21 14:11:00,18.37,18.37,18.35,18.37,184200,3381845.032
2026-09-21 14:12:00,18.37,18.37,18.36,18.37,72500,1331222.0144
2026-09-21 14:13:00,18.36,18.37,18.35,18.36,107700,1977398.0045
2026-09-21 14:14:00,18.36,18.37,18.35,18.37,102300,1878096.0112
2026-09-21 14:15:00,18.37,18.37,18.35,18.36,178800,3281884.0038
2026-09-21 14:16:00,18.36,18.36,18.35,18.35,94000,1725188.0
2026-09-21 14:17:00,18.35,18.36,18.35,18.35,72300,1326941.002
2026-09-21 14:18:00,18.36,18.36,18.35,18.35,114800,2107584.0195
2026-09-21 14:19:00,18.36,18.37,18.35,18.36,157200,2885646.0042
2026-09-21 14:20:00,18.35,18.37,18.35,18.36,79900,1466969.0073
2026-09-21 14:21:00,18.37,18.37,18.36,18.37,70600,1296727.0446
2026-09-21 14:22:00,18.37,18.37,18.36,18.36,161000,2957087.0975
2026-09-21 14:23:00,18.36,18.37,18.35,18.36,93300,1712982.0089
2026-09-21 14:24:00,18.35,18.37,18.35,18.36,106800,1960523.0004
2026-09-21 14:25:00,18.36,18.36,18.35,18.36,47200,866480.0
2026-09-21 14:26:00,18.36,18.36,18.35,18.36,47000,862830.0
2026-09-21 14:27:00,18.35,18.37,18.35,18.37,184400,3385840.0629
2026-09-21 14:28:00,18.36,18.37,18.36,18.37,63300,1162710.0464
2026-09-21 14:29:00,18.37,18.4,18.37,18.4,352100,6471148.9833
2026-09-21 14:30:00,18.39,18.4,18.38,18.38,220500,4055093.9746
2026-09-21 14:31:00,18.38,18.42,18.38,18.42,675400,12431551.9821
2026-09-21 14:32:00,18.42,18.45,18.42,18.44,431400,7953978.0187
2026-09-21 14:33:00,18.44,18.45,18.43,18.45,637300,11751847.0707
2026-09-21 14:34:00,18.45,18.45,18.43,18.43,232000,4278118.0217
2026-09-21 14:35:00,18.43,18.44,18.42,18.42,342400,6308614.0
2026-09-21 14:36:00,18.43,18.44,18.42,18.44,159900,2947016.0
2026-09-21 14:37:00,18.44,18.45,18.43,18.44,396300,7306111.0089
2026-09-21 14:38:00,18.45,18.46,18.43,18.45,213200,3933490.0608
2026-09-21 14:39:00,18.46,18.46,18.44,18.44,233400,4306867.0171
2026-09-21 14:40:00,18.45,18.46,18.44,18.45,188000,3469141.9946
2026-09-21 14:41:00,18.45,18.48,18.45,18.48,474800,8769305.7712
2026-09-21 14:42:00,18.48,18.49,18.47,18.48,419300,7750394.9998
2026-09-21 14:43:00,18.48,18.49,18.47,18.47,439300,8120249.9918
2026-09-21 14:44:00,18.47,18.49,18.47,18.48,188900,3491286.999
2026-09-21 14:45:00,18.48,18.49,18.48,18.48,148800,2750961.0
2026-09-21 14:46:00,18.49,18.5,18.48,18.49,357800,6616586.0
2026-09-21 14:47:00,18.49,18.5,18.48,18.48,447600,8276565.0
2026-09-21 14:48:00,18.48,18.49,18.48,18.49,185700,3432892.0
2026-09-21 14:49:00,18.49,18.49,18.48,18.49,162500,3003565.0
2026-09-21 14:50:00,18.48,18.49,18.48,18.48,195900,3621585.0
2026-09-21 14:51:00,18.49,18.49,18.48,18.49,451100,8337693.0
2026-09-21 14:52:00,18.48,18.5,18.48,18.49,476500,8809515.0
2026-09-21 14:53:00,18.48,18.5,18.48,18.49,352400,6516428.0
2026-09-21 14:54:00,18.49,18.5,18.48,18.49,608700,11254270.0
2026-09-21 14:55:00,18.48,18.49,18.47,18.48,315100,5822830.9811
2026-09-21 14:56:00,18.48,18.49,18.47,18.48,194492,3593769.2056
2026-09-21 14:57:00,18.49,18.49,18.47,18.48,297500,5497053.957
2026-09-21 15:00:00,18.47,18.47,18.47,18.47,574308,10607468.5548
2026-09-22 09:31:00,18.57,18.58,18.38,18.49,2972400,55015280.8555
2026-09-22 09:32:00,18.48,18.5,18.46,18.49,451400,8343579.9916
2026-09-22 09:33:00,18.48,18.54,18.48,18.53,614800,11379916.0316
2026-09-22 09:34:00,18.52,18.53,18.5,18.52,422800,7828583.0002
2026-09-22 09:35:00,18.52,18.54,18.49,18.51,899200,16651326.0647
2026-09-22 09:36:00,18.51,18.55,18.48,18.52,548500,10157419.1937
2026-09-22 09:37:00,18.52,18.56,18.52,18.53,587793,10898834.4433
2026-09-22 09:38:00,18.54,18.55,18.5,18.52,726300,13457457.4259
2026-09-22 09:39:00,18.51,18.53,18.51,18.52,323520,5990503.2136
2026-09-22 09:40:00,18.52,18.55,18.52,18.53,529600,9819252.2736
2026-09-22 09:41:00,18.54,18.57,18.53,18.54,661900,12275933.115
2026-09-22 09:42:00,18.54,18.55,18.52,18.52,384700,7130800.1838
2026-09-22 09:43:00,18.52,18.52,18.48,18.49,472980,8748507.3901
2026-09-22 09:44:00,18.48,18.51,18.47,18.51,364700,6742267.1776
2026-09-22 09:45:00,18.51,18.52,18.49,18.52,317200,5870466.0
2026-09-22 09:46:00,18.51,18.54,18.51,18.53,254200,4707555.017
2026-09-22 09:47:00,18.53,18.55,18.53,18.54,218700,4053757.1542
2026-09-22 09:48:00,18.54,18.55,18.51,18.55,482000,8934423.1171
2026-09-22 09:49:00,18.55,18.57,18.54,18.56,405400,7523784.9608
2026-09-22 09:50:00,18.56,18.57,18.55,18.56,294700,5470230.9961
2026-09-22 09:51:00,18.56,18.62,18.56,18.62,1337100,24855477.0803
2026-09-22 09:52:00,18.62,18.64,18.61,18.64,679900,12662711.0634
2026-09-22 09:53:00,18.63,18.65,18.63,18.65,597185,11132447.3375
2026-09-22 09:54:00,18.64,18.65,18.63,18.64,411215,7664812.4681
2026-09-22 09:55:00,18.64,18.64,18.61,18.61,281400,5241089.9647
2026-09-22 09:56:00,18.61,18.62,18.58,18.59,403200,7497809.0005
2026-09-22 09:57:00,18.59,18.59,18.57,18.59,302600,5623158.0
2026-09-22 09:58:00,18.59,18.59,18.54,18.56,415400,7712652.967
2026-09-22 09:59:00,18.56,18.57,18.54,18.56,1134800,21053651.7395
2026-09-22 10:00:00,18.56,18.59,18.55,18.55,324100,6014761.9464
2026-09-22 10:01:00,18.56,18.56,18.54,18.56,104900,1946224.9683
2026-09-22 10:02:00,18.55,18.56,18.53,18.54,254000,4709923.0551
2026-09-22 10:03:00,18.54,18.54,18.52,18.54,692400,12829575.3754
2026-09-22 10:04:00,18.54,18.56,18.53,18.56,148300,2750630.0374
2026-09-22 10:05:00,18.55,18.56,18.53,18.54,215100,3988207.1176
2026-09-22 10:06:00,18.53,18.54,18.53,18.53,58500,1084263.037
2026-09-22 10:07:00,18.54,18.54,18.53,18.53,111200,2060996.0901
2026-09-22 10:08:00,18.53,18.54,18.53,18.53,122900,2278076.115
2026-09-22 10:09:00,18.54,18.59,18.53,18.58,457600,8490722.9738
2026-09-22 10:10:00,18.58,18.59,18.57,18.58,111600,2073360.0
2026-09-22 10:11:00,18.57,18.61,18.56,18.59,370400,6885692.0
2026-09-22 10:12:00,18.6,18.6,18.58,18.59,81300,1511025.0
2026-09-22 10:13:00,18.58,18.62,18.58,18.61,294800,5483736.0353
2026-09-22 10:14:00,18.61,18.62,18.6,18.62,108700,2023084.0254
2026-09-22 10:15:00,18.61,18.63,18.61,18.62,364600,6789084.1138
2026-09-22 10:16:00,18.61,18.61,18.58,18.59,279100,5190919.0039
2026-09-22 10:17:00,18.59,18.6,18.58,18.6,282400,5250311.0
2026-09-22 10:18:00,18.6,18.61,18.58,18.58,321300,5973900.0039
2026-09-22 10:19:00,18.58,18.59,18.57,18.59,70500,1309924.0
2026-09-22 10:20:00,18.59,18.6,18.57,18.58,165300,3071977.0
2026-09-22 10:21:00,18.58,18.58,18.57,18.58,99600,1850284.9969
2026-09-22 10:22:00,18.58,18.59,18.57,18.59,88332,1641361.5623
2026-09-22 10:23:00,18.59,18.59,18.58,18.59,57100,1061216.0
2026-09-22 10:24:00,18.59,18.59,18.57,18.57,182768,3395232.4375
2026-09-22 10:25:00,18.57,18.58,18.56,18.57,75100,1394701.0
2026-09-22 10:26:00,18.56,18.58,18.55,18.57,168800,3133135.986
2026-09-22 10:27:00,18.57,18.58,18.54,18.56,120700,2239825.0171
2026-09-22 10:28:00,18.56,18.57,18.55,18.55,118600,2201086.9828
2026-09-22 10:29:00,18.55,18.56,18.54,18.54,99700,1849060.9939
2026-09-22 10:30:00,18.54,18.55,18.53,18.53,309500,5737835.2626
2026-09-22 10:31:00,18.54,18.55,18.53,18.54,98200,1820970.0354
2026-09-22 10:32:00,18.55,18.55,18.54,18.54,76700,1422300.0482
2026-09-22 10:33:00,18.55,18.55,18.54,18.55,76800,1424045.0525
2026-09-22 10:34:00,18.54,18.55,18.54,18.54,156000,2892285.1774
2026-09-22 10:35:00,18.55,18.55,18.53,18.54,91200,1691025.0559
2026-09-22 10:36:00,18.54,18.55,18.53,18.54,144600,2680155.1307
2026-09-22 10:37:00,18.54,18.54,18.53,18.54,88300,1636967.0836
2026-09-22 10:38:00,18.54,18.55,18.53,18.54,303000,5616935.3103
2026-09-22 10:39:00,18.54,18.54,18.52,18.53,251400,4658121.0762
2026-09-22 10:40:00,18.53,18.54,18.52,18.53,94000,1741740.0493
2026-09-22 10:41:00,18.53,18.54,18.53,18.54,68200,1264234.0695
2026-09-22 10:42:00,18.54,18.55,18.54,18.55,211000,3912227.1622
2026-09-22 10:43:00,18.55,18.55,18.54,18.54,57400,1064603.9962
2026-09-22 10:44:00,18.55,18.55,18.54,18.55,115100,2134155.0948
2026-09-22 10:45:00,18.54,18.55,18.54,18.55,207600,3850686.8973
2026-09-22 10:46:00,18.55,18.56,18.55,18.55,135000,2504860.9564
2026-09-22 10:47:00,18.56,18.56,18.55,18.56,59400,1102424.9995
2026-09-22 10:48:00,18.55,18.57,18.55,18.56,280800,5210839.933
2026-09-22 10:49:00,18.56,18.57,18.55,18.56,69700,1293450.9823
2026-09-22 10:50:00,18.55,18.56,18.55,18.55,31000,575136.9855
2026-09-22 10:51:00,18.56,18.56,18.53,18.53,513800,9524816.1936
2026-09-22 10:52:00,18.52,18.53,18.51,18.52,201800,3737410.0024
2026-09-22 10:53:00,18.52,18.52,18.5,18.5,287700,5324813.0
2026-09-22 10:54:00,18.51,18.51,18.5,18.5,235500,4357053.0
2026-09-22 10:55:00,18.51,18.51,18.49,18.49,84800,1568789.0
2026-09-22 10:56:00,18.49,18.5,18.48,18.48,482500,8919235.0
2026-09-22 10:57:00,18.48,18.48,18.47,18.48,97300,1798058.9993
2026-09-22 10:58:00,18.49,18.49,18.47,18.49,125500,2318847.9733
2026-09-22 10:59:00,18.48,18.49,18.48,18.48,66800,1234536.0
2026-09-22 11:00:00,18.49,18.49,18.48,18.48,76600,1416084.0
2026-09-22 11:01:00,18.49,18.49,18.48,18.48,80400,1486204.0
2026-09-22 11:02:00,18.49,18.53,18.49,18.52,320900,5936331.0
2026-09-22 11:03:00,18.52,18.53,18.51,18.52,109600,2030263.0219
2026-09-22 11:04:00,18.53,18.53,18.51,18.53,70800,1311288.0083
2026-09-22 11:05:00,18.53,18.53,18.51,18.51,114000,2110606.001
2026-09-22 11:06:00,18.51,18.52,18.51,18.52,59100,1093999.0
2026-09-22 11:07:00,18.51,18.52,18.51,18.51,49200,910725.0
2026-09-22 11:08:00,18.51,18.52,18.51,18.51,50300,931236.0
2026-09-22 11:09:00,18.51,18.52,18.51,18.52,119700,2215883.0
2026-09-22 11:10:00,18.51,18.52,18.51,18.51,57200,1059140.0
2026-09-22 11:11:00,18.52,18.52,18.51,18.51,70400,1303178.0
2026-09-22 11:12:00,18.52,18.52,18.51,18.52,58100,1075735.0
2026-09-22 11:13:00,18.51,18.52,18.51,18.52,77300,1431277.0
2026-09-22 11:14:00,18.52,18.52,18.51,18.51,114800,2125157.0
2026-09-22 11:15:00,18.52,18.52,18.51,18.52,84400,1562591.0
2026-09-22 11:16:00,18.51,18.52,18.51,18.52,114300,2115756.0
2026-09-22 11:17:00,18.52,18.52,18.49,18.5,201100,3720080.0
2026-09-22 11:18:00,18.49,18.5,18.48,18.49,225500,4168291.0
2026-09-22 11:19:00,18.49,18.49,18.48,18.49,71800,1327116.0
2026-09-22 11:20:00,18.49,18.49,18.48,18.48,77900,1439736.0
2026-09-22 11:21:00,18.48,18.49,18.48,18.49,95500,1765071.0
2026-09-22 11:22:00,18.49,18.49,18.48,18.48,108500,2005123.0
2026-09-22 11:23:00,18.48,18.49,18.48,18.49,100500,1857392.0
2026-09-22 11:24:00,18.49,18.49,18.48,18.48,46400,857821.0
2026-09-22 11:25:00,18.49,18.49,18.48,18.49,32500,600823.0
2026-09-22 11:26:00,18.49,18.49,18.48,18.49,66000,1220016.0
2026-09-22 11:27:00,18.49,18.49,18.48,18.49,122200,2258389.0
2026-09-22 11:28:00,18.49,18.49,18.46,18.48,349300,6453323.9259
2026-09-22 11:29:00,18.47,18.48,18.46,18.48,123000,2271964.9524
2026-09-22 11:30:00,18.47,18.48,18.46,18.47,54000,997436.9824
2026-09-22 13:01:00,18.47,18.48,18.42,18.45,1185500,21876433.6317
2026-09-22 13:02:00,18.45,18.46,18.44,18.44,92300,1702802.0372
2026-09-22 13:03:00,18.45,18.46,18.44,18.44,154200,2844308.0498
2026-09-22 13:04:00,18.45,18.45,18.44,18.45,113900,2100602.01
2026-09-22 13:05:00,18.44,18.46,18.44,18.45,214500,3957317.1295
2026-09-22 13:06:00,18.46,18.46,18.45,18.46,171200,3160055.8668
2026-09-22 13:07:00,18.46,18.46,18.44,18.44,171400,3162126.0847
2026-09-22 13:08:00,18.44,18.45,18.43,18.44,265900,4903456.0303
2026-09-22 13:09:00,18.44,18.46,18.43,18.45,244900,4517177.0742
2026-09-22 13:10:00,18.45,18.48,18.44,18.46,362400,6689915.6653
2026-09-22 13:11:00,18.46,18.48,18.46,18.48,78400,1448545.994
2026-09-22 13:12:00,18.47,18.48,18.47,18.48,133000,2457506.9913
2026-09-22 13:13:00,18.48,18.49,18.47,18.49,108700,2008902.9983
2026-09-22 13:14:00,18.48,18.51,18.48,18.5,124200,2296954.0
2026-09-22 13:15:00,18.51,18.51,18.5,18.5,41700,771663.0
2026-09-22 13:16:00,18.5,18.51,18.49,18.5,159500,2950539.0
2026-09-22 13:17:00,18.49,18.5,18.48,18.49,111700,2065180.0
2026-09-22 13:18:00,18.5,18.5,18.48,18.48,100800,1863694.0
2026-09-22 13:19:00,18.48,18.49,18.47,18.47,88400,1633514.9989
2026-09-22 13:20:00,18.47,18.49,18.47,18.48,152300,2814645.9991
2026-09-22 13:21:00,18.49,18.49,18.48,18.49,112700,2083069.0
2026-09-22 13:22:00,18.48,18.49,18.47,18.48,104400,1929087.9778
2026-09-22 13:23:00,18.48,18.49,18.47,18.48,122600,2265425.985
2026-09-22 13:24:00,18.48,18.5,18.47,18.48,245800,4544210.9994
2026-09-22 13:25:00,18.49,18.49,18.48,18.48,17400,321667.0
2026-09-22 13:26:00,18.48,18.49,18.48,18.49,137664,2544211.7104
2026-09-22 13:27:00,18.48,18.49,18.46,18.47,164936,3046980.2359
2026-09-22 13:28:00,18.48,18.49,18.47,18.48,182800,3378341.9959
2026-09-22 13:29:00,18.48,18.5,18.48,18.5,174864,3232812.7192
2026-09-22 13:30:00,18.5,18.5,18.49,18.49,74900,1385082.0
2026-09-22 13:31:00,18.5,18.5,18.49,18.49,90900,1680870.0
2026-09-22 13:32:00,18.5,18.5,18.46,18.48,304100,5618169.8657
2026-09-22 13:33:00,18.48,18.49,18.47,18.47,153900,2843627.9722
2026-09-22 13:34:00,18.47,18.48,18.46,18.46,118400,2186425.9377
2026-09-22 13:35:00,18.47,18.48,18.46,18.47,75100,1387290.9858
2026-09-22 13:36:00,18.47,18.48,18.47,18.48,193300,3571588.9681
2026-09-22 13:37:00,18.48,18.48,18.47,18.48,182400,3370096.9607
2026-09-22 13:38:00,18.47,18.48,18.47,18.48,40000,739097.9971
2026-09-22 13:39:00,18.47,18.49,18.47,18.49,193200,3570492.9985
2026-09-22 13:40:00,18.49,18.49,18.48,18.48,103500,1913213.0
2026-09-22 13:41:00,18.48,18.51,18.48,18.51,430300,7959044.0
2026-09-22 13:42:00,18.51,18.52,18.51,18.51,121700,2253160.0
2026-09-22 13:43:00,18.51,18.52,18.51,18.52,117500,2175822.0
2026-09-22 13:44:00,18.52,18.53,18.51,18.52,170700,3161070.0059
2026-09-22 13:45:00,18.52,18.53,18.51,18.52,162800,3015265.0219
2026-09-22 13:46:00,18.53,18.53,18.51,18.52,143200,2651879.0032
2026-09-22 13:47:00,18.52,18.52,18.5,18.51,135600,2509899.0
2026-09-22 13:48:00,18.52,18.52,18.5,18.51,82700,1530713.0
2026-09-22 13:49:00,18.52,18.52,18.51,18.52,79500,1471677.0
2026-09-22 13:50:00,18.51,18.52,18.51,18.51,63800,1181006.0
2026-09-22 13:51:00,18.52,18.52,18.51,18.51,50200,929350.0
2026-09-22 13:52:00,18.52,18.52,18.5,18.51,143200,2650645.0
2026-09-22 13:53:00,18.52,18.52,18.51,18.51,82500,1527210.0
2026-09-22 13:54:00,18.51,18.52,18.51,18.51,52600,973778.0
2026-09-22 13:55:00,18.51,18.52,18.5,18.5,157800,2920717.0
2026-09-22 13:56:00,18.51,18.52,18.51,18.51,85200,1577431.0
2026-09-22 13:57:00,18.52,18.52,18.51,18.52,41000,759192.0
2026-09-22 13:58:00,18.52,18.53,18.51,18.53,318400,5898392.0717
2026-09-22 13:59:00,18.53,18.53,18.52,18.53,73100,1354378.0175
2026-09-22 14:00:00,18.53,18.54,18.52,18.54,106700,1977360.0525
2026-09-22 14:01:00,18.54,18.54,18.52,18.53,195900,3630067.1273
2026-09-22 14:02:00,18.52,18.53,18.52,18.52,157200,2911418.0045
2026-09-22 14:03:00,18.53,18.53,18.51,18.51,106300,1968582.011
2026-09-22 14:04:00,18.52,18.53,18.51,18.52,88500,1638834.0092
2026-09-22 14:05:00,18.53,18.53,18.5,18.5,234500,4341420.0028
2026-09-22 14:06:00,18.51,18.51,18.48,18.49,404600,7482632.0
2026-09-22 14:07:00,18.49,18.51,18.48,18.5,94500,1747772.0
2026-09-22 14:08:00,18.5,18.51,18.48,18.5,54500,1008193.0
2026-09-22 14:09:00,18.51,18.51,18.5,18.5,103700,1919305.0
2026-09-22 14:10:00,18.51,18.51,18.5,18.5,23400,433017.0
2026-09-22 14:11:00,18.5,18.51,18.49,18.51,125900,2328963.0
2026-09-22 14:12:00,18.51,18.51,18.49,18.5,118000,2183365.0
2026-09-22 14:13:00,18.51,18.51,18.5,18.5,49900,923286.0
2026-09-22 14:14:00,18.51,18.51,18.49,18.5,94800,1754291.0
2026-09-22 14:15:00,18.51,18.51,18.48,18.48,156800,2899360.0
2026-09-22 14:16:00,18.49,18.5,18.48,18.49,82600,1527427.0
2026-09-22 14:17:00,18.5,18.5,18.49,18.49,72000,1331903.0
2026-09-22 14:18:00,18.5,18.5,18.49,18.49,79300,1466547.0
2026-09-22 14:19:00,18.5,18.5,18.49,18.5,118517,2192114.3242
2026-09-22 14:20:00,18.5,18.5,18.49,18.5,80600,1490680.0014
2026-09-22 14:21:00,18.5,18.51,18.49,18.5,219300,4056322.9978
2026-09-22 14:22:00,18.51,18.51,18.5,18.5,79000,1461724.0
2026-09-22 14:23:00,18.5,18.51,18.5,18.51,54600,1010221.0
2026-09-22 14:24:00,18.51,18.51,18.48,18.49,140700,2601359.0
2026-09-22 14:25:00,18.5,18.5,18.48,18.48,57700,1066725.0
2026-09-22 14:26:00,18.49,18.5,18.48,18.49,87900,1625060.0
2026-09-22 14:27:00,18.5,18.5,18.48,18.5,93500,1729193.0
2026-09-22 14:28:00,18.5,18.5,18.48,18.5,77500,1433181.0
2026-09-22 14:29:00,18.5,18.5,18.47,18.47,165400,3056889.9983
2026-09-22 14:30:00,18.48,18.49,18.46,18.46,102600,1895315.9789
2026-09-22 14:31:00,18.48,18.5,18.47,18.47,152600,2820658.9919
2026-09-22 14:32:00,18.47,18.48,18.46,18.47,146500,2706048.942
2026-09-22 14:33:00,18.47,18.48,18.46,18.47,137700,2543376.9432
2026-09-22 14:34:00,18.48,18.48,18.46,18.47,213400,3941535.8854
2026-09-22 14:35:00,18.48,18.48,18.46,18.46,119600,2208845.9314
2026-09-22 14:36:00,18.47,18.48,18.47,18.47,96600,1784488.9723
2026-09-22 14:37:00,18.47,18.48,18.47,18.47,86500,1598017.9749
2026-09-22 14:38:00,18.47,18.48,18.46,18.47,74700,1379744.9623
2026-09-22 14:39:00,18.48,18.48,18.47,18.47,102400,1891644.981
2026-09-22 14:40:00,18.47,18.48,18.46,18.47,176400,3258051.9003
2026-09-22 14:41:00,18.47,18.48,18.46,18.47,135600,2504409.9213
2026-09-22 14:42:00,18.47,18.48,18.46,18.47,138200,2552552.9126
2026-09-22 14:43:00,18.47,18.48,18.46,18.46,305000,5632476.8555
2026-09-22 14:44:00,18.47,18.48,18.46,18.47,126200,2330892.9473
2026-09-22 14:45:00,18.46,18.48,18.46,18.48,177100,3270758.8524
2026-09-22 14:46:00,18.47,18.49,18.47,18.48,183900,3398549.9988
2026-09-22 14:47:00,18.48,18.49,18.48,18.48,89500,1654429.0
2026-09-22 14:48:00,18.48,18.49,18.47,18.48,177100,3272824.998
2026-09-22 14:49:00,18.47,18.49,18.47,18.48,135400,2502000.9959
2026-09-22 14:50:00,18.48,18.49,18.47,18.48,127332,2353529.3541
2026-09-22 14:51:00,18.48,18.49,18.48,18.49,135900,2512405.0
2026-09-22 14:52:00,18.49,18.49,18.47,18.48,278400,5145139.9995
2026-09-22 14:53:00,18.48,18.48,18.47,18.47,105100,1941623.9735
2026-09-22 14:54:00,18.48,18.49,18.47,18.48,464200,8578520.9697
2026-09-22 14:55:00,18.48,18.49,18.47,18.49,245885,4544237.7889
2026-09-22 14:56:00,18.49,18.49,18.47,18.48,247015,4565160.1151
2026-09-22 14:57:00,18.48,18.49,18.47,18.49,364500,6734061.9398
2026-09-22 15:00:00,18.47,18.47,18.47,18.47,570700,10540828.8287
