day,open,high,low,close,volume,amount
2026-09-10 13:53:00,6.09,6.1,6.09,6.09,139500,849826.0
2026-09-10 13:54:00,6.1,6.1,6.09,6.1,416600,2537455.0
2026-09-10 13:55:00,6.1,6.1,6.09,6.1,158500,965634.0
2026-09-10 13:56:00,6.09,6.1,6.08,6.09,596000,3629225.0
2026-09-10 13:57:00,6.09,6.1,6.08,6.09,310200,1888930.0
2026-09-10 13:58:00,6.09,6.09,6.08,6.08,155000,943272.0
2026-09-10 13:59:00,6.09,6.09,6.08,6.09,59600,362860.0
2026-09-10 14:00:00,6.09,6.09,6.08,6.08,467000,2840740.0
2026-09-10 14:01:00,6.09,6.09,6.08,6.08,314900,1914951.0
2026-09-10 14:02:00,6.09,6.09,6.08,6.09,305100,1857861.0
2026-09-10 14:03:00,6.09,6.1,6.08,6.09,558500,3401086.0
2026-09-10 14:04:00,6.09,6.1,6.08,6.09,253100,1541279.0
2026-09-10 14:05:00,6.09,6.09,6.08,6.09,187300,1140521.0
2026-09-10 14:06:00,6.09,6.09,6.08,6.09,81700,497416.0
2026-09-10 14:07:00,6.09,6.09,6.08,6.08,15800,96180.0
2026-09-10 14:08:00,6.09,6.09,6.08,6.09,87300,531048.0
2026-09-10 14:09:00,6.09,6.09,6.08,6.08,57000,347032.0
2026-09-10 14:10:00,6.09,6.09,6.08,6.08,167400,1018553.0
2026-09-10 14:11:00,6.09,6.09,6.08,6.08,51530,313624.4
2026-09-10 14:12:00,6.09,6.09,6.08,6.09,96700,588288.9975
2026-09-10 14:13:00,6.09,6.09,6.08,6.09,259000,1577032.9978
2026-09-10 14:14:00,6.09,6.1,6.08,6.09,533500,3249372.9998
2026-09-10 14:15:00,6.09,6.1,6.09,6.09,99000,603758.0
2026-09-10 14:16:00,6.1,6.1,6.09,6.09,226600,1380726.0
2026-09-10 14:17:00,6.09,6.1,6.09,6.09,169800,1034201.0
2026-09-10 14:18:00,6.09,6.1,6.08,6.09,224800,1368954.0
2026-09-10 14:19:00,6.09,6.1,6.08,6.1,287200,1749648.0
2026-09-10 14:20:00,6.1,6.1,6.09,6.1,85700,522630.0
2026-09-10 14:21:00,6.09,6.1,6.09,6.1,93600,570607.0
2026-09-10 14:22:00,6.09,6.1,6.09,6.09,228100,1389502.0
2026-09-10 14:23:00,6.1,6.1,6.09,6.09,174900,1065477.0
2026-09-10 14:24:00,6.09,6.1,6.09,6.09,184500,1124411.0
2026-09-10 14:25:00,6.09,6.1,6.08,6.09,391400,2382903.0
2026-09-10 14:26:00,6.09,6.1,6.08,6.09,161600,984500.0
2026-09-10 14:27:00,6.09,6.1,6.08,6.09,166100,1011747.0
2026-09-10 14:28:00,6.09,6.1,6.08,6.09,166900,1016655.0
2026-09-10 14:29:00,6.09,6.1,6.08,6.09,147600,898660.0
2026-09-10 14:30:00,6.1,6.1,6.08,6.1,160200,976116.0
2026-09-10 14:31:00,6.1,6.1,6.08,6.09,154400,940373.0
2026-09-10 14:32:00,6.09,6.1,6.09,6.09,72700,442960.0
2026-09-10 14:33:00,6.1,6.1,6.09,6.09,147400,898009.0
2026-09-10 14:34:00,6.09,6.1,6.09,6.09,204800,1247479.0
2026-09-10 14:35:00,6.09,6.1,6.08,6.09,673800,4102624.0
2026-09-10 14:36:00,6.1,6.1,6.08,6.09,274500,1671673.0
2026-09-10 14:37:00,6.1,6.1,6.08,6.09,555800,3384766.0
2026-09-10 14:38:00,6.09,6.1,6.08,6.09,244300,1487929.0
2026-09-10 14:39:00,6.1,6.1,6.08,6.1,286100,1742773.0
2026-09-10 14:40:00,6.09,6.1,6.08,6.09,221900,1351311.0
2026-09-10 14:41:00,6.09,6.1,6.08,6.09,1030300,6274847.0
2026-09-10 14:42:00,6.1,6.1,6.08,6.09,446100,2717557.0
2026-09-10 14:43:00,6.09,6.1,6.08,6.09,356486,2170994.8804
2026-09-10 14:44:00,6.08,6.1,6.08,6.09,646700,3937616.9987
2026-09-10 14:45:00,6.09,6.1,6.08,6.09,374700,2279502.9835
2026-09-10 14:46:00,6.09,6.1,6.08,6.1,471300,2871873.0
2026-09-10 14:47:00,6.1,6.1,6.09,6.09,437300,2664486.0
2026-09-10 14:48:00,6.1,6.1,6.08,6.09,847700,5163605.998
2026-09-10 14:49:00,6.09,6.09,6.08,6.09,91100,554552.0
2026-09-10 14:50:00,6.09,6.1,6.08,6.08,435800,2653515.9968
2026-09-10 14:51:00,6.08,6.1,6.08,6.09,684500,4165611.9906
2026-09-10 14:52:00,6.09,6.1,6.08,6.08,414200,2522221.0024
2026-09-10 14:53:00,6.09,6.1,6.08,6.08,242800,1478131.9977
2026-09-10 14:54:00,6.08,6.1,6.08,6.09,194000,1181085.9969
2026-09-10 14:55:00,6.09,6.09,6.08,6.09,511100,3110427.9987
2026-09-10 14:56:00,6.09,6.09,6.08,6.09,254100,1546110.9943
2026-09-10 14:57:00,6.09,6.1,6.08,6.09,509800,3103712.998
2026-09-10 15:00:00,6.1,6.1,6.1,6.1,500900,3055490.0
2026-09-11 09:31:00,6.09,6.09,6.04,6.04,2227300,13506700.018
2026-09-11 09:32:00,6.05,6.06,6.03,6.04,2064600,12480088.0264
2026-09-11 09:33:00,6.04,6.05,6.03,6.04,1097200,6629227.0205
2026-09-11 09:34:00,6.05,6.05,6.04,6.04,935600,5657599.0195
2026-09-11 09:35:00,6.04,6.05,6.04,6.05,872700,5274080.0107
2026-09-11 09:36:00,6.05,6.05,6.03,6.04,1624600,9812820.0067
2026-09-11 09:37:00,6.04,6.05,6.03,6.04,790800,4776463.0077
2026-09-11 09:38:00,6.04,6.05,6.04,6.05,584800,3533045.0059
2026-09-11 09:39:00,6.04,6.05,6.03,6.04,938600,5670349.0046
2026-09-11 09:40:00,6.04,6.05,6.04,6.04,254600,1538777.0015
2026-09-11 09:41:00,6.05,6.05,6.03,6.03,576200,3477541.0247
2026-09-11 09:42:00,6.04,6.04,6.03,6.03,392800,2369568.038
2026-09-11 09:43:00,6.03,6.04,6.03,6.03,980850,5917411.5609
2026-09-11 09:44:00,6.03,6.04,6.03,6.03,476600,2875991.0193
2026-09-11 09:45:00,6.04,6.04,6.01,6.01,3923150,23637463.7495
2026-09-11 09:46:00,6.02,6.03,6.01,6.01,1478680,8892833.9655
2026-09-11 09:47:00,6.01,6.03,6.0,6.01,1923700,11568425.1758
2026-09-11 09:48:00,6.01,6.03,6.0,6.02,5931400,35651739.2467
2026-09-11 09:49:00,6.02,6.04,6.0,6.04,5033700,30322002.4998
2026-09-11 09:50:00,6.03,6.05,6.03,6.03,1423000,8593956.0217
2026-09-11 09:51:00,6.03,6.04,6.02,6.04,627300,3782440.0417
2026-09-11 09:52:00,6.03,6.04,6.03,6.03,338300,2040175.0403
2026-09-11 09:53:00,6.04,6.04,6.01,6.03,1547500,9321802.0967
2026-09-11 09:54:00,6.02,6.03,6.0,6.03,3436300,20678613.1217
2026-09-11 09:55:00,6.02,6.04,6.02,6.03,727200,4384336.0388
2026-09-11 09:56:00,6.03,6.04,6.03,6.03,184600,1113254.0203
2026-09-11 09:57:00,6.03,6.05,6.03,6.04,1220600,7370844.0297
2026-09-11 09:58:00,6.05,6.06,6.04,6.05,1200100,7260157.0444
2026-09-11 09:59:00,6.04,6.06,6.04,6.05,1176500,7121670.0625
2026-09-11 10:00:00,6.05,6.06,6.05,6.05,310900,1882014.0039
2026-09-11 10:01:00,6.05,6.06,6.04,6.05,1280300,7743396.0088
2026-09-11 10:02:00,6.04,6.06,6.04,6.06,800200,4842054.0063
2026-09-11 10:03:00,6.06,6.07,6.05,6.06,1249200,7567950.0029
2026-09-11 10:04:00,6.05,6.06,6.05,6.06,125300,758507.0015
2026-09-11 10:05:00,6.05,6.06,6.04,6.06,1053600,6374800.0508
2026-09-11 10:06:00,6.05,6.06,6.05,6.06,276200,1672378.0015
2026-09-11 10:07:00,6.05,6.06,6.04,6.05,269800,1630826.0044
2026-09-11 10:08:00,6.05,6.06,6.04,6.05,997200,6030475.0063
2026-09-11 10:09:00,6.05,6.06,6.05,6.06,1819000,11011914.0098
2026-09-11 10:10:00,6.06,6.07,6.06,6.07,264300,1603582.0
2026-09-11 10:11:00,6.07,6.07,6.06,6.06,929700,5642968.0
2026-09-11 10:12:00,6.07,6.07,6.06,6.07,923800,5604942.0
2026-09-11 10:13:00,6.07,6.07,6.06,6.06,242400,1470591.0
2026-09-11 10:14:00,6.07,6.07,6.05,6.06,800700,4853345.0005
2026-09-11 10:15:00,6.06,6.07,6.05,6.06,1925600,11673200.0
2026-09-11 10:16:00,6.06,6.07,6.06,6.06,635300,3854961.0
2026-09-11 10:17:00,6.06,6.07,6.06,6.06,401300,2433034.0
2026-09-11 10:18:00,6.06,6.07,6.05,6.07,884400,5363586.0
2026-09-11 10:19:00,6.07,6.07,6.05,6.06,725600,4397647.0005
2026-09-11 10:20:00,6.05,6.06,6.05,6.06,358400,2169201.0024
2026-09-11 10:21:00,6.05,6.06,6.05,6.05,859500,5207567.0
2026-09-11 10:22:00,6.05,6.06,6.05,6.05,218900,1324723.0005
2026-09-11 10:23:00,6.06,6.06,6.05,6.06,204100,1235892.0
2026-09-11 10:24:00,6.06,6.06,6.05,6.05,154300,934186.002
2026-09-11 10:25:00,6.05,6.06,6.05,6.06,459600,2784226.001
2026-09-11 10:26:00,6.05,6.06,6.04,6.05,608000,3680188.0117
2026-09-11 10:27:00,6.05,6.06,6.05,6.05,535500,3241978.0093
2026-09-11 10:28:00,6.06,6.06,6.05,6.06,190800,1155044.0098
2026-09-11 10:29:00,6.05,6.06,6.05,6.05,435200,2636094.0068
2026-09-11 10:30:00,6.06,6.06,6.05,6.05,440400,2667915.0015
2026-09-11 10:31:00,6.05,6.06,6.05,6.05,485900,2943252.002
2026-09-11 10:32:00,6.06,6.07,6.05,6.06,1159900,7028147.0039
2026-09-11 10:33:00,6.06,6.07,6.06,6.06,391200,2372761.0
2026-09-11 10:34:00,6.07,6.07,6.06,6.07,369600,2242320.0
2026-09-11 10:35:00,6.06,6.07,6.06,6.07,221500,1343521.0
2026-09-11 10:36:00,6.06,6.07,6.06,6.06,659500,3996902.0
2026-09-11 10:37:00,6.06,6.07,6.06,6.06,556700,3374458.0
2026-09-11 10:38:00,6.07,6.07,6.06,6.07,1188100,7209546.0
2026-09-11 10:39:00,6.07,6.07,6.06,6.06,605200,3670795.0
2026-09-11 10:40:00,6.06,6.07,6.06,6.06,305200,1849995.0
2026-09-11 10:41:00,6.06,6.08,6.06,6.07,2403600,14588449.0
2026-09-11 10:42:00,6.07,6.08,6.06,6.07,813400,4938090.0
2026-09-11 10:43:00,6.07,6.08,6.07,6.08,443000,2690687.0
2026-09-11 10:44:00,6.08,6.08,6.07,6.07,276000,1675740.0
2026-09-11 10:45:00,6.07,6.08,6.06,6.07,425700,2584013.0
2026-09-11 10:46:00,6.07,6.08,6.07,6.07,167900,1019378.0
2026-09-11 10:47:00,6.08,6.08,6.07,6.07,164800,1000695.0
2026-09-11 10:48:00,6.07,6.08,6.07,6.07,480400,2916144.0
2026-09-11 10:49:00,6.07,6.1,6.07,6.1,3314692,20165383.2838
2026-09-11 10:50:00,6.1,6.11,6.09,6.11,955600,5831145.0
2026-09-11 10:51:00,6.11,6.11,6.09,6.11,1039000,6338524.0
2026-09-11 10:52:00,6.1,6.11,6.1,6.1,562200,3429894.0
2026-09-11 10:53:00,6.1,6.11,6.1,6.1,535100,3264911.0
2026-09-11 10:54:00,6.1,6.11,6.1,6.11,266500,1626343.0
2026-09-11 10:55:00,6.1,6.11,6.09,6.11,371500,2266709.0
2026-09-11 10:56:00,6.11,6.12,6.1,6.11,2056781,12563142.9414
2026-09-11 10:57:00,6.11,6.12,6.1,6.1,768519,4695616.1335
2026-09-11 10:58:00,6.11,6.12,6.1,6.12,893500,5460924.0
2026-09-11 10:59:00,6.11,6.13,6.11,6.12,2099400,12847485.0
2026-09-11 11:00:00,6.11,6.13,6.11,6.12,850000,5206918.0
2026-09-11 11:01:00,6.12,6.13,6.12,6.13,829700,5085333.0
2026-09-11 11:02:00,6.13,6.13,6.12,6.13,408100,2500402.0
2026-09-11 11:03:00,6.13,6.13,6.12,6.13,974600,5973381.0
2026-09-11 11:04:00,6.13,6.14,6.12,6.13,2713100,16637479.0
2026-09-11 11:05:00,6.14,6.15,6.13,6.13,2625000,16111219.0
2026-09-11 11:06:00,6.13,6.14,6.13,6.13,213700,1311252.0
2026-09-11 11:07:00,6.14,6.14,6.12,6.13,663500,4067544.0
2026-09-11 11:08:00,6.12,6.13,6.12,6.12,171800,1052581.0
2026-09-11 11:09:00,6.13,6.13,6.12,6.13,98200,601891.0
2026-09-11 11:10:00,6.13,6.14,6.12,6.13,1257200,7709132.0
2026-09-11 11:11:00,6.13,6.15,6.13,6.15,2302600,14148889.0
2026-09-11 11:12:00,6.14,6.15,6.13,6.13,442600,2717431.0
2026-09-11 11:13:00,6.13,6.15,6.13,6.14,853900,5242805.0
2026-09-11 11:14:00,6.14,6.15,6.14,6.14,239800,1473107.0
2026-09-11 11:15:00,6.14,6.15,6.13,6.14,840400,5160271.0
2026-09-11 11:16:00,6.14,6.15,6.14,6.15,941800,5789727.0
2026-09-11 11:17:00,6.14,6.15,6.14,6.14,281400,1728940.0
2026-09-11 11:18:00,6.14,6.15,6.14,6.15,793900,4877392.0
2026-09-11 11:19:00,6.14,6.15,6.14,6.15,328100,2015390.0
2026-09-11 11:20:00,6.14,6.15,6.14,6.15,417100,2563255.0
2026-09-11 11:21:00,6.14,6.15,6.14,6.15,311800,1915304.0
2026-09-11 11:22:00,6.15,6.15,6.14,6.15,566400,3479359.0
2026-09-11 11:23:00,6.14,6.15,6.14,6.14,321500,1974265.0
2026-09-11 11:24:00,6.14,6.15,6.13,6.15,1246000,7651623.8984
2026-09-11 11:25:00,6.15,6.15,6.14,6.15,323700,1988933.0
2026-09-11 11:26:00,6.14,6.15,6.13,6.14,486400,2986413.0
2026-09-11 11:27:00,6.14,6.15,6.13,6.15,962200,5913024.0
2026-09-11 11:28:00,6.15,6.15,6.14,6.15,431000,2648413.0
2026-09-11 11:29:00,6.14,6.15,6.14,6.15,211600,1300057.0
2026-09-11 11:30:00,6.14,6.15,6.14,6.14,290400,1783924.0
2026-09-11 13:01:00,6.15,6.15,6.14,6.14,1375800,8454209.0346
2026-09-11 13:02:00,6.14,6.15,6.13,6.15,1999300,12289730.0001
2026-09-11 13:03:00,6.15,6.15,6.14,6.15,587000,3609045.0
2026-09-11 13:04:00,6.14,6.15,6.14,6.15,284300,1747534.0
2026-09-11 13:05:00,6.15,6.15,6.13,6.14,449900,2762570.0
2026-09-11 13:06:00,6.14,6.15,6.13,6.14,254500,1562607.0
2026-09-11 13:07:00,6.14,6.15,6.14,6.14,233800,1435650.0
2026-09-11 13:08:00,6.14,6.15,6.14,6.14,187500,1151385.0
2026-09-11 13:09:00,6.14,6.15,6.13,6.14,618200,3796080.0
2026-09-11 13:10:00,6.14,6.15,6.14,6.14,322900,1984203.0
2026-09-11 13:11:00,6.14,6.16,6.14,6.15,2038200,12536843.0
2026-09-11 13:12:00,6.15,6.16,6.14,6.15,712000,4379997.0
2026-09-11 13:13:00,6.15,6.16,6.14,6.15,642900,3954335.0
2026-09-11 13:14:00,6.15,6.16,6.14,6.15,306600,1885009.0
2026-09-11 13:15:00,6.14,6.15,6.14,6.15,195500,1201149.0
2026-09-11 13:16:00,6.15,6.15,6.14,6.15,524300,3223735.0
2026-09-11 13:17:00,6.15,6.15,6.14,6.14,328100,2016580.0
2026-09-11 13:18:00,6.15,6.15,6.14,6.14,128500,789509.0
2026-09-11 13:19:00,6.15,6.15,6.14,6.14,370500,2277336.0
2026-09-11 13:20:00,6.15,6.15,6.14,6.14,304300,1870556.0
2026-09-11 13:21:00,6.14,6.15,6.14,6.15,148000,909091.0
2026-09-11 13:22:00,6.14,6.16,6.14,6.15,1174600,7225883.0
2026-09-11 13:23:00,6.15,6.16,6.14,6.15,235200,1445407.0
2026-09-11 13:24:00,6.14,6.15,6.14,6.15,113900,699768.0
2026-09-11 13:25:00,6.14,6.15,6.14,6.15,406900,2500158.0
2026-09-11 13:26:00,6.14,6.15,6.13,6.14,898100,5514119.0
2026-09-11 13:27:00,6.13,6.15,6.13,6.14,1573100,9658851.0
2026-09-11 13:28:00,6.15,6.15,6.14,6.15,276300,1697811.0
2026-09-11 13:29:00,6.14,6.15,6.14,6.15,345500,2122912.0
2026-09-11 13:30:00,6.15,6.15,6.14,6.14,304200,1868418.0
2026-09-11 13:31:00,6.15,6.15,6.14,6.14,537300,3302105.0
2026-09-11 13:32:00,6.15,6.15,6.14,6.14,191700,1177701.0
2026-09-11 13:33:00,6.14,6.15,6.14,6.14,858800,5273146.0
2026-09-11 13:34:00,6.14,6.15,6.13,6.14,877200,5389169.0
2026-09-11 13:35:00,6.14,6.15,6.14,6.14,140800,864594.0
2026-09-11 13:36:00,6.14,6.15,6.14,6.15,256200,1574144.0
2026-09-11 13:37:00,6.15,6.15,6.14,6.15,303300,1864052.0
2026-09-11 13:38:00,6.15,6.15,6.14,6.14,331000,2033983.0
2026-09-11 13:39:00,6.14,6.15,6.14,6.14,708900,4352766.0
2026-09-11 13:40:00,6.14,6.15,6.13,6.14,669400,4110124.0
2026-09-11 13:41:00,6.14,6.15,6.13,6.14,656600,4031004.0
2026-09-11 13:42:00,6.14,6.15,6.14,6.14,166500,1022452.0
2026-09-11 13:43:00,6.14,6.15,6.14,6.14,146700,901192.0
2026-09-11 13:44:00,6.14,6.15,6.13,6.13,475800,2921165.0
2026-09-11 13:45:00,6.13,6.14,6.13,6.14,151400,928959.0
2026-09-11 13:46:00,6.13,6.14,6.13,6.13,125200,768227.0
2026-09-11 13:47:00,6.13,6.14,6.13,6.13,200000,1226897.0
2026-09-11 13:48:00,6.13,6.15,6.13,6.13,1660300,10193218.0
2026-09-11 13:49:00,6.14,6.15,6.13,6.14,179600,1102859.0
2026-09-11 13:50:00,6.15,6.15,6.13,6.13,419300,2575167.0
2026-09-11 13:51:00,6.13,6.15,6.13,6.13,240800,1478127.0
2026-09-11 13:52:00,6.14,6.14,6.13,6.14,134700,826557.0
2026-09-11 13:53:00,6.14,6.14,6.13,6.14,242200,1486340.0
2026-09-11 13:54:00,6.14,6.14,6.13,6.13,340200,2088712.0
2026-09-11 13:55:00,6.14,6.14,6.13,6.14,262300,1609990.0
2026-09-11 13:56:00,6.13,6.14,6.13,6.13,101100,620449.0
2026-09-11 13:57:00,6.14,6.14,6.13,6.14,249600,1531644.0
2026-09-11 13:58:00,6.13,6.15,6.13,6.14,1012300,6216167.0
2026-09-11 13:59:00,6.15,6.15,6.14,6.14,236700,1454582.0
2026-09-11 14:00:00,6.14,6.15,6.14,6.15,516700,3174591.0
2026-09-11 14:01:00,6.14,6.15,6.14,6.14,327300,2009958.0
2026-09-11 14:02:00,6.14,6.15,6.14,6.14,350800,2154354.0
2026-09-11 14:03:00,6.14,6.15,6.13,6.14,309800,1902702.0
2026-09-11 14:04:00,6.15,6.15,6.14,6.14,299900,1842976.0
2026-09-11 14:05:00,6.14,6.15,6.14,6.14,282200,1733426.0
2026-09-11 14:06:00,6.15,6.15,6.14,6.14,337400,2072865.0
2026-09-11 14:07:00,6.14,6.15,6.14,6.14,321800,1977635.0
2026-09-11 14:08:00,6.15,6.15,6.14,6.15,185000,1136502.0
2026-09-11 14:09:00,6.14,6.15,6.14,6.14,603400,3710046.0
2026-09-11 14:10:00,6.15,6.15,6.14,6.15,301900,1854958.0
2026-09-11 14:11:00,6.14,6.15,6.14,6.14,521400,3203173.0
2026-09-11 14:12:00,6.14,6.15,6.14,6.14,344400,2115315.0
2026-09-11 14:13:00,6.15,6.15,6.14,6.14,173500,1065808.0
2026-09-11 14:14:00,6.14,6.15,6.14,6.14,221200,1358654.0
2026-09-11 14:15:00,6.15,6.15,6.14,6.14,363200,2230846.0
2026-09-11 14:16:00,6.14,6.15,6.14,6.14,351600,2160320.0
2026-09-11 14:17:00,6.15,6.15,6.14,6.14,172900,1061861.0
2026-09-11 14:18:00,6.15,6.15,6.13,6.13,1445900,8877252.0
2026-09-11 14:19:00,6.13,6.14,6.13,6.13,172800,1059831.0
2026-09-11 14:20:00,6.14,6.14,6.13,6.13,146800,900614.0
2026-09-11 14:21:00,6.14,6.14,6.13,6.14,465100,2852595.0
2026-09-11 14:22:00,6.14,6.14,6.13,6.13,421800,2586790.0
2026-09-11 14:23:00,6.14,6.14,6.12,6.13,1042600,6390873.0
2026-09-11 14:24:00,6.13,6.14,6.12,6.13,969600,5948649.0
2026-09-11 14:25:00,6.13,6.14,6.12,6.13,528900,3242343.0
2026-09-11 14:26:00,6.13,6.14,6.12,6.13,286500,1756069.0
2026-09-11 14:27:00,6.13,6.14,6.12,6.13,282700,1733191.0
2026-09-11 14:28:00,6.13,6.14,6.12,6.12,1025600,6292560.0
2026-09-11 14:29:00,6.13,6.14,6.12,6.13,943000,5786427.0
2026-09-11 14:30:00,6.14,6.14,6.13,6.13,1731500,10626001.0
2026-09-11 14:31:00,6.13,6.14,6.13,6.14,2414000,14816396.0
2026-09-11 14:32:00,6.14,6.15,6.13,6.13,1800700,11049811.0
2026-09-11 14:33:00,6.14,6.16,6.13,6.14,4028300,24758223.0928
2026-09-11 14:34:00,6.14,6.15,6.13,6.13,970800,5957886.0
2026-09-11 14:35:00,6.13,6.14,6.12,6.13,2277700,13972319.0
2026-09-11 14:36:00,6.13,6.14,6.12,6.13,3460600,21233161.0
2026-09-11 14:37:00,6.13,6.14,6.13,6.13,245200,1503476.0
2026-09-11 14:38:00,6.14,6.14,6.13,6.13,211000,1293652.0
2026-09-11 14:39:00,6.13,6.14,6.13,6.13,231900,1421653.0
2026-09-11 14:40:00,6.14,6.14,6.13,6.13,236800,1451705.0
2026-09-11 14:41:00,6.13,6.14,6.12,6.13,597600,3663454.0
2026-09-11 14:42:00,6.14,6.14,6.12,6.13,834300,5114059.0
2026-09-11 14:43:00,6.13,6.14,6.12,6.13,307850,1887054.5
2026-09-11 14:44:00,6.14,6.14,6.12,6.13,693300,4250435.0
2026-09-11 14:45:00,6.14,6.14,6.12,6.13,568100,3482107.0
2026-09-11 14:46:00,6.13,6.14,6.13,6.14,377500,2314390.0
2026-09-11 14:47:00,6.13,6.14,6.13,6.13,386700,2370756.0
2026-09-11 14:48:00,6.13,6.14,6.13,6.14,367800,2256662.0
2026-09-11 14:49:00,6.14,6.14,6.13,6.14,373800,2294039.0
2026-09-11 14:50:00,6.14,6.14,6.12,6.13,1554700,9528416.0
2026-09-11 14:51:00,6.13,6.13,6.12,6.13,1168200,7160357.0
2026-09-11 14:52:00,6.13,6.13,6.12,6.12,207700,1272661.0
2026-09-11 14:53:00,6.12,6.13,6.12,6.13,169100,1036034.0
2026-09-11 14:54:00,6.13,6.14,6.12,6.12,548200,3360297.0
2026-09-11 14:55:00,6.13,6.13,6.12,6.13,232400,1424027.0
2026-09-11 14:56:00,6.12,6.13,6.12,6.13,409200,2507603.0
2026-09-11 14:57:00,6.13,6.13,6.12,6.12,414700,2541045.0
2026-09-11 15:00:00,6.13,6.13,6.13,6.13,577600,3540688.0323
2026-09-14 09:31:00,6.12,6.15,6.1,6.14,2654967,16268881.0192
2026-09-14 09:32:00,6.15,6.16,6.14,6.16,1956500,12039028.0
2026-09-14 09:33:00,6.15,6.16,6.15,6.16,669100,4118676.0
2026-09-14 09:34:00,6.16,6.16,6.15,6.15,875700,5387646.0
2026-09-14 09:35:00,6.15,6.16,6.12,6.14,2674500,16413374.0
2026-09-14 09:36:00,6.13,6.15,6.12,6.13,2409400,14764023.0
2026-09-14 09:37:00,6.13,6.13,6.12,6.12,740700,4535716.0
2026-09-14 09:38:00,6.12,6.13,6.11,6.12,356200,2180052.0
2026-09-14 09:39:00,6.12,6.13,6.12,6.12,954100,5845647.0
2026-09-14 09:40:00,6.12,6.13,6.11,6.12,1033000,6322463.0
2026-09-14 09:41:00,6.11,6.15,6.11,6.14,3024800,18541686.0377
2026-09-14 09:42:00,6.14,6.15,6.14,6.15,387400,2378997.0002
2026-09-14 09:43:00,6.14,6.15,6.13,6.14,2412200,14821667.0301
2026-09-14 09:44:00,6.14,6.16,6.14,6.15,780846,4802578.9072
2026-09-14 09:45:00,6.15,6.16,6.15,6.15,255410,1571994.5
2026-09-14 09:46:00,6.15,6.16,6.15,6.15,430300,2649492.0
2026-09-14 09:47:00,6.16,6.19,6.15,6.18,3640900,22474193.0
2026-09-14 09:48:00,6.18,6.19,6.16,6.17,1861700,11499970.0
2026-09-14 09:49:00,6.16,6.17,6.16,6.17,730100,4501442.0
2026-09-14 09:50:00,6.16,6.17,6.14,6.15,1979190,12173849.5
2026-09-14 09:51:00,6.15,6.16,6.14,6.15,749700,4611796.0
2026-09-14 09:52:00,6.15,6.16,6.13,6.15,1668800,10255130.0
2026-09-14 09:53:00,6.14,6.15,6.14,6.14,156500,961084.0
2026-09-14 09:54:00,6.14,6.15,6.13,6.13,521900,3204696.0
2026-09-14 09:55:00,6.13,6.14,6.13,6.14,333800,2047925.0
2026-09-14 09:56:00,6.14,6.15,6.13,6.14,622800,3822977.0
2026-09-14 09:57:00,6.14,6.14,6.13,6.14,1068700,6555148.0
2026-09-14 09:58:00,6.13,6.14,6.12,6.12,879700,5390562.0
2026-09-14 09:59:00,6.12,6.13,6.12,6.13,151400,927553.0
2026-09-14 10:00:00,6.13,6.13,6.11,6.12,1580600,9675549.0
2026-09-14 10:01:00,6.12,6.13,6.11,6.12,379200,2321653.0
2026-09-14 10:02:00,6.13,6.13,6.12,6.13,422700,2590236.0
2026-09-14 10:03:00,6.13,6.13,6.12,6.13,55200,338258.0
2026-09-14 10:04:00,6.13,6.13,6.12,6.12,58100,355902.0
2026-09-14 10:05:00,6.13,6.15,6.12,6.15,1852700,11381961.0
2026-09-14 10:06:00,6.15,6.15,6.13,6.14,1300700,7987628.0
2026-09-14 10:07:00,6.13,6.15,6.12,6.14,966700,5927331.0
2026-09-14 10:08:00,6.14,6.14,6.13,6.14,105420,647207.6002
2026-09-14 10:09:00,6.14,6.16,6.13,6.15,1381700,8495689.0001
2026-09-14 10:10:00,6.15,6.16,6.14,6.14,430500,2647286.0
2026-09-14 10:11:00,6.15,6.17,6.14,6.15,1692100,10419992.0
2026-09-14 10:12:00,6.16,6.17,6.15,6.16,572500,3527785.0
2026-09-14 10:13:00,6.16,6.17,6.16,6.17,478800,2951515.0
2026-09-14 10:14:00,6.16,6.17,6.16,6.16,184500,1137182.0
2026-09-14 10:15:00,6.17,6.17,6.16,6.16,115900,714829.0
2026-09-14 10:16:00,6.16,6.17,6.15,6.16,2119400,13044517.0
2026-09-14 10:17:00,6.16,6.16,6.15,6.15,840200,5170294.0
2026-09-14 10:18:00,6.15,6.16,6.15,6.15,120700,742838.0
2026-09-14 10:19:00,6.16,6.16,6.15,6.16,54311,334288.65
2026-09-14 10:20:00,6.15,6.16,6.15,6.16,97240,598774.0013
2026-09-14 10:21:00,6.16,6.16,6.15,6.15,261411,1608639.6719
2026-09-14 10:22:00,6.16,6.16,6.14,6.14,983938,6050111.727
2026-09-14 10:23:00,6.14,6.15,6.14,6.15,110300,677605.0
2026-09-14 10:24:00,6.15,6.16,6.14,6.15,605400,3725478.0
2026-09-14 10:25:00,6.16,6.16,6.15,6.16,74000,455800.0
2026-09-14 10:26:00,6.15,6.16,6.14,6.15,910500,5599866.0
2026-09-14 10:27:00,6.15,6.16,6.14,6.16,329600,2027191.0
2026-09-14 10:28:00,6.16,6.16,6.15,6.16,82700,509342.0
2026-09-14 10:29:00,6.16,6.17,6.15,6.16,299600,1845870.0
2026-09-14 10:30:00,6.17,6.17,6.16,6.17,1103100,6799162.0
2026-09-14 10:31:00,6.17,6.17,6.15,6.16,432600,2664476.0
2026-09-14 10:32:00,6.16,6.17,6.15,6.15,447100,2754152.0
2026-09-14 10:33:00,6.16,6.17,6.15,6.16,488570,3010896.5
2026-09-14 10:34:00,6.16,6.17,6.15,6.16,619100,3816219.0
2026-09-14 10:35:00,6.16,6.17,6.15,6.15,374500,2307183.0
2026-09-14 10:36:00,6.16,6.16,6.15,6.15,89000,547680.0
2026-09-14 10:37:00,6.16,6.16,6.15,6.16,319800,1969573.0
2026-09-14 10:38:00,6.16,6.16,6.15,6.16,70000,430796.0
2026-09-14 10:39:00,6.16,6.16,6.15,6.16,46700,287478.0
2026-09-14 10:40:00,6.16,6.16,6.15,6.16,87600,538909.0
2026-09-14 10:41:00,6.16,6.16,6.15,6.16,49800,306627.0
2026-09-14 10:42:00,6.16,6.16,6.15,6.15,85900,529071.0
2026-09-14 10:43:00,6.15,6.16,6.15,6.16,55800,343513.0
2026-09-14 10:44:00,6.16,6.16,6.15,6.15,57200,352118.0
2026-09-14 10:45:00,6.15,6.16,6.15,6.16,735100,4522970.0
2026-09-14 10:46:00,6.15,6.16,6.15,6.15,339500,2088144.0
2026-09-14 10:47:00,6.15,6.16,6.14,6.16,435700,2679509.0
2026-09-14 10:48:00,6.16,6.16,6.14,6.15,546800,3362344.0
2026-09-14 10:49:00,6.15,6.16,6.14,6.15,631300,3882714.0
2026-09-14 10:50:00,6.15,6.16,6.14,6.15,443900,2730738.0
2026-09-14 10:51:00,6.15,6.16,6.14,6.14,350600,2155143.0
2026-09-14 10:52:00,6.15,6.16,6.14,6.15,228400,1403245.0
2026-09-14 10:53:00,6.14,6.15,6.14,6.15,396700,2437310.0
2026-09-14 10:54:00,6.15,6.16,6.14,6.14,264900,1627635.0
2026-09-14 10:55:00,6.14,6.15,6.14,6.14,251800,1546265.0
2026-09-14 10:56:00,6.14,6.15,6.13,6.15,353200,2169588.0
2026-09-14 10:57:00,6.15,6.15,6.14,6.14,379600,2331779.0
2026-09-14 10:58:00,6.14,6.16,6.14,6.15,609500,3746346.0
2026-09-14 10:59:00,6.14,6.15,6.14,6.14,241400,1482682.0
2026-09-14 11:00:00,6.14,6.15,6.14,6.15,414700,2546458.0
2026-09-14 11:01:00,6.15,6.15,6.13,6.14,289900,1780243.0
2026-09-14 11:02:00,6.14,6.15,6.13,6.14,399500,2450411.0
2026-09-14 11:03:00,6.13,6.14,6.13,6.13,211200,1294913.0
2026-09-14 11:04:00,6.14,6.15,6.13,6.14,383700,2355103.0
2026-09-14 11:05:00,6.14,6.15,6.13,6.14,439400,2697631.0
2026-09-14 11:06:00,6.13,6.15,6.13,6.15,614700,3775117.0
2026-09-14 11:07:00,6.15,6.15,6.13,6.15,244300,1500104.0
2026-09-14 11:08:00,6.15,6.15,6.14,6.14,240100,1474426.0
2026-09-14 11:09:00,6.14,6.15,6.14,6.15,208300,1279084.0
2026-09-14 11:10:00,6.15,6.15,6.14,6.14,219900,1350420.0
2026-09-14 11:11:00,6.15,6.15,6.14,6.14,314800,1933020.0
2026-09-14 11:12:00,6.14,6.15,6.14,6.14,296400,1819963.0
2026-09-14 11:13:00,6.14,6.15,6.13,6.14,287900,1766900.0
2026-09-14 11:14:00,6.13,6.14,6.13,6.14,258700,1586357.0
2026-09-14 11:15:00,6.13,6.14,6.13,6.13,220200,1350002.0
2026-09-14 11:16:00,6.13,6.14,6.13,6.13,237100,1453794.0
2026-09-14 11:17:00,6.13,6.14,6.13,6.14,253900,1556606.0
2026-09-14 11:18:00,6.13,6.15,6.13,6.15,279000,1713025.0
2026-09-14 11:19:00,6.15,6.15,6.14,6.15,278400,1711869.0
2026-09-14 11:20:00,6.15,6.15,6.14,6.15,79000,485731.0
2026-09-14 11:21:00,6.15,6.15,6.14,6.15,41700,256259.0
2026-09-14 11:22:00,6.14,6.15,6.14,6.15,38800,238524.0
2026-09-14 11:23:00,6.14,6.15,6.14,6.15,186500,1145293.0
2026-09-14 11:24:00,6.15,6.15,6.13,6.14,367500,2256244.0
2026-09-14 11:25:00,6.14,6.15,6.13,6.14,213200,1309041.0
2026-09-14 11:26:00,6.15,6.15,6.13,6.14,89300,548306.0
2026-09-14 11:27:00,6.14,6.14,6.13,6.14,157200,963913.0
2026-09-14 11:28:00,6.13,6.14,6.13,6.14,40500,248498.0
2026-09-14 11:29:00,6.14,6.14,6.13,6.14,202500,1241774.0
2026-09-14 11:30:00,6.13,6.14,6.13,6.14,40300,247342.0
2026-09-14 13:01:00,6.14,6.14,6.13,6.14,366510,2247997.3088
2026-09-14 13:02:00,6.14,6.14,6.13,6.14,160300,983860.001
2026-09-14 13:03:00,6.13,6.14,6.13,6.14,48900,299977.0
2026-09-14 13:04:00,6.14,6.14,6.13,6.14,28100,172434.0
2026-09-14 13:05:00,6.14,6.14,6.13,6.14,26600,163191.0
2026-09-14 13:06:00,6.13,6.14,6.13,6.14,35400,217321.0
2026-09-14 13:07:00,6.14,6.14,6.12,6.13,895500,5490154.0
2026-09-14 13:08:00,6.13,6.14,6.13,6.14,260500,1597137.0
2026-09-14 13:09:00,6.14,6.14,6.13,6.13,360200,2208222.0
2026-09-14 13:10:00,6.13,6.14,6.12,6.14,127900,784302.0
2026-09-14 13:11:00,6.13,6.14,6.12,6.13,198800,1218512.0
2026-09-14 13:12:00,6.12,6.13,6.12,6.13,51700,316774.0
2026-09-14 13:13:00,6.12,6.13,6.12,6.13,268800,1647440.0
2026-09-14 13:14:00,6.13,6.14,6.13,6.14,139100,852870.0
2026-09-14 13:15:00,6.13,6.14,6.13,6.14,89700,550379.0
2026-09-14 13:16:00,6.13,6.14,6.13,6.14,48900,299963.0
2026-09-14 13:17:00,6.13,6.14,6.12,6.13,482600,2958492.0
2026-09-14 13:18:00,6.13,6.14,6.13,6.14,75700,464322.0
2026-09-14 13:19:00,6.13,6.14,6.13,6.14,23500,144204.0
2026-09-14 13:20:00,6.13,6.14,6.13,6.14,128500,787854.0
2026-09-14 13:21:00,6.13,6.14,6.13,6.14,53800,330071.0
2026-09-14 13:22:00,6.13,6.14,6.13,6.13,76900,471684.0
2026-09-14 13:23:00,6.13,6.14,6.13,6.14,93600,573923.0
2026-09-14 13:24:00,6.13,6.14,6.13,6.14,130400,799622.0
2026-09-14 13:25:00,6.13,6.14,6.13,6.14,847600,5196029.0
2026-09-14 13:26:00,6.13,6.14,6.13,6.14,208200,1277955.0
2026-09-14 13:27:00,6.13,6.14,6.13,6.14,79400,487044.0
2026-09-14 13:28:00,6.14,6.15,6.13,6.15,716400,4398773.0
2026-09-14 13:29:00,6.14,6.15,6.14,6.14,107200,658911.0
2026-09-14 13:30:00,6.14,6.15,6.14,6.15,142900,878744.0
2026-09-14 13:31:00,6.15,6.15,6.13,6.14,842400,5172267.0
2026-09-14 13:32:00,6.14,6.15,6.13,6.15,240100,1474335.0
2026-09-14 13:33:00,6.14,6.15,6.14,6.15,160300,985588.0
2026-09-14 13:34:00,6.14,6.15,6.14,6.14,86200,529511.0
2026-09-14 13:35:00,6.14,6.15,6.14,6.14,89000,546967.0
2026-09-14 13:36:00,6.15,6.15,6.14,6.15,57200,351574.0
2026-09-14 13:37:00,6.14,6.15,6.14,6.15,117800,724147.0
2026-09-14 13:38:00,6.15,6.15,6.14,6.15,375900,2311690.0
2026-09-14 13:39:00,6.14,6.15,6.14,6.15,153900,946210.0
2026-09-14 13:40:00,6.15,6.15,6.14,6.15,157000,965446.0
2026-09-14 13:41:00,6.15,6.16,6.14,6.15,597400,3675142.0
2026-09-14 13:42:00,6.15,6.16,6.14,6.15,729900,4488171.0
2026-09-14 13:43:00,6.15,6.16,6.14,6.16,617600,3801645.0
2026-09-14 13:44:00,6.15,6.16,6.14,6.15,326100,2005439.0
2026-09-14 13:45:00,6.15,6.16,6.14,6.15,256500,1576219.0
2026-09-14 13:46:00,6.14,6.15,6.14,6.15,117200,720548.0
2026-09-14 13:47:00,6.14,6.16,6.14,6.15,195800,1204212.9998
2026-09-14 13:48:00,6.15,6.15,6.14,6.14,145400,894011.0
2026-09-14 13:49:00,6.15,6.16,6.14,6.15,206200,1268179.0
2026-09-14 13:50:00,6.14,6.16,6.14,6.15,71500,439533.0002
2026-09-14 13:51:00,6.14,6.15,6.14,6.14,27300,167802.0
2026-09-14 13:52:00,6.15,6.15,6.14,6.15,300900,1847811.0
2026-09-14 13:53:00,6.15,6.15,6.14,6.15,48300,296995.0
2026-09-14 13:54:00,6.15,6.15,6.14,6.15,151600,931557.0
2026-09-14 13:55:00,6.14,6.15,6.13,6.14,1028900,6317378.0
2026-09-14 13:56:00,6.14,6.14,6.13,6.14,145900,895543.0
2026-09-14 13:57:00,6.14,6.15,6.13,6.14,253100,1554045.0
2026-09-14 13:58:00,6.13,6.15,6.13,6.15,81600,500927.0
2026-09-14 13:59:00,6.14,6.14,6.13,6.14,63600,390467.0
2026-09-14 14:00:00,6.14,6.14,6.13,6.13,83900,514636.0
2026-09-14 14:01:00,6.14,6.14,6.13,6.13,21900,134435.0
2026-09-14 14:02:00,6.14,6.14,6.13,6.14,97700,599848.0
2026-09-14 14:03:00,6.14,6.14,6.13,6.13,99700,611525.0
2026-09-14 14:04:00,6.13,6.14,6.13,6.14,78400,480870.0
2026-09-14 14:05:00,6.14,6.14,6.13,6.14,190900,1172075.0
2026-09-14 14:06:00,6.13,6.14,6.13,6.13,51500,316050.0
2026-09-14 14:07:00,6.14,6.14,6.13,6.14,306700,1882976.0
2026-09-14 14:08:00,6.14,6.14,6.13,6.14,69300,425258.0
2026-09-14 14:09:00,6.14,6.14,6.13,6.13,127000,779037.0
2026-09-14 14:10:00,6.13,6.14,6.13,6.13,116800,716344.0
2026-09-14 14:11:00,6.14,6.14,6.13,6.14,111000,681240.0
2026-09-14 14:12:00,6.13,6.14,6.13,6.13,86800,532567.0
2026-09-14 14:13:00,6.14,6.14,6.13,6.14,108000,662950.0
2026-09-14 14:14:00,6.14,6.14,6.13,6.14,259900,1595522.0
2026-09-14 14:15:00,6.14,6.15,6.13,6.14,992300,6092943.5
2026-09-14 14:16:00,6.14,6.14,6.13,6.13,96200,590403.0
2026-09-14 14:17:00,6.14,6.14,6.13,6.13,50600,310520.0
2026-09-14 14:18:00,6.14,6.14,6.13,6.13,117900,723530.0
2026-09-14 14:19:00,6.14,6.14,6.13,6.13,81400,499393.0
2026-09-14 14:20:00,6.14,6.14,6.13,6.13,190300,1167791.0
2026-09-14 14:21:00,6.13,6.14,6.13,6.13,318000,1949629.0
2026-09-14 14:22:00,6.13,6.14,6.13,6.13,114000,699246.0
2026-09-14 14:23:00,6.13,6.14,6.12,6.12,1170600,7173955.0
2026-09-14 14:24:00,6.12,6.13,6.12,6.13,603800,3697516.0
2026-09-14 14:25:00,6.13,6.14,6.12,6.13,1367900,8386408.0
2026-09-14 14:26:00,6.13,6.14,6.12,6.12,746100,4572598.0
2026-09-14 14:27:00,6.12,6.14,6.12,6.12,690600,4231815.0
2026-09-14 14:28:00,6.13,6.14,6.12,6.12,1453000,8901062.0
2026-09-14 14:29:00,6.12,6.13,6.12,6.13,401210,2455929.1957
2026-09-14 14:30:00,6.12,6.13,6.11,6.12,502100,3073250.9833
2026-09-14 14:31:00,6.12,6.13,6.11,6.12,538690,3297348.7007
2026-09-14 14:32:00,6.12,6.13,6.11,6.12,1012200,6191726.0
2026-09-14 14:33:00,6.11,6.12,6.11,6.12,771000,4716288.0
2026-09-14 14:34:00,6.11,6.13,6.11,6.13,904100,5531766.0041
2026-09-14 14:35:00,6.12,6.13,6.11,6.12,446900,2735853.0019
2026-09-14 14:36:00,6.13,6.13,6.12,6.12,455800,2790440.0002
2026-09-14 14:37:00,6.12,6.13,6.12,6.13,385800,2361300.0
2026-09-14 14:38:00,6.13,6.13,6.12,6.12,425600,2605095.0
2026-09-14 14:39:00,6.12,6.13,6.11,6.12,355600,2176326.0
2026-09-14 14:40:00,6.13,6.13,6.11,6.12,350100,2141769.0
2026-09-14 14:41:00,6.11,6.12,6.11,6.12,422300,2580915.0
2026-09-14 14:42:00,6.11,6.13,6.11,6.12,777200,4755204.0
2026-09-14 14:43:00,6.12,6.13,6.12,6.12,357600,2188718.0
2026-09-14 14:44:00,6.13,6.13,6.11,6.12,462100,2828671.0
2026-09-14 14:45:00,6.13,6.13,6.11,6.13,416200,2547465.0
2026-09-14 14:46:00,6.13,6.13,6.12,6.13,521600,3193666.0
2026-09-14 14:47:00,6.13,6.13,6.12,6.12,430400,2634411.0
2026-09-14 14:48:00,6.13,6.13,6.12,6.12,456700,2795837.0
2026-09-14 14:49:00,6.12,6.13,6.11,6.12,665000,4070383.0
2026-09-14 14:50:00,6.12,6.13,6.11,6.12,411434,2518390.0738
2026-09-14 14:51:00,6.12,6.13,6.11,6.12,417900,2557424.9961
2026-09-14 14:52:00,6.12,6.13,6.11,6.12,175500,1074096.0
2026-09-14 14:53:00,6.13,6.13,6.12,6.13,192400,1178713.0
2026-09-14 14:54:00,6.13,6.13,6.12,6.12,393700,2410736.0
2026-09-14 14:55:00,6.12,6.13,6.11,6.12,303800,1859157.0
2026-09-14 14:56:00,6.12,6.13,6.12,6.12,197500,1209807.0
2026-09-14 14:57:00,6.12,6.13,6.12,6.12,225200,1379500.0
2026-09-14 15:00:00,6.13,6.13,6.13,6.13,576600,3534558.0286
2026-09-15 09:31:00,6.11,6.13,6.11,6.12,1232100,7535561.0
2026-09-15 09:32:00,6.11,6.13,6.11,6.12,494100,3023017.0
2026-09-15 09:33:00,6.12,6.13,6.11,6.11,298500,1826968.0
2026-09-15 09:34:00,6.11,6.12,6.1,6.11,1114400,6808752.0
2026-09-15 09:35:00,6.1,6.11,6.09,6.09,1115200,6802223.0
2026-09-15 09:36:00,6.09,6.1,6.08,6.09,1306400,7954729.0
2026-09-15 09:37:00,6.09,6.1,6.08,6.09,1074600,6544205.0
2026-09-15 09:38:00,6.09,6.1,6.08,6.09,353000,2147317.0
2026-09-15 09:39:00,6.08,6.1,6.08,6.09,709000,4317480.0
2026-09-15 09:40:00,6.09,6.11,6.09,6.1,873500,5326444.0
2026-09-15 09:41:00,6.09,6.11,6.09,6.11,548800,3347733.0
2026-09-15 09:42:00,6.1,6.11,6.09,6.1,539000,3287996.0
2026-09-15 09:43:00,6.09,6.11,6.09,6.1,312100,1903720.0
2026-09-15 09:44:00,6.1,6.11,6.09,6.1,375500,2290935.0
2026-09-15 09:45:00,6.09,6.11,6.09,6.1,332700,2029519.0
2026-09-15 09:46:00,6.1,6.1,6.09,6.09,147800,901331.0
2026-09-15 09:47:00,6.09,6.1,6.09,6.09,81800,498523.0
2026-09-15 09:48:00,6.1,6.1,6.09,6.1,241300,1470023.0
2026-09-15 09:49:00,6.09,6.1,6.09,6.09,923700,5625901.0
2026-09-15 09:50:00,6.09,6.09,6.08,6.09,203400,1237640.0
2026-09-15 09:51:00,6.09,6.1,6.08,6.09,756500,4606025.0
2026-09-15 09:52:00,6.09,6.1,6.09,6.09,252400,1539355.0
2026-09-15 09:53:00,6.09,6.1,6.09,6.09,1361900,8294241.0
2026-09-15 09:54:00,6.09,6.1,6.08,6.09,191500,1166481.0
2026-09-15 09:55:00,6.08,6.09,6.08,6.09,121200,737363.0
2026-09-15 09:56:00,6.08,6.09,6.08,6.08,136000,827442.0
2026-09-15 09:57:00,6.08,6.09,6.08,6.09,180600,1098773.0
2026-09-15 09:58:00,6.09,6.09,6.08,6.08,418800,2547178.0
2026-09-15 09:59:00,6.08,6.09,6.08,6.09,159400,970338.0
2026-09-15 10:00:00,6.09,6.09,6.08,6.08,149400,909023.0
2026-09-15 10:01:00,6.09,6.09,6.08,6.09,667400,4063805.0
2026-09-15 10:02:00,6.09,6.1,6.08,6.09,509100,3100544.0
2026-09-15 10:03:00,6.09,6.1,6.08,6.08,427600,2604074.0
2026-09-15 10:04:00,6.08,6.09,6.08,6.09,185700,1130676.0
2026-09-15 10:05:00,6.08,6.09,6.08,6.09,92800,564940.0
2026-09-15 10:06:00,6.08,6.09,6.08,6.09,103700,631256.0
2026-09-15 10:07:00,6.08,6.09,6.08,6.09,72600,441775.0
2026-09-15 10:08:00,6.08,6.09,6.08,6.09,125600,764506.0
2026-09-15 10:09:00,6.08,6.09,6.08,6.08,76600,466431.0
2026-09-15 10:10:00,6.08,6.09,6.08,6.08,81400,495404.0
2026-09-15 10:11:00,6.08,6.09,6.08,6.08,161300,981396.0
2026-09-15 10:12:00,6.08,6.09,6.08,6.09,78300,476534.0
2026-09-15 10:13:00,6.08,6.09,6.08,6.09,93600,569768.0
2026-09-15 10:14:00,6.08,6.09,6.08,6.08,243900,1483502.0
2026-09-15 10:15:00,6.08,6.09,6.08,6.08,106200,646282.0
2026-09-15 10:16:00,6.08,6.09,6.06,6.07,3402300,20665215.0
2026-09-15 10:17:00,6.06,6.07,6.06,6.07,871000,5284441.0
2026-09-15 10:18:00,6.06,6.08,6.06,6.06,392600,2382795.0
2026-09-15 10:19:00,6.07,6.07,6.05,6.06,1791800,10858437.002
2026-09-15 10:20:00,6.06,6.06,6.05,6.06,234500,1420464.001
2026-09-15 10:21:00,6.06,6.06,6.05,6.06,158600,960694.0005
2026-09-15 10:22:00,6.06,6.06,6.05,6.06,379900,2300590.002
2026-09-15 10:23:00,6.06,6.06,6.05,6.06,309700,1876088.0
2026-09-15 10:24:00,6.06,6.06,6.05,6.05,268500,1626517.0005
2026-09-15 10:25:00,6.06,6.06,6.05,6.05,199900,1210571.0005
2026-09-15 10:26:00,6.05,6.07,6.05,6.06,1001371,6069849.2563
2026-09-15 10:27:00,6.07,6.07,6.06,6.06,245400,1489271.998
2026-09-15 10:28:00,6.06,6.08,6.06,6.06,1208055,7333901.8578
2026-09-15 10:29:00,6.07,6.07,6.06,6.06,144100,874394.0
2026-09-15 10:30:00,6.07,6.07,6.06,6.07,663600,4025605.0
2026-09-15 10:31:00,6.06,6.08,6.06,6.07,381700,2316898.0
2026-09-15 10:32:00,6.07,6.08,6.06,6.07,428300,2599194.0
2026-09-15 10:33:00,6.07,6.07,6.06,6.07,571200,3466883.0
2026-09-15 10:34:00,6.07,6.08,6.07,6.08,1018000,6181670.0
2026-09-15 10:35:00,6.08,6.08,6.06,6.07,1281900,7773732.0
2026-09-15 10:36:00,6.07,6.07,6.06,6.07,62100,376693.0
2026-09-15 10:37:00,6.06,6.07,6.06,6.06,102100,619499.0
2026-09-15 10:38:00,6.07,6.07,6.06,6.06,78500,476003.0
2026-09-15 10:39:00,6.07,6.07,6.06,6.07,45400,275352.0
2026-09-15 10:40:00,6.06,6.07,6.06,6.06,74200,449986.0
2026-09-15 10:41:00,6.07,6.08,6.06,6.08,415500,2521957.0
2026-09-15 10:42:00,6.07,6.08,6.06,6.07,554600,3366447.0
2026-09-15 10:43:00,6.07,6.08,6.06,6.07,249300,1513293.0
2026-09-15 10:44:00,6.07,6.08,6.06,6.08,269500,1635900.0
2026-09-15 10:45:00,6.08,6.08,6.07,6.08,48400,293893.0
2026-09-15 10:46:00,6.07,6.08,6.07,6.08,71500,434357.0
2026-09-15 10:47:00,6.07,6.08,6.07,6.07,122700,745242.0
2026-09-15 10:48:00,6.08,6.08,6.07,6.07,132600,805156.0
2026-09-15 10:49:00,6.08,6.08,6.07,6.07,150300,912717.0
2026-09-15 10:50:00,6.07,6.08,6.07,6.07,135700,823939.0
2026-09-15 10:51:00,6.07,6.08,6.06,6.07,998200,6053356.0
2026-09-15 10:52:00,6.07,6.07,6.06,6.07,113200,686312.0
2026-09-15 10:53:00,6.06,6.07,6.06,6.06,68600,416026.0
2026-09-15 10:54:00,6.06,6.07,6.06,6.06,287900,1747220.0
2026-09-15 10:55:00,6.06,6.07,6.06,6.06,61100,370646.0
2026-09-15 10:56:00,6.07,6.07,6.06,6.07,188000,1140878.0
2026-09-15 10:57:00,6.07,6.08,6.06,6.08,349200,2120722.0
2026-09-15 10:58:00,6.08,6.08,6.07,6.07,156700,952467.0
2026-09-15 10:59:00,6.08,6.08,6.07,6.07,85000,516390.0
2026-09-15 11:00:00,6.08,6.08,6.07,6.08,171200,1040554.0
2026-09-15 11:01:00,6.08,6.08,6.07,6.08,163200,992186.0
2026-09-15 11:02:00,6.07,6.08,6.07,6.08,147500,895697.0
2026-09-15 11:03:00,6.07,6.08,6.07,6.07,67900,412402.0
2026-09-15 11:04:00,6.07,6.08,6.07,6.07,140000,850793.0
2026-09-15 11:05:00,6.07,6.08,6.07,6.07,270100,1641624.0
2026-09-15 11:06:00,6.08,6.08,6.07,6.07,93010,565351.7012
2026-09-15 11:07:00,6.08,6.08,6.07,6.08,82200,499525.0015
2026-09-15 11:08:00,6.07,6.08,6.07,6.07,43900,266735.0015
2026-09-15 11:09:00,6.08,6.1,6.07,6.09,1400100,8520259.0017
2026-09-15 11:10:00,6.1,6.1,6.09,6.1,85600,521963.0
2026-09-15 11:11:00,6.1,6.1,6.09,6.09,99200,604446.0
2026-09-15 11:12:00,6.1,6.1,6.08,6.09,447000,2720741.0
2026-09-15 11:13:00,6.08,6.09,6.08,6.08,38900,236544.0
2026-09-15 11:14:00,6.08,6.09,6.08,6.09,32400,197105.0
2026-09-15 11:15:00,6.08,6.09,6.08,6.08,26300,159960.0
2026-09-15 11:16:00,6.08,6.09,6.08,6.08,29400,178778.0
2026-09-15 11:17:00,6.08,6.09,6.08,6.08,23000,139974.0
2026-09-15 11:18:00,6.08,6.09,6.07,6.07,414900,2520930.0027
2026-09-15 11:19:00,6.07,6.08,6.07,6.07,169600,1029708.0078
2026-09-15 11:20:00,6.07,6.08,6.07,6.07,222700,1352145.0547
2026-09-15 11:21:00,6.07,6.08,6.07,6.07,34700,210744.0
2026-09-15 11:22:00,6.08,6.08,6.07,6.08,278000,1687570.0564
2026-09-15 11:23:00,6.07,6.08,6.07,6.07,207600,1260217.0156
2026-09-15 11:24:00,6.08,6.08,6.07,6.07,14200,86278.0
2026-09-15 11:25:00,6.07,6.08,6.07,6.08,217900,1322771.0127
2026-09-15 11:26:00,6.07,6.08,6.07,6.07,235200,1427894.0
2026-09-15 11:27:00,6.07,6.08,6.07,6.07,12300,74713.0
2026-09-15 11:28:00,6.07,6.08,6.07,6.07,187600,1138812.0
2026-09-15 11:29:00,6.08,6.08,6.07,6.08,241500,1466609.0
2026-09-15 11:30:00,6.08,6.08,6.07,6.08,206500,1253813.0
2026-09-15 13:01:00,6.07,6.08,6.06,6.06,471800,2861342.0
2026-09-15 13:02:00,6.06,6.07,6.06,6.07,86400,524251.0
2026-09-15 13:03:00,6.06,6.07,6.06,6.06,233500,1415686.0
2026-09-15 13:04:00,6.06,6.07,6.06,6.06,210300,1274477.0
2026-09-15 13:05:00,6.07,6.07,6.06,6.06,230200,1395089.0
2026-09-15 13:06:00,6.07,6.07,6.06,6.06,134000,812122.0
2026-09-15 13:07:00,6.07,6.07,6.05,6.06,1592600,9648021.0
2026-09-15 13:08:00,6.05,6.07,6.05,6.06,531400,3220376.0
2026-09-15 13:09:00,6.06,6.07,6.06,6.06,94500,572728.0
2026-09-15 13:10:00,6.06,6.07,6.06,6.06,125000,758062.0
2026-09-15 13:11:00,6.06,6.07,6.06,6.06,181300,1098735.0
2026-09-15 13:12:00,6.06,6.07,6.06,6.06,218600,1324784.0
2026-09-15 13:13:00,6.06,6.07,6.06,6.06,225800,1368685.0
2026-09-15 13:14:00,6.07,6.07,6.06,6.06,36000,218200.0
2026-09-15 13:15:00,6.06,6.07,6.05,6.05,406500,2463253.0
2026-09-15 13:16:00,6.05,6.06,6.05,6.05,615400,3723329.0034
2026-09-15 13:17:00,6.05,6.06,6.05,6.05,101800,616313.0024
2026-09-15 13:18:00,6.05,6.06,6.05,6.05,376700,2279145.0
2026-09-15 13:19:00,6.05,6.06,6.05,6.05,251200,1519853.0
2026-09-15 13:20:00,6.05,6.06,6.05,6.05,55300,334680.0005
2026-09-15 13:21:00,6.05,6.06,6.05,6.05,276700,1674854.0
2026-09-15 13:22:00,6.06,6.06,6.05,6.05,259000,1567158.0
2026-09-15 13:23:00,6.05,6.06,6.05,6.06,287100,1737724.0
2026-09-15 13:24:00,6.05,6.06,6.05,6.05,221000,1337534.0005
2026-09-15 13:25:00,6.05,6.06,6.05,6.05,114800,694764.0005
2026-09-15 13:26:00,6.05,6.06,6.05,6.05,372300,2252750.0015
2026-09-15 13:27:00,6.06,6.06,6.05,6.06,239900,1451593.001
2026-09-15 13:28:00,6.05,6.06,6.05,6.05,329400,1995229.0024
2026-09-15 13:29:00,6.06,6.06,6.05,6.05,276400,1672798.0029
2026-09-15 13:30:00,6.05,6.06,6.05,6.05,325900,1972491.0005
2026-09-15 13:31:00,6.05,6.06,6.05,6.05,421900,2553160.0024
2026-09-15 13:32:00,6.05,6.06,6.04,6.05,1793900,10852218.0142
2026-09-15 13:33:00,6.05,6.06,6.04,6.04,418800,2533276.0188
2026-09-15 13:34:00,6.05,6.06,6.04,6.05,211300,1278540.0029
2026-09-15 13:35:00,6.05,6.06,6.05,6.06,60900,368712.0
2026-09-15 13:36:00,6.06,6.06,6.04,6.04,475800,2878784.0005
2026-09-15 13:37:00,6.05,6.06,6.04,6.05,213600,1292228.0005
2026-09-15 13:38:00,6.06,6.06,6.04,6.06,207700,1256719.0005
2026-09-15 13:39:00,6.05,6.06,6.04,6.05,268800,1626353.002
2026-09-15 13:40:00,6.05,6.06,6.04,6.04,185600,1122544.0029
2026-09-15 13:41:00,6.04,6.05,6.04,6.05,221800,1340045.0005
2026-09-15 13:42:00,6.04,6.06,6.04,6.05,582700,3525201.0059
2026-09-15 13:43:00,6.05,6.06,6.05,6.05,61700,373437.001
2026-09-15 13:44:00,6.05,6.06,6.05,6.05,135500,819896.0063
2026-09-15 13:45:00,6.06,6.06,6.05,6.05,82100,496810.0015
2026-09-15 13:46:00,6.05,6.06,6.05,6.05,163100,986853.0044
2026-09-15 13:47:00,6.05,6.06,6.05,6.05,184100,1113874.002
2026-09-15 13:48:00,6.06,6.06,6.05,6.06,205000,1240368.0049
2026-09-15 13:49:00,6.05,6.06,6.04,6.05,409000,2474202.0044
2026-09-15 13:50:00,6.05,6.05,6.04,6.04,98500,595754.001
2026-09-15 13:51:00,6.04,6.05,6.04,6.05,226800,1370047.0024
2026-09-15 13:52:00,6.04,6.05,6.04,6.05,262200,1584151.001
2026-09-15 13:53:00,6.04,6.05,6.04,6.05,63700,385049.0
2026-09-15 13:54:00,6.04,6.05,6.04,6.05,212600,1284380.0029
2026-09-15 13:55:00,6.05,6.05,6.04,6.05,103500,626052.0024
2026-09-15 13:56:00,6.04,6.05,6.04,6.04,290500,1755089.0034
2026-09-15 13:57:00,6.04,6.05,6.04,6.04,129000,779816.0024
2026-09-15 13:58:00,6.04,6.05,6.04,6.04,336900,2035251.0005
2026-09-15 13:59:00,6.04,6.05,6.04,6.04,314700,1901217.0015
2026-09-15 14:00:00,6.04,6.05,6.04,6.04,392800,2373428.001
2026-09-15 14:01:00,6.04,6.05,6.03,6.03,1883800,11377230.015
2026-09-15 14:02:00,6.04,6.04,6.03,6.03,115600,697426.0072
2026-09-15 14:03:00,6.03,6.04,6.03,6.03,169700,1023335.0116
2026-09-15 14:04:00,6.03,6.04,6.03,6.03,124900,753310.0162
2026-09-15 14:05:00,6.03,6.04,6.03,6.03,362200,2184493.0382
2026-09-15 14:06:00,6.03,6.04,6.03,6.03,292500,1764508.0413
2026-09-15 14:07:00,6.03,6.04,6.03,6.03,351900,2122393.0313
2026-09-15 14:08:00,6.03,6.04,6.03,6.03,212900,1284012.0171
2026-09-15 14:09:00,6.03,6.04,6.03,6.03,535000,3226465.0823
2026-09-15 14:10:00,6.04,6.04,6.03,6.03,294400,1775400.0348
2026-09-15 14:11:00,6.03,6.04,6.03,6.03,174900,1054791.0143
2026-09-15 14:12:00,6.03,6.04,6.02,6.03,873100,5262455.0444
2026-09-15 14:13:00,6.03,6.04,6.02,6.03,692000,4172420.1564
2026-09-15 14:14:00,6.03,6.04,6.03,6.03,134500,811281.0153
2026-09-15 14:15:00,6.03,6.04,6.03,6.03,118100,712421.0065
2026-09-15 14:16:00,6.04,6.04,6.03,6.03,137100,827355.0056
2026-09-15 14:17:00,6.04,6.04,6.03,6.03,311700,1880414.014
2026-09-15 14:18:00,6.03,6.04,6.03,6.04,298800,1802144.069
2026-09-15 14:19:00,6.03,6.04,6.03,6.03,167900,1012789.0074
2026-09-15 14:20:00,6.03,6.04,6.03,6.03,375500,2264412.0266
2026-09-15 14:21:00,6.03,6.04,6.03,6.03,458900,2767371.0319
2026-09-15 14:22:00,6.03,6.04,6.02,6.03,259300,1563658.0115
2026-09-15 14:23:00,6.03,6.04,6.02,6.03,773400,4661563.1144
2026-09-15 14:24:00,6.03,6.04,6.03,6.03,119200,718939.0067
2026-09-15 14:25:00,6.03,6.04,6.03,6.03,160900,970623.0118
2026-09-15 14:26:00,6.04,6.04,6.03,6.04,164700,993450.0188
2026-09-15 14:27:00,6.03,6.04,6.02,6.03,394900,2379181.0144
2026-09-15 14:28:00,6.02,6.03,6.02,6.02,91400,550496.0027
2026-09-15 14:29:00,6.02,6.03,6.02,6.02,212000,1276743.0035
2026-09-15 14:30:00,6.03,6.03,6.02,6.02,284000,1710501.0022
2026-09-15 14:31:00,6.02,6.03,6.02,6.02,315300,1898412.0049
2026-09-15 14:32:00,6.03,6.03,6.02,6.02,436400,2627556.0027
2026-09-15 14:33:00,6.02,6.03,6.01,6.02,1300600,7829724.0033
2026-09-15 14:34:00,6.02,6.03,6.01,6.02,441900,2660325.0001
2026-09-15 14:35:00,6.02,6.03,6.02,6.03,314000,1890402.0009
2026-09-15 14:36:00,6.02,6.03,6.01,6.02,559200,3366780.0074
2026-09-15 14:37:00,6.03,6.03,6.01,6.03,298700,1798365.0078
2026-09-15 14:38:00,6.02,6.03,6.01,6.02,811600,4885607.0051
2026-09-15 14:39:00,6.02,6.03,6.01,6.02,517000,3112397.0061
2026-09-15 14:40:00,6.02,6.03,6.02,6.02,207700,1250624.0022
2026-09-15 14:41:00,6.02,6.03,6.02,6.02,475800,2864953.0018
2026-09-15 14:42:00,6.03,6.03,6.02,6.02,361400,2175942.004
2026-09-15 14:43:00,6.02,6.03,6.02,6.03,233800,1407932.0066
2026-09-15 14:44:00,6.03,6.03,6.02,6.02,444800,2678417.0068
2026-09-15 14:45:00,6.03,6.03,6.02,6.03,406200,2445810.0021
2026-09-15 14:46:00,6.03,6.03,6.01,6.03,1131015,6809148.3019
2026-09-15 14:47:00,6.02,6.03,6.01,6.02,578500,3483055.0048
2026-09-15 14:48:00,6.02,6.03,6.02,6.02,276900,1667295.0061
2026-09-15 14:49:00,6.02,6.03,6.02,6.02,543300,3271610.0062
2026-09-15 14:50:00,6.02,6.03,6.02,6.02,353129,2126345.5817
2026-09-15 14:51:00,6.03,6.03,6.02,6.02,186700,1124258.0046
2026-09-15 14:52:00,6.02,6.03,6.01,6.02,814071,4902433.1411
2026-09-15 14:53:00,6.02,6.03,6.01,6.02,863700,5200299.0223
2026-09-15 14:54:00,6.03,6.03,6.02,6.02,454600,2738358.0193
2026-09-15 14:55:00,6.02,6.03,6.02,6.02,312300,1880750.004
2026-09-15 14:56:00,6.02,6.03,6.02,6.03,374900,2257873.0105
2026-09-15 14:57:00,6.02,6.03,6.02,6.03,733245,4416823.9442
2026-09-15 15:00:00,6.03,6.03,6.03,6.03,490000,2954700.0717
2026-09-16 09:31:00,6.03,6.03,6.02,6.03,980700,5909476.0427
2026-09-16 09:32:00,6.03,6.04,6.02,6.03,514130,3101592.6238
2026-09-16 09:33:00,6.03,6.03,6.01,6.01,1124770,6769639.4978
2026-09-16 09:34:00,6.01,6.02,6.0,6.01,741600,4451830.0206
2026-09-16 09:35:00,6.01,6.01,6.0,6.0,682600,4096124.0078
2026-09-16 09:36:00,6.0,6.01,5.99,6.01,776200,4657435.0028
2026-09-16 09:37:00,6.01,6.01,6.0,6.0,1611800,9671511.0115
2026-09-16 09:38:00,6.01,6.01,6.0,6.01,571300,3428128.0038
2026-09-16 09:39:00,6.01,6.01,6.0,6.0,380400,2282590.0007
2026-09-16 09:40:00,6.0,6.0,5.99,6.0,273600,1641272.999
2026-09-16 09:41:00,5.99,6.0,5.99,5.99,308400,1849119.9808
2026-09-16 09:42:00,6.0,6.0,5.99,6.0,187100,1122058.993
2026-09-16 09:43:00,6.0,6.0,5.98,5.99,1666000,9979712.7714
2026-09-16 09:44:00,5.98,6.0,5.98,5.99,1589900,9518417.7927
2026-09-16 09:45:00,5.99,6.0,5.98,5.99,698400,4184540.9525
2026-09-16 09:46:00,6.0,6.0,5.98,5.98,479900,2874559.946
2026-09-16 09:47:00,5.98,5.99,5.98,5.99,144300,863854.9858
2026-09-16 09:48:00,5.98,5.99,5.97,5.98,1927300,11526608.9727
2026-09-16 09:49:00,5.98,6.0,5.98,5.99,434900,2604851.9581
2026-09-16 09:50:00,5.98,5.99,5.97,5.98,819800,4902318.9591
2026-09-16 09:51:00,5.97,5.98,5.97,5.97,1068300,6379198.8929
2026-09-16 09:52:00,5.97,5.98,5.95,5.95,2483000,14793834.9487
2026-09-16 09:53:00,5.96,5.96,5.94,5.95,2221900,13223666.9863
2026-09-16 09:54:00,5.95,5.95,5.94,5.94,614600,3652831.9941
2026-09-16 09:55:00,5.94,5.95,5.94,5.94,540500,3211887.9932
2026-09-16 09:56:00,5.95,5.96,5.94,5.95,501100,2981503.9893
2026-09-16 09:57:00,5.95,5.96,5.94,5.95,2188600,13021992.9502
2026-09-16 09:58:00,5.95,5.95,5.94,5.95,138200,821645.9985
2026-09-16 09:59:00,5.95,5.95,5.94,5.95,2344500,13943198.9717
2026-09-16 10:00:00,5.94,5.95,5.93,5.94,3216800,19102434.999
2026-09-16 10:01:00,5.93,5.94,5.93,5.93,267300,1586145.0
2026-09-16 10:02:00,5.93,5.94,5.92,5.93,1902200,11279904.0
2026-09-16 10:03:00,5.94,5.94,5.92,5.93,3942300,23369819.0
2026-09-16 10:04:00,5.94,5.95,5.93,5.93,2067900,12276165.999
2026-09-16 10:05:00,5.94,5.94,5.93,5.93,359400,2131494.0
2026-09-16 10:06:00,5.93,5.94,5.92,5.93,2032100,12046505.0
2026-09-16 10:07:00,5.93,5.93,5.92,5.93,496200,2938413.0
2026-09-16 10:08:00,5.93,5.93,5.92,5.92,541700,3207428.0
2026-09-16 10:09:00,5.93,5.93,5.92,5.93,756000,4476475.0
2026-09-16 10:10:00,5.93,5.94,5.92,5.94,2079800,12333624.0
2026-09-16 10:11:00,5.93,5.94,5.92,5.92,1587000,9407537.0
2026-09-16 10:12:00,5.93,5.93,5.91,5.93,4114000,24361344.0
2026-09-16 10:13:00,5.92,5.94,5.92,5.94,879100,5211969.0
2026-09-16 10:14:00,5.94,5.94,5.93,5.94,127600,757063.0
2026-09-16 10:15:00,5.93,5.94,5.93,5.93,315200,1871457.0
2026-09-16 10:16:00,5.93,5.95,5.93,5.94,633200,3761582.9995
2026-09-16 10:17:00,5.94,5.95,5.93,5.93,291900,1733729.0
2026-09-16 10:18:00,5.93,5.95,5.93,5.95,430600,2559913.9985
2026-09-16 10:19:00,5.95,5.95,5.94,5.95,357500,2126825.9849
2026-09-16 10:20:00,5.95,5.95,5.92,5.92,1661700,9866895.9531
2026-09-16 10:21:00,5.93,5.93,5.92,5.92,92800,549937.0
2026-09-16 10:22:00,5.92,5.93,5.92,5.92,74100,439036.0
2026-09-16 10:23:00,5.93,5.93,5.92,5.92,197300,1169731.0
2026-09-16 10:24:00,5.92,5.92,5.91,5.91,1162200,6879531.0
2026-09-16 10:25:00,5.91,5.92,5.91,5.92,209900,1242080.0
2026-09-16 10:26:00,5.92,5.92,5.91,5.91,251300,1486750.0
2026-09-16 10:27:00,5.92,5.92,5.91,5.92,256300,1516589.0
2026-09-16 10:28:00,5.91,5.92,5.91,5.91,165500,978504.0
2026-09-16 10:29:00,5.92,5.92,5.91,5.92,191600,1133265.0
2026-09-16 10:30:00,5.92,5.92,5.91,5.92,384400,2273219.0
2026-09-16 10:31:00,5.92,5.92,5.91,5.92,223300,1320526.0
2026-09-16 10:32:00,5.91,5.93,5.91,5.92,1918000,11352771.0
2026-09-16 10:33:00,5.92,5.93,5.91,5.92,522200,3090625.0
2026-09-16 10:34:00,5.92,5.93,5.91,5.92,388700,2300720.0
2026-09-16 10:35:00,5.92,5.93,5.91,5.92,316500,1873500.0
2026-09-16 10:36:00,5.92,5.93,5.91,5.92,1276800,7562553.0
2026-09-16 10:37:00,5.93,5.93,5.92,5.93,120900,716478.0
2026-09-16 10:38:00,5.93,5.93,5.92,5.92,136800,810944.0
2026-09-16 10:39:00,5.92,5.93,5.92,5.93,142700,845795.0
2026-09-16 10:40:00,5.92,5.93,5.92,5.93,192400,1139473.0
2026-09-16 10:41:00,5.92,5.93,5.92,5.93,160600,952098.0
2026-09-16 10:42:00,5.93,5.93,5.92,5.92,90300,535007.0
2026-09-16 10:43:00,5.92,5.93,5.92,5.93,211600,1254064.0
2026-09-16 10:44:00,5.93,5.94,5.92,5.93,1376200,8160378.0
2026-09-16 10:45:00,5.94,5.94,5.93,5.93,904200,5362097.0
2026-09-16 10:46:00,5.93,5.94,5.93,5.94,174800,1037639.0
2026-09-16 10:47:00,5.94,5.94,5.93,5.94,80400,477406.0
2026-09-16 10:48:00,5.94,5.94,5.93,5.94,306600,1818947.0
2026-09-16 10:49:00,5.93,5.94,5.93,5.93,357900,2122784.0
2026-09-16 10:50:00,5.93,5.94,5.93,5.93,64600,383182.0
2026-09-16 10:51:00,5.93,5.93,5.92,5.93,979800,5809757.0
2026-09-16 10:52:00,5.93,5.94,5.92,5.94,510700,3030850.0
2026-09-16 10:53:00,5.94,5.94,5.93,5.93,144200,856355.0
2026-09-16 10:54:00,5.93,5.94,5.93,5.93,74600,442651.0
2026-09-16 10:55:00,5.93,5.94,5.93,5.93,325000,1928156.0
2026-09-16 10:56:00,5.94,5.94,5.93,5.93,103800,616095.0
2026-09-16 10:57:00,5.93,5.94,5.93,5.94,96600,573095.0
2026-09-16 10:58:00,5.93,5.94,5.93,5.93,623400,3698876.0
2026-09-16 10:59:00,5.94,5.94,5.93,5.94,130200,772610.0
2026-09-16 11:00:00,5.93,5.94,5.92,5.93,456100,2702887.0
2026-09-16 11:01:00,5.93,5.94,5.92,5.93,478210,2835454.3
2026-09-16 11:02:00,5.93,5.94,5.93,5.93,186800,1108112.9897
2026-09-16 11:03:00,5.94,5.94,5.92,5.92,477790,2832948.692
2026-09-16 11:04:00,5.92,5.93,5.92,5.93,146500,868237.0
2026-09-16 11:05:00,5.92,5.93,5.92,5.92,2306700,13656266.0
2026-09-16 11:06:00,5.92,5.93,5.92,5.92,1035100,6131234.0
2026-09-16 11:07:00,5.93,5.93,5.92,5.93,414600,2455840.0
2026-09-16 11:08:00,5.93,5.93,5.91,5.92,2819800,16671115.0
2026-09-16 11:09:00,5.92,5.93,5.91,5.93,1256600,7441205.0
2026-09-16 11:10:00,5.92,5.93,5.92,5.92,122800,727653.0
2026-09-16 11:11:00,5.92,5.93,5.92,5.92,207300,1227828.0
2026-09-16 11:12:00,5.92,5.93,5.92,5.92,217900,1290744.0
2026-09-16 11:13:00,5.92,5.93,5.92,5.92,113400,671591.0
2026-09-16 11:14:00,5.92,5.93,5.92,5.93,135900,805071.0
2026-09-16 11:15:00,5.92,5.93,5.92,5.93,208400,1235101.0
2026-09-16 11:16:00,5.92,5.93,5.92,5.92,124700,738656.0
2026-09-16 11:17:00,5.92,5.93,5.92,5.92,151200,895718.0
2026-09-16 11:18:00,5.93,5.93,5.92,5.92,230500,1365239.0
2026-09-16 11:19:00,5.92,5.93,5.92,5.92,192600,1140899.0
2026-09-16 11:20:00,5.92,5.93,5.92,5.92,125700,744671.0
2026-09-16 11:21:00,5.92,5.93,5.92,5.93,175000,1036542.0
2026-09-16 11:22:00,5.92,5.93,5.92,5.93,2080200,12318906.0
2026-09-16 11:23:00,5.93,5.93,5.92,5.92,529200,3133995.0
2026-09-16 11:24:00,5.92,5.93,5.92,5.92,210400,1246698.0
2026-09-16 11:25:00,5.92,5.93,5.92,5.92,161100,954495.0
2026-09-16 11:26:00,5.93,5.93,5.92,5.93,1313600,7778858.0
2026-09-16 11:27:00,5.93,5.94,5.92,5.94,2405100,14264823.0
2026-09-16 11:28:00,5.93,5.94,5.93,5.93,125400,744185.0
2026-09-16 11:29:00,5.93,5.94,5.93,5.93,88100,522784.0
2026-09-16 11:30:00,5.93,5.94,5.93,5.93,234600,1391494.0
2026-09-16 13:01:00,5.93,5.94,5.92,5.92,973800,5774827.0
2026-09-16 13:02:00,5.93,5.94,5.92,5.94,2320000,13758046.0
2026-09-16 13:03:00,5.94,5.94,5.93,5.94,129300,767757.0
2026-09-16 13:04:00,5.93,5.94,5.93,5.93,442100,2622878.0
2026-09-16 13:05:00,5.94,5.94,5.93,5.94,82700,490716.0
2026-09-16 13:06:00,5.94,5.94,5.93,5.94,246300,1461203.0
2026-09-16 13:07:00,5.94,5.94,5.93,5.94,108900,646225.0
2026-09-16 13:08:00,5.93,5.94,5.93,5.94,234600,1392034.0
2026-09-16 13:09:00,5.94,5.94,5.93,5.93,149700,888285.0
2026-09-16 13:10:00,5.93,5.94,5.93,5.94,86600,513948.0
2026-09-16 13:11:00,5.93,5.94,5.93,5.94,174800,1037290.0
2026-09-16 13:12:00,5.93,5.94,5.93,5.94,135100,801650.0
2026-09-16 13:13:00,5.94,5.95,5.93,5.95,1908200,11335360.999
2026-09-16 13:14:00,5.94,5.96,5.94,5.95,1370700,8157120.979
2026-09-16 13:15:00,5.96,5.96,5.95,5.96,525300,3130573.0
2026-09-16 13:16:00,5.96,5.97,5.95,5.96,1169700,6971312.9998
2026-09-16 13:17:00,5.96,5.96,5.95,5.96,657500,3918692.0
2026-09-16 13:18:00,5.96,5.96,5.95,5.95,43500,259011.0
2026-09-16 13:19:00,5.96,5.96,5.95,5.96,42800,254750.0
2026-09-16 13:20:00,5.96,5.96,5.95,5.96,42900,255376.9985
2026-09-16 13:21:00,5.96,5.96,5.95,5.96,55600,331043.0
2026-09-16 13:22:00,5.96,5.96,5.94,5.95,891400,5303885.9771
2026-09-16 13:23:00,5.96,5.96,5.95,5.95,78700,468348.0
2026-09-16 13:24:00,5.96,5.96,5.95,5.95,142300,846801.9961
2026-09-16 13:25:00,5.96,5.96,5.94,5.95,357300,2125963.9893
2026-09-16 13:26:00,5.95,5.96,5.94,5.95,412400,2453390.9722
2026-09-16 13:27:00,5.96,5.96,5.95,5.96,36100,214988.999
2026-09-16 13:28:00,5.96,5.96,5.95,5.96,172900,1030200.998
2026-09-16 13:29:00,5.96,5.96,5.95,5.95,138800,826458.9976
2026-09-16 13:30:00,5.95,5.96,5.95,5.95,172700,1027654.9941
2026-09-16 13:31:00,5.95,5.96,5.95,5.95,70600,420121.9961
2026-09-16 13:32:00,5.96,5.96,5.95,5.96,49100,292215.9995
2026-09-16 13:33:00,5.95,5.96,5.95,5.95,69900,416123.999
2026-09-16 13:34:00,5.95,5.96,5.95,5.96,54800,326326.9966
2026-09-16 13:35:00,5.95,5.96,5.95,5.95,53400,317839.0
2026-09-16 13:36:00,5.96,5.96,5.95,5.96,287500,1711012.9961
2026-09-16 13:37:00,5.96,5.97,5.95,5.97,1039200,6193364.9988
2026-09-16 13:38:00,5.97,5.97,5.96,5.97,41800,249443.9962
2026-09-16 13:39:00,5.96,5.97,5.96,5.96,49100,292915.9977
2026-09-16 13:40:00,5.97,5.97,5.96,5.97,50500,301254.9979
2026-09-16 13:41:00,5.97,5.97,5.96,5.96,487000,2902709.9989
2026-09-16 13:42:00,5.97,5.97,5.96,5.96,107400,640233.9996
2026-09-16 13:43:00,5.97,5.97,5.96,5.96,55300,329679.9994
2026-09-16 13:44:00,5.97,5.97,5.95,5.96,4264700,25381349.6741
2026-09-16 13:45:00,5.96,5.96,5.95,5.95,23800,141641.999
2026-09-16 13:46:00,5.96,5.97,5.95,5.96,671700,4003322.9989
2026-09-16 13:47:00,5.97,5.97,5.96,5.97,40700,242665.9998
2026-09-16 13:48:00,5.97,5.97,5.96,5.96,105000,625959.9994
2026-09-16 13:49:00,5.97,5.97,5.96,5.96,119600,712898.9998
2026-09-16 13:50:00,5.97,5.97,5.96,5.97,148800,886862.9999
2026-09-16 13:51:00,5.96,5.97,5.96,5.96,350500,2091690.9705
2026-09-16 13:52:00,5.97,5.97,5.96,5.96,50500,301259.9979
2026-09-16 13:53:00,5.97,5.97,5.96,5.97,65700,391837.9979
2026-09-16 13:54:00,5.96,5.97,5.96,5.96,55200,329089.9994
2026-09-16 13:55:00,5.96,5.97,5.96,5.96,89800,535859.9957
2026-09-16 13:56:00,5.96,5.97,5.96,5.96,322300,1921653.9928
2026-09-16 13:57:00,5.97,5.97,5.96,5.97,162400,968468.9885
2026-09-16 13:58:00,5.96,5.98,5.96,5.98,1283600,7664998.8795
2026-09-16 13:59:00,5.98,5.98,5.97,5.98,136800,816963.9934
2026-09-16 14:00:00,5.97,5.98,5.96,5.97,634500,3787746.9475
2026-09-16 14:01:00,5.97,5.98,5.96,5.97,659200,3936767.9501
2026-09-16 14:02:00,5.98,5.98,5.97,5.98,147500,881534.9945
2026-09-16 14:03:00,5.98,5.98,5.97,5.97,402600,2407366.999
2026-09-16 14:04:00,5.98,5.98,5.97,5.98,16100,96227.9993
2026-09-16 14:05:00,5.98,5.98,5.96,5.96,930300,5553633.9016
2026-09-16 14:06:00,5.97,5.97,5.96,5.96,78700,469775.9943
2026-09-16 14:07:00,5.97,5.97,5.96,5.96,57400,342474.9984
2026-09-16 14:08:00,5.96,5.97,5.96,5.96,382100,2280786.9636
2026-09-16 14:09:00,5.96,5.98,5.96,5.97,365400,2181381.9639
2026-09-16 14:10:00,5.97,5.98,5.97,5.97,141200,843824.994
2026-09-16 14:11:00,5.98,5.98,5.97,5.97,142800,853713.9984
2026-09-16 14:12:00,5.97,5.98,5.96,5.96,609000,3636035.9407
2026-09-16 14:13:00,5.97,5.97,5.96,5.97,62200,371199.9929
2026-09-16 14:14:00,5.97,5.97,5.96,5.96,46500,277323.9987
2026-09-16 14:15:00,5.96,5.97,5.96,5.96,369300,2201388.9954
2026-09-16 14:16:00,5.96,5.97,5.96,5.96,87300,520789.9955
2026-09-16 14:17:00,5.96,5.97,5.96,5.97,105800,631476.9972
2026-09-16 14:18:00,5.96,5.97,5.96,5.96,164000,978863.9951
2026-09-16 14:19:00,5.97,5.98,5.96,5.97,811400,4844343.9249
2026-09-16 14:20:00,5.98,5.98,5.96,5.97,691100,4125800.9303
2026-09-16 14:21:00,5.97,5.98,5.96,5.98,528000,3153153.9907
2026-09-16 14:22:00,5.98,5.98,5.97,5.98,322300,1927120.995
2026-09-16 14:23:00,5.98,5.98,5.97,5.98,227600,1359697.9918
2026-09-16 14:24:00,5.98,5.98,5.96,5.96,822500,4910131.9468
2026-09-16 14:25:00,5.96,5.97,5.96,5.96,70500,420353.9982
2026-09-16 14:26:00,5.96,5.97,5.96,5.97,82800,493898.0
2026-09-16 14:27:00,5.96,5.97,5.96,5.97,77900,464499.9985
2026-09-16 14:28:00,5.97,5.97,5.96,5.97,127800,762263.993
2026-09-16 14:29:00,5.97,5.97,5.96,5.97,88100,525395.9977
2026-09-16 14:30:00,5.96,5.98,5.96,5.98,1488101,8884537.7554
2026-09-16 14:31:00,5.97,5.98,5.97,5.98,194300,1160862.9926
2026-09-16 14:32:00,5.97,5.98,5.97,5.98,139400,832628.9952
2026-09-16 14:33:00,5.98,5.98,5.97,5.98,204800,1222852.9963
2026-09-16 14:34:00,5.97,5.98,5.96,5.97,964900,5760656.9391
2026-09-16 14:35:00,5.98,5.98,5.97,5.97,222100,1326212.9954
2026-09-16 14:36:00,5.97,5.98,5.97,5.97,114700,684846.9922
2026-09-16 14:37:00,5.97,5.98,5.97,5.97,214300,1279460.9813
2026-09-16 14:38:00,5.97,5.98,5.97,5.98,138300,826162.9923
2026-09-16 14:39:00,5.97,5.98,5.97,5.97,138200,825340.9872
2026-09-16 14:40:00,5.97,5.98,5.97,5.98,102800,613962.9908
2026-09-16 14:41:00,5.98,5.98,5.97,5.98,101320,605089.3878
2026-09-16 14:42:00,5.97,5.98,5.97,5.97,497800,2972077.9266
2026-09-16 14:43:00,5.97,5.98,5.97,5.98,170100,1016227.9861
2026-09-16 14:44:00,5.97,5.98,5.97,5.98,406900,2432245.9901
2026-09-16 14:45:00,5.98,5.98,5.97,5.97,161000,961894.9952
2026-09-16 14:46:00,5.98,5.98,5.97,5.97,120600,720406.9926
2026-09-16 14:47:00,5.97,5.98,5.97,5.98,175600,1049090.9946
2026-09-16 14:48:00,5.98,5.98,5.97,5.98,481700,2876679.9686
2026-09-16 14:49:00,5.97,5.98,5.96,5.98,1049900,6267975.9047
2026-09-16 14:50:00,5.97,5.97,5.96,5.97,178900,1067478.9926
2026-09-16 14:51:00,5.97,5.98,5.96,5.98,2299470,13727695.5222
2026-09-16 14:52:00,5.97,5.98,5.96,5.96,452000,2697911.9701
2026-09-16 14:53:00,5.97,5.97,5.96,5.97,343100,2047758.9686
2026-09-16 14:54:00,5.97,5.97,5.96,5.97,230600,1376334.984
2026-09-16 14:55:00,5.96,5.97,5.96,5.97,239660,1430025.5812
2026-09-16 14:56:00,5.97,5.97,5.96,5.97,921600,5500916.9331
2026-09-16 14:57:00,5.96,5.98,5.96,5.98,576900,3445673.9712
2026-09-16 15:00:00,5.96,5.96,5.96,5.96,1823900,10870444.0
2026-09-17 09:31:00,5.95,5.98,5.93,5.97,5205700,30988214.8811
2026-09-17 09:32:00,5.97,5.98,5.96,5.98,528525,3156197.9843
2026-09-17 09:33:00,5.98,5.99,5.97,5.98,623700,3730906.979
2026-09-17 09:34:00,5.99,5.99,5.97,5.98,590000,3529798.9702
2026-09-17 09:35:00,5.98,6.01,5.97,5.99,2242900,13439634.8384
2026-09-17 09:36:00,6.0,6.0,5.98,5.99,1232500,7384248.8446
2026-09-17 09:37:00,6.0,6.0,5.99,5.99,299930,1797475.6774
2026-09-17 09:38:00,6.0,6.0,5.99,6.0,514900,3085182.937
2026-09-17 09:39:00,6.0,6.0,5.99,6.0,164000,983433.9933
2026-09-17 09:40:00,6.0,6.0,5.99,5.99,609400,3655459.9796
2026-09-17 09:41:00,6.0,6.0,5.99,6.0,149300,895133.9872
2026-09-17 09:42:00,6.0,6.0,5.99,6.0,295700,1772746.9778
2026-09-17 09:43:00,6.0,6.0,5.98,5.98,1110570,6648447.1657
2026-09-17 09:44:00,5.98,5.99,5.97,5.98,1571700,9400351.9583
2026-09-17 09:45:00,5.99,5.99,5.98,5.99,650600,3892147.9757
2026-09-17 09:46:00,5.99,5.99,5.96,5.97,1071100,6397158.9153
2026-09-17 09:47:00,5.97,5.98,5.96,5.98,659700,3938086.9839
2026-09-17 09:48:00,5.98,5.99,5.97,5.98,747800,4471607.9924
2026-09-17 09:49:00,5.99,5.99,5.98,5.98,291800,1746136.9865
2026-09-17 09:50:00,5.98,5.99,5.98,5.98,428900,2565047.999
2026-09-17 09:51:00,5.98,5.99,5.98,5.99,207100,1238781.9968
2026-09-17 09:52:00,5.99,5.99,5.97,5.98,635000,3796863.9924
2026-09-17 09:53:00,5.97,5.98,5.96,5.97,614600,3669352.9546
2026-09-17 09:54:00,5.97,5.97,5.96,5.96,81700,487259.9968
2026-09-17 09:55:00,5.97,5.97,5.96,5.96,130700,779324.9954
2026-09-17 09:56:00,5.97,5.97,5.96,5.97,94700,564934.9969
2026-09-17 09:57:00,5.97,5.97,5.96,5.97,143200,854013.9945
2026-09-17 09:58:00,5.97,5.97,5.96,5.97,83800,499889.9956
2026-09-17 09:59:00,5.97,5.97,5.96,5.97,149500,891428.9977
2026-09-17 10:00:00,5.97,5.97,5.96,5.96,125600,749327.9957
2026-09-17 10:01:00,5.96,5.97,5.95,5.96,1156500,6892557.9951
2026-09-17 10:02:00,5.96,5.97,5.95,5.95,339500,2021981.9994
2026-09-17 10:03:00,5.95,5.96,5.95,5.95,145900,868455.9971
2026-09-17 10:04:00,5.95,5.96,5.95,5.96,892100,5309237.9897
2026-09-17 10:05:00,5.95,5.97,5.95,5.97,698000,4159944.9962
2026-09-17 10:06:00,5.96,5.97,5.96,5.97,151900,905504.9973
2026-09-17 10:07:00,5.97,5.97,5.96,5.97,253500,1511282.9965
2026-09-17 10:08:00,5.96,5.97,5.96,5.96,208200,1241147.999
2026-09-17 10:09:00,5.97,5.97,5.96,5.96,294300,1754239.9971
2026-09-17 10:10:00,5.96,5.97,5.95,5.96,238000,1418558.998
2026-09-17 10:11:00,5.96,5.97,5.95,5.96,200200,1193013.998
2026-09-17 10:12:00,5.97,5.97,5.96,5.97,127500,760133.0
2026-09-17 10:13:00,5.96,5.97,5.96,5.96,157500,939002.9974
2026-09-17 10:14:00,5.96,5.97,5.95,5.97,197400,1177145.9922
2026-09-17 10:15:00,5.97,5.97,5.96,5.97,647600,3862424.9878
2026-09-17 10:16:00,5.97,5.98,5.96,5.97,2678700,15991857.7029
2026-09-17 10:17:00,5.97,5.98,5.97,5.97,127500,762345.9987
2026-09-17 10:18:00,5.98,5.98,5.97,5.98,55400,331120.998
2026-09-17 10:19:00,5.97,5.98,5.96,5.97,558500,3334334.9114
2026-09-17 10:20:00,5.97,5.97,5.96,5.97,281600,1678572.999
2026-09-17 10:21:00,5.97,5.97,5.96,5.97,244200,1455886.9963
2026-09-17 10:22:00,5.97,5.97,5.96,5.97,108200,645247.9982
2026-09-17 10:23:00,5.97,5.97,5.96,5.97,874000,5217677.9799
2026-09-17 10:24:00,5.97,5.98,5.97,5.98,1043545,6233000.6136
2026-09-17 10:25:00,5.98,5.98,5.97,5.98,72100,430897.9973
2026-09-17 10:26:00,5.98,5.99,5.97,5.99,267700,1601423.9885
2026-09-17 10:27:00,5.98,5.99,5.98,5.98,100100,599354.9923
2026-09-17 10:28:00,5.99,5.99,5.98,5.99,183100,1096481.9797
2026-09-17 10:29:00,5.99,6.01,5.98,6.0,3397058,20363438.7544
2026-09-17 10:30:00,6.01,6.01,5.99,6.0,478700,2872601.0083
2026-09-17 10:31:00,6.0,6.0,5.99,6.0,343000,2055372.9917
2026-09-17 10:32:00,5.99,6.0,5.99,6.0,206700,1238515.9833
2026-09-17 10:33:00,6.0,6.0,5.99,5.99,85200,510819.9959
2026-09-17 10:34:00,5.99,6.0,5.99,6.0,114200,684441.9912
2026-09-17 10:35:00,5.99,6.0,5.98,5.99,395300,2367576.9535
2026-09-17 10:36:00,5.99,5.99,5.98,5.99,99800,597082.9966
2026-09-17 10:37:00,5.99,5.99,5.98,5.99,214900,1286056.9857
2026-09-17 10:38:00,5.98,5.99,5.98,5.98,300500,1797333.9938
2026-09-17 10:39:00,5.98,5.99,5.97,5.98,290500,1737148.9863
2026-09-17 10:40:00,5.98,5.98,5.97,5.98,73800,441070.9954
2026-09-17 10:41:00,5.98,5.98,5.97,5.98,266100,1589378.9846
2026-09-17 10:42:00,5.98,5.98,5.97,5.98,85300,510051.9999
2026-09-17 10:43:00,5.98,5.98,5.97,5.98,55900,334233.0
2026-09-17 10:44:00,5.98,5.98,5.97,5.98,55800,333554.9994
2026-09-17 10:45:00,5.98,5.98,5.97,5.97,64600,386191.9989
2026-09-17 10:46:00,5.98,5.98,5.97,5.97,74500,445178.9951
2026-09-17 10:47:00,5.97,5.98,5.97,5.98,95900,573098.9959
2026-09-17 10:48:00,5.98,5.98,5.96,5.98,599200,3577750.9495
2026-09-17 10:49:00,5.98,5.98,5.97,5.97,45800,273519.9976
2026-09-17 10:50:00,5.97,5.98,5.97,5.97,87000,519585.9871
2026-09-17 10:51:00,5.97,5.98,5.97,5.97,79800,476512.9945
2026-09-17 10:52:00,5.97,5.98,5.96,5.97,328000,1957972.9789
2026-09-17 10:53:00,5.97,5.97,5.96,5.97,73200,436511.9987
2026-09-17 10:54:00,5.96,5.97,5.96,5.96,49000,292237.9995
2026-09-17 10:55:00,5.96,5.97,5.96,5.97,49800,297181.9966
2026-09-17 10:56:00,5.97,5.97,5.96,5.97,54300,324023.9961
2026-09-17 10:57:00,5.97,5.97,5.96,5.97,50700,302546.9994
2026-09-17 10:58:00,5.96,5.97,5.96,5.97,54600,325812.998
2026-09-17 10:59:00,5.96,5.97,5.96,5.97,37800,225547.9996
2026-09-17 11:00:00,5.96,5.97,5.96,5.97,154400,921321.9929
2026-09-17 11:01:00,5.97,5.98,5.96,5.98,377800,2255645.9642
2026-09-17 11:02:00,5.97,5.98,5.96,5.96,509400,3041236.9536
2026-09-17 11:03:00,5.97,5.97,5.96,5.97,52200,311543.9883
2026-09-17 11:04:00,5.97,5.98,5.96,5.98,245000,1462680.9861
2026-09-17 11:05:00,5.98,5.98,5.96,5.97,190000,1134360.9836
2026-09-17 11:06:00,5.97,5.97,5.96,5.97,40200,239711.9996
2026-09-17 11:07:00,5.97,5.97,5.96,5.97,116500,694668.9983
2026-09-17 11:08:00,5.96,5.97,5.96,5.97,139900,834152.9967
2026-09-17 11:09:00,5.97,5.97,5.96,5.97,117100,698934.9926
2026-09-17 11:10:00,5.97,5.97,5.96,5.97,39400,235040.9978
2026-09-17 11:11:00,5.96,5.97,5.96,5.97,56000,334136.9951
2026-09-17 11:12:00,5.97,5.97,5.96,5.96,355700,2123187.978
2026-09-17 11:13:00,5.96,5.97,5.96,5.96,28700,171334.9988
2026-09-17 11:14:00,5.97,5.97,5.96,5.97,60200,359006.9982
2026-09-17 11:15:00,5.97,5.97,5.96,5.96,102500,611045.9988
2026-09-17 11:16:00,5.96,5.97,5.96,5.97,83800,499729.998
2026-09-17 11:17:00,5.96,5.97,5.96,5.97,40600,242228.9968
2026-09-17 11:18:00,5.96,5.97,5.96,5.97,99100,591250.9969
2026-09-17 11:19:00,5.97,5.97,5.96,5.97,59700,356113.9969
2026-09-17 11:20:00,5.97,5.97,5.96,5.97,54300,323930.9967
2026-09-17 11:21:00,5.97,5.97,5.96,5.96,415000,2473847.9987
2026-09-17 11:22:00,5.96,5.97,5.96,5.97,73900,440739.9973
2026-09-17 11:23:00,5.97,5.97,5.96,5.96,99800,595610.993
2026-09-17 11:24:00,5.97,5.97,5.96,5.96,182200,1086115.9988
2026-09-17 11:25:00,5.96,5.97,5.96,5.97,40800,243325.9982
2026-09-17 11:26:00,5.97,5.97,5.96,5.97,53000,315998.9987
2026-09-17 11:27:00,5.97,5.97,5.96,5.97,1208000,7208421.9218
2026-09-17 11:28:00,5.96,5.97,5.96,5.96,548900,3271572.9976
2026-09-17 11:29:00,5.96,5.97,5.95,5.96,99400,592335.9979
2026-09-17 11:30:00,5.95,5.96,5.95,5.96,61100,363901.0
2026-09-17 13:01:00,5.96,5.97,5.95,5.96,452200,2694582.9961
2026-09-17 13:02:00,5.97,5.97,5.95,5.96,113700,677822.9978
2026-09-17 13:03:00,5.97,5.97,5.95,5.96,167100,996040.9994
2026-09-17 13:04:00,5.97,5.97,5.95,5.95,471900,2811254.9917
2026-09-17 13:05:00,5.96,5.96,5.95,5.95,72400,431036.9966
2026-09-17 13:06:00,5.96,5.96,5.95,5.95,30900,184038.0
2026-09-17 13:07:00,5.96,5.96,5.95,5.95,314500,1871515.9688
2026-09-17 13:08:00,5.96,5.96,5.95,5.95,125400,746376.996
2026-09-17 13:09:00,5.96,5.96,5.94,5.94,2562199,15237238.7923
2026-09-17 13:10:00,5.95,5.96,5.94,5.95,1763400,10481697.9683
2026-09-17 13:11:00,5.96,5.96,5.95,5.96,56300,335075.9971
2026-09-17 13:12:00,5.96,5.96,5.95,5.95,55900,332706.999
2026-09-17 13:13:00,5.95,5.96,5.95,5.95,38400,228533.9995
2026-09-17 13:14:00,5.96,5.96,5.95,5.95,44000,261926.999
2026-09-17 13:15:00,5.96,5.96,5.95,5.95,150800,897418.9917
2026-09-17 13:16:00,5.96,5.96,5.94,5.95,140500,836071.9966
2026-09-17 13:17:00,5.96,5.96,5.95,5.96,136800,814527.9995
2026-09-17 13:18:00,5.96,5.96,5.95,5.95,139300,828887.9902
2026-09-17 13:19:00,5.96,5.96,5.95,5.95,122600,729738.9961
2026-09-17 13:20:00,5.96,5.96,5.95,5.95,68000,404667.0
2026-09-17 13:21:00,5.96,5.96,5.93,5.94,2310200,13728438.9829
2026-09-17 13:22:00,5.94,5.94,5.93,5.93,1129700,6709941.0
2026-09-17 13:23:00,5.94,5.94,5.93,5.94,68700,407804.0
2026-09-17 13:24:00,5.94,5.94,5.93,5.94,87000,516157.0
2026-09-17 13:25:00,5.94,5.94,5.93,5.94,287600,1707829.0
2026-09-17 13:26:00,5.94,5.94,5.93,5.94,44100,261712.0
2026-09-17 13:27:00,5.94,5.94,5.93,5.94,89100,528598.0
2026-09-17 13:28:00,5.94,5.94,5.93,5.93,86300,512584.0
2026-09-17 13:29:00,5.94,5.94,5.93,5.94,336300,1996067.0
2026-09-17 13:30:00,5.94,5.94,5.93,5.93,109600,650134.0
2026-09-17 13:31:00,5.94,5.94,5.93,5.94,27000,160225.0
2026-09-17 13:32:00,5.94,5.94,5.93,5.93,32900,195364.0
2026-09-17 13:33:00,5.94,5.94,5.93,5.94,320900,1903382.0
2026-09-17 13:34:00,5.94,5.94,5.93,5.94,58300,345991.0
2026-09-17 13:35:00,5.94,5.94,5.93,5.94,118300,701750.0
2026-09-17 13:36:00,5.94,5.94,5.93,5.93,96000,569556.0
2026-09-17 13:37:00,5.94,5.94,5.93,5.94,692600,4107500.0
2026-09-17 13:38:00,5.94,5.94,5.93,5.94,338800,2009344.0
2026-09-17 13:39:00,5.94,5.94,5.93,5.93,66800,396178.0
2026-09-17 13:40:00,5.93,5.94,5.93,5.94,570000,3380192.0
2026-09-17 13:41:00,5.93,5.94,5.93,5.94,51300,304537.0
2026-09-17 13:42:00,5.94,5.94,5.93,5.93,259600,1540143.0
2026-09-17 13:43:00,5.94,5.94,5.93,5.93,50700,300805.0
2026-09-17 13:44:00,5.94,5.94,5.92,5.93,937900,5561528.0
2026-09-17 13:45:00,5.93,5.93,5.92,5.92,269800,1597802.0
2026-09-17 13:46:00,5.93,5.93,5.92,5.92,240237,1422877.04
2026-09-17 13:47:00,5.93,5.93,5.92,5.92,129000,763760.0
2026-09-17 13:48:00,5.92,5.93,5.92,5.93,252900,1497566.0
2026-09-17 13:49:00,5.93,5.93,5.92,5.93,77200,457220.0
2026-09-17 13:50:00,5.93,5.93,5.92,5.93,163000,965381.0
2026-09-17 13:51:00,5.93,5.93,5.92,5.92,97000,574887.0
2026-09-17 13:52:00,5.93,5.94,5.92,5.93,987600,5856767.0
2026-09-17 13:53:00,5.93,5.94,5.93,5.94,47700,283269.0
2026-09-17 13:54:00,5.94,5.94,5.93,5.94,53200,315749.0
2026-09-17 13:55:00,5.94,5.94,5.93,5.93,436400,2589585.0
2026-09-17 13:56:00,5.94,5.94,5.93,5.93,242600,1439243.0
2026-09-17 13:57:00,5.93,5.94,5.93,5.93,347600,2062344.0
2026-09-17 13:58:00,5.94,5.94,5.93,5.94,40000,237496.0
2026-09-17 13:59:00,5.94,5.95,5.93,5.94,1282100,7617606.9995
2026-09-17 14:00:00,5.94,5.95,5.93,5.94,391760,2327678.3924
2026-09-17 14:01:00,5.95,5.95,5.93,5.93,138740,823948.6034
2026-09-17 14:02:00,5.94,5.94,5.93,5.94,55100,327254.0
2026-09-17 14:03:00,5.94,5.95,5.93,5.94,926500,5503847.0
2026-09-17 14:04:00,5.94,5.95,5.93,5.94,210600,1250901.0
2026-09-17 14:05:00,5.94,5.94,5.93,5.94,127700,757801.0
2026-09-17 14:06:00,5.94,5.94,5.93,5.94,25700,152593.0
2026-09-17 14:07:00,5.94,5.94,5.93,5.94,36000,213767.0
2026-09-17 14:08:00,5.94,5.94,5.93,5.94,38100,226273.0
2026-09-17 14:09:00,5.94,5.94,5.93,5.94,161000,955073.0
2026-09-17 14:10:00,5.94,5.94,5.93,5.94,173600,1030299.0
2026-09-17 14:11:00,5.94,5.94,5.93,5.94,211700,1255919.0
2026-09-17 14:12:00,5.94,5.94,5.93,5.93,63800,378933.0
2026-09-17 14:13:00,5.94,5.94,5.93,5.94,405300,2406100.0
2026-09-17 14:14:00,5.94,5.95,5.93,5.95,742200,4406876.9922
2026-09-17 14:15:00,5.94,5.95,5.93,5.95,1114200,6617498.9917
2026-09-17 14:16:00,5.95,5.95,5.94,5.95,82200,489034.998
2026-09-17 14:17:00,5.94,5.95,5.94,5.95,48400,287815.999
2026-09-17 14:18:00,5.95,5.95,5.94,5.95,290700,1727294.999
2026-09-17 14:19:00,5.94,5.95,5.93,5.94,279500,1660109.999
2026-09-17 14:20:00,5.93,5.95,5.93,5.94,658100,3908553.0
2026-09-17 14:21:00,5.95,5.95,5.93,5.94,323300,1919491.0
2026-09-17 14:22:00,5.94,5.94,5.93,5.94,87500,519676.0
2026-09-17 14:23:00,5.94,5.94,5.93,5.94,105300,625294.0
2026-09-17 14:24:00,5.94,5.94,5.93,5.93,53400,316993.0
2026-09-17 14:25:00,5.94,5.94,5.93,5.94,108100,641537.0
2026-09-17 14:26:00,5.94,5.95,5.93,5.94,828900,4924475.9995
2026-09-17 14:27:00,5.95,5.95,5.94,5.94,48600,288736.9995
2026-09-17 14:28:00,5.95,5.95,5.94,5.94,155600,924390.0
2026-09-17 14:29:00,5.95,5.95,5.94,5.94,41100,244248.0
2026-09-17 14:30:00,5.94,5.95,5.94,5.94,137900,819701.9995
2026-09-17 14:31:00,5.95,5.95,5.94,5.95,293200,1741992.999
2026-09-17 14:32:00,5.95,5.95,5.94,5.95,62300,370363.999
2026-09-17 14:33:00,5.95,5.95,5.94,5.95,274800,1633737.9985
2026-09-17 14:34:00,5.95,5.95,5.94,5.95,54800,325856.999
2026-09-17 14:35:00,5.95,5.96,5.94,5.95,425701,2531185.9456
2026-09-17 14:36:00,5.95,5.96,5.95,5.95,442100,2630700.9961
2026-09-17 14:37:00,5.95,5.95,5.94,5.95,97000,576719.9966
2026-09-17 14:38:00,5.95,5.95,5.94,5.95,67400,400886.999
2026-09-17 14:39:00,5.95,5.95,5.94,5.95,71300,423721.0
2026-09-17 14:40:00,5.95,5.95,5.94,5.95,332100,1974527.9971
2026-09-17 14:41:00,5.95,5.95,5.94,5.95,83600,497356.9922
2026-09-17 14:42:00,5.95,5.95,5.94,5.95,105600,628265.9995
2026-09-17 14:43:00,5.95,5.95,5.94,5.95,163400,971073.9995
2026-09-17 14:44:00,5.95,5.95,5.94,5.95,79500,472849.9985
2026-09-17 14:45:00,5.95,5.95,5.94,5.94,360700,2145827.9971
2026-09-17 14:46:00,5.95,5.95,5.94,5.95,195800,1163535.9995
2026-09-17 14:47:00,5.95,5.95,5.94,5.95,258146,1534401.2209
2026-09-17 14:48:00,5.95,5.95,5.94,5.95,114700,682102.999
2026-09-17 14:49:00,5.95,5.95,5.94,5.95,157400,935338.0
2026-09-17 14:50:00,5.95,5.95,5.94,5.95,205700,1223180.0002
2026-09-17 14:51:00,5.94,5.95,5.94,5.94,318700,1894949.9995
2026-09-17 14:52:00,5.95,5.95,5.94,5.94,420000,2495926.0007
2026-09-17 14:53:00,5.94,5.95,5.94,5.95,462600,2748701.9946
2026-09-17 14:54:00,5.95,5.95,5.94,5.95,2087100,12400233.9976
2026-09-17 14:55:00,5.94,5.95,5.94,5.94,405400,2409121.9951
2026-09-17 14:56:00,5.95,5.95,5.94,5.95,272600,1620713.9976
2026-09-17 14:57:00,5.94,5.95,5.93,5.95,919800,5464714.9961
2026-09-17 15:00:00,5.95,5.95,5.95,5.95,308400,1834979.9731
2026-09-18 09:31:00,5.95,5.96,5.95,5.96,1780200,10600370.9883
2026-09-18 09:32:00,5.95,5.96,5.95,5.95,290300,1729039.0025
2026-09-18 09:33:00,5.95,5.96,5.95,5.96,309600,1843290.9976
2026-09-18 09:34:00,5.96,5.96,5.95,5.95,293700,1748679.001
2026-09-18 09:35:00,5.95,5.99,5.95,5.99,2012935,12019258.4781
2026-09-18 09:36:00,5.99,5.99,5.96,5.97,745000,4450571.954
2026-09-18 09:37:00,5.97,5.99,5.96,5.98,2095100,12514652.8818
2026-09-18 09:38:00,5.98,5.99,5.97,5.98,445500,2664483.9882
2026-09-18 09:39:00,5.98,5.98,5.96,5.97,429000,2562107.9716
2026-09-18 09:40:00,5.97,5.98,5.96,5.98,1578900,9425499.9307
2026-09-18 09:41:00,5.98,5.98,5.97,5.97,163300,975357.9872
2026-09-18 09:42:00,5.97,5.98,5.96,5.98,933000,5570429.9302
2026-09-18 09:43:00,5.97,5.98,5.97,5.97,90500,540521.9965
2026-09-18 09:44:00,5.97,5.98,5.97,5.97,112600,672512.9926
2026-09-18 09:45:00,5.97,5.98,5.96,5.97,753900,4503533.9576
2026-09-18 09:46:00,5.98,5.98,5.97,5.97,300700,1797537.9956
2026-09-18 09:47:00,5.98,6.0,5.97,5.99,1956600,11709947.8362
2026-09-18 09:48:00,5.99,6.0,5.99,5.99,487600,2921060.9503
2026-09-18 09:49:00,5.99,6.0,5.98,5.98,475000,2845304.9375
2026-09-18 09:50:00,5.98,5.99,5.98,5.98,89400,534986.9949
2026-09-18 09:51:00,5.98,5.99,5.98,5.98,155900,933341.9817
2026-09-18 09:52:00,5.98,5.99,5.98,5.98,76700,458889.9974
2026-09-18 09:53:00,5.99,5.99,5.98,5.99,72600,434250.9985
2026-09-18 09:54:00,5.98,5.99,5.98,5.98,284600,1703895.9689
2026-09-18 09:55:00,5.99,5.99,5.98,5.99,97400,582637.9956
2026-09-18 09:56:00,5.98,5.99,5.98,5.98,1118200,6687230.994
2026-09-18 09:57:00,5.98,6.0,5.98,5.99,1386100,8303019.8025
2026-09-18 09:58:00,5.99,6.0,5.98,5.99,861500,5161002.8832
2026-09-18 09:59:00,6.0,6.0,5.99,5.99,315600,1891642.9807
2026-09-18 10:00:00,6.0,6.02,5.99,6.02,6227600,37415074.5732
2026-09-18 10:01:00,6.02,6.02,6.0,6.0,1215000,7304180.1083
2026-09-18 10:02:00,6.01,6.03,6.01,6.02,2015510,12132950.2722
2026-09-18 10:03:00,6.03,6.03,6.02,6.03,666900,4016470.0228
2026-09-18 10:04:00,6.02,6.03,6.02,6.02,524000,3155649.006
2026-09-18 10:05:00,6.02,6.03,6.02,6.02,633130,3812461.6285
2026-09-18 10:06:00,6.03,6.03,6.01,6.02,756300,4552146.0183
2026-09-18 10:07:00,6.02,6.03,6.01,6.03,807800,4863584.0442
2026-09-18 10:08:00,6.02,6.03,6.02,6.02,325600,1961114.0184
2026-09-18 10:09:00,6.03,6.03,6.02,6.02,419400,2526256.0143
2026-09-18 10:10:00,6.03,6.04,6.02,6.04,2610200,15744294.1896
2026-09-18 10:11:00,6.03,6.04,6.03,6.03,364100,2196930.0193
2026-09-18 10:12:00,6.03,6.04,6.03,6.04,940200,5676487.0049
2026-09-18 10:13:00,6.04,6.04,6.03,6.03,427500,2580123.0132
2026-09-18 10:14:00,6.04,6.04,6.03,6.04,230100,1388546.0106
2026-09-18 10:15:00,6.03,6.04,6.03,6.03,573800,3462985.0206
2026-09-18 10:16:00,6.04,6.04,6.03,6.03,550600,3322659.0139
2026-09-18 10:17:00,6.03,6.04,6.03,6.04,465600,2809930.0386
2026-09-18 10:18:00,6.03,6.04,6.03,6.04,329800,1989150.009
2026-09-18 10:19:00,6.04,6.04,6.03,6.03,977600,5896301.0525
2026-09-18 10:20:00,6.03,6.04,6.03,6.03,458200,2763940.0191
2026-09-18 10:21:00,6.03,6.04,6.03,6.03,396000,2389133.0265
2026-09-18 10:22:00,6.03,6.04,6.03,6.03,217700,1313881.0085
2026-09-18 10:23:00,6.03,6.04,6.03,6.04,409900,2474457.0126
2026-09-18 10:24:00,6.04,6.04,6.03,6.04,135600,818765.9899
2026-09-18 10:25:00,6.03,6.04,6.03,6.03,149600,903042.0129
2026-09-18 10:26:00,6.03,6.04,6.03,6.04,532700,3215748.0075
2026-09-18 10:27:00,6.04,6.04,6.03,6.03,394700,2381837.0002
2026-09-18 10:28:00,6.03,6.04,6.03,6.03,227000,1369959.0055
2026-09-18 10:29:00,6.03,6.04,6.03,6.04,341900,2062547.0009
2026-09-18 10:30:00,6.03,6.04,6.03,6.03,534500,3225415.0352
2026-09-18 10:31:00,6.04,6.05,6.03,6.05,2608000,15762486.024
2026-09-18 10:32:00,6.05,6.05,6.04,6.04,302600,1829931.0024
2026-09-18 10:33:00,6.05,6.05,6.04,6.05,1041900,6302063.0166
2026-09-18 10:34:00,6.05,6.06,6.04,6.05,698500,4226406.02
2026-09-18 10:35:00,6.05,6.06,6.04,6.05,1977900,11962624.0371
2026-09-18 10:36:00,6.05,6.05,6.04,6.05,82700,499825.0
2026-09-18 10:37:00,6.04,6.05,6.04,6.04,428900,2593716.0
2026-09-18 10:38:00,6.04,6.05,6.03,6.04,1299500,7848883.0002
2026-09-18 10:39:00,6.04,6.04,6.03,6.03,68400,412751.0052
2026-09-18 10:40:00,6.03,6.04,6.03,6.03,41300,249264.0023
2026-09-18 10:41:00,6.03,6.04,6.03,6.03,113700,686423.0035
2026-09-18 10:42:00,6.03,6.04,6.03,6.03,357500,2156641.027
2026-09-18 10:43:00,6.03,6.04,6.03,6.03,149000,899535.0033
2026-09-18 10:44:00,6.03,6.04,6.03,6.03,87100,525725.0035
2026-09-18 10:45:00,6.03,6.04,6.03,6.04,192100,1159886.0023
2026-09-18 10:46:00,6.04,6.04,6.03,6.04,276600,1669986.0084
2026-09-18 10:47:00,6.03,6.04,6.03,6.03,143900,868776.0067
2026-09-18 10:48:00,6.04,6.04,6.03,6.04,36300,219077.0011
2026-09-18 10:49:00,6.03,6.04,6.03,6.03,178400,1077092.0032
2026-09-18 10:50:00,6.03,6.04,6.03,6.03,93400,563771.0011
2026-09-18 10:51:00,6.03,6.04,6.03,6.03,187000,1128596.0038
2026-09-18 10:52:00,6.03,6.04,6.03,6.03,1404700,8472174.0951
2026-09-18 10:53:00,6.04,6.04,6.03,6.04,71000,428340.0067
2026-09-18 10:54:00,6.03,6.04,6.03,6.03,118500,715315.0006
2026-09-18 10:55:00,6.04,6.04,6.03,6.03,161000,970922.0148
2026-09-18 10:56:00,6.03,6.04,6.03,6.03,535800,3231442.0409
2026-09-18 10:57:00,6.03,6.04,6.03,6.03,204800,1235120.0115
2026-09-18 10:58:00,6.03,6.04,6.03,6.04,146600,884796.0104
2026-09-18 10:59:00,6.04,6.04,6.03,6.04,362600,2189477.0016
2026-09-18 11:00:00,6.04,6.04,6.03,6.04,220100,1328416.012
2026-09-18 11:01:00,6.03,6.04,6.03,6.03,73700,444688.0082
2026-09-18 11:02:00,6.03,6.04,6.03,6.04,51600,311352.0068
2026-09-18 11:03:00,6.03,6.04,6.03,6.04,292100,1762691.0059
2026-09-18 11:04:00,6.03,6.04,6.03,6.04,238500,1439899.0039
2026-09-18 11:05:00,6.03,6.04,6.03,6.04,25300,152633.0015
2026-09-18 11:06:00,6.04,6.04,6.03,6.03,241900,1459728.0044
2026-09-18 11:07:00,6.03,6.04,6.03,6.03,133900,808679.001
2026-09-18 11:08:00,6.04,6.04,6.03,6.04,197700,1193514.0103
2026-09-18 11:09:00,6.04,6.04,6.03,6.03,104800,632243.0074
2026-09-18 11:10:00,6.04,6.04,6.03,6.03,102100,616392.004
2026-09-18 11:11:00,6.04,6.05,6.03,6.04,3568900,21535777.1392
2026-09-18 11:12:00,6.04,6.05,6.03,6.04,711200,4298030.017
2026-09-18 11:13:00,6.05,6.05,6.04,6.05,287200,1737376.0029
2026-09-18 11:14:00,6.04,6.05,6.04,6.05,476300,2879569.0083
2026-09-18 11:15:00,6.05,6.05,6.04,6.04,71600,432830.0
2026-09-18 11:16:00,6.05,6.05,6.04,6.05,410800,2485321.0195
2026-09-18 11:17:00,6.04,6.05,6.04,6.05,48000,290117.0005
2026-09-18 11:18:00,6.05,6.05,6.04,6.05,295100,1785301.0195
2026-09-18 11:19:00,6.04,6.05,6.04,6.05,237800,1438310.0034
2026-09-18 11:20:00,6.05,6.05,6.04,6.05,437400,2646076.0049
2026-09-18 11:21:00,6.05,6.06,6.04,6.05,385100,2330959.0044
2026-09-18 11:22:00,6.06,6.06,6.05,6.05,108700,658453.0005
2026-09-18 11:23:00,6.06,6.06,6.05,6.05,34500,208969.0
2026-09-18 11:24:00,6.05,6.06,6.05,6.06,1057600,6406795.0029
2026-09-18 11:25:00,6.06,6.06,6.05,6.06,141900,859761.0
2026-09-18 11:26:00,6.05,6.06,6.05,6.05,56675,343232.7505
2026-09-18 11:27:00,6.05,6.06,6.05,6.06,404700,2449556.0024
2026-09-18 11:28:00,6.06,6.06,6.05,6.06,63400,384050.0
2026-09-18 11:29:00,6.05,6.07,6.05,6.06,1707400,10352960.0115
2026-09-18 11:30:00,6.06,6.07,6.06,6.07,185900,1127988.011
2026-09-18 13:01:00,6.07,6.07,6.05,6.06,2541930,15411742.8494
2026-09-18 13:02:00,6.07,6.07,6.06,6.06,210600,1278091.0033
2026-09-18 13:03:00,6.06,6.07,6.06,6.06,277100,1681081.0047
2026-09-18 13:04:00,6.06,6.07,6.06,6.06,124200,753151.0015
2026-09-18 13:05:00,6.06,6.07,6.06,6.06,87100,528269.0
2026-09-18 13:06:00,6.06,6.07,6.06,6.06,93000,564309.0018
2026-09-18 13:07:00,6.06,6.07,6.06,6.07,174100,1056554.0015
2026-09-18 13:08:00,6.07,6.07,6.06,6.06,534600,3244883.0135
2026-09-18 13:09:00,6.07,6.08,6.06,6.08,813177,4939044.4369
2026-09-18 13:10:00,6.08,6.08,6.07,6.08,217300,1321039.0
2026-09-18 13:11:00,6.08,6.08,6.07,6.08,195400,1187887.0
2026-09-18 13:12:00,6.07,6.08,6.07,6.07,1959200,11896343.0
2026-09-18 13:13:00,6.07,6.08,6.05,6.05,5151900,31223290.0161
2026-09-18 13:14:00,6.05,6.06,6.05,6.05,181800,1100987.001
2026-09-18 13:15:00,6.06,6.06,6.05,6.05,130400,789676.0
2026-09-18 13:16:00,6.06,6.06,6.05,6.06,73400,444539.0005
2026-09-18 13:17:00,6.06,6.06,6.04,6.04,1829500,11066820.0244
2026-09-18 13:18:00,6.05,6.06,6.04,6.05,899500,5442911.019
2026-09-18 13:19:00,6.05,6.06,6.04,6.05,1167500,7063220.0117
2026-09-18 13:20:00,6.04,6.06,6.04,6.05,300500,1818755.0015
2026-09-18 13:21:00,6.05,6.06,6.05,6.05,474035,2868170.752
2026-09-18 13:22:00,6.05,6.06,6.05,6.05,256565,1554262.2502
2026-09-18 13:23:00,6.05,6.06,6.05,6.05,205100,1242168.0
2026-09-18 13:24:00,6.05,6.06,6.05,6.05,387400,2344276.0024
2026-09-18 13:25:00,6.05,6.06,6.05,6.05,148700,900365.0039
2026-09-18 13:26:00,6.06,6.06,6.05,6.06,187600,1136213.0005
2026-09-18 13:27:00,6.06,6.06,6.05,6.05,146800,889050.0
2026-09-18 13:28:00,6.05,6.06,6.05,6.05,272400,1650103.0024
2026-09-18 13:29:00,6.06,6.06,6.05,6.05,185800,1125380.0
2026-09-18 13:30:00,6.05,6.06,6.05,6.06,165500,1002441.0
2026-09-18 13:31:00,6.05,6.06,6.05,6.05,310100,1878979.001
2026-09-18 13:32:00,6.06,6.07,6.05,6.06,783700,4750907.0
2026-09-18 13:33:00,6.07,6.07,6.05,6.06,1300116,7876057.9593
2026-09-18 13:34:00,6.06,6.06,6.05,6.05,256000,1550964.001
2026-09-18 13:35:00,6.06,6.06,6.05,6.05,37200,225306.0005
2026-09-18 13:36:00,6.06,6.06,6.05,6.05,122230,739820.5011
2026-09-18 13:37:00,6.06,6.06,6.05,6.05,96400,583661.001
2026-09-18 13:38:00,6.05,6.06,6.05,6.05,182200,1103324.0
2026-09-18 13:39:00,6.06,6.06,6.05,6.05,139100,842326.0
2026-09-18 13:40:00,6.06,6.06,6.05,6.05,170700,1033733.0001
2026-09-18 13:41:00,6.05,6.06,6.05,6.05,133700,809257.0004
2026-09-18 13:42:00,6.05,6.06,6.05,6.05,234100,1417511.0039
2026-09-18 13:43:00,6.06,6.06,6.05,6.05,257800,1560834.0186
2026-09-18 13:44:00,6.05,6.06,6.05,6.05,146500,887162.0005
2026-09-18 13:45:00,6.05,6.06,6.05,6.06,70400,426398.001
2026-09-18 13:46:00,6.05,6.06,6.05,6.05,204600,1239197.002
2026-09-18 13:47:00,6.05,6.07,6.05,6.06,1820500,11033579.0005
2026-09-18 13:48:00,6.06,6.07,6.05,6.06,454400,2754036.0
2026-09-18 13:49:00,6.06,6.06,6.05,6.05,66800,404678.0
2026-09-18 13:50:00,6.06,6.06,6.05,6.05,1389600,8408087.0308
2026-09-18 13:51:00,6.05,6.06,6.05,6.05,389100,2354959.002
2026-09-18 13:52:00,6.06,6.06,6.05,6.05,60400,365813.0
2026-09-18 13:53:00,6.06,6.06,6.05,6.05,77900,471726.002
2026-09-18 13:54:00,6.05,6.06,6.05,6.05,70800,428414.0
2026-09-18 13:55:00,6.05,6.06,6.05,6.05,207200,1254189.0
2026-09-18 13:56:00,6.05,6.06,6.04,6.05,855800,5177473.0083
2026-09-18 13:57:00,6.05,6.05,6.04,6.04,67400,407405.0
2026-09-18 13:58:00,6.04,6.06,6.04,6.05,787000,4762596.0176
2026-09-18 13:59:00,6.06,6.06,6.05,6.05,665400,4026029.0068
2026-09-18 14:00:00,6.05,6.06,6.04,6.05,980300,5931177.0239
2026-09-18 14:01:00,6.06,6.06,6.05,6.05,143100,866290.001
2026-09-18 14:02:00,6.06,6.06,6.05,6.06,121300,734556.0005
2026-09-18 14:03:00,6.06,6.06,6.05,6.05,194400,1177434.0
2026-09-18 14:04:00,6.06,6.06,6.05,6.05,187900,1137872.0
2026-09-18 14:05:00,6.05,6.06,6.05,6.05,320900,1943699.001
2026-09-18 14:06:00,6.05,6.06,6.05,6.05,149900,907722.0
2026-09-18 14:07:00,6.05,6.06,6.05,6.05,188200,1139862.0039
2026-09-18 14:08:00,6.06,6.06,6.05,6.06,424700,2573544.0
2026-09-18 14:09:00,6.06,6.06,6.05,6.06,213600,1294391.0
2026-09-18 14:10:00,6.06,6.06,6.05,6.06,300500,1820753.0
2026-09-18 14:11:00,6.06,6.06,6.05,6.06,450500,2729471.001
2026-09-18 14:12:00,6.06,6.06,6.05,6.05,138000,836149.0
2026-09-18 14:13:00,6.06,6.06,6.05,6.06,297900,1805055.0
2026-09-18 14:14:00,6.06,6.06,6.05,6.06,178500,1081706.0
2026-09-18 14:15:00,6.05,6.07,6.05,6.06,1824200,11064189.0
2026-09-18 14:16:00,6.07,6.07,6.06,6.07,219400,1331717.0
2026-09-18 14:17:00,6.07,6.07,6.06,6.07,168100,1020143.0
2026-09-18 14:18:00,6.07,6.07,6.06,6.06,130600,792302.0
2026-09-18 14:19:00,6.07,6.07,6.05,6.05,1740500,10548353.001
2026-09-18 14:20:00,6.06,6.06,6.05,6.06,213300,1292057.0039
2026-09-18 14:21:00,6.05,6.06,6.05,6.06,157000,950640.0
2026-09-18 14:22:00,6.05,6.06,6.05,6.05,92200,558522.0024
2026-09-18 14:23:00,6.06,6.06,6.05,6.06,173600,1051812.0
2026-09-18 14:24:00,6.06,6.06,6.05,6.06,180700,1094948.0
2026-09-18 14:25:00,6.06,6.06,6.05,6.05,121100,733408.0005
2026-09-18 14:26:00,6.06,6.06,6.05,6.06,134700,816204.0
2026-09-18 14:27:00,6.06,6.06,6.05,6.05,208000,1260125.0
2026-09-18 14:28:00,6.05,6.06,6.05,6.05,360700,2185067.0073
2026-09-18 14:29:00,6.06,6.06,6.05,6.06,741400,4490510.0044
2026-09-18 14:30:00,6.05,6.06,6.05,6.06,1009300,6113950.0024
2026-09-18 14:31:00,6.05,6.06,6.05,6.05,549200,3327801.0015
2026-09-18 14:32:00,6.05,6.06,6.04,6.05,2686300,16252069.1235
2026-09-18 14:33:00,6.06,6.06,6.04,6.05,1167000,7060051.0078
2026-09-18 14:34:00,6.05,6.05,6.04,6.04,204100,1234158.0029
2026-09-18 14:35:00,6.04,6.05,6.04,6.04,115900,700637.0029
2026-09-18 14:36:00,6.04,6.05,6.04,6.04,646900,3908074.0029
2026-09-18 14:37:00,6.04,6.05,6.03,6.03,1765100,10659350.0118
2026-09-18 14:38:00,6.04,6.04,6.02,6.02,1260900,7600484.0723
2026-09-18 14:39:00,6.02,6.03,6.01,6.01,1425900,8579963.0671
2026-09-18 14:40:00,6.02,6.02,6.01,6.02,188600,1134645.0089
2026-09-18 14:41:00,6.02,6.02,6.01,6.02,241300,1451131.0229
2026-09-18 14:42:00,6.02,6.02,6.01,6.01,292100,1756596.021
2026-09-18 14:43:00,6.01,6.02,6.01,6.01,451200,2713133.0313
2026-09-18 14:44:00,6.02,6.02,6.0,6.0,2949800,17717461.2708
2026-09-18 14:45:00,6.0,6.01,6.0,6.0,1161260,6968421.0056
2026-09-18 14:46:00,6.01,6.01,5.99,6.0,364610,2187942.0034
2026-09-18 14:47:00,6.0,6.01,6.0,6.0,246400,1479374.0101
2026-09-18 14:48:00,6.01,6.01,6.0,6.01,1555700,9344740.103
2026-09-18 14:49:00,6.0,6.02,6.0,6.01,491540,2953278.4346
2026-09-18 14:50:00,6.01,6.02,6.01,6.01,238900,1436520.0161
2026-09-18 14:51:00,6.02,6.02,6.01,6.01,188100,1131644.0095
2026-09-18 14:52:00,6.01,6.02,6.01,6.02,279400,1680288.0154
2026-09-18 14:53:00,6.01,6.02,6.0,6.01,1649700,9916981.2057
2026-09-18 14:54:00,6.01,6.02,6.0,6.01,317500,1907471.0206
2026-09-18 14:55:00,6.0,6.02,6.0,6.01,676300,4063599.0594
2026-09-18 14:56:00,6.01,6.02,6.0,6.01,1123051,6752456.597
2026-09-18 14:57:00,6.01,6.03,6.0,6.02,942025,5665451.3071
2026-09-18 15:00:00,6.0,6.0,6.0,6.0,5506533,33039198.0
2026-09-21 09:31:00,6.0,6.02,5.98,6.0,2065700,12395011.0056
2026-09-21 09:32:00,6.0,6.03,5.99,6.02,992030,5961796.3348
2026-09-21 09:33:00,6.01,6.04,6.01,6.04,1391900,8389674.0763
2026-09-21 09:34:00,6.04,6.05,6.03,6.03,892600,5394203.005
2026-09-21 09:35:00,6.04,6.04,6.03,6.04,348200,2101561.0214
2026-09-21 09:36:00,6.03,6.07,6.02,6.06,2771000,16756503.0725
2026-09-21 09:37:00,6.06,6.07,6.05,6.05,534100,3236820.0
2026-09-21 09:38:00,6.05,6.06,6.05,6.05,547900,3315504.0254
2026-09-21 09:39:00,6.05,6.07,6.05,6.07,1101200,6672711.0029
2026-09-21 09:40:00,6.06,6.08,6.05,6.06,1624800,9859889.0
2026-09-21 09:41:00,6.06,6.07,6.06,6.07,437000,2650129.0
2026-09-21 09:42:00,6.07,6.07,6.06,6.06,906100,5498535.0015
2026-09-21 09:43:00,6.07,6.07,6.06,6.07,547500,3320546.0205
2026-09-21 09:44:00,6.06,6.07,6.06,6.06,162100,983371.0083
2026-09-21 09:45:00,6.07,6.07,6.06,6.07,919883,5576589.9495
2026-09-21 09:46:00,6.06,6.07,6.06,6.07,386900,2345555.998
2026-09-21 09:47:00,6.06,6.07,6.06,6.07,192900,1169959.9976
2026-09-21 09:48:00,6.06,6.07,6.06,6.06,583300,3535356.0038
2026-09-21 09:49:00,6.06,6.07,6.06,6.07,85400,517830.9971
2026-09-21 09:50:00,6.07,6.07,6.05,6.06,1617900,9803311.1579
2026-09-21 09:51:00,6.05,6.06,6.05,6.06,181200,1096743.0087
2026-09-21 09:52:00,6.05,6.06,6.05,6.06,258200,1563960.0037
2026-09-21 09:53:00,6.06,6.07,6.05,6.07,812700,4924913.0005
2026-09-21 09:54:00,6.06,6.07,6.06,6.07,310100,1879620.0
2026-09-21 09:55:00,6.07,6.07,6.06,6.07,88300,535881.0
2026-09-21 09:56:00,6.06,6.07,6.06,6.07,152300,924059.0
2026-09-21 09:57:00,6.06,6.07,6.06,6.06,386100,2342062.0
2026-09-21 09:58:00,6.07,6.07,6.06,6.07,233900,1419638.0
2026-09-21 09:59:00,6.07,6.07,6.06,6.07,430300,2609351.0
2026-09-21 10:00:00,6.06,6.08,6.06,6.08,1490600,9051247.0
2026-09-21 10:01:00,6.08,6.08,6.07,6.08,639500,3885474.9815
2026-09-21 10:02:00,6.08,6.08,6.06,6.07,840900,5104981.9931
2026-09-21 10:03:00,6.07,6.07,6.06,6.07,142700,865873.0
2026-09-21 10:04:00,6.06,6.07,6.06,6.07,205900,1248188.0
2026-09-21 10:05:00,6.07,6.07,6.05,6.06,992700,6015079.0036
2026-09-21 10:06:00,6.06,6.06,6.05,6.05,434000,2626379.0156
2026-09-21 10:07:00,6.06,6.06,6.05,6.06,135400,819696.0088
2026-09-21 10:08:00,6.06,6.06,6.05,6.06,251300,1522566.002
2026-09-21 10:09:00,6.06,6.06,6.05,6.06,158500,960154.0007
2026-09-21 10:10:00,6.06,6.06,6.05,6.06,103200,625190.0
2026-09-21 10:11:00,6.05,6.06,6.05,6.05,92800,562061.0012
2026-09-21 10:12:00,6.06,6.06,6.05,6.06,93900,568702.0024
2026-09-21 10:13:00,6.06,6.06,6.05,6.06,102300,619845.0
2026-09-21 10:14:00,6.06,6.06,6.05,6.05,117800,713337.0035
2026-09-21 10:15:00,6.06,6.07,6.05,6.07,1210700,7336597.0074
2026-09-21 10:16:00,6.07,6.07,6.06,6.06,126600,768018.0
2026-09-21 10:17:00,6.06,6.07,6.06,6.07,867600,5264983.0
2026-09-21 10:18:00,6.07,6.08,6.06,6.08,880700,5349206.9932
2026-09-21 10:19:00,6.08,6.08,6.07,6.08,68200,414368.996
2026-09-21 10:20:00,6.08,6.08,6.07,6.08,267500,1626269.9951
2026-09-21 10:21:00,6.08,6.08,6.07,6.08,586300,3563775.0
2026-09-21 10:22:00,6.08,6.09,6.07,6.08,1779000,10817054.0
2026-09-21 10:23:00,6.08,6.08,6.07,6.07,606300,3686207.0
2026-09-21 10:24:00,6.08,6.08,6.07,6.08,356100,2164923.0
2026-09-21 10:25:00,6.08,6.09,6.07,6.08,626300,3808084.0
2026-09-21 10:26:00,6.09,6.09,6.08,6.08,303200,1844094.0
2026-09-21 10:27:00,6.08,6.09,6.07,6.07,154400,938704.0
2026-09-21 10:28:00,6.08,6.09,6.07,6.08,860100,5231060.0
2026-09-21 10:29:00,6.09,6.09,6.08,6.09,210500,1281650.0
2026-09-21 10:30:00,6.08,6.09,6.08,6.09,193100,1175222.0
2026-09-21 10:31:00,6.08,6.09,6.08,6.08,194500,1184007.0
2026-09-21 10:32:00,6.08,6.09,6.08,6.08,124500,757486.0
2026-09-21 10:33:00,6.08,6.09,6.07,6.08,1024200,6228015.0
2026-09-21 10:34:00,6.08,6.09,6.07,6.08,503200,3059459.0
2026-09-21 10:35:00,6.07,6.09,6.07,6.08,391200,2378476.0
2026-09-21 10:36:00,6.08,6.09,6.07,6.07,331000,2013094.0
2026-09-21 10:37:00,6.07,6.08,6.07,6.08,386200,2347845.0
2026-09-21 10:38:00,6.08,6.09,6.07,6.08,237200,1442128.0
2026-09-21 10:39:00,6.09,6.09,6.08,6.08,230620,1402957.5995
2026-09-21 10:40:00,6.08,6.09,6.06,6.07,1203180,7304230.2015
2026-09-21 10:41:00,6.06,6.08,6.06,6.07,990100,6009786.0
2026-09-21 10:42:00,6.07,6.08,6.06,6.08,539478,3277662.68
2026-09-21 10:43:00,6.08,6.08,6.07,6.08,28200,171304.0
2026-09-21 10:44:00,6.08,6.08,6.07,6.07,55700,338502.0
2026-09-21 10:45:00,6.08,6.08,6.07,6.08,704100,4279507.0
2026-09-21 10:46:00,6.07,6.08,6.07,6.08,747900,4540145.0
2026-09-21 10:47:00,6.08,6.08,6.07,6.07,42200,256387.0
2026-09-21 10:48:00,6.08,6.08,6.07,6.07,76300,463595.0
2026-09-21 10:49:00,6.08,6.08,6.07,6.08,74800,454636.0
2026-09-21 10:50:00,6.08,6.08,6.07,6.08,134000,813933.0
2026-09-21 10:51:00,6.07,6.08,6.06,6.06,366600,2224868.0
2026-09-21 10:52:00,6.07,6.07,6.06,6.06,74700,453160.0
2026-09-21 10:53:00,6.06,6.07,6.06,6.06,93000,564049.9998
2026-09-21 10:54:00,6.06,6.07,6.06,6.07,82800,502157.0
2026-09-21 10:55:00,6.06,6.07,6.05,6.05,1529522,9267491.327
2026-09-21 10:56:00,6.06,6.06,6.05,6.06,63500,384608.0007
2026-09-21 10:57:00,6.05,6.06,6.05,6.05,96500,584668.0
2026-09-21 10:58:00,6.05,6.06,6.05,6.05,77500,469344.0004
2026-09-21 10:59:00,6.05,6.06,6.05,6.05,306400,1854716.0122
2026-09-21 11:00:00,6.05,6.06,6.05,6.05,118100,715164.0022
2026-09-21 11:01:00,6.05,6.06,6.05,6.05,115700,700964.0018
2026-09-21 11:02:00,6.06,6.06,6.05,6.05,67300,407772.0
2026-09-21 11:03:00,6.05,6.06,6.05,6.06,170600,1033546.0015
2026-09-21 11:04:00,6.06,6.07,6.05,6.07,645600,3914669.002
2026-09-21 11:05:00,6.07,6.07,6.06,6.06,80300,487167.0
2026-09-21 11:06:00,6.07,6.07,6.05,6.05,643900,3902365.001
2026-09-21 11:07:00,6.06,6.07,6.05,6.06,200500,1215458.0
2026-09-21 11:08:00,6.06,6.06,6.05,6.06,71100,430712.0
2026-09-21 11:09:00,6.06,6.06,6.05,6.05,34100,206549.0
2026-09-21 11:10:00,6.06,6.06,6.05,6.05,111800,677190.0005
2026-09-21 11:11:00,6.06,6.07,6.05,6.06,189800,1150604.0
2026-09-21 11:12:00,6.07,6.07,6.06,6.06,50100,304034.0
2026-09-21 11:13:00,6.07,6.07,6.06,6.07,40900,248151.0
2026-09-21 11:14:00,6.07,6.07,6.06,6.06,295500,1791493.0
2026-09-21 11:15:00,6.06,6.07,6.06,6.07,125000,758042.0
2026-09-21 11:16:00,6.07,6.08,6.06,6.08,1363100,8277433.0
2026-09-21 11:17:00,6.08,6.08,6.07,6.07,610300,3705132.0
2026-09-21 11:18:00,6.06,6.08,6.06,6.07,107900,654728.0
2026-09-21 11:19:00,6.07,6.08,6.06,6.08,160700,974969.0
2026-09-21 11:20:00,6.07,6.08,6.06,6.07,214200,1300438.0
2026-09-21 11:21:00,6.07,6.08,6.06,6.07,67500,409560.0
2026-09-21 11:22:00,6.06,6.07,6.06,6.07,62400,378653.0
2026-09-21 11:23:00,6.06,6.07,6.06,6.07,85500,518905.0
2026-09-21 11:24:00,6.06,6.07,6.06,6.07,198400,1204134.0
2026-09-21 11:25:00,6.06,6.07,6.06,6.07,100200,607798.0
2026-09-21 11:26:00,6.07,6.07,6.06,6.07,93900,569766.0
2026-09-21 11:27:00,6.07,6.07,6.06,6.07,130200,789465.0
2026-09-21 11:28:00,6.06,6.07,6.06,6.07,175400,1064299.0
2026-09-21 11:29:00,6.06,6.07,6.06,6.07,225200,1366034.0
2026-09-21 11:30:00,6.07,6.07,6.06,6.07,115900,703267.0
2026-09-21 13:01:00,6.06,6.08,6.06,6.06,780900,4739501.0
2026-09-21 13:02:00,6.06,6.07,6.06,6.07,140000,849533.0
2026-09-21 13:03:00,6.07,6.07,6.06,6.07,620470,3760348.1728
2026-09-21 13:04:00,6.07,6.07,6.06,6.07,62600,379782.001
2026-09-21 13:05:00,6.07,6.07,6.06,6.07,158400,961085.9986
2026-09-21 13:06:00,6.07,6.07,6.06,6.07,268500,1628959.0032
2026-09-21 13:07:00,6.06,6.07,6.06,6.07,116300,705814.9997
2026-09-21 13:08:00,6.07,6.08,6.06,6.08,485800,2948620.0
2026-09-21 13:09:00,6.08,6.08,6.07,6.08,136600,829791.0
2026-09-21 13:10:00,6.08,6.08,6.07,6.08,87600,532423.0
2026-09-21 13:11:00,6.07,6.08,6.07,6.08,96600,587150.0
2026-09-21 13:12:00,6.08,6.08,6.07,6.08,66900,406650.0
2026-09-21 13:13:00,6.08,6.08,6.07,6.08,118000,717185.0
2026-09-21 13:14:00,6.08,6.08,6.07,6.08,83200,505582.0
2026-09-21 13:15:00,6.07,6.08,6.07,6.08,141200,858430.0
2026-09-21 13:16:00,6.07,6.09,6.07,6.09,2682800,16320349.0471
2026-09-21 13:17:00,6.09,6.09,6.08,6.09,154500,940749.0042
2026-09-21 13:18:00,6.09,6.09,6.08,6.09,112600,685640.0022
2026-09-21 13:19:00,6.09,6.09,6.08,6.09,213200,1297949.019
2026-09-21 13:20:00,6.09,6.09,6.08,6.09,104700,637348.0
2026-09-21 13:21:00,6.08,6.09,6.08,6.09,126800,772013.0051
2026-09-21 13:22:00,6.09,6.09,6.08,6.08,575700,3500928.0075
2026-09-21 13:23:00,6.08,6.09,6.08,6.09,88300,537291.0
2026-09-21 13:24:00,6.09,6.1,6.08,6.1,1743520,10617765.9171
2026-09-21 13:25:00,6.09,6.1,6.08,6.09,784700,4784762.0125
2026-09-21 13:26:00,6.1,6.1,6.09,6.1,318000,1938650.006
2026-09-21 13:27:00,6.1,6.1,6.09,6.1,331800,2023751.0033
2026-09-21 13:28:00,6.1,6.1,6.08,6.1,1327280,8086789.2742
2026-09-21 13:29:00,6.1,6.1,6.08,6.09,357500,2177894.0
2026-09-21 13:30:00,6.09,6.09,6.08,6.09,52500,319656.0
2026-09-21 13:31:00,6.08,6.09,6.08,6.09,78200,476199.0
2026-09-21 13:32:00,6.08,6.09,6.08,6.09,177700,1082043.0
2026-09-21 13:33:00,6.08,6.09,6.08,6.09,672800,4097214.0
2026-09-21 13:34:00,6.09,6.1,6.09,6.1,113800,693414.0
2026-09-21 13:35:00,6.09,6.1,6.09,6.1,98200,598571.0
2026-09-21 13:36:00,6.1,6.1,6.08,6.09,332100,2022357.0
2026-09-21 13:37:00,6.08,6.1,6.08,6.09,360000,2192629.0
2026-09-21 13:38:00,6.09,6.1,6.08,6.08,179900,1095569.0
2026-09-21 13:39:00,6.08,6.1,6.08,6.09,274400,1671393.0
2026-09-21 13:40:00,6.09,6.1,6.09,6.09,69400,423061.0
2026-09-21 13:41:00,6.09,6.1,6.08,6.09,260400,1586169.9088
2026-09-21 13:42:00,6.09,6.09,6.08,6.08,48600,295837.0
2026-09-21 13:43:00,6.09,6.09,6.08,6.08,262400,1597671.0
2026-09-21 13:44:00,6.08,6.1,6.08,6.1,239800,1460752.0
2026-09-21 13:45:00,6.1,6.1,6.08,6.09,145500,885965.0
2026-09-21 13:46:00,6.08,6.09,6.08,6.08,114910,699249.7999
2026-09-21 13:47:00,6.08,6.09,6.08,6.09,53500,325650.999
2026-09-21 13:48:00,6.09,6.09,6.08,6.09,116300,707983.0
2026-09-21 13:49:00,6.09,6.09,6.08,6.08,128200,780598.0
2026-09-21 13:50:00,6.08,6.09,6.08,6.08,127300,774834.9979
2026-09-21 13:51:00,6.08,6.09,6.08,6.08,73000,444298.9997
2026-09-21 13:52:00,6.08,6.09,6.08,6.08,147700,898573.9999
2026-09-21 13:53:00,6.09,6.09,6.08,6.09,78700,478861.9991
2026-09-21 13:54:00,6.08,6.09,6.08,6.09,122600,746372.9986
2026-09-21 13:55:00,6.08,6.09,6.08,6.09,57200,348127.9986
2026-09-21 13:56:00,6.08,6.09,6.08,6.09,80400,489500.0
2026-09-21 13:57:00,6.09,6.09,6.08,6.09,351800,2141959.9984
2026-09-21 13:58:00,6.09,6.09,6.08,6.09,802200,4882773.0202
2026-09-21 13:59:00,6.08,6.1,6.08,6.09,550500,3352232.0162
2026-09-21 14:00:00,6.08,6.09,6.08,6.09,1008400,6138454.9997
2026-09-21 14:01:00,6.09,6.09,6.08,6.09,163300,994394.0
2026-09-21 14:02:00,6.09,6.09,6.08,6.09,73400,446815.0
2026-09-21 14:03:00,6.08,6.09,6.08,6.09,665000,4043589.9887
2026-09-21 14:04:00,6.09,6.09,6.08,6.08,419200,2549022.0
2026-09-21 14:05:00,6.09,6.09,6.08,6.09,79500,483671.0
2026-09-21 14:06:00,6.08,6.09,6.08,6.08,48300,293856.0
2026-09-21 14:07:00,6.09,6.09,6.08,6.08,88400,537836.0
2026-09-21 14:08:00,6.08,6.09,6.08,6.08,106300,646813.0
2026-09-21 14:09:00,6.09,6.09,6.08,6.09,54600,332270.0
2026-09-21 14:10:00,6.08,6.09,6.08,6.09,232300,1414407.0
2026-09-21 14:11:00,6.09,6.09,6.08,6.08,267100,1626366.0
2026-09-21 14:12:00,6.09,6.09,6.08,6.09,682600,4156917.0
2026-09-21 14:13:00,6.09,6.09,6.08,6.09,90900,553414.0
2026-09-21 14:14:00,6.09,6.09,6.08,6.09,87400,531779.0
2026-09-21 14:15:00,6.09,6.09,6.08,6.09,83600,508928.0
2026-09-21 14:16:00,6.08,6.09,6.08,6.09,67200,408969.0
2026-09-21 14:17:00,6.09,6.09,6.08,6.09,74500,453465.0
2026-09-21 14:18:00,6.09,6.09,6.08,6.08,74400,452764.0
2026-09-21 14:19:00,6.09,6.09,6.08,6.09,86600,527232.0
2026-09-21 14:20:00,6.09,6.09,6.08,6.09,89400,544097.0
2026-09-21 14:21:00,6.09,6.09,6.07,6.08,2131200,12957716.0
2026-09-21 14:22:00,6.09,6.09,6.08,6.09,94700,575992.0
2026-09-21 14:23:00,6.08,6.09,6.07,6.08,685300,4164997.0
2026-09-21 14:24:00,6.08,6.08,6.07,6.08,89300,542747.0
2026-09-21 14:25:00,6.07,6.08,6.07,6.08,316400,1923342.0
2026-09-21 14:26:00,6.08,6.09,6.07,6.08,506200,3077097.0
2026-09-21 14:27:00,6.08,6.08,6.07,6.08,73500,446731.0
2026-09-21 14:28:00,6.08,6.09,6.07,6.08,240800,1463521.0
2026-09-21 14:29:00,6.07,6.09,6.07,6.08,160700,976731.0
2026-09-21 14:30:00,6.07,6.09,6.07,6.08,231800,1408915.0
2026-09-21 14:31:00,6.07,6.09,6.07,6.07,422300,2567375.0
2026-09-21 14:32:00,6.08,6.09,6.07,6.08,672400,4087823.0
2026-09-21 14:33:00,6.08,6.09,6.08,6.08,47100,286547.0
2026-09-21 14:34:00,6.08,6.09,6.07,6.08,383400,2330985.0
2026-09-21 14:35:00,6.08,6.09,6.08,6.08,61600,374552.0
2026-09-21 14:36:00,6.08,6.09,6.07,6.08,284600,1730362.0
2026-09-21 14:37:00,6.08,6.09,6.08,6.08,24300,147810.0
2026-09-21 14:38:00,6.08,6.09,6.08,6.08,40800,248222.0
2026-09-21 14:39:00,6.08,6.09,6.08,6.08,79600,484334.0
2026-09-21 14:40:00,6.09,6.09,6.08,6.08,127200,773818.0
2026-09-21 14:41:00,6.08,6.09,6.08,6.08,89200,542594.0
2026-09-21 14:42:00,6.09,6.09,6.08,6.08,95000,578146.0
2026-09-21 14:43:00,6.08,6.09,6.08,6.08,201700,1227822.0
2026-09-21 14:44:00,6.09,6.09,6.08,6.08,160500,976721.0
2026-09-21 14:45:00,6.09,6.09,6.08,6.09,376600,2292915.0
2026-09-21 14:46:00,6.09,6.09,6.08,6.09,190800,1161373.0
2026-09-21 14:47:00,6.08,6.09,6.08,6.08,687400,4180764.0
2026-09-21 14:48:00,6.08,6.09,6.08,6.09,790700,4812455.0
2026-09-21 14:49:00,6.08,6.09,6.08,6.08,377500,2296496.0
2026-09-21 14:50:00,6.09,6.09,6.08,6.09,440900,2682587.0
2026-09-21 14:51:00,6.08,6.09,6.08,6.08,793200,4823427.0
2026-09-21 14:52:00,6.09,6.09,6.07,6.08,531100,3230655.0
2026-09-21 14:53:00,6.08,6.09,6.08,6.08,456000,2774129.0
2026-09-21 14:54:00,6.08,6.09,6.07,6.08,555700,3380481.0
2026-09-21 14:55:00,6.08,6.09,6.08,6.08,615000,3743443.0
2026-09-21 14:56:00,6.08,6.09,6.08,6.08,360274,2192970.92
2026-09-21 14:57:00,6.08,6.1,6.08,6.09,709476,4319223.078
2026-09-21 15:00:00,6.08,6.08,6.08,6.08,916800,5574144.0
2026-09-22 09:31:00,6.08,6.09,6.05,6.07,2464200,14963386.0
2026-09-22 09:32:00,6.06,6.07,6.05,6.06,513900,3114905.0
2026-09-22 09:33:00,6.06,6.07,6.05,6.06,885800,5367868.0
2026-09-22 09:34:00,6.07,6.07,6.05,6.06,696900,4221588.001
2026-09-22 09:35:00,6.06,6.06,6.05,6.06,447800,2711066.0054
2026-09-22 09:36:00,6.05,6.06,6.04,6.06,2554500,15455216.0186
2026-09-22 09:37:00,6.05,6.07,6.04,6.05,1494300,9043413.0132
2026-09-22 09:38:00,6.04,6.06,6.04,6.06,550800,3331543.0024
2026-09-22 09:39:00,6.05,6.07,6.05,6.07,547400,3316424.0015
2026-09-22 09:40:00,6.06,6.07,6.05,6.06,949000,5748244.0029
2026-09-22 09:41:00,6.05,6.06,6.05,6.06,373700,2264238.0005
2026-09-22 09:42:00,6.05,6.06,6.04,6.05,3683400,22288059.1987
2026-09-22 09:43:00,6.05,6.06,6.04,6.06,1231543,7452170.7402
2026-09-22 09:44:00,6.05,6.06,6.02,6.03,5688557,34326137.0155
2026-09-22 09:45:00,6.03,6.04,6.02,6.03,956600,5766629.0421
2026-09-22 09:46:00,6.03,6.04,6.02,6.03,622300,3750392.031
2026-09-22 09:47:00,6.03,6.03,6.0,6.0,3962800,23832815.3728
2026-09-22 09:48:00,6.01,6.01,6.0,6.0,1347800,8089805.0579
2026-09-22 09:49:00,6.01,6.02,5.99,5.99,5149500,30898291.071
2026-09-22 09:50:00,5.99,6.0,5.98,5.99,1604800,9608454.8778
2026-09-22 09:51:00,5.99,6.0,5.98,5.98,1360700,8146991.8629
2026-09-22 09:52:00,5.99,6.0,5.98,5.98,942900,5644902.9021
2026-09-22 09:53:00,5.99,6.0,5.98,5.99,946300,5665138.9307
2026-09-22 09:54:00,5.98,5.99,5.96,5.97,8468500,50591089.77
2026-09-22 09:55:00,5.97,5.99,5.97,5.97,1275800,7625716.9564
2026-09-22 09:56:00,5.98,5.98,5.97,5.97,1276500,7624915.9056
2026-09-22 09:57:00,5.97,5.99,5.97,5.98,1786600,10681103.9722
2026-09-22 09:58:00,5.97,5.98,5.97,5.98,525900,3142525.9817
2026-09-22 09:59:00,5.98,5.99,5.97,5.97,846600,5059846.9828
2026-09-22 10:00:00,5.97,5.98,5.97,5.97,501800,2998648.9911
2026-09-22 10:01:00,5.98,5.99,5.97,5.98,4330300,25882013.8341
2026-09-22 10:02:00,5.98,6.0,5.97,5.99,1885100,11289077.8691
2026-09-22 10:03:00,5.99,5.99,5.98,5.98,110400,660577.9978
2026-09-22 10:04:00,5.99,5.99,5.98,5.98,647300,3875105.8745
2026-09-22 10:05:00,5.98,5.99,5.98,5.98,129900,777144.9976
2026-09-22 10:06:00,5.98,5.99,5.98,5.98,169500,1014020.9897
2026-09-22 10:07:00,5.99,5.99,5.98,5.98,183700,1098864.9976
2026-09-22 10:08:00,5.98,5.99,5.98,5.99,153600,919157.9933
2026-09-22 10:09:00,5.98,5.99,5.98,5.98,308800,1847780.989
2026-09-22 10:10:00,5.98,5.99,5.98,5.99,829300,4960541.9847
2026-09-22 10:11:00,5.98,5.99,5.98,5.98,441100,2640119.9708
2026-09-22 10:12:00,5.98,5.99,5.98,5.99,229500,1372766.9939
2026-09-22 10:13:00,5.99,5.99,5.98,5.98,246400,1474715.9824
2026-09-22 10:14:00,5.99,5.99,5.98,5.98,507000,3032487.9943
2026-09-22 10:15:00,5.98,6.0,5.98,5.98,2556300,15310653.7567
2026-09-22 10:16:00,5.98,5.99,5.98,5.99,227800,1363723.9868
2026-09-22 10:17:00,5.99,5.99,5.98,5.98,201500,1206263.9757
2026-09-22 10:18:00,5.99,5.99,5.98,5.98,249300,1492441.9756
2026-09-22 10:19:00,5.98,5.99,5.98,5.98,198300,1186271.9937
2026-09-22 10:20:00,5.98,5.99,5.97,5.98,1995100,11925396.9547
2026-09-22 10:21:00,5.97,5.98,5.97,5.98,461900,2760076.9912
2026-09-22 10:22:00,5.97,5.98,5.97,5.97,361300,2159343.9943
2026-09-22 10:23:00,5.98,5.98,5.97,5.97,265800,1587521.9814
2026-09-22 10:24:00,5.97,5.98,5.97,5.97,585300,3498839.9946
2026-09-22 10:25:00,5.97,5.98,5.97,5.97,253900,1516383.9869
2026-09-22 10:26:00,5.97,5.98,5.97,5.98,170400,1018276.9976
2026-09-22 10:27:00,5.98,5.98,5.97,5.97,317400,1895255.9813
2026-09-22 10:28:00,5.98,5.98,5.97,5.97,183500,1096210.9939
2026-09-22 10:29:00,5.98,5.98,5.97,5.97,279600,1669934.9856
2026-09-22 10:30:00,5.97,5.98,5.97,5.97,461300,2756232.9823
2026-09-22 10:31:00,5.97,5.98,5.97,5.97,206700,1234679.9982
2026-09-22 10:32:00,5.98,5.98,5.97,5.98,250800,1498165.9932
2026-09-22 10:33:00,5.97,5.98,5.97,5.98,165500,988786.9976
2026-09-22 10:34:00,5.98,5.98,5.97,5.98,189700,1133660.9967
2026-09-22 10:35:00,5.97,5.98,5.97,5.98,141700,846844.9967
2026-09-22 10:36:00,5.97,5.98,5.97,5.97,283900,1695833.9824
2026-09-22 10:37:00,5.97,5.98,5.97,5.97,296600,1772443.9945
2026-09-22 10:38:00,5.97,5.98,5.97,5.97,253700,1515674.9913
2026-09-22 10:39:00,5.97,5.98,5.96,5.96,3201800,19113652.7246
2026-09-22 10:40:00,5.96,5.97,5.96,5.97,450900,2688380.9894
2026-09-22 10:41:00,5.97,5.98,5.96,5.98,2432300,14521105.6661
2026-09-22 10:42:00,5.98,5.98,5.97,5.97,159000,950227.9935
2026-09-22 10:43:00,5.97,5.98,5.97,5.97,218700,1306315.9873
2026-09-22 10:44:00,5.97,5.98,5.97,5.97,177400,1059337.9795
2026-09-22 10:45:00,5.97,5.98,5.97,5.98,470550,2810503.4633
2026-09-22 10:46:00,5.97,5.98,5.97,5.97,270000,1612732.9755
2026-09-22 10:47:00,5.97,5.98,5.97,5.97,326700,1951011.9673
2026-09-22 10:48:00,5.97,5.98,5.97,5.97,381400,2277428.9786
2026-09-22 10:49:00,5.97,5.98,5.97,5.97,327100,1953150.9733
2026-09-22 10:50:00,5.97,5.98,5.97,5.97,341000,2037210.9828
2026-09-22 10:51:00,5.97,5.98,5.97,5.97,286700,1712516.98
2026-09-22 10:52:00,5.98,5.98,5.97,5.97,379100,2264587.9711
2026-09-22 10:53:00,5.97,5.98,5.97,5.97,304400,1817854.9705
2026-09-22 10:54:00,5.97,5.98,5.97,5.97,285300,1704200.9854
2026-09-22 10:55:00,5.97,5.98,5.97,5.97,331100,1977231.9763
2026-09-22 10:56:00,5.97,5.98,5.97,5.97,212700,1270204.9877
2026-09-22 10:57:00,5.97,5.98,5.97,5.97,338800,2023147.9817
2026-09-22 10:58:00,5.97,5.98,5.97,5.97,678400,4050749.9557
2026-09-22 10:59:00,5.97,5.98,5.96,5.96,2082200,12426585.3387
2026-09-22 11:00:00,5.97,5.97,5.96,5.96,882100,5260871.9769
2026-09-22 11:01:00,5.96,5.97,5.96,5.96,400100,2385598.9871
2026-09-22 11:02:00,5.96,5.97,5.96,5.97,225200,1343260.9888
2026-09-22 11:03:00,5.96,5.97,5.96,5.96,292200,1742794.9858
2026-09-22 11:04:00,5.97,5.97,5.96,5.96,454400,2709350.9917
2026-09-22 11:05:00,5.97,5.97,5.96,5.96,611100,3647185.9594
2026-09-22 11:06:00,5.97,5.97,5.96,5.96,326600,1948529.9724
2026-09-22 11:07:00,5.96,5.97,5.96,5.96,280900,1675612.984
2026-09-22 11:08:00,5.96,5.97,5.96,5.96,311000,1855725.9814
2026-09-22 11:09:00,5.97,5.98,5.96,5.97,1323700,7902929.89
2026-09-22 11:10:00,5.97,5.98,5.97,5.98,145200,867299.9904
2026-09-22 11:11:00,5.97,5.98,5.97,5.97,268400,1602850.9819
2026-09-22 11:12:00,5.97,5.98,5.97,5.97,303600,1812739.9833
2026-09-22 11:13:00,5.97,5.98,5.96,5.96,514300,3067989.9835
2026-09-22 11:14:00,5.97,5.97,5.96,5.96,289600,1727373.9884
2026-09-22 11:15:00,5.96,5.97,5.96,5.96,113500,677409.994
2026-09-22 11:16:00,5.97,5.97,5.96,5.96,187300,1118120.9882
2026-09-22 11:17:00,5.97,5.97,5.96,5.96,175000,1044649.9658
2026-09-22 11:18:00,5.96,5.97,5.96,5.96,215300,1284964.9843
2026-09-22 11:19:00,5.97,5.97,5.96,5.96,179300,1070371.9836
2026-09-22 11:20:00,5.96,5.97,5.96,5.97,253500,1513314.9789
2026-09-22 11:21:00,5.96,5.97,5.96,5.97,145400,868027.9802
2026-09-22 11:22:00,5.97,5.97,5.96,5.97,95600,570709.985
2026-09-22 11:23:00,5.96,5.97,5.96,5.97,354200,2114545.9814
2026-09-22 11:24:00,5.96,5.97,5.96,5.97,251500,1501135.9728
2026-09-22 11:25:00,5.97,5.98,5.96,5.97,1002200,5988192.1928
2026-09-22 11:26:00,5.97,5.98,5.97,5.97,349800,2088550.9843
2026-09-22 11:27:00,5.97,5.98,5.97,5.97,100800,602142.9957
2026-09-22 11:28:00,5.98,5.98,5.97,5.97,112500,671820.9926
2026-09-22 11:29:00,5.97,5.98,5.97,5.97,101300,605510.9992
2026-09-22 11:30:00,5.98,5.98,5.97,5.98,58200,347849.9979
2026-09-22 13:01:00,5.98,5.99,5.97,5.98,1524900,9117875.9812
2026-09-22 13:02:00,5.99,5.99,5.97,5.99,266600,1594477.9956
2026-09-22 13:03:00,5.98,5.99,5.98,5.98,59100,353837.9895
2026-09-22 13:04:00,5.98,5.99,5.98,5.99,68200,408412.9956
2026-09-22 13:05:00,5.98,5.99,5.98,5.99,132000,789919.9906
2026-09-22 13:06:00,5.98,5.99,5.98,5.99,70000,418942.9927
2026-09-22 13:07:00,5.98,5.99,5.98,5.99,89900,537954.999
2026-09-22 13:08:00,5.98,5.99,5.98,5.98,70700,423126.9995
2026-09-22 13:09:00,5.98,5.99,5.98,5.99,141100,844137.9988
2026-09-22 13:10:00,5.98,5.98,5.97,5.98,624100,3731665.9945
2026-09-22 13:11:00,5.98,5.98,5.97,5.98,50800,303567.9999
2026-09-22 13:12:00,5.98,5.98,5.97,5.98,124200,741630.9952
2026-09-22 13:13:00,5.97,5.98,5.97,5.98,116000,693170.9995
2026-09-22 13:14:00,5.98,5.98,5.97,5.97,59200,353494.9949
2026-09-22 13:15:00,5.97,5.98,5.97,5.97,190600,1138605.9916
2026-09-22 13:16:00,5.98,5.98,5.97,5.98,404400,2418127.9988
2026-09-22 13:17:00,5.97,5.99,5.97,5.98,1355600,8106807.9983
2026-09-22 13:18:00,5.97,5.98,5.97,5.98,74300,443847.9935
2026-09-22 13:19:00,5.97,5.98,5.97,5.98,41300,246965.0
2026-09-22 13:20:00,5.98,5.98,5.97,5.98,82100,490765.9988
2026-09-22 13:21:00,5.98,5.99,5.97,5.98,1531730,9160232.3927
2026-09-22 13:22:00,5.98,5.99,5.98,5.98,32200,192778.9941
2026-09-22 13:23:00,5.98,5.99,5.98,5.99,159400,954762.9795
2026-09-22 13:24:00,5.98,5.99,5.95,5.96,7499700,44728132.2212
2026-09-22 13:25:00,5.97,5.97,5.96,5.96,88400,527126.9989
2026-09-22 13:26:00,5.97,5.97,5.96,5.96,693100,4137545.9054
2026-09-22 13:27:00,5.97,5.97,5.96,5.97,219700,1310087.9921
2026-09-22 13:28:00,5.96,5.97,5.96,5.97,253400,1510675.9963
2026-09-22 13:29:00,5.96,5.97,5.95,5.95,1984200,11821078.9742
2026-09-22 13:30:00,5.96,5.97,5.96,5.96,112800,672549.9994
2026-09-22 13:31:00,5.96,5.97,5.95,5.97,768200,4578317.9913
2026-09-22 13:32:00,5.96,5.97,5.95,5.96,471900,2813477.9818
2026-09-22 13:33:00,5.96,5.97,5.95,5.95,433200,2580231.9899
2026-09-22 13:34:00,5.96,5.96,5.95,5.96,260600,1551685.9932
2026-09-22 13:35:00,5.96,5.96,5.95,5.95,763800,4546852.9971
2026-09-22 13:36:00,5.96,5.96,5.95,5.96,853400,5085450.9983
2026-09-22 13:37:00,5.96,5.97,5.95,5.96,555400,3310032.9988
2026-09-22 13:38:00,5.96,5.97,5.95,5.96,382000,2276672.9969
2026-09-22 13:39:00,5.96,5.96,5.95,5.96,725000,4319245.9912
2026-09-22 13:40:00,5.95,5.96,5.95,5.96,83900,499768.0
2026-09-22 13:41:00,5.96,5.96,5.95,5.95,229300,1365905.9946
2026-09-22 13:42:00,5.96,5.97,5.95,5.96,864400,5152269.9854
2026-09-22 13:43:00,5.96,5.97,5.96,5.97,51300,306091.9995
2026-09-22 13:44:00,5.96,5.97,5.96,5.97,861200,5141283.9302
2026-09-22 13:45:00,5.97,5.97,5.96,5.97,122200,729501.9879
2026-09-22 13:46:00,5.97,5.98,5.96,5.97,966600,5770584.91
2026-09-22 13:47:00,5.97,5.97,5.96,5.97,114100,681174.9902
2026-09-22 13:48:00,5.97,5.97,5.96,5.97,52000,310386.9965
2026-09-22 13:49:00,5.96,5.97,5.96,5.97,224400,1339588.9781
2026-09-22 13:50:00,5.96,5.97,5.96,5.96,69800,416622.9934
2026-09-22 13:51:00,5.97,5.98,5.96,5.97,638700,3813115.9528
2026-09-22 13:52:00,5.97,5.98,5.96,5.96,1249700,7451429.9803
2026-09-22 13:53:00,5.97,5.97,5.96,5.97,100200,597721.994
2026-09-22 13:54:00,5.96,5.97,5.96,5.97,67700,404077.9943
2026-09-22 13:55:00,5.97,5.97,5.96,5.97,93000,555148.9923
2026-09-22 13:56:00,5.97,5.97,5.96,5.96,93400,557531.9855
2026-09-22 13:57:00,5.96,5.97,5.96,5.97,1026900,6129651.8861
2026-09-22 13:58:00,5.96,5.98,5.96,5.97,256800,1533722.9828
2026-09-22 13:59:00,5.97,5.99,5.97,5.98,2276500,13613180.9089
2026-09-22 14:00:00,5.99,5.99,5.98,5.98,67200,402273.9929
2026-09-22 14:01:00,5.99,5.99,5.98,5.98,313200,1873179.9949
2026-09-22 14:02:00,5.98,5.99,5.98,5.98,174000,1040954.9951
2026-09-22 14:03:00,5.98,5.99,5.98,5.98,50700,303328.0
2026-09-22 14:04:00,5.98,6.0,5.98,5.99,1973300,11821154.7568
2026-09-22 14:05:00,5.99,6.0,5.99,5.99,131800,789771.9946
2026-09-22 14:06:00,6.0,6.0,5.99,6.0,937000,5621618.9962
2026-09-22 14:07:00,6.0,6.01,5.99,6.01,1483600,8902117.0046
2026-09-22 14:08:00,6.0,6.01,5.99,6.0,636800,3821275.0052
2026-09-22 14:09:00,6.01,6.01,6.0,6.0,334700,2008731.0
2026-09-22 14:10:00,6.0,6.01,6.0,6.0,227600,1365885.0034
2026-09-22 14:11:00,6.0,6.01,5.99,6.0,535000,3210192.9996
2026-09-22 14:12:00,6.0,6.01,6.0,6.01,115100,691479.0088
2026-09-22 14:13:00,6.01,6.01,6.0,6.0,101700,610717.0049
2026-09-22 14:14:00,6.0,6.01,6.0,6.0,96400,578716.0045
2026-09-22 14:15:00,6.01,6.01,6.0,6.0,77500,465301.0016
2026-09-22 14:16:00,6.0,6.01,5.99,6.0,1405300,8431940.0033
2026-09-22 14:17:00,6.01,6.01,5.98,5.99,6340500,37981305.7017
2026-09-22 14:18:00,6.0,6.01,5.99,6.0,784400,4706337.9978
2026-09-22 14:19:00,6.0,6.01,5.99,5.99,216400,1297524.9856
2026-09-22 14:20:00,5.99,6.0,5.99,6.0,265100,1588297.9785
2026-09-22 14:21:00,5.99,6.0,5.98,5.99,815700,4884632.9252
2026-09-22 14:22:00,5.99,5.99,5.98,5.99,312800,1872378.9694
2026-09-22 14:23:00,5.99,5.99,5.98,5.98,203200,1216204.9795
2026-09-22 14:24:00,5.98,5.99,5.98,5.99,455300,2723368.9863
2026-09-22 14:25:00,5.99,5.99,5.98,5.98,217200,1300525.9579
2026-09-22 14:26:00,5.98,5.99,5.98,5.98,142300,851160.9972
2026-09-22 14:27:00,5.99,5.99,5.98,5.98,170700,1021541.9794
2026-09-22 14:28:00,5.99,5.99,5.98,5.99,99800,597317.9924
2026-09-22 14:29:00,5.99,5.99,5.98,5.98,177200,1059863.999
2026-09-22 14:30:00,5.98,5.99,5.98,5.99,134400,803889.9969
2026-09-22 14:31:00,5.98,5.99,5.98,5.99,399300,2388906.991
2026-09-22 14:32:00,5.98,5.99,5.98,5.98,130000,777904.9938
2026-09-22 14:33:00,5.98,5.99,5.98,5.98,217100,1298582.9961
2026-09-22 14:34:00,5.99,5.99,5.98,5.98,128300,767746.9917
2026-09-22 14:35:00,5.98,5.99,5.98,5.99,164000,981063.9943
2026-09-22 14:36:00,5.99,5.99,5.98,5.98,590500,3531820.993
2026-09-22 14:37:00,5.99,5.99,5.97,5.98,603300,3606972.9877
2026-09-22 14:38:00,5.98,5.99,5.97,5.98,609600,3643568.9218
2026-09-22 14:39:00,5.98,5.99,5.97,5.98,189500,1133809.9911
2026-09-22 14:40:00,5.99,5.99,5.96,5.98,3498200,20881163.8916
2026-09-22 14:41:00,5.98,5.98,5.97,5.97,262200,1566125.9751
2026-09-22 14:42:00,5.97,5.98,5.97,5.97,111200,664107.9907
2026-09-22 14:43:00,5.97,5.98,5.96,5.98,463100,2765264.9766
2026-09-22 14:44:00,5.97,5.98,5.96,5.97,320300,1912155.9791
2026-09-22 14:45:00,5.97,5.98,5.96,5.97,460400,2747847.9723
2026-09-22 14:46:00,5.97,5.98,5.96,5.97,2064700,12316204.8705
2026-09-22 14:47:00,5.97,5.98,5.97,5.98,163800,977949.9835
2026-09-22 14:48:00,5.97,5.98,5.96,5.96,854200,5098626.9357
2026-09-22 14:49:00,5.96,5.98,5.96,5.97,205500,1226872.9865
2026-09-22 14:50:00,5.97,5.98,5.96,5.97,363700,2171263.9628
2026-09-22 14:51:00,5.98,5.98,5.97,5.98,97600,583055.9929
2026-09-22 14:52:00,5.98,5.98,5.97,5.97,291600,1741577.989
2026-09-22 14:53:00,5.97,5.98,5.97,5.98,286800,1713645.9841
2026-09-22 14:54:00,5.97,5.98,5.97,5.97,362800,2168694.9924
2026-09-22 14:55:00,5.97,5.98,5.97,5.98,295700,1767412.9965
2026-09-22 14:56:00,5.97,5.98,5.97,5.98,700800,4189981.9932
2026-09-22 14:57:00,5.98,5.99,5.97,5.98,1078500,6441665.9468
2026-09-22 15:00:00,5.98,5.98,5.98,5.98,531100,3175978.0
