day,open,high,low,close,volume,amount
2026-09-10 13:42:00,30.74,30.76,30.71,30.75,18700,574531.0
2026-09-10 13:43:00,30.74,30.75,30.71,30.72,16200,497920.0
2026-09-10 13:44:00,30.72,30.74,30.71,30.71,6800,208917.0
2026-09-10 13:45:00,30.71,30.74,30.71,30.73,13100,402456.0
2026-09-10 13:46:00,30.73,30.79,30.73,30.78,19100,587553.0
2026-09-10 13:47:00,30.78,30.8,30.78,30.8,13500,415762.0
2026-09-10 13:48:00,30.8,30.82,30.8,30.81,8600,264954.0
2026-09-10 13:49:00,30.82,30.84,30.8,30.8,23700,730565.0
2026-09-10 13:50:00,30.8,30.84,30.8,30.84,20035,617785.3984
2026-09-10 13:51:00,30.85,30.86,30.84,30.85,25300,780482.0
2026-09-10 13:52:00,30.85,30.86,30.84,30.85,15300,471955.0001
2026-09-10 13:53:00,30.85,30.85,30.84,30.84,10365,319681.6019
2026-09-10 13:54:00,30.84,30.85,30.83,30.85,8000,246720.0
2026-09-10 13:55:00,30.84,30.85,30.82,30.82,14500,447096.0
2026-09-10 13:56:00,30.83,30.83,30.81,30.81,5400,166428.0
2026-09-10 13:57:00,30.81,30.83,30.81,30.82,4300,132518.0
2026-09-10 13:58:00,30.82,30.83,30.81,30.82,3700,114033.0
2026-09-10 13:59:00,30.82,30.83,30.82,30.82,3900,120206.0
2026-09-10 14:00:00,30.82,30.83,30.81,30.82,5300,163347.0
2026-09-10 14:01:00,30.82,30.83,30.81,30.83,9600,295927.0
2026-09-10 14:02:00,30.83,30.84,30.82,30.82,5300,163377.0
2026-09-10 14:03:00,30.81,30.81,30.77,30.77,5500,169399.0
2026-09-10 14:04:00,30.75,30.81,30.74,30.8,21400,658702.0
2026-09-10 14:05:00,30.8,30.81,30.78,30.78,7300,224760.0
2026-09-10 14:06:00,30.78,30.8,30.78,30.78,9700,298666.0
2026-09-10 14:07:00,30.79,30.82,30.79,30.81,5700,175574.0
2026-09-10 14:08:00,30.8,30.8,30.78,30.78,8900,274070.0
2026-09-10 14:09:00,30.77,30.78,30.77,30.78,3600,110802.0
2026-09-10 14:10:00,30.78,30.79,30.78,30.78,6000,184682.0
2026-09-10 14:11:00,30.79,30.81,30.79,30.8,13200,406501.0
2026-09-10 14:12:00,30.81,30.82,30.81,30.82,13158,405481.98
2026-09-10 14:13:00,30.83,30.83,30.81,30.82,7600,234251.9995
2026-09-10 14:14:00,30.82,30.83,30.81,30.81,3600,110953.0
2026-09-10 14:15:00,30.83,30.83,30.82,30.83,6200,191129.0
2026-09-10 14:16:00,30.83,30.83,30.82,30.83,6000,184963.0
2026-09-10 14:17:00,30.83,30.84,30.83,30.84,4800,148008.0
2026-09-10 14:18:00,30.83,30.84,30.83,30.83,10096,311339.6802
2026-09-10 14:19:00,30.83,30.84,30.82,30.84,11700,360729.0
2026-09-10 14:20:00,30.83,30.84,30.83,30.84,8600,265175.0
2026-09-10 14:21:00,30.84,30.84,30.84,30.84,9100,280644.0
2026-09-10 14:22:00,30.84,30.84,30.83,30.83,11600,357710.0
2026-09-10 14:23:00,30.84,30.84,30.83,30.84,8200,252824.0
2026-09-10 14:24:00,30.83,30.84,30.83,30.83,8200,252809.0
2026-09-10 14:25:00,30.83,30.84,30.82,30.82,5000,154152.0
2026-09-10 14:26:00,30.83,30.83,30.82,30.82,8600,265091.0
2026-09-10 14:27:00,30.82,30.83,30.82,30.82,4400,135630.0
2026-09-10 14:28:00,30.82,30.84,30.82,30.83,13100,403865.0
2026-09-10 14:29:00,30.83,30.84,30.82,30.83,20400,628933.0
2026-09-10 14:30:00,30.83,30.84,30.83,30.83,7900,243608.0
2026-09-10 14:31:00,30.84,30.84,30.82,30.83,16300,502549.0
2026-09-10 14:32:00,30.84,30.84,30.83,30.83,8000,246716.0
2026-09-10 14:33:00,30.84,30.85,30.83,30.85,32800,1011647.0
2026-09-10 14:34:00,30.84,30.86,30.84,30.85,25800,795929.0
2026-09-10 14:35:00,30.85,30.86,30.85,30.86,23700,731359.0
2026-09-10 14:36:00,30.86,30.87,30.85,30.87,19200,592519.0
2026-09-10 14:37:00,30.87,30.96,30.87,30.96,89100,2752212.0
2026-09-10 14:38:00,30.96,31.35,30.96,31.29,177900,5542046.0
2026-09-10 14:39:00,31.27,31.54,31.2,31.54,170900,5357183.0
2026-09-10 14:40:00,31.53,31.6,31.34,31.53,115355,3634463.2012
2026-09-10 14:41:00,31.55,31.65,31.55,31.62,133300,4212051.0
2026-09-10 14:42:00,31.6,31.62,31.51,31.51,91045,2874798.8503
2026-09-10 14:43:00,31.51,31.51,31.27,31.32,46800,1467552.0
2026-09-10 14:44:00,31.3,31.46,31.3,31.46,45900,1440663.0
2026-09-10 14:45:00,31.45,31.5,31.38,31.38,26500,833121.0
2026-09-10 14:46:00,31.38,31.4,31.3,31.3,25600,802813.0
2026-09-10 14:47:00,31.3,31.35,31.3,31.35,38514,1206407.6191
2026-09-10 14:48:00,31.35,31.39,31.35,31.38,22600,709059.0
2026-09-10 14:49:00,31.38,31.4,31.38,31.39,36000,1129946.0
2026-09-10 14:50:00,31.38,31.38,31.32,31.32,46386,1454580.3779
2026-09-10 14:51:00,31.32,31.33,31.3,31.31,42881,1342750.2894
2026-09-10 14:52:00,31.31,31.32,31.22,31.24,55619,1739246.6963
2026-09-10 14:53:00,31.24,31.24,31.2,31.2,32200,1005152.0
2026-09-10 14:54:00,31.2,31.2,31.17,31.18,45500,1418923.0
2026-09-10 14:55:00,31.19,31.23,31.18,31.23,51693,1613338.46
2026-09-10 14:56:00,31.23,31.25,31.21,31.25,56200,1755067.0
2026-09-10 14:57:00,31.26,31.32,31.25,31.32,85881,2687058.6799
2026-09-10 15:00:00,31.3,31.3,31.3,31.3,85700,2682410.0
2026-09-11 09:31:00,31.06,31.06,30.51,30.51,194800,5996879.0
2026-09-11 09:32:00,30.52,30.6,30.45,30.51,127200,3882431.4702
2026-09-11 09:33:00,30.5,30.51,30.35,30.35,91300,2776094.0
2026-09-11 09:34:00,30.35,30.5,30.33,30.5,71100,2159254.0
2026-09-11 09:35:00,30.46,30.64,30.45,30.55,54200,1657296.0
2026-09-11 09:36:00,30.62,30.62,30.4,30.4,66500,2026060.0001
2026-09-11 09:37:00,30.37,30.4,30.35,30.36,45700,1387774.0
2026-09-11 09:38:00,30.35,30.35,30.11,30.11,135100,4088580.5485
2026-09-11 09:39:00,30.18,30.27,30.11,30.13,100900,3042606.0189
2026-09-11 09:40:00,30.19,30.27,30.13,30.27,18100,546787.001
2026-09-11 09:41:00,30.25,30.35,30.25,30.3,40900,1238706.9702
2026-09-11 09:42:00,30.3,30.31,30.25,30.3,22600,684365.0
2026-09-11 09:43:00,30.28,30.29,30.23,30.23,27700,838438.0
2026-09-11 09:44:00,30.23,30.34,30.22,30.34,19381,586603.25
2026-09-11 09:45:00,30.32,30.34,30.24,30.3,29700,899341.0
2026-09-11 09:46:00,30.3,30.33,30.3,30.31,8100,245502.0
2026-09-11 09:47:00,30.34,30.36,30.31,30.35,9200,278986.0
2026-09-11 09:48:00,30.35,30.36,30.33,30.34,23200,704176.0
2026-09-11 09:49:00,30.34,30.36,30.32,30.32,10700,324534.0
2026-09-11 09:50:00,30.32,30.33,30.3,30.3,45900,1391339.0
2026-09-11 09:51:00,30.29,30.3,30.22,30.22,25400,768309.0
2026-09-11 09:52:00,30.23,30.24,30.21,30.22,32000,966973.0
2026-09-11 09:53:00,30.23,30.24,30.22,30.24,29000,876827.0
2026-09-11 09:54:00,30.23,30.24,30.21,30.22,21500,649854.0
2026-09-11 09:55:00,30.22,30.23,30.21,30.22,19500,589202.0
2026-09-11 09:56:00,30.21,30.24,30.21,30.24,13900,420078.0
2026-09-11 09:57:00,30.23,30.23,30.21,30.21,18400,555948.0
2026-09-11 09:58:00,30.21,30.23,30.19,30.2,24300,734007.0
2026-09-11 09:59:00,30.2,30.23,30.16,30.17,33900,1023308.0
2026-09-11 10:00:00,30.16,30.18,30.16,30.17,9400,283531.0
2026-09-11 10:01:00,30.18,30.23,30.18,30.23,6200,187290.0
2026-09-11 10:02:00,30.23,30.24,30.19,30.22,11300,341373.0
2026-09-11 10:03:00,30.2,30.23,30.2,30.2,9800,296032.0
2026-09-11 10:04:00,30.2,30.24,30.2,30.24,3000,90642.0
2026-09-11 10:05:00,30.24,30.28,30.21,30.27,5400,163303.0
2026-09-11 10:06:00,30.28,30.28,30.2,30.2,32000,967190.0
2026-09-11 10:07:00,30.2,30.2,30.14,30.14,55600,1677400.0
2026-09-11 10:08:00,30.14,30.2,30.14,30.14,9000,271350.0
2026-09-11 10:09:00,30.15,30.17,30.14,30.15,6600,198953.0
2026-09-11 10:10:00,30.14,30.15,30.14,30.15,8200,247178.0
2026-09-11 10:11:00,30.15,30.15,30.1,30.1,59700,1798373.0
2026-09-11 10:12:00,30.1,30.1,29.97,29.97,107145,3216900.65
2026-09-11 10:13:00,29.97,30.0,29.93,29.94,31800,952762.6489
2026-09-11 10:14:00,29.94,29.95,29.9,29.92,34600,1035500.0
2026-09-11 10:15:00,29.94,29.95,29.9,29.9,25800,771873.0
2026-09-11 10:16:00,29.92,29.94,29.88,29.89,33700,1007606.0
2026-09-11 10:17:00,29.89,29.94,29.88,29.93,20700,618837.0
2026-09-11 10:18:00,29.93,30.0,29.93,29.99,9200,275592.0
2026-09-11 10:19:00,29.96,30.07,29.96,30.03,16600,498567.0
2026-09-11 10:20:00,30.03,30.03,30.01,30.01,9500,285148.0
2026-09-11 10:21:00,30.0,30.01,29.98,29.98,9100,272941.0
2026-09-11 10:22:00,30.0,30.08,29.97,30.07,18100,543695.0
2026-09-11 10:23:00,30.03,30.17,30.03,30.17,13100,394240.0
2026-09-11 10:24:00,30.11,30.16,30.09,30.09,8900,268130.0
2026-09-11 10:25:00,30.09,30.12,30.03,30.11,4900,147496.0
2026-09-11 10:26:00,30.11,30.11,30.09,30.09,5900,177592.0
2026-09-11 10:27:00,30.05,30.09,30.04,30.07,2000,60107.0
2026-09-11 10:28:00,30.07,30.07,30.05,30.05,11500,345625.0
2026-09-11 10:29:00,30.07,30.09,30.06,30.09,2600,78182.0
2026-09-11 10:30:00,30.1,30.12,30.05,30.05,17400,523200.0
2026-09-11 10:31:00,30.04,30.05,30.03,30.03,4600,138166.0
2026-09-11 10:32:00,30.03,30.05,30.03,30.05,11100,333354.0
2026-09-11 10:33:00,30.05,30.05,30.03,30.03,1500,45056.0
2026-09-11 10:34:00,30.03,30.05,30.03,30.05,6300,189200.0
2026-09-11 10:35:00,30.03,30.03,30.02,30.02,2100,63060.0
2026-09-11 10:36:00,30.03,30.05,30.02,30.02,2900,87062.0
2026-09-11 10:37:00,30.01,30.01,29.97,29.98,14500,434945.0
2026-09-11 10:38:00,30.0,30.0,29.96,29.96,8300,248823.0
2026-09-11 10:39:00,29.95,29.99,29.93,29.99,10100,302448.0
2026-09-11 10:40:00,30.0,30.05,30.0,30.05,4700,141067.0
2026-09-11 10:41:00,30.05,30.06,30.05,30.06,2300,69120.0
2026-09-11 10:42:00,30.06,30.08,30.06,30.06,3800,114254.0
2026-09-11 10:43:00,30.06,30.12,30.06,30.12,2000,60198.0
2026-09-11 10:44:00,30.1,30.14,30.07,30.12,9700,292179.0
2026-09-11 10:45:00,30.1,30.11,30.1,30.1,500,15052.0
2026-09-11 10:46:00,30.08,30.1,30.08,30.08,3700,111322.0
2026-09-11 10:47:00,30.08,30.11,30.08,30.11,7900,237750.0
2026-09-11 10:48:00,30.12,30.13,30.12,30.12,3100,93387.0
2026-09-11 10:49:00,30.12,30.17,30.11,30.17,4800,144654.0
2026-09-11 10:50:00,30.18,30.25,30.18,30.25,13500,407968.0
2026-09-11 10:51:00,30.24,30.25,30.21,30.25,16100,486755.0
2026-09-11 10:52:00,30.25,30.25,30.23,30.23,2800,84676.0
2026-09-11 10:53:00,30.23,30.25,30.23,30.24,2900,87708.0
2026-09-11 10:54:00,30.24,30.25,30.21,30.21,5300,160255.0
2026-09-11 10:55:00,30.21,30.22,30.21,30.21,2400,72509.0
2026-09-11 10:56:00,30.2,30.22,30.19,30.21,5800,175193.0
2026-09-11 10:57:00,30.19,30.21,30.18,30.18,800,24149.0
2026-09-11 10:58:00,30.22,30.24,30.22,30.24,6200,187416.0
2026-09-11 10:59:00,30.24,30.25,30.24,30.24,1900,57466.0
2026-09-11 11:00:00,30.24,30.26,30.24,30.26,3700,111926.0
2026-09-11 11:01:00,30.25,30.28,30.25,30.28,2600,78708.0
2026-09-11 11:02:00,30.29,30.29,30.26,30.26,6200,187637.0
2026-09-11 11:03:00,30.25,30.26,30.25,30.26,2900,87749.0
2026-09-11 11:04:00,30.27,30.29,30.27,30.29,5200,157498.0
2026-09-11 11:05:00,30.29,30.31,30.29,30.31,5500,166625.0
2026-09-11 11:06:00,30.31,30.31,30.3,30.31,4300,130303.0
2026-09-11 11:07:00,30.3,30.32,30.27,30.27,8000,242396.0
2026-09-11 11:08:00,30.27,30.32,30.27,30.28,5900,178822.0
2026-09-11 11:09:00,30.29,30.29,30.28,30.28,900,27260.0
2026-09-11 11:10:00,30.3,30.3,30.29,30.29,1500,45438.0
2026-09-11 11:11:00,30.28,30.31,30.28,30.31,3900,118154.0
2026-09-11 11:12:00,30.31,30.32,30.28,30.29,12700,384840.0
2026-09-11 11:13:00,30.28,30.28,30.26,30.28,11000,332997.0
2026-09-11 11:14:00,30.3,30.3,30.28,30.28,500,15142.0
2026-09-11 11:15:00,30.28,30.28,30.28,30.28,1000,30280.0
2026-09-11 11:16:00,30.28,30.31,30.28,30.31,3300,99986.0
2026-09-11 11:17:00,30.31,30.31,30.31,30.31,700,21217.0
2026-09-11 11:18:00,30.31,30.31,30.3,30.31,5300,160637.0
2026-09-11 11:19:00,30.31,30.33,30.31,30.31,14700,445615.0
2026-09-11 11:20:00,30.31,30.33,30.31,30.33,200,6064.0
2026-09-11 11:21:00,30.32,30.35,30.32,30.34,7000,212421.0
2026-09-11 11:22:00,30.34,30.38,30.34,30.36,6900,209445.0
2026-09-11 11:23:00,30.38,30.38,30.36,30.38,4100,124517.0
2026-09-11 11:24:00,30.38,30.4,30.38,30.39,8100,246173.0
2026-09-11 11:25:00,30.4,30.56,30.4,30.56,20300,618102.0
2026-09-11 11:26:00,30.56,30.57,30.51,30.56,10100,308561.0
2026-09-11 11:27:00,30.56,30.58,30.52,30.58,28000,855504.0
2026-09-11 11:28:00,30.58,30.59,30.56,30.56,20300,620652.0
2026-09-11 11:29:00,30.56,30.56,30.5,30.51,6800,207524.0
2026-09-11 11:30:00,30.51,30.51,30.42,30.45,10000,304756.0
2026-09-11 13:01:00,30.46,30.5,30.35,30.36,12200,370973.0
2026-09-11 13:02:00,30.36,30.36,30.35,30.36,1100,33389.0
2026-09-11 13:03:00,30.38,30.38,30.38,30.38,1000,30380.0
2026-09-11 13:04:00,30.49,30.58,30.49,30.58,12000,366521.0
2026-09-11 13:05:00,30.55,30.57,30.52,30.52,2300,70243.0
2026-09-11 13:06:00,30.55,30.55,30.39,30.4,2800,85203.0
2026-09-11 13:07:00,30.41,30.5,30.41,30.5,3400,103525.0
2026-09-11 13:08:00,30.55,30.55,30.5,30.5,8400,256210.0
2026-09-11 13:09:00,30.48,30.51,30.45,30.51,1900,57909.0
2026-09-11 13:10:00,30.5,30.51,30.46,30.51,3900,118977.0
2026-09-11 13:11:00,30.49,30.51,30.45,30.45,2800,85352.0
2026-09-11 13:12:00,30.44,30.44,30.4,30.41,1900,57788.0
2026-09-11 13:13:00,30.41,30.41,30.41,30.41,300,9123.0
2026-09-11 13:14:00,30.42,30.42,30.41,30.41,8200,249414.0
2026-09-11 13:15:00,30.42,30.42,30.41,30.42,6900,209866.0
2026-09-11 13:16:00,30.42,30.43,30.41,30.42,2800,85174.0
2026-09-11 13:17:00,30.41,30.43,30.41,30.43,2200,66925.0
2026-09-11 13:18:00,30.41,30.42,30.41,30.42,3500,106468.0
2026-09-11 13:19:00,30.42,30.42,30.42,30.42,3300,100386.0
2026-09-11 13:20:00,30.43,30.5,30.43,30.5,7200,219371.0
2026-09-11 13:21:00,30.5,30.5,30.46,30.47,11800,359583.0
2026-09-11 13:22:00,30.46,30.47,30.46,30.46,1800,54830.0
2026-09-11 13:23:00,30.46,30.46,30.44,30.45,3000,91361.0
2026-09-11 13:24:00,30.46,30.47,30.45,30.45,3000,91379.0
2026-09-11 13:25:00,30.45,30.45,30.44,30.44,1600,48719.0
2026-09-11 13:26:00,30.44,30.45,30.44,30.45,1100,33494.0
2026-09-11 13:27:00,30.44,30.45,30.43,30.43,10700,325802.0
2026-09-11 13:28:00,30.45,30.45,30.43,30.43,4800,146088.0
2026-09-11 13:29:00,30.45,30.46,30.44,30.46,1300,39588.0
2026-09-11 13:30:00,30.46,30.46,30.45,30.46,900,27413.0
2026-09-11 13:31:00,30.46,30.47,30.45,30.45,11800,359341.0
2026-09-11 13:32:00,30.45,30.46,30.45,30.45,5200,158344.0
2026-09-11 13:33:00,30.45,30.45,30.44,30.44,2600,79150.0
2026-09-11 13:34:00,30.44,30.44,30.43,30.44,2300,70010.0
2026-09-11 13:35:00,30.44,30.48,30.44,30.45,3600,109671.0
2026-09-11 13:36:00,30.48,30.49,30.45,30.49,3200,97508.0
2026-09-11 13:37:00,30.47,30.49,30.47,30.48,800,24385.0
2026-09-11 13:38:00,30.48,30.5,30.46,30.46,3200,97552.0
2026-09-11 13:39:00,30.5,30.51,30.5,30.5,10200,311174.0
2026-09-11 13:40:00,30.5,30.55,30.5,30.55,7000,213686.0
2026-09-11 13:41:00,30.55,30.56,30.55,30.55,6800,207752.0
2026-09-11 13:42:00,30.55,30.57,30.53,30.57,10600,323858.0
2026-09-11 13:43:00,30.56,30.59,30.55,30.57,7100,217019.0
2026-09-11 13:44:00,30.56,30.56,30.54,30.54,3000,91650.0
2026-09-11 13:45:00,30.53,30.54,30.53,30.54,2100,64118.0
2026-09-11 13:46:00,30.54,30.54,30.53,30.53,4100,125204.0
2026-09-11 13:47:00,30.53,30.53,30.52,30.53,5500,167907.0
2026-09-11 13:48:00,30.52,30.54,30.52,30.54,7400,225918.0
2026-09-11 13:49:00,30.53,30.54,30.53,30.54,6000,183203.0
2026-09-11 13:50:00,30.54,30.55,30.53,30.54,2400,73314.0
2026-09-11 13:51:00,30.55,30.55,30.54,30.55,2500,76372.0
2026-09-11 13:52:00,30.55,30.57,30.55,30.57,4800,146666.0
2026-09-11 13:53:00,30.56,30.58,30.55,30.57,5500,168113.0
2026-09-11 13:54:00,30.58,30.65,30.58,30.65,17900,547793.0
2026-09-11 13:55:00,30.64,30.67,30.64,30.67,6400,196240.0
2026-09-11 13:56:00,30.68,30.69,30.66,30.66,11500,352764.0
2026-09-11 13:57:00,30.66,30.67,30.66,30.66,9600,294382.0
2026-09-11 13:58:00,30.66,30.67,30.65,30.66,3700,113442.0
2026-09-11 13:59:00,30.66,30.68,30.66,30.66,7400,226954.0
2026-09-11 14:00:00,30.65,30.65,30.61,30.61,3600,110299.0
2026-09-11 14:01:00,30.61,30.61,30.58,30.58,7400,226430.0
2026-09-11 14:02:00,30.56,30.56,30.55,30.55,2700,82495.0
2026-09-11 14:03:00,30.56,30.56,30.55,30.55,12700,388002.0
2026-09-11 14:04:00,30.55,30.59,30.55,30.59,3100,94737.0
2026-09-11 14:05:00,30.57,30.59,30.57,30.59,1000,30574.0
2026-09-11 14:06:00,30.58,30.58,30.58,30.58,5300,162074.0
2026-09-11 14:07:00,30.57,30.58,30.57,30.57,4100,125339.0
2026-09-11 14:08:00,30.56,30.57,30.55,30.55,6000,183363.0
2026-09-11 14:09:00,30.55,30.55,30.54,30.54,4800,146624.0
2026-09-11 14:10:00,30.54,30.54,30.54,30.54,1400,42756.0
2026-09-11 14:11:00,30.54,30.55,30.54,30.54,4200,128269.0
2026-09-11 14:12:00,30.53,30.54,30.53,30.54,2000,61076.0
2026-09-11 14:13:00,30.53,30.54,30.53,30.54,2200,67175.0
2026-09-11 14:14:00,30.53,30.54,30.53,30.53,7220,220433.5996
2026-09-11 14:15:00,30.53,30.55,30.53,30.54,5700,174073.0
2026-09-11 14:16:00,30.54,30.54,30.54,30.54,400,12216.0
2026-09-11 14:17:00,30.55,30.55,30.54,30.55,4900,149676.0
2026-09-11 14:18:00,30.55,30.57,30.55,30.57,2700,82500.0
2026-09-11 14:19:00,30.55,30.55,30.55,30.55,15100,461305.0
2026-09-11 14:20:00,30.54,30.55,30.54,30.54,5099,155725.4609
2026-09-11 14:21:00,30.54,30.55,30.54,30.55,2600,79409.0
2026-09-11 14:22:00,30.54,30.54,30.53,30.53,11281,344474.9477
2026-09-11 14:23:00,30.52,30.53,30.52,30.52,8300,253342.0
2026-09-11 14:24:00,30.52,30.52,30.51,30.52,7500,228858.0
2026-09-11 14:25:00,30.52,30.52,30.51,30.51,1900,57970.0
2026-09-11 14:26:00,30.51,30.51,30.5,30.5,12900,393513.0
2026-09-11 14:27:00,30.5,30.5,30.49,30.49,5900,179945.0
2026-09-11 14:28:00,30.49,30.49,30.46,30.47,7000,213248.0
2026-09-11 14:29:00,30.48,30.48,30.4,30.4,11800,359266.0
2026-09-11 14:30:00,30.4,30.4,30.36,30.36,6300,191453.9995
2026-09-11 14:31:00,30.35,30.37,30.35,30.36,20520,622969.2021
2026-09-11 14:32:00,30.38,30.4,30.36,30.4,3100,94139.001
2026-09-11 14:33:00,30.38,30.38,30.35,30.36,6400,194331.7998
2026-09-11 14:34:00,30.36,30.38,30.36,30.36,5100,154840.0
2026-09-11 14:35:00,30.36,30.36,30.36,30.36,2300,69828.0
2026-09-11 14:36:00,30.36,30.38,30.36,30.36,2500,75916.0
2026-09-11 14:37:00,30.36,30.4,30.36,30.4,4500,136656.0
2026-09-11 14:38:00,30.39,30.4,30.39,30.39,2100,63828.0
2026-09-11 14:39:00,30.39,30.41,30.39,30.41,700,21276.0
2026-09-11 14:40:00,30.38,30.4,30.38,30.4,7300,221794.0
2026-09-11 14:41:00,30.38,30.38,30.37,30.37,7400,224805.0
2026-09-11 14:42:00,30.36,30.36,30.35,30.36,13800,418910.0
2026-09-11 14:43:00,30.35,30.35,30.33,30.33,37080,1125244.0
2026-09-11 14:44:00,30.32,30.33,30.32,30.33,13000,394276.0
2026-09-11 14:45:00,30.32,30.32,30.22,30.22,19800,599748.0
2026-09-11 14:46:00,30.2,30.22,30.2,30.2,12900,389714.0
2026-09-11 14:47:00,30.21,30.27,30.21,30.27,2600,78659.0
2026-09-11 14:48:00,30.27,30.3,30.25,30.25,19100,578211.0
2026-09-11 14:49:00,30.25,30.25,30.22,30.25,5200,157220.0
2026-09-11 14:50:00,30.25,30.29,30.25,30.29,8900,269373.0
2026-09-11 14:51:00,30.29,30.3,30.27,30.3,9200,278644.0
2026-09-11 14:52:00,30.29,30.31,30.28,30.31,8000,242360.0
2026-09-11 14:53:00,30.31,30.31,30.3,30.31,14400,436424.0
2026-09-11 14:54:00,30.32,30.33,30.31,30.32,28700,870237.0
2026-09-11 14:55:00,30.32,30.32,30.31,30.31,19300,585039.0
2026-09-11 14:56:00,30.31,30.31,30.3,30.3,32900,997034.0
2026-09-11 14:57:00,30.32,30.34,30.31,30.33,37400,1133878.0
2026-09-11 15:00:00,30.37,30.37,30.37,30.37,27600,838212.0
2026-09-14 09:31:00,30.38,30.4,30.24,30.4,69300,2103846.0
2026-09-14 09:32:00,30.4,30.55,30.32,30.55,30700,934371.0
2026-09-14 09:33:00,30.55,30.59,30.53,30.58,95200,2910714.0
2026-09-14 09:34:00,30.58,30.59,30.45,30.45,19700,601197.0
2026-09-14 09:35:00,30.4,30.44,30.33,30.34,13400,407556.0
2026-09-14 09:36:00,30.33,30.33,30.2,30.2,33700,1020101.999
2026-09-14 09:37:00,30.2,30.2,30.04,30.08,39458,1189040.6406
2026-09-14 09:38:00,30.08,30.11,30.05,30.06,29300,881114.2594
2026-09-14 09:39:00,30.07,30.07,30.03,30.04,22542,677244.0956
2026-09-14 09:40:00,30.04,30.04,30.02,30.03,31700,951799.0
2026-09-14 09:41:00,30.02,30.03,29.99,30.0,60700,1821498.0123
2026-09-14 09:42:00,30.0,30.0,29.97,29.97,20100,602722.0
2026-09-14 09:43:00,29.98,30.09,29.98,30.09,19603,588673.3499
2026-09-14 09:44:00,30.07,30.09,30.04,30.04,10800,324698.4194
2026-09-14 09:45:00,30.04,30.05,30.0,30.03,7342,220530.1001
2026-09-14 09:46:00,30.04,30.04,30.03,30.03,7400,222260.0
2026-09-14 09:47:00,30.04,30.09,30.03,30.09,13258,398311.8994
2026-09-14 09:48:00,30.11,30.19,30.11,30.19,5000,150872.0
2026-09-14 09:49:00,30.18,30.19,30.09,30.1,16200,488065.0
2026-09-14 09:50:00,30.1,30.1,30.05,30.07,12700,382114.0
2026-09-14 09:51:00,30.1,30.1,30.1,30.1,3700,111370.0
2026-09-14 09:52:00,30.12,30.13,30.11,30.13,2900,87334.0
2026-09-14 09:53:00,30.12,30.19,30.12,30.19,2400,72397.0
2026-09-14 09:54:00,30.19,30.2,30.14,30.18,6200,187144.0
2026-09-14 09:55:00,30.18,30.18,30.13,30.13,10300,310383.0
2026-09-14 09:56:00,30.13,30.2,30.13,30.17,2100,63338.0
2026-09-14 09:57:00,30.2,30.2,30.15,30.16,5700,171936.0
2026-09-14 09:58:00,30.16,30.18,30.16,30.18,3500,105593.0001
2026-09-14 09:59:00,30.17,30.17,30.16,30.16,4300,129693.0
2026-09-14 10:00:00,30.15,30.15,30.1,30.1,10900,328234.0
2026-09-14 10:01:00,30.1,30.1,30.05,30.06,15400,463059.9956
2026-09-14 10:02:00,30.05,30.1,30.05,30.1,30983,931858.98
2026-09-14 10:03:00,30.1,30.2,30.1,30.2,3700,111559.0
2026-09-14 10:04:00,30.22,30.31,30.2,30.3,13281,402111.199
2026-09-14 10:05:00,30.23,30.31,30.22,30.31,6600,199860.0
2026-09-14 10:06:00,30.3,30.3,30.21,30.28,4400,133155.0
2026-09-14 10:07:00,30.22,30.22,30.22,30.22,800,24176.0
2026-09-14 10:08:00,30.22,30.28,30.22,30.22,2300,69542.0
2026-09-14 10:09:00,30.24,30.32,30.24,30.32,4500,136393.0
2026-09-14 10:10:00,30.32,30.32,30.32,30.32,1100,33352.0
2026-09-14 10:11:00,30.32,30.33,30.25,30.25,5900,178761.0
2026-09-14 10:12:00,30.25,30.26,30.25,30.25,7300,220826.0
2026-09-14 10:13:00,30.3,30.33,30.25,30.33,3600,109051.0
2026-09-14 10:14:00,30.33,30.38,30.33,30.38,12800,388379.0
2026-09-14 10:15:00,30.38,30.4,30.37,30.4,14100,428344.0
2026-09-14 10:16:00,30.4,30.5,30.4,30.46,28000,853452.7969
2026-09-14 10:17:00,30.45,30.5,30.43,30.5,11500,350444.0
2026-09-14 10:18:00,30.49,30.55,30.49,30.55,18700,570709.0
2026-09-14 10:19:00,30.56,30.56,30.51,30.53,12300,375553.0
2026-09-14 10:20:00,30.53,30.53,30.48,30.48,7700,234874.0
2026-09-14 10:21:00,30.48,30.48,30.41,30.41,7400,225474.0
2026-09-14 10:22:00,30.41,30.45,30.4,30.4,18100,550645.0
2026-09-14 10:23:00,30.4,30.4,30.35,30.35,11100,337193.0
2026-09-14 10:24:00,30.35,30.36,30.3,30.36,5200,157739.0
2026-09-14 10:25:00,30.31,30.42,30.3,30.42,3500,106278.0
2026-09-14 10:26:00,30.42,30.43,30.41,30.41,4500,136878.0
2026-09-14 10:27:00,30.41,30.41,30.41,30.41,3700,112517.0
2026-09-14 10:28:00,30.41,30.41,30.41,30.41,3000,91230.0
2026-09-14 10:29:00,30.42,30.43,30.4,30.43,8500,258634.0
2026-09-14 10:30:00,30.43,30.43,30.41,30.43,4900,149101.0
2026-09-14 10:31:00,30.43,30.44,30.43,30.43,3500,106510.0
2026-09-14 10:32:00,30.43,30.43,30.42,30.43,9200,279872.0
2026-09-14 10:33:00,30.43,30.43,30.41,30.43,2500,76055.0
2026-09-14 10:34:00,30.43,30.43,30.41,30.41,2600,79106.0
2026-09-14 10:35:00,30.41,30.43,30.4,30.4,13600,413474.0
2026-09-14 10:36:00,30.38,30.41,30.37,30.41,3400,103313.0
2026-09-14 10:37:00,30.41,30.41,30.37,30.41,3500,106431.0
2026-09-14 10:38:00,30.42,30.42,30.36,30.37,4200,127576.0
2026-09-14 10:39:00,30.37,30.37,30.36,30.37,2500,75924.0
2026-09-14 10:40:00,30.36,30.39,30.36,30.36,3300,100221.0
2026-09-14 10:41:00,30.36,30.41,30.36,30.41,3000,91135.0
2026-09-14 10:42:00,30.41,30.41,30.4,30.4,2500,76004.0
2026-09-14 10:43:00,30.4,30.4,30.36,30.36,900,27356.0
2026-09-14 10:44:00,30.38,30.38,30.36,30.36,1400,42512.0
2026-09-14 10:45:00,30.37,30.37,30.36,30.36,800,24293.0
2026-09-14 10:46:00,30.37,30.37,30.37,30.37,200,6074.0
2026-09-14 10:47:00,30.37,30.37,30.37,30.37,1900,57703.0
2026-09-14 10:48:00,30.37,30.38,30.36,30.36,4200,127553.0
2026-09-14 10:49:00,30.37,30.37,30.37,30.37,100,3037.0
2026-09-14 10:50:00,30.37,30.38,30.37,30.38,900,27338.0
2026-09-14 10:51:00,30.37,30.37,30.36,30.37,4900,148804.0
2026-09-14 10:52:00,30.37,30.38,30.37,30.38,4000,121496.0
2026-09-14 10:53:00,30.38,30.38,30.37,30.38,1800,54670.0
2026-09-14 10:54:00,30.37,30.37,30.36,30.36,6600,200432.0
2026-09-14 10:55:00,30.36,30.36,30.36,30.36,7100,215556.0
2026-09-14 10:56:00,30.37,30.37,30.35,30.35,4800,145717.0
2026-09-14 10:57:00,30.32,30.35,30.31,30.35,4700,142484.0
2026-09-14 10:59:00,30.34,30.35,30.34,30.35,700,21244.0
2026-09-14 11:00:00,30.35,30.35,30.3,30.3,8000,242479.0
2026-09-14 11:01:00,30.3,30.3,30.3,30.3,2100,63630.0
2026-09-14 11:02:00,30.34,30.34,30.34,30.34,100,3034.0
2026-09-14 11:03:00,30.34,30.34,30.34,30.34,2100,63714.0
2026-09-14 11:04:00,30.34,30.35,30.34,30.35,4100,124395.0
2026-09-14 11:05:00,30.34,30.34,30.34,30.34,500,15170.0
2026-09-14 11:06:00,30.34,30.34,30.34,30.34,1500,45510.0
2026-09-14 11:07:00,30.34,30.35,30.34,30.34,700,21240.0
2026-09-14 11:08:00,30.34,30.36,30.34,30.36,4500,136547.0
2026-09-14 11:09:00,30.36,30.36,30.34,30.34,3100,94066.0
2026-09-14 11:10:00,30.36,30.36,30.33,30.33,2800,84970.0
2026-09-14 11:11:00,30.33,30.34,30.33,30.34,700,21233.0
2026-09-14 11:13:00,30.36,30.36,30.35,30.36,1800,54647.0
2026-09-14 11:14:00,30.37,30.37,30.37,30.37,1800,54666.0
2026-09-14 11:15:00,30.37,30.37,30.36,30.37,3400,103253.0
2026-09-14 11:17:00,30.37,30.37,30.37,30.37,700,21259.0
2026-09-14 11:18:00,30.36,30.36,30.36,30.36,600,18216.0
2026-09-14 11:19:00,30.36,30.36,30.36,30.36,300,9108.0
2026-09-14 11:20:00,30.36,30.36,30.36,30.36,1200,36432.0
2026-09-14 11:21:00,30.36,30.37,30.36,30.36,1900,57693.0
2026-09-14 11:22:00,30.36,30.38,30.36,30.38,1500,45556.0
2026-09-14 11:23:00,30.39,30.39,30.37,30.37,1900,57706.0
2026-09-14 11:24:00,30.37,30.39,30.37,30.39,1400,42531.0
2026-09-14 11:25:00,30.39,30.4,30.39,30.4,1200,36471.0
2026-09-14 11:26:00,30.4,30.4,30.38,30.38,5400,164145.0
2026-09-14 11:27:00,30.38,30.39,30.38,30.39,1200,36465.0
2026-09-14 11:28:00,30.38,30.38,30.38,30.38,300,9114.0
2026-09-14 11:29:00,30.38,30.39,30.38,30.38,2500,75963.0
2026-09-14 11:30:00,30.39,30.39,30.38,30.38,4600,139749.0
2026-09-14 13:01:00,30.38,30.4,30.36,30.38,6700,203551.0
2026-09-14 13:02:00,30.38,30.39,30.38,30.39,3453,104906.1393
2026-09-14 13:03:00,30.4,30.4,30.39,30.39,500,15198.0
2026-09-14 13:04:00,30.39,30.39,30.37,30.37,3447,104743.3301
2026-09-14 13:05:00,30.37,30.37,30.36,30.36,1700,51622.0
2026-09-14 13:06:00,30.36,30.37,30.36,30.37,5100,154847.0
2026-09-14 13:07:00,30.36,30.36,30.36,30.36,1500,45540.0
2026-09-14 13:08:00,30.36,30.37,30.35,30.35,2200,66799.0
2026-09-14 13:09:00,30.35,30.35,30.35,30.35,700,21245.0
2026-09-14 13:10:00,30.35,30.35,30.34,30.34,2400,72829.0
2026-09-14 13:11:00,30.33,30.33,30.3,30.3,12300,372803.0
2026-09-14 13:12:00,30.29,30.3,30.28,30.28,5900,178694.0
2026-09-14 13:13:00,30.28,30.29,30.28,30.29,3900,118114.0
2026-09-14 13:14:00,30.28,30.3,30.28,30.28,1500,45430.0
2026-09-14 13:15:00,30.29,30.3,30.29,30.3,800,24234.0
2026-09-14 13:16:00,30.3,30.3,30.29,30.3,2600,78777.0
2026-09-14 13:17:00,30.3,30.35,30.3,30.33,1300,39446.0
2026-09-14 13:18:00,30.36,30.36,30.31,30.31,1300,39453.0
2026-09-14 13:19:00,30.36,30.36,30.36,30.36,800,24288.0
2026-09-14 13:20:00,30.36,30.36,30.36,30.36,400,12144.0
2026-09-14 13:21:00,30.36,30.36,30.36,30.36,100,3036.0
2026-09-14 13:22:00,30.36,30.37,30.36,30.37,2900,88069.0
2026-09-14 13:23:00,30.37,30.37,30.37,30.37,1100,33407.0
2026-09-14 13:24:00,30.37,30.37,30.36,30.36,700,21254.0
2026-09-14 13:25:00,30.36,30.38,30.36,30.38,2500,75919.0
2026-09-14 13:26:00,30.38,30.98,30.38,30.96,146100,4486463.0
2026-09-14 13:27:00,30.98,31.6,30.96,31.5,260100,8171588.0
2026-09-14 13:28:00,31.5,31.88,31.5,31.65,190600,6042019.0
2026-09-14 13:29:00,31.65,31.66,31.43,31.48,106900,3369152.0
2026-09-14 13:30:00,31.48,31.68,31.48,31.68,63200,1997552.0
2026-09-14 13:31:00,31.69,31.69,31.46,31.48,71100,2247279.0038
2026-09-14 13:32:00,31.46,31.48,31.41,31.41,58300,1833676.8378
2026-09-14 13:33:00,31.41,31.47,31.3,31.3,34000,1067191.8208
2026-09-14 13:34:00,31.28,31.28,31.1,31.26,48000,1499594.0
2026-09-14 13:35:00,31.25,31.5,31.24,31.5,32700,1025268.9092
2026-09-14 13:36:00,31.48,31.62,31.48,31.48,28600,902870.0
2026-09-14 13:37:00,31.48,31.48,31.27,31.27,19400,607803.0
2026-09-14 13:38:00,31.26,31.27,31.24,31.24,41600,1299997.0
2026-09-14 13:39:00,31.23,31.23,31.14,31.14,11400,355586.0
2026-09-14 13:40:00,31.14,31.21,31.13,31.21,9300,289830.0
2026-09-14 13:41:00,31.21,31.23,31.19,31.21,7800,243477.0
2026-09-14 13:42:00,31.23,31.26,31.22,31.26,11200,349810.0
2026-09-14 13:43:00,31.27,31.27,31.24,31.26,13500,421865.0
2026-09-14 13:44:00,31.26,31.26,31.21,31.22,11900,371569.0
2026-09-14 13:45:00,31.23,31.23,31.22,31.23,10400,324786.0
2026-09-14 13:46:00,31.23,31.23,31.22,31.22,4600,143631.0
2026-09-14 13:47:00,31.24,31.38,31.24,31.38,14400,450678.0
2026-09-14 13:48:00,31.4,31.47,31.39,31.45,13600,427571.0
2026-09-14 13:49:00,31.45,31.45,31.31,31.31,17900,561092.0
2026-09-14 13:50:00,31.31,31.31,31.27,31.28,12500,391199.0
2026-09-14 13:51:00,31.28,31.28,31.24,31.24,10300,321932.0
2026-09-14 13:52:00,31.26,31.3,31.24,31.27,13700,428160.0
2026-09-14 13:53:00,31.3,31.34,31.27,31.34,9800,306836.0
2026-09-14 13:54:00,31.37,31.38,31.34,31.38,7600,238406.0
2026-09-14 13:55:00,31.38,31.38,31.24,31.24,10500,329126.0
2026-09-14 13:56:00,31.24,31.25,31.24,31.25,16800,524874.0
2026-09-14 13:57:00,31.26,31.31,31.26,31.31,8300,259478.0
2026-09-14 13:58:00,31.3,31.34,31.28,31.28,4700,147136.0
2026-09-14 13:59:00,31.27,31.27,31.27,31.27,4200,131334.0
2026-09-14 14:00:00,31.27,31.28,31.26,31.26,6000,187594.0
2026-09-14 14:01:00,31.26,31.26,31.23,31.24,5500,171880.0
2026-09-14 14:02:00,31.24,31.25,31.23,31.23,9000,281195.0
2026-09-14 14:03:00,31.22,31.22,31.21,31.21,7600,237218.0
2026-09-14 14:04:00,31.21,31.22,31.21,31.21,7400,230955.0
2026-09-14 14:05:00,31.22,31.22,31.21,31.21,9200,287174.0
2026-09-14 14:06:00,31.21,31.24,31.21,31.22,9500,296595.0
2026-09-14 14:07:00,31.24,31.25,31.23,31.25,5800,181175.0
2026-09-14 14:08:00,31.23,31.23,31.23,31.23,1900,59337.0
2026-09-14 14:09:00,31.23,31.28,31.23,31.28,10900,340752.0
2026-09-14 14:10:00,31.29,31.31,31.29,31.31,5200,162762.0
2026-09-14 14:11:00,31.31,31.31,31.26,31.28,5100,159622.0
2026-09-14 14:12:00,31.27,31.3,31.26,31.27,9900,309716.0
2026-09-14 14:13:00,31.28,31.3,31.28,31.3,2600,81366.0
2026-09-14 14:14:00,31.3,31.31,31.29,31.31,15000,469496.0
2026-09-14 14:15:00,31.3,31.36,31.3,31.36,9700,303880.0
2026-09-14 14:16:00,31.32,31.39,31.32,31.39,11700,367063.0
2026-09-14 14:17:00,31.38,31.39,31.36,31.36,4600,144348.0
2026-09-14 14:18:00,31.36,31.36,31.33,31.35,2800,87785.0
2026-09-14 14:19:00,31.34,31.34,31.32,31.32,6300,197334.0
2026-09-14 14:20:00,31.31,31.31,31.3,31.3,9400,294254.0
2026-09-14 14:21:00,31.28,31.29,31.27,31.28,3700,115730.0
2026-09-14 14:22:00,31.27,31.27,31.26,31.26,6900,215749.0
2026-09-14 14:23:00,31.28,31.28,31.21,31.22,17800,556235.0
2026-09-14 14:24:00,31.21,31.21,31.18,31.19,35800,1116965.0
2026-09-14 14:25:00,31.18,31.18,31.14,31.15,10000,311560.0
2026-09-14 14:26:00,31.14,31.14,31.0,31.08,28800,894335.0
2026-09-14 14:27:00,31.02,31.12,31.02,31.12,4700,146078.0
2026-09-14 14:28:00,31.12,31.15,31.11,31.12,5800,180521.0
2026-09-14 14:29:00,31.12,31.12,31.0,31.08,51400,1596003.0
2026-09-14 14:30:00,31.02,31.05,30.95,31.0,32200,997972.7603
2026-09-14 14:31:00,30.99,31.12,30.97,31.12,11624,360703.0
2026-09-14 14:32:00,31.14,31.18,31.14,31.18,11700,364544.0
2026-09-14 14:33:00,31.18,31.21,31.18,31.21,14500,452348.0
2026-09-14 14:34:00,31.22,31.23,31.2,31.22,12400,387111.0
2026-09-14 14:35:00,31.2,31.2,31.18,31.2,11600,361903.0
2026-09-14 14:36:00,31.2,31.22,31.19,31.19,10300,321414.0
2026-09-14 14:37:00,31.19,31.22,31.19,31.22,9300,290190.0
2026-09-14 14:38:00,31.22,31.23,31.21,31.23,16200,505846.0
2026-09-14 14:39:00,31.23,31.26,31.23,31.26,11400,356210.0
2026-09-14 14:40:00,31.26,31.26,31.24,31.26,6300,196863.0
2026-09-14 14:41:00,31.25,31.26,31.25,31.25,18200,568806.0
2026-09-14 14:42:00,31.25,31.25,31.24,31.24,9900,309312.0
2026-09-14 14:43:00,31.23,31.24,31.23,31.23,13800,430984.0
2026-09-14 14:44:00,31.22,31.22,31.19,31.19,16000,499130.0
2026-09-14 14:45:00,31.19,31.2,31.18,31.19,6700,208957.0
2026-09-14 14:46:00,31.19,31.22,31.18,31.22,3500,109236.0
2026-09-14 14:47:00,31.22,31.23,31.21,31.22,7300,227902.0
2026-09-14 14:48:00,31.22,31.23,31.21,31.22,9200,287243.0
2026-09-14 14:49:00,31.23,31.23,31.22,31.22,16600,518320.0
2026-09-14 14:50:00,31.22,31.23,31.22,31.23,11200,349756.0
2026-09-14 14:51:00,31.24,31.25,31.23,31.24,17100,534187.0006
2026-09-14 14:52:00,31.23,31.24,31.21,31.22,24000,749383.0
2026-09-14 14:53:00,31.23,31.24,31.22,31.23,30300,946215.0
2026-09-14 14:54:00,31.23,31.24,31.23,31.24,23300,727699.0
2026-09-14 14:55:00,31.23,31.24,31.23,31.24,31800,993299.0011
2026-09-14 14:56:00,31.24,31.25,31.23,31.25,52707,1646742.6813
2026-09-14 14:57:00,31.24,31.29,31.24,31.27,55800,1744466.0
2026-09-14 15:00:00,31.29,31.29,31.29,31.29,77300,2418717.0
2026-09-15 09:31:00,31.04,31.25,30.95,30.95,91400,2837862.0
2026-09-15 09:32:00,30.95,30.97,30.86,30.86,92000,2843895.0
2026-09-15 09:33:00,30.87,30.97,30.84,30.96,60700,1874136.0
2026-09-15 09:34:00,30.96,31.01,30.88,30.88,48800,1510184.0
2026-09-15 09:35:00,30.88,31.0,30.87,30.95,36800,1137811.0
2026-09-15 09:36:00,30.98,31.0,30.88,30.88,24200,747885.0
2026-09-15 09:37:00,30.89,30.89,30.84,30.84,56300,1737555.0
2026-09-15 09:38:00,30.84,30.85,30.82,30.82,44100,1359738.0
2026-09-15 09:39:00,30.82,30.83,30.75,30.76,29300,902062.0
2026-09-15 09:40:00,30.75,30.76,30.71,30.71,56600,1739096.0
2026-09-15 09:41:00,30.72,30.75,30.72,30.74,23000,706758.0
2026-09-15 09:42:00,30.73,30.78,30.73,30.77,13600,418249.0
2026-09-15 09:43:00,30.76,30.76,30.73,30.73,13500,415066.0
2026-09-15 09:44:00,30.73,30.77,30.73,30.76,15400,473515.0
2026-09-15 09:45:00,30.76,30.86,30.76,30.82,13500,415797.0
2026-09-15 09:46:00,30.81,30.86,30.81,30.82,16200,499586.0
2026-09-15 09:47:00,30.83,30.84,30.81,30.82,9000,277447.0
2026-09-15 09:48:00,30.82,30.82,30.79,30.79,22300,687045.0
2026-09-15 09:49:00,30.79,30.83,30.77,30.82,31700,976221.0
2026-09-15 09:50:00,30.83,30.88,30.83,30.88,10900,336249.0
2026-09-15 09:51:00,30.88,30.89,30.84,30.86,12600,389009.0
2026-09-15 09:52:00,30.84,30.84,30.83,30.84,3500,107937.0
2026-09-15 09:53:00,30.84,30.84,30.81,30.81,11400,351329.0
2026-09-15 09:54:00,30.82,30.83,30.79,30.79,11900,366581.0
2026-09-15 09:55:00,30.8,30.8,30.77,30.77,14400,443352.0
2026-09-15 09:56:00,30.78,30.79,30.77,30.78,7400,227730.0
2026-09-15 09:57:00,30.77,30.77,30.75,30.75,19600,602933.0
2026-09-15 09:58:00,30.75,30.75,30.71,30.71,18200,559228.0
2026-09-15 09:59:00,30.72,30.74,30.72,30.73,18500,568427.0
2026-09-15 10:00:00,30.73,30.77,30.72,30.72,26000,799175.0
2026-09-15 10:01:00,30.74,30.77,30.73,30.75,7400,227576.0
2026-09-15 10:02:00,30.77,30.78,30.73,30.78,17600,541035.0
2026-09-15 10:03:00,30.74,30.75,30.72,30.73,18400,565445.0
2026-09-15 10:04:00,30.73,30.73,30.72,30.73,32900,1010716.0
2026-09-15 10:05:00,30.73,30.73,30.71,30.73,16700,513039.0
2026-09-15 10:06:00,30.73,30.74,30.73,30.74,4000,122926.0
2026-09-15 10:07:00,30.73,30.74,30.73,30.73,7600,233580.0
2026-09-15 10:08:00,30.74,30.77,30.73,30.73,18000,553386.0
2026-09-15 10:09:00,30.74,30.76,30.74,30.76,6800,209038.0
2026-09-15 10:10:00,30.76,30.76,30.75,30.75,4400,135322.0
2026-09-15 10:11:00,30.75,30.75,30.74,30.75,5200,159861.0
2026-09-15 10:12:00,30.75,30.75,30.75,30.75,3600,110700.0
2026-09-15 10:13:00,30.74,30.75,30.74,30.75,2500,76866.0
2026-09-15 10:14:00,30.74,30.76,30.74,30.76,4700,144506.0
2026-09-15 10:15:00,30.75,30.79,30.75,30.79,7800,240049.0
2026-09-15 10:16:00,30.79,30.87,30.73,30.84,29300,902011.0
2026-09-15 10:17:00,30.84,30.95,30.84,30.91,11800,364682.0
2026-09-15 10:18:00,30.91,30.98,30.91,30.96,12000,371516.0
2026-09-15 10:19:00,30.97,30.99,30.97,30.99,16300,504951.0
2026-09-15 10:20:00,30.99,31.0,30.97,30.98,4500,139441.0
2026-09-15 10:21:00,30.98,30.98,30.95,30.95,14600,451944.0
2026-09-15 10:22:00,30.96,30.96,30.92,30.94,3400,105174.0
2026-09-15 10:23:00,30.93,30.95,30.92,30.92,7200,222658.0
2026-09-15 10:24:00,30.92,30.92,30.91,30.91,9000,278215.0
2026-09-15 10:25:00,30.93,30.93,30.91,30.93,4000,123676.0
2026-09-15 10:26:00,30.93,30.95,30.91,30.93,4900,151567.0
2026-09-15 10:27:00,30.94,30.94,30.93,30.93,3400,105181.0
2026-09-15 10:28:00,30.94,30.94,30.94,30.94,1400,43316.0
2026-09-15 10:29:00,30.94,30.98,30.94,30.98,4700,145448.0
2026-09-15 10:30:00,30.98,30.98,30.95,30.96,3800,117664.0
2026-09-15 10:31:00,30.97,30.97,30.94,30.94,5500,170243.0
2026-09-15 10:32:00,30.94,30.96,30.94,30.94,1600,49512.0
2026-09-15 10:33:00,30.94,30.96,30.94,30.95,900,27856.0
2026-09-15 10:34:00,30.95,30.97,30.95,30.97,2900,89761.0
2026-09-15 10:35:00,30.97,30.97,30.95,30.95,7100,219786.0
2026-09-15 10:36:00,30.96,30.96,30.93,30.93,7000,216595.0
2026-09-15 10:37:00,30.93,30.93,30.92,30.92,2600,80412.0
2026-09-15 10:38:00,30.92,30.92,30.92,30.92,4600,142232.0
2026-09-15 10:39:00,30.92,30.93,30.92,30.92,5600,173158.0
2026-09-15 10:40:00,30.92,30.93,30.92,30.93,1500,46383.0
2026-09-15 10:41:00,30.93,30.93,30.92,30.92,3800,117497.0
2026-09-15 10:42:00,30.92,30.92,30.9,30.9,4700,145277.0
2026-09-15 10:43:00,30.9,30.91,30.89,30.89,11900,367719.0
2026-09-15 10:44:00,30.88,30.88,30.8,30.81,19700,607151.0
2026-09-15 10:45:00,30.81,30.86,30.8,30.85,5000,154025.0
2026-09-15 10:46:00,30.86,30.87,30.86,30.87,400,12346.0
2026-09-15 10:47:00,30.85,30.85,30.85,30.85,2200,67870.0
2026-09-15 10:48:00,30.84,30.85,30.83,30.83,8200,252823.0
2026-09-15 10:49:00,30.83,30.83,30.8,30.8,16100,496001.0
2026-09-15 10:50:00,30.8,30.81,30.8,30.8,4100,126313.0
2026-09-15 10:51:00,30.8,30.83,30.8,30.81,3200,98610.0
2026-09-15 10:52:00,30.82,30.82,30.81,30.81,1300,40054.0
2026-09-15 10:53:00,30.82,30.83,30.81,30.82,2100,64724.0
2026-09-15 10:54:00,30.83,30.84,30.83,30.84,2300,70911.0
2026-09-15 10:55:00,30.84,30.9,30.84,30.9,3400,104893.0
2026-09-15 10:56:00,30.91,30.93,30.91,30.92,1000,30918.0
2026-09-15 10:57:00,30.92,30.92,30.91,30.91,1000,30914.0
2026-09-15 10:58:00,30.92,30.92,30.92,30.92,1000,30920.0
2026-09-15 10:59:00,30.92,30.92,30.92,30.92,3400,105128.0
2026-09-15 11:00:00,30.91,30.92,30.91,30.91,4000,123641.0
2026-09-15 11:01:00,30.91,30.91,30.9,30.9,3600,111267.0
2026-09-15 11:02:00,30.9,30.91,30.9,30.9,2000,61803.0
2026-09-15 11:03:00,30.86,30.86,30.86,30.86,300,9258.0
2026-09-15 11:04:00,30.86,30.9,30.86,30.9,3400,104999.0
2026-09-15 11:05:00,30.88,30.88,30.88,30.88,1100,33968.0
2026-09-15 11:06:00,30.88,30.88,30.84,30.84,4100,126548.0
2026-09-15 11:07:00,30.82,30.82,30.81,30.81,5400,166403.0
2026-09-15 11:08:00,30.81,30.82,30.81,30.82,1200,36975.0
2026-09-15 11:09:00,30.82,30.82,30.8,30.8,1600,49303.0
2026-09-15 11:10:00,30.82,30.82,30.8,30.82,4200,129412.0
2026-09-15 11:11:00,30.84,30.84,30.83,30.83,1000,30839.0
2026-09-15 11:12:00,30.84,30.85,30.83,30.83,1200,37012.0
2026-09-15 11:14:00,30.84,30.84,30.84,30.84,1100,33924.0
2026-09-15 11:15:00,30.85,30.85,30.84,30.84,5900,181958.0
2026-09-15 11:16:00,30.84,30.88,30.84,30.88,900,27779.0
2026-09-15 11:17:00,30.88,30.88,30.85,30.85,1500,46305.0
2026-09-15 11:18:00,30.85,30.87,30.83,30.83,4100,126475.0
2026-09-15 11:19:00,30.83,30.83,30.83,30.83,2000,61660.0
2026-09-15 11:20:00,30.84,30.84,30.84,30.84,100,3084.0
2026-09-15 11:21:00,30.84,30.84,30.84,30.84,600,18504.0
2026-09-15 11:22:00,30.84,30.84,30.84,30.84,2300,70932.0
2026-09-15 11:23:00,30.84,30.86,30.84,30.86,2100,64800.0
2026-09-15 11:24:00,30.86,30.87,30.84,30.84,1100,33934.0
2026-09-15 11:25:00,30.85,30.87,30.81,30.81,13200,407029.0
2026-09-15 11:26:00,30.81,30.82,30.8,30.82,1100,33889.0
2026-09-15 11:27:00,30.82,30.82,30.8,30.8,5800,178648.0
2026-09-15 11:28:00,30.79,30.8,30.76,30.76,9300,286212.0
2026-09-15 11:29:00,30.76,30.76,30.76,30.76,2000,61520.0
2026-09-15 11:30:00,30.76,30.76,30.76,30.76,900,27684.0
2026-09-15 13:01:00,30.79,30.79,30.76,30.76,3200,98437.0
2026-09-15 13:02:00,30.78,30.87,30.78,30.83,1900,58572.0
2026-09-15 13:03:00,30.8,30.81,30.8,30.8,3200,98568.0
2026-09-15 13:04:00,30.77,30.8,30.77,30.8,2700,83091.0
2026-09-15 13:05:00,30.8,30.83,30.8,30.83,1900,58544.0
2026-09-15 13:06:00,30.86,30.88,30.86,30.88,1300,40131.0
2026-09-15 13:07:00,30.87,30.89,30.84,30.88,8700,268657.0
2026-09-15 13:08:00,30.88,30.88,30.85,30.85,1200,37034.0
2026-09-15 13:09:00,30.84,30.85,30.84,30.84,800,24674.0
2026-09-15 13:11:00,30.85,30.89,30.85,30.89,3100,95739.0
2026-09-15 13:12:00,30.89,30.89,30.85,30.88,5200,160611.0
2026-09-15 13:13:00,30.88,30.89,30.86,30.87,2600,80277.0
2026-09-15 13:14:00,30.86,30.87,30.86,30.87,1300,40127.0
2026-09-15 13:15:00,30.88,30.89,30.88,30.88,1500,46330.0
2026-09-15 13:16:00,30.89,30.89,30.88,30.88,7800,240904.0
2026-09-15 13:17:00,30.88,30.88,30.86,30.86,3700,114208.0
2026-09-15 13:18:00,30.86,30.86,30.85,30.85,2100,64793.0
2026-09-15 13:19:00,30.85,30.85,30.84,30.84,500,15424.0
2026-09-15 13:20:00,30.85,31.14,30.84,31.14,37200,1152560.0
2026-09-15 13:21:00,31.14,31.18,30.82,31.1,22600,702009.0
2026-09-15 13:22:00,31.1,31.1,31.0,31.09,10700,332483.0
2026-09-15 13:23:00,31.03,31.03,31.02,31.03,1400,43432.0
2026-09-15 13:24:00,31.07,31.14,31.07,31.1,3600,111945.0
2026-09-15 13:25:00,31.14,31.16,31.0,31.0,28800,894838.0
2026-09-15 13:26:00,31.09,31.1,31.01,31.01,3500,108792.0
2026-09-15 13:27:00,31.06,31.13,31.06,31.13,4300,133787.0
2026-09-15 13:28:00,31.14,31.2,31.14,31.2,11800,367837.0
2026-09-15 13:29:00,31.2,31.5,31.2,31.48,93800,2947968.0
2026-09-15 13:30:00,31.48,31.5,31.35,31.35,35300,1109725.0
2026-09-15 13:31:00,31.34,31.35,31.29,31.34,19600,614116.0
2026-09-15 13:32:00,31.34,31.35,31.33,31.34,18800,589194.0
2026-09-15 13:33:00,31.33,31.37,31.33,31.33,33300,1044019.0
2026-09-15 13:34:00,31.33,31.36,31.31,31.31,16900,529540.0
2026-09-15 13:35:00,31.31,31.31,31.28,31.28,15500,485059.0
2026-09-15 13:36:00,31.28,31.29,31.25,31.25,6100,190716.0
2026-09-15 13:37:00,31.25,31.28,31.25,31.28,1600,50039.0
2026-09-15 13:38:00,31.28,31.28,31.26,31.26,3800,118818.0
2026-09-15 13:39:00,31.25,31.26,31.21,31.25,10300,321742.0
2026-09-15 13:40:00,31.24,31.28,31.24,31.27,7100,222045.0
2026-09-15 13:41:00,31.28,31.29,31.25,31.29,10700,334646.0
2026-09-15 13:42:00,31.29,31.29,31.28,31.28,6100,190845.0
2026-09-15 13:43:00,31.27,31.27,31.25,31.25,2400,75020.0
2026-09-15 13:44:00,31.25,31.25,31.23,31.24,7881,246221.6299
2026-09-15 13:45:00,31.24,31.24,31.22,31.22,7419,231683.3709
2026-09-15 13:46:00,31.22,31.22,31.22,31.22,1200,37464.0
2026-09-15 13:47:00,31.22,31.23,31.22,31.22,18200,568206.0
2026-09-15 13:48:00,31.2,31.21,31.2,31.2,2900,90481.0
2026-09-15 13:49:00,31.21,31.21,31.2,31.21,4100,127941.0
2026-09-15 13:50:00,31.22,31.23,31.22,31.22,3800,118662.0
2026-09-15 13:51:00,31.22,31.23,31.21,31.23,3900,121764.0
2026-09-15 13:52:00,31.24,31.27,31.24,31.27,3700,115656.0
2026-09-15 13:53:00,31.28,31.29,31.24,31.24,15400,481612.0
2026-09-15 13:54:00,31.23,31.23,31.22,31.22,5700,177959.0
2026-09-15 13:55:00,31.22,31.22,31.21,31.22,4400,137344.0
2026-09-15 13:56:00,31.22,31.22,31.22,31.22,300,9366.0
2026-09-15 13:57:00,31.22,31.22,31.21,31.21,800,24970.0
2026-09-15 13:58:00,31.22,31.23,31.22,31.23,600,18735.0
2026-09-15 13:59:00,31.25,31.3,31.25,31.29,2800,87583.0
2026-09-15 14:00:00,31.29,31.3,31.29,31.29,4600,143940.0
2026-09-15 14:01:00,31.27,31.29,31.26,31.26,6700,209543.0
2026-09-15 14:02:00,31.26,31.26,31.25,31.26,2200,68761.0
2026-09-15 14:03:00,31.25,31.26,31.22,31.22,8900,278010.0
2026-09-15 14:04:00,31.22,31.22,31.21,31.21,6800,212248.0
2026-09-15 14:05:00,31.21,31.22,31.17,31.17,18000,561571.0
2026-09-15 14:06:00,31.15,31.15,31.05,31.12,10700,332807.0
2026-09-15 14:07:00,31.11,31.14,31.1,31.1,6300,196024.0
2026-09-15 14:08:00,31.1,31.11,31.09,31.09,2900,90203.0
2026-09-15 14:09:00,31.08,31.11,31.08,31.1,5700,177256.0
2026-09-15 14:10:00,31.11,31.12,31.11,31.12,9700,301800.0
2026-09-15 14:11:00,31.11,31.14,31.1,31.14,8400,261376.0
2026-09-15 14:12:00,31.14,31.15,31.14,31.15,3100,96535.0
2026-09-15 14:13:00,31.16,31.2,31.16,31.2,700,21830.0
2026-09-15 14:14:00,31.21,31.26,31.21,31.26,3600,112444.0
2026-09-15 14:15:00,31.25,31.26,31.22,31.22,6800,212431.0
2026-09-15 14:16:00,31.23,31.23,31.16,31.2,4000,124833.0
2026-09-15 14:17:00,31.16,31.19,31.16,31.19,1500,46764.0
2026-09-15 14:18:00,31.19,31.19,31.13,31.16,9500,296109.0
2026-09-15 14:19:00,31.18,31.18,31.18,31.18,500,15590.0
2026-09-15 14:20:00,31.19,31.19,31.13,31.13,3600,112237.0
2026-09-15 14:21:00,31.14,31.17,31.14,31.15,500,15576.0
2026-09-15 14:22:00,31.17,31.18,31.17,31.17,1900,59224.0
2026-09-15 14:23:00,31.17,31.18,31.17,31.18,600,18704.0
2026-09-15 14:24:00,31.18,31.18,31.17,31.18,2500,77941.0
2026-09-15 14:25:00,31.17,31.2,31.17,31.2,8300,258875.0
2026-09-15 14:26:00,31.19,31.2,31.19,31.2,7000,218399.0
2026-09-15 14:27:00,31.19,31.19,31.19,31.19,5500,171545.0
2026-09-15 14:28:00,31.18,31.19,31.18,31.18,6700,208940.0
2026-09-15 14:29:00,31.18,31.18,31.14,31.14,15000,467359.0
2026-09-15 14:30:00,31.14,31.14,31.13,31.13,1300,40474.0
2026-09-15 14:31:00,31.13,31.17,31.13,31.13,3600,112100.0
2026-09-15 14:32:00,31.13,31.13,31.12,31.12,13000,404590.0
2026-09-15 14:33:00,31.12,31.13,31.1,31.1,6500,202215.0
2026-09-15 14:34:00,31.1,31.1,31.07,31.07,24600,764449.0
2026-09-15 14:35:00,31.07,31.07,31.06,31.07,6100,189503.0
2026-09-15 14:36:00,31.07,31.08,31.06,31.08,4100,127383.0
2026-09-15 14:37:00,31.09,31.1,31.09,31.1,7400,230130.0
2026-09-15 14:38:00,31.1,31.1,31.08,31.08,3900,121240.0
2026-09-15 14:39:00,31.08,31.1,31.08,31.1,13200,410376.0
2026-09-15 14:40:00,31.1,31.17,31.09,31.17,19200,597952.0
2026-09-15 14:41:00,31.17,31.19,31.16,31.19,12900,402162.0
2026-09-15 14:42:00,31.19,31.2,31.19,31.2,14100,439859.0
2026-09-15 14:43:00,31.2,31.22,31.2,31.22,15300,477450.0
2026-09-15 14:44:00,31.23,31.29,31.22,31.29,18200,569238.0
2026-09-15 14:45:00,31.29,31.29,31.11,31.17,36100,1126391.0
2026-09-15 14:46:00,31.16,31.16,31.12,31.13,12700,395546.0
2026-09-15 14:47:00,31.13,31.16,31.13,31.16,17200,535668.0
2026-09-15 14:48:00,31.17,31.24,31.17,31.24,10200,318108.0
2026-09-15 14:49:00,31.23,31.25,31.19,31.25,22300,696615.0
2026-09-15 14:50:00,31.22,31.25,31.22,31.25,25000,781086.0
2026-09-15 14:51:00,31.25,31.26,31.24,31.26,30200,943729.0
2026-09-15 14:52:00,31.25,31.26,31.25,31.25,48900,1528448.0
2026-09-15 14:53:00,31.26,31.26,31.25,31.26,16000,500082.0
2026-09-15 14:54:00,31.25,31.27,31.25,31.27,48300,1509815.0
2026-09-15 14:55:00,31.27,31.29,31.26,31.29,51800,1620372.0
2026-09-15 14:56:00,31.29,31.3,31.28,31.29,81700,2556325.0
2026-09-15 14:57:00,31.28,31.35,31.28,31.35,53600,1677754.0
2026-09-15 15:00:00,31.36,31.36,31.36,31.36,92200,2891392.0
2026-09-16 09:31:00,30.93,30.93,30.6,30.65,109700,3376661.0
2026-09-16 09:32:00,30.66,30.66,30.27,30.27,116200,3541611.0
2026-09-16 09:33:00,30.29,30.4,30.28,30.33,31900,968523.0
2026-09-16 09:34:00,30.33,30.46,30.32,30.36,32500,986142.0
2026-09-16 09:35:00,30.38,30.38,30.23,30.23,82855,2509761.651
2026-09-16 09:36:00,30.23,30.23,30.1,30.1,125245,3777254.3489
2026-09-16 09:37:00,30.1,30.15,30.07,30.11,31800,957222.0
2026-09-16 09:38:00,30.13,30.13,30.08,30.1,51100,1538336.0
2026-09-16 09:39:00,30.1,30.1,30.0,30.0,36700,1103257.0
2026-09-16 09:40:00,30.0,30.0,29.74,29.89,151700,4529767.0
2026-09-16 09:41:00,29.89,29.9,29.82,29.9,65400,1952438.0
2026-09-16 09:42:00,29.9,30.03,29.9,30.03,33700,1010612.0
2026-09-16 09:43:00,30.04,30.14,30.04,30.14,14000,421549.0
2026-09-16 09:44:00,30.13,30.14,30.03,30.03,41300,1241890.0
2026-09-16 09:45:00,30.05,30.06,30.01,30.01,23000,691001.0
2026-09-16 09:46:00,30.01,30.1,30.0,30.1,11700,351387.0
2026-09-16 09:47:00,30.1,30.15,30.06,30.11,11300,340205.0
2026-09-16 09:48:00,30.11,30.15,30.07,30.08,14000,421574.0
2026-09-16 09:49:00,30.07,30.08,30.07,30.07,5500,165390.0
2026-09-16 09:50:00,30.1,30.17,30.1,30.17,5000,150724.0
2026-09-16 09:51:00,30.17,30.24,30.14,30.24,29700,896842.0
2026-09-16 09:52:00,30.24,30.24,30.15,30.15,18300,552974.0
2026-09-16 09:53:00,30.14,30.16,30.12,30.12,8400,253231.0
2026-09-16 09:54:00,30.12,30.13,30.05,30.12,21700,652984.0
2026-09-16 09:55:00,30.09,30.1,30.08,30.09,9500,285867.0
2026-09-16 09:56:00,30.09,30.1,30.06,30.09,8700,261703.0
2026-09-16 09:57:00,30.09,30.09,30.09,30.09,1562,47000.5801
2026-09-16 09:58:00,30.09,30.09,30.08,30.09,3000,90252.0
2026-09-16 09:59:00,30.1,30.1,30.09,30.09,13938,419399.422
2026-09-16 10:00:00,30.08,30.09,30.07,30.07,8100,243639.0
2026-09-16 10:01:00,30.07,30.07,30.0,30.0,27900,837702.0
2026-09-16 10:02:00,30.0,30.03,30.0,30.03,13662,409957.0
2026-09-16 10:03:00,30.02,30.04,30.02,30.02,4600,138138.0
2026-09-16 10:04:00,30.02,30.04,30.01,30.02,6300,189140.0
2026-09-16 10:05:00,30.03,30.04,30.02,30.03,4500,135140.0
2026-09-16 10:06:00,30.04,30.05,30.03,30.04,18400,552740.0
2026-09-16 10:07:00,30.05,30.05,30.04,30.05,15100,453752.0
2026-09-16 10:08:00,30.05,30.05,30.04,30.05,14100,423603.0
2026-09-16 10:09:00,30.05,30.05,30.04,30.04,12800,384522.0
2026-09-16 10:10:00,30.04,30.04,30.03,30.03,35900,1078394.0
2026-09-16 10:11:00,30.04,30.09,30.04,30.09,9000,270467.0
2026-09-16 10:12:00,30.09,30.1,30.08,30.1,19900,598781.0
2026-09-16 10:13:00,30.1,30.14,30.1,30.14,2300,69274.0
2026-09-16 10:14:00,30.14,30.18,30.11,30.13,5800,174777.0
2026-09-16 10:15:00,30.13,30.13,30.09,30.09,7500,225737.0
2026-09-16 10:16:00,30.09,30.1,30.08,30.08,6800,204609.0
2026-09-16 10:17:00,30.05,30.08,30.05,30.05,2000,60127.0
2026-09-16 10:18:00,30.06,30.06,30.03,30.03,11600,348479.0
2026-09-16 10:19:00,30.02,30.03,30.01,30.01,6200,186140.0
2026-09-16 10:20:00,30.01,30.01,29.99,29.99,22038,661232.0
2026-09-16 10:21:00,30.0,30.0,29.94,29.95,16000,479362.0
2026-09-16 10:22:00,29.94,29.95,29.9,29.9,36700,1098377.0
2026-09-16 10:23:00,29.9,29.9,29.87,29.87,17700,528971.0
2026-09-16 10:24:00,29.88,29.88,29.86,29.87,10100,301708.0
2026-09-16 10:25:00,29.88,29.89,29.86,29.89,15900,474889.0
2026-09-16 10:26:00,29.89,29.95,29.89,29.95,9500,284205.0
2026-09-16 10:27:00,29.95,30.0,29.94,29.96,8400,251663.0
2026-09-16 10:28:00,29.96,29.97,29.94,29.97,4400,131768.0
2026-09-16 10:29:00,29.94,29.98,29.94,29.97,2600,77881.0
2026-09-16 10:30:00,29.97,29.97,29.96,29.97,4600,137858.0
2026-09-16 10:31:00,29.95,29.97,29.93,29.93,5300,158711.0
2026-09-16 10:32:00,29.93,29.93,29.9,29.93,9700,290127.0
2026-09-16 10:33:00,29.93,29.96,29.93,29.96,9455,283143.7001
2026-09-16 10:34:00,29.96,29.96,29.95,29.96,6762,202551.8997
2026-09-16 10:35:00,29.96,29.98,29.96,29.98,11400,341654.0
2026-09-16 10:36:00,29.98,29.98,29.96,29.96,6200,185823.0
2026-09-16 10:37:00,29.97,29.98,29.96,29.96,6400,191790.0
2026-09-16 10:38:00,29.98,29.99,29.97,29.97,12400,371705.0
2026-09-16 10:39:00,29.96,29.96,29.94,29.94,7238,216790.481
2026-09-16 10:40:00,29.94,29.95,29.92,29.93,6145,183913.3002
2026-09-16 10:41:00,29.92,29.93,29.89,29.89,11100,331997.0
2026-09-16 10:42:00,29.89,29.9,29.89,29.9,9155,273674.9475
2026-09-16 10:43:00,29.9,29.9,29.87,29.89,12600,376565.0015
2026-09-16 10:44:00,29.89,29.9,29.89,29.89,9245,276334.0488
2026-09-16 10:45:00,29.89,29.89,29.88,29.88,4400,131486.0
2026-09-16 10:46:00,29.89,29.89,29.87,29.87,11200,334646.999
2026-09-16 10:47:00,29.87,29.89,29.87,29.89,7700,230026.0
2026-09-16 10:48:00,29.88,29.91,29.88,29.91,8410,251414.9954
2026-09-16 10:49:00,29.91,29.98,29.91,29.98,4662,139619.2006
2026-09-16 10:50:00,30.0,30.01,30.0,30.01,5700,171010.0
2026-09-16 10:51:00,30.01,30.02,30.01,30.02,3300,99041.0
2026-09-16 10:52:00,30.02,30.06,30.01,30.06,5400,162112.0
2026-09-16 10:53:00,30.05,30.07,30.0,30.07,4700,141251.0
2026-09-16 10:54:00,30.07,30.08,30.07,30.07,5200,156393.0
2026-09-16 10:55:00,30.07,30.07,30.01,30.01,6300,189421.0
2026-09-16 10:56:00,30.0,30.05,30.0,30.01,3600,108060.0
2026-09-16 10:57:00,30.02,30.06,30.01,30.06,4900,147055.0
2026-09-16 10:58:00,30.06,30.06,30.02,30.05,1100,33042.0
2026-09-16 10:59:00,30.05,30.05,30.02,30.05,1700,51079.0
2026-09-16 11:00:00,30.05,30.05,30.02,30.02,7700,231322.0
2026-09-16 11:01:00,30.02,30.02,30.02,30.02,500,15010.0
2026-09-16 11:02:00,30.01,30.01,30.0,30.0,6900,207056.0
2026-09-16 11:03:00,30.0,30.0,29.99,29.99,5200,155975.0
2026-09-16 11:04:00,29.98,29.99,29.98,29.98,2900,86943.0
2026-09-16 11:05:00,29.98,29.99,29.97,29.97,7400,221840.0
2026-09-16 11:06:00,29.97,29.97,29.93,29.93,16500,494154.0
2026-09-16 11:07:00,29.95,29.95,29.93,29.94,2700,80834.0
2026-09-16 11:08:00,29.94,29.94,29.92,29.93,8600,257391.0001
2026-09-16 11:09:00,29.92,29.93,29.92,29.92,7532,225362.439
2026-09-16 11:10:00,29.92,29.92,29.9,29.91,6281,187856.0309
2026-09-16 11:11:00,29.91,29.92,29.89,29.9,11700,349829.0002
2026-09-16 11:12:00,29.9,29.91,29.88,29.89,7000,209251.9988
2026-09-16 11:13:00,29.89,29.89,29.87,29.88,19700,588573.0
2026-09-16 11:14:00,29.89,29.89,29.88,29.89,9300,277976.0
2026-09-16 11:15:00,29.9,29.93,29.9,29.93,10800,323063.0
2026-09-16 11:16:00,29.93,30.0,29.93,29.98,11600,347887.0
2026-09-16 11:17:00,29.98,29.98,29.97,29.98,1300,38971.0
2026-09-16 11:18:00,29.97,29.97,29.95,29.97,1600,47930.0
2026-09-16 11:19:00,29.97,30.04,29.97,30.04,3200,95948.0
2026-09-16 11:20:00,30.01,30.04,30.0,30.01,1700,51040.0
2026-09-16 11:21:00,30.01,30.01,30.01,30.01,1900,57019.0
2026-09-16 11:22:00,30.0,30.0,29.97,29.98,7300,218963.0
2026-09-16 11:23:00,29.99,29.99,29.97,29.97,5600,167902.0
2026-09-16 11:24:00,29.97,29.99,29.96,29.99,2100,62926.0
2026-09-16 11:25:00,29.99,29.99,29.95,29.96,9700,290592.0
2026-09-16 11:26:00,29.96,29.96,29.92,29.93,10200,305455.0
2026-09-16 11:27:00,29.94,29.97,29.91,29.97,19900,595446.0
2026-09-16 11:28:00,29.98,29.98,29.91,29.91,10400,311157.0
2026-09-16 11:29:00,29.91,29.98,29.91,29.91,4300,128626.0
2026-09-16 11:30:00,29.97,29.98,29.97,29.98,2500,74948.0
2026-09-16 13:01:00,29.99,30.01,29.98,30.0,13300,399003.0
2026-09-16 13:02:00,30.01,30.05,30.0,30.01,3900,117080.0
2026-09-16 13:03:00,30.01,30.05,30.0,30.05,4200,126087.0
2026-09-16 13:04:00,30.06,30.09,30.06,30.08,4200,126346.0
2026-09-16 13:05:00,30.09,30.09,30.08,30.08,3600,108321.0
2026-09-16 13:06:00,30.08,30.09,30.05,30.05,3300,99202.0
2026-09-16 13:07:00,30.05,30.05,30.01,30.01,2500,75107.0
2026-09-16 13:08:00,30.01,30.03,30.01,30.02,1600,48022.0
2026-09-16 13:09:00,30.03,30.03,30.01,30.01,2000,60036.0
2026-09-16 13:10:00,30.02,30.03,30.0,30.03,12900,387191.0
2026-09-16 13:11:00,30.03,30.03,30.02,30.02,2300,69067.0
2026-09-16 13:12:00,30.03,30.03,30.02,30.03,5700,171147.0
2026-09-16 13:13:00,30.03,30.08,30.03,30.08,8400,252269.0
2026-09-16 13:14:00,30.08,30.08,30.06,30.06,5300,159348.0
2026-09-16 13:15:00,30.06,30.06,30.05,30.05,5200,156266.0
2026-09-16 13:16:00,30.04,30.04,30.03,30.03,7000,210230.0
2026-09-16 13:17:00,30.03,30.04,30.02,30.02,5400,162163.0
2026-09-16 13:18:00,30.02,30.04,30.02,30.03,6100,183201.0
2026-09-16 13:19:00,30.03,30.03,30.01,30.01,11200,336257.0
2026-09-16 13:20:00,30.02,30.03,30.01,30.03,4300,129061.0
2026-09-16 13:21:00,30.02,30.02,30.01,30.01,3500,105045.0
2026-09-16 13:22:00,30.0,30.01,29.99,29.99,24000,719974.0
2026-09-16 13:23:00,30.0,30.0,29.99,29.99,1500,44988.0
2026-09-16 13:24:00,29.98,29.98,29.97,29.97,8300,248794.9996
2026-09-16 13:25:00,29.97,29.98,29.97,29.98,5200,155880.0
2026-09-16 13:26:00,29.97,29.99,29.97,29.99,10911,327110.7393
2026-09-16 13:27:00,29.98,29.98,29.98,29.98,600,17988.0
2026-09-16 13:28:00,29.99,29.99,29.98,29.98,4193,125708.1406
2026-09-16 13:29:00,29.98,29.99,29.97,29.98,3594,107747.1195
2026-09-16 13:30:00,29.98,29.98,29.97,29.98,12106,362935.875
2026-09-16 13:31:00,29.97,29.98,29.97,29.98,6000,179855.9985
2026-09-16 13:32:00,29.98,29.98,29.97,29.97,3500,104912.9995
2026-09-16 13:33:00,29.97,29.97,29.97,29.97,1500,44954.9988
2026-09-16 13:34:00,29.97,29.98,29.96,29.96,6800,203770.9569
2026-09-16 13:35:00,29.97,29.97,29.96,29.96,3900,116857.9962
2026-09-16 13:36:00,29.96,29.97,29.95,29.95,4500,134837.9196
2026-09-16 13:37:00,29.98,29.98,29.96,29.98,2500,74942.0
2026-09-16 13:38:00,29.98,29.98,29.97,29.98,2500,74946.0
2026-09-16 13:39:00,29.98,29.98,29.97,29.98,16800,503616.0
2026-09-16 13:40:00,29.98,29.98,29.96,29.96,8800,263668.0
2026-09-16 13:41:00,29.96,29.96,29.95,29.95,13296,398238.2014
2026-09-16 13:42:00,29.94,29.94,29.93,29.94,17415,521396.9502
2026-09-16 13:43:00,29.94,29.95,29.93,29.95,7494,224361.3607
2026-09-16 13:44:00,29.94,29.95,29.93,29.94,11406,341494.6406
2026-09-16 13:45:00,29.94,29.97,29.94,29.97,10194,305242.3594
2026-09-16 13:46:00,29.98,29.98,29.97,29.98,5300,158853.0
2026-09-16 13:47:00,29.98,30.01,29.97,30.01,5900,176912.0
2026-09-16 13:48:00,30.03,30.08,30.02,30.08,10700,321578.0
2026-09-16 13:49:00,30.08,30.15,30.08,30.1,6200,186720.0
2026-09-16 13:50:00,30.14,30.14,30.1,30.13,9000,271148.0
2026-09-16 13:51:00,30.13,30.2,30.13,30.2,16800,506698.0
2026-09-16 13:52:00,30.2,30.23,30.18,30.18,18100,546855.0
2026-09-16 13:53:00,30.15,30.18,30.15,30.18,4300,129735.0
2026-09-16 13:54:00,30.11,30.11,30.06,30.06,11200,336956.0
2026-09-16 13:55:00,30.06,30.06,30.02,30.03,12500,375500.0
2026-09-16 13:56:00,30.11,30.11,30.11,30.11,500,15055.0
2026-09-16 13:57:00,30.11,30.14,30.11,30.14,4700,141562.0
2026-09-16 13:58:00,30.15,30.15,30.14,30.14,3100,93453.0
2026-09-16 13:59:00,30.15,30.18,30.15,30.18,4900,147770.0
2026-09-16 14:00:00,30.18,30.19,30.18,30.18,2500,75461.0
2026-09-16 14:01:00,30.18,30.19,30.17,30.18,9600,289722.0
2026-09-16 14:02:00,30.18,30.18,30.15,30.15,1000,30162.0
2026-09-16 14:03:00,30.15,30.17,30.15,30.16,1900,57299.0
2026-09-16 14:04:00,30.15,30.15,30.12,30.12,4600,138624.0
2026-09-16 14:05:00,30.11,30.12,30.1,30.12,3600,108371.0
2026-09-16 14:06:00,30.12,30.16,30.12,30.16,1700,51240.0
2026-09-16 14:07:00,30.12,30.12,30.1,30.1,4800,144492.0
2026-09-16 14:08:00,30.09,30.09,30.09,30.09,1000,30090.0
2026-09-16 14:09:00,30.09,30.09,30.09,30.09,200,6018.0
2026-09-16 14:10:00,30.09,30.09,30.09,30.09,2500,75225.0
2026-09-16 14:11:00,30.08,30.09,30.08,30.09,1200,36100.0
2026-09-16 14:12:00,30.08,30.1,30.07,30.1,4100,123320.0
2026-09-16 14:13:00,30.1,30.1,30.07,30.07,11500,345857.0
2026-09-16 14:14:00,30.07,30.07,30.06,30.07,6700,201442.0
2026-09-16 14:15:00,30.07,30.07,30.06,30.07,1000,30065.0
2026-09-16 14:16:00,30.07,30.07,30.06,30.07,1200,36074.0
2026-09-16 14:17:00,30.06,30.07,30.06,30.07,300,9020.0
2026-09-16 14:18:00,30.07,30.07,30.07,30.07,6700,201469.0
2026-09-16 14:19:00,30.07,30.08,30.06,30.06,5400,162339.0
2026-09-16 14:20:00,30.08,30.08,30.06,30.08,1300,39086.0
2026-09-16 14:21:00,30.08,30.08,30.08,30.08,1400,42112.0
2026-09-16 14:22:00,30.09,30.09,30.08,30.09,6700,201598.0
2026-09-16 14:23:00,30.09,30.09,30.09,30.09,6400,192576.0
2026-09-16 14:24:00,30.08,30.09,30.08,30.09,600,18053.0
2026-09-16 14:25:00,30.09,30.09,30.08,30.08,3700,111328.0
2026-09-16 14:26:00,30.09,30.09,30.08,30.09,1600,48139.0
2026-09-16 14:27:00,30.09,30.09,30.08,30.08,17600,529410.0
2026-09-16 14:28:00,30.08,30.08,30.08,30.08,5300,159424.0
2026-09-16 14:29:00,30.09,30.09,30.08,30.09,3300,99295.0
2026-09-16 14:30:00,30.09,30.1,30.09,30.1,11100,334011.0
2026-09-16 14:31:00,30.1,30.1,30.1,30.1,1000,30100.0
2026-09-16 14:33:00,30.11,30.11,30.1,30.11,5200,156563.0
2026-09-16 14:34:00,30.11,30.14,30.1,30.11,9900,298154.0
2026-09-16 14:35:00,30.14,30.15,30.14,30.14,2100,63295.0
2026-09-16 14:36:00,30.13,30.14,30.13,30.14,2400,72328.0
2026-09-16 14:37:00,30.14,30.14,30.14,30.14,2100,63294.0
2026-09-16 14:38:00,30.13,30.13,30.1,30.1,17200,517883.0
2026-09-16 14:39:00,30.11,30.11,30.09,30.11,13300,400257.0
2026-09-16 14:40:00,30.1,30.1,30.05,30.05,17800,535169.0
2026-09-16 14:41:00,30.05,30.07,30.05,30.07,9900,297634.0
2026-09-16 14:42:00,30.07,30.08,30.07,30.07,5800,174433.0
2026-09-16 14:43:00,30.07,30.09,30.06,30.06,9300,279641.0
2026-09-16 14:44:00,30.07,30.08,30.06,30.07,13704,412060.2803
2026-09-16 14:45:00,30.07,30.08,30.07,30.08,8400,252640.0009
2026-09-16 14:46:00,30.08,30.09,30.07,30.08,9100,273721.0
2026-09-16 14:47:00,30.07,30.08,30.06,30.06,14296,429890.718
2026-09-16 14:48:00,30.07,30.08,30.05,30.05,38400,1154373.0015
2026-09-16 14:49:00,30.06,30.06,30.02,30.02,31100,934477.0
2026-09-16 14:50:00,30.02,30.03,30.0,30.02,52100,1563687.0
2026-09-16 14:51:00,30.02,30.02,30.0,30.01,10800,324131.0
2026-09-16 14:52:00,30.0,30.01,29.99,29.99,19200,576017.0
2026-09-16 14:53:00,29.99,30.01,29.99,30.0,31200,935988.0
2026-09-16 14:54:00,29.99,30.0,29.99,30.0,15700,470893.0
2026-09-16 14:55:00,30.0,30.0,29.99,30.0,20904,627038.959
2026-09-16 14:56:00,30.0,30.0,29.99,29.99,27000,809921.0
2026-09-16 14:57:00,30.0,30.01,29.99,30.0,48700,1460935.0
2026-09-16 15:00:00,30.01,30.01,30.01,30.01,65700,1971657.0
2026-09-17 09:31:00,29.74,29.75,29.58,29.58,79300,2354687.0
2026-09-17 09:32:00,29.58,29.61,29.27,29.27,88400,2602327.3799
2026-09-17 09:33:00,29.26,29.26,29.16,29.17,106100,3099358.9956
2026-09-17 09:34:00,29.17,29.17,29.03,29.11,90000,2618790.0
2026-09-17 09:35:00,29.11,29.18,29.09,29.1,61200,1781947.0
2026-09-17 09:36:00,29.12,29.13,29.1,29.12,84700,2466776.0
2026-09-17 09:37:00,29.12,29.13,29.08,29.08,42300,1231019.1
2026-09-17 09:38:00,29.08,29.11,29.08,29.1,45900,1335156.0
2026-09-17 09:39:00,29.09,29.12,29.09,29.1,27900,811978.0
2026-09-17 09:40:00,29.12,29.13,29.11,29.13,18845,548720.9506
2026-09-17 09:41:00,29.12,29.13,29.09,29.09,58955,1715630.0538
2026-09-17 09:42:00,29.09,29.11,29.08,29.08,34900,1015327.0
2026-09-17 09:43:00,29.08,29.09,29.06,29.06,29000,843110.0
2026-09-17 09:44:00,29.06,29.06,28.95,28.95,90600,2628925.0016
2026-09-17 09:45:00,28.95,28.95,28.74,28.75,98600,2841630.0
2026-09-17 09:46:00,28.75,28.78,28.7,28.74,122300,3514308.0
2026-09-17 09:47:00,28.74,28.78,28.73,28.77,55400,1593226.0
2026-09-17 09:48:00,28.78,28.88,28.77,28.88,25700,740197.0
2026-09-17 09:49:00,28.88,28.99,28.88,28.93,40500,1172145.0
2026-09-17 09:50:00,28.93,28.93,28.88,28.9,26600,768912.0
2026-09-17 09:51:00,28.89,28.9,28.86,28.9,14100,407309.0
2026-09-17 09:52:00,28.87,28.89,28.85,28.85,10800,311679.0
2026-09-17 09:53:00,28.86,28.86,28.78,28.78,33900,976382.0
2026-09-17 09:54:00,28.78,28.8,28.7,28.71,83200,2391072.0
2026-09-17 09:55:00,28.7,28.74,28.7,28.73,45000,1292099.0
2026-09-17 09:56:00,28.73,28.73,28.71,28.71,23800,683429.0
2026-09-17 09:57:00,28.73,28.73,28.7,28.71,57300,1645174.0
2026-09-17 09:58:00,28.71,28.72,28.68,28.69,58100,1667240.0
2026-09-17 09:59:00,28.69,28.69,28.66,28.67,26300,754131.0
2026-09-17 10:00:00,28.67,28.67,28.64,28.64,52800,1513218.0
2026-09-17 10:01:00,28.64,28.64,28.6,28.61,31200,892659.0
2026-09-17 10:02:00,28.6,28.61,28.51,28.55,60000,1712390.0
2026-09-17 10:03:00,28.55,28.67,28.52,28.66,51445,1471686.4502
2026-09-17 10:04:00,28.66,28.72,28.6,28.6,54455,1560923.5498
2026-09-17 10:05:00,28.6,28.6,28.54,28.56,12500,357125.0
2026-09-17 10:06:00,28.54,28.56,28.54,28.55,20500,585255.0039
2026-09-17 10:07:00,28.55,28.55,28.51,28.52,29900,853040.0039
2026-09-17 10:08:00,28.51,28.51,28.49,28.49,34600,986118.0
2026-09-17 10:09:00,28.49,28.49,28.37,28.39,58200,1654106.0
2026-09-17 10:10:00,28.38,28.38,28.22,28.29,45900,1298915.0
2026-09-17 10:11:00,28.27,28.29,28.09,28.1,52900,1490544.998
2026-09-17 10:12:00,28.1,28.1,27.88,27.96,210300,5877589.0
2026-09-17 10:13:00,27.94,28.01,27.93,28.01,56100,1570233.0
2026-09-17 10:14:00,28.0,28.08,28.0,28.08,31200,874513.0
2026-09-17 10:15:00,28.08,28.08,27.98,28.02,51745,1449367.0996
2026-09-17 10:16:00,28.08,28.28,28.08,28.27,8500,239097.0
2026-09-17 10:17:00,28.26,28.28,28.03,28.03,30900,870296.0
2026-09-17 10:18:00,28.04,28.1,28.04,28.1,15500,434801.0
2026-09-17 10:19:00,28.1,28.22,28.1,28.22,5600,157813.0
2026-09-17 10:20:00,28.23,28.3,28.23,28.3,11400,322401.0
2026-09-17 10:21:00,28.3,28.34,28.25,28.25,19700,557528.0
2026-09-17 10:22:00,28.25,28.28,28.25,28.28,8600,243115.0
2026-09-17 10:23:00,28.25,28.25,28.22,28.22,3700,104479.0
2026-09-17 10:24:00,28.22,28.24,28.18,28.18,7000,197419.0
2026-09-17 10:25:00,28.19,28.19,28.12,28.13,13500,379978.0
2026-09-17 10:26:00,28.13,28.13,28.12,28.13,13800,388076.0
2026-09-17 10:27:00,28.13,28.15,28.12,28.15,5600,157571.0
2026-09-17 10:28:00,28.14,28.14,28.12,28.12,22200,624358.0
2026-09-17 10:29:00,28.13,28.13,28.12,28.13,8200,230637.0
2026-09-17 10:30:00,28.13,28.15,28.13,28.15,3000,84442.0
2026-09-17 10:31:00,28.15,28.18,28.15,28.18,10200,287318.0
2026-09-17 10:32:00,28.18,28.2,28.18,28.2,8700,245329.0
2026-09-17 10:33:00,28.2,28.2,28.19,28.2,8300,234041.0
2026-09-17 10:34:00,28.19,28.2,28.19,28.19,3300,93050.0
2026-09-17 10:35:00,28.19,28.2,28.19,28.2,1800,50747.0
2026-09-17 10:36:00,28.2,28.2,28.19,28.2,3700,104334.0
2026-09-17 10:37:00,28.2,28.2,28.17,28.17,20000,563760.0
2026-09-17 10:38:00,28.18,28.18,28.15,28.18,6600,185887.0
2026-09-17 10:39:00,28.18,28.19,28.18,28.18,3100,87366.0
2026-09-17 10:40:00,28.16,28.18,28.15,28.18,16300,458991.0
2026-09-17 10:41:00,28.17,28.18,28.15,28.18,16900,475915.0
2026-09-17 10:42:00,28.18,28.23,28.18,28.2,3000,84612.0
2026-09-17 10:43:00,28.2,28.2,28.18,28.18,10500,296049.0
2026-09-17 10:44:00,28.18,28.18,28.14,28.14,4700,132318.0
2026-09-17 10:45:00,28.14,28.18,28.14,28.15,5900,166132.0
2026-09-17 10:46:00,28.17,28.18,28.16,28.16,4000,112683.0
2026-09-17 10:47:00,28.16,28.16,28.15,28.16,5900,166117.0
2026-09-17 10:48:00,28.16,28.18,28.15,28.18,8400,236578.0
2026-09-17 10:49:00,28.16,28.18,28.16,28.17,7100,200023.0
2026-09-17 10:50:00,28.16,28.17,28.15,28.15,5200,146433.0
2026-09-17 10:51:00,28.16,28.16,28.15,28.15,4900,137964.0
2026-09-17 10:52:00,28.15,28.16,28.15,28.16,4600,129524.0
2026-09-17 10:53:00,28.15,28.19,28.15,28.16,7900,222446.0
2026-09-17 10:54:00,28.16,28.16,28.15,28.16,6800,191484.0
2026-09-17 10:55:00,28.19,28.2,28.19,28.2,3500,98694.0
2026-09-17 10:56:00,28.2,28.2,28.2,28.2,5200,146640.0
2026-09-17 10:57:00,28.2,28.2,28.18,28.2,2900,81769.0
2026-09-17 10:58:00,28.2,28.28,28.2,28.28,3500,98841.0
2026-09-17 10:59:00,28.28,28.38,28.28,28.38,13000,368045.0
2026-09-17 11:00:00,28.39,28.39,28.35,28.35,7600,215636.0
2026-09-17 11:01:00,28.33,28.36,28.32,28.32,6100,172820.0
2026-09-17 11:02:00,28.33,28.38,28.33,28.37,4400,124718.0
2026-09-17 11:03:00,28.36,28.37,28.3,28.37,10700,303005.0
2026-09-17 11:04:00,28.37,28.38,28.37,28.37,7300,207154.9962
2026-09-17 11:05:00,28.34,28.39,28.34,28.39,1200,34039.0
2026-09-17 11:06:00,28.39,28.39,28.35,28.35,2644,75012.4004
2026-09-17 11:07:00,28.38,28.38,28.34,28.34,1856,52632.6008
2026-09-17 11:08:00,28.34,28.35,28.32,28.32,3700,104847.9999
2026-09-17 11:09:00,28.3,28.32,28.3,28.32,1400,39624.0
2026-09-17 11:10:00,28.32,28.32,28.25,28.25,4100,115963.0
2026-09-17 11:11:00,28.25,28.25,28.18,28.18,14300,403421.0
2026-09-17 11:12:00,28.2,28.2,28.18,28.18,2500,70494.0
2026-09-17 11:13:00,28.18,28.18,28.17,28.17,2900,81703.0
2026-09-17 11:14:00,28.16,28.16,28.13,28.14,8500,239238.0
2026-09-17 11:15:00,28.14,28.15,28.13,28.13,8600,242010.0
2026-09-17 11:16:00,28.14,28.14,28.14,28.14,2600,73164.0
2026-09-17 11:17:00,28.16,28.16,28.16,28.16,1200,33792.0
2026-09-17 11:18:00,28.17,28.21,28.17,28.21,400,11276.0
2026-09-17 11:19:00,28.21,28.22,28.21,28.22,1500,42318.998
2026-09-17 11:20:00,28.22,28.22,28.22,28.22,2000,56440.0
2026-09-17 11:21:00,28.23,28.23,28.23,28.23,200,5646.0
2026-09-17 11:22:00,28.23,28.28,28.23,28.24,1800,50824.0
2026-09-17 11:24:00,28.28,28.3,28.28,28.3,15200,430003.0
2026-09-17 11:25:00,28.32,28.32,28.32,28.32,100,2832.0
2026-09-17 11:26:00,28.32,28.37,28.32,28.37,2409,68296.9703
2026-09-17 11:27:00,28.37,28.37,28.35,28.35,2791,79167.8501
2026-09-17 11:28:00,28.3,28.3,28.29,28.29,1100,31123.0
2026-09-17 11:29:00,28.29,28.29,28.28,28.28,2300,65047.0
2026-09-17 13:01:00,28.27,28.28,28.25,28.27,2900,81981.0
2026-09-17 13:02:00,28.27,28.28,28.27,28.28,1000,28271.0
2026-09-17 13:03:00,28.26,28.27,28.26,28.26,3700,104585.0
2026-09-17 13:04:00,28.26,28.27,28.23,28.23,5700,160994.0
2026-09-17 13:05:00,28.23,28.23,28.22,28.22,800,22580.0
2026-09-17 13:06:00,28.21,28.21,28.2,28.2,7100,200249.0
2026-09-17 13:07:00,28.2,28.2,28.17,28.17,19694,554889.9883
2026-09-17 13:08:00,28.2,28.2,28.19,28.19,1500,42290.001
2026-09-17 13:09:00,28.21,28.25,28.18,28.18,3706,104497.1401
2026-09-17 13:10:00,28.18,28.19,28.17,28.19,1600,45091.0
2026-09-17 13:11:00,28.18,28.19,28.18,28.19,2900,81726.0
2026-09-17 13:12:00,28.19,28.25,28.19,28.25,2294,64673.8618
2026-09-17 13:13:00,28.24,28.24,28.19,28.19,906,25575.14
2026-09-17 13:14:00,28.19,28.24,28.18,28.19,8694,245045.9214
2026-09-17 13:15:00,28.19,28.23,28.18,28.18,24400,687722.9999
2026-09-17 13:16:00,28.19,28.19,28.18,28.18,2500,70453.002
2026-09-17 13:17:00,28.18,28.18,28.16,28.16,19306,544007.082
2026-09-17 13:18:00,28.17,28.17,28.16,28.16,4600,129538.0
2026-09-17 13:19:00,28.16,28.17,28.16,28.16,11300,318224.0
2026-09-17 13:20:00,28.16,28.18,28.16,28.18,3100,87321.0
2026-09-17 13:21:00,28.18,28.23,28.17,28.23,2794,78742.9199
2026-09-17 13:22:00,28.23,28.23,28.2,28.23,1900,53622.0
2026-09-17 13:23:00,28.21,28.21,28.21,28.21,2300,64883.0
2026-09-17 13:24:00,28.2,28.21,28.17,28.17,7500,211415.0
2026-09-17 13:25:00,28.18,28.2,28.17,28.17,2000,56354.0
2026-09-17 13:26:00,28.17,28.17,28.16,28.17,3300,92946.0
2026-09-17 13:27:00,28.16,28.16,28.14,28.15,15400,433568.0
2026-09-17 13:28:00,28.14,28.16,28.14,28.16,3300,92890.0
2026-09-17 13:29:00,28.15,28.15,28.1,28.1,19700,553957.0
2026-09-17 13:30:00,28.1,28.1,28.09,28.1,11800,331552.0
2026-09-17 13:31:00,28.09,28.11,28.01,28.03,18700,524676.0
2026-09-17 13:32:00,28.04,28.11,28.04,28.04,6500,182337.0
2026-09-17 13:33:00,28.04,28.1,28.03,28.1,14300,400939.0
2026-09-17 13:34:00,28.11,28.11,28.06,28.06,1400,39344.0
2026-09-17 13:35:00,28.07,28.1,28.07,28.09,2600,73026.0
2026-09-17 13:36:00,28.09,28.09,28.08,28.08,7100,199403.0
2026-09-17 13:37:00,28.08,28.08,28.08,28.08,1600,44928.0
2026-09-17 13:38:00,28.07,28.09,28.07,28.08,1800,50553.0
2026-09-17 13:39:00,28.1,28.11,28.08,28.11,13600,382249.0
2026-09-17 13:40:00,28.11,28.11,28.11,28.11,900,25299.0
2026-09-17 13:41:00,28.16,28.16,28.14,28.16,1100,30964.0
2026-09-17 13:42:00,28.16,28.17,28.16,28.17,1400,39434.0
2026-09-17 13:43:00,28.17,28.17,28.17,28.17,1800,50706.0
2026-09-17 13:44:00,28.16,28.18,28.16,28.17,2700,76052.0
2026-09-17 13:45:00,28.18,28.18,28.16,28.17,500,14086.0
2026-09-17 13:46:00,28.18,28.18,28.17,28.18,5200,146535.0
2026-09-17 13:47:00,28.18,28.18,28.17,28.17,2800,78902.0
2026-09-17 13:48:00,28.17,28.18,28.16,28.16,12800,360672.0
2026-09-17 13:49:00,28.17,28.18,28.17,28.18,442,12455.14
2026-09-17 13:50:00,28.18,28.18,28.17,28.17,2100,59172.0
2026-09-17 13:51:00,28.16,28.17,28.16,28.16,2500,70406.0
2026-09-17 13:52:00,28.16,28.16,28.15,28.15,6900,194242.0
2026-09-17 13:53:00,28.14,28.16,28.14,28.16,3100,87255.0
2026-09-17 13:54:00,28.16,28.18,28.16,28.18,11600,326886.0
2026-09-17 13:55:00,28.17,28.18,28.15,28.15,4900,137996.0
2026-09-17 13:56:00,28.15,28.17,28.15,28.17,2200,61943.0
2026-09-17 13:57:00,28.15,28.15,28.09,28.09,19700,553882.0
2026-09-17 13:58:00,28.1,28.1,28.09,28.09,7100,199478.0
2026-09-17 13:59:00,28.09,28.1,28.09,28.09,2400,67429.0
2026-09-17 14:00:00,28.09,28.1,28.09,28.1,4200,118007.0
2026-09-17 14:01:00,28.15,28.15,28.1,28.11,2700,75881.0
2026-09-17 14:02:00,28.1,28.11,28.08,28.11,15700,441137.0
2026-09-17 14:03:00,28.09,28.09,28.08,28.09,2600,73013.0
2026-09-17 14:04:00,28.08,28.08,28.07,28.07,11900,334076.0
2026-09-17 14:05:00,28.06,28.08,28.06,28.07,7500,210522.0
2026-09-17 14:06:00,28.06,28.08,28.06,28.06,10100,283470.0
2026-09-17 14:07:00,28.06,28.08,28.05,28.05,1900,53327.0
2026-09-17 14:08:00,28.05,28.07,28.05,28.07,4000,112230.0
2026-09-17 14:09:00,28.07,28.07,28.06,28.07,9000,252601.0
2026-09-17 14:10:00,28.07,28.07,28.06,28.07,3300,92627.0
2026-09-17 14:11:00,28.07,28.08,28.0,28.0,34100,955860.0
2026-09-17 14:12:00,28.0,28.01,27.9,28.0,64000,1790214.4004
2026-09-17 14:13:00,28.0,28.0,27.91,27.91,11600,323887.0
2026-09-17 14:14:00,27.95,27.95,27.9,27.91,13200,368392.0
2026-09-17 14:15:00,27.93,27.93,27.93,27.93,6500,181545.0
2026-09-17 14:16:00,27.92,27.93,27.91,27.93,8800,245745.0
2026-09-17 14:17:00,27.93,27.96,27.93,27.95,7800,218017.0
2026-09-17 14:18:00,27.95,27.98,27.95,27.96,3500,97894.0
2026-09-17 14:19:00,27.98,28.0,27.96,27.99,8000,223940.0
2026-09-17 14:20:00,27.99,27.99,27.98,27.99,1300,36386.0
2026-09-17 14:21:00,27.99,28.0,27.98,28.0,6400,179119.0
2026-09-17 14:22:00,28.0,28.0,27.99,27.99,2500,69986.0
2026-09-17 14:23:00,28.0,28.0,27.99,28.0,4700,131568.0
2026-09-17 14:24:00,27.99,28.0,27.99,28.0,1800,50389.0
2026-09-17 14:25:00,27.99,28.0,27.99,27.99,17300,484353.0
2026-09-17 14:26:00,28.0,28.01,28.0,28.0,2700,75602.0
2026-09-17 14:27:00,28.01,28.02,28.0,28.01,5300,148457.0
2026-09-17 14:28:00,28.0,28.05,28.0,28.05,5900,165294.0
2026-09-17 14:29:00,28.05,28.05,28.03,28.03,4400,123369.0
2026-09-17 14:30:00,28.03,28.03,28.01,28.01,6000,168124.0
2026-09-17 14:31:00,28.01,28.02,28.0,28.0,6000,168048.0
2026-09-17 14:32:00,28.0,28.01,27.99,27.99,25000,700023.0
2026-09-17 14:33:00,28.0,28.0,27.99,28.0,9400,263189.0
2026-09-17 14:34:00,28.0,28.0,27.99,27.99,6600,184743.0
2026-09-17 14:35:00,27.99,28.0,27.99,27.99,12800,358347.0
2026-09-17 14:36:00,28.0,28.0,27.98,27.98,9800,274271.0
2026-09-17 14:37:00,27.97,27.97,27.96,27.97,3900,109068.0
2026-09-17 14:38:00,27.96,27.97,27.96,27.96,35100,981558.0
2026-09-17 14:39:00,27.95,27.96,27.93,27.94,11800,329770.0
2026-09-17 14:40:00,27.94,27.95,27.91,27.95,19000,530513.0
2026-09-17 14:41:00,27.91,27.92,27.9,27.91,15800,440960.0
2026-09-17 14:42:00,27.91,27.92,27.88,27.89,35855,1000238.5002
2026-09-17 14:43:00,27.88,27.89,27.83,27.83,35300,983755.0
2026-09-17 14:44:00,27.82,27.83,27.79,27.8,51000,1418127.0
2026-09-17 14:45:00,27.8,27.8,27.75,27.75,50000,1388292.0
2026-09-17 14:46:00,27.73,27.75,27.73,27.73,19200,532547.0
2026-09-17 14:47:00,27.74,27.74,27.73,27.74,28200,782156.0
2026-09-17 14:48:00,27.74,27.76,27.74,27.76,18100,502278.0
2026-09-17 14:49:00,27.76,27.79,27.75,27.79,20200,561168.0
2026-09-17 14:50:00,27.79,27.8,27.78,27.8,19900,553033.0176
2026-09-17 14:51:00,27.8,27.8,27.79,27.8,21700,603125.0039
2026-09-17 14:52:00,27.79,27.8,27.78,27.78,44400,1233742.0126
2026-09-17 14:53:00,27.78,27.79,27.77,27.78,30300,841718.0139
2026-09-17 14:54:00,27.77,27.79,27.77,27.78,40023,1111880.948
2026-09-17 14:55:00,27.77,27.79,27.76,27.78,29700,824863.0
2026-09-17 14:56:00,27.78,27.78,27.76,27.77,33700,935762.0
2026-09-17 14:57:00,27.76,27.77,27.73,27.74,79800,2213915.0
2026-09-17 15:00:00,27.65,27.65,27.65,27.65,130500,3608325.0
2026-09-18 09:31:00,27.66,28.19,27.66,27.99,208600,5811722.0
2026-09-18 09:32:00,27.99,28.4,27.92,28.24,89300,2519193.0
2026-09-18 09:33:00,28.24,28.3,28.04,28.05,39400,1110445.0
2026-09-18 09:34:00,28.05,28.26,28.05,28.2,52500,1479898.0
2026-09-18 09:35:00,28.17,28.18,28.06,28.11,28700,807104.0
2026-09-18 09:36:00,28.15,28.15,28.08,28.08,20000,562141.0005
2026-09-18 09:37:00,28.08,28.1,28.0,28.0,20200,566625.0
2026-09-18 09:38:00,28.0,28.01,27.96,27.98,31600,884772.0
2026-09-18 09:39:00,27.98,27.98,27.93,27.93,8000,223698.0
2026-09-18 09:40:00,27.96,27.96,27.84,27.84,32900,917376.0
2026-09-18 09:41:00,27.85,27.9,27.8,27.9,36300,1010649.0
2026-09-18 09:42:00,27.9,27.9,27.87,27.89,33900,945511.0
2026-09-18 09:43:00,27.86,27.89,27.81,27.81,10100,281371.0
2026-09-18 09:44:00,27.8,27.83,27.74,27.83,68475,1902236.5
2026-09-18 09:45:00,27.83,27.97,27.83,27.97,18800,524760.0
2026-09-18 09:46:00,27.97,27.98,27.96,27.96,23700,662879.0
2026-09-18 09:47:00,27.93,27.96,27.92,27.93,7000,195613.0
2026-09-18 09:48:00,27.93,27.94,27.88,27.89,9200,256674.0
2026-09-18 09:49:00,27.92,27.92,27.84,27.84,17600,490740.0
2026-09-18 09:50:00,27.83,27.83,27.78,27.78,18800,522802.0
2026-09-18 09:51:00,27.78,27.8,27.76,27.79,15500,430561.0
2026-09-18 09:52:00,27.8,27.8,27.77,27.77,17400,483483.0
2026-09-18 09:53:00,27.78,27.79,27.77,27.79,14100,391705.0
2026-09-18 09:54:00,27.8,27.97,27.8,27.97,22200,618711.0
2026-09-18 09:55:00,27.96,27.98,27.95,27.95,3900,109086.0
2026-09-18 09:56:00,27.96,27.97,27.92,27.92,10900,304612.0
2026-09-18 09:57:00,27.92,27.93,27.9,27.91,5900,164730.0
2026-09-18 09:58:00,27.91,27.91,27.88,27.9,8800,245445.0
2026-09-18 09:59:00,27.9,27.91,27.9,27.91,7000,195302.0
2026-09-18 10:00:00,27.9,27.92,27.9,27.92,9400,262346.0
2026-09-18 10:01:00,27.92,27.93,27.91,27.92,5700,159184.0
2026-09-18 10:02:00,27.92,27.92,27.9,27.92,11500,321045.0
2026-09-18 10:03:00,27.91,27.91,27.9,27.9,21200,591571.0
2026-09-18 10:04:00,27.9,27.92,27.89,27.92,3800,106055.0
2026-09-18 10:05:00,27.92,27.92,27.91,27.92,3200,89329.0
2026-09-18 10:06:00,27.92,27.92,27.9,27.9,2500,69776.0
2026-09-18 10:07:00,27.91,27.92,27.91,27.92,3200,89322.0
2026-09-18 10:08:00,27.92,27.92,27.91,27.92,5000,139583.0
2026-09-18 10:09:00,27.92,27.93,27.91,27.93,3000,83748.0
2026-09-18 10:10:00,27.91,27.91,27.86,27.86,14600,407143.0
2026-09-18 10:11:00,27.87,27.9,27.87,27.9,1600,44620.0
2026-09-18 10:12:00,27.88,27.88,27.85,27.85,5800,161625.0
2026-09-18 10:13:00,27.85,27.86,27.85,27.86,9300,259086.0
2026-09-18 10:14:00,27.87,27.88,27.87,27.88,3300,91972.0
2026-09-18 10:15:00,27.87,27.88,27.87,27.88,7400,206276.0
2026-09-18 10:16:00,27.88,27.9,27.88,27.9,8400,234294.0
2026-09-18 10:17:00,27.9,27.9,27.89,27.9,2200,61371.0
2026-09-18 10:18:00,27.89,27.9,27.85,27.85,26900,749814.0
2026-09-18 10:19:00,27.85,27.85,27.76,27.78,15600,433589.0
2026-09-18 10:20:00,27.77,27.78,27.77,27.77,13300,369352.0
2026-09-18 10:21:00,27.76,27.77,27.76,27.76,6800,188797.0
2026-09-18 10:22:00,27.76,27.77,27.74,27.74,13300,369033.0
2026-09-18 10:23:00,27.73,27.74,27.71,27.71,15600,432437.0
2026-09-18 10:24:00,27.71,27.73,27.67,27.68,41900,1160255.0
2026-09-18 10:25:00,27.67,27.68,27.66,27.66,11400,315422.0
2026-09-18 10:26:00,27.67,27.69,27.66,27.68,15300,423398.0
2026-09-18 10:27:00,27.69,27.77,27.69,27.77,16500,457234.0
2026-09-18 10:28:00,27.76,27.76,27.74,27.74,5200,144264.0
2026-09-18 10:29:00,27.74,27.75,27.71,27.72,10300,285640.0
2026-09-18 10:30:00,27.72,27.72,27.71,27.72,4700,130276.0
2026-09-18 10:31:00,27.71,27.8,27.71,27.8,15200,421861.0
2026-09-18 10:32:00,27.83,27.83,27.8,27.8,1400,38934.0
2026-09-18 10:33:00,27.8,27.81,27.8,27.81,1300,36152.0
2026-09-18 10:34:00,27.8,27.81,27.79,27.79,5600,155677.0
2026-09-18 10:35:00,27.78,27.78,27.78,27.78,3300,91674.0
2026-09-18 10:36:00,27.77,27.77,27.71,27.71,6800,188590.0
2026-09-18 10:37:00,27.74,27.78,27.74,27.77,23900,663635.0
2026-09-18 10:38:00,27.78,27.78,27.77,27.77,2800,77776.0
2026-09-18 10:39:00,27.78,27.79,27.77,27.78,5900,163902.002
2026-09-18 10:40:00,27.79,27.79,27.78,27.78,4600,127800.0
2026-09-18 10:41:00,27.77,27.78,27.77,27.77,3200,88870.0
2026-09-18 10:42:00,27.78,27.78,27.78,27.78,2600,72228.0
2026-09-18 10:43:00,27.77,27.78,27.77,27.77,17400,483226.0
2026-09-18 10:44:00,27.77,27.77,27.75,27.76,5300,147143.001
2026-09-18 10:45:00,27.76,27.76,27.73,27.76,6400,177602.0
2026-09-18 10:46:00,27.76,27.83,27.76,27.83,26555,737742.7959
2026-09-18 10:47:00,27.85,27.85,27.84,27.84,1600,44557.0
2026-09-18 10:48:00,27.83,27.84,27.83,27.84,1800,50104.0
2026-09-18 10:49:00,27.84,27.85,27.8,27.85,2500,69573.0
2026-09-18 10:50:00,27.81,27.81,27.81,27.81,2400,66744.0
2026-09-18 10:51:00,27.83,27.84,27.81,27.81,4700,130817.0
2026-09-18 10:52:00,27.81,27.83,27.81,27.83,2300,63975.0
2026-09-18 10:53:00,27.83,27.83,27.83,27.83,1100,30613.0
2026-09-18 10:54:00,27.83,27.84,27.83,27.83,3700,102974.0
2026-09-18 10:55:00,27.83,27.85,27.83,27.85,4800,133638.0
2026-09-18 10:56:00,27.85,27.85,27.84,27.85,9000,250632.0
2026-09-18 10:57:00,27.85,27.85,27.84,27.84,3800,105798.0
2026-09-18 10:58:00,27.84,27.84,27.84,27.84,1400,38976.0
2026-09-18 10:59:00,27.83,27.84,27.83,27.83,1200,33402.0
2026-09-18 11:00:00,27.83,27.84,27.83,27.84,900,25051.0
2026-09-18 11:01:00,27.84,27.84,27.84,27.84,1900,52896.0
2026-09-18 11:02:00,27.84,27.86,27.84,27.86,15700,437347.0
2026-09-18 11:03:00,27.86,27.86,27.86,27.86,2000,55720.0
2026-09-18 11:04:00,27.85,27.86,27.85,27.85,4600,128115.0
2026-09-18 11:05:00,27.85,27.86,27.85,27.85,7500,208877.0
2026-09-18 11:06:00,27.85,27.85,27.85,27.85,1200,33420.0
2026-09-18 11:07:00,27.84,27.84,27.84,27.84,3000,83520.0
2026-09-18 11:08:00,27.84,27.84,27.83,27.83,4400,122491.0
2026-09-18 11:09:00,27.83,27.84,27.83,27.84,5600,155850.0
2026-09-18 11:10:00,27.83,27.84,27.82,27.84,4600,128020.0
2026-09-18 11:11:00,27.84,27.84,27.82,27.84,3000,83485.0
2026-09-18 11:12:00,27.81,27.85,27.8,27.8,44300,1231855.0
2026-09-18 11:13:00,27.85,27.88,27.85,27.88,9200,256378.0
2026-09-18 11:14:00,27.88,27.88,27.84,27.85,4301,119776.84
2026-09-18 11:15:00,27.84,27.84,27.83,27.83,1199,33378.1601
2026-09-18 11:16:00,27.84,27.84,27.83,27.84,1800,50109.0001
2026-09-18 11:17:00,27.83,27.83,27.83,27.83,2100,58443.0
2026-09-18 11:18:00,27.83,27.83,27.83,27.83,4700,130801.0
2026-09-18 11:19:00,27.82,27.82,27.81,27.81,1100,30593.0
2026-09-18 11:20:00,27.81,27.81,27.8,27.81,8000,222471.0
2026-09-18 11:21:00,27.81,27.81,27.8,27.8,6300,175175.0
2026-09-18 11:22:00,27.79,27.8,27.78,27.78,4500,125044.0
2026-09-18 11:23:00,27.77,27.79,27.76,27.76,4700,130512.0
2026-09-18 11:24:00,27.76,27.77,27.76,27.77,1100,30537.0
2026-09-18 11:25:00,27.77,27.77,27.76,27.76,11600,322030.0
2026-09-18 11:26:00,27.77,27.79,27.76,27.79,3100,86076.0
2026-09-18 11:27:00,27.77,27.8,27.77,27.8,5100,141682.0
2026-09-18 11:28:00,27.78,27.78,27.77,27.78,3200,88892.0
2026-09-18 11:29:00,27.77,27.78,27.77,27.77,5800,161069.0
2026-09-18 11:30:00,27.77,27.78,27.77,27.78,1600,44437.0
2026-09-18 13:01:00,27.78,27.84,27.76,27.79,21400,594529.0
2026-09-18 13:02:00,27.79,27.79,27.79,27.79,200,5558.0
2026-09-18 13:03:00,27.79,27.79,27.78,27.78,1100,30564.0
2026-09-18 13:04:00,27.79,27.79,27.77,27.78,2900,80549.0
2026-09-18 13:05:00,27.77,27.79,27.77,27.79,3500,97225.0
2026-09-18 13:06:00,27.79,27.81,27.78,27.81,2600,72266.0
2026-09-18 13:07:00,27.84,27.84,27.82,27.83,500,13915.0
2026-09-18 13:08:00,27.83,27.83,27.82,27.82,1800,50080.0
2026-09-18 13:09:00,27.83,27.84,27.8,27.84,32300,898702.0
2026-09-18 13:10:00,27.85,27.85,27.82,27.82,700,19486.0
2026-09-18 13:11:00,27.84,27.85,27.84,27.84,5500,153171.0
2026-09-18 13:12:00,27.84,27.85,27.84,27.84,17800,495556.0
2026-09-18 13:13:00,27.85,27.85,27.84,27.85,4900,136435.0
2026-09-18 13:14:00,27.85,27.85,27.8,27.8,5500,152985.0
2026-09-18 13:15:00,27.8,27.81,27.8,27.8,600,16681.0
2026-09-18 13:16:00,27.8,27.8,27.79,27.8,4000,111199.0
2026-09-18 13:17:00,27.79,27.81,27.78,27.79,9262,257403.9824
2026-09-18 13:18:00,27.79,27.83,27.79,27.83,1100,30600.0
2026-09-18 13:19:00,27.83,27.85,27.83,27.85,2900,80762.0
2026-09-18 13:20:00,27.85,27.85,27.82,27.82,800,22262.0
2026-09-18 13:21:00,27.82,27.82,27.82,27.82,1600,44512.0
2026-09-18 13:22:00,27.83,27.83,27.83,27.83,500,13915.0
2026-09-18 13:23:00,27.83,27.83,27.83,27.83,200,5566.0
2026-09-18 13:24:00,27.83,27.84,27.83,27.83,2700,75151.0
2026-09-18 13:25:00,27.84,27.85,27.84,27.85,14200,395344.0
2026-09-18 13:26:00,27.85,27.85,27.84,27.84,5200,144788.0
2026-09-18 13:27:00,27.84,27.85,27.84,27.85,1800,50114.0
2026-09-18 13:28:00,27.84,27.84,27.84,27.84,1300,36192.0
2026-09-18 13:29:00,27.84,27.85,27.84,27.85,2200,61267.0
2026-09-18 13:30:00,27.84,27.84,27.84,27.84,1200,33408.0
2026-09-18 13:31:00,27.84,27.85,27.84,27.85,9500,264566.0
2026-09-18 13:32:00,27.85,27.85,27.84,27.84,1100,30625.0
2026-09-18 13:33:00,27.84,27.84,27.83,27.83,4800,133621.0
2026-09-18 13:34:00,27.83,27.83,27.82,27.82,5400,150246.0
2026-09-18 13:35:00,27.81,27.81,27.8,27.8,2900,80634.0
2026-09-18 13:36:00,27.8,27.8,27.79,27.79,9400,261251.0078
2026-09-18 13:37:00,27.79,27.83,27.79,27.82,20200,561634.0
2026-09-18 13:38:00,27.82,27.84,27.81,27.84,1800,50081.0
2026-09-18 13:39:00,27.84,27.84,27.83,27.83,3000,83507.0
2026-09-18 13:40:00,27.83,27.84,27.83,27.83,3700,102972.0
2026-09-18 13:41:00,27.83,27.83,27.78,27.78,20438,568430.02
2026-09-18 13:42:00,27.79,27.79,27.78,27.78,1900,52786.0
2026-09-18 13:43:00,27.78,27.79,27.7,27.7,52800,1464502.002
2026-09-18 13:44:00,27.7,27.71,27.68,27.71,8100,224370.0
2026-09-18 13:45:00,27.72,27.72,27.68,27.69,29900,827921.0
2026-09-18 13:46:00,27.7,27.71,27.69,27.7,6200,171720.0
2026-09-18 13:47:00,27.7,27.71,27.7,27.71,5800,160709.0
2026-09-18 13:48:00,27.72,27.72,27.72,27.72,2300,63756.0
2026-09-18 13:49:00,27.72,27.72,27.71,27.72,4400,121928.0
2026-09-18 13:50:00,27.73,27.73,27.71,27.73,2300,63753.0
2026-09-18 13:51:00,27.71,27.71,27.67,27.68,30900,855511.998
2026-09-18 13:52:00,27.67,27.68,27.66,27.67,14000,387389.0
2026-09-18 13:53:00,27.67,27.7,27.67,27.67,4000,110683.0
2026-09-18 13:54:00,27.69,27.7,27.67,27.7,2400,66458.0
2026-09-18 13:55:00,27.7,27.73,27.69,27.71,3000,83153.0
2026-09-18 13:56:00,27.75,27.76,27.71,27.76,1900,52712.0
2026-09-18 13:57:00,27.77,27.77,27.76,27.77,1800,49982.0
2026-09-18 13:58:00,27.74,27.75,27.74,27.74,1100,30518.0
2026-09-18 13:59:00,27.74,27.74,27.71,27.71,6500,180150.0
2026-09-18 14:00:00,27.7,27.7,27.7,27.7,3800,105260.0
2026-09-18 14:01:00,27.69,27.7,27.68,27.7,5700,157809.0
2026-09-18 14:02:00,27.7,27.7,27.69,27.69,1000,27694.0
2026-09-18 14:03:00,27.7,27.7,27.7,27.7,1400,38780.0
2026-09-18 14:04:00,27.7,27.7,27.7,27.7,2300,63710.0
2026-09-18 14:05:00,27.72,27.72,27.69,27.7,800,22161.0
2026-09-18 14:06:00,27.7,27.7,27.69,27.7,4600,127385.0
2026-09-18 14:07:00,27.69,27.7,27.68,27.68,2300,63679.0
2026-09-18 14:08:00,27.69,27.7,27.69,27.7,1800,49859.0
2026-09-18 14:09:00,27.72,27.72,27.72,27.72,2600,72072.0
2026-09-18 14:10:00,27.73,27.74,27.73,27.74,1300,36052.0
2026-09-18 14:11:00,27.74,27.76,27.73,27.75,700,19421.0
2026-09-18 14:12:00,27.74,27.77,27.74,27.75,3300,91580.0
2026-09-18 14:13:00,27.73,27.73,27.72,27.72,1500,41591.0
2026-09-18 14:14:00,27.72,27.72,27.71,27.72,400,11086.0
2026-09-18 14:15:00,27.71,27.71,27.7,27.7,5800,160678.0
2026-09-18 14:16:00,27.7,27.7,27.68,27.69,31101,860975.6846
2026-09-18 14:17:00,27.68,27.69,27.67,27.68,5900,163337.0002
2026-09-18 14:18:00,27.69,27.7,27.69,27.7,300,8308.0
2026-09-18 14:19:00,27.7,27.7,27.7,27.7,13200,365640.0
2026-09-18 14:20:00,27.69,27.7,27.68,27.69,7100,196602.0
2026-09-18 14:21:00,27.68,27.69,27.68,27.69,3500,96888.0
2026-09-18 14:22:00,27.69,27.69,27.68,27.69,8300,229789.0
2026-09-18 14:24:00,27.69,27.7,27.69,27.7,4200,116334.0
2026-09-18 14:25:00,27.69,27.7,27.69,27.7,1500,41545.0
2026-09-18 14:26:00,27.69,27.7,27.69,27.7,2900,80329.0
2026-09-18 14:27:00,27.7,27.7,27.69,27.7,1600,44311.0
2026-09-18 14:28:00,27.7,27.7,27.69,27.69,2600,71996.0
2026-09-18 14:29:00,27.69,27.72,27.69,27.72,24600,681490.0
2026-09-18 14:30:00,27.72,27.72,27.7,27.7,2400,66493.0
2026-09-18 14:31:00,27.7,27.71,27.7,27.71,400,11083.0
2026-09-18 14:32:00,27.71,27.71,27.7,27.71,1500,41553.0
2026-09-18 14:33:00,27.71,27.72,27.71,27.72,8700,241144.0
2026-09-18 14:34:00,27.72,27.76,27.72,27.76,4900,135950.0
2026-09-18 14:35:00,27.76,27.77,27.75,27.75,4600,127691.0
2026-09-18 14:36:00,27.75,27.76,27.75,27.75,1900,52727.0
2026-09-18 14:37:00,27.75,27.76,27.75,27.76,4300,119366.0
2026-09-18 14:38:00,27.76,27.76,27.75,27.75,7300,202645.0
2026-09-18 14:39:00,27.75,27.75,27.74,27.74,4900,135959.0
2026-09-18 14:40:00,27.75,27.75,27.74,27.74,5700,158148.0
2026-09-18 14:41:00,27.74,27.75,27.73,27.73,5500,152572.0
2026-09-18 14:42:00,27.73,27.75,27.72,27.72,8700,241251.0
2026-09-18 14:43:00,27.72,27.73,27.71,27.71,16900,468430.0
2026-09-18 14:44:00,27.71,27.71,27.71,27.71,3700,102527.0
2026-09-18 14:45:00,27.7,27.71,27.7,27.7,11300,313032.0
2026-09-18 14:46:00,27.71,27.73,27.71,27.73,15000,415776.0
2026-09-18 14:47:00,27.72,27.73,27.71,27.71,6600,182896.0
2026-09-18 14:48:00,27.71,27.72,27.71,27.72,6100,169055.0
2026-09-18 14:49:00,27.72,27.72,27.71,27.71,5600,155193.0
2026-09-18 14:50:00,27.71,27.73,27.71,27.71,15000,415700.0
2026-09-18 14:51:00,27.72,27.72,27.7,27.7,25500,706427.0
2026-09-18 14:52:00,27.69,27.7,27.69,27.7,6200,171680.0
2026-09-18 14:53:00,27.69,27.69,27.67,27.67,23899,661519.3203
2026-09-18 14:54:00,27.68,27.68,27.66,27.67,19100,528423.0
2026-09-18 14:55:00,27.66,27.68,27.66,27.66,16300,450966.0001
2026-09-18 14:56:00,27.67,27.68,27.66,27.66,30000,829947.999
2026-09-18 14:57:00,27.66,27.67,27.66,27.66,25062,693304.2781
2026-09-18 15:00:00,27.65,27.65,27.65,27.65,48100,1329964.9965
2026-09-21 09:31:00,27.65,27.65,27.44,27.49,40100,1105219.0
2026-09-21 09:32:00,27.47,27.48,27.31,27.43,65004,1779356.48
2026-09-21 09:33:00,27.4,27.55,27.39,27.49,37500,1030286.0
2026-09-21 09:34:00,27.49,27.55,27.47,27.49,22393,615933.5696
2026-09-21 09:35:00,27.5,27.63,27.49,27.63,21100,581523.0
2026-09-21 09:36:00,27.63,27.64,27.58,27.58,26600,734086.0
2026-09-21 09:37:00,27.58,27.58,27.54,27.58,25700,708260.0
2026-09-21 09:38:00,27.57,27.63,27.57,27.6,12500,344919.0
2026-09-21 09:39:00,27.6,27.65,27.55,27.6,12200,336781.0
2026-09-21 09:40:00,27.63,27.65,27.61,27.63,9200,254282.0
2026-09-21 09:41:00,27.63,27.76,27.6,27.76,45600,1261195.0
2026-09-21 09:42:00,27.76,27.77,27.73,27.77,13500,374759.0
2026-09-21 09:43:00,27.76,27.77,27.73,27.77,10200,283142.0
2026-09-21 09:44:00,27.78,27.79,27.75,27.79,14500,402777.0
2026-09-21 09:45:00,27.79,27.82,27.79,27.82,15600,433806.0
2026-09-21 09:46:00,27.82,27.92,27.82,27.92,36800,1025486.0
2026-09-21 09:47:00,27.9,27.9,27.82,27.82,19200,534589.0
2026-09-21 09:48:00,27.82,27.83,27.82,27.83,14900,414521.0
2026-09-21 09:49:00,27.83,27.85,27.81,27.85,12300,342241.0
2026-09-21 09:50:00,27.85,27.88,27.85,27.88,14600,406672.0
2026-09-21 09:51:00,27.87,27.87,27.8,27.8,14500,403573.0
2026-09-21 09:52:00,27.8,27.82,27.79,27.82,11000,305844.0
2026-09-21 09:53:00,27.85,27.86,27.85,27.86,3700,103067.0
2026-09-21 09:54:00,27.88,27.93,27.86,27.92,31500,878637.0
2026-09-21 09:55:00,27.93,27.94,27.92,27.92,13500,377073.0
2026-09-21 09:56:00,27.92,28.02,27.92,27.99,39300,1099003.0
2026-09-21 09:57:00,28.02,28.02,27.97,27.97,13400,375248.0
2026-09-21 09:58:00,28.0,28.0,27.97,27.97,10600,296605.0
2026-09-21 09:59:00,27.97,28.02,27.97,28.01,30500,854053.0
2026-09-21 10:00:00,28.01,28.06,28.01,28.06,32100,900180.0
2026-09-21 10:01:00,28.06,28.06,28.01,28.02,12500,350416.0
2026-09-21 10:02:00,28.03,28.07,28.02,28.06,22200,622759.0
2026-09-21 10:03:00,28.06,28.06,28.04,28.04,7900,221572.002
2026-09-21 10:04:00,28.04,28.15,28.04,28.15,38500,1081754.0
2026-09-21 10:05:00,28.13,28.15,28.12,28.15,13800,388327.0
2026-09-21 10:06:00,28.15,28.15,28.13,28.15,11600,326464.0
2026-09-21 10:07:00,28.15,28.16,28.1,28.1,7500,210978.0
2026-09-21 10:08:00,28.09,28.09,28.02,28.02,4900,137522.0
2026-09-21 10:09:00,28.02,28.04,28.02,28.03,2200,61664.0
2026-09-21 10:10:00,28.03,28.04,28.02,28.02,2800,78475.0
2026-09-21 10:11:00,28.02,28.03,27.99,27.99,16300,456576.0
2026-09-21 10:12:00,28.02,28.02,28.0,28.0,10200,285646.0
2026-09-21 10:13:00,28.0,28.0,27.99,27.99,5400,151167.0
2026-09-21 10:14:00,27.98,27.98,27.96,27.97,12500,349586.0
2026-09-21 10:15:00,27.95,27.98,27.94,27.98,11100,310302.998
2026-09-21 10:16:00,27.98,27.99,27.96,27.98,5200,145530.0
2026-09-21 10:17:00,27.96,27.98,27.96,27.98,2900,81093.998
2026-09-21 10:18:00,27.97,27.99,27.97,27.97,2900,81141.0
2026-09-21 10:19:00,27.98,28.05,27.97,28.05,17200,481599.0
2026-09-21 10:20:00,28.04,28.06,28.04,28.05,1600,44887.0
2026-09-21 10:21:00,28.08,28.08,28.07,28.07,3200,89826.0
2026-09-21 10:22:00,28.08,28.09,28.08,28.08,5000,140415.0
2026-09-21 10:23:00,28.08,28.09,28.05,28.05,9800,275065.0
2026-09-21 10:24:00,28.07,28.07,28.07,28.07,2000,56140.0
2026-09-21 10:25:00,28.04,28.05,28.04,28.04,2000,56084.0
2026-09-21 10:26:00,28.03,28.05,28.03,28.05,4800,134554.0
2026-09-21 10:27:00,28.05,28.05,28.05,28.05,2100,58905.0
2026-09-21 10:28:00,28.05,28.05,28.03,28.03,1700,47660.0
2026-09-21 10:29:00,28.03,28.04,27.98,28.02,9900,277263.0
2026-09-21 10:30:00,28.02,28.03,27.98,27.99,7100,198801.0
2026-09-21 10:31:00,27.99,28.03,27.99,28.03,3900,109205.0
2026-09-21 10:32:00,28.03,28.03,28.0,28.02,5200,145635.0
2026-09-21 10:33:00,28.02,28.03,28.0,28.03,2000,56032.0
2026-09-21 10:34:00,28.03,28.03,28.0,28.0,5300,148452.0
2026-09-21 10:35:00,28.0,28.0,27.99,27.99,3100,86780.0
2026-09-21 10:36:00,27.99,28.01,27.99,27.99,9400,263184.0
2026-09-21 10:37:00,27.99,27.99,27.98,27.98,3700,103561.0
2026-09-21 10:38:00,27.98,27.98,27.98,27.98,2600,72747.9999
2026-09-21 10:39:00,27.97,27.98,27.97,27.98,1900,53156.0
2026-09-21 10:40:00,27.98,27.98,27.97,27.98,1142,31950.1595
2026-09-21 10:41:00,27.98,27.99,27.98,27.99,5600,156730.0
2026-09-21 10:42:00,27.99,27.99,27.98,27.98,5958,166730.8359
2026-09-21 10:43:00,27.98,27.98,27.96,27.96,2600,72713.0
2026-09-21 10:44:00,27.95,27.95,27.94,27.94,10900,304553.0005
2026-09-21 10:45:00,27.94,27.94,27.92,27.92,10142,283216.64
2026-09-21 10:46:00,27.93,27.98,27.93,27.98,3400,95073.998
2026-09-21 10:47:00,27.98,27.98,27.95,27.95,2300,64288.0
2026-09-21 10:48:00,27.98,27.98,27.95,27.97,700,19581.0
2026-09-21 10:49:00,27.97,27.97,27.95,27.95,900,25167.0
2026-09-21 10:50:00,27.95,27.97,27.95,27.97,6100,170501.0
2026-09-21 10:51:00,27.97,27.97,27.96,27.96,1900,53124.998
2026-09-21 10:52:00,27.95,27.95,27.94,27.94,5200,145329.0
2026-09-21 10:53:00,27.94,27.95,27.94,27.94,7500,209551.0
2026-09-21 10:54:00,27.94,27.94,27.92,27.92,1600,44694.0
2026-09-21 10:56:00,27.92,27.92,27.92,27.92,400,11168.0
2026-09-21 10:57:00,27.92,27.92,27.92,27.92,100,2792.0
2026-09-21 10:58:00,27.92,27.92,27.91,27.91,200,5583.0
2026-09-21 10:59:00,27.91,27.91,27.91,27.91,4700,131177.0
2026-09-21 11:00:00,27.92,27.92,27.88,27.88,10500,292948.0
2026-09-21 11:01:00,27.9,27.91,27.9,27.91,14600,407384.0
2026-09-21 11:02:00,27.9,27.91,27.9,27.91,2400,66982.0
2026-09-21 11:03:00,27.91,27.92,27.91,27.92,1800,50243.0
2026-09-21 11:04:00,27.92,27.94,27.91,27.94,6800,189879.0
2026-09-21 11:05:00,27.94,27.94,27.93,27.94,800,22351.0
2026-09-21 11:06:00,27.94,27.94,27.94,27.94,300,8382.0
2026-09-21 11:07:00,27.94,27.94,27.93,27.94,1400,39107.0
2026-09-21 11:08:00,27.93,27.94,27.93,27.94,3000,83798.0
2026-09-21 11:09:00,27.92,27.92,27.92,27.92,3700,103304.0
2026-09-21 11:10:00,27.92,27.92,27.92,27.92,2800,78176.0
2026-09-21 11:11:00,27.92,27.95,27.91,27.94,13600,379847.0
2026-09-21 11:12:00,27.95,27.95,27.95,27.95,1700,47515.0
2026-09-21 11:13:00,27.96,27.98,27.96,27.98,5200,145427.0
2026-09-21 11:14:00,27.97,27.98,27.97,27.98,9600,268575.0
2026-09-21 11:15:00,27.98,27.98,27.96,27.97,4100,114651.0
2026-09-21 11:16:00,27.97,27.97,27.96,27.96,1600,44740.0
2026-09-21 11:17:00,27.96,27.96,27.95,27.95,2300,64304.0
2026-09-21 11:18:00,27.95,27.95,27.95,27.95,700,19565.0
2026-09-21 11:19:00,27.95,27.97,27.95,27.97,3100,86647.0
2026-09-21 11:20:00,27.97,27.97,27.97,27.97,2900,81113.0
2026-09-21 11:21:00,27.98,27.98,27.98,27.98,2000,55960.0
2026-09-21 11:22:00,27.96,27.99,27.96,27.99,10400,291021.0
2026-09-21 11:23:00,27.99,27.99,27.99,27.99,200,5598.0
2026-09-21 11:24:00,27.99,27.99,27.98,27.99,3100,86749.0
2026-09-21 11:25:00,27.99,27.99,27.95,27.99,6700,187380.0
2026-09-21 11:26:00,27.97,27.97,27.97,27.97,100,2797.0
2026-09-21 11:27:00,27.98,27.98,27.98,27.98,200,5596.0
2026-09-21 11:28:00,27.98,27.98,27.96,27.96,300,8390.0
2026-09-21 11:29:00,27.96,27.96,27.93,27.95,4200,117377.0
2026-09-21 11:30:00,27.94,27.96,27.93,27.93,4600,128525.0
2026-09-21 13:01:00,27.93,27.97,27.93,27.97,11700,326954.0
2026-09-21 13:02:00,27.97,27.98,27.96,27.98,5700,159468.0
2026-09-21 13:03:00,27.96,27.99,27.96,27.99,5200,145435.0
2026-09-21 13:04:00,27.98,27.99,27.94,27.94,8600,240395.0
2026-09-21 13:05:00,27.94,28.0,27.94,28.0,2400,67130.0
2026-09-21 13:06:00,28.0,28.0,27.96,27.96,3600,100732.0
2026-09-21 13:07:00,27.96,27.96,27.96,27.96,100,2796.0
2026-09-21 13:08:00,27.96,27.96,27.96,27.96,300,8388.0
2026-09-21 13:09:00,27.96,27.98,27.96,27.98,1500,41950.0
2026-09-21 13:10:00,27.98,27.98,27.98,27.98,500,13990.0
2026-09-21 13:11:00,27.96,27.96,27.96,27.96,4400,123024.0
2026-09-21 13:12:00,27.96,27.96,27.92,27.92,6400,178751.0
2026-09-21 13:13:00,27.92,27.93,27.91,27.93,22000,614200.0
2026-09-21 13:14:00,27.91,27.91,27.88,27.88,8100,226004.0
2026-09-21 13:15:00,27.88,27.9,27.88,27.9,2300,64148.0
2026-09-21 13:16:00,27.9,27.9,27.89,27.89,6900,192494.0
2026-09-21 13:17:00,27.88,27.89,27.88,27.88,5000,139405.0
2026-09-21 13:18:00,27.88,27.9,27.87,27.9,6300,175632.0
2026-09-21 13:19:00,27.89,27.89,27.88,27.88,6400,178457.0
2026-09-21 13:20:00,27.88,27.89,27.88,27.89,3900,108740.0
2026-09-21 13:21:00,27.9,27.92,27.9,27.92,2200,61384.0
2026-09-21 13:22:00,27.93,27.97,27.91,27.91,2800,78239.0
2026-09-21 13:23:00,27.93,27.93,27.92,27.92,1000,27923.0
2026-09-21 13:24:00,27.95,27.95,27.95,27.95,500,13975.0
2026-09-21 13:25:00,27.96,27.96,27.95,27.95,200,5591.0
2026-09-21 13:26:00,27.96,27.97,27.95,27.95,3000,83879.0
2026-09-21 13:27:00,27.94,27.94,27.93,27.93,6600,184372.0
2026-09-21 13:28:00,27.93,27.93,27.88,27.88,16800,468503.0
2026-09-21 13:29:00,27.9,27.9,27.9,27.9,1200,33480.0
2026-09-21 13:30:00,27.9,27.92,27.9,27.92,300,8372.0
2026-09-21 13:31:00,27.92,27.92,27.9,27.91,900,25121.0
2026-09-21 13:32:00,27.92,27.93,27.9,27.93,3800,106090.0
2026-09-21 13:33:00,27.92,27.94,27.9,27.94,11700,326667.0
2026-09-21 13:34:00,27.94,27.94,27.92,27.92,2400,67018.0
2026-09-21 13:35:00,27.92,27.94,27.92,27.94,2600,72618.0
2026-09-21 13:36:00,27.94,27.97,27.94,27.97,10300,287880.0
2026-09-21 13:37:00,27.96,27.96,27.94,27.94,500,13974.0
2026-09-21 13:38:00,27.96,27.96,27.95,27.95,5400,150978.0
2026-09-21 13:39:00,27.95,27.95,27.94,27.94,3500,97796.0
2026-09-21 13:40:00,27.93,27.93,27.91,27.91,2700,75405.0
2026-09-21 13:41:00,27.9,27.93,27.9,27.93,1100,30720.0
2026-09-21 13:42:00,27.93,27.93,27.92,27.92,1600,44674.0
2026-09-21 13:43:00,27.93,27.93,27.93,27.93,2900,80997.0
2026-09-21 13:44:00,27.93,27.93,27.93,27.93,1100,30723.0
2026-09-21 13:45:00,27.93,27.93,27.92,27.92,7800,217794.0
2026-09-21 13:46:00,27.93,27.94,27.93,27.94,1700,47482.0
2026-09-21 13:47:00,27.93,27.93,27.93,27.93,300,8379.0
2026-09-21 13:48:00,27.93,27.93,27.91,27.91,600,16752.0
2026-09-21 13:49:00,27.93,27.97,27.92,27.96,9900,276683.0
2026-09-21 13:50:00,27.97,27.97,27.96,27.96,1400,39156.0
2026-09-21 13:51:00,27.97,27.98,27.97,27.98,2300,64332.0
2026-09-21 13:52:00,27.98,27.98,27.97,27.98,700,19585.0
2026-09-21 13:53:00,27.98,27.98,27.96,27.96,6300,176226.0
2026-09-21 13:54:00,27.96,27.97,27.96,27.96,300,8389.0
2026-09-21 13:55:00,27.99,27.99,27.97,27.97,6600,184650.0
2026-09-21 13:56:00,27.96,27.96,27.96,27.96,300,8388.0
2026-09-21 13:57:00,27.96,27.96,27.96,27.96,7226,202038.96
2026-09-21 13:58:00,27.96,27.96,27.95,27.95,3974,111106.0391
2026-09-21 13:59:00,27.95,27.95,27.95,27.95,3000,83850.0
2026-09-21 14:00:00,27.95,27.95,27.94,27.94,1200,33529.0
2026-09-21 14:01:00,27.94,27.95,27.93,27.95,1500,41910.0
2026-09-21 14:02:00,27.95,27.99,27.94,27.99,6800,190126.0
2026-09-21 14:03:00,27.97,28.0,27.97,28.0,4600,128787.0
2026-09-21 14:04:00,27.99,28.0,27.97,27.97,5000,139898.0
2026-09-21 14:05:00,27.98,27.99,27.98,27.98,1300,36385.0
2026-09-21 14:06:00,27.99,27.99,27.96,27.99,3700,103509.0
2026-09-21 14:07:00,27.99,27.99,27.96,27.97,10600,296451.0
2026-09-21 14:08:00,27.99,27.99,27.97,27.97,2700,75553.0
2026-09-21 14:09:00,27.97,27.98,27.97,27.98,200,5595.0
2026-09-21 14:10:00,27.98,27.99,27.96,27.98,2700,75548.0
2026-09-21 14:11:00,27.96,27.99,27.96,27.99,2000,55961.0
2026-09-21 14:12:00,27.99,28.0,27.97,27.97,2500,69974.0
2026-09-21 14:13:00,27.97,27.98,27.97,27.98,1800,50351.0
2026-09-21 14:14:00,27.98,27.98,27.96,27.98,1600,44766.0
2026-09-21 14:15:00,27.98,27.99,27.96,27.99,1700,47565.0
2026-09-21 14:16:00,27.99,28.0,27.97,28.0,25000,699578.0
2026-09-21 14:17:00,28.0,28.0,27.97,28.0,16800,470032.0
2026-09-21 14:18:00,27.99,28.01,27.97,28.0,9300,260310.0
2026-09-21 14:19:00,28.01,28.02,27.97,28.0,12800,358271.0
2026-09-21 14:20:00,28.02,28.02,28.0,28.01,5100,142845.0
2026-09-21 14:21:00,28.01,28.02,28.0,28.02,8400,235301.0
2026-09-21 14:22:00,28.02,28.03,28.02,28.03,6400,179356.0
2026-09-21 14:23:00,28.03,28.04,28.03,28.04,7900,221483.0
2026-09-21 14:24:00,28.04,28.06,28.04,28.06,4600,129045.0
2026-09-21 14:25:00,28.06,28.06,28.03,28.03,5400,151469.0
2026-09-21 14:26:00,28.04,28.05,28.04,28.05,1900,53280.0
2026-09-21 14:27:00,28.04,28.05,28.04,28.05,4700,131807.0
2026-09-21 14:28:00,28.05,28.05,28.04,28.04,2800,78513.0
2026-09-21 14:29:00,28.04,28.05,28.04,28.05,3500,98169.0
2026-09-21 14:30:00,28.05,28.07,28.05,28.06,3400,95385.0
2026-09-21 14:31:00,28.06,28.06,28.06,28.06,1100,30866.0
2026-09-21 14:32:00,28.06,28.08,28.05,28.08,12100,339603.0
2026-09-21 14:33:00,28.08,28.09,28.06,28.08,16500,463397.0
2026-09-21 14:34:00,28.09,28.09,28.09,28.09,7800,219102.0
2026-09-21 14:35:00,28.08,28.09,28.08,28.08,3600,101106.0
2026-09-21 14:36:00,28.09,28.1,28.09,28.1,14400,404533.0
2026-09-21 14:37:00,28.1,28.1,28.09,28.1,6600,185444.0
2026-09-21 14:38:00,28.09,28.09,28.08,28.08,7400,207864.0
2026-09-21 14:39:00,28.09,28.09,28.06,28.06,2500,70181.0
2026-09-21 14:40:00,28.06,28.07,28.05,28.06,7800,218887.0
2026-09-21 14:41:00,28.06,28.06,28.05,28.06,7000,196379.0
2026-09-21 14:42:00,28.05,28.06,28.05,28.06,6900,193554.0
2026-09-21 14:43:00,28.05,28.06,28.04,28.05,6400,179511.0
2026-09-21 14:44:00,28.04,28.07,28.04,28.07,12500,350717.0
2026-09-21 14:45:00,28.08,28.08,28.06,28.08,4100,115100.0
2026-09-21 14:46:00,28.06,28.09,28.06,28.09,11273,316513.3789
2026-09-21 14:47:00,28.09,28.09,28.07,28.09,4600,129182.0
2026-09-21 14:48:00,28.09,28.1,28.08,28.09,8200,230340.0
2026-09-21 14:49:00,28.08,28.09,28.08,28.08,18200,511077.0012
2026-09-21 14:50:00,28.08,28.09,28.07,28.08,13800,387498.9983
2026-09-21 14:51:00,28.08,28.09,28.07,28.09,11567,324827.6893
2026-09-21 14:52:00,28.08,28.1,28.08,28.1,18000,505633.0
2026-09-21 14:53:00,28.1,28.11,28.09,28.11,32700,918932.0
2026-09-21 14:54:00,28.1,28.1,28.08,28.09,17200,483166.0
2026-09-21 14:55:00,28.08,28.09,28.07,28.09,12400,348237.0
2026-09-21 14:56:00,28.08,28.1,28.08,28.09,23800,668547.0
2026-09-21 14:57:00,28.1,28.1,28.08,28.08,30100,845393.0
2026-09-21 15:00:00,28.09,28.09,28.09,28.09,28700,806183.0
2026-09-22 09:31:00,28.04,28.17,27.96,27.96,37900,1063092.002
2026-09-22 09:32:00,27.98,27.98,27.9,27.94,26400,737098.0
2026-09-22 09:33:00,27.94,27.96,27.91,27.92,23500,656204.0
2026-09-22 09:34:00,27.92,27.92,27.9,27.92,14700,410280.0
2026-09-22 09:35:00,27.92,27.94,27.85,27.85,35400,987350.0
2026-09-22 09:36:00,27.85,27.86,27.83,27.86,46300,1288912.0
2026-09-22 09:37:00,27.87,27.9,27.84,27.9,26700,743739.0
2026-09-22 09:38:00,27.87,27.9,27.84,27.84,21900,610156.0
2026-09-22 09:39:00,27.84,27.92,27.84,27.87,14000,390491.0
2026-09-22 09:40:00,27.88,27.95,27.88,27.95,8800,245549.0
2026-09-22 09:41:00,27.95,27.99,27.94,27.98,10000,279658.0
2026-09-22 09:42:00,27.96,27.97,27.92,27.94,3200,89426.0
2026-09-22 09:43:00,27.92,27.94,27.91,27.92,14700,410383.0
2026-09-22 09:44:00,27.92,27.94,27.91,27.94,7000,195474.0
2026-09-22 09:45:00,27.95,28.04,27.94,28.04,5900,165044.0
2026-09-22 09:46:00,28.01,28.02,27.95,27.97,6400,179135.0
2026-09-22 09:47:00,27.97,27.97,27.95,27.97,5400,150984.0
2026-09-22 09:48:00,27.99,28.07,27.99,28.07,6300,176666.0
2026-09-22 09:49:00,28.06,28.12,28.06,28.11,4900,137629.0
2026-09-22 09:50:00,28.11,28.14,28.09,28.13,24200,680441.0
2026-09-22 09:51:00,28.13,28.13,28.11,28.12,5600,157442.0
2026-09-22 09:52:00,28.12,28.13,28.1,28.11,7500,210831.0
2026-09-22 09:53:00,28.11,28.11,28.09,28.11,6000,168646.0
2026-09-22 09:54:00,28.11,28.11,28.01,28.04,11900,334019.0
2026-09-22 09:55:00,28.04,28.04,28.0,28.04,4800,134503.0
2026-09-22 09:56:00,28.01,28.04,28.01,28.04,400,11207.0
2026-09-22 09:57:00,28.02,28.04,28.02,28.02,3600,100888.0
2026-09-22 09:58:00,28.01,28.04,28.01,28.03,3800,106486.0
2026-09-22 09:59:00,28.01,28.02,28.0,28.01,3300,92422.0
2026-09-22 10:00:00,28.01,28.02,27.97,28.0,13900,389067.0
2026-09-22 10:01:00,28.0,28.0,27.96,28.0,4300,120335.0
2026-09-22 10:02:00,28.0,28.0,27.97,28.0,4500,125975.0
2026-09-22 10:03:00,28.02,28.09,28.02,28.04,32500,912238.0
2026-09-22 10:04:00,28.04,28.06,28.03,28.03,2500,70113.0
2026-09-22 10:05:00,28.03,28.03,28.01,28.03,3500,98057.0
2026-09-22 10:06:00,28.03,28.03,27.99,27.99,9200,257588.0
2026-09-22 10:07:00,27.99,28.02,27.99,28.02,1000,27993.0
2026-09-22 10:08:00,28.0,28.01,28.0,28.01,3000,84002.0
2026-09-22 10:09:00,28.01,28.01,27.95,27.95,20400,570651.1289
2026-09-22 10:10:00,27.95,27.99,27.95,27.99,8200,229207.0
2026-09-22 10:11:00,27.96,27.99,27.95,27.99,6100,170526.0
2026-09-22 10:12:00,27.97,28.02,27.97,28.02,4200,117572.0
2026-09-22 10:13:00,28.02,28.02,28.02,28.02,300,8406.0
2026-09-22 10:14:00,28.03,28.03,28.01,28.01,500,14013.0
2026-09-22 10:15:00,28.0,28.01,28.0,28.0,1600,44801.0
2026-09-22 10:16:00,27.98,28.01,27.97,27.97,3100,86747.0
2026-09-22 10:17:00,28.0,28.01,28.0,28.0,1700,47615.0
2026-09-22 10:18:00,28.0,28.01,28.0,28.0,2600,72804.0
2026-09-22 10:19:00,28.0,28.0,28.0,28.0,1900,53200.0
2026-09-22 10:20:00,27.98,28.0,27.98,28.0,1900,53172.0
2026-09-22 10:21:00,27.98,27.99,27.96,27.99,6700,187399.0
2026-09-22 10:22:00,27.98,27.98,27.97,27.97,4000,111884.0
2026-09-22 10:23:00,27.97,28.01,27.97,28.01,34600,968591.0
2026-09-22 10:24:00,28.01,28.03,28.0,28.0,2500,70030.0
2026-09-22 10:25:00,28.01,28.01,28.01,28.01,200,5602.0
2026-09-22 10:26:00,28.01,28.02,28.01,28.02,2000,56021.0
2026-09-22 10:27:00,28.02,28.03,28.01,28.03,2900,81262.0
2026-09-22 10:28:00,28.03,28.03,28.02,28.02,800,22417.0
2026-09-22 10:29:00,28.02,28.03,28.01,28.03,6500,182112.0
2026-09-22 10:30:00,28.03,28.03,28.03,28.03,700,19621.0
2026-09-22 10:31:00,28.04,28.04,28.04,28.04,2500,70100.0
2026-09-22 10:32:00,28.04,28.04,28.03,28.04,4900,137368.0
2026-09-22 10:33:00,28.04,28.05,28.02,28.03,6300,176577.0
2026-09-22 10:34:00,28.05,28.05,28.03,28.03,8800,246676.0
2026-09-22 10:35:00,28.05,28.05,28.05,28.05,300,8415.0
2026-09-22 10:36:00,28.04,28.04,28.03,28.03,600,16823.0
2026-09-22 10:37:00,28.03,28.03,28.0,28.0,20134,563932.0
2026-09-22 10:38:00,28.0,28.0,27.98,27.98,1866,52221.0
2026-09-22 10:39:00,27.98,28.01,27.96,28.01,18934,529671.9769
2026-09-22 10:40:00,28.0,28.03,28.0,28.03,600,16803.0
2026-09-22 10:41:00,28.03,28.04,28.03,28.03,900,25229.0
2026-09-22 10:42:00,28.03,28.04,28.01,28.01,4600,128949.0
2026-09-22 10:43:00,28.01,28.04,28.01,28.04,3800,106477.0
2026-09-22 10:44:00,28.02,28.04,28.02,28.03,700,19618.0
2026-09-22 10:45:00,28.03,28.05,28.03,28.03,10100,283184.0
2026-09-22 10:46:00,28.04,28.05,28.03,28.03,5100,142998.0
2026-09-22 10:47:00,28.03,28.05,28.03,28.05,3000,84107.0
2026-09-22 10:48:00,28.04,28.05,28.04,28.05,3100,86937.0
2026-09-22 10:49:00,28.05,28.09,28.05,28.09,10000,280796.0
2026-09-22 10:50:00,28.09,28.1,28.09,28.1,4600,129254.0
2026-09-22 10:51:00,28.1,28.11,28.1,28.11,5900,165795.0
2026-09-22 10:52:00,28.1,28.1,28.09,28.09,3500,98346.0
2026-09-22 10:53:00,28.08,28.08,28.08,28.08,1700,47736.0
2026-09-22 10:54:00,28.06,28.09,28.06,28.09,2200,61773.0
2026-09-22 10:55:00,28.08,28.09,28.08,28.09,3000,84253.0
2026-09-22 10:56:00,28.09,28.09,28.08,28.08,2900,81459.0
2026-09-22 10:57:00,28.08,28.09,28.07,28.07,2500,70194.0
2026-09-22 10:58:00,28.07,28.08,28.06,28.06,2100,58950.0
2026-09-22 10:59:00,28.05,28.06,28.03,28.03,8300,232695.0
2026-09-22 11:00:00,28.03,28.05,28.03,28.05,1300,36443.0
2026-09-22 11:01:00,28.05,28.07,28.05,28.06,3100,86985.0
2026-09-22 11:02:00,28.07,28.08,28.07,28.07,3300,92636.0
2026-09-22 11:03:00,28.07,28.08,28.07,28.08,500,14036.0
2026-09-22 11:04:00,28.08,28.08,28.05,28.08,3800,106678.0
2026-09-22 11:05:00,28.05,28.05,28.05,28.05,1000,28050.0
2026-09-22 11:06:00,28.03,28.05,28.03,28.03,3700,103713.0
2026-09-22 11:07:00,28.03,28.03,28.03,28.03,500,14015.0
2026-09-22 11:09:00,28.03,28.07,28.03,28.06,1200,33653.0
2026-09-22 11:10:00,28.06,28.06,28.05,28.05,300,8417.0
2026-09-22 11:11:00,28.05,28.08,28.02,28.08,14300,401009.0
2026-09-22 11:12:00,28.07,28.07,28.05,28.05,4800,134643.0
2026-09-22 11:13:00,28.06,28.06,28.06,28.06,800,22448.0
2026-09-22 11:14:00,28.06,28.06,28.06,28.06,2600,72956.0
2026-09-22 11:15:00,28.08,28.08,28.07,28.07,600,16845.0
2026-09-22 11:16:00,28.07,28.08,28.07,28.07,4000,112281.0
2026-09-22 11:17:00,28.06,28.07,28.06,28.06,4700,131884.0
2026-09-22 11:18:00,28.07,28.07,28.07,28.07,400,11228.0
2026-09-22 11:19:00,28.07,28.07,28.05,28.05,12000,336623.0
2026-09-22 11:20:00,28.05,28.05,28.05,28.05,1800,50490.0
2026-09-22 11:21:00,28.05,28.05,28.03,28.03,17500,490771.0
2026-09-22 11:22:00,28.02,28.02,28.01,28.01,1100,30821.0
2026-09-22 11:23:00,28.03,28.03,28.01,28.01,2200,61632.0
2026-09-22 11:24:00,28.01,28.01,28.01,28.01,600,16806.0
2026-09-22 11:25:00,28.03,28.03,28.03,28.03,600,16818.0
2026-09-22 11:26:00,28.01,28.01,28.01,28.01,500,14005.0
2026-09-22 11:27:00,28.01,28.01,28.01,28.01,4100,114841.0
2026-09-22 11:28:00,28.02,28.03,28.02,28.03,800,22417.0
2026-09-22 11:29:00,28.03,28.03,28.0,28.0,9000,252042.0
2026-09-22 11:30:00,28.01,28.03,28.01,28.02,1000,28016.0
2026-09-22 13:01:00,28.03,28.03,27.98,28.01,22000,616059.0
2026-09-22 13:02:00,28.01,28.03,27.99,28.03,8500,238053.0
2026-09-22 13:03:00,28.0,28.16,28.0,28.12,58500,1642972.0
2026-09-22 13:04:00,28.11,28.12,28.09,28.11,4400,123650.0
2026-09-22 13:05:00,28.11,28.11,28.1,28.1,600,16865.0
2026-09-22 13:06:00,28.1,28.1,28.09,28.09,8700,244386.0
2026-09-22 13:07:00,28.09,28.09,28.09,28.09,1800,50562.0
2026-09-22 13:08:00,28.09,28.1,28.09,28.1,2300,64608.0
2026-09-22 13:09:00,28.1,28.15,28.1,28.15,23200,652378.0
2026-09-22 13:10:00,28.15,28.2,28.12,28.19,12126,341387.1211
2026-09-22 13:11:00,28.19,28.2,28.17,28.17,23700,668119.0
2026-09-22 13:12:00,28.18,28.19,28.17,28.17,3300,93002.0
2026-09-22 13:13:00,28.18,28.2,28.17,28.2,4900,138077.0
2026-09-22 13:14:00,28.2,28.2,28.15,28.15,10800,304320.0
2026-09-22 13:15:00,28.15,28.18,28.13,28.17,9400,264653.0
2026-09-22 13:16:00,28.17,28.17,28.16,28.16,4000,112654.0
2026-09-22 13:17:00,28.17,28.17,28.12,28.12,31300,880780.0
2026-09-22 13:18:00,28.12,28.12,28.1,28.11,5200,146198.0
2026-09-22 13:19:00,28.1,28.1,28.09,28.1,17600,494410.0
2026-09-22 13:20:00,28.09,28.1,28.09,28.1,1400,39327.0
2026-09-22 13:21:00,28.1,28.11,28.1,28.11,1500,42162.0
2026-09-22 13:22:00,28.11,28.14,28.11,28.14,6700,188439.0
2026-09-22 13:23:00,28.14,28.14,28.13,28.13,3500,98476.0
2026-09-22 13:24:00,28.13,28.13,28.12,28.12,1300,36566.0
2026-09-22 13:25:00,28.11,28.11,28.09,28.1,8200,230384.0
2026-09-22 13:26:00,28.08,28.09,28.07,28.08,13300,373527.0
2026-09-22 13:27:00,28.08,28.08,28.05,28.07,11000,308751.9994
2026-09-22 13:28:00,28.06,28.06,28.06,28.06,900,25254.0
2026-09-22 13:29:00,28.06,28.06,28.05,28.05,2300,64520.0
2026-09-22 13:30:00,28.05,28.05,28.03,28.05,2500,70123.0
2026-09-22 13:31:00,28.06,28.12,28.04,28.09,10600,297598.0
2026-09-22 13:32:00,28.09,28.14,28.09,28.14,4800,134998.0
2026-09-22 13:33:00,28.14,28.14,28.13,28.14,5800,163206.0
2026-09-22 13:34:00,28.14,28.14,28.12,28.14,2800,78770.0
2026-09-22 13:35:00,28.13,28.15,28.12,28.15,13400,377001.0
2026-09-22 13:36:00,28.15,28.15,28.14,28.15,7100,199836.0
2026-09-22 13:37:00,28.14,28.14,28.12,28.14,4000,112537.0
2026-09-22 13:38:00,28.13,28.13,28.12,28.12,3600,101234.0
2026-09-22 13:39:00,28.12,28.12,28.12,28.12,2300,64676.0
2026-09-22 13:40:00,28.13,28.14,28.12,28.14,3500,98482.0
2026-09-22 13:41:00,28.14,28.15,28.14,28.15,2700,76001.0
2026-09-22 13:42:00,28.15,28.15,28.14,28.14,4500,126673.0
2026-09-22 13:43:00,28.15,28.15,28.14,28.14,600,16887.0
2026-09-22 13:44:00,28.14,28.14,28.14,28.14,2100,59094.0
2026-09-22 13:45:00,28.14,28.14,28.14,28.14,3800,106932.0
2026-09-22 13:46:00,28.14,28.15,28.14,28.15,600,16885.0
2026-09-22 13:47:00,28.15,28.15,28.14,28.15,5700,160452.0
2026-09-22 13:48:00,28.15,28.15,28.15,28.15,3100,87265.0
2026-09-22 13:49:00,28.15,28.15,28.15,28.15,500,14075.0
2026-09-22 13:50:00,28.14,28.15,28.14,28.15,4600,129479.0
2026-09-22 13:51:00,28.15,28.16,28.14,28.16,5400,152010.0
2026-09-22 13:52:00,28.16,28.2,28.16,28.19,15100,425550.0
2026-09-22 13:53:00,28.19,28.19,28.18,28.19,3600,101482.0
2026-09-22 13:54:00,28.19,28.2,28.18,28.2,10400,293183.0
2026-09-22 13:55:00,28.2,28.21,28.2,28.2,6200,174853.0
2026-09-22 13:56:00,28.2,28.2,28.2,28.2,1900,53580.0
2026-09-22 13:57:00,28.21,28.25,28.21,28.22,8500,239945.0
2026-09-22 13:58:00,28.21,28.24,28.21,28.22,4000,112879.0
2026-09-22 13:59:00,28.22,28.22,28.2,28.2,1500,42325.0
2026-09-22 14:00:00,28.2,28.2,28.19,28.19,9700,273510.0
2026-09-22 14:01:00,28.19,28.19,28.18,28.18,5300,149387.0
2026-09-22 14:02:00,28.17,28.2,28.17,28.19,5400,152206.0
2026-09-22 14:03:00,28.18,28.19,28.18,28.18,2400,67636.0
2026-09-22 14:04:00,28.18,28.19,28.18,28.19,5000,140943.0
2026-09-22 14:05:00,28.19,28.21,28.19,28.2,6000,169190.0
2026-09-22 14:06:00,28.19,28.19,28.19,28.19,2600,73294.0
2026-09-22 14:07:00,28.18,28.18,28.18,28.18,2200,61996.0
2026-09-22 14:08:00,28.18,28.18,28.17,28.18,1600,45077.0
2026-09-22 14:09:00,28.18,28.19,28.18,28.19,600,16910.0
2026-09-22 14:10:00,28.19,28.19,28.19,28.19,400,11276.0
2026-09-22 14:11:00,28.19,28.19,28.18,28.18,5800,163469.0
2026-09-22 14:12:00,28.18,28.21,28.18,28.2,20200,569620.0
2026-09-22 14:13:00,28.2,28.28,28.2,28.28,25000,706158.0
2026-09-22 14:14:00,28.27,28.29,28.25,28.25,43200,1221172.0
2026-09-22 14:15:00,28.25,28.37,28.25,28.37,24939,706014.75
2026-09-22 14:16:00,28.37,28.45,28.37,28.41,76200,2164925.0
2026-09-22 14:17:00,28.41,28.43,28.38,28.43,45800,1301013.0
2026-09-22 14:18:00,28.43,28.43,28.38,28.38,22900,650463.0002
2026-09-22 14:19:00,28.36,28.38,28.36,28.36,4700,133307.0
2026-09-22 14:20:00,28.35,28.35,28.31,28.34,16300,461994.0
2026-09-22 14:21:00,28.31,28.31,28.3,28.31,4300,121723.0
2026-09-22 14:22:00,28.32,28.32,28.32,28.32,2300,65136.0
2026-09-22 14:23:00,28.31,28.31,28.31,28.31,1000,28310.0
2026-09-22 14:24:00,28.31,28.32,28.31,28.32,9500,269005.0
2026-09-22 14:25:00,28.3,28.3,28.28,28.28,4100,116028.0
2026-09-22 14:26:00,28.29,28.32,28.28,28.3,20000,566308.0
2026-09-22 14:27:00,28.3,28.32,28.3,28.3,7100,201004.0
2026-09-22 14:28:00,28.3,28.32,28.3,28.3,800,22644.0
2026-09-22 14:29:00,28.31,28.31,28.31,28.31,4700,133057.0
2026-09-22 14:30:00,28.3,28.31,28.29,28.31,7000,198081.002
2026-09-22 14:31:00,28.3,28.3,28.29,28.3,1100,31125.0
2026-09-22 14:32:00,28.29,28.31,28.26,28.26,10700,302638.0
2026-09-22 14:33:00,28.29,28.29,28.26,28.29,2300,65058.0
2026-09-22 14:34:00,28.28,28.28,28.24,28.24,7900,223246.0
2026-09-22 14:35:00,28.24,28.24,28.22,28.22,1500,42342.0
2026-09-22 14:36:00,28.22,28.23,28.2,28.23,4200,118509.0
2026-09-22 14:37:00,28.22,28.23,28.22,28.23,7300,206056.0
2026-09-22 14:38:00,28.23,28.24,28.23,28.23,3100,87521.0
2026-09-22 14:39:00,28.23,28.27,28.23,28.27,13000,367177.0
2026-09-22 14:40:00,28.27,28.27,28.22,28.26,6900,194837.0
2026-09-22 14:41:00,28.23,28.26,28.2,28.22,10000,282200.0
2026-09-22 14:42:00,28.21,28.23,28.21,28.22,2200,62082.0
2026-09-22 14:43:00,28.23,28.26,28.22,28.24,5500,155285.0
2026-09-22 14:44:00,28.24,28.28,28.24,28.28,7700,217627.0
2026-09-22 14:45:00,28.26,28.29,28.26,28.29,6700,189506.0
2026-09-22 14:46:00,28.3,28.32,28.29,28.3,7300,206594.0
2026-09-22 14:47:00,28.3,28.33,28.29,28.31,40100,1135140.0
2026-09-22 14:48:00,28.31,28.37,28.31,28.37,16200,459331.0
2026-09-22 14:49:00,28.37,28.38,28.33,28.37,27700,785720.0
2026-09-22 14:50:00,28.37,28.41,28.36,28.38,72400,2054409.0
2026-09-22 14:51:00,28.39,28.39,28.38,28.39,22300,632953.0
2026-09-22 14:52:00,28.38,28.38,28.37,28.38,9300,263871.0
2026-09-22 14:53:00,28.38,28.38,28.37,28.37,25600,726443.0
2026-09-22 14:54:00,28.38,28.42,28.37,28.42,32900,934397.0
2026-09-22 14:55:00,28.42,28.44,28.42,28.43,30000,852722.0
2026-09-22 14:56:00,28.43,28.46,28.42,28.45,44400,1262821.0
2026-09-22 14:57:00,28.45,28.49,28.45,28.48,28900,822919.0
2026-09-22 15:00:00,28.48,28.48,28.48,28.48,68700,1956576.0
