day,open,high,low,close,volume,amount
2026-09-10 10:50:00,28.76,28.77,28.73,28.74,9900,284614.0004
2026-09-10 10:51:00,28.74,28.74,28.73,28.73,8140,233899.1986
2026-09-10 10:52:00,28.74,28.77,28.73,28.76,8300,238628.0
2026-09-10 10:53:00,28.76,28.77,28.76,28.77,2900,83428.0
2026-09-10 10:54:00,28.77,28.79,28.77,28.78,3500,100718.0
2026-09-10 10:55:00,28.78,28.78,28.78,28.78,200,5756.0
2026-09-10 10:56:00,28.79,28.8,28.77,28.79,2100,60446.0
2026-09-10 10:57:00,28.79,28.79,28.78,28.78,1500,43181.0
2026-09-10 10:58:00,28.78,28.78,28.78,28.78,600,17268.0
2026-09-10 10:59:00,28.78,28.8,28.77,28.77,4400,126656.0
2026-09-10 11:00:00,28.77,28.82,28.77,28.78,10800,310973.0
2026-09-10 11:01:00,28.8,28.85,28.78,28.85,2900,83598.0
2026-09-10 11:02:00,28.83,28.85,28.83,28.83,1700,49026.0
2026-09-10 11:03:00,28.85,28.85,28.83,28.83,1000,28842.0
2026-09-10 11:04:00,28.83,28.83,28.77,28.81,6000,172738.0
2026-09-10 11:05:00,28.78,28.8,28.78,28.78,1200,34554.0
2026-09-10 11:06:00,28.78,28.79,28.78,28.79,1300,37419.0
2026-09-10 11:07:00,28.82,28.82,28.79,28.79,3100,89312.0
2026-09-10 11:08:00,28.78,28.78,28.78,28.78,1000,28780.0
2026-09-10 11:09:00,28.81,28.82,28.78,28.78,2700,77785.0
2026-09-10 11:11:00,28.78,28.8,28.78,28.8,800,23036.0
2026-09-10 11:12:00,28.81,28.81,28.81,28.81,100,2881.0
2026-09-10 11:13:00,28.82,28.83,28.82,28.83,2200,63417.0
2026-09-10 11:14:00,28.82,28.82,28.82,28.82,100,2882.0
2026-09-10 11:15:00,28.83,28.83,28.82,28.83,1100,31712.0
2026-09-10 11:16:00,28.84,28.84,28.84,28.84,100,2884.0
2026-09-10 11:18:00,28.83,28.86,28.82,28.86,6500,187492.0
2026-09-10 11:19:00,28.86,28.86,28.86,28.86,1000,28860.0
2026-09-10 11:20:00,28.86,28.86,28.84,28.84,800,23077.0
2026-09-10 11:21:00,28.84,28.84,28.84,28.84,300,8652.0
2026-09-10 11:23:00,28.84,28.84,28.81,28.81,900,25949.0
2026-09-10 11:25:00,28.81,28.81,28.81,28.81,100,2881.0
2026-09-10 11:26:00,28.81,28.82,28.81,28.82,200,5763.0
2026-09-10 11:27:00,28.82,28.84,28.82,28.84,4300,123978.0
2026-09-10 11:28:00,28.85,28.85,28.85,28.85,200,5770.0
2026-09-10 11:29:00,28.82,28.82,28.82,28.82,200,5764.0
2026-09-10 11:30:00,28.84,28.84,28.84,28.84,500,14420.0
2026-09-10 13:01:00,28.82,28.93,28.82,28.91,8000,230882.0
2026-09-10 13:02:00,28.91,28.91,28.9,28.9,800,23126.0
2026-09-10 13:03:00,28.91,28.93,28.89,28.91,7800,225396.0
2026-09-10 13:04:00,28.93,28.93,28.93,28.93,900,26037.0
2026-09-10 13:05:00,28.91,28.91,28.87,28.88,5500,158816.0
2026-09-10 13:06:00,28.88,28.91,28.87,28.87,8100,233920.0
2026-09-10 13:07:00,28.9,28.91,28.9,28.91,1700,49134.0
2026-09-10 13:08:00,28.87,28.9,28.87,28.87,11000,317668.0
2026-09-10 13:09:00,28.88,28.88,28.88,28.88,400,11552.0
2026-09-10 13:10:00,28.88,28.92,28.88,28.92,1400,40474.0
2026-09-10 13:11:00,28.91,28.96,28.91,28.96,2000,57850.0
2026-09-10 13:12:00,28.9,28.94,28.9,28.94,2200,63648.0
2026-09-10 13:13:00,28.89,28.89,28.89,28.89,1500,43335.0
2026-09-10 13:14:00,28.89,28.89,28.89,28.89,500,14445.0
2026-09-10 13:16:00,28.9,28.9,28.9,28.9,100,2890.0
2026-09-10 13:17:00,28.9,28.9,28.89,28.89,900,26005.0
2026-09-10 13:18:00,28.89,28.92,28.89,28.92,400,11563.0
2026-09-10 13:19:00,28.91,28.91,28.91,28.91,2400,69384.0
2026-09-10 13:20:00,28.9,28.9,28.89,28.89,1300,37569.0
2026-09-10 13:22:00,28.9,28.9,28.9,28.9,200,5780.0
2026-09-10 13:24:00,28.89,28.89,28.89,28.89,1000,28890.0
2026-09-10 13:26:00,28.9,28.91,28.9,28.9,2900,83828.0
2026-09-10 13:27:00,28.9,28.91,28.9,28.91,1800,52035.0
2026-09-10 13:28:00,28.91,28.91,28.86,28.86,6700,193552.0
2026-09-10 13:29:00,28.85,28.85,28.85,28.85,900,25965.0
2026-09-10 13:30:00,28.85,28.85,28.85,28.85,300,8655.0
2026-09-10 13:31:00,28.86,28.88,28.86,28.86,2000,57732.0
2026-09-10 13:32:00,28.86,28.88,28.86,28.88,500,14436.0
2026-09-10 13:33:00,28.88,28.88,28.87,28.87,500,14439.0
2026-09-10 13:34:00,28.88,28.88,28.88,28.88,200,5776.0
2026-09-10 13:35:00,28.88,28.88,28.86,28.88,3400,98166.0
2026-09-10 13:36:00,28.88,28.88,28.86,28.87,1700,49077.0
2026-09-10 13:37:00,28.88,28.88,28.87,28.87,700,20211.0
2026-09-10 13:38:00,28.86,28.87,28.86,28.87,1500,43296.0
2026-09-10 13:39:00,28.87,28.88,28.86,28.86,5000,144324.0
2026-09-10 13:40:00,28.86,28.86,28.85,28.85,3300,95236.0
2026-09-10 13:41:00,28.85,28.85,28.83,28.83,4300,124024.0
2026-09-10 13:42:00,28.83,28.83,28.81,28.81,3900,112394.0
2026-09-10 13:43:00,28.81,28.81,28.8,28.8,5600,161296.0
2026-09-10 13:44:00,28.81,28.82,28.8,28.8,5200,149790.0
2026-09-10 13:45:00,28.8,28.8,28.8,28.8,100,2880.0
2026-09-10 13:46:00,28.82,28.83,28.8,28.8,1100,31701.0
2026-09-10 13:47:00,28.8,28.81,28.8,28.81,300,8642.0
2026-09-10 13:48:00,28.83,28.83,28.81,28.81,600,17296.0
2026-09-10 13:49:00,28.81,28.83,28.81,28.83,300,8645.0
2026-09-10 13:50:00,28.81,28.81,28.81,28.81,800,23048.0
2026-09-10 13:51:00,28.8,28.81,28.8,28.8,1700,48964.0
2026-09-10 13:52:00,28.8,28.81,28.8,28.81,1900,54724.0
2026-09-10 13:53:00,28.8,28.81,28.8,28.81,300,8642.0
2026-09-10 13:54:00,28.81,28.81,28.81,28.81,300,8643.0
2026-09-10 13:55:00,28.81,28.82,28.8,28.8,1800,51859.0
2026-09-10 13:56:00,28.83,28.83,28.83,28.83,300,8649.0
2026-09-10 13:57:00,28.8,28.8,28.8,28.8,400,11520.0
2026-09-10 13:58:00,28.8,28.8,28.8,28.8,100,2880.0
2026-09-10 13:59:00,28.82,28.83,28.82,28.83,400,11530.0
2026-09-10 14:00:00,28.83,28.84,28.83,28.84,900,25955.0
2026-09-10 14:01:00,28.84,28.84,28.84,28.84,300,8652.0
2026-09-10 14:03:00,28.83,28.84,28.83,28.83,1600,46132.0
2026-09-10 14:04:00,28.84,28.84,28.84,28.84,2100,60564.0
2026-09-10 14:05:00,28.83,28.83,28.83,28.83,100,2883.0
2026-09-10 14:06:00,28.83,28.84,28.83,28.83,500,14416.0
2026-09-10 14:07:00,28.83,28.83,28.83,28.83,400,11532.0
2026-09-10 14:08:00,28.83,28.84,28.83,28.84,2600,74960.0
2026-09-10 14:10:00,28.84,28.85,28.83,28.83,2800,80743.0
2026-09-10 14:11:00,28.85,28.85,28.83,28.85,8300,239299.0
2026-09-10 14:12:00,28.83,28.83,28.81,28.81,6200,178716.0
2026-09-10 14:13:00,28.83,28.83,28.81,28.82,1800,51873.0
2026-09-10 14:14:00,28.81,28.81,28.81,28.81,1100,31691.0
2026-09-10 14:15:00,28.83,28.83,28.81,28.83,300,8647.0
2026-09-10 14:16:00,28.81,28.81,28.81,28.81,1800,51858.0
2026-09-10 14:17:00,28.81,28.83,28.81,28.82,1500,43240.0
2026-09-10 14:18:00,28.81,28.82,28.81,28.81,400,11526.0
2026-09-10 14:19:00,28.81,28.81,28.81,28.81,1800,51858.0
2026-09-10 14:20:00,28.81,28.81,28.8,28.8,3400,97947.0
2026-09-10 14:21:00,28.81,28.81,28.8,28.81,700,20165.0
2026-09-10 14:22:00,28.81,28.81,28.81,28.81,400,11524.0
2026-09-10 14:23:00,28.81,28.81,28.81,28.81,100,2881.0
2026-09-10 14:24:00,28.8,28.81,28.8,28.81,4900,141152.0
2026-09-10 14:25:00,28.8,28.8,28.8,28.8,3200,92160.0
2026-09-10 14:26:00,28.82,28.82,28.8,28.8,300,8643.0
2026-09-10 14:28:00,28.81,28.82,28.81,28.82,2500,72026.0
2026-09-10 14:29:00,28.82,28.82,28.82,28.82,100,2882.0
2026-09-10 14:30:00,28.81,28.82,28.81,28.82,1500,43229.0
2026-09-10 14:31:00,28.81,28.81,28.8,28.8,3900,112326.0
2026-09-10 14:32:00,28.79,28.79,28.78,28.79,4600,132432.0
2026-09-10 14:33:00,28.8,28.81,28.78,28.81,2300,66227.0
2026-09-10 14:34:00,28.81,28.82,28.8,28.8,1900,54729.0
2026-09-10 14:35:00,28.8,28.8,28.78,28.78,1500,43186.0
2026-09-10 14:36:00,28.79,28.79,28.78,28.78,400,11515.0
2026-09-10 14:37:00,28.78,28.8,28.78,28.78,5600,161181.0
2026-09-10 14:38:00,28.79,28.8,28.78,28.78,400,11517.0
2026-09-10 14:39:00,28.78,28.8,28.77,28.8,33400,961453.0
2026-09-10 14:40:00,28.78,28.78,28.78,28.78,100,2878.0
2026-09-10 14:41:00,28.78,28.8,28.78,28.79,1100,31664.0
2026-09-10 14:42:00,28.78,28.8,28.78,28.78,3200,92116.0
2026-09-10 14:43:00,28.78,28.8,28.78,28.8,6200,178499.0
2026-09-10 14:44:00,28.78,28.8,28.76,28.78,5500,158245.0
2026-09-10 14:45:00,28.78,28.78,28.75,28.77,8600,247325.0
2026-09-10 14:46:00,28.77,28.8,28.76,28.8,5000,143933.0
2026-09-10 14:47:00,28.8,28.8,28.77,28.78,1000,28786.0
2026-09-10 14:48:00,28.77,28.79,28.76,28.76,6400,184131.0
2026-09-10 14:49:00,28.79,28.79,28.76,28.76,1900,54672.0
2026-09-10 14:50:00,28.76,28.8,28.76,28.78,6200,178464.0
2026-09-10 14:51:00,28.77,28.78,28.76,28.76,5100,146732.0
2026-09-10 14:52:00,28.76,28.76,28.75,28.75,9700,278919.0
2026-09-10 14:53:00,28.75,28.77,28.75,28.77,9100,261700.0
2026-09-10 14:54:00,28.78,28.78,28.75,28.78,7400,212907.0
2026-09-10 14:55:00,28.78,28.79,28.77,28.78,7800,224477.0
2026-09-10 14:56:00,28.78,28.81,28.77,28.78,15000,431915.0
2026-09-10 14:57:00,28.78,28.8,28.78,28.8,6500,187127.0
2026-09-10 15:00:00,28.79,28.79,28.79,28.79,36900,1062351.0
2026-09-11 09:31:00,28.58,28.78,28.51,28.6,41100,1174512.0
2026-09-11 09:32:00,28.6,28.6,28.42,28.42,13000,370600.0
2026-09-11 09:33:00,28.42,28.57,28.42,28.57,18800,535196.998
2026-09-11 09:34:00,28.57,28.58,28.5,28.58,3800,108469.0
2026-09-11 09:35:00,28.58,28.68,28.58,28.58,5900,168687.0
2026-09-11 09:36:00,28.58,28.58,28.46,28.48,24400,695687.0
2026-09-11 09:37:00,28.45,28.47,28.42,28.42,4100,116619.0
2026-09-11 09:38:00,28.41,28.42,28.37,28.37,15700,445889.0
2026-09-11 09:39:00,28.36,28.39,28.33,28.36,21916,621476.2827
2026-09-11 09:40:00,28.36,28.41,28.35,28.38,6900,195741.0
2026-09-11 09:41:00,28.37,28.38,28.28,28.28,16600,470084.0
2026-09-11 09:42:00,28.28,28.33,28.25,28.33,19200,542915.0
2026-09-11 09:43:00,28.32,28.34,28.32,28.32,3600,101972.0
2026-09-11 09:44:00,28.32,28.33,28.32,28.32,1500,42485.0
2026-09-11 09:45:00,28.32,28.32,28.26,28.26,6700,189547.0
2026-09-11 09:46:00,28.26,28.26,28.2,28.22,23200,654831.0
2026-09-11 09:47:00,28.22,28.26,28.21,28.25,11800,333185.0
2026-09-11 09:48:00,28.24,28.26,28.22,28.26,12600,355870.0
2026-09-11 09:49:00,28.26,28.27,28.23,28.24,13000,367299.0
2026-09-11 09:50:00,28.23,28.28,28.21,28.28,8400,237122.0
2026-09-11 09:51:00,28.27,28.28,28.27,28.28,200,5655.0
2026-09-11 09:52:00,28.3,28.32,28.28,28.3,2900,82098.0
2026-09-11 09:53:00,28.3,28.32,28.28,28.29,1300,36790.0
2026-09-11 09:54:00,28.29,28.32,28.28,28.28,3600,101840.0
2026-09-11 09:55:00,28.28,28.31,28.25,28.27,4600,130047.0
2026-09-11 09:56:00,28.29,28.34,28.28,28.28,4800,135837.0
2026-09-11 09:57:00,28.32,28.35,28.26,28.35,69200,1958980.0
2026-09-11 09:58:00,28.35,28.35,28.31,28.31,5200,147270.0
2026-09-11 09:59:00,28.32,28.35,28.3,28.35,9100,257664.0
2026-09-11 10:00:00,28.35,28.35,28.31,28.31,7500,212500.0
2026-09-11 10:01:00,28.3,28.35,28.28,28.28,1500,42449.0
2026-09-11 10:02:00,28.28,28.33,28.28,28.33,5300,150144.0
2026-09-11 10:03:00,28.29,28.29,28.29,28.29,100,2829.0
2026-09-11 10:04:00,28.34,28.35,28.31,28.35,3100,87861.0
2026-09-11 10:05:00,28.31,28.46,28.31,28.4,30700,871303.0
2026-09-11 10:06:00,28.39,28.39,28.3,28.35,7800,220846.0
2026-09-11 10:07:00,28.3,28.3,28.3,28.3,100,2830.0
2026-09-11 10:08:00,28.35,28.36,28.29,28.3,3100,87765.0
2026-09-11 10:09:00,28.29,28.29,28.29,28.29,300,8487.0
2026-09-11 10:10:00,28.3,28.3,28.3,28.3,200,5660.0
2026-09-11 10:11:00,28.3,28.3,28.26,28.28,6100,172512.0
2026-09-11 10:12:00,28.28,28.28,28.25,28.25,1200,33921.0
2026-09-11 10:13:00,28.25,28.25,28.25,28.25,2300,64975.0
2026-09-11 10:14:00,28.25,28.26,28.24,28.24,1200,33894.0
2026-09-11 10:15:00,28.25,28.28,28.24,28.24,8300,234556.0
2026-09-11 10:16:00,28.25,28.28,28.25,28.28,8300,234632.0
2026-09-11 10:17:00,28.24,28.28,28.23,28.28,2800,79131.0
2026-09-11 10:18:00,28.24,28.26,28.24,28.24,2100,59310.0
2026-09-11 10:19:00,28.24,28.24,28.22,28.22,5900,166542.0
2026-09-11 10:20:00,28.22,28.22,28.22,28.22,3500,98770.0
2026-09-11 10:21:00,28.21,28.21,28.2,28.2,9100,256637.0
2026-09-11 10:22:00,28.2,28.23,28.19,28.21,17000,479425.0
2026-09-11 10:23:00,28.21,28.21,28.19,28.19,6200,174802.0
2026-09-11 10:24:00,28.19,28.19,28.18,28.18,12600,355186.0
2026-09-11 10:25:00,28.18,28.19,28.17,28.17,2200,61992.0
2026-09-11 10:26:00,28.17,28.19,28.15,28.19,12900,363319.0
2026-09-11 10:27:00,28.19,28.19,28.16,28.16,600,16899.0
2026-09-11 10:28:00,28.2,28.2,28.16,28.16,1000,28164.0
2026-09-11 10:29:00,28.16,28.16,28.16,28.16,300,8448.0
2026-09-11 10:30:00,28.2,28.2,28.2,28.2,200,5640.0
2026-09-11 10:31:00,28.18,28.2,28.17,28.17,2000,56348.0
2026-09-11 10:32:00,28.2,28.2,28.19,28.19,800,22557.0
2026-09-11 10:33:00,28.19,28.19,28.17,28.19,6200,174775.0
2026-09-11 10:34:00,28.19,28.19,28.17,28.17,3100,87335.0
2026-09-11 10:35:00,28.17,28.18,28.15,28.15,1998,56270.7
2026-09-11 10:36:00,28.15,28.15,28.15,28.15,6302,177401.2998
2026-09-11 10:37:00,28.15,28.15,28.15,28.15,3998,112543.6982
2026-09-11 10:38:00,28.16,28.16,28.15,28.15,700,19711.0
2026-09-11 10:39:00,28.15,28.15,28.14,28.14,11302,318072.299
2026-09-11 10:40:00,28.14,28.17,28.14,28.17,13698,385464.72
2026-09-11 10:41:00,28.17,28.17,28.15,28.15,1800,50684.0
2026-09-11 10:42:00,28.15,28.15,28.14,28.14,3200,90053.0
2026-09-11 10:43:00,28.15,28.15,28.15,28.15,1000,28150.0
2026-09-11 10:44:00,28.14,28.14,28.13,28.14,12400,348820.0
2026-09-11 10:45:00,28.13,28.15,28.13,28.14,7300,205405.0
2026-09-11 10:46:00,28.14,28.19,28.14,28.19,24900,700747.0
2026-09-11 10:47:00,28.19,28.2,28.19,28.19,4600,129702.0
2026-09-11 10:48:00,28.22,28.22,28.22,28.22,700,19754.0
2026-09-11 10:49:00,28.21,28.26,28.21,28.23,2600,73367.0
2026-09-11 10:50:00,28.27,28.27,28.27,28.27,100,2827.0
2026-09-11 10:51:00,28.27,28.27,28.22,28.22,800,22586.0
2026-09-11 10:52:00,28.22,28.23,28.19,28.21,6300,177721.998
2026-09-11 10:53:00,28.25,28.25,28.2,28.2,1700,47976.0
2026-09-11 10:54:00,28.22,28.25,28.22,28.25,4100,115705.0
2026-09-11 10:55:00,28.25,28.25,28.21,28.23,2100,59273.0
2026-09-11 10:56:00,28.21,28.23,28.21,28.23,300,8465.0
2026-09-11 10:57:00,28.23,28.35,28.23,28.35,23500,664711.0
2026-09-11 10:58:00,28.36,28.36,28.31,28.31,900,25493.0
2026-09-11 10:59:00,28.3,28.34,28.3,28.34,2200,62276.0
2026-09-11 11:00:00,28.3,28.4,28.3,28.4,14900,422622.0
2026-09-11 11:01:00,28.4,28.4,28.35,28.35,300,8510.0
2026-09-11 11:02:00,28.38,28.4,28.38,28.4,1100,31238.0
2026-09-11 11:03:00,28.39,28.39,28.32,28.32,300,8504.0
2026-09-11 11:04:00,28.32,28.35,28.32,28.35,4400,124638.0
2026-09-11 11:05:00,28.35,28.35,28.35,28.35,300,8505.0
2026-09-11 11:06:00,28.35,28.4,28.35,28.37,3200,90838.0
2026-09-11 11:07:00,28.38,28.38,28.38,28.38,100,2838.0
2026-09-11 11:08:00,28.38,28.38,28.38,28.38,200,5676.0
2026-09-11 11:09:00,28.38,28.38,28.36,28.38,1100,31214.0
2026-09-11 11:10:00,28.38,28.4,28.38,28.4,2300,65300.0
2026-09-11 11:11:00,28.4,28.41,28.4,28.41,3700,105085.0
2026-09-11 11:12:00,28.39,28.39,28.36,28.36,1400,39716.0
2026-09-11 11:13:00,28.31,28.31,28.29,28.29,300,8489.0
2026-09-11 11:14:00,28.29,28.34,28.29,28.34,600,16979.0
2026-09-11 11:16:00,28.3,28.37,28.3,28.37,3000,84967.0
2026-09-11 11:17:00,28.36,28.36,28.36,28.36,200,5672.0
2026-09-11 11:18:00,28.37,28.37,28.37,28.37,100,2837.0
2026-09-11 11:19:00,28.36,28.36,28.36,28.36,500,14180.0
2026-09-11 11:20:00,28.36,28.41,28.36,28.41,1600,45408.0
2026-09-11 11:21:00,28.42,28.44,28.42,28.44,3100,88115.0
2026-09-11 11:22:00,28.39,28.39,28.37,28.37,600,17026.0
2026-09-11 11:24:00,28.39,28.39,28.39,28.39,100,2839.0
2026-09-11 11:25:00,28.39,28.39,28.39,28.39,400,11356.0
2026-09-11 11:26:00,28.36,28.36,28.36,28.36,600,17016.0
2026-09-11 11:28:00,28.35,28.35,28.35,28.35,200,5670.0
2026-09-11 11:29:00,28.34,28.34,28.34,28.34,100,2834.0
2026-09-11 11:30:00,28.34,28.34,28.34,28.34,400,11336.0
2026-09-11 13:01:00,28.37,28.39,28.32,28.34,3900,110625.0
2026-09-11 13:02:00,28.34,28.35,28.34,28.35,600,17007.0
2026-09-11 13:03:00,28.35,28.35,28.35,28.35,600,17010.0
2026-09-11 13:04:00,28.38,28.4,28.35,28.4,1400,39752.0
2026-09-11 13:05:00,28.41,28.41,28.41,28.41,100,2841.0
2026-09-11 13:06:00,28.38,28.38,28.37,28.37,3100,87958.0
2026-09-11 13:07:00,28.37,28.39,28.37,28.39,1600,45410.0
2026-09-11 13:08:00,28.37,28.37,28.35,28.35,2700,76551.0
2026-09-11 13:09:00,28.35,28.39,28.35,28.39,2500,70891.0
2026-09-11 13:10:00,28.39,28.4,28.39,28.39,5500,156165.0
2026-09-11 13:11:00,28.38,28.39,28.38,28.39,1800,51085.0
2026-09-11 13:12:00,28.39,28.39,28.38,28.38,2100,59605.0
2026-09-11 13:13:00,28.37,28.37,28.36,28.37,1500,42545.0
2026-09-11 13:14:00,28.35,28.35,28.35,28.35,600,17010.0
2026-09-11 13:15:00,28.35,28.35,28.35,28.35,700,19845.0
2026-09-11 13:16:00,28.36,28.41,28.36,28.41,1400,39744.0
2026-09-11 13:17:00,28.39,28.39,28.39,28.39,100,2839.0
2026-09-11 13:18:00,28.35,28.39,28.35,28.35,1400,39694.0
2026-09-11 13:19:00,28.36,28.39,28.36,28.38,1000,28381.0
2026-09-11 13:20:00,28.37,28.37,28.37,28.37,400,11348.0
2026-09-11 13:21:00,28.37,28.37,28.37,28.37,200,5674.0
2026-09-11 13:22:00,28.39,28.39,28.37,28.37,1400,39722.0
2026-09-11 13:23:00,28.36,28.37,28.35,28.35,1300,36869.0
2026-09-11 13:24:00,28.36,28.41,28.36,28.41,3400,96527.0
2026-09-11 13:25:00,28.41,28.41,28.39,28.39,2200,62492.0
2026-09-11 13:26:00,28.4,28.4,28.4,28.4,400,11360.0
2026-09-11 13:27:00,28.4,28.41,28.39,28.39,400,11360.0
2026-09-11 13:28:00,28.39,28.39,28.39,28.39,1700,48263.0
2026-09-11 13:29:00,28.39,28.4,28.38,28.38,1500,42586.0
2026-09-11 13:30:00,28.38,28.38,28.36,28.36,5100,144697.0
2026-09-11 13:31:00,28.36,28.36,28.35,28.35,900,25522.0
2026-09-11 13:32:00,28.36,28.37,28.33,28.33,6500,184289.0
2026-09-11 13:33:00,28.33,28.37,28.33,28.37,1000,28334.0
2026-09-11 13:34:00,28.36,28.36,28.36,28.36,2300,65228.0
2026-09-11 13:35:00,28.36,28.36,28.36,28.36,7600,215536.0
2026-09-11 13:36:00,28.33,28.33,28.33,28.33,300,8499.0
2026-09-11 13:37:00,28.33,28.33,28.33,28.33,900,25497.0
2026-09-11 13:38:00,28.34,28.37,28.34,28.37,3900,110551.0
2026-09-11 13:39:00,28.36,28.36,28.34,28.34,1400,39688.0
2026-09-11 13:40:00,28.34,28.38,28.34,28.38,3400,96432.0
2026-09-11 13:41:00,28.4,28.4,28.38,28.38,1000,28394.0
2026-09-11 13:42:00,28.38,28.4,28.37,28.37,700,19866.0
2026-09-11 13:43:00,28.37,28.41,28.37,28.38,3300,93692.0
2026-09-11 13:44:00,28.38,28.38,28.37,28.37,300,8513.0
2026-09-11 13:45:00,28.4,28.41,28.39,28.39,3500,99381.0
2026-09-11 13:46:00,28.39,28.41,28.39,28.39,2100,59629.0
2026-09-11 13:47:00,28.4,28.44,28.4,28.44,4200,119422.0
2026-09-11 13:48:00,28.44,28.5,28.44,28.5,8300,236265.0
2026-09-11 13:49:00,28.5,28.5,28.47,28.47,1600,45566.0
2026-09-11 13:50:00,28.45,28.46,28.43,28.43,1700,48363.0
2026-09-11 13:51:00,28.45,28.45,28.42,28.42,2600,73908.0
2026-09-11 13:52:00,28.4,28.4,28.39,28.39,4000,113599.0
2026-09-11 13:53:00,28.4,28.44,28.39,28.4,1600,45452.0
2026-09-11 13:54:00,28.43,28.47,28.43,28.43,1000,28434.0
2026-09-11 13:55:00,28.43,28.46,28.42,28.42,7300,207522.0
2026-09-11 13:56:00,28.42,28.47,28.41,28.47,1400,39825.0
2026-09-11 13:57:00,28.43,28.43,28.43,28.43,200,5686.0
2026-09-11 13:58:00,28.43,28.43,28.43,28.43,100,2843.0
2026-09-11 13:59:00,28.47,28.47,28.43,28.43,700,19917.0
2026-09-11 14:00:00,28.47,28.47,28.43,28.43,300,8537.0
2026-09-11 14:01:00,28.43,28.43,28.39,28.39,6100,173397.0
2026-09-11 14:02:00,28.38,28.38,28.38,28.38,3100,87978.0
2026-09-11 14:03:00,28.37,28.41,28.35,28.41,22200,629836.0
2026-09-11 14:04:00,28.41,28.42,28.41,28.42,700,19891.0
2026-09-11 14:05:00,28.42,28.42,28.42,28.42,600,17052.0
2026-09-11 14:06:00,28.42,28.42,28.42,28.42,700,19894.0
2026-09-11 14:07:00,28.41,28.42,28.41,28.42,400,11367.0
2026-09-11 14:08:00,28.42,28.42,28.41,28.42,600,17051.0
2026-09-11 14:09:00,28.42,28.43,28.42,28.43,2900,82421.0
2026-09-11 14:10:00,28.42,28.42,28.42,28.42,600,17052.0
2026-09-11 14:11:00,28.42,28.43,28.42,28.43,1500,42635.0
2026-09-11 14:12:00,28.43,28.43,28.43,28.43,200,5686.0
2026-09-11 14:13:00,28.43,28.43,28.43,28.43,700,19901.0
2026-09-11 14:14:00,28.45,28.46,28.45,28.46,3200,91070.0
2026-09-11 14:16:00,28.46,28.46,28.46,28.46,1800,51228.0
2026-09-11 14:17:00,28.45,28.45,28.45,28.45,300,8535.0
2026-09-11 14:18:00,28.44,28.45,28.44,28.44,1800,51194.0
2026-09-11 14:19:00,28.43,28.43,28.42,28.42,800,22740.0
2026-09-11 14:20:00,28.42,28.43,28.41,28.43,900,25576.0
2026-09-11 14:21:00,28.43,28.43,28.41,28.41,600,17056.0
2026-09-11 14:22:00,28.43,28.45,28.43,28.44,1800,51185.0
2026-09-11 14:23:00,28.45,28.45,28.42,28.45,500,14216.0
2026-09-11 14:24:00,28.45,28.45,28.39,28.41,6300,178954.0
2026-09-11 14:25:00,28.41,28.42,28.41,28.42,200,5683.0
2026-09-11 14:27:00,28.42,28.42,28.41,28.41,1300,36944.0
2026-09-11 14:28:00,28.4,28.4,28.39,28.39,2400,68144.0
2026-09-11 14:29:00,28.39,28.41,28.38,28.41,3900,110759.0
2026-09-11 14:30:00,28.39,28.42,28.39,28.42,600,17040.0
2026-09-11 14:31:00,28.38,28.38,28.38,28.38,100,2838.0
2026-09-11 14:32:00,28.4,28.4,28.4,28.4,500,14200.0
2026-09-11 14:33:00,28.4,28.4,28.4,28.4,400,11360.0
2026-09-11 14:34:00,28.39,28.39,28.37,28.37,2000,56761.0
2026-09-11 14:35:00,28.37,28.37,28.37,28.37,100,2837.0
2026-09-11 14:36:00,28.37,28.37,28.3,28.33,13600,385418.0
2026-09-11 14:37:00,28.32,28.32,28.31,28.31,2300,65130.0
2026-09-11 14:38:00,28.35,28.35,28.32,28.32,1800,50982.0
2026-09-11 14:39:00,28.33,28.33,28.31,28.31,3100,87793.0
2026-09-11 14:40:00,28.3,28.33,28.3,28.33,800,22654.0
2026-09-11 14:41:00,28.31,28.32,28.3,28.31,1600,45296.0
2026-09-11 14:42:00,28.3,28.31,28.28,28.29,3000,84877.0
2026-09-11 14:43:00,28.29,28.31,28.28,28.29,4800,135764.0
2026-09-11 14:44:00,28.28,28.29,28.28,28.29,1800,50916.0
2026-09-11 14:45:00,28.29,28.31,28.28,28.28,4500,127318.0
2026-09-11 14:46:00,28.28,28.28,28.27,28.28,4400,124425.0
2026-09-11 14:47:00,28.28,28.29,28.28,28.29,4700,132923.0
2026-09-11 14:48:00,28.29,28.34,28.29,28.34,6800,192548.0
2026-09-11 14:49:00,28.31,28.34,28.31,28.31,2300,65151.0
2026-09-11 14:50:00,28.33,28.33,28.32,28.32,2000,56645.0
2026-09-11 14:51:00,28.31,28.34,28.31,28.34,2166,61370.46
2026-09-11 14:52:00,28.34,28.36,28.34,28.35,9800,277842.0
2026-09-11 14:53:00,28.35,28.37,28.34,28.37,5600,158763.0
2026-09-11 14:54:00,28.37,28.37,28.34,28.34,4700,133234.0
2026-09-11 14:55:00,28.35,28.35,28.32,28.32,9000,255086.0
2026-09-11 14:56:00,28.32,28.33,28.3,28.31,8400,237842.001
2026-09-11 14:57:00,28.31,28.33,28.31,28.32,6300,178417.0
2026-09-11 15:00:00,28.31,28.31,28.31,28.31,7600,215156.0
2026-09-14 09:31:00,28.22,28.33,28.16,28.27,54200,1530967.0
2026-09-14 09:32:00,28.22,28.38,28.22,28.35,12400,350956.0
2026-09-14 09:33:00,28.36,28.41,28.3,28.36,11300,320451.0
2026-09-14 09:34:00,28.31,28.38,28.31,28.38,2800,79343.0
2026-09-14 09:35:00,28.38,28.45,28.37,28.41,5500,156260.0
2026-09-14 09:36:00,28.41,28.58,28.41,28.5,15300,435609.0
2026-09-14 09:37:00,28.54,28.54,28.45,28.47,4700,133852.0
2026-09-14 09:38:00,28.42,28.48,28.42,28.48,3500,99602.0
2026-09-14 09:39:00,28.5,28.5,28.47,28.47,8800,250577.0
2026-09-14 09:40:00,28.5,28.54,28.46,28.54,9300,265217.0
2026-09-14 09:41:00,28.49,28.55,28.46,28.51,4400,125361.0
2026-09-14 09:42:00,28.5,28.55,28.48,28.55,3600,102680.0
2026-09-14 09:43:00,28.55,28.56,28.5,28.51,12900,368152.0
2026-09-14 09:44:00,28.53,28.54,28.51,28.54,3700,105527.0
2026-09-14 09:45:00,28.53,28.53,28.51,28.51,4000,114066.0
2026-09-14 09:46:00,28.51,28.56,28.5,28.55,19500,556498.0
2026-09-14 09:47:00,28.54,28.57,28.54,28.55,18600,531146.0
2026-09-14 09:48:00,28.57,28.71,28.57,28.66,17400,497917.0
2026-09-14 09:49:00,28.66,28.66,28.6,28.6,4400,125996.0
2026-09-14 09:50:00,28.57,28.58,28.56,28.56,1900,54286.0
2026-09-14 09:51:00,28.55,28.55,28.53,28.53,7400,211252.0
2026-09-14 09:52:00,28.54,28.56,28.47,28.47,12200,348018.0
2026-09-14 09:53:00,28.49,28.52,28.48,28.48,3600,102545.0
2026-09-14 09:54:00,28.48,28.5,28.48,28.5,2400,68374.0
2026-09-14 09:55:00,28.5,28.55,28.49,28.52,6200,176819.0
2026-09-14 09:56:00,28.52,28.56,28.51,28.53,2300,65607.0
2026-09-14 09:57:00,28.56,28.57,28.52,28.55,2700,77089.0
2026-09-14 09:58:00,28.53,28.57,28.52,28.52,2400,68496.0
2026-09-14 09:59:00,28.52,28.6,28.47,28.59,16600,473759.0
2026-09-14 10:00:00,28.59,28.59,28.59,28.59,100,2859.0
2026-09-14 10:01:00,28.52,28.6,28.52,28.6,3500,100006.0
2026-09-14 10:02:00,28.6,28.64,28.6,28.63,9200,263247.0
2026-09-14 10:03:00,28.64,28.64,28.63,28.63,1000,28635.0
2026-09-14 10:04:00,28.61,28.61,28.59,28.59,3900,111536.0
2026-09-14 10:05:00,28.59,28.6,28.56,28.56,1300,37160.0
2026-09-14 10:06:00,28.57,28.57,28.52,28.52,2200,62798.0
2026-09-14 10:07:00,28.51,28.57,28.51,28.52,1700,48489.0
2026-09-14 10:08:00,28.52,28.53,28.51,28.51,1200,34227.0
2026-09-14 10:09:00,28.56,28.63,28.55,28.6,3200,91493.0
2026-09-14 10:10:00,28.62,28.63,28.6,28.6,2200,62952.0
2026-09-14 10:11:00,28.59,28.63,28.58,28.58,900,25729.0
2026-09-14 10:12:00,28.55,28.63,28.55,28.61,2400,68661.0
2026-09-14 10:13:00,28.6,28.66,28.55,28.66,19100,546914.0
2026-09-14 10:14:00,28.65,28.68,28.64,28.67,4100,117516.0
2026-09-14 10:15:00,28.68,28.69,28.67,28.69,7400,212214.0
2026-09-14 10:16:00,28.69,28.69,28.67,28.69,2500,71695.0
2026-09-14 10:17:00,28.69,28.69,28.64,28.64,1600,45872.0
2026-09-14 10:18:00,28.68,28.69,28.67,28.69,3300,94648.0
2026-09-14 10:19:00,28.67,28.67,28.66,28.66,1200,34401.0
2026-09-14 10:20:00,28.7,28.72,28.69,28.72,5000,143521.0
2026-09-14 10:21:00,28.72,28.74,28.72,28.74,600,17239.0
2026-09-14 10:22:00,28.74,28.75,28.74,28.74,7400,212678.0
2026-09-14 10:23:00,28.74,28.74,28.72,28.72,4200,120671.0
2026-09-14 10:24:00,28.73,28.73,28.71,28.71,6100,175139.0
2026-09-14 10:25:00,28.71,28.74,28.71,28.74,8900,255639.0
2026-09-14 10:26:00,28.73,28.76,28.73,28.76,9300,267311.0
2026-09-14 10:27:00,28.75,28.76,28.75,28.75,2200,63264.0
2026-09-14 10:28:00,28.76,28.8,28.76,28.8,21400,615719.0
2026-09-14 10:29:00,28.77,28.81,28.77,28.8,9500,273585.0
2026-09-14 10:30:00,28.81,28.81,28.8,28.8,1200,34564.0
2026-09-14 10:31:00,28.79,28.8,28.78,28.8,2000,57591.0
2026-09-14 10:32:00,28.8,28.82,28.78,28.8,14100,405959.0
2026-09-14 10:33:00,28.81,28.84,28.8,28.81,2400,69161.0
2026-09-14 10:34:00,28.84,28.84,28.82,28.82,400,11530.0
2026-09-14 10:35:00,28.83,28.84,28.82,28.84,2500,72075.0
2026-09-14 10:36:00,28.84,28.85,28.8,28.85,3500,100899.0
2026-09-14 10:37:00,28.82,28.82,28.78,28.82,3000,86376.0
2026-09-14 10:38:00,28.81,28.82,28.8,28.81,900,25927.0
2026-09-14 10:39:00,28.8,28.81,28.78,28.8,3700,106526.0
2026-09-14 10:40:00,28.8,28.8,28.78,28.79,1200,34543.0
2026-09-14 10:41:00,28.78,28.79,28.78,28.79,3700,106487.0
2026-09-14 10:42:00,28.78,28.79,28.76,28.76,3600,103614.0
2026-09-14 10:43:00,28.76,28.76,28.76,28.76,100,2876.0
2026-09-14 10:44:00,28.76,28.78,28.75,28.77,2300,66131.0
2026-09-14 10:45:00,28.77,28.78,28.76,28.76,1700,48910.0
2026-09-14 10:46:00,28.76,28.76,28.74,28.74,11400,327750.0
2026-09-14 10:47:00,28.75,28.75,28.73,28.74,2500,71832.0
2026-09-14 10:48:00,28.74,28.74,28.73,28.74,800,22990.0
2026-09-14 10:49:00,28.74,28.75,28.73,28.73,1300,37372.0
2026-09-14 10:50:00,28.73,28.75,28.73,28.73,1000,28739.0
2026-09-14 10:51:00,28.73,28.76,28.73,28.76,900,25867.0
2026-09-14 10:52:00,28.73,28.75,28.73,28.75,400,11498.0
2026-09-14 10:53:00,28.75,28.75,28.73,28.75,1800,51748.0
2026-09-14 10:54:00,28.74,28.75,28.73,28.75,1000,28747.0
2026-09-14 10:55:00,28.75,28.75,28.75,28.75,500,14375.0
2026-09-14 10:56:00,28.75,28.75,28.75,28.75,700,20125.0
2026-09-14 10:57:00,28.75,28.75,28.75,28.75,600,17250.0
2026-09-14 10:58:00,28.74,28.75,28.74,28.74,900,25869.0
2026-09-14 10:59:00,28.73,28.74,28.73,28.73,2700,77573.0
2026-09-14 11:00:00,28.73,28.73,28.67,28.67,4600,132039.998
2026-09-14 11:01:00,28.71,28.73,28.68,28.73,8300,238293.0
2026-09-14 11:02:00,28.73,28.73,28.71,28.73,700,20108.0
2026-09-14 11:04:00,28.73,28.73,28.72,28.73,1800,51709.0
2026-09-14 11:05:00,28.73,28.73,28.71,28.73,4738,136033.9785
2026-09-14 11:06:00,28.72,28.73,28.71,28.71,700,20108.0
2026-09-14 11:07:00,28.73,28.73,28.71,28.71,600,17232.0
2026-09-14 11:08:00,28.7,28.7,28.7,28.7,2600,74620.0
2026-09-14 11:09:00,28.7,28.73,28.7,28.72,600,17228.0
2026-09-14 11:10:00,28.72,28.73,28.72,28.73,1500,43085.0
2026-09-14 11:11:00,28.72,28.73,28.72,28.73,400,11491.0
2026-09-14 11:12:00,28.73,28.73,28.71,28.72,700,20105.0
2026-09-14 11:13:00,28.7,28.73,28.7,28.73,700,20107.0
2026-09-14 11:14:00,28.7,28.73,28.7,28.73,200,5743.0
2026-09-14 11:15:00,28.71,28.71,28.71,28.71,100,2871.0
2026-09-14 11:16:00,28.71,28.71,28.71,28.71,100,2871.0
2026-09-14 11:18:00,28.7,28.7,28.68,28.68,3300,94666.0
2026-09-14 11:19:00,28.68,28.7,28.68,28.7,1100,31562.0
2026-09-14 11:20:00,28.7,28.71,28.7,28.71,3100,88980.0
2026-09-14 11:21:00,28.71,28.71,28.71,28.71,400,11484.0
2026-09-14 11:22:00,28.73,28.75,28.73,28.75,300,8623.0
2026-09-14 11:23:00,28.73,28.73,28.73,28.73,200,5746.0
2026-09-14 11:24:00,28.72,28.73,28.71,28.73,1000,28713.0
2026-09-14 11:25:00,28.73,28.73,28.73,28.73,100,2873.0
2026-09-14 11:26:00,28.73,28.75,28.73,28.73,1300,37361.0
2026-09-14 11:27:00,28.73,28.73,28.71,28.73,400,11489.0
2026-09-14 11:28:00,28.71,28.71,28.71,28.71,300,8613.0
2026-09-14 11:29:00,28.71,28.73,28.71,28.71,800,22970.0
2026-09-14 13:01:00,28.71,28.73,28.67,28.68,6500,186564.0
2026-09-14 13:02:00,28.68,28.7,28.65,28.65,5800,166271.0
2026-09-14 13:03:00,28.65,28.65,28.62,28.62,600,17187.0
2026-09-14 13:05:00,28.67,28.67,28.67,28.67,100,2867.0
2026-09-14 13:06:00,28.67,28.67,28.65,28.67,400,11466.0
2026-09-14 13:07:00,28.67,28.69,28.67,28.69,300,8605.0
2026-09-14 13:08:00,28.68,28.68,28.68,28.68,100,2868.0
2026-09-14 13:09:00,28.68,28.68,28.65,28.65,800,22928.0
2026-09-14 13:10:00,28.63,28.63,28.62,28.62,900,25765.0
2026-09-14 13:11:00,28.63,28.63,28.62,28.62,1000,28625.0
2026-09-14 13:12:00,28.61,28.63,28.61,28.63,600,17171.0
2026-09-14 13:13:00,28.63,28.63,28.63,28.63,100,2863.0
2026-09-14 13:14:00,28.63,28.63,28.63,28.63,200,5726.0
2026-09-14 13:15:00,28.63,28.63,28.63,28.63,100,2863.0
2026-09-14 13:16:00,28.63,28.65,28.63,28.65,400,11456.0
2026-09-14 13:17:00,28.64,28.64,28.62,28.62,1600,45796.0
2026-09-14 13:18:00,28.63,28.63,28.63,28.63,200,5726.0
2026-09-14 13:19:00,28.63,28.63,28.61,28.61,400,11448.0
2026-09-14 13:20:00,28.61,28.61,28.58,28.58,9100,260263.0
2026-09-14 13:21:00,28.6,28.63,28.6,28.63,600,17163.0
2026-09-14 13:22:00,28.61,28.63,28.61,28.63,300,8587.0
2026-09-14 13:23:00,28.61,28.63,28.6,28.6,4200,120138.0
2026-09-14 13:24:00,28.6,28.6,28.58,28.58,2800,80060.0
2026-09-14 13:26:00,28.59,28.59,28.58,28.58,300,8576.0
2026-09-14 13:27:00,28.58,28.58,28.55,28.58,2700,77124.0
2026-09-14 13:28:00,28.59,28.59,28.59,28.59,200,5718.0
2026-09-14 13:29:00,28.59,28.59,28.59,28.59,500,14295.0
2026-09-14 13:30:00,28.6,28.6,28.6,28.6,300,8580.0
2026-09-14 13:32:00,28.6,28.6,28.6,28.6,400,11440.0
2026-09-14 13:33:00,28.58,28.6,28.58,28.6,300,8578.0
2026-09-14 13:34:00,28.6,28.6,28.6,28.6,1000,28600.0
2026-09-14 13:35:00,28.59,28.59,28.57,28.57,1100,31439.0
2026-09-14 13:36:00,28.58,28.6,28.58,28.6,2900,82928.0
2026-09-14 13:37:00,28.62,28.62,28.62,28.62,700,20034.0
2026-09-14 13:38:00,28.63,28.63,28.63,28.63,300,8589.0
2026-09-14 13:39:00,28.63,28.63,28.63,28.63,400,11452.0
2026-09-14 13:40:00,28.63,28.63,28.63,28.63,1200,34356.0
2026-09-14 13:42:00,28.64,28.64,28.6,28.6,400,11448.0
2026-09-14 13:43:00,28.6,28.63,28.6,28.63,1000,28606.0
2026-09-14 13:44:00,28.64,28.65,28.64,28.65,300,8594.0
2026-09-14 13:45:00,28.64,28.64,28.64,28.64,200,5728.0
2026-09-14 13:46:00,28.6,28.6,28.6,28.6,100,2860.0
2026-09-14 13:47:00,28.6,28.63,28.6,28.63,300,8586.0
2026-09-14 13:48:00,28.6,28.63,28.6,28.63,800,22889.0
2026-09-14 13:50:00,28.63,28.63,28.62,28.62,1400,40081.0
2026-09-14 13:51:00,28.61,28.61,28.59,28.59,4000,114378.0
2026-09-14 13:52:00,28.61,28.61,28.61,28.61,400,11444.0
2026-09-14 13:53:00,28.61,28.62,28.61,28.62,1200,34336.0
2026-09-14 13:54:00,28.63,28.63,28.63,28.63,1500,42945.0
2026-09-14 13:55:00,28.63,28.63,28.63,28.63,1200,34356.0
2026-09-14 13:56:00,28.63,28.63,28.63,28.63,200,5726.0
2026-09-14 13:57:00,28.62,28.62,28.61,28.61,200,5723.0
2026-09-14 13:58:00,28.62,28.62,28.62,28.62,100,2862.0
2026-09-14 13:59:00,28.62,28.62,28.62,28.62,100,2862.0
2026-09-14 14:00:00,28.62,28.63,28.62,28.63,300,8588.0
2026-09-14 14:01:00,28.61,28.62,28.6,28.6,1400,40047.0
2026-09-14 14:02:00,28.6,28.61,28.6,28.6,700,20025.0
2026-09-14 14:03:00,28.6,28.62,28.6,28.6,1000,28604.0
2026-09-14 14:04:00,28.6,28.6,28.6,28.6,400,11440.0
2026-09-14 14:07:00,28.6,28.6,28.6,28.6,600,17160.0
2026-09-14 14:08:00,28.61,28.61,28.61,28.61,100,2861.0
2026-09-14 14:10:00,28.62,28.63,28.6,28.63,900,25755.0
2026-09-14 14:12:00,28.62,28.65,28.62,28.65,4000,114540.0
2026-09-14 14:14:00,28.61,28.64,28.61,28.64,600,17178.0
2026-09-14 14:16:00,28.65,28.65,28.65,28.65,100,2865.0
2026-09-14 14:17:00,28.64,28.64,28.63,28.64,2700,77319.0
2026-09-14 14:18:00,28.62,28.62,28.62,28.62,200,5724.0
2026-09-14 14:19:00,28.62,28.62,28.62,28.62,100,2862.0
2026-09-14 14:20:00,28.62,28.65,28.62,28.65,400,11455.0
2026-09-14 14:21:00,28.64,28.64,28.63,28.64,500,14319.0
2026-09-14 14:22:00,28.64,28.65,28.63,28.63,2100,60149.0
2026-09-14 14:23:00,28.61,28.62,28.61,28.61,1000,28613.0
2026-09-14 14:24:00,28.62,28.63,28.62,28.63,200,5725.0
2026-09-14 14:25:00,28.63,28.63,28.63,28.63,100,2863.0
2026-09-14 14:26:00,28.63,28.63,28.63,28.63,400,11452.0
2026-09-14 14:27:00,28.63,28.63,28.62,28.63,1200,34355.0
2026-09-14 14:28:00,28.62,28.62,28.62,28.62,400,11448.0
2026-09-14 14:29:00,28.63,28.63,28.62,28.63,1900,54386.0
2026-09-14 14:30:00,28.61,28.61,28.6,28.6,3200,91541.0
2026-09-14 14:31:00,28.63,28.63,28.6,28.62,500,14309.0
2026-09-14 14:32:00,28.61,28.61,28.61,28.61,100,2861.0
2026-09-14 14:33:00,28.61,28.61,28.61,28.61,100,2861.0
2026-09-14 14:34:00,28.61,28.61,28.61,28.61,2600,74386.0
2026-09-14 14:35:00,28.62,28.62,28.61,28.61,600,17167.0
2026-09-14 14:36:00,28.6,28.61,28.6,28.6,1900,54342.0
2026-09-14 14:37:00,28.61,28.61,28.58,28.58,5200,148654.0
2026-09-14 14:38:00,28.59,28.59,28.59,28.59,1100,31449.0
2026-09-14 14:39:00,28.59,28.61,28.59,28.61,1900,54331.0
2026-09-14 14:40:00,28.59,28.59,28.59,28.59,200,5718.0
2026-09-14 14:41:00,28.6,28.61,28.6,28.6,2900,82956.0
2026-09-14 14:42:00,28.6,28.6,28.59,28.59,1500,42898.0
2026-09-14 14:43:00,28.59,28.61,28.59,28.61,1100,31455.0
2026-09-14 14:44:00,28.59,28.59,28.58,28.58,3800,108641.0
2026-09-14 14:45:00,28.58,28.59,28.58,28.58,400,11434.0
2026-09-14 14:46:00,28.61,28.61,28.61,28.61,500,14305.0
2026-09-14 14:47:00,28.6,28.61,28.58,28.61,8300,237293.0
2026-09-14 14:48:00,28.61,28.62,28.58,28.61,4400,125869.0
2026-09-14 14:49:00,28.61,28.61,28.58,28.58,1600,45732.0
2026-09-14 14:50:00,28.6,28.6,28.58,28.58,5300,151497.0
2026-09-14 14:51:00,28.57,28.59,28.56,28.58,5500,157139.0
2026-09-14 14:52:00,28.56,28.56,28.54,28.55,5800,165615.0
2026-09-14 14:53:00,28.55,28.56,28.55,28.55,4100,117061.0
2026-09-14 14:54:00,28.55,28.56,28.55,28.56,4400,125648.0
2026-09-14 14:55:00,28.55,28.56,28.55,28.55,3200,91364.0
2026-09-14 14:56:00,28.54,28.56,28.54,28.54,3000,85651.0
2026-09-14 14:57:00,28.54,28.56,28.52,28.54,7500,214095.0
2026-09-14 15:00:00,28.55,28.55,28.55,28.55,7100,202705.0
2026-09-15 09:31:00,28.45,28.88,28.45,28.61,20100,576504.002
2026-09-15 09:32:00,28.58,28.72,28.58,28.67,14600,418181.0
2026-09-15 09:33:00,28.67,28.96,28.61,28.96,66116,1904019.928
2026-09-15 09:34:00,28.88,28.88,28.7,28.7,8500,244801.0
2026-09-15 09:35:00,28.63,28.7,28.62,28.7,4600,131811.0
2026-09-15 09:36:00,28.7,28.86,28.7,28.79,6200,178369.0
2026-09-15 09:37:00,28.82,28.84,28.74,28.81,10300,296439.0
2026-09-15 09:38:00,28.81,28.85,28.75,28.76,4500,129579.0
2026-09-15 09:39:00,28.77,28.77,28.68,28.7,13600,390938.0
2026-09-15 09:40:00,28.7,28.75,28.65,28.75,52340,1503560.0
2026-09-15 09:41:00,28.75,28.79,28.75,28.76,2600,74781.0
2026-09-15 09:42:00,28.8,28.95,28.76,28.95,40600,1171967.0
2026-09-15 09:43:00,28.95,28.96,28.88,28.89,25600,740935.0
2026-09-15 09:44:00,28.89,28.9,28.89,28.89,4100,118460.0
2026-09-15 09:45:00,28.89,28.94,28.86,28.94,9900,286245.0
2026-09-15 09:46:00,28.93,28.95,28.89,28.89,4500,130133.0
2026-09-15 09:47:00,28.87,28.91,28.87,28.9,3100,89539.0
2026-09-15 09:48:00,28.91,28.99,28.9,28.98,25500,738470.0
2026-09-15 09:49:00,28.99,29.02,28.98,28.98,20300,588904.0
2026-09-15 09:50:00,28.98,28.99,28.92,28.92,4500,130332.0
2026-09-15 09:51:00,28.93,28.93,28.89,28.89,5300,153205.0
2026-09-15 09:52:00,28.91,28.91,28.88,28.88,3300,95351.0
2026-09-15 09:53:00,28.89,28.91,28.88,28.89,1400,40444.0
2026-09-15 09:54:00,28.9,28.93,28.89,28.93,4200,121424.0
2026-09-15 09:55:00,28.93,28.93,28.89,28.89,7700,222637.0
2026-09-15 09:56:00,28.89,28.89,28.84,28.85,7800,225153.0
2026-09-15 09:57:00,28.84,28.84,28.78,28.78,6600,190062.0
2026-09-15 09:58:00,28.78,28.8,28.78,28.79,1800,51819.0
2026-09-15 09:59:00,28.79,28.79,28.72,28.76,3900,112165.0
2026-09-15 10:00:00,28.73,28.76,28.72,28.74,7100,204043.0
2026-09-15 10:01:00,28.73,28.74,28.71,28.71,7400,212524.0
2026-09-15 10:02:00,28.72,28.73,28.71,28.73,3500,100523.0
2026-09-15 10:03:00,28.73,28.74,28.72,28.73,5700,163772.0
2026-09-15 10:04:00,28.72,28.72,28.68,28.68,14700,421840.0
2026-09-15 10:05:00,28.68,28.81,28.68,28.77,6100,175340.0
2026-09-15 10:06:00,28.78,28.85,28.78,28.83,4300,123921.0
2026-09-15 10:07:00,28.86,28.89,28.84,28.87,3100,89482.0
2026-09-15 10:08:00,28.87,28.87,28.82,28.82,1900,54812.0
2026-09-15 10:09:00,28.82,28.82,28.8,28.82,5500,158501.0
2026-09-15 10:10:00,28.8,28.8,28.78,28.8,1800,51829.0
2026-09-15 10:11:00,28.8,28.8,28.76,28.76,3600,103614.0
2026-09-15 10:12:00,28.76,28.78,28.76,28.78,1400,40284.0
2026-09-15 10:13:00,28.76,28.78,28.75,28.75,1100,31636.0
2026-09-15 10:14:00,28.75,28.84,28.75,28.83,4100,118126.0
2026-09-15 10:15:00,28.86,28.88,28.86,28.86,2500,72172.0
2026-09-15 10:16:00,28.86,28.86,28.8,28.86,2200,63435.0
2026-09-15 10:17:00,28.86,28.86,28.8,28.82,2300,66304.0
2026-09-15 10:18:00,28.83,28.86,28.82,28.82,1300,37478.0
2026-09-15 10:19:00,28.82,28.86,28.81,28.83,2300,66326.0
2026-09-15 10:20:00,28.83,28.84,28.83,28.84,3100,89386.0
2026-09-15 10:21:00,28.84,28.89,28.83,28.86,4500,129930.0
2026-09-15 10:22:00,28.89,28.93,28.89,28.92,6400,184945.0
2026-09-15 10:23:00,28.89,28.93,28.89,28.93,2000,57819.0
2026-09-15 10:24:00,28.93,28.94,28.9,28.94,1900,54960.0
2026-09-15 10:25:00,28.93,29.06,28.93,29.05,49900,1447248.0
2026-09-15 10:26:00,29.03,29.03,28.94,29.01,3700,107252.0
2026-09-15 10:27:00,29.0,29.01,28.98,28.98,2700,78285.0
2026-09-15 10:28:00,28.98,29.01,28.98,28.98,7900,229079.0
2026-09-15 10:29:00,28.98,28.98,28.94,28.96,2800,81092.0
2026-09-15 10:30:00,28.98,28.98,28.95,28.95,2500,72410.0
2026-09-15 10:31:00,28.97,28.97,28.94,28.94,1300,37644.0
2026-09-15 10:32:00,28.94,28.98,28.93,28.95,4500,130231.0
2026-09-15 10:33:00,28.94,28.95,28.93,28.93,1700,49195.0
2026-09-15 10:34:00,28.93,28.93,28.9,28.9,1300,37596.0
2026-09-15 10:35:00,28.9,28.93,28.9,28.9,1000,28910.0
2026-09-15 10:36:00,28.9,28.93,28.9,28.93,1200,34693.0
2026-09-15 10:37:00,28.92,28.93,28.89,28.89,3100,89623.0
2026-09-15 10:38:00,28.89,28.95,28.89,28.91,11100,320730.0
2026-09-15 10:39:00,28.9,28.9,28.88,28.88,1200,34674.0
2026-09-15 10:40:00,28.88,28.9,28.84,28.84,5600,161590.0
2026-09-15 10:41:00,28.87,28.9,28.84,28.85,2600,75009.0
2026-09-15 10:42:00,28.86,28.9,28.85,28.85,1500,43291.0
2026-09-15 10:43:00,28.86,28.86,28.85,28.85,900,25969.0
2026-09-15 10:44:00,28.85,28.88,28.85,28.85,1100,31748.0
2026-09-15 10:45:00,28.85,28.88,28.85,28.85,1100,31745.0
2026-09-15 10:46:00,28.86,28.86,28.85,28.85,400,11541.0
2026-09-15 10:47:00,28.86,28.86,28.85,28.85,1200,34621.0
2026-09-15 10:48:00,28.85,28.89,28.84,28.84,1000,28853.0
2026-09-15 10:49:00,28.84,28.89,28.83,28.83,3600,103831.0
2026-09-15 10:50:00,28.83,28.84,28.83,28.83,1000,28832.0
2026-09-15 10:51:00,28.83,28.85,28.83,28.84,1400,40374.0
2026-09-15 10:52:00,28.84,28.84,28.84,28.84,1000,28840.0
2026-09-15 10:53:00,28.84,28.9,28.83,28.83,1400,40382.0
2026-09-15 10:54:00,28.83,28.83,28.8,28.8,1200,34575.0
2026-09-15 10:55:00,28.81,28.83,28.8,28.8,1300,37463.0
2026-09-15 10:56:00,28.8,28.8,28.8,28.8,600,17280.0
2026-09-15 10:57:00,28.8,28.83,28.79,28.79,1600,46079.0
2026-09-15 10:58:00,28.83,28.83,28.79,28.79,800,23036.0
2026-09-15 10:59:00,28.83,28.83,28.79,28.79,900,25924.0
2026-09-15 11:00:00,28.79,28.86,28.79,28.86,1500,43217.0
2026-09-15 11:01:00,28.82,28.82,28.82,28.82,1500,43230.0
2026-09-15 11:02:00,28.82,28.82,28.79,28.79,1800,51868.0
2026-09-15 11:03:00,28.79,28.84,28.78,28.78,800,23031.0
2026-09-15 11:04:00,28.84,28.84,28.78,28.78,1300,37442.0
2026-09-15 11:05:00,28.79,28.79,28.78,28.78,300,8635.0
2026-09-15 11:06:00,28.78,28.78,28.77,28.77,800,23023.0
2026-09-15 11:07:00,28.78,28.82,28.77,28.82,1500,43172.0
2026-09-15 11:08:00,28.78,28.81,28.78,28.81,600,17271.0
2026-09-15 11:09:00,28.78,28.85,28.78,28.85,2100,60494.0
2026-09-15 11:10:00,28.85,28.86,28.82,28.86,2800,80789.0
2026-09-15 11:11:00,28.86,28.86,28.82,28.82,800,23067.0
2026-09-15 11:12:00,28.82,28.82,28.79,28.79,2000,57625.0
2026-09-15 11:13:00,28.79,28.79,28.78,28.78,900,25907.0
2026-09-15 11:14:00,28.78,28.79,28.78,28.79,700,20150.0
2026-09-15 11:15:00,28.79,28.79,28.78,28.78,900,25904.0
2026-09-15 11:16:00,28.79,28.82,28.78,28.82,1600,46059.0
2026-09-15 11:17:00,28.79,28.81,28.78,28.81,1500,43177.0
2026-09-15 11:18:00,28.78,28.78,28.77,28.77,700,20145.0
2026-09-15 11:19:00,28.76,28.79,28.76,28.79,1200,34515.0
2026-09-15 11:20:00,28.76,28.76,28.76,28.76,700,20132.0
2026-09-15 11:21:00,28.77,28.77,28.76,28.76,1000,28764.0
2026-09-15 11:22:00,28.76,28.76,28.76,28.76,1100,31636.0
2026-09-15 11:23:00,28.76,28.76,28.75,28.75,1000,28756.0
2026-09-15 11:24:00,28.75,28.77,28.75,28.75,1700,48884.0
2026-09-15 11:25:00,28.75,28.75,28.75,28.75,400,11500.0
2026-09-15 11:26:00,28.75,28.75,28.75,28.75,1000,28750.0
2026-09-15 11:27:00,28.75,28.75,28.75,28.75,700,20125.0
2026-09-15 11:28:00,28.76,28.76,28.75,28.75,600,17251.0
2026-09-15 11:29:00,28.75,28.75,28.75,28.75,800,23000.0
2026-09-15 11:30:00,28.79,28.79,28.77,28.77,2100,60421.0
2026-09-15 13:01:00,28.79,28.86,28.77,28.86,5600,161302.0
2026-09-15 13:02:00,28.86,28.86,28.77,28.77,3500,100800.0
2026-09-15 13:03:00,28.77,28.82,28.77,28.82,500,14405.0
2026-09-15 13:05:00,28.82,28.82,28.79,28.8,600,17281.0
2026-09-15 13:06:00,28.8,28.83,28.8,28.8,1300,37446.0
2026-09-15 13:07:00,28.8,28.84,28.79,28.8,1700,48961.0
2026-09-15 13:08:00,28.8,28.84,28.8,28.84,500,14408.0
2026-09-15 13:09:00,28.79,28.83,28.79,28.79,1200,34556.0
2026-09-15 13:10:00,28.79,28.79,28.77,28.78,3700,106490.0
2026-09-15 13:11:00,28.77,28.78,28.73,28.73,26100,750561.0
2026-09-15 13:12:00,28.74,28.74,28.74,28.74,3500,100590.0
2026-09-15 13:13:00,28.78,28.78,28.78,28.78,600,17268.0
2026-09-15 13:14:00,28.78,28.79,28.75,28.78,1700,48918.0
2026-09-15 13:15:00,28.78,28.81,28.78,28.79,1600,46063.0
2026-09-15 13:16:00,28.81,28.81,28.74,28.76,4500,129405.0
2026-09-15 13:17:00,28.8,28.8,28.75,28.76,1100,31639.0
2026-09-15 13:19:00,28.76,28.76,28.76,28.76,100,2876.0
2026-09-15 13:20:00,28.79,28.8,28.79,28.8,200,5759.0
2026-09-15 13:21:00,28.8,28.82,28.78,28.79,1700,48957.0
2026-09-15 13:22:00,28.78,28.8,28.76,28.8,3400,97872.0
2026-09-15 13:23:00,28.79,28.79,28.79,28.79,200,5758.0
2026-09-15 13:24:00,28.79,28.8,28.79,28.8,1400,40308.0
2026-09-15 13:25:00,28.79,28.8,28.79,28.79,900,25916.0
2026-09-15 13:26:00,28.79,28.79,28.79,28.79,600,17274.0
2026-09-15 13:27:00,28.79,28.8,28.77,28.8,500,14394.0
2026-09-15 13:28:00,28.78,28.79,28.77,28.77,1500,43162.0
2026-09-15 13:29:00,28.77,28.78,28.77,28.78,700,20141.0
2026-09-15 13:30:00,28.77,28.8,28.77,28.8,900,25900.0
2026-09-15 13:31:00,28.8,28.8,28.8,28.8,200,5760.0
2026-09-15 13:33:00,28.77,28.77,28.77,28.77,600,17262.0
2026-09-15 13:34:00,28.79,28.8,28.76,28.79,1300,37425.0
2026-09-15 13:35:00,28.79,28.79,28.79,28.79,200,5758.0
2026-09-15 13:36:00,28.8,28.8,28.77,28.77,700,20152.0
2026-09-15 13:37:00,28.8,28.8,28.8,28.8,200,5760.0
2026-09-15 13:38:00,28.77,28.8,28.77,28.77,400,11511.0
2026-09-15 13:39:00,28.77,28.8,28.77,28.77,400,11511.0
2026-09-15 13:40:00,28.8,28.8,28.8,28.8,100,2880.0
2026-09-15 13:41:00,28.77,28.79,28.77,28.79,1100,31649.0
2026-09-15 13:42:00,28.77,28.79,28.77,28.77,4700,135234.0
2026-09-15 13:43:00,28.78,28.78,28.78,28.78,200,5756.0
2026-09-15 13:44:00,28.77,28.78,28.77,28.78,200,5755.0
2026-09-15 13:45:00,28.77,28.78,28.76,28.78,1400,40282.0
2026-09-15 13:46:00,28.76,28.78,28.76,28.78,500,14386.0
2026-09-15 13:47:00,28.76,28.76,28.76,28.76,800,23008.0
2026-09-15 13:49:00,28.77,28.77,28.77,28.77,200,5754.0
2026-09-15 13:50:00,28.78,28.78,28.77,28.77,200,5755.0
2026-09-15 13:51:00,28.78,28.8,28.77,28.77,6800,195710.0
2026-09-15 13:52:00,28.76,28.76,28.76,28.76,300,8628.0
2026-09-15 13:53:00,28.76,28.76,28.76,28.76,300,8628.0
2026-09-15 13:54:00,28.76,28.8,28.76,28.76,2300,66163.0
2026-09-15 13:55:00,28.77,28.77,28.77,28.77,400,11508.0
2026-09-15 13:56:00,28.8,28.8,28.77,28.77,1200,34554.0
2026-09-15 13:58:00,28.76,28.76,28.76,28.76,1400,40264.0
2026-09-15 13:59:00,28.79,28.79,28.76,28.76,700,20144.0
2026-09-15 14:00:00,28.76,28.76,28.73,28.73,12900,370875.0
2026-09-15 14:01:00,28.74,28.74,28.73,28.73,4200,120687.0
2026-09-15 14:02:00,28.73,28.73,28.73,28.73,2000,57460.0
2026-09-15 14:03:00,28.73,28.73,28.73,28.73,1600,45968.0
2026-09-15 14:04:00,28.76,28.77,28.73,28.77,3800,109254.0
2026-09-15 14:05:00,28.77,28.8,28.75,28.8,4000,115148.0
2026-09-15 14:06:00,28.8,28.8,28.8,28.8,2700,77760.0
2026-09-15 14:07:00,28.8,28.8,28.79,28.79,1300,37432.0
2026-09-15 14:08:00,28.79,28.79,28.75,28.75,2100,60393.0
2026-09-15 14:09:00,28.76,28.76,28.75,28.75,2100,60376.0
2026-09-15 14:10:00,28.75,28.79,28.75,28.79,3400,97754.0
2026-09-15 14:11:00,28.79,28.79,28.79,28.79,1000,28790.0
2026-09-15 14:12:00,28.77,28.77,28.77,28.77,200,5754.0
2026-09-15 14:13:00,28.79,28.81,28.79,28.8,3400,97922.0
2026-09-15 14:14:00,28.8,28.8,28.79,28.79,1600,46075.0
2026-09-15 14:15:00,28.79,28.79,28.79,28.79,2300,66217.0
2026-09-15 14:16:00,28.82,28.83,28.81,28.81,1700,48994.0
2026-09-15 14:17:00,28.81,28.81,28.79,28.79,2600,74883.0
2026-09-15 14:18:00,28.81,28.81,28.81,28.81,600,17286.0
2026-09-15 14:19:00,28.81,28.81,28.8,28.8,200,5761.0
2026-09-15 14:20:00,28.81,28.81,28.8,28.8,300,8642.0
2026-09-15 14:21:00,28.81,28.81,28.81,28.81,100,2881.0
2026-09-15 14:22:00,28.81,28.81,28.8,28.81,1300,37442.0
2026-09-15 14:23:00,28.8,28.81,28.8,28.81,1100,31683.0
2026-09-15 14:24:00,28.81,28.81,28.8,28.8,1800,51850.0
2026-09-15 14:25:00,28.81,28.81,28.8,28.81,4500,129610.0
2026-09-15 14:26:00,28.8,28.81,28.8,28.81,300,8642.0
2026-09-15 14:27:00,28.81,28.81,28.79,28.79,3200,92164.0
2026-09-15 14:28:00,28.79,28.79,28.78,28.78,8300,238949.0
2026-09-15 14:29:00,28.78,28.78,28.78,28.78,900,25902.0
2026-09-15 14:30:00,28.78,28.78,28.76,28.76,6600,189922.0
2026-09-15 14:31:00,28.76,28.76,28.75,28.75,2000,57515.0
2026-09-15 14:32:00,28.74,28.74,28.73,28.73,2800,80451.0
2026-09-15 14:33:00,28.73,28.73,28.72,28.72,2700,77568.0
2026-09-15 14:34:00,28.72,28.72,28.71,28.71,2800,80411.0
2026-09-15 14:35:00,28.71,28.71,28.7,28.71,4200,120573.0
2026-09-15 14:36:00,28.71,28.72,28.71,28.72,1400,40199.0
2026-09-15 14:37:00,28.73,28.73,28.72,28.72,800,22979.0
2026-09-15 14:38:00,28.72,28.73,28.72,28.73,2900,83291.0
2026-09-15 14:39:00,28.72,28.75,28.72,28.75,2000,57459.0
2026-09-15 14:40:00,28.75,28.76,28.73,28.73,2000,57491.0
2026-09-15 14:41:00,28.76,28.78,28.73,28.78,1400,40245.0
2026-09-15 14:42:00,28.77,28.77,28.74,28.75,2500,71892.0
2026-09-15 14:43:00,28.75,28.77,28.73,28.74,7300,209943.0
2026-09-15 14:44:00,28.74,28.78,28.74,28.74,4200,120745.0
2026-09-15 14:45:00,28.74,28.75,28.73,28.73,11700,336230.9999
2026-09-15 14:46:00,28.73,28.78,28.73,28.73,5000,143742.0
2026-09-15 14:47:00,28.78,28.78,28.74,28.74,1200,34512.0
2026-09-15 14:48:00,28.78,28.78,28.74,28.77,1800,51762.0
2026-09-15 14:49:00,28.74,28.77,28.74,28.77,2700,77649.0
2026-09-15 14:50:00,28.76,28.77,28.73,28.75,34800,999929.0
2026-09-15 14:51:00,28.74,28.75,28.74,28.75,7800,224184.0
2026-09-15 14:52:00,28.74,28.75,28.73,28.73,73800,2120514.0
2026-09-15 14:53:00,28.73,28.74,28.6,28.64,101300,2909129.0
2026-09-15 14:54:00,28.64,28.69,28.62,28.69,7200,206266.0
2026-09-15 14:55:00,28.68,28.68,28.65,28.67,5700,163396.0
2026-09-15 14:56:00,28.66,28.67,28.65,28.66,4600,131842.0
2026-09-15 14:57:00,28.65,28.68,28.65,28.66,8000,229228.0
2026-09-15 15:00:00,28.7,28.7,28.7,28.7,10600,304220.0
2026-09-16 09:31:00,28.7,28.73,28.5,28.54,20200,577976.0
2026-09-16 09:32:00,28.6,28.61,28.54,28.58,4000,114354.0
2026-09-16 09:33:00,28.53,28.57,28.45,28.45,26300,749348.0
2026-09-16 09:34:00,28.44,28.44,28.34,28.35,23000,653011.0
2026-09-16 09:35:00,28.39,28.39,28.35,28.35,2700,76557.0
2026-09-16 09:36:00,28.36,28.45,28.36,28.45,11200,318258.0
2026-09-16 09:37:00,28.44,28.53,28.44,28.45,4600,131111.0002
2026-09-16 09:38:00,28.45,28.49,28.36,28.47,9900,281330.0
2026-09-16 09:39:00,28.46,28.51,28.33,28.51,23700,673679.0
2026-09-16 09:40:00,28.5,28.51,28.5,28.51,600,17105.0
2026-09-16 09:41:00,28.52,28.64,28.49,28.61,15800,451083.0
2026-09-16 09:42:00,28.61,28.61,28.54,28.56,1600,45690.0
2026-09-16 09:43:00,28.59,28.6,28.56,28.6,2400,68593.0
2026-09-16 09:44:00,28.6,28.66,28.58,28.66,5000,143017.0
2026-09-16 09:45:00,28.62,28.62,28.57,28.57,2100,60070.0
2026-09-16 09:46:00,28.56,28.6,28.55,28.58,5100,145732.0
2026-09-16 09:47:00,28.59,28.74,28.59,28.73,8300,238100.0
2026-09-16 09:48:00,28.72,28.75,28.72,28.74,3000,86190.0
2026-09-16 09:49:00,28.72,28.72,28.69,28.72,1300,37327.0
2026-09-16 09:50:00,28.72,28.72,28.69,28.69,2300,66008.0
2026-09-16 09:51:00,28.7,28.7,28.62,28.62,3900,111714.0
2026-09-16 09:52:00,28.62,28.7,28.58,28.69,9300,266219.0
2026-09-16 09:53:00,28.69,28.69,28.61,28.69,7200,206296.0
2026-09-16 09:54:00,28.65,28.65,28.62,28.62,7000,200369.0
2026-09-16 09:55:00,28.6,28.6,28.57,28.57,500,14293.0
2026-09-16 09:56:00,28.58,28.59,28.56,28.59,2100,60017.0
2026-09-16 09:57:00,28.6,28.63,28.56,28.56,1400,39995.0
2026-09-16 09:58:00,28.56,28.56,28.53,28.55,5800,165556.0
2026-09-16 09:59:00,28.55,28.55,28.55,28.55,500,14275.0
2026-09-16 10:00:00,28.55,28.55,28.5,28.5,4500,128335.0
2026-09-16 10:01:00,28.5,28.5,28.5,28.5,600,17100.0
2026-09-16 10:02:00,28.51,28.62,28.51,28.62,20300,578873.0
2026-09-16 10:03:00,28.61,28.61,28.61,28.61,100,2861.0
2026-09-16 10:04:00,28.6,28.62,28.57,28.62,9083,259716.97
2026-09-16 10:05:00,28.66,28.67,28.66,28.66,800,22932.0
2026-09-16 10:06:00,28.62,28.62,28.56,28.56,1900,54311.0
2026-09-16 10:07:00,28.62,28.62,28.56,28.56,2400,68619.0
2026-09-16 10:08:00,28.59,28.59,28.57,28.59,1900,54291.0
2026-09-16 10:09:00,28.58,28.58,28.49,28.49,5000,142614.0
2026-09-16 10:10:00,28.54,28.58,28.51,28.58,1400,39956.0
2026-09-16 10:11:00,28.52,28.58,28.52,28.57,500,14271.0
2026-09-16 10:12:00,28.58,28.58,28.55,28.55,700,19998.0
2026-09-16 10:13:00,28.57,28.58,28.55,28.55,600,17138.0
2026-09-16 10:14:00,28.57,28.67,28.57,28.61,23900,683192.0
2026-09-16 10:15:00,28.61,28.66,28.61,28.61,1700,48657.0
2026-09-16 10:16:00,28.66,28.67,28.61,28.61,800,22919.0
2026-09-16 10:17:00,28.61,28.61,28.6,28.6,5000,143014.0
2026-09-16 10:18:00,28.57,28.57,28.57,28.57,400,11428.0
2026-09-16 10:19:00,28.58,28.58,28.58,28.58,300,8574.0
2026-09-16 10:20:00,28.62,28.63,28.59,28.59,4000,114476.0
2026-09-16 10:21:00,28.59,28.59,28.57,28.57,1600,45717.0
2026-09-16 10:22:00,28.56,28.62,28.56,28.62,300,8579.0
2026-09-16 10:23:00,28.56,28.56,28.56,28.56,100,2856.0
2026-09-16 10:24:00,28.56,28.56,28.55,28.55,900,25702.0
2026-09-16 10:25:00,28.56,28.56,28.56,28.56,100,2856.0
2026-09-16 10:26:00,28.56,28.6,28.56,28.6,900,25722.0
2026-09-16 10:27:00,28.6,28.6,28.56,28.56,600,17156.0
2026-09-16 10:28:00,28.57,28.57,28.56,28.57,1600,45711.0
2026-09-16 10:29:00,28.56,28.57,28.56,28.57,1000,28569.0
2026-09-16 10:30:00,28.56,28.56,28.56,28.56,100,2856.0
2026-09-16 10:31:00,28.57,28.57,28.57,28.57,100,2857.0
2026-09-16 10:32:00,28.56,28.63,28.56,28.63,1300,37190.0
2026-09-16 10:33:00,28.63,28.65,28.61,28.61,600,17184.0
2026-09-16 10:34:00,28.63,28.65,28.63,28.63,600,17181.0
2026-09-16 10:35:00,28.65,28.69,28.65,28.69,2200,63050.0
2026-09-16 10:36:00,28.69,28.69,28.65,28.69,1100,31553.0
2026-09-16 10:37:00,28.69,28.69,28.66,28.67,1500,43015.0
2026-09-16 10:38:00,28.68,28.68,28.67,28.67,300,8602.0
2026-09-16 10:39:00,28.68,28.68,28.68,28.68,300,8604.0
2026-09-16 10:40:00,28.68,28.68,28.68,28.68,1500,43020.0
2026-09-16 10:41:00,28.68,28.68,28.64,28.64,6800,194888.0
2026-09-16 10:43:00,28.64,28.64,28.62,28.62,4200,120224.0
2026-09-16 10:44:00,28.66,28.66,28.62,28.62,500,14322.0
2026-09-16 10:45:00,28.66,28.66,28.66,28.66,100,2866.0
2026-09-16 10:46:00,28.67,28.67,28.61,28.61,300,8595.0
2026-09-16 10:47:00,28.61,28.61,28.61,28.61,100,2861.0
2026-09-16 10:48:00,28.61,28.64,28.57,28.64,400,11443.0
2026-09-16 10:49:00,28.65,28.65,28.64,28.64,300,8594.0
2026-09-16 10:50:00,28.65,28.65,28.62,28.62,600,17187.0
2026-09-16 10:51:00,28.63,28.65,28.63,28.65,600,17188.0
2026-09-16 10:52:00,28.65,28.7,28.65,28.7,4500,129009.0
2026-09-16 10:53:00,28.69,28.69,28.67,28.67,1000,28680.0
2026-09-16 10:54:00,28.68,28.68,28.67,28.68,400,11471.0
2026-09-16 10:55:00,28.67,28.67,28.67,28.67,500,14335.0
2026-09-16 10:56:00,28.68,28.69,28.68,28.69,600,17209.0
2026-09-16 10:57:00,28.7,28.7,28.69,28.69,800,22959.0
2026-09-16 10:58:00,28.69,28.69,28.68,28.68,1100,31555.0
2026-09-16 10:59:00,28.68,28.68,28.67,28.67,2500,71698.0
2026-09-16 11:01:00,28.65,28.7,28.62,28.7,57216,1638718.0625
2026-09-16 11:02:00,28.71,28.76,28.71,28.75,44800,1287883.0
2026-09-16 11:03:00,28.7,28.74,28.7,28.74,1500,43094.0
2026-09-16 11:04:00,28.74,28.75,28.74,28.75,2800,80478.0
2026-09-16 11:05:00,28.75,28.75,28.74,28.74,3700,106356.0
2026-09-16 11:06:00,28.74,28.74,28.73,28.73,2200,63219.0
2026-09-16 11:07:00,28.74,28.74,28.7,28.7,700,20095.0
2026-09-16 11:08:00,28.7,28.73,28.69,28.69,2200,63149.0
2026-09-16 11:10:00,28.69,28.69,28.69,28.69,200,5738.0
2026-09-16 11:11:00,28.73,28.73,28.69,28.73,700,20099.0
2026-09-16 11:12:00,28.73,28.74,28.73,28.73,2300,66083.0
2026-09-16 11:13:00,28.72,28.72,28.72,28.72,100,2872.0
2026-09-16 11:14:00,28.73,28.73,28.72,28.72,1100,31600.0
2026-09-16 11:15:00,28.73,28.74,28.7,28.7,3200,91924.0
2026-09-16 11:16:00,28.73,28.73,28.67,28.68,24100,691653.0
2026-09-16 11:17:00,28.69,28.7,28.58,28.62,10500,300894.0
2026-09-16 11:18:00,28.65,28.65,28.63,28.65,400,11456.0
2026-09-16 11:19:00,28.63,28.65,28.63,28.65,1100,31511.0
2026-09-16 11:20:00,28.68,28.7,28.68,28.7,500,14346.0
2026-09-16 11:21:00,28.7,28.71,28.66,28.66,6300,180771.0
2026-09-16 11:22:00,28.68,28.68,28.65,28.68,3600,103220.0
2026-09-16 11:23:00,28.68,28.72,28.68,28.72,300,8609.0
2026-09-16 11:24:00,28.72,28.73,28.68,28.73,3800,109119.0
2026-09-16 11:25:00,28.73,28.73,28.73,28.73,100,2873.0
2026-09-16 11:26:00,28.73,28.73,28.72,28.73,3600,103412.0
2026-09-16 11:27:00,28.72,28.74,28.69,28.74,2100,60317.0
2026-09-16 11:28:00,28.74,28.74,28.68,28.68,2000,57399.0
2026-09-16 11:29:00,28.71,28.71,28.71,28.71,300,8613.0
2026-09-16 11:30:00,28.73,28.73,28.69,28.69,3100,89041.0
2026-09-16 13:01:00,28.72,28.72,28.54,28.55,36300,1038940.0
2026-09-16 13:02:00,28.56,28.6,28.56,28.6,800,22856.0
2026-09-16 13:03:00,28.6,28.65,28.57,28.61,2400,68643.0
2026-09-16 13:04:00,28.65,28.65,28.6,28.61,3900,111576.0
2026-09-16 13:05:00,28.61,28.65,28.6,28.65,2000,57223.0
2026-09-16 13:06:00,28.65,28.65,28.65,28.65,100,2865.0
2026-09-16 13:07:00,28.62,28.62,28.62,28.62,600,17172.0
2026-09-16 13:08:00,28.62,28.63,28.62,28.63,800,22900.0
2026-09-16 13:09:00,28.64,28.64,28.63,28.63,1000,28639.0
2026-09-16 13:10:00,28.65,28.66,28.65,28.66,400,11461.0
2026-09-16 13:11:00,28.67,28.71,28.64,28.64,2500,71712.0
2026-09-16 13:12:00,28.67,28.67,28.65,28.65,3900,111790.0
2026-09-16 13:13:00,28.66,28.67,28.66,28.66,1400,40135.0
2026-09-16 13:14:00,28.66,28.66,28.66,28.66,100,2866.0
2026-09-16 13:15:00,28.66,28.66,28.64,28.64,4200,120316.0
2026-09-16 13:16:00,28.64,28.64,28.63,28.63,4200,120257.0
2026-09-16 13:17:00,28.65,28.65,28.62,28.62,1000,28635.0
2026-09-16 13:18:00,28.63,28.63,28.63,28.63,200,5726.0
2026-09-16 13:19:00,28.65,28.65,28.63,28.63,2000,57292.0
2026-09-16 13:20:00,28.66,28.67,28.66,28.67,700,20064.0
2026-09-16 13:21:00,28.67,28.69,28.67,28.69,700,20071.0
2026-09-16 13:22:00,28.67,28.68,28.66,28.66,1600,45874.0
2026-09-16 13:23:00,28.69,28.69,28.64,28.69,3200,91766.0
2026-09-16 13:24:00,28.69,28.69,28.69,28.69,100,2869.0
2026-09-16 13:25:00,28.69,28.69,28.69,28.69,600,17214.0
2026-09-16 13:26:00,28.68,28.69,28.64,28.69,3100,88906.0
2026-09-16 13:27:00,28.69,28.69,28.63,28.67,5500,157730.0
2026-09-16 13:28:00,28.67,28.67,28.67,28.67,200,5734.0
2026-09-16 13:29:00,28.66,28.66,28.64,28.64,2300,65894.0
2026-09-16 13:30:00,28.63,28.66,28.63,28.66,400,11461.0
2026-09-16 13:31:00,28.66,28.66,28.66,28.66,400,11464.0
2026-09-16 13:32:00,28.66,28.66,28.64,28.64,1100,31510.0
2026-09-16 13:33:00,28.66,28.67,28.66,28.67,500,14334.0
2026-09-16 13:34:00,28.66,28.67,28.64,28.64,6500,186338.0
2026-09-16 13:35:00,28.65,28.68,28.65,28.68,300,8601.0
2026-09-16 13:36:00,28.65,28.68,28.64,28.64,2900,83094.0
2026-09-16 13:37:00,28.64,28.68,28.64,28.68,2000,57340.0
2026-09-16 13:38:00,28.69,28.69,28.68,28.68,2000,57365.0
2026-09-16 13:39:00,28.68,28.68,28.66,28.66,1400,40144.0
2026-09-16 13:40:00,28.66,28.7,28.66,28.67,3800,109012.0
2026-09-16 13:41:00,28.7,28.7,28.67,28.67,300,8604.0
2026-09-16 13:42:00,28.67,28.67,28.67,28.67,200,5734.0
2026-09-16 13:43:00,28.69,28.73,28.69,28.73,2500,71763.0
2026-09-16 13:44:00,28.73,28.74,28.7,28.7,4400,126377.0
2026-09-16 13:45:00,28.7,28.73,28.7,28.73,400,11483.0
2026-09-16 13:46:00,28.72,28.72,28.66,28.66,3700,106162.0
2026-09-16 13:47:00,28.7,28.7,28.69,28.7,900,25829.0
2026-09-16 13:48:00,28.71,28.71,28.71,28.71,100,2871.0
2026-09-16 13:49:00,28.71,28.71,28.71,28.71,900,25839.0
2026-09-16 13:50:00,28.71,28.73,28.66,28.66,4100,117675.0
2026-09-16 13:51:00,28.71,28.71,28.71,28.71,100,2871.0
2026-09-16 13:52:00,28.71,28.71,28.71,28.71,300,8613.0
2026-09-16 13:53:00,28.7,28.7,28.68,28.68,2900,83217.0
2026-09-16 13:54:00,28.68,28.68,28.67,28.67,1200,34414.0
2026-09-16 13:55:00,28.68,28.69,28.68,28.69,300,8606.0
2026-09-16 13:56:00,28.7,28.7,28.7,28.7,500,14350.0
2026-09-16 13:57:00,28.67,28.7,28.67,28.7,1000,28688.0
2026-09-16 13:58:00,28.7,28.7,28.68,28.68,8100,232426.0
2026-09-16 13:59:00,28.7,28.7,28.69,28.7,800,22959.0
2026-09-16 14:00:00,28.68,28.68,28.68,28.68,1000,28680.0
2026-09-16 14:02:00,28.69,28.69,28.66,28.66,10400,298278.0
2026-09-16 14:03:00,28.66,28.66,28.66,28.66,400,11464.0
2026-09-16 14:04:00,28.66,28.67,28.64,28.67,5900,169063.0
2026-09-16 14:05:00,28.65,28.65,28.63,28.63,2300,65883.0
2026-09-16 14:06:00,28.63,28.63,28.6,28.6,5200,148771.0
2026-09-16 14:07:00,28.6,28.63,28.6,28.63,1300,37192.0
2026-09-16 14:08:00,28.63,28.63,28.63,28.63,100,2863.0
2026-09-16 14:09:00,28.63,28.63,28.58,28.59,1900,54355.0
2026-09-16 14:10:00,28.63,28.63,28.6,28.6,1100,31478.0
2026-09-16 14:12:00,28.62,28.62,28.62,28.62,100,2862.0
2026-09-16 14:13:00,28.62,28.63,28.62,28.62,6300,180326.0
2026-09-16 14:14:00,28.62,28.62,28.62,28.62,300,8586.0
2026-09-16 14:15:00,28.62,28.62,28.62,28.62,1400,40068.0
2026-09-16 14:16:00,28.62,28.62,28.59,28.62,3900,111553.0
2026-09-16 14:17:00,28.62,28.62,28.58,28.58,2700,77192.0
2026-09-16 14:18:00,28.58,28.58,28.58,28.58,400,11432.0
2026-09-16 14:19:00,28.57,28.57,28.53,28.56,6300,179932.0
2026-09-16 14:20:00,28.53,28.55,28.53,28.55,2300,65635.0
2026-09-16 14:21:00,28.56,28.59,28.56,28.59,7800,222965.0
2026-09-16 14:22:00,28.57,28.64,28.56,28.58,36800,1052119.0
2026-09-16 14:23:00,28.63,28.63,28.57,28.57,12200,348699.0
2026-09-16 14:24:00,28.57,28.57,28.56,28.56,2000,57124.0
2026-09-16 14:25:00,28.56,28.61,28.56,28.6,1000,28589.0
2026-09-16 14:26:00,28.6,28.6,28.56,28.56,300,8572.0
2026-09-16 14:27:00,28.57,28.62,28.56,28.56,10100,288485.0
2026-09-16 14:28:00,28.56,28.57,28.56,28.57,5800,165686.0
2026-09-16 14:29:00,28.57,28.57,28.53,28.53,12900,368278.0
2026-09-16 14:30:00,28.53,28.53,28.52,28.52,3600,102686.0
2026-09-16 14:31:00,28.53,28.53,28.52,28.52,2700,77015.0
2026-09-16 14:32:00,28.53,28.53,28.51,28.53,1600,45636.0
2026-09-16 14:33:00,28.53,28.55,28.51,28.55,4600,131245.0
2026-09-16 14:34:00,28.51,28.55,28.5,28.5,10600,302314.0
2026-09-16 14:35:00,28.55,28.55,28.55,28.55,2200,62810.0
2026-09-16 14:36:00,28.54,28.55,28.54,28.55,1300,37109.0
2026-09-16 14:37:00,28.55,28.55,28.54,28.54,2000,57094.0
2026-09-16 14:38:00,28.54,28.55,28.52,28.52,15000,427949.0
2026-09-16 14:39:00,28.52,28.55,28.5,28.55,21200,604387.0
2026-09-16 14:41:00,28.52,28.52,28.52,28.52,500,14260.0
2026-09-16 14:42:00,28.52,28.55,28.51,28.55,1100,31373.0
2026-09-16 14:43:00,28.53,28.53,28.48,28.48,11400,324898.0
2026-09-16 14:44:00,28.5,28.5,28.48,28.49,5300,150995.0
2026-09-16 14:45:00,28.49,28.49,28.44,28.46,43600,1240666.0
2026-09-16 14:46:00,28.46,28.48,28.42,28.48,8000,227538.0
2026-09-16 14:47:00,28.45,28.49,28.45,28.46,6100,173656.0
2026-09-16 14:48:00,28.49,28.54,28.49,28.51,4600,131091.0
2026-09-16 14:49:00,28.51,28.54,28.51,28.53,1500,42792.0
2026-09-16 14:50:00,28.53,28.55,28.52,28.55,1300,37091.0
2026-09-16 14:51:00,28.53,28.58,28.53,28.58,3300,94212.0
2026-09-16 14:52:00,28.55,28.58,28.55,28.58,300,8569.0
2026-09-16 14:53:00,28.55,28.58,28.53,28.58,5100,145727.0
2026-09-16 14:54:00,28.57,28.62,28.55,28.62,11800,337279.0
2026-09-16 14:55:00,28.55,28.61,28.55,28.55,6100,174298.0
2026-09-16 14:56:00,28.56,28.62,28.55,28.62,11700,334732.0
2026-09-16 14:57:00,28.62,28.62,28.56,28.61,10500,300448.0
2026-09-16 15:00:00,28.6,28.6,28.6,28.6,4700,134420.0
2026-09-17 09:31:00,28.51,28.51,28.36,28.41,16100,457787.0
2026-09-17 09:32:00,28.49,28.7,28.46,28.58,12800,365171.0
2026-09-17 09:33:00,28.69,28.69,28.57,28.65,9200,263304.0
2026-09-17 09:34:00,28.65,28.69,28.58,28.69,3100,88881.0
2026-09-17 09:35:00,28.59,28.68,28.59,28.59,4100,117262.0
2026-09-17 09:36:00,28.59,28.68,28.56,28.67,14460,413905.8003
2026-09-17 09:37:00,28.64,28.64,28.6,28.64,1300,37228.0
2026-09-17 09:38:00,28.61,28.66,28.61,28.64,2500,71599.0
2026-09-17 09:39:00,28.66,28.67,28.59,28.59,4400,125854.0
2026-09-17 09:40:00,28.61,28.62,28.6,28.62,3100,88692.0
2026-09-17 09:41:00,28.62,28.62,28.59,28.6,700,20023.0
2026-09-17 09:42:00,28.59,28.59,28.54,28.56,6100,174166.0
2026-09-17 09:43:00,28.54,28.58,28.54,28.54,2600,74220.0
2026-09-17 09:44:00,28.55,28.59,28.55,28.55,1100,31409.0
2026-09-17 09:45:00,28.58,28.59,28.57,28.59,3300,94316.0
2026-09-17 09:46:00,28.62,28.67,28.6,28.62,8200,234892.0
2026-09-17 09:47:00,28.63,28.72,28.63,28.72,15900,455962.0
2026-09-17 09:48:00,28.72,28.72,28.7,28.72,4700,134928.0
2026-09-17 09:49:00,28.72,28.72,28.7,28.7,2000,57414.0
2026-09-17 09:50:00,28.71,28.71,28.7,28.71,4200,120574.0
2026-09-17 09:51:00,28.7,28.71,28.7,28.7,2400,68885.0
2026-09-17 09:52:00,28.67,28.67,28.66,28.66,2100,60203.0
2026-09-17 09:53:00,28.64,28.64,28.64,28.64,200,5728.0
2026-09-17 09:54:00,28.64,28.64,28.64,28.64,1700,48688.0
2026-09-17 09:55:00,28.66,28.7,28.66,28.7,3500,100327.0
2026-09-17 09:56:00,28.69,28.7,28.69,28.69,400,11477.0
2026-09-17 09:57:00,28.69,28.69,28.66,28.69,5900,169202.0
2026-09-17 09:58:00,28.7,28.7,28.7,28.7,100,2870.0
2026-09-17 09:59:00,28.7,28.7,28.67,28.67,900,25809.0
2026-09-17 10:00:00,28.67,28.67,28.65,28.65,4500,128965.0
2026-09-17 10:01:00,28.65,28.65,28.55,28.55,5800,165847.0
2026-09-17 10:02:00,28.55,28.55,28.54,28.54,1200,34255.0
2026-09-17 10:03:00,28.55,28.55,28.55,28.55,700,19985.0
2026-09-17 10:04:00,28.56,28.58,28.54,28.54,1800,51391.0
2026-09-17 10:05:00,28.54,28.55,28.54,28.55,500,14273.0
2026-09-17 10:06:00,28.59,28.59,28.54,28.54,1200,34287.0
2026-09-17 10:07:00,28.58,28.58,28.58,28.58,200,5716.0
2026-09-17 10:08:00,28.55,28.55,28.53,28.53,6600,188379.0
2026-09-17 10:09:00,28.53,28.53,28.52,28.52,1100,31382.0
2026-09-17 10:10:00,28.52,28.54,28.52,28.52,2900,82740.0
2026-09-17 10:11:00,28.54,28.54,28.54,28.54,600,17124.0
2026-09-17 10:12:00,28.54,28.54,28.52,28.52,1400,39954.0
2026-09-17 10:13:00,28.52,28.53,28.51,28.51,4800,136888.0
2026-09-17 10:14:00,28.51,28.58,28.5,28.5,13300,379215.0
2026-09-17 10:15:00,28.58,28.58,28.53,28.53,400,11423.0
2026-09-17 10:16:00,28.57,28.57,28.53,28.55,300,8565.0
2026-09-17 10:17:00,28.55,28.6,28.54,28.6,16100,459656.0
2026-09-17 10:18:00,28.56,28.6,28.56,28.6,3100,88656.0
2026-09-17 10:19:00,28.62,28.65,28.62,28.63,1200,34361.0
2026-09-17 10:20:00,28.63,28.65,28.63,28.65,4300,123182.0
2026-09-17 10:21:00,28.64,28.65,28.64,28.65,1300,37242.0
2026-09-17 10:22:00,28.64,28.64,28.64,28.64,900,25776.0
2026-09-17 10:23:00,28.62,28.64,28.62,28.64,3200,91586.0
2026-09-17 10:24:00,28.64,28.64,28.6,28.6,2800,80140.0
2026-09-17 10:25:00,28.6,28.64,28.6,28.61,400,11449.0
2026-09-17 10:26:00,28.61,28.61,28.61,28.61,100,2861.0
2026-09-17 10:27:00,28.61,28.61,28.61,28.61,100,2861.0
2026-09-17 10:28:00,28.64,28.7,28.64,28.7,7300,209204.0
2026-09-17 10:29:00,28.66,28.66,28.63,28.63,300,8594.0
2026-09-17 10:30:00,28.63,28.63,28.63,28.63,200,5726.0
2026-09-17 10:31:00,28.63,28.66,28.63,28.63,1100,31497.0
2026-09-17 10:32:00,28.62,28.68,28.62,28.68,5200,148833.0
2026-09-17 10:34:00,28.63,28.63,28.63,28.63,200,5726.0
2026-09-17 10:35:00,28.64,28.64,28.63,28.63,300,8591.0
2026-09-17 10:36:00,28.63,28.64,28.63,28.64,400,11453.0
2026-09-17 10:37:00,28.64,28.64,28.62,28.62,1200,34357.0
2026-09-17 10:38:00,28.62,28.62,28.62,28.62,2300,65826.0
2026-09-17 10:39:00,28.62,28.65,28.61,28.65,3100,88778.0
2026-09-17 10:40:00,28.65,28.66,28.63,28.63,7900,226325.0
2026-09-17 10:41:00,28.62,28.72,28.61,28.72,61500,1762820.0
2026-09-17 10:42:00,28.72,28.74,28.71,28.71,3300,94804.0
2026-09-17 10:43:00,28.71,28.73,28.71,28.73,3600,103372.998
2026-09-17 10:44:00,28.72,28.73,28.68,28.73,1000,28714.0
2026-09-17 10:45:00,28.73,28.73,28.68,28.68,600,17233.0
2026-09-17 10:46:00,28.71,28.71,28.68,28.68,1700,48795.0
2026-09-17 10:47:00,28.71,28.71,28.71,28.71,100,2871.0
2026-09-17 10:48:00,28.68,28.68,28.68,28.68,1500,43020.0
2026-09-17 10:49:00,28.67,28.71,28.66,28.66,2400,68812.0
2026-09-17 10:50:00,28.66,28.66,28.66,28.66,900,25794.0
2026-09-17 10:51:00,28.65,28.65,28.65,28.65,100,2865.0
2026-09-17 10:52:00,28.65,28.65,28.65,28.65,200,5730.0
2026-09-17 10:53:00,28.63,28.66,28.63,28.63,800,22910.0
2026-09-17 10:54:00,28.63,28.63,28.63,28.63,100,2863.0
2026-09-17 10:55:00,28.63,28.63,28.62,28.63,6000,171779.0
2026-09-17 10:56:00,28.62,28.62,28.62,28.62,100,2862.0
2026-09-17 10:57:00,28.62,28.63,28.62,28.63,3400,97317.0
2026-09-17 10:58:00,28.62,28.63,28.61,28.61,23100,661135.0
2026-09-17 10:59:00,28.65,28.66,28.62,28.62,1100,31520.0
2026-09-17 11:00:00,28.66,28.66,28.66,28.66,500,14330.0
2026-09-17 11:02:00,28.64,28.64,28.62,28.62,300,8588.0
2026-09-17 11:03:00,28.62,28.65,28.61,28.65,1000,28621.0
2026-09-17 11:04:00,28.61,28.61,28.61,28.61,1300,37193.0
2026-09-17 11:05:00,28.61,28.61,28.6,28.6,400,11443.0
2026-09-17 11:08:00,28.61,28.61,28.6,28.6,1600,45767.0
2026-09-17 11:10:00,28.6,28.61,28.6,28.61,1500,42901.0
2026-09-17 11:11:00,28.6,28.6,28.6,28.6,600,17160.0
2026-09-17 11:14:00,28.6,28.6,28.6,28.6,100,2860.0
2026-09-17 11:16:00,28.6,28.6,28.59,28.59,5900,168726.0
2026-09-17 11:18:00,28.59,28.59,28.59,28.59,200,5718.0
2026-09-17 11:19:00,28.6,28.6,28.6,28.6,700,20020.0
2026-09-17 11:20:00,28.6,28.6,28.6,28.6,400,11440.0
2026-09-17 11:21:00,28.6,28.6,28.6,28.6,600,17160.0
2026-09-17 11:22:00,28.61,28.61,28.61,28.61,500,14305.0
2026-09-17 11:23:00,28.61,28.61,28.61,28.61,600,17166.0
2026-09-17 11:24:00,28.61,28.64,28.61,28.64,3300,94506.0
2026-09-17 11:25:00,28.61,28.65,28.61,28.65,300,8591.0
2026-09-17 11:26:00,28.65,28.65,28.65,28.65,1000,28650.0
2026-09-17 11:27:00,28.64,28.64,28.64,28.64,200,5728.0
2026-09-17 11:28:00,28.62,28.62,28.61,28.61,200,5723.0
2026-09-17 11:29:00,28.62,28.62,28.62,28.62,1100,31482.0
2026-09-17 11:30:00,28.63,28.64,28.63,28.63,3800,108795.0
2026-09-17 13:01:00,28.64,28.64,28.6,28.63,700,20039.0
2026-09-17 13:03:00,28.63,28.64,28.62,28.64,3400,97344.0
2026-09-17 13:05:00,28.62,28.63,28.62,28.63,300,8588.0
2026-09-17 13:06:00,28.61,28.64,28.61,28.64,1700,48640.0
2026-09-17 13:07:00,28.63,28.63,28.63,28.63,100,2863.0
2026-09-17 13:08:00,28.62,28.62,28.62,28.62,700,20034.0
2026-09-17 13:10:00,28.62,28.62,28.61,28.62,1400,40058.0
2026-09-17 13:11:00,28.62,28.64,28.62,28.63,3600,103041.0
2026-09-17 13:12:00,28.64,28.64,28.64,28.64,300,8592.0
2026-09-17 13:13:00,28.64,28.67,28.64,28.67,9200,263664.0
2026-09-17 13:16:00,28.67,28.67,28.66,28.66,300,8599.0
2026-09-17 13:17:00,28.67,28.7,28.67,28.67,5400,154827.0
2026-09-17 13:21:00,28.69,28.69,28.69,28.69,100,2869.0
2026-09-17 13:22:00,28.69,28.69,28.69,28.69,1400,40166.0
2026-09-17 13:23:00,28.69,28.69,28.69,28.69,100,2869.0
2026-09-17 13:24:00,28.69,28.7,28.69,28.7,5200,149222.0
2026-09-17 13:25:00,28.7,28.71,28.7,28.7,3000,86101.0
2026-09-17 13:26:00,28.7,28.7,28.7,28.7,2400,68880.0
2026-09-17 13:27:00,28.69,28.69,28.69,28.69,1300,37297.0
2026-09-17 13:28:00,28.68,28.68,28.68,28.68,400,11472.0
2026-09-17 13:29:00,28.68,28.75,28.68,28.74,28700,824358.0
2026-09-17 13:30:00,28.74,28.76,28.73,28.75,14772,424687.28
2026-09-17 13:31:00,28.75,28.75,28.74,28.74,1900,54607.0
2026-09-17 13:32:00,28.74,28.74,28.74,28.74,400,11496.0
2026-09-17 13:33:00,28.75,28.78,28.74,28.78,5500,158172.0
2026-09-17 13:34:00,28.78,28.78,28.78,28.78,100,2878.0
2026-09-17 13:35:00,28.77,28.8,28.77,28.8,6700,192882.0
2026-09-17 13:36:00,28.77,28.77,28.74,28.74,600,17250.0
2026-09-17 13:38:00,28.75,28.75,28.75,28.75,300,8625.0
2026-09-17 13:39:00,28.77,28.77,28.75,28.77,2900,83429.0
2026-09-17 13:40:00,28.78,28.78,28.78,28.78,1000,28780.0
2026-09-17 13:41:00,28.78,28.79,28.78,28.79,400,11515.0
2026-09-17 13:43:00,28.78,28.78,28.75,28.75,600,17265.0
2026-09-17 13:44:00,28.75,28.75,28.75,28.75,900,25875.0
2026-09-17 13:45:00,28.75,28.75,28.75,28.75,300,8625.0
2026-09-17 13:46:00,28.71,28.74,28.68,28.68,8800,252679.998
2026-09-17 13:48:00,28.69,28.69,28.69,28.69,4100,117629.0
2026-09-17 13:49:00,28.69,28.69,28.69,28.69,900,25821.0
2026-09-17 13:50:00,28.69,28.69,28.69,28.69,2100,60249.0
2026-09-17 13:53:00,28.69,28.69,28.69,28.69,600,17214.0
2026-09-17 13:54:00,28.69,28.69,28.69,28.69,100,2869.0
2026-09-17 13:55:00,28.69,28.69,28.66,28.66,8100,232289.0
2026-09-17 13:56:00,28.66,28.66,28.61,28.63,11200,320491.0
2026-09-17 13:57:00,28.62,28.62,28.62,28.62,200,5724.0
2026-09-17 13:58:00,28.64,28.64,28.64,28.64,600,17184.0
2026-09-17 13:59:00,28.64,28.64,28.64,28.64,100,2864.0
2026-09-17 14:00:00,28.63,28.63,28.63,28.63,300,8589.0
2026-09-17 14:01:00,28.64,28.64,28.64,28.64,700,20048.0
2026-09-17 14:02:00,28.66,28.68,28.66,28.68,900,25799.0
2026-09-17 14:04:00,28.65,28.67,28.65,28.67,400,11466.0
2026-09-17 14:05:00,28.67,28.67,28.66,28.66,600,17201.0
2026-09-17 14:07:00,28.65,28.65,28.65,28.65,2000,57300.0
2026-09-17 14:08:00,28.66,28.66,28.66,28.66,100,2866.0
2026-09-17 14:09:00,28.65,28.65,28.65,28.65,1200,34380.0
2026-09-17 14:11:00,28.65,28.65,28.65,28.65,1100,31515.0
2026-09-17 14:12:00,28.65,28.65,28.65,28.65,900,25785.0
2026-09-17 14:13:00,28.66,28.66,28.65,28.65,1100,31516.0
2026-09-17 14:14:00,28.65,28.65,28.65,28.65,500,14325.0
2026-09-17 14:15:00,28.66,28.66,28.66,28.66,200,5732.0
2026-09-17 14:16:00,28.66,28.66,28.59,28.6,25000,715531.0
2026-09-17 14:17:00,28.6,28.63,28.59,28.63,26200,749090.0
2026-09-17 14:18:00,28.67,28.71,28.67,28.71,44400,1274629.0
2026-09-17 14:19:00,28.7,28.71,28.7,28.71,1500,43057.0
2026-09-17 14:20:00,28.66,28.7,28.66,28.7,1600,45915.0
2026-09-17 14:21:00,28.7,28.7,28.7,28.7,500,14350.0
2026-09-17 14:22:00,28.66,28.66,28.66,28.66,100,2866.0
2026-09-17 14:24:00,28.69,28.69,28.69,28.69,700,20083.0
2026-09-17 14:25:00,28.69,28.69,28.67,28.67,400,11474.0
2026-09-17 14:26:00,28.68,28.69,28.68,28.69,400,11474.0
2026-09-17 14:27:00,28.69,28.69,28.69,28.69,1600,45904.0
2026-09-17 14:28:00,28.7,28.7,28.69,28.69,1500,43039.0
2026-09-17 14:31:00,28.69,28.7,28.68,28.69,1800,51651.0
2026-09-17 14:33:00,28.69,28.69,28.69,28.69,300,8607.0
2026-09-17 14:34:00,28.69,28.7,28.68,28.7,1300,37296.0
2026-09-17 14:35:00,28.7,28.7,28.7,28.7,4600,132020.0
2026-09-17 14:36:00,28.69,28.7,28.69,28.69,900,25823.0
2026-09-17 14:37:00,28.69,28.69,28.68,28.68,2400,68836.0
2026-09-17 14:38:00,28.67,28.67,28.66,28.67,1200,34400.0
2026-09-17 14:39:00,28.67,28.68,28.66,28.68,2100,60208.0
2026-09-17 14:40:00,28.65,28.65,28.65,28.65,200,5730.0
2026-09-17 14:41:00,28.65,28.68,28.65,28.65,900,25792.0
2026-09-17 14:42:00,28.68,28.68,28.65,28.65,200,5733.0
2026-09-17 14:43:00,28.65,28.7,28.65,28.66,4300,123328.0
2026-09-17 14:44:00,28.67,28.69,28.67,28.68,500,14338.0
2026-09-17 14:45:00,28.7,28.7,28.67,28.67,500,14347.0
2026-09-17 14:46:00,28.68,28.69,28.68,28.69,3300,94671.0
2026-09-17 14:47:00,28.7,28.7,28.68,28.69,2800,80328.0
2026-09-17 14:48:00,28.7,28.7,28.66,28.68,5600,160622.0
2026-09-17 14:49:00,28.69,28.69,28.66,28.66,6400,183490.0
2026-09-17 14:50:00,28.66,28.66,28.65,28.65,8800,252145.0
2026-09-17 14:51:00,28.65,28.66,28.65,28.66,2800,80233.0
2026-09-17 14:52:00,28.66,28.66,28.65,28.65,3000,85977.0
2026-09-17 14:53:00,28.66,28.67,28.65,28.67,7000,200622.0
2026-09-17 14:54:00,28.66,28.69,28.66,28.69,7200,206455.0
2026-09-17 14:55:00,28.69,28.69,28.66,28.68,7500,215098.0
2026-09-17 14:56:00,28.69,28.69,28.67,28.68,7600,217962.0
2026-09-17 14:57:00,28.68,28.69,28.66,28.66,10200,292463.0
2026-09-17 15:00:00,28.67,28.67,28.67,28.67,15100,432917.0
2026-09-18 09:31:00,28.67,28.74,28.67,28.74,8900,255332.0
2026-09-18 09:32:00,28.72,28.74,28.7,28.71,4300,123496.0
2026-09-18 09:33:00,28.71,28.74,28.7,28.71,7200,206784.0
2026-09-18 09:34:00,28.74,28.78,28.72,28.78,4100,117866.0
2026-09-18 09:35:00,28.78,28.87,28.78,28.85,11100,319700.0
2026-09-18 09:36:00,28.8,28.85,28.8,28.84,7900,227837.0
2026-09-18 09:37:00,28.81,28.81,28.78,28.78,3700,106555.0
2026-09-18 09:38:00,28.78,28.78,28.75,28.76,4800,138100.0
2026-09-18 09:39:00,28.76,28.76,28.76,28.76,300,8628.0
2026-09-18 09:40:00,28.78,28.8,28.77,28.78,8000,230261.0
2026-09-18 09:41:00,28.8,28.85,28.8,28.85,4900,141229.0
2026-09-18 09:42:00,28.85,28.85,28.82,28.83,6000,173062.0
2026-09-18 09:43:00,28.82,28.88,28.8,28.88,11000,317318.0
2026-09-18 09:44:00,28.89,28.89,28.87,28.89,3400,98206.0
2026-09-18 09:45:00,28.87,28.88,28.86,28.87,2800,80838.0
2026-09-18 09:46:00,28.87,28.89,28.87,28.88,5300,153062.0
2026-09-18 09:47:00,28.88,28.9,28.87,28.89,12700,366894.0
2026-09-18 09:48:00,28.89,28.9,28.88,28.88,3700,106890.0
2026-09-18 09:49:00,28.88,28.89,28.87,28.89,3800,109753.0
2026-09-18 09:50:00,28.89,28.89,28.88,28.88,2200,63537.0
2026-09-18 09:51:00,28.88,28.94,28.88,28.94,22100,638596.0
2026-09-18 09:52:00,28.94,28.95,28.91,28.95,1200,34734.0
2026-09-18 09:53:00,28.94,28.94,28.91,28.94,2400,69411.0
2026-09-18 09:54:00,28.93,28.96,28.93,28.95,11200,324188.0
2026-09-18 09:55:00,28.94,28.97,28.94,28.94,7500,217157.0
2026-09-18 09:56:00,28.94,28.97,28.94,28.97,4300,124463.0
2026-09-18 09:57:00,28.97,29.0,28.95,29.0,23500,681275.0
2026-09-18 09:58:00,29.0,29.01,29.0,29.0,11900,345144.0
2026-09-18 09:59:00,29.0,29.01,28.97,28.97,5400,156546.0
2026-09-18 10:00:00,28.98,28.99,28.98,28.99,2900,84050.0
2026-09-18 10:01:00,28.98,29.0,28.96,29.0,9900,286995.0
2026-09-18 10:02:00,28.99,28.99,28.98,28.98,600,17392.0
2026-09-18 10:03:00,28.98,28.98,28.95,28.98,1600,46348.0
2026-09-18 10:04:00,28.98,28.99,28.95,28.97,7500,217315.0
2026-09-18 10:05:00,28.99,28.99,28.99,28.99,900,26091.0
2026-09-18 10:06:00,28.97,28.97,28.97,28.97,1000,28970.0
2026-09-18 10:07:00,28.98,28.98,28.98,28.98,200,5796.0
2026-09-18 10:08:00,28.98,28.99,28.97,28.99,5100,147809.0
2026-09-18 10:09:00,29.0,29.03,29.0,29.03,16900,490265.0
2026-09-18 10:10:00,29.03,29.04,29.03,29.03,3700,107415.0
2026-09-18 10:11:00,29.02,29.03,29.02,29.03,3100,89964.0
2026-09-18 10:12:00,29.02,29.03,29.02,29.03,2000,58046.0
2026-09-18 10:13:00,29.03,29.03,28.99,28.99,2300,66720.0
2026-09-18 10:14:00,29.01,29.02,29.01,29.02,11700,339484.0
2026-09-18 10:15:00,29.01,29.02,28.99,28.99,900,26107.0
2026-09-18 10:16:00,29.0,29.01,29.0,29.01,2000,58010.0
2026-09-18 10:17:00,29.01,29.03,29.01,29.03,2800,81248.0
2026-09-18 10:18:00,29.01,29.01,29.0,29.01,600,17405.0
2026-09-18 10:19:00,29.01,29.02,29.0,29.0,1400,40608.0
2026-09-18 10:20:00,29.0,29.01,29.0,29.0,1600,46408.0
2026-09-18 10:21:00,29.0,29.02,28.99,29.02,4500,130508.0
2026-09-18 10:22:00,29.0,29.0,28.97,28.97,1000,28984.0
2026-09-18 10:23:00,28.99,29.0,28.96,28.96,1500,43470.0
2026-09-18 10:24:00,28.96,29.02,28.96,29.01,11400,330440.0
2026-09-18 10:25:00,29.03,29.03,29.01,29.01,2900,84133.0
2026-09-18 10:26:00,29.02,29.02,29.02,29.02,900,26118.0
2026-09-18 10:27:00,29.02,29.03,29.01,29.02,24700,716774.0
2026-09-18 10:28:00,29.02,29.03,29.01,29.02,5400,156728.0
2026-09-18 10:29:00,29.02,29.03,29.02,29.02,2800,81263.0
2026-09-18 10:30:00,29.03,29.03,29.02,29.03,2100,60961.0
2026-09-18 10:31:00,29.03,29.06,29.03,29.05,18200,528569.0
2026-09-18 10:32:00,29.05,29.05,29.04,29.04,3800,110364.0
2026-09-18 10:33:00,29.05,29.06,29.04,29.05,1400,40669.0
2026-09-18 10:34:00,29.04,29.04,29.02,29.04,4200,121918.0
2026-09-18 10:35:00,29.03,29.03,29.03,29.03,1200,34836.0
2026-09-18 10:36:00,29.02,29.04,29.02,29.02,1000,29022.0
2026-09-18 10:37:00,29.02,29.02,29.02,29.02,1300,37726.0
2026-09-18 10:38:00,29.02,29.04,29.02,29.02,1600,46443.0
2026-09-18 10:39:00,29.02,29.04,29.02,29.04,200,5806.0
2026-09-18 10:40:00,29.03,29.03,29.03,29.03,1200,34836.0
2026-09-18 10:41:00,29.03,29.03,29.02,29.02,1400,40637.0
2026-09-18 10:42:00,29.03,29.03,29.03,29.03,100,2903.0
2026-09-18 10:43:00,29.02,29.04,29.02,29.04,1400,40642.0
2026-09-18 10:44:00,29.02,29.02,29.02,29.02,100,2902.0
2026-09-18 10:45:00,29.03,29.03,29.03,29.03,400,11612.0
2026-09-18 10:46:00,29.03,29.03,29.01,29.03,2500,72547.0
2026-09-18 10:47:00,29.03,29.04,29.02,29.04,600,17421.0
2026-09-18 10:48:00,29.01,29.04,29.01,29.04,700,20313.0
2026-09-18 10:49:00,29.02,29.03,29.02,29.02,1000,29024.0
2026-09-18 10:50:00,29.01,29.02,29.0,29.0,1600,46413.0
2026-09-18 10:51:00,29.0,29.0,29.0,29.0,100,2900.0
2026-09-18 10:52:00,29.0,29.0,29.0,29.0,2100,60900.0
2026-09-18 10:53:00,29.01,29.01,29.0,29.0,800,23204.0
2026-09-18 10:54:00,29.0,29.02,29.0,29.02,500,14506.0
2026-09-18 10:55:00,29.0,29.02,29.0,29.02,800,23214.0
2026-09-18 10:56:00,29.0,29.02,29.0,29.02,4400,127610.0
2026-09-18 10:57:00,29.01,29.01,29.01,29.01,1300,37713.0
2026-09-18 10:58:00,29.01,29.02,29.0,29.0,6400,185663.0
2026-09-18 10:59:00,29.0,29.01,29.0,29.01,3800,110215.0
2026-09-18 11:00:00,28.97,28.97,28.97,28.97,300,8691.0
2026-09-18 11:01:00,28.97,28.99,28.96,28.99,1000,28975.0
2026-09-18 11:02:00,28.99,28.99,28.99,28.99,500,14495.0
2026-09-18 11:04:00,28.95,28.97,28.95,28.95,1200,34748.0
2026-09-18 11:05:00,28.95,28.99,28.95,28.99,1800,52137.0
2026-09-18 11:08:00,28.96,28.96,28.96,28.96,100,2896.0
2026-09-18 11:09:00,28.95,28.95,28.95,28.95,1100,31845.0
2026-09-18 11:10:00,28.93,28.97,28.93,28.97,400,11576.0
2026-09-18 11:11:00,28.97,28.97,28.93,28.96,600,17369.0
2026-09-18 11:12:00,28.94,28.94,28.94,28.94,600,17364.0
2026-09-18 11:13:00,28.96,28.96,28.96,28.96,400,11584.0
2026-09-18 11:14:00,28.94,28.96,28.94,28.94,300,8684.0
2026-09-18 11:15:00,28.94,28.94,28.94,28.94,100,2894.0
2026-09-18 11:16:00,28.95,28.96,28.95,28.95,1000,28951.0
2026-09-18 11:17:00,28.96,28.96,28.94,28.94,2600,75259.0
2026-09-18 11:18:00,28.94,28.94,28.93,28.93,200,5787.0
2026-09-18 11:19:00,28.93,28.94,28.92,28.93,1500,43395.0
2026-09-18 11:20:00,28.92,28.93,28.92,28.93,600,17355.0
2026-09-18 11:21:00,28.93,28.94,28.92,28.94,1600,46284.0
2026-09-18 11:22:00,28.92,28.92,28.92,28.92,1500,43380.0
2026-09-18 11:24:00,28.94,28.94,28.94,28.94,100,2894.0
2026-09-18 11:25:00,28.93,28.94,28.93,28.93,2400,69454.0
2026-09-18 11:26:00,28.93,28.93,28.92,28.93,5100,147505.0
2026-09-18 11:27:00,28.92,28.93,28.91,28.93,5700,164846.0
2026-09-18 11:28:00,28.91,28.91,28.91,28.91,200,5782.0
2026-09-18 11:29:00,28.91,28.92,28.91,28.91,600,17347.0
2026-09-18 11:30:00,28.91,28.91,28.91,28.91,500,14455.0
2026-09-18 13:01:00,28.92,28.96,28.91,28.96,5000,144617.0
2026-09-18 13:02:00,28.95,28.95,28.95,28.95,900,26055.0
2026-09-18 13:03:00,28.95,28.95,28.95,28.95,600,17370.0
2026-09-18 13:04:00,28.95,28.95,28.95,28.95,400,11580.0
2026-09-18 13:05:00,28.95,28.95,28.94,28.95,5000,144745.0
2026-09-18 13:06:00,28.94,28.94,28.93,28.93,2600,75221.0
2026-09-18 13:07:00,28.93,28.93,28.91,28.91,400,11570.0
2026-09-18 13:08:00,28.91,28.91,28.91,28.91,500,14455.0
2026-09-18 13:09:00,28.92,28.93,28.92,28.93,700,20245.0
2026-09-18 13:10:00,28.93,28.93,28.91,28.92,12600,364386.0
2026-09-18 13:11:00,28.93,28.96,28.93,28.94,1100,31831.0
2026-09-18 13:12:00,28.94,28.95,28.93,28.93,800,23153.0
2026-09-18 13:13:00,28.93,28.93,28.93,28.93,300,8679.0
2026-09-18 13:14:00,28.93,28.94,28.93,28.94,1700,49196.0
2026-09-18 13:15:00,28.94,28.95,28.94,28.95,200,5789.0
2026-09-18 13:16:00,28.94,29.01,28.94,28.98,26800,776212.0
2026-09-18 13:17:00,29.0,29.0,28.97,28.97,700,20297.0
2026-09-18 13:19:00,28.99,29.01,28.96,29.0,26700,774159.0
2026-09-18 13:20:00,28.99,28.99,28.99,28.99,400,11596.0
2026-09-18 13:21:00,28.99,28.99,28.95,28.95,4300,124569.0
2026-09-18 13:22:00,28.95,28.95,28.92,28.92,4200,121564.0
2026-09-18 13:23:00,28.92,28.96,28.91,28.91,5300,153297.0
2026-09-18 13:24:00,28.91,28.92,28.91,28.91,1400,40486.0
2026-09-18 13:25:00,28.91,28.92,28.91,28.91,1900,54939.0
2026-09-18 13:26:00,28.92,28.92,28.91,28.91,1200,34703.0
2026-09-18 13:27:00,28.92,28.92,28.92,28.92,100,2892.0
2026-09-18 13:28:00,28.92,28.93,28.91,28.93,4400,127249.0
2026-09-18 13:29:00,28.93,28.93,28.92,28.92,500,14462.0
2026-09-18 13:30:00,28.92,28.93,28.92,28.93,300,8678.0
2026-09-18 13:31:00,28.93,28.93,28.91,28.92,1200,34701.0
2026-09-18 13:32:00,28.91,28.95,28.91,28.95,1600,46272.0
2026-09-18 13:33:00,28.94,28.95,28.91,28.91,2900,83896.0
2026-09-18 13:34:00,28.91,28.93,28.91,28.92,800,23133.0
2026-09-18 13:35:00,28.92,28.93,28.92,28.93,200,5785.0
2026-09-18 13:36:00,28.93,28.93,28.92,28.92,800,23143.0
2026-09-18 13:37:00,28.93,28.94,28.92,28.94,2000,57851.0
2026-09-18 13:38:00,28.92,28.92,28.92,28.92,200,5784.0
2026-09-18 13:40:00,28.92,28.93,28.9,28.91,4500,130107.0
2026-09-18 13:41:00,28.92,28.93,28.91,28.93,700,20245.0
2026-09-18 13:42:00,28.91,28.93,28.91,28.93,200,5784.0
2026-09-18 13:43:00,28.91,28.91,28.87,28.88,14500,418959.0
2026-09-18 13:44:00,28.88,28.91,28.85,28.85,16216,468093.601
2026-09-18 13:45:00,28.85,28.85,28.85,28.85,800,23080.0002
2026-09-18 13:46:00,28.85,28.88,28.85,28.86,1100,31747.0002
2026-09-18 13:47:00,28.86,28.86,28.84,28.84,5284,152446.4012
2026-09-18 13:48:00,28.83,28.84,28.82,28.82,6200,178731.0
2026-09-18 13:49:00,28.82,28.83,28.79,28.79,8316,239544.6393
2026-09-18 13:50:00,28.81,28.82,28.78,28.79,7400,213163.0
2026-09-18 13:51:00,28.79,28.81,28.79,28.81,1500,43206.0
2026-09-18 13:52:00,28.81,28.81,28.8,28.81,400,11523.0
2026-09-18 13:53:00,28.81,28.84,28.8,28.82,4800,138383.0
2026-09-18 13:54:00,28.84,28.87,28.84,28.87,2300,66343.0
2026-09-18 13:55:00,28.84,28.91,28.8,28.8,14000,404096.0
2026-09-18 13:56:00,28.82,28.88,28.82,28.82,1400,40354.0
2026-09-18 13:57:00,28.87,28.87,28.84,28.84,300,8658.0
2026-09-18 13:58:00,28.85,28.88,28.85,28.86,700,20206.0
2026-09-18 13:59:00,28.86,28.88,28.82,28.85,4600,132652.0
2026-09-18 14:00:00,28.86,28.88,28.86,28.86,400,11548.0
2026-09-18 14:01:00,28.88,28.9,28.86,28.9,1815,52417.8998
2026-09-18 14:02:00,28.89,28.89,28.86,28.86,1000,28887.0
2026-09-18 14:03:00,28.89,28.89,28.86,28.86,500,14439.0
2026-09-18 14:04:00,28.89,28.89,28.89,28.89,200,5778.0
2026-09-18 14:06:00,28.89,28.89,28.86,28.87,4300,124164.0
2026-09-18 14:07:00,28.87,28.88,28.86,28.86,700,20209.0
2026-09-18 14:08:00,28.86,28.87,28.85,28.86,3500,101008.0
2026-09-18 14:09:00,28.86,28.86,28.85,28.86,500,14429.0
2026-09-18 14:10:00,28.86,28.87,28.86,28.86,500,14432.0
2026-09-18 14:11:00,28.86,28.86,28.85,28.86,1200,34630.0
2026-09-18 14:12:00,28.87,28.9,28.87,28.87,9400,271612.0
2026-09-18 14:13:00,28.87,28.88,28.87,28.87,1100,31758.0
2026-09-18 14:14:00,28.86,28.88,28.86,28.86,1000,28868.0
2026-09-18 14:15:00,28.87,28.89,28.86,28.86,2400,69270.0
2026-09-18 14:16:00,28.86,28.9,28.86,28.86,1800,51978.0
2026-09-18 14:17:00,28.87,28.88,28.85,28.85,1100,31746.0
2026-09-18 14:18:00,28.85,28.85,28.84,28.85,1400,40385.0
2026-09-18 14:19:00,28.85,28.89,28.84,28.84,2100,60581.0
2026-09-18 14:20:00,28.83,28.85,28.83,28.83,6800,196057.0
2026-09-18 14:21:00,28.83,28.85,28.82,28.84,2800,80725.0
2026-09-18 14:22:00,28.82,28.85,28.82,28.83,1600,46129.0
2026-09-18 14:23:00,28.83,28.85,28.8,28.8,13100,377468.0
2026-09-18 14:24:00,28.81,28.84,28.8,28.8,2100,60496.0
2026-09-18 14:25:00,28.8,28.8,28.8,28.8,1400,40320.0
2026-09-18 14:26:00,28.81,28.82,28.78,28.78,12500,359927.0
2026-09-18 14:27:00,28.78,28.79,28.78,28.79,2000,57569.0
2026-09-18 14:28:00,28.79,28.8,28.76,28.8,12400,356878.0
2026-09-18 14:29:00,28.76,28.76,28.7,28.7,25355,728241.0498
2026-09-18 14:30:00,28.7,28.74,28.67,28.68,20800,596870.0
2026-09-18 14:31:00,28.68,28.7,28.67,28.67,11400,326986.0
2026-09-18 14:32:00,28.68,28.69,28.66,28.66,32200,923221.0
2026-09-18 14:33:00,28.66,28.69,28.66,28.69,6000,172032.0
2026-09-18 14:34:00,28.68,28.7,28.68,28.68,5200,149170.0
2026-09-18 14:35:00,28.67,28.7,28.66,28.7,11900,341157.0
2026-09-18 14:36:00,28.7,28.7,28.69,28.69,2300,66008.0
2026-09-18 14:37:00,28.69,28.7,28.67,28.7,16800,481776.0
2026-09-18 14:38:00,28.68,28.7,28.68,28.68,8500,243886.0
2026-09-18 14:39:00,28.7,28.73,28.68,28.69,6200,177878.0
2026-09-18 14:40:00,28.69,28.72,28.69,28.72,2200,63141.0
2026-09-18 14:41:00,28.7,28.72,28.67,28.67,23200,665403.0
2026-09-18 14:42:00,28.67,28.69,28.67,28.69,3900,111838.0
2026-09-18 14:43:00,28.69,28.69,28.67,28.68,12300,352710.0
2026-09-18 14:44:00,28.68,28.69,28.67,28.68,5700,163464.0
2026-09-18 14:45:00,28.67,28.68,28.67,28.67,5900,169175.0
2026-09-18 14:46:00,28.68,28.7,28.66,28.66,16500,473179.0
2026-09-18 14:47:00,28.67,28.67,28.66,28.67,2200,63065.0
2026-09-18 14:48:00,28.67,28.67,28.66,28.67,400,11466.0
2026-09-18 14:49:00,28.67,28.68,28.67,28.67,10400,298171.0
2026-09-18 14:50:00,28.67,28.68,28.67,28.67,8600,246586.0
2026-09-18 14:51:00,28.67,28.7,28.67,28.68,6700,192197.0
2026-09-18 14:52:00,28.68,28.7,28.66,28.68,34100,977705.0
2026-09-18 14:53:00,28.66,28.67,28.65,28.67,7900,226407.0
2026-09-18 14:54:00,28.67,28.67,28.64,28.64,22600,647489.0
2026-09-18 14:55:00,28.65,28.67,28.64,28.67,6300,180492.0
2026-09-18 14:56:00,28.65,28.68,28.11,28.65,64348,1835279.2813
2026-09-18 14:57:00,28.66,28.67,28.65,28.67,11500,329668.0
2026-09-18 15:00:00,28.7,28.7,28.7,28.7,16400,470680.0
2026-09-21 09:31:00,28.99,28.99,28.63,28.65,52300,1506190.0
2026-09-21 09:32:00,28.65,28.79,28.52,28.75,30245,864569.152
2026-09-21 09:33:00,28.75,28.79,28.71,28.79,14900,428203.0
2026-09-21 09:34:00,28.79,28.79,28.75,28.75,3700,106416.0
2026-09-21 09:35:00,28.8,28.84,28.78,28.81,3700,106531.0
2026-09-21 09:36:00,28.81,28.84,28.75,28.79,8500,244691.0
2026-09-21 09:37:00,28.75,28.79,28.72,28.72,12000,345233.0039
2026-09-21 09:38:00,28.72,28.8,28.72,28.74,14100,405486.0
2026-09-21 09:39:00,28.71,28.73,28.71,28.72,6600,189502.0
2026-09-21 09:40:00,28.72,28.72,28.71,28.72,4000,114857.0
2026-09-21 09:41:00,28.72,28.75,28.72,28.75,600,17241.0
2026-09-21 09:42:00,28.75,28.79,28.75,28.78,2900,83458.0
2026-09-21 09:43:00,28.79,28.84,28.76,28.84,9800,282270.0
2026-09-21 09:44:00,28.84,28.87,28.82,28.85,22900,660473.0
2026-09-21 09:45:00,28.8,28.85,28.8,28.85,5100,146984.0
2026-09-21 09:46:00,28.85,28.91,28.85,28.9,11048,319080.28
2026-09-21 09:47:00,28.9,28.93,28.88,28.93,6500,187858.0
2026-09-21 09:48:00,28.93,28.99,28.93,28.99,27700,802575.0
2026-09-21 09:49:00,28.99,29.05,28.98,29.0,22700,658511.0
2026-09-21 09:50:00,29.0,29.03,28.96,29.01,9700,281280.0
2026-09-21 09:51:00,28.96,29.0,28.95,28.97,12500,361923.0
2026-09-21 09:52:00,28.94,28.94,28.93,28.93,2900,83902.0
2026-09-21 09:53:00,28.93,28.97,28.93,28.96,5200,150534.0
2026-09-21 09:54:00,28.96,28.96,28.96,28.96,100,2896.0
2026-09-21 09:55:00,28.94,28.96,28.92,28.93,10900,315264.0
2026-09-21 09:56:00,28.93,28.93,28.93,28.93,2900,83897.0
2026-09-21 09:57:00,28.92,28.96,28.92,28.96,13000,376310.0
2026-09-21 09:58:00,28.95,28.95,28.91,28.91,3800,109972.0
2026-09-21 09:59:00,28.91,28.95,28.91,28.91,2800,81004.0
2026-09-21 10:00:00,28.91,28.95,28.91,28.95,2500,72346.0
2026-09-21 10:01:00,28.95,28.97,28.95,28.96,1700,49230.0
2026-09-21 10:02:00,28.96,28.96,28.94,28.95,1900,55010.0
2026-09-21 10:03:00,28.95,28.95,28.95,28.95,100,2895.0
2026-09-21 10:04:00,28.96,28.96,28.94,28.94,1300,37630.0
2026-09-21 10:05:00,28.94,28.94,28.92,28.92,3700,107056.0
2026-09-21 10:06:00,28.91,28.91,28.91,28.91,3100,89621.0
2026-09-21 10:07:00,28.91,28.91,28.9,28.9,900,26015.0
2026-09-21 10:08:00,28.9,28.91,28.9,28.91,900,26014.0
2026-09-21 10:09:00,28.9,28.9,28.82,28.82,16900,487788.0
2026-09-21 10:10:00,28.82,28.84,28.82,28.84,5000,144110.0
2026-09-21 10:11:00,28.84,28.95,28.84,28.95,4300,124190.0
2026-09-21 10:12:00,28.88,28.93,28.86,28.9,5800,167666.0
2026-09-21 10:13:00,28.85,28.9,28.85,28.85,1500,43285.0
2026-09-21 10:14:00,28.86,28.86,28.83,28.83,10100,291395.0
2026-09-21 10:15:00,28.85,28.85,28.82,28.82,7200,207563.0
2026-09-21 10:16:00,28.82,28.83,28.72,28.72,17600,506774.0
2026-09-21 10:17:00,28.77,28.77,28.75,28.77,2800,80552.0
2026-09-21 10:18:00,28.77,28.77,28.76,28.77,3100,89185.0
2026-09-21 10:19:00,28.75,28.75,28.71,28.73,11400,327463.0
2026-09-21 10:20:00,28.73,28.73,28.7,28.7,10900,312917.0
2026-09-21 10:21:00,28.7,28.72,28.7,28.7,4100,117719.0
2026-09-21 10:23:00,28.72,28.79,28.71,28.79,5400,155210.0
2026-09-21 10:24:00,28.79,28.79,28.76,28.78,4000,115106.0
2026-09-21 10:25:00,28.74,28.74,28.73,28.73,1200,34480.0
2026-09-21 10:26:00,28.79,28.79,28.73,28.73,2100,60376.0
2026-09-21 10:27:00,28.73,28.73,28.73,28.73,1500,43095.0
2026-09-21 10:28:00,28.78,28.78,28.75,28.76,5800,166765.0
2026-09-21 10:29:00,28.75,28.76,28.73,28.76,1700,48866.0
2026-09-21 10:30:00,28.76,28.76,28.74,28.74,1700,48864.0
2026-09-21 10:31:00,28.74,28.74,28.73,28.73,1500,43103.0
2026-09-21 10:32:00,28.74,28.74,28.73,28.73,2100,60349.0
2026-09-21 10:33:00,28.74,28.74,28.74,28.74,1300,37362.0
2026-09-21 10:34:00,28.74,28.74,28.73,28.74,15300,439678.0
2026-09-21 10:35:00,28.74,28.74,28.73,28.73,3000,86203.0
2026-09-21 10:36:00,28.75,28.76,28.73,28.76,2400,68998.0
2026-09-21 10:37:00,28.75,28.75,28.71,28.71,8400,241321.0
2026-09-21 10:38:00,28.7,28.71,28.69,28.69,18300,525234.0
2026-09-21 10:39:00,28.69,28.7,28.68,28.69,7000,200830.0
2026-09-21 10:40:00,28.69,28.69,28.69,28.69,1800,51642.0
2026-09-21 10:41:00,28.7,28.71,28.7,28.7,9200,264066.0
2026-09-21 10:42:00,28.69,28.7,28.69,28.7,8300,238203.0
2026-09-21 10:43:00,28.7,28.7,28.69,28.7,8300,238196.0
2026-09-21 10:44:00,28.7,28.71,28.7,28.71,1400,40183.0
2026-09-21 10:45:00,28.71,28.71,28.69,28.7,2200,63128.0
2026-09-21 10:46:00,28.71,28.72,28.7,28.7,2900,83253.0
2026-09-21 10:47:00,28.73,28.77,28.7,28.7,6800,195504.0
2026-09-21 10:48:00,28.7,28.74,28.7,28.74,1300,37358.0
2026-09-21 10:49:00,28.74,28.74,28.7,28.74,2200,63184.0
2026-09-21 10:50:00,28.74,28.74,28.7,28.7,1500,43064.0
2026-09-21 10:51:00,28.7,28.7,28.7,28.7,100,2870.0
2026-09-21 10:52:00,28.71,28.75,28.7,28.71,4200,120622.0
2026-09-21 10:53:00,28.72,28.74,28.72,28.73,800,22987.0
2026-09-21 10:54:00,28.71,28.71,28.7,28.7,1200,34448.0
2026-09-21 10:55:00,28.71,28.71,28.7,28.7,2700,77497.0
2026-09-21 10:56:00,28.74,28.74,28.71,28.71,1300,37326.0
2026-09-21 10:57:00,28.71,28.73,28.71,28.73,1500,43067.0
2026-09-21 10:58:00,28.73,28.73,28.73,28.73,800,22984.0
2026-09-21 10:59:00,28.73,28.73,28.72,28.73,2100,60331.0
2026-09-21 11:00:00,28.73,28.73,28.71,28.71,1500,43072.0
2026-09-21 11:01:00,28.73,28.73,28.71,28.71,1300,37329.0
2026-09-21 11:02:00,28.73,28.73,28.7,28.7,2900,83268.0
2026-09-21 11:03:00,28.7,28.71,28.7,28.7,1300,37312.0
2026-09-21 11:04:00,28.72,28.72,28.72,28.72,100,2872.0
2026-09-21 11:05:00,28.71,28.72,28.7,28.72,1300,37319.0
2026-09-21 11:06:00,28.71,28.72,28.7,28.7,3200,91858.0
2026-09-21 11:07:00,28.7,28.73,28.7,28.73,2900,83266.0
2026-09-21 11:08:00,28.73,28.75,28.73,28.75,600,17246.0
2026-09-21 11:09:00,28.75,28.75,28.75,28.75,200,5750.0
2026-09-21 11:10:00,28.75,28.75,28.75,28.75,500,14375.0
2026-09-21 11:11:00,28.77,28.82,28.77,28.82,3100,89223.0
2026-09-21 11:12:00,28.8,28.85,28.8,28.84,5100,147078.0
2026-09-21 11:13:00,28.84,28.84,28.8,28.8,600,17284.0
2026-09-21 11:15:00,28.84,28.9,28.84,28.89,6100,176079.0
2026-09-21 11:16:00,28.86,28.91,28.86,28.9,8400,242704.0
2026-09-21 11:17:00,28.9,28.91,28.87,28.9,4100,118411.0
2026-09-21 11:18:00,28.86,28.94,28.86,28.94,3000,86733.0
2026-09-21 11:19:00,28.94,28.94,28.92,28.94,5700,164870.0
2026-09-21 11:20:00,28.94,28.94,28.93,28.93,800,23145.0
2026-09-21 11:21:00,28.92,28.93,28.92,28.92,1500,43381.0
2026-09-21 11:22:00,28.92,28.92,28.9,28.9,1700,49135.0
2026-09-21 11:23:00,28.9,28.9,28.89,28.89,3900,112708.0
2026-09-21 11:24:00,28.89,28.89,28.89,28.89,2100,60669.0
2026-09-21 11:25:00,28.88,28.9,28.88,28.9,200,5778.0
2026-09-21 11:26:00,28.89,28.89,28.89,28.89,100,2889.0
2026-09-21 11:27:00,28.88,28.89,28.88,28.88,5400,155953.0
2026-09-21 11:28:00,28.88,28.91,28.88,28.9,6700,193600.0
2026-09-21 11:29:00,28.9,28.9,28.89,28.9,600,17337.0
2026-09-21 11:30:00,28.9,28.9,28.89,28.89,200,5779.0
2026-09-21 13:01:00,28.9,28.9,28.88,28.9,4200,121368.0
2026-09-21 13:02:00,28.89,28.89,28.89,28.89,2000,57780.0
2026-09-21 13:03:00,28.88,28.88,28.85,28.85,1300,37518.0
2026-09-21 13:04:00,28.87,28.87,28.85,28.85,600,17312.0
2026-09-21 13:05:00,28.87,28.87,28.85,28.87,600,17320.0
2026-09-21 13:07:00,28.86,28.86,28.85,28.85,500,14429.0
2026-09-21 13:08:00,28.85,28.85,28.85,28.85,1300,37505.0
2026-09-21 13:10:00,28.84,28.84,28.83,28.83,1300,37485.0
2026-09-21 13:11:00,28.83,28.85,28.83,28.85,2600,74995.0
2026-09-21 13:12:00,28.85,28.85,28.85,28.85,300,8655.0
2026-09-21 13:13:00,28.85,28.85,28.85,28.85,600,17310.0
2026-09-21 13:14:00,28.85,28.85,28.85,28.85,1900,54815.0
2026-09-21 13:15:00,28.84,28.84,28.84,28.84,100,2884.0
2026-09-21 13:19:00,28.84,28.84,28.84,28.84,200,5768.0
2026-09-21 13:20:00,28.84,28.84,28.84,28.84,100,2884.0
2026-09-21 13:21:00,28.83,28.84,28.82,28.84,2000,57661.0
2026-09-21 13:22:00,28.82,28.85,28.82,28.85,5900,170080.0
2026-09-21 13:23:00,28.86,28.89,28.85,28.89,1200,34639.0
2026-09-21 13:24:00,28.89,28.9,28.89,28.9,1700,49125.0
2026-09-21 13:25:00,28.89,28.89,28.88,28.88,600,17331.0
2026-09-21 13:26:00,28.88,28.88,28.88,28.88,200,5776.0
2026-09-21 13:27:00,28.88,28.89,28.88,28.89,3600,103978.0
2026-09-21 13:28:00,28.88,28.9,28.88,28.9,3200,92449.0
2026-09-21 13:29:00,28.87,28.91,28.87,28.88,9200,265868.0
2026-09-21 13:30:00,28.88,28.88,28.88,28.88,2400,69312.0
2026-09-21 13:31:00,28.9,28.91,28.9,28.91,1200,34683.0
2026-09-21 13:32:00,28.91,28.92,28.91,28.91,2000,57825.0
2026-09-21 13:33:00,28.91,28.93,28.91,28.92,3700,107024.0
2026-09-21 13:34:00,28.93,28.93,28.92,28.92,1200,34709.0
2026-09-21 13:35:00,28.92,28.96,28.92,28.96,20300,587502.0
2026-09-21 13:36:00,28.96,28.96,28.93,28.94,5300,153408.0
2026-09-21 13:37:00,28.94,28.94,28.93,28.93,2300,66543.0
2026-09-21 13:38:00,28.93,28.94,28.93,28.94,3200,92584.0
2026-09-21 13:39:00,28.93,28.93,28.93,28.93,600,17358.0
2026-09-21 13:40:00,28.93,28.93,28.93,28.93,1600,46288.0
2026-09-21 13:41:00,28.94,28.94,28.93,28.93,400,11573.0
2026-09-21 13:42:00,28.93,28.93,28.92,28.92,3300,95462.0
2026-09-21 13:43:00,28.91,28.92,28.91,28.91,1800,52049.0
2026-09-21 13:44:00,28.91,28.91,28.91,28.91,700,20237.0
2026-09-21 13:45:00,28.91,28.91,28.9,28.91,1200,34691.0
2026-09-21 13:46:00,28.92,28.92,28.92,28.92,100,2892.0
2026-09-21 13:47:00,28.91,28.91,28.91,28.91,100,2891.0
2026-09-21 13:48:00,28.91,28.91,28.91,28.91,100,2891.0
2026-09-21 13:49:00,28.91,28.92,28.91,28.91,400,11565.0
2026-09-21 13:50:00,28.91,28.92,28.89,28.9,8000,231231.0
2026-09-21 13:51:00,28.9,28.9,28.9,28.9,800,23120.0
2026-09-21 13:52:00,28.9,28.9,28.89,28.89,1000,28895.0
2026-09-21 13:53:00,28.88,28.89,28.88,28.89,3300,95309.0
2026-09-21 13:54:00,28.89,28.93,28.88,28.93,17100,494496.0
2026-09-21 13:55:00,28.92,28.94,28.92,28.94,2800,80989.0
2026-09-21 13:56:00,28.93,28.95,28.93,28.95,7700,222851.0
2026-09-21 13:57:00,28.96,28.97,28.96,28.97,2600,75304.0
2026-09-21 13:58:00,28.97,29.0,28.97,28.97,15700,455107.0
2026-09-21 13:59:00,28.97,28.98,28.97,28.98,2600,75323.0
2026-09-21 14:00:00,28.97,28.97,28.95,28.96,5400,156416.0
2026-09-21 14:01:00,28.96,28.97,28.93,28.96,1100,31854.0
2026-09-21 14:02:00,28.95,28.96,28.95,28.96,900,26063.0
2026-09-21 14:03:00,28.96,28.96,28.95,28.95,900,26057.0
2026-09-21 14:04:00,28.93,28.94,28.93,28.94,400,11574.0
2026-09-21 14:05:00,28.93,28.95,28.93,28.95,1500,43421.0
2026-09-21 14:06:00,28.94,28.94,28.94,28.94,1700,49198.0
2026-09-21 14:07:00,28.93,28.93,28.93,28.93,300,8679.0
2026-09-21 14:09:00,28.93,28.93,28.93,28.93,400,11572.0
2026-09-21 14:10:00,28.93,28.94,28.93,28.94,5000,144653.0
2026-09-21 14:11:00,28.93,28.93,28.93,28.93,400,11572.0
2026-09-21 14:12:00,28.94,28.94,28.93,28.93,500,14469.0
2026-09-21 14:13:00,28.93,28.93,28.93,28.93,500,14465.0
2026-09-21 14:14:00,28.93,28.94,28.93,28.94,900,26045.0
2026-09-21 14:15:00,28.93,28.93,28.91,28.91,1600,46272.0
2026-09-21 14:16:00,28.92,28.92,28.9,28.9,5000,144543.0
2026-09-21 14:17:00,28.9,28.91,28.88,28.88,5300,153120.0
2026-09-21 14:18:00,28.88,28.89,28.87,28.87,3400,98181.0
2026-09-21 14:19:00,28.88,28.88,28.85,28.85,2400,69287.0
2026-09-21 14:20:00,28.85,28.88,28.85,28.86,4200,121214.0
2026-09-21 14:21:00,28.86,28.89,28.86,28.87,2700,77931.0
2026-09-21 14:22:00,28.86,28.86,28.84,28.84,3000,86533.0
2026-09-21 14:23:00,28.84,28.89,28.84,28.89,5100,147182.0
2026-09-21 14:24:00,28.87,28.87,28.85,28.87,2800,80832.0
2026-09-21 14:25:00,28.85,28.85,28.85,28.85,4700,135595.0
2026-09-21 14:26:00,28.85,28.85,28.84,28.84,2200,63467.0
2026-09-21 14:27:00,28.86,28.9,28.85,28.9,2500,72211.0
2026-09-21 14:28:00,28.9,28.9,28.86,28.87,500,14440.0
2026-09-21 14:29:00,28.9,28.92,28.9,28.91,600,17345.0
2026-09-21 14:30:00,28.9,28.91,28.9,28.91,800,23127.0
2026-09-21 14:31:00,28.89,28.89,28.89,28.89,300,8667.0
2026-09-21 14:32:00,28.92,28.94,28.89,28.89,1400,40499.0
2026-09-21 14:33:00,28.89,28.89,28.88,28.88,600,17333.0
2026-09-21 14:34:00,28.88,28.89,28.88,28.89,900,25996.0
2026-09-21 14:35:00,28.89,28.9,28.89,28.9,700,20229.0
2026-09-21 14:36:00,28.92,28.92,28.92,28.92,200,5784.0
2026-09-21 14:37:00,28.9,28.9,28.9,28.9,2400,69360.0
2026-09-21 14:38:00,28.91,28.92,28.9,28.9,4400,127225.0
2026-09-21 14:39:00,28.91,28.92,28.9,28.9,1100,31797.0
2026-09-21 14:40:00,28.91,28.92,28.9,28.9,5300,153175.0
2026-09-21 14:41:00,28.89,28.89,28.86,28.86,700,20215.0
2026-09-21 14:42:00,28.86,28.9,28.86,28.9,2300,66440.0
2026-09-21 14:43:00,28.86,28.89,28.86,28.86,2900,83714.0
2026-09-21 14:44:00,28.88,28.9,28.87,28.88,2200,63542.0
2026-09-21 14:45:00,28.9,28.91,28.87,28.87,2900,83786.0
2026-09-21 14:46:00,28.87,28.9,28.87,28.9,4190,121044.198
2026-09-21 14:47:00,28.91,28.91,28.88,28.9,2600,75139.0
2026-09-21 14:48:00,28.9,28.9,28.88,28.89,5283,152603.0393
2026-09-21 14:49:00,28.88,28.91,28.88,28.89,8900,257186.999
2026-09-21 14:50:00,28.91,28.92,28.89,28.9,3000,86724.0
2026-09-21 14:51:00,28.9,28.9,28.88,28.9,2500,72232.0
2026-09-21 14:52:00,28.89,28.89,28.88,28.89,5100,147335.0
2026-09-21 14:53:00,28.89,28.89,28.87,28.87,9400,271470.2663
2026-09-21 14:54:00,28.87,28.89,28.87,28.88,13900,401466.0
2026-09-21 14:55:00,28.88,28.91,28.88,28.9,12000,346720.0
2026-09-21 14:56:00,28.88,28.91,28.88,28.9,5100,147381.0
2026-09-21 14:57:00,28.91,28.91,28.89,28.9,4300,124284.0
2026-09-21 15:00:00,28.9,28.9,28.9,28.9,18300,528870.0
2026-09-22 09:31:00,28.9,29.16,28.9,28.95,44800,1299635.0
2026-09-22 09:32:00,28.95,29.04,28.95,29.01,3800,110223.0
2026-09-22 09:33:00,29.02,29.08,29.0,29.06,13200,383449.002
2026-09-22 09:34:00,29.02,29.05,28.97,28.98,14400,417659.0
2026-09-22 09:35:00,28.96,28.96,28.94,28.95,5500,159231.0
2026-09-22 09:36:00,28.94,28.99,28.93,28.97,8200,237398.0
2026-09-22 09:37:00,28.98,29.05,28.98,29.03,10800,313296.0
2026-09-22 09:38:00,29.02,29.04,29.0,29.01,21700,629533.0
2026-09-22 09:39:00,29.01,29.03,28.97,29.0,9900,287169.0
2026-09-22 09:40:00,29.03,29.04,29.0,29.02,8800,255342.0
2026-09-22 09:41:00,29.02,29.05,29.02,29.05,7400,214867.0
2026-09-22 09:42:00,29.03,29.03,29.03,29.03,1100,31933.0
2026-09-22 09:43:00,29.02,29.03,29.0,29.0,7000,203015.0
2026-09-22 09:44:00,28.99,29.03,28.99,29.03,6700,194429.0
2026-09-22 09:45:00,29.05,29.07,29.05,29.07,8200,238233.0
2026-09-22 09:46:00,29.07,29.08,29.07,29.07,1400,40705.0
2026-09-22 09:47:00,29.06,29.07,29.06,29.07,5000,145330.0
2026-09-22 09:48:00,29.07,29.08,29.06,29.06,2900,84289.0
2026-09-22 09:49:00,29.06,29.1,29.06,29.1,10200,296652.0
2026-09-22 09:50:00,29.1,29.1,29.06,29.08,1500,43622.0
2026-09-22 09:51:00,29.08,29.08,29.05,29.07,1800,52327.0
2026-09-22 09:52:00,29.06,29.11,29.06,29.11,5900,171612.0
2026-09-22 09:53:00,29.12,29.12,29.11,29.12,2800,81526.0
2026-09-22 09:54:00,29.12,29.13,29.08,29.08,16200,471626.0
2026-09-22 09:55:00,29.09,29.09,29.06,29.09,1500,43626.0
2026-09-22 09:56:00,29.08,29.1,29.07,29.09,4000,116356.0
2026-09-22 09:57:00,29.12,29.13,29.09,29.09,4600,133888.0
2026-09-22 09:58:00,29.11,29.13,29.11,29.13,5600,163038.0
2026-09-22 09:59:00,29.12,29.12,29.09,29.1,8100,235673.0
2026-09-22 10:00:00,29.09,29.09,29.05,29.05,2200,63942.0
2026-09-22 10:01:00,29.03,29.07,29.02,29.07,1900,55164.0
2026-09-22 10:02:00,29.05,29.05,29.04,29.04,1800,52281.0
2026-09-22 10:03:00,29.05,29.07,29.04,29.07,11300,328263.0
2026-09-22 10:04:00,29.04,29.06,29.04,29.04,1100,31946.0
2026-09-22 10:05:00,29.04,29.04,29.03,29.04,4100,119051.0
2026-09-22 10:06:00,29.03,29.04,29.02,29.02,10500,304815.0
2026-09-22 10:07:00,29.04,29.06,29.02,29.03,31200,906150.0039
2026-09-22 10:08:00,29.03,29.05,29.02,29.05,4100,119059.0
2026-09-22 10:09:00,29.06,29.06,29.02,29.05,3300,95788.0
2026-09-22 10:10:00,29.05,29.05,29.03,29.03,400,11616.0
2026-09-22 10:11:00,29.05,29.09,29.05,29.09,3800,110476.0
2026-09-22 10:12:00,29.09,29.09,29.08,29.08,2800,81449.0
2026-09-22 10:13:00,29.09,29.09,29.09,29.09,4900,142541.0
2026-09-22 10:14:00,29.09,29.09,29.09,29.09,1400,40726.0
2026-09-22 10:15:00,29.09,29.09,29.09,29.09,100,2909.0
2026-09-22 10:16:00,29.09,29.09,29.07,29.08,8600,250089.0
2026-09-22 10:17:00,29.09,29.09,29.07,29.07,600,17446.0
2026-09-22 10:18:00,29.08,29.09,29.08,29.09,500,14542.0
2026-09-22 10:19:00,29.09,29.1,29.09,29.1,4900,142566.0
2026-09-22 10:20:00,29.1,29.12,29.1,29.12,2900,84416.0
2026-09-22 10:21:00,29.1,29.14,29.1,29.14,8800,256310.0
2026-09-22 10:22:00,29.14,29.14,29.13,29.13,9000,262208.0
2026-09-22 10:23:00,29.14,29.15,29.12,29.13,10700,311741.0
2026-09-22 10:24:00,29.15,29.15,29.13,29.14,5500,160268.0
2026-09-22 10:25:00,29.15,29.2,29.15,29.2,59600,1738553.0
2026-09-22 10:26:00,29.2,29.2,29.18,29.19,2600,75899.0
2026-09-22 10:27:00,29.19,29.2,29.17,29.18,17600,513623.0
2026-09-22 10:28:00,29.17,29.17,29.14,29.16,4700,137037.0
2026-09-22 10:29:00,29.14,29.18,29.13,29.18,5300,154571.0
2026-09-22 10:30:00,29.18,29.18,29.17,29.17,5800,169200.0
2026-09-22 10:31:00,29.16,29.17,29.14,29.17,1500,43723.0
2026-09-22 10:32:00,29.14,29.15,29.14,29.15,400,11659.0
2026-09-22 10:33:00,29.15,29.15,29.13,29.13,3200,93233.0
2026-09-22 10:34:00,29.13,29.13,29.12,29.12,9400,273756.0
2026-09-22 10:35:00,29.12,29.13,29.12,29.12,2000,58242.0
2026-09-22 10:36:00,29.11,29.11,29.11,29.11,1000,29110.0
2026-09-22 10:37:00,29.11,29.13,29.11,29.13,1100,32023.0
2026-09-22 10:38:00,29.13,29.17,29.13,29.17,17200,501067.0
2026-09-22 10:39:00,29.17,29.18,29.16,29.16,2700,78772.0
2026-09-22 10:40:00,29.16,29.16,29.15,29.15,4900,142864.0
2026-09-22 10:41:00,29.15,29.16,29.15,29.15,6900,201174.0
2026-09-22 10:42:00,29.16,29.17,29.15,29.15,1600,46651.0
2026-09-22 10:43:00,29.14,29.15,29.07,29.07,22900,666436.0
2026-09-22 10:44:00,29.07,29.07,29.06,29.06,2900,84293.0
2026-09-22 10:45:00,29.06,29.06,29.06,29.06,300,8718.0
2026-09-22 10:46:00,29.06,29.06,29.06,29.06,100,2906.0
2026-09-22 10:47:00,29.09,29.1,29.06,29.1,5400,157078.0
2026-09-22 10:48:00,29.06,29.06,29.06,29.06,300,8718.0
2026-09-22 10:50:00,29.07,29.1,29.06,29.07,5400,156984.0
2026-09-22 10:51:00,29.1,29.1,29.07,29.07,1300,37821.0
2026-09-22 10:52:00,29.07,29.1,29.07,29.1,900,26172.0
2026-09-22 10:53:00,29.09,29.09,29.0,29.0,14700,427007.0
2026-09-22 10:54:00,29.01,29.01,29.01,29.01,300,8703.0
2026-09-22 10:55:00,29.05,29.05,29.02,29.04,2400,69671.0
2026-09-22 10:56:00,29.02,29.04,29.02,29.04,1600,46447.0
2026-09-22 10:57:00,29.04,29.04,29.02,29.02,300,8710.0
2026-09-22 10:58:00,29.02,29.06,29.02,29.06,8100,235231.002
2026-09-22 10:59:00,29.06,29.08,29.04,29.04,3400,98786.0
2026-09-22 11:01:00,29.05,29.08,29.04,29.08,2000,58109.0
2026-09-22 11:02:00,29.04,29.08,29.04,29.08,1600,46476.0
2026-09-22 11:03:00,29.08,29.08,29.04,29.04,4900,142456.0
2026-09-22 11:04:00,29.04,29.04,29.04,29.04,400,11616.0
2026-09-22 11:05:00,29.04,29.07,29.03,29.03,4600,133573.0
2026-09-22 11:08:00,29.04,29.07,29.02,29.02,2200,63868.0
2026-09-22 11:09:00,29.02,29.06,29.02,29.06,1500,43538.0
2026-09-22 11:10:00,29.03,29.03,29.02,29.02,1500,43540.0
2026-09-22 11:11:00,29.02,29.02,29.01,29.01,7300,211831.0
2026-09-22 11:12:00,29.05,29.05,29.02,29.05,800,23237.0
2026-09-22 11:14:00,29.05,29.05,29.05,29.05,200,5810.0
2026-09-22 11:15:00,29.05,29.05,29.05,29.05,4200,122010.0
2026-09-22 11:16:00,29.06,29.06,29.02,29.02,400,11617.0
2026-09-22 11:17:00,29.02,29.06,29.01,29.01,2900,84160.0
2026-09-22 11:18:00,29.01,29.05,29.01,29.05,400,11612.0
2026-09-22 11:19:00,29.01,29.05,29.01,29.05,1200,34848.0
2026-09-22 11:20:00,29.05,29.05,28.98,29.02,18700,542446.0
2026-09-22 11:21:00,28.98,28.99,28.95,28.95,4600,133237.0
2026-09-22 11:22:00,29.0,29.02,28.96,28.96,9100,263846.0
2026-09-22 11:23:00,28.96,29.02,28.96,29.02,1200,34788.0
2026-09-22 11:24:00,29.0,29.01,29.0,29.0,2200,63816.0
2026-09-22 11:25:00,29.0,29.0,29.0,29.0,400,11600.0
2026-09-22 11:26:00,29.0,29.0,28.98,28.98,4000,115987.0
2026-09-22 11:27:00,28.98,28.98,28.98,28.98,100,2898.0
2026-09-22 11:28:00,28.98,28.98,28.98,28.98,3800,110124.0
2026-09-22 11:29:00,28.98,28.98,28.97,28.97,1300,37672.0
2026-09-22 11:30:00,29.0,29.0,28.97,29.0,1600,46367.0
2026-09-22 13:01:00,29.0,29.01,28.96,28.97,13800,399880.0
2026-09-22 13:02:00,28.97,28.97,28.97,28.97,100,2897.0
2026-09-22 13:03:00,28.98,28.99,28.98,28.99,700,20292.0
2026-09-22 13:05:00,29.0,29.07,29.0,29.06,14700,426717.0
2026-09-22 13:06:00,29.06,29.06,29.05,29.05,1200,34869.0
2026-09-22 13:07:00,29.05,29.05,29.02,29.02,2100,60990.0
2026-09-22 13:08:00,29.02,29.06,29.02,29.05,1400,40668.0
2026-09-22 13:09:00,29.05,29.06,29.05,29.06,1100,31963.0
2026-09-22 13:10:00,29.06,29.06,29.06,29.06,3600,104616.0
2026-09-22 13:11:00,29.06,29.07,29.06,29.07,3100,90088.0
2026-09-22 13:12:00,29.07,29.07,29.05,29.05,1400,40672.0
2026-09-22 13:13:00,29.06,29.09,29.06,29.07,2600,75590.0
2026-09-22 13:14:00,29.08,29.09,29.08,29.09,200,5817.0
2026-09-22 13:15:00,29.09,29.09,29.09,29.09,300,8727.0
2026-09-22 13:16:00,29.07,29.07,29.05,29.05,2800,81372.0
2026-09-22 13:17:00,29.06,29.06,29.05,29.05,3600,104591.0
2026-09-22 13:18:00,29.06,29.07,29.06,29.07,2100,61028.0
2026-09-22 13:19:00,29.05,29.05,29.02,29.02,3400,98752.0
2026-09-22 13:20:00,29.02,29.02,29.0,29.0,800,23208.0
2026-09-22 13:21:00,29.0,29.0,28.98,28.99,2900,84078.0
2026-09-22 13:22:00,29.0,29.01,29.0,29.0,2700,78305.0
2026-09-22 13:23:00,29.0,29.0,29.0,29.0,100,2900.0
2026-09-22 13:24:00,29.0,29.01,29.0,29.01,500,14504.0
2026-09-22 13:25:00,29.02,29.05,29.02,29.05,1200,34854.0
2026-09-22 13:26:00,29.02,29.05,29.02,29.05,700,20332.0
2026-09-22 13:27:00,29.03,29.03,29.01,29.01,5000,145130.0
2026-09-22 13:28:00,29.02,29.03,29.01,29.01,1400,40617.0
2026-09-22 13:29:00,29.03,29.03,29.01,29.01,700,20311.0
2026-09-22 13:30:00,29.0,29.0,29.0,29.0,800,23200.0
2026-09-22 13:31:00,29.01,29.03,29.0,29.03,1900,55120.0
2026-09-22 13:32:00,29.02,29.03,29.01,29.01,2200,63842.0
2026-09-22 13:33:00,29.01,29.01,29.0,29.0,300,8702.0
2026-09-22 13:34:00,29.0,29.0,29.0,29.0,1900,55100.0
2026-09-22 13:35:00,29.0,29.0,28.99,28.99,2000,57998.0
2026-09-22 13:36:00,28.98,28.98,28.98,28.98,400,11592.0
2026-09-22 13:37:00,28.98,29.03,28.98,29.03,5500,159475.0
2026-09-22 13:38:00,29.0,29.03,29.0,29.03,2500,72560.0
2026-09-22 13:39:00,29.03,29.03,29.03,29.03,100,2903.0
2026-09-22 13:40:00,29.03,29.03,29.03,29.03,1200,34836.0
2026-09-22 13:41:00,29.03,29.07,29.03,29.07,7300,212028.0
2026-09-22 13:43:00,29.07,29.07,29.04,29.04,3000,87149.0
2026-09-22 13:44:00,29.07,29.09,29.07,29.09,14400,418654.0
2026-09-22 13:45:00,29.09,29.09,29.06,29.06,1400,40712.0
2026-09-22 13:47:00,29.09,29.09,29.07,29.07,400,11632.0
2026-09-22 13:48:00,29.08,29.08,29.08,29.08,1900,55252.0
2026-09-22 13:49:00,29.09,29.09,29.08,29.08,700,20361.0
2026-09-22 13:50:00,29.08,29.08,29.07,29.07,3500,101768.0
2026-09-22 13:51:00,29.08,29.08,29.07,29.07,900,26165.0
2026-09-22 13:52:00,29.07,29.14,29.07,29.13,12700,369568.0
2026-09-22 13:53:00,29.13,29.13,29.1,29.11,4000,116466.0
2026-09-22 13:54:00,29.1,29.1,29.1,29.1,300,8730.0
2026-09-22 13:55:00,29.1,29.12,29.1,29.1,2473,71968.3
2026-09-22 13:56:00,29.09,29.1,29.09,29.1,300,8729.0
2026-09-22 13:57:00,29.09,29.09,29.09,29.09,400,11636.0
2026-09-22 13:58:00,29.09,29.12,29.09,29.12,900,26205.0
2026-09-22 13:59:00,29.09,29.14,29.09,29.14,8200,238747.0
2026-09-22 14:00:00,29.14,29.16,29.13,29.15,10600,308920.0
2026-09-22 14:01:00,29.13,29.13,29.09,29.09,2700,78631.0
2026-09-22 14:02:00,29.09,29.09,29.08,29.09,900,26180.0
2026-09-22 14:03:00,29.09,29.11,29.05,29.05,15800,459466.0
2026-09-22 14:04:00,29.07,29.13,29.05,29.13,10000,290964.0
2026-09-22 14:05:00,29.13,29.14,29.13,29.14,700,20397.0
2026-09-22 14:06:00,29.13,29.14,29.12,29.14,4600,134025.0
2026-09-22 14:07:00,29.14,29.15,29.14,29.15,8300,241899.0
2026-09-22 14:08:00,29.13,29.15,29.13,29.15,500,14571.0
2026-09-22 14:09:00,29.15,29.15,29.15,29.15,2300,67045.0
2026-09-22 14:10:00,29.16,29.18,29.15,29.18,11900,347016.0
2026-09-22 14:11:00,29.18,29.18,29.14,29.14,3600,104948.0
2026-09-22 14:12:00,29.14,29.15,29.14,29.15,1600,46632.0
2026-09-22 14:13:00,29.15,29.19,29.14,29.17,21600,630129.0
2026-09-22 14:14:00,29.17,29.17,29.15,29.16,6200,180837.0
2026-09-22 14:15:00,29.15,29.15,29.15,29.15,700,20405.0
2026-09-22 14:16:00,29.14,29.17,29.11,29.17,9700,282823.0
2026-09-22 14:17:00,29.16,29.17,29.16,29.17,300,8750.0
2026-09-22 14:18:00,29.14,29.17,29.14,29.17,4300,125389.0
2026-09-22 14:19:00,29.17,29.2,29.17,29.17,21600,630408.0
2026-09-22 14:20:00,29.17,29.18,29.17,29.17,600,17503.0
2026-09-22 14:21:00,29.17,29.2,29.17,29.2,11855,346067.4492
2026-09-22 14:22:00,29.19,29.21,29.19,29.19,28400,829268.0
2026-09-22 14:23:00,29.19,29.21,29.19,29.21,4700,137282.0
2026-09-22 14:24:00,29.21,29.22,29.2,29.22,4900,143137.0
2026-09-22 14:25:00,29.22,29.22,29.22,29.22,1200,35064.0
2026-09-22 14:26:00,29.2,29.2,29.2,29.2,600,17520.0
2026-09-22 14:27:00,29.2,29.22,29.2,29.21,2600,75923.0
2026-09-22 14:28:00,29.21,29.21,29.2,29.21,1500,43808.0
2026-09-22 14:29:00,29.2,29.21,29.19,29.21,10100,294919.0
2026-09-22 14:30:00,29.2,29.2,29.18,29.2,1800,52551.0
2026-09-22 14:31:00,29.18,29.2,29.18,29.18,2400,70038.0
2026-09-22 14:32:00,29.18,29.19,29.16,29.16,2500,72941.0
2026-09-22 14:33:00,29.15,29.17,29.12,29.14,4800,139879.0
2026-09-22 14:34:00,29.14,29.17,29.14,29.17,4800,139927.0
2026-09-22 14:35:00,29.15,29.17,29.15,29.17,4900,142899.0
2026-09-22 14:36:00,29.16,29.2,29.16,29.2,7100,207226.0
2026-09-22 14:37:00,29.2,29.21,29.17,29.17,7700,224845.0
2026-09-22 14:38:00,29.2,29.23,29.18,29.23,21800,636793.0
2026-09-22 14:39:00,29.23,29.24,29.22,29.24,6500,189994.0
2026-09-22 14:40:00,29.23,29.25,29.22,29.25,7300,213441.0
2026-09-22 14:41:00,29.24,29.25,29.23,29.23,8600,251459.0
2026-09-22 14:42:00,29.24,29.24,29.23,29.23,5500,160804.0
2026-09-22 14:43:00,29.22,29.23,29.22,29.23,5200,151960.0
2026-09-22 14:44:00,29.23,29.23,29.21,29.21,8300,242576.0
2026-09-22 14:45:00,29.21,29.23,29.2,29.2,1700,49654.0
2026-09-22 14:46:00,29.22,29.25,29.22,29.25,8400,245575.0
2026-09-22 14:47:00,29.25,29.25,29.24,29.25,2600,76044.0
2026-09-22 14:48:00,29.25,29.28,29.25,29.28,23600,690759.0
2026-09-22 14:49:00,29.28,29.29,29.27,29.29,6400,187396.0
2026-09-22 14:50:00,29.29,29.29,29.28,29.28,10900,319254.0
2026-09-22 14:51:00,29.29,29.29,29.27,29.28,6600,193275.0
2026-09-22 14:52:00,29.28,29.29,29.25,29.26,58100,1700475.8595
2026-09-22 14:53:00,29.27,29.27,29.25,29.27,4000,117058.0
2026-09-22 14:54:00,29.26,29.29,29.26,29.28,8600,251771.0
2026-09-22 14:55:00,29.27,29.29,29.25,29.26,25200,737746.0
2026-09-22 14:56:00,29.28,29.29,29.26,29.27,11400,333743.0
2026-09-22 14:57:00,29.28,29.28,29.24,29.27,19700,576455.0
2026-09-22 15:00:00,29.27,29.27,29.27,29.27,14300,418561.0
