date,open,high,low,close,volume,amount
2007-04-30,2.95,2.99,2.65,2.73,20737497.0,1365189211.0
2007-05-08,2.8,2.86,2.65,2.69,8629889.0,556319803.0
2007-05-09,2.67,2.69,2.51,2.61,9382251.0,578206498.0
2007-05-10,2.59,2.71,2.57,2.63,4772011.0,299922582.0
2007-05-11,2.61,2.61,2.51,2.55,3927313.0,237312641.0
2007-05-14,2.5,2.58,2.48,2.54,4225918.0,254487635.0
2007-05-15,2.54,2.55,2.44,2.45,3561509.0,210965193.0
2007-05-16,2.45,2.6,2.45,2.57,3789911.0,228617414.0
2007-05-17,2.6,2.66,2.57,2.66,3756792.0,233227667.0
2007-05-18,2.67,2.67,2.61,2.61,3374691.0,211636802.0
2007-05-21,2.52,2.63,2.52,2.6,3099305.0,190789897.0
2007-05-22,2.61,2.62,2.58,2.58,3938453.0,244051768.0
2007-05-23,2.59,2.76,2.55,2.69,4766617.0,299214666.0
2007-05-24,2.69,2.7,2.61,2.65,2273622.0,143333539.0
2007-05-25,2.64,2.73,2.61,2.7,3608156.0,230610491.0
2007-05-28,2.7,2.82,2.7,2.78,2962353.0,195512470.0
2007-05-29,2.78,3.06,2.78,3.06,4705210.0,334481964.0
2007-05-30,2.89,3.3,2.89,3.12,7362511.0,547867088.0
2007-05-31,3.12,3.28,2.9,3.15,4817148.0,359545572.0
2007-06-01,3.14,3.25,3.07,3.13,3496386.0,265019118.0
2007-06-04,3.13,3.16,2.9,2.96,3731951.0,267353723.0
2007-06-05,2.91,3.03,2.71,3.01,5017160.0,341039813.0
2007-06-06,2.99,3.17,2.9,3.1,4907529.0,357545844.0
2007-06-07,3.08,3.28,3.07,3.27,3822452.0,291408633.0
2007-06-08,3.27,3.28,3.18,3.26,2397745.0,184609181.0
2007-06-11,3.24,3.53,3.22,3.49,2702841.0,221016948.0
2007-06-12,3.49,3.58,3.38,3.56,3039112.0,253432131.0
2007-06-13,3.54,3.64,3.52,3.62,2527743.0,215341269.0
2007-06-15,3.52,3.85,3.52,3.66,3040831.0,266783697.0
2007-06-18,3.67,3.75,3.62,3.64,2082058.0,181648773.0
2007-06-19,3.64,3.66,3.53,3.55,2444348.0,207186517.0
2007-06-20,3.53,3.66,3.52,3.55,2075375.0,178049017.0
2007-06-21,3.54,3.66,3.54,3.61,1930034.0,165177045.0
2007-06-22,3.6,3.6,3.32,3.38,2108963.0,173036592.0
2007-06-25,3.39,3.45,3.22,3.29,1856448.0,147123316.0
2007-06-26,3.21,3.37,3.2,3.31,940402.0,73493920.0
2007-06-27,3.37,3.58,3.31,3.49,2586894.0,210650566.0
2007-06-28,3.5,3.54,3.3,3.3,1280876.0,104536430.0
2007-07-02,3.3,3.35,3.2,3.28,1231522.0,95427371.0
2007-07-03,3.28,3.38,3.27,3.35,1362821.0,108267057.0
2007-07-04,3.28,3.37,3.28,3.32,975169.0,77139916.0
2007-07-05,3.27,3.35,3.24,3.27,1680680.0,131891389.0
2007-07-06,3.28,3.3,3.12,3.28,1056818.0,80631521.0
2007-07-09,3.27,3.33,3.27,3.3,806667.0,63388974.0
2007-07-10,3.3,3.33,3.2,3.23,1150329.0,88289774.0
2007-07-11,3.23,3.23,3.17,3.2,1199689.0,91195614.0
2007-07-12,3.19,3.22,3.16,3.17,411223.0,31133901.0
2007-07-13,3.17,3.26,3.14,3.2,715165.0,54201947.0
2007-07-16,3.21,3.29,3.16,3.16,607171.0,46024524.0
2007-07-17,3.14,3.18,3.14,3.16,731686.0,54949278.0
2007-07-18,3.16,3.29,3.16,3.27,1389708.0,107531428.0
2007-07-19,3.24,3.28,3.21,3.26,348483.0,26871658.0
2007-07-20,3.26,3.37,3.26,3.35,1563601.0,123359668.0
2007-07-23,3.4,3.49,3.37,3.37,3557060.0,287789126.0
2007-07-24,3.41,3.41,3.35,3.38,3321394.0,266145287.0
2007-07-25,3.41,3.41,3.28,3.36,3654472.0,286959996.0
2007-07-26,3.36,3.38,3.29,3.31,2529579.0,200322189.0
2007-07-27,3.31,3.37,3.28,3.32,2790328.0,219508347.0
2007-07-30,3.31,3.41,3.31,3.38,2756149.0,220767172.0
2007-07-31,3.38,3.49,3.38,3.48,2503996.0,205289561.0
2007-08-01,3.49,3.52,3.33,3.33,2504607.0,201999101.0
2007-08-02,3.35,3.46,3.26,3.3,4189736.0,332697257.0
2007-08-03,3.36,3.46,3.31,3.44,4578398.0,372840528.0
2007-08-06,3.46,3.62,3.46,3.53,3042549.0,257814920.0
2007-08-07,3.53,3.7,3.47,3.63,3608368.0,308661781.0
2007-08-08,3.56,3.67,3.49,3.62,4009058.0,340213796.0
2007-08-09,3.62,3.97,3.58,3.86,3295461.0,298710611.0
2007-08-10,3.89,3.89,3.69,3.84,2492743.0,224909502.0
2007-08-13,3.79,3.83,3.66,3.66,2511923.0,222172723.0
2007-08-14,3.67,3.72,3.62,3.69,1193214.0,103685857.0
2007-08-15,3.69,3.8,3.62,3.67,1347547.0,118574110.0
2007-08-16,3.67,3.67,3.53,3.58,2220973.0,188180621.0
2007-08-17,3.54,3.62,3.52,3.52,1949342.0,164993380.0
2007-08-20,3.6,3.67,3.56,3.63,1765756.0,151432203.0
2007-08-21,3.62,3.74,3.56,3.64,3168657.0,274466934.0
2007-08-23,3.72,3.81,3.64,3.79,3697389.0,327886758.0
2007-08-24,3.84,4.16,3.84,4.16,3903283.0,375833778.0
2007-08-27,4.21,4.27,4.03,4.08,3034511.0,298717956.0
2007-08-28,4.1,4.21,3.96,4.08,3418973.0,331501684.0
2007-08-29,4.19,4.3,4.07,4.07,4833925.0,479838737.0
2007-08-30,4.09,4.28,4.01,4.22,3482172.0,346254137.0
2007-08-31,4.23,4.53,4.14,4.45,3660778.0,382259049.0
2007-09-03,4.44,4.61,4.34,4.36,3260883.0,342586363.0
2007-09-04,4.34,4.36,4.09,4.11,5255495.0,520740550.0
2007-09-05,4.09,4.21,4.07,4.14,1811580.0,178406911.0
2007-09-06,4.19,4.21,4.09,4.11,2157578.0,211232270.0
2007-09-07,4.07,4.11,3.96,3.99,3095094.0,293508343.0
2007-09-10,3.96,4.17,3.95,4.13,1825623.0,175745931.0
2007-09-11,4.14,4.2,3.88,3.88,2650669.0,257186053.0
2007-09-12,3.88,3.98,3.79,3.94,2035430.0,187961521.0
2007-09-13,3.93,4.07,3.88,4.06,2408643.0,229533842.0
2007-09-14,4.1,4.33,4.09,4.26,2851708.0,286101197.0
2007-09-17,4.26,4.3,4.12,4.16,2482088.0,245324454.0
2007-09-18,4.15,4.15,3.95,4.01,3012728.0,286640718.0
2007-09-19,4.01,4.04,3.87,3.92,2883145.0,267413573.0
2007-09-20,3.94,4.0,3.91,3.99,4610450.0,433167913.0
2007-09-21,3.98,3.98,3.88,3.94,3393112.0,314962492.0
2007-09-24,3.94,3.96,3.79,3.83,2319952.0,211412861.0
2007-09-25,3.86,3.86,3.72,3.74,4334149.0,387177437.0
2007-09-26,3.75,3.86,3.71,3.75,2579464.0,230264970.0
2007-09-27,3.76,3.84,3.73,3.81,2386703.0,214147915.0
2007-09-28,3.88,4.0,3.82,3.95,2726885.0,252564695.0
2007-10-08,4.05,4.1,3.9,3.9,3649671.0,343727898.0
2007-10-09,3.89,3.89,3.79,3.82,3314695.0,300095233.0
2007-10-10,3.84,3.97,3.79,3.88,5685447.0,523758671.0
2007-10-11,3.88,3.89,3.79,3.82,3371184.0,305403100.0
2007-10-12,3.86,4.16,3.79,4.1,6728923.0,631664854.0
2007-10-15,4.14,4.3,4.05,4.22,7811913.0,778275824.0
2007-10-16,4.26,4.3,4.13,4.14,3952240.0,393301785.0
2007-10-17,4.1,4.21,4.08,4.11,2924805.0,287252961.0
2007-10-18,4.13,4.22,3.92,3.96,2877513.0,275390150.0
2007-10-19,4.0,4.02,3.84,3.86,3240289.0,300676452.0
2007-10-22,3.81,3.92,3.75,3.79,2796389.0,253839739.0
2007-10-23,3.79,3.86,3.72,3.84,2144398.0,192612965.0
2007-10-24,3.85,3.95,3.79,3.88,3102786.0,284267309.0
2007-10-25,3.88,4.07,3.75,3.99,4534533.0,421307389.0
2007-10-26,3.96,4.1,3.88,3.97,4200026.0,398024339.0
2007-10-29,4.03,4.11,3.92,3.95,3289985.0,311178666.0
2007-10-30,4.0,4.13,3.95,4.12,4181957.0,403459369.0
2007-10-31,4.18,4.34,4.14,4.18,6672799.0,671842323.0
2007-11-01,4.17,4.42,4.14,4.33,5553418.0,562759515.0
2007-11-02,4.26,4.34,4.1,4.13,4392360.0,440620509.0
2007-11-05,4.09,4.55,4.06,4.42,6587236.0,680487686.0
2007-11-06,4.41,4.41,3.98,4.03,7202982.0,703442547.0
2007-11-07,4.0,4.07,3.84,3.88,4409908.0,408595508.0
2007-11-08,3.9,3.92,3.65,3.66,4999480.0,448805873.0
2007-11-09,3.71,3.82,3.65,3.72,3359660.0,297722553.0
2007-11-12,3.66,3.73,3.45,3.54,3275183.0,276042710.0
2007-11-13,3.58,3.64,3.45,3.49,2935416.0,245453511.0
2007-11-14,3.55,3.64,3.46,3.63,2351228.0,199136302.0
2007-11-15,3.63,3.65,3.54,3.55,2269755.0,193164685.0
2007-11-16,3.5,3.54,3.44,3.54,1913758.0,157386463.0
2007-11-19,3.5,3.59,3.47,3.57,1564034.0,132060907.0
2007-11-20,3.54,3.63,3.5,3.6,1913476.0,162543402.0
2007-11-21,3.63,3.68,3.56,3.57,1263834.0,108800709.0
2007-11-22,3.5,3.53,3.39,3.41,1708612.0,140272292.0
2007-11-23,3.4,3.43,3.33,3.38,1805986.0,144136962.0
2007-11-26,3.45,3.47,3.37,3.37,1487564.0,120877675.0
2007-11-27,3.36,3.36,3.25,3.29,1535579.0,120081217.0
2007-11-28,3.29,3.33,3.08,3.18,1378325.0,105807746.0
2007-11-29,3.21,3.3,3.18,3.28,1905217.0,147068968.0
2007-11-30,3.3,3.32,3.19,3.22,1622763.0,125297544.0
2007-12-03,3.22,3.31,3.19,3.27,1034125.0,79996619.0
2007-12-04,3.28,3.33,3.28,3.3,953516.0,74665598.0
2007-12-05,3.3,3.41,3.27,3.38,1388364.0,110420816.0
2007-12-06,3.39,3.43,3.33,3.34,956348.0,76587901.0
2007-12-07,3.37,3.44,3.32,3.4,1081613.0,86759516.0
2007-12-10,3.34,3.49,3.32,3.46,1829704.0,149647506.0
2007-12-11,3.46,3.55,3.46,3.49,2182776.0,181268134.0
2007-12-12,3.5,3.52,3.43,3.52,1390818.0,114453799.0
2007-12-13,3.51,3.51,3.32,3.33,2154236.0,173737912.0
2007-12-14,3.31,3.36,3.22,3.36,2099262.0,163493871.0
2007-12-17,3.35,3.35,3.28,3.29,1738726.0,136233774.0
2007-12-18,3.25,3.37,3.25,3.33,1511093.0,119432549.0
2007-12-19,3.34,3.42,3.33,3.42,1232722.0,99199158.0
2007-12-20,3.46,3.48,3.42,3.45,942947.0,77191860.0
2007-12-21,3.46,3.54,3.43,3.54,1743352.0,144556185.0
2007-12-25,3.65,3.67,3.56,3.58,2816241.0,241705928.0
2007-12-26,3.58,3.67,3.58,3.67,3042567.0,261501940.0
2007-12-27,3.69,3.72,3.67,3.68,2095855.0,183011917.0
2007-12-28,3.68,3.69,3.6,3.65,1593593.0,137066236.0
2008-01-02,3.65,3.65,3.56,3.58,2110668.0,179392808.0
2008-01-03,3.58,3.61,3.53,3.54,2690393.0,226283246.0
2008-01-04,3.55,3.66,3.55,3.64,2065786.0,177672382.0
2008-01-07,3.65,3.67,3.6,3.61,3098050.0,266216113.0
2008-01-08,3.63,3.97,3.63,3.9,7602405.0,694723963.0
2008-01-09,3.96,4.09,3.92,4.03,5847960.0,558205999.0
2008-01-10,4.03,4.08,3.96,4.04,3240773.0,309022295.0
2008-01-11,4.03,4.1,3.96,4.09,3151756.0,301829981.0
2008-01-14,4.12,4.14,4.01,4.1,3228826.0,311530834.0
2008-01-15,4.09,4.09,3.99,3.99,2461388.0,235588274.0
2008-01-16,3.92,3.98,3.76,3.78,3629605.0,332760893.0
2008-01-17,3.75,3.87,3.67,3.83,3946219.0,353885704.0
2008-01-18,3.8,3.84,3.73,3.82,1698994.0,152861014.0
2008-01-21,3.82,3.82,3.53,3.53,3264418.0,283179210.0
2008-01-22,3.37,3.47,3.19,3.2,3856268.0,301082557.0
2008-01-23,3.28,3.39,3.22,3.33,3230089.0,253507084.0
2008-01-24,3.39,3.56,3.32,3.52,3732486.0,306909671.0
2008-01-25,3.52,3.58,3.41,3.45,1655939.0,137829832.0
2008-01-28,3.41,3.58,3.32,3.48,4246285.0,345901236.0
2008-01-29,3.47,3.57,3.44,3.48,2295443.0,190069678.0
2008-01-30,3.51,3.54,3.41,3.42,1498944.0,123079484.0
2008-01-31,3.41,3.41,3.31,3.33,1314932.0,104844335.0
2008-02-01,3.29,3.37,3.1,3.24,1681656.0,128647470.0
2008-02-04,3.37,3.51,3.3,3.5,2054948.0,168437499.0
2008-02-05,3.48,3.56,3.42,3.48,1187030.0,98471499.0
2008-02-13,3.44,3.44,3.32,3.35,929614.0,74708897.0
2008-02-14,3.37,3.44,3.36,3.41,908488.0,73372332.0
2008-02-15,3.39,3.4,3.33,3.39,662029.0,52896268.0
2008-02-18,3.42,3.49,3.41,3.44,958930.0,78777227.0
2008-02-19,3.44,3.56,3.42,3.52,987904.0,81939856.0
2008-02-20,3.54,3.63,3.48,3.5,1651945.0,139376167.0
2008-02-21,3.49,3.52,3.46,3.5,1145396.0,94640067.0
2008-02-22,3.48,3.51,3.37,3.4,1185369.0,96206883.0
2008-02-25,3.44,3.44,3.21,3.21,990538.0,77334612.0
2008-02-26,3.28,3.36,3.1,3.2,1244237.0,94534249.0
2008-02-27,3.22,3.3,3.2,3.25,822080.0,63327288.0
2008-02-28,3.25,3.27,3.15,3.16,2247280.0,169469576.0
2008-02-29,3.16,3.21,3.12,3.18,1449303.0,109052251.0
2008-03-03,3.16,3.24,3.12,3.21,2664532.0,201831492.0
2008-03-04,3.25,3.25,3.1,3.11,3244471.0,242113370.0
2008-03-05,3.09,3.11,2.9,2.98,3600507.0,254392129.0
2008-03-06,2.99,3.03,2.88,2.95,4006819.0,280612647.0
2008-03-07,2.93,2.93,2.84,2.84,3567680.0,243028328.0
2008-03-10,2.85,2.89,2.76,2.78,3108015.0,208525782.0
2008-03-11,2.78,2.78,2.61,2.7,5069859.0,321911777.0
2008-04-30,2.43,2.96,2.43,2.96,10038493.0,660644207.0
2008-05-05,3.16,3.16,2.99,3.07,9114476.0,663781728.0
2008-05-06,3.07,3.07,2.92,2.94,6559874.0,462470928.0
2008-05-07,2.92,2.99,2.76,2.77,5656156.0,387612528.0
2008-05-08,2.73,2.85,2.68,2.83,3527740.0,231897603.0
2008-05-09,2.83,2.88,2.72,2.75,4082730.0,269320171.0
2008-05-12,2.73,2.79,2.63,2.76,3614566.0,233313169.0
2008-05-13,2.68,2.76,2.66,2.7,2857687.0,183011798.0
2008-05-14,2.7,2.81,2.69,2.79,2575311.0,170020896.0
2008-05-15,2.81,2.93,2.81,2.82,3190077.0,217674937.0
2008-05-16,2.84,2.95,2.82,2.89,4250542.0,290950978.0
2008-05-19,2.88,2.89,2.8,2.85,1898005.0,127705417.0
2008-05-20,2.85,2.88,2.66,2.68,2579235.0,170946964.0
2008-05-21,2.66,2.7,2.59,2.67,3198163.0,200221318.0
2008-05-22,2.67,2.67,2.61,2.61,2694252.0,167545898.0
2008-05-23,2.61,2.63,2.52,2.55,1829721.0,111177276.0
2008-05-26,2.53,2.56,2.47,2.48,2035539.0,121189620.0
2008-05-27,2.48,2.58,2.46,2.58,4155992.0,246484590.0
2008-05-28,2.58,2.63,2.53,2.59,2991019.0,182828931.0
2008-05-29,2.59,2.59,2.49,2.5,1920324.0,116052304.0
2008-05-30,2.5,2.53,2.48,2.52,1813125.0,107804191.0
2008-06-02,2.51,2.51,2.47,2.5,1245932.0,73616233.0
2008-06-03,2.5,2.51,2.46,2.49,993671.0,58625979.0
2008-06-04,2.49,2.49,2.44,2.47,1028855.0,59895552.0
2008-06-05,2.44,2.47,2.44,2.45,733944.0,42696296.0
2008-06-06,2.46,2.47,2.42,2.44,1244114.0,71971243.0
2008-06-10,2.36,2.36,2.2,2.2,2519045.0,134418059.0
2008-06-11,2.11,2.19,2.05,2.06,2114943.0,105569503.0
2008-06-12,2.07,2.1,1.95,2.0,2325983.0,110474232.0
2008-06-13,2.0,2.02,1.87,1.87,1881651.0,86302450.0
2008-06-16,1.88,1.9,1.73,1.79,2407371.0,102847061.0
2008-06-17,1.79,1.82,1.71,1.72,1853735.0,77501294.0
2008-06-18,1.72,1.88,1.69,1.87,3906381.0,168310429.0
2008-06-20,1.72,1.96,1.71,1.77,5662570.0,246306890.0
2008-06-23,1.77,1.81,1.73,1.75,1718641.0,72079420.0
2008-06-24,1.73,1.79,1.72,1.77,1609664.0,67087992.0
2008-06-25,1.76,1.88,1.75,1.88,3742620.0,163251049.0
2008-06-26,1.86,1.92,1.82,1.87,3462923.0,153185497.0
2008-06-27,1.79,1.81,1.71,1.72,2999015.0,124511990.0
2008-06-30,1.69,1.75,1.64,1.7,2218223.0,88813796.0
2008-07-01,1.69,1.77,1.68,1.7,2482008.0,101358799.0
2008-07-02,1.73,1.75,1.7,1.72,1335797.0,54469461.0
2008-07-03,1.7,1.83,1.64,1.77,3472969.0,144305073.0
2008-07-04,1.77,1.79,1.72,1.74,1532617.0,63645798.0
2008-07-07,1.76,1.85,1.75,1.85,3974676.0,170978358.0
2008-07-08,1.88,1.93,1.85,1.9,5464426.0,245866200.0
2008-07-09,1.92,1.96,1.88,1.95,6463135.0,294014362.0
2008-07-10,1.91,2.1,1.89,1.98,6706241.0,315478093.0
2008-07-11,1.96,2.04,1.93,1.96,4137714.0,194229297.0
2008-07-14,1.93,1.96,1.89,1.94,3001389.0,136918764.0
2008-07-15,1.94,1.96,1.83,1.83,3744016.0,166944361.0
2008-07-16,1.81,1.83,1.71,1.74,2690604.0,113241598.0
2008-07-17,1.78,1.81,1.73,1.74,2033247.0,85175773.0
2008-07-18,1.76,1.81,1.72,1.8,2587739.0,108789767.0
2008-07-21,1.77,1.87,1.76,1.86,2995613.0,129825840.0
2008-07-22,1.86,1.91,1.84,1.87,2495491.0,110789906.0
2008-07-23,1.88,1.91,1.83,1.85,2378658.0,106179930.0
2008-07-24,1.94,1.96,1.89,1.93,3772018.0,172142433.0
2008-07-25,1.92,1.97,1.9,1.94,2971036.0,136719957.0
2008-07-28,1.97,2.0,1.94,1.95,2315019.0,107782624.0
2008-07-29,1.93,1.93,1.87,1.88,2031388.0,91173670.0
2008-07-30,1.91,1.95,1.88,1.9,1808603.0,82150219.0
2008-07-31,1.92,1.92,1.84,1.84,1698141.0,75139401.0
2008-08-01,1.83,1.89,1.81,1.87,1322445.0,57995096.0
2008-08-04,1.87,1.87,1.81,1.81,1085477.0,47525818.0
2008-08-05,1.82,1.84,1.78,1.79,1308123.0,56121120.0
2008-08-06,1.81,1.83,1.76,1.81,1285619.0,54951276.0
2008-08-07,1.81,1.83,1.77,1.79,1233996.0,52776007.0
2008-08-08,1.8,1.82,1.68,1.69,1565985.0,64647768.0
2008-08-11,1.69,1.7,1.53,1.54,2559343.0,96808500.0
2008-08-12,1.52,1.56,1.51,1.54,1256825.0,45891789.0
2008-08-13,1.54,1.54,1.46,1.52,2043116.0,72893896.0
2008-08-14,1.52,1.54,1.51,1.51,2151946.0,77627689.0
2008-08-15,1.52,1.59,1.49,1.57,2581166.0,93228834.0
2008-08-18,1.57,1.58,1.51,1.52,1755944.0,63085088.0
2008-08-19,1.5,1.57,1.5,1.57,1631478.0,59197095.0
2008-08-21,1.72,1.72,1.64,1.64,9019999.0,356563285.0
2008-08-22,1.62,1.72,1.62,1.7,4674029.0,184047618.0
2008-08-25,1.71,1.72,1.65,1.65,3224071.0,126702146.0
2008-08-26,1.62,1.63,1.59,1.63,2565940.0,96969233.0
2008-08-27,1.62,1.66,1.59,1.61,1693694.0,64057182.0
2008-08-28,1.61,1.66,1.59,1.64,1599494.0,61111749.0
2008-08-29,1.65,1.72,1.65,1.71,3190649.0,126588516.0
2008-09-01,1.7,1.7,1.62,1.63,2408873.0,93000484.0
2008-09-02,1.61,1.64,1.59,1.61,1556443.0,58939837.0
2008-09-03,1.61,1.62,1.53,1.55,2422631.0,88959605.0
2008-09-04,1.56,1.6,1.54,1.58,907577.0,33287125.0
2008-09-05,1.53,1.54,1.5,1.5,1965041.0,69942549.0
2008-09-08,1.51,1.53,1.46,1.46,1624042.0,56498314.0
2008-09-09,1.47,1.51,1.45,1.49,1496298.0,51823414.0
2008-09-10,1.47,1.55,1.46,1.5,1416064.0,50181614.0
2008-09-11,1.49,1.53,1.47,1.48,1091398.0,38209516.0
2008-09-12,1.48,1.53,1.48,1.51,1657025.0,58697561.0
2008-09-16,1.49,1.53,1.48,1.5,2242615.0,78904546.0
2008-09-17,1.5,1.54,1.49,1.51,2294949.0,81382504.0
2008-09-18,1.48,1.49,1.36,1.41,3729756.0,123135406.0
2008-09-19,1.54,1.55,1.52,1.55,2573704.0,93102485.0
2008-09-22,1.65,1.7,1.56,1.63,6830136.0,261780790.0
2008-09-23,1.56,1.59,1.55,1.55,2922177.0,107137314.0
2008-09-24,1.52,1.53,1.49,1.53,1754842.0,62135016.0
2008-09-25,1.54,1.62,1.54,1.6,3322550.0,123959224.0
2008-09-26,1.62,1.67,1.61,1.66,4855170.0,187579702.0
2008-10-06,1.64,1.64,1.59,1.59,2342775.0,88461543.0
2008-10-07,1.53,1.6,1.52,1.58,1524667.0,55393675.0
2008-10-08,1.56,1.57,1.52,1.54,1866264.0,67388788.0
2008-10-09,1.56,1.57,1.54,1.55,1935882.0,70694233.0
2008-10-10,1.49,1.5,1.46,1.46,1621201.0,56098288.0
2008-10-13,1.46,1.55,1.4,1.55,1883812.0,64166547.0
2008-10-14,1.6,1.62,1.5,1.5,1518121.0,55684875.0
2008-10-15,1.51,1.51,1.49,1.49,900692.0,31624803.0
2008-10-16,1.44,1.44,1.37,1.37,1789670.0,58920432.0
2008-10-17,1.4,1.4,1.34,1.36,1914567.0,61133213.0
2008-10-20,1.37,1.4,1.31,1.39,1750243.0,55706329.0
2008-10-21,1.4,1.41,1.37,1.37,1860469.0,60477055.0
2008-10-22,1.35,1.37,1.31,1.32,2244120.0,69977504.0
2008-10-23,1.28,1.3,1.23,1.26,3793672.0,111911512.0
2008-10-24,1.26,1.27,1.15,1.17,4413939.0,124449216.0
2008-10-27,1.13,1.13,1.05,1.05,3863042.0,98333552.0
2008-10-28,1.01,1.08,1.0,1.06,3574974.0,87789784.0
2008-10-29,1.09,1.09,0.98,0.98,3511801.0,84601848.0
2008-10-30,0.98,1.03,0.93,1.01,3507197.0,81172136.0
2008-10-31,1.0,1.0,0.97,0.98,1562505.0,36142700.0
2008-11-04,0.98,0.98,0.93,0.93,2118861.0,46942248.0
2008-11-05,0.94,0.99,0.94,0.97,3458352.0,78647432.0
2008-11-06,0.94,0.95,0.93,0.94,1250092.0,27610150.0
2008-11-07,0.92,0.96,0.91,0.96,1557951.0,34410272.0
2008-11-10,0.98,1.05,0.98,1.05,4894329.0,118965128.0
2008-11-11,1.06,1.13,1.05,1.08,6158407.0,157938496.0
2008-11-12,1.07,1.11,1.06,1.09,2723611.0,69197608.0
2008-11-13,1.08,1.17,1.06,1.15,6374829.0,167665856.0
2008-11-14,1.16,1.21,1.14,1.2,6471327.0,178768224.0
2008-11-17,1.19,1.26,1.18,1.24,5394280.0,154472000.0
2008-11-18,1.24,1.24,1.12,1.12,6805599.0,187639008.0
2008-11-19,1.11,1.23,1.1,1.23,5697081.0,158530288.0
2008-11-20,1.2,1.33,1.19,1.28,7129481.0,212223584.0
2008-11-21,1.24,1.3,1.19,1.24,5120141.0,148816208.0
2008-11-24,1.24,1.26,1.14,1.14,4600547.0,127891664.0
2008-11-25,1.17,1.19,1.12,1.16,2656733.0,71592144.0
2008-11-26,1.15,1.17,1.12,1.15,1860103.0,50120268.0
2008-11-27,1.24,1.25,1.17,1.17,4068020.0,115311152.0
2008-11-28,1.16,1.17,1.14,1.15,1688415.0,45661420.0
2008-12-01,1.15,1.19,1.13,1.19,2558375.0,70086128.0
2008-12-02,1.15,1.2,1.14,1.18,2323409.0,64005460.0
2008-12-03,1.19,1.26,1.19,1.26,4728202.0,137157984.0
2008-12-04,1.27,1.33,1.26,1.26,7264907.0,220279536.0
2008-12-05,1.26,1.3,1.25,1.29,3189577.0,94898256.0
2008-12-08,1.37,1.42,1.37,1.42,9571077.0,317137056.0
2008-12-09,1.45,1.49,1.4,1.43,8491600.0,288024128.0
2008-12-10,1.44,1.48,1.37,1.47,5642480.0,188474752.0
2008-12-11,1.45,1.49,1.44,1.44,4831374.0,165678528.0
2008-12-12,1.43,1.48,1.34,1.41,6498663.0,216246080.0
2008-12-15,1.44,1.45,1.34,1.36,4724720.0,152731680.0
2008-12-16,1.35,1.35,1.23,1.34,6795485.0,128187520.0
2008-12-17,1.33,1.37,1.3,1.34,5874901.0,115759328.0
2008-12-18,1.34,1.35,1.31,1.35,4164672.0,81328520.0
2008-12-19,1.35,1.44,1.35,1.41,9006034.0,186412464.0
2008-12-22,1.43,1.43,1.37,1.41,5702000.0,117860080.0
2008-12-23,1.4,1.41,1.3,1.3,7117614.0,140585888.0
2008-12-24,1.28,1.3,1.26,1.27,3846440.0,71948656.0
2008-12-25,1.28,1.3,1.26,1.28,2736740.0,51254104.0
2008-12-26,1.29,1.3,1.27,1.28,2104982.0,39489152.0
2008-12-29,1.28,1.28,1.2,1.23,3604933.0,64787752.0
2008-12-30,1.21,1.25,1.21,1.22,2495198.0,45063156.0
2008-12-31,1.22,1.24,1.22,1.23,2084573.0,37583612.0
2009-01-05,1.25,1.3,1.25,1.3,3815980.0,71678008.0
2009-01-06,1.3,1.4,1.29,1.39,8358334.0,168010048.0
2009-01-07,1.39,1.42,1.36,1.39,8598969.0,175133872.0
2009-01-08,1.37,1.38,1.35,1.35,5528468.0,110438096.0
2009-01-09,1.35,1.4,1.34,1.39,4753721.0,95963656.0
2009-01-12,1.39,1.42,1.37,1.39,4206820.0,86252656.0
2009-01-13,1.38,1.44,1.37,1.4,6190605.0,127968664.0
2009-01-14,1.4,1.44,1.38,1.43,6348317.0,132488840.0
2009-01-15,1.43,1.52,1.42,1.51,10703465.0,233329616.0
2009-01-16,1.51,1.64,1.5,1.55,9667426.0,225322048.0
2009-01-19,1.56,1.62,1.5,1.57,7117683.0,162949904.0
2009-01-20,1.57,1.63,1.53,1.62,8198670.0,190710976.0
2009-01-21,1.59,1.76,1.58,1.75,14645238.0,363711968.0
2009-01-22,1.75,1.81,1.72,1.76,8918861.0,229649488.0
2009-01-23,1.76,1.8,1.71,1.76,6382871.0,164690128.0
2009-02-02,1.77,1.82,1.74,1.81,6521365.0,171249328.0
2009-02-03,1.79,1.86,1.78,1.84,6622359.0,177243088.0
2009-02-04,1.84,1.86,1.76,1.81,14454011.0,380820512.0
2009-02-05,1.81,1.81,1.72,1.74,11860257.0,306521824.0
2009-02-06,1.73,1.79,1.73,1.77,11437129.0,296654816.0
2009-02-09,1.79,1.86,1.79,1.83,11899744.0,317360192.0
2009-02-10,1.83,1.83,1.77,1.83,9309515.0,245338048.0
2009-02-12,1.84,1.91,1.77,1.86,13458625.0,364145280.0
2009-02-13,1.86,1.92,1.83,1.92,17252794.0,472080320.0
2009-02-16,1.95,1.97,1.88,1.94,15097904.0,424948000.0
2009-02-17,1.92,1.93,1.84,1.84,12031780.0,331016992.0
2009-02-18,1.81,1.86,1.77,1.77,10686026.0,282398912.0
2009-02-23,1.95,1.95,1.95,1.95,3964601.0,112951480.0
2009-02-24,2.08,2.14,1.98,2.01,24111296.0,727307072.0
2009-02-25,2.02,2.07,1.86,1.92,15279489.0,434460576.0
2009-02-26,1.93,1.95,1.74,1.78,8857297.0,240830624.0
2009-02-27,1.72,1.77,1.6,1.67,7740064.0,191065168.0
2009-03-02,1.66,1.73,1.63,1.71,5675867.0,141564320.0
2009-03-03,1.66,1.82,1.64,1.77,8320045.0,214309952.0
2009-03-04,1.78,1.92,1.78,1.91,8480880.0,234411840.0
2009-03-05,1.97,1.98,1.86,1.9,8023115.0,225128400.0
2009-03-11,2.01,2.01,1.86,1.88,7951611.0,223573264.0
2009-03-17,1.9,1.95,1.89,1.95,6975047.0,196939088.0
2009-03-18,1.95,2.09,1.95,2.04,10606682.0,314739904.0
2009-03-19,2.04,2.07,2.03,2.05,6476174.0,194793520.0
2009-03-20,2.05,2.06,1.97,2.0,6095875.0,178628800.0
2009-03-23,2.0,2.13,1.99,2.1,9380144.0,286481152.0
2009-03-24,2.14,2.18,2.12,2.14,7598769.0,240043344.0
2009-03-25,2.12,2.14,2.07,2.07,7073671.0,217033248.0
2009-03-26,2.07,2.1,1.98,2.09,5769152.0,172998272.0
2009-03-27,2.15,2.16,2.1,2.13,7610912.0,236398544.0
2009-03-30,2.14,2.21,2.13,2.17,8279258.0,265185792.0
2009-03-31,2.12,2.17,2.09,2.15,5643691.0,175915280.0
2009-04-01,2.16,2.21,2.16,2.19,5977190.0,191740800.0
2009-04-02,2.2,2.28,2.17,2.25,8714243.0,283585280.0
2009-04-03,2.29,2.29,2.21,2.22,6660351.0,218289792.0
2009-04-07,2.23,2.24,2.16,2.16,5443788.0,173862320.0
2009-04-08,2.15,2.21,2.1,2.1,5544642.0,174270480.0
2009-04-09,2.09,2.13,2.09,2.12,3592555.0,111041432.0
2009-04-10,2.14,2.18,2.12,2.18,4848577.0,153105696.0
2009-04-13,2.19,2.22,2.17,2.19,6708685.0,215424784.0
2009-04-14,2.19,2.36,2.16,2.31,8604824.0,289228896.0
2009-04-15,2.29,2.31,2.23,2.28,4706686.0,156398832.0
2009-04-16,2.29,2.35,2.29,2.34,7034186.0,239735360.0
2009-04-17,2.34,2.34,2.24,2.26,4341352.0,144604480.0
2009-04-20,2.26,2.32,2.23,2.3,2835723.0,94789904.0
2009-04-21,2.29,2.3,2.19,2.25,4215656.0,138969152.0
2009-04-22,2.25,2.3,2.12,2.14,5696963.0,184689920.0
2009-04-23,2.12,2.15,2.08,2.13,3789873.0,117249288.0
2009-04-24,2.15,2.21,2.15,2.17,3317256.0,105662984.0
2009-04-27,2.22,2.3,2.18,2.28,7627554.0,249293408.0
2009-04-28,2.12,2.2,2.05,2.12,9280170.0,290968640.0
2009-04-29,2.12,2.23,2.11,2.2,5234742.0,167572512.0
2009-04-30,2.2,2.28,2.2,2.24,5873374.0,193946864.0
2009-05-04,2.24,2.4,2.24,2.39,8269667.0,282294336.0
2009-05-05,2.4,2.4,2.35,2.39,5632329.0,195558416.0
2009-05-06,2.38,2.49,2.36,2.45,6729070.0,240047920.0
2009-05-07,2.45,2.46,2.37,2.38,4871786.0,172408256.0
2009-05-08,2.38,2.4,2.35,2.36,3759644.0,130639592.0
2009-05-11,2.36,2.41,2.31,2.31,3616928.0,124276872.0
2009-05-12,2.3,2.3,2.25,2.29,3546323.0,117998824.0
2009-05-13,2.3,2.34,2.28,2.32,4215754.0,142578304.0
2009-05-14,2.3,2.31,2.26,2.28,2731465.0,91245160.0
2009-05-15,2.28,2.3,2.25,2.27,3308341.0,110119152.0
2009-05-18,2.25,2.43,2.25,2.39,4940383.0,169974976.0
2009-05-19,2.4,2.59,2.4,2.5,10058007.0,370735808.0
2009-05-20,2.51,2.58,2.45,2.45,3656823.0,134268816.0
2009-05-21,2.45,2.45,2.39,2.41,2797550.0,98631240.0
2009-05-22,2.4,2.48,2.37,2.45,3623208.0,129810704.0
2009-05-25,2.46,2.56,2.43,2.46,7703374.0,279124576.0
2009-05-26,2.46,2.46,2.39,2.4,5409003.0,191031984.0
2009-05-27,2.41,2.43,2.35,2.36,3267438.0,113788016.0
2009-06-01,2.38,2.44,2.36,2.41,3586609.0,126103320.0
2009-06-02,2.42,2.42,2.36,2.38,4196278.0,145961280.0
2009-06-03,2.39,2.42,2.36,2.38,5566491.0,194226288.0
2009-06-04,2.39,2.39,2.33,2.37,4084784.0,141026592.0
2009-06-05,2.37,2.37,2.29,2.3,8100869.0,274874688.0
2009-06-08,2.31,2.33,2.28,2.29,3514578.0,118895832.0
2009-06-09,2.29,2.32,2.22,2.26,4884510.0,161252048.0
2009-06-10,2.26,2.33,2.26,2.33,4729928.0,160420144.0
2009-06-11,2.33,2.36,2.29,2.29,2838840.0,96486944.0
2009-06-12,2.3,2.31,2.23,2.24,3029881.0,100452056.0
2009-06-15,2.25,2.32,2.24,2.29,3343488.0,112035056.0
2009-06-16,2.27,2.27,2.24,2.26,2077789.0,68636064.0
2009-06-17,2.26,2.33,2.25,2.31,3864599.0,130373056.0
2009-06-18,2.31,2.4,2.3,2.37,5748400.0,200372816.0
2009-06-22,2.38,2.42,2.31,2.32,3771050.0,129248816.0
2009-06-23,2.31,2.34,2.27,2.32,2838194.0,95619824.0
2009-06-24,2.32,2.45,2.3,2.44,10832673.0,384034528.0
2009-06-25,2.45,2.51,2.4,2.42,5627001.0,203259536.0
2009-06-26,2.42,2.48,2.41,2.41,2804023.0,100208992.0
2009-06-29,2.41,2.54,2.39,2.52,6445004.0,234098736.0
2009-06-30,2.52,2.56,2.48,2.49,4578629.0,169172208.0
2009-07-01,2.47,2.55,2.47,2.5,4687882.0,173530448.0
2009-07-02,2.51,2.54,2.49,2.5,3306484.0,121350616.0
2009-07-03,2.49,2.49,2.4,2.44,5927761.0,211552560.0
2009-07-06,2.44,2.46,2.39,2.45,6037365.0,213040224.0
2009-07-07,2.46,2.54,2.44,2.51,5869072.0,213460352.0
2009-07-08,2.48,2.48,2.43,2.46,3603130.0,129355696.0
2009-07-09,2.46,2.56,2.44,2.54,5791284.0,213474336.0
2009-07-10,2.56,2.79,2.56,2.73,9619704.0,381729248.0
2009-07-13,2.7,2.96,2.68,2.9,6683214.0,280066944.0
2009-07-14,2.93,3.07,2.88,3.05,8995888.0,392248000.0
2009-07-15,3.05,3.05,2.96,2.98,4787723.0,209134432.0
2009-07-16,2.98,3.05,2.93,2.94,5879983.0,254571152.0
2009-07-17,2.95,3.01,2.86,2.89,5264888.0,223250960.0
2009-07-20,2.9,2.93,2.84,2.91,5065126.0,213961632.0
2009-07-21,2.9,2.91,2.82,2.83,4166682.0,174379904.0
2009-07-22,2.83,2.9,2.79,2.8,5455810.0,226241280.0
2009-07-23,2.81,2.86,2.79,2.81,5367764.0,221345584.0
2009-07-24,2.83,2.95,2.83,2.91,8698227.0,369595584.0
2009-07-27,2.92,2.95,2.88,2.92,4393593.0,186894736.0
2009-07-28,2.9,2.92,2.82,2.86,7060549.0,295212032.0
2009-07-29,2.86,2.89,2.57,2.72,6247176.0,253991782.0
2009-07-30,2.74,2.85,2.66,2.84,5719524.0,232305232.0
2009-07-31,2.84,2.96,2.84,2.9,6674222.0,284535648.0
2009-08-03,2.93,3.01,2.87,2.98,5869585.0,254324848.0
2009-08-04,3.0,3.13,2.96,3.11,8140661.0,361683328.0
2009-08-05,3.12,3.25,3.09,3.09,6021931.0,278912128.0
2009-08-06,3.1,3.1,2.94,2.96,3325485.0,146309056.0
2009-08-07,2.99,3.03,2.88,2.88,3487414.0,150211504.0
2009-08-10,2.89,2.95,2.87,2.94,4141832.0,176229952.0
2009-08-11,2.95,3.09,2.95,3.02,4191599.0,185558496.0
2009-08-12,3.05,3.05,2.81,2.88,4305568.0,183336336.0
2009-08-13,2.86,2.96,2.82,2.91,4162100.0,175981232.0
2009-08-14,2.9,2.93,2.8,2.81,2675997.0,111388040.0
2009-08-19,2.74,2.77,2.59,2.66,5542833.0,215946592.0
2009-08-20,2.57,2.82,2.57,2.82,5457859.0,215443136.0
2009-08-21,2.77,2.89,2.76,2.81,3809271.0,157344336.0
2009-08-24,2.84,2.87,2.79,2.82,2026941.0,83308768.0
2009-08-25,2.8,2.82,2.67,2.74,2650395.0,105930824.0
2009-08-26,2.74,2.85,2.71,2.82,3611558.0,147934256.0
2009-08-27,2.83,2.89,2.79,2.84,2306773.0,95946392.0
2009-08-28,2.88,2.95,2.79,2.83,3634336.0,151324928.0
2009-08-31,2.84,2.9,2.62,2.64,6629710.0,265897664.0
2009-09-01,2.63,2.76,2.62,2.72,5037639.0,199166000.0
2009-09-02,2.69,2.75,2.68,2.71,2765138.0,109795528.0
2009-09-03,2.72,2.86,2.72,2.86,3085046.0,126254728.0
2009-09-04,2.86,2.94,2.85,2.91,3544331.0,149550384.0
2009-09-07,2.94,2.98,2.91,2.94,3211808.0,138668256.0
2009-09-08,2.94,3.12,2.88,3.08,6717584.0,299225344.0
2009-09-09,3.07,3.38,3.07,3.38,14470739.0,699493824.0
2009-09-10,3.38,3.41,3.26,3.28,4970329.0,241647200.0
2009-09-11,3.24,3.35,3.24,3.31,5793503.0,279924960.0
2009-09-14,3.32,3.39,3.31,3.35,3799896.0,185092304.0
2009-09-15,3.36,3.37,3.27,3.28,3304506.0,159218256.0
2009-09-16,3.25,3.27,3.18,3.24,3075619.0,144675568.0
2009-09-17,3.23,3.37,3.23,3.37,4474503.0,214905408.0
2009-09-18,3.37,3.38,3.2,3.29,4114571.0,198390192.0
2009-09-21,3.25,3.47,3.22,3.46,9085487.0,447971424.0
2009-09-22,3.46,3.72,3.44,3.52,9540443.0,503793440.0
2009-09-23,3.51,3.57,3.38,3.47,5865204.0,298562400.0
2009-09-24,3.45,3.52,3.31,3.42,4819862.0,240304240.0
2009-09-25,3.41,3.53,3.35,3.47,2726607.0,136336624.0
2009-09-28,3.47,3.53,3.27,3.32,2846866.0,139956736.0
2009-09-29,3.29,3.35,3.22,3.27,2962208.0,142002928.0
2009-09-30,3.3,3.46,3.3,3.44,3611167.0,178202224.0
2009-10-09,3.49,3.58,3.46,3.56,2206226.0,114168568.0
2009-10-12,3.57,3.69,3.57,3.65,3012243.0,160574976.0
2009-10-13,3.64,3.75,3.63,3.66,2186462.0,117415464.0
2009-10-14,3.7,3.77,3.59,3.63,3515501.0,188704576.0
2009-10-15,3.64,3.66,3.55,3.58,4288916.0,224240176.0
2009-10-16,3.57,3.88,3.57,3.86,8339719.0,462135200.0
2009-10-19,3.83,4.05,3.8,3.9,7518085.0,432214240.0
2009-10-20,3.9,3.99,3.85,3.96,4337082.0,249663136.0
2009-10-21,3.94,4.04,3.92,3.95,3190183.0,186169104.0
2009-10-22,3.94,4.0,3.86,3.88,2725890.0,154612256.0
2009-10-23,3.94,3.97,3.88,3.94,3106356.0,178238880.0
2009-10-26,4.05,4.25,4.05,4.25,6646442.0,401976352.0
2009-10-27,4.2,4.38,4.15,4.22,5774421.0,363075168.0
2009-10-28,4.22,4.27,4.1,4.14,3573623.0,216854928.0
2009-10-29,4.11,4.31,4.08,4.23,4299041.0,264859584.0
2009-10-30,4.29,4.42,4.26,4.33,3939114.0,250191232.0
2009-11-02,4.24,4.44,4.2,4.44,3780973.0,240564304.0
2009-11-03,4.44,4.55,4.33,4.42,5896874.0,379685376.0
2009-11-04,4.42,4.42,4.3,4.37,4878690.0,309321152.0
2009-11-05,4.36,4.37,4.21,4.25,7532603.0,468176160.0
2009-11-06,4.3,4.35,4.22,4.3,4611079.0,288216736.0
2009-11-09,4.32,4.42,4.3,4.33,3795123.0,240810224.0
2009-11-10,4.35,4.38,4.26,4.3,3356055.0,210549952.0
2009-11-11,4.29,4.29,4.23,4.24,3533988.0,219192368.0
2009-11-12,4.24,4.36,4.24,4.29,4056606.0,255448496.0
2009-11-13,4.3,4.45,4.29,4.45,6871006.0,436554240.0
2009-11-16,4.49,4.52,4.41,4.48,8596581.0,560930240.0
2009-11-17,4.47,4.49,4.4,4.41,5238698.0,338812288.0
2009-11-18,4.42,4.45,4.33,4.34,4365494.0,278209952.0
2009-11-19,4.34,4.38,4.25,4.32,6143843.0,385574880.0
2009-11-20,4.31,4.35,4.27,4.28,4340263.0,272492480.0
2009-11-23,4.28,4.35,4.28,4.34,4903697.0,308051904.0
2009-11-24,4.35,4.46,4.24,4.24,8979668.0,570910784.0
2009-11-25,4.24,4.28,4.01,4.21,10209947.0,618568896.0
2009-11-26,4.21,4.23,3.97,3.99,8489251.0,504813856.0
2009-11-27,3.95,4.04,3.91,3.98,4227442.0,245899280.0
2009-11-30,3.99,4.13,3.98,4.1,4359877.0,258901008.0
2009-12-01,4.11,4.18,4.08,4.13,3074132.0,185337056.0
2009-12-02,4.17,4.18,4.11,4.16,3261167.0,197787376.0
2009-12-03,4.17,4.26,4.1,4.15,5018417.0,306946848.0
2009-12-04,4.16,4.25,4.12,4.21,5381637.0,329512352.0
2009-12-07,4.22,4.26,4.17,4.19,3773904.0,230924960.0
2009-12-08,4.19,4.22,4.09,4.14,4521973.0,271785984.0
2009-12-09,4.11,4.24,3.87,4.16,3513796.0,213123344.0
2009-12-10,4.17,4.21,4.12,4.18,2401645.0,146495600.0
2009-12-11,4.18,4.22,4.16,4.22,2169179.0,132827000.0
2009-12-14,4.22,4.23,4.08,4.13,3016138.0,181422480.0
2009-12-15,4.15,4.15,4.1,4.1,2147147.0,128957080.0
2009-12-16,4.1,4.14,4.07,4.1,2214491.0,132878168.0
2009-12-17,4.1,4.11,3.94,3.97,3281554.0,191820480.0
2009-12-18,3.97,3.97,3.86,3.86,3448025.0,195471728.0
2009-12-21,3.86,3.9,3.84,3.87,2250500.0,126890456.0
2009-12-22,3.89,4.16,3.89,4.04,7011117.0,413379168.0
2009-12-23,4.0,4.12,3.99,4.12,2660732.0,157677472.0
2009-12-24,4.13,4.29,4.12,4.25,5481327.0,338668352.0
2009-12-25,4.25,4.35,4.25,4.33,4765883.0,300464160.0
2009-12-28,4.33,4.42,4.33,4.4,5180374.0,332075072.0
2009-12-30,4.4,4.43,4.31,4.4,6234158.0,397688192.0
2009-12-31,4.38,4.43,4.32,4.42,3470154.0,222130880.0
2010-01-04,4.45,4.46,4.34,4.36,3579772.0,228205696.0
2010-01-05,4.37,4.38,4.25,4.27,4026288.0,252993520.0
2010-01-06,4.25,4.7,4.25,4.65,12620131.0,852487013.0
2010-01-07,4.68,4.79,4.59,4.64,8833281.0,602435456.0
2010-01-08,4.65,4.77,4.57,4.72,6138854.0,419508576.0
2010-01-11,4.78,4.9,4.65,4.88,5739968.0,400646272.0
2010-01-12,4.86,4.91,4.73,4.85,3965389.0,278658603.0
2010-01-13,4.72,4.79,4.6,4.67,5403912.0,369610816.0
2010-01-14,4.67,4.77,4.67,4.69,3403091.0,233995184.0
2010-01-15,4.69,4.97,4.64,4.91,5346324.0,381614176.0
2010-01-18,4.92,5.25,4.9,5.19,7565136.0,567922496.0
2010-01-19,5.15,5.26,5.11,5.13,3296777.0,249201952.0
2010-01-20,5.1,5.21,4.9,4.96,3730660.0,274184800.0
2010-01-21,5.06,5.12,4.87,4.94,3223593.0,233795056.0
2010-01-22,4.86,4.86,4.49,4.58,9980331.0,674667392.0
2010-01-25,4.49,4.59,4.47,4.52,4613441.0,305074496.0
2010-01-26,4.54,4.59,4.32,4.38,5228211.0,334967584.0
2010-01-27,4.35,4.51,4.34,4.44,4104025.0,264436752.0
2010-01-28,4.42,4.62,4.42,4.54,2910751.0,192265392.0
2010-01-29,4.54,4.65,4.42,4.46,3940258.0,260681120.0
2010-02-01,4.43,4.43,4.14,4.14,4987785.0,307937728.0
2010-02-02,4.14,4.31,4.14,4.18,5802292.0,359879200.0
2010-02-03,4.25,4.42,4.08,4.41,4214178.0,262002176.0
2010-02-04,4.42,4.42,4.31,4.34,3575633.0,227249888.0
2010-02-05,4.25,4.32,4.18,4.25,2431837.0,150750528.0
2010-02-08,4.26,4.28,4.18,4.22,1505676.0,92789368.0
2010-02-09,4.18,4.25,4.16,4.19,1177903.0,72112680.0
2010-02-10,4.25,4.36,4.25,4.36,2707802.0,170403216.0
2010-02-11,4.38,4.38,4.32,4.33,2212252.0,140647616.0
2010-02-12,4.35,4.37,4.32,4.36,1588666.0,100739384.0
2010-02-22,4.42,4.42,4.3,4.36,1610309.0,101923832.0
2010-02-23,4.36,4.37,4.23,4.36,1888739.0,118731888.0
2010-02-24,4.31,4.52,4.27,4.5,3098567.0,202267968.0
2010-02-25,4.52,4.66,4.49,4.64,2991273.0,198798864.0
2010-02-26,4.62,4.79,4.59,4.72,3636451.0,250315648.0
2010-03-01,4.72,4.84,4.71,4.76,2144551.0,149012096.0
2010-03-02,4.73,4.76,4.57,4.63,3292188.0,222820992.0
2010-03-03,4.63,4.63,4.54,4.6,3264306.0,218052848.0
2010-03-04,4.59,4.77,4.48,4.53,4768844.0,325178048.0
2010-03-05,4.56,4.59,4.49,4.52,3092030.0,204913408.0
2010-03-08,4.53,4.67,4.49,4.62,3488626.0,234157744.0
2010-03-09,4.64,4.64,4.55,4.56,2117973.0,141948544.0
2010-03-10,4.57,4.61,4.47,4.5,1944285.0,127976408.0
2010-03-11,4.49,4.53,4.47,4.49,1847446.0,121240560.0
2010-03-12,4.47,4.48,4.33,4.33,3174717.0,203264912.0
2010-03-15,4.31,4.38,4.2,4.23,3335570.0,208682864.0
2010-03-16,4.23,4.29,4.23,4.28,1210285.0,75286384.0
2010-03-17,4.3,4.38,4.3,4.38,1722614.0,109453456.0
2010-03-18,4.39,4.42,4.32,4.33,1602659.0,102125456.0
2010-03-19,4.34,4.37,4.28,4.35,1686960.0,106653288.0
2010-03-22,4.38,4.44,4.36,4.42,1728186.0,111330536.0
2010-03-23,4.43,4.47,4.38,4.41,2586609.0,166823648.0
2010-03-24,4.41,4.42,4.37,4.38,2529210.0,161986544.0
2010-03-25,4.39,4.39,4.28,4.29,2720912.0,171342256.0
2010-03-26,4.28,4.69,4.27,4.59,5557641.0,364669856.0
2010-03-29,4.61,4.72,4.61,4.65,4425745.0,301112576.0
2010-03-30,4.65,4.83,4.65,4.77,5269984.0,366105280.0
2010-03-31,4.77,4.78,4.67,4.71,2483113.0,170952032.0
2010-04-01,4.69,4.9,4.69,4.86,4119449.0,289465664.0
2010-04-02,4.86,5.01,4.79,5.01,4186465.0,302097376.0
2010-04-06,5.01,5.12,4.85,4.86,5779985.0,418578432.0
2010-04-07,4.86,4.95,4.77,4.86,3654154.0,257756832.0
2010-04-08,4.84,4.84,4.63,4.67,6184622.0,424544544.0
2010-04-09,4.69,4.75,4.64,4.69,4931813.0,337584480.0
2010-04-12,4.75,4.78,4.49,4.53,8134473.0,544790400.0
2010-04-13,4.54,4.69,4.45,4.68,6840877.0,456433376.0
2010-04-14,4.68,4.68,4.59,4.63,3942269.0,266363840.0
2010-04-15,4.64,4.71,4.56,4.65,4772693.0,323788960.0
2010-04-16,4.66,4.66,4.57,4.59,2487992.0,167181568.0
2010-04-19,4.56,4.56,4.25,4.28,8196780.0,523883712.0
2010-04-20,4.29,4.35,4.23,4.29,4672486.0,292094464.0
2010-04-21,4.33,4.42,4.29,4.38,5163548.0,328054976.0
2010-04-22,4.39,4.39,4.27,4.28,5851152.0,368202368.0
2010-04-23,4.28,4.39,4.26,4.39,6539771.0,414234592.0
2010-04-26,4.4,4.56,4.4,4.55,7583828.0,500941184.0
2010-04-27,4.47,4.51,4.1,4.19,14056147.0,869896896.0
2010-04-28,4.19,4.31,4.12,4.18,7659395.0,471406944.0
2010-04-29,4.21,4.25,4.11,4.12,5858985.0,355362848.0
2010-04-30,4.12,4.4,4.07,4.33,8986024.0,552838336.0
2010-05-04,4.25,4.41,4.22,4.25,7494799.0,471835072.0
2010-05-05,4.19,4.31,4.13,4.3,7900999.0,483808192.0
2010-05-06,4.26,4.26,3.99,4.03,10259515.0,615754560.0
2010-05-07,3.91,4.07,3.79,4.03,11318014.0,648067968.0
2010-05-10,4.01,4.13,3.96,4.1,6514402.0,385449696.0
2010-05-11,4.19,4.22,3.97,4.05,5324771.0,318201952.0
2010-05-12,3.99,4.07,3.95,4.03,4315898.0,253399136.0
2010-05-13,4.04,4.1,3.98,4.09,4071273.0,240520064.0
2010-05-14,4.09,4.09,4.02,4.03,3608044.0,213106672.0
2010-05-17,3.91,4.0,3.81,3.83,5739176.0,323648864.0
2010-05-18,3.82,3.9,3.76,3.86,4288600.0,239887568.0
2010-05-19,3.8,3.89,3.8,3.82,3004562.0,168745840.0
2010-05-20,3.79,4.05,3.79,3.94,10219662.0,593551808.0
2010-05-21,3.84,4.1,3.8,4.07,6717531.0,394867712.0
2010-05-24,4.1,4.28,4.09,4.19,7110586.0,435858176.0
2010-05-25,4.18,4.18,4.06,4.09,4875907.0,293397984.0
2010-05-26,4.09,4.14,4.04,4.06,1960699.0,116758752.0
2010-05-27,4.06,4.14,4.03,4.14,2695172.0,161329328.0
2010-05-28,4.18,4.21,4.09,4.1,2888247.0,174764448.0
2010-05-31,4.08,4.08,3.95,3.95,3513633.0,205561344.0
2010-06-01,3.91,4.0,3.88,3.92,3151420.0,180795824.0
2010-06-02,3.91,3.98,3.89,3.97,2268013.0,130421928.0
2010-06-03,4.0,4.01,3.91,3.94,3478948.0,201220736.0
2010-06-04,3.92,3.93,3.83,3.89,3568932.0,201689552.0
2010-06-07,3.83,3.84,3.76,3.77,4912080.0,271830272.0
2010-06-08,3.77,3.82,3.76,3.78,2403621.0,132848424.0
2010-06-09,3.81,3.92,3.77,3.9,4228008.0,237071520.0
2010-06-10,3.88,3.88,3.84,3.85,3183228.0,179259472.0
2010-06-11,3.86,3.89,3.84,3.88,2614879.0,147561680.0
2010-06-18,3.84,3.92,3.81,3.88,4444257.0,251838672.0
2010-06-21,3.88,4.03,3.82,4.01,4857698.0,281772512.0
2010-06-22,3.99,4.05,3.98,4.02,3772557.0,221974464.0
2010-06-23,3.99,4.05,3.96,4.03,3815495.0,223920400.0
2010-06-24,4.03,4.18,4.02,4.15,6194112.0,372673120.0
2010-06-25,4.13,4.18,4.04,4.15,5242343.0,313643168.0
2010-06-28,4.11,4.24,4.11,4.17,4106314.0,250933072.0
2010-06-29,4.18,4.19,3.99,4.1,4373229.0,260510784.0
2010-06-30,4.04,4.25,4.01,4.21,4951199.0,299493088.0
2010-07-01,4.23,4.24,4.07,4.07,3802279.0,230292432.0
2010-07-02,4.04,4.16,4.0,4.11,3771917.0,225476944.0
2010-07-05,4.06,4.11,3.97,4.06,2944342.0,173870560.0
2010-07-06,4.08,4.15,4.02,4.13,2143389.0,128672008.0
2010-07-07,4.13,4.17,4.06,4.14,2107240.0,126673224.0
2010-07-08,4.15,4.34,4.15,4.3,6104864.0,380285440.0
2010-07-09,4.27,4.52,4.27,4.46,8776410.0,566195776.0
2010-07-12,4.45,4.9,4.42,4.56,12258943.0,830387456.0
2010-07-13,4.52,4.68,4.48,4.59,5410227.0,361070976.0
2010-07-14,4.6,4.65,4.49,4.5,4538742.0,302192448.0
2010-07-15,4.51,4.66,4.51,4.51,4442771.0,296443296.0
2010-07-16,4.47,4.56,4.37,4.53,4566859.0,296116352.0
2010-07-19,4.49,4.76,4.44,4.66,7297506.0,493868576.0
2010-07-20,4.68,4.74,4.63,4.69,5644696.0,386745600.0
2010-07-21,4.72,4.75,4.63,4.66,6181207.0,423710912.0
2010-07-22,4.65,4.69,4.58,4.66,4468980.0,302757792.0
2010-07-23,4.67,4.71,4.62,4.66,3491313.0,237623856.0
2010-07-26,4.66,4.76,4.63,4.74,6132097.0,421102688.0
2010-07-27,4.73,4.73,4.63,4.64,5229391.0,356033632.0
2010-07-28,4.66,4.73,4.59,4.7,7937974.0,542137344.0
2010-07-29,4.72,4.91,4.71,4.87,12535578.0,884742528.0
2010-07-30,4.85,4.86,4.77,4.8,5566335.0,391516736.0
2010-08-02,4.81,4.99,4.81,4.84,7520958.0,537568128.0
2010-08-03,4.87,4.95,4.73,4.74,6111095.0,429729664.0
2010-08-04,4.73,4.82,4.66,4.81,7237352.0,498312960.0
2010-08-05,4.81,4.81,4.73,4.75,4081490.0,283814720.0
2010-08-06,4.76,4.79,4.65,4.78,4962579.0,339750432.0
2010-08-09,4.75,4.78,4.68,4.74,4557057.0,312537920.0
2010-08-10,4.73,4.78,4.65,4.66,4472236.0,305665120.0
2010-08-11,4.63,4.7,4.63,4.67,3688590.0,249254640.0
2010-08-12,4.62,4.66,4.49,4.53,5633267.0,374573696.0
2010-08-13,4.53,4.63,4.47,4.61,4609365.0,303911584.0
2010-08-16,4.6,4.83,4.59,4.82,9131306.0,630234560.0
2010-08-17,4.83,4.93,4.83,4.93,8885224.0,631202816.0
2010-08-18,4.96,5.0,4.91,4.92,8034711.0,577130944.0
2010-08-19,4.93,5.1,4.93,5.05,9534882.0,698229824.0
2010-08-20,5.03,5.03,4.88,4.94,6909331.0,495355424.0
2010-08-23,4.96,5.14,4.96,5.13,10129740.0,748766784.0
2010-08-24,5.21,5.21,4.98,4.99,12822663.0,940311808.0
2010-08-25,4.99,4.99,4.77,4.8,10277543.0,723092672.0
2010-08-26,4.8,4.9,4.8,4.84,6030948.0,423451232.0
2010-08-27,4.84,5.15,4.78,5.11,11689442.0,848316480.0
2010-08-30,5.17,5.25,5.12,5.17,11932371.0,897843456.0
2010-08-31,5.14,5.45,5.11,5.38,13032140.0,1008093760.0
2010-09-01,5.43,5.51,5.31,5.43,10767825.0,843713920.0
2010-09-02,5.49,5.51,5.39,5.44,8504831.0,673029632.0
2010-09-03,5.46,5.46,5.31,5.36,8001238.0,623188096.0
2010-09-06,5.38,5.52,5.36,5.4,6613489.0,520778656.0
2010-09-07,5.41,5.42,5.35,5.41,4850807.0,378271936.0
2010-09-08,5.4,5.5,5.38,5.47,5879454.0,464211136.0
2010-09-09,5.48,5.5,5.29,5.3,9177847.0,713068608.0
2010-09-10,5.27,5.45,5.27,5.43,8280844.0,646482880.0
2010-09-13,5.41,5.56,5.38,5.52,7936759.0,634381952.0
2010-09-14,5.52,5.56,5.47,5.52,5174374.0,413458912.0
2010-09-15,5.5,5.51,5.37,5.37,5382947.0,423190784.0
2010-09-16,5.37,5.39,5.16,5.22,7542927.0,574673088.0
2010-09-17,5.23,5.26,5.16,5.22,3899762.0,294785600.0
2010-09-20,5.21,5.27,5.14,5.18,3447252.0,260043120.0
2010-09-21,5.19,5.28,5.16,5.22,3126392.0,236762912.0
2010-09-27,5.26,5.39,5.24,5.37,4063671.0,314154240.0
2010-09-28,5.35,5.38,5.24,5.26,3626509.0,278853696.0
2010-09-29,5.24,5.26,5.17,5.17,4269425.0,322412064.0
2010-09-30,5.17,5.26,5.15,5.22,4481871.0,338507424.0
2010-10-08,5.28,5.47,5.28,5.4,6783359.0,530125376.0
2010-10-11,5.4,5.61,5.4,5.51,9061519.0,723093184.0
2010-10-12,5.51,5.64,5.48,5.57,7578001.0,610174336.0
2010-10-13,5.56,5.77,5.54,5.72,11052212.0,905016128.0
2010-10-14,5.71,5.76,5.55,5.56,10826196.0,889625088.0
2010-10-15,5.55,5.82,5.5,5.79,12697698.0,1047287040.0
2010-10-18,5.84,6.08,5.73,5.93,12685025.0,1093950592.0
2010-10-19,6.0,6.14,5.9,6.14,7517214.0,658383808.0
2010-10-20,6.08,6.75,6.02,6.72,16466424.0,1525638528.0
2010-10-21,6.79,6.96,6.69,6.87,12209633.0,1209814016.0
2010-10-22,6.86,7.48,6.75,7.38,14961267.0,1558381568.0
2010-10-25,7.44,7.55,7.16,7.37,14951085.0,1587575424.0
2010-10-27,7.38,7.93,7.24,7.45,20808864.0,2310052352.0
2010-10-28,7.46,8.19,7.46,8.06,19369648.0,2222864896.0
2010-10-29,8.07,8.13,7.73,7.93,18367726.0,2097512704.0
2010-11-01,7.96,8.17,7.83,8.09,12563189.0,1454741632.0
2010-11-02,8.08,8.42,8.03,8.16,14089753.0,1685364352.0
2010-11-03,8.14,8.42,7.75,7.77,16590000.0,1938581632.0
2010-11-04,7.79,7.97,7.6,7.93,13278696.0,1503809280.0
2010-11-05,8.03,8.62,7.9,8.52,16249768.0,1937545600.0
2010-11-08,8.62,8.81,8.43,8.7,12900216.0,1609853312.0
2010-11-09,8.65,9.1,8.56,8.9,13300749.0,1707571328.0
2010-11-10,8.9,9.31,8.85,8.95,15622511.0,2057699840.0
2010-11-11,9.01,9.07,8.75,8.76,13053444.0,1688288000.0
2010-11-12,8.65,8.93,7.92,7.93,23750236.0,2867690240.0
2010-11-15,8.07,8.15,7.79,8.15,17139738.0,1990857856.0
2010-11-16,8.14,8.19,7.68,7.72,15818294.0,1823926144.0
2010-11-17,7.45,7.59,7.05,7.23,18659298.0,1980136960.0
2010-11-18,7.34,7.41,7.21,7.37,10698609.0,1136033408.0
2010-11-19,7.41,7.43,6.97,7.42,16137488.0,1691517184.0
2010-11-22,7.31,7.83,7.26,7.66,16936824.0,1866173952.0
2010-11-23,7.59,7.93,7.32,7.89,15149877.0,1681703424.0
2010-11-24,7.81,8.59,7.81,8.42,18095184.0,2135506816.0
2010-11-25,8.48,8.56,8.26,8.27,13142205.0,1604730368.0
2010-11-26,8.22,8.4,8.11,8.27,10258441.0,1230557312.0
2010-11-29,8.48,9.1,8.31,9.05,22184824.0,2798211840.0
2010-11-30,9.03,9.18,8.47,9.03,26036298.0,3353003776.0
2010-12-01,8.95,9.07,8.41,8.43,16299390.0,2054112256.0
2010-12-02,8.62,9.08,8.42,8.78,19646092.0,2500807680.0
2010-12-03,8.74,8.76,8.26,8.3,17699792.0,2160989696.0
2010-12-06,8.22,8.32,7.64,7.77,30890652.0,1773236096.0
2010-12-07,7.64,8.32,7.41,8.06,33437184.0,1913221504.0
2010-12-08,7.95,8.45,7.93,8.12,28722830.0,1713616640.0
2010-12-09,8.0,8.08,7.64,7.65,27891580.0,1584696448.0
2010-12-10,7.52,7.83,7.45,7.72,19324006.0,1075744768.0
2010-12-13,7.79,7.96,7.7,7.87,22275202.0,1269927296.0
2010-12-14,7.92,7.98,7.76,7.91,21213140.0,1208134912.0
2010-12-15,7.9,7.9,7.7,7.7,18845900.0,1066771136.0
2010-12-16,7.7,7.93,7.66,7.79,15913163.0,902117568.0
2010-12-17,7.76,7.83,7.64,7.68,15590437.0,868719744.0
2010-12-20,7.69,7.74,7.31,7.44,25789242.0,1400358784.0
2010-12-21,7.45,7.7,7.33,7.58,19331312.0,1048736448.0
2010-12-22,7.56,7.69,7.45,7.57,16641965.0,915882304.0
2010-12-23,7.56,7.92,7.5,7.76,31436578.0,1775222272.0
2010-12-24,7.72,7.84,7.57,7.74,16615957.0,929354816.0
2010-12-27,7.77,7.91,7.5,7.55,20871664.0,1172013568.0
2010-12-28,7.45,7.48,7.1,7.11,22903224.0,1205318272.0
2010-12-29,7.12,7.25,7.11,7.17,9731200.0,504992320.0
2010-12-30,7.19,7.24,7.03,7.11,11373466.0,587613824.0
2010-12-31,7.2,7.25,7.11,7.22,13881016.0,722986944.0
2011-01-04,7.25,7.45,7.16,7.38,18621576.0,985669184.0
2011-01-05,7.38,7.38,7.24,7.25,13354475.0,704646144.0
2011-01-06,7.23,7.24,7.0,7.02,21041546.0,1078116224.0
2011-01-07,7.01,7.1,6.99,7.01,11589380.0,591660992.0
2011-01-10,7.05,7.05,6.8,6.82,13708540.0,688931584.0
2011-01-11,6.8,6.8,6.54,6.6,17218484.0,826351488.0
2011-01-12,6.61,6.8,6.6,6.72,12347739.0,599813760.0
2011-01-13,6.76,6.79,6.68,6.69,6616334.0,322071040.0
2011-01-14,6.66,6.85,6.54,6.81,12494314.0,604271488.0
2011-01-17,6.74,6.78,6.57,6.6,11090970.0,535955712.0
2011-01-18,6.55,6.69,6.54,6.63,7470455.0,359590816.0
2011-01-19,6.63,6.86,6.6,6.83,13453232.0,662317504.0
2011-01-20,6.86,6.99,6.68,6.7,15632554.0,776673280.0
2011-01-21,6.63,6.94,6.56,6.81,13858660.0,680414080.0
2011-01-24,6.81,6.83,6.47,6.48,14374916.0,687577920.0
2011-01-25,6.48,6.51,6.35,6.39,7453732.0,346612448.0
2011-01-26,6.42,6.54,6.42,6.49,5729802.0,269544416.0
2011-01-27,6.49,6.79,6.43,6.76,12297639.0,593727040.0
2011-01-28,6.75,7.03,6.7,7.02,19134180.0,956346112.0
2011-01-31,6.98,7.1,6.91,7.05,15009636.0,764294400.0
2011-02-01,7.06,7.06,6.92,6.98,9025819.0,457170432.0
2011-02-09,6.92,6.97,6.73,6.76,9581750.0,476519680.0
2011-02-10,6.72,7.02,6.63,7.02,12743679.0,635128000.0
2011-02-11,7.0,7.71,6.99,7.57,36017796.0,1949047296.0
2011-02-14,7.59,8.23,7.58,8.15,47540160.0,2739507968.0
2011-02-15,8.23,8.3,8.03,8.07,35863676.0,2121434368.0
2011-02-16,8.06,8.52,8.03,8.46,35170176.0,2133137792.0
2011-02-17,8.52,8.55,8.2,8.31,26908234.0,1621288448.0
2011-02-18,8.28,8.28,7.95,7.99,27201620.0,1590906368.0
2011-02-21,7.95,8.28,7.95,8.19,20702252.0,1224843904.0
2011-02-22,8.18,8.21,7.82,7.85,27463992.0,1582878336.0
2011-02-23,7.83,7.92,7.7,7.81,19597008.0,1104269056.0
2011-02-24,7.81,7.91,7.67,7.83,16477534.0,934028352.0
2011-02-25,7.83,7.93,7.68,7.87,12931668.0,732239552.0
2011-02-28,7.88,8.39,7.73,8.31,30504770.0,1797970560.0
2011-03-01,8.33,8.41,8.09,8.19,21333264.0,1272398336.0
2011-03-02,8.08,8.35,7.91,8.27,26110976.0,1528586880.0
2011-03-03,8.25,8.48,8.15,8.19,28528948.0,1722443008.0
2011-03-04,8.19,8.44,8.13,8.28,19862472.0,1193285376.0
2011-03-07,8.3,8.52,8.3,8.43,28094402.0,1719293568.0
2011-03-08,8.43,8.48,8.29,8.39,16932980.0,1027561216.0
2011-03-09,8.4,8.47,8.18,8.27,24867024.0,1499706496.0
2011-03-10,8.28,8.28,8.0,8.02,23818990.0,1395403776.0
2011-03-11,7.93,8.12,7.93,7.96,18196902.0,1055798720.0
2011-03-14,7.88,8.04,7.88,7.97,13000477.0,751022784.0
2011-03-15,7.95,7.99,7.48,7.83,23697484.0,1324835328.0
2011-03-16,7.77,7.86,7.71,7.81,16098915.0,908879296.0
2011-03-17,7.72,7.97,7.59,7.74,17728100.0,1005020160.0
2011-03-18,7.79,7.95,7.74,7.9,14414026.0,819119680.0
2011-03-21,7.86,8.0,7.81,7.84,15734181.0,899515072.0
2011-03-22,7.86,7.96,7.75,7.9,14174727.0,809530112.0
2011-03-23,7.94,8.05,7.86,8.02,15417849.0,891442304.0
2011-03-24,8.02,8.07,7.89,7.89,13147627.0,757922880.0
2011-03-25,7.88,8.04,7.86,7.9,13945423.0,801624512.0
2011-03-28,7.9,8.0,7.86,7.88,12694621.0,729233792.0
2011-03-29,7.85,7.86,7.63,7.65,15208190.0,852739968.0
2011-03-30,7.65,7.75,7.57,7.62,11547349.0,640392256.0
2011-03-31,7.59,7.61,7.32,7.34,20830156.0,1122295680.0
2011-04-01,7.31,7.45,7.31,7.44,8279200.0,444374688.0
2011-04-06,7.44,7.6,7.43,7.43,10721447.0,582370816.0
2011-04-07,7.44,7.49,7.3,7.46,11064823.0,593317824.0
2011-04-08,7.49,7.6,7.35,7.57,10106659.0,551687936.0
2011-04-11,7.57,7.88,7.57,7.8,23458680.0,1316161792.0
2011-04-12,7.79,7.88,7.63,7.69,12736771.0,716769152.0
2011-04-13,7.62,7.72,7.51,7.71,8894568.0,490842304.0
2011-04-14,7.71,7.79,7.61,7.65,8136270.0,453652416.0
2011-04-15,7.64,7.79,7.59,7.69,8872775.0,493734432.0
2011-04-18,7.66,7.85,7.62,7.79,15267308.0,861624768.0
2011-04-19,7.75,7.75,7.57,7.59,11442341.0,632922368.0
2011-04-20,7.62,7.65,7.55,7.55,7511454.0,413128736.0
2011-04-21,7.59,7.62,7.52,7.55,7061206.0,386784320.0
2011-04-22,7.55,7.56,7.36,7.38,15665106.0,840749056.0
2011-04-25,7.36,7.38,7.2,7.24,10720958.0,564776896.0
2011-04-26,7.24,7.31,7.15,7.26,8153994.0,426644512.0
2011-04-27,7.31,7.33,7.01,7.06,9111552.0,471664800.0
2011-04-28,7.06,7.1,6.9,6.97,8374338.0,422975072.0
2011-04-29,6.97,7.05,6.94,7.03,5076338.0,257855584.0
2011-05-03,7.04,7.11,7.02,7.06,4711184.0,240855872.0
2011-05-04,7.06,7.06,6.76,6.86,9865720.0,491303136.0
2011-05-05,6.83,6.83,6.69,6.71,6664199.0,325870656.0
2011-05-06,6.66,6.66,6.52,6.6,7849840.0,374734432.0
2011-05-09,6.6,6.9,6.6,6.82,8233430.0,407041760.0
2011-05-10,6.82,6.87,6.78,6.84,4320217.0,213592592.0
2011-05-11,6.83,6.83,6.71,6.73,4878134.0,239080544.0
2011-05-12,6.69,6.73,6.62,6.62,5429510.0,262155424.0
2011-05-13,6.62,6.69,6.56,6.66,4153122.0,199292448.0
2011-05-16,6.66,6.67,6.55,6.55,4196768.0,200901840.0
2011-05-17,6.55,6.82,6.54,6.73,9319094.0,454537408.0
2011-05-19,6.77,6.81,6.67,6.68,4444969.0,216680048.0
2011-05-20,6.67,6.67,6.58,6.61,3319014.0,159143024.0
2011-05-23,6.61,6.62,6.41,6.45,6708517.0,315685824.0
2011-05-24,6.43,6.55,6.36,6.49,5002785.0,233763232.0
2011-05-25,6.5,6.54,6.43,6.44,3755929.0,176588912.0
2011-05-26,6.49,6.55,6.43,6.43,3973997.0,186292576.0
2011-05-27,6.46,6.5,6.41,6.47,3816950.0,178844736.0
2011-05-30,6.47,6.48,6.37,6.38,4829376.0,224879424.0
2011-05-31,6.37,6.55,6.14,6.49,9588050.0,441067712.0
2011-06-01,6.43,6.47,6.4,6.44,4674514.0,217993264.0
2011-06-02,6.36,6.36,6.21,6.25,5548590.0,252332928.0
2011-06-03,6.25,6.39,6.25,6.29,6249300.0,285635552.0
2011-06-07,6.29,6.34,6.25,6.32,5442601.0,248801552.0
2011-06-08,6.32,6.32,6.17,6.28,5958170.0,269494720.0
2011-06-09,6.27,6.27,6.17,6.17,5153252.0,231843680.0
2011-06-10,6.16,6.27,6.14,6.23,5965139.0,267802416.0
2011-06-13,6.19,6.19,6.13,6.15,4425479.0,197281936.0
2011-06-14,6.15,6.33,6.15,6.27,6806417.0,308495744.0
2011-06-15,6.27,6.27,6.18,6.18,4729190.0,213411936.0
2011-06-16,6.14,6.14,6.07,6.07,5732387.0,253156288.0
2011-06-17,6.06,6.09,5.93,5.93,5616814.0,245751440.0
2011-06-20,5.93,5.96,5.71,5.75,6907934.0,289822880.0
2011-06-21,5.76,5.84,5.76,5.8,5371523.0,225744480.0
2011-06-22,5.8,5.84,5.77,5.83,6539045.0,275233664.0
2011-06-23,5.83,6.13,5.76,6.09,10478585.0,453755680.0
2011-06-24,6.07,6.37,6.04,6.27,18051772.0,818823744.0
2011-06-27,6.31,6.37,6.26,6.28,10937430.0,500223040.0
2011-06-28,6.3,6.3,6.14,6.21,9103992.0,408195360.0
2011-06-29,6.18,6.26,6.14,6.14,5912752.0,264989184.0
2011-06-30,6.14,6.35,6.14,6.27,10620972.0,483494048.0
2011-07-01,6.31,6.32,6.23,6.25,8805281.0,400190112.0
2011-07-04,6.3,6.54,6.29,6.49,15120684.0,709128000.0
2011-07-05,6.52,6.66,6.52,6.57,12476323.0,595809536.0
2011-07-06,6.57,6.57,6.43,6.5,6898108.0,324294368.0
2011-07-07,6.5,6.66,6.49,6.5,10307857.0,490304896.0
2011-07-08,6.47,6.49,6.4,6.43,6690821.0,309306208.0
2011-07-11,6.42,6.54,6.32,6.46,7229921.0,333298304.0
2011-07-12,6.38,6.4,6.33,6.33,6143293.0,280235360.0
2011-07-13,6.33,6.45,6.33,6.41,4936650.0,226987200.0
2011-07-14,6.47,6.48,6.36,6.37,6146474.0,282546176.0
2011-07-15,6.37,6.43,6.33,6.38,6286767.0,288003424.0
2011-07-18,6.38,6.43,6.28,6.3,8916481.0,406208736.0
2011-07-19,6.26,6.28,6.11,6.11,10231404.0,452699648.0
2011-07-20,6.15,6.2,6.1,6.17,5698954.0,251797104.0
2011-07-21,6.18,6.19,6.13,6.13,4636334.0,204814000.0
2011-07-22,6.13,6.26,6.13,6.22,5563319.0,248611024.0
2011-07-25,6.17,6.17,5.92,5.93,8408199.0,364105536.0
2011-07-26,5.93,5.99,5.92,5.97,3377561.0,144434704.0
2011-07-27,5.98,6.04,5.92,6.02,4589493.0,197911984.0
2011-07-28,5.93,6.05,5.92,6.02,5037059.0,215494448.0
2011-07-29,6.02,6.06,5.94,6.0,3593705.0,154795696.0
2011-08-01,6.0,6.02,5.94,6.01,3199420.0,137713120.0
2011-08-02,5.97,6.11,5.89,6.1,7457270.0,322195136.0
2011-08-03,6.05,6.19,6.01,6.07,6131773.0,268986784.0
2011-08-04,6.11,6.12,6.03,6.03,3554431.0,154829152.0
2011-08-05,5.88,5.92,5.82,5.86,6523041.0,275275936.0
2011-08-08,5.8,5.8,5.43,5.69,13208773.0,531488928.0
2011-08-09,5.46,5.66,5.46,5.59,8124620.0,323734816.0
2011-08-10,5.74,5.77,5.59,5.6,7262769.0,296319168.0
2011-08-11,5.53,5.61,5.5,5.59,6686100.0,267566384.0
2011-08-12,5.64,5.7,5.6,5.68,8338504.0,338878144.0
2011-08-15,5.71,5.87,5.66,5.87,10974052.0,456246112.0
2011-08-16,5.87,5.89,5.74,5.76,6666457.0,278023360.0
2011-08-17,5.75,5.84,5.74,5.76,4000448.0,166424304.0
2011-08-18,5.77,5.77,5.61,5.62,5574259.0,227682000.0
2011-08-19,5.51,5.61,5.49,5.53,6741370.0,267632080.0
2011-08-22,5.53,5.58,5.48,5.54,3736474.0,148596656.0
2011-08-23,5.56,5.66,5.51,5.65,3940117.0,158296416.0
2011-08-24,5.68,5.71,5.59,5.64,3762531.0,152995888.0
2011-08-25,5.65,5.82,5.59,5.76,8917568.0,367409088.0
2011-08-26,5.75,5.8,5.71,5.77,4814986.0,199179824.0
2011-08-29,5.74,5.74,5.64,5.66,5079470.0,207131040.0
2011-08-30,5.67,5.87,5.67,5.71,10430733.0,433023488.0
2011-08-31,5.74,5.87,5.74,5.82,9056666.0,378633568.0
2011-09-01,5.86,5.87,5.74,5.79,4555346.0,189857904.0
2011-09-02,5.74,5.79,5.67,5.75,4424816.0,181763552.0
2011-09-05,5.69,5.69,5.56,5.59,4113632.0,165600288.0
2011-09-06,5.55,5.6,5.51,5.54,3401802.0,135722720.0
2011-09-07,5.53,5.68,5.53,5.65,3956330.0,159658656.0
2011-09-08,5.67,5.68,5.57,5.57,3223275.0,129984024.0
2011-09-09,5.64,5.67,5.57,5.61,3173024.0,127602456.0
2011-09-13,5.53,5.53,5.44,5.47,3384102.0,133053104.0
2011-09-14,5.54,5.55,5.43,5.52,3567524.0,140795776.0
2011-09-15,5.54,5.59,5.51,5.53,3781243.0,150762592.0
2011-09-16,5.56,5.59,5.52,5.52,2386531.0,95119344.0
2011-09-19,5.51,5.53,5.43,5.46,3390509.0,132942248.0
2011-09-20,5.45,5.5,5.43,5.46,2855727.0,111970048.0
2011-09-21,5.47,5.63,5.44,5.61,6995147.0,279795008.0
2011-09-22,5.55,5.57,5.44,5.44,4717447.0,186458720.0
2011-09-23,5.35,5.43,5.29,5.35,4595423.0,176189232.0
2011-09-26,5.32,5.4,5.23,5.23,4640795.0,176384112.0
2011-09-27,5.26,5.32,5.23,5.29,4436809.0,168559008.0
2011-09-28,5.36,5.37,5.24,5.26,4195978.0,160331968.0
2011-09-29,5.24,5.3,5.15,5.25,4740492.0,178371248.0
2011-09-30,5.3,5.3,5.17,5.19,3561294.0,133452136.0
2011-10-10,5.22,5.27,5.12,5.14,2679789.0,99680144.0
2011-10-11,5.23,5.3,5.1,5.13,3716635.0,138781120.0
2011-10-12,5.12,5.3,5.11,5.28,6564574.0,246510976.0
2011-10-13,5.28,5.34,5.26,5.31,6040805.0,229991840.0
2011-10-14,5.31,5.31,5.2,5.25,3466657.0,130629944.0
2011-10-17,5.26,5.32,5.23,5.24,2647330.0,100166832.0
2011-10-18,5.21,5.21,5.04,5.04,4949744.0,181866288.0
2011-10-19,5.05,5.11,4.85,4.9,7510050.0,265979472.0
2011-10-20,4.9,4.9,4.66,4.82,6190039.0,211057344.0
2011-10-21,4.81,4.82,4.7,4.72,3118510.0,106288208.0
2011-10-24,4.73,4.84,4.7,4.8,4581798.0,157023536.0
2011-10-25,4.81,4.91,4.73,4.89,6455678.0,224627328.0
2011-10-26,4.87,5.02,4.84,4.93,7966758.0,282765632.0
2011-10-27,4.94,5.01,4.89,4.98,6078506.0,216800416.0
2011-10-28,5.03,5.17,5.03,5.16,10482733.0,384387360.0
2011-10-31,5.15,5.15,5.01,5.06,9005447.0,328179008.0
2011-11-01,5.01,5.25,5.0,5.2,11471134.0,425958048.0
2011-11-02,5.14,5.31,5.11,5.28,10145735.0,379455168.0
2011-11-03,5.31,5.42,5.31,5.34,11587216.0,447987360.0
2011-11-04,5.35,5.42,5.29,5.32,6697883.0,257689312.0
2011-11-07,5.3,5.37,5.24,5.26,5758238.0,218340352.0
2011-11-08,5.25,5.35,5.2,5.23,6404114.0,242212256.0
2011-11-09,5.24,5.42,5.24,5.41,10304903.0,393876736.0
2011-11-10,5.36,5.46,5.33,5.36,8900328.0,345408672.0
2011-11-11,5.36,5.4,5.3,5.36,4644515.0,178493728.0
2011-11-14,5.4,5.5,5.4,5.47,6162406.0,241710880.0
2011-11-15,5.51,5.52,5.45,5.47,5341434.0,210289872.0
2011-11-16,5.47,5.48,5.24,5.25,7284660.0,279600128.0
2011-11-17,5.27,5.31,5.22,5.23,5308140.0,200290048.0
2011-11-18,5.21,5.21,4.96,4.97,8598614.0,312396320.0
2011-11-21,4.99,5.01,4.93,4.96,4718853.0,168316608.0
2011-11-22,4.93,5.01,4.89,4.91,6278936.0,222656640.0
2011-11-23,4.93,4.97,4.85,4.9,3510217.0,123866352.0
2011-11-24,4.9,4.98,4.83,4.93,3703659.0,130187712.0
2011-11-25,4.91,4.94,4.84,4.85,2736868.0,95940104.0
2011-11-28,4.85,4.9,4.81,4.85,2627911.0,91481800.0
2011-11-29,4.91,4.98,4.9,4.97,4564842.0,162210448.0
2011-11-30,4.97,4.98,4.73,4.77,5187261.0,180488048.0
2011-12-01,4.94,5.05,4.88,4.98,10165034.0,363567872.0
2011-12-02,4.92,4.96,4.89,4.92,3299207.0,116402984.0
2011-12-05,4.92,4.94,4.81,4.81,3036242.0,105776384.0
2011-12-06,4.81,4.84,4.7,4.73,3808051.0,129939440.0
2011-12-07,4.76,4.76,4.64,4.71,4100569.0,138506384.0
2011-12-08,4.71,4.75,4.67,4.68,3619214.0,122274880.0
2011-12-09,4.66,4.71,4.65,4.67,3443458.0,115745104.0
2011-12-12,4.66,4.66,4.55,4.56,4094234.0,135005600.0
2011-12-13,4.54,4.55,4.29,4.37,7216662.0,226251184.0
2011-12-14,4.36,4.36,4.18,4.28,4719672.0,144922272.0
2011-12-15,4.22,4.24,4.15,4.22,5168051.0,155406880.0
2011-12-16,4.22,4.31,4.14,4.28,5514327.0,166624368.0
2011-12-19,4.27,4.3,4.14,4.3,4949282.0,149509008.0
2011-12-20,4.3,4.36,4.26,4.29,4688499.0,145358784.0
2011-12-21,4.36,4.36,4.2,4.2,3629158.0,111774848.0
2011-12-22,4.18,4.23,4.12,4.21,5183242.0,155884672.0
2011-12-23,4.22,4.36,4.19,4.34,9782219.0,302539200.0
2011-12-26,4.34,4.34,4.25,4.27,2848094.0,87879376.0
2011-12-27,4.27,4.33,4.25,4.32,5350637.0,164966608.0
2011-12-28,4.25,4.32,4.18,4.3,3519233.0,107799384.0
2011-12-29,4.26,4.34,4.25,4.3,4804132.0,148378144.0
2011-12-30,4.31,4.39,4.31,4.39,4947916.0,154955056.0
2012-01-04,4.41,4.44,4.24,4.25,4607736.0,144110928.0
2012-01-05,4.24,4.24,4.17,4.23,3294542.0,99370000.0
2012-01-06,4.18,4.31,4.16,4.31,2812861.0,85353744.0
2012-01-09,4.31,4.44,4.25,4.43,6390387.0,200803312.0
2012-01-10,4.44,4.67,4.41,4.62,9114310.0,297414528.0
2012-01-11,4.68,4.76,4.59,4.64,9894121.0,333220960.0
2012-01-12,4.64,4.67,4.57,4.58,4721859.0,156415552.0
2012-01-13,4.58,4.62,4.43,4.47,4730823.0,153313680.0
2012-01-16,4.41,4.55,4.38,4.47,4926565.0,158215584.0
2012-01-17,4.44,4.73,4.43,4.66,9890161.0,325750144.0
2012-01-18,4.66,4.72,4.6,4.62,9633356.0,322738592.0
2012-01-19,4.62,4.73,4.59,4.71,8270437.0,278510720.0
2012-01-20,4.71,4.97,4.71,4.92,13391058.0,468543264.0
2012-01-30,4.95,4.97,4.78,4.78,7846932.0,273470624.0
2012-01-31,4.78,4.82,4.67,4.72,4352196.0,147697920.0
2012-02-01,4.7,4.78,4.66,4.67,3412995.0,115557376.0
2012-02-02,4.69,4.77,4.67,4.77,4290450.0,145600128.0
2012-02-03,4.77,4.83,4.7,4.78,5124726.0,175350752.0
2012-02-06,4.78,4.8,4.62,4.66,9931319.0,335047552.0
2012-02-07,4.64,4.66,4.54,4.61,6009245.0,198295392.0
2012-02-08,4.6,4.74,4.58,4.71,6298381.0,211471792.0
2012-02-09,4.71,4.76,4.68,4.7,5746869.0,194977616.0
2012-02-10,4.69,4.77,4.68,4.72,6274586.0,213453072.0
2012-02-13,4.67,4.72,4.6,4.68,6152007.0,206000016.0
2012-02-14,4.66,4.67,4.59,4.62,5798942.0,192370400.0
2012-02-15,4.6,4.77,4.6,4.76,9528610.0,322405888.0
2012-02-16,4.76,4.93,4.76,4.82,13748882.0,478724032.0
2012-02-17,4.86,4.88,4.77,4.81,6223363.0,215844960.0
2012-02-20,4.89,4.92,4.76,4.76,6374714.0,221991488.0
2012-02-21,4.78,4.8,4.72,4.79,4445469.0,152169280.0
2012-02-22,4.8,4.87,4.79,4.84,6334345.0,219707344.0
2012-02-23,4.86,4.89,4.82,4.84,7424083.0,259320480.0
2012-02-24,4.85,4.96,4.82,4.96,13709112.0,481569088.0
2012-02-27,4.96,5.1,4.96,5.02,14628854.0,531609216.0
2012-02-28,5.01,5.02,4.93,4.98,8236548.0,294481952.0
2012-02-29,4.96,4.97,4.85,4.86,8221608.0,289694112.0
2012-03-01,4.81,4.89,4.81,4.84,5800734.0,202265072.0
2012-03-02,4.85,4.94,4.83,4.94,10226074.0,358681184.0
2012-03-05,4.94,5.04,4.93,4.93,10983020.0,393177024.0
2012-03-06,4.89,4.91,4.82,4.84,7275126.0,253610256.0
2012-03-07,4.8,4.8,4.72,4.75,11439379.0,391000480.0
2012-03-08,4.76,4.86,4.76,4.79,6097042.0,210466064.0
2012-03-09,4.82,4.85,4.77,4.85,7932079.0,274667648.0
2012-03-12,4.86,4.91,4.8,4.83,7864456.0,274474336.0
2012-03-13,4.82,4.94,4.8,4.94,10133302.0,355095616.0
2012-03-14,4.98,5.03,4.79,4.8,16912200.0,596898112.0
2012-03-15,4.79,4.82,4.67,4.7,10281687.0,349441056.0
2012-03-16,4.7,4.76,4.59,4.73,8928859.0,300469568.0
2012-03-19,4.73,4.73,4.65,4.69,8152111.0,274365920.0
2012-03-20,4.69,4.69,4.58,4.59,8261823.0,274154272.0
2012-03-21,4.6,4.65,4.56,4.62,5573389.0,184481328.0
2012-03-22,4.62,4.63,4.57,4.6,3134526.0,103535616.0
2012-03-23,4.59,4.59,4.48,4.5,5677677.0,184838544.0
2012-03-26,4.5,4.52,4.47,4.49,2737531.0,88380968.0
2012-03-27,4.52,4.54,4.46,4.47,4804772.0,154939584.0
2012-03-28,4.47,4.47,4.31,4.31,6454674.0,202374720.0
2012-03-29,4.28,4.28,4.12,4.2,8010560.0,240381120.0
2012-03-30,4.2,4.24,4.17,4.2,4763164.0,143743376.0
2012-04-05,4.23,4.36,4.19,4.32,7716953.0,238040992.0
2012-04-06,4.31,4.34,4.28,4.3,3862039.0,119577296.0
2012-04-09,4.3,4.37,4.23,4.29,4463132.0,138237072.0
2012-04-10,4.26,4.31,4.19,4.3,4564024.0,138981472.0
2012-04-11,4.25,4.34,4.19,4.32,4865609.0,150188112.0
2012-04-12,4.33,4.41,4.29,4.41,7139028.0,223351024.0
2012-04-13,4.41,4.49,4.39,4.45,9559991.0,305688224.0
2012-04-16,4.43,4.44,4.38,4.41,3740430.0,118528792.0
2012-04-17,4.4,4.44,4.36,4.36,4417509.0,138998544.0
2012-04-18,4.38,4.47,4.37,4.46,5068669.0,161315792.0
2012-04-19,4.44,4.5,4.44,4.45,4434796.0,142274240.0
2012-04-20,4.44,4.6,4.44,4.58,9446981.0,308345024.0
2012-04-23,4.57,4.74,4.56,4.73,14376400.0,483099232.0
2012-04-24,4.66,4.73,4.55,4.62,10949523.0,364671456.0
2012-04-25,4.65,4.69,4.6,4.67,7445198.0,248119344.0
2012-04-26,4.67,4.75,4.65,4.68,6636305.0,223998768.0
2012-04-27,4.65,4.7,4.55,4.61,6183169.0,204717168.0
2012-05-02,4.68,4.77,4.66,4.73,9069994.0,307326304.0
2012-05-03,4.73,4.77,4.69,4.76,6094626.0,207221088.0
2012-05-04,4.76,4.78,4.71,4.75,5211208.0,177636080.0
2012-05-07,4.73,4.87,4.73,4.84,10717928.0,369674720.0
2012-05-08,4.84,4.84,4.71,4.8,7583464.0,260389520.0
2012-05-09,4.73,4.75,4.62,4.63,6865126.0,231062944.0
2012-05-10,4.63,4.66,4.59,4.59,3912989.0,130166368.0
2012-05-11,4.57,4.61,4.52,4.58,7797679.0,254874208.0
2012-05-14,4.6,4.62,4.46,4.47,5635200.0,183902192.0
2012-05-15,4.45,4.45,4.39,4.42,5504094.0,174418944.0
2012-05-16,4.42,4.47,4.36,4.41,5078476.0,161049056.0
2012-05-17,4.41,4.46,4.39,4.44,3271371.0,104175248.0
2012-05-18,4.41,4.45,4.36,4.36,3612407.0,113968288.0
2012-05-21,4.36,4.43,4.35,4.37,3212670.0,101218520.0
2012-05-22,4.41,4.49,4.41,4.48,4342643.0,139344688.0
2012-05-23,4.48,4.54,4.47,4.5,4003711.0,129736152.0
2012-05-24,4.5,4.66,4.5,4.57,9836760.0,325426080.0
2012-05-25,4.57,4.62,4.5,4.57,3628038.0,118545840.0
2012-05-28,4.55,4.77,4.51,4.72,10678419.0,358435360.0
2012-05-29,4.73,4.86,4.73,4.78,12428687.0,428912832.0
2012-05-30,4.76,4.8,4.68,4.7,5885767.0,200120112.0
2012-05-31,4.67,4.7,4.62,4.64,4863298.0,162663696.0
2012-06-01,4.63,4.69,4.61,4.65,4419795.0,147623968.0
2012-06-04,4.57,4.63,4.43,4.51,6926722.0,224198496.0
2012-06-05,4.5,4.51,4.43,4.43,4929424.0,158125456.0
2012-06-06,4.46,4.47,4.42,4.46,3068271.0,98022656.0
2012-06-07,4.48,4.53,4.43,4.44,2746042.0,88272016.0
2012-06-08,4.47,4.5,4.43,4.43,2391698.0,76659320.0
2012-06-11,4.45,4.5,4.44,4.48,3378575.0,108665944.0
2012-06-12,4.46,4.46,4.4,4.42,5293790.0,168022432.0
2012-06-13,4.42,4.47,4.41,4.47,4478221.0,142918224.0
2012-06-14,4.46,4.48,4.42,4.44,3543129.0,113294584.0
2012-06-15,4.44,4.45,4.37,4.42,3471612.0,109985560.0
2012-06-18,4.43,4.46,4.42,4.45,3122034.0,99547992.0
2012-06-19,4.43,4.45,4.39,4.4,2287751.0,72491608.0
2012-06-20,4.43,4.44,4.4,4.41,2135510.0,67759456.0
2012-06-21,4.41,4.41,4.3,4.32,3273358.0,102137808.0
2012-06-25,4.31,4.32,4.18,4.19,3230409.0,98502480.0
2012-06-26,4.18,4.23,4.18,4.19,3133160.0,94445824.0
2012-06-27,4.2,4.22,4.16,4.17,3020414.0,91012544.0
2012-06-28,4.18,4.2,4.12,4.13,3392134.0,101288224.0
2012-07-02,4.19,4.22,4.12,4.13,4603344.0,137415744.0
2012-07-03,4.15,4.17,4.01,4.02,9550211.0,279285600.0
2012-07-04,4.01,4.05,3.92,3.94,6108259.0,174809616.0
2012-07-05,3.94,3.95,3.81,3.83,5203477.0,143804736.0
2012-07-06,3.83,3.91,3.83,3.9,5773883.0,160334816.0
2012-07-09,3.9,3.9,3.74,3.77,6325531.0,173073632.0
2012-07-10,3.76,3.79,3.71,3.75,3622262.0,97567576.0
2012-07-11,3.75,3.8,3.75,3.79,3577248.0,97175696.0
2012-07-12,3.8,3.87,3.72,3.85,4820876.0,131201088.0
2012-07-13,3.83,3.87,3.8,3.81,3254025.0,89819312.0
2012-07-16,3.81,3.81,3.66,3.67,3723953.0,99384592.0
2012-07-17,3.68,3.72,3.66,3.7,1929827.0,51235044.0
2012-07-18,3.7,3.72,3.56,3.68,3862832.0,100811968.0
2012-07-19,3.67,3.77,3.65,3.72,3915234.0,104981312.0
2012-07-20,3.71,3.71,3.58,3.58,4910238.0,128247488.0
2012-07-23,3.56,3.56,3.27,3.3,10079735.0,241913456.0
2012-07-24,3.22,3.34,3.21,3.28,7245718.0,170028320.0
2012-07-25,3.27,3.31,3.23,3.25,3099289.0,72487104.0
2012-07-26,3.26,3.27,3.18,3.18,7950075.0,182914048.0
2012-07-27,3.19,3.22,3.16,3.2,4214697.0,96728144.0
2012-07-30,3.2,3.25,3.19,3.2,3960991.0,91538896.0
2012-07-31,3.2,3.25,3.19,3.22,4180640.0,96825616.0
2012-08-01,3.18,3.29,3.18,3.26,4402064.0,102827344.0
2012-08-02,3.26,3.28,3.2,3.27,3844434.0,89547592.0
2012-08-03,3.26,3.31,3.26,3.3,3765815.0,88755024.0
2012-08-06,3.3,3.38,3.29,3.36,5107004.0,122213864.0
2012-08-07,3.36,3.37,3.31,3.33,4412735.0,105856216.0
2012-08-08,3.33,3.36,3.27,3.31,4456580.0,105992808.0
2012-08-09,3.31,3.35,3.27,3.35,5659708.0,134592240.0
2012-08-10,3.34,3.34,3.26,3.26,5393694.0,127391160.0
2012-08-13,3.27,3.3,3.23,3.25,5293765.0,124074024.0
2012-08-14,3.25,3.31,3.24,3.31,4247514.0,99907304.0
2012-08-15,3.3,3.31,3.25,3.27,3652980.0,85962976.0
2012-08-16,3.26,3.28,3.24,3.24,3926616.0,91730704.0
2012-08-17,3.25,3.25,3.19,3.22,3306635.0,63532452.0
2012-08-20,3.19,3.19,3.1,3.17,4367478.0,82079840.0
2012-08-21,3.17,3.21,3.15,3.18,3568588.0,67688792.0
2012-08-22,3.19,3.2,3.14,3.15,2993821.0,56461744.0
2012-08-23,3.15,3.19,3.13,3.15,3408965.0,64212144.0
2012-08-24,3.15,3.15,3.04,3.05,4730576.0,87079272.0
2012-08-27,3.05,3.05,2.9,2.9,6559482.0,114660176.0
2012-08-28,2.9,2.91,2.87,2.89,4855183.0,83673072.0
2012-08-29,2.89,2.9,2.8,2.83,6034812.0,102481568.0
2012-08-30,2.77,2.9,2.77,2.87,7318759.0,124437264.0
2012-08-31,2.87,2.94,2.85,2.87,7488419.0,129158672.0
2012-09-03,2.89,3.13,2.89,3.02,17090516.0,307844320.0
2012-09-04,3.02,3.1,2.96,2.98,9623702.0,173611344.0
2012-09-05,2.96,3.03,2.96,2.99,4929288.0,88097152.0
2012-09-06,3.0,3.05,2.97,2.99,5158225.0,92430488.0
2012-09-07,3.03,3.28,3.01,3.23,23126930.0,438471488.0
2012-09-10,3.23,3.41,3.2,3.38,20393412.0,404474784.0
2012-09-11,3.35,3.35,3.27,3.34,10680816.0,210556752.0
2012-09-12,3.37,3.44,3.34,3.4,11123312.0,224751728.0
2012-09-13,3.41,3.41,3.3,3.31,8891344.0,177258448.0
2012-09-14,3.33,3.39,3.24,3.31,8598533.0,170242800.0
2012-09-17,3.32,3.32,3.2,3.21,7861113.0,152455008.0
2012-09-18,3.19,3.19,3.12,3.13,5665566.0,106529544.0
2012-09-19,3.13,3.18,3.13,3.17,4228686.0,79473752.0
2012-09-20,3.15,3.15,3.0,3.0,6219484.0,114091432.0
2012-09-21,3.01,3.09,2.99,3.02,4545321.0,82676088.0
2012-09-24,3.03,3.14,2.98,3.12,6142624.0,112925864.0
2012-09-25,3.1,3.12,3.01,3.03,4551356.0,82988904.0
2012-09-26,3.03,3.05,2.98,3.01,3697849.0,66418392.0
2012-09-27,3.02,3.2,3.02,3.17,7715713.0,144019088.0
2012-09-28,3.14,3.26,3.12,3.25,9303920.0,177888000.0
2012-10-08,3.27,3.28,3.18,3.2,5439164.0,104146000.0
2012-10-09,3.23,3.32,3.22,3.3,8669386.0,169828320.0
2012-10-10,3.29,3.33,3.27,3.3,5094406.0,100309912.0
2012-10-11,3.29,3.29,3.23,3.25,5823738.0,113073664.0
2012-10-12,3.27,3.33,3.23,3.31,9189983.0,180773408.0
2012-10-15,3.3,3.34,3.26,3.31,5358781.0,105438416.0
2012-10-16,3.3,3.37,3.29,3.35,7239055.0,144280256.0
2012-10-17,3.37,3.39,3.31,3.33,5277041.0,105233600.0
2012-10-18,3.34,3.47,3.34,3.47,13255779.0,269122720.0
2012-10-19,3.49,3.77,3.49,3.59,22515764.0,485923520.0
2012-10-22,3.56,3.68,3.53,3.66,9523020.0,204867488.0
2012-10-23,3.66,3.69,3.54,3.55,8629419.0,183840656.0
2012-10-24,3.5,3.68,3.49,3.62,9759813.0,208134976.0
2012-10-25,3.62,3.64,3.42,3.43,11077037.0,230192448.0
2012-10-26,3.43,3.46,3.32,3.35,8443199.0,168454928.0
2012-10-29,3.32,3.33,3.23,3.28,6897150.0,134283504.0
2012-10-30,3.27,3.39,3.26,3.34,6280597.0,124400264.0
2012-10-31,3.34,3.38,3.32,3.37,4262693.0,84624928.0
2012-11-01,3.37,3.49,3.37,3.48,9741806.0,199020944.0
2012-11-02,3.49,3.59,3.48,3.56,13779211.0,289927328.0
2012-11-05,3.56,3.62,3.52,3.6,9508153.0,202507024.0
2012-11-06,3.59,3.59,3.46,3.53,7563696.0,157487328.0
2012-11-07,3.51,3.56,3.5,3.51,5557018.0,116314600.0
2012-11-08,3.47,3.49,3.36,3.37,5498404.0,112316944.0
2012-11-09,3.36,3.46,3.34,3.43,5794494.0,117273000.0
2012-11-12,3.44,3.53,3.44,3.5,5867530.0,121754472.0
2012-11-13,3.46,3.52,3.46,3.46,6274588.0,129838176.0
2012-11-14,3.46,3.52,3.44,3.52,6012360.0,124451592.0
2012-11-15,3.5,3.53,3.44,3.45,5099474.0,105497352.0
2012-11-16,3.42,3.47,3.39,3.43,3803329.0,77163256.0
2012-11-19,3.43,3.51,3.41,3.5,4588547.0,94304568.0
2012-11-20,3.52,3.57,3.51,3.54,8692736.0,182903680.0
2012-11-21,3.54,3.68,3.53,3.68,10768912.0,230648800.0
2012-11-22,3.66,3.7,3.61,3.64,7579144.0,164455520.0
2012-11-23,3.65,3.76,3.65,3.71,9512842.0,209978896.0
2012-11-26,3.69,3.73,3.63,3.63,5978313.0,130420368.0
2012-11-27,3.63,3.65,3.53,3.54,6430508.0,136137584.0
2012-11-28,3.53,3.54,3.46,3.53,5597172.0,116503208.0
2012-11-29,3.53,3.66,3.53,3.61,6008493.0,128507232.0
2012-11-30,3.59,3.74,3.59,3.72,9525511.0,209125456.0
2012-12-03,3.72,3.81,3.68,3.75,16270019.0,364755200.0
2012-12-04,3.71,3.93,3.7,3.91,13812106.0,313060896.0
2012-12-05,3.9,4.07,3.88,4.01,19730028.0,466715424.0
2012-12-06,4.01,4.09,3.93,3.96,9914796.0,234030320.0
2012-12-07,3.96,4.11,3.88,4.1,17159124.0,411542112.0
2012-12-10,4.11,4.13,4.05,4.07,10584918.0,256885392.0
2012-12-11,4.06,4.07,3.95,3.96,8613630.0,203939968.0
2012-12-12,3.95,4.09,3.95,4.09,7483198.0,178752816.0
2012-12-13,4.09,4.09,4.0,4.03,4839895.0,115851656.0
2012-12-14,4.03,4.27,4.03,4.24,14629573.0,364236672.0
2012-12-17,4.24,4.38,4.16,4.27,15891282.0,401418496.0
2012-12-18,4.26,4.35,4.18,4.27,12409365.0,313663040.0
2012-12-19,4.25,4.3,4.21,4.27,8892111.0,224016768.0
2012-12-20,4.25,4.25,4.13,4.2,8645699.0,214794880.0
2012-12-21,4.2,4.28,4.15,4.18,8378124.0,209497472.0
2012-12-24,4.18,4.21,4.12,4.15,7904994.0,194862288.0
2012-12-25,4.12,4.33,4.1,4.32,12658988.0,320514304.0
2012-12-26,4.31,4.4,4.28,4.32,9725682.0,249686784.0
2012-12-27,4.37,4.38,4.2,4.22,9175501.0,231823568.0
2012-12-28,4.22,4.29,4.16,4.23,7879222.0,196841184.0
2012-12-31,4.26,4.36,4.22,4.27,9021769.0,228749824.0
2013-01-04,4.4,4.4,4.23,4.28,11855842.0,302253024.0
2013-01-07,4.27,4.3,4.13,4.22,14526626.0,362749184.0
2013-01-08,4.21,4.21,4.12,4.16,10768870.0,265684560.0
2013-01-09,4.15,4.2,4.1,4.14,12855057.0,315649312.0
2013-01-10,4.15,4.28,4.15,4.23,13775653.0,344551808.0
2013-01-11,4.23,4.27,4.03,4.03,14337695.0,352047936.0
2013-01-14,4.03,4.18,4.0,4.16,14447081.0,350898944.0
2013-01-15,4.2,4.2,4.05,4.11,18763024.0,457846272.0
2013-01-16,4.11,4.16,4.06,4.14,13830076.0,337554976.0
2013-01-17,4.13,4.13,4.01,4.05,9505657.0,229084832.0
2013-01-18,4.09,4.11,4.05,4.09,9128080.0,220934704.0
2013-01-21,4.09,4.21,4.05,4.19,15139944.0,374052352.0
2013-01-22,4.19,4.24,4.07,4.11,14957778.0,370261728.0
2013-01-23,4.07,4.12,4.01,4.07,7757924.0,187115312.0
2013-01-24,4.08,4.13,3.96,3.99,12541481.0,300429216.0
2013-01-25,3.97,3.98,3.89,3.89,10367025.0,241185328.0
2013-01-28,3.89,4.06,3.89,4.06,11925908.0,283750784.0
2013-01-29,4.06,4.12,4.05,4.06,10634114.0,257807120.0
2013-01-30,4.06,4.19,4.06,4.16,13073841.0,321577440.0
2013-01-31,4.18,4.2,4.1,4.13,7392103.0,180969488.0
2013-02-01,4.13,4.29,4.09,4.28,19150092.0,478569280.0
2013-02-04,4.28,4.47,4.28,4.44,30140568.0,788699712.0
2013-02-05,4.44,4.54,4.41,4.5,19197044.0,510691264.0
2013-02-06,4.49,4.57,4.45,4.5,15801988.0,424380864.0
2013-02-07,4.5,4.59,4.47,4.57,13173046.0,355558304.0
2013-02-08,4.57,4.85,4.57,4.77,16113597.0,453970016.0
2013-02-18,4.8,4.84,4.63,4.65,12123038.0,336632512.0
2013-02-19,4.59,4.59,4.35,4.4,17464196.0,460332416.0
2013-02-20,4.38,4.47,4.35,4.43,8903116.0,232948688.0
2013-02-21,4.39,4.4,4.11,4.19,18889948.0,472460096.0
2013-02-22,4.15,4.22,4.12,4.15,8203537.0,202612064.0
2013-02-25,4.18,4.28,4.16,4.17,7954653.0,198772640.0
2013-02-26,4.17,4.23,4.07,4.11,11003187.0,272069472.0
2013-02-27,4.12,4.21,4.12,4.17,5822851.0,143521440.0
2013-02-28,4.19,4.32,4.19,4.31,10674680.0,270096000.0
2013-03-01,4.33,4.33,4.2,4.24,9666609.0,244221936.0
2013-03-04,4.18,4.19,3.89,3.92,21049940.0,499483360.0
2013-03-05,3.93,3.97,3.82,3.93,14705825.0,339816416.0
2013-03-06,3.95,3.97,3.85,3.91,10045448.0,232344992.0
2013-03-07,3.91,4.02,3.88,3.97,10379352.0,244181344.0
2013-03-08,3.98,4.04,3.94,3.96,5858754.0,138676512.0
2013-03-11,3.96,3.97,3.84,3.9,5540583.0,127985376.0
2013-03-12,3.9,3.97,3.82,3.85,6892632.0,158491152.0
2013-03-13,3.84,3.84,3.69,3.69,9345086.0,207062400.0
2013-03-14,3.68,3.77,3.66,3.67,7582323.0,166671808.0
2013-03-15,3.68,3.81,3.64,3.74,10867819.0,241973680.0
2013-03-18,3.71,3.79,3.69,3.73,5161546.0,114254016.0
2013-03-19,3.77,3.79,3.73,3.76,5129581.0,114335152.0
2013-03-20,3.76,3.91,3.76,3.91,8568065.0,196841728.0
2013-03-21,3.91,3.95,3.88,3.9,6625303.0,153417232.0
2013-03-22,3.9,3.9,3.74,3.82,10122865.0,228093968.0
2013-03-25,3.83,3.86,3.77,3.79,5287891.0,119295416.0
2013-03-26,3.78,3.78,3.68,3.76,5276356.0,116672480.0
2013-03-27,3.76,3.79,3.71,3.73,4413796.0,98007368.0
2013-03-28,3.69,3.76,3.61,3.61,7552200.0,163165856.0
2013-03-29,3.61,3.66,3.59,3.61,4358456.0,93497264.0
2013-04-01,3.57,3.6,3.49,3.5,6946690.0,145098032.0
2013-04-02,3.5,3.6,3.47,3.52,8816905.0,184133840.0
2013-04-03,3.53,3.57,3.45,3.52,5519787.0,114813512.0
2013-04-08,3.46,3.57,3.45,3.56,5097864.0,106324416.0
2013-04-09,3.57,3.7,3.54,3.59,11378512.0,245452336.0
2013-04-10,3.6,3.68,3.56,3.68,9046546.0,196291904.0
2013-04-11,3.71,3.91,3.7,3.87,17857606.0,405888960.0
2013-04-12,3.88,4.0,3.88,3.9,15510848.0,362632096.0
2013-04-15,3.91,3.91,3.78,3.82,8237519.0,186662576.0
2013-04-16,3.76,3.86,3.74,3.86,6924591.0,155756464.0
2013-04-17,3.82,3.95,3.82,3.94,8706702.0,201972256.0
2013-04-18,3.92,4.02,3.81,3.81,11789503.0,276307840.0
2013-04-19,3.81,3.96,3.81,3.93,9507724.0,220880272.0
2013-04-22,3.93,4.06,3.93,4.05,10598256.0,251982368.0
2013-04-23,4.03,4.05,3.87,3.89,9590766.0,224137968.0
2013-04-24,3.86,3.98,3.86,3.93,6456328.0,150002704.0
2013-04-25,3.93,4.02,3.88,3.89,5819319.0,135952480.0
2013-04-26,3.95,3.99,3.69,3.7,9699258.0,217396528.0
2013-05-02,3.7,3.7,3.57,3.64,4837684.0,104134384.0
2013-05-03,3.65,3.77,3.65,3.7,7576434.0,167727968.0
2013-05-06,3.73,3.81,3.72,3.77,6139156.0,136961184.0
2013-05-07,3.75,3.78,3.74,3.75,4905955.0,109351152.0
2013-05-08,3.78,3.9,3.77,3.85,7527745.0,171836912.0
2013-05-09,3.86,3.9,3.79,3.84,7180293.0,163720208.0
2013-05-10,3.81,3.9,3.81,3.86,5748169.0,131470648.0
2013-05-13,3.89,3.89,3.81,3.83,4446089.0,101186384.0
2013-05-14,3.81,3.85,3.61,3.74,12962929.0,283701152.0
2013-05-15,3.73,3.73,3.64,3.67,6515576.0,141792832.0
2013-05-16,3.67,3.78,3.67,3.77,7232839.0,160457984.0
2013-05-17,3.78,3.83,3.72,3.82,9263494.0,208424928.0
2013-05-20,3.9,4.03,3.9,3.99,13917397.0,328196640.0
2013-05-21,3.99,4.01,3.91,3.99,8616493.0,202292096.0
2013-05-22,4.0,4.04,3.94,4.02,8476092.0,200137040.0
2013-05-23,3.98,4.02,3.89,3.91,9067888.0,212349856.0
2013-05-24,3.93,3.97,3.89,3.94,5594761.0,130465632.0
2013-05-27,3.92,3.99,3.91,3.93,8312887.0,194671136.0
2013-05-28,3.93,4.01,3.9,4.01,10070298.0,236407328.0
2013-05-29,4.04,4.06,3.98,3.99,9373372.0,223337040.0
2013-05-30,3.96,4.02,3.95,3.96,7520535.0,177367280.0
2013-05-31,3.96,3.99,3.88,3.89,8476343.0,196335168.0
2013-06-03,3.9,3.93,3.86,3.86,5144097.0,118433208.0
2013-06-04,3.9,3.9,3.76,3.8,6358407.0,143810752.0
2013-06-05,3.8,3.83,3.75,3.79,4566585.0,102249920.0
2013-06-06,3.79,3.87,3.77,3.8,6011889.0,136104400.0
2013-06-07,3.83,3.83,3.67,3.68,6283793.0,138591568.0
2013-06-13,3.64,3.64,3.46,3.49,8156203.0,169128672.0
2013-06-14,3.49,3.51,3.37,3.43,12673434.0,256388752.0
2013-06-17,3.42,3.43,3.35,3.38,8500827.0,170169920.0
2013-06-18,3.39,3.43,3.36,3.4,10526940.0,212047488.0
2013-06-19,3.4,3.4,3.33,3.36,5569979.0,111005256.0
2013-06-20,3.36,3.4,3.28,3.29,6949227.0,137579248.0
2013-06-21,3.25,3.27,3.18,3.24,7656387.0,146815408.0
2013-06-24,3.24,3.25,3.0,3.01,11043947.0,201755856.0
2013-06-25,3.0,3.0,2.71,2.93,13742057.0,235313760.0
2013-06-26,3.01,3.03,2.92,2.99,9657923.0,169711568.0
2013-06-28,2.92,3.03,2.87,2.93,8181782.0,143567584.0
2013-07-01,2.93,2.93,2.78,2.87,9756707.0,164768448.0
2013-07-02,2.87,2.98,2.81,2.98,12146569.0,208055088.0
2013-07-03,2.98,2.98,2.9,2.92,7248564.0,125945272.0
2013-07-04,2.9,3.0,2.87,2.96,8873045.0,155970592.0
2013-07-05,2.97,3.04,2.96,2.96,6866414.0,122283560.0
2013-07-08,2.92,2.93,2.82,2.85,5477128.0,93473616.0
2013-07-09,2.84,2.89,2.84,2.85,3113773.0,52865096.0
2013-07-10,2.85,2.96,2.85,2.96,5932265.0,102311600.0
2013-07-11,2.96,3.2,2.96,3.11,14094733.0,257406064.0
2013-07-12,3.11,3.17,3.04,3.04,7714454.0,141228512.0
2013-07-15,3.05,3.13,3.05,3.07,7495439.0,137095808.0
2013-07-16,3.08,3.08,2.98,3.02,11176043.0,199327888.0
2013-07-17,3.02,3.03,2.96,2.97,9786860.0,173324832.0
2013-07-18,2.95,2.95,2.87,2.89,6994895.0,120222496.0
2013-07-19,2.89,2.91,2.78,2.79,10099124.0,170697680.0
2013-07-22,2.8,2.85,2.77,2.84,4298493.0,71860200.0
2013-07-23,2.86,3.04,2.85,3.03,12201210.0,213987808.0
2013-07-24,3.02,3.09,2.95,3.01,9257154.0,165499024.0
2013-07-25,3.04,3.07,2.95,2.96,5702377.0,101070224.0
2013-07-26,2.95,3.01,2.92,2.99,5058302.0,89463912.0
2013-07-29,2.97,2.97,2.9,2.92,4384527.0,75919152.0
2013-07-30,2.94,3.02,2.93,2.98,4952068.0,87333656.0
2013-07-31,3.01,3.05,2.96,2.97,4408515.0,78435168.0
2013-08-01,3.02,3.06,2.98,3.03,6496595.0,116589336.0
2013-08-02,3.07,3.07,3.03,3.05,8132137.0,147530112.0
2013-08-05,3.05,3.07,3.01,3.07,4662794.0,84200600.0
2013-08-06,3.07,3.13,3.03,3.11,9714883.0,177580464.0
2013-08-07,3.1,3.15,3.08,3.08,7378622.0,136145520.0
2013-08-08,3.11,3.12,3.05,3.08,4838295.0,88441200.0
2013-08-09,3.1,3.13,3.05,3.12,6534449.0,120486368.0
2013-08-12,3.12,3.25,3.12,3.24,9852325.0,187733712.0
2013-08-13,3.25,3.36,3.25,3.33,11444455.0,224827136.0
2013-08-14,3.32,3.42,3.26,3.28,12334219.0,244362640.0
2013-08-15,3.28,3.36,3.27,3.3,9362201.0,184726928.0
2013-08-16,3.3,3.36,3.21,3.24,10381121.0,202117024.0
2013-08-19,3.23,3.3,3.19,3.27,6902464.0,132895248.0
2013-08-20,3.27,3.31,3.14,3.16,9832720.0,185634176.0
2013-08-21,3.19,3.19,3.12,3.15,6330941.0,116802376.0
2013-08-22,3.15,3.21,3.11,3.17,4061760.0,75429256.0
2013-08-23,3.19,3.21,3.07,3.12,7946473.0,146179200.0
2013-08-26,3.12,3.24,3.12,3.23,7284465.0,136398288.0
2013-08-27,3.23,3.24,3.18,3.22,4393881.0,82535024.0
2013-08-28,3.21,3.21,3.15,3.17,7195014.0,133761920.0
2013-08-29,3.19,3.19,3.11,3.19,7471634.0,137920800.0
2013-08-30,3.22,3.29,3.22,3.27,11340662.0,216434336.0
2013-09-02,3.28,3.39,3.23,3.33,13403235.0,259982560.0
2013-09-03,3.33,3.36,3.3,3.33,8755509.0,170985888.0
2013-09-04,3.34,3.36,3.3,3.32,6349687.0,123610440.0
2013-09-05,3.33,3.35,3.26,3.26,7510184.0,145163904.0
2013-09-06,3.26,3.33,3.25,3.29,5917097.0,113601744.0
2013-09-09,3.3,3.41,3.3,3.38,13169587.0,259692672.0
2013-09-10,3.38,3.49,3.36,3.47,15385831.0,309609952.0
2013-09-11,3.48,3.67,3.48,3.6,25212104.0,531218048.0
2013-09-12,3.58,3.58,3.49,3.53,12888765.0,266671568.0
2013-09-13,3.52,3.56,3.43,3.45,10692868.0,217338448.0
2013-09-16,3.45,3.54,3.45,3.5,6319637.0,129537904.0
2013-09-17,3.5,3.54,3.43,3.43,6394833.0,130599888.0
2013-09-18,3.46,3.46,3.37,3.4,5443347.0,108529456.0
2013-09-23,3.4,3.48,3.4,3.45,5406299.0,109262408.0
2013-09-24,3.47,3.47,3.37,3.4,5842131.0,116393360.0
2013-09-25,3.4,3.46,3.38,3.38,6030809.0,121085392.0
2013-09-26,3.38,3.38,3.29,3.31,7042123.0,137501120.0
2013-09-27,3.3,3.35,3.3,3.33,3328998.0,64862636.0
2013-09-30,3.35,3.38,3.29,3.3,4220868.0,82222736.0
2013-10-08,3.3,3.39,3.27,3.38,5756974.0,112849504.0
2013-10-09,3.36,3.45,3.36,3.41,5297934.0,106133688.0
2013-10-10,3.41,3.44,3.33,3.33,5889092.0,116122352.0
2013-10-11,3.36,3.43,3.36,3.4,7114425.0,141350976.0
2013-10-14,3.41,3.46,3.4,3.41,8438349.0,169459792.0
2013-10-15,3.42,3.46,3.36,3.44,7796513.0,155876112.0
2013-10-16,3.42,3.44,3.34,3.36,6516327.0,128828800.0
2013-10-17,3.38,3.42,3.37,3.38,5102912.0,101569496.0
2013-10-18,3.4,3.53,3.36,3.5,12734195.0,257308144.0
2013-10-21,3.53,3.55,3.44,3.52,10164456.0,207232592.0
2013-10-22,3.52,3.52,3.45,3.45,6827398.0,138289840.0
2013-10-23,3.48,3.52,3.41,3.44,7403299.0,149856880.0
2013-10-24,3.44,3.51,3.39,3.45,6105206.0,122965280.0
2013-10-25,3.46,3.48,3.39,3.41,5125991.0,102435544.0
2013-10-28,3.4,3.41,3.25,3.28,7078546.0,136432768.0
2013-10-29,3.29,3.33,3.19,3.21,7310090.0,138034288.0
2013-10-30,3.2,3.28,3.2,3.27,5436342.0,103117624.0
2013-10-31,3.27,3.28,3.23,3.27,3138842.0,59558216.0
2013-11-01,3.31,3.33,3.28,3.32,3954030.0,76252952.0
2013-11-04,3.36,3.38,3.32,3.33,3312062.0,64711784.0
2013-11-05,3.29,3.36,3.27,3.35,3477641.0,67212592.0
2013-11-06,3.33,3.37,3.29,3.29,2685018.0,52216892.0
2013-11-07,3.29,3.32,3.27,3.29,2534598.0,48659876.0
2013-11-08,3.29,3.31,3.24,3.25,2960841.0,56493348.0
2013-11-11,3.24,3.27,3.23,3.25,1938899.0,36708012.0
2013-11-12,3.27,3.28,3.22,3.25,2861755.0,54198672.0
2013-11-13,3.22,3.23,3.17,3.19,3753047.0,69902584.0
2013-11-14,3.22,3.23,3.19,3.22,2636206.0,49442376.0
2013-11-15,3.22,3.32,3.22,3.29,5974695.0,114715096.0
2013-11-18,3.33,3.42,3.32,3.41,7917667.0,155652624.0
2013-11-19,3.43,3.44,3.36,3.38,9786504.0,192954768.0
2013-11-20,3.43,3.44,3.38,3.43,10853953.0,215256768.0
2013-11-21,3.41,3.43,3.37,3.4,7889030.0,156039840.0
2013-11-22,3.43,3.44,3.38,3.4,4166793.0,82779384.0
2013-11-25,3.38,3.46,3.36,3.43,10987190.0,219387760.0
2013-11-26,3.41,3.44,3.37,3.4,7510997.0,148570176.0
2013-11-27,3.38,3.42,3.36,3.41,10839623.0,213992912.0
2013-11-28,3.41,3.59,3.41,3.56,20977314.0,430321664.0
2013-11-29,3.54,3.57,3.52,3.53,10783173.0,222544864.0
2013-12-02,3.51,3.56,3.43,3.48,12776336.0,260668768.0
2013-12-03,3.48,3.58,3.48,3.57,9610189.0,197821072.0
2013-12-04,3.56,3.67,3.55,3.64,14365662.0,302932384.0
2013-12-05,3.64,3.66,3.57,3.61,7974314.0,168124160.0
2013-12-06,3.6,3.67,3.58,3.6,6544736.0,138117664.0
2013-12-09,3.64,3.69,3.62,3.64,6296710.0,134347520.0
2013-12-10,3.64,3.68,3.56,3.58,7106637.0,149319840.0
2013-12-11,3.55,3.55,3.46,3.47,8687583.0,176749904.0
2013-12-12,3.46,3.5,3.43,3.47,7106451.0,143229232.0
2013-12-13,3.43,3.49,3.41,3.44,8917168.0,178820192.0
2013-12-16,3.44,3.45,3.38,3.38,6500622.0,128774336.0
2013-12-17,3.38,3.4,3.35,3.36,5482668.0,107483704.0
2013-12-18,3.36,3.39,3.33,3.34,5847469.0,114428088.0
2013-12-19,3.35,3.36,3.28,3.28,7683122.0,148332992.0
2013-12-20,3.28,3.29,3.18,3.19,10728805.0,201586944.0
2013-12-23,3.2,3.23,3.17,3.2,5899394.0,110010856.0
2013-12-24,3.22,3.24,3.13,3.16,7855310.0,146340752.0
2013-12-25,3.17,3.23,3.16,3.21,4192342.0,78095680.0
2013-12-26,3.21,3.21,3.12,3.14,7131409.0,131462096.0
2013-12-27,3.15,3.24,3.13,3.23,6649149.0,124103592.0
2013-12-30,3.26,3.27,3.22,3.23,4049386.0,76474136.0
2013-12-31,3.21,3.26,3.17,3.26,5511586.0,103348456.0
2014-01-02,3.25,3.25,3.2,3.21,4180577.0,78315688.0
2014-01-03,3.18,3.21,3.13,3.14,7079005.0,130272848.0
2014-01-06,3.14,3.14,3.04,3.04,6989049.0,124722680.0
2014-01-07,3.0,3.07,3.0,3.04,4102567.0,72642704.0
2014-01-08,3.05,3.07,3.02,3.05,5689178.0,100959080.0
2014-01-09,3.04,3.07,2.99,3.0,4791940.0,84768728.0
2014-01-10,2.98,3.0,2.93,2.95,5935251.0,102580912.0
2014-01-13,2.94,2.98,2.94,2.95,3849752.0,66256348.0
2014-01-14,2.95,3.04,2.95,3.03,3958581.0,69405152.0
2014-01-15,3.03,3.04,3.0,3.03,2519380.0,44335136.0
2014-01-16,3.03,3.09,3.03,3.06,3887439.0,69395720.0
2014-01-17,3.05,3.05,3.0,3.01,3605458.0,63474376.0
2014-01-20,3.01,3.05,2.98,3.0,3075877.0,54067872.0
2014-01-21,3.02,3.08,3.01,3.05,3819844.0,68093472.0
2014-01-22,3.07,3.13,3.05,3.12,5122808.0,92741800.0
2014-01-23,3.12,3.13,3.1,3.11,3833258.0,69681264.0
2014-01-24,3.1,3.14,3.09,3.11,4026517.0,73249584.0
2014-01-27,3.09,3.09,3.02,3.04,5121490.0,90838576.0
2014-01-28,3.04,3.08,3.01,3.05,4434743.0,78780576.0
2014-01-29,3.05,3.08,3.04,3.06,2947209.0,52525504.0
2014-01-30,3.02,3.07,3.0,3.0,5074332.0,89088616.0
2014-02-07,2.97,3.02,2.96,3.02,4756902.0,82920840.0
2014-02-10,3.05,3.12,3.03,3.11,7664978.0,138276608.0
2014-02-11,3.11,3.14,3.09,3.12,7148779.0,129830184.0
2014-02-12,3.13,3.16,3.11,3.13,6650295.0,121429056.0
2014-02-13,3.12,3.14,3.09,3.1,7825876.0,142344464.0
2014-02-14,3.1,3.13,3.08,3.11,9569037.0,173010688.0
2014-02-17,3.12,3.15,3.1,3.14,12156358.0,221741904.0
2014-02-18,3.15,3.15,3.09,3.1,9733738.0,176995184.0
2014-02-19,3.09,3.11,3.04,3.08,11723951.0,210424496.0
2014-02-20,3.08,3.14,3.06,3.06,11577479.0,208521856.0
2014-02-21,3.05,3.08,3.03,3.04,6815553.0,121104888.0
2014-02-24,3.0,3.0,2.93,2.95,10543402.0,182072096.0
2014-02-25,2.96,2.99,2.92,2.92,9025520.0,155222208.0
2014-02-26,2.92,2.96,2.9,2.93,8548932.0,145679776.0
2014-02-27,2.94,2.94,2.85,2.86,10364070.0,175694208.0
2014-02-28,2.87,3.02,2.85,2.99,9846394.0,167776288.0
2014-03-03,2.99,2.99,2.92,2.94,11325554.0,194508416.0
2014-03-04,2.93,2.93,2.87,2.91,11164695.0,188280000.0
2014-03-05,2.92,2.92,2.88,2.89,5445420.0,91820768.0
2014-03-06,2.88,2.91,2.82,2.91,12699446.0,211893152.0
2014-03-07,2.88,2.9,2.86,2.86,6100499.0,102260392.0
2014-03-10,2.86,2.86,2.76,2.77,7562538.0,123444984.0
2014-03-11,2.76,2.78,2.73,2.75,8917767.0,142954864.0
2014-03-12,2.74,2.76,2.74,2.76,5891334.0,94437600.0
2014-03-13,2.77,2.81,2.76,2.8,4986238.0,81110168.0
2014-03-14,2.8,2.84,2.77,2.78,6621536.0,108347080.0
2014-03-17,2.8,2.84,2.78,2.84,5263290.0,86617760.0
2014-03-18,2.84,2.86,2.82,2.84,5622626.0,93165320.0
2014-03-19,2.83,2.83,2.81,2.83,4433010.0,72889480.0
2014-03-20,2.84,2.85,2.8,2.8,4875936.0,80482352.0
2014-03-21,2.78,2.88,2.77,2.87,7906474.0,130450952.0
2014-03-24,2.87,2.91,2.84,2.89,7851852.0,131354432.0
2014-03-25,2.87,2.91,2.86,2.87,5249419.0,88158392.0
2014-03-26,2.87,2.89,2.84,2.86,4588174.0,76498168.0
2014-03-27,2.86,2.87,2.82,2.84,4574316.0,75839248.0
2014-03-28,2.84,2.87,2.83,2.86,4981300.0,82943848.0
2014-03-31,2.85,2.89,2.83,2.85,4853344.0,80732896.0
2014-04-01,2.85,2.9,2.84,2.88,5617795.0,94179600.0
2014-04-02,2.89,2.94,2.89,2.94,8893666.0,151083104.0
2014-04-03,2.94,2.99,2.9,2.91,10940258.0,188469856.0
2014-04-04,2.9,2.93,2.88,2.93,5683063.0,96599264.0
2014-04-08,2.91,2.98,2.9,2.96,10117958.0,174268096.0
2014-04-09,2.97,3.01,2.96,2.99,10636797.0,185072496.0
2014-04-10,2.99,3.29,2.98,3.26,57270632.0,1067271424.0
2014-04-11,3.26,3.31,3.22,3.26,60776204.0,1160142336.0
2014-04-14,3.24,3.29,3.16,3.2,25910540.0,485110848.0
2014-04-15,3.2,3.21,3.11,3.11,21495304.0,394161856.0
2014-04-16,3.1,3.15,3.1,3.12,12598094.0,228965984.0
2014-04-17,3.13,3.14,3.05,3.05,13824762.0,248141728.0
2014-04-18,3.08,3.09,3.05,3.08,9084874.0,162946896.0
2014-04-21,3.06,3.06,3.0,3.0,11232773.0,198290416.0
2014-04-22,3.0,3.02,2.94,3.0,9799638.0,170293648.0
2014-04-23,2.99,3.01,2.95,2.96,9385420.0,162938912.0
2014-04-24,2.95,3.0,2.94,2.94,10947129.0,189509728.0
2014-04-25,2.97,2.97,2.9,2.9,10173425.0,174352928.0
2014-04-28,2.89,2.9,2.84,2.86,8729297.0,145758272.0
2014-04-29,2.87,2.95,2.87,2.95,7535747.0,127644584.0
2014-04-30,2.99,3.0,2.93,2.94,9424744.0,162932640.0
2014-05-05,2.94,2.98,2.93,2.98,7594084.0,130881472.0
2014-05-06,2.98,3.01,2.95,2.96,7500913.0,130572296.0
2014-05-07,2.95,2.95,2.88,2.91,5883907.0,100196288.0
2014-05-08,2.9,2.95,2.9,2.9,4827735.0,82373288.0
2014-05-09,2.93,2.96,2.9,2.96,6619277.0,113208320.0
2014-05-12,2.97,3.05,2.97,3.03,12834298.0,226026896.0
2014-05-13,3.04,3.04,2.98,2.99,7647334.0,133764520.0
2014-05-14,2.99,3.0,2.97,2.98,5771826.0,100466368.0
2014-05-15,2.98,2.99,2.95,2.95,4892544.0,84708968.0
2014-05-16,2.94,2.98,2.94,2.98,5058905.0,87350528.0
2014-05-19,2.97,2.97,2.92,2.94,4409523.0,75597688.0
2014-05-20,2.95,2.98,2.95,2.96,4254930.0,73571824.0
2014-05-21,2.96,3.0,2.93,3.0,4498752.0,78181112.0
2014-05-22,3.0,3.02,2.95,2.96,6192591.0,108004352.0
2014-05-23,2.96,3.0,2.96,2.98,5272807.0,91737952.0
2014-05-26,3.02,3.02,2.98,2.99,4730751.0,82658048.0
2014-05-27,2.99,3.0,2.98,2.98,3291303.0,57429360.0
2014-05-28,2.98,3.02,2.97,3.02,6509535.0,113872168.0
2014-05-29,3.02,3.05,3.0,3.01,8377900.0,148030608.0
2014-05-30,3.01,3.02,2.98,2.99,4770168.0,83393496.0
2014-06-03,3.0,3.04,3.0,3.0,5937601.0,104587904.0
2014-06-04,3.0,3.03,2.99,3.01,6744739.0,118095680.0
2014-06-05,3.01,3.03,3.0,3.03,6924554.0,121602872.0
2014-06-06,3.03,3.03,2.99,3.0,5971188.0,104599840.0
2014-06-09,2.99,3.01,2.97,3.0,6146481.0,107392256.0
2014-06-10,3.0,3.05,3.0,3.03,7428551.0,131110488.0
2014-06-11,3.03,3.05,3.02,3.05,6340977.0,112331856.0
2014-06-13,3.09,3.14,3.06,3.1,13366409.0,242053136.0
2014-06-16,3.13,3.14,3.09,3.11,9436402.0,171436896.0
2014-06-17,3.11,3.12,3.05,3.06,7942173.0,142421488.0
2014-06-18,3.06,3.08,3.04,3.04,5482126.0,97734704.0
2014-06-19,3.04,3.06,2.99,3.0,5875153.0,103920528.0
2014-06-20,3.0,3.03,3.0,3.02,5487856.0,96553120.0
2014-06-23,3.03,3.05,3.01,3.03,4935771.0,87306688.0
2014-06-24,3.03,3.03,3.01,3.02,5607913.0,98788672.0
2014-06-25,3.02,3.02,2.99,2.99,4559438.0,79780856.0
2014-06-26,2.99,3.04,2.99,3.03,4823065.0,85017608.0
2014-06-27,3.03,3.04,3.01,3.03,5208526.0,91844656.0
2014-06-30,3.02,3.07,3.02,3.05,6236474.0,110934080.0
2014-07-01,3.05,3.06,3.02,3.04,5888733.0,104173904.0
2014-07-02,3.04,3.06,3.02,3.05,6569422.0,116466160.0
2014-07-03,3.05,3.08,3.04,3.06,6785827.0,121339560.0
2014-07-04,3.07,3.1,3.06,3.09,8514119.0,153067360.0
2014-07-07,3.09,3.11,3.06,3.07,7696460.0,138446512.0
2014-07-08,3.07,3.08,3.03,3.06,6757720.0,120297152.0
2014-07-09,3.05,3.06,3.03,3.03,7593784.0,134930560.0
2014-07-10,3.03,3.04,3.02,3.03,4795525.0,84690544.0
2014-07-11,3.04,3.06,3.02,3.03,9960294.0,176211440.0
2014-07-14,3.03,3.15,3.02,3.13,16938306.0,306372416.0
2014-07-15,3.19,3.22,3.15,3.16,22195728.0,411867904.0
2014-07-16,3.17,3.2,3.13,3.15,11834731.0,218219008.0
2014-07-17,3.15,3.21,3.14,3.21,15826309.0,293391200.0
2014-07-18,3.19,3.28,3.18,3.23,20757272.0,390967616.0
2014-07-21,3.26,3.27,3.21,3.21,13050146.0,246429792.0
2014-07-22,3.21,3.27,3.18,3.25,14505429.0,273904128.0
2014-07-23,3.25,3.38,3.25,3.34,24303134.0,473054560.0
2014-07-24,3.35,3.39,3.32,3.37,22315360.0,436469664.0
2014-07-25,3.41,3.51,3.38,3.49,28482952.0,572953536.0
2014-07-28,3.52,3.58,3.48,3.54,30865540.0,634521728.0
2014-07-29,3.53,3.55,3.49,3.52,20997110.0,430942080.0
2014-07-30,3.5,3.6,3.49,3.55,20052572.0,414971264.0
2014-07-31,3.54,3.54,3.49,3.54,20392832.0,417375936.0
2014-08-01,3.54,3.59,3.5,3.5,18391092.0,378981152.0
2014-08-04,3.48,3.59,3.48,3.58,18758516.0,387176160.0
2014-08-05,3.59,3.63,3.56,3.6,20297196.0,425959616.0
2014-08-06,3.57,3.62,3.53,3.59,14913596.0,311217184.0
2014-08-07,3.58,3.61,3.5,3.5,14923678.0,309794816.0
2014-08-08,3.5,3.55,3.48,3.52,13979653.0,286299104.0
2014-08-11,3.54,3.67,3.54,3.67,27998194.0,589556544.0
2014-08-12,3.64,3.65,3.6,3.63,17369572.0,367130048.0
2014-08-13,3.65,3.68,3.61,3.64,13105293.0,277873376.0
2014-08-14,3.66,3.68,3.55,3.55,17804462.0,374602272.0
2014-08-15,3.56,3.62,3.55,3.59,11314032.0,236612224.0
2014-08-18,3.59,3.63,3.58,3.61,13519960.0,284160096.0
2014-08-19,3.61,3.62,3.55,3.58,12843494.0,268193280.0
2014-08-20,3.58,3.58,3.55,3.55,14249830.0,295613760.0
2014-08-21,3.54,3.55,3.45,3.48,16158894.0,328448320.0
2014-08-22,3.47,3.5,3.46,3.5,11188044.0,227239680.0
2014-08-25,3.51,3.51,3.45,3.47,8785858.0,177944752.0
2014-08-26,3.46,3.49,3.44,3.46,9154383.0,184725040.0
2014-08-27,3.47,3.55,3.47,3.5,11537574.0,234224480.0
2014-08-28,3.5,3.54,3.48,3.53,12074576.0,245984336.0
2014-08-29,3.53,3.55,3.5,3.54,9048090.0,184624752.0
2014-09-01,3.55,3.57,3.53,3.55,15204711.0,312732768.0
2014-09-02,3.58,3.59,3.52,3.58,21076334.0,432612800.0
2014-09-03,3.58,3.67,3.57,3.65,24250524.0,510208416.0
2014-09-04,3.65,3.65,3.6,3.64,15122614.0,317314528.0
2014-09-05,3.65,3.67,3.61,3.64,18709668.0,393697248.0
2014-09-09,3.65,3.67,3.63,3.65,17461696.0,368704096.0
2014-09-10,3.63,3.63,3.58,3.58,19587412.0,407347520.0
2014-09-11,3.58,3.62,3.52,3.53,23682238.0,488629152.0
2014-09-12,3.51,3.56,3.5,3.55,14085953.0,287639040.0
2014-09-15,3.54,3.54,3.5,3.53,15430398.0,314080480.0
2014-09-16,3.53,3.55,3.46,3.47,17258896.0,351417920.0
2014-09-17,3.47,3.49,3.41,3.44,16775849.0,334450368.0
2014-09-18,3.44,3.47,3.42,3.45,11330533.0,226165488.0
2014-09-19,3.45,3.51,3.44,3.5,12436203.0,251363472.0
2014-09-22,3.5,3.5,3.43,3.44,10702090.0,213814688.0
2014-09-23,3.45,3.49,3.44,3.48,10345287.0,207363728.0
2014-09-24,3.48,3.53,3.46,3.53,14639683.0,296706944.0
2014-09-25,3.54,3.55,3.5,3.5,16145073.0,328960320.0
2014-09-26,3.5,3.52,3.49,3.5,8709618.0,176464144.0
2014-09-29,3.52,3.54,3.49,3.5,18974972.0,384511296.0
2014-09-30,3.5,3.53,3.49,3.5,13213734.0,267982720.0
2014-10-08,3.51,3.57,3.49,3.57,23056952.0,470220832.0
2014-10-09,3.57,3.59,3.52,3.54,16943780.0,348089024.0
2014-10-10,3.53,3.6,3.52,3.56,26221536.0,541693056.0
2014-10-13,3.55,3.55,3.46,3.49,17897526.0,362239328.0
2014-10-14,3.48,3.51,3.47,3.48,12188337.0,245948480.0
2014-10-15,3.49,3.51,3.44,3.5,17214680.0,346656992.0
2014-10-16,3.47,3.5,3.45,3.46,13799794.0,277548448.0
2014-10-17,3.45,3.48,3.39,3.43,14896715.0,295695744.0
2014-10-20,3.44,3.47,3.43,3.46,9578694.0,191701840.0
2014-10-21,3.46,3.47,3.44,3.44,8415457.0,168047488.0
2014-10-22,3.45,3.47,3.43,3.44,10060580.0,200668480.0
2014-10-23,3.45,3.46,3.39,3.4,12530234.0,248501856.0
2014-10-24,3.41,3.42,3.38,3.39,7071184.0,138370240.0
2014-10-27,3.37,3.37,3.3,3.32,10294577.0,196970640.0
2014-10-28,3.33,3.4,3.33,3.4,10743693.0,208293312.0
2014-10-29,3.4,3.49,3.4,3.46,15874165.0,315535584.0
2014-10-30,3.47,3.48,3.44,3.46,13157964.0,262173344.0
2014-10-31,3.47,3.53,3.46,3.53,25966972.0,525350592.0
2014-11-03,3.54,3.57,3.5,3.51,21737936.0,442965312.0
2014-11-04,3.51,3.66,3.49,3.59,40615280.0,843727488.0
2014-11-05,3.61,3.67,3.53,3.57,29342032.0,604639872.0
2014-11-06,3.57,3.57,3.5,3.54,15312192.0,310854080.0
2014-11-07,3.53,3.59,3.5,3.53,21060598.0,429647680.0
2014-11-10,3.58,3.65,3.55,3.65,37695356.0,784615872.0
2014-11-11,3.69,3.76,3.57,3.61,48235824.0,1019632448.0
2014-11-12,3.61,3.74,3.58,3.74,41637592.0,881639744.0
2014-11-13,3.74,3.79,3.7,3.75,34101536.0,736483904.0
2014-11-14,3.75,3.79,3.69,3.77,32951310.0,711009856.0
2014-11-17,3.79,3.82,3.66,3.66,29054848.0,622201344.0
2014-11-18,3.63,3.65,3.56,3.59,24857904.0,513830176.0
2014-11-19,3.58,3.62,3.58,3.59,15508388.0,321658816.0
2014-11-20,3.57,3.61,3.55,3.58,10876224.0,223867344.0
2014-11-21,3.59,3.63,3.56,3.63,17745068.0,367172032.0
2014-11-24,3.66,3.77,3.63,3.72,35592508.0,761284608.0
2014-11-25,3.71,3.75,3.69,3.73,22665980.0,484935744.0
2014-11-26,3.74,3.75,3.7,3.73,19936160.0,426914976.0
2014-11-27,3.74,3.76,3.68,3.73,26085208.0,558498752.0
2014-11-28,3.73,3.8,3.67,3.79,30793010.0,658062272.0
2014-12-01,3.81,4.02,3.81,3.9,50289412.0,1135596032.0
2014-12-02,3.87,4.03,3.85,4.01,45038332.0,1023740160.0
2014-12-03,4.02,4.14,3.92,3.96,56767716.0,1315744384.0
2014-12-04,3.97,4.13,3.97,4.11,51499060.0,1198330496.0
2014-12-05,4.11,4.17,3.87,3.99,57031968.0,1323601920.0
2014-12-08,3.97,4.38,3.92,4.35,73481040.0,1778167808.0
2014-12-09,4.29,4.76,4.27,4.28,99672360.0,2595849472.0
2014-12-10,4.29,4.55,4.29,4.52,55761008.0,1427449984.0
2014-12-11,4.51,4.7,4.39,4.5,46157232.0,1208818176.0
2014-12-12,4.51,4.56,4.42,4.46,28462544.0,731073344.0
2014-12-15,4.43,4.53,4.32,4.5,30534224.0,774281344.0
2014-12-16,4.48,4.56,4.45,4.51,31264312.0,810771648.0
2014-12-17,4.53,4.55,4.37,4.42,30952572.0,791739648.0
2014-12-18,4.43,4.63,4.43,4.62,45851048.0,1206798336.0
2014-12-19,4.63,4.92,4.5,4.82,67631744.0,1832622592.0
2014-12-22,4.89,5.08,4.66,4.69,59600816.0,1657452928.0
2014-12-23,4.69,4.69,4.48,4.5,34992968.0,924300672.0
2014-12-24,4.51,4.55,4.36,4.44,31353424.0,805091136.0
2014-12-25,4.48,4.78,4.48,4.69,46354652.0,1241718784.0
2014-12-26,4.72,4.78,4.64,4.74,42568704.0,1157977728.0
2014-12-29,4.74,4.92,4.69,4.75,42865776.0,1189501056.0
2014-12-30,4.74,4.82,4.63,4.65,33570340.0,908409600.0
2014-12-31,4.69,4.79,4.66,4.74,29744252.0,810136768.0
2015-01-05,4.79,5.14,4.76,5.07,70495280.0,2026692608.0
2015-01-06,5.02,5.42,4.97,5.2,73058704.0,2193695744.0
2015-01-07,5.25,5.31,5.06,5.19,43486704.0,1293941760.0
2015-01-08,5.19,5.2,5.01,5.02,35299096.0,1028747904.0
2015-01-09,4.99,5.17,4.95,4.98,37459400.0,1094791936.0
2015-01-12,4.95,4.95,4.77,4.86,34669524.0,968280896.0
2015-01-13,4.86,4.94,4.83,4.89,20157156.0,568034816.0
2015-01-14,4.89,4.92,4.78,4.81,23219942.0,646084160.0
2015-01-15,4.81,4.99,4.75,4.98,27246612.0,765095424.0
2015-01-16,4.99,5.03,4.91,4.97,28419752.0,812985024.0
2015-01-19,4.69,4.78,4.48,4.48,52178468.0,1388430720.0
2015-01-20,4.55,4.62,4.48,4.57,29727212.0,781196800.0
2015-01-21,4.58,4.77,4.54,4.76,35613808.0,957744128.0
2015-01-22,4.76,4.8,4.69,4.76,22535188.0,615440192.0
2015-01-23,4.78,4.81,4.69,4.7,23060662.0,628649536.0
2015-01-26,4.69,4.78,4.67,4.78,19781028.0,539831296.0
2015-01-27,4.79,4.84,4.68,4.75,28425234.0,780278720.0
2015-01-28,4.72,4.73,4.65,4.66,21381972.0,576804352.0
2015-01-29,4.62,4.63,4.53,4.56,21035992.0,554263232.0
2015-01-30,4.6,4.61,4.52,4.56,15614916.0,410759680.0
2015-02-02,4.49,4.56,4.46,4.49,14464889.0,374784352.0
2015-02-03,4.55,4.59,4.49,4.58,14566799.0,380865664.0
2015-02-04,4.58,4.68,4.58,4.59,18442224.0,492099840.0
2015-02-05,4.67,4.69,4.5,4.51,15827652.0,419241888.0
2015-02-06,4.51,4.55,4.4,4.42,15296919.0,393982656.0
2015-02-09,4.42,4.42,4.32,4.36,15545567.0,390853600.0
2015-02-10,4.36,4.45,4.34,4.44,11830625.0,301046688.0
2015-02-11,4.44,4.53,4.44,4.49,10329657.0,267358944.0
2015-02-12,4.51,4.52,4.45,4.5,9125878.0,235830096.0
2015-02-13,4.52,4.64,4.52,4.57,17498334.0,462666720.0
2015-02-16,4.57,4.67,4.56,4.65,12265202.0,325725024.0
2015-02-17,4.66,4.74,4.66,4.67,15555086.0,420752608.0
2015-02-25,4.7,4.71,4.61,4.62,14279987.0,381827840.0
2015-02-26,4.6,4.72,4.54,4.72,23620618.0,632131392.0
2015-02-27,4.71,4.73,4.66,4.67,16163176.0,436281312.0
2015-03-02,4.71,4.76,4.69,4.71,25617756.0,695916672.0
2015-03-03,4.72,4.73,4.56,4.56,27060644.0,721175808.0
2015-03-04,4.59,4.63,4.57,4.61,16991740.0,450102880.0
2015-03-05,4.61,4.61,4.49,4.53,21496746.0,560784960.0
2015-03-06,4.52,4.56,4.5,4.51,11990710.0,312436896.0
2015-03-09,4.48,4.58,4.4,4.57,18401974.0,475023584.0
2015-03-10,4.57,4.6,4.54,4.56,13541069.0,356183648.0
2015-03-11,4.57,4.61,4.55,4.57,16006258.0,422317728.0
2015-03-12,4.57,4.69,4.57,4.68,25948544.0,692746688.0
2015-03-13,4.7,4.72,4.65,4.66,21021548.0,565747840.0
2015-03-16,4.68,4.76,4.64,4.76,32213644.0,874525440.0
2015-03-17,4.78,4.99,4.75,4.98,65026040.0,1832989824.0
2015-03-18,4.98,5.01,4.91,4.99,38392772.0,1096243968.0
2015-03-19,4.98,4.99,4.89,4.92,32212120.0,916976320.0
2015-03-20,4.93,5.0,4.88,4.95,31544076.0,897544064.0
2015-03-23,4.98,5.08,4.98,5.04,38173496.0,1104817664.0
2015-03-24,5.04,5.05,4.85,4.94,45945956.0,1306717440.0
2015-03-25,4.94,5.31,4.9,5.22,70313544.0,2099163264.0
2015-03-26,5.21,5.43,5.14,5.28,53259164.0,1631819904.0
2015-03-27,5.3,5.33,5.19,5.29,35423612.0,1072902720.0
2015-03-30,5.35,5.79,5.34,5.59,53554864.0,1727338368.0
2015-03-31,5.73,5.77,5.4,5.43,73006736.0,2328367872.0
2015-04-01,5.44,5.59,5.44,5.53,46241100.0,1466777728.0
2015-04-02,5.58,5.6,5.46,5.52,39138052.0,1241917952.0
2015-04-03,5.5,5.64,5.46,5.6,45762376.0,1466731904.0
2015-04-07,5.64,5.84,5.64,5.75,63399324.0,2101799168.0
2015-04-08,5.78,5.84,5.61,5.71,51829164.0,1709385088.0
2015-04-09,5.71,5.8,5.52,5.62,52751520.0,1712251648.0
2015-04-10,5.62,5.75,5.58,5.72,41477936.0,1357292800.0
2015-04-13,5.75,6.17,5.68,6.08,77247376.0,2619158528.0
2015-04-14,6.03,6.21,5.96,6.04,57773256.0,2026252544.0
2015-04-15,6.03,6.03,5.75,5.77,50138456.0,1691651584.0
2015-04-16,5.75,5.95,5.62,5.82,46757684.0,1558360960.0
2015-04-17,5.87,6.1,5.85,6.0,69544400.0,2383092736.0
2015-04-20,6.03,6.18,5.82,5.84,79017608.0,2721065728.0
2015-04-21,5.85,6.0,5.85,6.0,45325968.0,1549517824.0
2015-04-22,6.06,6.16,6.01,6.11,61059416.0,2137718400.0
2015-04-23,6.13,6.14,5.97,6.01,52540036.0,1824863104.0
2015-04-24,5.91,5.95,5.76,5.84,51937856.0,1751431808.0
2015-04-27,5.86,5.99,5.86,5.92,45677848.0,1555257856.0
2015-04-28,5.91,5.91,5.65,5.68,52612104.0,1743248128.0
2015-04-29,5.56,5.62,5.38,5.58,46869996.0,1494966912.0
2015-04-30,5.58,5.66,5.46,5.47,49283024.0,1567290880.0
2015-05-04,5.47,5.57,5.44,5.52,33539156.0,1064146304.0
2015-05-05,5.52,5.52,5.2,5.22,58282372.0,1790104448.0
2015-05-06,5.25,5.33,5.11,5.14,42771828.0,1290855808.0
2015-05-07,5.15,5.29,5.15,5.25,32853852.0,987889728.0
2015-05-08,5.27,5.31,5.19,5.27,48614152.0,1468593024.0
2015-05-11,5.31,5.42,5.27,5.41,61550988.0,1891112064.0
2015-05-12,5.41,5.41,5.32,5.39,42545560.0,1316341760.0
2015-05-13,5.39,5.43,5.34,5.39,41236104.0,1275551360.0
2015-05-14,5.39,5.41,5.27,5.3,35767852.0,1096401024.0
2015-05-15,5.27,5.27,5.12,5.15,42708248.0,1271198848.0
2015-05-18,5.12,5.24,5.08,5.15,30112596.0,898826624.0
2015-05-19,5.18,5.41,5.18,5.4,53972364.0,1659052672.0
2015-05-20,5.42,5.54,5.4,5.43,57663312.0,1817275264.0
2015-05-21,5.43,5.55,5.38,5.54,49465688.0,1562022272.0
2015-05-22,5.56,5.71,5.56,5.68,62063972.0,2017939584.0
2015-05-25,5.68,5.82,5.68,5.78,59526520.0,1977855488.0
2015-05-26,5.82,5.85,5.69,5.83,70605592.0,2351447808.0
2015-05-27,5.83,5.85,5.68,5.71,66170304.0,2185095680.0
2015-05-28,5.71,5.85,5.39,5.4,78443472.0,2563413760.0
2015-05-29,5.4,5.48,5.16,5.35,50164976.0,1542369024.0
2015-06-01,5.36,5.61,5.36,5.59,44576360.0,1415758080.0
2015-06-02,5.73,6.15,5.7,6.15,125864768.0,4379689984.0
2015-06-03,6.33,6.37,6.02,6.14,104881744.0,3740478976.0
2015-06-04,6.14,6.14,5.6,6.03,69256448.0,2367164416.0
2015-06-05,6.07,6.33,6.03,6.15,82573456.0,2931696896.0
2015-06-08,6.15,6.25,5.92,6.18,81565632.0,2863813888.0
2015-06-09,6.17,6.39,6.04,6.31,98963888.0,3569980160.0
2015-06-10,6.22,6.3,6.12,6.19,66179092.0,2369738752.0
2015-06-11,6.17,6.17,6.05,6.14,57001428.0,2001537920.0
2015-06-12,6.15,6.28,6.08,6.22,73651992.0,2628771584.0
2015-06-15,6.26,6.51,6.18,6.38,104142336.0,3802364416.0
2015-06-16,6.29,6.34,6.01,6.06,70216400.0,2497549568.0
2015-06-17,6.04,6.14,5.79,6.1,51504276.0,1779517952.0
2015-06-18,6.08,6.1,5.73,5.76,45140408.0,1548289152.0
2015-06-19,5.7,5.8,5.35,5.36,46773360.0,1503001472.0
2015-06-23,5.39,5.64,5.3,5.64,49613272.0,1571743616.0
2015-06-24,5.67,5.78,5.63,5.75,49592004.0,1628612992.0
2015-06-25,5.8,5.81,5.41,5.51,44380968.0,1445788672.0
2015-06-26,5.38,5.46,4.96,5.05,65486368.0,1959410944.0
2015-06-29,5.24,5.31,4.57,5.01,61018832.0,1768873472.0
2015-06-30,5.02,5.51,4.77,5.5,62125044.0,1852662784.0
2015-07-01,5.47,5.61,5.19,5.21,51836616.0,1612385792.0
2015-07-02,5.21,5.33,4.78,4.83,47826348.0,1391130368.0
2015-07-03,4.78,4.95,4.35,4.35,60320440.0,1583115264.0
2015-07-06,4.78,4.78,3.96,4.27,69194672.0,1737726848.0
2015-07-07,4.13,4.19,3.85,3.96,95607296.0,2197518848.0
2015-07-08,3.56,3.68,3.56,3.56,81401312.0,1677033984.0
2015-07-09,3.56,3.92,3.3,3.92,55801880.0,1207045632.0
2015-07-10,4.07,4.31,4.07,4.31,45849108.0,1124825088.0
2015-07-13,4.48,4.74,4.39,4.74,70691024.0,1869288064.0
2015-07-14,4.69,4.91,4.52,4.56,64995648.0,1747616128.0
2015-07-15,4.34,4.43,4.1,4.1,54465432.0,1325554688.0
2015-07-16,3.84,4.26,3.83,4.09,40682352.0,950346816.0
2015-07-17,4.09,4.37,4.05,4.3,40442628.0,986252416.0
2015-07-20,4.27,4.41,4.2,4.27,40584488.0,1004941632.0
2015-07-21,4.2,4.36,4.17,4.33,34876920.0,860502144.0
2015-07-22,4.34,4.44,4.22,4.32,41626572.0,1038408896.0
2015-07-23,4.32,4.43,4.24,4.41,48305816.0,1211704064.0
2015-07-24,4.42,4.53,4.35,4.38,60173140.0,1543830912.0
2015-07-27,4.31,4.36,3.94,3.94,51600168.0,1238461440.0
2015-07-28,3.86,4.05,3.56,3.85,39399504.0,862934976.0
2015-07-29,3.89,4.03,3.78,4.03,24875876.0,557874496.0
2015-07-30,4.06,4.07,3.91,3.91,26110856.0,603553216.0
2015-07-31,3.87,4.03,3.84,3.9,22018852.0,499244608.0
2015-08-03,3.89,3.89,3.73,3.79,20344874.0,444564768.0
2015-08-04,3.84,4.01,3.82,4.0,23325964.0,527017888.0
2015-08-05,4.0,4.13,3.96,3.98,23463332.0,544561600.0
2015-08-06,3.92,4.01,3.89,3.95,15942166.0,362167712.0
2015-08-07,3.99,4.05,3.97,4.03,19065116.0,441029824.0
2015-08-10,4.06,4.23,4.04,4.2,33171076.0,790868544.0
2015-08-11,4.2,4.33,4.18,4.24,32815924.0,803214080.0
2015-08-12,4.19,4.66,4.17,4.45,54575184.0,1395625472.0
2015-08-13,4.43,4.46,4.28,4.45,45057188.0,1135565440.0
2015-08-14,4.48,4.49,4.38,4.44,29306708.0,750685312.0
2015-08-17,4.43,4.54,4.41,4.51,27408920.0,708627520.0
2015-08-18,4.53,4.56,4.1,4.13,38981084.0,974211712.0
2015-08-19,4.08,4.26,3.97,4.25,28705768.0,685580224.0
2015-08-20,4.19,4.37,4.14,4.16,36389388.0,441296672.0
2015-08-21,4.12,4.15,3.78,3.79,41418392.0,465944672.0
2015-08-24,3.65,3.66,3.41,3.41,40648688.0,400189216.0
2015-08-25,3.07,3.23,3.07,3.07,71701848.0,632445696.0
2015-08-26,3.09,3.22,2.82,2.87,56868480.0,498606848.0
2015-08-27,2.88,3.04,2.82,3.03,47036120.0,396860992.0
2015-08-28,3.08,3.27,3.05,3.24,56345688.0,506137760.0
2015-08-31,3.24,3.29,3.07,3.29,52010312.0,472623072.0
2015-09-01,3.23,3.34,3.04,3.33,73630160.0,675101824.0
2015-09-02,3.17,3.54,3.14,3.49,92605728.0,897359936.0
2015-09-07,3.53,3.66,3.37,3.39,56471420.0,569496128.0
2015-09-08,3.35,3.48,3.2,3.45,38911844.0,371870880.0
2015-09-09,3.45,3.53,3.44,3.51,49796784.0,497011872.0
2015-09-10,3.46,3.48,3.36,3.37,27744180.0,271692416.0
2015-09-11,3.35,3.41,3.29,3.34,20025352.0,192022192.0
2015-09-14,3.35,3.41,3.04,3.08,35562940.0,328608576.0
2015-09-15,2.89,3.09,2.89,2.93,28200436.0,239656576.0
2015-09-16,3.01,3.22,2.95,3.17,29309436.0,256790288.0
2015-09-17,3.16,3.22,3.07,3.07,30430788.0,274178240.0
2015-09-18,3.09,3.12,3.04,3.09,16377916.0,144900032.0
2015-09-21,3.07,3.17,3.02,3.16,20729328.0,184548208.0
2015-09-22,3.16,3.23,3.14,3.2,28799062.0,262585200.0
2015-09-23,3.16,3.17,3.08,3.1,21858360.0,195758240.0
2015-09-24,3.12,3.15,3.1,3.12,14692151.0,131112760.0
2015-09-25,3.12,3.12,2.96,2.99,22303152.0,193673456.0
2015-09-28,3.01,3.05,2.98,3.03,10590791.0,91615224.0
2015-09-29,3.0,3.0,2.94,2.94,13826341.0,117080568.0
2015-09-30,2.95,3.01,2.95,2.97,10636606.0,90739904.0
2015-10-08,3.18,3.18,3.07,3.09,21527412.0,191577424.0
2015-10-09,3.1,3.14,3.08,3.12,22196348.0,197480768.0
2015-10-12,3.13,3.3,3.13,3.28,43334328.0,400559936.0
2015-10-13,3.25,3.27,3.22,3.26,29030536.0,269865248.0
2015-10-14,3.23,3.28,3.19,3.2,29661060.0,274642816.0
2015-10-15,3.2,3.28,3.18,3.27,35977272.0,333606816.0
2015-10-16,3.29,3.35,3.25,3.32,46106284.0,435324896.0
2015-10-19,3.33,3.35,3.27,3.3,37325528.0,353361504.0
2015-10-20,3.31,3.35,3.29,3.35,34065856.0,320710848.0
2015-10-21,3.36,3.36,3.07,3.11,49265556.0,451332352.0
2015-10-22,3.11,3.19,3.08,3.18,29163244.0,259262304.0
2015-10-23,3.2,3.24,3.16,3.22,35238260.0,318750720.0
2015-10-26,3.26,3.31,3.23,3.28,40735696.0,376518880.0
2015-10-27,3.26,3.27,3.15,3.25,29014156.0,264125184.0
2015-10-28,3.24,3.28,3.18,3.19,28709070.0,261937232.0
2015-10-29,3.21,3.22,3.17,3.2,22061616.0,199877440.0
2015-10-30,3.21,3.21,3.13,3.18,23941018.0,215396480.0
2015-11-02,3.13,3.18,3.11,3.13,21279088.0,189461968.0
2015-11-03,3.15,3.17,3.13,3.14,15487000.0,138088624.0
2015-11-04,3.16,3.3,3.14,3.3,54567780.0,501952800.0
2015-11-05,3.31,3.45,3.29,3.37,77755832.0,738798720.0
2015-11-06,3.37,3.42,3.33,3.4,53906368.0,516780320.0
2015-11-09,3.37,3.69,3.36,3.6,87670240.0,880105920.0
2015-11-10,3.55,3.62,3.5,3.59,61816508.0,621731264.0
2015-11-11,3.57,3.59,3.52,3.56,37551480.0,377773408.0
2015-11-12,3.56,3.57,3.47,3.5,40557384.0,403640896.0
2015-11-13,3.48,3.59,3.46,3.5,40893736.0,408521952.0
2015-11-16,3.47,3.59,3.43,3.59,33092512.0,328763328.0
2015-11-17,3.62,3.76,3.61,3.65,65854888.0,687947712.0
2015-11-18,3.65,3.68,3.53,3.55,32993376.0,336226880.0
2015-11-19,3.56,3.6,3.53,3.59,26720168.0,269574592.0
2015-11-20,3.59,3.77,3.56,3.69,56916476.0,589193536.0
2015-11-23,3.7,3.77,3.64,3.65,44649552.0,467798720.0
2015-11-24,3.65,3.66,3.55,3.61,30443806.0,309461504.0
2015-11-25,3.61,3.68,3.58,3.64,29924556.0,308202048.0
2015-11-26,3.65,3.67,3.57,3.59,30643184.0,314100832.0
2015-11-27,3.58,3.58,3.3,3.35,43937460.0,433024288.0
2015-11-30,3.34,3.42,3.18,3.31,28368632.0,265748176.0
2015-12-01,3.32,3.4,3.29,3.37,22490884.0,213007136.0
2015-12-02,3.37,3.51,3.33,3.51,31870090.0,311679520.0
2015-12-03,3.49,3.51,3.46,3.5,22767458.0,224939168.0
2015-12-04,3.48,3.5,3.4,3.43,24605798.0,240174416.0
2015-12-07,3.43,3.6,3.41,3.59,33519852.0,332902496.0
2015-12-08,3.6,3.66,3.48,3.49,43321328.0,436967168.0
2015-12-09,3.5,3.5,3.4,3.43,21230624.0,206187136.0
2015-12-10,3.43,3.46,3.37,3.38,18024248.0,173930288.0
2015-12-11,3.36,3.42,3.34,3.39,13619395.0,130001424.0
2015-12-14,3.38,3.47,3.35,3.47,20287116.0,195891232.0
2015-12-15,3.46,3.49,3.42,3.47,22169944.0,216856576.0
2015-12-16,3.48,3.48,3.43,3.43,15871261.0,155496016.0
2015-12-17,3.45,3.51,3.45,3.5,26986896.0,266454592.0
2015-12-18,3.5,3.51,3.44,3.46,22655840.0,222749936.0
2015-12-21,3.45,3.59,3.44,3.59,47390440.0,474284608.0
2015-12-22,3.59,3.6,3.54,3.56,32530774.0,327823456.0
2015-12-23,3.56,3.59,3.47,3.49,44138160.0,441309760.0
2015-12-24,3.49,3.54,3.47,3.51,33620024.0,334172416.0
2015-12-25,3.53,3.54,3.49,3.51,24998836.0,248354368.0
2015-12-28,3.53,3.54,3.43,3.43,32743296.0,323971360.0
2015-12-29,3.43,3.47,3.41,3.46,15575309.0,151783632.0
2015-12-30,3.47,3.48,3.43,3.45,17158732.0,167702224.0
2015-12-31,3.44,3.47,3.41,3.41,16730490.0,162511504.0
2016-01-04,3.42,3.44,3.15,3.18,23454408.0,219521376.0
2016-01-05,3.02,3.24,3.02,3.14,30402632.0,269636256.0
2016-01-06,3.16,3.27,3.14,3.25,24463824.0,221743408.0
2016-01-07,3.2,3.21,2.95,2.96,7729808.0,67155760.0
2016-01-08,3.07,3.11,2.91,3.06,27289146.0,235455456.0
2016-01-11,3.02,3.12,2.94,2.94,24814122.0,212782512.0
2016-01-12,2.97,3.0,2.91,2.97,17505860.0,146824192.0
2016-01-13,2.99,3.01,2.91,2.92,14712361.0,123744056.0
2016-01-14,2.86,2.97,2.84,2.96,22725778.0,187859472.0
2016-01-15,2.94,2.96,2.85,2.86,19315832.0,158274256.0
2016-01-18,2.81,2.89,2.8,2.85,18789640.0,151537760.0
2016-01-19,2.86,2.95,2.85,2.94,18631244.0,153255600.0
2016-01-20,2.93,2.94,2.87,2.89,14614426.0,120010368.0
2016-01-21,2.86,2.91,2.8,2.8,17322032.0,140029216.0
2016-01-22,2.82,2.85,2.79,2.84,12206059.0,97534648.0
2016-01-25,2.85,2.88,2.84,2.87,12221495.0,98832048.0
2016-01-26,2.85,2.91,2.65,2.78,24337948.0,193697568.0
2016-01-27,2.78,2.79,2.61,2.71,25437624.0,194142080.0
2016-01-28,2.7,2.73,2.47,2.51,20677476.0,154041760.0
2016-01-29,2.51,2.57,2.48,2.55,43958912.0,314489888.0
2016-02-01,2.53,2.54,2.47,2.5,26657744.0,189290320.0
2016-02-02,2.51,2.56,2.5,2.55,19975388.0,143686320.0
2016-02-03,2.52,2.54,2.49,2.53,14915766.0,106054776.0
2016-02-04,2.53,2.56,2.53,2.56,18019536.0,130150880.0
2016-02-05,2.56,2.57,2.53,2.54,13815858.0,99641720.0
2016-02-15,2.47,2.52,2.45,2.5,15636871.0,110123056.0
2016-02-16,2.53,2.61,2.53,2.6,25459182.0,185759472.0
2016-02-17,2.6,2.64,2.58,2.63,24262074.0,179203824.0
2016-02-18,2.65,2.67,2.62,2.62,24564410.0,183959392.0
2016-02-19,2.64,2.65,2.61,2.64,16453271.0,122690640.0
2016-02-22,2.66,2.71,2.65,2.7,24884692.0,188822544.0
2016-02-23,2.7,2.9,2.65,2.83,49626752.0,390714592.0
2016-02-24,2.78,2.81,2.73,2.79,27579140.0,216679344.0
2016-02-25,2.77,2.78,2.53,2.54,31127412.0,233762768.0
2016-02-26,2.55,2.61,2.54,2.59,18709312.0,136367040.0
2016-02-29,2.57,2.58,2.45,2.52,21512088.0,152694096.0
2016-03-01,2.54,2.6,2.51,2.58,14557924.0,105207168.0
2016-03-02,2.58,2.7,2.58,2.69,23494138.0,176406640.0
2016-03-03,2.7,2.74,2.67,2.72,28796524.0,220368608.0
2016-03-04,2.81,2.97,2.81,2.85,95453832.0,777135552.0
2016-03-07,2.87,2.96,2.79,2.85,42501840.0,344215264.0
2016-03-08,2.84,2.84,2.74,2.83,27660186.0,218545696.0
2016-03-09,2.78,2.79,2.72,2.76,17666764.0,138065040.0
2016-03-10,2.76,2.8,2.73,2.74,18120962.0,142060464.0
2016-03-11,2.74,2.75,2.71,2.73,13731248.0,106092904.0
2016-03-14,2.77,2.84,2.75,2.83,26178276.0,208644496.0
2016-03-15,2.8,2.84,2.78,2.79,15315600.0,121842920.0
2016-03-16,2.8,2.81,2.76,2.77,14388377.0,113375944.0
2016-03-17,2.78,2.84,2.77,2.82,20235096.0,160721664.0
2016-03-18,2.82,2.88,2.81,2.87,28646876.0,231561808.0
2016-03-21,2.89,2.94,2.88,2.92,37748152.0,310773152.0
2016-03-22,2.9,2.98,2.89,2.92,32356448.0,269823168.0
2016-03-23,2.9,2.92,2.88,2.9,20361234.0,166787088.0
2016-03-24,2.89,2.89,2.82,2.83,22155260.0,178943296.0
2016-03-25,2.82,2.84,2.81,2.84,14188512.0,113602608.0
2016-03-28,2.85,2.87,2.79,2.81,17321476.0,139278704.0
2016-03-29,2.81,2.82,2.78,2.79,14540072.0,115247488.0
2016-03-30,2.8,2.88,2.8,2.88,17780024.0,143081536.0
2016-03-31,2.88,2.89,2.84,2.85,18543746.0,150193168.0
2016-04-01,2.85,2.87,2.83,2.87,17985282.0,145180720.0
2016-04-05,2.88,2.94,2.88,2.93,37487752.0,309585568.0
2016-04-06,2.91,2.94,2.9,2.92,17490028.0,144621536.0
2016-04-07,2.93,2.96,2.86,2.88,20612224.0,170065152.0
2016-04-08,2.87,2.87,2.82,2.84,24385968.0,196047168.0
2016-04-11,2.86,2.92,2.85,2.9,24142938.0,198158464.0
2016-04-12,2.91,2.95,2.9,2.94,29173622.0,242037552.0
2016-04-13,2.98,3.08,2.98,3.04,62765484.0,542219456.0
2016-04-14,3.08,3.13,3.04,3.07,33825140.0,294630976.0
2016-04-15,3.07,3.12,3.04,3.05,25975124.0,226194464.0
2016-04-18,3.05,3.05,2.97,2.98,21976346.0,186103104.0
2016-04-19,3.0,3.03,2.97,3.03,17987016.0,152986176.0
2016-04-20,3.03,3.04,2.87,2.94,27011504.0,225030336.0
2016-04-21,2.92,2.97,2.9,2.91,14306478.0,118860288.0
2016-04-22,2.89,2.93,2.88,2.91,10869399.0,89394456.0
2016-04-25,2.9,2.9,2.81,2.86,17522700.0,141493024.0
2016-04-26,2.86,2.88,2.84,2.87,11079013.0,89598528.0
2016-04-27,2.87,2.9,2.86,2.87,12098538.0,98726088.0
2016-04-28,2.88,2.89,2.82,2.84,13827687.0,111501656.0
2016-04-29,2.83,2.86,2.83,2.84,11533528.0,92897832.0
2016-05-03,2.83,2.89,2.83,2.88,21129008.0,171206528.0
2016-05-04,2.87,2.95,2.86,2.91,24086780.0,197786128.0
2016-05-05,2.9,2.92,2.89,2.91,14477825.0,119124136.0
2016-05-06,2.91,2.92,2.83,2.83,19883840.0,161588832.0
2016-05-09,2.83,2.83,2.7,2.71,22470676.0,174507040.0
2016-05-10,2.71,2.74,2.7,2.71,10839135.0,83314248.0
2016-05-11,2.72,2.74,2.69,2.71,8721070.0,67027689.0
2016-05-12,2.7,2.73,2.67,2.72,9198344.0,70428687.0
2016-05-13,2.72,2.74,2.68,2.7,9797506.0,75252088.0
2016-05-16,2.69,2.74,2.67,2.74,9863456.0,75730852.0
2016-05-17,2.74,2.78,2.71,2.73,9790234.0,75952394.0
2016-05-18,2.71,2.72,2.64,2.71,20880896.0,158509330.0
2016-05-19,2.69,2.72,2.68,2.68,9432988.0,72124587.0
2016-05-20,2.68,2.7,2.65,2.69,6273363.0,47529873.0
2016-05-23,2.71,2.71,2.69,2.7,6470949.0,49524015.0
2016-05-24,2.7,2.7,2.67,2.68,7511108.0,57013821.0
2016-05-25,2.69,2.71,2.67,2.68,7325907.0,55671108.0
2016-05-26,2.67,2.71,2.66,2.71,11185241.0,85120408.0
2016-05-27,2.7,2.73,2.68,2.72,11288694.0,86806215.0
2016-05-30,2.72,2.73,2.7,2.72,7009357.0,53914158.0
2016-05-31,2.72,2.81,2.72,2.8,15935823.0,125576668.0
2016-06-01,2.8,2.82,2.78,2.79,11729151.0,92902770.0
2016-06-02,2.78,2.79,2.76,2.78,13349620.0,104842202.0
2016-06-03,2.78,2.82,2.76,2.8,16122549.0,127380977.0
2016-06-06,2.8,2.81,2.77,2.77,10965824.0,86259976.0
2016-06-07,2.77,2.78,2.76,2.76,8550845.0,66909305.0
2016-06-08,2.76,2.76,2.73,2.74,11463635.0,89092800.0
2016-06-13,2.72,2.72,2.67,2.67,13734605.0,104971695.0
2016-06-14,2.67,2.68,2.66,2.67,6132872.0,46383262.0
2016-06-15,2.66,2.73,2.65,2.72,12175010.0,93317079.0
2016-06-16,2.73,2.73,2.68,2.68,10998855.0,84025263.0
2016-06-17,2.69,2.72,2.69,2.7,11788652.0,90222369.0
2016-06-22,2.79,2.81,2.74,2.77,39206349.0,307732147.0
2016-06-23,2.76,2.76,2.72,2.74,22823363.0,176708254.0
2016-06-24,2.73,2.75,2.65,2.7,19810301.0,151817719.0
2016-06-27,2.67,2.72,2.67,2.72,13774913.0,105451854.0
2016-06-28,2.71,2.81,2.69,2.8,33938841.0,264018754.0
2016-06-29,2.77,2.79,2.76,2.77,18752149.0,147306954.0
2016-06-30,2.78,2.81,2.75,2.76,12823356.0,100343784.0
2016-07-01,2.77,2.79,2.76,2.78,16359702.0,128606051.0
2016-07-04,2.77,2.82,2.76,2.81,21717174.0,172060428.0
2016-07-05,2.81,2.88,2.8,2.84,33430466.0,268850161.0
2016-07-06,2.83,2.85,2.8,2.83,20538100.0,164202496.0
2016-07-07,2.83,2.84,2.81,2.82,18692082.0,149448254.0
2016-07-08,2.83,2.83,2.8,2.82,16246848.0,129519522.0
2016-07-11,2.82,2.84,2.81,2.82,18972796.0,151827994.0
2016-07-12,2.82,2.88,2.81,2.88,27004002.0,217612348.0
2016-07-13,2.88,2.89,2.85,2.89,29545645.0,240678761.0
2016-07-14,2.88,2.88,2.86,2.87,15041378.0,122072647.0
2016-07-15,3.0,3.0,2.89,2.89,23526561.0,193768539.0
2016-07-18,2.89,2.9,2.86,2.87,14188285.0,115592828.0
2016-07-19,2.87,2.94,2.87,2.92,31907387.0,263804257.0
2016-07-20,2.91,2.96,2.91,2.93,24212200.0,201482614.0
2016-07-21,2.93,3.0,2.93,2.98,28858480.0,242267587.0
2016-07-22,3.02,3.02,2.92,2.92,19943795.0,166925713.0
2016-07-25,2.94,2.95,2.91,2.95,14495283.0,120321243.0
2016-07-26,2.95,2.99,2.94,2.98,18573546.0,156390863.0
2016-07-27,3.0,3.06,2.91,2.99,53862233.0,457811039.0
2016-07-28,2.97,3.14,2.96,3.11,67421264.0,589267881.0
2016-07-29,3.13,3.21,3.06,3.13,44921815.0,395007631.0
2016-08-01,3.12,3.19,3.08,3.08,41265745.0,361741544.0
2016-08-02,3.07,3.17,3.05,3.16,34772460.0,302760765.0
2016-08-03,3.19,3.34,3.15,3.3,73269434.0,672583801.0
2016-08-04,3.29,3.38,3.24,3.3,44013880.0,407698283.0
2016-08-05,3.32,3.32,3.25,3.28,24069485.0,220548376.0
2016-08-08,3.27,3.32,3.26,3.3,22944659.0,210622893.0
2016-08-09,3.29,3.3,3.22,3.25,29777159.0,270367153.0
2016-08-10,3.25,3.29,3.23,3.25,23444787.0,213980647.0
2016-08-11,3.25,3.35,3.23,3.24,28730365.0,263718860.0
2016-08-12,3.24,3.25,3.15,3.19,34957546.0,311633872.0
2016-08-15,3.19,3.3,3.18,3.27,37370225.0,340539152.0
2016-08-16,3.28,3.34,3.24,3.28,46560311.0,428278983.0
2016-08-17,3.31,3.32,3.23,3.23,36411992.0,332190633.0
2016-08-18,3.24,3.24,3.18,3.19,26039043.0,234064443.0
2016-08-19,3.19,3.24,3.19,3.22,16035816.0,144537158.0
2016-08-22,3.22,3.23,3.15,3.15,19061757.0,169667292.0
2016-08-23,3.15,3.17,3.13,3.17,15163646.0,133814838.0
2016-08-24,3.15,3.18,3.15,3.17,10543604.0,93493659.0
2016-08-25,3.17,3.17,3.12,3.17,16292687.0,143192280.0
2016-08-26,3.17,3.2,3.15,3.17,16710847.0,148671652.0
2016-08-29,3.2,3.2,3.17,3.18,12752648.0,113579151.0
2016-08-30,3.18,3.2,3.16,3.17,12935177.0,114732174.0
2016-08-31,3.18,3.2,3.15,3.17,14257821.0,126727779.0
2016-09-01,3.18,3.18,3.12,3.13,17313295.0,153137041.0
2016-09-02,3.12,3.14,3.07,3.07,21977869.0,190700976.0
2016-09-05,3.08,3.2,3.08,3.17,22035030.0,194734211.0
2016-09-06,3.15,3.25,3.12,3.24,31459259.0,282415480.0
2016-09-07,3.25,3.35,3.23,3.27,36163345.0,333807040.0
2016-09-08,3.27,3.31,3.24,3.25,19331961.0,176886254.0
2016-09-09,3.25,3.3,3.25,3.25,14724492.0,134842003.0
2016-09-12,3.19,3.21,3.13,3.15,22312831.0,197290377.0
2016-09-13,3.15,3.17,3.13,3.17,9448910.0,83444125.0
2016-09-14,3.15,3.18,3.13,3.17,10941250.0,96752739.0
2016-09-19,3.18,3.24,3.17,3.18,12830683.0,114939397.0
2016-09-20,3.18,3.19,3.13,3.16,14090847.0,124510686.0
2016-09-21,3.15,3.23,3.15,3.21,13641867.0,122190158.0
2016-09-22,3.23,3.32,3.22,3.22,23602369.0,215639798.0
2016-09-23,3.23,3.26,3.22,3.24,14059781.0,127653904.0
2016-09-26,3.24,3.27,3.19,3.19,17786920.0,161016746.0
2016-09-27,3.21,3.23,3.15,3.23,14568163.0,130617596.0
2016-09-28,3.23,3.24,3.18,3.19,10726845.0,96273930.0
2016-09-29,3.19,3.22,3.17,3.2,11572304.0,103664357.0
2016-09-30,3.2,3.3,3.19,3.29,23588578.0,215752158.0
2016-10-10,3.36,3.39,3.3,3.33,29366511.0,274392696.0
2016-10-11,3.33,3.34,3.29,3.33,20073049.0,186014752.0
2016-10-12,3.32,3.32,3.27,3.28,15518288.0,142944163.0
2016-10-13,3.28,3.31,3.27,3.27,11889917.0,109345230.0
2016-10-14,3.27,3.32,3.27,3.32,18803442.0,173697958.0
2016-10-17,3.33,3.35,3.26,3.27,17455437.0,161482064.0
2016-10-18,3.27,3.32,3.26,3.31,16986070.0,156286912.0
2016-10-19,3.31,3.33,3.29,3.3,13097841.0,121234523.0
2016-10-20,3.32,3.32,3.28,3.29,11344821.0,103543874.0
2016-10-21,3.29,3.32,3.27,3.3,14734715.0,134257037.0
2016-10-24,3.32,3.38,3.29,3.37,23736097.0,220347741.0
2016-10-25,3.4,3.58,3.4,3.57,80169622.0,776793734.0
2016-10-26,3.54,3.6,3.49,3.57,43205697.0,423894627.0
2016-10-27,3.57,3.59,3.51,3.57,24467775.0,240557768.0
2016-10-28,3.59,3.6,3.44,3.44,34636217.0,335532228.0
2016-10-31,3.44,3.5,3.43,3.45,20407871.0,195163417.0
2016-11-01,3.46,3.51,3.44,3.5,19618497.0,189568380.0
2016-11-02,3.49,3.59,3.47,3.55,37539428.0,370475569.0
2016-11-03,3.54,3.68,3.53,3.64,43092841.0,434268228.0
2016-11-04,3.63,3.7,3.59,3.67,36436927.0,367487129.0
2016-11-07,3.7,3.72,3.63,3.65,28276132.0,286851100.0
2016-11-08,3.67,3.7,3.63,3.67,22911298.0,231867985.0
2016-11-09,3.67,3.7,3.57,3.62,32086897.0,322072140.0
2016-11-10,3.66,3.8,3.65,3.79,59710084.0,618149739.0
2016-11-11,3.81,3.81,3.74,3.77,37151175.0,388587855.0
2016-11-14,3.77,3.82,3.7,3.79,41911122.0,435144928.0
2016-11-15,3.76,3.78,3.7,3.7,29022928.0,299289167.0
2016-11-16,3.7,3.73,3.63,3.64,34953298.0,354650915.0
2016-11-17,3.66,3.7,3.63,3.67,21476857.0,217692599.0
2016-11-18,3.68,3.7,3.6,3.6,26198719.0,263208432.0
2016-11-21,3.6,3.64,3.57,3.63,22245014.0,222373714.0
2016-11-22,3.65,3.72,3.63,3.7,23421564.0,238343065.0
2016-11-23,3.7,3.72,3.63,3.64,18990548.0,192538223.0
2016-11-24,3.63,3.64,3.59,3.6,25912628.0,258858229.0
2016-11-25,3.58,3.63,3.57,3.63,20995575.0,208805552.0
2016-11-28,3.66,3.71,3.63,3.69,34556120.0,351327964.0
2016-11-29,3.68,3.74,3.66,3.67,36571543.0,374888548.0
2016-11-30,3.67,3.7,3.63,3.68,25509526.0,258841438.0
2016-12-01,3.71,4.05,3.7,4.0,110791542.0,1201601929.0
2016-12-02,3.97,4.18,3.96,4.02,104158292.0,1169328732.0
2016-12-05,3.97,4.15,3.93,3.98,62243290.0,694860618.0
2016-12-06,3.98,4.11,3.96,4.02,42319630.0,471263220.0
2016-12-07,4.05,4.06,3.96,4.01,38468221.0,424679989.0
2016-12-08,4.0,4.04,3.88,3.92,41924884.0,458187976.0
2016-12-09,3.9,3.92,3.85,3.89,28362190.0,304669689.0
2016-12-12,3.89,3.92,3.63,3.63,53228678.0,554269776.0
2016-12-13,3.63,3.7,3.6,3.67,29578447.0,299526082.0
2016-12-14,3.68,3.76,3.67,3.69,27711759.0,285014460.0
2016-12-15,3.68,3.7,3.62,3.64,28367846.0,286982262.0
2016-12-16,3.67,3.69,3.63,3.64,18800495.0,190110022.0
2016-12-19,3.66,3.66,3.58,3.64,13971234.0,139993582.0
2016-12-20,3.62,3.64,3.57,3.58,17136994.0,170664702.0
2016-12-21,3.59,3.68,3.59,3.68,21547044.0,217894578.0
2016-12-22,3.71,3.73,3.65,3.71,19496281.0,199824459.0
2016-12-23,3.72,3.72,3.66,3.66,13200206.0,134554388.0
2016-12-26,3.66,3.67,3.54,3.61,23331948.0,231515803.0
2016-12-27,3.61,3.66,3.58,3.65,15225608.0,153376302.0
2016-12-28,3.65,3.68,3.63,3.65,10487401.0,106224157.0
2016-12-29,3.64,3.67,3.62,3.66,11016683.0,110997484.0
2016-12-30,3.66,3.67,3.58,3.6,16916113.0,168976836.0
2017-01-03,3.6,3.65,3.59,3.6,12982497.0,130069695.0
2017-01-04,3.62,3.72,3.62,3.72,27810372.0,283732610.0
2017-01-05,3.72,3.73,3.69,3.73,20013755.0,205701274.0
2017-01-06,3.74,3.77,3.67,3.72,18218173.0,187674524.0
2017-01-09,3.71,3.76,3.69,3.76,17352590.0,179447473.0
2017-01-10,3.75,3.84,3.74,3.82,27544205.0,290064911.0
2017-01-11,3.83,3.85,3.78,3.8,20224261.0,213546347.0
2017-01-12,3.8,3.85,3.7,3.72,17296959.0,180791828.0
2017-01-13,3.72,3.79,3.7,3.79,16728024.0,173857383.0
2017-01-16,3.79,3.8,3.62,3.73,22974485.0,236435154.0
2017-01-17,3.72,3.74,3.64,3.69,19607881.0,200160920.0
2017-01-18,3.73,3.79,3.72,3.78,25117965.0,260826651.0
2017-01-19,3.76,3.92,3.76,3.88,38546693.0,412942053.0
2017-01-20,3.87,3.95,3.83,3.88,23939801.0,259290916.0
2017-01-23,3.88,3.98,3.88,3.96,22671172.0,247533076.0
2017-01-24,3.97,4.04,3.96,4.01,30176957.0,334223843.0
2017-01-25,4.05,4.06,3.98,4.03,21779076.0,242371402.0
2017-01-26,4.03,4.05,3.98,4.01,13449361.0,149266346.0
2017-02-03,4.01,4.02,3.95,4.01,14860453.0,164054216.0
2017-02-06,4.02,4.06,4.0,4.03,14588566.0,162722884.0
2017-02-07,4.07,4.18,4.06,4.18,42268245.0,484367403.0
2017-02-08,4.2,4.21,4.1,4.2,28460936.0,327689132.0
2017-02-09,4.17,4.29,4.17,4.19,24883183.0,291452463.0
2017-02-10,4.18,4.32,4.16,4.25,33876863.0,398080012.0
2017-02-13,4.25,4.32,4.22,4.29,28763257.0,341349740.0
2017-02-14,4.29,4.29,4.17,4.23,33524917.0,391037200.0
2017-02-15,4.24,4.24,4.15,4.18,20195713.0,234070959.0
2017-02-16,4.19,4.27,4.15,4.22,22415529.0,261062086.0
2017-02-17,4.21,4.23,4.07,4.08,24303538.0,277218327.0
2017-02-20,4.1,4.14,4.08,4.14,29648399.0,337410272.0
2017-02-21,4.14,4.19,4.12,4.15,19435279.0,223557343.0
2017-02-22,4.15,4.2,4.12,4.2,27704553.0,319377955.0
2017-02-23,4.22,4.22,4.09,4.13,28650003.0,327496315.0
2017-02-24,4.11,4.11,4.02,4.05,29634382.0,331968639.0
2017-02-27,4.05,4.08,4.01,4.04,19353234.0,217199118.0
2017-02-28,4.04,4.09,4.03,4.07,15070496.0,169678580.0
2017-03-01,4.07,4.17,4.07,4.15,29973620.0,343563334.0
2017-03-02,4.16,4.18,4.09,4.11,16520328.0,188552289.0
2017-03-03,4.15,4.2,4.11,4.15,32636842.0,374696466.0
2017-03-06,4.15,4.23,4.15,4.2,28926933.0,336182863.0
2017-03-07,4.2,4.21,4.12,4.2,22178647.0,255671996.0
2017-03-08,4.18,4.2,4.15,4.17,14132067.0,163105857.0
2017-03-09,4.15,4.16,4.02,4.03,29676604.0,334218242.0
2017-03-10,4.04,4.06,3.96,4.02,25862451.0,286478907.0
2017-03-13,4.03,4.09,3.98,4.08,24373902.0,272977493.0
2017-03-14,4.12,4.14,4.1,4.12,19296522.0,220072904.0
2017-03-15,4.11,4.15,4.08,4.14,17148951.0,196240188.0
2017-03-16,4.14,4.2,4.11,4.16,16675749.0,192478215.0
2017-03-17,4.18,4.18,4.09,4.09,16788414.0,192375672.0
2017-03-20,4.12,4.19,4.12,4.19,26699017.0,307687257.0
2017-03-21,4.18,4.22,4.15,4.22,28112821.0,326362145.0
2017-03-22,4.19,4.25,4.16,4.17,23389372.0,271155114.0
2017-03-23,4.18,4.2,4.05,4.08,35052339.0,399040217.0
2017-03-24,4.07,4.1,4.04,4.07,34451324.0,387994415.0
2017-03-27,4.05,4.12,4.05,4.07,23373704.0,264541315.0
2017-03-28,4.07,4.11,4.06,4.09,22887693.0,258764664.0
2017-03-29,4.09,4.1,4.02,4.05,26464934.0,296437167.0
2017-03-30,4.14,4.18,4.06,4.08,55471804.0,632543777.0
2017-03-31,4.11,4.11,4.05,4.06,32108520.0,362217237.0
2017-04-05,4.1,4.2,4.08,4.18,57105525.0,656787559.0
2017-04-06,4.19,4.19,4.15,4.18,28428779.0,328173219.0
2017-04-07,4.18,4.2,4.15,4.18,28518294.0,329663038.0
2017-04-10,4.17,4.26,4.15,4.19,42395044.0,495014682.0
2017-04-11,4.18,4.22,4.11,4.19,39681168.0,456595067.0
2017-04-12,4.16,4.24,4.16,4.21,36993076.0,430244499.0
2017-04-13,4.2,4.22,4.15,4.18,28646379.0,331971179.0
2017-04-14,4.24,4.29,4.22,4.22,55859383.0,656654600.0
2017-04-17,4.22,4.31,4.2,4.28,44995966.0,531474612.0
2017-04-18,4.27,4.29,4.21,4.22,35952204.0,424006584.0
2017-04-19,4.2,4.2,4.06,4.11,42120902.0,479877306.0
2017-04-20,4.09,4.18,4.08,4.17,31090517.0,356253005.0
2017-04-21,4.17,4.2,4.12,4.16,21810411.0,250757776.0
2017-04-24,4.15,4.15,3.97,3.97,34245358.0,381644373.0
2017-04-25,3.97,4.05,3.96,3.97,24114120.0,267630446.0
2017-04-26,3.98,4.04,3.98,4.03,25906202.0,288308866.0
2017-04-27,4.02,4.04,3.96,4.03,23818343.0,263635794.0
2017-04-28,4.05,4.09,4.01,4.05,23451640.0,263097209.0
2017-05-02,4.06,4.07,4.02,4.03,22199121.0,248374425.0
2017-05-03,4.03,4.03,3.98,3.99,24956086.0,276877393.0
2017-05-04,3.98,4.0,3.94,3.97,22863641.0,251079284.0
2017-05-05,3.96,3.97,3.83,3.84,33280317.0,357117663.0
2017-05-08,3.84,3.84,3.75,3.75,22787502.0,238968018.0
2017-05-09,3.75,3.83,3.71,3.82,18161483.0,190673431.0
2017-05-10,3.84,3.89,3.78,3.78,22561192.0,240423990.0
2017-05-11,3.76,3.87,3.76,3.86,23331208.0,246990109.0
2017-05-12,3.88,3.88,3.84,3.86,16014732.0,171255407.0
2017-05-15,3.88,3.91,3.88,3.89,18614598.0,200808333.0
2017-05-16,3.9,3.98,3.86,3.98,25417462.0,275666370.0
2017-05-17,4.0,4.02,3.97,3.98,21006281.0,232283126.0
2017-05-18,3.94,4.02,3.93,3.99,19705444.0,217879747.0
2017-05-19,3.98,4.01,3.94,3.97,15434898.0,169821025.0
2017-05-22,3.96,3.99,3.92,3.94,14875020.0,163032910.0
2017-05-23,3.94,3.96,3.85,3.88,22133631.0,239319363.0
2017-05-24,3.86,3.92,3.83,3.9,21148748.0,226883208.0
2017-05-25,3.9,4.02,3.88,4.01,28308532.0,310497340.0
2017-05-26,4.0,4.07,3.99,4.04,20060302.0,224605377.0
2017-05-31,4.06,4.11,4.02,4.03,20906823.0,235191338.0
2017-06-01,4.02,4.05,4.0,4.01,19583961.0,218194994.0
2017-06-02,4.02,4.14,4.01,4.13,35350849.0,400048533.0
2017-06-05,4.15,4.17,4.11,4.15,22995352.0,263868583.0
2017-06-06,4.12,4.12,4.02,4.05,35597069.0,399608426.0
2017-06-07,4.06,4.12,4.04,4.11,25832442.0,292248356.0
2017-06-08,4.11,4.14,4.07,4.12,29856591.0,338768252.0
2017-06-09,4.12,4.2,4.1,4.19,40520714.0,466637103.0
2017-06-12,4.18,4.29,4.14,4.26,52044338.0,609383868.0
2017-06-13,4.25,4.29,4.21,4.26,35115371.0,413554182.0
2017-06-14,4.26,4.29,4.18,4.2,34409215.0,402294729.0
2017-06-15,4.2,4.22,4.17,4.2,27004805.0,313350787.0
2017-06-16,4.2,4.22,4.14,4.15,23428629.0,270940858.0
2017-06-19,4.16,4.27,4.15,4.27,31982495.0,373577607.0
2017-06-20,4.28,4.35,4.27,4.3,43795838.0,522151959.0
2017-06-21,4.32,4.35,4.27,4.35,30649712.0,365664670.0
2017-06-22,4.36,4.48,4.34,4.36,63337671.0,775909761.0
2017-06-23,4.38,4.45,4.32,4.45,49994520.0,606569847.0
2017-06-26,4.47,4.83,4.46,4.7,114105068.0,1470755980.0
2017-06-27,4.68,4.8,4.67,4.75,72040897.0,942761938.0
2017-06-28,4.71,4.9,4.7,4.77,77539076.0,1029073910.0
2017-06-29,4.78,4.85,4.74,4.79,48777540.0,648821669.0
2017-06-30,4.77,4.83,4.71,4.77,53780732.0,707751875.0
2017-07-03,4.76,4.82,4.67,4.7,66497585.0,870224832.0
2017-07-04,4.71,4.77,4.67,4.77,50572956.0,660449821.0
2017-07-05,4.75,4.81,4.72,4.8,51148097.0,676164677.0
2017-07-06,4.82,5.03,4.81,5.01,91690693.0,1251854956.0
2017-07-07,4.97,5.01,4.93,4.97,57998089.0,796364769.0
2017-07-10,4.97,5.04,4.93,4.97,50476223.0,696881015.0
2017-07-11,4.98,4.98,4.73,4.73,76563203.0,1029103010.0
2017-07-12,4.75,4.78,4.63,4.72,71208589.0,926826128.0
2017-07-13,4.88,5.0,4.88,4.93,88108943.0,1203629126.0
2017-07-14,4.99,5.02,4.92,4.95,51051022.0,701604261.0
2017-07-17,4.97,5.09,4.8,4.99,82316585.0,1135840364.0
2017-07-18,4.99,5.02,4.8,4.94,64209930.0,872676043.0
2017-07-19,4.94,5.19,4.89,5.17,114121042.0,1608569951.0
2017-07-20,5.19,5.22,5.09,5.12,90145556.0,1280119391.0
2017-07-21,5.15,5.18,5.06,5.08,120764699.0,839855802.0
2017-07-24,5.06,5.13,4.96,5.09,139419519.0,954841623.0
2017-07-25,5.09,5.1,4.96,4.99,101266710.0,689363498.0
2017-07-26,4.99,5.02,4.86,4.88,115809094.0,774661462.0
2017-07-27,4.87,4.92,4.82,4.88,65793916.0,436128682.0
2017-07-28,4.86,5.02,4.86,4.99,79406551.0,536618308.0
2017-07-31,5.0,5.21,4.99,5.15,157322507.0,1092300555.0
2017-08-01,5.18,5.2,5.09,5.15,93679327.0,655124421.0
2017-08-02,5.15,5.25,5.13,5.14,85986833.0,605683849.0
2017-08-03,5.19,5.29,5.19,5.24,118683576.0,846178948.0
2017-08-04,5.22,5.29,5.15,5.16,78054486.0,553906833.0
2017-08-07,5.15,5.18,5.07,5.15,57178933.0,398855270.0
2017-08-08,5.15,5.18,5.09,5.13,58312755.0,406483007.0
2017-08-09,5.13,5.24,5.08,5.2,73002769.0,512153010.0
2017-08-10,5.19,5.19,5.06,5.09,65978346.0,458367103.0
2017-08-11,5.02,5.05,4.85,4.88,109168738.0,732777905.0
2017-08-14,4.9,4.99,4.88,4.98,53040777.0,357551027.0
2017-08-15,4.98,5.03,4.93,4.96,47172418.0,318466081.0
2017-08-16,4.99,4.99,4.89,4.91,41250854.0,275982905.0
2017-08-17,4.92,4.99,4.9,4.96,42442940.0,284678250.0
2017-08-18,4.93,5.02,4.91,5.01,50198446.0,340394204.0
2017-08-21,5.0,5.09,4.99,5.08,44474497.0,305962388.0
2017-08-22,5.09,5.13,5.05,5.07,44721017.0,309601615.0
2017-08-23,5.07,5.09,5.01,5.02,34149389.0,233652117.0
2017-08-24,5.02,5.04,4.96,4.99,33647209.0,228371694.0
2017-08-25,4.98,5.1,4.97,5.08,51084136.0,351383570.0
2017-08-28,5.13,5.13,5.06,5.07,60890447.0,421711176.0
2017-08-29,5.07,5.12,5.06,5.07,52782148.0,364814632.0
2017-08-30,5.1,5.11,5.06,5.09,39979352.0,276311474.0
2017-08-31,5.2,5.41,5.18,5.29,156418928.0,1126546244.0
2017-09-01,5.29,5.37,5.27,5.33,79442742.0,573994418.0
2017-09-04,5.33,5.51,5.33,5.48,109323629.0,811265701.0
2017-09-05,5.52,5.6,5.45,5.46,84182545.0,632169867.0
2017-09-06,5.46,5.52,5.44,5.5,56567553.0,421588063.0
2017-09-07,5.5,5.5,5.36,5.38,77457844.0,569867711.0
2017-09-08,5.38,5.46,5.38,5.43,38275495.0,281824485.0
2017-09-11,5.43,5.52,5.38,5.52,54942468.0,406805107.0
2017-09-12,5.51,5.58,5.46,5.52,63424378.0,477003446.0
2017-09-13,5.54,5.58,5.49,5.57,52241204.0,393848254.0
2017-09-14,5.58,5.7,5.54,5.7,84772790.0,647480932.0
2017-09-15,5.71,5.75,5.57,5.6,73322247.0,559885282.0
2017-09-18,5.6,5.62,5.52,5.59,41572095.0,315009769.0
2017-09-19,5.6,5.61,5.5,5.52,45500868.0,342289459.0
2017-09-20,5.52,5.55,5.48,5.54,27787476.0,209095345.0
2017-09-21,5.54,5.55,5.44,5.46,43526666.0,325793435.0
2017-09-22,5.45,5.48,5.36,5.38,50146618.0,368524706.0
2017-09-25,5.38,5.46,5.36,5.37,37033722.0,271873003.0
2017-09-26,5.38,5.46,5.38,5.44,42974316.0,317468110.0
2017-09-27,5.41,5.46,5.4,5.4,33395053.0,246188507.0
2017-09-28,5.42,5.45,5.38,5.42,36042500.0,265557448.0
2017-09-29,5.43,5.51,5.42,5.51,49163718.0,366871172.0
2017-10-09,5.57,5.58,5.51,5.54,47521507.0,358254006.0
2017-10-10,5.54,5.58,5.52,5.55,40626801.0,306336875.0
2017-10-11,5.55,5.57,5.51,5.53,39114568.0,294626371.0
2017-10-12,5.54,5.57,5.52,5.57,45399005.0,342574988.0
2017-10-13,5.58,5.88,5.55,5.85,144976174.0,1136423324.0
2017-10-16,5.85,5.85,5.71,5.78,80346061.0,631556825.0
2017-10-17,5.79,5.81,5.71,5.77,43569112.0,340402435.0
2017-10-18,5.76,5.84,5.74,5.77,44061693.0,346825919.0
2017-10-19,5.77,5.78,5.57,5.58,69285908.0,532090746.0
2017-10-20,5.58,5.62,5.49,5.6,59052608.0,436496714.0
2017-10-23,5.57,5.66,5.56,5.63,43541320.0,325333064.0
2017-10-24,5.63,5.78,5.63,5.73,58549573.0,446905944.0
2017-10-25,5.81,5.87,5.79,5.81,49406951.0,383932947.0
2017-10-26,5.83,6.04,5.81,5.99,105461082.0,837172507.0
2017-10-27,5.96,6.01,5.9,5.96,62385430.0,493654036.0
2017-10-30,5.96,6.09,5.93,6.01,85166903.0,682407383.0
2017-10-31,6.18,6.35,6.1,6.26,153506437.0,1275270954.0
2017-11-01,6.26,6.57,6.24,6.45,155279874.0,1333277828.0
2017-11-02,6.44,6.55,6.35,6.44,105944379.0,906987250.0
2017-11-03,6.44,6.48,6.08,6.18,146716609.0,1222122649.0
2017-11-06,6.21,6.6,6.1,6.6,163187492.0,1384001094.0
2017-11-07,6.61,6.67,6.5,6.56,109262241.0,956364827.0
2017-11-08,6.56,6.63,6.41,6.44,106860324.0,930617403.0
2017-11-09,6.42,6.55,6.35,6.55,79566550.0,683684904.0
2017-11-10,6.53,6.8,6.49,6.74,145402913.0,1295390826.0
2017-11-13,6.74,6.9,6.68,6.75,127720571.0,1158806172.0
2017-11-14,6.75,6.83,6.68,6.68,84289516.0,756652173.0
2017-11-15,6.68,6.68,6.4,6.47,120541627.0,1046898915.0
2017-11-16,6.47,6.63,6.43,6.6,69431363.0,607273733.0
2017-11-17,6.6,6.71,6.49,6.53,85770690.0,753454351.0
2017-11-20,6.47,6.47,6.15,6.44,116376997.0,976739922.0
2017-11-21,6.39,6.64,6.35,6.63,104542836.0,902124372.0
2017-11-22,6.71,6.85,6.61,6.65,118218567.0,1060072266.0
2017-11-23,6.65,6.77,6.27,6.29,112753312.0,980706594.0
2017-11-24,6.3,6.39,6.15,6.38,95980128.0,801960294.0
2017-11-27,6.33,6.33,6.03,6.09,96304994.0,790834376.0
2017-11-28,6.05,6.19,6.02,6.14,59078329.0,482459774.0
2017-11-29,6.15,6.26,6.03,6.2,77458096.0,632941196.0
2017-11-30,6.18,6.25,6.08,6.11,51231396.0,421097449.0
2017-12-01,6.14,6.19,6.07,6.13,38555650.0,314975834.0
2017-12-04,6.08,6.11,5.81,5.84,122131291.0,970285433.0
2017-12-05,5.81,5.87,5.71,5.8,108059001.0,835683889.0
2017-12-06,5.79,5.85,5.63,5.73,79973260.0,612463244.0
2017-12-07,5.75,5.81,5.68,5.69,52267647.0,399687489.0
2017-12-08,5.68,5.77,5.61,5.75,53551306.0,407697149.0
2017-12-11,5.75,5.87,5.74,5.86,62175508.0,481508531.0
2017-12-12,5.86,5.87,5.72,5.72,48077754.0,370288462.0
2017-12-13,5.71,5.76,5.66,5.75,38820008.0,295234905.0
2017-12-14,5.77,5.81,5.7,5.73,39384280.0,302204571.0
2017-12-15,5.7,5.73,5.57,5.6,47112688.0,354831876.0
2017-12-18,5.6,5.81,5.59,5.81,66094618.0,504441966.0
2017-12-19,5.8,6.01,5.76,5.97,98546945.0,776617290.0
2017-12-20,5.97,6.04,5.89,5.91,61801103.0,490410460.0
2017-12-21,5.91,6.15,5.87,6.08,93879072.0,756750067.0
2017-12-22,6.09,6.15,6.05,6.11,54073574.0,439447281.0
2017-12-25,6.11,6.17,6.05,6.1,53962955.0,438344976.0
2017-12-26,6.1,6.24,5.93,6.23,78869059.0,641336944.0
2017-12-27,6.17,6.37,6.16,6.2,88870774.0,742551791.0
2017-12-28,6.23,6.33,6.12,6.26,79420779.0,661946594.0
2017-12-29,6.24,6.31,6.23,6.26,43726806.0,365525629.0
2018-01-02,6.26,6.5,6.26,6.48,97247137.0,832558802.0
2018-01-03,6.5,6.58,6.41,6.42,87022475.0,753036958.0
2018-01-04,6.44,6.47,6.38,6.46,57433469.0,491706715.0
2018-01-05,6.52,6.53,6.36,6.36,61624381.0,528221091.0
2018-01-08,6.39,6.71,6.39,6.7,142656651.0,1255870791.0
2018-01-09,6.74,6.74,6.57,6.65,94281727.0,833093842.0
2018-01-10,6.67,6.71,6.56,6.69,84023159.0,742515026.0
2018-01-11,6.65,6.66,6.51,6.56,65558665.0,573945205.0
2018-01-12,6.53,6.59,6.49,6.5,64142253.0,558402764.0
2018-01-15,6.56,6.65,6.38,6.44,92586559.0,807339143.0
2018-01-16,6.44,6.81,6.41,6.75,146127078.0,1303684190.0
2018-01-17,6.75,6.82,6.65,6.81,111222101.0,998346508.0
2018-01-18,6.8,6.95,6.74,6.79,102327347.0,932000612.0
2018-01-19,6.83,6.89,6.71,6.74,63194252.0,572186783.0
2018-01-22,6.72,6.84,6.63,6.83,81504209.0,736101333.0
2018-01-23,6.85,6.92,6.79,6.89,122654490.0,1122780406.0
2018-01-24,6.92,7.01,6.75,6.77,112482705.0,1029975781.0
2018-01-25,6.79,6.81,6.71,6.74,80180771.0,722464593.0
2018-01-26,6.74,6.77,6.66,6.72,61220509.0,548066343.0
2018-01-29,6.77,6.91,6.72,6.79,100089552.0,911638008.0
2018-01-30,6.77,6.77,6.68,6.68,58698268.0,525094605.0
2018-01-31,6.67,6.67,6.45,6.59,90697750.0,790928671.0
2018-02-01,6.59,6.61,6.43,6.49,63799246.0,553758293.0
2018-02-02,6.47,6.77,6.39,6.75,82563546.0,728494985.0
2018-02-05,6.63,6.77,6.61,6.75,63967847.0,570416408.0
2018-02-06,6.63,6.67,6.45,6.5,91007346.0,795767510.0
2018-02-07,6.65,6.68,6.14,6.23,95484635.0,819735776.0
2018-02-08,6.25,6.36,6.14,6.29,50064451.0,418145883.0
2018-02-09,6.01,6.14,5.74,5.81,103294449.0,814141803.0
2018-02-12,5.87,6.03,5.8,5.97,42857354.0,338919620.0
2018-02-13,6.04,6.19,6.04,6.06,43381137.0,353767740.0
2018-02-14,6.08,6.16,6.08,6.14,32646121.0,266805596.0
2018-02-22,6.26,6.48,6.26,6.42,76957174.0,654621250.0
2018-02-23,6.44,6.47,6.34,6.39,43081367.0,367802152.0
2018-02-26,6.44,6.52,6.41,6.51,51590028.0,444913387.0
2018-02-27,6.54,6.56,6.31,6.32,68116835.0,580460878.0
2018-02-28,6.32,6.42,6.19,6.38,48630532.0,410442630.0
2018-03-01,6.29,6.41,6.26,6.38,52527641.0,444598344.0
2018-03-02,6.32,6.35,6.23,6.25,47954730.0,401204056.0
2018-03-05,6.26,6.32,6.13,6.15,48738470.0,402619599.0
2018-03-06,6.21,6.29,6.17,6.28,41403404.0,344385593.0
2018-03-07,6.29,6.32,6.18,6.2,33982611.0,283560551.0
2018-03-08,6.2,6.25,6.15,6.19,39656661.0,326638623.0
2018-03-09,6.25,6.26,6.17,6.22,36115688.0,299273136.0
2018-03-12,6.26,6.42,6.26,6.41,72225317.0,611160106.0
2018-03-13,6.41,6.43,6.32,6.32,46898105.0,397090889.0
2018-03-14,6.33,6.34,6.23,6.3,42509327.0,355369040.0
2018-03-15,6.27,6.4,6.25,6.36,46344266.0,391325408.0
2018-03-16,6.35,6.41,6.29,6.29,32007311.0,270361768.0
2018-03-19,6.29,6.31,6.21,6.23,28926124.0,240940615.0
2018-03-20,6.19,6.2,6.08,6.17,40551361.0,332071279.0
2018-03-21,6.18,6.2,6.08,6.1,39024038.0,319632475.0
2018-03-22,6.1,6.14,6.02,6.03,35172588.0,283908918.0
2018-03-23,5.81,5.97,5.67,5.97,90652962.0,702134910.0
2018-03-26,5.84,5.91,5.75,5.87,41791851.0,324728029.0
2018-03-27,5.95,6.11,5.92,6.09,51080580.0,407040497.0
2018-03-28,6.0,6.05,5.91,6.0,40901826.0,326437531.0
2018-03-29,6.17,6.29,6.11,6.19,92767040.0,767954600.0
2018-03-30,6.21,6.26,6.17,6.2,43726674.0,361601609.0
2018-04-02,6.22,6.36,6.2,6.32,75652704.0,636097107.0
2018-04-03,6.23,6.43,6.2,6.42,78282197.0,662655217.0
2018-04-04,6.44,6.6,6.41,6.43,76777159.0,666483717.0
2018-04-09,6.43,6.5,6.35,6.4,51753959.0,443004290.0
2018-04-10,6.38,6.47,6.35,6.44,50704801.0,434061209.0
2018-04-11,6.47,6.49,6.4,6.41,33319654.0,285769380.0
2018-04-12,6.4,6.49,6.28,6.32,41226356.0,350369457.0
2018-04-13,6.38,6.59,6.38,6.53,102275515.0,887877030.0
2018-04-16,6.54,6.56,6.32,6.34,61895521.0,529189217.0
2018-04-17,6.35,6.41,6.23,6.25,42517950.0,358174731.0
2018-04-18,6.3,6.36,6.13,6.29,50708439.0,422116063.0
2018-04-19,6.29,6.29,6.21,6.26,35934700.0,299788102.0
2018-04-20,6.25,6.26,6.02,6.11,55163055.0,449371469.0
2018-04-23,6.12,6.14,6.02,6.11,32179455.0,260481029.0
2018-04-24,6.14,6.32,6.13,6.3,49827969.0,416278656.0
2018-04-25,6.26,6.3,6.21,6.24,27208851.0,226492672.0
2018-04-26,6.24,6.26,6.1,6.16,30542590.0,250685411.0
2018-04-27,6.2,6.21,6.1,6.2,32468548.0,266390978.0
2018-05-02,6.15,6.17,6.02,6.05,57928712.0,469636178.0
2018-05-03,6.04,6.14,6.0,6.09,38109550.0,308307793.0
2018-05-04,6.1,6.11,6.05,6.08,29973519.0,243236269.0
2018-05-07,6.11,6.19,6.08,6.19,39863230.0,326142607.0
2018-05-08,6.19,6.28,6.15,6.23,45894932.0,381134755.0
2018-05-09,6.22,6.25,6.2,6.23,25870498.0,214637064.0
2018-05-10,6.25,6.27,6.19,6.23,22495059.0,186649726.0
2018-05-11,6.25,6.26,6.2,6.22,24189831.0,201026889.0
2018-05-14,6.23,6.38,6.22,6.32,52041057.0,438137996.0
2018-05-15,6.32,6.35,6.26,6.32,32932029.0,276830165.0
2018-05-16,6.29,6.34,6.26,6.3,33291645.0,279799534.0
2018-05-17,6.34,6.45,6.32,6.41,71338268.0,609026688.0
2018-05-18,6.4,6.44,6.35,6.44,38975298.0,332747359.0
2018-05-21,6.49,6.54,6.36,6.38,57161504.0,490466996.0
2018-05-22,6.39,6.48,6.34,6.45,33602184.0,287601846.0
2018-05-23,6.44,6.47,6.39,6.43,32290801.0,276978194.0
2018-05-24,6.42,6.44,6.32,6.32,30306486.0,256988276.0
2018-05-25,6.34,6.44,6.32,6.43,46203993.0,394450462.0
2018-05-28,6.44,6.56,6.44,6.55,64520705.0,560657069.0
2018-05-29,6.55,6.59,6.47,6.48,38908619.0,338372964.0
2018-05-30,6.41,6.44,6.26,6.32,52319844.0,442792112.0
2018-05-31,6.38,6.55,6.37,6.55,53685415.0,462656958.0
2018-06-01,6.5,6.62,6.48,6.5,64280225.0,560957476.0
2018-06-04,6.53,6.78,6.51,6.72,113571365.0,1013266593.0
2018-06-05,6.73,6.74,6.64,6.74,63381850.0,564845654.0
2018-06-06,6.71,6.77,6.66,6.67,59967710.0,536173050.0
2018-06-07,6.71,6.8,6.67,6.77,73595359.0,660140939.0
2018-06-08,6.77,6.77,6.57,6.64,69723662.0,617223601.0
2018-06-11,6.63,6.8,6.59,6.74,59827715.0,535947926.0
2018-06-12,6.74,7.42,6.74,7.29,299538888.0,2869506449.0
2018-06-13,7.25,7.41,7.22,7.31,166953626.0,1627777079.0
2018-06-14,7.33,7.35,7.03,7.09,146673047.0,1401261824.0
2018-06-15,7.13,7.24,6.98,7.14,124934078.0,1187463575.0
2018-06-19,7.05,7.05,6.6,6.65,152555519.0,1381424115.0
2018-06-20,6.71,6.8,6.56,6.65,91586902.0,817348797.0
2018-06-21,6.71,6.96,6.65,6.71,119638125.0,1085074005.0
2018-06-22,6.63,6.91,6.58,6.87,71237390.0,643819745.0
2018-06-25,6.93,6.95,6.62,6.64,89007112.0,798489543.0
2018-06-26,6.5,6.57,6.27,6.47,84669265.0,725814559.0
2018-06-27,6.53,6.71,6.47,6.53,74781284.0,656865254.0
2018-06-28,6.46,6.54,6.32,6.34,61091859.0,521854657.0
2018-06-29,6.41,6.59,6.35,6.56,56498277.0,489075495.0
2018-07-02,6.57,6.63,6.39,6.43,51367838.0,446428485.0
2018-07-03,6.45,6.47,6.08,6.33,94398226.0,783023465.0
2018-07-04,6.26,6.34,6.08,6.08,62113612.0,509247007.0
2018-07-05,6.09,6.14,5.84,5.96,60872668.0,485823142.0
2018-07-06,5.96,6.16,5.9,6.11,59166085.0,477259295.0
2018-07-09,6.15,6.26,6.12,6.2,50215077.0,415130314.0
2018-07-10,6.39,6.45,6.29,6.36,88602423.0,752040839.0
2018-07-11,6.21,6.41,6.17,6.39,58970466.0,498005842.0
2018-07-12,6.36,6.46,6.31,6.38,107023117.0,911348103.0
2018-07-13,6.4,6.42,6.33,6.38,53067304.0,450876180.0
2018-07-16,6.5,6.59,6.47,6.49,82882886.0,721664709.0
2018-07-17,6.5,6.5,6.41,6.49,32737654.0,281225111.0
2018-07-18,6.5,6.54,6.37,6.38,34929250.0,300437999.0
2018-07-19,6.38,6.43,6.28,6.32,30674963.0,259561798.0
2018-07-20,6.3,6.41,6.19,6.38,55949959.0,472602295.0
2018-07-23,6.35,6.43,6.28,6.4,61225105.0,519389907.0
2018-07-24,6.38,6.75,6.38,6.62,160278509.0,1420343510.0
2018-07-25,6.68,6.71,6.59,6.66,65575792.0,581620780.0
2018-07-26,6.71,6.78,6.61,6.63,56251579.0,502046560.0
2018-07-27,6.66,6.68,6.46,6.48,60624303.0,528812234.0
2018-07-30,6.51,6.63,6.5,6.56,49083872.0,429757026.0
2018-07-31,6.6,6.6,6.5,6.59,42678302.0,362026489.0
2018-08-01,6.65,6.77,6.57,6.6,59131863.0,512005814.0
2018-08-02,6.53,6.55,6.13,6.19,123651473.0,996501884.0
2018-08-03,6.16,6.18,5.98,5.98,61488376.0,484296647.0
2018-08-06,5.99,6.04,5.8,5.99,49742749.0,383313664.0
2018-08-07,5.99,6.24,5.93,6.2,47528168.0,374921931.0
2018-08-08,6.22,6.25,6.12,6.13,32556112.0,261040684.0
2018-08-09,6.15,6.28,6.12,6.25,29849175.0,241031023.0
2018-08-10,6.25,6.29,6.17,6.21,24688555.0,198553963.0
2018-08-13,6.12,6.15,6.03,6.13,34023460.0,267725045.0
2018-08-14,6.12,6.13,6.01,6.06,37513413.0,294049107.0
2018-08-15,6.08,6.09,5.9,5.93,34458363.0,266330254.0
2018-08-16,5.87,5.98,5.82,5.91,25225297.0,193078810.0
2018-08-17,5.97,5.99,5.78,5.79,29488804.0,223690204.0
2018-08-20,5.78,5.84,5.74,5.82,23559907.0,176617984.0
2018-08-21,5.82,5.95,5.8,5.93,23450627.0,179665032.0
2018-08-22,5.95,5.95,5.88,5.9,14828204.0,113321060.0
2018-08-23,5.91,5.94,5.77,5.83,29918872.0,226001949.0
2018-08-24,5.8,5.88,5.78,5.85,14783640.0,111793808.0
2018-08-27,5.85,6.0,5.85,6.0,34684827.0,267320035.0
2018-08-28,6.02,6.08,5.96,6.06,29129185.0,227397146.0
2018-08-29,6.09,6.12,5.99,6.04,25309797.0,197958184.0
2018-08-30,6.1,6.14,5.99,6.09,36770996.0,288213576.0
2018-08-31,6.12,6.26,6.09,6.18,67540519.0,541526485.0
2018-09-03,6.18,6.28,6.16,6.26,61852312.0,500956903.0
2018-09-04,6.24,6.27,6.16,6.22,38363272.0,308675573.0
2018-09-05,6.19,6.22,6.02,6.03,38977988.0,307581448.0
2018-09-06,6.01,6.07,5.88,5.91,34592070.0,267218382.0
2018-09-07,5.95,6.04,5.92,5.96,27135652.0,210212473.0
2018-09-10,5.97,5.97,5.88,5.88,29569831.0,226010083.0
2018-09-11,5.89,5.95,5.82,5.94,39481598.0,302219680.0
2018-09-12,5.96,6.05,5.93,6.02,32507260.0,252422350.0
2018-09-13,6.07,6.14,6.01,6.12,27402246.0,215269010.0
2018-09-14,6.16,6.25,6.13,6.21,38548154.0,309463984.0
2018-09-17,6.21,6.21,6.13,6.14,28125211.0,224754633.0
2018-09-18,6.12,6.24,6.09,6.23,30034740.0,240018260.0
2018-09-19,6.23,6.37,6.2,6.37,55995844.0,458430145.0
2018-09-20,6.37,6.41,6.33,6.35,34020395.0,280235841.0
2018-09-21,6.39,6.58,6.36,6.56,55830028.0,468961139.0
2018-09-25,6.49,6.54,6.45,6.51,27706045.0,233340598.0
2018-09-26,6.53,6.73,6.53,6.59,57972646.0,498673856.0
2018-09-27,6.61,6.66,6.53,6.59,35957849.0,307128383.0
2018-09-28,6.65,6.67,6.55,6.6,38977204.0,333210971.0
2018-10-08,6.49,6.56,6.42,6.45,55773582.0,469765229.0
2018-10-09,6.5,6.61,6.5,6.54,41672055.0,354134731.0
2018-10-10,6.57,6.67,6.54,6.56,36875225.0,314824148.0
2018-10-11,6.37,6.38,6.11,6.25,72223382.0,584312497.0
2018-10-12,6.18,6.3,6.04,6.26,45697523.0,366039268.0
2018-10-15,6.28,6.29,6.07,6.08,41200660.0,328249944.0
2018-10-16,6.09,6.13,5.97,6.01,36031175.0,280940709.0
2018-10-17,6.08,6.11,5.87,5.99,40602208.0,313207447.0
2018-10-18,5.94,6.02,5.91,5.95,37002810.0,285677437.0
2018-10-19,5.87,6.05,5.73,6.03,46493069.0,355299079.0
2018-10-22,6.07,6.39,6.05,6.32,56758968.0,457668649.0
2018-10-23,6.33,6.33,6.14,6.17,42650046.0,335534995.0
2018-10-24,6.12,6.21,6.08,6.09,29798980.0,231409885.0
2018-10-25,5.91,6.07,5.87,6.05,28888894.0,218573136.0
2018-10-26,6.09,6.23,6.08,6.13,25178515.0,195681424.0
2018-10-29,6.08,6.12,5.94,5.98,24493395.0,186200961.0
2018-10-30,5.96,6.06,5.87,5.96,32259030.0,243519895.0
2018-10-31,5.84,5.93,5.81,5.88,64400213.0,478975923.0
2018-11-01,5.92,6.03,5.88,5.91,58331834.0,438764569.0
2018-11-02,5.99,6.08,5.93,6.07,82096649.0,624141153.0
2018-11-05,6.06,6.06,5.91,5.97,59827041.0,453199073.0
2018-11-06,5.94,5.97,5.9,5.95,33662909.0,252837638.0
2018-11-07,5.96,5.99,5.92,5.94,34824637.0,262623844.0
2018-11-08,5.99,6.0,5.9,5.91,30287793.0,227948110.0
2018-11-09,5.89,5.91,5.84,5.85,30197156.0,224107010.0
2018-11-12,5.83,5.92,5.83,5.91,34081981.0,253822518.0
2018-11-13,5.84,5.96,5.84,5.95,48338813.0,361140062.0
2018-11-14,5.95,5.98,5.91,5.91,37667260.0,283206469.0
2018-11-15,5.92,5.96,5.91,5.95,43767035.0,328862455.0
2018-11-16,5.96,6.08,5.96,6.03,53287964.0,405940073.0
2018-11-19,6.03,6.07,6.0,6.07,41372761.0,316227296.0
2018-11-20,6.04,6.04,5.93,5.95,44443612.0,336314509.0
2018-11-21,5.88,5.97,5.87,5.93,23482122.0,176421577.0
2018-11-22,5.94,5.98,5.92,5.96,18007753.0,135670122.0
2018-11-23,5.96,5.98,5.86,5.87,28051246.0,209566236.0
2018-11-26,5.86,5.94,5.85,5.88,21739742.0,162236182.0
2018-11-27,5.91,5.91,5.86,5.88,17217193.0,128224966.0
2018-11-28,5.87,5.95,5.86,5.95,19378423.0,145100442.0
2018-11-29,5.97,5.99,5.89,5.9,21097405.0,159054377.0
2018-11-30,5.92,5.97,5.89,5.94,19612385.0,147518276.0
2018-12-03,6.04,6.12,5.99,6.07,59298736.0,456107678.0
2018-12-04,6.1,6.19,6.08,6.12,42781582.0,332313881.0
2018-12-05,6.04,6.11,6.03,6.07,26151821.0,201187700.0
2018-12-06,6.05,6.06,5.99,6.0,21826270.0,166528465.0
2018-12-07,6.01,6.06,6.01,6.02,14316054.0,109381500.0
2018-12-10,5.99,6.02,5.92,5.93,19902112.0,150171251.0
2018-12-11,5.97,5.99,5.94,5.96,12683414.0,95718846.0
2018-12-12,5.99,6.0,5.95,5.99,15020859.0,113713226.0
2018-12-13,6.0,6.13,5.99,6.1,30627717.0,236145679.0
2018-12-14,6.1,6.14,6.07,6.08,32345593.0,250140921.0
2018-12-17,6.06,6.21,6.06,6.21,43078331.0,336085384.0
2018-12-18,6.14,6.25,6.12,6.17,33793630.0,264095552.0
2018-12-19,6.18,6.28,6.17,6.19,34821110.0,274135391.0
2018-12-20,6.15,6.21,6.08,6.14,28635206.0,222860132.0
2018-12-21,6.13,6.17,6.1,6.17,31715739.0,246834230.0
2018-12-24,6.16,6.18,6.08,6.13,22055622.0,171278752.0
2018-12-25,6.1,6.1,5.97,6.05,25802095.0,196993020.0
2018-12-26,6.06,6.08,5.96,6.0,21494513.0,163360251.0
2018-12-27,6.08,6.12,6.02,6.03,34330770.0,264119309.0
2018-12-28,6.05,6.11,6.04,6.08,30762567.0,236912854.0
2019-01-02,6.11,6.12,5.96,5.97,21615670.0,164557628.0
2019-01-03,5.99,6.02,5.87,5.91,27300830.0,205390575.0
2019-01-04,5.87,6.02,5.85,6.01,20415413.0,154030304.0
2019-01-07,6.05,6.08,6.0,6.05,30996428.0,236955426.0
2019-01-08,6.06,6.06,6.0,6.05,16094218.0,122995785.0
2019-01-09,6.1,6.24,6.08,6.13,45172968.0,354012679.0
2019-01-10,6.15,6.22,6.11,6.18,25481535.0,199378024.0
2019-01-11,6.18,6.25,6.14,6.24,29177923.0,229582589.0
2019-01-14,6.25,6.43,6.25,6.33,49467587.0,397664991.0
2019-01-15,6.32,6.44,6.29,6.41,35426063.0,286999641.0
2019-01-16,6.42,6.45,6.32,6.41,41382424.0,334274655.0
2019-01-17,6.4,6.56,6.39,6.51,54650835.0,450270107.0
2019-01-18,6.55,6.55,6.44,6.5,34939395.0,286961670.0
2019-01-21,6.51,6.56,6.5,6.53,29721551.0,245914306.0
2019-01-22,6.51,6.55,6.44,6.48,34729545.0,285672955.0
2019-01-23,6.51,6.63,6.51,6.58,39677672.0,330981315.0
2019-01-24,6.59,6.6,6.48,6.58,26729943.0,222109196.0
2019-01-25,6.61,6.91,6.59,6.79,72806471.0,625375373.0
2019-01-28,6.84,6.99,6.72,6.76,55913957.0,482081294.0
2019-01-29,6.77,6.96,6.68,6.95,57819223.0,501360996.0
2019-01-30,6.89,6.95,6.81,6.89,37342298.0,325549880.0
2019-01-31,6.93,7.02,6.89,6.99,52076786.0,458402999.0
2019-02-01,7.04,7.09,6.96,7.08,45998451.0,410826972.0
2019-02-11,7.16,7.24,7.08,7.15,48613990.0,439219110.0
2019-02-12,7.16,7.5,7.09,7.38,70589388.0,656163711.0
2019-02-13,7.4,7.44,7.36,7.41,43450971.0,406933207.0
2019-02-14,7.41,7.46,7.34,7.42,36992086.0,347224505.0
2019-02-15,7.39,7.4,7.03,7.07,100344059.0,910087141.0
2019-02-18,7.12,7.77,7.12,7.68,123495127.0,1171770182.0
2019-02-19,7.68,7.8,7.51,7.59,70066305.0,675695114.0
2019-02-20,7.57,7.64,7.43,7.55,63240512.0,603350499.0
2019-02-21,7.5,7.61,7.46,7.53,64575143.0,617315111.0
2019-02-22,7.46,7.53,7.27,7.5,69470334.0,651196148.0
2019-02-25,7.5,7.94,7.5,7.83,138398674.0,1366229720.0
2019-02-26,7.82,7.83,7.57,7.58,90249899.0,879126858.0
2019-02-27,7.58,7.72,7.35,7.49,77341372.0,740256277.0
2019-02-28,7.5,7.56,7.44,7.55,48496580.0,460824883.0
2019-03-01,7.6,7.94,7.57,7.92,103301922.0,1020149968.0
2019-03-04,7.96,8.66,7.85,8.41,170207494.0,1796992661.0
2019-03-05,8.29,8.8,8.23,8.61,119844472.0,1303406691.0
2019-03-06,8.57,8.65,8.35,8.47,102388686.0,1094977168.0
2019-03-07,8.36,8.45,8.16,8.32,99976304.0,1049276494.0
2019-03-08,8.07,8.27,8.02,8.13,86805357.0,894727052.0
2019-03-11,8.14,8.36,8.12,8.24,74813224.0,780205900.0
2019-03-12,8.25,8.49,8.17,8.29,81393814.0,856885447.0
2019-03-13,8.28,8.28,8.06,8.08,60025999.0,617986626.0
2019-03-14,8.05,8.27,7.99,8.04,53146716.0,546153907.0
2019-03-15,8.09,8.49,8.05,8.43,97046084.0,1026105841.0
2019-03-18,8.67,9.08,8.57,9.03,146157287.0,1632601599.0
2019-03-19,9.0,9.04,8.8,8.85,87941587.0,990133242.0
2019-03-20,8.89,9.51,8.89,9.27,127959351.0,1498382431.0
2019-03-21,9.21,9.34,9.06,9.29,97607170.0,1138203216.0
2019-03-22,9.29,9.29,9.0,9.16,59842867.0,691444442.0
2019-03-25,8.96,9.03,8.77,8.84,92810679.0,1045312833.0
2019-03-26,8.95,9.11,8.8,8.88,77613035.0,877208521.0
2019-03-27,9.04,9.29,8.97,9.29,113885422.0,1321935860.0
2019-03-28,9.16,9.24,9.01,9.03,61557770.0,709635555.0
2019-03-29,9.03,9.51,8.88,9.36,121895359.0,1430855673.0
2019-04-01,9.5,9.75,9.46,9.62,98624839.0,1198568109.0
2019-04-02,9.71,10.08,9.52,9.92,110428635.0,1373685810.0
2019-04-03,9.8,10.04,9.76,9.95,60267341.0,756135237.0
2019-04-04,10.0,10.61,10.0,10.47,114308109.0,1500979780.0
2019-04-08,10.49,11.52,10.49,11.46,184414399.0,2578512654.0
2019-04-09,11.33,11.33,10.79,10.94,164084117.0,2281866371.0
2019-04-10,10.82,11.25,10.78,10.94,122222871.0,1707056120.0
2019-04-11,10.87,11.01,10.36,10.42,121257626.0,1633476376.0
2019-04-12,10.46,10.86,10.42,10.58,101633095.0,1365564424.0
2019-04-15,10.86,10.93,10.16,10.21,144681375.0,1923072701.0
2019-04-16,10.21,10.54,10.11,10.54,99167340.0,1295127498.0
2019-04-17,10.53,11.37,10.38,11.02,170240175.0,2344692308.0
2019-04-18,11.02,11.02,10.6,10.65,111097536.0,1510460797.0
2019-04-19,10.57,11.05,10.53,10.88,103315881.0,1418065597.0
2019-04-22,10.94,10.97,10.43,10.58,111300966.0,1502583867.0
2019-04-23,10.5,10.53,10.23,10.34,78476688.0,1029916568.0
2019-04-24,10.44,10.61,10.27,10.5,73896614.0,977968363.0
2019-04-25,10.36,10.4,9.63,9.67,154418889.0,1957095564.0
2019-04-26,9.7,9.83,9.52,9.56,115891618.0,1415737781.0
2019-04-29,9.77,9.9,9.59,9.71,99937015.0,1234247524.0
2019-04-30,9.75,9.86,9.59,9.75,56824050.0,700555303.0
2019-05-06,9.29,9.36,8.8,8.96,137813338.0,1584884913.0
2019-05-07,9.07,9.39,9.01,9.39,121912626.0,1428943006.0
2019-05-08,9.15,9.48,9.09,9.2,84085565.0,986246249.0
2019-05-09,9.09,9.27,8.96,8.99,67378176.0,775197091.0
2019-05-10,9.15,9.6,8.92,9.59,113953727.0,1348846334.0
2019-05-13,9.42,9.71,9.33,9.42,82604299.0,993731422.0
2019-05-14,9.31,9.52,9.26,9.32,66936911.0,794297917.0
2019-05-15,9.44,9.62,9.34,9.53,78582905.0,943680194.0
2019-05-16,9.54,9.54,9.38,9.47,58496258.0,700367951.0
2019-05-17,9.48,9.52,8.88,9.0,89045200.0,1032445046.0
2019-05-20,8.88,8.92,8.58,8.8,85256882.0,941818057.0
2019-05-21,8.81,9.12,8.8,9.03,66018566.0,752476693.0
2019-05-22,9.03,9.2,8.96,9.03,50051799.0,575351462.0
2019-05-23,8.99,8.99,8.74,8.83,54427408.0,610545008.0
2019-05-24,8.88,9.21,8.83,9.08,75515723.0,863873890.0
2019-05-27,9.33,9.6,9.29,9.47,137077097.0,1639256435.0
2019-05-28,9.32,9.53,9.25,9.48,94150562.0,1120730648.0
2019-05-29,9.36,9.38,9.25,9.3,64600549.0,761269042.0
2019-05-30,9.3,9.59,9.12,9.52,92531716.0,1096321716.0
2019-05-31,9.52,9.52,9.22,9.24,72791185.0,861836064.0
2019-06-03,9.21,9.3,9.05,9.1,56105643.0,651102576.0
2019-06-04,9.13,9.14,8.91,9.04,48261349.0,548997272.0
2019-06-05,9.16,9.2,8.92,8.92,45283253.0,518222342.0
2019-06-06,8.92,9.02,8.84,8.97,43407957.0,492172660.0
2019-06-10,9.04,9.31,9.02,9.29,56148252.0,654815650.0
2019-06-11,9.33,9.91,9.32,9.84,114089557.0,1395565454.0
2019-06-12,9.76,9.97,9.72,9.79,66858224.0,833041655.0
2019-06-13,9.73,9.97,9.62,9.83,75545214.0,939916653.0
2019-06-14,9.82,9.89,9.56,9.59,53460132.0,656905865.0
2019-06-17,9.59,9.81,9.57,9.63,40974659.0,502358019.0
2019-06-18,9.64,9.73,9.47,9.59,43639663.0,529150669.0
2019-06-19,9.94,9.97,9.64,9.64,65016485.0,805334278.0
2019-06-20,9.67,10.06,9.61,10.04,101436982.0,1271627364.0
2019-06-21,9.99,10.15,9.88,9.95,78452722.0,991534487.0
2019-06-24,9.94,9.97,9.83,9.9,46593511.0,583339076.0
2019-06-25,9.91,9.92,9.54,9.7,75627481.0,925661446.0
2019-06-26,9.63,9.78,9.57,9.67,39932435.0,489114191.0
2019-06-27,9.73,9.91,9.69,9.71,60006253.0,743360818.0
2019-06-28,9.66,9.82,9.66,9.71,43280844.0,532556294.0
2019-07-01,9.87,10.23,9.8,10.18,101787878.0,1291294805.0
2019-07-02,10.14,10.14,9.88,9.97,80313860.0,1016900892.0
2019-07-03,9.95,9.98,9.73,9.8,62155320.0,773276805.0
2019-07-04,9.83,9.91,9.75,9.9,47586655.0,591595277.0
2019-07-05,9.89,9.9,9.79,9.86,30956053.0,386130623.0
2019-07-08,9.83,9.83,9.29,9.33,97359449.0,1169161244.0
2019-07-09,9.4,9.5,9.35,9.42,40092739.0,478511793.0
2019-07-10,9.42,9.48,9.35,9.38,32378907.0,386171691.0
2019-07-11,9.46,9.54,9.25,9.35,33747961.0,401792589.0
2019-07-12,9.37,9.48,9.29,9.44,31091881.0,370382214.0
2019-07-15,9.42,9.67,9.27,9.63,48752384.0,587697838.0
2019-07-16,9.62,9.76,9.58,9.65,33206887.0,406474880.0
2019-07-17,9.65,9.78,9.59,9.73,32295359.0,397506020.0
2019-07-18,9.67,9.71,9.52,9.53,35154331.0,426880123.0
2019-07-19,9.7,10.01,9.69,9.9,94679795.0,1187008393.0
2019-07-22,9.93,10.04,9.78,9.86,62634139.0,786201556.0
2019-07-23,9.87,9.91,9.72,9.82,44065590.0,546439387.0
2019-07-24,9.89,10.01,9.82,9.89,54206809.0,681793730.0
2019-07-25,9.86,9.97,9.83,9.9,36631168.0,459104901.0
2019-07-26,9.85,9.93,9.79,9.92,35185162.0,439280092.0
2019-07-29,9.91,9.93,9.83,9.93,36036763.0,451075127.0
2019-07-30,9.96,10.06,9.89,9.99,50856680.0,642719836.0
2019-07-31,10.01,10.01,9.8,9.83,44814703.0,547134745.0
2019-08-01,9.78,9.79,9.59,9.59,56388988.0,674457789.0
2019-08-02,9.26,9.52,9.21,9.47,48880417.0,569641524.0
2019-08-05,9.38,9.47,9.19,9.2,42526050.0,490440197.0
2019-08-06,8.89,9.03,8.73,8.96,63986978.0,704450294.0
2019-08-07,9.02,9.08,8.92,8.92,28776011.0,320002531.0
2019-08-08,8.97,9.11,8.94,9.07,31501982.0,352114125.0
2019-08-09,9.09,9.17,8.96,8.97,27232057.0,305453906.0
2019-08-12,8.96,9.17,8.95,9.17,26032422.0,292409785.0
2019-08-13,9.04,9.08,8.86,8.92,37000045.0,410034718.0
2019-08-14,9.04,9.1,8.85,8.87,36944194.0,409453718.0
2019-08-15,8.64,8.79,8.6,8.79,42381782.0,456451987.0
2019-08-16,8.77,8.96,8.74,8.84,34777347.0,382987903.0
2019-08-19,8.96,9.07,8.88,9.06,46291050.0,515734390.0
2019-08-20,9.07,9.13,9.02,9.08,40270420.0,453023875.0
2019-08-21,9.04,9.06,8.91,8.96,29776318.0,331402809.0
2019-08-22,8.98,9.0,8.87,8.93,25190567.0,278352832.0
2019-08-23,8.96,9.12,8.92,9.03,45851191.0,513076157.0
2019-08-26,8.8,8.98,8.76,8.92,40810175.0,449324939.0
2019-08-27,9.0,9.19,8.97,9.02,59653147.0,671752284.0
2019-08-28,9.06,9.15,8.99,9.04,37452851.0,419390237.0
2019-08-29,9.04,9.11,8.9,9.11,46090806.0,514869705.0
2019-08-30,9.23,9.59,9.21,9.35,98558178.0,1146668284.0
2019-09-02,9.32,9.49,9.31,9.43,55859283.0,651150567.0
2019-09-03,9.45,9.47,9.2,9.29,57093692.0,656503838.0
2019-09-04,9.25,9.42,9.18,9.38,45996211.0,531435609.0
2019-09-05,9.55,9.79,9.5,9.64,91299238.0,1095671932.0
2019-09-06,9.72,9.89,9.71,9.85,63365717.0,769817389.0
2019-09-09,9.95,10.03,9.8,9.91,53569099.0,656051234.0
2019-09-10,9.88,9.97,9.81,9.84,42056935.0,514209296.0
2019-09-11,9.89,10.01,9.84,9.93,44092428.0,541579177.0
2019-09-12,9.95,9.97,9.76,9.88,31063863.0,378613542.0
2019-09-16,9.89,9.91,9.69,9.75,37535070.0,453813054.0
2019-09-17,9.76,9.76,9.42,9.51,43238810.0,510815994.0
2019-09-18,9.52,9.59,9.48,9.54,24338917.0,286999688.0
2019-09-19,9.56,9.57,9.31,9.45,30847828.0,359339080.0
2019-09-20,9.49,9.6,9.43,9.55,37425658.0,440998891.0
2019-09-23,9.5,9.5,9.31,9.4,31387666.0,364131165.0
2019-09-24,9.43,9.55,9.41,9.43,25514217.0,299235244.0
2019-09-25,9.4,9.43,9.27,9.35,26310019.0,304303381.0
2019-09-26,9.37,9.39,9.08,9.08,37695580.0,428818696.0
2019-09-27,9.08,9.17,9.07,9.15,24342816.0,274950700.0
2019-09-30,9.15,9.17,9.05,9.06,24504259.0,276171769.0
2019-10-08,9.05,9.13,8.96,8.97,33468043.0,374067458.0
2019-10-09,8.91,9.08,8.91,9.07,26365717.0,293983166.0
2019-10-10,9.04,9.33,9.04,9.25,42689061.0,488222647.0
2019-10-11,9.37,9.65,9.37,9.59,74928448.0,884207902.0
2019-10-14,9.67,9.92,9.64,9.86,77654316.0,944011802.0
2019-10-15,9.93,9.95,9.67,9.74,44604464.0,538192697.0
2019-10-16,9.8,9.89,9.7,9.76,37234715.0,451283279.0
2019-10-17,9.85,9.86,9.69,9.76,26154842.0,315852815.0
2019-10-18,9.81,9.83,9.5,9.58,36068502.0,429562362.0
2019-10-21,9.61,9.64,9.46,9.54,27258526.0,322018866.0
2019-10-22,9.58,9.59,9.46,9.55,23965098.0,282410200.0
2019-10-23,9.54,9.59,9.5,9.53,22708244.0,268474327.0
2019-10-24,9.54,9.6,9.47,9.51,19320118.0,228026653.0
2019-10-25,9.57,9.86,9.54,9.84,42927912.0,511593879.0
2019-10-28,9.87,9.92,9.73,9.82,35497424.0,425069307.0
2019-10-29,9.82,9.83,9.62,9.64,28533132.0,338184506.0
2019-10-30,9.6,9.88,9.5,9.86,42652561.0,506601289.0
2019-10-31,9.86,9.88,9.41,9.46,77329380.0,901043862.0
2019-11-01,9.45,10.39,9.42,10.38,160732771.0,1974124709.0
2019-11-04,10.45,10.73,10.45,10.63,133694935.0,1735013053.0
2019-11-05,10.59,10.84,10.49,10.68,91175625.0,1192433406.0
2019-11-06,10.64,10.7,10.45,10.47,58398091.0,752991720.0
2019-11-07,10.54,10.66,10.45,10.52,43344812.0,558081439.0
2019-11-08,10.63,10.76,10.37,10.45,68867149.0,889121815.0
2019-11-11,10.32,10.55,10.3,10.38,57232969.0,729244481.0
2019-11-12,10.45,10.46,10.15,10.4,46481137.0,584781851.0
2019-11-13,10.31,10.35,10.16,10.32,32492016.0,408267730.0
2019-11-14,10.32,10.45,10.27,10.31,32080835.0,405880642.0
2019-11-15,10.3,10.43,10.1,10.21,33709123.0,422311669.0
2019-11-18,10.17,10.7,10.15,10.69,76845546.0,989164637.0
2019-11-19,10.64,10.67,10.54,10.67,57756802.0,748700672.0
2019-11-20,10.67,10.67,10.39,10.45,45815302.0,588898736.0
2019-11-21,10.38,10.42,10.31,10.41,24849375.0,314509370.0
2019-11-22,10.37,10.66,10.35,10.46,50588784.0,649287986.0
2019-11-25,10.67,10.99,10.63,10.94,105366334.0,1399279450.0
2019-11-26,10.94,10.99,10.76,10.94,62866999.0,837693664.0
2019-11-27,10.91,11.09,10.85,10.92,52222096.0,700154772.0
2019-11-28,10.84,10.86,10.69,10.74,39441577.0,518519496.0
2019-11-29,10.71,10.81,10.62,10.79,36131855.0,473329117.0
2019-12-02,10.87,11.09,10.81,10.89,48768676.0,650885505.0
2019-12-03,10.8,11.12,10.74,11.1,48509168.0,651434134.0
2019-12-04,11.1,11.15,10.9,10.99,37993403.0,511596939.0
2019-12-05,11.03,11.49,11.02,11.41,74369572.0,1030240842.0
2019-12-06,11.37,11.49,11.33,11.48,39574087.0,552981800.0
2019-12-09,11.53,11.6,11.38,11.46,44910111.0,630248520.0
2019-12-10,11.4,11.49,11.35,11.46,38766517.0,541378127.0
2019-12-11,11.44,11.68,11.28,11.31,49987336.0,698309226.0
2019-12-12,11.35,11.66,11.35,11.6,49323555.0,696874139.0
2019-12-13,11.72,11.82,11.63,11.7,48325192.0,691651533.0
2019-12-16,11.78,12.16,11.72,12.02,62238673.0,910530138.0
2019-12-17,12.02,12.13,11.88,12.06,42595550.0,626041111.0
2019-12-18,12.02,12.2,11.9,11.98,41243718.0,607877248.0
2019-12-19,12.02,12.03,11.88,11.99,33496256.0,489250262.0
2019-12-20,12.0,12.06,11.9,11.95,26279357.0,384888480.0
2019-12-23,11.94,12.25,11.86,12.08,38142528.0,564959872.0
2019-12-24,12.03,12.49,12.03,12.42,56932163.0,859648188.0
2019-12-25,12.39,12.69,12.36,12.51,53250953.0,816211416.0
2019-12-26,12.47,12.56,12.34,12.49,33656249.0,511619565.0
2019-12-27,12.56,12.74,12.45,12.56,45648471.0,701808954.0
2019-12-30,12.51,12.83,12.47,12.8,45895568.0,712860978.0
2019-12-31,12.8,13.0,12.7,12.99,46530909.0,730941606.0
2020-01-02,13.12,13.6,13.1,13.22,83649648.0,1361986149.0
2020-01-03,13.22,13.46,13.15,13.43,48771287.0,792331306.0
2020-01-06,13.25,13.65,12.15,12.42,185106807.0,2904243550.0
2020-01-07,12.52,12.88,12.41,12.51,122751860.0,1889526306.0
2020-01-08,12.51,12.64,11.95,12.08,128448562.0,1918128557.0
2020-01-09,12.27,12.33,12.03,12.24,71099628.0,1059285719.0
2020-01-10,12.29,12.33,12.06,12.22,59787776.0,890636815.0
2020-01-13,12.17,12.24,11.97,12.21,61341103.0,907746309.0
2020-01-14,12.19,12.25,11.84,11.88,99620774.0,1461923519.0
2020-01-15,11.88,12.04,11.77,12.0,55941216.0,815101633.0
2020-01-16,11.98,11.98,11.61,11.69,85810320.0,1233686945.0
2020-01-17,11.77,12.2,11.75,12.03,105695767.0,1552955756.0
2020-01-20,12.11,12.13,11.76,11.87,83112399.0,1204511831.0
2020-01-21,11.88,11.88,11.49,11.66,66933254.0,951910532.0
2020-01-22,11.6,11.82,11.57,11.74,43615503.0,626023559.0
2020-01-23,11.64,11.64,10.92,11.07,110121469.0,1513047080.0
2020-02-03,9.96,10.22,9.96,9.96,129481118.0,1581433175.0
2020-02-04,9.87,10.53,9.86,10.49,115622672.0,1460971258.0
2020-02-05,10.63,11.03,10.63,10.85,101813353.0,1351242416.0
2020-02-06,11.03,11.03,10.69,10.93,73778437.0,977699418.0
2020-02-07,10.84,10.92,10.72,10.91,50311858.0,664956783.0
2020-02-10,10.86,11.48,10.67,11.44,101804319.0,1393498052.0
2020-02-11,11.48,11.89,11.37,11.68,93296544.0,1334578008.0
2020-02-12,11.53,11.84,11.44,11.69,70516923.0,1005189500.0
2020-02-13,11.7,11.97,11.65,11.81,75591184.0,1094431094.0
2020-02-14,11.78,11.9,11.56,11.7,55630211.0,797444282.0
2020-02-17,11.65,12.11,11.64,12.11,76427576.0,1117626641.0
2020-02-18,12.06,12.06,11.68,11.89,85188045.0,1234762869.0
2020-02-19,11.81,11.96,11.71,11.72,50725163.0,731976191.0
2020-02-20,11.78,12.15,11.66,12.09,83936513.0,1226224349.0
2020-02-21,11.97,12.38,11.95,12.2,91507454.0,1366600289.0
2020-02-24,12.09,12.14,11.79,11.93,89998975.0,1315115193.0
2020-02-25,11.68,11.73,11.29,11.59,119565107.0,1691251113.0
2020-02-26,11.38,11.75,11.31,11.57,71651579.0,1014406880.0
2020-02-27,11.61,12.56,11.61,12.37,174354823.0,2606787754.0
2020-02-28,12.02,12.24,11.66,11.72,124469166.0,1815724973.0
2020-03-02,11.83,12.64,11.75,12.51,128220297.0,1943156845.0
2020-03-03,12.54,12.91,12.15,12.32,117855264.0,1791998313.0
2020-03-04,12.17,12.5,12.13,12.45,75969694.0,1145470802.0
2020-03-05,12.46,12.63,12.35,12.48,69960143.0,1067562470.0
2020-03-06,12.29,12.38,12.14,12.15,61677174.0,920189531.0
2020-03-09,11.9,12.1,11.61,11.62,81972670.0,1182958501.0
2020-03-10,11.43,12.01,11.41,11.86,62869139.0,899424157.0
2020-03-11,11.89,11.92,11.67,11.68,38421049.0,553208084.0
2020-03-12,11.48,11.62,11.29,11.35,48188782.0,671768763.0
2020-03-13,10.63,11.44,10.55,11.15,72985732.0,977526562.0
2020-03-16,11.12,11.2,10.42,10.46,74897743.0,984169543.0
2020-03-17,10.47,10.63,9.91,10.39,67628042.0,850652818.0
2020-03-18,10.46,10.75,10.17,10.2,70481512.0,905236850.0
2020-03-19,10.18,10.27,9.77,10.02,68504113.0,836576600.0
2020-03-20,10.14,10.37,10.0,10.31,56146012.0,700208139.0
2020-03-23,9.82,10.04,9.78,9.82,53777146.0,649509945.0
2020-03-24,10.03,10.18,9.86,10.15,58313273.0,716632571.0
2020-03-25,10.54,10.68,10.44,10.55,62587160.0,807744435.0
2020-03-26,10.45,10.6,10.4,10.49,29410597.0,377991830.0
2020-03-27,10.29,10.55,9.56,10.32,162441227.0,1981923400.0
2020-03-30,9.98,10.04,9.78,9.86,83395805.0,1007821927.0
2020-03-31,9.98,10.04,9.76,9.78,50865524.0,613991425.0
2020-04-01,9.98,10.43,9.87,10.13,110154761.0,1369754052.0
2020-04-02,10.11,10.36,10.02,10.35,44826967.0,560556704.0
2020-04-03,10.36,10.61,10.33,10.41,53672482.0,687243419.0
2020-04-07,10.54,10.9,10.54,10.74,68555357.0,900624990.0
2020-04-08,10.65,10.8,10.65,10.7,34912698.0,457533541.0
2020-04-09,10.77,10.87,10.72,10.82,37150761.0,490411731.0
2020-04-10,10.78,10.88,10.55,10.78,45404611.0,596703965.0
2020-04-13,10.67,11.16,10.64,11.03,54815976.0,735505605.0
2020-04-14,11.1,11.13,10.86,11.02,49638097.0,666558266.0
2020-04-15,11.05,11.08,10.8,10.97,40442633.0,541151492.0
2020-04-16,10.89,11.0,10.81,10.95,26760613.0,356756951.0
2020-04-17,11.08,11.18,10.94,11.0,49094138.0,664417431.0
2020-04-20,11.12,11.17,10.95,11.02,33423885.0,450608865.0
2020-04-21,10.96,10.97,10.68,10.84,43206279.0,570440214.0
2020-04-22,10.76,11.0,10.72,10.98,30594775.0,407590589.0
2020-04-23,11.02,11.07,10.76,10.76,32130642.0,426412763.0
2020-04-24,10.85,11.04,10.67,10.72,37260302.0,493581449.0
2020-04-27,10.68,10.73,10.42,10.56,38606984.0,500292574.0
2020-04-28,10.65,10.71,10.34,10.49,41931154.0,539542577.0
2020-04-29,10.51,10.67,10.36,10.64,39404680.0,507070974.0
2020-04-30,10.78,11.12,10.77,10.96,57198688.0,769875930.0
2020-05-06,11.03,11.78,11.03,11.72,105625408.0,1490225936.0
2020-05-07,11.73,11.81,11.53,11.68,55554710.0,793961517.0
2020-05-08,11.77,11.82,11.68,11.76,44665898.0,641909344.0
2020-05-11,11.84,11.97,11.64,11.77,47504771.0,686005043.0
2020-05-12,11.77,11.79,11.57,11.63,38227313.0,544321107.0
2020-05-13,11.62,11.67,11.52,11.63,32302296.0,457212219.0
2020-05-14,11.56,11.59,11.39,11.41,33793600.0,473619049.0
2020-05-15,11.45,11.5,11.25,11.26,37185966.0,514467494.0
2020-05-18,11.34,11.5,11.25,11.28,44737235.0,620839015.0
2020-05-19,11.46,11.66,11.33,11.43,39572920.0,555418778.0
2020-05-20,11.37,11.47,11.29,11.37,28276613.0,392676503.0
2020-05-21,11.41,11.43,11.12,11.18,31902349.0,437091494.0
2020-05-22,11.18,11.21,10.74,10.87,41539626.0,554442396.0
2020-05-25,10.89,10.94,10.69,10.73,33086220.0,434484537.0
2020-05-26,10.86,10.9,10.64,10.81,48601260.0,637950157.0
2020-05-27,10.74,10.77,10.63,10.63,36014790.0,470096077.0
2020-05-28,10.66,10.99,10.6,10.81,47617207.0,628296083.0
2020-05-29,10.75,10.88,10.6,10.67,40224915.0,527161538.0
2020-06-01,10.74,11.05,10.74,11.03,47872720.0,640877082.0
2020-06-02,11.12,11.23,10.91,10.99,51265885.0,692232632.0
2020-06-03,11.13,11.53,11.08,11.39,72855049.0,1010363282.0
2020-06-04,11.45,11.5,11.21,11.35,36796498.0,509638633.0
2020-06-05,11.35,11.39,11.04,11.23,35202032.0,480871213.0
2020-06-08,11.32,11.43,11.18,11.23,34008925.0,468821425.0
2020-06-09,11.29,11.61,11.16,11.61,77750275.0,1095936875.0
2020-06-10,11.6,11.6,11.38,11.45,40376648.0,564462160.0
2020-06-11,11.48,11.6,11.15,11.21,54147335.0,751141296.0
2020-06-12,10.96,11.19,10.9,11.19,43677620.0,590497570.0
2020-06-15,11.09,11.16,10.88,10.93,41488676.0,559140193.0
2020-06-16,11.08,11.11,10.94,11.07,36454183.0,491765341.0
2020-06-17,11.03,11.03,10.88,10.94,38909100.0,519994344.0
2020-06-18,10.94,11.12,10.88,11.12,41709700.0,562208404.0
2020-06-19,11.11,11.23,11.06,11.21,43406922.0,592062704.0
2020-06-22,11.22,11.26,10.92,10.97,59896507.0,808748680.0
2020-06-23,11.0,11.01,10.78,10.83,49570821.0,657283785.0
2020-06-24,10.89,11.1,10.87,11.08,52538546.0,707734260.0
2020-06-29,11.01,11.19,10.9,11.05,48800738.0,661608953.0
2020-06-30,11.19,11.32,11.09,11.22,48125195.0,658029980.0
2020-07-01,11.24,11.43,11.15,11.43,61690279.0,855507072.0
2020-07-02,11.49,12.23,11.48,12.05,129642562.0,1897902629.0
2020-07-03,12.31,12.51,12.18,12.42,106570604.0,1613985098.0
2020-07-06,12.54,12.72,12.39,12.69,98498069.0,1518185058.0
2020-07-07,12.81,12.92,12.43,12.56,95071450.0,1471147489.0
2020-07-08,12.47,12.74,12.43,12.7,66036663.0,1017862212.0
2020-07-09,12.85,13.01,12.6,12.85,68970501.0,1081400501.0
2020-07-10,12.76,12.98,12.47,12.54,77930545.0,1211462397.0
2020-07-13,12.57,13.07,12.57,13.07,82132063.0,1296722589.0
2020-07-14,13.05,13.33,12.91,13.28,95016012.0,1527479618.0
2020-07-15,13.33,13.55,13.14,13.28,87427221.0,1424069252.0
2020-07-16,13.29,13.73,12.78,12.87,106001664.0,1720586117.0
2020-07-17,13.08,13.23,12.83,13.03,64345105.0,1025523166.0
2020-07-20,13.17,14.05,13.17,14.03,104956418.0,1768006022.0
2020-07-21,14.05,14.23,13.82,14.11,78301409.0,1343300770.0
2020-07-22,14.04,14.15,13.82,13.91,53235647.0,910048571.0
2020-07-23,13.77,14.03,13.41,13.77,62502762.0,1047246306.0
2020-07-24,13.68,13.87,13.21,13.22,60716396.0,999600379.0
2020-07-27,13.46,13.79,13.16,13.32,55198297.0,907292490.0
2020-07-28,13.5,13.69,13.15,13.26,43355472.0,709064966.0
2020-07-29,13.31,13.62,13.1,13.58,49500834.0,812579089.0
2020-07-30,13.55,13.63,13.19,13.27,51245041.0,834585321.0
2020-07-31,13.28,13.44,12.89,13.24,55616260.0,895538555.0
2020-08-03,13.46,14.05,13.46,13.9,70338089.0,1193489279.0
2020-08-04,13.92,14.01,13.71,13.92,45614790.0,774997533.0
2020-08-05,13.92,13.95,13.55,13.66,41316638.0,689253914.0
2020-08-06,13.7,13.73,13.26,13.42,40345930.0,663570827.0
2020-08-07,13.42,13.48,13.07,13.42,37129966.0,603062347.0
2020-08-10,13.33,13.46,13.07,13.37,37179007.0,602847735.0
2020-08-11,13.41,13.56,13.1,13.13,28057174.0,457515715.0
2020-08-12,13.14,13.21,12.47,12.84,52442957.0,818870782.0
2020-08-13,12.99,13.22,12.73,12.81,33906757.0,535627217.0
2020-08-14,12.8,13.06,12.74,13.02,32671665.0,514476898.0
2020-08-17,13.06,13.38,13.03,13.28,49225223.0,796447583.0
2020-08-18,13.28,13.36,13.09,13.31,26058086.0,419173994.0
2020-08-19,13.32,13.36,12.92,12.97,33193786.0,525526668.0
2020-08-20,12.89,13.05,12.61,12.77,24799463.0,386034002.0
2020-08-21,12.98,12.99,12.59,12.69,45807369.0,705895102.0
2020-08-24,12.76,13.16,12.72,13.04,49513170.0,781808797.0
2020-08-25,13.19,13.26,12.88,12.97,29874218.0,471970495.0
2020-08-26,12.95,13.05,12.64,12.7,30852994.0,479365794.0
2020-08-27,12.79,12.83,12.57,12.76,25938583.0,399514410.0
2020-08-28,12.48,12.48,11.92,12.29,114170431.0,1677359732.0
2020-08-31,12.25,12.52,12.19,12.22,60879162.0,912297665.0
2020-09-01,12.3,12.37,12.09,12.25,53475306.0,791817530.0
2020-09-02,12.35,12.54,12.19,12.4,50193857.0,752426334.0
2020-09-03,12.42,12.67,12.4,12.5,49064847.0,744665652.0
2020-09-04,12.25,12.41,12.2,12.37,31251612.0,465545208.0
2020-09-07,12.29,12.43,11.99,12.02,38447306.0,567055078.0
2020-09-08,12.02,12.27,11.94,12.26,40637832.0,596859044.0
2020-09-09,12.1,12.13,11.8,11.83,41378189.0,597685249.0
2020-09-10,11.93,11.96,11.66,11.68,33982966.0,487179085.0
2020-09-11,11.74,11.77,11.47,11.69,31418984.0,442984819.0
2020-09-14,11.75,11.9,11.73,11.84,24556166.0,351490355.0
2020-09-15,11.84,12.33,11.8,12.29,56693203.0,836057552.0
2020-09-16,12.23,12.65,12.17,12.39,49258551.0,740255199.0
2020-09-17,12.53,13.45,12.53,13.35,130136055.0,2063710231.0
2020-09-18,13.49,13.73,13.39,13.68,112580041.0,1854240243.0
2020-09-21,13.69,13.71,13.07,13.2,69804961.0,1123414412.0
2020-09-22,13.07,13.23,12.82,12.88,50336697.0,794256993.0
2020-09-23,12.94,12.99,12.65,12.77,46083422.0,713547139.0
2020-09-24,12.65,12.68,12.41,12.44,37973611.0,575027109.0
2020-09-25,12.54,12.54,12.23,12.35,36617620.0,548289753.0
2020-09-28,12.38,12.52,12.14,12.33,46656049.0,699302684.0
2020-09-29,12.42,12.45,12.22,12.3,41011371.0,611686149.0
2020-09-30,12.34,12.68,12.33,12.46,40837337.0,616838050.0
2020-10-09,12.9,13.19,12.78,13.02,68014317.0,1070859896.0
2020-10-12,13.18,13.31,13.07,13.21,52667252.0,842199824.0
2020-10-13,13.2,13.33,13.02,13.21,34387907.0,548309276.0
2020-10-14,13.33,13.43,13.21,13.38,48401908.0,782791803.0
2020-10-15,13.3,13.49,13.26,13.27,39554470.0,640339279.0
2020-10-16,13.24,13.47,13.24,13.4,33587515.0,538449578.0
2020-10-19,13.44,13.56,13.07,13.16,32473461.0,518287712.0
2020-10-20,13.2,13.28,13.04,13.27,28734646.0,454908176.0
2020-10-21,13.27,13.28,12.91,13.04,27522624.0,430370722.0
2020-10-22,12.96,12.99,12.68,12.81,35165233.0,539140223.0
2020-10-23,12.78,12.91,12.59,12.74,30744490.0,470888007.0
2020-10-26,12.66,12.78,12.42,12.72,20305411.0,308002135.0
2020-10-27,12.72,12.78,12.55,12.66,24820534.0,377269538.0
2020-10-28,12.61,12.73,12.36,12.66,36663129.0,553575991.0
2020-10-29,12.56,13.05,12.44,12.98,44805901.0,689037503.0
2020-10-30,13.16,13.16,12.49,12.6,48579212.0,738682688.0
2020-11-02,12.73,13.32,12.73,13.31,84896930.0,1337572591.0
2020-11-03,13.46,13.46,12.75,12.9,90537893.0,1414449371.0
2020-11-04,12.91,13.32,12.82,13.21,67404227.0,1064242064.0
2020-11-05,13.32,14.05,13.22,13.9,103977827.0,1715447563.0
2020-11-06,13.89,13.96,13.67,13.85,61427962.0,1017447890.0
2020-11-09,14.09,14.3,13.78,14.02,71165451.0,1198308031.0
2020-11-10,14.16,14.18,13.57,13.65,65025141.0,1078788725.0
2020-11-11,13.7,14.26,13.6,13.9,69581772.0,1167777385.0
2020-11-12,13.92,14.12,13.78,14.05,41572265.0,698902403.0
2020-11-13,14.2,14.44,13.8,14.09,66411296.0,1123724203.0
2020-11-16,14.15,14.19,13.83,14.02,58385492.0,977778729.0
2020-11-17,13.91,15.0,13.85,14.77,128908990.0,2265012698.0
2020-11-18,14.77,14.89,14.61,14.74,65745763.0,1164487977.0
2020-11-19,14.75,14.85,14.59,14.8,39168564.0,693425004.0
2020-11-20,14.74,15.2,14.63,14.92,62036313.0,1113605503.0
2020-11-23,14.86,15.05,14.57,14.99,64088009.0,1140814131.0
2020-11-24,15.05,15.27,14.74,14.85,50186572.0,903054282.0
2020-11-25,14.98,15.25,14.59,14.6,61766508.0,1102610013.0
2020-11-26,14.74,14.78,14.17,14.36,67699860.0,1167473266.0
2020-11-27,14.39,14.65,14.26,14.45,54311515.0,940394186.0
2020-11-30,14.4,14.51,13.9,13.9,74129914.0,1262893057.0
2020-12-01,13.92,14.34,13.87,14.28,48857851.0,831954210.0
2020-12-02,14.29,14.4,14.1,14.28,33488774.0,573727556.0
2020-12-03,14.33,14.4,13.89,14.09,53884328.0,914598327.0
2020-12-04,14.05,14.3,13.92,14.18,34401703.0,583052594.0
2020-12-07,14.21,14.25,13.82,13.89,34841924.0,584327192.0
2020-12-08,13.9,13.9,13.66,13.77,44307421.0,732478035.0
2020-12-09,13.82,13.87,13.39,13.41,44902295.0,734449871.0
2020-12-10,13.41,13.54,13.3,13.41,35242494.0,568018270.0
2020-12-11,13.41,13.61,13.09,13.27,47164990.0,752872151.0
2020-12-14,13.27,13.36,13.09,13.32,38905960.0,616740776.0
2020-12-15,13.3,13.46,12.93,13.41,64843473.0,1026253155.0
2020-12-16,13.42,13.49,13.09,13.19,50643910.0,807542009.0
2020-12-17,13.22,13.43,13.03,13.36,53057334.0,846527548.0
2020-12-18,13.39,13.55,13.24,13.36,45519283.0,731883096.0
2020-12-21,13.36,13.66,13.08,13.63,57867478.0,932772662.0
2020-12-22,13.53,13.58,13.06,13.16,75432581.0,1200229318.0
2020-12-23,13.11,13.16,12.72,12.91,79746321.0,1233678568.0
2020-12-24,12.92,13.03,12.74,12.81,38507421.0,594827741.0
2020-12-25,12.57,12.75,12.29,12.62,72561440.0,1090064949.0
2020-12-28,12.6,12.98,12.53,12.97,64293936.0,989352299.0
2020-12-29,13.0,13.17,12.83,12.95,47802664.0,744062312.0
2020-12-30,12.83,13.09,12.76,12.93,49815812.0,772011572.0
2020-12-31,13.0,13.19,12.9,13.15,58679032.0,921264131.0
2021-01-04,13.19,13.41,13.0,13.34,79129696.0,1258856120.0
2021-01-05,13.43,13.71,13.24,13.71,94532532.0,1530626700.0
2021-01-06,13.73,13.82,13.4,13.56,63302167.0,1031216720.0
2021-01-07,13.67,13.96,13.44,13.86,101525264.0,1672288088.0
2021-01-08,14.05,14.15,13.59,13.9,96958473.0,1610910786.0
2021-01-11,13.99,14.55,13.91,14.3,142348116.0,2446519911.0
2021-01-12,14.27,14.63,14.03,14.63,102281800.0,1765415515.0
2021-01-13,14.99,16.09,14.78,15.75,234697850.0,4405965596.0
2021-01-14,15.8,16.54,15.49,15.73,195986095.0,3759232461.0
2021-01-15,16.07,16.17,15.2,15.52,125087601.0,2343303312.0
2021-01-18,15.31,15.78,15.17,15.6,90190902.0,1680089599.0
2021-01-19,15.94,16.36,15.53,15.61,121588877.0,2323628532.0
2021-01-20,15.89,16.54,15.86,16.14,121387852.0,2364833899.0
2021-01-21,16.14,16.19,15.7,15.95,95065362.0,1817943145.0
2021-01-22,16.07,16.11,15.4,16.06,109878098.0,2078774805.0
2021-01-25,15.87,15.99,15.49,15.86,87691696.0,1662485145.0
2021-01-26,15.74,16.22,15.34,15.46,89233812.0,1679938058.0
2021-01-27,15.66,16.82,15.46,16.7,175392382.0,3419925894.0
2021-01-28,16.32,16.62,16.15,16.26,120274326.0,2361851827.0
2021-01-29,16.41,17.88,16.17,17.6,195274830.0,4079320798.0
2021-02-01,17.9,18.73,17.4,18.22,170707130.0,3716208172.0
2021-02-02,18.31,20.04,17.92,20.04,184602436.0,4267076640.0
2021-02-03,20.24,20.82,19.53,20.04,181502118.0,4369360025.0
2021-02-04,19.82,20.72,19.43,20.07,146027401.0,3508141392.0
2021-02-05,20.2,20.39,18.56,19.23,189052746.0,4390723050.0
2021-02-08,19.33,20.79,18.98,20.51,134366143.0,3220381155.0
2021-02-09,20.74,21.73,20.32,21.21,148187971.0,3743395622.0
2021-02-10,21.23,21.48,20.65,21.12,102542676.0,2596752523.0
2021-02-18,21.69,21.86,20.57,20.85,117344878.0,2967803328.0
2021-02-19,20.54,20.92,19.63,20.62,108749171.0,2648809724.0
2021-02-22,20.71,21.07,19.83,19.86,111731799.0,2731221251.0
2021-02-23,19.73,20.29,19.33,19.88,80136705.0,1918223895.0
2021-02-24,19.98,20.12,18.89,19.07,114330946.0,2651073966.0
2021-02-25,19.39,19.51,18.76,19.08,79989553.0,1842732944.0
2021-02-26,18.32,18.88,18.22,18.36,84877971.0,1888818608.0
2021-03-01,18.78,19.2,18.32,18.98,78819701.0,1780768886.0
2021-03-02,19.29,19.79,18.98,19.32,100151988.0,2323660488.0
2021-03-03,19.05,19.57,18.41,19.3,76083825.0,1741966582.0
2021-03-04,18.89,19.02,17.89,18.06,106222460.0,2344330751.0
2021-03-05,17.53,18.01,17.39,17.7,70021075.0,1487941929.0
2021-03-08,17.9,18.03,16.73,16.86,89235151.0,1851055431.0
2021-03-09,16.69,17.07,16.13,16.45,78855340.0,1572121432.0
2021-03-10,16.91,17.14,16.55,16.85,61561269.0,1247048498.0
2021-03-11,16.97,17.44,16.83,17.14,64154736.0,1323435716.0
2021-03-12,17.14,17.81,16.99,17.28,67798743.0,1415441970.0
2021-03-15,17.09,17.2,16.71,16.96,44354248.0,902192042.0
2021-03-16,16.99,17.21,16.6,16.78,49379054.0,998374127.0
2021-03-17,16.82,17.1,16.58,16.9,38271043.0,776072971.0
2021-03-18,16.97,17.19,16.82,17.04,46887253.0,956204266.0
2021-03-19,16.65,16.81,16.39,16.53,56297883.0,1121683550.0
2021-03-22,16.55,17.11,16.44,16.94,43092808.0,872490375.0
2021-03-23,16.95,17.02,15.99,16.3,70038918.0,1376689695.0
2021-03-24,16.1,16.31,15.58,15.66,63673750.0,1208362131.0
2021-03-25,15.59,15.98,15.49,15.78,38151073.0,721775756.0
2021-03-26,15.99,16.3,15.84,16.19,49425139.0,955936822.0
2021-03-29,16.17,16.35,15.91,16.12,43841036.0,850328270.0
2021-03-30,16.24,16.61,16.1,16.44,50426593.0,992680146.0
2021-03-31,15.94,16.09,15.39,16.02,105206762.0,1994107388.0
2021-04-01,16.02,16.17,15.75,15.92,50535947.0,965408424.0
2021-04-02,16.17,16.44,16.05,16.12,55586763.0,1081694107.0
2021-04-06,16.43,17.03,16.34,16.69,81018422.0,1626244299.0
2021-04-07,16.49,16.64,15.66,15.8,137822711.0,2625783708.0
2021-04-08,15.65,15.89,15.5,15.71,64866306.0,1224765790.0
2021-04-09,15.71,16.11,15.55,15.78,71509564.0,1356784855.0
2021-04-12,15.9,15.94,15.12,15.17,65638775.0,1216106801.0
2021-04-13,15.19,15.64,15.15,15.56,54439463.0,1010539323.0
2021-04-14,15.6,15.92,15.56,15.78,42404163.0,803951414.0
2021-04-15,15.8,15.88,15.45,15.84,34721133.0,652832765.0
2021-04-16,15.94,16.01,15.62,15.72,38530174.0,729815961.0
2021-04-19,16.04,16.72,15.95,16.68,98313428.0,1942074035.0
2021-04-20,16.49,16.68,16.37,16.45,62384109.0,1234263920.0
2021-04-21,16.26,16.28,15.99,16.08,57911540.0,1119859211.0
2021-04-22,16.09,16.14,15.74,15.83,53525516.0,1019278618.0
2021-04-23,15.87,16.19,15.76,16.09,54456106.0,1047075610.0
2021-04-26,16.09,16.25,15.61,15.64,75181414.0,1433968677.0
2021-04-27,15.62,15.62,14.96,15.19,78246627.0,1428631703.0
2021-04-28,15.2,15.28,14.91,15.05,63693230.0,1149966431.0
2021-04-29,15.07,15.2,14.9,15.18,65862204.0,1190747118.0
2021-04-30,15.25,15.36,14.99,15.08,87980104.0,1598204746.0
2021-05-06,14.74,14.86,14.41,14.71,82445097.0,1450823877.0
2021-05-07,14.71,14.8,14.3,14.31,66097570.0,1153732939.0
2021-05-10,14.29,14.5,14.11,14.39,54089673.0,928548412.0
2021-05-11,14.22,14.37,13.86,14.33,85725745.0,1450519929.0
2021-05-12,14.41,14.6,14.09,14.32,76424895.0,1312231766.0
2021-05-13,14.1,14.3,13.99,14.05,53668571.0,909957361.0
2021-05-14,14.14,14.57,14.0,14.57,81706967.0,1410126035.0
2021-05-17,14.55,14.95,14.45,14.77,92365887.0,1623308356.0
2021-05-18,14.7,14.7,14.45,14.53,59016150.0,1028636451.0
2021-05-19,14.51,14.77,14.46,14.55,58799389.0,1029533401.0
2021-05-20,14.52,14.6,14.19,14.21,85936922.0,1473265434.0
2021-05-21,14.29,14.35,14.11,14.27,61639103.0,1054047209.0
2021-05-24,14.24,14.24,13.99,14.2,59730672.0,1011413619.0
2021-05-25,14.25,14.55,14.06,14.54,93808153.0,1619750188.0
2021-05-26,14.5,14.89,14.45,14.58,111219432.0,1962557897.0
2021-05-27,14.7,15.44,14.6,15.33,189549693.0,3425672862.0
2021-05-28,15.31,15.43,15.0,15.15,116675653.0,2130886792.0
2021-05-31,15.36,15.37,14.7,14.83,122127452.0,2173239870.0
2021-06-01,14.7,15.2,14.66,14.99,93181549.0,1670401239.0
2021-06-02,15.07,15.14,14.72,14.77,63274027.0,1128263019.0
2021-06-03,14.78,14.89,14.57,14.57,64420093.0,1137977316.0
2021-06-04,14.46,14.71,14.34,14.61,51250044.0,894293982.0
2021-06-07,14.6,15.05,14.4,14.98,84171905.0,1488560485.0
2021-06-08,14.98,15.0,14.62,14.71,68705751.0,1219851758.0
2021-06-09,14.72,14.73,14.5,14.55,45168286.0,789821532.0
2021-06-10,14.5,14.7,14.44,14.49,62540313.0,1093426659.0
2021-06-11,14.43,14.45,14.13,14.32,73970679.0,1265369686.0
2021-06-15,14.31,14.34,14.0,14.1,54700913.0,926610043.0
2021-06-16,14.08,14.24,13.9,13.93,43487829.0,732946251.0
2021-06-17,13.93,14.11,13.9,13.98,41999006.0,706359166.0
2021-06-18,13.95,14.3,13.66,14.28,67873463.0,1138852238.0
2021-06-21,14.15,14.28,13.9,13.95,57599026.0,971324366.0
2021-06-22,13.93,14.28,13.83,14.15,57126733.0,968451500.0
2021-06-23,14.15,14.35,14.05,14.29,57311897.0,979914447.0
2021-06-24,14.32,14.35,14.12,14.16,42062960.0,717447719.0
2021-06-25,14.2,14.56,14.15,14.55,79587208.0,1377251370.0
2021-06-28,14.85,15.27,14.7,14.74,115737128.0,2071425400.0
2021-06-29,14.65,15.11,14.59,14.9,100339231.0,1799700940.0
2021-06-30,14.99,15.01,14.67,14.88,61392977.0,1090567491.0
2021-07-01,14.8,14.94,14.36,14.5,65064680.0,1139802086.0
2021-07-02,14.5,14.51,14.11,14.27,67134333.0,1151282768.0
2021-07-05,14.2,14.5,14.12,14.31,51519632.0,883759321.0
2021-07-06,14.31,14.32,14.0,14.16,53783147.0,913614056.0
2021-07-07,14.12,14.29,14.08,14.18,38203766.0,651526348.0
2021-07-08,14.23,14.25,13.85,13.9,68395381.0,1150626206.0
2021-07-09,13.83,14.15,13.75,14.15,53400643.0,895509460.0
2021-07-12,14.24,14.44,14.1,14.37,69048902.0,1182329695.0
2021-07-13,14.42,14.62,14.25,14.52,64177640.0,1113036092.0
2021-07-14,14.48,14.48,14.16,14.17,51859272.0,887917728.0
2021-07-15,14.15,14.25,13.93,14.15,47790634.0,808462916.0
2021-07-16,14.14,14.16,14.0,14.15,48240285.0,815376221.0
2021-07-19,14.22,14.4,14.05,14.36,66433698.0,1137977763.0
2021-07-20,14.23,14.73,14.15,14.65,103673956.0,1808522261.0
2021-07-21,14.61,14.71,14.41,14.46,73388591.0,1279130777.0
2021-07-22,14.47,15.49,14.46,15.26,208292618.0,3805581934.0
2021-07-23,15.3,15.64,15.1,15.36,159319109.0,2937055319.0
2021-07-26,15.42,15.64,14.91,15.1,155153947.0,2844722034.0
2021-07-27,15.05,15.45,14.68,14.74,126294588.0,2293299113.0
2021-07-28,14.65,14.74,14.07,14.29,104435273.0,1805282309.0
2021-07-29,14.5,14.8,14.4,14.59,100934020.0,1770116951.0
2021-07-30,14.45,14.45,14.05,14.25,94571292.0,1614737028.0
2021-08-02,14.26,15.68,14.12,15.68,236264288.0,4354613628.0
2021-08-03,15.99,16.23,15.66,15.9,289753494.0,5550190219.0
2021-08-04,15.92,16.21,15.7,15.98,168824353.0,3237087921.0
2021-08-05,15.92,16.78,15.75,16.38,212252891.0,4174540068.0
2021-08-06,16.49,16.82,16.05,16.38,137396251.0,2708518492.0
2021-08-09,16.64,17.38,16.51,17.23,202782812.0,4162023726.0
2021-08-10,17.24,17.24,16.74,17.07,143802077.0,2928435056.0
2021-08-11,17.59,17.95,16.95,17.2,184997653.0,3866009558.0
2021-08-12,17.21,17.21,16.37,16.39,196561433.0,3919327897.0
2021-08-13,16.17,16.78,16.17,16.55,142499362.0,2822882819.0
2021-08-16,16.74,17.56,16.58,17.37,218464360.0,4528130667.0
2021-08-17,17.68,17.78,16.41,16.54,194828082.0,3973370326.0
2021-08-18,16.47,16.99,16.35,16.78,120857555.0,2425522607.0
2021-08-19,16.59,16.59,16.14,16.38,102958250.0,2022899373.0
2021-08-20,16.15,16.29,15.65,16.11,122883213.0,2350796946.0
2021-08-23,15.99,16.24,15.92,16.24,94991621.0,1837214071.0
2021-08-24,16.43,16.55,16.21,16.32,96463265.0,1896852360.0
2021-08-25,16.47,16.47,15.98,16.04,77490929.0,1497092281.0
2021-08-26,16.03,16.37,15.76,16.14,83396818.0,1612909006.0
2021-08-27,16.34,17.11,16.22,17.11,168849675.0,3370240919.0
2021-08-30,17.11,17.12,16.67,16.93,118760083.0,2377957159.0
2021-08-31,17.02,17.39,16.6,16.91,114398521.0,2295195024.0
2021-09-01,16.84,16.84,16.14,16.59,121869670.0,2383840737.0
2021-09-02,16.61,16.83,16.21,16.73,102354530.0,2012006337.0
2021-09-03,16.54,16.63,16.26,16.27,95384583.0,1858992862.0
2021-09-06,16.19,17.04,16.13,16.77,112675057.0,2227300044.0
2021-09-07,16.79,16.83,16.61,16.75,74202095.0,1470770931.0
2021-09-08,16.75,16.81,16.43,16.54,77125490.0,1516132569.0
2021-09-09,16.45,16.75,16.33,16.42,70511825.0,1379485626.0
2021-09-10,16.37,16.37,16.05,16.07,102141305.0,1955949721.0
2021-09-13,16.01,16.01,15.59,15.73,100544757.0,1878423151.0
2021-09-14,15.74,16.0,15.36,15.46,88090510.0,1638150986.0
2021-09-15,15.35,15.44,15.18,15.27,81925450.0,1485159159.0
2021-09-16,15.28,15.52,15.05,15.09,72654385.0,1314567688.0
2021-09-17,15.14,15.4,15.09,15.38,60017991.0,1086519197.0
2021-09-22,15.09,15.28,15.07,15.19,37206157.0,669100265.0
2021-09-23,15.25,15.58,15.25,15.54,66042349.0,1209458848.0
2021-09-24,15.46,15.54,15.2,15.25,43241174.0,787237609.0
2021-09-27,15.3,15.54,14.82,14.93,58991185.0,1059349540.0
2021-09-28,14.77,14.94,14.42,14.93,65556478.0,1141013468.0
2021-09-29,14.66,14.74,14.51,14.6,45264982.0,784498778.0
2021-09-30,14.6,14.78,14.42,14.46,55309911.0,957049254.0
2021-10-08,14.43,14.61,14.43,14.5,49450770.0,850740530.0
2021-10-11,14.5,14.6,14.48,14.53,33952716.0,585267590.0
2021-10-12,14.53,14.53,13.82,14.0,86610439.0,1443360604.0
2021-10-13,14.0,14.19,13.84,14.15,37034123.0,616026374.0
2021-10-14,14.22,14.28,14.1,14.18,28324678.0,476795445.0
2021-10-15,14.18,14.28,13.92,14.13,51294661.0,858656543.0
2021-10-18,14.12,14.12,13.82,14.1,46790393.0,775424787.0
2021-10-19,14.11,14.36,14.02,14.27,44806254.0,757371923.0
2021-10-20,14.37,14.39,14.06,14.1,48676861.0,816342607.0
2021-10-21,14.1,14.12,13.92,14.09,35897730.0,597175832.0
2021-10-22,14.14,14.43,14.09,14.33,46812765.0,783399335.0
2021-10-25,14.31,14.59,14.06,14.52,64216697.0,1084347172.0
2021-10-26,14.54,14.65,14.33,14.42,45238411.0,767298674.0
2021-10-27,14.42,14.42,13.91,13.98,61075321.0,1011441050.0
2021-10-28,13.91,13.92,12.78,12.83,133319064.0,2057168810.0
2021-10-29,12.83,12.96,12.62,12.87,65300649.0,982349951.0
2021-11-01,12.85,13.09,12.48,12.84,66562774.0,1000821605.0
2021-11-02,12.84,12.93,12.42,12.57,62160817.0,923507361.0
2021-11-03,12.4,12.83,12.37,12.65,39199099.0,580561392.0
2021-11-04,12.71,12.99,12.63,12.94,50217791.0,757644015.0
2021-11-05,12.95,13.0,12.77,12.81,39903181.0,602557394.0
2021-11-08,13.29,14.08,13.28,13.54,118715012.0,1904747627.0
2021-11-09,13.46,13.54,13.27,13.36,59496626.0,933311795.0
2021-11-10,13.27,13.29,13.03,13.22,42565452.0,655696668.0
2021-11-11,13.17,13.23,13.05,13.21,48130462.0,741754796.0
2021-11-12,13.22,13.23,12.83,12.89,65517440.0,995398368.0
2021-11-15,12.87,13.0,12.81,13.0,49271811.0,746087416.0
2021-11-16,13.03,13.03,12.83,12.85,40304355.0,611290351.0
2021-11-17,12.88,12.94,12.82,12.9,28432537.0,429606228.0
2021-11-18,13.09,13.5,13.08,13.11,90326805.0,1404749381.0
2021-11-19,13.02,13.89,12.95,13.72,143930406.0,2292797014.0
2021-11-22,14.0,14.17,13.72,13.86,137126845.0,2234620124.0
2021-11-23,13.75,14.04,13.64,13.95,89582457.0,1460083234.0
2021-11-24,13.89,13.9,13.73,13.76,57070728.0,923080975.0
2021-11-25,13.71,13.72,13.41,13.42,76362414.0,1210779081.0
2021-11-26,13.34,13.52,13.29,13.35,42831849.0,674128569.0
2021-11-29,13.12,13.19,12.95,13.1,53640331.0,823806928.0
2021-11-30,13.4,13.4,12.97,13.15,64605877.0,1000344392.0
2021-12-01,13.04,14.2,12.95,13.95,251412976.0,4057086278.0
2021-12-02,14.15,15.04,13.98,15.04,354954473.0,6097281898.0
2021-12-03,15.04,15.05,14.66,14.96,202579464.0,3539284290.0
2021-12-06,15.17,15.79,15.0,15.27,262759402.0,4732888312.0
2021-12-07,15.28,15.71,14.9,15.41,267233375.0,4813032088.0
2021-12-08,15.21,15.6,15.01,15.35,165196176.0,2969085134.0
2021-12-09,15.25,15.89,15.13,15.54,184932307.0,3381329795.0
2021-12-10,15.34,15.38,14.9,14.91,195959457.0,3469806252.0
2021-12-13,15.0,15.43,15.0,15.23,155777276.0,2789999288.0
2021-12-14,15.13,15.13,14.76,14.94,122022789.0,2134531546.0
2021-12-15,14.83,15.08,14.79,14.84,85817697.0,1503123770.0
2021-12-16,14.85,16.17,14.74,16.04,281801340.0,5117651473.0
2021-12-17,15.77,15.94,15.51,15.56,194632124.0,3587824594.0
2021-12-20,15.56,16.23,15.47,15.64,229020916.0,4253974054.0
2021-12-21,15.49,15.8,15.42,15.61,109917329.0,2010760895.0
2021-12-22,15.62,15.96,15.19,15.55,163481596.0,2984818477.0
2021-12-23,15.42,16.01,15.37,15.8,184677669.0,3427621734.0
2021-12-24,15.8,16.11,15.51,15.56,146800581.0,2718688636.0
2021-12-27,15.65,16.27,15.65,16.23,226607496.0,4280213737.0
2021-12-28,16.18,16.18,15.66,15.78,166808346.0,3096842433.0
2021-12-29,15.66,15.9,15.46,15.79,108165599.0,1994662268.0
2021-12-30,15.65,15.82,15.51,15.57,112804114.0,2068169710.0
2021-12-31,15.49,15.64,15.14,15.25,136204588.0,2452083039.0
2022-01-04,15.28,15.34,14.93,15.08,121443555.0,2147727735.0
2022-01-05,15.08,15.28,14.91,15.22,112358952.0,1994235463.0
2022-01-06,15.01,15.48,14.93,15.27,104382406.0,1868875541.0
2022-01-07,15.27,15.55,15.05,15.13,113675391.0,2049182033.0
2022-01-10,15.39,15.72,15.3,15.39,95627095.0,1735152719.0
2022-01-11,15.3,15.38,14.96,14.98,81218722.0,1444639854.0
2022-01-12,14.98,15.13,14.75,14.91,88216506.0,1542044302.0
2022-01-13,14.9,14.94,14.4,14.41,107086653.0,1831800191.0
2022-01-14,14.33,14.52,14.23,14.42,61153152.0,1034001585.0
2022-01-17,14.39,14.52,14.23,14.46,50486640.0,854692151.0
2022-01-18,14.49,14.74,14.38,14.64,62245525.0,1064734822.0
2022-01-19,14.57,14.83,14.51,14.56,61009576.0,1049194626.0
2022-01-20,14.49,14.55,14.04,14.31,81294859.0,1361763761.0
2022-01-21,14.19,14.22,13.74,13.87,75415649.0,1234360133.0
2022-01-24,13.81,14.01,13.69,13.92,37171624.0,606019388.0
2022-01-25,13.81,13.9,13.35,13.35,66095963.0,1051992562.0
2022-01-26,13.51,13.81,13.46,13.66,55912092.0,895739480.0
2022-01-27,13.62,13.69,13.28,13.29,54212441.0,854491685.0
2022-01-28,13.38,13.45,13.09,13.21,49376685.0,769499427.0
2022-02-07,13.42,13.53,13.35,13.46,47298059.0,746438605.0
2022-02-08,13.46,13.68,13.37,13.65,55481331.0,881376914.0
2022-02-09,13.66,13.75,13.58,13.69,52597771.0,843577333.0
2022-02-10,13.69,13.78,13.6,13.7,45752078.0,734652604.0
2022-02-11,13.69,13.69,13.38,13.41,58194986.0,923162351.0
2022-02-14,13.24,13.26,12.92,13.0,75698048.0,1162590212.0
2022-02-15,13.02,13.15,12.92,13.09,46611924.0,713208764.0
2022-02-16,13.16,13.35,13.12,13.26,51882692.0,807440815.0
2022-02-17,13.21,13.29,13.12,13.23,38043870.0,590336773.0
2022-02-18,13.12,13.33,13.05,13.33,38123881.0,590931738.0
2022-02-21,13.29,13.29,13.13,13.28,35538539.0,550965953.0
2022-02-22,13.15,13.18,12.95,13.02,49713443.0,760726624.0
2022-02-23,13.12,13.35,13.12,13.34,58786943.0,913301070.0
2022-02-24,13.21,13.58,12.89,13.06,93176346.0,1445021386.0
2022-02-25,13.14,13.29,13.06,13.12,46594256.0,720102778.0
2022-02-28,13.04,13.04,12.79,12.92,59988723.0,905730327.0
2022-03-01,12.96,13.15,12.96,13.12,45940215.0,704312260.0
2022-03-02,13.0,13.0,12.87,12.93,49768836.0,754699952.0
2022-03-03,12.93,13.17,12.67,13.12,123493859.0,1869081580.0
2022-03-04,12.93,12.99,12.82,12.84,51587776.0,779637802.0
2022-03-07,12.74,12.74,12.36,12.39,66664667.0,979602128.0
2022-03-08,12.39,12.44,11.69,11.81,79384532.0,1118502585.0
2022-03-09,11.86,11.97,10.95,11.47,79238242.0,1066504492.0
2022-03-10,11.73,11.84,11.65,11.7,54196982.0,746949774.0
2022-03-11,11.53,11.82,11.4,11.79,47393648.0,646822525.0
2022-03-14,11.66,11.91,11.47,11.47,39932941.0,547880583.0
2022-03-15,11.45,11.45,10.73,10.77,81570846.0,1061425469.0
2022-03-16,10.98,11.16,10.49,11.1,69771308.0,889809928.0
2022-03-17,11.42,11.62,11.23,11.43,78186487.0,1047939253.0
2022-03-18,11.33,11.55,11.29,11.5,52656927.0,707601494.0
2022-03-21,11.57,11.72,11.39,11.53,49087110.0,666289177.0
2022-03-22,11.48,11.83,11.42,11.72,59278308.0,814858517.0
2022-03-23,12.19,12.42,11.99,12.07,107188687.0,1530231192.0
2022-03-24,12.02,12.39,11.88,11.94,78680298.0,1120174958.0
2022-03-25,11.86,11.91,11.57,11.58,64890393.0,892887413.0
2022-03-28,11.48,11.62,11.27,11.51,40004479.0,537263104.0
2022-03-29,11.55,11.59,11.35,11.36,29755696.0,399236472.0
2022-03-30,11.5,11.66,11.44,11.66,39817641.0,540765261.0
2022-03-31,11.51,11.54,11.37,11.38,45722323.0,613544137.0
2022-04-01,11.23,11.48,11.16,11.46,37331374.0,497879932.0
2022-04-06,11.46,11.52,11.28,11.41,44649892.0,596232877.0
2022-04-07,11.35,11.44,11.04,11.05,57638554.0,758560412.0
2022-04-08,11.15,11.44,10.87,11.33,71392965.0,935694881.0
2022-04-11,11.25,11.33,10.69,10.74,70969132.0,909230255.0
2022-04-12,10.73,10.92,10.51,10.89,52784880.0,664015298.0
2022-04-13,10.8,10.91,10.62,10.73,32310880.0,408344908.0
2022-04-14,10.81,10.94,10.73,10.84,37400215.0,476158994.0
2022-04-15,10.74,10.9,10.69,10.78,32518792.0,411059893.0
2022-04-18,10.72,10.72,10.46,10.5,54679926.0,676426029.0
2022-04-19,10.52,10.97,10.5,10.58,64914128.0,813828575.0
2022-04-20,10.64,10.64,10.41,10.48,46382233.0,572277826.0
2022-04-21,10.43,10.43,10.03,10.06,60326575.0,721581266.0
2022-04-22,9.97,10.14,9.71,10.02,49751032.0,579537490.0
2022-04-25,9.79,9.79,9.13,9.15,79839765.0,890200168.0
2022-04-26,9.18,9.42,9.02,9.04,73448470.0,795333301.0
2022-04-27,8.95,9.27,8.81,9.26,71504753.0,760883347.0
2022-04-28,9.17,9.43,9.1,9.25,61330810.0,666038710.0
2022-04-29,9.37,9.61,9.26,9.54,71907146.0,797338971.0
2022-05-05,9.38,9.56,9.3,9.44,63342081.0,700534910.0
2022-05-06,9.2,9.23,9.09,9.14,48214540.0,518127281.0
2022-05-09,9.13,9.24,9.02,9.06,31593642.0,337743532.0
2022-05-10,8.9,9.14,8.7,9.1,54322994.0,570343231.0
2022-05-11,9.08,9.43,9.06,9.2,64324110.0,698769032.0
2022-05-12,9.13,9.2,9.01,9.12,40837160.0,436350512.0
2022-05-13,9.14,9.37,9.11,9.3,59954954.0,650617452.0
2022-05-16,9.35,9.41,9.18,9.21,39338972.0,427242469.0
2022-05-17,9.21,9.8,9.12,9.63,119768221.0,1338923479.0
2022-05-18,9.54,9.88,9.51,9.75,98959568.0,1130502083.0
2022-05-19,9.57,9.78,9.54,9.77,62486342.0,708915863.0
2022-05-20,10.13,10.19,9.82,10.0,85983030.0,1007839566.0
2022-05-23,9.99,10.08,9.84,9.97,56066417.0,654547324.0
2022-05-24,10.0,10.29,9.84,9.86,108964345.0,1288806093.0
2022-05-25,9.85,9.97,9.78,9.95,47705767.0,552767623.0
2022-05-26,9.95,10.19,9.81,10.06,59650782.0,701491709.0
2022-05-27,10.08,10.19,9.92,9.99,50459758.0,595278577.0
2022-05-30,10.05,10.17,9.95,10.08,49409854.0,584197371.0
2022-05-31,10.12,10.37,10.04,10.32,83301520.0,1003682909.0
2022-06-01,10.29,10.42,10.18,10.26,54328977.0,655365526.0
2022-06-02,10.23,10.44,10.18,10.41,54671189.0,663574855.0
2022-06-06,10.41,10.46,10.31,10.42,53765100.0,655280155.0
2022-06-07,10.42,10.43,10.15,10.23,66600694.0,800516484.0
2022-06-08,10.23,10.3,10.02,10.29,58683547.0,701962919.0
2022-06-09,10.37,10.4,10.07,10.11,52368833.0,628285427.0
2022-06-10,10.04,10.39,10.02,10.35,59922730.0,722243064.0
2022-06-13,10.3,11.08,10.27,10.78,148657197.0,1893838424.0
2022-06-14,10.68,10.95,10.46,10.94,91620736.0,1150444529.0
2022-06-15,10.95,11.13,10.82,10.87,101087973.0,1301022803.0
2022-06-16,10.89,11.0,10.63,10.68,67119870.0,847896142.0
2022-06-17,10.58,10.83,10.54,10.77,46526985.0,585869159.0
2022-06-20,10.82,10.88,10.7,10.72,47213839.0,596205695.0
2022-06-21,10.74,10.75,10.51,10.67,48328549.0,603668058.0
2022-06-22,10.67,10.74,10.31,10.35,63139016.0,779267669.0
2022-06-23,10.35,10.81,10.35,10.75,84877976.0,1059816241.0
2022-06-24,10.74,10.78,10.61,10.73,54523462.0,683941796.0
2022-06-27,10.78,10.88,10.69,10.79,64263615.0,811971721.0
2022-06-28,10.79,11.07,10.74,11.0,80198431.0,1029804880.0
2022-06-29,10.98,10.99,10.64,10.66,68423509.0,867451075.0
2022-06-30,10.65,10.72,10.57,10.63,49696012.0,620374044.0
2022-07-01,10.64,11.06,10.57,10.96,91207316.0,1165602978.0
2022-07-04,10.83,10.89,10.75,10.81,55501147.0,703702903.0
2022-07-05,10.87,10.88,10.45,10.59,71628576.0,892156988.0
2022-07-06,10.58,10.58,10.26,10.35,51359350.0,626017837.0
2022-07-07,10.38,10.91,10.31,10.75,81624235.0,1021561163.0
2022-07-08,10.75,11.32,10.75,11.01,146187571.0,1905903506.0
2022-07-11,11.04,11.04,10.52,10.61,83515439.0,1045403547.0
2022-07-12,10.6,10.65,10.41,10.41,41910379.0,516362024.0
2022-07-13,10.41,10.49,10.34,10.43,38396328.0,469617381.0
2022-07-14,10.44,10.65,10.31,10.53,52555917.0,647591266.0
2022-07-15,10.28,10.34,10.11,10.11,80875563.0,969879744.0
2022-07-18,10.07,10.41,10.06,10.39,42927373.0,517527892.0
2022-07-19,10.39,10.72,10.36,10.5,47514822.0,587949183.0
2022-07-20,10.56,10.62,10.41,10.47,29504974.0,362255004.0
2022-07-21,10.45,10.52,10.35,10.4,32339330.0,396126239.0
2022-07-22,10.46,10.58,10.27,10.37,34891997.0,426286280.0
2022-07-25,10.37,10.37,10.18,10.23,37484046.0,450926326.0
2022-07-26,10.23,10.28,10.12,10.25,26577530.0,318154928.0
2022-07-27,10.26,10.29,10.18,10.2,24141163.0,289831026.0
2022-07-28,10.25,10.41,10.24,10.31,32939431.0,399257372.0
2022-07-29,10.35,10.45,10.19,10.2,33912632.0,409168483.0
2022-08-01,10.15,10.42,10.06,10.34,43627241.0,523694160.0
2022-08-02,10.23,10.23,9.77,9.86,60811199.0,709101944.0
2022-08-03,9.82,10.15,9.78,9.81,46456843.0,544472918.0
2022-08-04,9.89,9.96,9.76,9.88,29680959.0,343094631.0
2022-08-05,9.88,10.11,9.87,10.06,36636085.0,430125141.0
2022-08-08,10.06,10.16,10.0,10.13,23647195.0,280499268.0
2022-08-09,10.14,10.3,10.13,10.14,28088856.0,336249726.0
2022-08-10,10.09,10.18,10.0,10.03,28286880.0,334095991.0
2022-08-11,10.1,10.24,10.03,10.23,37963889.0,452478904.0
2022-08-12,10.21,10.27,10.18,10.19,22017036.0,263814001.0
2022-08-15,10.19,10.26,10.12,10.18,26943888.0,321950173.0
2022-08-16,10.14,10.2,10.09,10.12,27616655.0,328559360.0
2022-08-17,10.09,10.22,9.98,10.22,39171603.0,465000141.0
2022-08-18,10.18,10.18,10.0,10.03,32884132.0,388209647.0
2022-08-19,10.05,10.05,9.91,9.92,28918584.0,338255764.0
2022-08-22,9.91,9.99,9.8,9.97,26907188.0,312704972.0
2022-08-23,9.91,9.94,9.87,9.88,22954085.0,266410628.0
2022-08-24,9.88,9.92,9.63,9.66,40622065.0,463997673.0
2022-08-25,9.66,9.75,9.54,9.7,23515429.0,266405438.0
2022-08-26,9.77,10.09,9.74,9.89,44190352.0,505918347.0
2022-08-29,9.8,10.14,9.78,10.06,46074125.0,532970603.0
2022-08-30,9.98,10.05,9.92,9.93,25300605.0,290710524.0
2022-08-31,9.91,10.18,9.74,10.07,46145645.0,531350781.0
2022-09-01,10.07,10.13,9.95,9.96,26376434.0,305950294.0
2022-09-02,9.99,10.07,9.86,9.93,21595720.0,247661934.0
2022-09-05,9.93,10.02,9.86,9.97,20430460.0,234728506.0
2022-09-06,10.03,10.08,9.99,10.05,22677003.0,262600392.0
2022-09-07,10.05,10.05,9.93,9.95,21014811.0,242171319.0
2022-09-08,9.95,10.15,9.93,9.97,29224183.0,338448156.0
2022-09-09,10.02,10.03,9.89,10.01,24544428.0,282576161.0
2022-09-13,10.01,10.09,9.99,10.03,20663915.0,239554127.0
2022-09-14,9.92,9.93,9.79,9.79,30575721.0,347543271.0
2022-09-15,9.86,9.86,9.6,9.69,36024168.0,403248451.0
2022-09-16,9.57,9.66,9.29,9.29,40464349.0,441768277.0
2022-09-19,9.29,9.36,9.1,9.18,21654984.0,231057974.0
2022-09-20,9.26,9.28,9.17,9.19,13278452.0,141460302.0
2022-09-21,9.16,9.31,9.02,9.24,19758634.0,209465404.0
2022-09-22,9.19,9.23,9.09,9.09,18145166.0,191658658.0
2022-09-23,9.1,9.15,8.88,8.96,23080982.0,239670552.0
2022-09-26,8.88,8.95,8.72,8.74,24314148.0,248358113.0
2022-09-27,8.71,8.83,8.64,8.82,28348214.0,285848166.0
2022-09-28,8.79,8.79,8.45,8.45,47216260.0,469389283.0
2022-09-29,8.52,8.57,8.31,8.31,43031847.0,417180378.0
2022-09-30,8.31,8.43,8.3,8.33,28145779.0,272061160.0
2022-10-10,8.31,8.38,8.02,8.05,33639379.0,318446101.0
2022-10-11,8.05,8.14,8.04,8.05,24066201.0,224454655.0
2022-10-12,8.06,8.25,7.88,8.25,43189077.0,401717797.0
2022-10-13,8.22,8.22,8.08,8.1,47158709.0,442639380.0
2022-10-14,8.16,8.41,8.15,8.35,54212678.0,519778298.0
2022-10-17,8.31,8.51,8.29,8.47,32644508.0,316942853.0
2022-10-18,8.5,8.57,8.44,8.45,31635728.0,310132106.0
2022-10-19,8.46,8.57,8.4,8.4,28525856.0,279243728.0
2022-10-20,8.37,8.46,8.27,8.35,30562283.0,294821302.0
2022-10-21,8.4,8.43,8.28,8.32,22055249.0,210799857.0
2022-10-24,8.34,8.41,8.05,8.07,37298947.0,349784133.0
2022-10-25,8.07,8.26,7.98,8.2,32208148.0,299549222.0
2022-10-26,8.21,8.34,8.2,8.27,30215476.0,285728803.0
2022-10-27,8.31,8.48,8.27,8.39,38005339.0,365054467.0
2022-10-28,8.4,8.4,8.03,8.05,40233425.0,375321017.0
2022-10-31,7.97,8.13,7.88,7.94,35419776.0,322736656.0
2022-11-01,7.97,8.48,7.96,8.47,61679438.0,583089194.0
2022-11-02,8.46,8.62,8.42,8.53,43123578.0,419723908.0
2022-11-03,8.47,8.65,8.42,8.56,35658705.0,348420516.0
2022-11-04,8.62,8.95,8.59,8.8,63185913.0,636303659.0
2022-11-07,8.77,8.83,8.69,8.76,31934693.0,319964978.0
2022-11-08,8.79,8.79,8.61,8.7,26126523.0,259263602.0
2022-11-09,8.71,8.76,8.68,8.69,18644919.0,185790412.0
2022-11-10,8.62,8.71,8.57,8.68,18248318.0,180344803.0
2022-11-11,8.88,8.97,8.76,8.93,55758319.0,566130350.0
2022-11-14,8.94,9.27,8.94,9.17,64181485.0,671549517.0
2022-11-15,9.17,9.24,9.08,9.18,32862876.0,344280739.0
2022-11-16,9.21,9.24,9.08,9.11,23558939.0,246467797.0
2022-11-17,9.07,9.16,8.97,9.06,29522563.0,305152234.0
2022-11-18,9.07,9.18,9.02,9.04,21911054.0,227670885.0
2022-11-21,9.01,9.06,8.88,9.02,22418496.0,229913037.0
2022-11-22,9.13,9.21,9.0,9.09,34167279.0,355725260.0
2022-11-23,9.1,9.18,9.05,9.06,26405306.0,274939309.0
2022-11-24,9.14,9.19,9.06,9.09,17453831.0,181758491.0
2022-11-25,9.04,9.32,9.03,9.27,45788713.0,483228277.0
2022-11-28,9.13,9.18,8.98,9.07,32339554.0,334775083.0
2022-11-29,9.08,9.28,9.08,9.28,38517028.0,405854294.0
2022-11-30,9.28,9.46,9.25,9.39,45968652.0,492980993.0
2022-12-01,9.51,9.67,9.41,9.43,48760318.0,530773711.0
2022-12-02,9.38,9.47,9.19,9.24,45288926.0,480529052.0
2022-12-05,9.27,9.56,9.27,9.51,43595148.0,470490301.0
2022-12-06,9.54,9.65,9.49,9.58,36980310.0,405178359.0
2022-12-07,9.53,9.6,9.39,9.46,29740229.0,322755513.0
2022-12-08,9.47,9.55,9.41,9.48,22380420.0,242996939.0
2022-12-09,9.48,9.56,9.42,9.54,26254650.0,285208310.0
2022-12-12,9.54,9.54,9.39,9.41,30262746.0,326578666.0
2022-12-13,9.44,9.53,9.42,9.48,23104683.0,250276708.0
2022-12-14,9.47,9.73,9.45,9.56,33273526.0,365409311.0
2022-12-15,9.53,9.59,9.4,9.46,26136674.0,283009033.0
2022-12-16,9.37,9.53,9.37,9.46,20248829.0,218624014.0
2022-12-19,9.5,9.58,9.24,9.27,30180310.0,323185009.0
2022-12-20,9.27,9.31,9.15,9.2,22624194.0,238214422.0
2022-12-21,9.19,9.24,9.1,9.14,17837527.0,186825892.0
2022-12-22,9.2,9.3,9.12,9.16,19069039.0,200847729.0
2022-12-23,9.1,9.16,8.97,9.02,18535406.0,191965606.0
2022-12-26,9.04,9.1,8.96,9.0,16051864.0,165587927.0
2022-12-27,9.0,9.11,8.97,9.07,17021911.0,176192358.0
2022-12-28,9.07,9.07,8.87,8.88,25626722.0,261461044.0
2022-12-29,8.84,8.9,8.77,8.86,18834634.0,190451746.0
2022-12-30,8.92,9.02,8.87,8.9,17651697.0,180548245.0
2023-01-03,8.9,8.99,8.8,8.98,27079220.0,275388859.0
2023-01-04,8.99,9.13,8.97,9.09,25143560.0,259982027.0
2023-01-05,9.12,9.38,9.11,9.36,50557734.0,536804389.0
2023-01-06,9.34,9.4,9.25,9.32,22853094.0,243298079.0
2023-01-09,9.42,9.53,9.37,9.51,33580963.0,364382107.0
2023-01-10,9.49,9.51,9.36,9.39,26388983.0,284127742.0
2023-01-11,9.39,9.46,9.32,9.34,17753100.0,190461043.0
2023-01-12,9.36,9.45,9.33,9.4,18389917.0,197514305.0
2023-01-13,9.42,9.56,9.39,9.56,32079824.0,348471158.0
2023-01-16,9.6,9.73,9.53,9.6,36900436.0,406851509.0
2023-01-17,9.6,9.65,9.52,9.57,21499447.0,235210450.0
2023-01-18,9.6,9.68,9.53,9.58,19219305.0,210905899.0
2023-01-19,9.59,9.67,9.5,9.67,25675603.0,281735978.0
2023-01-20,9.68,9.71,9.62,9.68,22285835.0,246273344.0
2023-01-30,9.84,9.91,9.74,9.83,47201614.0,530325552.0
2023-01-31,9.83,9.93,9.78,9.81,33427948.0,375868840.0
2023-02-01,9.84,10.06,9.83,10.06,43418171.0,493852095.0
2023-02-02,10.12,10.19,10.0,10.02,40862680.0,471775453.0
2023-02-03,9.97,10.21,9.81,10.13,57833369.0,661951146.0
2023-02-06,10.16,10.47,9.99,10.22,87950933.0,1034913144.0
2023-02-07,10.22,10.4,10.22,10.35,41290183.0,487008879.0
2023-02-08,10.38,10.54,10.26,10.43,50346588.0,599616609.0
2023-02-09,10.41,10.42,10.23,10.29,60768274.0,715547907.0
2023-02-10,10.23,10.33,10.18,10.28,27471116.0,322655554.0
2023-02-13,10.3,11.04,10.29,10.82,147841516.0,1822089531.0
2023-02-14,10.84,10.95,10.74,10.86,51296804.0,635140803.0
2023-02-15,10.86,11.07,10.85,10.88,49989450.0,626584413.0
2023-02-16,10.88,10.91,10.51,10.6,47452463.0,581420245.0
2023-02-17,10.64,10.9,10.63,10.71,50003240.0,615538758.0
2023-02-20,11.11,11.47,10.96,11.29,178248754.0,2299563575.0
2023-02-21,11.28,11.53,11.22,11.35,76224036.0,992269827.0
2023-02-22,11.27,11.3,11.09,11.22,56501502.0,723656652.0
2023-02-23,11.21,11.3,11.1,11.1,43420170.0,555229813.0
2023-02-24,11.11,11.15,10.92,10.96,40766250.0,511992429.0
2023-02-27,10.93,10.95,10.77,10.81,40626972.0,503781145.0
2023-02-28,10.83,10.9,10.73,10.88,28952219.0,357933738.0
2023-03-01,10.9,11.0,10.79,10.91,39635624.0,494143480.0
2023-03-02,10.89,11.2,10.88,11.0,44860450.0,568183203.0
2023-03-03,11.01,11.07,10.85,10.93,29077883.0,363345746.0
2023-03-06,10.97,10.97,10.52,10.65,69241732.0,843709939.0
2023-03-07,10.62,10.79,10.52,10.53,47032196.0,572197165.0
2023-03-08,10.51,10.52,10.38,10.47,37264510.0,445028788.0
2023-03-09,10.51,10.58,10.35,10.41,27067832.0,323278266.0
2023-03-10,10.35,10.35,10.11,10.15,50458584.0,587917819.0
2023-03-13,10.13,10.25,10.06,10.18,29323937.0,339955239.0
2023-03-14,10.17,10.31,10.08,10.2,39189299.0,456967527.0
2023-03-15,10.27,10.47,10.23,10.37,35094074.0,415464529.0
2023-03-16,10.3,10.35,10.13,10.18,27560054.0,322343090.0
2023-03-17,10.37,10.4,10.13,10.2,35841543.0,420977781.0
2023-03-20,10.2,10.35,10.1,10.11,38038985.0,444445394.0
2023-03-21,10.15,10.2,10.06,10.16,24551019.0,284161375.0
2023-03-22,10.22,10.44,10.16,10.37,44135971.0,521987581.0
2023-03-23,10.31,10.37,10.26,10.32,26753282.0,315173385.0
2023-03-24,10.35,10.37,9.94,10.1,81221686.0,937159159.0
2023-03-27,10.11,10.44,10.02,10.41,66063247.0,779166660.0
2023-03-28,10.41,10.76,10.41,10.68,65117381.0,792494734.0
2023-03-29,10.67,10.83,10.65,10.8,51417411.0,632313651.0
2023-03-30,10.81,10.81,10.54,10.73,46018606.0,560152507.0
2023-03-31,10.82,11.07,10.79,11.03,62612420.0,787353682.0
2023-04-03,11.07,11.22,11.02,11.11,51159837.0,649551449.0
2023-04-04,11.18,11.2,11.03,11.12,40934792.0,520096450.0
2023-04-06,11.07,11.14,10.85,10.95,44437600.0,557531768.0
2023-04-07,10.96,11.03,10.85,10.86,27483818.0,343088770.0
2023-04-10,10.86,10.92,10.67,10.71,32471592.0,399108897.0
2023-04-11,10.72,10.79,10.67,10.78,31558773.0,387119946.0
2023-04-12,10.78,10.78,10.61,10.62,37858661.0,462061649.0
2023-04-13,10.61,10.64,10.26,10.32,56454839.0,672179117.0
2023-04-14,10.37,10.44,10.3,10.37,31392208.0,371887712.0
2023-04-17,10.37,10.5,10.32,10.45,32382230.0,385724512.0
2023-04-18,10.44,10.52,10.4,10.5,25763042.0,308288752.0
2023-04-19,10.48,10.48,10.16,10.2,45799766.0,537562533.0
2023-04-20,10.27,10.34,10.19,10.31,29599272.0,347518597.0
2023-04-21,10.3,10.35,9.95,10.01,48097966.0,555335588.0
2023-04-24,10.01,10.06,9.83,9.88,32573901.0,369183635.0
2023-04-25,9.9,9.95,9.75,9.81,26694746.0,300153204.0
2023-04-26,9.79,10.02,9.77,9.92,22831773.0,258964555.0
2023-04-27,9.9,9.93,9.76,9.82,27019649.0,303242638.0
2023-04-28,9.91,10.09,9.88,10.08,26848023.0,307653052.0
2023-05-04,10.43,11.08,10.43,11.08,155177681.0,1936770631.0
2023-05-05,11.3,11.43,11.08,11.2,144700073.0,1858542367.0
2023-05-08,11.18,11.41,11.15,11.38,97747178.0,1269137957.0
2023-05-09,11.36,11.36,11.03,11.04,79701475.0,1020505092.0
2023-05-10,11.11,11.22,10.88,11.11,76176254.0,963181663.0
2023-05-11,11.14,11.15,10.96,10.97,34677204.0,437777832.0
2023-05-12,10.93,10.99,10.65,10.65,50053731.0,616054058.0
2023-05-15,10.92,11.07,10.67,10.96,53360059.0,660347591.0
2023-05-16,10.9,10.99,10.78,10.85,33347921.0,414426888.0
2023-05-17,10.85,10.93,10.71,10.79,32894488.0,405547036.0
2023-05-18,10.79,10.82,10.67,10.72,31414926.0,385075588.0
2023-05-19,10.76,10.76,10.57,10.57,31856992.0,387338531.0
2023-05-22,10.61,10.62,10.45,10.53,29558382.0,355861849.0
2023-05-23,10.53,10.58,10.44,10.44,25252520.0,303445267.0
2023-05-24,10.41,10.51,10.2,10.29,34971933.0,414627028.0
2023-05-25,10.24,10.34,10.1,10.21,30528867.0,356304039.0
2023-05-26,10.22,10.31,10.12,10.3,23114414.0,270049045.0
2023-05-29,10.3,10.31,10.08,10.11,31761276.0,368474402.0
2023-05-30,10.08,10.2,9.9,10.16,27230284.0,314250303.0
2023-05-31,10.12,10.25,10.04,10.11,38505638.0,446354082.0
2023-06-01,10.11,10.44,10.09,10.3,43248064.0,509416148.0
2023-06-02,10.32,10.45,10.32,10.39,27723390.0,329616898.0
2023-06-05,10.49,10.58,10.33,10.37,30263028.0,360921548.0
2023-06-06,10.34,10.46,10.17,10.21,28772779.0,339112913.0
2023-06-07,10.21,10.25,10.09,10.09,19134461.0,221711271.0
2023-06-08,10.09,10.26,10.06,10.2,21025482.0,244025438.0
2023-06-09,10.19,10.34,10.16,10.34,27393028.0,320989710.0
2023-06-12,10.29,10.47,10.19,10.44,38483020.0,456128964.0
2023-06-13,10.42,10.53,10.37,10.53,29728926.0,355668216.0
2023-06-14,10.57,10.65,10.5,10.55,31386009.0,379614202.0
2023-06-15,10.57,10.74,10.54,10.71,28723794.0,350539317.0
2023-06-16,10.71,10.82,10.68,10.79,30221564.0,371754676.0
2023-06-19,10.78,10.82,10.67,10.7,32511833.0,398302840.0
2023-06-20,10.72,10.74,10.59,10.6,27640691.0,336753416.0
2023-06-21,10.59,10.79,10.55,10.65,32764871.0,399677140.0
2023-06-26,10.44,10.58,10.37,10.42,37665915.0,450901971.0
2023-06-27,10.43,10.86,10.41,10.76,48249441.0,590509588.0
2023-06-28,10.74,10.91,10.68,10.82,39824821.0,491962912.0
2023-06-29,10.79,10.92,10.73,10.9,35400457.0,439541499.0
2023-06-30,10.85,11.0,10.8,10.9,33691064.0,420397020.0
2023-07-03,11.35,11.37,11.16,11.27,96209923.0,1239168734.0
2023-07-04,11.27,11.35,11.15,11.21,51951016.0,667025883.0
2023-07-05,11.21,11.26,11.11,11.14,39034381.0,497984598.0
2023-07-06,11.13,11.27,11.02,11.12,43754669.0,556371503.0
2023-07-07,11.07,11.12,10.99,11.07,26419663.0,334000523.0
2023-07-10,11.08,11.28,11.06,11.14,37210819.0,474082978.0
2023-07-11,11.13,11.27,11.1,11.25,36961777.0,473480319.0
2023-07-12,11.27,11.41,11.04,11.07,48157611.0,617355423.0
2023-07-13,11.05,11.15,11.04,11.07,33805791.0,428193155.0
2023-07-14,11.05,11.11,10.96,11.04,33317726.0,420087853.0
2023-07-17,11.04,11.11,10.97,11.07,25096867.0,317171341.0
2023-07-18,11.07,11.18,11.04,11.13,32003475.0,406926154.0
2023-07-19,11.09,11.17,11.07,11.15,22158931.0,281744805.0
2023-07-20,11.15,11.27,11.0,11.02,26625345.0,338645710.0
2023-07-21,11.0,11.09,10.92,10.98,22563277.0,283496392.0
2023-07-24,10.98,11.05,10.93,11.0,18760855.0,235851158.0
2023-07-25,11.1,11.3,11.1,11.21,41568912.0,533174732.0
2023-07-26,11.18,11.23,10.97,10.99,34829222.0,440779073.0
2023-07-27,11.02,11.13,10.95,10.95,20407588.0,257497596.0
2023-07-28,10.93,11.36,10.86,11.31,60949012.0,782127081.0
2023-07-31,11.35,11.58,11.35,11.55,73500995.0,968842619.0
2023-08-01,11.48,11.55,11.37,11.37,39666221.0,518678085.0
2023-08-02,11.35,11.48,11.31,11.37,25515421.0,332105126.0
2023-08-03,11.31,11.37,11.22,11.34,23724587.0,306486577.0
2023-08-04,11.38,11.5,11.36,11.37,28480134.0,371513363.0
2023-08-07,11.35,11.41,11.28,11.36,21030293.0,272898568.0
2023-08-08,11.36,11.39,11.17,11.22,22052576.0,283785472.0
2023-08-09,11.22,11.28,11.15,11.18,21869636.0,279913729.0
2023-08-10,11.18,11.27,11.07,11.19,26446261.0,337658733.0
2023-08-11,11.19,11.19,10.72,10.76,56771974.0,704736867.0
2023-08-14,10.65,10.76,10.48,10.71,31952743.0,388273245.0
2023-08-15,10.71,10.79,10.58,10.65,22272820.0,272062454.0
2023-08-16,10.63,10.69,10.51,10.59,20192304.0,244623384.0
2023-08-17,10.56,10.73,10.48,10.72,21154280.0,257234780.0
2023-08-18,10.71,10.8,10.58,10.58,17172712.0,209823935.0
2023-08-21,10.58,10.69,10.43,10.43,22221918.0,268026177.0
2023-08-22,10.48,10.58,10.34,10.46,25867378.0,309144770.0
2023-08-23,10.47,10.51,10.33,10.33,16980949.0,202040993.0
2023-08-24,10.35,10.44,10.3,10.33,19342723.0,229169853.0
2023-08-25,10.35,10.42,10.26,10.29,22025084.0,256515470.0
2023-08-28,10.86,10.89,10.51,10.55,49424231.0,595818260.0
2023-08-29,10.57,10.65,10.49,10.51,47753998.0,568237507.0
2023-08-30,10.52,10.57,10.42,10.45,29080197.0,343822173.0
2023-08-31,10.57,10.71,10.46,10.46,37863174.0,451185964.0
2023-09-01,10.53,10.73,10.53,10.72,43787273.0,525953616.0
2023-09-04,10.81,11.19,10.78,11.17,72029187.0,900096216.0
2023-09-05,11.1,11.2,11.09,11.12,33930540.0,425896887.0
2023-09-06,11.08,11.12,10.95,10.98,24880902.0,308627837.0
2023-09-07,10.99,11.01,10.86,10.88,24170446.0,297730441.0
2023-09-08,10.83,10.91,10.65,10.66,30088737.0,364132476.0
2023-09-11,10.73,10.96,10.73,10.9,29360220.0,359957686.0
2023-09-12,10.94,10.96,10.86,10.9,21320384.0,262372596.0
2023-09-13,10.9,10.94,10.73,10.78,19671961.0,239737318.0
2023-09-14,10.78,10.81,10.67,10.74,19267940.0,233340065.0
2023-09-15,10.8,10.87,10.69,10.73,25679243.0,312002784.0
2023-09-18,10.73,10.84,10.66,10.81,19461977.0,236803389.0
2023-09-19,10.83,10.88,10.7,10.85,20598704.0,251073470.0
2023-09-20,10.82,10.88,10.75,10.84,16795422.0,205289369.0
2023-09-21,10.78,10.86,10.69,10.71,22961017.0,278296663.0
2023-09-22,10.84,11.06,10.77,10.95,44931239.0,552664060.0
2023-09-25,10.95,11.22,10.91,11.12,58462580.0,732152645.0
2023-09-26,11.09,11.37,11.07,11.28,62560521.0,797467362.0
2023-09-27,11.28,11.29,11.14,11.18,32489185.0,410495492.0
2023-09-28,11.19,11.26,11.1,11.11,26180805.0,329530315.0
2023-10-09,11.11,11.33,11.03,11.22,41961001.0,529483812.0
2023-10-10,11.22,11.28,11.09,11.12,26719142.0,336300539.0
2023-10-11,11.21,11.32,11.17,11.24,29500000.0,374669692.0
2023-10-12,11.25,11.38,11.22,11.35,32853191.0,420169713.0
2023-10-13,11.33,11.39,11.28,11.36,28370117.0,363487117.0
2023-10-16,11.52,12.01,11.52,11.89,153529604.0,2046310285.0
2023-10-17,11.87,12.03,11.75,11.84,72473303.0,970569425.0
2023-10-18,11.82,12.01,11.79,11.82,70817303.0,951769387.0
2023-10-19,11.74,11.86,11.66,11.68,64884111.0,859847941.0
2023-10-20,11.68,11.77,11.53,11.6,48744626.0,638559527.0
2023-10-23,11.53,11.74,11.42,11.52,45502200.0,594427591.0
2023-10-24,11.55,11.61,11.4,11.51,64667239.0,838317660.0
2023-10-25,12.23,12.67,12.14,12.53,217889309.0,3088142664.0
2023-10-26,12.34,12.56,12.11,12.49,100668645.0,1402060402.0
2023-10-27,12.65,12.79,12.43,12.52,84872247.0,1186019322.0
2023-10-30,12.44,12.56,12.36,12.43,56850349.0,786030324.0
2023-10-31,12.51,12.67,12.37,12.5,61888957.0,857668884.0
2023-11-01,12.45,12.72,12.38,12.66,80020669.0,1119734935.0
2023-11-02,12.65,13.01,12.64,12.75,83790168.0,1196381739.0
2023-11-03,12.75,12.83,12.67,12.7,43328588.0,611991028.0
2023-11-06,12.73,12.8,12.58,12.72,54917112.0,772550855.0
2023-11-07,12.73,12.89,12.62,12.78,56092340.0,798368010.0
2023-11-08,12.73,12.74,12.58,12.73,39297435.0,553166271.0
2023-11-09,12.73,12.85,12.64,12.74,30579844.0,432982663.0
2023-11-10,12.69,12.82,12.58,12.77,37239772.0,525273280.0
2023-11-13,12.82,12.82,12.56,12.62,47120060.0,660553372.0
2023-11-14,12.61,12.7,12.56,12.63,26188915.0,367457191.0
2023-11-15,12.74,13.0,12.71,13.0,56457288.0,807242843.0
2023-11-16,13.0,13.07,12.87,12.94,36403512.0,524468251.0
2023-11-17,12.94,13.18,12.9,13.13,47282451.0,686347811.0
2023-11-20,13.19,13.38,13.1,13.31,59516247.0,877026892.0
2023-11-21,13.31,13.65,13.27,13.34,75519722.0,1129387950.0
2023-11-22,13.29,13.39,13.06,13.1,48078007.0,705348992.0
2023-11-23,13.1,13.46,13.1,13.44,43661981.0,645309035.0
2023-11-24,13.42,13.5,13.31,13.4,36942547.0,550352131.0
2023-11-27,13.45,13.56,13.38,13.5,40098370.0,599527613.0
2023-11-28,13.52,13.76,13.47,13.75,54617891.0,828362678.0
2023-11-29,13.73,13.74,13.52,13.59,40189765.0,607294727.0
2023-11-30,13.51,13.63,13.38,13.42,52575294.0,786077450.0
2023-12-01,13.42,13.45,12.48,12.52,156498038.0,2226538405.0
2023-12-04,12.52,12.76,12.47,12.68,73721810.0,1038213810.0
2023-12-05,12.67,12.8,12.56,12.63,43801633.0,616557831.0
2023-12-06,12.61,12.83,12.5,12.7,39169085.0,553767749.0
2023-12-07,12.7,12.81,12.52,12.6,31934296.0,446978330.0
2023-12-08,12.61,12.67,12.52,12.54,37349909.0,522088219.0
2023-12-11,12.51,12.63,12.34,12.58,36970571.0,513385868.0
2023-12-12,12.6,12.7,12.49,12.66,28428905.0,398143063.0
2023-12-13,12.7,12.73,12.56,12.6,28041047.0,393711740.0
2023-12-14,12.61,12.68,12.35,12.36,39240365.0,543707398.0
2023-12-15,12.38,12.42,12.26,12.3,31519558.0,431545694.0
2023-12-18,12.26,12.3,12.12,12.2,35007514.0,474925012.0
2023-12-19,12.22,12.22,11.93,12.21,33207649.0,446197504.0
2023-12-20,12.23,12.3,12.03,12.07,23377212.0,315442365.0
2023-12-21,12.01,12.2,11.97,12.12,31846218.0,427701843.0
2023-12-22,12.14,12.27,12.08,12.13,29160782.0,393871470.0
2023-12-25,12.11,12.38,12.09,12.37,25973318.0,354259178.0
2023-12-26,12.33,12.41,12.23,12.31,21787500.0,297775466.0
2023-12-27,12.33,12.39,12.2,12.3,24051915.0,327931401.0
2023-12-28,12.3,12.34,12.1,12.18,41091361.0,556294376.0
2023-12-29,12.18,12.48,12.16,12.29,39151598.0,535339558.0
2024-01-02,12.31,12.65,12.26,12.5,49713440.0,690350895.0
2024-01-03,12.45,12.75,12.39,12.62,59944491.0,839756135.0
2024-01-04,12.62,12.79,12.56,12.72,42834504.0,602671048.0
2024-01-05,12.74,13.01,12.67,12.74,51504783.0,735846448.0
2024-01-08,12.83,12.92,12.55,12.59,41252914.0,580715059.0
2024-01-09,12.59,12.76,12.56,12.7,32360938.0,455705066.0
2024-01-10,12.63,12.8,12.49,12.64,31266132.0,438715472.0
2024-01-11,12.64,12.86,12.51,12.7,41243268.0,583670764.0
2024-01-12,12.74,13.13,12.73,13.01,55806000.0,806078046.0
2024-01-15,12.94,13.23,12.85,13.12,47192286.0,684590945.0
2024-01-16,13.06,13.63,13.06,13.47,79100006.0,1180082455.0
2024-01-17,13.44,13.54,13.26,13.26,41654853.0,618930123.0
2024-01-18,13.15,13.22,12.74,13.15,67631222.0,973429268.0
2024-01-19,13.06,13.07,12.83,12.88,45958020.0,660184663.0
2024-01-22,12.88,12.97,12.58,12.64,59687731.0,850428022.0
2024-01-23,12.61,12.78,12.4,12.69,45718403.0,639971824.0
2024-01-24,12.93,13.29,12.89,13.24,75525658.0,1097480194.0
2024-01-25,13.2,13.65,13.19,13.59,64528835.0,968752110.0
2024-01-26,13.61,13.74,13.48,13.65,47978254.0,726243533.0
2024-01-29,13.65,13.8,13.52,13.53,47263484.0,716258728.0
2024-01-30,13.48,13.66,13.42,13.45,50774919.0,764450598.0
2024-01-31,13.43,13.63,13.28,13.3,43695166.0,650650874.0
2024-02-01,13.3,13.74,13.24,13.54,54232795.0,815949970.0
2024-02-02,13.56,13.7,13.13,13.47,52995100.0,793937852.0
2024-02-05,13.33,13.72,13.28,13.6,87351749.0,1312878915.0
2024-02-06,13.51,13.92,13.47,13.87,79339878.0,1214780314.0
2024-02-07,13.8,14.12,13.74,13.93,96723463.0,1494763778.0
2024-02-08,13.97,14.2,13.93,14.16,60984151.0,956603968.0
2024-02-19,14.01,14.23,13.97,14.21,53086884.0,833065001.0
2024-02-20,14.17,14.71,14.14,14.66,79745650.0,1287705849.0
2024-02-21,14.7,14.88,14.55,14.57,63770939.0,1041098351.0
2024-02-22,14.5,14.85,14.45,14.81,50720041.0,829086786.0
2024-02-23,14.9,14.95,14.64,14.66,33865608.0,553565765.0
2024-02-26,14.83,15.33,14.83,15.09,78484560.0,1318478176.0
2024-02-27,15.08,15.12,14.86,15.02,47716131.0,793896984.0
2024-02-28,15.02,15.02,14.32,14.38,90495402.0,1454325948.0
2024-02-29,14.35,15.25,14.31,15.2,81809963.0,1353398577.0
2024-03-01,15.31,15.35,14.63,14.71,82464578.0,1355640983.0
2024-03-04,14.69,14.89,14.49,14.61,69505481.0,1130372765.0
2024-03-05,14.64,14.84,14.46,14.75,59605777.0,970683416.0
2024-03-06,14.74,15.01,14.71,14.8,48491401.0,799137143.0
2024-03-07,14.77,15.04,14.76,14.91,45413748.0,752522637.0
2024-03-08,14.91,15.11,14.87,14.95,36929026.0,613788563.0
2024-03-11,14.96,15.09,14.5,14.71,50770651.0,829063578.0
2024-03-12,14.7,14.74,14.14,14.31,88607828.0,1405957135.0
2024-03-13,14.4,14.45,14.22,14.37,49484994.0,788647024.0
2024-03-14,14.37,14.93,14.32,14.78,73109364.0,1201748844.0
2024-03-15,14.79,14.84,14.59,14.79,31820694.0,520550607.0
2024-03-18,14.8,15.02,14.79,14.91,34420038.0,568904360.0
2024-03-19,14.84,14.86,14.45,14.62,55087096.0,891874510.0
2024-03-20,14.59,14.75,14.46,14.54,37268950.0,603592179.0
2024-03-21,14.54,14.6,14.36,14.43,33831489.0,543758762.0
2024-03-22,14.45,14.51,14.29,14.46,34658054.0,553629256.0
2024-03-25,14.43,14.85,14.39,14.65,50832905.0,829216644.0
2024-03-26,14.69,14.93,14.55,14.87,52513767.0,862863145.0
2024-03-27,14.92,14.93,14.48,14.48,39537131.0,643065057.0
2024-03-28,14.37,14.86,14.37,14.69,45777005.0,747138349.0
2024-03-29,14.62,15.1,14.62,15.03,43968597.0,731124435.0
2024-04-01,15.19,15.5,15.17,15.46,71497998.0,1220459059.0
2024-04-02,15.49,16.05,15.49,16.01,82866133.0,1462811782.0
2024-04-03,16.01,16.07,15.87,16.01,43010276.0,762402736.0
2024-04-08,15.9,16.24,15.86,15.99,42022104.0,750027523.0
2024-04-09,16.03,16.08,15.58,15.78,48933250.0,854402334.0
2024-04-10,15.72,15.96,15.66,15.81,25042390.0,439805144.0
2024-04-11,15.76,16.33,15.68,16.12,52263304.0,935204488.0
2024-04-12,16.04,16.24,16.01,16.12,33441002.0,599489767.0
2024-04-15,16.1,16.66,16.03,16.56,71839751.0,1309752160.0
2024-04-16,16.53,16.68,16.31,16.36,57612129.0,1054661440.0
2024-04-17,16.44,16.65,16.17,16.65,49704878.0,909448683.0
2024-04-18,16.61,16.89,16.49,16.56,47246573.0,873651370.0
2024-04-19,16.48,16.72,16.46,16.65,32992121.0,609030326.0
2024-04-22,16.74,17.13,16.33,16.36,73531800.0,1361628606.0
2024-04-23,16.28,16.35,15.7,15.79,75060683.0,1327980610.0
2024-04-24,15.55,16.05,15.55,16.02,43977873.0,776734156.0
2024-04-25,16.0,16.11,15.72,15.8,28032204.0,492567155.0
2024-04-26,15.87,16.0,15.66,15.91,45356819.0,795592566.0
2024-04-29,15.93,16.06,15.65,15.98,53999838.0,955027636.0
2024-04-30,16.05,16.12,15.55,15.66,67858870.0,1190299071.0
2024-05-06,15.67,15.91,15.15,15.59,126310770.0,2161950695.0
2024-05-07,15.54,15.89,15.5,15.68,45363830.0,791805223.0
2024-05-08,15.8,15.82,15.47,15.52,27805272.0,481860307.0
2024-05-09,15.46,16.24,15.42,16.18,73519562.0,1302081778.0
2024-05-10,16.09,16.37,15.88,16.02,56429553.0,1008678033.0
2024-05-13,15.97,16.08,15.82,16.03,42200355.0,748616836.0
2024-05-14,16.02,16.35,15.82,15.91,56428120.0,1003555495.0
2024-05-15,15.9,16.49,15.84,16.19,65284558.0,1179363213.0
2024-05-16,16.19,16.24,15.72,15.72,69303676.0,1219505460.0
2024-05-17,15.7,15.92,15.31,15.48,51935725.0,893949087.0
2024-05-20,15.4,15.47,14.45,14.93,168886114.0,2769355533.0
2024-05-21,14.86,15.19,14.82,15.13,75565300.0,1264534977.0
2024-05-22,15.01,15.16,14.81,14.9,50168583.0,831712211.0
2024-05-23,14.84,14.92,14.56,14.63,70681025.0,1153363959.0
2024-05-24,14.55,14.74,14.42,14.61,51044590.0,829763016.0
2024-05-27,14.63,15.01,14.54,14.94,80312682.0,1319558373.0
2024-05-28,14.94,14.99,14.58,14.59,49114142.0,801852570.0
2024-05-29,14.58,14.59,14.21,14.5,58119416.0,930939563.0
2024-05-30,14.49,14.73,14.45,14.6,37209684.0,603824568.0
2024-05-31,14.55,14.66,14.31,14.33,60818800.0,974547564.0
2024-06-03,14.24,14.46,13.89,14.02,91951547.0,1438810873.0
2024-06-04,13.97,14.43,13.78,14.32,72658142.0,1142795031.0
2024-06-05,14.32,14.38,14.16,14.18,35374717.0,560181878.0
2024-06-06,14.18,14.55,14.16,14.41,48246356.0,773241976.0
2024-06-07,14.39,14.54,14.24,14.47,50441133.0,806148882.0
2024-06-11,14.43,14.45,13.98,14.13,55990883.0,879986929.0
2024-06-12,14.05,14.28,14.0,14.22,32097509.0,505132345.0
2024-06-13,14.23,14.28,13.88,13.98,38258505.0,594552252.0
2024-06-14,13.96,14.55,13.92,14.37,82038464.0,1308513555.0
2024-06-17,14.28,14.53,14.12,14.18,49207937.0,780482248.0
2024-06-18,14.18,14.25,13.67,14.22,68298743.0,1057641297.0
2024-06-19,14.18,14.29,13.97,14.01,45683242.0,716164070.0
2024-06-20,13.99,14.1,13.71,13.79,38376852.0,590206444.0
2024-06-21,13.83,13.92,13.62,13.86,44247931.0,678005129.0
2024-06-24,13.81,14.0,13.56,13.74,47156536.0,717700620.0
2024-06-25,13.68,14.46,13.68,14.32,96915871.0,1534691044.0
2024-06-26,14.28,14.53,14.1,14.52,58801628.0,938431525.0
2024-06-27,14.46,14.77,14.39,14.55,77545924.0,1256741589.0
2024-06-28,14.57,14.99,14.52,14.9,71975274.0,1168152055.0
2024-07-01,14.84,14.85,14.18,14.41,95924722.0,1506390576.0
2024-07-02,14.33,14.37,13.25,13.48,161580520.0,2388235245.0
2024-07-03,13.39,13.5,12.98,13.04,93547921.0,1342199645.0
2024-07-04,13.1,13.38,13.01,13.06,70876216.0,1017807171.0
2024-07-05,13.02,13.08,12.73,12.93,56751968.0,797107316.0
2024-07-08,12.85,12.86,12.37,12.47,89771174.0,1228388958.0
2024-07-09,12.57,13.03,12.53,13.03,86712878.0,1215505600.0
2024-07-10,13.0,13.05,12.76,12.93,53068810.0,746964635.0
2024-07-11,13.09,13.21,12.92,13.1,58068459.0,827937128.0
2024-07-12,12.99,13.14,12.86,13.09,36486097.0,518957141.0
2024-07-15,13.48,13.72,13.39,13.46,72986110.0,1075501201.0
2024-07-16,13.45,13.61,12.78,12.81,111886230.0,1576614828.0
2024-07-17,12.75,12.78,12.56,12.67,66321443.0,915790633.0
2024-07-18,12.61,12.8,12.52,12.7,53363152.0,737324588.0
2024-07-19,12.63,12.91,12.6,12.75,55018054.0,766329691.0
2024-07-22,12.66,12.7,12.27,12.37,75701447.0,1023378766.0
2024-07-23,12.42,12.55,12.08,12.09,56843939.0,759862610.0
2024-07-24,12.03,12.15,11.77,11.93,67577065.0,878195485.0
2024-07-25,11.97,11.97,11.7,11.79,44131886.0,566958418.0
2024-07-26,12.38,12.97,12.29,12.97,149337635.0,2077771176.0
2024-07-29,13.21,13.29,12.43,12.72,150414215.0,2086082903.0
2024-07-30,12.65,12.75,12.16,12.25,94619979.0,1274750536.0
2024-07-31,12.21,12.73,12.15,12.66,99838236.0,1365768563.0
2024-08-01,12.48,12.69,12.3,12.37,80318417.0,1088524099.0
2024-08-02,12.26,12.35,11.95,12.02,84632127.0,1115759650.0
2024-08-05,11.83,12.11,11.8,11.81,67025603.0,872842091.0
2024-08-06,11.92,12.01,11.74,11.89,58570124.0,758073937.0
2024-08-07,11.83,12.01,11.77,11.77,52523378.0,679508598.0
2024-08-08,11.7,11.8,11.49,11.73,61835368.0,785683854.0
2024-08-09,11.79,11.99,11.6,11.61,51550350.0,661362519.0
2024-08-12,11.56,11.68,11.49,11.59,36076157.0,455580694.0
2024-08-13,11.57,12.0,11.57,11.88,74017007.0,956421100.0
2024-08-14,11.86,11.96,11.75,11.76,34975170.0,450419082.0
2024-08-15,11.74,12.04,11.68,11.93,52987967.0,688656073.0
2024-08-16,11.94,11.98,11.68,11.7,53726295.0,689941675.0
2024-08-19,11.73,11.94,11.69,11.92,59348040.0,770024629.0
2024-08-20,11.92,11.95,11.7,11.84,43701590.0,561918336.0
2024-08-21,11.81,12.05,11.78,11.95,55149033.0,718868733.0
2024-08-22,11.95,11.98,11.79,11.92,45250301.0,586639462.0
2024-08-23,12.01,12.31,11.91,12.24,84901648.0,1125073271.0
2024-08-26,12.27,12.35,11.9,11.98,76208012.0,997624702.0
2024-08-27,11.94,11.95,11.74,11.79,46650228.0,600617503.0
2024-08-28,11.74,11.82,11.66,11.75,43304924.0,554138303.0
2024-08-29,11.7,11.76,11.6,11.64,61175478.0,778652642.0
2024-08-30,11.61,12.09,11.39,11.89,108317319.0,1397072681.0
2024-09-02,11.83,11.83,11.55,11.64,70975797.0,902662114.0
2024-09-03,11.59,11.66,11.5,11.6,53103677.0,671326423.0
2024-09-04,11.55,11.7,11.36,11.56,56388210.0,708817317.0
2024-09-05,11.59,11.77,11.57,11.7,47112260.0,600362891.0
2024-09-06,11.69,11.75,11.46,11.47,45933519.0,579730381.0
2024-09-09,11.37,11.43,11.1,11.17,63910639.0,780564910.0
2024-09-10,11.14,11.19,10.96,11.13,51211297.0,617268570.0
2024-09-11,11.07,11.09,10.85,10.93,58169440.0,693476288.0
2024-09-12,10.93,11.14,10.77,10.8,49502132.0,588979431.0
2024-09-13,10.81,10.91,10.68,10.75,37906401.0,446498890.0
2024-09-18,10.75,11.09,10.7,11.04,49640963.0,591622639.0
2024-09-19,11.05,11.68,10.92,11.59,95869713.0,1196795863.0
2024-09-20,11.56,11.59,11.32,11.45,66681427.0,833138426.0
2024-09-23,11.46,11.65,11.41,11.57,39399987.0,497487817.0
2024-09-24,11.66,11.92,11.48,11.92,83047726.0,1064497272.0
2024-09-25,12.13,12.43,12.02,12.04,96420923.0,1284869037.0
2024-09-26,12.02,12.66,12.0,12.66,90636678.0,1221427057.0
2024-09-27,13.04,13.53,12.9,13.36,135605698.0,1951706629.0
2024-09-30,13.92,14.66,13.6,14.56,191336684.0,2961878396.0
2024-10-08,16.0,16.0,14.25,14.63,249370652.0,4083079718.0
2024-10-09,14.31,14.31,13.2,13.28,198442994.0,2964034530.0
2024-10-10,13.3,13.92,13.29,13.62,123097382.0,1832039421.0
2024-10-11,13.62,13.71,12.99,13.13,94446244.0,1365821077.0
2024-10-14,13.14,13.38,13.03,13.32,76425584.0,1102436585.0
2024-10-15,13.28,13.29,12.67,12.7,123005758.0,1730843371.0
2024-10-16,12.6,12.7,12.47,12.59,89389154.0,1224506106.0
2024-10-17,12.64,12.81,12.44,12.44,64932831.0,892041547.0
2024-10-18,12.46,12.92,12.28,12.69,117281274.0,1563309659.0
2024-10-21,12.7,12.9,12.48,12.76,99238713.0,1333190285.0
2024-10-22,12.73,12.85,12.65,12.77,100844189.0,1361907496.0
2024-10-23,12.81,12.96,12.65,12.87,124661029.0,1691533024.0
2024-10-24,12.87,12.87,12.57,12.57,85485427.0,1147313743.0
2024-10-25,12.56,12.84,12.52,12.74,87884477.0,1183295727.0
2024-10-28,12.72,12.97,12.67,12.97,101393111.0,1384545454.0
2024-10-29,13.0,13.05,12.64,12.66,96825657.0,1314111304.0
2024-10-30,12.6,12.77,12.56,12.72,69905173.0,940388936.0
2024-10-31,12.74,12.77,12.52,12.59,112205615.0,1502645355.0
2024-11-01,12.6,12.85,12.54,12.69,109503655.0,1480072844.0
2024-11-04,12.69,12.85,12.59,12.72,97325372.0,1308466971.0
2024-11-05,12.69,13.1,12.57,13.01,156498236.0,2134415873.0
2024-11-06,13.02,13.16,12.9,13.0,135454365.0,1870899666.0
2024-11-07,12.92,13.48,12.84,13.48,173524780.0,2441510155.0
2024-11-08,13.59,13.68,13.25,13.34,142016369.0,2020790872.0
2024-11-11,13.25,13.4,13.07,13.39,121622495.0,1709531110.0
2024-11-12,13.38,13.67,13.16,13.22,136642045.0,1942487853.0
2024-11-13,13.1,13.22,12.96,13.11,107298697.0,1488263326.0
2024-11-14,13.07,13.18,12.77,12.77,93185757.0,1279529437.0
2024-11-15,12.75,13.25,12.73,13.12,141867195.0,1967258817.0
2024-11-18,13.19,13.29,12.84,12.94,106078883.0,1470514026.0
2024-11-19,12.94,13.08,12.81,13.08,91136484.0,1251841497.0
2024-11-20,13.02,13.14,12.96,13.12,79198387.0,1095857226.0
2024-11-21,13.04,13.41,13.02,13.29,131109752.0,1848999990.0
2024-11-22,13.29,13.29,12.73,12.74,110161951.0,1517713753.0
2024-11-25,12.74,12.85,12.55,12.63,89133290.0,1195993174.0
2024-11-26,12.59,12.6,12.35,12.36,83355686.0,1099445657.0
2024-11-27,12.31,12.52,12.23,12.52,57092408.0,749796221.0
2024-11-28,12.54,12.58,12.4,12.44,44179340.0,583497002.0
2024-11-29,12.42,12.72,12.4,12.66,90828684.0,1212261090.0
2024-12-02,12.62,12.88,12.58,12.85,67279156.0,909746384.0
2024-12-03,12.83,12.85,12.69,12.77,55350434.0,748162032.0
2024-12-04,12.73,12.94,12.69,12.81,71926095.0,979285444.0
2024-12-05,12.75,12.82,12.65,12.72,44614940.0,601658602.0
2024-12-06,12.7,12.91,12.69,12.83,58489501.0,795283889.0
2024-12-09,12.84,12.94,12.74,12.8,46038938.0,626673437.0
2024-12-10,13.09,13.16,12.78,12.81,89440374.0,1228750295.0
2024-12-11,12.81,12.91,12.77,12.88,45679632.0,623235303.0
2024-12-12,12.88,13.02,12.85,13.01,59773756.0,820226950.0
2024-12-13,12.95,12.96,12.66,12.66,83872406.0,1133545111.0
2024-12-16,12.66,12.71,12.37,12.42,68804655.0,912741137.0
2024-12-17,12.42,12.67,12.41,12.49,67237312.0,894171094.0
2024-12-18,12.55,12.66,12.47,12.51,45290441.0,602301306.0
2024-12-19,12.42,12.53,12.37,12.5,42463668.0,561922040.0
2024-12-20,12.5,12.52,12.33,12.5,44684222.0,589561238.0
2024-12-23,12.55,13.28,12.55,13.0,212604572.0,2935190549.0
2024-12-24,12.9,13.22,12.85,12.99,123231412.0,1695942850.0
2024-12-25,12.99,13.3,12.99,13.2,152160026.0,2128127361.0
2024-12-26,13.17,13.19,13.02,13.12,77422610.0,1076985729.0
2024-12-27,13.35,13.35,12.92,13.09,99277555.0,1374578819.0
2024-12-30,13.03,13.25,13.02,13.11,73364705.0,1023581744.0
2024-12-31,13.13,13.25,12.9,12.92,87359222.0,1210662648.0
2025-01-02,12.94,13.04,12.69,12.75,100826724.0,1375335223.0
2025-01-03,12.77,13.18,12.73,12.74,120346320.0,1651963129.0
2025-01-06,12.79,13.05,12.76,12.92,82541429.0,1129357276.0
2025-01-07,12.86,13.05,12.69,12.96,77527649.0,1059341947.0
2025-01-08,12.85,14.13,12.84,13.87,334538330.0,4789896054.0
2025-01-09,13.84,13.92,13.58,13.81,167594210.0,2446962193.0
2025-01-10,13.77,13.84,13.28,13.3,154216528.0,2195929548.0
2025-01-13,13.11,13.42,13.02,13.11,100021054.0,1398922918.0
2025-01-14,13.2,13.8,13.2,13.74,138601413.0,1997621638.0
2025-01-15,13.68,13.91,13.64,13.7,82496782.0,1203609524.0
2025-01-16,13.8,13.94,13.7,13.73,84202673.0,1231718064.0
2025-01-17,13.68,13.77,13.58,13.69,57927960.0,840108405.0
2025-01-20,13.79,13.91,13.65,13.71,86567724.0,1261291062.0
2025-01-21,13.78,13.87,13.63,13.71,74552460.0,1085638986.0
2025-01-22,13.58,13.75,13.47,13.57,57328155.0,824752810.0
2025-01-23,13.68,13.72,13.36,13.38,76456908.0,1096462155.0
2025-01-24,13.35,13.59,13.25,13.52,71123297.0,1016736909.0
2025-01-27,13.53,13.74,13.44,13.58,76413196.0,1102833014.0
2025-02-05,13.65,13.68,13.17,13.18,84709273.0,1192605443.0
2025-02-06,13.19,13.23,12.94,13.22,86885158.0,1206403274.0
2025-02-07,13.18,13.34,13.02,13.31,101270719.0,1419090257.0
2025-02-10,13.32,13.45,13.2,13.29,80903085.0,1141855500.0
2025-02-11,13.32,13.94,13.22,13.58,149006454.0,2150438566.0
2025-02-12,13.51,13.94,13.42,13.94,146569071.0,2142791218.0
2025-02-13,13.92,14.07,13.73,13.8,95304089.0,1401235069.0
2025-02-14,13.8,14.03,13.72,13.91,86470968.0,1273246162.0
2025-02-17,13.99,14.01,13.69,13.88,76055291.0,1115032621.0
2025-02-18,13.88,14.19,13.68,13.75,112846683.0,1672253955.0
2025-02-19,13.7,13.95,13.68,13.92,83247066.0,1221609183.0
2025-02-20,13.92,14.01,13.72,13.93,74472664.0,1094915380.0
2025-02-21,14.15,14.98,14.15,14.84,262065554.0,4077780419.0
2025-02-24,14.79,14.8,14.42,14.51,123406633.0,1903829469.0
2025-02-25,14.41,15.03,14.34,14.71,138640805.0,2168069363.0
2025-02-26,14.74,15.01,14.72,14.88,102359972.0,1613976858.0
2025-02-27,14.85,15.17,14.79,15.13,118532748.0,1892718002.0
2025-02-28,15.09,15.17,14.79,14.8,93063948.0,1473820363.0
2025-03-03,14.86,15.38,14.82,14.92,103619736.0,1662388650.0
2025-03-04,14.74,15.09,14.67,15.01,63788655.0,1011572487.0
2025-03-05,15.23,15.51,15.06,15.17,72234285.0,1166919051.0
2025-03-06,15.43,15.69,15.27,15.46,96181641.0,1573252217.0
2025-03-07,15.42,15.82,15.3,15.65,86309332.0,1431064601.0
2025-03-10,15.65,15.76,15.31,15.43,75805573.0,1246397544.0
2025-03-11,15.19,15.68,15.19,15.55,77436800.0,1270993845.0
2025-03-12,15.63,15.67,15.39,15.43,48477752.0,795120197.0
2025-03-13,15.4,15.46,14.91,15.02,102712589.0,1644050306.0
2025-03-14,15.02,15.18,14.92,15.1,72200695.0,1154996661.0
2025-03-17,15.19,15.49,15.05,15.44,74071865.0,1202696502.0
2025-03-18,15.44,15.5,15.28,15.46,49983270.0,815422224.0
2025-03-19,16.5,16.7,15.54,15.84,167975230.0,2836644033.0
2025-03-20,15.68,15.8,15.52,15.66,63055909.0,1047663379.0
2025-03-21,15.71,15.72,15.24,15.34,58376691.0,954804251.0
2025-03-24,15.34,15.54,15.2,15.33,50864041.0,827574294.0
2025-03-25,15.34,15.35,15.01,15.04,52735376.0,844999961.0
2025-03-26,15.02,15.07,14.88,14.9,46821875.0,742181041.0
2025-03-27,14.9,14.95,14.81,14.86,33559257.0,529770028.0
2025-03-28,15.05,15.45,15.05,15.37,91779478.0,1486492126.0
2025-03-31,15.35,15.65,15.24,15.48,73993689.0,1213848183.0
2025-04-01,15.4,15.47,15.04,15.05,62073570.0,997300892.0
2025-04-02,15.06,15.18,14.91,15.07,39139848.0,625576491.0
2025-04-03,14.9,15.04,14.68,14.75,43290246.0,680772001.0
2025-04-07,13.81,13.91,13.28,13.63,131192314.0,1887529739.0
2025-04-08,13.58,13.89,13.52,13.86,87875978.0,1278301312.0
2025-04-09,13.73,14.13,13.49,14.04,73816411.0,1083905439.0
2025-04-10,14.34,14.65,14.22,14.41,65464450.0,1003442027.0
2025-04-11,14.35,14.77,14.29,14.71,54208685.0,839036635.0
2025-04-14,14.84,14.86,14.46,14.54,55749139.0,860440112.0
2025-04-15,14.55,14.56,14.34,14.51,38846030.0,595149148.0
2025-04-16,14.43,14.51,14.27,14.48,45740292.0,696558821.0
2025-04-17,14.42,14.42,14.23,14.28,31178800.0,472838436.0
2025-04-18,14.26,14.48,14.17,14.43,23676029.0,360276044.0
2025-04-21,14.38,14.58,14.36,14.51,25284370.0,387762693.0
2025-04-22,14.47,14.67,14.36,14.36,27970525.0,429014762.0
2025-04-23,14.45,14.6,14.35,14.42,30728893.0,471542954.0
2025-04-24,14.48,14.54,14.35,14.45,21814089.0,333842089.0
2025-04-25,14.45,14.49,14.32,14.33,26029083.0,396853770.0
2025-04-28,14.3,14.44,14.26,14.29,27830041.0,423348242.0
2025-04-29,14.35,14.5,14.28,14.44,27599723.0,422297338.0
2025-04-30,14.47,14.53,14.02,14.34,50012414.0,755575199.0
2025-05-06,14.43,14.63,14.38,14.63,46626605.0,719118590.0
2025-05-07,14.71,14.76,14.14,14.14,78955077.0,1201210867.0
2025-05-08,14.15,14.22,14.08,14.15,37176213.0,557678768.0
2025-05-09,14.14,14.26,14.08,14.15,37616970.0,564051764.0
2025-05-12,14.19,14.69,14.19,14.42,85270403.0,1307852254.0
2025-05-13,14.58,14.6,14.36,14.39,46748899.0,717172598.0
2025-05-14,14.4,14.46,14.3,14.42,28656472.0,436728634.0
2025-05-15,14.39,14.41,14.07,14.08,44037511.0,662250047.0
2025-05-16,14.08,14.2,14.01,14.03,37873870.0,565812713.0
2025-05-19,14.04,14.1,13.92,14.04,31899930.0,474071426.0
2025-05-20,14.08,14.12,13.97,14.06,29789910.0,443888861.0
2025-05-21,14.08,14.5,14.07,14.4,66448425.0,1010883430.0
2025-05-22,14.35,14.48,14.34,14.4,34976236.0,534383977.0
2025-05-23,14.41,14.52,14.34,14.35,45124971.0,690764725.0
2025-05-26,14.34,14.39,14.03,14.14,50232860.0,752255665.0
2025-05-27,14.14,14.19,13.84,13.9,46181364.0,685100152.0
2025-05-28,13.96,14.28,13.94,14.16,47567590.0,713291559.0
2025-05-29,14.14,14.36,14.08,14.34,44487158.0,672936437.0
2025-05-30,14.34,14.42,14.15,14.18,33449445.0,504834328.0
2025-06-03,14.22,14.28,14.06,14.25,41115068.0,617687174.0
2025-06-04,14.28,14.37,14.08,14.25,44967356.0,678024923.0
2025-06-05,14.25,14.25,13.97,14.15,54869958.0,819126873.0
2025-06-06,14.13,14.41,14.11,14.35,52397202.0,794089674.0
2025-06-09,14.38,14.66,14.35,14.52,43422770.0,670165563.0
2025-06-10,14.52,14.59,14.32,14.38,34972883.0,535230864.0
2025-06-11,14.39,14.54,14.39,14.43,28953779.0,444421870.0
2025-06-12,14.41,14.7,14.34,14.65,49170315.0,761313606.0
2025-06-13,14.64,14.65,14.51,14.6,36912143.0,570293350.0
2025-06-16,14.52,14.57,14.35,14.46,42093981.0,643661157.0
2025-06-17,14.51,14.75,14.46,14.52,45371736.0,702261647.0
2025-06-18,14.57,14.64,14.39,14.62,32556959.0,502990486.0
2025-06-19,14.57,14.59,14.34,14.37,38178349.0,583648692.0
2025-06-20,14.33,14.45,14.33,14.4,30820982.0,470134245.0
2025-06-23,14.32,14.47,14.18,14.42,37140231.0,564052835.0
2025-06-24,14.46,14.75,14.45,14.71,49656874.0,770818279.0
2025-06-25,14.76,14.94,14.69,14.88,42285458.0,666233805.0
2025-06-26,14.88,14.98,14.68,14.69,41517224.0,649853061.0
2025-06-27,14.7,14.76,14.48,14.52,46047619.0,713336634.0
2025-06-30,14.5,14.67,14.48,14.51,45474532.0,699965002.0
2025-07-01,14.51,14.59,14.49,14.53,33366520.0,514394775.0
2025-07-02,14.53,14.6,14.44,14.47,35668668.0,548672310.0
2025-07-03,14.46,14.51,14.38,14.49,34943326.0,535446257.0
2025-07-04,14.49,14.5,14.36,14.41,32759897.0,500559566.0
2025-07-07,14.41,14.42,14.21,14.22,43395618.0,656501457.0
2025-07-08,14.22,14.44,14.2,14.44,39417492.0,600785121.0
2025-07-09,14.43,14.45,14.28,14.3,46278225.0,703028779.0
2025-07-10,14.26,14.36,14.25,14.33,29377310.0,445951665.0
2025-07-11,14.34,14.56,14.34,14.45,47065230.0,721851009.0
2025-07-14,14.44,14.56,14.4,14.47,39066906.0,600165349.0
2025-07-15,14.52,14.52,14.32,14.4,31493693.0,481014036.0
2025-07-16,14.44,14.6,14.42,14.56,47623812.0,734001564.0
2025-07-17,14.56,14.66,14.5,14.66,46056615.0,712525953.0
2025-07-18,14.66,14.73,14.58,14.71,41057976.0,638811765.0
2025-07-21,14.76,15.01,14.75,14.99,54259775.0,859601880.0
2025-07-22,14.98,15.43,14.92,15.4,73686720.0,1190024917.0
2025-07-23,15.37,15.43,15.12,15.18,48675256.0,786421598.0
2025-07-24,15.19,15.23,15.07,15.17,43436294.0,696571603.0
2025-07-25,15.23,15.25,15.04,15.06,44923567.0,705384431.0
2025-07-28,15.06,15.13,14.92,15.08,46706680.0,727934736.0
2025-07-29,15.02,15.02,14.61,14.78,66021372.0,1010388467.0
2025-07-30,14.79,14.99,14.76,14.85,46164088.0,713163853.0
2025-07-31,14.84,14.84,14.56,14.58,52185916.0,793217239.0
2025-08-01,14.66,14.72,14.54,14.59,29498479.0,447825827.0
2025-08-04,14.59,14.63,14.55,14.61,32572309.0,492675697.0
2025-08-05,14.67,14.75,14.65,14.71,28431143.0,433804920.0
2025-08-06,14.71,14.72,14.56,14.69,37385599.0,568255952.0
2025-08-07,14.71,14.75,14.57,14.61,36013497.0,546948989.0
2025-08-08,14.62,14.8,14.6,14.74,42068107.0,642139345.0
2025-08-11,14.74,14.76,14.61,14.68,42452832.0,646315444.0
2025-08-12,14.67,14.69,14.6,14.66,39101856.0,593643526.0
2025-08-13,14.68,14.7,14.57,14.62,56263275.0,854038024.0
2025-08-14,14.93,15.4,14.93,15.0,207651706.0,3271055829.0
2025-08-15,14.91,15.04,14.87,14.92,79995093.0,1240417941.0
2025-08-18,14.99,15.02,14.8,14.83,91305418.0,1408839381.0
2025-08-19,14.84,14.91,14.67,14.71,73006639.0,1117721094.0
2025-08-20,14.69,14.86,14.63,14.86,60931670.0,932920752.0
2025-08-21,14.86,15.05,14.82,14.98,77641301.0,1204602340.0
2025-08-22,14.98,15.07,14.87,15.03,62221569.0,965186492.0
2025-08-25,15.0,15.2,14.99,15.2,83491365.0,1307654555.0
2025-08-26,15.15,15.21,15.05,15.12,68276816.0,1071164197.0
2025-08-27,15.13,15.17,14.68,14.69,94359889.0,1460875894.0
2025-08-28,14.7,14.79,14.39,14.63,83954967.0,1272887213.0
2025-08-29,14.64,14.85,14.57,14.59,135994513.0,2078629985.0
2025-09-01,14.52,14.62,14.18,14.28,160490991.0,2391939790.0
2025-09-02,14.34,14.49,14.23,14.36,82265167.0,1224478009.0
2025-09-03,14.36,14.74,14.31,14.32,106762292.0,1608740720.0
2025-09-04,14.33,14.36,14.02,14.17,89249340.0,1311501831.0
2025-09-05,14.17,14.38,14.08,14.35,86505468.0,1284465368.0
2025-09-08,14.35,14.38,14.11,14.13,101544642.0,1494329051.0
2025-09-09,14.13,14.29,14.03,14.11,86645234.0,1273092746.0
2025-09-10,14.22,14.22,13.99,14.02,57045642.0,832673408.0
2025-09-11,14.0,14.11,13.96,14.09,68090689.0,990442626.0
2025-09-12,14.09,14.19,13.8,13.83,129499630.0,1871954069.0
2025-09-15,13.85,13.91,13.68,13.73,102512272.0,1465650616.0
2025-09-16,13.7,13.75,13.51,13.63,112823658.0,1590813868.0
2025-09-17,13.63,13.99,13.63,13.76,131501932.0,1876387831.0
2025-09-18,13.76,13.84,13.58,13.66,95724194.0,1363723041.0
2025-09-19,13.6,13.8,13.58,13.69,61134730.0,869287557.0
2025-09-22,13.69,13.74,13.51,13.56,57695056.0,812534511.0
2025-09-23,13.58,13.75,13.5,13.63,73490746.0,1037030843.0
2025-09-24,13.62,13.66,13.5,13.65,67229839.0,946463883.0
2025-09-25,13.59,13.64,13.31,13.32,115480780.0,1608375739.0
2025-09-26,13.31,13.43,13.21,13.27,80187656.0,1106429609.0
2025-09-29,13.28,13.45,13.16,13.43,75892651.0,1046368563.0
2025-09-30,13.42,13.56,13.31,13.51,77610426.0,1082772162.0
2025-10-09,13.55,13.87,13.51,13.85,116596687.0,1657972152.0
2025-10-10,13.85,13.9,13.77,13.79,68120297.0,977397128.0
2025-10-13,13.56,13.78,13.49,13.76,73511758.0,1041548759.0
2025-10-14,13.82,14.23,13.82,14.02,120658622.0,1759763338.0
2025-10-15,14.08,14.22,14.02,14.19,92104690.0,1350795013.0
2025-10-16,14.21,14.23,14.03,14.12,67350183.0,987473536.0
2025-10-17,14.13,14.14,13.85,13.88,57644679.0,835993451.0
2025-10-20,13.98,14.02,13.82,13.91,42803813.0,617312195.0
2025-10-21,13.94,14.17,13.89,14.05,55668018.0,810573783.0
2025-10-22,14.03,14.15,13.99,14.1,47534106.0,695486725.0
2025-10-23,14.07,14.09,13.88,14.02,43913999.0,635934749.0
2025-10-24,14.06,14.2,13.99,14.03,43202891.0,615025787.0
2025-10-27,14.04,14.09,13.97,14.0,62429585.0,885622129.0
2025-10-28,14.0,14.1,13.82,13.96,69766787.0,984427620.0
2025-10-29,13.97,14.03,13.86,14.03,40476095.0,570789653.0
2025-10-30,14.02,14.37,13.98,14.27,112625417.0,1624885132.0
2025-10-31,14.48,14.98,14.45,14.78,203588214.0,3047590819.0
2025-11-03,14.87,15.3,14.74,15.28,185335243.0,2831476234.0
2025-11-04,15.33,16.02,15.33,15.58,245771979.0,3896368320.0
2025-11-05,15.44,16.26,15.3,16.19,215549796.0,3471714131.0
2025-11-06,17.69,17.81,17.39,17.81,168496141.0,3031832221.0
2025-11-07,17.79,18.33,17.3,18.05,561996963.0,10108415394.0
2025-11-10,18.41,18.59,17.62,18.1,294171210.0,5350989027.0
2025-11-11,18.5,18.67,18.03,18.08,210076907.0,3883877078.0
2025-11-12,17.76,17.91,17.44,17.69,205831058.0,3679717398.0
2025-11-13,17.69,18.16,17.57,17.78,153910280.0,2775562630.0
2025-11-14,17.45,17.68,16.79,16.83,195677763.0,3376809953.0
2025-11-17,16.99,17.99,16.99,17.49,176113330.0,3142643283.0
2025-11-18,17.39,17.64,17.09,17.21,93852303.0,1641293328.0
2025-11-19,17.21,17.27,16.85,16.99,64177055.0,1103181737.0
2025-11-20,17.5,17.61,16.9,16.95,71805976.0,1250113774.0
2025-11-21,16.5,16.85,16.4,16.46,92638664.0,1556980742.0
2025-11-24,16.55,16.65,16.2,16.4,71481500.0,1183211212.0
2025-11-25,16.49,16.83,16.35,16.67,93348890.0,1570220228.0
2025-11-26,16.77,16.91,16.5,16.7,67344410.0,1139413422.0
2025-11-27,16.81,17.06,16.77,16.78,60231227.0,1029747975.0
2025-11-28,16.79,17.39,16.76,17.1,91472436.0,1583636218.0
2025-12-01,17.28,17.39,16.83,17.16,83080276.0,1436198852.0
2025-12-02,17.11,17.16,16.79,16.91,48393634.0,828747589.0
2025-12-03,16.91,17.04,16.82,16.88,51128808.0,874238760.0
2025-12-04,16.98,17.24,16.95,17.13,50970204.0,882139511.0
2025-12-05,17.16,17.66,17.06,17.49,84659259.0,1496494106.0
2025-12-08,17.51,17.51,17.01,17.23,75338221.0,1310597741.0
2025-12-09,17.22,17.32,16.96,17.01,52479570.0,908102253.0
2025-12-10,17.02,17.29,16.86,17.28,50320256.0,871589012.0
2025-12-11,17.54,17.78,17.27,17.29,71489818.0,1269563941.0
2025-12-12,17.42,17.8,17.29,17.77,96318113.0,1720219584.0
2025-12-15,17.54,17.85,17.49,17.64,69670100.0,1246049916.0
2025-12-16,17.6,17.6,16.99,17.26,71983497.0,1254439488.0
2025-12-17,17.32,17.44,17.08,17.36,56378239.0,985405406.0
2025-12-18,17.12,17.22,16.8,16.98,63700679.0,1091697617.0
2025-12-19,16.96,17.49,16.95,17.31,58587928.0,1027564308.0
2025-12-22,17.38,17.59,17.19,17.55,57542345.0,1013681869.0
2025-12-23,17.39,17.58,17.23,17.48,41124874.0,725794111.0
2025-12-24,17.39,17.67,17.27,17.34,39894224.0,701743221.0
2025-12-25,17.22,17.33,17.06,17.1,46291853.0,803060390.0
2025-12-26,17.01,17.46,16.99,17.34,46069346.0,806358192.0
2025-12-29,17.32,17.37,17.0,17.12,52482166.0,911780735.0
2025-12-30,17.0,17.37,16.95,17.15,55742274.0,969129130.0
2025-12-31,17.25,17.31,16.95,16.99,44239638.0,763967045.0
2026-01-05,17.02,17.57,17.02,17.19,71068328.0,1240767914.0
2026-01-06,17.21,17.53,17.06,17.45,67153505.0,1177779838.0
2026-01-07,17.44,17.73,17.34,17.61,64779542.0,1153096732.0
2026-01-08,17.55,17.55,17.21,17.37,55932815.0,981175655.0
2026-01-09,17.83,18.4,17.79,18.12,125197059.0,2289394006.0
2026-01-12,18.45,18.87,18.22,18.61,151140055.0,2838312332.0
2026-01-13,18.61,18.9,18.33,18.77,116591626.0,2201390718.0
2026-01-14,18.73,19.61,18.73,19.16,166396441.0,3239556283.0
2026-01-15,19.13,20.19,18.99,19.96,148676100.0,2985068479.0
2026-01-16,19.96,21.25,19.88,20.69,215734437.0,4514968075.0
2026-01-19,20.75,22.61,20.55,22.28,236961862.0,5247015395.0
2026-01-20,21.84,21.92,21.15,21.34,169604256.0,3681440026.0
2026-01-21,21.44,22.6,20.9,22.29,188556077.0,4177761760.0
2026-01-22,22.32,22.73,21.86,22.09,147431788.0,3311618648.0
2026-01-23,22.32,23.59,22.31,23.22,201800195.0,4747787994.0
2026-01-26,23.83,25.41,23.71,24.03,278482676.0,6929731695.0
2026-01-27,23.76,24.62,23.61,23.72,151076675.0,3661474754.0
2026-01-28,23.91,24.16,23.32,23.47,142137857.0,3398898815.0
2026-01-29,23.71,23.79,22.61,22.95,159071076.0,3683388238.0
2026-01-30,22.79,23.63,22.52,23.46,118938464.0,2784211048.0
2026-02-02,23.22,23.42,22.2,22.3,116304117.0,2664191726.0
2026-02-03,22.92,24.13,22.75,24.02,128082007.0,3045542745.0
2026-02-04,24.14,24.98,24.02,24.89,143297057.0,3580214293.0
2026-02-05,24.8,24.87,24.01,24.14,95564894.0,2354299137.0
2026-02-06,23.59,23.94,23.15,23.5,91758125.0,2188921677.0
2026-02-09,24.23,25.55,24.23,25.43,134067071.0,3401969242.0
2026-02-10,25.51,25.9,25.0,25.58,96451224.0,2487122410.0
2026-02-11,25.33,26.12,25.27,25.66,87149540.0,2270345421.0
2026-02-12,26.07,27.95,25.82,27.73,159979706.0,4393014360.0
2026-02-13,27.08,27.35,26.38,26.47,120822952.0,3271019282.0
2026-02-24,26.95,28.8,26.71,28.75,187576447.0,5317996489.0
2026-02-25,29.04,29.83,27.94,28.18,209335944.0,6082965018.0
2026-02-26,28.03,29.36,27.57,28.87,172914574.0,4996212726.0
2026-02-27,27.76,28.17,27.15,27.53,150610788.0,4208555795.0
2026-03-02,27.17,27.97,27.08,27.39,123169169.0,3425918830.0
2026-03-03,27.3,27.71,26.08,26.14,189439531.0,5081710210.0
2026-03-04,25.87,26.8,25.61,26.1,115750678.0,3068207963.0
2026-03-05,27.06,27.95,26.88,27.58,156969503.0,4375001856.0
2026-03-06,27.12,28.54,26.61,27.82,161909957.0,4538183867.0
2026-03-09,26.38,26.63,25.11,26.34,167652782.0,4391240789.0
2026-03-10,27.07,28.01,26.92,27.49,148598944.0,4150709023.0
2026-03-11,27.35,27.49,25.49,26.24,168873628.0,4498324887.0
2026-03-12,26.09,26.23,24.53,24.9,200336124.0,5065645690.0
2026-03-13,24.74,25.39,24.39,24.58,143967759.0,3610079349.0
2026-03-16,24.52,24.53,23.75,24.26,104751078.0,2553117873.0
2026-03-17,24.7,25.52,24.39,24.4,124128310.0,3129803675.0
2026-03-18,24.58,25.2,24.22,25.07,101533256.0,2538074576.0
2026-03-19,24.05,24.38,23.39,23.52,140273340.0,3371606198.0
2026-03-20,23.78,24.01,22.94,23.08,109039194.0,2574780389.0
2026-03-23,22.46,22.82,22.06,22.27,115166632.0,2621067636.0
2026-03-24,22.73,23.57,22.27,23.43,134394765.0,3148723925.0
2026-03-25,24.51,25.29,24.1,24.23,130132225.0,3241925867.0
2026-03-26,24.43,24.43,23.36,23.5,81847664.0,1966240534.0
2026-03-27,21.24,23.59,21.14,23.22,298968970.0,6748424176.0
2026-03-30,22.51,24.49,22.51,24.14,175695296.0,4253900377.0
2026-03-31,24.03,24.46,23.72,23.95,99295205.0,2422892412.0
2026-04-01,24.7,25.19,24.5,25.0,120356003.0,3035964526.0
2026-04-02,25.1,25.49,24.83,25.05,82976910.0,2104701953.0
2026-04-03,25.09,25.59,24.76,24.8,64469463.0,1633546878.0
2026-04-07,24.8,24.84,23.47,23.59,103611330.0,2503570293.0
2026-04-08,25.06,25.69,24.65,25.1,146967369.0,3715654667.0
2026-04-09,24.7,25.97,24.6,25.67,137018825.0,3533828169.0
2026-04-10,26.23,26.88,25.8,26.68,127133011.0,3413674977.0
2026-04-13,25.99,26.9,25.66,26.56,99619101.0,2650171129.0
2026-04-14,28.22,28.73,25.64,25.87,140949610.0,3790972782.0
2026-04-15,26.68,27.17,26.19,26.28,124666116.0,3362959788.0
2026-04-16,26.46,27.24,26.06,27.07,120264389.0,3241034069.0
2026-04-17,26.81,26.81,26.04,26.18,94608966.0,2514129347.0
2026-04-20,26.24,27.1,25.9,26.05,108584270.0,2917441424.0
2026-04-21,26.04,26.75,25.84,26.61,95462348.0,2549436042.0
2026-04-22,26.34,28.08,26.18,27.65,120956081.0,3333223353.0
2026-04-23,29.04,29.82,28.49,29.14,203915274.0,6034776644.0
2026-04-24,29.32,29.59,28.59,29.24,104674274.0,3085838068.0
2026-04-27,29.36,30.32,29.19,29.31,103704990.0,3107949028.0
2026-04-28,29.37,30.04,29.18,29.72,114330753.0,3428973381.0
2026-04-29,29.64,29.94,29.31,29.79,73806704.0,2213855173.0
2026-04-30,30.53,32.27,30.44,30.83,169633923.0,5366035687.0
2026-05-06,33.77,33.91,33.6,33.91,123050812.0,4219620855.0
2026-05-07,35.28,35.42,33.83,34.58,180351377.0,6286238501.0
2026-05-08,33.9,34.09,32.49,32.67,145154523.0,4838192087.0
2026-05-11,33.1,33.45,32.6,33.13,105621112.0,3526069082.0
2026-05-12,33.27,33.36,31.72,32.31,113109760.0,3703690913.0
2026-05-13,31.63,34.08,31.38,33.93,139413008.0,4686018541.0
2026-05-14,34.78,35.14,33.79,33.79,123157877.0,4293298360.0
2026-05-15,33.82,35.21,33.4,34.35,108748757.0,3793084838.0
2026-05-18,33.36,33.49,32.49,32.9,118586091.0,3944416754.0
2026-05-19,33.2,33.35,31.7,32.75,93878798.0,3074525658.0
2026-05-20,32.68,32.75,31.07,32.22,119886136.0,3868303951.0
2026-05-21,32.86,33.64,31.86,31.89,99101529.0,3306015682.0
2026-05-22,32.41,33.69,32.4,33.6,100408706.0,3368399384.0
2026-05-25,33.61,34.84,32.85,34.68,88161200.0,3047587438.0
2026-05-26,34.64,35.14,33.99,34.43,63533538.0,2217500629.0
2026-05-27,34.7,35.44,33.92,34.09,71565174.0,2498659013.0
2026-05-28,33.3,35.08,33.3,34.89,94936180.0,3302575370.0
2026-05-29,35.46,35.91,34.58,34.92,104540755.0,3719542575.0
2026-06-01,34.76,35.27,32.47,33.3,144362515.0,4923451280.0
2026-06-02,32.64,32.93,29.97,31.84,213078418.0,6707391064.0
2026-06-03,32.36,32.86,31.43,31.88,97438290.0,3172603551.0
2026-06-04,31.9,33.57,31.37,33.34,86209021.0,2890569085.0
2026-06-05,33.9,33.97,30.53,30.75,152309164.0,4859841759.0
2026-06-08,29.16,30.11,28.94,29.62,147457702.0,4412892138.0
2026-06-09,30.13,30.2,29.05,29.99,100309129.0,3003527033.0
2026-06-10,29.08,29.47,27.07,27.85,238644657.0,6704500012.0
2026-06-11,27.39,27.58,26.71,27.24,144747429.0,3962355159.0
2026-06-12,28.59,28.73,27.61,27.67,131031426.0,3711317596.0
2026-06-15,28.22,29.03,27.87,29.03,124194927.0,3583006920.0
2026-06-16,28.83,29.23,27.41,27.77,124411466.0,3523236287.0
2026-06-17,27.91,29.57,27.74,28.93,105522055.0,3084218383.0
2026-06-18,29.31,31.01,29.15,29.73,132410171.0,4043331588.0
2026-06-22,30.66,31.82,30.49,30.92,114194567.0,3592135199.0
2026-06-23,31.02,31.68,29.47,29.7,94581161.0,2887490439.0
2026-06-24,29.43,30.06,29.15,29.34,85704541.0,2557210292.0
2026-06-25,29.43,30.92,28.55,28.62,119622912.0,3559701611.0
2026-06-26,28.9,29.15,27.33,27.62,121136805.0,3419172214.0
2026-06-29,27.27,27.54,25.47,25.88,156953222.0,4127797022.0
2026-06-30,26.31,27.74,26.18,26.92,132955599.0,3637879335.0
2026-07-01,27.77,28.65,27.27,27.47,97099884.0,2751394387.0
2026-07-02,26.71,27.18,25.92,26.08,96429800.0,2579242198.0
2026-07-03,26.15,28.39,25.9,27.8,126961523.0,3535485465.0
2026-07-06,28.65,30.22,28.65,29.22,147388604.0,4409706146.0
2026-07-07,28.96,30.31,28.96,29.36,120624958.0,3600315759.0
2026-07-08,28.78,29.36,27.48,27.58,85644448.0,2415224856.0
2026-07-09,27.62,28.01,26.69,27.51,79214816.0,2199360979.0
2026-07-10,27.7,28.18,27.07,27.24,87715460.0,2460997969.0
2026-07-13,27.16,27.35,25.95,26.28,92510036.0,2475348859.0
2026-07-14,25.92,27.32,25.23,27.32,104552524.0,2774738931.0
2026-07-15,27.11,27.47,25.2,26.13,121572668.0,3215807518.0
2026-07-16,25.77,26.17,25.06,25.35,88929736.0,2295334527.0
2026-07-17,25.03,25.18,23.74,24.31,122534575.0,3016508362.0
2026-07-20,24.53,25.67,23.52,24.0,114295027.0,2828798475.0
2026-07-21,24.31,26.33,24.13,26.23,138027225.0,3562503763.0
2026-07-22,26.73,27.33,26.27,26.53,102390779.0,2780307789.0
2026-07-23,26.78,27.74,26.71,27.66,106837417.0,2959623556.0
2026-07-24,27.22,27.72,26.75,27.29,65364440.0,1804518542.0
2026-07-27,27.4,28.11,27.08,28.11,81348873.0,2280805485.0
2026-07-28,27.27,27.47,25.8,25.88,108079407.0,2881969975.0
2026-07-29,25.88,27.26,25.73,26.96,106029341.0,2859366134.0
2026-07-30,26.28,26.56,25.03,25.65,103180631.0,2684248438.0
2026-07-31,27.22,28.1,27.22,27.62,128428319.0,3601267306.0
2026-08-03,27.61,29.0,27.47,28.14,103033565.0,2962833828.0
2026-08-04,28.16,28.87,27.92,28.3,103267347.0,2969565668.0
2026-08-05,27.67,30.17,27.37,29.86,98964915.0,2940341967.0
2026-08-06,29.44,29.94,28.72,29.03,73271196.0,2166182693.0
2026-08-07,29.1,30.06,28.99,29.79,74035491.0,2219145108.0
2026-08-10,29.97,31.91,29.79,31.7,114465259.0,3592433691.0
2026-08-11,31.62,31.7,30.62,30.77,88486280.0,2781147990.0
2026-08-12,30.73,31.52,30.24,30.94,72396005.0,2272315627.0
2026-08-13,31.3,31.99,30.01,30.1,92019897.0,2841347541.0
2026-08-14,30.0,30.27,29.4,29.65,74215071.0,2204505008.0
2026-08-17,29.85,31.2,29.12,30.81,88585564.0,2700065172.0
2026-08-18,30.93,31.57,30.3,30.51,59608453.0,1827650703.0
2026-08-19,29.69,29.98,28.16,28.38,81124766.0,2344385791.0
2026-08-20,28.5,28.68,27.99,28.3,54459196.0,1541830859.0
2026-08-21,28.29,29.21,28.16,29.16,52583593.0,1518557239.0
2026-08-24,29.0,29.39,26.4,26.99,111154295.0,3022417359.0
2026-08-25,26.84,27.55,26.5,27.02,82151087.0,2225506350.0
2026-08-26,27.13,27.49,27.02,27.03,69704781.0,1897544255.0
2026-08-27,26.99,27.24,26.02,26.99,121234514.0,3254185272.0
2026-08-28,27.71,28.06,25.89,27.64,204512902.0,5513740208.0
2026-08-31,27.11,27.5,26.81,27.17,98117595.0,2669640483.0
2026-09-01,27.49,27.95,27.11,27.35,86091499.0,2371439109.0
2026-09-02,27.1,27.2,25.84,25.88,105425460.0,2754848201.0
2026-09-03,26.56,26.65,26.0,26.18,75699544.0,1990093951.0
2026-09-04,26.87,27.56,26.66,26.85,98432369.0,2669316237.0
2026-09-07,27.12,27.74,26.55,27.54,90824738.0,2478843472.0
2026-09-08,27.46,27.6,26.45,26.61,69433874.0,1858232673.0
2026-09-09,27.0,28.12,27.0,27.85,111249466.0,3085515061.0
2026-09-10,27.55,27.7,26.72,26.83,83741867.0,2263368088.0
2026-09-11,26.56,26.57,26.03,26.33,65727237.0,1726928220.0
2026-09-14,25.85,26.43,25.36,26.14,57025586.0,1481193511.0
2026-09-15,25.9,26.71,25.87,26.04,57901686.0,1522952417.0
2026-09-16,26.05,26.1,24.78,25.52,86753202.0,2186667904.0
2026-09-17,26.79,27.17,26.37,26.65,131599016.0,3524320366.0
2026-09-18,27.2,27.5,26.03,27.23,107113143.0,2881330263.0
2026-09-21,27.24,27.49,26.88,27.08,62589054.0,1699375237.0
2026-09-22,27.3,27.96,27.0,27.03,63925101.0,1751416279.0
