date,open,high,low,close,volume,amount
2001-09-03,1.27,1.29,1.25,1.26,652097.0,8148799.0
2001-09-04,1.26,1.29,1.25,1.28,969773.0,12265161.0
2001-09-05,1.29,1.31,1.25,1.26,1078642.0,13644904.0
2001-09-06,1.25,1.27,1.21,1.21,1418146.0,17292911.0
2001-09-07,1.22,1.24,1.17,1.17,2248611.0,26488543.0
2001-09-10,1.14,1.21,1.13,1.2,1425163.0,16528428.0
2001-09-11,1.2,1.21,1.18,1.2,545814.0,6464896.0
2001-09-12,1.16,1.2,1.15,1.18,728386.0,8478907.0
2001-09-13,1.17,1.2,1.17,1.17,319511.0,3721118.0
2001-09-14,1.12,1.18,1.12,1.15,568068.0,6500002.0
2001-09-17,1.15,1.16,1.13,1.14,505556.0,5714350.0
2001-09-18,1.13,1.17,1.13,1.15,386576.0,4377322.0
2001-09-19,1.16,1.16,1.13,1.16,616230.0,6952235.0
2001-09-20,1.16,1.18,1.15,1.16,447438.0,5149131.0
2001-09-21,1.16,1.17,1.15,1.15,123369.0,1409590.0
2001-09-24,1.15,1.17,1.14,1.17,209057.0,2379845.0
2001-09-25,1.17,1.18,1.16,1.16,123266.0,1420526.0
2001-09-26,1.15,1.16,1.13,1.14,164818.0,1861723.0
2001-09-27,1.14,1.16,1.13,1.14,420040.0,4750902.0
2001-09-28,1.14,1.15,1.13,1.14,158997.0,1791662.0
2001-10-08,1.15,1.15,1.12,1.12,170400.0,1904049.0
2001-10-09,1.12,1.12,1.07,1.1,351532.0,3807558.0
2001-10-10,1.1,1.1,1.06,1.06,421007.0,4452072.0
2001-10-11,1.06,1.08,1.01,1.01,350930.0,3583359.0
2001-10-12,1.04,1.07,0.99,1.05,425795.0,4311824.0
2001-10-15,1.05,1.07,1.03,1.05,190005.0,1969766.0
2001-10-16,1.07,1.07,1.03,1.03,129860.0,1334859.0
2001-10-17,1.04,1.04,1.01,1.02,87662.0,886676.0
2001-10-18,1.02,1.03,1.01,1.01,137400.0,1378916.0
2001-10-19,1.01,1.01,0.96,0.97,442074.0,4278550.0
2001-10-22,0.95,0.95,0.91,0.91,543838.0,5001332.0
2001-10-23,1.0,1.0,0.98,1.0,870828.0,8610515.0
2001-10-24,1.08,1.08,1.03,1.05,1546777.0,16172774.0
2001-10-25,1.03,1.05,1.02,1.02,581110.0,5925075.0
2001-10-26,1.02,1.03,1.0,1.01,306909.0,3077889.0
2001-10-29,1.01,1.04,1.01,1.03,196755.0,1993210.0
2001-10-30,1.03,1.03,1.01,1.03,343399.0,3466441.0
2001-10-31,1.04,1.06,1.03,1.06,1043506.0,10773567.0
2001-11-01,1.06,1.07,1.05,1.06,375906.0,3941384.0
2001-11-02,1.05,1.06,1.03,1.04,205373.0,2131198.0
2001-11-05,1.03,1.04,1.03,1.03,109880.0,1125440.0
2001-11-06,1.03,1.04,1.03,1.03,105746.0,1080391.0
2001-11-07,1.02,1.03,0.96,0.97,431240.0,4245002.0
2001-11-08,0.94,0.99,0.93,0.98,290825.0,2758037.0
2001-11-09,0.98,0.99,0.96,0.99,245093.0,2362194.0
2001-11-12,0.98,0.98,0.96,0.96,193810.0,1864506.0
2001-11-13,0.96,0.97,0.93,0.96,254762.0,2412430.0
2001-11-14,0.98,0.98,0.97,0.98,161138.0,1558312.0
2001-11-15,0.98,0.98,0.97,0.97,92679.0,895748.0
2001-11-16,1.06,1.07,1.0,1.0,610325.0,6187337.0
2001-11-19,1.0,1.01,0.99,1.01,166805.0,1660789.0
2001-11-20,1.02,1.05,1.02,1.05,472727.0,4879277.0
2001-11-21,1.05,1.05,1.03,1.04,273757.0,2816340.0
2001-11-22,1.05,1.11,1.05,1.09,2531386.0,27455012.0
2001-11-23,1.09,1.13,1.08,1.1,2028081.0,22289498.0
2001-11-26,1.1,1.11,1.08,1.09,491284.0,5306768.0
2001-11-27,1.09,1.11,1.08,1.1,265863.0,2894175.0
2001-11-28,1.11,1.12,1.11,1.11,610191.0,6709073.0
2001-11-29,1.11,1.11,1.1,1.1,348235.0,3792516.0
2001-11-30,1.09,1.11,1.09,1.11,394625.0,4288244.0
2001-12-03,1.11,1.13,1.11,1.12,525850.0,5827735.0
2001-12-04,1.12,1.13,1.11,1.12,409226.0,4524036.0
2001-12-05,1.12,1.13,1.1,1.1,588106.0,6503488.0
2001-12-06,1.1,1.11,1.09,1.1,321771.0,3502393.0
2001-12-07,1.1,1.11,1.09,1.1,221024.0,2408161.0
2001-12-10,1.1,1.1,1.08,1.09,253969.0,2735287.0
2001-12-11,1.09,1.1,1.09,1.09,169282.0,1826007.0
2001-12-12,1.09,1.09,1.08,1.08,256142.0,2739599.0
2001-12-13,1.07,1.08,1.06,1.06,260190.0,2755547.0
2001-12-14,1.05,1.05,1.04,1.04,288680.0,2986634.0
2001-12-17,1.04,1.05,1.04,1.05,202844.0,2093518.0
2001-12-18,1.05,1.06,1.05,1.06,150937.0,1576734.0
2001-12-19,1.05,1.08,1.05,1.06,570529.0,6054542.0
2001-12-20,1.05,1.05,1.02,1.03,236320.0,2425495.0
2001-12-21,1.03,1.04,1.02,1.03,263131.0,2673319.0
2001-12-24,1.03,1.03,1.0,1.01,184146.0,1848708.0
2001-12-25,1.01,1.02,0.99,1.01,125561.0,1253354.0
2001-12-26,1.01,1.03,1.0,1.03,83430.0,839481.0
2001-12-27,1.04,1.05,1.02,1.04,738464.0,7588087.0
2001-12-28,1.03,1.04,1.03,1.04,258670.0,2643018.0
2001-12-31,1.03,1.07,1.03,1.06,168480.0,1745390.0
2002-01-04,1.05,1.05,1.03,1.03,60760.0,621612.0
2002-01-07,1.02,1.03,1.01,1.01,152818.0,1529912.0
2002-01-08,1.01,1.02,1.0,1.0,116420.0,1163417.0
2002-01-09,1.0,1.0,0.98,0.98,161850.0,1584621.0
2002-01-10,0.98,1.01,0.96,1.0,183924.0,1776279.0
2002-01-11,0.99,0.99,0.96,0.96,119076.0,1155151.0
2002-01-14,0.95,0.96,0.92,0.93,308578.0,2874005.0
2002-01-15,0.92,0.93,0.91,0.91,258905.0,2367651.0
2002-01-16,0.92,0.93,0.89,0.91,417321.0,3763788.0
2002-01-17,0.91,0.91,0.85,0.85,1011957.0,8582576.0
2002-01-18,0.84,0.87,0.82,0.86,552222.0,4639812.0
2002-01-21,0.85,0.85,0.77,0.77,635542.0,4992779.0
2002-01-22,0.76,0.79,0.74,0.77,1519508.0,11561433.0
2002-01-23,0.77,0.85,0.77,0.85,570691.0,4520925.0
2002-01-24,0.84,0.88,0.81,0.87,1176440.0,10040820.0
2002-01-25,0.85,0.87,0.84,0.86,867639.0,7327919.0
2002-01-28,0.86,0.86,0.77,0.77,1448557.0,11468894.0
2002-01-29,0.77,0.82,0.75,0.79,449979.0,3524471.0
2002-01-30,0.8,0.81,0.79,0.81,389336.0,3092334.0
2002-01-31,0.81,0.89,0.81,0.88,1760288.0,15099887.0
2002-02-01,0.88,0.92,0.87,0.88,1323205.0,11688534.0
2002-02-04,0.91,0.91,0.88,0.91,650322.0,5804442.0
2002-02-05,0.91,0.92,0.89,0.91,535998.0,4812810.0
2002-02-06,0.9,0.91,0.88,0.89,563575.0,4965146.0
2002-02-07,0.87,0.91,0.87,0.9,912320.0,8111077.0
2002-02-08,0.91,0.92,0.9,0.9,473791.0,4233342.0
2002-02-25,0.91,0.92,0.91,0.91,478415.0,4319444.0
2002-02-26,0.91,0.91,0.88,0.91,353084.0,3129143.0
2002-02-27,0.91,0.92,0.9,0.91,426128.0,3851422.0
2002-02-28,0.91,0.92,0.9,0.91,386595.0,3491462.0
2002-03-01,0.91,0.91,0.89,0.89,306449.0,2709443.0
2002-03-04,0.88,0.9,0.87,0.9,261269.0,2305749.0
2002-03-05,0.91,0.94,0.91,0.93,995165.0,9138905.0
2002-03-06,0.93,0.96,0.92,0.94,1086326.0,10140063.0
2002-03-07,0.94,0.97,0.94,0.97,1096688.0,10354866.0
2002-03-08,0.98,1.0,0.96,0.99,1567113.0,15230055.0
2002-03-11,0.98,1.0,0.96,1.0,1283058.0,12480418.0
2002-03-12,1.0,1.0,0.97,0.97,1175147.0,11454211.0
2002-03-13,0.96,0.98,0.94,0.95,697120.0,6624330.0
2002-03-14,0.95,0.98,0.95,0.97,511969.0,4863798.0
2002-03-15,0.98,0.99,0.94,0.94,649663.0,6235749.0
2002-03-18,0.96,0.97,0.93,0.94,503850.0,4707457.0
2002-03-19,0.93,0.97,0.93,0.97,796144.0,7530129.0
2002-03-20,0.97,1.0,0.97,0.99,1024308.0,9993150.0
2002-03-21,0.99,1.0,0.98,0.99,692269.0,6795596.0
2002-03-22,0.98,1.0,0.97,0.98,586030.0,5734233.0
2002-03-25,0.98,0.99,0.98,0.99,413692.0,4043495.0
2002-03-26,0.99,0.99,0.97,0.98,489217.0,4739637.0
2002-03-27,0.98,1.02,0.97,1.01,883650.0,8667522.0
2002-03-28,1.01,1.03,1.0,1.02,2422699.0,24439087.0
2002-03-29,1.02,1.02,0.97,0.98,1008828.0,9945724.0
2002-04-01,0.98,1.0,0.97,0.99,451720.0,4411606.0
2002-04-02,0.99,1.0,0.96,0.96,486624.0,4677577.0
2002-04-03,0.96,0.98,0.95,0.96,283707.0,2706242.0
2002-04-04,0.96,0.98,0.94,0.98,546765.0,5224162.0
2002-04-05,0.99,1.0,0.97,0.98,509642.0,4976344.0
2002-04-08,0.99,0.99,0.97,0.97,210330.0,2032095.0
2002-04-10,1.0,1.05,1.0,1.01,2120701.0,21473312.0
2002-04-11,1.01,1.02,0.99,0.99,541673.0,5374751.0
2002-04-12,0.99,1.01,0.98,0.99,593450.0,5841046.0
2002-04-15,1.01,1.01,0.98,0.99,282378.0,2767828.0
2002-04-16,0.99,1.0,0.98,0.99,215205.0,2112061.0
2002-04-17,1.01,1.01,0.98,0.99,261080.0,2560720.0
2002-04-18,0.99,0.99,0.97,0.97,288430.0,2800764.0
2002-04-19,0.97,0.98,0.95,0.97,479306.0,4544915.0
2002-04-22,0.96,0.98,0.96,0.97,214608.0,2058128.0
2002-04-23,0.97,0.97,0.96,0.96,159246.0,1519450.0
2002-04-24,0.96,0.96,0.95,0.95,270010.0,2540945.0
2002-04-25,0.95,0.95,0.94,0.95,195152.0,1825732.0
2002-04-26,0.95,0.97,0.95,0.97,183943.0,1755883.0
2002-04-29,0.97,0.99,0.97,0.99,319331.0,3092615.0
2002-04-30,0.99,0.99,0.98,0.99,309720.0,3023112.0
2002-05-08,0.97,0.98,0.97,0.97,114062.0,1097566.0
2002-05-09,0.96,0.97,0.96,0.96,197316.0,1886605.0
2002-05-10,0.96,0.97,0.96,0.96,163873.0,1560869.0
2002-05-13,0.95,0.96,0.95,0.95,181060.0,1705352.0
2002-05-14,0.95,0.96,0.94,0.94,130860.0,1229965.0
2002-05-15,0.94,0.95,0.94,0.94,221062.0,2058298.0
2002-05-16,0.93,0.94,0.88,0.89,508000.0,4610294.0
2002-05-17,0.91,0.92,0.89,0.92,668389.0,6028820.0
2002-05-20,0.91,0.92,0.9,0.92,360730.0,3259165.0
2002-05-21,0.95,0.95,0.93,0.94,421114.0,3925688.0
2002-05-22,0.94,0.95,0.93,0.93,156871.0,1439214.0
2002-05-23,0.95,0.96,0.94,0.95,323720.0,3004041.0
2002-05-24,0.95,0.95,0.93,0.93,139342.0,1282295.0
2002-05-27,0.93,0.95,0.92,0.93,87526.0,800416.0
2002-05-28,0.94,0.96,0.94,0.95,301370.0,2800083.0
2002-05-29,0.95,0.95,0.9,0.92,380809.0,3424548.0
2002-05-30,0.92,0.94,0.9,0.93,524292.0,4753824.0
2002-05-31,0.93,0.95,0.92,0.92,370036.0,3366408.0
2002-06-03,0.92,0.92,0.91,0.91,226990.0,2037132.0
2002-06-04,0.91,0.92,0.9,0.91,113622.0,1014688.0
2002-06-05,0.91,0.91,0.87,0.87,235940.0,2046710.0
2002-06-06,0.87,0.92,0.87,0.91,235030.0,2052119.0
2002-06-07,0.91,0.95,0.9,0.93,699478.0,6375462.0
2002-06-10,0.91,0.94,0.91,0.94,303983.0,2764998.0
2002-06-11,0.94,0.94,0.93,0.94,117428.0,1077181.0
2002-06-12,0.94,0.94,0.93,0.94,549517.0,5030116.0
2002-06-13,0.94,0.94,0.93,0.94,289001.0,2662056.0
2002-06-14,0.94,0.94,0.91,0.92,117450.0,1058166.0
2002-06-17,0.91,0.93,0.9,0.92,324360.0,2921821.0
2002-06-18,0.93,0.94,0.92,0.94,207015.0,1894261.0
2002-06-19,0.94,0.94,0.92,0.93,117990.0,1071301.0
2002-06-20,0.92,0.94,0.92,0.93,266900.0,2444647.0
2002-06-21,0.93,0.96,0.93,0.95,793319.0,7390829.0
2002-06-24,1.05,1.05,1.01,1.05,3533840.0,35942351.0
2002-06-25,1.04,1.07,1.02,1.03,2260587.0,23183229.0
2002-06-26,1.02,1.04,1.02,1.03,795570.0,7981121.0
2002-06-27,1.03,1.03,1.01,1.02,693428.0,6936906.0
2002-06-28,1.01,1.03,0.99,1.01,1051243.0,10379327.0
2002-07-01,1.01,1.03,1.0,1.02,729445.0,7242756.0
2002-07-02,1.02,1.03,1.01,1.03,474408.0,4760098.0
2002-07-03,1.03,1.04,1.02,1.02,257920.0,2592699.0
2002-07-04,1.02,1.03,1.0,1.0,265875.0,2629816.0
2002-07-05,1.0,1.02,1.0,1.01,255105.0,2512944.0
2002-07-08,1.01,1.02,1.01,1.01,154370.0,1531257.0
2002-07-09,1.01,1.03,1.0,1.02,465036.0,4659085.0
2002-07-10,1.02,1.02,1.0,1.0,288750.0,2862517.0
2002-07-11,1.0,1.01,1.0,1.0,222864.0,2187468.0
2002-07-12,1.0,1.01,1.0,1.01,189152.0,1860378.0
2002-07-15,1.01,1.01,0.99,0.99,267112.0,2605259.0
2002-07-16,0.99,1.0,0.99,0.99,92725.0,903671.0
2002-07-17,1.0,1.0,0.98,1.0,93450.0,907847.0
2002-07-18,1.0,1.02,0.99,1.01,443209.0,4381132.0
2002-07-19,1.01,1.02,1.0,1.02,418924.0,4177724.0
2002-07-22,1.02,1.02,1.0,1.0,196580.0,1932410.0
2002-07-23,1.0,1.01,1.0,1.01,230959.0,2264195.0
2002-07-24,1.0,1.01,1.0,1.0,193660.0,1902456.0
2002-07-25,1.0,1.0,0.99,1.0,380389.0,3703704.0
2002-07-26,1.0,1.0,0.99,0.99,94140.0,915445.0
2002-07-29,0.99,1.01,0.98,1.01,173730.0,1683651.0
2002-07-30,1.0,1.0,0.97,1.0,233036.0,2251938.0
2002-07-31,0.99,0.99,0.98,0.98,151064.0,1452865.0
2002-08-01,0.98,0.99,0.96,0.98,203234.0,1936332.0
2002-08-02,0.97,0.98,0.97,0.98,42708.0,408486.0
2002-08-05,0.98,0.99,0.98,0.99,279550.0,2697912.0
2002-08-06,0.99,1.0,0.98,0.99,465365.0,4501292.0
2002-08-07,0.99,0.99,0.99,0.99,101970.0,986917.0
2002-08-08,0.99,0.99,0.99,0.99,95620.0,925742.0
2002-08-09,0.98,0.98,0.97,0.98,105714.0,1012897.0
2002-08-12,0.96,0.97,0.96,0.97,176033.0,1661512.0
2002-08-13,0.97,0.97,0.97,0.97,74170.0,705141.0
2002-08-14,0.97,0.98,0.97,0.98,57194.0,544580.0
2002-08-15,0.97,0.97,0.96,0.96,51792.0,491729.0
2002-08-16,0.96,0.98,0.96,0.98,131388.0,1243514.0
2002-08-19,0.97,0.98,0.97,0.98,111640.0,1068735.0
2002-08-20,0.98,1.0,0.97,0.99,415294.0,4025580.0
2002-08-21,0.98,1.01,0.98,1.0,1207162.0,11746226.0
2002-08-22,1.01,1.01,1.0,1.01,589581.0,5834461.0
2002-08-23,1.0,1.02,1.0,1.01,497516.0,4908756.0
2002-08-26,1.01,1.01,0.99,1.0,160530.0,1571351.0
2002-08-27,1.0,1.02,1.0,1.01,845187.0,8349077.0
2002-08-28,1.01,1.02,1.0,1.01,536255.0,5321885.0
2002-08-29,1.01,1.02,1.01,1.02,1365148.0,13592376.0
2002-08-30,1.02,1.02,1.01,1.02,278030.0,2775666.0
2002-09-02,1.02,1.03,1.01,1.02,387989.0,3877243.0
2002-09-03,1.02,1.03,1.02,1.02,331890.0,3314827.0
2002-09-04,1.01,1.01,1.0,1.0,305684.0,3001719.0
2002-09-05,1.0,1.01,0.99,1.0,297312.0,2905658.0
2002-09-06,1.0,1.01,0.98,1.01,610197.0,5940529.0
2002-09-09,1.0,1.0,0.98,1.0,114222.0,1110194.0
2002-09-10,1.0,1.01,1.0,1.01,347017.0,3416446.0
2002-09-11,1.0,1.01,0.99,1.01,759709.0,7469398.0
2002-09-12,1.01,1.02,1.01,1.02,884872.0,8819058.0
2002-09-13,1.02,1.02,1.01,1.02,1312931.0,13103028.0
2002-09-16,1.02,1.02,1.0,1.0,231426.0,2288048.0
2002-09-17,1.01,1.02,1.0,1.01,202308.0,1990967.0
2002-09-18,1.0,1.01,0.99,0.99,332962.0,3246065.0
2002-09-19,0.98,1.0,0.97,0.99,363337.0,3489068.0
2002-09-20,0.99,0.99,0.97,0.97,144235.0,1385923.0
2002-09-23,0.98,0.98,0.98,0.98,74487.0,714621.0
2002-09-24,0.98,0.98,0.97,0.97,91264.0,870311.0
2002-09-25,0.97,0.98,0.97,0.97,73082.0,696350.0
2002-09-26,0.97,0.98,0.97,0.97,120851.0,1147092.0
2002-09-27,0.97,0.98,0.97,0.97,108610.0,1031408.0
2002-10-08,0.96,0.97,0.96,0.96,60300.0,568150.0
2002-10-09,0.96,0.96,0.93,0.94,112000.0,1032501.0
2002-10-10,0.94,0.95,0.93,0.94,88529.0,813857.0
2002-10-11,0.94,0.94,0.93,0.94,87629.0,803855.0
2002-10-14,0.94,0.94,0.92,0.94,134865.0,1224047.0
2002-10-15,0.94,0.94,0.93,0.93,60472.0,552680.0
2002-10-16,0.94,0.95,0.94,0.94,155330.0,1435205.0
2002-10-17,0.94,0.94,0.92,0.92,172224.0,1562396.0
2002-10-18,0.92,0.93,0.91,0.92,132850.0,1194935.0
2002-10-21,0.89,0.93,0.89,0.93,152008.0,1364246.0
2002-10-22,0.94,0.94,0.93,0.94,113815.0,1042135.0
2002-10-23,0.93,0.94,0.93,0.93,88850.0,811163.0
2002-10-24,0.94,0.94,0.92,0.92,114200.0,1032570.0
2002-10-25,0.92,0.92,0.9,0.9,144000.0,1277072.0
2002-10-28,0.9,0.91,0.89,0.89,84900.0,748150.0
2002-10-29,0.89,0.9,0.89,0.9,108119.0,945048.0
2002-10-30,0.89,0.91,0.89,0.9,38555.0,339816.0
2002-10-31,0.91,0.91,0.9,0.9,39900.0,353716.0
2002-11-01,0.9,0.91,0.9,0.9,47940.0,424919.0
2002-11-04,0.92,0.92,0.91,0.92,93005.0,833813.0
2002-11-05,0.93,0.93,0.92,0.93,496200.0,4500432.0
2002-11-06,0.93,0.93,0.92,0.92,133381.0,1206486.0
2002-11-07,0.93,0.93,0.91,0.91,96686.0,869398.0
2002-11-08,0.92,0.93,0.89,0.89,152515.0,1349601.0
2002-11-11,0.88,0.89,0.88,0.88,92749.0,804769.0
2002-11-12,0.88,0.88,0.85,0.85,139240.0,1179443.0
2002-11-13,0.84,0.86,0.84,0.86,185599.0,1544536.0
2002-11-14,0.85,0.86,0.85,0.85,195673.0,1628886.0
2002-11-15,0.84,0.86,0.84,0.86,217614.0,1816449.0
2002-11-18,0.85,0.85,0.84,0.85,58430.0,483425.0
2002-11-19,0.84,0.93,0.84,0.87,3039300.0,27122560.0
2002-11-20,0.87,0.87,0.84,0.84,266690.0,2215259.0
2002-11-21,0.81,0.84,0.81,0.82,353944.0,2862473.0
2002-11-22,0.82,0.84,0.8,0.81,205040.0,1647559.0
2002-11-25,0.81,0.82,0.81,0.82,92657.0,740267.0
2002-11-26,0.82,0.83,0.8,0.8,159500.0,1271031.0
2002-11-27,0.77,0.8,0.77,0.8,161250.0,1248561.0
2002-11-29,0.82,0.84,0.82,0.83,776238.0,6311622.0
2002-12-02,0.82,0.82,0.8,0.8,143470.0,1139953.0
2002-12-03,0.8,0.81,0.79,0.81,111140.0,873455.0
2002-12-04,0.83,0.83,0.81,0.82,470715.0,3775725.0
2002-12-05,0.81,0.82,0.8,0.8,50794.0,401903.0
2002-12-06,0.8,0.81,0.8,0.8,60650.0,478420.0
2002-12-09,0.8,0.81,0.8,0.8,58000.0,456663.0
2002-12-10,0.81,0.81,0.79,0.8,78250.0,609743.0
2002-12-11,0.79,0.8,0.79,0.79,57475.0,444428.0
2002-12-12,0.79,0.81,0.79,0.79,64118.0,499514.0
2002-12-13,0.78,0.8,0.78,0.8,102418.0,792426.0
2002-12-16,0.8,0.81,0.8,0.8,94063.0,738299.0
2002-12-17,0.8,0.83,0.8,0.82,618320.0,4964720.0
2002-12-18,0.83,0.84,0.82,0.82,714951.0,5804192.0
2002-12-19,0.82,0.83,0.82,0.82,80260.0,646404.0
2002-12-20,0.82,0.83,0.82,0.82,162848.0,1317412.0
2002-12-23,0.83,0.84,0.83,0.83,265126.0,2161211.0
2002-12-24,0.83,0.83,0.83,0.83,205162.0,1665314.0
2002-12-25,0.83,0.85,0.82,0.83,949720.0,7805054.0
2002-12-26,0.82,0.83,0.79,0.79,187055.0,1481406.0
2002-12-27,0.79,0.8,0.77,0.79,161082.0,1230833.0
2002-12-30,0.79,0.79,0.78,0.78,101010.0,775382.0
2002-12-31,0.78,0.79,0.77,0.77,123800.0,945409.0
2003-01-02,0.77,0.77,0.75,0.75,199370.0,1484432.0
2003-01-03,0.75,0.76,0.75,0.75,96030.0,707712.0
2003-01-06,0.73,0.76,0.73,0.76,72397.0,535251.0
2003-01-07,0.76,0.77,0.76,0.76,238502.0,1786738.0
2003-01-08,0.76,0.79,0.76,0.78,92934.0,701232.0
2003-01-09,0.79,0.79,0.77,0.79,184783.0,1423189.0
2003-01-10,0.79,0.8,0.78,0.78,252064.0,1941761.0
2003-01-13,0.78,0.79,0.78,0.78,92370.0,706502.0
2003-01-14,0.78,0.83,0.77,0.82,627052.0,4979098.0
2003-01-15,0.82,0.84,0.81,0.81,1014576.0,8172243.0
2003-01-16,0.82,0.84,0.82,0.84,1356903.0,11076425.0
2003-01-17,0.84,0.85,0.82,0.82,407110.0,3310170.0
2003-01-20,0.82,0.82,0.81,0.82,312623.0,2499186.0
2003-01-21,0.83,0.83,0.81,0.81,305502.0,2440193.0
2003-01-22,0.8,0.81,0.8,0.81,236930.0,1868984.0
2003-01-23,0.81,0.82,0.8,0.8,189381.0,1500535.0
2003-01-24,0.8,0.82,0.8,0.82,293734.0,2346288.0
2003-01-27,0.82,0.83,0.8,0.83,450395.0,3633236.0
2003-01-28,0.82,0.83,0.82,0.83,343576.0,2769000.0
2003-01-29,0.83,0.83,0.82,0.83,201952.0,1634535.0
2003-02-10,0.82,0.83,0.82,0.82,81113.0,654112.0
2003-02-11,0.83,0.85,0.83,0.84,563650.0,4641920.0
2003-02-12,0.84,0.85,0.84,0.85,351619.0,2908810.0
2003-02-13,0.85,0.86,0.85,0.85,765058.0,6365382.0
2003-02-14,0.85,0.87,0.85,0.86,693266.0,5817393.0
2003-02-17,0.86,0.86,0.84,0.85,286033.0,2384201.0
2003-02-18,0.85,0.85,0.84,0.84,167850.0,1384890.0
2003-02-19,0.85,0.85,0.84,0.85,174783.0,1445361.0
2003-02-20,0.85,0.86,0.84,0.85,344810.0,2863166.0
2003-02-21,0.84,0.84,0.83,0.83,353127.0,2887895.0
2003-02-24,0.83,0.83,0.82,0.83,158339.0,1283728.0
2003-02-25,0.82,0.84,0.82,0.83,133494.0,1093485.0
2003-02-26,0.84,0.85,0.84,0.84,102072.0,838773.0
2003-02-27,0.84,0.85,0.84,0.84,151497.0,1246978.0
2003-02-28,0.84,0.84,0.82,0.83,95805.0,780708.0
2003-03-03,0.83,0.84,0.83,0.84,126845.0,1032604.0
2003-03-04,0.84,0.85,0.84,0.84,198782.0,1639472.0
2003-03-05,0.84,0.84,0.83,0.84,104632.0,856531.0
2003-03-06,0.84,0.84,0.82,0.82,314536.0,2549680.0
2003-03-07,0.82,0.83,0.82,0.82,121854.0,981864.0
2003-03-10,0.82,0.82,0.8,0.8,168470.0,1331652.0
2003-03-11,0.8,0.81,0.8,0.8,160389.0,1261824.0
2003-03-12,0.8,0.81,0.8,0.81,94970.0,747755.0
2003-03-13,0.8,0.81,0.8,0.8,116808.0,918385.0
2003-03-14,0.8,0.8,0.8,0.8,136412.0,1068091.0
2003-03-17,0.8,0.81,0.79,0.8,146187.0,1140096.0
2003-03-18,0.8,0.8,0.79,0.8,835960.0,6533377.0
2003-03-19,0.8,0.8,0.79,0.8,197396.0,1538638.0
2003-03-20,0.8,0.8,0.79,0.8,163975.0,1284580.0
2003-03-21,0.8,0.81,0.8,0.81,110018.0,866256.0
2003-03-24,0.81,0.81,0.8,0.8,37371.0,293899.0
2003-03-25,0.8,0.8,0.79,0.79,62120.0,484216.0
2003-03-26,0.79,0.79,0.78,0.78,122040.0,937350.0
2003-03-27,0.78,0.81,0.78,0.8,100120.0,778672.0
2003-03-28,0.81,0.81,0.8,0.8,189366.0,1495532.0
2003-03-31,0.8,0.81,0.8,0.81,188066.0,1476662.0
2003-04-01,0.81,0.82,0.81,0.82,463286.0,3720817.0
2003-04-02,0.82,0.82,0.81,0.82,291868.0,2333158.0
2003-04-03,0.82,0.82,0.81,0.82,183694.0,1470679.0
2003-04-04,0.82,0.82,0.81,0.82,135360.0,1084001.0
2003-04-07,0.82,0.82,0.81,0.82,194115.0,1553940.0
2003-04-08,0.82,0.82,0.81,0.81,261590.0,2087241.0
2003-04-09,0.81,0.81,0.79,0.8,299714.0,2344078.0
2003-04-10,0.81,0.82,0.8,0.81,440825.0,3478569.0
2003-04-11,0.82,0.84,0.81,0.84,568992.0,4633291.0
2003-04-14,0.84,0.86,0.84,0.85,739463.0,6138313.0
2003-04-15,0.85,0.86,0.84,0.85,455010.0,3782212.0
2003-04-16,0.85,0.86,0.83,0.83,733630.0,6056079.0
2003-04-17,0.83,0.84,0.83,0.84,506293.0,4147925.0
2003-04-21,0.84,0.84,0.82,0.82,506526.0,4093001.0
2003-04-22,0.82,0.83,0.82,0.82,391295.0,3136017.0
2003-04-23,0.82,0.82,0.81,0.81,434952.0,3456342.0
2003-04-24,0.81,0.83,0.8,0.83,978982.0,7790613.0
2003-04-25,0.84,0.86,0.82,0.83,1555439.0,12841552.0
2003-04-28,0.82,0.83,0.79,0.83,683208.0,5408624.0
2003-04-29,0.82,0.83,0.8,0.81,282845.0,2237375.0
2003-04-30,0.8,0.82,0.79,0.8,484470.0,3800828.0
2003-05-12,0.8,0.81,0.79,0.8,246678.0,1935634.0
2003-05-13,0.8,0.8,0.79,0.8,604441.0,4699045.0
2003-05-14,0.8,0.85,0.79,0.84,949472.0,7700707.0
2003-05-15,0.86,0.87,0.84,0.86,3039721.0,25542739.0
2003-05-16,0.87,0.87,0.85,0.85,993693.0,8330757.0
2003-05-19,0.86,0.86,0.85,0.86,562728.0,4729007.0
2003-05-20,0.86,0.86,0.84,0.84,408961.0,3388830.0
2003-05-21,0.84,0.85,0.84,0.85,268501.0,2228193.0
2003-05-22,0.85,0.86,0.84,0.86,340729.0,2832167.0
2003-05-23,0.87,0.87,0.84,0.85,513588.0,4159307.0
2003-05-26,0.85,0.85,0.84,0.84,563565.0,4518348.0
2003-05-27,0.85,0.85,0.84,0.85,482582.0,3869965.0
2003-05-28,0.85,0.85,0.84,0.85,438266.0,3530352.0
2003-05-29,0.85,0.86,0.85,0.86,356524.0,2899495.0
2003-05-30,0.86,0.87,0.85,0.87,713023.0,5857338.0
2003-06-02,0.87,0.87,0.86,0.87,399791.0,3279284.0
2003-06-03,0.87,0.87,0.85,0.85,373360.0,3034792.0
2003-06-04,0.85,0.86,0.84,0.85,278888.0,2243679.0
2003-06-05,0.85,0.85,0.84,0.84,226817.0,1823369.0
2003-06-06,0.84,0.86,0.83,0.83,380477.0,3049760.0
2003-06-09,0.83,0.84,0.82,0.83,223651.0,1766250.0
2003-06-10,0.84,0.84,0.82,0.82,229409.0,1801931.0
2003-06-11,0.83,0.84,0.82,0.84,319609.0,2525981.0
2003-06-12,0.84,0.84,0.83,0.84,188316.0,1499945.0
2003-06-13,0.84,0.84,0.84,0.84,167541.0,1337556.0
2003-06-16,0.84,0.84,0.84,0.84,119514.0,952602.0
2003-06-17,0.84,0.84,0.83,0.83,172031.0,1364155.0
2003-06-18,0.83,0.84,0.83,0.83,324970.0,2565682.0
2003-06-19,0.84,0.84,0.83,0.83,304910.0,2406035.0
2003-06-20,0.83,0.84,0.83,0.83,188200.0,1485680.0
2003-06-23,0.83,0.83,0.82,0.82,207776.0,1624358.0
2003-06-24,0.83,0.83,0.82,0.82,283900.0,2217399.0
2003-06-25,0.82,0.83,0.82,0.83,193580.0,1514170.0
2003-06-26,0.83,0.83,0.82,0.83,198309.0,1553122.0
2003-06-27,0.83,0.83,0.82,0.82,158090.0,1239751.0
2003-06-30,0.82,0.82,0.82,0.82,194600.0,1516283.0
2003-07-01,0.82,0.83,0.82,0.83,129809.0,1017064.0
2003-07-02,0.82,0.83,0.82,0.83,103545.0,810944.0
2003-07-03,0.83,0.83,0.82,0.82,60500.0,474183.0
2003-07-04,0.82,0.82,0.82,0.82,143380.0,1117070.0
2003-07-07,0.82,0.83,0.82,0.83,446404.0,3510052.0
2003-07-08,0.83,0.84,0.83,0.83,121597.0,959809.0
2003-07-09,0.84,0.84,0.82,0.82,94442.0,743476.0
2003-07-10,0.82,0.83,0.82,0.83,103885.0,817347.0
2003-07-11,0.83,0.84,0.83,0.83,110793.0,876802.0
2003-07-14,0.83,0.83,0.82,0.82,85690.0,671882.0
2003-07-15,0.83,0.83,0.82,0.82,110910.0,866386.0
2003-07-16,0.82,0.82,0.82,0.82,132157.0,1029878.0
2003-07-17,0.82,0.83,0.82,0.82,156128.0,1221167.0
2003-07-18,0.82,0.82,0.8,0.8,884250.0,6736538.0
2003-07-21,0.81,0.81,0.8,0.8,239034.0,1816499.0
2003-07-22,0.8,0.81,0.8,0.8,195819.0,1490489.0
2003-07-23,0.8,0.8,0.79,0.8,108000.0,816193.0
2003-07-24,0.8,0.8,0.8,0.8,78900.0,601958.0
2003-07-25,0.8,0.8,0.79,0.79,170060.0,1288460.0
2003-07-28,0.79,0.8,0.78,0.78,135805.0,1014804.0
2003-07-29,0.77,0.8,0.77,0.8,166844.0,1261240.0
2003-07-30,0.8,0.8,0.79,0.8,95965.0,728472.0
2003-07-31,0.79,0.8,0.79,0.79,139504.0,1057331.0
2003-08-01,0.79,0.8,0.79,0.8,135270.0,1027137.0
2003-08-04,0.79,0.81,0.79,0.8,89227.0,675869.0
2003-08-05,0.8,0.8,0.78,0.8,139418.0,1049844.0
2003-08-06,0.81,0.81,0.79,0.8,168341.0,1276354.0
2003-08-07,0.81,0.81,0.79,0.8,147669.0,1129880.0
2003-08-08,0.8,0.8,0.79,0.79,148300.0,1125930.0
2003-08-11,0.79,0.79,0.79,0.79,51230.0,383991.0
2003-08-12,0.79,0.8,0.78,0.8,84221.0,633022.0
2003-08-13,0.8,0.8,0.79,0.79,44520.0,334731.0
2003-08-14,0.79,0.79,0.78,0.78,83022.0,621553.0
2003-08-15,0.79,0.79,0.78,0.78,90728.0,673610.0
2003-08-18,0.78,0.78,0.78,0.78,69740.0,515059.0
2003-08-19,0.78,0.79,0.78,0.79,79801.0,592558.0
2003-08-20,0.79,0.79,0.78,0.78,102010.0,763426.0
2003-08-21,0.78,0.78,0.78,0.78,42717.0,316388.0
2003-08-22,0.78,0.79,0.78,0.78,55000.0,406227.0
2003-08-25,0.77,0.77,0.75,0.76,78146.0,564873.0
2003-08-26,0.77,0.78,0.75,0.77,74702.0,547491.0
2003-08-27,0.77,0.77,0.76,0.76,27660.0,201233.0
2003-08-28,0.77,0.77,0.76,0.76,53610.0,387797.0
2003-08-29,0.75,0.76,0.75,0.76,66410.0,476795.0
2003-09-01,0.76,0.77,0.76,0.77,96840.0,702605.0
2003-09-02,0.77,0.77,0.76,0.76,121484.0,880860.0
2003-09-03,0.76,0.76,0.75,0.76,131493.0,940797.0
2003-09-04,0.76,0.77,0.76,0.76,133730.0,969397.0
2003-09-05,0.76,0.77,0.76,0.76,103340.0,752435.0
2003-09-08,0.76,0.77,0.76,0.76,59137.0,426952.0
2003-09-09,0.76,0.77,0.76,0.76,523528.0,3791652.0
2003-09-10,0.76,0.76,0.76,0.76,41153.0,296527.0
2003-09-11,0.76,0.76,0.76,0.76,14420.0,103989.0
2003-09-12,0.76,0.76,0.74,0.75,111408.0,791961.0
2003-09-15,0.74,0.75,0.72,0.72,106398.0,736692.0
2003-09-16,0.72,0.73,0.72,0.73,210959.0,1457300.0
2003-09-17,0.73,0.73,0.71,0.72,77383.0,527943.0
2003-09-18,0.71,0.71,0.71,0.71,81078.0,547910.0
2003-09-19,0.71,0.71,0.7,0.71,98100.0,658968.0
2003-09-22,0.71,0.71,0.7,0.7,50240.0,336953.0
2003-09-23,0.7,0.72,0.7,0.72,103190.0,700837.0
2003-09-24,0.72,0.73,0.71,0.72,51016.0,349031.0
2003-09-25,0.72,0.72,0.72,0.72,44329.0,302796.0
2003-09-26,0.72,0.72,0.71,0.71,79715.0,539853.0
2003-09-29,0.72,0.72,0.7,0.71,64408.0,435450.0
2003-09-30,0.69,0.72,0.69,0.71,104529.0,708652.0
2003-10-08,0.7,0.72,0.69,0.71,32698.0,218917.0
2003-10-09,0.7,0.71,0.7,0.71,44489.0,297836.0
2003-10-10,0.7,0.72,0.7,0.72,89508.0,608725.0
2003-10-13,0.72,0.72,0.71,0.72,70800.0,482700.0
2003-10-14,0.72,0.72,0.7,0.71,47832.0,322086.0
2003-10-15,0.71,0.71,0.71,0.71,59000.0,398381.0
2003-10-16,0.71,0.71,0.7,0.71,60071.0,403849.0
2003-10-17,0.71,0.71,0.7,0.71,56600.0,378877.0
2003-10-20,0.7,0.71,0.7,0.7,53400.0,358473.0
2003-10-21,0.7,0.7,0.69,0.7,90763.0,603549.0
2003-10-22,0.71,0.72,0.7,0.72,177577.0,1204310.0
2003-10-23,0.72,0.73,0.71,0.71,67012.0,457454.0
2003-10-24,0.71,0.72,0.71,0.72,112460.0,760034.0
2003-10-27,0.72,0.74,0.72,0.74,734826.0,5134128.0
2003-10-28,0.74,0.74,0.72,0.74,353360.0,2476136.0
2003-10-29,0.74,0.74,0.72,0.73,256787.0,1778413.0
2003-10-30,0.73,0.73,0.72,0.72,152401.0,1042846.0
2003-10-31,0.72,0.73,0.71,0.72,211761.0,1448060.0
2003-11-03,0.72,0.73,0.71,0.72,117966.0,807657.0
2003-11-04,0.73,0.74,0.73,0.73,443839.0,3100782.0
2003-11-05,0.73,0.74,0.72,0.72,447855.0,3081258.0
2003-11-06,0.72,0.72,0.69,0.7,612153.0,4086164.0
2003-11-07,0.7,0.7,0.66,0.66,871149.0,5621488.0
2003-11-10,0.67,0.67,0.65,0.66,290499.0,1820546.0
2003-11-11,0.66,0.7,0.66,0.67,764527.0,4926454.0
2003-11-12,0.66,0.67,0.63,0.64,501130.0,3090471.0
2003-11-13,0.64,0.66,0.64,0.64,317630.0,1950524.0
2003-11-14,0.64,0.66,0.64,0.66,743660.0,4578794.0
2003-11-17,0.65,0.66,0.65,0.66,648839.0,4045968.0
2003-11-18,0.67,0.67,0.65,0.65,409080.0,2533142.0
2003-11-19,0.65,0.66,0.65,0.66,622184.0,3886613.0
2003-11-20,0.66,0.7,0.66,0.7,1584007.0,10279994.0
2003-11-21,0.7,0.7,0.67,0.67,834961.0,5410736.0
2003-11-24,0.68,0.7,0.68,0.69,716930.0,4679965.0
2003-11-25,0.7,0.71,0.68,0.69,1130585.0,7537584.0
2003-11-26,0.69,0.71,0.69,0.71,732406.0,4849014.0
2003-11-27,0.71,0.71,0.69,0.69,685640.0,4513116.0
2003-11-28,0.68,0.72,0.68,0.71,1659723.0,11130271.0
2003-12-01,0.72,0.74,0.71,0.74,2753402.0,19010391.0
2003-12-02,0.74,0.74,0.72,0.73,1267538.0,8788617.0
2003-12-03,0.73,0.73,0.72,0.73,776862.0,5367063.0
2003-12-04,0.74,0.74,0.72,0.73,536472.0,3713261.0
2003-12-05,0.73,0.73,0.72,0.72,522499.0,3598108.0
2003-12-08,0.73,0.73,0.72,0.72,445151.0,3048802.0
2003-12-09,0.72,0.72,0.72,0.72,348016.0,2377354.0
2003-12-10,0.73,0.74,0.72,0.73,591760.0,4108997.0
2003-12-11,0.74,0.74,0.72,0.72,672517.0,4614164.0
2003-12-12,0.72,0.72,0.71,0.72,306582.0,2091164.0
2003-12-15,0.72,0.73,0.72,0.73,257454.0,1769599.0
2003-12-16,0.73,0.77,0.73,0.76,3058488.0,21691028.0
2003-12-17,0.76,0.76,0.75,0.75,1150134.0,8244715.0
2003-12-18,0.74,0.76,0.74,0.75,751039.0,5352496.0
2003-12-19,0.75,0.76,0.72,0.73,1131397.0,7942536.0
2003-12-22,0.72,0.75,0.72,0.75,841664.0,5861587.0
2003-12-23,0.75,0.77,0.74,0.77,1156237.0,8352753.0
2003-12-24,0.77,0.77,0.76,0.77,897205.0,6532678.0
2003-12-25,0.77,0.77,0.76,0.76,680830.0,4909509.0
2003-12-26,0.76,0.77,0.75,0.76,415759.0,2985635.0
2003-12-29,0.76,0.76,0.74,0.75,320284.0,2282659.0
2003-12-30,0.74,0.75,0.74,0.74,329396.0,2339030.0
2003-12-31,0.74,0.76,0.74,0.74,248030.0,1761293.0
2004-01-02,0.74,0.76,0.72,0.74,312368.0,2209036.0
2004-01-05,0.74,0.76,0.74,0.75,662400.0,4678871.0
2004-01-06,0.76,0.76,0.74,0.75,642588.0,4593008.0
2004-01-07,0.75,0.77,0.74,0.77,1263431.0,9044111.0
2004-01-08,0.77,0.78,0.76,0.77,1260848.0,9225936.0
2004-01-09,0.77,0.78,0.76,0.77,1084041.0,7962532.0
2004-01-12,0.77,0.79,0.77,0.79,1490317.0,11148623.0
2004-01-13,0.8,0.8,0.78,0.79,888744.0,6672646.0
2004-01-14,0.79,0.79,0.77,0.77,622718.0,4577202.0
2004-01-15,0.77,0.78,0.76,0.76,564038.0,4124675.0
2004-01-16,0.76,0.77,0.76,0.77,668842.0,4875861.0
2004-01-29,0.77,0.79,0.77,0.79,571594.0,4233322.0
2004-01-30,0.79,0.8,0.77,0.77,601906.0,4443460.0
2004-02-02,0.77,0.79,0.76,0.78,733479.0,5380745.0
2004-02-03,0.77,0.8,0.77,0.8,993678.0,7429374.0
2004-02-04,0.8,0.81,0.79,0.8,992223.0,7536439.0
2004-02-05,0.8,0.82,0.8,0.81,946696.0,7261184.0
2004-02-06,0.81,0.83,0.8,0.8,1052706.0,8137834.0
2004-02-09,0.81,0.83,0.81,0.83,1281627.0,10054335.0
2004-02-10,0.84,0.85,0.82,0.83,1424195.0,11305519.0
2004-02-11,0.82,0.82,0.81,0.82,879880.0,6804886.0
2004-02-12,0.82,0.82,0.81,0.81,655535.0,5068485.0
2004-02-13,0.81,0.82,0.8,0.8,925855.0,7159248.0
2004-02-16,0.8,0.82,0.8,0.82,733405.0,5656839.0
2004-02-17,0.82,0.82,0.81,0.82,874960.0,6811044.0
2004-02-18,0.82,0.83,0.81,0.83,863886.0,6739761.0
2004-02-19,0.83,0.85,0.82,0.84,1415885.0,11301478.0
2004-02-20,0.84,0.86,0.83,0.86,1328813.0,10687722.0
2004-02-23,0.87,0.87,0.84,0.84,2699355.0,22207749.0
2004-02-24,0.84,0.87,0.83,0.87,1926905.0,15568458.0
2004-02-25,0.87,0.88,0.84,0.85,1206380.0,9841509.0
2004-02-26,0.84,0.85,0.83,0.83,1137483.0,9036079.0
2004-02-27,0.83,0.87,0.83,0.87,980517.0,7972867.0
2004-03-01,0.86,0.88,0.86,0.87,929147.0,7679642.0
2004-03-02,0.86,0.88,0.86,0.86,670641.0,5548170.0
2004-03-03,0.87,0.87,0.84,0.85,709675.0,5792544.0
2004-03-04,0.84,0.86,0.84,0.85,687661.0,5541424.0
2004-03-05,0.85,0.88,0.85,0.87,1334886.0,11088339.0
2004-03-08,0.88,0.88,0.85,0.85,692037.0,5636569.0
2004-03-09,0.85,0.86,0.84,0.84,895030.0,7178712.0
2004-03-10,0.84,0.85,0.83,0.85,449942.0,3591674.0
2004-03-11,0.85,0.86,0.85,0.85,443928.0,3595078.0
2004-03-12,0.85,0.85,0.83,0.84,348060.0,2784951.0
2004-03-15,0.84,0.86,0.84,0.86,567889.0,4611412.0
2004-03-16,0.86,0.87,0.84,0.85,852241.0,6876982.0
2004-03-17,0.85,0.88,0.85,0.87,857316.0,7059062.0
2004-03-18,0.87,0.88,0.86,0.86,631313.0,5190685.0
2004-03-19,0.85,0.86,0.85,0.86,594759.0,4818846.0
2004-03-22,0.86,0.87,0.86,0.86,467480.0,3818762.0
2004-03-23,0.86,0.87,0.85,0.85,456949.0,3698788.0
2004-03-24,0.85,0.85,0.83,0.83,790341.0,6328513.0
2004-03-25,0.83,0.84,0.83,0.84,560898.0,4443308.0
2004-03-26,0.83,0.85,0.83,0.85,873478.0,7003625.0
2004-03-29,0.85,0.86,0.85,0.86,912760.0,7422018.0
2004-03-30,0.85,0.86,0.84,0.86,561400.0,4555865.0
2004-03-31,0.86,0.87,0.85,0.87,999492.0,8184980.0
2004-04-01,0.86,0.9,0.86,0.89,2587831.0,21779266.0
2004-04-02,0.9,0.91,0.89,0.89,2547499.0,21737018.0
2004-04-05,0.9,0.92,0.9,0.92,1928228.0,16722633.0
2004-04-06,0.92,0.94,0.91,0.94,1568907.0,13855742.0
2004-04-07,0.94,0.94,0.92,0.94,913938.0,8094829.0
2004-04-08,0.94,0.94,0.91,0.93,923642.0,8086141.0
2004-04-09,0.94,0.94,0.91,0.91,1118830.0,9808297.0
2004-04-12,0.93,0.93,0.89,0.92,944363.0,8120808.0
2004-04-13,0.92,0.93,0.91,0.92,769478.0,6751620.0
2004-04-14,0.92,0.93,0.89,0.89,971376.0,8349934.0
2004-04-15,0.9,0.9,0.88,0.88,371779.0,3150521.0
2004-04-16,0.88,0.89,0.86,0.89,669586.0,5577735.0
2004-04-19,0.89,0.89,0.88,0.89,251235.0,2118186.0
2004-04-20,0.89,0.91,0.89,0.9,571096.0,4895319.0
2004-04-21,0.91,0.92,0.9,0.9,633951.0,5493621.0
2004-04-23,0.9,0.92,0.88,0.89,390093.0,3313425.0
2004-04-26,0.89,0.9,0.88,0.9,424291.0,3609277.0
2004-04-27,0.9,0.9,0.89,0.9,324111.0,2766770.0
2004-04-28,0.89,0.9,0.87,0.88,513934.0,4294215.0
2004-04-29,0.87,0.88,0.84,0.86,808404.0,6602122.0
2004-04-30,0.85,0.88,0.84,0.86,527176.0,4309015.0
2004-05-10,0.86,0.86,0.83,0.83,284360.0,2270076.0
2004-05-11,0.83,0.85,0.83,0.83,286857.0,2281272.0
2004-05-12,0.83,0.86,0.83,0.85,464328.0,3714659.0
2004-05-13,0.85,0.85,0.84,0.84,170500.0,1367286.0
2004-05-14,0.84,0.86,0.84,0.85,674887.0,5424632.0
2004-05-17,0.83,0.85,0.83,0.84,303921.0,2435761.0
2004-05-18,0.84,0.84,0.82,0.84,762908.0,5993374.0
2004-05-19,0.84,0.85,0.83,0.83,173992.0,1385895.0
2004-05-20,0.85,0.85,0.83,0.83,93500.0,724385.0
2004-05-21,0.83,0.84,0.82,0.84,78930.0,609446.0
2004-05-24,0.84,0.86,0.83,0.85,1786409.0,14066122.0
2004-05-25,0.85,0.85,0.83,0.83,1002990.0,7890106.0
2004-05-26,0.82,0.84,0.81,0.82,231860.0,1776971.0
2004-05-27,0.83,0.85,0.83,0.83,430880.0,3357860.0
2004-05-28,0.83,0.85,0.83,0.85,242782.0,1907778.0
2004-05-31,0.84,0.84,0.83,0.84,314350.0,2445443.0
2004-06-01,0.85,0.85,0.83,0.85,504754.0,3965983.0
2004-06-02,0.85,0.85,0.82,0.83,433755.0,3379214.0
2004-06-03,0.83,0.83,0.81,0.82,264541.0,2020863.0
2004-06-04,0.82,0.82,0.81,0.81,149120.0,1132039.0
2004-06-07,0.8,0.8,0.77,0.78,297363.0,2162153.0
2004-06-08,0.78,0.78,0.77,0.77,164786.0,1186998.0
2004-06-09,0.77,0.78,0.75,0.75,229938.0,1632813.0
2004-06-10,0.75,0.77,0.75,0.76,586200.0,4175054.0
2004-06-11,0.76,0.78,0.75,0.75,284746.0,2024021.0
2004-06-14,0.74,0.74,0.72,0.73,239178.0,1638448.0
2004-06-15,0.74,0.76,0.73,0.73,940500.0,6471857.0
2004-06-16,0.74,0.75,0.72,0.74,662254.0,4484442.0
2004-06-17,0.73,0.73,0.7,0.71,462699.0,3076119.0
2004-06-18,0.7,0.71,0.69,0.69,412650.0,2685162.0
2004-06-21,0.69,0.7,0.69,0.7,454120.0,2935608.0
2004-06-22,0.7,0.72,0.7,0.72,798255.0,5305989.0
2004-06-23,0.72,0.73,0.7,0.73,1513964.0,10011242.0
2004-06-24,0.73,0.73,0.71,0.72,638374.0,4278123.0
2004-06-25,0.72,0.72,0.71,0.72,714806.0,4770342.0
2004-06-28,0.71,0.73,0.71,0.73,517603.0,3480815.0
2004-06-29,0.73,0.74,0.72,0.74,1019932.0,6953969.0
2004-06-30,0.74,0.74,0.72,0.73,344083.0,2354314.0
2004-07-01,0.73,0.75,0.73,0.74,2016702.0,13938931.0
2004-07-02,0.74,0.75,0.73,0.75,288611.0,1998744.0
2004-07-05,0.75,0.75,0.74,0.75,274142.0,1912413.0
2004-07-06,0.75,0.76,0.75,0.75,649197.0,4567209.0
2004-07-07,0.75,0.75,0.74,0.75,261400.0,1817411.0
2004-07-08,0.75,0.75,0.73,0.75,536062.0,3742980.0
2004-07-09,0.75,0.76,0.75,0.75,208400.0,1466826.0
2004-07-12,0.75,0.75,0.72,0.72,150800.0,1030570.0
2004-07-13,0.72,0.74,0.72,0.73,63171.0,431268.0
2004-07-14,0.73,0.74,0.72,0.74,488685.0,3343722.0
2004-07-15,0.74,0.77,0.73,0.76,233985.0,1635563.0
2004-07-16,0.76,0.79,0.76,0.77,329486.0,2377505.0
2004-07-19,0.77,0.77,0.76,0.77,118979.0,850591.0
2004-07-20,0.77,0.77,0.75,0.76,180431.0,1279536.0
2004-07-21,0.76,0.79,0.75,0.78,253858.0,1821139.0
2004-07-22,0.77,0.78,0.76,0.76,181884.0,1310092.0
2004-07-23,0.76,0.78,0.74,0.77,167118.0,1178494.0
2004-07-26,0.77,0.77,0.76,0.76,79840.0,570981.0
2004-07-27,0.76,0.8,0.75,0.77,250100.0,1788241.0
2004-07-28,0.76,0.77,0.75,0.77,92660.0,658456.0
2004-07-29,0.77,0.79,0.76,0.77,131954.0,949358.0
2004-07-30,0.76,0.77,0.76,0.76,64800.0,461525.0
2004-08-02,0.76,0.76,0.74,0.74,133799.0,932127.0
2004-08-03,0.74,0.75,0.74,0.75,140123.0,978486.0
2004-08-04,0.76,0.77,0.75,0.76,159872.0,1137325.0
2004-08-05,0.76,0.76,0.75,0.75,87046.0,613316.0
2004-08-06,0.75,0.76,0.75,0.75,94297.0,658133.0
2004-08-09,0.75,0.75,0.74,0.75,39355.0,273723.0
2004-08-10,0.75,0.75,0.74,0.75,47800.0,333555.0
2004-08-11,0.74,0.76,0.74,0.74,74836.0,518749.0
2004-08-12,0.73,0.74,0.73,0.74,77600.0,531815.0
2004-08-13,0.74,0.75,0.73,0.75,87650.0,603543.0
2004-08-16,0.75,0.75,0.73,0.74,57850.0,396787.0
2004-08-17,0.74,0.74,0.73,0.74,57100.0,392125.0
2004-08-18,0.74,0.75,0.73,0.74,85381.0,587749.0
2004-08-19,0.74,0.74,0.72,0.72,474050.0,3219042.0
2004-08-20,0.72,0.74,0.71,0.73,234996.0,1576679.0
2004-08-23,0.77,0.77,0.73,0.74,1122830.0,7789203.0
2004-08-24,0.74,0.76,0.74,0.75,780630.0,5449126.0
2004-08-25,0.74,0.75,0.74,0.74,143650.0,1000903.0
2004-08-26,0.74,0.74,0.73,0.74,454441.0,3102544.0
2004-08-27,0.74,0.75,0.73,0.73,245950.0,1685265.0
2004-08-30,0.73,0.75,0.73,0.75,223575.0,1543979.0
2004-08-31,0.78,0.78,0.74,0.75,900009.0,6323494.0
2004-09-01,0.75,0.75,0.74,0.74,289160.0,2012692.0
2004-09-02,0.74,0.76,0.73,0.75,535177.0,3712483.0
2004-09-03,0.74,0.77,0.74,0.75,575070.0,4020063.0
2004-09-06,0.75,0.75,0.75,0.75,323660.0,2264777.0
2004-09-07,0.75,0.76,0.75,0.75,216766.0,1516484.0
2004-09-08,0.75,0.77,0.75,0.76,487950.0,3438051.0
2004-09-09,0.76,0.76,0.73,0.75,409260.0,2863663.0
2004-09-10,0.74,0.75,0.73,0.75,139466.0,963162.0
2004-09-13,0.75,0.75,0.72,0.73,276470.0,1878252.0
2004-09-14,0.74,0.75,0.73,0.75,378961.0,2633149.0
2004-09-15,0.75,0.8,0.75,0.78,1893849.0,13700365.0
2004-09-16,0.78,0.8,0.78,0.8,1153039.0,8481198.0
2004-09-17,0.8,0.83,0.79,0.83,1067239.0,8062284.0
2004-09-20,0.84,0.86,0.83,0.85,2240427.0,17699972.0
2004-09-21,0.85,0.91,0.84,0.87,2342050.0,18852302.0
2004-09-22,0.87,0.88,0.85,0.86,1737104.0,14001015.0
2004-09-23,0.86,0.89,0.86,0.89,1108646.0,9009435.0
2004-09-27,0.87,0.89,0.86,0.86,1055988.0,8563951.0
2004-09-28,0.86,0.87,0.85,0.86,475820.0,3806112.0
2004-09-29,0.86,0.86,0.85,0.85,515386.0,4115001.0
2004-09-30,0.86,0.86,0.83,0.83,609774.0,4777407.0
2004-10-08,0.83,0.86,0.82,0.86,487002.0,3819431.0
2004-10-11,0.86,0.88,0.85,0.86,1595952.0,12802743.0
2004-10-12,0.86,0.86,0.84,0.85,1062111.0,8376904.0
2004-10-13,0.85,0.86,0.84,0.86,577160.0,4583370.0
2004-10-14,0.85,0.87,0.8,0.81,702240.0,5446917.0
2004-10-15,0.81,0.84,0.8,0.82,481397.0,3642232.0
2004-10-18,0.82,0.83,0.8,0.83,230820.0,1757393.0
2004-10-19,0.83,0.85,0.82,0.83,241586.0,1875110.0
2004-10-20,0.83,0.85,0.82,0.84,217743.0,1680724.0
2004-10-21,0.84,0.85,0.83,0.84,386450.0,3032967.0
2004-10-22,0.84,0.86,0.83,0.85,449255.0,3536183.0
2004-10-25,0.85,0.88,0.85,0.86,1578409.0,12680817.0
2004-10-26,0.87,0.87,0.85,0.87,1079871.0,8660584.0
2004-10-27,0.86,0.86,0.84,0.85,878534.0,6977873.0
2004-10-28,0.85,0.86,0.84,0.84,710500.0,5620432.0
2004-10-29,0.8,0.83,0.79,0.81,350130.0,1772831.0
2004-11-01,0.8,0.81,0.77,0.8,1228803.0,6100421.0
2004-11-02,0.79,0.79,0.78,0.79,209240.0,1021951.0
2004-11-03,0.79,0.8,0.79,0.8,359907.0,1776963.0
2004-11-04,0.8,0.81,0.79,0.79,641286.0,3200164.0
2004-11-05,0.79,0.8,0.78,0.79,362904.0,1783822.0
2004-11-08,0.79,0.79,0.77,0.78,265575.0,1291140.0
2004-11-09,0.78,0.79,0.78,0.78,121869.0,591747.0
2004-11-10,0.78,0.81,0.78,0.81,488268.0,2432199.0
2004-11-11,0.82,0.82,0.8,0.81,990431.0,4989921.0
2004-11-12,0.8,0.81,0.79,0.79,453612.0,2243006.0
2004-11-15,0.8,0.8,0.78,0.8,518872.0,2553560.0
2004-11-16,0.8,0.81,0.8,0.8,422606.0,2105527.0
2004-11-17,0.79,0.8,0.79,0.8,252175.0,1249068.0
2004-11-18,0.79,0.8,0.79,0.8,252817.0,1251693.0
2004-11-19,0.8,0.83,0.8,0.83,1291589.0,6561080.0
2004-11-22,0.83,0.83,0.81,0.83,941339.0,4812052.0
2004-11-23,0.83,0.83,0.82,0.83,736084.0,3778595.0
2004-11-24,0.83,0.83,0.81,0.82,593917.0,3009482.0
2004-11-25,0.82,0.83,0.79,0.8,937336.0,4671519.0
2004-11-26,0.8,0.82,0.77,0.78,2959002.0,14323260.0
2004-11-29,0.78,0.78,0.73,0.74,1963795.0,9172161.0
2004-11-30,0.74,0.76,0.74,0.75,649385.0,3008082.0
2004-12-01,0.75,0.76,0.75,0.75,446305.0,2093961.0
2004-12-02,0.75,0.76,0.74,0.76,488495.0,2262618.0
2004-12-03,0.77,0.8,0.77,0.78,2906570.0,14143014.0
2004-12-06,0.78,0.79,0.77,0.78,1018462.0,4945675.0
2004-12-07,0.78,0.78,0.76,0.76,370247.0,1772811.0
2004-12-08,0.76,0.78,0.76,0.76,310295.0,1468860.0
2004-12-09,0.76,0.78,0.76,0.77,815296.0,3886996.0
2004-12-10,0.76,0.76,0.74,0.75,784396.0,3645955.0
2004-12-13,0.74,0.75,0.73,0.74,491802.0,2262711.0
2004-12-14,0.75,0.75,0.73,0.75,396569.0,1819022.0
2004-12-15,0.75,0.77,0.75,0.77,1667350.0,7910096.0
2004-12-16,0.78,0.79,0.77,0.78,3000892.0,14586410.0
2004-12-17,0.77,0.77,0.75,0.75,610225.0,2866077.0
2004-12-20,0.74,0.74,0.72,0.73,1742947.0,7912237.0
2004-12-21,0.72,0.75,0.72,0.72,661750.0,2989560.0
2004-12-22,0.72,0.74,0.72,0.74,839322.0,3809452.0
2004-12-23,0.74,0.75,0.72,0.73,333685.0,1510725.0
2004-12-24,0.72,0.73,0.72,0.72,377485.0,1689491.0
2004-12-27,0.72,0.72,0.71,0.71,245269.0,1093911.0
2004-12-28,0.71,0.72,0.69,0.7,475128.0,2070210.0
2004-12-29,0.69,0.71,0.69,0.7,356451.0,1546739.0
2004-12-30,0.7,0.71,0.69,0.69,443542.0,1914837.0
2004-12-31,0.69,0.7,0.67,0.68,501896.0,2126948.0
2005-01-04,0.68,0.68,0.64,0.65,798499.0,3232029.0
2005-01-05,0.64,0.67,0.64,0.66,845210.0,3421532.0
2005-01-06,0.66,0.67,0.65,0.66,407375.0,1667122.0
2005-01-10,0.64,0.65,0.63,0.65,1457486.0,5789284.0
2005-01-11,0.65,0.65,0.64,0.65,340506.0,1375956.0
2005-01-12,0.65,0.67,0.65,0.67,402521.0,1650563.0
2005-01-13,0.67,0.67,0.65,0.66,806179.0,3278253.0
2005-01-14,0.65,0.67,0.65,0.65,819050.0,3329685.0
2005-01-17,0.64,0.65,0.63,0.65,373062.0,1482641.0
2005-01-18,0.64,0.66,0.64,0.66,544250.0,2170314.0
2005-01-19,0.65,0.66,0.64,0.65,406190.0,1630571.0
2005-01-20,0.65,0.67,0.64,0.64,951270.0,3819456.0
2005-01-21,0.63,0.64,0.6,0.63,1828351.0,7059699.0
2005-01-24,0.65,0.66,0.63,0.65,1446902.0,5777711.0
2005-01-25,0.64,0.65,0.63,0.65,1039400.0,4153083.0
2005-01-26,0.65,0.68,0.65,0.67,5904079.0,24497403.0
2005-01-27,0.66,0.66,0.65,0.65,1006213.0,4102361.0
2005-01-28,0.64,0.65,0.63,0.64,1022938.0,4059702.0
2005-01-31,0.63,0.63,0.61,0.62,720809.0,2780001.0
2005-02-01,0.62,0.63,0.61,0.62,570773.0,2204829.0
2005-02-02,0.62,0.66,0.62,0.66,1419656.0,5696204.0
2005-02-03,0.66,0.67,0.64,0.64,1247101.0,5055113.0
2005-02-04,0.64,0.65,0.63,0.65,706546.0,2847793.0
2005-02-16,0.67,0.67,0.65,0.65,996135.0,4085142.0
2005-02-17,0.65,0.66,0.65,0.65,1026136.0,4155416.0
2005-02-18,0.65,0.66,0.64,0.64,1138800.0,4576654.0
2005-02-21,0.64,0.65,0.64,0.65,1855022.0,7419824.0
2005-02-22,0.65,0.71,0.64,0.7,9927872.0,41627707.0
2005-02-23,0.7,0.73,0.7,0.72,9532397.0,42277909.0
2005-02-24,0.72,0.73,0.71,0.71,3663146.0,16217040.0
2005-02-25,0.71,0.73,0.71,0.71,3628340.0,16241292.0
2005-02-28,0.71,0.73,0.7,0.71,3103209.0,13741267.0
2005-03-01,0.71,0.71,0.69,0.7,2207522.0,9570551.0
2005-03-02,0.7,0.71,0.69,0.69,1985245.0,8601668.0
2005-03-03,0.69,0.7,0.68,0.7,1547991.0,6641140.0
2005-03-04,0.7,0.71,0.68,0.68,1210655.0,5217290.0
2005-03-07,0.69,0.69,0.68,0.69,794673.0,3397684.0
2005-03-08,0.69,0.72,0.69,0.71,2127294.0,9341924.0
2005-03-09,0.72,0.72,0.7,0.71,1487612.0,6545236.0
2005-03-10,0.71,0.71,0.68,0.68,1543660.0,6616478.0
2005-03-11,0.68,0.69,0.67,0.67,1352654.0,5686787.0
2005-03-14,0.68,0.68,0.66,0.67,1417819.0,5867274.0
2005-03-15,0.67,0.69,0.67,0.68,1320070.0,5550271.0
2005-03-16,0.68,0.68,0.66,0.66,1125216.0,4650498.0
2005-03-17,0.66,0.67,0.66,0.66,666000.0,2738279.0
2005-03-18,0.66,0.66,0.65,0.65,1155243.0,4665004.0
2005-03-21,0.65,0.66,0.65,0.65,696805.0,2824077.0
2005-03-22,0.65,0.66,0.63,0.63,1078828.0,4263591.0
2005-03-23,0.63,0.64,0.61,0.63,744799.0,2899408.0
2005-03-24,0.63,0.65,0.63,0.65,850700.0,3389265.0
2005-03-25,0.65,0.65,0.64,0.64,532468.0,2121842.0
2005-03-28,0.64,0.64,0.63,0.64,281739.0,1109658.0
2005-03-29,0.64,0.65,0.63,0.65,747954.0,3010971.0
2005-03-30,0.64,0.65,0.63,0.64,585513.0,2330361.0
2005-03-31,0.64,0.64,0.63,0.64,650199.0,2566341.0
2005-04-01,0.64,0.67,0.63,0.66,1170338.0,4751555.0
2005-04-04,0.65,0.66,0.64,0.65,596259.0,2412343.0
2005-04-05,0.65,0.65,0.63,0.63,516050.0,2045865.0
2005-04-06,0.63,0.64,0.61,0.62,2100054.0,8106910.0
2005-04-07,0.63,0.65,0.62,0.63,2160235.0,8556257.0
2005-04-08,0.63,0.65,0.63,0.65,1477491.0,5891560.0
2005-04-11,0.65,0.68,0.65,0.66,3353783.0,13943808.0
2005-04-12,0.66,0.66,0.64,0.64,1281166.0,5191878.0
2005-04-13,0.65,0.67,0.65,0.66,1838533.0,7535986.0
2005-04-14,0.66,0.67,0.65,0.66,1446694.0,5963346.0
2005-04-15,0.66,0.66,0.64,0.64,985173.0,3952420.0
2005-04-18,0.64,0.65,0.64,0.64,584728.0,2330079.0
2005-04-19,0.64,0.65,0.64,0.64,601368.0,2405718.0
2005-04-20,0.64,0.64,0.62,0.62,749296.0,2938864.0
2005-04-21,0.62,0.63,0.62,0.62,664670.0,2579836.0
2005-04-25,0.61,0.61,0.56,0.57,2222706.0,7914170.0
2005-04-26,0.56,0.58,0.55,0.58,855330.0,3034610.0
2005-04-27,0.58,0.59,0.56,0.56,686623.0,2434892.0
2005-04-28,0.56,0.58,0.55,0.58,1005600.0,3584150.0
2005-04-29,0.58,0.59,0.57,0.58,655934.0,2367438.0
2005-05-09,0.6,0.6,0.56,0.56,648695.0,2273356.0
2005-05-10,0.56,0.57,0.55,0.57,473921.0,1647746.0
2005-05-11,0.56,0.57,0.56,0.56,371680.0,1304972.0
2005-05-12,0.56,0.56,0.55,0.55,601787.0,2068770.0
2005-05-13,0.55,0.56,0.54,0.56,570547.0,1957260.0
2005-05-16,0.55,0.56,0.55,0.56,386288.0,1323813.0
2005-05-17,0.56,0.57,0.55,0.56,590941.0,2060904.0
2005-05-18,0.56,0.58,0.56,0.58,542801.0,1919728.0
2005-05-19,0.58,0.58,0.57,0.57,272275.0,968485.0
2005-05-20,0.57,0.58,0.57,0.57,323192.0,1154290.0
2005-05-23,0.58,0.58,0.54,0.54,376310.0,1245385.0
2005-05-24,0.54,0.56,0.54,0.55,331830.0,1088083.0
2005-05-25,0.55,0.56,0.55,0.55,355308.0,1172897.0
2005-05-26,0.55,0.56,0.55,0.55,292885.0,961704.0
2005-05-27,0.55,0.56,0.55,0.55,267390.0,878950.0
2005-05-30,0.55,0.56,0.54,0.55,414318.0,1361485.0
2005-05-31,0.56,0.56,0.55,0.56,583851.0,1940932.0
2005-06-01,0.55,0.56,0.54,0.54,364300.0,1187014.0
2005-06-02,0.54,0.55,0.52,0.53,777882.0,2475573.0
2005-06-03,0.53,0.54,0.52,0.53,450141.0,1426551.0
2005-06-06,0.53,0.54,0.53,0.54,395095.0,1260468.0
2005-06-07,0.54,0.55,0.54,0.54,664809.0,2165059.0
2005-06-08,0.54,0.59,0.54,0.58,1828416.0,6216379.0
2005-06-09,0.58,0.59,0.57,0.58,1996734.0,6909599.0
2005-06-10,0.58,0.58,0.56,0.56,1064643.0,3606364.0
2005-06-13,0.56,0.57,0.55,0.56,983440.0,3261577.0
2005-06-14,0.56,0.57,0.55,0.56,774690.0,2587505.0
2005-06-15,0.55,0.55,0.54,0.54,541070.0,1749586.0
2005-06-16,0.54,0.55,0.53,0.55,619133.0,1996710.0
2005-06-17,0.56,0.58,0.56,0.56,2620718.0,8851265.0
2005-06-20,0.56,0.57,0.54,0.57,1183844.0,3963852.0
2005-06-21,0.57,0.57,0.56,0.57,636229.0,2149539.0
2005-06-22,0.56,0.57,0.56,0.56,418299.0,1396248.0
2005-06-23,0.56,0.57,0.56,0.56,391400.0,1305121.0
2005-06-24,0.55,0.56,0.55,0.56,393471.0,1305627.0
2005-06-27,0.56,0.57,0.56,0.57,1434271.0,4872118.0
2005-06-28,0.57,0.57,0.55,0.55,558530.0,1853486.0
2005-06-29,0.56,0.56,0.55,0.55,552466.0,1842479.0
2005-06-30,0.56,0.56,0.54,0.54,553649.0,1805024.0
2005-07-01,0.54,0.54,0.51,0.52,889300.0,2802822.0
2005-07-04,0.51,0.51,0.49,0.5,826935.0,2458338.0
2005-07-05,0.51,0.51,0.49,0.49,382900.0,1137459.0
2005-07-06,0.49,0.5,0.49,0.5,379855.0,1119901.0
2005-07-07,0.49,0.5,0.49,0.5,263300.0,779930.0
2005-07-08,0.5,0.5,0.48,0.48,713243.0,2064653.0
2005-07-11,0.48,0.5,0.48,0.48,527100.0,1532909.0
2005-07-12,0.48,0.5,0.48,0.5,741298.0,2166374.0
2005-07-13,0.5,0.5,0.49,0.49,328150.0,962439.0
2005-07-14,0.49,0.5,0.49,0.49,409739.0,1202930.0
2005-07-15,0.49,0.5,0.47,0.47,643232.0,1836975.0
2005-07-18,0.47,0.47,0.43,0.43,1539440.0,4065610.0
2005-07-19,0.42,0.44,0.42,0.44,795556.0,2049508.0
2005-07-20,0.44,0.45,0.43,0.45,903988.0,2382501.0
2005-07-21,0.45,0.46,0.45,0.45,1908915.0,5178222.0
2005-07-22,0.45,0.47,0.45,0.46,1624548.0,4431471.0
2005-07-25,0.46,0.46,0.45,0.46,575920.0,1569976.0
2005-07-26,0.46,0.47,0.46,0.47,892200.0,2478335.0
2005-07-27,0.47,0.49,0.46,0.49,1462425.0,4162770.0
2005-07-28,0.49,0.49,0.48,0.48,1004825.0,2900017.0
2005-07-29,0.48,0.51,0.48,0.5,2197849.0,6484790.0
2005-08-01,0.51,0.52,0.5,0.5,3512872.0,10634501.0
2005-08-02,0.5,0.52,0.5,0.52,1180230.0,3570481.0
2005-08-03,0.52,0.53,0.51,0.52,2669095.0,8280349.0
2005-08-04,0.51,0.52,0.51,0.51,1562790.0,4741429.0
2005-08-05,0.51,0.53,0.51,0.53,2531231.0,7854943.0
2005-08-08,0.54,0.54,0.53,0.54,2632446.0,8436338.0
2005-08-09,0.54,0.55,0.53,0.55,1825543.0,5907285.0
2005-08-10,0.55,0.56,0.54,0.56,2709588.0,8953740.0
2005-08-11,0.56,0.57,0.55,0.57,2308473.0,7687115.0
2005-08-12,0.57,0.58,0.56,0.56,2708624.0,9128796.0
2005-08-15,0.56,0.58,0.56,0.58,2418144.0,8270951.0
2005-08-16,0.58,0.59,0.57,0.59,2406332.0,8326173.0
2005-08-17,0.58,0.59,0.56,0.59,2854283.0,9795249.0
2005-08-18,0.59,0.6,0.55,0.56,3261296.0,11226825.0
2005-08-19,0.55,0.56,0.54,0.55,2204621.0,7244217.0
2005-08-22,0.54,0.56,0.54,0.56,970327.0,3189987.0
2005-08-23,0.55,0.56,0.54,0.55,1081164.0,3516831.0
2005-08-24,0.55,0.56,0.55,0.56,961865.0,3174522.0
2005-08-25,0.56,0.56,0.54,0.56,1544547.0,5131692.0
2005-08-26,0.56,0.57,0.56,0.57,1117781.0,3750919.0
2005-08-29,0.57,0.57,0.55,0.56,918446.0,3058387.0
2005-08-30,0.55,0.56,0.55,0.56,789771.0,2610002.0
2005-08-31,0.55,0.58,0.55,0.58,2233002.0,7628734.0
2005-09-01,0.58,0.63,0.58,0.61,7152450.0,25893569.0
2005-09-02,0.62,0.63,0.6,0.62,3568382.0,13170170.0
2005-09-05,0.62,0.68,0.62,0.65,8095850.0,31572330.0
2005-09-06,0.65,0.7,0.65,0.68,9808579.0,39717366.0
2005-09-07,0.67,0.69,0.66,0.68,3120985.0,12548729.0
2005-09-08,0.69,0.69,0.67,0.69,2129473.0,8631728.0
2005-09-09,0.68,0.69,0.66,0.66,1679346.0,6720834.0
2005-09-12,0.66,0.68,0.66,0.67,1039584.0,4128743.0
2005-09-13,0.67,0.7,0.67,0.7,2537629.0,10396931.0
2005-09-14,0.7,0.77,0.7,0.76,11431976.0,50913689.0
2005-09-15,0.74,0.77,0.74,0.76,2204214.0,9909738.0
2005-09-16,0.76,0.78,0.75,0.75,1984990.0,8971543.0
2005-09-19,0.76,0.76,0.74,0.75,1627256.0,7269801.0
2005-09-20,0.75,0.77,0.75,0.77,2639915.0,11977786.0
2005-09-21,0.77,0.8,0.76,0.77,3641010.0,16991680.0
2005-09-22,0.77,0.77,0.71,0.74,3577505.0,15727039.0
2005-09-23,0.74,0.76,0.72,0.72,2142418.0,9433963.0
2005-09-26,0.72,0.74,0.72,0.74,1147291.0,4978468.0
2005-09-27,0.74,0.75,0.73,0.73,958196.0,4199504.0
2005-09-28,0.73,0.79,0.73,0.79,3999437.0,18265283.0
2005-09-29,0.79,0.81,0.77,0.79,2899261.0,13743556.0
2005-09-30,0.79,0.81,0.78,0.8,1868805.0,8921737.0
2005-10-10,0.8,0.82,0.78,0.81,1784910.0,8602621.0
2005-10-11,0.81,0.83,0.8,0.82,1466389.0,7120737.0
2005-10-12,0.83,0.86,0.82,0.85,3390997.0,17199736.0
2005-10-13,0.85,0.86,0.83,0.84,2500296.0,12649429.0
2005-10-14,0.84,0.84,0.8,0.81,1758643.0,8562475.0
2005-10-17,0.82,0.83,0.81,0.82,1295513.0,6303521.0
2005-10-18,0.82,0.86,0.81,0.85,2319514.0,11576886.0
2005-10-19,0.85,0.9,0.85,0.86,6259878.0,32794411.0
2005-10-20,0.85,0.88,0.84,0.87,2877053.0,14791030.0
2005-10-21,0.87,0.89,0.85,0.89,2457075.0,12808075.0
2005-10-24,0.89,0.9,0.87,0.88,2379089.0,12592721.0
2005-10-25,0.88,0.9,0.86,0.86,1733260.0,9063730.0
2005-10-26,0.86,0.86,0.81,0.81,2253380.0,11119747.0
2005-10-27,0.81,0.83,0.8,0.83,1418171.0,6889607.0
2005-10-28,0.83,0.84,0.8,0.83,1184349.0,5768012.0
2005-10-31,0.82,0.83,0.75,0.76,2658334.0,12331403.0
2005-11-01,0.76,0.77,0.74,0.75,1645325.0,7377080.0
2005-11-02,0.76,0.79,0.76,0.77,1814774.0,8364962.0
2005-11-03,0.76,0.78,0.76,0.77,829286.0,3770584.0
2005-11-04,0.77,0.79,0.75,0.79,1166855.0,5371509.0
2005-11-07,0.8,0.8,0.78,0.8,850231.0,4007681.0
2005-11-08,0.8,0.81,0.79,0.8,1585931.0,7591840.0
2005-11-09,0.8,0.82,0.79,0.79,1538224.0,7370149.0
2005-11-10,0.78,0.79,0.75,0.77,2092873.0,9474575.0
2005-11-11,0.76,0.77,0.75,0.76,721210.0,3268866.0
2005-11-14,0.76,0.76,0.75,0.76,401256.0,1807789.0
2005-11-15,0.76,0.77,0.72,0.73,1083840.0,4767394.0
2005-11-16,0.72,0.74,0.72,0.74,944568.0,4110294.0
2005-11-17,0.74,0.74,0.73,0.73,365680.0,1593496.0
2005-11-18,0.72,0.76,0.72,0.74,2422541.0,10683546.0
2005-11-21,0.75,0.76,0.74,0.75,1257123.0,5629339.0
2005-11-22,0.75,0.76,0.75,0.75,1139268.0,5114140.0
2005-11-23,0.75,0.76,0.74,0.76,819407.0,3674101.0
2005-11-24,0.76,0.79,0.76,0.78,2526531.0,11754395.0
2005-11-28,0.8,0.8,0.78,0.78,1205848.0,5652375.0
2005-11-29,0.78,0.78,0.75,0.76,1048013.0,4721010.0
2005-11-30,0.76,0.76,0.75,0.76,243824.0,1101313.0
2005-12-01,0.75,0.76,0.75,0.76,306780.0,1385008.0
2005-12-02,0.76,0.76,0.72,0.72,1583465.0,6866972.0
2005-12-05,0.72,0.72,0.7,0.71,730753.0,3079663.0
2005-12-06,0.7,0.71,0.7,0.7,559135.0,2339595.0
2005-12-07,0.7,0.72,0.7,0.7,539054.0,2255998.0
2005-12-08,0.7,0.73,0.7,0.72,504435.0,2162674.0
2005-12-09,0.72,0.75,0.72,0.75,835793.0,3665001.0
2005-12-22,0.77,0.8,0.76,0.78,6480444.0,30011655.0
2005-12-23,0.8,0.8,0.77,0.78,2669746.0,12354737.0
2005-12-26,0.79,0.83,0.78,0.83,4653351.0,22516527.0
2005-12-27,0.82,0.83,0.81,0.82,1665521.0,8178218.0
2005-12-28,0.83,0.83,0.8,0.81,2538974.0,12294990.0
2005-12-29,0.8,0.83,0.8,0.83,5365247.0,26166854.0
2005-12-30,0.83,0.87,0.83,0.87,5662230.0,28550441.0
2006-01-04,0.84,0.89,0.84,0.88,5355122.0,27616057.0
2006-01-05,0.89,0.93,0.88,0.92,11298053.0,61090128.0
2006-01-25,1.01,1.08,0.93,1.06,36862687.0,159399441.0
2006-02-06,1.03,1.05,0.99,1.04,19789040.0,89103933.0
2006-02-07,1.04,1.13,1.02,1.11,19391915.0,92962609.0
2006-02-08,1.11,1.19,1.1,1.11,17623945.0,88585315.0
2006-02-09,1.11,1.13,1.07,1.09,10749833.0,52023667.0
2006-02-10,1.08,1.12,1.06,1.12,10181134.0,48721311.0
2006-02-13,1.12,1.12,1.09,1.11,6180068.0,29995089.0
2006-02-14,1.1,1.12,1.08,1.09,6058966.0,29177255.0
2006-02-15,1.1,1.11,1.06,1.07,6745333.0,32067918.0
2006-02-16,1.07,1.07,0.99,1.0,8380744.0,37665872.0
2006-02-17,0.99,1.02,0.98,1.0,4341860.0,19236219.0
2006-02-20,1.0,1.01,0.99,0.99,2726101.0,12000288.0
2006-02-21,0.99,1.0,0.96,1.0,4519594.0,19520089.0
2006-02-22,1.0,1.02,0.99,1.0,3876461.0,17221043.0
2006-02-23,1.0,1.01,0.97,0.99,3838822.0,16647062.0
2006-02-24,0.99,1.03,0.98,1.02,5453220.0,24330869.0
2006-02-27,1.02,1.03,0.99,1.0,3638995.0,16083520.0
2006-02-28,0.99,1.01,0.98,1.01,2268542.0,9974808.0
2006-03-01,1.01,1.02,0.99,1.0,3127794.0,13866274.0
2006-03-02,1.0,1.04,1.0,1.0,6582672.0,29705035.0
2006-03-03,1.0,1.08,1.0,1.07,13169894.0,60941552.0
2006-03-06,1.09,1.11,1.05,1.07,9139163.0,43515458.0
2006-03-07,1.07,1.08,0.97,0.99,12374588.0,54961129.0
2006-03-08,0.99,0.99,0.95,0.97,4347093.0,18456575.0
2006-03-09,0.97,0.98,0.95,0.96,2380233.0,10115543.0
2006-03-10,0.96,0.99,0.95,0.98,3655716.0,15727298.0
2006-03-13,0.99,0.99,0.97,0.99,2878796.0,12427380.0
2006-03-14,0.98,0.99,0.96,0.97,2611011.0,11193394.0
2006-03-15,0.97,0.99,0.97,0.99,3444424.0,14942897.0
2006-03-16,0.99,0.99,0.98,0.99,2092605.0,9102834.0
2006-03-17,0.99,0.99,0.94,0.95,11849175.0,49726017.0
2006-03-20,0.95,0.97,0.94,0.96,2976329.0,12530765.0
2006-03-21,0.97,0.98,0.95,0.97,5057522.0,21525426.0
2006-03-22,0.96,0.97,0.95,0.97,4010329.0,16961400.0
2006-03-23,0.97,1.04,0.95,1.01,9612451.0,42091752.0
2006-03-24,1.0,1.02,0.98,0.98,6335058.0,28060055.0
2006-03-27,0.98,1.0,0.97,0.99,3282764.0,14268649.0
2006-03-28,0.99,1.03,0.99,1.02,8030914.0,36092994.0
2006-03-29,1.03,1.05,1.02,1.02,6851318.0,31157049.0
2006-03-30,1.02,1.02,0.97,0.97,4901655.0,21547370.0
2006-03-31,0.97,1.0,0.96,1.0,7796720.0,33716759.0
2006-04-03,0.99,1.02,0.98,1.02,7541672.0,33529998.0
2006-04-04,1.02,1.04,1.01,1.03,9629927.0,43394749.0
2006-04-05,1.04,1.06,1.02,1.05,9674169.0,44455198.0
2006-04-06,1.05,1.06,1.03,1.04,10221423.0,47189929.0
2006-04-07,1.03,1.1,1.02,1.09,17715374.0,83348276.0
2006-04-10,1.1,1.15,1.1,1.13,18678859.0,92897395.0
2006-04-11,1.14,1.15,1.1,1.12,10367579.0,51315756.0
2006-04-12,1.12,1.12,1.09,1.11,5477343.0,26589476.0
2006-04-13,1.11,1.11,1.04,1.04,8131186.0,38591238.0
2006-04-14,1.04,1.07,1.03,1.06,5450946.0,25219733.0
2006-04-17,1.06,1.07,1.04,1.05,5222481.0,24300574.0
2006-04-18,1.05,1.1,1.04,1.07,5848002.0,27641689.0
2006-04-19,1.07,1.08,1.04,1.05,4933330.0,22974274.0
2006-04-20,1.05,1.07,1.01,1.03,7645316.0,34687869.0
2006-04-24,1.05,1.09,1.02,1.08,10107017.0,47097244.0
2006-04-25,1.07,1.14,1.05,1.12,17274504.0,84098783.0
2006-04-26,1.12,1.17,1.1,1.12,17098996.0,85273964.0
2006-04-27,1.11,1.16,1.11,1.13,9871019.0,49337364.0
2006-04-28,1.12,1.22,1.1,1.18,20743481.0,107547468.0
2006-05-08,1.16,1.23,1.16,1.2,15897201.0,83751737.0
2006-05-09,1.22,1.23,1.17,1.23,16872728.0,89900973.0
2006-05-10,1.24,1.24,1.18,1.19,18525332.0,98504813.0
2006-05-11,1.18,1.22,1.15,1.15,18572144.0,96319748.0
2006-05-12,1.14,1.2,1.13,1.2,15088554.0,78111780.0
2006-05-15,1.22,1.32,1.17,1.32,29450601.0,163969768.0
2006-05-16,1.29,1.33,1.19,1.19,26132185.0,143043647.0
2006-05-17,1.19,1.26,1.18,1.25,15657756.0,84346521.0
2006-05-18,1.25,1.32,1.22,1.3,24880361.0,140777149.0
2006-05-19,1.3,1.37,1.28,1.35,17681619.0,104280522.0
2006-05-22,1.36,1.37,1.31,1.34,14299269.0,82094921.0
2006-05-23,1.32,1.32,1.22,1.24,12455104.0,67396662.0
2006-05-24,1.25,1.28,1.14,1.19,10167160.0,52344848.0
2006-05-25,1.19,1.23,1.16,1.23,5485143.0,28033955.0
2006-05-26,1.24,1.26,1.21,1.25,7206868.0,38143757.0
2006-05-29,1.26,1.28,1.24,1.28,10531571.0,56925785.0
2006-05-30,1.29,1.36,1.25,1.31,12379205.0,68891734.0
2006-05-31,1.3,1.32,1.25,1.25,8763823.0,47824955.0
2006-06-01,1.25,1.31,1.24,1.29,8990875.0,49213268.0
2006-06-02,1.29,1.3,1.25,1.26,8922710.0,48274073.0
2006-06-05,1.25,1.27,1.22,1.26,7626422.0,40546871.0
2006-06-06,1.26,1.3,1.24,1.3,11793008.0,64359046.0
2006-06-07,1.31,1.34,1.22,1.23,16692822.0,92199222.0
2006-06-08,1.23,1.3,1.23,1.3,13144775.0,71051650.0
2006-06-09,1.3,1.36,1.28,1.31,23016747.0,130467232.0
2006-06-12,1.3,1.4,1.29,1.38,22551324.0,131058210.0
2006-06-13,1.38,1.39,1.34,1.39,14770075.0,86116444.0
2006-06-14,1.37,1.38,1.31,1.34,11098507.0,63522107.0
2006-06-15,1.35,1.44,1.35,1.43,24515387.0,147431061.0
2006-06-16,1.43,1.47,1.41,1.43,21073975.0,129778788.0
2006-06-19,1.43,1.51,1.4,1.47,16847835.0,106070561.0
2006-06-20,1.47,1.48,1.43,1.47,11557044.0,71989198.0
2006-06-21,1.46,1.47,1.42,1.42,11352347.0,69617320.0
2006-06-22,1.42,1.44,1.4,1.42,7458008.0,45158666.0
2006-06-23,1.42,1.43,1.37,1.4,9366468.0,55952256.0
2006-06-26,1.4,1.48,1.39,1.48,12545085.0,77861529.0
2006-06-27,1.49,1.5,1.44,1.46,7593685.0,47381626.0
2006-06-28,1.47,1.48,1.41,1.42,7445796.0,45625499.0
2006-06-29,1.42,1.45,1.42,1.44,8645405.0,52955551.0
2006-06-30,1.44,1.44,1.39,1.41,10771147.0,64909474.0
2006-07-03,1.41,1.44,1.4,1.43,7441133.0,45379168.0
2006-07-04,1.43,1.46,1.42,1.45,8910634.0,54917653.0
2006-07-05,1.45,1.45,1.38,1.4,6429228.0,38701530.0
2006-07-06,1.39,1.43,1.38,1.43,6743135.0,40718899.0
2006-07-07,1.42,1.49,1.42,1.48,15179996.0,95280095.0
2006-07-10,1.5,1.51,1.45,1.48,9978277.0,63097626.0
2006-07-11,1.48,1.49,1.45,1.47,6051791.0,37935254.0
2006-07-12,1.48,1.48,1.45,1.46,7235313.0,45365002.0
2006-07-13,1.45,1.45,1.31,1.31,16168067.0,94308197.0
2006-07-14,1.3,1.33,1.27,1.29,7274082.0,40499393.0
2006-07-17,1.29,1.37,1.27,1.36,6889798.0,39112135.0
2006-07-18,1.38,1.44,1.38,1.42,16328993.0,98921783.0
2006-07-19,1.41,1.41,1.33,1.34,7106162.0,41305204.0
2006-07-20,1.34,1.36,1.32,1.34,4072392.0,23262900.0
2006-07-21,1.34,1.35,1.32,1.33,3883925.0,22185425.0
2006-07-24,1.3,1.31,1.26,1.3,4505113.0,24864209.0
2006-07-25,1.3,1.37,1.3,1.34,4297223.0,24653797.0
2006-07-26,1.33,1.34,1.31,1.33,3274894.0,18507181.0
2006-07-27,1.32,1.34,1.29,1.3,3304031.0,18521351.0
2006-07-28,1.3,1.32,1.24,1.28,5003791.0,27160749.0
2006-07-31,1.23,1.26,1.16,1.16,6770259.0,34670748.0
2006-08-01,1.18,1.19,1.15,1.15,3972137.0,19884553.0
2006-08-02,1.16,1.18,1.11,1.14,4919728.0,23772833.0
2006-08-03,1.15,1.18,1.13,1.17,3773908.0,18668315.0
2006-08-04,1.18,1.22,1.17,1.17,10222840.0,52397813.0
2006-08-07,1.16,1.16,1.12,1.12,2491374.0,12073334.0
2006-08-08,1.12,1.16,1.12,1.16,2286200.0,11161240.0
2006-08-09,1.16,1.19,1.16,1.17,3002175.0,15050820.0
2006-08-10,1.17,1.19,1.16,1.18,3426610.0,17202939.0
2006-08-11,1.18,1.19,1.15,1.17,2318646.0,11549212.0
2006-08-14,1.17,1.17,1.1,1.12,3039115.0,14623514.0
2006-08-15,1.12,1.14,1.1,1.14,1833040.0,8827865.0
2006-08-16,1.13,1.16,1.12,1.16,3674636.0,17941934.0
2006-08-17,1.15,1.18,1.12,1.17,3414612.0,16802225.0
2006-08-18,1.19,1.19,1.15,1.15,5154827.0,25806858.0
2006-08-21,1.11,1.15,1.08,1.14,1981182.0,9511436.0
2006-08-22,1.14,1.16,1.13,1.15,1944006.0,9529998.0
2006-08-23,1.15,1.15,1.13,1.14,1989173.0,9713008.0
2006-08-24,1.12,1.15,1.12,1.14,1556152.0,7535064.0
2006-08-25,1.14,1.15,1.13,1.14,2232748.0,10914287.0
2006-08-28,1.15,1.18,1.14,1.18,4352690.0,21721428.0
2006-08-29,1.18,1.19,1.16,1.17,4863023.0,24496910.0
2006-08-30,1.17,1.18,1.15,1.17,2370511.0,11785180.0
2006-08-31,1.18,1.18,1.16,1.17,2471216.0,12370544.0
2006-09-01,1.18,1.2,1.17,1.17,5364095.0,27198396.0
2006-09-04,1.17,1.18,1.16,1.18,2678301.0,13410609.0
2006-09-05,1.18,1.18,1.15,1.17,4026021.0,19944277.0
2006-09-06,1.16,1.17,1.14,1.16,3814520.0,18734769.0
2006-09-07,1.17,1.17,1.13,1.13,2401857.0,11686447.0
2006-09-08,1.13,1.14,1.12,1.13,2336607.0,11293224.0
2006-09-11,1.13,1.14,1.1,1.12,2916486.0,13919247.0
2006-09-12,1.12,1.14,1.12,1.13,2618340.0,12621668.0
2006-09-13,1.13,1.14,1.11,1.12,2762173.0,13345897.0
2006-09-14,1.12,1.12,1.09,1.11,2786338.0,13150455.0
2006-09-15,1.11,1.13,1.1,1.13,3773416.0,18017377.0
2006-09-18,1.13,1.16,1.13,1.16,7833788.0,38334267.0
2006-09-19,1.16,1.17,1.14,1.16,6479700.0,32140753.0
2006-09-20,1.17,1.17,1.14,1.15,3668682.0,18085868.0
2006-09-21,1.15,1.16,1.14,1.15,3224248.0,15844813.0
2006-09-22,1.15,1.15,1.11,1.12,4220584.0,20304242.0
2006-09-25,1.11,1.13,1.1,1.12,2272539.0,10821535.0
2006-09-26,1.15,1.18,1.14,1.15,7785971.0,38670358.0
2006-09-27,1.15,1.21,1.15,1.21,12808929.0,65108394.0
2006-09-28,1.2,1.22,1.19,1.2,6150698.0,31728243.0
2006-09-29,1.2,1.21,1.18,1.19,6023887.0,30585136.0
2006-10-09,1.21,1.23,1.19,1.23,6683406.0,34661064.0
2006-10-10,1.23,1.23,1.2,1.2,5346869.0,27718818.0
2006-10-11,1.2,1.21,1.19,1.21,3593535.0,18442268.0
2006-10-12,1.22,1.22,1.2,1.21,4277376.0,22147750.0
2006-10-13,1.21,1.22,1.19,1.2,4120444.0,21202364.0
2006-10-16,1.2,1.2,1.17,1.18,3989477.0,20226594.0
2006-10-17,1.18,1.2,1.17,1.19,2633978.0,13357364.0
2006-10-18,1.19,1.22,1.18,1.21,4591007.0,23605708.0
2006-10-19,1.21,1.26,1.21,1.24,10234578.0,53768330.0
2006-10-20,1.23,1.24,1.21,1.22,3506051.0,18376345.0
2006-10-23,1.22,1.22,1.16,1.16,4910225.0,24881173.0
2006-10-24,1.16,1.19,1.16,1.19,3439942.0,17318671.0
2006-10-25,1.2,1.21,1.19,1.2,4776306.0,24468812.0
2006-10-26,1.2,1.2,1.18,1.18,3084296.0,15624689.0
2006-10-27,1.19,1.2,1.13,1.14,4626312.0,22871467.0
2006-10-30,1.14,1.15,1.12,1.14,2466673.0,11921019.0
2006-10-31,1.14,1.16,1.12,1.15,2624479.0,12837213.0
2006-11-01,1.16,1.16,1.13,1.15,2454930.0,11983940.0
2006-11-02,1.14,1.14,1.12,1.14,3368403.0,16288057.0
2006-11-03,1.14,1.17,1.13,1.16,4318625.0,21407175.0
2006-11-06,1.15,1.16,1.13,1.14,3068816.0,14980296.0
2006-11-07,1.14,1.15,1.13,1.13,2529411.0,12268482.0
2006-11-08,1.13,1.14,1.13,1.13,1381649.0,6715357.0
2006-11-09,1.13,1.15,1.12,1.15,2084336.0,10138773.0
2006-11-10,1.15,1.15,1.11,1.12,3454253.0,16648663.0
2006-11-13,1.12,1.14,1.09,1.1,3890526.0,18589997.0
2006-11-14,1.1,1.11,1.08,1.11,2287988.0,10694049.0
2006-11-15,1.11,1.13,1.1,1.13,2221713.0,10578197.0
2006-11-16,1.14,1.19,1.13,1.16,11826530.0,58569471.0
2006-11-17,1.15,1.17,1.14,1.16,3443243.0,17048217.0
2006-11-20,1.16,1.16,1.13,1.15,3343937.0,16330672.0
2006-11-21,1.15,1.15,1.12,1.14,2472365.0,11945099.0
2006-11-22,1.14,1.17,1.13,1.15,3209960.0,15776594.0
2006-11-23,1.15,1.15,1.13,1.15,2878780.0,14037134.0
2006-11-24,1.16,1.19,1.16,1.18,5794039.0,29133220.0
2006-11-27,1.17,1.19,1.16,1.19,3911604.0,19790727.0
2006-11-28,1.19,1.2,1.16,1.17,4621580.0,23383117.0
2006-11-29,1.15,1.16,1.14,1.16,3828571.0,18877385.0
2006-11-30,1.16,1.2,1.16,1.19,9016586.0,45599270.0
2006-12-01,1.19,1.22,1.18,1.2,8365288.0,42930482.0
2006-12-04,1.2,1.23,1.19,1.22,7763675.0,40260037.0
2006-12-05,1.22,1.22,1.19,1.21,8819598.0,45494631.0
2006-12-06,1.23,1.25,1.17,1.22,10218048.0,53123871.0
2006-12-07,1.21,1.23,1.19,1.19,6037986.0,31229580.0
2006-12-08,1.19,1.19,1.14,1.15,5678071.0,28325507.0
2006-12-11,1.14,1.18,1.14,1.17,3659387.0,18078931.0
2006-12-12,1.17,1.17,1.14,1.16,3741497.0,18512621.0
2006-12-13,1.16,1.19,1.15,1.18,4159888.0,20836581.0
2006-12-14,1.18,1.21,1.17,1.2,4916668.0,25181920.0
2006-12-15,1.21,1.22,1.19,1.2,3908904.0,20154273.0
2006-12-18,1.2,1.24,1.2,1.24,9568687.0,49986404.0
2006-12-19,1.25,1.29,1.2,1.28,14791592.0,79080314.0
2006-12-20,1.26,1.31,1.24,1.28,11885364.0,65482030.0
2006-12-21,1.29,1.31,1.26,1.26,9214193.0,50731549.0
2006-12-22,1.25,1.28,1.23,1.23,5942145.0,31648623.0
2006-12-25,1.24,1.26,1.22,1.24,5211850.0,27720373.0
2006-12-26,1.24,1.26,1.21,1.22,5054960.0,26448470.0
2006-12-27,1.22,1.24,1.22,1.23,3517174.0,18500269.0
2006-12-28,1.23,1.23,1.19,1.19,4933157.0,25469596.0
2006-12-29,1.2,1.22,1.19,1.21,4355325.0,22524428.0
2007-01-04,1.23,1.23,1.19,1.22,6296424.0,32867104.0
2007-01-05,1.21,1.26,1.2,1.26,6416140.0,34192923.0
2007-01-08,1.26,1.3,1.26,1.3,9305629.0,51187224.0
2007-01-09,1.31,1.36,1.27,1.35,15077042.0,84767821.0
2007-01-10,1.35,1.38,1.33,1.37,14357623.0,82919664.0
2007-01-11,1.37,1.39,1.33,1.33,12209888.0,71081258.0
2007-01-12,1.31,1.35,1.27,1.27,9250821.0,51656105.0
2007-01-15,1.27,1.33,1.27,1.32,6067722.0,33834058.0
2007-01-16,1.32,1.35,1.3,1.34,9301669.0,52766760.0
2007-01-17,1.35,1.38,1.29,1.31,12601496.0,72674618.0
2007-01-18,1.31,1.37,1.3,1.36,9542266.0,54373746.0
2007-01-19,1.36,1.43,1.36,1.42,15366584.0,92345231.0
2007-01-22,1.43,1.48,1.43,1.47,16269483.0,101539612.0
2007-01-23,1.47,1.47,1.4,1.45,14292157.0,87631900.0
2007-01-24,1.44,1.48,1.42,1.47,12917122.0,80115069.0
2007-01-25,1.46,1.46,1.4,1.4,11698910.0,71321868.0
2007-01-26,1.37,1.4,1.33,1.36,10177409.0,59145510.0
2007-01-29,1.37,1.44,1.37,1.44,9822293.0,58865270.0
2007-01-30,1.44,1.45,1.4,1.41,11388295.0,69229507.0
2007-01-31,1.41,1.42,1.33,1.34,9262382.0,54692890.0
2007-02-01,1.32,1.37,1.31,1.36,7386394.0,42331874.0
2007-02-02,1.36,1.39,1.34,1.34,5845929.0,34135265.0
2007-02-05,1.35,1.39,1.34,1.39,5686833.0,33343251.0
2007-02-06,1.41,1.45,1.4,1.44,10028406.0,61361112.0
2007-02-07,1.45,1.48,1.42,1.45,10327869.0,64136771.0
2007-02-08,1.47,1.55,1.47,1.52,21822361.0,140872449.0
2007-02-09,1.52,1.56,1.51,1.53,13836221.0,90633812.0
2007-02-12,1.53,1.56,1.51,1.53,10792510.0,70671249.0
2007-02-13,1.54,1.54,1.5,1.53,12073140.0,78399017.0
2007-02-14,1.53,1.62,1.53,1.59,14757767.0,100426854.0
2007-02-15,1.61,1.62,1.58,1.61,10905933.0,74629233.0
2007-02-16,1.62,1.68,1.6,1.63,11495419.0,80692832.0
2007-02-26,1.65,1.8,1.61,1.8,11441293.0,84649253.0
2007-02-27,1.86,1.87,1.62,1.62,25509469.0,191569030.0
2007-02-28,1.59,1.78,1.59,1.74,18486742.0,133496349.0
2007-03-01,1.74,1.74,1.61,1.65,15754230.0,112838922.0
2007-03-02,1.66,1.72,1.64,1.69,9545025.0,68815129.0
2007-03-05,1.68,1.74,1.62,1.66,10573067.0,75801402.0
2007-03-06,1.67,1.69,1.63,1.67,7316650.0,52199924.0
2007-03-07,1.68,1.73,1.68,1.71,9860788.0,71967005.0
2007-03-08,1.72,1.77,1.7,1.77,12647407.0,94361034.0
2007-03-09,1.77,1.79,1.71,1.73,8925074.0,66356516.0
2007-03-12,1.73,1.75,1.68,1.74,11354687.0,83570977.0
2007-03-13,1.75,1.79,1.71,1.79,14966999.0,112732812.0
2007-03-14,1.75,1.78,1.7,1.75,11736841.0,87800610.0
2007-03-15,1.76,1.83,1.75,1.8,13280074.0,102099743.0
2007-03-16,1.8,1.81,1.7,1.73,11317571.0,84777032.0
2007-03-19,1.65,1.74,1.64,1.73,9153861.0,66650577.0
2007-03-20,1.73,1.81,1.71,1.79,12191886.0,92939088.0
2007-03-21,1.79,1.86,1.79,1.86,15313098.0,119794165.0
2007-03-22,1.89,1.9,1.82,1.83,14794948.0,117539218.0
2007-03-23,1.83,1.87,1.78,1.85,12033563.0,94007908.0
2007-03-26,1.87,1.93,1.87,1.91,12780064.0,103720708.0
2007-03-27,1.91,1.93,1.88,1.91,10299729.0,83942371.0
2007-03-28,1.91,1.93,1.75,1.87,16603131.0,132029886.0
2007-03-29,1.87,1.9,1.78,1.78,13309653.0,104487180.0
2007-03-30,1.78,1.83,1.78,1.81,6864155.0,53069366.0
2007-04-02,1.82,1.89,1.82,1.88,9518473.0,75671810.0
2007-04-03,1.89,1.9,1.85,1.88,9258521.0,74260273.0
2007-04-04,1.88,1.99,1.86,1.96,19146851.0,158955768.0
2007-04-05,1.96,2.06,1.94,2.01,17286019.0,148410768.0
2007-04-06,2.01,2.07,1.96,2.02,14295561.0,123987581.0
2007-04-09,2.11,2.15,2.06,2.09,15846100.0,141801620.0
2007-04-10,2.09,2.17,2.07,2.17,18508898.0,168160616.0
2007-04-11,2.18,2.19,2.09,2.14,16625960.0,151639389.0
2007-04-12,2.15,2.22,2.13,2.2,15118150.0,140111764.0
2007-04-13,2.2,2.2,2.12,2.14,13631596.0,126173629.0
2007-04-16,2.14,2.19,2.14,2.17,12765572.0,117852920.0
2007-04-17,2.18,2.29,2.15,2.27,18890289.0,179547141.0
2007-04-18,2.27,2.45,2.23,2.43,18691916.0,186292133.0
2007-04-19,2.41,2.42,2.19,2.22,21624671.0,212735813.0
2007-04-20,2.26,2.38,2.26,2.33,14512792.0,144431067.0
2007-04-23,2.29,2.56,2.27,2.5,31733385.0,324341250.0
2007-04-24,2.48,2.58,2.43,2.53,29245350.0,314030766.0
2007-04-25,2.45,2.55,2.4,2.46,17154953.0,181191211.0
2007-04-26,2.5,2.7,2.49,2.7,41914742.0,474455532.0
2007-04-27,2.73,2.77,2.64,2.69,25490600.0,295060550.0
2007-04-30,2.71,2.88,2.69,2.81,25971803.0,308840950.0
2007-05-08,2.88,2.91,2.79,2.84,23276337.0,282343004.0
2007-05-09,2.81,2.82,2.56,2.72,26501276.0,305828596.0
2007-05-10,2.73,2.81,2.69,2.75,15830169.0,185808235.0
2007-05-11,2.72,2.76,2.63,2.67,13741455.0,157821517.0
2007-05-14,2.63,2.74,2.58,2.69,13175602.0,151013587.0
2007-05-15,2.69,2.75,2.55,2.58,15980796.0,180053184.0
2007-05-16,2.6,2.84,2.6,2.84,28564234.0,336377133.0
2007-05-17,2.99,3.01,2.89,2.92,30748390.0,388400863.0
2007-05-18,2.9,3.21,2.88,3.12,49583881.0,670223165.0
2007-05-21,3.03,3.41,3.03,3.32,36850924.0,508621825.0
2007-05-22,3.33,3.44,3.26,3.34,32513590.0,463399388.0
2007-05-23,3.36,3.41,3.28,3.35,17785040.0,253408617.0
2007-05-24,3.39,3.39,3.16,3.31,27327714.0,384992130.0
2007-05-28,3.44,3.44,3.31,3.33,23200955.0,333030090.0
2007-05-29,3.34,3.38,3.25,3.35,20115757.0,285266532.0
2007-05-30,3.02,3.27,3.02,3.02,23250930.0,308676912.0
2007-05-31,2.92,3.01,2.72,2.76,21123980.0,250714466.0
2007-06-01,2.78,2.89,2.49,2.5,19751701.0,227459270.0
2007-06-04,2.58,2.64,2.32,2.38,23042703.0,242114385.0
2007-06-05,2.4,2.62,2.31,2.62,29128011.0,308365289.0
2007-06-06,2.7,2.84,2.62,2.73,28148444.0,330538660.0
2007-06-07,2.74,2.82,2.69,2.8,20473692.0,242360832.0
2007-06-08,2.78,2.87,2.74,2.8,17671903.0,212110521.0
2007-06-11,2.81,2.92,2.81,2.86,18554981.0,227006105.0
2007-06-12,2.88,2.9,2.64,2.85,20764558.0,248269524.0
2007-06-13,2.9,3.12,2.85,3.1,22590945.0,285055445.0
2007-06-14,3.17,3.41,3.12,3.23,50448688.0,702920165.0
2007-06-15,3.18,3.32,3.14,3.18,19035340.0,259992635.0
2007-06-18,3.35,3.35,3.19,3.26,19917764.0,275887719.0
2007-06-19,3.24,3.33,3.21,3.31,19583453.0,272767845.0
2007-06-20,3.32,3.32,3.06,3.1,20676330.0,281042745.0
2007-06-21,3.11,3.21,2.96,3.05,17609612.0,227770497.0
2007-06-22,3.05,3.05,2.74,2.74,16536846.0,200069906.0
2007-06-25,2.77,2.81,2.47,2.48,14912791.0,165790218.0
2007-06-26,2.39,2.63,2.35,2.62,11461874.0,120538196.0
2007-06-27,2.65,2.68,2.55,2.67,10032717.0,111705404.0
2007-06-28,2.64,2.66,2.4,2.4,11066252.0,117782907.0
2007-06-29,2.35,2.35,2.16,2.17,11864137.0,112715008.0
2007-07-02,2.17,2.31,2.15,2.28,9289104.0,87594403.0
2007-07-03,2.29,2.31,2.18,2.27,5515060.0,52785985.0
2007-07-04,2.27,2.3,2.19,2.22,6031702.0,57505204.0
2007-07-05,2.18,2.2,1.99,1.99,7177098.0,63575373.0
2007-07-06,2.0,2.14,1.91,2.13,9061555.0,78230067.0
2007-07-09,2.15,2.2,2.1,2.18,8282623.0,75796659.0
2007-07-10,2.16,2.16,2.03,2.05,5911710.0,52333120.0
2007-07-11,2.06,2.15,2.06,2.09,3988363.0,35552558.0
2007-07-12,2.09,2.18,2.07,2.15,5345300.0,48276511.0
2007-07-13,2.14,2.15,2.09,2.12,2516268.0,22534835.0
2007-07-16,2.12,2.12,2.0,2.02,3373524.0,29357692.0
2007-07-17,2.0,2.07,1.99,2.05,2871422.0,24843731.0
2007-07-18,2.06,2.07,2.0,2.02,3513542.0,30343862.0
2007-07-19,2.02,2.04,1.98,2.02,2571845.0,21889279.0
2007-07-20,2.03,2.14,2.02,2.12,6628880.0,59066482.0
2007-07-23,2.14,2.25,2.14,2.24,9627487.0,90101016.0
2007-07-24,2.26,2.3,2.21,2.21,8282413.0,79340579.0
2007-07-25,2.24,2.31,2.19,2.31,8278926.0,79269547.0
2007-07-26,2.33,2.35,2.28,2.33,9617323.0,94654780.0
2007-07-27,2.34,2.44,2.29,2.42,10595875.0,107607100.0
2007-07-30,2.42,2.54,2.4,2.49,12952466.0,137015157.0
2007-07-31,2.47,2.63,2.4,2.61,15298147.0,163248473.0
2007-08-01,2.66,2.81,2.57,2.63,30314028.0,348149558.0
2007-08-02,2.65,2.72,2.54,2.66,15213591.0,170237232.0
2007-08-03,2.67,2.7,2.53,2.64,15207358.0,168137974.0
2007-08-06,2.64,2.66,2.59,2.62,9565089.0,106020185.0
2007-08-07,2.6,2.61,2.5,2.51,11856068.0,127598104.0
2007-08-08,2.48,2.48,2.36,2.44,10714429.0,109165557.0
2007-08-09,2.42,2.49,2.4,2.48,6679453.0,69484728.0
2007-08-10,2.47,2.48,2.36,2.41,5829516.0,59899631.0
2007-08-13,2.41,2.41,2.34,2.35,6858920.0,68655944.0
2007-08-14,2.36,2.59,2.36,2.59,15509465.0,166245599.0
2007-08-15,2.69,2.85,2.6,2.77,38391709.0,448118657.0
2007-08-16,2.78,3.03,2.69,2.89,28939999.0,357930258.0
2007-08-17,2.85,3.01,2.69,2.7,15658917.0,184885623.0
2007-08-20,2.77,2.81,2.71,2.76,13897308.0,162399671.0
2007-08-21,2.76,2.89,2.75,2.77,11478430.0,136846772.0
2007-08-22,2.71,2.85,2.68,2.83,13438974.0,157237853.0
2007-08-23,2.83,2.96,2.78,2.91,15247374.0,184792141.0
2007-08-24,2.88,3.0,2.87,2.88,11637274.0,144631482.0
2007-08-27,2.82,2.91,2.78,2.79,10817548.0,129177983.0
2007-08-28,2.77,2.82,2.67,2.72,7170122.0,83038694.0
2007-08-29,2.69,2.76,2.68,2.73,6773777.0,78274070.0
2007-08-30,2.77,2.92,2.73,2.86,12501703.0,150919915.0
2007-08-31,2.91,3.14,2.86,3.02,26951478.0,346928045.0
2007-09-03,3.04,3.1,2.99,3.08,20792946.0,268618124.0
2007-09-04,3.1,3.11,2.99,3.01,11704236.0,150979719.0
2007-09-05,2.98,3.07,2.93,3.06,9730395.0,123755853.0
2007-09-06,3.06,3.21,3.05,3.15,17712596.0,237018029.0
2007-09-07,3.14,3.18,2.97,3.04,15334805.0,199045778.0
2007-09-10,3.01,3.1,2.92,3.07,12516918.0,160375351.0
2007-09-11,3.06,3.23,2.97,2.98,21260774.0,284222536.0
2007-09-12,2.99,3.1,2.89,3.0,12143025.0,153087391.0
2007-09-13,3.0,3.18,2.95,3.12,13790397.0,179697725.0
2007-09-17,3.16,3.22,3.09,3.17,16581009.0,222329566.0
2007-09-18,3.18,3.2,3.07,3.12,10667940.0,140802675.0
2007-09-19,3.11,3.11,2.98,3.0,9655255.0,123589230.0
2007-09-20,3.02,3.08,2.97,3.02,7660655.0,98091849.0
2007-09-21,3.05,3.05,2.81,2.87,10724997.0,131368189.0
2007-09-24,2.9,2.95,2.78,2.91,6127218.0,74438843.0
2007-09-25,2.9,2.98,2.88,2.92,4896821.0,60848442.0
2007-09-26,2.92,2.97,2.79,2.81,4595424.0,55885124.0
2007-09-27,2.81,2.88,2.79,2.85,4328669.0,51847292.0
2007-09-28,2.91,2.93,2.85,2.89,5533842.0,67747549.0
2007-10-08,2.95,2.96,2.8,2.82,5645208.0,68144484.0
2007-10-09,2.82,2.9,2.75,2.85,4765535.0,56910491.0
2007-10-10,2.85,2.88,2.78,2.78,4302730.0,51459267.0
2007-10-11,2.78,2.82,2.7,2.73,5592147.0,65136810.0
2007-10-12,2.71,2.73,2.46,2.56,8760154.0,95401957.0
2007-10-15,2.56,2.68,2.55,2.65,4963867.0,55062697.0
2007-10-16,2.66,2.66,2.57,2.62,3744398.0,41182662.0
2007-10-17,2.62,2.88,2.55,2.87,11900428.0,139261344.0
2007-10-18,2.87,2.93,2.71,2.84,12123904.0,146361473.0
2007-10-19,2.84,3.06,2.81,2.99,13420850.0,168397118.0
2007-10-22,2.94,3.18,2.9,3.06,20529344.0,269491793.0
2007-10-23,3.11,3.14,2.93,3.07,12318785.0,158718208.0
2007-10-24,3.11,3.18,2.97,3.0,13055924.0,170753158.0
2007-11-29,3.3,3.3,2.7,2.88,20913771.0,253096813.0
2007-11-30,2.81,2.83,2.59,2.64,13521430.0,154217485.0
2007-12-03,2.59,2.72,2.57,2.65,4647056.0,52668345.0
2007-12-04,2.65,2.68,2.59,2.61,3984339.0,44345247.0
2007-12-05,2.61,2.69,2.6,2.67,4986661.0,55716086.0
2007-12-06,2.67,2.72,2.65,2.7,4165629.0,47640765.0
2007-12-07,2.72,2.77,2.7,2.75,4083400.0,47504793.0
2007-12-10,2.73,2.94,2.68,2.91,8392787.0,101607975.0
2007-12-11,2.94,3.0,2.91,2.95,7199266.0,90070545.0
2007-12-12,2.95,2.95,2.88,2.9,5187491.0,64014716.0
2007-12-13,2.89,2.94,2.73,2.74,4816043.0,58292689.0
2007-12-14,2.71,2.94,2.69,2.93,5039370.0,60324451.0
2007-12-17,2.94,3.01,2.9,2.93,5792120.0,72743765.0
2007-12-18,2.92,2.98,2.88,2.9,2758661.0,34236803.0
2007-12-19,2.9,3.02,2.9,2.98,6401222.0,81045261.0
2007-12-20,2.98,3.06,2.95,3.01,6321364.0,80539400.0
2007-12-21,2.99,3.04,2.95,2.98,6228156.0,78735352.0
2007-12-24,3.03,3.16,3.03,3.05,10744450.0,140875419.0
2007-12-25,3.06,3.15,3.02,3.1,10711631.0,140042936.0
2007-12-26,3.1,3.13,3.07,3.12,6989672.0,92069323.0
2007-12-27,3.14,3.22,3.14,3.16,9003776.0,121597972.0
2007-12-28,3.16,3.18,3.06,3.07,6844433.0,90228491.0
2008-01-02,3.11,3.38,3.06,3.35,18740857.0,262732630.0
2008-01-03,3.44,3.5,3.35,3.41,13275091.0,191534719.0
2008-01-04,3.41,3.57,3.35,3.54,15075174.0,222645948.0
2008-01-07,3.55,3.89,3.51,3.89,23514578.0,381270451.0
2008-01-08,3.93,4.0,3.73,3.92,22023077.0,363969693.0
2008-01-09,3.89,4.15,3.84,4.09,14560654.0,248491234.0
2008-01-10,4.05,4.13,3.89,3.98,11837068.0,201973674.0
2008-01-11,3.98,3.98,3.71,3.95,13802162.0,223764855.0
2008-01-14,3.89,4.03,3.8,4.02,9948211.0,166646695.0
2008-01-15,4.01,4.06,3.92,4.0,7269528.0,123072998.0
2008-01-16,3.96,4.03,3.82,3.96,9106598.0,151394122.0
2008-01-17,3.91,4.13,3.81,4.07,14587835.0,247740009.0
2008-01-18,4.08,4.11,3.82,3.83,12377267.0,205116300.0
2008-01-21,3.77,3.82,3.44,3.56,9270842.0,143469638.0
2008-01-22,3.47,3.49,3.21,3.21,9076640.0,126895823.0
2008-01-23,3.21,3.42,3.11,3.39,9244038.0,128381099.0
2008-01-24,3.42,3.56,3.34,3.43,11512904.0,169803232.0
2008-01-25,3.45,3.61,3.39,3.52,9590748.0,143462179.0
2008-01-28,3.5,3.51,3.17,3.17,7827585.0,107536688.0
2008-01-29,3.17,3.27,3.06,3.19,5226783.0,69867288.0
2008-01-31,3.18,3.33,3.09,3.28,6435438.0,87796337.0
2008-02-01,3.21,3.33,3.02,3.27,5551763.0,75414379.0
2008-02-04,3.35,3.58,3.32,3.53,7145488.0,104654979.0
2008-02-05,3.51,3.54,3.41,3.47,4239552.0,62313637.0
2008-02-13,3.3,3.52,3.3,3.36,2841412.0,41197264.0
2008-02-14,3.43,3.49,3.36,3.46,2684505.0,38929105.0
2008-02-15,3.43,3.43,3.29,3.42,2906490.0,41504228.0
2008-02-18,3.45,3.58,3.42,3.56,6482350.0,96917592.0
2008-02-19,3.58,3.7,3.56,3.66,6360082.0,98265516.0
2008-02-20,3.68,3.74,3.57,3.57,5244286.0,81058666.0
2008-02-21,3.54,3.69,3.47,3.66,5938410.0,90397374.0
2008-02-22,3.63,3.68,3.42,3.47,4759521.0,71458851.0
2008-02-25,3.5,3.54,3.3,3.31,3397581.0,48860423.0
2008-02-26,3.44,3.46,3.21,3.34,3409638.0,48044939.0
2008-02-27,3.34,3.42,3.3,3.35,2210530.0,31603037.0
2008-02-28,3.41,3.61,3.36,3.52,5553888.0,82539423.0
2008-02-29,3.48,3.56,3.45,3.51,3193077.0,47694402.0
2008-03-03,3.51,3.67,3.42,3.66,6943282.0,105946095.0
2008-03-04,3.69,3.84,3.68,3.76,14136610.0,226908900.0
2008-03-05,3.76,3.81,3.65,3.8,6811123.0,107924834.0
2008-03-06,3.82,3.96,3.75,3.77,10129045.0,165861462.0
2008-03-07,3.74,3.74,3.58,3.58,5249130.0,81254415.0
2008-03-10,3.54,3.6,3.39,3.44,5295016.0,77754001.0
2008-03-11,3.37,3.55,3.36,3.55,3014229.0,44457619.0
2008-03-12,3.61,3.63,3.42,3.42,2814176.0,41795931.0
2008-03-13,3.41,3.41,3.11,3.22,4956052.0,68422470.0
2008-03-14,3.13,3.28,3.13,3.21,2334082.0,31639969.0
2008-03-17,3.19,3.27,2.89,2.89,3420863.0,44244660.0
2008-03-18,2.86,2.98,2.6,2.64,4803633.0,54951382.0
2008-03-19,2.69,2.84,2.62,2.74,3856504.0,44780278.0
2008-03-20,2.71,2.94,2.55,2.89,4833165.0,56506404.0
2008-03-21,2.84,3.11,2.84,3.11,6993093.0,89104096.0
2008-03-24,3.11,3.17,3.05,3.06,8350835.0,110113783.0
2008-03-25,2.97,3.11,2.93,3.07,3968562.0,51410359.0
2008-03-27,2.99,3.0,2.76,2.76,3789583.0,45952341.0
2008-03-28,2.76,2.91,2.57,2.9,4135778.0,48581470.0
2008-03-31,2.79,2.88,2.65,2.65,3452959.0,40468279.0
2008-04-01,2.63,2.72,2.39,2.39,7382985.0,76982797.0
2008-04-02,2.44,2.48,2.18,2.25,5368468.0,52854546.0
2008-04-03,2.26,2.4,2.22,2.36,2696199.0,26552223.0
2008-04-07,2.35,2.53,2.29,2.51,3756189.0,39049632.0
2008-04-08,2.52,2.56,2.4,2.53,5199362.0,55214507.0
2008-04-09,2.5,2.56,2.31,2.32,3939131.0,40659242.0
2008-04-10,2.3,2.4,2.22,2.4,3675252.0,36295497.0
2008-04-11,2.4,2.48,2.38,2.43,2185546.0,22441880.0
2008-04-14,2.38,2.38,2.21,2.21,2834018.0,27376298.0
2008-04-15,2.21,2.29,2.1,2.26,2455136.0,22748298.0
2008-04-16,2.26,2.26,2.16,2.18,2022062.0,18974128.0
2008-04-17,2.18,2.22,2.06,2.08,2411440.0,21729701.0
2008-04-18,2.06,2.06,1.9,1.91,3213266.0,26729776.0
2008-04-21,2.1,2.1,1.86,1.89,4535796.0,38228067.0
2008-04-22,1.86,1.89,1.74,1.86,3511842.0,26950965.0
2008-04-23,1.87,2.03,1.84,2.02,4639437.0,37918315.0
2008-04-24,2.22,2.22,2.13,2.22,8932446.0,83044394.0
2008-04-25,2.23,2.33,2.19,2.23,6353246.0,60969694.0
2008-04-28,2.17,2.27,2.15,2.22,4644101.0,43664486.0
2008-04-29,2.21,2.26,2.19,2.23,3076810.0,29190799.0
2008-04-30,2.23,2.31,2.23,2.3,6052921.0,58398154.0
2008-05-05,2.34,2.4,2.27,2.37,5997815.0,59211267.0
2008-05-06,2.4,2.47,2.33,2.42,8451086.0,86864355.0
2008-05-07,2.4,2.43,2.25,2.25,7392035.0,73230050.0
2008-05-08,2.24,2.42,2.2,2.41,7054428.0,69504198.0
2008-05-09,2.45,2.51,2.38,2.43,10360003.0,107365959.0
2008-05-12,2.38,2.63,2.32,2.6,12010791.0,128111210.0
2008-05-13,2.54,2.79,2.53,2.78,23124473.0,264094987.0
2008-05-14,2.75,2.86,2.68,2.83,14866723.0,174674225.0
2008-05-15,2.83,2.95,2.73,2.74,15246134.0,184087136.0
2008-05-16,2.75,2.88,2.72,2.8,12536811.0,149659831.0
2008-05-19,2.8,2.83,2.62,2.7,5929951.0,67316478.0
2008-05-20,2.7,2.78,2.43,2.43,8053979.0,87783555.0
2008-05-21,2.38,2.57,2.23,2.53,9853149.0,98310476.0
2008-05-22,2.47,2.61,2.4,2.48,7280707.0,77019011.0
2008-05-23,2.45,2.52,2.33,2.37,5082209.0,51526634.0
2008-05-26,2.32,2.33,2.2,2.21,4960032.0,47271948.0
2008-05-27,2.21,2.33,2.19,2.32,3946707.0,37364797.0
2008-05-28,2.31,2.45,2.28,2.41,5271563.0,53201286.0
2008-05-29,2.41,2.46,2.31,2.32,3692503.0,37203925.0
2008-05-30,2.35,2.41,2.32,2.4,3879100.0,38691858.0
2008-06-02,2.38,2.46,2.38,2.42,3589578.0,36622401.0
2008-06-03,2.41,2.5,2.31,2.49,5548496.0,56075551.0
2008-06-04,2.44,2.47,2.37,2.39,3235834.0,32696489.0
2008-06-05,2.39,2.43,2.32,2.39,3066692.0,30566860.0
2008-06-06,2.39,2.42,2.33,2.34,1675024.0,16560900.0
2008-06-10,2.19,2.23,2.11,2.11,2846579.0,25686632.0
2008-06-11,2.05,2.05,1.93,1.97,4455609.0,37144213.0
2008-06-12,1.93,2.02,1.91,2.01,3268907.0,27158151.0
2008-06-13,2.01,2.02,1.83,1.84,2536920.0,20564500.0
2008-06-16,1.85,1.89,1.75,1.77,3221839.0,24347952.0
2008-06-17,1.78,1.82,1.6,1.6,4437485.0,31475483.0
2008-06-18,1.62,1.74,1.5,1.72,4550076.0,31389630.0
2008-06-19,1.71,1.71,1.55,1.55,3788385.0,25662759.0
2008-06-20,1.55,1.66,1.45,1.57,4322615.0,28543441.0
2008-06-23,1.53,1.58,1.49,1.53,3032451.0,19615930.0
2008-06-24,1.55,1.64,1.51,1.63,3949636.0,26485531.0
2008-06-25,1.6,1.73,1.6,1.71,4110156.0,29193313.0
2008-06-26,1.71,1.75,1.68,1.74,3742116.0,26988790.0
2008-06-27,1.66,1.68,1.56,1.58,4046684.0,27615340.0
2008-06-30,1.53,1.64,1.53,1.61,1890415.0,12686371.0
2008-07-01,1.61,1.68,1.58,1.62,2677804.0,18306131.0
2008-07-02,1.64,1.7,1.63,1.66,2451723.0,17188565.0
2008-07-03,1.66,1.76,1.6,1.73,4379045.0,31567660.0
2008-07-04,1.72,1.75,1.68,1.7,3079636.0,22151556.0
2008-07-07,1.72,1.79,1.7,1.79,3810375.0,28285855.0
2008-07-08,1.79,1.82,1.75,1.8,4101680.0,30773388.0
2008-07-09,1.83,1.99,1.81,1.99,14325365.0,117774244.0
2008-07-10,1.95,2.04,1.9,1.9,12015559.0,100130902.0
2008-07-11,1.9,1.94,1.84,1.88,5896128.0,46504562.0
2008-07-14,1.86,1.95,1.85,1.94,4567315.0,36788363.0
2008-07-15,1.96,1.99,1.86,1.86,5198802.0,42120566.0
2008-07-16,1.86,1.86,1.69,1.74,4676867.0,34831707.0
2008-07-17,1.8,1.82,1.7,1.73,3271179.0,24315986.0
2008-07-18,1.75,1.89,1.71,1.84,3071792.0,23030794.0
2008-07-21,1.83,1.94,1.82,1.91,3821781.0,30534664.0
2008-07-22,1.92,2.0,1.9,1.97,5759976.0,47192089.0
2008-07-23,2.02,2.09,1.93,1.94,10139588.0,85887431.0
2008-07-24,1.95,2.02,1.93,2.0,7222515.0,59830026.0
2008-07-25,1.97,1.99,1.94,1.94,4212907.0,34625910.0
2008-07-28,1.95,1.97,1.92,1.96,3902069.0,31969597.0
2008-07-29,1.92,1.94,1.87,1.89,3212885.0,25703379.0
2008-07-30,1.91,1.96,1.89,1.91,3050303.0,24760977.0
2008-07-31,1.92,1.94,1.84,1.85,2421111.0,19112270.0
2008-08-01,1.85,1.89,1.76,1.85,3219563.0,24778796.0
2008-08-04,1.83,1.85,1.77,1.77,1833059.0,13978020.0
2008-08-05,1.77,1.79,1.71,1.71,2091300.0,15277072.0
2008-08-06,1.71,1.75,1.69,1.72,2276535.0,16499207.0
2008-08-07,1.72,1.74,1.69,1.72,1642142.0,11816613.0
2008-08-08,1.72,1.73,1.57,1.57,2438210.0,16856659.0
2008-08-11,1.57,1.58,1.42,1.42,2569445.0,15848421.0
2008-08-12,1.38,1.43,1.37,1.4,1704357.0,10075160.0
2008-08-13,1.38,1.41,1.31,1.4,1688583.0,9683629.0
2008-08-14,1.38,1.42,1.38,1.41,1114620.0,6582556.0
2008-08-15,1.42,1.43,1.38,1.39,1247470.0,7390678.0
2008-08-18,1.4,1.42,1.25,1.26,2024630.0,11253568.0
2008-08-19,1.26,1.3,1.25,1.28,1591286.0,8516208.0
2008-08-20,1.26,1.41,1.26,1.41,2786388.0,16059702.0
2008-08-21,1.4,1.4,1.32,1.33,4508781.0,25638035.0
2008-08-22,1.35,1.35,1.27,1.31,1584954.0,8730711.0
2008-08-25,1.31,1.34,1.29,1.32,1327537.0,7390524.0
2008-08-26,1.29,1.31,1.19,1.21,2046132.0,10649410.0
2008-08-27,1.21,1.23,1.17,1.2,2053412.0,10347208.0
2008-08-28,1.21,1.22,1.19,1.2,1611530.0,8150752.0
2008-08-29,1.22,1.27,1.2,1.26,2209231.0,11521474.0
2008-09-01,1.24,1.26,1.2,1.21,2025479.0,10441209.0
2008-09-02,1.19,1.25,1.19,1.23,1414412.0,7278042.0
2008-09-03,1.24,1.31,1.22,1.29,5014121.0,26802428.0
2008-09-04,1.32,1.33,1.28,1.3,8029019.0,44014074.0
2008-09-05,1.24,1.25,1.2,1.21,3286565.0,16892650.0
2008-09-08,1.21,1.22,1.12,1.13,2772084.0,13530366.0
2008-09-09,1.14,1.16,1.12,1.15,1532061.0,7361607.0
2008-09-10,1.15,1.18,1.12,1.14,3223231.0,15593881.0
2008-09-11,1.15,1.15,1.1,1.11,2239822.0,10549556.0
2008-09-12,1.11,1.13,1.09,1.11,1840363.0,8626523.0
2008-09-16,1.11,1.11,1.06,1.06,2248300.0,10238597.0
2008-09-17,1.06,1.08,1.02,1.03,3942804.0,17374252.0
2008-09-18,1.01,1.01,0.94,0.99,5052111.0,20707461.0
2008-09-19,1.08,1.09,1.07,1.09,4570802.0,20791618.0
2008-09-22,1.15,1.2,1.09,1.14,10301073.0,49507953.0
2008-09-23,1.09,1.1,1.05,1.07,5000580.0,22602085.0
2008-09-24,1.05,1.09,1.04,1.08,3878458.0,17463055.0
2008-09-25,1.08,1.14,1.07,1.1,15347347.0,71873726.0
2008-09-26,1.11,1.13,1.06,1.09,9274546.0,42383335.0
2008-10-06,1.07,1.07,1.01,1.01,4302708.0,18669358.0
2008-10-07,0.97,1.01,0.96,1.01,3172434.0,13188536.0
2008-10-08,0.98,1.0,0.97,0.99,2646244.0,10929815.0
2008-10-09,1.0,1.01,0.96,0.97,3061722.0,12696773.0
2008-10-10,0.93,0.94,0.88,0.88,4192386.0,15901138.0
2008-10-13,0.88,0.91,0.84,0.91,2984020.0,10986244.0
2008-10-14,0.94,0.94,0.88,0.89,4222183.0,16378357.0
2008-10-15,0.89,0.9,0.87,0.9,2114547.0,7935290.0
2008-10-16,0.87,0.87,0.83,0.83,2603379.0,9320868.0
2008-10-17,0.85,0.87,0.84,0.86,2160980.0,7784711.0
2008-10-20,0.88,0.94,0.86,0.94,12475404.0,48571418.0
2008-10-21,0.96,0.97,0.92,0.93,10053663.0,40226844.0
2008-10-22,0.93,0.94,0.89,0.92,4545971.0,17566158.0
2008-10-23,0.9,0.95,0.88,0.95,5394774.0,21242884.0
2008-10-24,0.93,0.94,0.89,0.9,6249103.0,23964740.0
2008-10-27,0.87,0.87,0.81,0.81,5186668.0,18285258.0
2008-10-28,0.81,0.84,0.79,0.84,3968058.0,13700769.0
2008-10-29,0.85,0.85,0.79,0.79,3409148.0,11835547.0
2008-10-30,0.8,0.83,0.79,0.81,3126454.0,10705464.0
2008-10-31,0.81,0.82,0.79,0.79,1766601.0,5972123.0
2008-11-03,0.79,0.8,0.78,0.78,1325457.0,4419256.0
2008-11-04,0.78,0.79,0.75,0.77,1707265.0,5510953.0
2008-11-05,0.78,0.82,0.77,0.82,3361158.0,11265126.0
2008-11-06,0.8,0.83,0.79,0.82,5567204.0,19179478.0
2008-11-07,0.8,0.84,0.79,0.83,3336000.0,11558035.0
2008-11-10,0.83,0.9,0.83,0.89,6235892.0,22876152.0
2008-11-11,0.89,0.94,0.89,0.9,11936436.0,46095688.0
2008-11-12,0.88,0.91,0.87,0.9,3921162.0,14664552.0
2008-11-13,0.9,0.96,0.89,0.94,10834165.0,42655840.0
2008-11-14,0.94,0.98,0.93,0.97,12755540.0,51311988.0
2008-11-17,0.96,1.01,0.94,1.0,13655472.0,55887912.0
2008-11-18,0.99,1.02,0.9,0.94,12214848.0,49002388.0
2008-11-19,0.95,1.03,0.92,1.03,14012389.0,57730008.0
2008-11-20,1.02,1.11,1.0,1.05,19838352.0,88467784.0
2008-11-21,1.01,1.04,0.95,1.0,12937139.0,53882208.0
2008-11-24,1.01,1.03,0.96,0.98,8600175.0,36053072.0
2008-11-25,1.0,1.01,0.93,0.95,6165446.0,25104316.0
2008-11-26,0.96,0.99,0.95,0.98,5989031.0,24352860.0
2008-11-27,1.06,1.07,0.97,0.97,10488570.0,44600912.0
2008-11-28,0.96,0.97,0.92,0.94,5918967.0,23432436.0
2008-12-01,0.93,0.98,0.92,0.98,5009213.0,20253544.0
2008-12-02,0.96,1.03,0.95,1.02,11365960.0,48001916.0
2008-12-03,1.03,1.06,1.01,1.06,13594439.0,59659036.0
2008-12-04,1.07,1.09,1.03,1.03,13920573.0,62367176.0
2008-12-05,1.02,1.06,1.02,1.06,7858582.0,34351048.0
2008-12-08,1.08,1.16,1.06,1.16,21846440.0,103049600.0
2008-12-09,1.19,1.26,1.17,1.18,41055824.0,207583056.0
2008-12-10,1.15,1.2,1.12,1.19,13703207.0,66994624.0
2008-12-11,1.2,1.2,1.12,1.12,8738160.0,42507736.0
2008-12-12,1.1,1.12,1.02,1.03,8971475.0,40283036.0
2008-12-15,1.06,1.08,1.03,1.07,6048299.0,26905936.0
2008-12-16,1.04,1.07,1.0,1.07,5414896.0,23723348.0
2008-12-17,1.07,1.11,1.07,1.07,6110906.0,27974206.0
2008-12-18,1.07,1.09,1.05,1.09,5057666.0,22838452.0
2008-12-19,1.09,1.14,1.08,1.11,8079733.0,37954160.0
2008-12-22,1.11,1.12,1.07,1.09,4811818.0,22071232.0
2008-12-23,1.09,1.09,1.0,1.0,7166784.0,31401632.0
2008-12-24,0.99,1.0,0.97,0.98,4499592.0,18565872.0
2008-12-25,0.99,1.0,0.95,0.97,3453232.0,14136104.0
2008-12-26,0.99,1.0,0.97,0.97,3378122.0,14029891.0
2008-12-30,0.99,0.99,0.96,0.97,3094702.0,12714016.0
2008-12-31,0.96,0.97,0.92,0.92,3588599.0,14199876.0
2009-01-05,0.94,0.96,0.93,0.96,3517327.0,14016432.0
2009-01-06,0.97,1.0,0.95,0.99,5484726.0,22634380.0
2009-01-07,1.0,1.02,0.98,1.0,4851162.0,20419088.0
2009-01-08,0.99,0.99,0.95,0.96,3842229.0,15653860.0
2009-01-09,0.95,0.99,0.95,0.99,3198147.0,13191277.0
2009-01-12,0.98,1.03,0.98,1.0,4816806.0,20406030.0
2009-01-13,0.99,1.02,0.97,0.98,3983677.0,16529806.0
2009-01-14,1.01,1.03,0.99,1.03,8011740.0,34081580.0
2009-01-15,1.01,1.08,1.0,1.06,11725770.0,51925216.0
2009-01-16,1.08,1.17,1.07,1.17,29869482.0,144043504.0
2009-01-19,1.19,1.23,1.12,1.18,37172184.0,185040832.0
2009-01-20,1.16,1.18,1.12,1.16,13666676.0,66079212.0
2009-01-21,1.13,1.22,1.12,1.17,17496520.0,87110176.0
2009-01-22,1.16,1.19,1.14,1.16,9544688.0,46743292.0
2009-01-23,1.16,1.17,1.12,1.12,8891817.0,42546068.0
2009-02-02,1.14,1.24,1.12,1.24,17218204.0,86260136.0
2009-02-03,1.25,1.31,1.21,1.27,21410668.0,112940184.0
2009-02-04,1.27,1.31,1.23,1.3,18142438.0,96397312.0
2009-02-05,1.28,1.31,1.24,1.25,15029053.0,80640048.0
2009-02-06,1.26,1.31,1.25,1.3,13624935.0,73592024.0
2009-02-09,1.34,1.36,1.31,1.33,19050784.0,106725640.0
2009-02-10,1.33,1.46,1.29,1.44,22609884.0,128597080.0
2009-02-11,1.45,1.58,1.43,1.53,45186464.0,289062400.0
2009-02-12,1.5,1.68,1.48,1.62,33877672.0,222737536.0
2009-02-13,1.61,1.65,1.57,1.64,21522318.0,146222752.0
2009-02-16,1.64,1.65,1.57,1.64,17803400.0,120294032.0
2009-02-17,1.63,1.63,1.52,1.56,16975316.0,111043000.0
2009-02-18,1.5,1.54,1.46,1.49,13124317.0,82650456.0
2009-02-19,1.5,1.52,1.43,1.48,9368867.0,58032968.0
2009-02-20,1.48,1.54,1.47,1.52,10755624.0,68402496.0
2009-02-23,1.5,1.61,1.46,1.6,16117655.0,105368872.0
2009-02-24,1.6,1.69,1.58,1.6,24558172.0,168630784.0
2009-02-25,1.6,1.62,1.49,1.54,13697523.0,88562928.0
2009-02-26,1.63,1.64,1.38,1.39,12376497.0,78753120.0
2009-02-27,1.33,1.37,1.25,1.25,8914022.0,48389608.0
2009-03-02,1.21,1.29,1.21,1.27,4999849.0,26653436.0
2009-03-03,1.22,1.29,1.2,1.26,5476384.0,29003456.0
2009-03-04,1.27,1.36,1.27,1.36,8581338.0,47850136.0
2009-03-05,1.4,1.44,1.36,1.4,12591928.0,74441120.0
2009-03-06,1.35,1.46,1.34,1.42,10165362.0,61190048.0
2009-03-09,1.42,1.46,1.31,1.33,7810152.0,45373276.0
2009-03-10,1.33,1.38,1.28,1.37,6980339.0,39007992.0
2009-03-11,1.4,1.4,1.33,1.33,6631042.0,38134632.0
2009-03-12,1.31,1.34,1.29,1.33,4023261.0,22294604.0
2009-03-13,1.34,1.4,1.33,1.37,8672180.0,49967928.0
2009-03-16,1.36,1.37,1.31,1.35,5508136.0,30967576.0
2009-03-17,1.35,1.4,1.33,1.39,8906076.0,51451176.0
2009-03-18,1.4,1.47,1.4,1.43,12796132.0,77186720.0
2009-03-19,1.44,1.46,1.4,1.45,11648273.0,70301016.0
2009-03-20,1.44,1.45,1.38,1.41,10372111.0,61774020.0
2009-03-23,1.4,1.49,1.4,1.49,15691601.0,96553208.0
2009-03-24,1.49,1.53,1.46,1.48,13499041.0,84594144.0
2009-03-25,1.46,1.47,1.42,1.42,10741479.0,65155784.0
2009-03-26,1.41,1.49,1.39,1.48,10323333.0,62549276.0
2009-03-27,1.5,1.51,1.46,1.49,16120819.0,101088960.0
2009-03-30,1.49,1.59,1.47,1.56,19574068.0,127098432.0
2009-03-31,1.52,1.58,1.47,1.57,14322409.0,91954664.0
2009-04-01,1.59,1.68,1.59,1.62,29170818.0,199749504.0
2009-04-02,1.67,1.78,1.67,1.78,20616010.0,152232256.0
2009-04-03,1.96,1.96,1.73,1.75,52649432.0,405285824.0
2009-04-07,1.74,1.74,1.67,1.71,22471264.0,160758208.0
2009-04-08,1.69,1.72,1.64,1.64,16584220.0,116473080.0
2009-04-09,1.64,1.73,1.64,1.69,20022668.0,141884848.0
2009-04-10,1.67,1.83,1.64,1.81,41009360.0,299551392.0
2009-04-13,1.81,1.94,1.74,1.9,32241526.0,251846272.0
2009-04-14,1.91,2.08,1.89,2.03,33115932.0,279541216.0
2009-04-15,1.99,2.23,1.98,2.19,37527084.0,329188224.0
2009-04-16,2.16,2.26,2.14,2.16,18410308.0,169667168.0
2009-04-17,2.16,2.21,2.04,2.07,18656108.0,166826240.0
2009-04-20,2.07,2.21,2.01,2.17,20493366.0,184469504.0
2009-04-22,2.14,2.2,1.95,1.95,21562948.0,188062096.0
2009-04-23,1.92,2.09,1.91,2.07,16483798.0,139633280.0
2009-04-24,2.07,2.09,1.97,2.01,12856488.0,109381256.0
2009-04-27,1.95,2.01,1.88,1.88,11011858.0,89805296.0
2009-04-28,1.88,1.94,1.88,1.89,5878142.0,47099136.0
2009-04-29,1.9,2.01,1.9,1.97,6813099.0,56506604.0
2009-04-30,1.99,2.11,1.93,2.08,10181634.0,88352736.0
2009-05-04,2.09,2.15,2.04,2.11,8361994.0,73459960.0
2009-05-05,2.11,2.16,2.09,2.15,11268415.0,101200112.0
2009-05-06,2.13,2.19,2.08,2.09,12091497.0,107349424.0
2009-05-07,2.12,2.14,1.95,2.09,15451609.0,133455416.0
2009-05-08,2.09,2.09,2.01,2.04,14011552.0,119838224.0
2009-05-11,2.05,2.05,1.92,1.93,11511845.0,95012816.0
2009-05-12,1.9,1.97,1.89,1.97,6090309.0,49963464.0
2009-05-13,1.97,1.99,1.93,1.94,8417547.0,68765104.0
2009-05-14,1.94,1.94,1.88,1.93,11991899.0,95756176.0
2009-05-15,1.93,2.0,1.91,1.97,11305784.0,93754960.0
2009-05-18,1.99,2.0,1.92,1.97,6372912.0,52424568.0
2009-05-19,1.98,1.99,1.93,1.95,9038864.0,74181952.0
2009-05-20,1.96,2.03,1.91,2.01,13671242.0,113459792.0
2009-05-21,1.99,2.05,1.95,1.97,12673188.0,106778432.0
2009-05-22,1.96,1.97,1.85,1.88,12346931.0,98516672.0
2009-05-25,1.85,1.89,1.81,1.88,6454873.0,50207612.0
2009-05-26,1.88,1.91,1.85,1.86,4973485.0,39557684.0
2009-05-27,1.86,1.89,1.83,1.84,5513566.0,42812028.0
2009-06-01,1.85,1.89,1.83,1.88,5794742.0,45442540.0
2009-06-02,1.88,1.9,1.85,1.86,8592862.0,67859696.0
2009-06-03,1.86,1.9,1.84,1.87,6784586.0,53178684.0
2009-06-04,1.88,1.89,1.8,1.84,13073541.0,100719344.0
2009-06-05,1.84,1.85,1.8,1.81,12686247.0,97176592.0
2009-06-08,1.82,1.84,1.81,1.84,8803294.0,67569528.0
2009-06-09,1.83,1.84,1.77,1.82,7391566.0,55944520.0
2009-06-10,1.81,1.85,1.78,1.85,9249658.0,70700992.0
2009-06-11,1.85,1.87,1.83,1.84,8458780.0,65970700.0
2009-06-12,1.85,1.86,1.69,1.76,7822798.0,57880064.0
2009-06-15,1.75,1.78,1.72,1.76,4481167.0,32459880.0
2009-06-16,1.75,1.75,1.72,1.74,4012517.0,28842740.0
2009-06-17,1.73,1.76,1.72,1.75,5707255.0,41240024.0
2009-06-18,1.76,1.79,1.73,1.75,8779007.0,64004624.0
2009-06-19,1.75,1.77,1.73,1.76,8246596.0,59992328.0
2009-06-22,1.76,1.93,1.76,1.9,25882630.0,199790368.0
2009-06-23,1.83,1.93,1.83,1.87,16416095.0,128394192.0
2009-06-24,1.88,1.9,1.84,1.87,8631047.0,66407496.0
2009-06-25,1.87,1.89,1.81,1.82,7383962.0,56532708.0
2009-06-26,1.81,1.83,1.78,1.79,6617604.0,49436572.0
2009-06-29,1.79,1.83,1.76,1.82,8687792.0,64858176.0
2009-06-30,1.85,1.86,1.78,1.78,7035087.0,53102288.0
2009-07-01,1.77,1.8,1.76,1.78,5865153.0,43236416.0
2009-07-02,1.78,1.79,1.76,1.78,7244047.0,53177648.0
2009-07-03,1.78,1.78,1.75,1.76,7006681.0,51188080.0
2009-07-06,1.76,1.82,1.76,1.8,9322096.0,69080576.0
2009-07-07,1.79,1.83,1.77,1.81,8676878.0,65101436.0
2009-07-08,1.85,1.85,1.8,1.83,8309283.0,62751456.0
2009-07-09,1.81,1.87,1.81,1.87,12876374.0,98641096.0
2009-07-10,1.85,2.02,1.85,1.97,27429754.0,220461776.0
2009-07-13,1.96,2.02,1.93,1.99,20239250.0,166591504.0
2009-07-15,2.02,2.16,1.97,2.1,26231332.0,226249904.0
2009-07-16,2.1,2.16,2.04,2.07,18370332.0,158865040.0
2009-07-17,2.07,2.21,2.06,2.2,34889264.0,309329408.0
2009-07-20,2.18,2.23,2.15,2.19,19349622.0,175319984.0
2009-07-21,2.21,2.29,2.08,2.1,23875562.0,217022176.0
2009-07-22,2.11,2.3,2.1,2.3,31248842.0,289952800.0
2009-07-23,2.38,2.4,2.27,2.33,37529188.0,363992992.0
2009-07-24,2.33,2.47,2.3,2.39,28359644.0,282142176.0
2009-07-27,2.41,2.43,2.34,2.39,15085761.0,149166816.0
2009-07-28,2.39,2.42,2.3,2.35,13186914.0,128384888.0
2009-07-29,2.35,2.35,2.11,2.15,14878925.0,138243265.0
2009-07-30,2.16,2.22,2.07,2.14,11040658.0,97545792.0
2009-07-31,2.16,2.25,2.13,2.25,12559576.0,114911472.0
2009-08-03,2.29,2.4,2.25,2.36,21367002.0,207307600.0
2009-08-04,2.37,2.46,2.33,2.39,25723778.0,256831616.0
2009-08-05,2.38,2.38,2.26,2.29,18470932.0,177098016.0
2009-08-06,2.26,2.26,2.19,2.21,12515203.0,115411968.0
2009-08-07,2.21,2.28,2.16,2.17,12680981.0,116975752.0
2009-08-10,2.24,2.25,2.09,2.16,9858849.0,88912776.0
2009-08-11,2.17,2.19,2.11,2.17,5732534.0,51251172.0
2009-08-12,2.16,2.16,2.03,2.05,6656959.0,58099936.0
2009-08-13,2.06,2.11,2.0,2.07,7014508.0,59935520.0
2009-08-14,2.07,2.09,1.93,1.96,5781040.0,48634944.0
2009-08-17,1.92,1.95,1.77,1.79,7574168.0,58896696.0
2009-08-18,1.8,1.9,1.78,1.89,5751992.0,43765696.0
2009-08-19,1.91,1.91,1.78,1.82,6788307.0,52162664.0
2009-08-20,1.81,1.91,1.81,1.9,5895672.0,45577604.0
2009-08-21,1.87,1.92,1.84,1.91,9987333.0,78022800.0
2009-08-24,1.9,1.95,1.88,1.93,10473385.0,83496784.0
2009-08-25,1.92,1.92,1.74,1.82,9763407.0,73740168.0
2009-08-26,1.78,1.9,1.77,1.85,9764577.0,74956472.0
2009-08-27,1.84,1.9,1.81,1.88,10194137.0,78793728.0
2009-08-28,1.86,1.87,1.77,1.78,8666552.0,64845124.0
2009-08-31,1.77,1.77,1.61,1.61,14290114.0,97961400.0
2009-09-01,1.63,1.64,1.56,1.6,8031767.0,53004664.0
2009-09-02,1.55,1.6,1.54,1.58,5685083.0,37048672.0
2009-09-03,1.6,1.7,1.58,1.68,8315739.0,56775968.0
2009-09-04,1.68,1.85,1.66,1.75,15796830.0,115581536.0
2009-09-07,1.78,1.78,1.72,1.75,7746148.0,56256664.0
2009-09-08,1.75,1.8,1.71,1.8,9388276.0,68906128.0
2009-09-09,1.8,1.82,1.76,1.79,7257509.0,54046424.0
2009-09-10,1.78,1.88,1.77,1.83,10346251.0,78742240.0
2009-09-11,1.8,1.87,1.78,1.83,7391209.0,56477720.0
2009-09-14,1.85,1.91,1.83,1.91,10766184.0,83531216.0
2009-09-15,1.95,2.04,1.91,2.0,17077928.0,139841344.0
2009-09-16,1.97,2.07,1.93,2.0,12574026.0,102151728.0
2009-09-17,2.01,2.06,1.98,2.06,14128276.0,118848640.0
2009-09-18,2.05,2.11,2.01,2.03,14989000.0,129056232.0
2009-09-21,2.04,2.19,2.0,2.15,27831072.0,244388880.0
2009-09-22,2.16,2.16,2.04,2.04,19645542.0,170024032.0
2009-09-23,2.02,2.06,1.9,1.91,14718832.0,119619040.0
2009-09-24,1.91,1.96,1.85,1.91,10320614.0,81589432.0
2009-09-25,1.91,1.95,1.88,1.91,6220938.0,49339128.0
2009-09-28,1.93,1.94,1.82,1.85,5565261.0,43489508.0
2009-09-29,1.85,1.87,1.71,1.78,6956900.0,51048112.0
2009-09-30,1.79,1.8,1.75,1.78,5060684.0,37305076.0
2009-10-09,1.78,1.86,1.76,1.86,6756492.0,51051728.0
2009-10-12,1.85,1.9,1.82,1.87,7189116.0,55561960.0
2009-10-13,1.9,1.93,1.86,1.93,7340828.0,57916552.0
2009-10-14,1.93,1.97,1.91,1.97,8607652.0,69413656.0
2009-10-15,1.97,2.0,1.95,1.98,6326452.0,51837784.0
2009-10-16,1.99,1.99,1.94,1.97,4927972.0,40079432.0
2009-10-19,1.98,2.05,1.97,1.98,12844681.0,106113064.0
2009-10-20,1.99,1.99,1.93,1.98,16374240.0,133515816.0
2009-10-21,1.97,2.04,1.94,2.03,17431938.0,143846192.0
2009-10-22,2.01,2.08,1.99,2.06,17572312.0,148580144.0
2009-10-23,2.04,2.12,2.04,2.08,13952006.0,120090752.0
2009-10-26,2.08,2.08,1.97,2.05,11462217.0,96515920.0
2009-10-27,2.01,2.08,1.97,2.0,9063449.0,76404216.0
2009-10-28,2.0,2.04,1.98,2.03,6933370.0,57865396.0
2009-10-29,1.99,2.01,1.92,1.92,6069381.0,49519104.0
2009-10-30,1.92,1.96,1.9,1.94,8819264.0,70699200.0
2009-11-02,1.88,1.99,1.86,1.98,6663811.0,53843280.0
2009-11-03,1.98,2.09,1.98,2.06,13455111.0,114914464.0
2009-11-04,2.05,2.17,2.05,2.15,18338680.0,161980960.0
2009-11-05,2.14,2.16,2.1,2.14,9438442.0,83675512.0
2009-11-06,2.15,2.36,2.15,2.31,33591108.0,320434848.0
2009-11-09,2.3,2.38,2.26,2.35,22933304.0,221145216.0
2009-11-10,2.35,2.35,2.29,2.29,12505477.0,120006856.0
2009-11-11,2.29,2.33,2.24,2.29,11516129.0,109633176.0
2009-11-12,2.3,2.4,2.23,2.26,24747496.0,238256848.0
2009-11-13,2.2,2.3,2.2,2.3,12764829.0,118861248.0
2009-11-16,2.32,2.37,2.29,2.31,14107079.0,135482240.0
2009-11-17,2.31,2.36,2.26,2.33,16012544.0,153718624.0
2009-11-18,2.32,2.37,2.28,2.37,19066974.0,184605504.0
2009-11-19,2.39,2.58,2.38,2.5,36272536.0,375413984.0
2009-11-20,2.48,2.58,2.43,2.53,21076206.0,219526096.0
2009-11-23,2.52,2.67,2.52,2.65,24144240.0,261638640.0
2009-11-24,2.67,2.67,2.44,2.45,23305444.0,248931456.0
2009-11-25,2.44,2.61,2.44,2.57,18349944.0,194673248.0
2009-11-26,2.58,2.6,2.31,2.37,18548504.0,189650176.0
2009-11-27,2.37,2.54,2.37,2.42,16816442.0,171237632.0
2009-12-01,2.63,2.66,2.58,2.66,47050312.0,517155392.0
2009-12-02,2.68,2.79,2.6,2.71,47837216.0,530053344.0
2009-12-03,2.65,2.68,2.58,2.66,19179312.0,209925232.0
2009-12-04,2.65,2.71,2.47,2.54,26487392.0,285399232.0
2009-12-07,2.54,2.58,2.5,2.55,10092394.0,106898072.0
2009-12-08,2.55,2.57,2.48,2.5,13349344.0,138509504.0
2009-12-09,2.48,2.48,2.4,2.43,15741524.0,158551552.0
2009-12-10,2.43,2.48,2.41,2.46,9505689.0,96477368.0
2009-12-11,2.47,2.47,2.41,2.42,9150503.0,92419264.0
2009-12-14,2.43,2.44,2.36,2.43,8095704.0,80672912.0
2009-12-15,2.45,2.51,2.43,2.46,11272666.0,115847792.0
2009-12-16,2.45,2.47,2.43,2.44,6957203.0,70709880.0
2009-12-17,2.44,2.46,2.34,2.34,6894156.0,68336272.0
2009-12-18,2.34,2.34,2.23,2.24,6028393.0,56804084.0
2009-12-21,2.19,2.24,2.19,2.24,5152787.0,47335996.0
2009-12-22,2.24,2.24,2.1,2.1,8778601.0,78469488.0
2009-12-23,2.1,2.14,2.08,2.14,5972619.0,52618600.0
2009-12-24,2.15,2.21,2.12,2.2,11565469.0,104440672.0
2009-12-25,2.21,2.21,2.16,2.17,11392982.0,102684840.0
2009-12-28,2.17,2.23,2.17,2.2,7345330.0,67105816.0
2009-12-29,2.21,2.24,2.18,2.23,9168509.0,84106448.0
2009-12-30,2.24,2.25,2.19,2.21,9035783.0,82910224.0
2009-12-31,2.21,2.27,2.19,2.25,10517006.0,97527328.0
2010-01-04,2.29,2.31,2.24,2.26,9287823.0,87511144.0
2010-01-05,2.27,2.27,2.2,2.24,7778679.0,72020152.0
2010-01-06,2.25,2.28,2.24,2.26,9043559.0,84790370.0
2010-01-07,2.24,2.26,2.17,2.19,10850108.0,98987936.0
2010-01-08,2.17,2.17,2.12,2.17,7821261.0,69791792.0
2010-01-11,2.19,2.19,2.12,2.15,7070961.0,62815780.0
2010-01-12,2.15,2.26,2.13,2.24,7964662.0,72699633.0
2010-01-13,2.2,2.26,2.19,2.21,7554266.0,69553008.0
2010-01-14,2.23,2.31,2.21,2.3,14195970.0,133652896.0
2010-01-15,2.33,2.4,2.31,2.32,15668165.0,152582656.0
2010-01-18,2.32,2.38,2.3,2.37,10219047.0,99339800.0
2010-01-19,2.36,2.37,2.3,2.33,11547270.0,111296168.0
2010-01-20,2.4,2.46,2.32,2.33,22752796.0,225921232.0
2010-01-21,2.31,2.33,2.25,2.3,8370351.0,79439904.0
2010-01-22,2.27,2.27,2.14,2.23,9035494.0,82732344.0
2010-01-25,2.21,2.23,2.16,2.16,5100403.0,46284816.0
2010-01-26,2.17,2.19,2.1,2.12,4690787.0,41537232.0
2010-01-27,2.12,2.14,2.09,2.1,3357413.0,29343660.0
2010-01-28,2.11,2.13,2.07,2.1,3425716.0,29915842.0
2010-01-29,2.08,2.13,2.08,2.1,3500345.0,30692688.0
2010-02-01,2.1,2.1,1.98,2.04,4294840.0,36080256.0
2010-02-02,2.03,2.06,2.0,2.0,3746263.0,31643800.0
2010-02-03,1.98,2.09,1.96,2.09,6359608.0,54154912.0
2010-02-04,2.08,2.1,2.05,2.07,4554941.0,39251488.0
2010-02-05,2.01,2.02,1.95,2.0,4605512.0,38015760.0
2010-02-09,2.0,2.2,2.0,2.13,11977735.0,105784816.0
2010-02-10,2.13,2.2,2.12,2.18,9110374.0,81664008.0
2010-02-11,2.19,2.2,2.16,2.16,4276491.0,38790120.0
2010-02-12,2.17,2.19,2.15,2.18,3227163.0,29200626.0
2010-02-22,2.18,2.18,2.14,2.15,2660983.0,23846628.0
2010-02-23,2.14,2.18,2.1,2.18,4532569.0,40146856.0
2010-02-24,2.18,2.35,2.18,2.32,15765965.0,149034608.0
2010-02-25,2.3,2.43,2.29,2.41,24976854.0,247734608.0
2010-02-26,2.41,2.57,2.39,2.51,27816258.0,288052608.0
2010-03-01,2.52,2.57,2.47,2.54,15997458.0,167160336.0
2010-03-02,2.54,2.59,2.5,2.53,15256661.0,161265632.0
2010-03-03,2.54,2.64,2.54,2.59,23322372.0,250368784.0
2010-03-04,2.58,2.58,2.39,2.42,23448330.0,240082912.0
2010-03-05,2.43,2.46,2.39,2.42,8620321.0,86875168.0
2010-03-08,2.44,2.59,2.44,2.57,20810876.0,219465280.0
2010-03-09,2.56,2.65,2.5,2.64,26895876.0,291320064.0
2010-03-10,2.64,2.68,2.57,2.63,16860644.0,183134992.0
2010-03-11,2.63,2.7,2.59,2.69,21090250.0,232154032.0
2010-03-12,2.7,2.74,2.64,2.66,18983472.0,211277408.0
2010-03-15,2.64,2.7,2.6,2.66,15792462.0,174426784.0
2010-03-16,2.63,2.66,2.53,2.6,15792006.0,169941952.0
2010-03-17,2.63,2.78,2.61,2.75,21258004.0,238636176.0
2010-03-18,2.74,2.76,2.66,2.69,13115818.0,146723232.0
2010-03-19,2.69,2.71,2.63,2.7,10616099.0,118048280.0
2010-03-22,2.73,2.74,2.64,2.66,10790299.0,119434656.0
2010-03-23,2.65,2.73,2.6,2.69,14211330.0,157850176.0
2010-03-24,2.68,2.71,2.61,2.65,9722760.0,106710312.0
2010-03-25,2.66,2.66,2.52,2.54,11463165.0,121873664.0
2010-03-26,2.54,2.6,2.51,2.59,7385344.0,78387136.0
2010-03-29,2.58,2.73,2.55,2.72,20343724.0,225430656.0
2010-03-30,2.72,2.79,2.7,2.77,18442902.0,211424544.0
2010-03-31,2.76,2.78,2.71,2.77,9574869.0,109209368.0
2010-04-01,2.77,2.88,2.76,2.77,13068255.0,151869072.0
2010-04-02,2.76,2.87,2.72,2.8,15397908.0,178970000.0
2010-04-06,2.91,2.93,2.8,2.88,18412338.0,219563952.0
2010-04-07,2.88,2.9,2.8,2.84,11202963.0,132034272.0
2010-04-08,2.84,2.95,2.8,2.91,14175866.0,169547968.0
2010-04-09,2.9,2.95,2.87,2.91,8247503.0,99621440.0
2010-04-12,2.93,2.93,2.82,2.86,11429942.0,135758592.0
2010-04-13,2.84,2.91,2.72,2.82,14980242.0,175096176.0
2010-04-14,2.82,2.9,2.78,2.89,9414503.0,111488520.0
2010-04-15,2.88,2.91,2.78,2.8,8997586.0,106223048.0
2010-04-19,2.73,2.77,2.68,2.68,8606682.0,97304744.0
2010-04-20,2.68,2.83,2.66,2.82,9573370.0,108630816.0
2010-04-21,2.83,3.04,2.83,3.03,24073156.0,296017728.0
2010-04-22,3.01,3.23,2.99,3.13,26944386.0,350488032.0
2010-04-23,3.09,3.17,3.04,3.08,17174332.0,220351472.0
2010-04-26,3.11,3.23,3.11,3.15,18705980.0,246878272.0
2010-04-27,3.15,3.15,2.98,3.08,15535555.0,196397504.0
2010-04-28,3.03,3.1,2.92,2.99,14399729.0,179587248.0
2010-04-29,3.02,3.06,2.9,2.92,12879325.0,161240096.0
2010-04-30,2.94,2.97,2.81,2.88,11805207.0,140842480.0
2010-05-04,2.78,3.02,2.77,2.96,10406790.0,126875760.0
2010-05-05,2.92,3.07,2.92,3.06,18712170.0,234992928.0
2010-05-06,3.03,3.1,2.96,2.97,15015051.0,188478928.0
2010-05-07,2.89,2.99,2.71,2.73,17015100.0,202231664.0
2010-05-10,2.76,2.8,2.55,2.7,13476113.0,151250576.0
2010-05-11,2.77,2.82,2.58,2.61,13032415.0,146981008.0
2010-05-12,2.59,2.65,2.5,2.58,9514505.0,101282960.0
2010-05-13,2.58,2.64,2.41,2.64,13188859.0,138805968.0
2010-05-14,2.59,2.66,2.53,2.6,12024751.0,129762864.0
2010-05-17,2.53,2.56,2.36,2.38,9304755.0,95675616.0
2010-05-18,2.37,2.5,2.35,2.47,6190985.0,56479372.0
2010-05-19,2.44,2.62,2.43,2.57,13357434.0,127280480.0
2010-05-20,2.52,2.59,2.48,2.49,8268680.0,78169032.0
2010-05-21,2.4,2.66,2.38,2.65,13706335.0,132124088.0
2010-05-24,2.65,2.86,2.65,2.76,19026032.0,197659536.0
2010-05-25,2.73,2.87,2.72,2.83,20843768.0,219395840.0
2010-05-26,2.83,2.84,2.75,2.79,9857055.0,103070176.0
2010-05-27,2.79,2.96,2.78,2.95,17717206.0,191063744.0
2010-05-28,2.98,3.0,2.86,2.94,17158308.0,187422096.0
2010-05-31,2.89,2.96,2.74,2.75,15685296.0,168214736.0
2010-06-01,2.72,2.75,2.65,2.71,16984934.0,171543008.0
2010-06-02,2.72,2.92,2.65,2.88,14717612.0,152749040.0
2010-06-03,2.86,2.94,2.8,2.8,20110744.0,217345728.0
2010-06-04,2.77,2.9,2.76,2.88,16884076.0,180259776.0
2010-06-07,2.82,2.99,2.81,2.96,24049668.0,260728928.0
2010-06-08,2.93,2.95,2.83,2.91,21482040.0,232364128.0
2010-06-09,2.91,3.0,2.86,3.0,24312298.0,267588800.0
2010-06-10,2.96,3.02,2.94,2.96,17842488.0,198671040.0
2010-06-11,2.99,3.0,2.88,2.88,16502912.0,180583984.0
2010-06-17,2.91,2.95,2.79,2.8,12675200.0,136479152.0
2010-06-18,2.8,2.83,2.62,2.65,18907964.0,191378384.0
2010-06-21,2.65,2.74,2.59,2.71,13257463.0,132812344.0
2010-06-22,2.7,2.74,2.69,2.72,8986028.0,91538112.0
2010-06-23,2.67,2.7,2.56,2.62,15322870.0,150693536.0
2010-06-24,2.59,2.67,2.59,2.63,6725634.0,66224916.0
2010-06-25,2.63,2.63,2.53,2.57,7481181.0,72053224.0
2010-06-29,2.53,2.56,2.35,2.36,10984173.0,100185824.0
2010-06-30,2.35,2.41,2.32,2.39,7984516.0,71170792.0
2010-07-01,2.4,2.41,2.32,2.34,6328088.0,55911284.0
2010-07-02,2.46,2.55,2.35,2.45,18612362.0,170689568.0
2010-07-05,2.38,2.52,2.36,2.48,13609282.0,125418672.0
2010-07-06,2.46,2.54,2.45,2.53,12560718.0,117917320.0
2010-07-07,2.53,2.65,2.47,2.63,21570676.0,206008880.0
2010-07-08,2.61,2.64,2.56,2.58,14193735.0,138057632.0
2010-07-09,2.57,2.66,2.55,2.62,13950683.0,136843344.0
2010-07-12,2.62,2.64,2.59,2.61,15018634.0,146952304.0
2010-07-13,2.59,2.59,2.51,2.54,13034759.0,124007464.0
2010-07-14,2.54,2.63,2.54,2.57,10376779.0,100637696.0
2010-07-15,2.59,2.64,2.51,2.52,11637546.0,112818728.0
2010-07-16,2.5,2.52,2.43,2.51,10344308.0,95929016.0
2010-07-19,2.47,2.59,2.46,2.59,9392382.0,89566936.0
2010-07-20,2.58,2.71,2.58,2.69,20713720.0,206485840.0
2010-07-21,2.69,2.71,2.65,2.67,15270425.0,153160240.0
2010-07-22,2.66,2.72,2.65,2.71,13736978.0,138550032.0
2010-07-23,2.7,2.71,2.65,2.69,11998708.0,120331808.0
2010-07-26,2.7,2.75,2.68,2.75,13407476.0,136400832.0
2010-07-27,2.73,2.75,2.69,2.7,11040831.0,112232848.0
2010-07-28,2.69,2.79,2.68,2.78,19112112.0,197079072.0
2010-07-29,2.78,2.82,2.74,2.8,17577684.0,183050112.0
2010-07-30,2.79,2.85,2.77,2.82,14498068.0,152847600.0
2010-08-02,2.82,2.9,2.81,2.86,16874528.0,180911648.0
2010-08-03,2.87,2.89,2.8,2.8,15708992.0,167667632.0
2010-08-04,2.79,2.94,2.77,2.93,19016720.0,202866400.0
2010-08-05,2.91,2.97,2.87,2.9,17957528.0,196320592.0
2010-08-06,2.9,2.99,2.86,2.98,17819108.0,196200288.0
2010-08-09,2.97,3.03,2.95,2.99,13518398.0,150977408.0
2010-08-10,2.99,3.0,2.82,2.83,16622390.0,180979888.0
2010-08-11,2.82,2.88,2.8,2.88,10426753.0,111092872.0
2010-08-12,2.83,2.94,2.82,2.88,12231904.0,132344944.0
2010-08-13,2.87,2.96,2.84,2.96,14470921.0,157766864.0
2010-08-16,2.97,3.0,2.91,2.96,26062840.0,288485920.0
2010-08-17,2.96,3.04,2.93,3.03,26023204.0,290278208.0
2010-08-18,3.0,3.03,2.94,2.98,15767206.0,176124784.0
2010-08-19,2.98,2.99,2.92,2.94,19200028.0,212194992.0
2010-08-20,2.93,2.93,2.87,2.89,14508075.0,157334704.0
2010-08-23,2.9,3.14,2.89,3.1,28872576.0,324993536.0
2010-08-24,3.1,3.1,3.02,3.05,21419494.0,245089856.0
2010-08-25,3.05,3.17,3.03,3.09,33072964.0,385172576.0
2010-08-26,3.11,3.2,3.09,3.12,24015904.0,282837248.0
2010-08-27,3.13,3.13,3.04,3.1,11627085.0,134146800.0
2010-08-30,3.12,3.22,3.1,3.18,16281624.0,193758192.0
2010-08-31,3.15,3.23,3.15,3.18,13283105.0,158276896.0
2010-09-01,3.18,3.21,3.05,3.09,16629449.0,193794352.0
2010-09-02,3.12,3.19,3.09,3.14,16394773.0,192872560.0
2010-09-03,3.18,3.33,3.16,3.25,22184320.0,270017024.0
2010-09-06,3.36,3.41,3.19,3.21,28271998.0,348059584.0
2010-09-07,3.22,3.29,3.17,3.28,15193955.0,183253968.0
2010-09-09,3.49,3.61,3.49,3.61,47907520.0,645435776.0
2010-09-10,3.74,3.97,3.68,3.97,69174592.0,997932864.0
2010-09-13,4.0,4.08,3.61,3.87,60970740.0,898734016.0
2010-09-14,3.87,3.94,3.79,3.86,26218628.0,379051424.0
2010-09-15,3.85,3.85,3.6,3.66,28870558.0,400105824.0
2010-09-16,3.62,3.7,3.54,3.69,24738010.0,335910624.0
2010-09-17,3.65,3.68,3.53,3.54,17145864.0,231670528.0
2010-09-20,3.52,3.67,3.52,3.61,18736838.0,253255296.0
2010-09-21,3.61,3.68,3.55,3.64,10767036.0,146009008.0
2010-09-27,3.67,3.81,3.63,3.76,15830761.0,220338112.0
2010-09-28,3.76,3.97,3.73,3.84,23234544.0,335908544.0
2010-09-29,3.82,3.87,3.72,3.73,12336118.0,174750784.0
2010-09-30,3.73,3.87,3.71,3.82,9224634.0,131813000.0
2010-10-08,3.88,3.95,3.82,3.87,16725682.0,244284592.0
2010-10-11,3.88,3.9,3.76,3.79,17349136.0,248141520.0
2010-10-12,3.81,3.94,3.79,3.92,16932652.0,247120480.0
2010-10-13,3.94,4.3,3.93,4.27,28534952.0,438939712.0
2010-10-14,4.21,4.26,4.0,4.06,24628218.0,378762912.0
2010-10-15,4.06,4.12,3.95,4.0,16820562.0,252770048.0
2010-10-18,4.01,4.07,3.6,3.69,21138812.0,297732992.0
2010-10-19,3.7,3.82,3.64,3.81,8392877.0,118617688.0
2010-10-20,3.73,3.92,3.69,3.85,11898776.0,169293280.0
2010-10-21,3.84,4.03,3.83,3.92,12498241.0,184338208.0
2010-10-22,3.93,3.98,3.82,3.94,13312034.0,193779120.0
2010-10-25,3.94,4.3,3.94,4.2,23314792.0,363830048.0
2010-10-26,4.27,4.59,4.23,4.43,23773128.0,393954400.0
2010-10-27,4.55,4.55,4.28,4.28,18364064.0,301547360.0
2010-10-28,4.31,4.61,4.31,4.59,23486832.0,397275200.0
2010-10-29,4.65,5.04,4.54,4.85,29684360.0,535133184.0
2010-11-01,4.88,5.33,4.88,5.33,22709850.0,449182784.0
2010-11-02,5.37,5.87,5.18,5.22,57603032.0,1210040576.0
2010-11-03,5.21,5.33,4.86,4.93,31091424.0,586435008.0
2010-11-04,4.86,5.42,4.86,5.36,31648284.0,615227328.0
2010-11-05,5.43,5.61,5.26,5.42,25071180.0,510462816.0
2010-11-08,5.42,5.45,5.25,5.38,15636765.0,312071680.0
2010-11-09,5.38,5.85,5.37,5.51,24427500.0,509544832.0
2010-11-10,5.45,5.62,5.39,5.56,14565444.0,301788512.0
2010-11-11,5.49,5.69,5.42,5.46,17411364.0,362731264.0
2010-11-12,5.35,5.44,4.94,5.0,22490072.0,435110080.0
2010-11-15,5.0,5.17,4.86,5.16,13242995.0,250896576.0
2010-11-16,5.22,5.31,4.76,4.82,17067184.0,321306272.0
2010-11-17,4.73,4.83,4.48,4.55,11070064.0,193846960.0
2010-11-18,4.61,4.75,4.52,4.66,8436760.0,146961776.0
2010-11-19,4.72,4.93,4.65,4.93,10896076.0,194553136.0
2010-11-22,4.86,5.06,4.81,4.92,11396691.0,211057328.0
2010-11-23,4.93,4.98,4.72,4.9,8869062.0,161149696.0
2010-11-24,4.84,5.28,4.84,5.25,15940217.0,304680544.0
2010-11-25,5.78,5.78,5.78,5.78,5801096.0,125535720.0
2010-11-26,6.36,6.36,6.02,6.2,77856608.0,1822761856.0
2010-11-29,6.07,6.73,5.58,6.38,57792140.0,1380285952.0
2010-11-30,6.22,6.27,5.76,5.91,37575160.0,836744640.0
2010-12-01,5.83,5.9,5.67,5.75,18457308.0,399464864.0
2010-12-02,5.85,5.95,5.74,5.82,19083960.0,417765760.0
2010-12-03,5.8,5.8,5.54,5.62,14820669.0,312828256.0
2010-12-06,5.64,5.71,5.4,5.42,13974459.0,288656832.0
2010-12-07,5.38,5.53,5.29,5.48,15822308.0,321624448.0
2010-12-08,5.44,5.66,5.4,5.52,14229631.0,296010400.0
2010-12-09,5.54,5.54,5.31,5.33,11506515.0,232542016.0
2010-12-10,5.28,5.71,5.28,5.63,19485062.0,404294592.0
2010-12-13,5.66,5.9,5.66,5.81,16265053.0,352802208.0
2010-12-14,5.82,6.04,5.77,5.87,16412156.0,363867712.0
2010-12-15,5.88,5.95,5.74,5.77,12587248.0,273682880.0
2010-12-16,5.78,5.83,5.69,5.73,7611021.0,163990592.0
2010-12-17,5.74,5.78,5.64,5.77,6373199.0,135778592.0
2010-12-20,5.8,5.85,5.34,5.56,11626514.0,243366032.0
2010-12-21,5.48,5.68,5.48,5.6,7414128.0,155694640.0
2010-12-22,5.61,5.95,5.5,5.78,21035576.0,454210496.0
2010-12-30,5.74,5.77,5.48,5.7,16251812.0,342573952.0
2010-12-31,5.66,6.12,5.66,6.06,17127590.0,385352864.0
2011-01-04,6.14,6.17,5.94,6.12,16700748.0,381490848.0
2011-01-05,6.07,6.57,6.04,6.27,22183826.0,527737280.0
2011-01-06,6.26,6.45,6.23,6.35,15927715.0,379078592.0
2011-01-07,6.33,6.43,6.01,6.11,14811592.0,345743904.0
2011-01-10,6.03,6.21,5.96,5.96,9056697.0,206128832.0
2011-01-11,6.0,6.11,5.81,6.11,10113452.0,225148096.0
2011-01-12,6.12,6.14,5.87,5.99,10506072.0,235133744.0
2011-01-13,5.98,6.1,5.87,6.02,9063265.0,203863664.0
2011-01-14,6.18,6.23,5.89,5.93,13683295.0,309424768.0
2011-01-17,5.8,5.87,5.37,5.45,14801310.0,307696256.0
2011-01-19,5.57,5.74,5.5,5.65,8208809.0,173123456.0
2011-01-20,5.61,5.7,5.42,5.42,7577262.0,157544960.0
2011-01-21,5.37,5.53,5.35,5.46,7748930.0,158555904.0
2011-01-24,5.47,5.5,4.96,4.99,12293660.0,239042528.0
2011-01-25,4.97,5.04,4.59,4.67,10156313.0,180707248.0
2011-01-26,4.7,4.89,4.7,4.83,5996845.0,108058720.0
2011-01-27,4.81,5.15,4.72,5.1,8889207.0,167188736.0
2011-01-28,5.13,5.23,5.07,5.21,5753612.0,111051528.0
2011-01-31,5.18,5.29,5.16,5.26,5201006.0,101772920.0
2011-02-01,5.24,5.49,5.2,5.32,6184201.0,124141424.0
2011-02-09,5.24,5.41,5.21,5.29,5287000.0,105055208.0
2011-02-10,5.26,5.56,5.25,5.54,8415071.0,171903968.0
2011-02-11,5.8,6.09,5.8,6.09,21776906.0,493072704.0
2011-02-14,6.07,6.5,6.01,6.3,30582290.0,718607680.0
2011-02-15,6.25,6.5,6.18,6.2,15586098.0,368361568.0
2011-02-16,6.22,6.6,6.22,6.52,18211250.0,441698272.0
2011-02-17,6.57,7.17,6.44,7.17,31328416.0,806082432.0
2011-02-18,7.21,7.36,7.02,7.17,36046292.0,973464704.0
2011-02-21,7.18,7.48,7.18,7.3,26821732.0,736574976.0
2011-02-22,7.32,7.58,7.1,7.19,28081648.0,766807232.0
2011-02-23,7.11,7.28,6.89,7.05,23422526.0,620539008.0
2011-02-24,7.04,7.28,6.94,7.18,14471265.0,387713728.0
2011-02-25,7.2,7.26,6.92,7.11,11701611.0,309287648.0
2011-02-28,7.11,7.82,6.97,7.82,32326372.0,910849728.0
2011-03-01,7.75,7.96,7.59,7.71,23172000.0,670960832.0
2011-03-02,7.59,7.71,7.35,7.61,16730864.0,472381344.0
2011-03-03,7.58,7.65,7.0,7.02,25707216.0,698402880.0
2011-03-04,7.01,7.13,6.85,7.05,18486684.0,484701216.0
2011-03-07,7.06,7.44,7.06,7.39,18382108.0,502971104.0
2011-03-08,7.4,7.55,7.3,7.43,12573682.0,349032032.0
2011-03-09,7.43,7.99,7.37,7.8,26660204.0,774055680.0
2011-03-10,7.93,8.41,7.83,8.22,29370852.0,892185088.0
2011-03-14,8.03,8.2,7.74,7.95,19116884.0,569735424.0
2011-03-15,7.98,8.23,7.72,7.98,19603208.0,587156608.0
2011-03-16,8.08,8.77,8.02,8.74,25399864.0,805456960.0
2011-03-17,8.55,8.76,8.36,8.43,18935504.0,606302400.0
2011-03-18,8.48,8.83,8.28,8.51,15877978.0,509019712.0
2011-03-21,8.69,8.91,8.33,8.61,18852900.0,605961792.0
2011-03-22,8.55,8.95,8.37,8.86,22683322.0,739530688.0
2011-03-23,8.77,8.92,8.68,8.81,18806768.0,618904256.0
2011-03-24,8.85,9.66,8.77,9.33,29072088.0,998507776.0
2011-03-25,9.48,9.76,9.34,9.46,27346302.0,746434624.0
2011-03-28,9.37,9.79,9.06,9.53,37904836.0,1028062720.0
2011-03-29,9.4,9.75,8.95,9.11,37098476.0,990055616.0
2011-03-30,9.03,9.05,8.57,8.75,28306044.0,713878720.0
2011-03-31,8.78,8.97,8.52,8.73,17057828.0,427275744.0
2011-04-01,8.85,9.49,8.76,9.36,35268724.0,928310144.0
2011-04-06,9.3,9.62,9.21,9.4,26333366.0,707354112.0
2011-04-07,9.39,9.7,9.26,9.44,20519988.0,558801280.0
2011-04-08,9.92,10.32,9.72,10.09,39251520.0,1128304512.0
2011-04-11,10.1,10.47,10.0,10.44,31381804.0,916864832.0
2011-04-12,10.42,11.19,10.36,10.84,39513528.0,1227333632.0
2011-04-13,10.72,11.0,10.49,10.86,25523488.0,782751424.0
2011-04-14,10.76,11.51,10.67,11.34,32116404.0,1032152320.0
2011-04-15,11.34,12.33,11.19,12.21,42740272.0,1447059072.0
2011-04-18,12.21,12.28,11.54,11.97,44591496.0,1516436608.0
2011-04-19,11.67,11.67,10.86,10.9,44754268.0,1434358784.0
2011-04-20,10.91,11.38,10.9,11.0,28832688.0,914600640.0
2011-04-21,10.95,11.08,10.32,10.66,33673112.0,1013480832.0
2011-04-22,10.63,11.08,10.6,10.8,22733380.0,702662400.0
2011-04-25,10.67,10.67,10.28,10.47,16437824.0,492766912.0
2011-04-26,10.4,10.99,10.4,10.94,27024724.0,832578176.0
2011-04-27,11.05,11.05,10.42,10.6,23612684.0,718773184.0
2011-04-28,10.6,10.71,9.79,9.87,23782956.0,697724224.0
2011-04-29,10.05,10.8,9.89,10.77,32478152.0,972297536.0
2011-05-03,10.86,11.59,10.62,11.54,47083120.0,1519732736.0
2011-05-04,11.49,11.64,10.91,10.94,45080732.0,1449124224.0
2011-05-05,10.68,10.82,10.53,10.63,23585872.0,718025024.0
2011-05-06,10.29,11.61,10.25,11.52,48537728.0,1565631616.0
2011-05-09,11.59,11.61,10.85,11.01,42226320.0,1347747328.0
2011-05-10,10.84,11.61,10.74,11.23,38045632.0,1232215936.0
2011-05-11,11.12,11.12,10.77,10.9,23644276.0,737330112.0
2011-05-12,10.82,11.33,10.6,10.97,29540828.0,936738816.0
2011-05-13,11.08,11.32,10.72,10.98,20070944.0,631247744.0
2011-05-16,10.84,11.09,10.55,10.72,19097250.0,588844928.0
2011-05-17,10.7,10.75,10.15,10.18,22925080.0,677373440.0
2011-05-18,10.05,10.59,10.04,10.25,14261578.0,420995520.0
2011-05-19,10.26,10.53,10.05,10.17,22037836.0,646444544.0
2011-05-20,10.17,10.21,9.81,9.84,22407960.0,638280832.0
2011-05-23,9.79,9.8,9.16,9.31,24651160.0,658762816.0
2011-05-24,9.33,9.6,9.31,9.52,18690534.0,505615008.0
2011-05-25,9.46,9.69,9.44,9.55,15333930.0,420029248.0
2011-05-26,9.62,10.49,9.48,9.97,35579944.0,1019675072.0
2011-05-27,9.83,9.93,9.29,9.37,19539630.0,533445504.0
2011-05-30,9.3,9.55,8.98,9.45,13781694.0,370253952.0
2011-05-31,9.54,9.72,9.41,9.7,10961333.0,300198752.0
2011-06-01,9.69,9.8,9.56,9.71,10432282.0,289599808.0
2011-06-02,9.52,10.04,9.45,9.72,14661846.0,409617280.0
2011-06-03,9.67,9.86,9.62,9.76,10045033.0,280504352.0
2011-06-07,9.65,10.07,9.65,9.96,13981007.0,396640736.0
2011-06-08,9.99,10.55,9.97,10.38,26042688.0,767261184.0
2011-06-09,10.32,10.4,10.01,10.03,16234848.0,472713312.0
2011-06-10,9.97,10.21,9.97,10.17,11699167.0,337689632.0
2011-06-13,10.01,10.43,10.01,10.38,13067062.0,382170560.0
2011-06-14,10.3,10.46,10.25,10.38,12817376.0,380287168.0
2011-06-15,10.44,10.91,10.28,10.33,21061426.0,639111744.0
2011-06-16,9.98,10.17,9.97,10.07,12552333.0,360885376.0
2011-06-17,10.14,10.15,9.84,9.92,8716631.0,248420576.0
2011-06-20,9.82,9.9,9.62,9.8,7843761.0,218593200.0
2011-06-21,9.89,9.94,9.23,9.64,12965016.0,353051488.0
2011-06-22,9.65,10.19,9.56,9.96,13663514.0,387094656.0
2011-06-23,9.99,10.62,9.9,10.54,28508788.0,846163264.0
2011-06-24,10.49,11.05,10.42,10.87,29053146.0,896634304.0
2011-06-27,10.83,11.12,10.69,10.84,16192768.0,504790272.0
2011-06-28,11.02,11.02,10.73,10.89,10493147.0,325805632.0
2011-06-29,10.88,11.27,10.75,10.95,19293044.0,610907904.0
2011-06-30,10.93,11.51,10.93,11.35,18815124.0,609168192.0
2011-07-01,11.37,11.54,11.19,11.23,14734370.0,477946240.0
2011-07-04,11.26,11.61,11.23,11.51,16522679.0,540218368.0
2011-07-05,11.54,12.31,11.51,11.85,28750490.0,980470912.0
2011-07-06,12.48,12.94,11.97,12.19,51702132.0,1825423488.0
2011-07-07,12.24,12.34,11.95,12.11,21274502.0,739551616.0
2011-07-08,12.15,12.15,11.61,11.71,23270308.0,787636480.0
2011-07-11,11.78,11.96,11.72,11.85,13067167.0,442726944.0
2011-07-12,11.72,11.94,11.5,11.89,17286736.0,580164224.0
2011-07-13,11.91,12.17,11.85,12.08,16083851.0,553892736.0
2011-07-14,12.04,12.12,11.72,11.77,17985112.0,610011328.0
2011-07-15,11.74,11.89,11.6,11.67,13307463.0,445871840.0
2011-07-18,11.54,11.61,11.22,11.29,24818252.0,805499904.0
2011-07-19,11.25,11.51,11.16,11.32,16976922.0,551871360.0
2011-07-20,11.37,11.47,11.07,11.16,11658252.0,373007968.0
2011-07-21,11.11,11.29,11.07,11.18,8343324.0,266598160.0
2011-07-22,11.19,11.45,11.16,11.29,11183324.0,361774048.0
2011-07-25,11.31,11.44,10.77,10.84,14402396.0,454580800.0
2011-07-26,10.83,10.93,10.72,10.8,5938550.0,183615760.0
2011-07-27,10.76,11.0,10.49,10.98,10868399.0,336420864.0
2011-07-28,10.84,10.94,10.56,10.69,9325595.0,285476800.0
2011-07-29,10.63,10.96,10.56,10.78,9453065.0,290995776.0
2011-08-01,10.73,11.06,10.67,10.8,12074425.0,374984768.0
2011-08-02,10.66,10.69,10.25,10.37,14229735.0,422015904.0
2011-08-03,10.2,10.34,10.09,10.14,11804009.0,343922496.0
2011-08-04,10.16,10.64,10.16,10.51,17593688.0,525265600.0
2011-08-05,10.07,10.42,9.98,10.13,13468659.0,392931520.0
2011-08-08,9.91,10.03,9.12,9.26,21236904.0,575406208.0
2011-08-09,8.92,9.41,8.68,9.26,16819112.0,436163360.0
2011-08-10,9.46,9.71,9.27,9.36,20953168.0,570201920.0
2011-08-11,9.04,9.57,8.96,9.55,14601248.0,391826592.0
2011-08-12,9.78,9.79,9.49,9.58,14114801.0,388772064.0
2011-08-16,9.73,9.76,9.48,9.5,11983817.0,329123264.0
2011-08-17,9.45,9.5,9.25,9.28,10453222.0,278689056.0
2011-08-18,9.33,9.41,9.09,9.11,8298999.0,219258528.0
2011-08-19,8.84,8.98,8.71,8.93,11431826.0,288712544.0
2011-08-22,8.93,9.27,8.93,9.09,10700781.0,278935232.0
2011-08-23,9.13,9.29,9.1,9.26,8001939.0,210824400.0
2011-08-24,9.37,9.42,9.18,9.2,7961598.0,211939648.0
2011-08-25,9.3,9.67,9.24,9.65,15769742.0,427931488.0
2011-08-26,9.62,9.93,9.56,9.86,16318639.0,455026368.0
2011-08-29,9.83,9.95,9.62,9.86,18542204.0,517269504.0
2011-08-30,9.91,9.99,9.58,9.59,11310022.0,316305088.0
2011-08-31,9.56,9.63,9.42,9.45,7484223.0,202910000.0
2011-09-01,9.52,9.53,9.1,9.22,7803307.0,208340896.0
2011-09-02,9.16,9.33,9.1,9.3,6600828.0,174077808.0
2011-09-05,9.18,9.23,8.97,8.98,7162492.0,186350064.0
2011-09-06,8.9,9.15,8.85,9.05,6586898.0,170184944.0
2011-09-07,9.18,9.57,9.17,9.56,15266777.0,409924832.0
2011-09-08,9.59,9.65,9.29,9.3,11548389.0,313473376.0
2011-09-09,9.31,9.49,9.01,9.14,8633394.0,228568224.0
2011-09-13,8.95,9.05,8.67,8.74,13732301.0,345570432.0
2011-09-14,8.81,8.88,8.62,8.88,9702777.0,243038384.0
2011-09-15,8.9,8.9,8.71,8.72,9024442.0,227002624.0
2011-09-16,8.78,8.88,8.71,8.73,6667650.0,167596528.0
2011-09-19,8.83,9.08,8.81,8.86,13027050.0,332983584.0
2011-09-20,8.78,8.9,8.53,8.83,11695265.0,291133824.0
2011-09-21,8.78,9.37,8.67,9.26,19591368.0,508717792.0
2011-09-22,9.12,9.16,8.78,8.82,14708839.0,378177952.0
2011-09-23,8.61,9.04,8.55,8.88,13129334.0,332198720.0
2011-09-26,8.79,8.96,8.68,8.75,8394881.0,211441984.0
2011-09-27,8.8,8.9,8.52,8.64,11327190.0,280653152.0
2011-09-28,8.71,8.73,7.87,7.87,22279936.0,524335264.0
2011-09-29,7.68,7.81,7.38,7.42,14056091.0,304879264.0
2011-09-30,7.45,7.52,7.24,7.33,9248869.0,194070128.0
2011-10-10,7.4,7.45,7.17,7.17,6589747.0,137162000.0
2011-10-11,7.36,7.45,6.92,7.01,11378028.0,234415392.0
2011-10-12,6.94,7.37,6.81,7.35,14179574.0,291716992.0
2011-10-13,7.31,7.67,7.27,7.55,15605103.0,334632864.0
2011-10-14,7.55,7.73,7.49,7.67,13457787.0,293449536.0
2011-10-17,7.73,7.74,7.47,7.55,11700092.0,253946896.0
2011-10-18,7.43,7.48,7.1,7.12,10209741.0,212361776.0
2011-10-19,7.16,7.24,6.99,7.15,7125850.0,145313344.0
2011-10-20,7.11,7.11,6.89,6.98,6261827.0,124917104.0
2011-10-21,6.99,7.21,6.97,7.05,6204011.0,125513616.0
2011-10-24,7.07,7.24,6.73,7.22,10047418.0,202028864.0
2011-10-25,7.24,7.67,7.19,7.62,17931596.0,384174304.0
2011-10-26,7.51,7.75,7.4,7.58,19413062.0,421217536.0
2011-10-27,7.55,7.65,7.31,7.35,14577235.0,310163264.0
2011-10-28,7.46,7.5,7.3,7.48,14686258.0,311859392.0
2011-10-31,7.48,7.59,7.42,7.5,10205701.0,218978464.0
2011-11-01,7.41,7.52,7.35,7.41,8847806.0,187788688.0
2011-11-02,7.23,7.4,7.06,7.39,12028303.0,248040736.0
2011-11-03,7.41,7.68,7.41,7.57,18900488.0,409182336.0
2011-11-04,7.59,7.69,7.47,7.61,11541478.0,250139360.0
2011-11-07,7.6,7.86,7.48,7.79,19000468.0,420018240.0
2011-11-08,7.79,7.92,7.66,7.76,19340320.0,432161344.0
2011-11-09,7.73,7.85,7.61,7.85,14335547.0,317640224.0
2011-11-10,7.8,8.2,7.8,7.92,29004836.0,666577792.0
2011-11-11,7.9,8.07,7.81,7.87,14827151.0,337221984.0
2011-11-14,8.09,8.14,7.98,8.05,16796876.0,386820992.0
2011-11-15,8.04,8.09,7.96,8.01,10144167.0,232142160.0
2011-11-16,7.97,8.03,7.64,7.68,12623783.0,281562656.0
2011-11-17,7.68,7.75,7.49,7.55,9547334.0,207181904.0
2011-11-18,7.47,7.5,7.19,7.25,8844146.0,185050528.0
2011-11-21,7.23,7.31,7.17,7.3,6047949.0,125401408.0
2011-11-22,7.2,7.26,7.06,7.22,5038798.0,103403688.0
2011-11-23,7.22,7.26,7.02,7.04,7664962.0,156243024.0
2011-11-24,6.92,7.02,6.83,6.93,6805522.0,134535360.0
2011-11-25,6.94,7.09,6.92,6.95,5822004.0,116395920.0
2011-11-28,6.96,7.04,6.88,6.91,3839095.0,76204344.0
2011-11-29,6.99,7.16,6.93,7.16,8509535.0,171799120.0
2011-11-30,7.13,7.13,6.65,6.75,9897786.0,194437664.0
2011-12-01,7.01,7.04,6.89,6.9,8519241.0,169832848.0
2011-12-02,6.84,6.84,6.62,6.66,7181815.0,137451280.0
2011-12-05,6.64,6.64,6.33,6.36,5537723.0,102106480.0
2011-12-06,6.31,6.39,6.28,6.37,4967587.0,89912624.0
2011-12-07,6.4,6.43,6.35,6.39,3165950.0,57880536.0
2011-12-08,6.38,6.45,6.17,6.35,5498474.0,99764408.0
2011-12-09,6.27,6.4,6.22,6.26,3299832.0,59426144.0
2011-12-12,6.31,6.77,6.29,6.61,17686800.0,333483648.0
2011-12-13,6.52,6.73,6.49,6.71,18913482.0,359789120.0
2011-12-14,6.65,6.75,6.57,6.58,11060878.0,210774672.0
2011-12-15,6.5,6.5,6.2,6.24,11187327.0,202766576.0
2011-12-16,6.26,6.82,6.25,6.8,16179758.0,302467328.0
2011-12-19,6.68,7.09,6.65,6.99,22833990.0,448736064.0
2011-12-20,6.94,7.03,6.83,6.88,12443954.0,246426192.0
2011-12-21,6.99,7.05,6.49,6.51,12046657.0,233178032.0
2011-12-23,6.43,7.05,6.37,7.01,21396196.0,420495872.0
2011-12-26,7.01,7.08,6.85,6.9,15234727.0,303088672.0
2011-12-27,6.92,6.95,6.71,6.76,9712306.0,189129488.0
2011-12-28,6.73,7.09,6.69,7.06,17247428.0,342395616.0
2011-12-29,6.99,7.03,6.9,6.96,11655693.0,232031040.0
2011-12-30,7.0,7.09,6.93,7.01,12477022.0,250003744.0
2012-01-04,7.08,7.18,6.86,6.86,16347788.0,329520032.0
2012-01-05,6.8,6.85,6.39,6.44,15728828.0,296768256.0
2012-01-06,6.4,6.66,6.37,6.63,9168371.0,170637008.0
2012-01-09,6.66,7.06,6.51,6.99,15270911.0,299051744.0
2012-01-10,6.93,7.41,6.92,7.3,25766624.0,527799136.0
2012-01-11,7.24,7.34,7.18,7.24,18866246.0,391332256.0
2012-01-12,7.21,7.67,7.21,7.38,23532740.0,501417344.0
2012-01-13,7.37,7.44,7.11,7.25,15046342.0,312580256.0
2012-01-16,7.13,7.32,6.85,6.88,11506450.0,233689328.0
2012-01-17,6.95,7.45,6.9,7.44,18440856.0,381106272.0
2012-01-18,7.52,7.62,7.27,7.33,18177722.0,387045152.0
2012-01-19,7.31,7.5,7.27,7.45,13445625.0,284441120.0
2012-01-20,7.49,7.51,7.3,7.45,13232712.0,280827392.0
2012-01-30,7.43,7.51,7.32,7.42,11282922.0,239281424.0
2012-01-31,7.39,7.44,7.2,7.33,7342966.0,153385248.0
2012-02-01,7.26,7.42,7.16,7.22,8342641.0,174144512.0
2012-02-02,7.28,7.42,7.23,7.42,9724868.0,203720416.0
2012-02-03,7.39,7.62,7.39,7.56,17720708.0,381840384.0
2012-02-06,7.61,7.62,7.45,7.55,13520527.0,290791808.0
2012-02-07,7.47,7.51,7.24,7.28,12654350.0,264883120.0
2012-02-08,7.27,7.57,7.25,7.53,14130635.0,300500512.0
2012-02-09,7.53,7.69,7.45,7.54,19334424.0,419278976.0
2012-02-10,7.52,7.61,7.42,7.49,13037925.0,280054944.0
2012-02-13,7.41,7.61,7.37,7.51,13123368.0,281056352.0
2012-02-14,7.51,7.67,7.51,7.53,14090437.0,305168480.0
2012-02-15,7.52,7.76,7.4,7.74,23719704.0,515726752.0
2012-02-16,7.66,7.74,7.52,7.59,16416079.0,357951968.0
2012-02-17,7.65,7.68,7.48,7.54,7974680.0,172387248.0
2012-02-20,7.67,7.69,7.48,7.49,11065744.0,239830848.0
2012-02-21,7.47,7.55,7.37,7.54,9263833.0,197710928.0
2012-02-22,7.52,7.71,7.5,7.65,17449498.0,380976864.0
2012-02-23,7.67,8.0,7.67,7.89,32465936.0,728302336.0
2012-02-24,7.94,7.98,7.8,7.9,20897292.0,470949504.0
2012-02-27,7.96,8.13,7.9,7.9,23237554.0,531727968.0
2012-02-28,7.83,7.9,7.73,7.8,14695660.0,328748992.0
2012-02-29,7.81,8.09,7.81,7.85,18077762.0,411010048.0
2012-03-01,7.82,7.99,7.78,7.91,11236734.0,253958544.0
2012-03-02,7.95,8.07,7.95,8.02,12659711.0,289796512.0
2012-03-05,8.02,8.04,7.91,7.95,14703100.0,335332160.0
2012-03-06,7.94,7.94,7.74,7.77,12064316.0,269141984.0
2012-03-07,7.66,7.79,7.63,7.64,9958348.0,218872096.0
2012-03-08,7.69,7.86,7.68,7.81,10457196.0,232594672.0
2012-03-09,7.88,8.35,7.87,8.29,32289576.0,752579392.0
2012-03-12,8.31,8.58,8.15,8.46,36141688.0,868511488.0
2012-03-13,8.39,8.57,8.35,8.46,21297174.0,515123200.0
2012-03-14,8.53,8.56,7.94,8.0,26027820.0,614000512.0
2012-03-15,8.01,8.49,8.01,8.38,30402794.0,719605056.0
2012-03-16,8.39,8.45,8.22,8.43,21162504.0,506158592.0
2012-03-19,8.4,8.92,8.34,8.67,28216214.0,706163968.0
2012-03-20,8.67,8.8,8.46,8.61,18818356.0,463106912.0
2012-03-21,8.7,8.99,8.51,8.93,28790154.0,723109760.0
2012-03-22,8.88,8.97,8.56,8.59,20210632.0,504802400.0
2012-03-23,8.52,8.52,8.22,8.43,15605967.0,373738592.0
2012-03-26,8.5,8.73,8.4,8.5,15190971.0,372585696.0
2012-03-27,8.46,8.58,8.27,8.31,14036693.0,336337376.0
2012-03-28,8.22,8.22,7.84,7.86,14196516.0,324059040.0
2012-03-29,7.8,7.9,7.64,7.64,10739295.0,237516400.0
2012-03-30,7.67,7.77,7.34,7.44,10539211.0,227351184.0
2012-04-05,7.48,7.73,7.45,7.69,10219660.0,223255696.0
2012-04-06,7.69,7.87,7.65,7.74,10179814.0,225347824.0
2012-04-09,7.71,7.71,7.48,7.52,7722261.0,167554944.0
2012-04-10,7.47,7.58,7.17,7.54,10015560.0,210795392.0
2012-04-11,7.41,7.73,7.33,7.66,9285666.0,201909248.0
2012-04-12,7.65,7.76,7.56,7.76,10091891.0,221735056.0
2012-04-13,7.77,8.02,7.68,7.91,13419458.0,300445184.0
2012-04-16,7.8,7.87,7.74,7.79,7298760.0,162706976.0
2012-04-17,7.79,7.79,7.59,7.59,7770488.0,170238800.0
2012-04-19,7.69,7.76,7.4,7.47,15001283.0,325458272.0
2012-04-20,7.42,7.45,7.21,7.31,14699821.0,307573152.0
2012-04-23,7.24,7.37,7.23,7.26,8040973.0,167566288.0
2012-04-24,7.24,7.35,7.02,7.13,8517818.0,174094880.0
2012-04-25,7.1,7.17,6.96,7.15,9414124.0,190760064.0
2012-04-26,7.17,7.3,7.15,7.22,8708061.0,180266768.0
2012-04-27,7.22,7.25,7.03,7.1,5914887.0,120225016.0
2012-05-02,7.19,7.4,7.17,7.31,10197237.0,212248464.0
2012-05-03,7.32,7.4,7.27,7.34,7485408.0,156987632.0
2012-05-04,7.34,7.44,7.29,7.43,9260631.0,195041552.0
2012-05-07,7.36,7.43,7.32,7.43,7950204.0,167602208.0
2012-05-08,7.41,7.7,7.33,7.6,16081063.0,347868704.0
2012-05-09,7.59,7.59,7.34,7.35,10055479.0,214038192.0
2012-05-10,7.38,7.48,7.35,7.41,4991910.0,105735520.0
2012-05-11,7.4,7.43,7.27,7.28,5451887.0,114461096.0
2012-05-14,7.33,7.38,7.16,7.17,5853706.0,121586144.0
2012-05-15,7.1,7.51,7.07,7.42,11544509.0,243719728.0
2012-05-16,7.43,7.54,7.4,7.43,9990403.0,214049472.0
2012-05-17,7.48,7.64,7.4,7.62,9830706.0,212132128.0
2012-05-18,7.55,7.62,7.38,7.42,8739302.0,187047984.0
2012-05-21,7.38,7.39,7.2,7.27,5062948.0,64518388.0
2012-05-23,7.35,7.41,6.98,7.05,14317123.0,178881520.0
2012-05-24,6.97,7.09,6.76,6.83,12105698.0,145918848.0
2012-05-25,6.84,6.93,6.8,6.85,7005215.0,83886296.0
2012-05-28,6.85,6.85,6.53,6.81,10345236.0,120751872.0
2012-05-29,6.81,6.98,6.76,6.93,11919737.0,143522560.0
2012-05-30,6.95,7.0,6.87,6.95,8446470.0,102192224.0
2012-05-31,6.88,6.93,6.78,6.85,9245103.0,110322688.0
2012-06-01,6.85,7.34,6.8,7.07,22040418.0,274053920.0
2012-06-04,6.9,6.96,6.74,6.75,13528693.0,161877392.0
2012-06-05,6.81,6.91,6.69,6.82,8592732.0,101757912.0
2012-06-06,6.79,6.85,6.71,6.74,6504767.0,77049152.0
2012-06-07,6.87,6.89,6.66,6.69,5770964.0,68209760.0
2012-06-08,6.77,6.79,6.53,6.54,6742556.0,78394216.0
2012-06-11,6.59,6.68,6.53,6.63,5120829.0,59010920.0
2012-06-12,6.59,6.6,6.42,6.43,7592230.0,86035856.0
2012-06-13,6.49,6.54,6.44,6.53,5888287.0,66751412.0
2012-06-14,6.57,6.76,6.54,6.58,11094298.0,128872968.0
2012-06-15,6.6,6.64,6.46,6.54,6933996.0,79203136.0
2012-06-18,6.6,6.62,6.54,6.58,4820256.0,55323792.0
2012-06-19,6.57,6.65,6.56,6.6,5470763.0,63089892.0
2012-06-20,6.62,6.63,6.5,6.52,4912988.0,56124712.0
2012-06-21,6.49,6.49,6.27,6.29,8666049.0,95727312.0
2012-06-25,6.3,6.3,6.01,6.01,5954486.0,63722192.0
2012-06-26,5.99,5.99,5.75,5.87,7530070.0,76985352.0
2012-06-27,5.84,5.93,5.79,5.79,5618622.0,57498932.0
2012-06-28,5.81,5.87,5.67,5.68,6368270.0,64043392.0
2012-06-29,5.68,5.79,5.62,5.79,5166736.0,51601896.0
2012-07-02,5.85,5.99,5.81,5.91,7183457.0,73776832.0
2012-07-03,5.95,5.99,5.81,5.84,6137408.0,63320068.0
2012-07-04,5.85,5.89,5.76,5.81,5773344.0,58480440.0
2012-07-05,5.76,5.78,5.55,5.59,6844070.0,67235520.0
2012-07-06,5.6,5.66,5.07,5.36,20750792.0,191139872.0
2012-07-09,5.27,5.27,5.09,5.1,10060217.0,90897592.0
2012-07-10,5.03,5.09,4.95,4.95,7640652.0,66933008.0
2012-07-11,4.98,5.26,4.96,5.21,13454547.0,120349512.0
2012-07-12,5.13,5.24,5.07,5.21,9682800.0,87321728.0
2012-07-13,5.19,5.25,5.11,5.13,5451200.0,49254784.0
2012-07-16,5.13,5.15,4.87,4.89,7503516.0,65534172.0
2012-07-17,4.89,5.15,4.88,5.04,6000405.0,52561328.0
2012-07-18,5.03,5.28,4.97,5.27,16540198.0,149132928.0
2012-07-19,5.27,5.34,5.21,5.23,10948002.0,100673224.0
2012-07-20,5.22,5.32,5.17,5.2,6909639.0,63025180.0
2012-07-23,5.15,5.21,5.11,5.15,4474254.0,40286088.0
2012-07-24,5.14,5.3,5.11,5.23,5203471.0,47334036.0
2012-07-25,5.21,5.23,5.09,5.11,4852474.0,43714316.0
2012-07-26,5.12,5.16,5.04,5.07,4766911.0,42451088.0
2012-07-27,5.09,5.11,4.98,5.0,4247385.0,37379368.0
2012-07-30,5.03,5.08,4.92,4.95,4167069.0,36148592.0
2012-07-31,4.99,5.0,4.83,4.86,3928743.0,33565580.0
2012-08-01,4.87,4.99,4.87,4.95,3954325.0,34141408.0
2012-08-02,4.93,4.96,4.79,4.85,5069544.0,43023860.0
2012-08-03,4.85,5.21,4.84,5.09,11040324.0,97325120.0
2012-08-06,5.04,5.21,5.01,5.19,10730863.0,96138112.0
2012-08-07,5.19,5.35,5.15,5.27,13462869.0,123353216.0
2012-08-08,5.23,5.38,5.21,5.3,11691831.0,108128696.0
2012-08-09,5.26,5.38,5.21,5.35,13361571.0,123749728.0
2012-08-10,5.35,5.51,5.32,5.39,15129435.0,143225184.0
2012-08-13,5.36,5.36,5.2,5.23,8539857.0,78538568.0
2012-08-14,5.21,5.27,5.05,5.27,8820217.0,79554496.0
2012-08-15,5.24,5.24,5.11,5.12,5875679.0,52950328.0
2012-08-16,5.08,5.17,5.06,5.13,5102663.0,45545928.0
2012-08-17,5.13,5.23,5.1,5.21,5911822.0,53346084.0
2012-08-20,5.18,5.21,5.07,5.16,5433362.0,48558420.0
2012-08-21,5.16,5.26,5.13,5.22,7473157.0,67994072.0
2012-08-22,5.22,5.23,5.07,5.1,6863458.0,61506332.0
2012-08-23,5.1,5.28,5.08,5.2,8713518.0,78816200.0
2012-08-24,5.17,5.18,5.08,5.09,5244403.0,46880392.0
2012-08-27,5.08,5.19,4.97,4.98,7795389.0,69341376.0
2012-08-28,4.95,5.06,4.93,4.99,4470934.0,38985500.0
2012-08-29,4.96,5.0,4.84,4.85,4994799.0,42791084.0
2012-08-30,4.84,4.89,4.72,4.76,5912657.0,49660816.0
2012-08-31,4.77,4.85,4.74,4.77,3176875.0,26550716.0
2012-09-03,4.76,4.96,4.76,4.91,6668917.0,56640496.0
2012-09-04,4.89,4.95,4.84,4.85,5416348.0,46187728.0
2012-09-05,4.81,4.91,4.81,4.89,3583554.0,30426022.0
2012-09-06,4.89,4.95,4.87,4.95,5295840.0,45448792.0
2012-09-07,5.0,5.27,4.97,5.12,18160152.0,163023504.0
2012-09-10,5.12,5.34,5.12,5.25,16297628.0,148781200.0
2012-09-11,5.21,5.34,5.19,5.29,14833358.0,136517424.0
2012-09-12,5.33,5.39,5.2,5.31,13204398.0,122010608.0
2012-09-13,5.28,5.28,5.13,5.13,11675529.0,106143392.0
2012-09-14,5.21,5.24,5.11,5.16,9032886.0,81678480.0
2012-09-17,5.16,5.21,5.07,5.08,9977926.0,89492984.0
2012-09-18,5.03,5.04,4.89,4.93,7580183.0,65698836.0
2012-09-19,4.94,4.98,4.79,4.85,9487265.0,80452064.0
2012-09-20,4.84,4.84,4.68,4.69,8658350.0,71794784.0
2012-09-21,4.67,4.73,4.58,4.58,7736805.0,62888456.0
2012-09-24,4.54,4.66,4.47,4.62,5022112.0,40115016.0
2012-09-25,4.65,5.09,4.65,5.04,41544464.0,364239968.0
2012-09-26,4.98,5.01,4.75,4.8,23709204.0,200841936.0
2012-09-27,4.76,5.15,4.73,5.13,30378300.0,265917200.0
2012-09-28,5.07,5.21,5.03,5.2,34050356.0,305760928.0
2012-10-08,5.19,5.26,5.12,5.2,17505146.0,158440416.0
2012-10-09,5.21,5.36,5.16,5.36,30181012.0,278434048.0
2012-10-10,5.32,5.38,5.28,5.35,20786684.0,192942304.0
2012-10-11,5.3,5.48,5.2,5.32,27358992.0,254578960.0
2012-10-12,5.31,5.47,5.28,5.35,26174940.0,246170992.0
2012-10-15,5.3,5.32,5.13,5.21,19235172.0,174821152.0
2012-10-16,5.2,5.47,5.15,5.46,28739976.0,268257216.0
2012-10-17,5.43,6.01,5.41,5.91,80200984.0,814035456.0
2012-10-18,5.85,6.0,5.8,5.95,50699704.0,522468064.0
2012-10-19,5.9,5.98,5.81,5.87,30782888.0,316421632.0
2012-10-22,5.82,6.0,5.81,5.95,23482152.0,242453936.0
2012-10-23,5.95,5.95,5.63,5.66,36065460.0,362254816.0
2012-10-24,5.59,5.76,5.46,5.74,35471288.0,346751552.0
2012-10-25,5.64,5.71,5.51,5.51,19000710.0,186112400.0
2012-10-26,5.5,5.66,5.47,5.48,17986886.0,174371376.0
2012-10-29,5.44,5.54,5.27,5.31,16138444.0,151227600.0
2012-10-30,5.26,5.47,5.19,5.32,14717007.0,137099648.0
2012-10-31,5.32,5.5,5.3,5.48,15646522.0,148036016.0
2012-11-01,5.47,5.59,5.45,5.55,14826944.0,143238768.0
2012-11-02,5.62,5.78,5.55,5.56,25044194.0,247030320.0
2012-11-05,5.54,5.59,5.4,5.43,12918365.0,123364592.0
2012-11-06,5.42,5.42,5.23,5.35,12935277.0,119928368.0
2012-11-07,5.36,5.42,5.29,5.36,8819063.0,82369720.0
2012-11-08,5.24,5.31,5.17,5.18,10989875.0,100631128.0
2012-11-09,5.18,5.22,5.07,5.08,10245852.0,91535504.0
2012-11-12,5.09,5.17,5.05,5.09,7369126.0,65762508.0
2012-11-13,5.1,5.18,4.97,4.98,9138288.0,81339840.0
2012-11-14,4.98,5.01,4.84,4.96,7786985.0,66940080.0
2012-11-15,4.93,5.16,4.85,5.05,12110399.0,106233112.0
2012-11-16,5.04,5.11,4.93,5.04,6164266.0,54110212.0
2012-11-19,5.04,5.07,4.91,5.06,5461178.0,47612024.0
2012-11-20,5.09,5.11,4.92,4.93,5608209.0,48985824.0
2012-11-21,4.92,5.08,4.74,5.06,11190251.0,95874352.0
2012-11-22,5.03,5.03,4.84,4.88,8268767.0,71140416.0
2012-11-23,4.89,4.95,4.83,4.84,6313178.0,53861684.0
2012-11-26,4.86,4.89,4.82,4.83,4023764.0,34037528.0
2012-11-27,4.81,4.81,4.62,4.64,6850761.0,56246864.0
2012-11-28,4.62,4.63,4.53,4.58,5070720.0,40502876.0
2012-11-29,4.6,4.65,4.37,4.42,6499244.0,51171180.0
2012-11-30,4.41,4.52,4.39,4.49,5827866.0,45445544.0
2012-12-03,4.52,4.68,4.49,4.5,7810782.0,62520756.0
2012-12-04,4.48,4.62,4.45,4.62,6234658.0,49390872.0
2012-12-05,4.58,4.88,4.58,4.77,14409509.0,120050776.0
2012-12-06,4.74,4.85,4.72,4.73,6949257.0,57766140.0
2012-12-07,4.74,5.15,4.71,5.03,23415860.0,201506880.0
2012-12-10,5.01,5.12,4.93,5.05,19274080.0,169130832.0
2012-12-11,5.01,5.08,4.95,4.97,9725685.0,85116600.0
2012-12-12,4.96,5.01,4.84,4.92,8767305.0,75292080.0
2012-12-13,4.92,4.99,4.85,4.89,7340175.0,63138900.0
2012-12-14,4.92,5.11,4.88,5.09,17525100.0,154399488.0
2012-12-17,5.11,5.27,5.09,5.13,17274196.0,155833088.0
2012-12-18,5.13,5.25,5.11,5.18,14340606.0,129737024.0
2012-12-19,5.19,5.2,5.08,5.12,9922484.0,88778808.0
2012-12-20,5.09,5.36,4.99,5.28,21451656.0,193848432.0
2012-12-21,5.24,5.32,5.11,5.13,16198247.0,147096752.0
2012-12-24,5.11,5.19,5.07,5.09,9304793.0,83077624.0
2012-12-25,5.05,5.24,5.03,5.19,14899172.0,134405168.0
2012-12-26,5.2,5.34,5.19,5.29,17063648.0,157029168.0
2012-12-27,5.32,5.4,5.23,5.28,20339818.0,188766768.0
2012-12-28,5.24,5.33,5.2,5.28,11922494.0,109549952.0
2012-12-31,5.27,5.35,5.24,5.3,14473738.0,133590152.0
2013-01-04,5.34,5.39,5.23,5.27,12821735.0,118501824.0
2013-01-07,5.23,5.3,5.19,5.27,10036721.0,91828320.0
2013-01-08,5.29,5.44,5.21,5.39,21474964.0,200781008.0
2013-01-09,5.38,5.49,5.33,5.43,22711774.0,214152832.0
2013-01-10,5.46,5.62,5.43,5.52,24375426.0,234933728.0
2013-01-11,5.52,5.54,5.23,5.27,18765656.0,175710912.0
2013-01-14,5.2,5.64,5.2,5.61,29580320.0,284521472.0
2013-01-15,5.51,5.72,5.51,5.7,28747500.0,283232320.0
2013-01-16,5.64,5.66,5.49,5.55,24990040.0,243266208.0
2013-01-17,5.55,5.68,5.47,5.48,14866446.0,144414288.0
2013-01-18,5.5,5.66,5.36,5.63,24278406.0,235362592.0
2013-01-21,5.61,5.64,5.52,5.6,15313864.0,148901856.0
2013-01-22,5.6,5.64,5.4,5.5,15648527.0,151719248.0
2013-01-23,5.54,5.54,5.29,5.44,13751879.0,129726312.0
2013-01-24,5.43,5.5,5.23,5.29,16094763.0,150862208.0
2013-01-25,5.31,5.36,5.2,5.24,7812321.0,71927904.0
2013-01-28,5.27,5.36,5.27,5.35,10436599.0,97001664.0
2013-01-29,5.35,5.58,5.32,5.51,22991620.0,219166688.0
2013-01-30,5.55,5.64,5.47,5.58,25447274.0,247444368.0
2013-01-31,5.55,5.58,5.47,5.51,13208512.0,127144656.0
2013-02-01,5.54,5.6,5.47,5.54,14370248.0,138863008.0
2013-02-04,5.59,5.6,5.42,5.44,15085697.0,144614592.0
2013-02-05,5.44,5.55,5.35,5.5,11518639.0,110072608.0
2013-02-06,5.52,5.69,5.51,5.62,21293076.0,209094416.0
2013-02-07,5.61,5.68,5.57,5.67,15896522.0,156619872.0
2013-02-08,5.67,5.75,5.57,5.68,18904372.0,187341632.0
2013-02-18,5.7,5.72,5.58,5.62,12703319.0,124930536.0
2013-02-19,5.63,5.64,5.4,5.49,12818910.0,122909944.0
2013-02-20,5.47,5.54,5.4,5.52,11329766.0,107973136.0
2013-02-21,5.46,5.46,5.25,5.28,16304766.0,151772992.0
2013-02-22,5.28,5.41,5.21,5.32,12245485.0,113225504.0
2013-02-25,5.32,5.36,5.27,5.3,7167832.0,66313764.0
2013-02-26,5.27,5.32,5.16,5.16,12069424.0,110208984.0
2013-02-27,5.19,5.23,5.04,5.1,11137807.0,99735312.0
2013-02-28,5.11,5.23,5.07,5.23,9722876.0,87849488.0
2013-03-01,5.28,5.41,5.23,5.27,17716284.0,163778624.0
2013-03-04,5.25,5.25,5.01,5.16,14791145.0,132368520.0
2013-03-05,5.44,5.68,5.44,5.68,65521120.0,644212288.0
2013-03-06,5.72,6.06,5.68,5.78,91094584.0,931142208.0
2013-03-07,5.64,5.7,5.5,5.64,37365368.0,364640992.0
2013-03-08,5.62,5.75,5.51,5.53,20176868.0,198203424.0
2013-03-11,5.64,5.65,5.51,5.55,14625583.0,142638624.0
2013-03-12,5.5,5.5,5.16,5.25,30906592.0,285788160.0
2013-03-13,5.19,5.2,5.04,5.12,16239679.0,144742624.0
2013-03-14,5.1,5.17,5.1,5.15,8645131.0,77605048.0
2013-03-15,5.16,5.24,5.03,5.07,14089533.0,125790656.0
2013-03-18,5.04,5.05,4.87,4.88,14023410.0,120808688.0
2013-03-19,4.87,4.97,4.83,4.97,8881408.0,76114752.0
2013-03-20,4.93,5.12,4.93,5.07,13527960.0,118700664.0
2013-03-21,5.07,5.18,5.03,5.13,14652081.0,130691992.0
2013-03-22,5.17,5.26,5.12,5.13,14221907.0,128560160.0
2013-03-25,5.13,5.15,5.05,5.09,8558913.0,75986368.0
2013-03-26,5.09,5.1,4.95,5.0,8605216.0,75148048.0
2013-03-27,5.0,5.04,4.93,4.97,9313046.0,81090832.0
2013-03-28,4.93,4.93,4.82,4.85,9451797.0,80092016.0
2013-03-29,4.89,4.92,4.84,4.85,5454578.0,46424716.0
2013-04-01,4.83,4.91,4.8,4.87,4407181.0,37432128.0
2013-04-02,4.87,4.93,4.85,4.86,4933864.0,42034396.0
2013-04-03,4.89,4.91,4.77,4.8,6311272.0,53056368.0
2013-04-08,4.75,4.75,4.58,4.72,7165178.0,58326248.0
2013-04-09,4.74,4.86,4.72,4.83,6987430.0,58592504.0
2013-04-10,4.81,4.83,4.74,4.79,5699396.0,47513944.0
2013-04-11,4.81,4.91,4.81,4.84,8219778.0,69799056.0
2013-04-12,4.82,4.88,4.76,4.76,5562112.0,46704136.0
2013-04-15,4.75,4.75,4.59,4.69,9071653.0,73731840.0
2013-04-16,4.61,4.62,4.44,4.58,13781805.0,108711408.0
2013-04-17,4.57,4.59,4.48,4.54,6521492.0,51579708.0
2013-04-18,4.51,4.58,4.49,4.57,5550347.0,44043484.0
2013-04-19,4.58,4.71,4.57,4.67,8864421.0,71956368.0
2013-04-22,4.64,4.65,4.57,4.61,8100406.0,65086152.0
2013-04-23,4.62,4.64,4.48,4.48,6860184.0,54204592.0
2013-04-24,4.5,4.56,4.46,4.54,5934275.0,46709068.0
2013-04-25,4.56,4.56,4.46,4.46,6116476.0,48177560.0
2013-04-26,4.48,4.51,4.4,4.43,5796041.0,44975632.0
2013-05-02,4.4,4.4,4.23,4.26,6534914.0,48830196.0
2013-05-03,4.28,4.39,4.25,4.36,5722242.0,43476984.0
2013-05-06,4.39,4.52,4.34,4.5,9045064.0,70362840.0
2013-05-07,4.5,4.53,4.44,4.47,7180117.0,56190152.0
2013-05-08,4.52,4.53,4.44,4.49,5468082.0,42668012.0
2013-05-09,4.46,4.52,4.41,4.42,6728484.0,52296536.0
2013-05-10,4.37,4.49,4.37,4.48,5568609.0,43300064.0
2013-05-13,4.48,4.5,4.38,4.43,6279972.0,48587444.0
2013-05-14,4.42,4.47,4.38,4.46,8369267.0,64503972.0
2013-05-15,4.46,4.46,4.4,4.42,4879814.0,37664696.0
2013-05-16,4.38,4.5,4.38,4.48,9323471.0,72733936.0
2013-05-17,4.48,4.55,4.42,4.54,11115093.0,87543768.0
2013-05-20,4.6,4.75,4.51,4.74,13640488.0,108198920.0
2013-05-21,4.74,4.8,4.67,4.76,14219438.0,115520544.0
2013-05-22,4.75,4.82,4.68,4.73,12137767.0,98921528.0
2013-05-29,4.81,5.02,4.75,4.79,23973082.0,199929872.0
2013-05-30,4.71,4.73,4.63,4.69,15227753.0,121662728.0
2013-05-31,4.69,4.76,4.64,4.68,10663275.0,85710336.0
2013-06-03,4.66,4.7,4.57,4.57,9285850.0,73676920.0
2013-06-04,4.56,4.64,4.5,4.56,8303715.0,64733668.0
2013-06-05,4.56,4.58,4.5,4.54,4794388.0,37267356.0
2013-06-06,4.54,4.6,4.47,4.49,5927900.0,46023464.0
2013-06-07,4.5,4.58,4.35,4.38,7710136.0,58451204.0
2013-06-13,4.35,4.35,4.08,4.23,13115503.0,93785848.0
2013-06-14,4.23,4.32,4.16,4.31,11768903.0,85455856.0
2013-06-17,4.28,4.29,4.19,4.24,8405513.0,60817704.0
2013-06-18,4.23,4.29,4.19,4.28,9073401.0,65884460.0
2013-06-19,4.35,4.38,4.25,4.28,11398314.0,83810896.0
2013-06-20,4.19,4.25,4.11,4.12,8101478.0,57827168.0
2013-06-21,4.05,4.06,3.9,3.98,7665730.0,52222416.0
2013-06-24,3.97,4.0,3.59,3.59,10292699.0,66188496.0
2013-06-25,3.51,3.55,3.25,3.47,13436452.0,78479544.0
2013-06-26,3.49,3.52,3.41,3.48,9068239.0,53629472.0
2013-06-27,3.5,3.52,3.39,3.39,8597682.0,50850416.0
2013-06-28,3.36,3.48,3.3,3.41,6021050.0,35129484.0
2013-07-01,3.41,3.48,3.36,3.44,4845130.0,28386216.0
2013-07-02,3.45,3.46,3.42,3.46,6116280.0,36022680.0
2013-07-03,3.44,3.44,3.36,3.41,5442898.0,31660938.0
2013-07-04,3.36,3.7,3.34,3.62,18241492.0,111714104.0
2013-07-05,3.59,3.7,3.56,3.56,13961854.0,86843528.0
2013-07-08,3.51,3.51,3.35,3.39,8998922.0,52706692.0
2013-07-09,3.34,3.43,3.34,3.41,7089539.0,41087328.0
2013-07-10,3.39,3.58,3.38,3.56,10529916.0,62773844.0
2013-07-11,3.55,3.74,3.54,3.74,19309380.0,121033528.0
2013-07-12,3.75,3.77,3.6,3.61,14141714.0,89363576.0
2013-07-15,3.6,3.71,3.59,3.69,11213921.0,70217344.0
2013-07-16,3.71,3.86,3.68,3.73,10033758.0,64237892.0
2013-07-17,3.73,3.74,3.62,3.64,6962550.0,43775728.0
2013-07-18,3.61,3.79,3.57,3.76,12715600.0,80558696.0
2013-07-19,3.71,3.75,3.6,3.61,11158025.0,70380832.0
2013-07-22,3.57,3.6,3.49,3.57,7125986.0,43287740.0
2013-07-23,3.57,3.72,3.57,3.68,10026790.0,62779520.0
2013-07-24,3.68,3.84,3.58,3.73,13411371.0,85097488.0
2013-07-25,3.71,3.75,3.62,3.64,7565196.0,47617472.0
2013-07-26,3.62,3.65,3.56,3.57,6273439.0,38589872.0
2013-07-29,3.52,3.52,3.41,3.41,7987431.0,47217672.0
2013-07-30,3.43,3.52,3.37,3.51,7643561.0,45156200.0
2013-07-31,3.6,3.64,3.54,3.57,9240252.0,56601492.0
2013-08-01,3.55,3.64,3.55,3.63,9865322.0,60805012.0
2013-08-02,3.63,3.7,3.59,3.64,14218690.0,88336408.0
2013-08-05,3.62,3.76,3.6,3.71,13949017.0,88291296.0
2013-08-06,3.67,3.76,3.64,3.73,12205855.0,77317528.0
2013-08-07,3.74,3.83,3.71,3.79,20082346.0,129742528.0
2013-08-08,3.77,3.84,3.72,3.75,15679587.0,101325640.0
2013-08-09,3.75,3.81,3.69,3.81,16435466.0,105525144.0
2013-08-12,3.79,3.9,3.76,3.88,21890072.0,144051872.0
2013-08-13,3.87,3.89,3.84,3.87,11844951.0,78266232.0
2013-08-14,3.88,3.98,3.84,3.93,22274032.0,149422576.0
2013-08-15,4.01,4.08,3.81,3.82,26066292.0,176118944.0
2013-08-16,3.74,4.09,3.71,3.73,18587546.0,121004784.0
2013-08-19,3.71,3.81,3.69,3.77,8730990.0,56242372.0
2013-08-20,3.77,3.81,3.7,3.73,8816007.0,56553604.0
2013-08-21,3.7,3.77,3.69,3.77,9493303.0,60436004.0
2013-08-22,3.74,3.76,3.7,3.7,6205226.0,39569960.0
2013-08-23,3.73,3.77,3.61,3.67,8720811.0,55086596.0
2013-08-26,3.68,3.76,3.64,3.74,8677054.0,55356148.0
2013-08-27,3.81,3.91,3.79,3.81,15646888.0,102646704.0
2013-08-28,3.79,4.0,3.75,3.91,26002564.0,173004160.0
2013-08-29,3.87,3.9,3.81,3.85,11048147.0,72712288.0
2013-08-30,3.86,3.93,3.81,3.83,11101766.0,73414624.0
2013-09-02,3.8,3.86,3.74,3.83,8888174.0,57759140.0
2013-09-03,3.86,3.86,3.8,3.83,7825881.0,51392960.0
2013-09-04,3.83,3.85,3.76,3.8,9338450.0,60743844.0
2013-09-05,3.81,3.85,3.76,3.79,9130948.0,59380988.0
2013-09-06,3.78,3.84,3.76,3.83,12336903.0,80312608.0
2013-09-09,3.83,3.87,3.8,3.86,13957867.0,91783448.0
2013-09-10,3.85,3.96,3.84,3.9,21406326.0,142765872.0
2013-09-11,3.91,4.01,3.89,4.0,25821784.0,174830016.0
2013-09-12,3.98,4.07,3.95,4.0,15484063.0,105930032.0
2013-09-13,4.02,4.15,3.95,3.95,18162604.0,125211768.0
2013-09-16,3.95,3.97,3.88,3.91,9945496.0,66497112.0
2013-09-17,3.9,3.92,3.79,3.8,8053632.0,53215528.0
2013-09-18,3.8,3.83,3.74,3.79,6740613.0,43613684.0
2013-09-23,3.8,3.88,3.79,3.87,6027912.0,39654520.0
2013-09-24,3.9,3.91,3.78,3.87,9601078.0,63434000.0
2013-09-25,3.88,3.93,3.85,3.86,9941838.0,66271828.0
2013-09-26,3.84,3.86,3.74,3.81,8887121.0,57685500.0
2013-09-27,3.8,4.08,3.77,3.98,29157876.0,198633984.0
2013-09-30,3.95,4.02,3.9,4.01,19690946.0,133509912.0
2013-10-08,3.97,4.05,3.95,4.01,16106029.0,110361056.0
2013-10-09,3.98,4.05,3.96,4.0,12286326.0,84129104.0
2013-10-10,4.03,4.03,3.92,3.93,11055787.0,74775840.0
2013-10-11,3.94,4.03,3.93,4.0,15059708.0,102523024.0
2013-10-14,3.94,3.97,3.83,3.94,17448864.0,117035992.0
2013-10-15,3.92,4.12,3.89,4.09,28521986.0,196316624.0
2013-10-16,4.05,4.07,3.87,3.88,18290872.0,124292112.0
2013-10-17,3.91,4.08,3.91,3.96,18316488.0,125371120.0
2013-10-18,3.92,3.97,3.9,3.91,9548798.0,64163200.0
2013-10-21,3.9,3.97,3.86,3.96,11819702.0,79290568.0
2013-10-22,3.95,3.97,3.86,3.88,11859824.0,79307600.0
2013-10-23,3.89,3.91,3.76,3.8,10742627.0,70383600.0
2013-10-24,3.78,3.84,3.76,3.81,5437141.0,35384412.0
2013-10-25,3.8,3.83,3.72,3.76,8220359.0,52955992.0
2013-10-28,3.74,3.76,3.68,3.73,6197150.0,39338080.0
2013-10-29,3.73,3.74,3.54,3.67,12319120.0,76686976.0
2013-10-30,3.69,3.74,3.67,3.74,5570485.0,35373780.0
2013-10-31,3.73,3.74,3.68,3.7,3950511.0,25035916.0
2013-11-01,3.72,3.77,3.69,3.75,4678385.0,29910116.0
2013-11-04,3.79,3.79,3.74,3.79,4962613.0,32054354.0
2013-11-05,3.77,3.81,3.75,3.81,5111822.0,33100416.0
2013-11-06,3.8,3.87,3.77,3.8,6218244.0,40551680.0
2013-11-07,3.79,3.83,3.73,3.76,4214268.0,27169200.0
2013-11-08,3.74,3.77,3.69,3.7,4238543.0,26992660.0
2013-11-11,3.7,3.74,3.69,3.74,2823634.0,17992830.0
2013-11-12,3.77,3.81,3.71,3.8,5117384.0,33041644.0
2013-11-13,3.79,3.8,3.73,3.74,5197602.0,33455492.0
2013-11-14,3.74,3.83,3.73,3.81,5893389.0,38201744.0
2013-11-15,3.81,3.94,3.8,3.9,18271016.0,121678064.0
2013-11-18,3.88,4.02,3.86,3.96,23822780.0,160829648.0
2013-11-19,3.97,3.97,3.9,3.95,17679068.0,119183920.0
2013-11-20,3.95,4.01,3.87,3.94,10011128.0,67286728.0
2013-11-21,3.97,4.08,3.94,4.01,24399200.0,167917872.0
2013-11-22,4.02,4.07,3.93,3.93,11419965.0,77729672.0
2013-11-25,3.88,3.92,3.83,3.87,9122230.0,60489556.0
2013-11-26,3.87,3.89,3.84,3.88,5672812.0,37554852.0
2013-11-27,3.88,3.92,3.86,3.9,6318924.0,42123028.0
2013-11-28,3.91,3.94,3.88,3.9,10305204.0,69052104.0
2013-11-29,3.91,3.93,3.88,3.88,7325827.0,48888876.0
2013-12-02,3.83,3.84,3.66,3.71,10941371.0,70448176.0
2013-12-03,3.69,3.77,3.67,3.75,5497322.0,35098432.0
2013-12-04,3.75,3.82,3.72,3.8,8075455.0,52377432.0
2013-12-05,3.77,3.86,3.77,3.86,8548850.0,56037616.0
2013-12-06,3.83,3.86,3.8,3.83,5036694.0,32997456.0
2013-12-09,3.81,3.93,3.8,3.9,9863862.0,65570600.0
2013-12-10,3.87,4.13,3.87,3.98,28744896.0,197754848.0
2013-12-11,3.91,3.93,3.8,3.82,19206812.0,126416184.0
2013-12-12,3.77,3.83,3.74,3.75,14367058.0,92872128.0
2013-12-13,3.74,3.81,3.69,3.7,17820588.0,113996256.0
2013-12-24,3.44,3.55,3.38,3.47,12640486.0,69211328.0
2013-12-25,3.44,3.47,3.39,3.44,5437121.0,29516416.0
2013-12-26,3.43,3.48,3.39,3.45,6921756.0,37691192.0
2013-12-27,3.45,3.47,3.4,3.43,6344778.0,34462052.0
2013-12-30,3.4,3.44,3.36,3.37,9394568.0,50377176.0
2013-12-31,3.36,3.4,3.28,3.4,9508885.0,50387088.0
2014-01-02,3.39,3.39,3.33,3.34,6181845.0,32714034.0
2014-01-03,3.33,3.33,3.22,3.24,10143639.0,52338048.0
2014-01-06,3.23,3.28,3.1,3.1,8797630.0,43793540.0
2014-01-07,3.09,3.19,3.07,3.16,6855685.0,34115440.0
2014-01-08,3.16,3.19,3.11,3.14,5034180.0,25057108.0
2014-01-09,3.14,3.21,3.02,3.03,24533388.0,119612152.0
2014-01-10,3.0,3.03,2.9,2.92,12509102.0,58191336.0
2014-01-13,2.92,2.96,2.89,2.91,5254656.0,24247274.0
2014-01-14,2.92,3.05,2.88,3.05,12833081.0,60456624.0
2014-01-15,3.07,3.13,3.04,3.09,11916711.0,58382644.0
2014-01-16,3.1,3.12,3.06,3.1,6021398.0,29374776.0
2014-01-17,3.1,3.1,3.01,3.02,5287991.0,25534610.0
2014-01-20,3.02,3.09,2.97,3.09,8675846.0,41934116.0
2014-01-21,3.1,3.21,3.09,3.17,12156338.0,60810816.0
2014-01-22,3.19,3.2,3.15,3.19,10289529.0,51693072.0
2014-01-23,3.19,3.22,3.15,3.16,8489447.0,42624132.0
2014-01-24,3.15,3.27,3.14,3.19,14839011.0,74965176.0
2014-01-27,3.19,3.19,3.11,3.14,7714935.0,38247264.0
2014-01-28,3.15,3.16,3.03,3.04,11555853.0,56169568.0
2014-01-29,3.06,3.07,3.04,3.06,5926099.0,28618856.0
2014-01-30,3.06,3.07,2.98,2.99,6870620.0,32716214.0
2014-02-07,2.96,3.07,2.92,3.06,9552416.0,45089920.0
2014-02-10,3.06,3.16,3.06,3.14,13583587.0,66862400.0
2014-02-11,3.14,3.19,3.11,3.16,15596007.0,77763776.0
2014-02-12,3.16,3.23,3.16,3.2,13184153.0,66519232.0
2014-02-13,3.2,3.27,3.18,3.2,15482906.0,78963280.0
2014-02-14,3.19,3.22,3.16,3.22,10205162.0,51481648.0
2014-02-17,3.24,3.34,3.23,3.31,21781624.0,113087512.0
2014-02-18,3.3,3.31,3.25,3.26,15086269.0,78088160.0
2014-02-19,3.28,3.31,3.24,3.27,11495501.0,59441064.0
2014-02-20,3.26,3.3,3.21,3.22,12382124.0,63845920.0
2014-02-21,3.22,3.25,3.18,3.19,7977116.0,40469120.0
2014-02-24,3.18,3.19,3.11,3.14,7785325.0,38721824.0
2014-02-25,3.16,3.16,3.01,3.09,11562006.0,56806140.0
2014-02-26,3.07,3.1,3.02,3.09,6976031.0,33710112.0
2014-02-27,3.1,3.14,3.06,3.12,11228506.0,55206944.0
2014-02-28,3.11,3.21,3.09,3.21,14827017.0,74115288.0
2014-03-03,3.19,3.41,3.19,3.4,40867676.0,214672464.0
2014-03-04,3.35,3.4,3.28,3.35,32293676.0,169592752.0
2014-03-05,3.35,3.35,3.27,3.28,13519403.0,70376880.0
2014-03-06,3.27,3.33,3.23,3.27,12216916.0,63300312.0
2014-03-07,3.26,3.29,3.22,3.23,10149492.0,52062160.0
2014-03-10,3.21,3.31,3.16,3.19,17214390.0,88271120.0
2014-03-11,3.18,3.33,3.17,3.29,17242282.0,89141832.0
2014-03-12,3.24,3.26,3.18,3.22,13273346.0,67458672.0
2014-03-13,3.22,3.26,3.2,3.24,8423093.0,42998784.0
2014-03-14,3.24,3.31,3.21,3.26,11429883.0,59029528.0
2014-03-17,3.28,3.4,3.23,3.38,26156756.0,138055152.0
2014-03-18,3.35,3.38,3.31,3.32,18894992.0,99968064.0
2014-03-19,3.33,3.45,3.3,3.42,25377648.0,135783776.0
2014-03-20,3.39,3.54,3.35,3.37,33098726.0,181444960.0
2014-03-21,3.33,3.43,3.28,3.42,21834888.0,115974512.0
2014-03-24,3.4,3.45,3.36,3.41,18424232.0,98957104.0
2014-03-25,3.38,3.42,3.35,3.35,13060859.0,69748944.0
2014-03-26,3.37,3.45,3.36,3.38,13594453.0,73068016.0
2014-03-27,3.37,3.37,3.27,3.28,14211575.0,74221544.0
2014-03-28,3.28,3.35,3.24,3.26,10049327.0,52199120.0
2014-03-31,3.26,3.29,3.21,3.24,7020418.0,35914184.0
2014-04-01,3.21,3.28,3.21,3.28,4787749.0,24667590.0
2014-04-02,3.28,3.34,3.25,3.31,7660645.0,40024400.0
2014-04-03,3.3,3.31,3.24,3.25,7210358.0,37280024.0
2014-04-04,3.23,3.29,3.23,3.28,3251297.0,16791236.0
2014-04-08,3.28,3.33,3.25,3.32,8488319.0,44289184.0
2014-04-09,3.33,3.36,3.31,3.33,7082753.0,37323528.0
2014-04-10,3.33,3.35,3.3,3.32,10662847.0,55930552.0
2014-04-11,3.36,3.42,3.35,3.37,17192022.0,92183624.0
2014-04-14,3.35,3.37,3.31,3.35,8824450.0,46513024.0
2014-04-15,3.33,3.34,3.27,3.28,8389461.0,43790880.0
2014-04-16,3.26,3.33,3.26,3.29,6617477.0,34507088.0
2014-04-17,3.29,3.35,3.29,3.3,4854416.0,25365620.0
2014-04-18,3.28,3.31,3.28,3.3,4060995.0,21169162.0
2014-04-21,3.3,3.33,3.26,3.28,6745091.0,35168824.0
2014-04-22,3.28,3.3,3.24,3.28,5515249.0,28552074.0
2014-04-23,3.29,3.34,3.24,3.33,9491871.0,49522040.0
2014-04-24,3.32,3.37,3.3,3.31,7415246.0,39033056.0
2014-04-25,3.31,3.4,3.3,3.3,14915916.0,78983616.0
2014-04-28,3.18,3.21,2.97,2.97,21829988.0,104978928.0
2014-04-29,2.93,3.02,2.9,3.0,9590036.0,44964340.0
2014-04-30,2.99,3.05,2.94,3.0,8043150.0,38243184.0
2014-05-05,3.02,3.03,2.98,3.0,5865563.0,27833174.0
2014-05-06,3.0,3.02,2.96,2.97,6430576.0,30387874.0
2014-05-07,2.96,3.0,2.95,2.95,6258683.0,29382416.0
2014-05-08,2.93,3.0,2.93,2.94,5092036.0,23869566.0
2014-05-09,2.97,3.04,2.93,3.03,11008229.0,52151340.0
2014-05-12,3.3,3.33,3.3,3.33,14431914.0,75961840.0
2014-05-13,3.67,3.67,3.58,3.67,138225312.0,797358528.0
2014-05-16,3.43,3.55,3.38,3.52,76746296.0,420317632.0
2014-05-19,3.54,3.57,3.41,3.49,37298648.0,205138256.0
2014-05-20,3.63,3.83,3.55,3.59,90298680.0,528244640.0
2014-05-21,3.58,3.65,3.49,3.59,49972608.0,283129760.0
2014-05-22,3.55,3.58,3.45,3.47,48805568.0,270341632.0
2014-05-23,3.45,3.51,3.42,3.47,24844960.0,136418400.0
2014-05-26,3.47,3.59,3.46,3.52,42052128.0,233586960.0
2014-05-27,3.5,3.5,3.37,3.39,29322916.0,158749424.0
2014-05-28,3.37,3.43,3.35,3.42,18804088.0,100983072.0
2014-05-29,3.42,3.45,3.36,3.37,24592882.0,132395296.0
2014-05-30,3.37,3.45,3.36,3.42,21836916.0,117641312.0
2014-06-03,3.43,3.45,3.37,3.38,20481508.0,110612416.0
2014-06-04,3.35,3.38,3.21,3.24,25486360.0,132612888.0
2014-06-05,3.23,3.27,3.21,3.26,12985016.0,66569392.0
2014-06-06,3.27,3.28,3.18,3.25,16634473.0,84747128.0
2014-06-09,3.23,3.26,3.19,3.2,12586123.0,64029444.0
2014-06-10,3.19,3.23,3.13,3.23,21916376.0,110013776.0
2014-06-11,3.26,3.32,3.24,3.28,24683172.0,128090688.0
2014-06-12,3.31,3.31,3.2,3.21,16127179.0,82399712.0
2014-06-13,3.21,3.28,3.19,3.24,18882016.0,96792776.0
2014-06-16,3.24,3.27,3.23,3.26,12114937.0,62278864.0
2014-06-17,3.24,3.26,3.23,3.26,13795649.0,70828760.0
2014-06-18,3.27,3.28,3.16,3.18,15678262.0,76399296.0
2014-06-19,3.17,3.24,3.07,3.09,13534473.0,64897560.0
2014-06-20,3.09,3.1,3.03,3.09,8013057.0,37403152.0
2014-06-23,3.08,3.12,3.08,3.1,8404895.0,39588204.0
2014-06-24,3.09,3.18,3.08,3.17,10465494.0,49865980.0
2014-06-25,3.13,3.19,3.1,3.11,9304327.0,44395796.0
2014-06-26,3.12,3.16,3.1,3.14,8886840.0,42379896.0
2014-06-27,3.14,3.22,3.12,3.17,14950006.0,72335440.0
2014-06-30,3.16,3.21,3.14,3.18,9170576.0,44259908.0
2014-07-01,3.17,3.22,3.16,3.22,10984462.0,53289832.0
2014-07-02,3.22,3.24,3.19,3.23,14267081.0,69791384.0
2014-07-03,3.23,3.24,3.19,3.22,11412464.0,55805356.0
2014-07-04,3.22,3.34,3.21,3.24,20424946.0,101699832.0
2014-07-07,3.22,3.25,3.18,3.2,11058821.0,53823968.0
2014-07-08,3.19,3.28,3.19,3.27,14259167.0,70301864.0
2014-07-09,3.25,3.31,3.21,3.21,13653289.0,67697080.0
2014-07-10,3.2,3.22,3.17,3.19,8060861.0,39143992.0
2014-07-11,3.19,3.28,3.17,3.25,9750690.0,47996556.0
2014-07-14,3.26,3.3,3.24,3.28,10988397.0,54638568.0
2014-07-15,3.28,3.32,3.25,3.3,12774350.0,63885576.0
2014-07-16,3.3,3.38,3.28,3.31,18549228.0,93743600.0
2014-07-17,3.3,3.35,3.26,3.35,17264540.0,86881592.0
2014-07-18,3.33,3.35,3.3,3.32,11413012.0,57716472.0
2014-07-21,3.3,3.34,3.28,3.29,9960172.0,49946120.0
2014-07-22,3.28,3.38,3.28,3.37,25177124.0,127905888.0
2014-07-23,3.36,3.36,3.29,3.31,17234152.0,87103440.0
2014-07-24,3.3,3.36,3.28,3.34,16588706.0,83957760.0
2014-07-25,3.34,3.4,3.32,3.39,21171924.0,108543440.0
2014-07-28,3.38,3.45,3.38,3.43,27451400.0,142692992.0
2014-07-29,3.47,3.5,3.42,3.48,30631480.0,160865392.0
2014-07-30,3.48,3.57,3.43,3.49,31678852.0,169179936.0
2014-07-31,3.47,3.53,3.46,3.51,18910128.0,100483560.0
2014-08-01,3.52,3.55,3.43,3.45,20932444.0,111041272.0
2014-08-04,3.46,3.53,3.45,3.52,22900284.0,121593264.0
2014-08-05,3.53,3.56,3.5,3.55,22098928.0,118860560.0
2014-08-06,3.53,3.59,3.5,3.57,18325732.0,98467344.0
2014-08-07,3.55,3.58,3.49,3.5,16248546.0,87019912.0
2014-08-08,3.49,3.53,3.45,3.49,19131016.0,101353344.0
2014-08-11,3.49,3.56,3.49,3.55,21098486.0,113155968.0
2014-08-12,3.55,3.57,3.51,3.54,14608085.0,78434976.0
2014-08-13,3.54,3.54,3.47,3.51,18627272.0,99028296.0
2014-08-14,3.51,3.62,3.49,3.57,36455176.0,197307040.0
2014-08-15,3.57,3.63,3.54,3.58,22620108.0,123315448.0
2014-08-18,3.58,3.63,3.57,3.6,20195494.0,110339152.0
2014-08-19,3.61,3.62,3.56,3.59,15923947.0,86619352.0
2014-08-20,3.6,3.71,3.59,3.65,34971056.0,194558144.0
2014-08-21,3.65,3.67,3.57,3.63,16560535.0,90740208.0
2014-08-22,3.63,3.63,3.59,3.62,11009099.0,60332632.0
2014-08-25,3.6,3.69,3.55,3.6,24945004.0,137130272.0
2014-08-26,3.57,3.65,3.51,3.53,20475096.0,111005992.0
2014-08-27,3.53,3.57,3.51,3.57,10683398.0,57565264.0
2014-08-28,3.56,3.59,3.51,3.53,11011412.0,59329320.0
2014-08-29,3.52,3.55,3.5,3.55,8321006.0,44590176.0
2014-09-01,3.55,3.57,3.53,3.57,14206082.0,76723784.0
2014-09-02,3.57,3.61,3.55,3.6,18923976.0,102862648.0
2014-09-03,3.6,3.63,3.59,3.62,17758032.0,97476056.0
2014-09-04,3.62,3.67,3.61,3.67,25954158.0,143802272.0
2014-09-05,3.67,3.68,3.62,3.67,22560648.0,125022264.0
2014-09-09,3.67,3.7,3.63,3.66,19638912.0,109145304.0
2014-09-10,3.65,3.77,3.63,3.76,32883940.0,186210096.0
2014-09-11,3.76,3.78,3.69,3.71,26594922.0,150749552.0
2014-09-12,3.69,3.75,3.68,3.74,20271886.0,114377576.0
2014-09-15,3.75,3.8,3.73,3.76,18825592.0,107501864.0
2014-09-16,3.76,3.79,3.62,3.62,26670652.0,151083744.0
2014-09-17,3.63,3.65,3.52,3.6,21445096.0,116965296.0
2014-09-18,3.59,3.63,3.57,3.61,15356139.0,84146160.0
2014-09-19,3.61,3.97,3.59,3.97,86210472.0,507714176.0
2014-09-22,3.94,4.07,3.88,3.98,94723656.0,572972416.0
2014-09-23,3.95,4.01,3.86,3.99,46008256.0,274969504.0
2014-09-24,3.97,4.01,3.93,4.0,39432016.0,238594480.0
2014-09-25,4.0,4.22,3.98,4.0,63043768.0,392399712.0
2014-09-26,3.99,4.08,3.9,4.01,29317124.0,178547312.0
2014-09-29,4.06,4.15,4.04,4.08,31557450.0,196040848.0
2014-09-30,4.09,4.18,4.0,4.14,39669524.0,246673760.0
2014-10-08,4.14,4.16,4.07,4.15,22841408.0,143253584.0
2014-10-09,4.13,4.19,4.05,4.13,26592952.0,166677152.0
2014-10-10,4.1,4.1,4.01,4.03,27855684.0,171336736.0
2014-10-13,4.0,4.05,3.96,4.05,21422972.0,130414448.0
2014-10-14,4.03,4.07,3.95,3.99,25672244.0,156454752.0
2014-10-15,4.26,4.39,4.14,4.3,79795120.0,514251872.0
2014-10-16,4.41,4.66,4.28,4.46,116249720.0,793586368.0
2014-10-17,4.32,4.37,4.15,4.27,57216512.0,372295808.0
2014-10-20,4.26,4.41,4.25,4.3,35535032.0,233514944.0
2014-10-21,4.28,4.34,4.18,4.24,25476368.0,164455296.0
2014-10-22,4.22,4.26,4.11,4.13,24413676.0,154913376.0
2014-10-23,4.1,4.17,3.99,4.01,24700998.0,152536992.0
2014-10-24,4.01,4.09,4.01,4.03,13533670.0,82980864.0
2014-10-27,4.03,4.06,3.95,4.06,14523235.0,88663600.0
2014-10-28,4.06,4.17,4.03,4.14,21560406.0,134774448.0
2014-10-29,4.15,4.17,4.04,4.16,44378104.0,277241024.0
2014-10-30,4.15,4.22,4.12,4.15,33286840.0,210741824.0
2014-10-31,4.17,4.31,4.15,4.25,47574680.0,306247232.0
2014-11-03,4.26,4.3,4.2,4.24,31105560.0,200563680.0
2014-11-04,4.25,4.5,4.23,4.45,79439240.0,529684000.0
2014-11-05,4.47,4.79,4.47,4.54,126451672.0,887454144.0
2014-11-06,4.49,4.65,4.4,4.59,55931440.0,383911168.0
2014-11-07,4.78,4.9,4.38,4.51,70698624.0,502717280.0
2014-11-10,4.49,4.59,4.28,4.46,56402384.0,378896704.0
2014-11-11,4.43,4.49,4.21,4.32,46204892.0,305176096.0
2014-11-12,4.32,4.76,4.24,4.76,105449112.0,736236352.0
2014-11-13,4.66,4.72,4.49,4.53,96453656.0,673974336.0
2014-11-14,4.53,4.53,4.38,4.4,36582424.0,245411808.0
2014-11-17,4.4,4.46,4.32,4.42,31015464.0,207738016.0
2014-11-18,4.42,4.44,4.29,4.34,37477572.0,247050544.0
2014-11-19,4.4,4.51,4.39,4.39,36195792.0,243905376.0
2014-11-20,4.35,4.42,4.33,4.37,18638470.0,123867936.0
2014-11-21,4.37,4.45,4.35,4.43,23690206.0,158419296.0
2014-11-24,4.51,4.59,4.42,4.54,45220408.0,309771936.0
2014-11-25,4.53,4.63,4.45,4.6,41483720.0,287504576.0
2014-11-26,4.6,4.65,4.47,4.55,36323304.0,250723168.0
2014-11-27,4.55,4.57,4.45,4.5,39312720.0,269226432.0
2014-11-28,4.51,4.53,4.46,4.53,31872758.0,218004080.0
2014-12-01,4.51,4.51,4.38,4.4,38374224.0,258097360.0
2014-12-02,4.38,4.47,4.36,4.44,35498464.0,238580656.0
2014-12-03,4.44,4.53,4.39,4.51,45253652.0,307260576.0
2014-12-04,4.51,4.57,4.51,4.56,54948908.0,378608480.0
2014-12-05,4.54,4.57,4.25,4.31,56128124.0,373993440.0
2014-12-08,4.27,4.38,4.24,4.34,35881764.0,235108640.0
2014-12-09,4.3,4.38,4.1,4.15,49141856.0,319299008.0
2014-12-10,4.15,4.32,4.05,4.28,37365572.0,236857504.0
2014-12-11,4.29,4.41,4.29,4.38,38226560.0,252677648.0
2014-12-12,4.49,4.71,4.49,4.51,67215480.0,466504704.0
2014-12-15,4.57,4.6,4.48,4.57,48206936.0,333033280.0
2014-12-16,4.54,4.66,4.53,4.57,35256100.0,245702000.0
2014-12-17,4.59,4.78,4.54,4.7,75617952.0,537916864.0
2014-12-18,4.66,4.71,4.61,4.64,44600216.0,314702784.0
2014-12-19,4.63,4.63,4.4,4.49,42137060.0,287380736.0
2014-12-22,4.45,4.57,4.28,4.34,38555488.0,258254784.0
2014-12-23,4.36,4.42,4.28,4.31,19703748.0,130532800.0
2014-12-24,4.34,4.49,4.3,4.47,22850166.0,152660544.0
2014-12-25,4.48,4.52,4.44,4.51,26920392.0,183382288.0
2014-12-26,4.51,4.51,4.4,4.47,25943420.0,175603840.0
2014-12-29,4.45,4.46,4.32,4.36,26910816.0,178859216.0
2014-12-30,4.35,4.49,4.35,4.44,25221644.0,169923392.0
2014-12-31,4.38,4.38,4.21,4.29,26726648.0,174397104.0
2015-01-05,4.29,4.41,4.21,4.38,29324424.0,192794480.0
2015-01-06,4.38,4.58,4.38,4.57,51820848.0,354753472.0
2015-01-07,4.53,4.64,4.48,4.6,38641240.0,267189296.0
2015-01-08,4.6,4.71,4.51,4.57,49073528.0,345082912.0
2015-01-09,4.57,4.7,4.55,4.55,42585708.0,299508608.0
2015-01-12,4.53,4.66,4.44,4.53,33965228.0,236153152.0
2015-01-13,4.49,4.72,4.45,4.71,54587628.0,383549152.0
2015-01-14,4.71,4.72,4.6,4.66,37237980.0,263724336.0
2015-01-15,4.68,4.78,4.59,4.7,54250892.0,386449248.0
2015-01-16,4.67,4.76,4.64,4.67,31837524.0,226965280.0
2015-01-19,4.47,4.55,4.2,4.2,50583324.0,338232608.0
2015-01-20,4.24,4.38,4.21,4.35,28678488.0,187958992.0
2015-01-21,4.35,4.47,4.34,4.46,23585148.0,158341856.0
2015-01-22,4.44,4.6,4.44,4.57,28116016.0,192947328.0
2015-01-23,4.57,4.67,4.51,4.55,34321880.0,239515824.0
2015-01-26,4.57,4.72,4.54,4.7,45035308.0,319925088.0
2015-01-27,4.72,5.02,4.68,4.9,95286160.0,698784960.0
2015-01-28,4.84,4.88,4.77,4.79,49615736.0,363586336.0
2015-01-29,4.74,4.86,4.69,4.74,32977394.0,239692032.0
2015-01-30,4.75,4.81,4.64,4.66,26865364.0,191662800.0
2015-02-02,4.63,4.82,4.59,4.78,33185472.0,239018208.0
2015-02-03,4.79,4.84,4.76,4.79,29960280.0,218760672.0
2015-02-04,4.78,4.89,4.74,4.76,32227476.0,236158128.0
2015-02-05,4.8,4.82,4.61,4.61,29557052.0,210649680.0
2015-02-06,4.6,4.65,4.45,4.48,23811278.0,164041216.0
2015-02-09,4.45,4.53,4.41,4.48,11175054.0,76012128.0
2015-02-10,4.47,4.55,4.47,4.51,11432588.0,78485520.0
2015-02-11,4.51,4.57,4.44,4.46,21492866.0,146424752.0
2015-02-12,4.46,4.49,4.4,4.45,15579038.0,105294496.0
2015-02-13,4.47,4.57,4.47,4.56,20467460.0,141132464.0
2015-02-16,4.57,4.64,4.57,4.63,19802056.0,138821600.0
2015-02-17,4.63,4.9,4.63,4.77,47535864.0,346148768.0
2015-02-25,4.78,4.9,4.74,4.88,31097576.0,228408544.0
2015-02-26,4.87,4.92,4.8,4.88,35029176.0,258177216.0
2015-02-27,4.88,4.99,4.83,4.92,45211044.0,338647488.0
2015-03-02,4.95,5.09,4.87,5.01,46915156.0,355467040.0
2015-03-03,5.01,5.02,4.82,4.84,46724488.0,349129344.0
2015-03-04,4.87,5.32,4.8,5.32,122365152.0,966774784.0
2015-03-05,5.19,5.31,5.15,5.24,68745856.0,544732800.0
2015-03-06,5.26,5.31,5.12,5.2,44296844.0,351021888.0
2015-03-09,5.21,5.25,5.09,5.22,30382496.0,239689216.0
2015-03-10,5.23,5.36,5.21,5.24,49196248.0,395456672.0
2015-03-11,5.21,5.22,5.11,5.15,31022670.0,243041760.0
2015-03-12,5.14,5.29,5.11,5.18,26853232.0,211775120.0
2015-03-13,5.2,5.23,5.12,5.17,22586290.0,177390864.0
2015-03-16,5.17,5.36,5.17,5.34,38715640.0,311577376.0
2015-03-17,5.36,5.44,5.27,5.34,40582648.0,330136480.0
2015-03-18,5.31,5.43,5.31,5.42,40669232.0,332247168.0
2015-03-19,5.43,5.59,5.38,5.46,49717320.0,413734944.0
2015-03-20,5.46,5.5,5.38,5.42,35902752.0,296261952.0
2015-03-23,5.42,5.7,5.36,5.59,67726400.0,568999680.0
2015-03-24,5.56,5.65,5.4,5.51,57519020.0,481141760.0
2015-03-25,5.51,5.69,5.42,5.56,49984952.0,419797888.0
2015-03-26,5.52,5.74,5.46,5.63,47330104.0,404606048.0
2015-03-27,5.61,5.63,5.49,5.55,31398296.0,265061408.0
2015-03-30,5.55,5.69,5.55,5.65,43485344.0,371787872.0
2015-03-31,5.67,5.96,5.61,5.78,89106120.0,782812032.0
2015-04-01,5.8,6.0,5.76,5.94,56797376.0,509411968.0
2015-04-02,5.97,6.15,5.9,6.09,58415988.0,537375680.0
2015-04-03,6.07,6.17,5.97,6.07,44081648.0,405559488.0
2015-04-07,6.11,6.45,6.11,6.33,59352312.0,568512320.0
2015-04-08,6.33,6.33,6.0,6.13,54069344.0,506424672.0
2015-04-09,6.13,6.13,5.79,5.99,56319192.0,508230656.0
2015-04-10,5.97,6.17,5.94,6.09,36426960.0,336028800.0
2015-04-13,6.1,6.27,6.01,6.24,49944436.0,466160256.0
2015-04-14,6.19,6.23,6.08,6.12,37232980.0,348679424.0
2015-04-15,6.05,6.05,5.79,5.8,45930600.0,412033376.0
2015-04-16,5.69,5.98,5.6,5.89,36567844.0,323149536.0
2015-04-17,5.9,5.97,5.76,5.91,48409804.0,433992960.0
2015-04-20,5.82,5.96,5.69,5.7,49313576.0,434567872.0
2015-04-21,5.7,5.93,5.69,5.9,37960752.0,335544640.0
2015-04-22,5.97,6.13,5.91,6.07,53809316.0,494836352.0
2015-04-23,6.09,6.68,6.03,6.65,111269744.0,1073597120.0
2015-04-24,6.49,6.64,6.34,6.47,81345488.0,803879744.0
2015-04-27,6.48,6.57,6.35,6.45,66793480.0,655356416.0
2015-04-28,6.44,6.69,6.32,6.45,68143648.0,674133376.0
2015-04-29,6.51,6.83,6.33,6.69,83841600.0,846980160.0
2015-04-30,6.65,6.78,6.46,6.48,48805844.0,488773440.0
2015-05-04,6.48,6.55,6.35,6.43,31489800.0,308245408.0
2015-05-05,6.38,6.43,6.01,6.04,50697912.0,478445184.0
2015-05-06,6.05,6.15,5.8,5.88,39989352.0,364786528.0
2015-05-07,5.88,5.96,5.7,5.72,26252962.0,230813520.0
2015-05-08,5.76,5.9,5.73,5.88,26563708.0,234894832.0
2015-05-11,5.94,6.32,5.88,6.19,44929356.0,420333600.0
2015-05-12,6.24,6.34,6.05,6.19,41541720.0,390790688.0
2015-05-13,6.15,6.44,6.1,6.34,52417860.0,502810816.0
2015-05-14,6.29,6.45,6.17,6.4,48403752.0,464913376.0
2015-05-15,6.42,6.44,6.12,6.13,37939904.0,359819936.0
2015-05-18,6.0,6.22,5.99,6.08,27721528.0,256540064.0
2015-05-19,6.11,6.42,6.11,6.3,43100164.0,410254432.0
2015-05-20,6.32,6.7,6.24,6.4,72780024.0,715522752.0
2015-05-21,6.43,6.79,6.33,6.73,82548960.0,830338112.0
2015-05-22,6.73,7.36,6.53,7.07,118923904.0,1258817152.0
2015-05-25,7.03,7.53,6.98,7.36,88643104.0,972878080.0
2015-05-26,7.38,7.5,7.19,7.34,71564912.0,799213056.0
2015-05-27,7.34,7.42,7.11,7.38,73458304.0,810969152.0
2015-05-28,7.49,7.92,7.28,7.35,136678672.0,1572522496.0
2015-05-29,7.5,7.76,6.77,7.24,70032552.0,772318080.0
2015-06-01,7.44,7.97,7.29,7.85,142690176.0,1678035840.0
2015-06-02,7.76,8.04,7.64,8.03,102513768.0,1210131456.0
2015-06-03,8.03,8.03,7.7,7.8,71212464.0,842030272.0
2015-06-04,7.77,7.8,7.04,7.56,71900704.0,806183424.0
2015-06-05,7.64,8.08,7.64,7.91,85218544.0,1010432960.0
2015-06-08,7.93,8.7,7.85,8.7,145192208.0,1816587520.0
2015-06-09,8.63,8.9,8.19,8.61,120788896.0,1549320832.0
2015-06-10,8.43,8.92,8.3,8.78,94655808.0,1245758080.0
2015-06-11,8.8,9.28,8.64,9.14,79275192.0,1070581888.0
2015-06-12,9.03,9.48,9.03,9.13,70724648.0,986554432.0
2015-06-15,9.19,9.3,8.63,8.69,81017584.0,1084044672.0
2015-06-16,8.53,8.63,8.11,8.15,51119212.0,644679616.0
2015-06-17,8.07,8.94,8.02,8.85,56931896.0,720402880.0
2015-06-18,8.8,9.12,8.49,8.55,58377128.0,782085504.0
2015-06-19,8.27,8.49,7.7,7.7,59955864.0,726416640.0
2015-06-23,7.67,7.89,6.96,7.8,47202616.0,532103904.0
2015-06-24,7.89,8.5,7.82,8.43,73446184.0,906907136.0
2015-06-25,8.29,8.47,7.83,7.97,62671032.0,774597568.0
2015-06-26,7.64,7.78,7.18,7.18,57113700.0,641871872.0
2015-06-29,7.46,7.46,6.46,6.87,68706056.0,725046400.0
2015-06-30,6.86,7.39,6.23,7.32,66268852.0,687400576.0
2015-07-01,7.22,7.8,6.83,6.93,60788584.0,684148224.0
2015-07-02,6.97,7.16,6.24,6.25,74843792.0,746928192.0
2015-07-03,5.94,6.41,5.63,5.63,60152232.0,526091840.0
2015-07-06,6.19,6.19,5.07,5.25,80306960.0,655236928.0
2015-07-07,4.99,5.02,4.73,4.73,38587800.0,277027232.0
2015-07-13,5.2,5.2,5.2,5.2,1899323.0,14871699.0
2015-07-14,5.72,5.72,5.72,5.72,9338774.0,80406848.0
2015-07-15,5.98,5.98,5.15,5.15,93235152.0,775089792.0
2015-07-16,5.15,5.49,4.75,5.31,62532192.0,490779136.0
2015-07-17,5.33,5.78,5.33,5.73,46706076.0,391360032.0
2015-07-20,5.75,6.0,5.7,5.88,47605816.0,419519872.0
2015-07-21,5.78,6.15,5.65,6.12,50638256.0,456062272.0
2015-07-22,6.12,6.4,6.02,6.31,52278084.0,491420448.0
2015-07-23,6.31,6.75,6.0,6.7,47417480.0,464204992.0
2015-07-24,6.65,6.81,6.39,6.62,48401504.0,482933792.0
2015-07-27,6.53,7.28,6.46,6.67,81771848.0,838902272.0
2015-07-28,6.53,7.1,6.24,6.99,73935264.0,750748992.0
2015-07-29,7.06,7.68,7.05,7.66,76593696.0,844735552.0
2015-07-30,7.72,8.29,7.65,7.99,88770968.0,1060852032.0
2015-07-31,7.79,7.97,7.62,7.84,51903000.0,607569920.0
2015-08-03,7.75,8.13,7.58,7.86,49255224.0,580202176.0
2015-08-04,7.91,8.2,7.1,8.05,57812848.0,680652352.0
2015-08-05,8.06,8.81,7.89,8.65,68521496.0,863170688.0
2015-08-06,8.48,8.63,8.23,8.57,44263724.0,560560320.0
2015-08-07,8.61,8.82,8.43,8.74,39524000.0,512548256.0
2015-08-10,8.74,9.48,8.68,9.47,57894752.0,804911104.0
2015-08-11,9.48,10.42,9.36,10.41,79950736.0,1219572352.0
2015-08-12,10.15,10.6,9.93,10.36,63687092.0,981326976.0
2015-08-13,10.49,11.4,10.36,11.4,94355200.0,1568284032.0
2015-08-25,10.26,10.26,10.26,10.26,11413400.0,176337024.0
2015-08-26,9.24,9.24,9.24,9.24,2952600.0,41070664.0
2015-08-27,8.31,8.55,8.31,8.31,44442356.0,556789504.0
2015-08-28,7.9,9.14,7.5,9.08,106744896.0,1316416768.0
2015-08-31,8.63,8.88,8.17,8.17,51490212.0,660297600.0
2015-09-01,7.77,7.78,7.35,7.35,43540880.0,486402240.0
2015-09-02,6.71,7.34,6.61,6.63,83143944.0,836863552.0
2015-09-07,6.91,7.27,6.45,6.89,48083348.0,498156736.0
2015-09-08,6.67,7.15,6.65,7.02,32874692.0,341118048.0
2015-09-09,7.02,7.73,7.02,7.68,45374832.0,508210688.0
2015-09-10,7.57,8.45,7.46,8.43,43841548.0,534426240.0
2015-09-11,8.42,9.25,8.34,9.22,46582256.0,616839680.0
2015-09-14,9.3,9.55,8.3,8.49,65292620.0,887604672.0
2015-09-15,8.13,8.3,7.64,7.64,44920284.0,539046400.0
2015-09-16,7.72,8.4,7.72,8.4,35925700.0,438859104.0
2015-09-17,8.6,9.24,8.48,8.7,54139288.0,730028672.0
2015-09-18,9.02,9.43,8.78,9.3,57697484.0,794087744.0
2015-09-21,9.08,9.26,8.72,9.12,51755128.0,702388224.0
2015-09-22,9.02,9.86,9.02,9.72,57709460.0,833627648.0
2015-09-23,9.53,9.61,8.9,9.1,53451080.0,745895936.0
2015-09-24,9.13,9.44,8.78,9.24,42887140.0,587246784.0
2015-09-25,9.1,9.16,8.31,8.53,44235180.0,581955904.0
2015-09-28,8.72,8.74,8.1,8.51,28147124.0,355123648.0
2015-09-29,8.27,8.33,7.87,7.91,35128648.0,426652096.0
2015-09-30,7.93,8.3,7.83,8.16,29343068.0,359245600.0
2015-10-08,8.51,8.63,8.3,8.32,34108596.0,435034464.0
2015-10-09,8.34,8.34,7.97,8.09,29191394.0,356430944.0
2015-10-12,8.22,8.61,8.09,8.33,66876652.0,845642240.0
2015-10-13,8.45,9.16,8.37,9.16,84587776.0,1144105728.0
2015-10-14,9.42,9.49,8.9,9.06,79847120.0,1107678976.0
2015-10-15,9.09,9.43,8.93,9.36,58179884.0,804340544.0
2015-10-16,9.43,9.79,9.04,9.3,68103536.0,957607296.0
2015-10-19,9.3,9.42,8.96,9.17,51311104.0,708305792.0
2015-10-20,9.03,10.09,9.03,9.63,85415840.0,1240522752.0
2015-10-21,9.55,9.6,8.67,8.67,70422672.0,968504832.0
2015-10-22,8.47,9.01,8.43,8.83,53196384.0,696547264.0
2015-10-23,8.83,9.12,8.71,8.85,44805068.0,603454592.0
2015-10-26,8.96,9.21,8.65,9.17,57857560.0,778824896.0
2015-10-27,9.1,9.99,8.89,9.67,116791984.0,1671454848.0
2015-10-28,9.43,9.87,8.86,9.02,84678904.0,1197941120.0
2015-10-29,9.13,9.17,8.74,8.96,42478520.0,572404224.0
2015-10-30,8.86,9.28,8.78,8.9,42281304.0,576463424.0
2015-11-02,8.72,8.99,8.57,8.65,46810196.0,615840960.0
2015-11-03,8.65,8.75,8.17,8.38,44875920.0,572743808.0
2015-11-04,8.45,8.85,8.44,8.84,38004904.0,495602176.0
2015-11-05,8.83,8.95,8.68,8.75,47497396.0,630798720.0
2015-11-06,8.76,9.1,8.7,9.04,46622520.0,627373376.0
2015-11-09,9.01,9.45,8.98,9.28,50935840.0,710443968.0
2015-11-10,9.16,9.61,9.14,9.36,43242452.0,609790720.0
2015-11-11,9.38,9.69,9.26,9.59,49386864.0,710470528.0
2015-11-12,9.61,10.54,9.43,10.54,87869344.0,1340711168.0
2015-11-13,10.62,11.6,10.46,11.6,105952736.0,1766723328.0
2015-11-16,11.6,12.02,11.16,11.61,90876736.0,1569801728.0
2015-11-17,11.89,12.42,11.41,11.49,87158400.0,1566395264.0
2015-11-18,11.33,11.69,11.03,11.29,61132172.0,1046905536.0
2015-11-19,11.41,11.74,10.96,11.61,52494872.0,897139712.0
2015-11-20,11.66,11.99,11.45,11.7,45693808.0,802404032.0
2015-11-23,11.73,12.87,11.73,12.87,69759024.0,1323241600.0
2015-11-24,12.97,13.19,12.29,13.07,62150336.0,1191710976.0
2015-11-25,13.01,13.43,12.74,13.13,38482584.0,758667136.0
2015-11-26,13.23,13.27,12.2,12.28,41425152.0,794802624.0
2015-11-27,11.75,12.02,11.05,11.25,48425288.0,842233472.0
2015-11-30,11.39,12.18,11.32,11.99,44347788.0,785246720.0
2015-12-01,11.96,11.96,11.62,11.95,30341080.0,538993536.0
2015-12-02,11.86,13.15,11.86,13.15,60457644.0,1166302208.0
2015-12-03,13.01,13.66,12.87,13.62,44204748.0,882163218.0
2015-12-04,13.53,13.81,13.18,13.55,35333756.0,717650048.0
2015-12-07,13.47,14.04,13.43,13.79,26538112.0,551567104.0
2015-12-08,13.61,13.8,13.01,13.36,27469340.0,551000832.0
2015-12-09,13.28,13.48,13.01,13.23,14720944.0,293231522.0
2015-12-10,13.45,13.92,13.28,13.49,23249044.0,475790464.0
2015-12-11,13.63,13.63,12.45,12.85,30726520.0,595288640.0
2015-12-14,12.58,13.6,12.47,13.6,22624496.0,449719488.0
2015-12-15,13.6,14.24,13.48,14.03,27944416.0,589433472.0
2015-12-16,13.94,14.66,13.94,14.45,28329272.0,611655808.0
2015-12-17,14.4,14.79,14.3,14.58,24161848.0,529543840.0
2015-12-18,14.43,15.12,14.26,14.66,21936688.0,481928928.0
2015-12-21,14.59,14.8,14.32,14.51,12774971.0,279834720.0
2015-12-22,14.87,15.62,14.67,15.38,23443613.0,538216982.0
2015-12-23,15.31,15.94,14.94,15.22,17036876.0,389701024.0
2015-12-24,15.07,15.52,14.89,15.3,15929948.0,366807968.0
2015-12-25,15.66,15.66,15.01,15.23,14623891.0,335713467.0
2015-12-28,15.25,16.17,15.15,15.23,35023152.0,822661128.0
2015-12-29,14.97,15.64,14.47,14.74,27225426.0,612235418.0
2015-12-30,14.69,15.7,14.61,15.52,22430003.0,513648801.0
2015-12-31,15.62,16.04,15.25,15.58,22659806.0,534168930.0
2016-01-04,15.6,15.84,14.08,14.16,17481319.0,393570252.0
2016-01-05,13.21,14.61,12.99,14.49,27309592.0,576186610.0
2016-01-06,14.49,15.15,14.19,15.12,20231884.0,449883934.0
2016-01-07,14.97,14.97,13.78,13.9,4080101.0,88235384.0
2016-01-08,14.41,14.74,13.01,14.12,18883993.0,398887941.0
2016-01-11,13.68,13.86,12.7,12.7,19232117.0,380713911.0
2016-01-12,12.3,12.68,11.43,11.43,26357803.0,464507210.0
2016-01-13,11.02,11.69,10.42,10.58,25811945.0,435517208.0
2016-01-14,9.97,11.15,9.66,11.05,32433576.0,503953696.0
2016-01-15,10.56,11.03,10.03,10.36,19370314.0,307036972.0
2016-01-18,10.17,10.58,9.9,10.16,41243119.0,635257373.0
2016-01-20,10.62,11.17,10.29,11.05,42169781.0,685111553.0
2016-01-21,10.66,10.92,10.06,10.12,32497981.0,515032760.0
2016-01-22,10.2,10.42,9.39,10.09,30355502.0,450638874.0
2016-01-25,10.39,10.56,10.07,10.35,21572981.0,335949494.0
2016-01-26,10.09,10.19,9.32,9.32,20770712.0,300888637.0
2016-01-27,9.03,9.06,8.39,8.39,37962099.0,487166229.0
2016-01-28,8.33,8.44,7.55,7.56,60052999.0,709599067.0
2016-01-29,7.77,8.31,7.54,8.27,58885325.0,698649182.0
2016-02-01,8.07,8.15,7.44,7.44,72186297.0,829510404.0
2016-02-02,7.47,7.79,7.44,7.7,59806837.0,688253649.0
2016-02-03,7.46,7.93,7.43,7.82,43918544.0,505064258.0
2016-02-04,7.85,8.56,7.85,8.21,56255095.0,692541961.0
2016-02-05,8.17,8.25,7.83,7.89,35935730.0,433971914.0
2016-02-15,7.5,7.89,7.49,7.78,25935274.0,299384580.0
2016-02-16,7.89,8.5,7.85,8.37,45097802.0,556661747.0
2016-02-17,8.35,8.68,8.21,8.61,55777846.0,711160776.0
2016-02-18,8.68,8.79,8.37,8.5,55354081.0,712743696.0
2016-02-19,8.43,8.53,8.32,8.44,30912502.0,391315656.0
2016-02-22,8.57,8.74,8.43,8.71,49576139.0,643187382.0
2016-02-23,8.73,8.87,8.37,8.57,43196220.0,558482338.0
2016-02-24,8.55,9.18,8.47,9.02,69928477.0,931124625.0
2016-02-25,8.96,8.96,8.11,8.11,52656288.0,673007586.0
2016-02-26,8.08,8.2,7.38,7.67,50066643.0,585293209.0
2016-02-29,7.5,7.61,6.91,6.91,39444503.0,414899886.0
2016-03-01,6.85,6.99,6.43,6.83,46023973.0,468471901.0
2016-03-02,6.87,7.3,6.8,7.24,44783574.0,474611814.0
2016-03-03,7.26,7.85,7.2,7.36,53334252.0,604483351.0
2016-03-04,7.44,7.63,6.88,7.02,50354777.0,554097511.0
2016-03-07,7.12,7.31,7.04,7.18,34943507.0,378434114.0
2016-03-08,7.12,7.2,6.66,7.09,35607860.0,370395509.0
2016-03-09,6.74,6.97,6.71,6.77,25621918.0,263049301.0
2016-03-10,6.79,6.88,6.47,6.56,27513652.0,277525181.0
2016-03-11,6.44,6.56,6.33,6.43,28581046.0,276920594.0
2016-03-14,6.55,7.07,6.5,6.94,42912978.0,442106990.0
2016-03-15,6.99,6.99,6.72,6.77,28437168.0,292774710.0
2016-03-16,6.79,6.97,6.67,6.76,25185964.0,258563064.0
2016-03-17,6.81,7.06,6.75,7.01,43297696.0,452996338.0
2016-03-18,7.05,7.56,7.02,7.5,62819474.0,693746643.0
2016-03-21,7.68,8.15,7.5,8.13,83715737.0,979294496.0
2016-03-22,7.97,8.09,7.82,7.89,52244038.0,625308528.0
2016-03-23,7.88,8.03,7.69,8.02,42330353.0,501629089.0
2016-03-24,7.87,7.9,7.66,7.68,45398047.0,530992845.0
2016-03-25,7.67,7.77,7.58,7.74,30809544.0,356120487.0
2016-03-28,7.82,7.97,7.42,7.44,51711345.0,600734431.0
2016-03-29,7.41,7.5,6.97,7.12,46618685.0,505058173.0
2016-03-30,7.2,7.83,7.14,7.83,63790005.0,719733973.0
2016-03-31,7.83,8.2,7.75,7.99,90177180.0,1087119518.0
2016-04-01,7.93,8.05,7.6,7.76,63286485.0,739542421.0
2016-04-05,7.83,8.16,7.71,8.09,66676320.0,799433773.0
2016-04-06,8.1,8.3,7.91,8.08,59848362.0,730372744.0
2016-04-07,8.11,8.19,7.77,7.82,57398594.0,684265864.0
2016-04-08,7.72,7.76,7.49,7.66,41425442.0,475119348.0
2016-04-11,7.77,7.95,7.75,7.86,39974343.0,473046741.0
2016-04-12,7.83,7.86,7.57,7.74,33066025.0,382919192.0
2016-04-13,7.8,8.33,7.8,8.1,86212183.0,1051391835.0
2016-04-14,8.33,8.33,8.07,8.25,68939345.0,849895957.0
2016-04-15,8.23,8.23,8.09,8.2,40148565.0,492525116.0
2016-04-18,8.13,8.55,7.98,8.43,64749011.0,803367196.0
2016-04-19,8.45,8.58,8.28,8.34,49642876.0,627602537.0
2016-04-20,8.4,8.43,7.61,7.75,65828542.0,788267204.0
2016-04-21,7.83,8.14,7.74,7.87,52149304.0,620900320.0
2016-04-22,7.83,8.03,7.7,7.92,34929494.0,413664721.0
2016-04-25,7.77,7.77,7.36,7.52,42186118.0,478341278.0
2016-04-26,7.52,7.62,7.34,7.54,34415330.0,386506085.0
2016-04-27,7.56,7.56,7.38,7.4,25945767.0,291616394.0
2016-04-28,7.42,7.45,7.1,7.34,29641473.0,324074592.0
2016-04-29,7.32,7.43,7.2,7.24,20328963.0,224311403.0
2016-05-03,7.3,7.53,7.22,7.52,31665132.0,353790534.0
2016-05-04,7.47,7.56,7.37,7.42,32479599.0,364438060.0
2016-05-05,7.42,7.5,7.37,7.44,23399750.0,261715250.0
2016-05-06,7.45,7.47,6.88,6.89,46049015.0,496692486.0
2016-05-09,6.83,6.83,6.49,6.59,30901581.0,307873310.0
2016-05-10,6.55,6.67,6.49,6.61,18109969.0,179255906.0
2016-05-11,6.65,6.69,6.49,6.51,17471511.0,173028716.0
2016-05-12,6.4,6.45,6.21,6.44,18057264.0,172360369.0
2016-05-13,6.44,6.72,6.39,6.7,28721297.0,284594238.0
2016-05-16,6.7,6.79,6.61,6.78,23106937.0,233806330.0
2016-05-17,6.76,6.77,6.61,6.63,21509385.0,216335028.0
2016-05-18,6.51,6.56,6.23,6.35,21323211.0,205818197.0
2016-05-19,6.41,6.53,6.35,6.37,16764678.0,162802892.0
2016-05-20,6.36,6.74,6.27,6.68,28996644.0,285713839.0
2016-05-23,6.83,6.83,6.61,6.67,25595513.0,257783528.0
2016-05-24,6.64,6.75,6.57,6.63,19577248.0,196334561.0
2016-05-25,6.71,6.73,6.47,6.53,17569258.0,174766965.0
2016-05-26,6.53,6.61,6.37,6.57,18083040.0,176691067.0
2016-05-27,6.56,6.57,6.44,6.5,15257334.0,149344866.0
2016-05-30,6.45,6.49,6.33,6.41,10885178.0,104433874.0
2016-05-31,6.47,6.75,6.45,6.74,31057917.0,307950762.0
2016-06-01,6.75,6.89,6.69,6.76,28400458.0,287345570.0
2016-06-02,6.76,7.07,6.72,6.98,38018885.0,391956240.0
2016-06-03,6.98,6.98,6.82,6.88,27001221.0,277198164.0
2016-06-06,6.92,7.04,6.87,6.98,23762974.0,246310784.0
2016-06-07,6.98,7.0,6.88,6.9,19018258.0,195978394.0
2016-06-08,6.9,6.94,6.78,6.82,16081618.0,163947377.0
2016-06-13,6.68,6.72,6.31,6.32,27223294.0,266777874.0
2016-06-14,6.32,6.41,6.31,6.38,12780862.0,121109093.0
2016-06-15,6.31,6.78,6.24,6.63,24210171.0,237287847.0
2016-06-16,6.64,6.85,6.59,6.66,27352178.0,274462273.0
2016-06-17,6.71,7.24,6.7,6.97,52133644.0,543072909.0
2016-06-20,6.98,7.09,6.78,7.0,35606361.0,368576720.0
2016-06-21,7.01,7.35,6.94,7.24,60022772.0,640945544.0
2016-06-22,7.14,7.27,7.04,7.24,38642776.0,414102815.0
2016-06-23,7.23,7.23,7.01,7.05,29067447.0,307870891.0
2016-06-24,7.06,7.13,6.51,6.84,40006748.0,409989599.0
2016-06-27,6.81,7.23,6.75,7.18,34158290.0,360530326.0
2016-06-28,7.11,7.23,7.01,7.19,28398582.0,301606559.0
2016-06-29,7.2,7.41,7.12,7.2,34756406.0,376967767.0
2016-06-30,7.25,7.28,7.08,7.13,21018254.0,223919455.0
2016-07-01,7.14,7.21,7.0,7.04,17199650.0,181543167.0
2016-07-04,6.98,7.25,6.93,7.15,25896273.0,276037167.0
2016-07-05,7.16,7.53,7.15,7.46,55949048.0,618457708.0
2016-07-06,7.39,7.45,7.3,7.43,27338439.0,300838620.0
2016-07-07,7.39,7.41,7.25,7.32,24894860.0,271424891.0
2016-07-08,7.29,7.55,7.29,7.39,33996226.0,377868222.0
2016-07-11,7.45,7.45,7.25,7.27,34536846.0,376391506.0
2016-07-12,7.22,7.32,7.1,7.31,29923219.0,322497843.0
2016-07-13,7.33,7.47,7.25,7.44,32645274.0,359618804.0
2016-07-14,7.46,7.46,7.33,7.42,18071619.0,199157373.0
2016-07-15,7.43,7.55,7.33,7.44,30792631.0,342528661.0
2016-07-18,7.39,7.57,7.22,7.51,36370119.0,401399468.0
2016-07-19,7.52,7.53,7.38,7.51,26233107.0,292211464.0
2016-07-20,7.49,7.53,7.38,7.38,23342263.0,259111215.0
2016-07-21,7.35,7.45,7.32,7.36,18812180.0,206733743.0
2016-07-22,7.38,7.41,7.25,7.25,20233958.0,220358941.0
2016-07-25,7.24,7.31,7.18,7.21,14221652.0,153464524.0
2016-07-26,7.2,7.38,7.2,7.37,16475825.0,179974971.0
2016-07-27,7.39,7.41,6.84,6.9,34641584.0,366848933.0
2016-07-28,6.91,6.96,6.64,6.74,21530810.0,217890941.0
2016-07-29,6.79,6.89,6.69,6.72,15473056.0,156896381.0
2016-08-01,6.76,6.89,6.58,6.87,19855360.0,200374296.0
2016-08-02,6.78,6.89,6.78,6.88,12473034.0,127123641.0
2016-08-03,6.86,6.92,6.81,6.83,10954720.0,111805513.0
2016-08-04,6.86,6.92,6.72,6.85,12285629.0,125137151.0
2016-08-05,6.84,6.87,6.78,6.8,9412289.0,95554360.0
2016-08-08,6.8,6.88,6.72,6.88,11128431.0,113013493.0
2016-08-09,6.88,6.95,6.82,6.91,16403880.0,168546763.0
2016-08-10,6.92,6.94,6.84,6.92,14364089.0,147482850.0
2016-08-11,6.87,6.96,6.86,6.9,14840451.0,152957223.0
2016-08-12,6.89,6.98,6.81,6.94,15775413.0,162203563.0
2016-08-15,6.94,7.13,6.85,7.07,22210194.0,232225616.0
2016-08-16,7.09,7.18,7.03,7.04,17557892.0,185447055.0
2016-08-17,7.01,7.06,6.96,7.0,15582282.0,162586597.0
2016-08-18,7.02,7.04,6.94,7.0,17718320.0,184441460.0
2016-08-19,6.98,7.0,6.94,6.98,9853848.0,102282832.0
2016-08-22,7.0,7.0,6.88,6.88,9853055.0,101822798.0
2016-08-23,6.9,7.0,6.86,6.92,8733881.0,90166825.0
2016-08-24,6.92,7.02,6.92,6.94,8535737.0,88598052.0
2016-08-25,6.88,6.88,6.67,6.72,21502974.0,216190405.0
2016-08-26,6.74,6.8,6.72,6.74,10726491.0,108159204.0
2016-08-29,6.74,6.86,6.73,6.84,9414336.0,95417189.0
2016-08-30,6.87,7.04,6.8,6.96,24986178.0,257968113.0
2016-08-31,6.9,6.92,6.82,6.91,14416383.0,147789797.0
2016-09-01,6.94,7.12,6.89,6.98,31597987.0,330561743.0
2016-09-02,7.01,7.12,6.98,7.08,30182341.0,317324643.0
2016-09-05,7.18,7.2,6.96,6.98,22045456.0,230873461.0
2016-09-06,6.98,7.06,6.88,7.04,17343509.0,180216426.0
2016-09-07,7.02,7.34,7.02,7.27,45370592.0,487244183.0
2016-09-08,7.25,7.28,7.16,7.27,21948086.0,236254653.0
2016-09-09,7.27,7.35,7.12,7.14,26179464.0,283611102.0
2016-09-12,6.99,7.06,6.81,6.88,22154196.0,229192033.0
2016-09-13,6.94,6.94,6.83,6.89,11144418.0,114257585.0
2016-09-14,6.78,6.87,6.74,6.8,12641575.0,128186084.0
2016-09-19,6.82,6.9,6.82,6.85,8414232.0,85914370.0
2016-09-20,6.83,6.92,6.82,6.86,8471762.0,86862620.0
2016-09-21,6.84,6.9,6.78,6.82,8869621.0,90569081.0
2016-09-22,7.04,7.51,6.98,7.28,65982216.0,718328532.0
2016-09-23,7.24,7.47,7.16,7.37,53951234.0,588647310.0
2016-09-26,7.29,7.56,7.26,7.33,43208103.0,477115431.0
2016-09-27,7.36,7.5,7.18,7.49,39152007.0,429383769.0
2016-09-28,7.45,7.65,7.41,7.55,46649074.0,524918227.0
2016-09-29,7.52,7.57,7.42,7.43,30857694.0,343294043.0
2016-09-30,7.43,7.46,7.35,7.41,23991681.0,264400941.0
2016-10-10,7.45,7.62,7.37,7.61,38946865.0,436832421.0
2016-10-11,7.56,7.62,7.5,7.53,31972280.0,359364576.0
2016-10-12,7.5,7.51,7.4,7.42,23426119.0,259599736.0
2016-10-13,7.39,7.55,7.33,7.47,27476780.0,304382065.0
2016-10-14,7.45,7.47,7.33,7.35,15241410.0,167724852.0
2016-10-17,7.38,7.43,7.18,7.2,24037822.0,261834759.0
2016-10-18,7.18,7.31,7.18,7.3,18211020.0,196740866.0
2016-10-19,7.28,7.35,7.22,7.24,15766098.0,171040378.0
2016-10-20,7.24,7.41,7.24,7.36,29576050.0,323742766.0
2016-10-21,7.33,7.35,7.12,7.18,23748706.0,255747180.0
2016-10-24,7.16,7.28,7.1,7.25,18867189.0,202545509.0
2016-10-25,7.25,7.35,7.25,7.27,14899585.0,161953470.0
2016-10-26,7.24,7.25,7.11,7.18,18043783.0,192718491.0
2016-10-27,7.18,7.23,7.15,7.22,11909756.0,127605176.0
2016-10-28,7.22,7.27,7.09,7.11,15751284.0,168477798.0
2016-10-31,7.11,7.33,7.08,7.29,26125699.0,282112499.0
2016-11-01,7.3,7.33,7.22,7.31,17929223.0,194487376.0
2016-11-02,7.28,7.29,7.15,7.18,16310940.0,175268236.0
2016-11-03,7.16,7.27,7.14,7.18,16491008.0,177065652.0
2016-11-04,7.18,7.46,7.16,7.33,41672408.0,456145692.0
2016-11-07,7.35,7.49,7.32,7.39,32808656.0,362012063.0
2016-11-08,7.42,7.43,7.34,7.37,18443545.0,202620038.0
2016-11-09,7.39,7.61,7.31,7.54,57504648.0,642238098.0
2016-11-10,7.6,7.64,7.49,7.57,38644818.0,434838316.0
2016-11-11,7.55,7.59,7.44,7.49,33457084.0,373407185.0
2016-11-14,7.5,7.75,7.42,7.68,47689188.0,537904606.0
2016-11-15,7.65,7.75,7.6,7.67,28571408.0,326275348.0
2016-11-16,7.66,7.67,7.49,7.55,27257504.0,306965354.0
2016-11-17,7.53,7.59,7.45,7.49,17109267.0,191277322.0
2016-11-18,7.49,7.51,7.39,7.41,17128041.0,189951830.0
2016-11-21,7.39,7.47,7.39,7.43,14314782.0,158386214.0
2016-11-22,7.44,7.5,7.41,7.49,14532816.0,161370466.0
2016-11-23,7.51,7.53,7.31,7.32,22141811.0,244978164.0
2016-11-24,7.33,7.37,7.25,7.27,16307063.0,177646091.0
2016-11-25,7.27,7.36,7.26,7.35,16580205.0,180867661.0
2016-11-28,7.34,7.54,7.33,7.49,26325752.0,293127093.0
2016-11-29,7.47,7.47,7.35,7.39,18178884.0,200670270.0
2016-11-30,7.39,7.49,7.32,7.47,16865622.0,186290620.0
2016-12-01,7.49,7.53,7.43,7.48,16307446.0,181725746.0
2016-12-02,7.49,7.5,7.2,7.22,20345258.0,222123533.0
2016-12-05,7.14,7.23,7.04,7.07,20483870.0,217585049.0
2016-12-06,7.08,7.12,7.0,7.05,14241673.0,149654540.0
2016-12-07,7.04,7.13,7.04,7.12,9478516.0,100245178.0
2016-12-08,7.14,7.14,7.04,7.06,8289116.0,87563797.0
2016-12-09,7.04,7.1,6.99,7.04,9748807.0,102240924.0
2016-12-12,7.05,7.05,6.67,6.73,20144661.0,204793082.0
2016-12-13,6.74,6.78,6.67,6.75,10969722.0,109969604.0
2016-12-14,6.75,6.92,6.72,6.8,14101367.0,143527544.0
2016-12-15,6.78,6.88,6.71,6.82,8002600.0,81385531.0
2016-12-16,6.84,6.92,6.8,6.88,8018670.0,82102817.0
2016-12-19,6.88,6.9,6.82,6.86,6515048.0,66664462.0
2016-12-20,6.89,6.9,6.78,6.86,5914809.0,60165165.0
2016-12-21,6.87,7.07,6.85,7.01,20041627.0,208473864.0
2016-12-22,7.04,7.12,7.0,7.02,15342607.0,161130799.0
2016-12-23,6.98,7.08,6.92,6.97,10201210.0,106131744.0
2016-12-26,6.93,7.04,6.81,7.02,9423522.0,97237578.0
2016-12-27,7.01,7.04,6.93,6.96,6634383.0,69002690.0
2016-12-28,6.95,7.0,6.91,6.92,6136682.0,63456308.0
2016-12-29,6.95,7.16,6.92,6.99,16130767.0,169792713.0
2016-12-30,6.99,7.15,6.94,7.1,24466915.0,258584345.0
2017-01-03,7.11,7.16,7.05,7.13,13004352.0,138004731.0
2017-01-04,7.14,7.42,7.1,7.35,35379680.0,386105199.0
2017-01-05,7.31,7.47,7.29,7.37,30569259.0,336067098.0
2017-01-06,7.37,7.51,7.33,7.35,25330550.0,280225534.0
2017-01-09,7.37,7.56,7.35,7.49,26052123.0,290891079.0
2017-01-10,7.45,7.48,7.36,7.38,20940447.0,231524600.0
2017-01-11,7.34,7.59,7.31,7.48,37167455.0,414179472.0
2017-01-12,7.46,7.51,7.28,7.3,19808839.0,218066240.0
2017-01-13,7.37,7.39,7.21,7.27,17092950.0,185739032.0
2017-01-16,7.25,7.39,6.91,7.35,31206780.0,336932642.0
2017-01-17,7.31,7.35,7.12,7.29,18291236.0,197822824.0
2017-01-18,7.25,7.39,7.24,7.31,12706137.0,138720947.0
2017-01-19,7.26,7.71,7.26,7.53,39362094.0,439157281.0
2017-01-20,7.45,7.56,7.45,7.53,24452806.0,273749324.0
2017-01-23,7.57,7.61,7.47,7.57,21516993.0,241715093.0
2017-01-24,7.58,7.67,7.45,7.47,18718747.0,210259956.0
2017-01-25,7.48,7.69,7.42,7.68,33222946.0,377263576.0
2017-01-26,7.69,7.71,7.56,7.59,23706089.0,269012812.0
2017-02-03,7.59,7.67,7.53,7.58,14452523.0,163516472.0
2017-02-06,7.55,7.61,7.45,7.53,22031352.0,247033952.0
2017-02-07,7.53,7.82,7.49,7.72,40506565.0,462459082.0
2017-02-08,7.69,7.71,7.55,7.67,25044982.0,284627081.0
2017-02-09,7.67,7.84,7.65,7.8,37348913.0,432148710.0
2017-02-10,7.82,7.82,7.71,7.75,25702904.0,297287980.0
2017-02-13,7.76,7.85,7.71,7.77,22326564.0,258751100.0
2017-02-14,7.74,7.76,7.6,7.65,23967162.0,273415087.0
2017-02-15,7.62,7.68,7.55,7.59,19266582.0,218953853.0
2017-02-16,7.55,7.63,7.55,7.62,15514941.0,175774402.0
2017-02-17,7.6,7.61,7.37,7.39,30598351.0,340682589.0
2017-02-20,7.41,7.48,7.35,7.48,16979677.0,187788732.0
2017-02-21,7.48,7.62,7.46,7.55,20929377.0,235626061.0
2017-02-22,7.55,8.23,7.55,7.96,81134215.0,953417713.0
2017-02-23,7.98,8.16,7.91,8.1,63285602.0,757711603.0
2017-02-24,8.07,8.12,7.93,8.06,34662354.0,414275317.0
2017-02-27,8.12,8.28,7.88,7.94,43862272.0,526092030.0
2017-02-28,7.96,8.08,7.89,7.99,26970473.0,320121449.0
2017-03-01,7.98,8.17,7.92,8.1,37673969.0,452222965.0
2017-03-02,8.08,8.16,7.93,7.95,24749212.0,295917985.0
2017-03-03,7.97,8.2,7.94,8.14,41736546.0,503096820.0
2017-03-06,8.25,8.3,8.09,8.2,34639193.0,422893633.0
2017-03-07,8.16,8.2,8.03,8.05,27529675.0,332601509.0
2017-03-08,8.07,8.08,7.96,8.0,17279375.0,206245548.0
2017-03-09,7.98,8.06,7.92,7.94,17523245.0,208155728.0
2017-03-10,7.92,8.0,7.9,7.94,14258555.0,168765877.0
2017-03-13,7.91,8.16,7.85,8.15,30320659.0,363280373.0
2017-03-14,8.1,8.14,8.06,8.1,23383594.0,282084904.0
2017-03-15,8.13,8.15,7.96,7.99,18065149.0,215754894.0
2017-03-16,8.04,8.35,8.02,8.26,47437056.0,579344607.0
2017-03-17,8.26,8.29,7.98,8.0,33298502.0,405007436.0
2017-03-20,8.01,8.08,7.88,8.04,25380630.0,301472760.0
2017-03-21,8.01,8.02,7.8,7.91,30128414.0,355333171.0
2017-03-22,7.91,8.0,7.77,7.94,24775401.0,291355509.0
2017-03-23,7.9,7.95,7.69,7.85,25328569.0,295612412.0
2017-03-24,7.82,7.97,7.79,7.89,22983926.0,270712529.0
2017-03-27,7.92,7.95,7.77,7.78,20807097.0,243184806.0
2017-03-28,7.82,7.86,7.6,7.68,23666865.0,272000233.0
2017-03-29,7.72,7.75,7.61,7.71,14272864.0,163731277.0
2017-03-30,7.73,7.74,7.43,7.45,20116990.0,226623523.0
2017-03-31,7.48,7.59,7.45,7.52,12527067.0,140591301.0
2017-04-05,7.55,7.8,7.55,7.73,19247742.0,221453423.0
2017-04-06,7.72,7.78,7.65,7.69,14568573.0,167365424.0
2017-04-07,7.69,7.73,7.61,7.62,12263428.0,140105974.0
2017-04-10,7.64,7.73,7.6,7.69,12106621.0,138665232.0
2017-04-11,7.8,7.84,7.67,7.8,21080001.0,244034125.0
2017-04-12,7.98,8.28,7.9,8.16,54958502.0,662711169.0
2017-04-13,8.07,8.17,8.0,8.13,24919400.0,300518512.0
2017-04-14,8.16,8.39,8.1,8.15,38030558.0,466737917.0
2017-04-17,8.18,8.43,8.16,8.24,43589416.0,539390458.0
2017-04-18,8.4,8.57,8.27,8.3,37192043.0,466621360.0
2017-04-19,8.25,8.26,7.98,8.17,29657588.0,358910845.0
2017-04-20,8.14,8.31,8.08,8.18,17726941.0,216408357.0
2017-04-21,8.37,8.5,8.22,8.4,47189802.0,589144989.0
2017-04-24,8.39,8.39,8.0,8.03,28525182.0,347762753.0
2017-04-25,8.13,8.42,8.02,8.41,33944673.0,417196949.0
2017-04-26,8.51,8.77,8.46,8.66,48050034.0,618508853.0
2017-04-27,8.69,8.89,8.53,8.76,48779520.0,634177624.0
2017-04-28,8.72,8.93,8.6,8.83,43224809.0,565870489.0
2017-05-02,8.93,9.69,8.86,9.51,74306890.0,1039601753.0
2017-05-03,9.46,9.63,9.39,9.59,42738461.0,607014177.0
2017-05-04,9.63,9.93,9.26,9.32,59034479.0,839662643.0
2017-05-05,9.3,9.79,9.22,9.59,68177072.0,969144684.0
2017-05-08,9.55,9.72,9.29,9.32,43135376.0,610222660.0
2017-05-09,9.38,9.58,9.16,9.42,34694900.0,486120535.0
2017-05-10,9.39,9.46,8.98,9.0,39120737.0,537618118.0
2017-05-11,8.98,9.16,8.73,9.13,42341001.0,566195501.0
2017-05-12,9.1,9.19,8.81,8.87,30651284.0,410053398.0
2017-05-15,8.87,9.18,8.85,9.17,27617557.0,372315479.0
2017-05-16,9.06,9.44,9.02,9.36,37341626.0,514153179.0
2017-05-17,9.37,9.42,9.14,9.19,32164199.0,443768546.0
2017-05-18,9.06,9.34,9.0,9.11,28149207.0,385521986.0
2017-05-19,9.12,9.16,8.42,8.52,63197630.0,821372059.0
2017-05-22,8.53,8.63,8.35,8.46,24697213.0,312442399.0
2017-05-23,8.43,8.45,7.84,8.02,50961486.0,613525085.0
2017-05-24,7.96,8.09,7.71,8.05,25365626.0,300560923.0
2017-05-25,8.05,8.13,7.94,8.08,23386685.0,280974352.0
2017-05-26,8.1,8.22,8.0,8.01,16782655.0,202399096.0
2017-05-31,8.1,8.18,7.61,7.65,34254106.0,401165578.0
2017-06-01,7.61,7.77,7.31,7.44,28424292.0,320284119.0
2017-06-02,7.45,7.63,7.36,7.55,22834863.0,255252870.0
2017-06-05,7.53,7.75,7.53,7.63,18519140.0,211603931.0
2017-06-06,7.65,7.68,7.59,7.67,15726315.0,179237383.0
2017-06-07,7.72,7.84,7.6,7.82,26659943.0,303376580.0
2017-06-08,7.77,7.8,7.62,7.67,26081500.0,295543853.0
2017-06-09,7.65,7.72,7.61,7.67,13186003.0,148518048.0
2017-06-12,7.67,7.67,7.28,7.31,35034428.0,384406137.0
2017-06-13,7.31,7.55,7.29,7.51,22570713.0,247517826.0
2017-06-14,7.54,7.65,7.48,7.51,17981788.0,200005745.0
2017-06-15,7.51,7.75,7.5,7.74,26330311.0,296579477.0
2017-06-16,7.72,7.8,7.67,7.67,17441583.0,198052262.0
2017-06-19,7.66,7.78,7.66,7.71,17415460.0,197603328.0
2017-06-20,7.74,8.01,7.73,7.91,34147685.0,396563107.0
2017-06-21,7.95,8.05,7.82,7.94,22670544.0,264520928.0
2017-06-22,7.93,8.0,7.69,7.73,23058800.0,265547312.0
2017-06-23,7.74,7.91,7.72,7.89,20196746.0,232042327.0
2017-06-26,7.89,7.97,7.82,7.94,21393903.0,249050442.0
2017-06-27,7.97,8.12,7.95,8.07,26533704.0,314217888.0
2017-06-28,8.03,8.04,7.89,7.91,20191372.0,235935855.0
2017-06-29,7.9,7.99,7.88,7.92,15354937.0,178904722.0
2017-06-30,7.89,8.19,7.89,8.18,37052070.0,441165600.0
2017-07-03,8.18,8.38,8.01,8.35,40245063.0,490259963.0
2017-07-04,8.31,8.47,8.26,8.33,25898198.0,317955896.0
2017-07-05,8.31,8.39,8.26,8.37,23469015.0,287937447.0
2017-07-06,8.4,8.61,8.28,8.44,41929855.0,521262543.0
2017-07-07,8.42,8.49,8.31,8.44,29004024.0,357715768.0
2017-07-10,8.45,8.53,8.35,8.35,30451549.0,376862720.0
2017-07-11,8.29,8.35,7.94,7.95,50044969.0,597394263.0
2017-07-12,7.92,8.06,7.86,8.05,32348569.0,379260653.0
2017-07-13,8.1,8.1,7.97,7.99,23409867.0,276629785.0
2017-07-14,8.19,8.2,7.86,7.87,45844470.0,542964051.0
2017-07-17,7.87,7.87,7.14,7.32,48649911.0,535384575.0
2017-07-18,7.29,7.52,7.22,7.49,26747946.0,291601562.0
2017-07-19,7.52,7.72,7.43,7.69,31346873.0,350537222.0
2017-07-20,7.69,7.82,7.65,7.72,28695431.0,326249493.0
2017-07-21,7.66,7.78,7.63,7.68,19022729.0,215531690.0
2017-07-24,7.64,7.95,7.63,7.92,32759838.0,377967352.0
2017-07-25,7.92,7.92,7.68,7.75,25480536.0,291326010.0
2017-07-26,7.78,8.32,7.65,8.29,69171014.0,818540728.0
2017-07-27,8.23,8.4,8.05,8.29,64902796.0,787903009.0
2017-07-28,8.23,8.4,8.14,8.33,44282166.0,538171284.0
2017-07-31,8.3,8.71,8.23,8.65,70100076.0,878139271.0
2017-08-01,8.63,8.99,8.44,8.95,90293687.0,1154826010.0
2017-08-02,8.69,9.01,8.63,8.66,83419756.0,1077518320.0
2017-08-03,8.63,8.69,8.44,8.53,52338566.0,656243843.0
2017-08-04,8.54,8.82,8.51,8.59,56658780.0,722266749.0
2017-08-07,8.52,8.77,8.47,8.61,39795839.0,506489681.0
2017-08-08,8.52,8.66,8.24,8.37,63598997.0,787180633.0
2017-08-09,8.36,8.46,8.27,8.43,32393778.0,398881560.0
2017-08-10,8.42,8.42,8.14,8.17,41937736.0,508707255.0
2017-08-11,8.08,8.15,7.71,7.78,45614514.0,531976901.0
2017-08-14,7.79,7.93,7.78,7.88,23750894.0,275211812.0
2017-08-15,7.86,8.04,7.82,8.02,24940071.0,291553513.0
2017-08-16,8.05,8.05,7.83,7.95,20784187.0,242204167.0
2017-08-17,7.95,8.1,7.95,8.04,23231676.0,273964037.0
2017-08-18,7.97,7.99,7.84,7.95,22619306.0,263132705.0
2017-08-21,7.98,8.08,7.97,8.04,22803219.0,269391830.0
2017-08-22,8.03,8.21,7.93,8.2,35619012.0,424275350.0
2017-08-23,8.2,8.24,8.06,8.1,26915671.0,321798184.0
2017-08-24,8.08,8.19,8.03,8.04,19171871.0,228523499.0
2017-08-25,8.04,8.13,7.89,8.09,26178009.0,309406395.0
2017-08-28,8.09,8.2,8.01,8.12,28881747.0,344875376.0
2017-08-29,8.12,8.2,8.04,8.07,21096494.0,251934440.0
2017-08-30,8.05,8.11,7.93,8.06,29452624.0,346887263.0
2017-08-31,8.02,8.05,7.93,7.95,22708637.0,266157711.0
2017-09-01,7.97,8.2,7.95,8.19,49252554.0,587330840.0
2017-09-04,8.21,8.3,8.16,8.25,39557577.0,478593074.0
2017-09-05,8.27,8.29,8.11,8.2,27303151.0,328777611.0
2017-09-06,8.2,8.4,8.12,8.38,46027550.0,560159255.0
2017-09-07,8.35,8.43,8.22,8.27,40030958.0,489829848.0
2017-09-08,8.23,8.28,8.15,8.18,25172836.0,303836530.0
2017-09-11,8.18,8.25,8.14,8.25,24720180.0,298104403.0
2017-09-12,8.27,8.53,8.2,8.43,63640816.0,784302893.0
2017-09-13,8.36,8.39,8.26,8.35,28275533.0,345962148.0
2017-09-14,8.28,8.31,8.08,8.14,37913764.0,456169908.0
2017-09-15,8.12,8.12,7.93,7.93,25600700.0,300396534.0
2017-09-18,7.96,8.14,7.93,8.08,18427485.0,217500434.0
2017-09-19,7.99,8.09,7.95,8.05,18048835.0,213034874.0
2017-09-20,7.99,8.35,7.99,8.27,36845485.0,445462372.0
2017-09-21,8.14,8.24,7.99,7.99,30206540.0,360266173.0
2017-09-22,7.99,8.05,7.74,7.76,29022448.0,334079956.0
2017-09-25,7.76,7.87,7.69,7.76,12376838.0,141660749.0
2017-09-26,7.75,7.87,7.67,7.86,15869036.0,182093905.0
2017-09-27,7.82,7.89,7.77,7.85,15517954.0,178823156.0
2017-09-28,7.87,8.48,7.75,8.19,59564744.0,711806974.0
2017-09-29,8.16,8.35,8.12,8.29,49217185.0,596859878.0
2017-10-09,8.52,8.61,8.24,8.35,53077911.0,653948914.0
2017-10-10,8.38,8.52,8.25,8.5,53263372.0,658681690.0
2017-10-11,8.46,8.82,8.41,8.73,84605697.0,1072521038.0
2017-10-12,8.63,8.7,8.39,8.44,55046661.0,692564389.0
2017-10-13,8.44,8.61,8.38,8.51,35695950.0,443154521.0
2017-10-16,8.5,8.66,8.35,8.38,38966961.0,484804323.0
2017-10-17,8.37,8.44,8.24,8.34,23931619.0,290546299.0
2017-10-18,8.35,8.46,8.02,8.09,35814124.0,433482798.0
2017-10-19,8.05,8.15,7.91,8.1,22687038.0,266295307.0
2017-10-20,8.05,8.18,8.01,8.16,14819778.0,175498024.0
2017-10-23,8.18,8.24,8.11,8.17,18595251.0,221665124.0
2017-10-24,8.17,8.2,7.95,8.06,21886320.0,257763924.0
2017-10-25,8.08,8.31,8.05,8.31,25430494.0,303870820.0
2017-10-26,8.31,8.4,8.2,8.37,44073799.0,534795186.0
2017-10-27,8.37,8.38,8.23,8.25,22054743.0,267029695.0
2017-10-30,8.22,8.28,7.88,7.93,32783625.0,382425432.0
2017-10-31,7.98,8.02,7.94,8.02,15094025.0,175729311.0
2017-11-01,8.02,8.11,7.82,7.89,34052607.0,394747599.0
2017-11-02,7.89,7.92,7.74,7.76,22121999.0,252684066.0
2017-11-03,7.73,7.79,7.54,7.61,24999519.0,278647123.0
2017-11-06,7.61,7.8,7.54,7.71,19145305.0,213147809.0
2017-11-07,7.69,7.7,7.6,7.67,17408650.0,193978102.0
2017-11-08,7.68,7.79,7.65,7.71,21709547.0,245223953.0
2017-11-09,7.71,7.76,7.69,7.74,15114480.0,170188582.0
2017-11-10,7.73,7.88,7.61,7.85,30870970.0,350021226.0
2017-11-13,7.81,7.86,7.72,7.76,23053092.0,261973540.0
2017-11-14,7.78,7.84,7.68,7.69,17336359.0,195936021.0
2017-11-15,7.64,7.68,7.54,7.54,18751254.0,207769218.0
2017-11-16,7.54,7.59,7.41,7.55,14956765.0,163963948.0
2017-11-17,7.54,7.61,7.24,7.26,22370313.0,241568240.0
2017-11-20,7.23,7.28,6.93,7.18,18748571.0,194492492.0
2017-11-21,7.15,7.17,7.04,7.11,14611547.0,151455432.0
2017-11-22,7.13,7.15,6.99,7.04,21934680.0,225458727.0
2017-11-23,7.04,7.04,6.72,6.76,25434252.0,256455228.0
2017-11-24,6.72,6.94,6.72,6.88,14632002.0,146050685.0
2017-11-27,6.88,6.97,6.8,6.85,10319082.0,103956904.0
2017-11-28,6.85,6.96,6.85,6.95,8445366.0,85148341.0
2017-11-29,7.02,7.1,6.96,7.06,16765402.0,172526824.0
2017-11-30,7.07,7.13,6.96,6.96,12421730.0,127285351.0
2017-12-01,6.96,7.02,6.93,7.0,9162800.0,93358664.0
2017-12-04,6.99,7.05,6.96,6.97,9954696.0,101797080.0
2017-12-05,6.98,7.02,6.73,6.76,17213787.0,171418368.0
2017-12-06,6.79,6.87,6.72,6.87,11911864.0,117982152.0
2017-12-07,6.87,6.93,6.83,6.88,8920643.0,89802348.0
2017-12-08,6.85,7.0,6.85,6.95,11375780.0,115478289.0
2017-12-11,6.96,7.02,6.95,6.99,10065261.0,102690557.0
2017-12-12,7.0,7.02,6.89,6.91,8223038.0,83392184.0
2017-12-13,6.89,6.96,6.89,6.95,6952657.0,70256261.0
2017-12-14,6.96,6.97,6.87,6.87,7476976.0,75237524.0
2017-12-15,6.91,6.92,6.83,6.85,7605129.0,76305004.0
2017-12-18,6.86,6.91,6.84,6.89,6415610.0,64312372.0
2017-12-19,6.92,7.09,6.9,7.06,17169738.0,175678468.0
2017-12-20,7.49,7.76,7.34,7.42,76646859.0,848711839.0
2017-12-21,7.37,7.59,7.37,7.45,52342322.0,573387953.0
2017-12-22,7.4,7.4,7.22,7.24,37027244.0,394343954.0
2017-12-25,7.22,7.26,7.09,7.2,23369586.0,244250005.0
2017-12-26,7.2,7.39,7.15,7.34,22346968.0,237331465.0
2017-12-27,7.33,7.41,7.11,7.18,23644114.0,250143660.0
2017-12-28,7.14,7.28,7.13,7.21,15599160.0,164337106.0
2017-12-29,7.2,7.38,7.2,7.28,18780545.0,200198656.0
2018-01-02,7.32,7.59,7.3,7.51,35373560.0,385239553.0
2018-01-03,7.5,7.59,7.46,7.53,28267567.0,310604728.0
2018-01-04,7.54,7.77,7.54,7.72,40282961.0,451996160.0
2018-01-05,7.74,7.88,7.63,7.74,42208750.0,478728283.0
2018-01-08,7.76,7.84,7.66,7.83,29344395.0,333407501.0
2018-01-09,7.83,7.83,7.66,7.67,26517927.0,298708309.0
2018-01-10,7.65,7.76,7.57,7.7,26719486.0,298602282.0
2018-01-11,7.72,7.76,7.59,7.63,15094236.0,168460639.0
2018-01-12,7.66,7.7,7.53,7.55,17230957.0,191210589.0
2018-01-15,7.51,7.62,7.34,7.39,20902134.0,228178515.0
2018-01-16,7.32,7.46,7.3,7.37,14434365.0,155319148.0
2018-01-17,7.35,7.63,7.3,7.6,22720092.0,248450599.0
2018-01-18,7.55,7.61,7.45,7.52,16320247.0,178965294.0
2018-01-19,7.53,7.65,7.42,7.44,16146942.0,177172483.0
2018-01-22,7.37,7.63,7.33,7.61,21767234.0,237509853.0
2018-01-23,7.66,7.72,7.52,7.55,18326536.0,203021805.0
2018-01-24,7.56,7.61,7.48,7.58,13746355.0,151435363.0
2018-01-25,7.54,7.76,7.54,7.7,24895251.0,278047803.0
2018-01-26,7.68,7.72,7.59,7.64,14423420.0,160934457.0
2018-01-29,7.53,7.72,7.49,7.64,22308291.0,247968512.0
2018-01-30,7.63,7.87,7.61,7.83,36313551.0,411667001.0
2018-01-31,7.88,7.91,7.72,7.84,33523492.0,381774770.0
2018-02-01,7.87,8.19,7.61,7.68,49844227.0,575852134.0
2018-02-02,7.72,7.75,7.06,7.54,33569533.0,366633653.0
2018-02-05,7.37,7.94,7.32,7.92,43184132.0,488623995.0
2018-02-06,7.81,7.87,7.44,7.5,43792564.0,490589428.0
2018-02-07,7.73,7.85,7.46,7.54,39346528.0,439993961.0
2018-02-08,7.5,7.6,7.34,7.4,25125765.0,273547234.0
2018-02-09,7.11,7.18,6.72,6.83,39293241.0,398416064.0
2018-02-12,6.9,7.03,6.84,6.98,17190355.0,174322085.0
2018-02-13,7.07,7.28,7.0,7.11,22796464.0,236762250.0
2018-02-14,7.11,7.14,7.02,7.07,10744714.0,110904756.0
2018-02-22,7.16,7.27,7.12,7.24,18670983.0,196785185.0
2018-02-23,7.23,7.54,7.17,7.48,35429151.0,381723268.0
2018-02-26,7.52,8.22,7.49,8.22,85019572.0,976963980.0
2018-02-27,8.36,8.68,8.22,8.43,120245337.0,1483079672.0
2018-02-28,8.32,8.66,8.29,8.52,86149435.0,1068934860.0
2018-03-01,8.45,8.75,8.44,8.65,80423621.0,1011707243.0
2018-03-02,8.54,8.81,8.5,8.58,74976316.0,947041298.0
2018-03-05,8.71,8.75,8.36,8.61,68777854.0,855069913.0
2018-03-06,8.62,8.76,8.42,8.74,67314871.0,843885073.0
2018-03-07,8.76,8.89,8.52,8.6,83511408.0,1060322225.0
2018-03-08,8.61,8.83,8.57,8.63,57869391.0,734101017.0
2018-03-09,8.51,8.59,8.27,8.39,99515270.0,1216877722.0
2018-03-12,8.42,8.96,8.31,8.93,119720869.0,1499787362.0
2018-03-13,8.83,8.86,8.59,8.64,72261540.0,921767331.0
2018-03-14,8.6,8.85,8.5,8.65,71324832.0,907466998.0
2018-03-15,8.57,8.81,8.49,8.62,54353787.0,686641402.0
2018-03-16,8.6,8.73,8.51,8.52,43648105.0,548273857.0
2018-03-19,8.44,8.7,8.43,8.61,42220210.0,529499269.0
2018-03-20,8.53,8.58,8.39,8.5,39205348.0,485426243.0
2018-03-21,8.47,9.2,8.45,8.85,108847448.0,1402044492.0
2018-03-22,8.85,9.02,8.78,8.95,64145892.0,832314208.0
2018-03-23,8.63,8.72,8.05,8.05,95754055.0,1165673031.0
2018-03-26,7.82,8.27,7.69,8.21,53740489.0,631783987.0
2018-03-27,8.32,8.5,8.21,8.33,59589953.0,725133281.0
2018-03-28,8.14,8.2,7.93,7.96,50583849.0,595052132.0
2018-03-29,8.01,8.26,7.91,8.15,44212473.0,522997965.0
2018-03-30,8.13,8.26,8.09,8.18,30866562.0,368061594.0
2018-04-02,8.21,8.42,8.09,8.09,43262013.0,522821007.0
2018-04-03,7.88,7.99,7.77,7.96,33107771.0,381217931.0
2018-04-04,8.01,8.15,7.84,7.87,28607950.0,334048142.0
2018-04-09,7.81,7.96,7.7,7.76,35245013.0,401788859.0
2018-04-10,7.81,7.94,7.74,7.93,28663628.0,328258010.0
2018-04-11,7.96,8.03,7.81,7.88,29114137.0,337338087.0
2018-04-12,7.81,7.83,7.7,7.76,24708408.0,279745046.0
2018-04-13,7.78,7.81,7.73,7.76,15424181.0,174835983.0
2018-04-16,7.75,7.79,7.3,7.45,38152792.0,418748687.0
2018-04-17,7.44,7.5,7.26,7.27,24219905.0,260863183.0
2018-04-18,7.37,7.54,7.29,7.53,30078275.0,326045076.0
2018-04-19,7.68,7.83,7.6,7.75,42979407.0,485479615.0
2018-04-20,7.74,7.78,7.44,7.46,30755022.0,341079332.0
2018-04-23,7.44,7.61,7.42,7.57,18496819.0,202749387.0
2018-04-24,7.61,7.85,7.47,7.82,34082321.0,384454648.0
2018-04-25,7.75,7.81,7.7,7.78,20168892.0,228041951.0
2018-04-26,7.78,7.83,7.59,7.61,20045330.0,225588445.0
2018-04-27,7.73,7.79,7.65,7.73,22976609.0,259144203.0
2018-05-02,7.78,7.87,7.68,7.85,27531538.0,312936497.0
2018-05-03,7.78,8.05,7.74,8.02,40343550.0,465119498.0
2018-05-04,8.01,8.05,7.91,7.91,32388818.0,377724471.0
2018-05-07,7.96,8.17,7.91,8.11,40047423.0,471340107.0
2018-05-08,8.11,8.13,8.01,8.09,30315575.0,357179190.0
2018-05-09,8.08,8.08,7.91,7.97,28979720.0,337201580.0
2018-05-10,7.99,8.1,7.79,7.92,32610192.0,378461401.0
2018-05-11,7.88,7.93,7.81,7.87,19323748.0,221753039.0
2018-05-14,7.85,8.09,7.85,8.08,35083232.0,408948166.0
2018-05-15,8.07,8.13,7.92,8.05,26948367.0,315331789.0
2018-05-16,8.01,8.1,7.89,8.0,25279711.0,295758070.0
2018-05-17,7.95,8.38,7.95,8.25,62717316.0,752585922.0
2018-05-18,8.24,8.41,8.14,8.32,52239248.0,630960141.0
2018-05-21,8.43,8.61,8.27,8.53,63581199.0,784080869.0
2018-05-22,8.48,8.5,8.33,8.44,38373443.0,471119914.0
2018-05-23,8.44,8.45,8.19,8.22,40068451.0,483249862.0
2018-05-24,8.2,8.32,8.15,8.19,22628945.0,271848922.0
2018-05-25,8.15,8.32,7.96,7.98,43005411.0,511355914.0
2018-05-28,7.98,8.04,7.82,7.87,24405319.0,282345081.0
2018-05-29,7.92,8.02,7.88,7.9,19768328.0,229283985.0
2018-05-30,7.73,7.78,7.42,7.44,38625564.0,427149822.0
2018-05-31,7.58,7.6,7.44,7.57,18141217.0,199556251.0
2018-06-01,7.54,7.63,7.47,7.55,16264598.0,179162859.0
2018-06-04,7.65,7.67,7.5,7.54,15536178.0,171955231.0
2018-06-05,7.57,7.74,7.55,7.72,17330466.0,192930288.0
2018-06-06,7.72,7.83,7.6,7.67,17888436.0,153639134.0
2018-06-07,7.65,7.68,7.44,7.48,24794544.0,208269889.0
2018-06-08,7.47,7.48,7.15,7.22,32795446.0,265064382.0
2018-06-11,7.28,7.32,7.18,7.24,19827154.0,159661966.0
2018-06-12,7.26,7.38,7.21,7.35,18081782.0,146947997.0
2018-06-13,7.34,7.34,7.09,7.1,22373607.0,179754159.0
2018-06-14,7.06,7.24,7.06,7.19,15186732.0,121238754.0
2018-06-15,7.2,7.24,6.97,7.03,21841876.0,171726190.0
2018-06-19,6.91,6.91,6.33,6.34,47103692.0,342169294.0
2018-06-20,6.29,6.54,6.25,6.47,27922481.0,199359907.0
2018-06-21,6.45,6.59,6.29,6.33,21799872.0,156363555.0
2018-06-22,6.32,6.51,6.21,6.46,16446259.0,117467841.0
2018-06-25,6.56,6.6,6.44,6.48,15140606.0,109648176.0
2018-06-26,6.35,6.58,6.31,6.54,16205006.0,116730353.0
2018-06-27,6.5,6.58,6.41,6.44,13999169.0,100950507.0
2018-06-28,6.43,6.53,6.38,6.38,12271438.0,88093502.0
2018-06-29,6.44,6.6,6.39,6.58,19702441.0,142796425.0
2018-07-02,6.53,6.6,6.35,6.41,20609298.0,148454823.0
2018-07-03,6.39,6.54,6.35,6.53,17473456.0,125453678.0
2018-07-04,6.5,6.52,6.31,6.35,21592404.0,153395412.0
2018-07-05,6.35,6.41,6.08,6.11,19621004.0,136874658.0
2018-07-06,6.12,6.4,6.01,6.27,27791196.0,192909427.0
2018-07-09,6.32,6.44,6.3,6.42,19394828.0,137939572.0
2018-07-10,6.48,6.56,6.43,6.51,24445976.0,176634113.0
2018-07-11,6.37,6.7,6.3,6.67,35555410.0,257631713.0
2018-07-12,6.68,6.81,6.59,6.75,45148153.0,337435550.0
2018-07-13,6.71,6.77,6.68,6.74,24563890.0,183679306.0
2018-07-16,6.71,6.76,6.59,6.63,21343138.0,157785322.0
2018-07-17,6.66,6.73,6.58,6.67,19580711.0,144780220.0
2018-07-18,6.93,6.99,6.75,6.76,40212350.0,306732639.0
2018-07-19,6.77,6.92,6.71,6.86,28766530.0,218522313.0
2018-07-20,6.8,7.06,6.78,7.02,33606288.0,261398824.0
2018-07-23,6.99,7.16,6.97,7.12,25509048.0,201197604.0
2018-07-24,7.1,7.23,7.06,7.07,33189597.0,263465253.0
2018-07-25,7.1,7.24,7.08,7.14,24795584.0,197507847.0
2018-07-26,7.12,7.17,7.05,7.06,18978471.0,149607453.0
2018-07-27,7.03,7.22,7.02,7.14,19114194.0,151962433.0
2018-07-30,7.18,7.18,7.01,7.05,15839757.0,124802944.0
2018-07-31,7.04,7.12,6.9,7.11,19062650.0,148629051.0
2018-08-01,7.11,7.26,6.94,6.96,29625205.0,234951334.0
2018-08-02,6.97,7.06,6.76,7.05,30638459.0,236500075.0
2018-08-03,7.13,7.17,7.04,7.06,23567462.0,186394536.0
2018-08-06,7.07,7.07,6.53,6.58,35971432.0,270679094.0
2018-08-07,6.58,7.06,6.58,7.04,34632988.0,263538409.0
2018-08-08,7.04,7.1,6.88,6.94,27307957.0,213107568.0
2018-08-09,6.92,7.21,6.9,7.08,29796353.0,235683628.0
2018-08-10,7.09,7.24,7.06,7.18,23278319.0,185462556.0
2018-08-13,7.08,7.28,7.02,7.28,26773709.0,212883930.0
2018-08-14,7.28,7.28,7.11,7.15,21160781.0,168821153.0
2018-08-15,7.13,7.17,6.94,6.96,20737574.0,162419576.0
2018-08-16,6.83,7.02,6.79,6.89,14451096.0,111312209.0
2018-08-17,6.97,7.01,6.69,6.72,17568120.0,133756315.0
2018-08-20,6.73,6.79,6.54,6.72,19288696.0,143017930.0
2018-08-21,6.72,6.86,6.67,6.78,13560111.0,102152313.0
2018-08-22,6.76,6.78,6.61,6.64,14027737.0,104016981.0
2018-08-23,6.63,6.78,6.62,6.74,14997580.0,112194644.0
2018-08-24,6.75,6.8,6.68,6.76,12441401.0,93226075.0
2018-08-27,6.78,6.88,6.66,6.87,26813619.0,202425220.0
2018-08-28,6.85,6.89,6.8,6.88,17059323.0,130004351.0
2018-08-29,6.88,6.88,6.78,6.79,11256461.0,85367042.0
2018-08-30,6.77,6.9,6.77,6.78,13796585.0,104794561.0
2018-08-31,6.78,6.79,6.67,6.69,11919924.0,89141760.0
2018-09-03,6.69,6.71,6.56,6.68,13527782.0,99870012.0
2018-09-04,6.68,6.8,6.66,6.76,11659826.0,87356370.0
2018-09-05,6.76,6.78,6.61,6.61,9871668.0,73416277.0
2018-09-06,6.61,6.71,6.56,6.61,8570681.0,63228020.0
2018-09-07,6.62,6.74,6.59,6.68,10777833.0,79995404.0
2018-09-10,6.67,6.67,6.39,6.45,17169135.0,123883168.0
2018-09-11,6.44,6.51,6.4,6.45,8441066.0,60548586.0
2018-09-12,6.45,6.45,6.3,6.37,8181733.0,58264409.0
2018-09-13,6.44,6.47,6.36,6.45,7600809.0,54339351.0
2018-09-14,6.45,6.5,6.37,6.37,7027006.0,50288980.0
2018-09-17,6.35,6.38,6.27,6.29,8357003.0,58710891.0
2018-09-18,6.29,6.45,6.27,6.43,8914771.0,63247223.0
2018-09-19,6.41,6.53,6.39,6.47,13415312.0,96519111.0
2018-09-20,6.47,6.52,6.43,6.44,7398073.0,53210756.0
2018-09-21,6.46,6.61,6.44,6.56,14565127.0,105787681.0
2018-09-25,6.52,6.58,6.49,6.49,8746686.0,63495766.0
2018-09-26,6.53,6.6,6.51,6.53,10983042.0,80113212.0
2018-09-27,6.54,6.58,6.44,6.46,10032342.0,72651841.0
2018-09-28,6.5,6.62,6.48,6.59,13760723.0,100416219.0
2018-10-08,6.51,6.53,6.38,6.41,16650394.0,119552328.0
2018-10-09,6.45,6.53,6.4,6.46,15651811.0,112726844.0
2018-10-10,6.49,6.52,6.4,6.46,10914813.0,78535687.0
2018-10-11,6.24,6.33,5.82,5.82,33592967.0,225099971.0
2018-10-12,5.75,5.93,5.64,5.89,20968175.0,135310673.0
2018-10-15,5.91,6.07,5.9,5.96,16465254.0,109837258.0
2018-10-16,5.96,6.06,5.78,5.83,14794543.0,97662215.0
2018-10-17,6.01,6.01,5.63,5.84,18109365.0,117071689.0
2018-10-18,5.82,5.83,5.65,5.69,11591089.0,73780098.0
2018-10-19,5.64,5.83,5.64,5.82,15189254.0,97041570.0
2018-10-22,5.88,6.18,5.86,6.08,22733254.0,152558192.0
2018-10-23,6.08,6.12,5.94,5.98,16517737.0,110898002.0
2018-10-24,5.96,6.1,5.95,6.03,11670533.0,78356508.0
2018-10-25,5.82,6.02,5.71,6.0,13310445.0,87062677.0
2018-10-26,6.05,6.18,6.0,6.09,17783139.0,120547302.0
2018-10-29,6.09,6.21,6.05,6.09,16164801.0,110276656.0
2018-10-30,6.11,6.36,6.11,6.31,27393901.0,191383338.0
2018-10-31,6.34,6.38,6.26,6.34,21430903.0,150744622.0
2018-11-01,6.37,6.44,6.31,6.31,21744983.0,154421717.0
2018-11-02,6.42,6.52,6.37,6.48,23279253.0,166678999.0
2018-11-05,6.47,6.6,6.44,6.59,20251928.0,146561405.0
2018-11-06,6.57,6.6,6.46,6.52,12651128.0,91758476.0
2018-11-07,6.53,6.7,6.52,6.55,18079875.0,132888329.0
2018-11-08,6.62,6.64,6.45,6.46,11423257.0,82930730.0
2018-11-09,6.42,6.58,6.42,6.52,11258850.0,81658767.0
2018-11-12,6.52,6.62,6.48,6.62,12307146.0,90132186.0
2018-11-13,6.53,6.71,6.52,6.66,18822343.0,138962011.0
2018-11-14,6.66,6.69,6.58,6.62,13556775.0,99980982.0
2018-11-15,6.59,6.68,6.57,6.66,12784317.0,94257867.0
2018-11-16,6.64,6.71,6.6,6.63,18675623.0,138121786.0
2018-11-19,6.63,6.76,6.62,6.72,19564780.0,145897997.0
2018-11-20,6.67,6.71,6.44,6.44,17753770.0,129864017.0
2018-11-21,6.37,6.53,6.35,6.53,13769919.0,98908300.0
2018-11-22,6.53,6.59,6.48,6.51,11308581.0,82150583.0
2018-11-23,6.53,6.53,6.15,6.18,18152830.0,126983478.0
2018-11-26,6.18,6.22,6.11,6.17,9056131.0,62290844.0
2018-11-27,6.22,6.26,6.09,6.11,10067504.0,68988575.0
2018-11-28,6.14,6.25,6.13,6.23,10479720.0,72239358.0
2018-11-29,6.26,6.34,6.2,6.22,14121382.0,98498367.0
2018-11-30,6.22,6.3,6.13,6.28,9568477.0,66234127.0
2018-12-03,6.46,6.51,6.35,6.42,17379880.0,124574331.0
2018-12-04,6.44,6.53,6.41,6.51,16307289.0,117465390.0
2018-12-05,6.41,6.48,6.38,6.43,11369036.0,81311825.0
2018-12-06,6.39,6.44,6.3,6.3,10897045.0,77033083.0
2018-12-07,6.36,6.38,6.3,6.33,5158677.0,36418656.0
2018-12-10,6.31,6.36,6.23,6.26,7029554.0,49316146.0
2018-12-11,6.3,6.42,6.26,6.41,9002786.0,63806572.0
2018-12-12,6.42,6.43,6.34,6.37,6924215.0,49159210.0
2018-12-13,6.42,6.49,6.37,6.44,13227751.0,94772403.0
2018-12-14,6.43,6.47,6.35,6.36,10415189.0,74446413.0
2018-12-17,6.36,6.6,6.34,6.56,21095939.0,152630003.0
2018-12-18,6.53,6.59,6.35,6.4,20209821.0,145195545.0
2018-12-19,6.42,6.45,6.36,6.37,8793322.0,62690914.0
2018-12-20,6.35,6.41,6.24,6.33,14840233.0,104243413.0
2018-12-21,6.29,6.31,6.18,6.21,10225320.0,70866487.0
2018-12-24,6.21,6.27,6.15,6.21,10586277.0,73125056.0
2018-12-25,6.17,6.18,5.85,6.0,20770803.0,138484166.0
2018-12-26,6.01,6.05,5.94,5.96,8112668.0,54010300.0
2018-12-27,6.05,6.09,5.9,5.91,12148300.0,81177776.0
2018-12-28,5.92,6.05,5.9,5.96,9965366.0,66251832.0
2019-01-02,6.04,6.05,5.91,5.94,6928752.0,45942978.0
2019-01-03,5.93,5.99,5.82,5.86,10565540.0,69208912.0
2019-01-04,5.8,5.99,5.77,5.97,14946517.0,97872352.0
2019-01-07,6.0,6.07,5.97,6.03,13681226.0,91650340.0
2019-01-08,6.04,6.05,6.0,6.02,7769159.0,52048535.0
2019-01-09,6.05,6.15,6.01,6.03,14085553.0,95358263.0
2019-01-10,6.04,6.08,6.0,6.01,7951059.0,53393470.0
2019-01-11,6.0,6.07,5.98,6.05,8206263.0,54988810.0
2019-01-14,6.04,6.08,5.93,5.95,10032805.0,66899247.0
2019-01-15,5.95,6.02,5.92,6.02,9697833.0,64500205.0
2019-01-16,6.04,6.05,6.0,6.02,8209917.0,55026324.0
2019-01-17,6.02,6.03,5.95,5.97,7233871.0,48232467.0
2019-01-18,5.96,6.14,5.96,6.09,14691539.0,99013427.0
2019-01-21,6.12,6.22,6.06,6.18,15813919.0,108440306.0
2019-01-22,6.18,6.24,6.14,6.16,18174593.0,125157229.0
2019-01-23,6.19,6.38,6.19,6.36,23818314.0,167590788.0
2019-01-24,6.36,6.42,6.32,6.36,17970085.0,127302988.0
2019-01-25,6.36,6.56,6.34,6.45,22981016.0,165749080.0
2019-01-28,6.53,6.59,6.42,6.46,16604734.0,120062917.0
2019-01-29,6.46,6.54,6.33,6.42,17593905.0,125338492.0
2019-01-30,6.44,6.5,6.35,6.35,14629918.0,104372344.0
2019-01-31,6.39,6.51,6.36,6.39,15348591.0,109817421.0
2019-02-01,6.46,6.49,6.4,6.48,15880929.0,114055203.0
2019-02-11,6.53,6.7,6.48,6.66,25925068.0,190798557.0
2019-02-12,6.64,6.68,6.6,6.66,21532321.0,158985251.0
2019-02-13,6.64,6.8,6.58,6.73,34815004.0,259349693.0
2019-02-14,6.7,6.71,6.6,6.64,24227794.0,179137807.0
2019-02-15,6.62,6.66,6.54,6.55,18830172.0,138136207.0
2019-02-18,6.59,6.8,6.59,6.8,33320315.0,248247093.0
2019-02-19,6.8,6.8,6.62,6.68,27217468.0,203167723.0
2019-02-20,6.67,6.76,6.63,6.72,17002799.0,126699795.0
2019-02-21,6.77,6.77,6.56,6.59,27489712.0,204505641.0
2019-02-22,6.58,6.71,6.53,6.71,22491721.0,165763909.0
2019-02-25,6.73,7.05,6.72,7.02,57669192.0,443264574.0
2019-02-26,7.02,7.17,6.93,6.99,46907534.0,367864938.0
2019-02-27,7.02,7.09,6.88,6.94,30576597.0,237243592.0
2019-02-28,6.95,7.06,6.9,7.02,23480287.0,182440787.0
2019-03-01,7.03,7.06,6.92,7.0,24302220.0,188514022.0
2019-03-04,7.04,7.19,7.0,7.06,41537368.0,328142975.0
2019-03-05,7.05,7.24,7.01,7.22,33080240.0,263623515.0
2019-03-06,7.24,7.3,7.13,7.23,36791969.0,294332339.0
2019-03-07,7.19,7.27,7.14,7.23,36644308.0,293282381.0
2019-03-08,7.08,7.22,6.77,6.77,56475574.0,438760862.0
2019-03-11,6.92,7.44,6.88,7.44,81774558.0,658215166.0
2019-03-12,7.51,7.68,7.29,7.43,73658118.0,612381995.0
2019-03-13,7.57,7.86,7.42,7.61,77753126.0,658492374.0
2019-03-14,7.5,7.59,7.33,7.42,40244081.0,331907192.0
2019-03-15,7.48,7.71,7.43,7.51,45255618.0,380683369.0
2019-03-18,7.6,7.79,7.52,7.77,49379218.0,422705169.0
2019-03-19,7.74,7.76,7.63,7.68,33820569.0,288707375.0
2019-03-20,7.7,7.73,7.43,7.57,34987679.0,293938422.0
2019-03-21,7.56,7.66,7.51,7.6,35031079.0,295349391.0
2019-03-22,7.65,7.96,7.6,7.88,65180694.0,564039539.0
2019-03-25,7.73,7.86,7.64,7.66,42796613.0,368292352.0
2019-03-26,7.68,7.72,7.38,7.42,37927303.0,316639805.0
2019-03-27,7.46,7.95,7.46,7.82,54496483.0,468892345.0
2019-03-28,7.75,7.76,7.49,7.51,35076806.0,296765094.0
2019-03-29,7.55,7.85,7.46,7.75,50039232.0,427552113.0
2019-04-01,7.84,8.13,7.75,8.11,80493207.0,716673527.0
2019-04-02,8.19,8.25,7.99,8.09,52677162.0,474309974.0
2019-04-03,8.0,8.11,7.95,8.07,37694712.0,336875578.0
2019-04-04,8.15,8.79,8.14,8.48,102046992.0,957595114.0
2019-04-08,9.31,9.33,8.9,9.11,148091091.0,1509784795.0
2019-04-09,8.94,8.94,8.47,8.59,86553039.0,832741777.0
2019-04-10,8.5,8.83,8.3,8.57,64060061.0,607478112.0
2019-04-11,8.54,8.54,8.22,8.28,41550831.0,386952520.0
2019-04-12,8.27,8.4,8.18,8.28,24896501.0,229432678.0
2019-04-15,8.42,8.48,8.06,8.1,47740087.0,438396274.0
2019-04-16,8.08,8.25,7.95,8.22,36794918.0,332399202.0
2019-04-17,8.22,8.39,8.21,8.26,37307072.0,344715174.0
2019-04-18,8.26,8.35,8.15,8.31,32095500.0,294592223.0
2019-04-19,8.63,8.71,8.42,8.52,61592422.0,585549784.0
2019-04-22,8.58,8.61,8.23,8.29,38452451.0,360533716.0
2019-04-23,8.29,8.32,8.12,8.16,28295804.0,258423632.0
2019-04-24,8.23,8.26,8.04,8.26,26208259.0,238507186.0
2019-04-25,8.25,8.25,7.86,7.98,44860140.0,400726783.0
2019-04-26,7.82,7.82,7.44,7.46,58968754.0,496216989.0
2019-04-29,7.46,7.51,7.18,7.25,34334053.0,277914157.0
2019-04-30,7.21,7.32,7.19,7.24,20432281.0,164942760.0
2019-05-06,6.93,7.01,6.52,6.59,43899232.0,331016949.0
2019-05-07,6.64,6.7,6.46,6.6,27374681.0,201104086.0
2019-05-08,6.43,6.64,6.38,6.6,29050139.0,211148928.0
2019-05-09,6.56,6.63,6.52,6.53,19371557.0,141625186.0
2019-05-10,6.6,6.76,6.46,6.75,33416353.0,248027145.0
2019-05-13,6.65,6.73,6.53,6.57,24343650.0,179394045.0
2019-05-14,6.48,6.65,6.47,6.57,19544149.0,143064427.0
2019-05-15,6.62,6.71,6.6,6.69,22458570.0,166245068.0
2019-05-16,6.69,6.79,6.64,6.78,26277000.0,196357422.0
2019-05-17,6.79,6.79,6.37,6.38,38364754.0,279412475.0
2019-05-20,6.41,6.51,6.3,6.47,19257311.0,137376019.0
2019-05-21,6.52,6.66,6.49,6.57,22312552.0,163536138.0
2019-05-22,6.59,6.68,6.49,6.53,18213935.0,133389648.0
2019-05-23,6.56,6.58,6.4,6.42,16954593.0,121837260.0
2019-05-24,6.41,6.5,6.36,6.45,12402251.0,88870594.0
2019-05-27,6.45,6.69,6.41,6.67,26854145.0,197178610.0
2019-05-28,6.62,6.7,6.57,6.61,24976622.0,184614420.0
2019-05-29,6.58,6.71,6.56,6.65,17447438.0,129158765.0
2019-05-30,6.64,6.67,6.53,6.66,19758301.0,145308463.0
2019-05-31,6.66,6.68,6.57,6.58,16283453.0,117456310.0
2019-06-03,6.59,6.67,6.5,6.63,21967334.0,158124231.0
2019-06-04,6.63,6.66,6.52,6.61,15878171.0,113834857.0
2019-06-05,6.72,6.76,6.49,6.5,28492282.0,203974212.0
2019-06-06,6.49,6.5,6.28,6.29,21084069.0,146226607.0
2019-06-10,6.33,6.37,6.25,6.33,11707368.0,80623310.0
2019-06-11,6.33,6.58,6.29,6.56,21981360.0,155278009.0
2019-06-12,6.56,6.71,6.52,6.59,25547799.0,184214460.0
2019-06-13,6.58,6.64,6.52,6.61,14652333.0,105395178.0
2019-06-14,6.61,6.64,6.46,6.49,15641483.0,111680942.0
2019-06-17,6.52,6.55,6.47,6.51,9691982.0,68802287.0
2019-06-18,6.5,6.54,6.47,6.51,7654388.0,54228032.0
2019-06-19,6.65,6.68,6.54,6.56,18724195.0,134722427.0
2019-06-20,6.56,6.69,6.51,6.68,24256237.0,175373421.0
2019-06-21,6.7,6.79,6.67,6.72,28465659.0,208943336.0
2019-06-24,6.72,6.74,6.64,6.68,13860505.0,100931876.0
2019-06-25,6.69,6.7,6.55,6.63,16549323.0,119325159.0
2019-06-26,6.58,6.68,6.56,6.61,9441235.0,68069098.0
2019-06-27,6.63,6.68,6.61,6.65,14070188.0,101821549.0
2019-06-28,6.63,6.64,6.49,6.52,15694940.0,111862284.0
2019-07-01,6.62,6.92,6.59,6.92,51327931.0,379480893.0
2019-07-02,6.86,7.02,6.83,6.93,36683303.0,276867081.0
2019-07-03,6.87,7.08,6.8,7.05,47935955.0,364033502.0
2019-07-04,7.05,7.15,6.98,7.02,33281593.0,255714832.0
2019-07-05,7.01,7.1,6.97,7.04,25859983.0,198560646.0
2019-07-08,7.05,7.05,6.75,6.76,28349827.0,211062770.0
2019-07-09,6.8,7.34,6.74,7.25,49788091.0,383955795.0
2019-07-10,7.18,7.27,7.04,7.1,40183100.0,312869671.0
2019-07-11,7.17,7.45,7.15,7.3,62779005.0,500890994.0
2019-07-12,7.48,7.87,7.48,7.51,98099950.0,815958041.0
2019-07-15,7.49,7.67,7.37,7.5,72750557.0,598640986.0
2019-07-16,7.42,7.74,7.29,7.6,76401359.0,623887325.0
2019-07-17,7.53,7.78,7.49,7.71,72950946.0,608631121.0
2019-07-18,7.52,7.62,7.39,7.43,55930321.0,456460563.0
2019-07-19,7.49,7.5,7.29,7.33,42749702.0,343781492.0
2019-07-22,7.27,7.28,6.89,6.91,47449934.0,362727348.0
2019-07-23,6.94,7.0,6.88,6.96,23730227.0,179490189.0
2019-07-24,6.95,7.16,6.94,7.09,30199945.0,232266049.0
2019-07-25,7.05,7.06,6.94,6.98,25500656.0,194211857.0
2019-07-26,6.93,7.03,6.9,6.98,15035231.0,114347315.0
2019-07-29,6.96,7.06,6.94,6.97,14335793.0,109315448.0
2019-07-30,6.99,7.25,6.99,7.2,35140684.0,273144327.0
2019-07-31,7.12,7.2,7.08,7.09,21953405.0,170544129.0
2019-08-01,7.16,7.39,7.09,7.3,44774671.0,355752059.0
2019-08-02,7.11,7.39,7.11,7.34,47665575.0,378550458.0
2019-08-05,7.34,7.4,7.2,7.24,44207070.0,351928800.0
2019-08-06,7.06,7.11,6.61,6.85,51603822.0,387536688.0
2019-08-07,6.91,7.0,6.77,6.77,26869205.0,201922822.0
2019-08-08,6.81,6.84,6.68,6.73,21722112.0,159743130.0
2019-08-09,6.77,6.82,6.5,6.51,29081893.0,210005726.0
2019-08-12,6.52,6.6,6.48,6.59,13734879.0,97904998.0
2019-08-13,6.51,6.77,6.48,6.65,22250026.0,161467888.0
2019-08-14,6.75,6.76,6.59,6.59,19042261.0,138272768.0
2019-08-15,6.42,6.61,6.37,6.56,20875713.0,147696290.0
2019-08-16,6.54,6.62,6.53,6.54,15926993.0,114221071.0
2019-08-19,6.59,6.72,6.54,6.7,24151098.0,175036911.0
2019-08-20,6.71,6.72,6.61,6.62,21906540.0,159125879.0
2019-08-21,6.61,6.79,6.58,6.69,24636699.0,180211829.0
2019-08-22,6.69,6.69,6.59,6.63,16442338.0,118699768.0
2019-08-23,6.55,6.65,6.45,6.64,34203179.0,243579289.0
2019-08-26,6.48,6.57,6.45,6.52,15186040.0,108006278.0
2019-08-27,6.54,6.64,6.54,6.58,19433157.0,139506494.0
2019-08-28,6.57,6.61,6.52,6.59,17247966.0,123425855.0
2019-08-29,6.63,6.76,6.61,6.72,30745567.0,224336051.0
2019-08-30,6.72,6.73,6.56,6.58,18898928.0,136987546.0
2019-09-02,6.58,6.71,6.54,6.71,17903888.0,130096472.0
2019-09-03,6.72,6.73,6.65,6.7,14716776.0,107346953.0
2019-09-04,6.67,6.83,6.66,6.81,24103118.0,177410262.0
2019-09-05,6.86,7.0,6.8,6.86,34640034.0,260640335.0
2019-09-06,6.95,7.02,6.9,6.98,25671666.0,194823209.0
2019-09-09,7.03,7.03,6.88,7.02,28125152.0,213471196.0
2019-09-10,7.01,7.02,6.94,6.98,16981159.0,128994608.0
2019-09-11,7.0,7.02,6.86,6.87,18682431.0,141063379.0
2019-09-12,6.92,6.92,6.86,6.91,11439180.0,85901621.0
2019-09-16,6.94,6.95,6.83,6.86,16809564.0,126300279.0
2019-09-17,6.84,6.87,6.63,6.66,21511354.0,157653396.0
2019-09-18,6.67,6.71,6.63,6.66,11657705.0,84750953.0
2019-09-19,6.67,6.83,6.65,6.79,20195251.0,148265571.0
2019-09-20,6.76,6.84,6.71,6.77,14581618.0,107139314.0
2019-09-23,6.74,6.75,6.61,6.65,12281047.0,89204607.0
2019-09-24,6.65,6.72,6.6,6.61,10733882.0,77852588.0
2019-09-25,6.61,6.61,6.51,6.53,11270863.0,80475281.0
2019-09-26,6.55,6.58,6.47,6.47,11656034.0,82710347.0
2019-09-27,6.47,6.53,6.47,6.49,7045073.0,49899880.0
2019-09-30,6.5,6.54,6.48,6.49,6282315.0,44564351.0
2019-10-08,6.48,6.57,6.46,6.51,7344058.0,52229579.0
2019-10-09,6.5,6.56,6.49,6.55,6925813.0,49325237.0
2019-10-10,6.55,6.59,6.53,6.58,7416647.0,53052775.0
2019-10-11,6.55,6.59,6.5,6.56,8282506.0,59036437.0
2019-10-14,6.65,6.66,6.58,6.61,12353466.0,89069294.0
2019-10-15,6.58,6.59,6.48,6.49,10795263.0,76702149.0
2019-10-16,6.5,6.52,6.47,6.47,7900475.0,55903557.0
2019-10-17,6.47,6.5,6.45,6.46,6276735.0,44268483.0
2019-10-18,6.47,6.49,6.34,6.35,11125704.0,77798748.0
2019-10-21,6.35,6.4,6.28,6.39,7707596.0,53281191.0
2019-10-22,6.37,6.42,6.36,6.39,5738648.0,39967719.0
2019-10-23,6.24,6.37,6.24,6.29,10518596.0,72381577.0
2019-10-24,6.27,6.33,6.27,6.27,5375979.0,36885299.0
2019-10-25,6.27,6.39,6.27,6.37,7306916.0,50429998.0
2019-10-28,6.38,6.66,6.38,6.62,26187191.0,187162107.0
2019-10-29,6.56,6.59,6.46,6.54,17211685.0,122233955.0
2019-10-30,6.52,6.58,6.45,6.5,9744736.0,69175829.0
2019-10-31,6.5,6.56,6.39,6.41,9007970.0,63276661.0
2019-11-01,6.39,6.45,6.32,6.4,8195856.0,57085844.0
2019-11-04,6.4,6.46,6.37,6.39,6120479.0,42790718.0
2019-11-05,6.39,6.44,6.36,6.39,6035877.0,42132769.0
2019-11-06,6.38,6.44,6.37,6.39,7917458.0,55257055.0
2019-11-07,6.39,6.42,6.36,6.41,5835876.0,40662495.0
2019-11-08,6.43,6.49,6.4,6.43,8256590.0,57997972.0
2019-11-11,6.41,6.41,6.24,6.26,11118051.0,76296939.0
2019-11-12,6.26,6.27,6.14,6.21,8365868.0,56515569.0
2019-11-13,6.21,6.25,6.16,6.21,5250432.0,35498499.0
2019-11-14,6.21,6.23,6.15,6.16,5495479.0,37085221.0
2019-11-15,6.05,6.18,6.05,6.08,6209006.0,41384288.0
2019-11-18,6.09,6.27,6.07,6.27,10607775.0,71605288.0
2019-11-19,6.24,6.29,6.23,6.26,6236314.0,42551966.0
2019-11-20,6.24,6.27,6.21,6.23,5587530.0,38015719.0
2019-11-21,6.24,6.24,6.16,6.2,6064792.0,40988249.0
2019-11-22,6.19,6.27,6.11,6.12,7834978.0,52782978.0
2019-11-25,6.13,6.22,6.1,6.22,7095058.0,47746645.0
2019-11-26,6.21,6.27,6.09,6.09,16229363.0,108895105.0
2019-11-27,6.13,6.16,6.08,6.11,8847626.0,59037619.0
2019-11-28,6.08,6.14,6.03,6.03,6906482.0,45641635.0
2019-11-29,6.05,6.07,6.01,6.04,5798238.0,38159405.0
2019-12-02,6.04,6.07,6.03,6.05,4331424.0,28564930.0
2019-12-03,6.01,6.07,5.99,6.06,4164304.0,27384106.0
2019-12-04,6.04,6.1,6.03,6.09,4097207.0,27139355.0
2019-12-05,6.1,6.14,6.08,6.13,5565425.0,37079627.0
2019-12-06,6.13,6.48,6.13,6.39,30563327.0,211513523.0
2019-12-09,6.36,6.44,6.32,6.36,17423312.0,121167760.0
2019-12-10,6.35,6.36,6.24,6.29,13590612.0,93183369.0
2019-12-11,6.29,6.31,6.19,6.23,12098009.0,82151279.0
2019-12-12,6.23,6.38,6.2,6.3,17504785.0,120202002.0
2019-12-13,6.32,6.36,6.27,6.33,13446904.0,92532404.0
2019-12-16,6.37,6.37,6.27,6.33,13519661.0,93069796.0
2019-12-17,6.37,6.44,6.34,6.42,18444902.0,128789665.0
2019-12-18,6.42,6.46,6.37,6.4,13701384.0,95672630.0
2019-12-19,6.4,6.45,6.38,6.43,12003229.0,84079896.0
2019-12-20,6.43,6.46,6.31,6.31,13663445.0,94856436.0
2019-12-23,6.31,6.35,6.17,6.18,10976186.0,74955208.0
2019-12-24,6.2,6.39,6.19,6.35,14813778.0,101504224.0
2019-12-25,6.33,6.6,6.29,6.46,36767230.0,259746199.0
2019-12-26,6.48,6.76,6.41,6.71,59109053.0,427179898.0
2019-12-27,6.68,6.76,6.58,6.59,37851928.0,273792403.0
2019-12-30,6.61,6.72,6.58,6.69,27452982.0,199343022.0
2019-12-31,6.66,6.73,6.64,6.68,19192478.0,139818948.0
2020-01-02,6.74,6.84,6.66,6.72,42800323.0,314450625.0
2020-01-03,6.73,6.74,6.63,6.67,26704059.0,194299628.0
2020-01-06,6.64,6.73,6.59,6.62,29294284.0,212545931.0
2020-01-07,6.65,6.7,6.61,6.65,25868482.0,187474769.0
2020-01-08,6.64,6.64,6.46,6.46,29356941.0,209010896.0
2020-01-09,6.51,6.59,6.5,6.58,24793938.0,176854733.0
2020-01-10,6.59,6.59,6.5,6.5,18320512.0,130290445.0
2020-01-13,6.53,6.62,6.48,6.62,19010908.0,135808414.0
2020-01-14,6.64,6.64,6.54,6.55,17874767.0,128195405.0
2020-01-15,6.56,6.59,6.46,6.47,17917364.0,126992406.0
2020-01-16,6.48,6.57,6.44,6.5,19212407.0,136391116.0
2020-01-17,6.53,6.76,6.53,6.67,47655218.0,347143371.0
2020-01-20,6.57,6.59,6.27,6.5,54948155.0,383557085.0
2020-01-21,6.43,6.52,6.39,6.47,21653317.0,152164104.0
2020-01-22,6.47,6.71,6.36,6.67,31729838.0,227080304.0
2020-01-23,6.65,6.68,6.34,6.39,28573303.0,202543303.0
2020-02-03,5.75,5.75,5.75,5.75,6943200.0,43533864.0
2020-02-04,5.52,5.98,5.52,5.85,35909542.0,228900063.0
2020-02-05,5.88,6.13,5.8,6.05,38567711.0,250871636.0
2020-02-06,6.06,6.45,6.02,6.33,51531114.0,352239778.0
2020-02-07,6.39,6.5,6.15,6.22,42845396.0,294052586.0
2020-02-10,6.25,6.33,6.1,6.16,32566931.0,219539799.0
2020-02-11,6.16,6.18,5.99,6.03,28571858.0,188688384.0
2020-02-12,6.05,6.1,6.02,6.09,18781525.0,124267839.0
2020-02-13,6.08,6.11,5.99,6.0,21635660.0,142328766.0
2020-02-14,6.01,6.15,5.93,6.07,24918678.0,163952419.0
2020-02-17,6.13,6.24,6.11,6.22,32898049.0,221696092.0
2020-02-18,6.19,6.5,6.17,6.43,57658067.0,399422344.0
2020-02-19,6.5,7.07,6.36,7.07,163834407.0,1227304752.0
2020-02-20,7.05,7.05,6.78,6.91,108566787.0,818016073.0
2020-02-21,6.86,7.39,6.82,7.29,125976190.0,985343071.0
2020-02-24,7.96,8.03,7.6,8.02,216769765.0,1874881485.0
2020-02-25,7.83,8.82,7.75,8.82,248155500.0,2264374813.0
2020-02-26,8.68,8.98,7.94,8.16,159832670.0,1483989905.0
2020-02-27,8.16,8.32,7.61,7.79,118012060.0,1015834318.0
2020-02-28,7.41,7.93,7.39,7.57,115638738.0,968006921.0
2020-03-02,7.85,7.91,7.49,7.75,105650474.0,889556605.0
2020-03-03,7.87,8.41,7.8,8.0,119082801.0,1047141959.0
2020-03-04,7.84,7.99,7.43,7.6,91086021.0,761615362.0
2020-03-05,7.73,7.85,7.48,7.81,86232581.0,719401849.0
2020-03-06,7.64,7.75,7.57,7.57,47144288.0,393259317.0
2020-03-09,7.39,7.5,6.92,6.96,86488318.0,677406575.0
2020-03-10,6.83,7.23,6.8,7.19,73274206.0,561992024.0
2020-03-11,7.2,7.27,6.92,6.95,64615146.0,499211065.0
2020-03-12,6.83,7.08,6.64,6.96,67063022.0,497228219.0
2020-03-13,6.54,6.95,6.52,6.8,74774281.0,549808155.0
2020-03-16,6.86,7.28,6.81,6.9,97805809.0,749184637.0
2020-03-17,6.93,7.23,6.77,7.22,80678796.0,620411219.0
2020-03-18,7.3,7.44,6.97,6.98,97644400.0,766806067.0
2020-03-19,7.03,7.27,6.86,7.23,79087673.0,611049196.0
2020-03-20,7.31,7.61,7.27,7.35,97083506.0,785889367.0
2020-03-23,7.05,7.12,6.61,6.61,81061942.0,606426237.0
2020-03-24,6.74,6.78,6.38,6.64,67906064.0,487353651.0
2020-03-25,6.75,6.83,6.61,6.7,53599043.0,392487236.0
2020-03-26,6.61,6.66,6.5,6.51,32223554.0,230291977.0
2020-03-27,6.57,6.61,6.43,6.46,28494577.0,202318801.0
2020-03-30,6.32,6.38,6.13,6.21,34341398.0,232998141.0
2020-03-31,6.32,6.36,6.2,6.22,22078268.0,150790654.0
2020-04-01,6.16,6.39,6.16,6.28,27967565.0,191354459.0
2020-04-02,6.23,6.5,6.2,6.49,28680455.0,199401117.0
2020-04-03,6.47,6.49,6.29,6.32,21437933.0,148685122.0
2020-04-07,6.45,6.56,6.4,6.5,28497747.0,201523685.0
2020-04-08,6.47,6.53,6.41,6.46,23595715.0,166192987.0
2020-04-09,6.49,6.52,6.44,6.48,19686469.0,139083299.0
2020-04-10,6.48,6.48,6.23,6.25,31855187.0,219433132.0
2020-04-13,6.24,6.27,6.15,6.23,19260879.0,130318011.0
2020-04-14,6.31,6.54,6.28,6.53,36830312.0,258772597.0
2020-04-15,6.53,6.58,6.44,6.45,22691264.0,160781003.0
2020-04-16,6.43,6.49,6.38,6.38,20758446.0,145088102.0
2020-04-17,6.44,6.57,6.37,6.39,28994249.0,203973543.0
2020-04-20,6.43,6.43,6.33,6.38,22128636.0,153359674.0
2020-04-21,6.32,6.38,6.27,6.37,17371239.0,119403332.0
2020-04-22,6.31,6.43,6.28,6.4,17791472.0,123676125.0
2020-04-23,6.4,6.41,6.26,6.26,21984677.0,150886865.0
2020-04-24,6.26,6.29,6.14,6.16,21109163.0,142663336.0
2020-04-27,6.17,6.19,6.05,6.07,13993565.0,93292016.0
2020-04-28,5.96,5.99,5.6,5.76,34151498.0,215378734.0
2020-04-29,5.77,5.83,5.64,5.68,17046456.0,106236819.0
2020-04-30,5.71,5.92,5.69,5.91,21632500.0,137265664.0
2020-05-06,5.83,6.16,5.81,6.16,28724903.0,188327935.0
2020-05-07,6.08,6.19,6.05,6.05,19680358.0,130981410.0
2020-05-08,6.12,6.2,6.06,6.16,19919366.0,133459828.0
2020-05-11,6.19,6.28,6.07,6.14,21041538.0,141549736.0
2020-05-12,6.15,6.32,6.11,6.26,24783071.0,168723673.0
2020-05-13,6.22,6.26,6.12,6.16,17078228.0,114720264.0
2020-05-14,6.14,6.15,5.99,6.01,19839677.0,130600025.0
2020-05-15,6.14,6.49,6.14,6.21,43529810.0,298912636.0
2020-05-18,6.3,6.46,6.22,6.39,43190733.0,299398177.0
2020-05-19,6.41,6.59,6.28,6.48,45792586.0,320801450.0
2020-05-20,6.5,6.55,6.27,6.33,33163764.0,231716275.0
2020-05-21,6.32,6.36,6.11,6.21,26529741.0,179974818.0
2020-05-22,6.2,6.25,6.05,6.06,20026419.0,133517630.0
2020-05-25,6.05,6.15,6.0,6.05,12421252.0,82127544.0
2020-05-26,6.06,6.14,6.05,6.12,9708574.0,64623830.0
2020-05-27,6.13,6.14,6.01,6.02,14716679.0,96986701.0
2020-05-28,6.01,6.06,5.86,5.94,16979474.0,110097405.0
2020-05-29,5.92,6.07,5.87,6.03,12817740.0,84030362.0
2020-06-01,6.11,6.26,6.06,6.22,24252466.0,163564576.0
2020-06-02,6.28,6.36,6.21,6.33,26323275.0,180398851.0
2020-06-03,6.31,6.36,6.24,6.24,22626750.0,155313274.0
2020-06-04,6.23,6.33,6.19,6.23,15360503.0,104584969.0
2020-06-05,6.23,6.27,6.12,6.16,16719239.0,112601524.0
2020-06-08,6.19,6.29,6.16,6.17,15366089.0,104159823.0
2020-06-09,6.2,6.21,6.14,6.16,12339990.0,82985630.0
2020-06-10,6.16,6.16,6.04,6.07,18273535.0,120896920.0
2020-06-11,6.07,6.16,6.07,6.09,14683465.0,97815856.0
2020-06-12,5.98,6.09,5.98,6.04,12666781.0,81817968.0
2020-06-15,6.01,6.07,5.98,5.99,11485672.0,73938626.0
2020-06-16,6.03,6.09,6.02,6.08,11394300.0,73818652.0
2020-06-17,6.08,6.12,6.03,6.06,11561918.0,75070365.0
2020-06-18,6.15,6.41,6.15,6.29,36874140.0,249387936.0
2020-06-19,6.24,6.31,6.21,6.26,18564914.0,124385865.0
2020-06-22,6.25,6.44,6.25,6.33,30199681.0,204879113.0
2020-06-23,6.33,6.38,6.25,6.3,22139542.0,149432882.0
2020-06-24,6.33,6.46,6.26,6.4,32413192.0,221263463.0
2020-06-29,6.37,6.42,6.3,6.33,18671559.0,126858471.0
2020-06-30,6.38,6.47,6.33,6.44,27423057.0,188170827.0
2020-07-01,6.53,6.53,6.29,6.37,25918867.0,177602046.0
2020-07-02,6.38,6.56,6.32,6.54,39355032.0,273131060.0
2020-07-03,6.55,6.77,6.55,6.67,39737866.0,283410622.0
2020-07-06,6.76,7.05,6.76,7.04,60021402.0,446219393.0
2020-07-07,7.22,7.39,6.95,6.95,81418175.0,625956244.0
2020-07-08,6.91,7.21,6.85,7.16,54540523.0,409776686.0
2020-07-09,7.12,7.33,7.03,7.23,63101339.0,484493593.0
2020-07-10,7.2,7.33,7.04,7.1,50288012.0,385955155.0
2020-07-13,7.06,7.6,7.03,7.57,80358929.0,629214214.0
2020-07-14,7.48,7.57,7.24,7.37,60847419.0,481500969.0
2020-07-15,7.43,7.51,7.07,7.1,46247548.0,358038597.0
2020-07-16,7.19,7.28,6.69,6.74,53814398.0,401547842.0
2020-07-17,6.75,6.82,6.56,6.63,33898520.0,242374085.0
2020-07-20,6.7,6.98,6.64,6.96,39368143.0,288620574.0
2020-07-21,6.94,7.13,6.91,6.97,24296209.0,182061346.0
2020-07-22,6.98,7.1,6.91,6.94,29836665.0,223303482.0
2020-07-23,6.9,6.97,6.67,6.84,33069659.0,241092024.0
2020-07-24,6.8,6.9,6.47,6.61,38483034.0,273859985.0
2020-07-27,6.59,6.61,6.45,6.54,20953933.0,146275728.0
2020-07-28,6.63,6.69,6.52,6.57,16473738.0,116503361.0
2020-07-29,6.54,6.72,6.49,6.72,21044810.0,149507797.0
2020-07-30,6.71,6.8,6.66,6.7,20295676.0,146097864.0
2020-07-31,6.71,6.95,6.68,6.95,44110344.0,323440060.0
2020-08-03,6.91,7.01,6.89,7.01,41671615.0,310651760.0
2020-08-04,7.0,7.04,6.87,6.9,29951628.0,222164376.0
2020-08-05,7.02,7.06,6.89,6.95,29444794.0,219494718.0
2020-08-06,6.96,6.97,6.75,6.84,32908075.0,240593061.0
2020-08-07,6.82,6.83,6.61,6.64,28152917.0,201315212.0
2020-08-10,6.65,6.77,6.63,6.74,20248035.0,145542618.0
2020-08-11,6.76,6.76,6.59,6.61,20424745.0,145633040.0
2020-08-12,6.61,6.63,6.47,6.59,20734096.0,145093913.0
2020-08-13,6.63,6.84,6.62,6.7,23785590.0,171602108.0
2020-08-14,6.71,6.72,6.6,6.71,15544039.0,110754747.0
2020-08-17,6.71,6.84,6.66,6.82,26261615.0,190310613.0
2020-08-18,6.79,6.89,6.75,6.87,23981421.0,175252790.0
2020-08-19,6.86,6.9,6.78,6.82,24459097.0,178857543.0
2020-08-20,6.78,7.04,6.75,7.0,49288792.0,367402268.0
2020-08-21,6.86,6.9,6.62,6.67,52669555.0,379883186.0
2020-08-24,6.64,6.74,6.5,6.71,25732222.0,181943117.0
2020-08-25,6.68,6.72,6.61,6.66,16213608.0,115485970.0
2020-08-26,6.63,6.67,6.54,6.55,15815512.0,111696230.0
2020-08-27,6.57,6.62,6.54,6.58,10251682.0,72277394.0
2020-08-28,6.58,6.62,6.5,6.62,13964150.0,98131974.0
2020-08-31,6.64,6.69,6.54,6.54,16805825.0,119016881.0
2020-09-01,6.54,6.55,6.49,6.52,11460199.0,79955412.0
2020-09-02,6.54,6.62,6.47,6.59,17914251.0,125255751.0
2020-09-03,6.56,6.68,6.54,6.56,15864616.0,111877349.0
2020-09-04,6.46,6.52,6.46,6.48,14168408.0,98375715.0
2020-09-07,6.49,6.54,6.34,6.35,22676398.0,156208005.0
2020-09-08,6.38,6.41,6.31,6.37,13691138.0,93036404.0
2020-09-09,6.32,6.36,6.22,6.27,15431537.0,103844222.0
2020-09-10,6.31,6.33,6.07,6.13,18844261.0,124949799.0
2020-09-11,6.08,6.19,6.08,6.14,10066209.0,66112574.0
2020-09-14,6.16,6.2,6.09,6.13,11409759.0,74940425.0
2020-09-15,6.16,6.19,6.07,6.19,13798000.0,90421200.0
2020-09-16,6.19,6.22,6.13,6.21,14893556.0,98482138.0
2020-09-17,6.2,6.44,6.15,6.34,23607513.0,159748091.0
2020-09-18,6.35,6.47,6.31,6.38,19698514.0,134419590.0
2020-10-13,7.02,7.02,6.54,6.58,67016265.0,485487614.0
2020-10-14,6.55,6.77,6.41,6.64,33608059.0,236595350.0
2020-10-15,6.6,6.66,6.52,6.52,14819952.0,104026911.0
2020-10-16,6.51,6.54,6.35,6.38,17208362.0,118375372.0
2020-10-19,6.39,6.47,6.34,6.37,9574133.0,65609670.0
2020-10-20,6.35,6.38,6.29,6.37,6996253.0,47494260.0
2020-10-21,6.38,6.58,6.35,6.47,16406946.0,113808727.0
2020-10-22,6.42,6.45,6.32,6.4,8266715.0,56499666.0
2020-10-23,6.36,6.41,6.33,6.34,9689763.0,65992593.0
2020-10-26,6.32,6.37,6.24,6.29,8455462.0,56935722.0
2020-10-27,6.27,6.38,6.25,6.33,8064512.0,54524781.0
2020-10-28,6.35,6.37,6.29,6.35,6824326.0,46266991.0
2020-10-29,6.3,6.41,6.19,6.33,13899608.0,93896029.0
2020-10-30,6.28,6.33,6.14,6.23,16231530.0,107953180.0
2020-11-02,6.21,6.26,6.16,6.22,8372333.0,55580749.0
2020-11-03,6.22,6.39,6.21,6.37,11444063.0,77478234.0
2020-11-04,6.35,6.44,6.32,6.38,12814087.0,87521569.0
2020-11-05,6.42,6.45,6.36,6.42,12657918.0,86859565.0
2020-11-06,6.39,6.44,6.32,6.43,12465105.0,85100424.0
2020-11-09,6.43,6.53,6.38,6.4,31569881.0,217658215.0
2020-11-10,6.41,6.61,6.36,6.57,37039995.0,257960283.0
2020-11-11,6.5,6.65,6.49,6.53,20196313.0,142137784.0
2020-11-12,6.56,6.61,6.48,6.6,11271364.0,78991518.0
2020-11-13,6.57,6.57,6.45,6.48,14330714.0,99728420.0
2020-11-16,6.48,6.87,6.46,6.81,49339147.0,356294829.0
2020-11-17,6.77,6.9,6.75,6.86,31842734.0,233055461.0
2020-11-18,6.91,7.07,6.79,7.04,43918030.0,327573756.0
2020-11-19,7.1,7.32,7.02,7.15,61764953.0,473411262.0
2020-11-20,7.12,7.42,7.03,7.41,61056635.0,474217683.0
2020-11-23,7.47,7.75,7.4,7.67,77036502.0,626364898.0
2020-11-24,7.65,7.88,7.62,7.78,52732830.0,437924744.0
2020-11-25,7.78,7.87,7.61,7.62,48615394.0,401131264.0
2020-11-26,7.63,7.68,7.46,7.55,39788661.0,321350071.0
2020-11-27,7.54,7.65,7.36,7.5,34001402.0,272528264.0
2020-11-30,7.51,7.61,7.37,7.37,30956303.0,247490413.0
2020-12-01,7.38,7.45,7.32,7.42,21750225.0,172100312.0
2020-12-02,7.4,7.42,7.06,7.15,53414854.0,410397581.0
2020-12-03,7.14,7.15,6.95,6.99,25052411.0,188668835.0
2020-12-04,7.02,7.08,6.95,7.04,17076631.0,128160464.0
2020-12-07,7.06,7.12,6.95,7.0,20468687.0,154167732.0
2020-12-08,7.01,7.1,6.98,7.04,14073865.0,106025568.0
2020-12-09,7.03,7.03,6.78,6.82,19340816.0,142481985.0
2020-12-10,6.87,7.09,6.83,6.9,23270645.0,172583529.0
2020-12-11,6.89,7.07,6.82,7.01,32176938.0,239650179.0
2020-12-14,7.1,7.11,6.83,7.0,25624527.0,190058761.0
2020-12-15,7.05,7.19,6.94,7.05,38539220.0,290880031.0
2020-12-16,7.04,7.75,6.96,7.39,67203922.0,529619964.0
2020-12-17,7.38,7.59,7.32,7.57,47533643.0,380722308.0
2020-12-18,7.53,7.83,7.49,7.73,54102840.0,444438154.0
2020-12-21,7.67,7.76,7.55,7.63,42898633.0,351530818.0
2020-12-22,7.61,7.76,7.38,7.41,42340342.0,342446655.0
2020-12-23,7.39,7.52,7.34,7.45,27417321.0,218601188.0
2020-12-24,7.39,7.42,7.08,7.1,29353007.0,225287728.0
2020-12-25,7.07,7.61,7.01,7.56,31576389.0,246785933.0
2020-12-28,7.56,7.66,7.42,7.6,29990760.0,242022588.0
2020-12-29,7.71,7.89,7.54,7.58,35433642.0,291945442.0
2020-12-30,7.54,7.63,7.44,7.53,20194911.0,162813931.0
2020-12-31,7.5,7.63,7.38,7.58,22502657.0,181152012.0
2021-01-04,7.53,7.8,7.53,7.67,27243645.0,224072003.0
2021-01-05,7.61,7.64,7.46,7.6,26395878.0,213273456.0
2021-01-06,7.53,7.6,7.38,7.5,20799534.0,166252334.0
2021-01-07,7.42,7.62,7.26,7.34,25655796.0,204203334.0
2021-01-08,7.44,7.89,7.23,7.85,48398383.0,396169149.0
2021-01-11,7.89,8.08,7.69,7.78,39461529.0,331337273.0
2021-01-12,7.68,7.75,7.39,7.49,33508521.0,268895794.0
2021-01-13,7.41,7.55,7.25,7.36,25995125.0,204976818.0
2021-01-14,7.33,7.42,7.11,7.12,23730183.0,183480477.0
2021-01-15,7.1,7.22,7.08,7.16,14509015.0,110961716.0
2021-01-18,7.16,7.34,7.05,7.29,17499014.0,135596776.0
2021-01-19,7.11,7.38,6.96,7.22,22640136.0,174176576.0
2021-01-20,7.15,7.22,7.05,7.18,12195478.0,93138660.0
2021-01-21,7.18,7.89,7.14,7.7,49219361.0,403304123.0
2021-01-22,7.72,7.75,7.51,7.59,26247877.0,214303312.0
2021-01-25,7.74,8.34,7.55,8.34,85871500.0,750744175.0
2021-01-26,8.26,8.57,8.14,8.32,66669648.0,595678138.0
2021-01-27,8.32,8.63,8.25,8.53,50757006.0,460459385.0
2021-01-28,8.46,8.75,8.33,8.4,50370861.0,461413670.0
2021-01-29,8.46,8.62,8.08,8.24,41368956.0,369014549.0
2021-02-01,8.32,8.56,8.19,8.44,38485277.0,345965301.0
2021-02-02,8.49,8.72,8.44,8.5,35420914.0,324111371.0
2021-02-03,8.46,8.72,8.32,8.52,36781506.0,336753200.0
2021-02-04,8.51,8.66,8.16,8.22,53305642.0,475704179.0
2021-02-05,8.16,8.29,7.78,7.84,39058738.0,334685284.0
2021-02-08,7.88,8.49,7.88,8.34,41130302.0,365002532.0
2021-02-09,8.32,8.6,8.32,8.53,27972053.0,254261921.0
2021-02-10,8.56,8.58,8.28,8.44,26949250.0,242923982.0
2021-02-18,8.89,9.28,8.84,9.16,79460755.0,779788087.0
2021-02-19,9.2,9.2,8.66,8.85,59072569.0,562200610.0
2021-02-22,8.84,9.33,8.83,8.99,56659023.0,551917433.0
2021-02-23,8.97,9.42,8.81,9.34,79747333.0,784191312.0
2021-02-24,9.41,9.53,8.9,8.98,63481182.0,623818446.0
2021-02-25,9.08,9.24,8.59,8.64,46509309.0,441263406.0
2021-02-26,8.5,8.55,8.09,8.15,40362298.0,359108934.0
2021-03-01,8.2,8.35,8.13,8.28,23214311.0,205403911.0
2021-03-02,8.32,8.32,7.95,8.02,27066182.0,233128657.0
2021-03-03,8.03,8.25,7.97,8.18,20465787.0,178346882.0
2021-03-04,8.14,8.21,7.86,7.89,30150022.0,258124829.0
2021-03-05,7.88,7.95,7.58,7.82,37238304.0,310532658.0
2021-03-08,7.9,8.24,7.9,7.9,50570041.0,437751356.0
2021-03-09,7.92,8.25,7.74,8.13,36877968.0,318948603.0
2021-03-10,8.09,8.17,7.85,8.12,21441727.0,183353772.0
2021-03-11,8.05,8.37,8.05,8.36,25657620.0,225751842.0
2021-03-12,8.36,8.74,8.21,8.68,48314982.0,440336293.0
2021-03-15,8.57,8.72,8.41,8.51,29695778.0,271662715.0
2021-03-16,8.5,8.59,8.17,8.29,29113265.0,258989108.0
2021-03-17,8.12,8.29,7.94,8.2,22064684.0,191199552.0
2021-03-18,8.19,8.74,8.1,8.6,39627117.0,359219446.0
2021-03-19,8.46,8.57,8.27,8.34,25224788.0,226308244.0
2021-03-22,8.31,8.47,8.18,8.31,19046906.0,169437036.0
2021-03-23,8.28,8.63,8.18,8.21,27423844.0,245946031.0
2021-03-24,8.17,8.3,7.87,8.03,32592992.0,280525433.0
2021-03-25,8.0,8.17,7.95,8.08,13621592.0,117884407.0
2021-03-26,8.1,8.37,8.05,8.29,19498548.0,172253059.0
2021-03-29,8.32,8.73,8.2,8.72,43652324.0,402233026.0
2021-03-30,8.74,8.88,8.6,8.73,29735441.0,278085043.0
2021-03-31,8.73,8.8,8.5,8.61,21226154.0,195863001.0
2021-04-01,8.64,8.74,8.54,8.65,15718802.0,145118931.0
2021-04-02,8.69,8.81,8.57,8.64,16118986.0,149348169.0
2021-04-06,8.64,8.69,8.51,8.66,14020348.0,128897484.0
2021-04-07,8.64,8.76,8.6,8.63,15788390.0,146477399.0
2021-04-08,8.61,8.88,8.57,8.7,32638452.0,306398873.0
2021-04-09,8.65,8.71,8.29,8.36,29377853.0,264341209.0
2021-04-12,8.35,8.45,8.1,8.41,27432994.0,242391936.0
2021-04-13,8.28,8.38,8.1,8.16,16100126.0,141471211.0
2021-04-14,8.15,8.29,8.12,8.16,10856035.0,95198406.0
2021-04-15,8.13,8.24,7.95,8.23,14269243.0,123441855.0
2021-04-16,8.22,8.27,8.16,8.26,10788680.0,94952208.0
2021-04-19,8.32,8.46,8.22,8.44,17550267.0,157155337.0
2021-04-20,8.59,8.76,8.47,8.55,23503978.0,215873133.0
2021-04-21,8.41,8.52,8.38,8.41,13323366.0,120497373.0
2021-04-22,8.35,8.39,8.21,8.25,15724664.0,139729506.0
2021-04-23,8.29,8.33,8.15,8.29,10616537.0,93760770.0
2021-04-26,8.32,8.38,8.18,8.19,12682756.0,112286512.0
2021-04-27,8.16,8.25,8.04,8.14,9662077.0,84341418.0
2021-04-28,8.1,8.21,8.05,8.14,7352481.0,64025933.0
2021-04-29,8.15,8.29,8.11,8.28,10867611.0,95431326.0
2021-04-30,8.19,8.26,7.9,8.17,24567109.0,211984846.0
2021-05-06,8.14,8.58,8.11,8.49,29974711.0,271179824.0
2021-05-07,8.6,8.7,8.5,8.53,22273841.0,204758345.0
2021-05-10,8.55,8.71,8.45,8.71,23045031.0,212743570.0
2021-05-11,8.62,8.64,8.43,8.6,17262452.0,157996146.0
2021-05-12,8.54,8.54,8.37,8.53,15385878.0,139387326.0
2021-05-13,8.5,8.62,8.33,8.42,15763470.0,142785379.0
2021-05-14,8.42,8.8,8.28,8.71,32695438.0,300657921.0
2021-05-17,8.72,9.04,8.6,9.0,38538885.0,365131674.0
2021-05-18,8.92,9.11,8.74,9.06,31685956.0,301648121.0
2021-05-19,9.0,9.15,8.83,9.04,27405414.0,264885020.0
2021-05-20,9.05,9.11,8.85,8.87,18995942.0,182067224.0
2021-05-21,8.87,8.94,8.76,8.77,16202342.0,152907757.0
2021-05-24,8.81,8.99,8.74,8.87,17556174.0,167212144.0
2021-05-25,8.83,8.99,8.74,8.84,19392996.0,184055336.0
2021-05-26,8.87,9.11,8.67,9.05,31953192.0,305787949.0
2021-05-27,9.11,9.17,8.99,9.07,22894481.0,222458502.0
2021-05-28,9.06,9.29,9.02,9.2,31954402.0,313307787.0
2021-05-31,9.3,9.4,9.13,9.31,33122705.0,329539649.0
2021-06-01,9.27,9.34,9.08,9.22,19717297.0,194232791.0
2021-06-02,9.27,9.53,9.2,9.2,31977690.0,321101734.0
2021-06-03,9.17,9.82,9.11,9.56,47714549.0,486859580.0
2021-06-04,9.51,9.88,9.44,9.78,36142049.0,375289500.0
2021-06-07,9.79,10.08,9.68,9.82,40601596.0,428064463.0
2021-06-08,9.77,9.8,9.46,9.62,26647504.0,274344660.0
2021-06-09,9.67,9.81,9.5,9.62,21102923.0,218163193.0
2021-06-10,9.6,9.79,9.54,9.62,21098510.0,217533697.0
2021-06-11,8.88,9.13,8.66,8.66,75165164.0,701946634.0
2021-06-15,8.6,8.6,8.31,8.33,42679787.0,385678049.0
2021-06-16,8.43,8.62,8.31,8.35,29399897.0,263419359.0
2021-06-17,8.37,8.48,8.17,8.27,23616263.0,207514672.0
2021-06-18,8.31,8.43,8.24,8.31,19880818.0,175117279.0
2021-06-21,8.25,8.41,8.22,8.33,17024693.0,149731592.0
2021-06-22,8.46,8.63,8.31,8.4,23626480.0,211507631.0
2021-06-23,8.47,8.51,8.22,8.3,23447698.0,206584354.0
2021-06-24,8.3,8.39,8.21,8.33,14243032.0,124886784.0
2021-06-25,8.37,8.37,8.13,8.15,21624122.0,187781418.0
2021-06-28,8.18,8.33,8.18,8.27,15885714.0,138713442.0
2021-06-29,8.29,8.51,8.22,8.38,24015396.0,213586716.0
2021-06-30,8.42,8.46,8.29,8.35,13720092.0,121138995.0
2021-07-01,8.38,8.38,8.15,8.21,13808597.0,120458256.0
2021-07-02,8.18,8.25,7.91,7.92,17301538.0,147165269.0
2021-07-05,8.6,8.63,8.25,8.63,43401336.0,389317798.0
2021-07-06,9.16,9.49,8.89,9.38,97452429.0,963363349.0
2021-07-07,9.07,9.64,8.98,9.48,81174547.0,806839452.0
2021-07-08,9.65,9.79,9.48,9.53,57992775.0,589248337.0
2021-07-09,9.47,9.92,9.43,9.88,51825669.0,532462357.0
2021-07-12,10.3,10.69,10.1,10.5,68652316.0,753906243.0
2021-07-13,10.27,10.89,10.2,10.87,54299871.0,611596435.0
2021-07-14,10.72,10.99,10.5,10.55,47865732.0,543311473.0
2021-07-15,10.54,11.61,10.54,11.42,92320258.0,1110768429.0
2021-07-16,11.45,12.41,11.37,11.71,101542769.0,1275635083.0
2021-07-19,11.57,12.05,11.29,11.36,60398672.0,740925312.0
2021-07-20,11.08,11.57,10.81,11.35,49271046.0,587195674.0
2021-07-21,11.57,11.82,11.4,11.61,53248854.0,655594382.0
2021-07-22,11.69,11.88,11.4,11.58,40871334.0,501448202.0
2021-07-23,11.56,11.85,11.31,11.36,47367442.0,578644892.0
2021-07-26,11.61,12.06,11.25,11.51,66871866.0,824713322.0
2021-07-27,11.83,12.65,11.37,11.44,78772626.0,1004772333.0
2021-07-28,11.12,11.41,10.5,10.88,62473014.0,719642091.0
2021-07-29,11.24,11.4,10.91,11.18,50082159.0,590497957.0
2021-07-30,11.06,11.2,10.78,11.13,35326236.0,409727587.0
2021-08-02,11.21,11.61,10.95,11.18,44977124.0,533276645.0
2021-08-03,10.94,11.07,10.39,10.45,48743246.0,549405073.0
2021-08-04,10.37,10.93,10.37,10.9,33837566.0,384664033.0
2021-08-05,10.78,10.86,10.47,10.6,24077793.0,269973596.0
2021-08-06,10.63,11.27,10.51,11.21,41023685.0,476333072.0
2021-08-09,11.24,11.31,10.72,11.0,37449331.0,432920808.0
2021-08-10,11.05,12.03,11.01,11.6,64692533.0,795555546.0
2021-08-11,11.91,12.14,11.61,11.8,48073077.0,602362668.0
2021-08-12,11.76,12.87,11.54,12.47,69274182.0,909000005.0
2021-08-13,12.33,12.71,12.06,12.24,40381602.0,525703250.0
2021-08-16,12.57,12.66,11.85,11.91,45023687.0,582857367.0
2021-08-17,11.72,11.87,10.85,11.01,53315432.0,637495953.0
2021-08-18,11.1,11.22,10.76,10.92,24529987.0,284764163.0
2021-08-19,10.92,11.18,10.7,11.02,23281311.0,269977118.0
2021-08-20,11.0,11.34,10.72,11.25,25683261.0,302335761.0
2021-08-23,11.28,11.8,11.28,11.66,38939569.0,478220572.0
2021-08-24,11.83,12.17,11.74,11.83,43223616.0,546038065.0
2021-08-25,11.84,13.01,11.54,13.01,90084513.0,1187594233.0
2021-08-26,13.23,14.31,13.08,14.31,85657901.0,1248383112.0
2021-08-27,14.72,15.37,13.7,15.07,152811612.0,2367579616.0
2021-08-30,15.59,16.23,14.83,15.08,132405699.0,2159183708.0
2021-08-31,15.03,16.25,14.95,16.05,119864206.0,1997301823.0
2021-09-01,15.85,16.11,14.45,14.45,116162917.0,1837112330.0
2021-09-02,14.1,15.1,14.1,14.9,96145946.0,1491655920.0
2021-09-03,14.34,14.98,13.76,14.04,90847965.0,1370804918.0
2021-09-06,14.31,14.64,13.8,14.38,66064698.0,999341351.0
2021-09-07,14.63,15.32,14.22,14.92,95558789.0,1499414573.0
2021-09-08,15.0,15.82,14.41,15.5,102012092.0,1626597623.0
2021-09-09,15.61,15.82,14.95,15.12,98718230.0,1588711037.0
2021-09-10,15.35,15.4,14.17,15.08,102462674.0,1619652708.0
2021-09-13,15.26,16.11,14.98,15.84,109836009.0,1822440133.0
2021-09-14,15.35,15.84,14.63,14.88,101459159.0,1621912818.0
2021-09-15,14.72,16.37,14.66,16.37,85345182.0,1415277415.0
2021-09-16,17.34,17.62,15.85,16.28,180811470.0,3207283074.0
2021-09-17,16.17,17.51,15.8,16.77,145758473.0,2577994114.0
2021-09-22,16.44,18.45,16.44,18.45,98853039.0,1841822520.0
2021-09-23,18.92,19.26,17.11,17.92,145430021.0,2793722400.0
2021-09-24,17.39,17.67,16.13,16.13,113371960.0,1977461142.0
2021-09-27,15.68,15.96,14.51,14.51,99971579.0,1572537493.0
2021-09-28,14.58,14.79,14.09,14.33,59286230.0,906320848.0
2021-09-29,14.21,14.69,13.42,13.46,70076233.0,1035973147.0
2021-09-30,13.68,14.27,13.54,14.11,48044719.0,711743310.0
2021-10-08,14.43,14.47,13.0,13.58,71182153.0,1025507877.0
2021-10-11,13.54,13.81,13.1,13.61,35665304.0,510468030.0
2021-10-12,13.44,13.84,12.71,13.11,43799489.0,609678352.0
2021-10-13,13.1,13.48,12.9,13.37,28458551.0,399047075.0
2021-10-14,13.11,13.74,12.92,13.42,31075406.0,439839371.0
2021-10-15,13.4,13.68,13.14,13.47,33122160.0,471230560.0
2021-10-18,13.65,13.8,13.33,13.69,43176869.0,621859954.0
2021-10-19,13.64,14.27,13.42,14.21,51505702.0,760877174.0
2021-10-20,13.7,14.62,13.47,14.4,55709515.0,837061351.0
2021-10-21,14.28,14.69,14.21,14.27,43104163.0,658657257.0
2021-10-22,14.27,14.58,13.89,13.98,39830245.0,599138144.0
2021-10-25,13.75,14.36,13.75,14.19,38845657.0,582754886.0
2021-10-26,14.39,15.42,14.14,14.91,63444996.0,997756392.0
2021-10-27,14.87,15.77,14.74,15.7,68355116.0,1109353148.0
2021-10-28,15.59,15.63,14.41,14.89,66581037.0,1052882322.0
2021-10-29,14.65,15.2,14.08,14.68,56797368.0,876650004.0
2021-11-01,14.36,14.79,14.13,14.46,42415367.0,649901400.0
2021-11-02,14.5,14.5,13.23,13.49,58192360.0,849534124.0
2021-11-03,13.45,13.68,13.18,13.59,30936744.0,441031624.0
2021-11-04,13.63,13.76,13.24,13.28,29637576.0,422099053.0
2021-11-05,13.19,13.36,11.95,11.95,73010760.0,957123030.0
2021-11-08,11.96,12.11,11.65,12.0,43973182.0,554485374.0
2021-11-09,11.99,12.21,11.73,12.17,37046625.0,469506925.0
2021-11-10,12.01,12.05,11.58,11.89,33705590.0,421402152.0
2021-11-11,11.91,12.24,11.79,12.21,35175170.0,447489785.0
2021-11-12,12.25,12.25,11.96,12.03,26908535.0,343297938.0
2021-11-15,11.98,12.0,11.45,11.69,37303922.0,459861347.0
2021-11-16,11.69,11.8,11.36,11.43,27157818.0,332647870.0
2021-11-17,11.38,11.66,11.38,11.56,23084345.0,282122700.0
2021-11-18,11.53,11.89,11.48,11.67,31540124.0,389789090.0
2021-11-19,11.67,12.18,11.48,11.86,40203645.0,503943337.0
2021-11-22,11.74,12.13,11.74,12.11,36320362.0,461568143.0
2021-11-23,12.11,12.33,11.97,12.04,28470078.0,364809894.0
2021-11-24,12.01,12.5,11.87,12.38,36164665.0,466595248.0
2021-11-25,12.41,13.18,12.22,13.05,63781787.0,865222358.0
2021-11-26,13.04,13.07,12.67,12.78,35952375.0,489150226.0
2021-11-29,12.5,12.68,12.36,12.6,28355714.0,376023796.0
2021-11-30,12.84,12.84,12.38,12.47,34193355.0,456269333.0
2021-12-01,12.33,12.59,12.12,12.43,31195097.0,406684110.0
2021-12-02,12.31,12.5,12.05,12.06,34080530.0,441399993.0
2021-12-03,12.12,12.21,11.96,12.01,29466517.0,375880421.0
2021-12-06,12.41,12.84,12.22,12.27,64773243.0,859108139.0
2021-12-07,12.36,12.44,11.61,11.85,41642332.0,524301860.0
2021-12-08,11.81,12.34,11.77,12.19,32738520.0,420714488.0
2021-12-09,12.26,12.26,11.86,11.97,26903930.0,340403824.0
2021-12-10,11.91,12.02,11.82,11.91,20726195.0,261136162.0
2021-12-13,12.15,12.62,12.05,12.52,50115354.0,656026670.0
2021-12-14,12.5,12.54,12.27,12.37,26110191.0,342581234.0
2021-12-15,12.28,12.44,12.02,12.07,27693088.0,357106720.0
2021-12-16,12.07,12.11,11.86,12.09,22067243.0,279684906.0
2021-12-17,12.08,12.17,11.9,11.9,23972105.0,303683361.0
2021-12-20,11.81,11.81,11.4,11.53,24874069.0,303536758.0
2021-12-21,11.48,11.64,11.46,11.58,13146954.0,160934468.0
2021-12-22,11.57,11.98,11.52,11.8,18530123.0,231513339.0
2021-12-23,11.88,11.88,11.68,11.7,11856205.0,147507527.0
2021-12-24,11.69,11.71,11.38,11.44,16260007.0,197144541.0
2021-12-27,11.53,11.53,11.04,11.19,17810236.0,210788838.0
2021-12-28,11.26,11.62,11.21,11.55,17896107.0,217464998.0
2021-12-29,11.62,11.86,11.51,11.7,24248412.0,301231112.0
2021-12-30,11.77,12.46,11.74,12.12,43859960.0,566384498.0
2021-12-31,12.12,12.27,12.0,12.2,25146881.0,323563063.0
2022-01-04,12.28,12.4,12.02,12.1,23266478.0,299082463.0
2022-01-05,12.17,12.17,11.77,11.94,24664544.0,311549699.0
2022-01-06,11.85,11.95,11.73,11.82,15692641.0,196320111.0
2022-01-07,11.84,11.87,11.56,11.57,19346509.0,238857987.0
2022-01-10,11.55,11.68,11.46,11.59,12667847.0,155354051.0
2022-01-11,11.67,12.05,11.48,11.51,23842967.0,294428927.0
2022-01-12,11.62,11.94,11.53,11.74,19634242.0,244207548.0
2022-01-13,11.64,11.74,11.37,11.4,20059739.0,244140194.0
2022-01-14,11.34,11.47,11.21,11.3,15749605.0,188929358.0
2022-01-17,11.34,11.51,11.29,11.38,14210980.0,171538476.0
2022-01-18,11.38,11.45,11.25,11.32,15743683.0,189025591.0
2022-01-19,11.27,11.43,11.26,11.35,14560996.0,175110583.0
2022-01-20,11.33,11.33,10.58,10.71,40259298.0,463856309.0
2022-01-21,10.73,10.88,10.41,10.76,17801635.0,201864059.0
2022-01-24,10.76,10.91,10.63,10.91,16061080.0,183249344.0
2022-01-25,11.34,11.88,11.28,11.45,63954204.0,782773780.0
2022-01-26,11.79,12.6,11.55,12.6,88809406.0,1147378758.0
2022-01-27,12.43,12.59,12.07,12.13,59542321.0,772017357.0
2022-01-28,12.16,12.41,11.86,12.19,43734929.0,562586499.0
2022-02-07,12.36,12.99,12.17,12.87,62978509.0,833815345.0
2022-02-08,12.66,13.08,12.55,13.06,56156407.0,759314102.0
2022-02-09,12.97,13.0,12.62,12.73,36584145.0,493133750.0
2022-02-10,12.73,12.73,12.35,12.58,35844206.0,475205929.0
2022-02-11,12.46,12.91,12.41,12.64,34653280.0,465827976.0
2022-02-14,12.43,12.97,12.38,12.57,31754702.0,426133639.0
2022-02-15,12.61,12.87,12.43,12.81,24435422.0,328380319.0
2022-02-16,12.85,12.94,12.66,12.82,24006012.0,324809737.0
2022-02-17,12.93,13.64,12.68,13.62,64933864.0,910463090.0
2022-02-18,13.42,13.74,13.21,13.53,40877529.0,581355950.0
2022-02-21,13.8,13.94,13.51,13.65,35608351.0,515800788.0
2022-02-22,13.56,14.38,13.46,14.07,60022904.0,889856409.0
2022-02-23,13.98,14.23,13.9,14.19,38179466.0,569033302.0
2022-02-24,14.17,14.83,13.72,14.05,79790232.0,1206178000.0
2022-02-25,14.31,14.46,13.64,13.67,59247200.0,878619982.0
2022-02-28,13.51,13.9,13.43,13.81,39113772.0,568344229.0
2022-03-01,13.83,14.27,13.73,14.17,46160887.0,687833469.0
2022-03-02,14.13,14.2,13.85,13.92,25671087.0,379720555.0
2022-03-03,14.07,14.1,13.63,13.69,27128209.0,396803218.0
2022-03-04,13.51,13.82,13.4,13.5,24832920.0,357416326.0
2022-03-07,13.23,13.41,12.86,13.02,38775426.0,538197710.0
2022-03-08,13.01,13.16,12.3,12.48,46629832.0,623666351.0
2022-03-09,12.49,12.6,11.59,12.15,39586393.0,507889871.0
2022-03-10,12.47,12.91,12.38,12.77,37072864.0,496252178.0
2022-03-11,12.56,12.83,12.29,12.74,26032855.0,346175034.0
2022-03-14,12.59,12.75,12.19,12.23,33105861.0,436354851.0
2022-03-15,12.09,12.36,11.68,11.7,29647748.0,376615033.0
2022-03-16,11.91,12.28,11.48,12.27,41667471.0,525586162.0
2022-03-17,12.45,12.89,12.37,12.6,39621851.0,529671234.0
2022-03-18,12.48,12.78,12.48,12.74,20590348.0,276494043.0
2022-03-21,12.72,12.94,12.47,12.89,27711136.0,374244064.0
2022-03-22,12.76,12.95,12.65,12.74,18583082.0,251405207.0
2022-03-23,12.76,13.2,12.7,13.0,24066779.0,331815677.0
2022-03-24,12.91,13.22,12.8,13.03,22355219.0,307996440.0
2022-03-25,12.95,13.08,12.76,12.76,17566018.0,240075840.0
2022-03-28,12.66,12.7,12.3,12.44,19356773.0,255123386.0
2022-03-29,12.55,12.6,12.18,12.49,22941821.0,301124241.0
2022-03-30,12.59,12.75,12.44,12.71,17925685.0,239360524.0
2022-03-31,12.66,12.74,12.32,12.34,17018820.0,224626344.0
2022-04-01,12.23,12.74,12.22,12.68,21009716.0,279518184.0
2022-04-06,12.73,12.77,12.17,12.28,26125858.0,341845561.0
2022-04-07,12.14,12.29,11.91,11.93,18820352.0,239989069.0
2022-04-08,11.94,12.11,11.73,11.97,22075805.0,279269035.0
2022-04-11,11.97,11.97,11.37,11.41,22398298.0,273969763.0
2022-04-12,11.43,11.83,11.16,11.8,23092031.0,281336380.0
2022-04-13,11.63,11.76,11.47,11.48,14874917.0,182502081.0
2022-04-14,11.59,11.87,11.51,11.83,22209129.0,275277881.0
2022-04-15,11.69,11.69,11.4,11.48,18178264.0,221622489.0
2022-04-18,11.43,11.6,11.04,11.53,17345129.0,208136829.0
2022-04-19,11.53,11.93,11.4,11.8,18204811.0,226941943.0
2022-04-20,11.81,11.89,11.34,11.4,17045398.0,208667084.0
2022-04-21,11.24,11.38,10.81,10.89,25987444.0,303629382.0
2022-04-22,11.01,11.67,10.91,11.44,43080591.0,518551934.0
2022-04-25,11.44,11.44,10.3,10.3,46021209.0,518905430.0
2022-04-26,10.15,10.17,9.39,9.42,49092605.0,505497752.0
2022-04-27,9.29,10.04,9.23,9.97,42736764.0,434683554.0
2022-04-28,9.85,10.32,9.83,10.31,38357060.0,411683944.0
2022-04-29,10.09,10.72,9.84,10.72,43683571.0,470798311.0
2022-05-05,10.67,10.67,10.35,10.46,36153051.0,401429966.0
2022-05-06,10.17,10.31,9.98,10.02,32784894.0,351207642.0
2022-05-09,9.9,10.14,9.86,9.99,20596131.0,217369474.0
2022-05-10,9.86,10.27,9.73,10.21,24799479.0,264271418.0
2022-05-11,10.3,10.77,10.22,10.41,28735948.0,320373738.0
2022-05-12,10.42,10.55,10.25,10.39,21123374.0,232033766.0
2022-05-13,10.47,10.6,10.3,10.51,19738893.0,218501684.0
2022-05-16,10.62,10.7,10.42,10.54,19683945.0,219699171.0
2022-05-17,10.52,10.71,10.42,10.71,17420593.0,195464276.0
2022-05-18,10.71,10.95,10.66,10.77,19717452.0,225897497.0
2022-05-19,10.56,11.16,10.49,11.11,29463742.0,341187032.0
2022-05-20,11.1,11.38,11.03,11.26,20293567.0,241089858.0
2022-05-23,11.23,11.37,11.12,11.28,16686646.0,198880021.0
2022-05-24,11.27,11.28,10.77,10.77,23484611.0,274172417.0
2022-05-25,10.78,10.98,10.66,10.87,19052215.0,217731703.0
2022-05-26,10.85,11.02,10.64,10.96,18253879.0,209850172.0
2022-05-27,11.0,11.18,10.77,10.85,15939656.0,184718909.0
2022-05-30,10.9,11.08,10.71,10.92,17573380.0,201906232.0
2022-05-31,10.92,11.11,10.8,11.04,22858870.0,265575638.0
2022-06-01,11.04,11.31,10.99,11.1,23459194.0,276617719.0
2022-06-02,11.14,11.34,10.94,11.28,23189905.0,274122381.0
2022-06-06,11.26,11.78,11.24,11.69,33917231.0,415647920.0
2022-06-07,11.74,11.74,11.45,11.58,20794445.0,254737451.0
2022-06-08,11.58,11.66,11.2,11.5,29099566.0,351280464.0
2022-06-09,11.47,11.62,11.23,11.38,20244486.0,241534151.0
2022-06-10,11.25,11.73,11.21,11.72,28598881.0,347279677.0
2022-06-13,11.58,12.07,11.51,11.92,33807880.0,419242871.0
2022-06-14,11.7,12.54,11.7,12.42,46600185.0,597006987.0
2022-06-15,12.65,12.8,12.17,12.18,42410426.0,552523184.0
2022-06-16,12.14,12.56,12.08,12.21,28793594.0,370875318.0
2022-06-17,12.08,12.31,11.96,12.21,27074215.0,345412482.0
2022-06-20,12.24,12.45,12.06,12.27,26976132.0,347525227.0
2022-06-21,12.51,12.51,11.84,12.0,26534241.0,335271907.0
2022-06-22,11.97,12.1,11.62,11.67,23638011.0,293258518.0
2022-06-23,11.62,11.93,11.5,11.91,24091354.0,296142999.0
2022-06-24,11.89,12.41,11.82,12.31,26206344.0,334054160.0
2022-06-27,12.34,12.55,12.25,12.42,22990542.0,299051768.0
2022-06-28,12.42,12.87,12.22,12.76,32127175.0,421345556.0
2022-06-29,12.76,12.76,12.13,12.27,27380332.0,355924717.0
2022-06-30,12.41,12.82,12.3,12.56,29957907.0,395302951.0
2022-07-01,12.57,12.87,12.47,12.69,27340854.0,364608818.0
2022-07-04,12.75,13.5,12.64,13.49,53084606.0,736602586.0
2022-07-05,13.37,13.54,13.17,13.47,38580634.0,539878759.0
2022-07-06,13.42,13.45,13.06,13.19,28375464.0,391842376.0
2022-07-07,13.07,13.29,12.89,13.19,23642689.0,325535347.0
2022-07-08,13.27,13.34,12.74,13.04,32009836.0,435752772.0
2022-07-11,12.96,12.97,12.42,12.64,30110198.0,397897974.0
2022-07-12,12.63,12.69,12.3,12.32,21347501.0,278388236.0
2022-07-13,12.33,12.88,12.1,12.84,28363610.0,373259322.0
2022-07-14,12.81,13.49,12.7,13.49,41572220.0,579590961.0
2022-07-15,14.04,14.8,13.8,13.94,90618163.0,1362178537.0
2022-07-18,14.21,15.34,13.83,15.34,95731598.0,1476745872.0
2022-07-19,15.34,16.41,15.09,15.93,90041380.0,1482943990.0
2022-07-20,15.78,16.33,15.78,16.03,49403853.0,828254395.0
2022-07-21,16.04,16.07,15.55,15.78,34872661.0,578298755.0
2022-07-22,15.72,15.88,14.78,15.05,56243619.0,893283878.0
2022-07-25,15.06,15.82,14.99,15.35,38045951.0,615482826.0
2022-07-26,15.53,15.66,14.99,15.3,25104097.0,401521154.0
2022-07-27,15.28,15.62,15.14,15.42,25162006.0,406576324.0
2022-07-28,15.47,16.29,15.37,16.01,44671778.0,743765986.0
2022-07-29,16.09,16.81,15.96,16.51,52973795.0,907319455.0
2022-08-01,16.77,16.9,16.32,16.65,36722316.0,637353916.0
2022-08-02,16.25,16.38,15.73,16.01,48045060.0,808984603.0
2022-08-03,16.09,16.44,15.57,15.68,35042201.0,588574573.0
2022-08-04,15.76,15.93,15.27,15.47,34653508.0,563852764.0
2022-08-05,15.58,16.19,15.34,16.11,30452012.0,503473552.0
2022-08-08,16.02,16.1,15.55,15.88,29900452.0,495717018.0
2022-08-09,15.75,16.04,15.63,15.89,31512994.0,521592143.0
2022-08-10,15.89,16.33,15.77,16.15,36814915.0,620403980.0
2022-08-11,16.39,17.35,16.0,17.28,63723028.0,1123352407.0
2022-08-12,17.21,17.53,15.87,16.17,60009183.0,1050165976.0
2022-08-15,16.18,16.79,16.05,16.43,37887412.0,655425798.0
2022-08-16,16.53,16.6,16.2,16.35,25688163.0,440494994.0
2022-08-17,16.35,16.45,15.66,16.11,28900896.0,483852956.0
2022-08-18,16.11,16.48,16.02,16.21,24123119.0,409573598.0
2022-08-19,16.2,16.25,15.58,15.75,23725678.0,394163950.0
2022-08-22,15.81,16.69,15.62,16.62,30271693.0,514187736.0
2022-08-23,16.57,16.79,16.31,16.67,23199542.0,402218125.0
2022-08-24,16.87,16.88,15.42,15.49,37762924.0,629788934.0
2022-08-25,15.61,15.82,14.9,15.77,37169817.0,599072201.0
2022-08-26,16.15,16.4,15.28,15.45,39863203.0,663517199.0
2022-08-29,15.34,15.76,15.15,15.57,25329543.0,411273791.0
2022-08-30,15.45,15.58,14.88,15.03,28972269.0,458184497.0
2022-08-31,15.16,15.33,14.71,14.99,30882824.0,485618138.0
2022-09-01,14.99,15.09,14.56,14.73,20291586.0,315573527.0
2022-09-02,14.75,15.23,14.59,14.94,23286263.0,364099750.0
2022-09-05,14.96,15.66,14.88,15.45,28432395.0,459109936.0
2022-09-06,15.53,15.97,15.39,15.85,23473567.0,388702577.0
2022-09-07,15.66,15.97,15.66,15.8,14850744.0,245802939.0
2022-09-08,15.71,15.98,15.66,15.74,16151621.0,267174383.0
2022-09-09,15.79,16.06,15.61,15.74,15486812.0,256082631.0
2022-09-13,15.83,16.05,15.35,15.42,31827819.0,520273888.0
2022-09-14,15.14,15.39,14.85,14.95,25439307.0,400922117.0
2022-09-15,15.01,15.05,13.91,14.16,32284459.0,484694521.0
2022-09-16,14.18,14.31,13.71,13.82,31390812.0,457507429.0
2022-09-19,13.77,14.28,13.73,13.91,19718817.0,289064006.0
2022-09-20,14.0,14.33,13.96,14.03,17047847.0,252343550.0
2022-09-21,14.03,14.09,13.71,13.83,15600115.0,226421939.0
2022-09-22,13.72,14.19,13.69,14.04,17544643.0,257324208.0
2022-09-23,13.92,14.08,13.52,13.66,19052693.0,274037874.0
2022-09-26,13.51,14.03,13.44,13.69,21783764.0,315164051.0
2022-09-27,13.66,13.87,13.53,13.74,16564693.0,237084235.0
2022-09-28,13.83,13.84,13.27,13.27,21292382.0,299942799.0
2022-09-29,13.35,13.66,13.35,13.43,16186638.0,228474137.0
2022-09-30,13.5,13.61,13.21,13.27,14618678.0,204456928.0
2022-10-10,13.26,13.54,13.06,13.17,20812394.0,291050579.0
2022-10-11,13.28,13.63,13.19,13.51,24993644.0,352029682.0
2022-10-12,13.48,13.75,13.04,13.71,31472616.0,442466350.0
2022-10-13,13.66,13.8,13.52,13.58,17573578.0,251101445.0
2022-10-14,13.71,14.04,13.45,13.91,25326288.0,365789307.0
2022-10-17,13.85,14.0,13.62,13.81,17939585.0,258870088.0
2022-10-18,13.94,14.63,13.84,14.41,32220285.0,480915320.0
2022-10-19,14.98,15.4,14.8,15.11,50834355.0,805674622.0
2022-10-20,15.08,15.76,14.9,15.41,47502081.0,768088165.0
2022-10-21,15.34,15.76,15.28,15.43,27370260.0,444495673.0
2022-10-24,15.33,15.59,15.05,15.21,33883900.0,544305174.0
2022-10-25,15.06,15.59,14.74,15.42,33354857.0,529690278.0
2022-10-26,15.47,16.15,15.3,16.02,38776842.0,641641431.0
2022-10-27,16.03,16.11,15.41,15.41,34611020.0,569156275.0
2022-10-28,15.6,15.62,14.99,15.05,34559372.0,552544728.0
2022-10-31,14.95,15.19,14.82,14.98,24742100.0,388651569.0
2022-11-01,15.13,16.0,15.0,15.97,40053604.0,659111039.0
2022-11-02,15.78,16.07,15.74,15.85,25199136.0,419723823.0
2022-11-03,15.71,17.23,15.67,17.11,54693772.0,958959678.0
2022-11-04,16.99,17.32,16.89,17.19,37182208.0,667103511.0
2022-11-07,17.11,17.27,16.79,17.09,29781099.0,531222966.0
2022-11-08,17.13,17.54,17.01,17.24,32016485.0,579513275.0
2022-11-09,17.11,18.01,17.07,17.5,42826757.0,791080496.0
2022-11-10,17.48,17.49,16.73,16.79,34855502.0,619055402.0
2022-11-11,17.23,17.51,16.97,17.33,36883554.0,666146582.0
2022-11-14,17.11,17.38,16.39,16.5,35752882.0,626183767.0
2022-11-15,16.54,16.85,16.45,16.71,21206540.0,371035068.0
2022-11-16,16.83,17.13,16.53,16.63,18867849.0,330609848.0
2022-11-17,16.6,16.62,16.14,16.49,21480533.0,367309158.0
2022-11-18,16.51,16.98,16.24,16.5,22209488.0,386292510.0
2022-11-21,16.41,16.97,16.37,16.72,25193219.0,442181167.0
2022-11-22,16.66,16.83,16.22,16.32,21078443.0,362697577.0
2022-11-23,16.26,16.62,16.16,16.36,15656492.0,268455759.0
2022-11-24,16.4,16.74,16.25,16.47,15350345.0,265283129.0
2022-11-25,16.34,16.43,16.05,16.15,17667058.0,299070322.0
2022-11-28,15.75,16.25,15.48,16.1,17852810.0,299428035.0
2022-11-29,16.15,16.27,15.83,15.87,20546211.0,344059677.0
2022-11-30,15.97,16.23,15.68,16.09,22465700.0,375426974.0
2022-12-01,16.05,16.36,15.95,16.12,23497805.0,397462992.0
2022-12-02,16.16,16.43,16.05,16.07,19313406.0,327948607.0
2022-12-05,16.05,16.16,15.46,15.48,32408682.0,531078647.0
2022-12-06,15.48,15.9,15.36,15.82,23048413.0,378842091.0
2022-12-07,15.76,16.04,15.61,15.81,17387747.0,288675589.0
2022-12-08,15.76,16.5,15.66,16.12,22691723.0,384303724.0
2022-12-09,16.13,16.28,15.89,15.98,18610015.0,313075513.0
2022-12-12,15.88,16.17,15.62,15.74,18097704.0,299286672.0
2022-12-13,15.76,15.87,15.32,15.34,19741630.0,320509355.0
2022-12-14,15.35,15.67,15.25,15.26,19406429.0,312500182.0
2022-12-15,15.24,15.54,15.2,15.46,12654010.0,204198682.0
2022-12-16,15.38,15.42,14.9,15.07,20533178.0,323385451.0
2022-12-19,15.07,15.25,14.99,15.05,19068337.0,301618698.0
2022-12-20,14.99,15.16,14.84,14.94,14764600.0,231574675.0
2022-12-21,14.98,15.12,14.77,14.95,11256823.0,175922987.0
2022-12-22,15.1,15.1,14.5,14.54,14403564.0,221827087.0
2022-12-23,14.55,14.65,14.3,14.44,12476588.0,188812875.0
2022-12-26,14.44,15.01,14.34,14.97,14117749.0,219244091.0
2022-12-27,15.04,15.04,14.51,14.8,18433066.0,284394471.0
2022-12-28,14.81,14.86,14.47,14.57,16222606.0,247827986.0
2022-12-29,14.47,15.06,14.43,14.83,14568078.0,226152039.0
2022-12-30,14.85,15.23,14.77,14.81,16499567.0,258634479.0
2023-01-03,14.84,15.28,14.69,15.19,27123877.0,427922371.0
2023-01-04,15.19,15.42,15.06,15.28,21589510.0,344965159.0
2023-01-05,15.39,15.47,15.2,15.39,15983087.0,257052766.0
2023-01-06,15.42,15.83,15.31,15.66,18958894.0,310463746.0
2023-01-09,15.66,15.93,15.66,15.69,13543833.0,223681456.0
2023-01-10,15.76,15.82,15.52,15.69,12817066.0,210530883.0
2023-01-11,15.76,15.79,15.47,15.53,12929850.0,211547545.0
2023-01-12,15.63,15.78,15.48,15.61,9997199.0,163918058.0
2023-01-13,15.96,16.0,15.15,15.34,27819600.0,449039314.0
2023-01-16,15.3,15.72,15.12,15.29,27076570.0,437014787.0
2023-01-17,15.29,15.42,15.2,15.33,11781697.0,189075244.0
2023-01-18,15.41,15.54,15.27,15.45,14759526.0,238608861.0
2023-01-19,15.45,15.45,15.13,15.31,17470699.0,278955939.0
2023-01-20,15.34,15.54,15.27,15.54,19203244.0,309976964.0
2023-01-30,15.57,15.82,15.32,15.38,28304675.0,459967925.0
2023-01-31,15.35,15.88,15.2,15.83,36788726.0,603561151.0
2023-02-01,15.79,15.95,15.62,15.88,37895557.0,627892697.0
2023-02-02,15.95,16.34,15.81,16.17,35770300.0,603705425.0
2023-02-03,16.14,16.17,15.68,15.85,33325563.0,552128942.0
2023-02-06,15.76,15.85,15.2,15.33,32658178.0,526030858.0
2023-02-07,15.39,15.42,15.12,15.33,18938837.0,302564202.0
2023-02-08,15.26,15.3,15.12,15.13,16382731.0,260675928.0
2023-02-09,15.1,15.27,15.06,15.25,15189747.0,241925631.0
2023-02-10,15.2,16.52,15.17,16.14,65429030.0,1096117869.0
2023-02-13,16.41,16.52,16.01,16.32,45524021.0,774418370.0
2023-02-14,16.38,17.08,16.32,16.89,59620978.0,1046098179.0
2023-02-15,16.9,17.36,16.82,17.24,55813291.0,1002314427.0
2023-02-16,17.18,17.43,16.47,16.64,53456042.0,946838322.0
2023-02-17,16.69,16.82,16.41,16.69,30266595.0,527576502.0
2023-02-20,16.53,17.04,16.53,17.0,30848751.0,543273987.0
2023-02-21,17.0,17.26,16.89,17.02,20184546.0,360203439.0
2023-02-22,16.98,17.0,16.67,16.89,20667531.0,364534848.0
2023-02-23,16.89,17.17,16.89,17.01,20831810.0,371587255.0
2023-02-24,17.05,17.78,16.94,17.47,42495280.0,778829294.0
2023-02-27,17.33,18.6,17.16,18.21,53810861.0,1019440965.0
2023-02-28,18.1,18.23,17.81,17.99,32910173.0,620313222.0
2023-03-01,18.07,18.39,17.92,18.3,30908341.0,588251455.0
2023-03-02,18.2,18.3,17.95,18.1,20853824.0,395120458.0
2023-03-03,18.09,18.47,17.85,18.31,27307160.0,520956522.0
2023-03-06,18.19,18.38,17.79,18.18,29155117.0,552245664.0
2023-03-07,18.0,18.22,17.73,17.75,21002994.0,394063201.0
2023-03-08,17.67,17.91,17.53,17.71,22318168.0,412708303.0
2023-03-09,17.76,17.99,17.63,17.67,13133093.0,244476521.0
2023-03-10,17.58,17.72,17.2,17.33,19753938.0,359942105.0
2023-03-13,17.29,17.4,17.04,17.26,23189904.0,417961140.0
2023-03-14,17.28,17.31,16.84,16.99,18379608.0,327731468.0
2023-03-15,17.11,17.61,17.06,17.11,18842046.0,341632830.0
2023-03-16,17.0,17.14,16.53,16.62,22290953.0,391039801.0
2023-03-17,16.82,16.93,16.52,16.57,16133995.0,282556913.0
2023-03-20,16.43,16.78,16.24,16.55,16492752.0,285116945.0
2023-03-21,16.6,16.96,16.48,16.72,15489676.0,271400876.0
2023-03-22,16.81,16.99,16.31,16.34,19971814.0,346343703.0
2023-03-23,16.29,16.44,16.06,16.27,16603690.0,282393390.0
2023-03-24,16.27,16.27,15.77,16.01,23959186.0,400951459.0
2023-03-27,15.95,16.27,15.76,16.23,22786555.0,384236158.0
2023-03-28,16.43,16.88,16.32,16.39,31387775.0,543973946.0
2023-03-29,16.37,16.73,16.24,16.26,22050114.0,380765898.0
2023-03-30,16.2,16.51,16.05,16.49,22073195.0,377150558.0
2023-03-31,16.43,16.93,16.39,16.89,24156720.0,423332145.0
2023-04-03,16.9,17.05,16.54,16.78,25166606.0,442522479.0
2023-04-04,16.7,16.7,16.08,16.18,25969244.0,442768420.0
2023-04-06,16.15,16.2,15.58,15.85,26847564.0,446331073.0
2023-04-07,15.81,16.73,15.71,16.44,25849716.0,442373626.0
2023-04-10,16.62,17.42,16.52,17.37,45243884.0,815556952.0
2023-04-11,17.19,17.33,16.9,17.0,20693680.0,369541358.0
2023-04-12,17.03,17.56,17.01,17.34,33047033.0,599149934.0
2023-04-13,17.24,17.54,16.87,16.99,27136180.0,485359698.0
2023-04-14,16.93,17.1,16.74,16.77,19554469.0,345261864.0
2023-04-17,16.95,17.5,16.95,17.5,30929132.0,560958825.0
2023-04-18,17.38,17.71,17.26,17.56,21011585.0,384491758.0
2023-04-19,17.43,18.06,17.34,17.86,32575585.0,605957453.0
2023-04-20,17.85,18.19,17.45,17.67,34363495.0,636321852.0
2023-04-21,17.1,17.1,15.95,16.32,79653461.0,1375026213.0
2023-04-24,16.16,16.67,15.69,15.9,42019184.0,707682663.0
2023-04-25,15.82,15.93,14.87,15.16,42914481.0,686911419.0
2023-04-26,15.09,15.54,15.09,15.51,24773416.0,398817587.0
2023-04-27,15.5,15.52,14.84,15.2,33797481.0,536388728.0
2023-04-28,15.09,15.34,14.32,14.47,49255966.0,755330870.0
2023-05-04,14.43,14.48,14.14,14.29,28436479.0,425615963.0
2023-05-05,14.33,14.38,13.84,14.15,25075164.0,368860774.0
2023-05-08,14.13,14.48,13.91,14.18,24351884.0,361355482.0
2023-05-09,14.14,14.45,13.75,13.8,33686653.0,494674748.0
2023-05-10,13.75,13.94,13.64,13.9,16937638.0,244592741.0
2023-05-11,13.9,13.93,13.5,13.52,23715331.0,338037092.0
2023-05-12,13.52,13.64,13.24,13.27,17257458.0,241418905.0
2023-05-15,13.29,13.49,13.23,13.42,14735077.0,206130742.0
2023-05-16,13.43,13.47,13.18,13.25,16214427.0,225535242.0
2023-05-17,13.24,13.37,13.08,13.15,17505354.0,241931341.0
2023-05-18,13.18,13.23,12.9,12.97,15179358.0,206959648.0
2023-05-19,12.95,13.11,12.81,12.96,11804410.0,160050715.0
2023-05-22,13.0,13.35,12.91,13.26,21076414.0,290457180.0
2023-05-23,13.28,13.42,13.18,13.22,17662634.0,245829954.0
2023-05-24,13.18,13.58,13.05,13.38,19932361.0,278859001.0
2023-05-25,13.37,13.46,13.07,13.28,17356444.0,240506384.0
2023-05-26,13.27,13.27,12.99,13.0,11021461.0,150991404.0
2023-05-29,12.99,13.07,12.73,12.89,18914061.0,254914382.0
2023-05-30,12.89,12.92,12.54,12.79,17698587.0,235174129.0
2023-05-31,12.78,12.86,12.42,12.56,17021238.0,223704589.0
2023-06-01,12.55,12.83,12.44,12.64,13024468.0,173003535.0
2023-06-02,12.64,13.29,12.64,13.23,24399200.0,334282318.0
2023-06-05,13.36,13.37,13.1,13.28,11835378.0,164193575.0
2023-06-06,13.47,13.71,13.1,13.16,26373514.0,369428888.0
2023-06-07,13.19,13.23,12.81,12.89,15027532.0,203521529.0
2023-06-08,12.93,12.99,12.72,12.87,9512968.0,128130219.0
2023-06-09,12.87,12.92,12.67,12.74,16189026.0,216385773.0
2023-06-12,12.8,13.08,12.71,13.05,14973618.0,202903220.0
2023-06-13,13.05,13.1,12.87,12.95,8455956.0,114732280.0
2023-06-14,13.16,13.52,13.06,13.29,25284333.0,352016583.0
2023-06-15,13.31,13.54,13.18,13.49,19435470.0,272583060.0
2023-06-16,13.47,13.47,12.86,12.88,35935513.0,490673361.0
2023-06-19,12.88,13.04,12.78,12.96,21605158.0,292454958.0
2023-06-20,12.83,13.29,12.81,13.18,22044919.0,301822428.0
2023-06-21,13.18,13.18,12.68,12.69,17581366.0,236881941.0
2023-06-26,12.64,12.87,12.53,12.71,14166287.0,188253986.0
2023-06-27,12.71,13.07,12.66,12.95,15319949.0,207638315.0
2023-06-28,12.97,12.99,12.66,12.79,10585957.0,141666072.0
2023-06-29,12.82,12.82,12.46,12.61,17218791.0,226540854.0
2023-06-30,12.54,13.2,12.5,13.16,31154498.0,423899445.0
2023-07-03,13.21,13.27,12.96,12.99,18795547.0,256948717.0
2023-07-04,13.03,13.05,12.75,12.76,21518815.0,289063060.0
2023-07-05,12.78,12.81,12.48,12.59,22271549.0,293933190.0
2023-07-06,12.57,12.63,12.44,12.54,11600714.0,152124697.0
2023-07-07,12.57,12.62,12.44,12.51,10521585.0,137861068.0
2023-07-10,12.56,13.46,12.53,13.32,53872788.0,742684445.0
2023-07-11,13.18,13.32,12.87,13.21,29510976.0,403736221.0
2023-07-12,13.2,13.92,13.13,13.8,55261669.0,791548648.0
2023-07-13,13.82,14.19,13.67,14.06,41407352.0,595772532.0
2023-07-14,14.06,14.3,13.85,14.14,36469121.0,526215420.0
2023-07-17,14.14,14.83,14.03,14.5,40153498.0,598840177.0
2023-07-18,14.58,14.72,14.31,14.55,26685343.0,397931842.0
2023-07-19,14.55,14.94,14.52,14.57,23116891.0,349330685.0
2023-07-20,14.58,15.09,14.58,14.85,35622856.0,544402588.0
2023-07-21,14.7,15.69,14.65,15.44,38442948.0,605553168.0
2023-07-24,15.25,15.53,14.91,14.97,25452736.0,396316613.0
2023-07-25,15.05,15.33,14.79,14.82,25179060.0,387958928.0
2023-07-26,14.82,15.12,14.79,14.94,17202591.0,264655225.0
2023-07-27,15.04,15.04,14.54,14.59,24474115.0,369200428.0
2023-07-28,14.71,14.77,14.44,14.67,23449230.0,351490596.0
2023-07-31,14.71,14.78,14.49,14.52,14934488.0,224038093.0
2023-08-01,14.6,14.6,14.25,14.3,13112439.0,193586724.0
2023-08-02,14.26,14.37,13.99,14.22,15889703.0,231074710.0
2023-08-03,14.14,14.6,14.09,14.52,14266576.0,211505665.0
2023-08-04,14.6,14.71,14.35,14.35,13659527.0,203679276.0
2023-08-07,14.31,14.6,14.21,14.46,14373456.0,213121789.0
2023-08-08,14.46,15.91,14.37,15.91,47777996.0,753940292.0
2023-08-09,16.25,16.66,15.65,16.21,73916011.0,1226271451.0
2023-08-10,16.39,16.55,15.83,15.91,55530324.0,921290642.0
2023-08-11,15.99,16.43,15.86,16.05,31825625.0,529303599.0
2023-08-14,15.87,16.45,15.78,16.25,33675631.0,558961094.0
2023-08-15,16.22,16.57,15.86,16.04,23255043.0,384827087.0
2023-08-16,16.06,16.21,15.83,15.85,15238695.0,250117029.0
2023-08-17,15.8,15.92,15.34,15.59,17823563.0,286823598.0
2023-08-18,15.72,15.97,15.62,15.7,15964946.0,259296809.0
2023-08-21,15.64,15.92,15.47,15.51,11460899.0,184085112.0
2023-08-22,15.47,15.58,15.13,15.44,17260668.0,271974612.0
2023-08-23,15.45,15.47,15.17,15.19,8622531.0,135797162.0
2023-08-24,15.19,15.33,14.93,15.04,15213222.0,235369791.0
2023-08-25,15.02,15.23,14.87,15.05,15289880.0,235861625.0
2023-08-28,15.84,15.84,14.92,14.95,20367682.0,318089380.0
2023-08-29,14.79,15.55,14.72,15.4,20676647.0,324538820.0
2023-08-30,15.39,15.72,15.17,15.59,15275381.0,243086446.0
2023-08-31,15.59,16.11,15.59,15.95,17106799.0,280183104.0
2023-09-01,15.96,16.01,15.58,15.65,10076929.0,162902298.0
2023-09-04,15.73,16.36,15.69,16.06,15224357.0,251822422.0
2023-09-05,16.06,16.06,15.74,15.84,9849338.0,160524339.0
2023-09-06,15.78,15.78,15.39,15.61,16861738.0,270077072.0
2023-09-07,15.62,15.77,15.49,15.59,9706941.0,155795227.0
2023-09-08,15.55,15.73,15.3,15.59,9363654.0,149400180.0
2023-09-11,15.75,15.96,15.58,15.73,9814932.0,159006521.0
2023-09-12,15.69,16.31,15.62,16.2,17235839.0,284452450.0
2023-09-13,16.22,16.43,15.28,15.43,25203317.0,406076789.0
2023-09-14,15.44,15.61,15.37,15.57,10669365.0,169924899.0
2023-09-15,15.64,15.66,14.75,15.08,22431514.0,348161127.0
2023-09-18,15.05,15.34,14.84,15.25,11275431.0,174486025.0
2023-09-19,15.22,15.48,14.95,15.18,13711290.0,213883384.0
2023-09-20,15.19,15.71,15.1,15.45,15283840.0,242677311.0
2023-09-21,15.32,15.44,14.89,14.94,10216140.0,158372739.0
2023-09-22,14.84,15.02,14.28,14.42,26887448.0,402328285.0
2023-09-25,14.43,14.66,14.38,14.49,11037448.0,164588423.0
2023-09-26,14.44,14.99,14.32,14.83,13593300.0,205604230.0
2023-09-27,14.84,15.06,14.75,14.87,8662317.0,132673271.0
2023-09-28,14.87,15.11,14.74,14.81,7505910.0,114815632.0
2023-10-09,14.82,15.52,14.82,15.13,12348576.0,193501368.0
2023-10-10,15.14,15.22,14.95,14.99,6460812.0,99961619.0
2023-10-11,15.01,15.08,14.71,14.72,8379341.0,127410025.0
2023-10-12,14.84,15.12,14.75,14.94,7581270.0,116343917.0
2023-10-13,14.81,14.82,14.47,14.5,10521181.0,157536113.0
2023-10-16,14.49,14.54,13.91,14.23,15210902.0,221012555.0
2023-10-17,14.32,14.32,13.98,14.26,7652281.0,111340460.0
2023-10-18,14.19,14.24,13.95,13.97,5756605.0,83049162.0
2023-10-19,13.92,14.06,13.82,13.84,6419265.0,91832951.0
2023-10-20,13.82,14.02,13.65,13.9,7934193.0,113319240.0
2023-10-23,13.79,13.91,13.45,13.53,8229019.0,115665191.0
2023-10-24,13.56,13.84,13.53,13.61,8736763.0,122744410.0
2023-10-25,13.78,14.19,13.78,13.89,9154633.0,131645669.0
2023-10-26,13.83,13.83,13.43,13.65,10465187.0,146101177.0
2023-10-27,13.66,14.45,13.59,14.37,20372308.0,296801219.0
2023-10-30,14.35,14.79,14.26,14.61,14348828.0,214497766.0
2023-10-31,14.59,14.81,14.53,14.74,8345668.0,125878471.0
2023-11-01,14.83,14.83,14.45,14.57,7566956.0,113289229.0
2023-11-02,14.6,14.69,14.38,14.4,5803388.0,86317775.0
2023-11-03,14.4,14.76,14.34,14.64,11036204.0,165653079.0
2023-11-06,14.71,14.94,14.65,14.71,9599949.0,145829110.0
2023-11-07,14.73,14.92,14.58,14.79,7504949.0,113686696.0
2023-11-08,14.76,14.8,14.42,14.5,9270000.0,139113873.0
2023-11-09,14.5,14.66,14.42,14.45,8163061.0,121885859.0
2023-11-10,14.41,14.45,14.26,14.33,7044530.0,103772308.0
2023-11-13,14.36,14.44,14.17,14.37,7759368.0,113778819.0
2023-11-14,14.38,14.65,14.29,14.44,7348530.0,109419090.0
2023-11-15,14.55,15.27,14.52,14.98,22518547.0,345789253.0
2023-11-16,14.92,14.92,14.62,14.65,13163506.0,199267872.0
2023-11-17,14.63,14.82,14.53,14.65,7105337.0,107063953.0
2023-11-20,14.69,14.87,14.57,14.79,9644900.0,145696008.0
2023-11-21,14.79,15.18,14.71,15.06,13702795.0,211554288.0
2023-11-22,14.97,15.1,14.81,14.89,8410612.0,129220243.0
2023-11-23,15.24,16.0,15.24,15.77,33798114.0,546837222.0
2023-11-24,15.83,16.15,15.57,15.74,20076606.0,326178424.0
2023-11-27,15.9,15.9,15.43,15.67,10542577.0,169208213.0
2023-11-28,15.82,15.91,15.59,15.73,12905164.0,208575000.0
2023-11-29,15.73,16.06,15.67,15.75,14848928.0,242014531.0
2023-11-30,15.77,15.79,15.39,15.47,11449363.0,182366672.0
2023-12-01,15.48,15.48,15.25,15.45,11273250.0,178074841.0
2023-12-04,15.47,15.85,15.45,15.63,10974888.0,176556490.0
2023-12-05,15.63,15.81,15.3,15.34,11317435.0,180489498.0
2023-12-06,16.1,16.24,15.54,15.71,21902472.0,355450598.0
2023-12-07,15.67,15.91,15.64,15.78,12850586.0,208560961.0
2023-12-08,15.72,15.86,15.59,15.68,11191879.0,180777072.0
2023-12-11,15.57,16.15,15.46,16.06,17519424.0,285924855.0
2023-12-12,16.02,16.63,15.95,16.47,24835558.0,418121090.0
2023-12-13,16.43,16.62,16.08,16.24,16456555.0,276048512.0
2023-12-14,16.24,16.67,16.17,16.43,19833788.0,336550361.0
2023-12-15,16.41,16.6,16.24,16.28,10494939.0,176419983.0
2023-12-18,16.22,16.33,15.96,16.07,13266435.0,219689498.0
2023-12-19,16.04,16.28,15.86,16.07,11927747.0,196690160.0
2023-12-20,16.09,16.32,16.0,16.07,11844728.0,196354279.0
2023-12-21,15.94,16.05,15.67,16.01,12749938.0,208069437.0
2023-12-22,16.0,16.01,15.71,15.92,11354579.0,184768730.0
2023-12-25,15.82,15.93,15.65,15.75,7770617.0,125936645.0
2023-12-26,15.82,15.98,15.5,15.59,8883139.0,143138458.0
2023-12-27,15.64,15.92,15.38,15.81,13558017.0,218983081.0
2023-12-28,15.84,16.1,15.77,15.97,16585639.0,271548448.0
2023-12-29,15.93,16.15,15.65,16.05,11926671.0,195068212.0
2024-01-02,16.06,16.23,15.69,15.77,15708549.0,257294984.0
2024-01-03,15.73,15.94,15.64,15.82,13553853.0,219667907.0
2024-01-04,15.81,16.14,15.68,15.95,24043606.0,393983894.0
2024-01-05,16.04,16.88,16.01,16.25,32006917.0,541574158.0
2024-01-08,16.53,16.56,16.18,16.3,30654406.0,516362258.0
2024-01-09,16.29,16.4,15.7,15.82,23096328.0,380037785.0
2024-01-10,15.69,15.91,15.41,15.56,15351758.0,246808295.0
2024-01-11,15.46,15.74,15.13,15.48,14283575.0,226815486.0
2024-01-12,15.78,16.16,15.38,15.43,19529394.0,316875694.0
2024-01-15,15.44,15.49,15.05,15.17,16183414.0,253689440.0
2024-01-16,15.16,15.36,14.94,15.26,13473640.0,209669011.0
2024-01-17,15.21,15.38,14.89,14.94,10605630.0,165088356.0
2024-01-18,14.79,15.16,14.38,15.12,20873968.0,315508787.0
2024-01-19,15.09,15.26,14.84,15.02,8748031.0,135142856.0
2024-01-22,14.95,15.01,14.09,14.26,15613019.0,232837844.0
2024-01-23,14.29,14.72,13.97,14.61,15157179.0,224226708.0
2024-01-24,14.7,15.12,14.52,15.07,17347208.0,264757990.0
2024-01-25,15.21,15.57,15.1,15.57,15238107.0,241252486.0
2024-01-26,15.51,15.6,15.28,15.35,10414056.0,164709708.0
2024-01-29,15.38,15.89,15.38,15.47,18000591.0,289276479.0
2024-01-30,15.43,15.94,15.28,15.64,17853365.0,288572196.0
2024-01-31,15.58,15.72,15.25,15.52,15797501.0,251886464.0
2024-02-01,15.43,15.79,15.2,15.49,13565328.0,216315599.0
2024-02-02,15.52,15.58,14.7,15.1,19094909.0,297988939.0
2024-02-05,14.94,15.57,14.42,15.51,23312402.0,361386042.0
2024-02-06,15.29,16.32,15.24,16.27,23667252.0,387028657.0
2024-02-07,16.27,17.62,16.19,17.5,48230601.0,844922784.0
2024-02-08,17.76,18.38,17.18,17.37,49634868.0,911825246.0
2024-02-19,18.06,18.08,17.62,17.9,37793083.0,691832963.0
2024-02-20,17.8,19.35,17.66,19.21,49157487.0,950603661.0
2024-02-21,19.12,19.35,18.67,18.77,38105204.0,743672404.0
2024-02-22,18.83,18.98,18.54,18.85,22860793.0,440480088.0
2024-02-23,19.03,19.76,18.81,19.52,37216279.0,738163795.0
2024-02-26,19.63,20.78,19.63,19.83,38762992.0,803304891.0
2024-02-27,19.83,20.35,19.58,19.91,29123172.0,596386499.0
2024-02-28,20.13,20.78,19.88,20.15,40958111.0,854587418.0
2024-02-29,20.15,20.76,19.37,19.86,61865069.0,1268749832.0
2024-03-01,19.93,20.46,19.56,20.34,39191842.0,806101495.0
2024-03-04,20.52,20.61,19.45,19.86,42284900.0,862588394.0
2024-03-05,19.74,20.27,19.74,19.91,29275567.0,601026465.0
2024-03-06,19.91,20.38,19.8,19.87,33542092.0,691972806.0
2024-03-07,19.68,20.49,19.68,19.97,31447607.0,649665189.0
2024-03-08,19.79,20.09,19.4,19.7,39674774.0,802408484.0
2024-03-11,19.73,19.86,19.03,19.22,52430093.0,1038913452.0
2024-03-12,19.21,19.35,18.35,18.63,52118953.0,1003229821.0
2024-03-13,18.64,18.98,18.5,18.63,30404244.0,583840572.0
2024-03-14,18.59,19.01,18.54,18.7,26602861.0,512765277.0
2024-03-15,18.73,20.56,18.61,20.56,69973531.0,1421706534.0
2024-03-18,21.11,21.86,20.36,21.46,89324866.0,1938242088.0
2024-03-19,21.3,22.05,21.22,21.59,55405859.0,1231499081.0
2024-03-20,21.48,22.21,21.4,21.95,46774249.0,1051492306.0
2024-03-21,21.8,21.95,21.22,21.47,34893820.0,771735410.0
2024-03-22,21.46,22.52,21.27,21.82,51863135.0,1162404609.0
2024-03-25,21.7,22.34,21.39,21.42,39132688.0,876515551.0
2024-03-26,21.61,23.3,21.31,22.88,68061037.0,1570497248.0
2024-03-27,22.9,23.5,22.52,22.62,49207244.0,1159071709.0
2024-03-28,22.63,23.41,22.52,22.79,41904172.0,984429596.0
2024-03-29,22.92,23.59,22.5,23.03,39562940.0,936190457.0
2024-04-01,22.55,22.75,22.1,22.51,50075279.0,1157658002.0
2024-04-02,22.45,23.11,22.45,22.94,40260615.0,945390814.0
2024-04-03,23.07,23.26,21.61,21.7,64287894.0,1466225526.0
2024-04-08,21.41,22.2,21.29,21.65,34348064.0,770189537.0
2024-04-09,21.7,22.13,21.31,21.77,33036209.0,738107499.0
2024-04-10,21.72,21.95,21.16,21.19,29959946.0,660477998.0
2024-04-11,21.1,22.21,20.87,21.9,44731906.0,992561221.0
2024-04-12,21.83,22.19,21.57,21.9,26879317.0,605480954.0
2024-04-15,22.01,22.84,21.8,22.51,38547037.0,886913767.0
2024-04-16,22.51,22.68,21.85,22.04,33235102.0,760111221.0
2024-04-17,22.29,22.96,22.02,22.94,38246318.0,884663114.0
2024-04-18,22.73,23.3,22.29,22.87,42988941.0,1006106462.0
2024-04-19,22.95,23.25,22.49,22.66,24530137.0,575439630.0
2024-04-22,22.56,22.71,21.6,21.72,35315098.0,803351175.0
2024-04-23,21.4,21.68,20.31,21.28,58171891.0,1257311005.0
2024-04-24,21.28,21.71,21.1,21.41,24757972.0,544675806.0
2024-04-25,21.29,21.69,20.83,20.98,27663766.0,603334794.0
2024-04-26,21.51,23.09,21.46,23.02,62348863.0,1447352183.0
2024-04-29,22.87,23.46,22.8,23.34,42844567.0,1017985639.0
2024-04-30,23.22,23.6,22.95,23.02,23362399.0,556721030.0
2024-05-06,23.31,23.55,22.25,23.44,53237736.0,1255522194.0
2024-05-07,23.61,25.19,23.61,24.57,56710766.0,1431050236.0
2024-05-08,24.34,24.6,24.04,24.2,26244434.0,653340598.0
2024-05-09,24.33,24.82,24.26,24.53,25756578.0,649274625.0
2024-05-10,24.53,24.75,24.03,24.6,23097055.0,579294309.0
2024-05-13,24.67,24.86,24.14,24.68,23025347.0,581586601.0
2024-05-14,24.76,25.4,24.64,24.66,30042742.0,772313746.0
2024-05-15,24.65,25.35,24.62,25.14,25073031.0,645951495.0
2024-05-16,25.17,25.3,24.43,24.74,26679412.0,680381089.0
2024-05-17,24.65,24.65,24.11,24.49,21763159.0,544821416.0
2024-05-20,24.28,24.47,23.73,24.31,33596452.0,831726455.0
2024-05-21,24.38,24.57,23.91,24.17,25937359.0,645684266.0
2024-05-22,24.04,24.19,23.69,23.88,21932873.0,538377918.0
2024-05-23,23.77,24.08,23.17,23.24,29119478.0,702654892.0
2024-05-24,23.27,23.6,22.85,22.89,19932359.0,475722878.0
2024-05-27,22.88,23.49,22.78,23.43,22047418.0,525877059.0
2024-05-28,23.37,23.48,22.62,22.68,26957709.0,633485527.0
2024-05-29,22.61,23.01,22.51,22.89,19943889.0,467811562.0
2024-05-30,22.82,23.65,22.66,22.86,25531419.0,606978643.0
2024-05-31,22.96,23.16,22.59,23.14,19038595.0,448395018.0
2024-06-03,22.61,22.97,22.24,22.86,25535339.0,595454158.0
2024-06-04,22.83,23.65,22.74,23.57,26093412.0,624222141.0
2024-06-05,23.62,23.65,23.05,23.05,18424296.0,437893156.0
2024-06-06,23.02,23.52,22.91,23.06,17333908.0,411924004.0
2024-06-07,23.22,23.4,22.42,22.54,26005491.0,606305497.0
2024-06-11,22.54,22.84,22.29,22.66,18944454.0,437914758.0
2024-06-12,22.66,23.02,22.42,22.52,16837354.0,390951348.0
2024-06-13,22.41,22.74,22.07,22.28,23460839.0,536467656.0
2024-06-14,22.26,22.29,21.66,22.12,38860824.0,873707449.0
2024-06-17,21.72,22.02,21.31,21.86,37551659.0,831332602.0
2024-06-18,21.84,21.95,21.53,21.77,20601528.0,459323341.0
2024-06-19,21.85,22.06,21.69,21.84,16848007.0,377033952.0
2024-06-20,21.86,22.32,21.7,21.9,20924310.0,471556221.0
2024-06-21,21.78,22.1,21.72,21.99,13705011.0,307699152.0
2024-06-24,21.7,22.08,21.59,21.75,16070715.0,358663588.0
2024-06-25,22.78,23.81,22.63,23.19,51002113.0,1213542130.0
2024-06-26,23.2,23.77,22.42,23.71,33027621.0,783273874.0
2024-06-27,23.55,23.67,22.76,22.89,25277627.0,596189445.0
2024-06-28,23.0,23.64,22.94,23.59,25642494.0,614454575.0
2024-07-01,23.59,24.59,23.59,24.44,25323880.0,629744639.0
2024-07-02,24.44,24.59,24.0,24.07,19229039.0,476098320.0
2024-07-03,24.0,24.36,23.22,24.06,23125868.0,563812819.0
2024-07-04,23.95,24.39,23.9,24.05,13924253.0,343624661.0
2024-07-05,24.15,24.54,23.74,24.48,18762637.0,463745326.0
2024-07-08,24.48,24.48,23.91,24.03,16749100.0,413529501.0
2024-07-09,24.22,24.22,22.64,23.42,42221337.0,1002912856.0
2024-07-10,22.54,23.25,22.0,22.58,47866817.0,1106479192.0
2024-07-11,22.78,23.36,22.52,23.13,21977289.0,517235690.0
2024-07-12,23.12,23.22,22.19,22.21,23688220.0,545407459.0
2024-07-15,21.99,22.59,21.88,22.39,14041067.0,320780207.0
2024-07-16,22.31,22.37,20.15,20.43,77255986.0,1659906549.0
2024-07-17,21.02,21.22,19.52,19.69,51576559.0,1061093934.0
2024-07-18,19.55,20.04,19.34,19.8,26098311.0,528811689.0
2024-07-19,19.75,19.84,19.13,19.16,33823654.0,671052354.0
2024-07-22,19.08,20.31,18.99,19.71,33169769.0,669485064.0
2024-07-23,19.6,19.61,18.72,18.75,34800495.0,674986619.0
2024-07-24,18.67,18.97,18.49,18.72,21979385.0,421118635.0
2024-07-25,18.58,18.99,18.34,18.72,19014000.0,363450838.0
2024-07-26,18.65,19.46,18.65,19.06,20910553.0,409719656.0
2024-07-29,19.01,19.16,18.63,18.75,13514168.0,260424326.0
2024-07-30,18.67,18.77,18.22,18.61,18688716.0,352672163.0
2024-07-31,18.67,19.54,18.34,19.4,24853640.0,486126700.0
2024-08-01,19.44,19.78,19.03,19.08,17893622.0,353535636.0
2024-08-02,18.87,19.87,18.82,19.27,23581640.0,470198329.0
2024-08-05,19.16,19.6,18.69,18.71,19304164.0,376832644.0
2024-08-06,18.99,19.02,18.46,18.7,12540645.0,239345240.0
2024-08-07,18.65,18.81,18.39,18.62,10553880.0,200677788.0
2024-08-08,18.48,18.91,18.28,18.59,12819894.0,243661725.0
2024-08-09,18.65,18.87,17.97,18.23,23467053.0,438339659.0
2024-08-12,18.17,18.35,17.89,18.23,12990241.0,241585021.0
2024-08-13,18.26,18.32,17.77,18.03,17763542.0,326121472.0
2024-08-14,18.27,18.27,17.45,17.7,20338657.0,367118450.0
2024-08-15,17.61,17.94,17.45,17.55,15253295.0,275548997.0
2024-08-16,17.63,17.67,17.27,17.41,17920007.0,319235623.0
2024-08-19,17.48,17.99,17.32,17.4,17179803.0,308956304.0
2024-08-20,17.46,17.48,16.96,17.04,11960571.0,209563777.0
2024-08-21,16.97,17.19,16.91,16.96,7721757.0,134380745.0
2024-08-22,16.94,16.96,16.6,16.88,14546015.0,249175773.0
2024-08-23,17.01,17.75,16.96,17.29,34656841.0,615820591.0
2024-08-26,17.36,17.58,16.4,16.62,30378498.0,519880702.0
2024-08-27,16.57,16.66,15.82,16.03,35043660.0,578455401.0
2024-08-28,16.06,16.13,15.75,15.89,15466251.0,251440154.0
2024-08-29,15.89,16.12,15.65,15.69,24746875.0,400886081.0
2024-08-30,15.71,16.37,15.56,16.05,37794267.0,621124050.0
2024-09-02,16.02,16.02,15.12,15.13,33882651.0,534806819.0
2024-09-03,15.12,15.36,15.05,15.15,20335810.0,316290227.0
2024-09-04,15.05,15.22,14.72,14.92,21021430.0,322283195.0
2024-09-05,14.68,14.87,13.94,14.11,51804580.0,754419581.0
2024-09-06,14.13,14.25,14.01,14.1,24090251.0,347878304.0
2024-09-09,14.12,14.65,13.93,14.36,34476043.0,503805058.0
2024-09-10,14.36,14.96,14.32,14.68,40896691.0,613772643.0
2024-09-11,14.87,15.34,14.69,15.15,46764496.0,721833829.0
2024-09-12,15.25,15.55,15.04,15.37,29165500.0,456504881.0
2024-09-13,15.31,16.02,15.31,15.6,33655651.0,542334143.0
2024-09-18,16.05,16.52,15.94,16.32,46874356.0,776703558.0
2024-09-19,16.6,16.61,15.88,16.21,38161019.0,630211629.0
2024-09-20,16.14,16.54,15.94,16.52,29942244.0,497957329.0
2024-09-23,16.43,16.72,16.14,16.25,27525361.0,461353941.0
2024-09-24,16.36,17.19,16.03,17.01,36555189.0,622598441.0
2024-09-25,17.26,17.6,17.04,17.23,33156621.0,587310624.0
2024-09-26,17.27,18.95,17.23,18.95,43609897.0,812814188.0
2024-09-27,19.54,20.37,19.27,20.14,32260659.0,649418732.0
2024-09-30,21.74,22.15,21.22,21.77,80409994.0,1780556177.0
2024-10-08,23.94,23.95,20.63,21.51,96900519.0,2193073711.0
2024-10-09,20.98,21.6,20.19,20.43,72440758.0,1552997290.0
2024-10-10,20.51,21.17,20.06,20.44,40074443.0,845541429.0
2024-10-11,20.53,20.67,19.46,19.8,36408580.0,744955825.0
2024-10-14,19.85,20.16,19.51,20.02,33273341.0,676538739.0
2024-10-15,19.87,19.99,19.24,19.25,35750394.0,715070619.0
2024-10-16,19.04,19.62,18.9,19.28,34634505.0,684048501.0
2024-10-17,19.41,19.58,18.83,18.85,28158341.0,551659231.0
2024-10-18,18.76,19.61,18.67,19.14,42343793.0,827064990.0
2024-10-21,19.39,20.61,19.07,20.15,53072114.0,1082935289.0
2024-10-22,20.04,20.61,20.04,20.34,29733880.0,618406440.0
2024-10-23,20.43,20.73,20.05,20.53,33245223.0,693017397.0
2024-10-24,20.39,20.39,19.76,19.83,29200732.0,598848553.0
2024-10-25,19.09,20.63,19.05,20.52,51224549.0,1047994527.0
2024-10-28,20.39,20.58,19.51,20.12,40184217.0,822543142.0
2024-10-29,19.95,20.29,19.75,20.08,23882410.0,488732721.0
2024-10-30,19.91,20.97,19.91,20.83,34172413.0,724343093.0
2024-10-31,20.83,20.83,20.24,20.45,28168997.0,590333336.0
2024-11-01,20.59,22.0,20.58,21.31,47326218.0,1038110181.0
2024-11-04,21.39,21.88,21.33,21.51,30180208.0,664204303.0
2024-11-05,21.66,22.29,21.45,21.94,37727339.0,846888242.0
2024-11-06,21.95,22.58,21.7,21.85,38070165.0,862292798.0
2024-11-07,21.7,22.07,21.45,21.95,28251920.0,630058403.0
2024-11-08,22.09,22.19,21.41,21.6,29451289.0,655103628.0
2024-11-11,21.2,22.4,21.1,22.08,35791705.0,798184973.0
2024-11-12,21.92,22.74,21.92,22.13,40213602.0,913296217.0
2024-11-13,22.19,22.59,21.82,22.07,22354576.0,505741551.0
2024-11-14,22.01,22.29,21.53,21.56,25405373.0,568950253.0
2024-11-15,21.51,22.64,21.17,21.81,32121337.0,718951884.0
2024-11-18,21.95,22.19,20.86,20.97,33330204.0,731253482.0
2024-11-19,21.06,21.15,20.44,20.91,26605250.0,564606459.0
2024-11-20,20.87,21.5,20.87,21.16,24040881.0,521824359.0
2024-11-21,21.04,21.43,20.97,21.25,13888417.0,301180084.0
2024-11-22,21.17,21.32,20.09,20.13,24871049.0,524751041.0
2024-11-25,20.04,20.38,19.92,20.08,16289844.0,335322184.0
2024-11-26,20.36,21.11,20.36,20.54,20261129.0,429222966.0
2024-11-27,20.54,21.85,20.07,21.79,29034382.0,623906522.0
2024-11-28,21.79,21.84,21.44,21.6,20607545.0,455780144.0
2024-11-29,21.7,22.06,21.33,21.87,25449737.0,565527526.0
2024-12-02,22.34,22.66,22.14,22.33,35380997.0,811276828.0
2024-12-03,22.34,22.46,22.01,22.3,19387811.0,441307321.0
2024-12-04,22.2,22.34,21.74,21.97,18861318.0,424030836.0
2024-12-05,21.85,21.94,21.5,21.7,19352181.0,429496303.0
2024-12-06,21.7,21.9,21.51,21.72,17451177.0,388424776.0
2024-12-09,21.78,22.51,21.62,21.8,24306424.0,546463516.0
2024-12-10,22.19,22.56,22.0,22.3,34616148.0,787977163.0
2024-12-11,22.47,22.83,22.17,22.19,28671048.0,659290158.0
2024-12-12,22.19,22.37,21.66,22.11,37698786.0,847741428.0
2024-12-13,22.05,22.55,21.56,21.64,77533600.0,1740566583.0
2024-12-16,21.54,21.66,20.82,21.1,37976197.0,819851556.0
2024-12-17,21.19,21.35,20.76,21.0,18085961.0,389066818.0
2024-12-18,21.41,21.98,20.97,21.26,18816038.0,409618632.0
2024-12-19,20.92,22.42,20.88,22.24,29812229.0,665725064.0
2024-12-20,22.26,22.68,22.22,22.4,24830817.0,569934408.0
2024-12-23,22.74,23.73,22.58,23.46,46625234.0,1113460136.0
2024-12-24,23.46,23.69,23.17,23.61,34911382.0,836485730.0
2024-12-25,23.77,24.0,23.33,23.55,23184609.0,560879867.0
2024-12-26,23.8,23.9,23.34,23.62,19332980.0,465351297.0
2024-12-27,23.46,23.79,22.88,22.88,33414563.0,795567550.0
2024-12-30,22.68,23.54,22.68,23.34,30443302.0,719550139.0
2024-12-31,23.46,24.23,23.18,23.58,40303486.0,981836686.0
2025-01-02,24.45,24.64,23.21,23.41,31870667.0,774450796.0
2025-01-03,23.12,23.46,22.68,22.7,21439896.0,506791194.0
2025-01-06,23.07,24.97,23.07,24.2,57076183.0,1411239135.0
2025-01-07,24.25,24.8,23.91,24.7,46692281.0,1164802753.0
2025-01-08,24.5,24.64,23.34,23.78,36989556.0,900678526.0
2025-01-09,23.77,25.59,23.74,24.6,57137699.0,1453016166.0
2025-01-10,24.69,25.18,24.35,24.49,36324732.0,915628629.0
2025-01-13,24.1,24.57,23.83,24.05,26009033.0,643232219.0
2025-01-14,24.03,24.74,23.64,24.62,35837026.0,892924184.0
2025-01-15,24.53,24.81,23.95,24.51,26571670.0,664195504.0
2025-01-16,24.64,24.65,23.9,24.26,23953481.0,594144784.0
2025-01-17,24.19,25.09,24.05,24.8,25514542.0,643408308.0
2025-01-20,25.27,26.01,25.13,25.62,38474902.0,1004936059.0
2025-01-21,25.64,25.8,25.32,25.5,23324140.0,610009319.0
2025-01-22,25.54,25.78,25.18,25.72,26380446.0,688665689.0
2025-01-23,26.12,26.12,24.8,24.8,43083759.0,1113298322.0
2025-01-24,24.74,25.18,24.61,25.01,19622083.0,501851137.0
2025-01-27,25.11,25.21,24.83,25.1,16404988.0,420352051.0
2025-02-05,25.1,25.21,24.46,25.09,15892063.0,405624567.0
2025-02-06,24.99,25.39,24.7,24.83,21758533.0,554288723.0
2025-02-07,24.75,24.88,23.71,24.18,47005436.0,1162741845.0
2025-02-10,24.18,24.31,23.96,24.27,20360225.0,503203736.0
2025-02-11,24.33,24.74,23.98,24.41,25126423.0,626946695.0
2025-02-12,24.31,24.54,24.23,24.43,14001204.0,349260115.0
2025-02-13,24.44,24.45,23.96,24.04,16643876.0,411586698.0
2025-02-14,24.04,24.64,23.95,24.38,17224037.0,427776615.0
2025-02-17,24.12,24.33,23.48,24.04,24880014.0,607282031.0
2025-02-18,24.05,24.98,23.98,24.26,28347090.0,709844649.0
2025-02-19,24.62,24.62,22.51,23.37,66185142.0,1579664368.0
2025-02-20,23.35,23.52,22.86,23.42,28857289.0,687527401.0
2025-02-21,23.35,23.42,22.63,22.73,38665994.0,904700596.0
2025-02-24,22.64,23.56,22.56,23.45,31467306.0,744893600.0
2025-02-25,23.3,23.46,23.01,23.15,16549749.0,392639330.0
2025-02-26,23.61,24.87,23.61,24.17,40637174.0,1013584939.0
2025-02-27,24.06,24.64,24.04,24.17,20476213.0,508346852.0
2025-02-28,24.31,24.43,23.74,23.84,17475840.0,430542098.0
2025-03-03,23.79,23.97,23.45,23.51,16736591.0,405489217.0
2025-03-04,23.47,23.69,23.27,23.34,12532589.0,300573965.0
2025-03-05,23.29,24.23,23.25,24.1,19806823.0,481538208.0
2025-03-06,24.27,24.27,23.87,24.14,17568573.0,432745901.0
2025-03-07,24.12,24.74,24.03,24.69,23054686.0,577451502.0
2025-03-10,24.74,25.52,24.52,25.42,32111225.0,830332842.0
2025-03-11,25.22,25.6,24.98,25.6,22696652.0,586985736.0
2025-03-12,25.81,25.83,25.15,25.19,20979659.0,545323569.0
2025-03-13,25.21,25.39,25.02,25.22,15619659.0,402284789.0
2025-03-14,25.32,25.45,24.89,24.97,21203881.0,545588013.0
2025-03-17,24.97,25.33,24.91,24.93,11192211.0,286716029.0
2025-03-18,25.18,25.56,24.65,24.69,26836811.0,688120697.0
2025-03-19,24.74,25.52,24.55,24.71,27012217.0,688774734.0
2025-03-20,24.72,24.92,24.44,24.47,17001310.0,427895739.0
2025-03-21,24.44,24.56,23.12,23.12,34858240.0,846874048.0
2025-03-24,23.15,23.88,23.07,23.76,22970394.0,551933518.0
2025-03-25,23.76,23.99,22.83,23.37,23801185.0,567404677.0
2025-03-26,23.37,23.64,23.18,23.24,14492800.0,346682038.0
2025-03-27,23.2,23.97,23.17,23.74,19356373.0,470009428.0
2025-03-28,23.88,24.08,23.57,23.86,16838971.0,410059547.0
2025-03-31,24.01,24.29,23.63,24.16,19589805.0,480012989.0
2025-04-01,24.2,24.58,23.97,24.31,15507436.0,385541886.0
2025-04-02,24.4,25.05,24.25,24.82,24426451.0,618591011.0
2025-04-03,24.6,24.6,23.65,23.86,24833512.0,611770658.0
2025-04-07,21.52,22.29,21.47,21.94,50550956.0,1122536278.0
2025-04-08,22.37,23.17,21.8,23.1,37925972.0,876263902.0
2025-04-09,22.88,23.31,22.49,23.3,25725522.0,604996350.0
2025-04-10,23.65,23.65,23.08,23.25,23537309.0,561987650.0
2025-04-11,23.2,23.2,22.78,23.04,16692944.0,392537153.0
2025-04-14,23.46,24.39,23.25,23.83,34497025.0,841407527.0
2025-04-15,23.77,24.0,23.32,23.5,18366291.0,443189065.0
2025-04-16,23.49,23.55,23.06,23.55,15517249.0,369670523.0
2025-04-17,23.56,23.71,23.4,23.57,9904500.0,238368623.0
2025-04-18,23.46,23.46,23.22,23.33,7932671.0,189185793.0
2025-04-21,23.14,23.39,23.0,23.26,10261760.0,243310961.0
2025-04-22,23.24,24.1,23.17,23.9,18378277.0,447096871.0
2025-04-23,23.9,24.19,23.79,24.11,12769102.0,313127992.0
2025-04-24,24.07,24.2,23.56,24.19,14023628.0,343544637.0
2025-04-25,24.25,24.82,24.07,24.59,22261348.0,557328676.0
2025-04-28,24.69,24.98,24.67,24.79,19762634.0,502435474.0
2025-04-29,24.93,25.35,24.6,24.93,19736911.0,504675416.0
2025-04-30,24.9,25.34,24.65,24.84,19701488.0,503586133.0
2025-05-06,25.2,27.14,24.99,26.8,54147359.0,1456746312.0
2025-05-07,27.02,27.07,26.5,27.07,33842732.0,929735924.0
2025-05-08,26.95,27.03,26.27,26.38,29361703.0,796037979.0
2025-05-09,26.41,26.7,26.17,26.21,18817867.0,507642138.0
2025-05-12,26.4,26.49,25.98,26.24,16559107.0,442593929.0
2025-05-13,26.32,26.32,25.91,26.13,15797723.0,421773455.0
2025-05-14,26.13,26.58,26.08,26.42,20137755.0,542711542.0
2025-05-15,26.4,26.53,25.72,26.06,19851417.0,528585447.0
2025-05-16,25.87,26.28,25.54,25.64,23807926.0,628605241.0
2025-05-19,25.66,25.83,25.48,25.57,13501289.0,353698158.0
2025-05-20,25.61,26.04,25.53,25.73,13998427.0,368781822.0
2025-05-21,25.86,26.08,25.62,25.74,17084561.0,451072526.0
2025-05-22,25.66,25.66,25.18,25.49,15296857.0,397497278.0
2025-05-23,25.52,25.85,25.43,25.65,12611821.0,331025844.0
2025-05-26,25.62,25.92,25.42,25.47,12668800.0,332570232.0
2025-05-27,25.48,25.53,24.94,25.03,13651434.0,351036798.0
2025-05-28,25.04,25.15,24.93,25.03,8119861.0,207887957.0
2025-05-29,25.13,25.88,25.04,25.77,19122019.0,500335878.0
2025-05-30,25.72,26.09,25.72,25.85,12990839.0,343544226.0
2025-06-03,25.74,26.4,25.57,26.19,18595533.0,495371438.0
2025-06-04,26.18,26.59,26.04,26.2,14709980.0,395394116.0
2025-06-05,26.11,26.32,25.83,25.97,12583444.0,334540420.0
2025-06-06,26.02,27.56,25.91,26.61,33455757.0,908631710.0
2025-06-09,26.7,27.08,26.62,26.91,19207684.0,523871818.0
2025-06-10,26.92,27.2,26.71,26.98,15931142.0,435572830.0
2025-06-11,27.1,27.12,26.78,26.94,11410201.0,311533898.0
2025-06-12,26.89,27.1,26.74,26.85,12944028.0,352741365.0
2025-06-13,26.76,27.54,26.73,27.45,22978261.0,633475238.0
2025-06-16,27.71,28.45,27.58,27.91,23012850.0,653089726.0
2025-06-17,28.19,28.44,27.89,28.01,13475720.0,383525024.0
2025-06-18,28.21,28.7,27.7,28.21,18759998.0,537168701.0
2025-06-19,28.23,28.73,27.62,27.83,22420534.0,636440642.0
2025-06-20,27.89,28.1,27.4,27.52,18114084.0,507974820.0
2025-06-23,27.42,27.61,26.71,26.8,23980068.0,656913556.0
2025-06-24,26.88,27.0,26.68,26.81,17080672.0,464717930.0
2025-06-25,27.16,27.62,26.86,27.11,24285868.0,668232893.0
2025-06-26,27.47,27.47,26.92,26.96,14458560.0,398236596.0
2025-06-27,27.11,27.76,27.05,27.23,27631519.0,768928619.0
2025-06-30,27.39,28.5,27.33,28.29,35862926.0,1020514019.0
2025-07-01,28.25,28.75,28.18,28.6,25062636.0,723080028.0
2025-07-02,28.62,28.89,28.39,28.58,19562035.0,566889063.0
2025-07-03,28.53,28.6,27.74,27.95,21625796.0,614208081.0
2025-07-04,28.02,28.17,27.91,27.92,12401800.0,352373599.0
2025-07-07,28.13,28.36,27.96,28.13,12548350.0,357471564.0
2025-07-08,28.11,28.55,28.07,28.39,16424342.0,471924031.0
2025-07-09,28.98,29.05,27.11,27.17,56609591.0,1581867215.0
2025-07-10,27.17,27.31,26.33,26.38,42061533.0,1135836761.0
2025-07-11,26.44,26.78,26.34,26.35,30510291.0,819508830.0
2025-07-14,26.49,26.9,26.49,26.81,24100672.0,653042272.0
2025-07-15,26.84,27.02,26.61,26.74,17341068.0,470985963.0
2025-07-16,26.71,26.88,26.57,26.78,12922588.0,350231285.0
2025-07-17,26.63,26.81,26.48,26.58,20261035.0,546444129.0
2025-07-18,26.58,26.58,25.87,26.55,34530703.0,916294434.0
2025-07-21,26.48,26.7,26.23,26.67,22329838.0,599946033.0
2025-07-22,26.64,27.15,26.64,27.12,27353375.0,748052348.0
2025-07-23,27.12,27.3,26.94,27.07,18137318.0,497704324.0
2025-07-24,26.98,27.02,26.53,26.81,22302988.0,604339989.0
2025-07-25,26.81,26.88,26.27,26.55,20411146.0,548876439.0
2025-07-28,26.58,26.58,26.14,26.24,21922693.0,583767138.0
2025-07-29,26.18,26.37,26.03,26.06,18356430.0,485900104.0
2025-07-30,25.98,26.6,25.75,26.43,27080961.0,721455305.0
2025-07-31,26.24,26.97,26.2,26.4,28030254.0,756755524.0
2025-08-01,26.36,27.12,26.33,26.56,33561783.0,910420672.0
2025-08-04,26.79,27.47,26.79,27.0,35785890.0,984159963.0
2025-08-05,27.13,27.22,26.8,26.98,18210251.0,497965380.0
2025-08-06,27.04,27.25,26.9,27.18,26444712.0,724618488.0
2025-08-07,27.13,28.11,27.12,28.02,42602824.0,1203643263.0
2025-08-08,28.04,28.35,27.97,28.07,19712992.0,561759782.0
2025-08-11,28.21,28.3,27.63,27.75,26024004.0,735506208.0
2025-08-12,27.75,28.66,27.69,28.55,33907111.0,973102443.0
2025-08-13,28.65,29.24,28.43,28.62,35818304.0,1045833198.0
2025-08-14,28.75,28.95,28.22,28.25,28795144.0,833034456.0
2025-08-15,28.23,29.67,28.23,29.45,42844336.0,1265354871.0
2025-08-18,30.57,31.75,29.98,30.77,85302678.0,2668031274.0
2025-08-19,31.23,31.68,30.23,30.7,61872462.0,1933581286.0
2025-08-20,30.55,31.05,30.23,30.8,36990544.0,1148933852.0
2025-08-21,30.92,31.69,30.74,30.88,37220764.0,1173494609.0
2025-08-22,30.82,32.65,30.59,32.55,63407536.0,2053017724.0
2025-08-25,33.23,35.76,32.37,34.21,92525009.0,3206756899.0
2025-08-26,34.17,35.83,34.01,35.11,59079412.0,2104944874.0
2025-08-27,35.21,36.44,34.93,35.35,68308636.0,2476156412.0
2025-08-28,35.13,35.82,34.6,35.7,76676954.0,2741331025.0
2025-08-29,36.08,38.92,35.9,38.16,79232597.0,3027493173.0
2025-09-01,39.05,39.55,37.67,38.48,73226274.0,2854312617.0
2025-09-02,38.26,38.46,36.29,36.54,72891639.0,2743524375.0
2025-09-03,36.79,37.04,35.4,36.09,55432917.0,2022692435.0
2025-09-04,35.81,36.06,34.03,34.61,73797519.0,2605884500.0
2025-09-05,34.52,35.78,34.28,35.41,52072159.0,1844649497.0
2025-09-08,35.41,35.85,34.74,35.77,44307904.0,1587269604.0
2025-09-09,35.49,36.07,34.81,35.36,33760119.0,1211678300.0
2025-09-10,35.17,35.95,34.99,35.28,25389821.0,911124179.0
2025-09-11,35.28,36.79,35.21,36.7,51249723.0,1878995060.0
2025-09-12,35.99,37.82,35.32,36.78,73459910.0,2719462995.0
2025-09-15,36.95,36.97,35.7,36.29,38637119.0,1422002336.0
2025-09-16,36.58,36.76,35.31,35.95,36481422.0,1323283559.0
2025-09-17,35.9,37.25,35.73,36.67,39641017.0,1469869467.0
2025-09-18,36.49,37.03,35.77,36.25,42522643.0,1566317694.0
2025-09-19,36.22,36.9,35.93,36.12,28027185.0,1034644285.0
2025-09-22,36.11,36.34,34.99,36.34,35460370.0,1281972139.0
2025-09-23,35.54,36.27,34.72,35.36,35054183.0,1257870828.0
2025-09-24,35.38,36.33,35.21,35.99,31353725.0,1139733694.0
2025-09-25,35.7,36.61,35.66,36.14,25616965.0,941441269.0
2025-09-26,36.0,36.87,35.68,36.17,35512919.0,1308596741.0
2025-09-29,36.28,39.16,36.21,39.06,71711371.0,2741803162.0
2025-09-30,38.87,39.66,38.31,39.46,49483561.0,1963582370.0
2025-10-09,40.44,41.37,39.58,40.97,47728512.0,1962492378.0
2025-10-10,40.44,41.09,39.7,40.03,43007300.0,1756105653.0
2025-10-13,38.46,39.21,37.51,38.17,54183225.0,2105027570.0
2025-10-14,38.96,39.06,35.68,35.89,58177285.0,2193050414.0
2025-10-15,35.9,36.91,35.39,36.79,29664769.0,1087749421.0
2025-10-16,36.4,36.59,35.91,36.15,23247156.0,852686584.0
2025-10-17,36.08,36.21,34.76,34.81,32437888.0,1157334887.0
2025-10-20,35.0,35.66,35.0,35.52,24572980.0,881834194.0
2025-10-21,35.41,36.09,35.31,35.66,23382119.0,843383874.0
2025-10-22,35.53,35.8,34.96,35.31,16657375.0,597852086.0
2025-10-23,35.02,35.27,34.24,35.14,24121575.0,849260558.0
2025-10-24,34.54,35.05,34.32,34.97,38093088.0,1338653550.0
2025-10-27,35.21,36.02,34.82,35.28,35984031.0,1291613835.0
2025-10-28,35.3,35.9,35.01,35.24,29881607.0,1072428812.0
2025-10-29,35.34,36.93,35.31,36.87,40617438.0,1487545208.0
2025-10-30,36.92,36.93,35.5,35.58,33218419.0,1211934849.0
2025-10-31,35.49,35.93,34.74,34.83,30318379.0,1082648353.0
2025-11-03,34.83,34.91,32.72,33.34,46294429.0,1564058849.0
2025-11-04,33.53,33.58,32.5,32.69,28465833.0,946739888.0
2025-11-05,32.35,33.17,32.12,32.95,18955220.0,630107702.0
2025-11-06,33.09,34.47,32.99,34.36,36014406.0,1243902686.0
2025-11-07,34.32,35.01,33.84,34.52,28591860.0,1003530891.0
2025-11-10,34.57,35.6,34.57,35.36,31939418.0,1142939900.0
2025-11-11,35.19,35.24,34.15,34.22,23766536.0,831090908.0
2025-11-12,34.12,35.07,33.6,34.6,23525677.0,820619807.0
2025-11-13,34.74,35.88,34.56,35.77,36821610.0,1322506497.0
2025-11-14,35.5,35.66,35.11,35.11,21501681.0,770294577.0
2025-11-17,35.11,35.68,34.54,34.72,18802819.0,665550246.0
2025-11-18,34.72,35.41,33.89,34.18,20311949.0,710777370.0
2025-11-19,33.93,34.7,33.9,34.27,14291106.0,497036951.0
2025-11-20,34.27,34.82,33.93,33.96,14379775.0,501331732.0
2025-11-21,33.68,33.73,32.74,32.74,18386299.0,618637097.0
2025-11-24,33.02,33.43,32.54,32.68,16736575.0,559260686.0
2025-11-25,33.12,33.29,32.84,32.98,13045789.0,437146693.0
2025-11-26,32.99,33.37,32.69,33.04,10628686.0,356428049.0
2025-11-27,33.04,33.66,33.0,33.09,11602646.0,391834392.0
2025-11-28,33.04,33.32,32.85,33.06,8993936.0,301678660.0
2025-12-01,33.17,33.48,33.0,33.2,13467750.0,453163012.0
2025-12-02,33.12,33.28,32.79,32.95,9482142.0,317344569.0
2025-12-03,33.04,33.63,33.04,33.34,16542952.0,559361431.0
2025-12-04,33.37,33.81,33.12,33.62,14533697.0,494445687.0
2025-12-05,33.79,33.79,33.24,33.52,14075388.0,478079285.0
2025-12-08,33.71,35.0,33.67,34.85,29890114.0,1049624189.0
2025-12-09,34.95,36.44,34.8,35.78,39452044.0,1437507819.0
2025-12-10,35.65,36.37,35.04,36.28,25026774.0,908724296.0
2025-12-11,36.29,36.56,35.47,35.48,20763375.0,757803676.0
2025-12-12,35.41,35.8,35.02,35.65,17456507.0,626437271.0
2025-12-15,35.46,35.5,34.86,35.3,14964470.0,535044398.0
2025-12-16,35.23,35.48,34.47,34.62,13771533.0,485769739.0
2025-12-17,34.81,35.98,34.78,35.75,18845558.0,677335914.0
2025-12-18,36.01,36.1,35.31,35.31,17774233.0,640845042.0
2025-12-19,35.56,36.01,35.18,36.0,17920728.0,649053383.0
2025-12-22,36.19,37.18,35.87,37.05,32143882.0,1197715389.0
2025-12-23,37.16,37.36,36.74,36.97,18814416.0,706224590.0
2025-12-24,37.19,37.28,36.7,36.89,15661615.0,586310254.0
2025-12-25,36.62,38.26,36.62,37.69,25148555.0,959817579.0
2025-12-26,37.6,38.0,36.98,37.35,18272721.0,693390403.0
2025-12-29,37.34,37.47,36.82,36.97,19740199.0,742375379.0
2025-12-30,36.69,38.22,36.59,37.91,23025285.0,878200524.0
2025-12-31,37.87,38.13,37.54,37.89,15136844.0,581251157.0
2026-01-05,37.98,38.12,36.85,37.21,31502063.0,1190052258.0
2026-01-06,37.16,38.39,36.89,38.17,41571893.0,1588357312.0
2026-01-07,38.12,38.63,37.84,38.3,23495934.0,909909833.0
2026-01-08,38.02,38.44,37.17,37.42,21438954.0,821790765.0
2026-01-09,37.35,37.55,36.82,37.29,23246421.0,877355808.0
2026-01-12,36.49,36.79,35.58,36.19,44505856.0,1627174894.0
2026-01-13,36.01,36.48,35.66,35.78,25368619.0,926861127.0
2026-01-14,35.61,36.29,35.5,36.01,26915266.0,980265650.0
2026-01-15,35.78,37.21,35.67,36.69,25673382.0,954927558.0
2026-01-16,37.07,37.36,36.39,36.97,23600766.0,881618796.0
2026-01-19,36.89,38.93,36.77,38.65,36512095.0,1416886665.0
2026-01-20,38.89,39.07,37.77,38.75,30213981.0,1178588936.0
2026-01-21,38.67,39.55,38.38,39.45,31835162.0,1264992825.0
2026-01-22,37.48,38.6,37.31,38.44,73128301.0,2809414091.0
2026-01-23,38.19,39.11,37.88,38.6,39649527.0,1547114471.0
2026-01-26,38.62,39.55,38.19,38.94,42601975.0,1682230158.0
2026-01-27,39.0,40.51,38.96,39.27,38087530.0,1533393340.0
2026-01-28,39.43,40.98,38.89,40.42,41734933.0,1700043392.0
2026-01-29,40.81,41.6,39.48,39.72,31971471.0,1295860587.0
2026-01-30,39.33,39.99,38.06,38.97,31615894.0,1244180043.0
2026-02-02,38.73,39.72,37.2,37.24,35736417.0,1376765136.0
2026-02-03,37.93,38.02,36.83,37.64,21517482.0,812468766.0
2026-02-04,37.79,37.86,36.98,37.42,21238000.0,800251740.0
2026-02-05,37.64,38.02,37.09,37.36,18479078.0,700537511.0
2026-02-06,37.05,39.48,36.74,38.93,32888584.0,1282526139.0
2026-02-09,39.23,39.35,38.49,39.16,22032840.0,865364694.0
2026-02-10,39.19,39.59,38.53,39.49,22165183.0,873892646.0
2026-02-11,39.41,40.07,39.22,39.54,17963541.0,719474978.0
2026-02-12,39.54,40.2,39.31,39.44,18251932.0,730842633.0
2026-02-13,39.43,39.43,38.44,38.44,16319710.0,639178083.0
2026-02-24,38.91,40.4,38.54,40.28,28976407.0,1164089306.0
2026-02-25,40.31,41.23,39.5,40.62,30318238.0,1237779941.0
2026-02-26,40.66,41.32,40.23,40.92,21246042.0,873495736.0
2026-02-27,40.66,41.8,40.6,41.21,23155612.0,962341200.0
2026-03-02,41.2,43.51,40.97,42.89,42624642.0,1832660558.0
2026-03-03,42.89,43.43,41.58,41.75,33278404.0,1417902121.0
2026-03-04,41.12,42.28,40.37,40.49,30968905.0,1286876244.0
2026-03-05,41.1,41.59,40.69,41.16,18851005.0,782947513.0
2026-03-06,41.09,42.79,40.5,42.37,28383639.0,1202054159.0
2026-03-09,41.43,41.73,39.89,40.58,30932944.0,1269791538.0
2026-03-10,40.81,41.63,40.71,41.0,19578225.0,812524077.0
2026-03-11,41.06,41.08,39.92,40.28,22990282.0,937517678.0
2026-03-12,40.52,40.58,38.83,39.28,29268481.0,1161832587.0
2026-03-13,39.08,39.72,38.21,38.36,23806292.0,936999640.0
2026-03-16,38.35,38.74,36.79,37.65,33615765.0,1275153279.0
2026-03-17,37.84,38.67,37.44,37.49,20674099.0,793947693.0
2026-03-18,37.59,37.62,36.56,37.49,20936480.0,783435321.0
2026-03-19,37.08,37.08,35.58,35.96,35348736.0,1288625495.0
2026-03-20,36.05,36.22,35.08,35.08,23186216.0,833416137.0
2026-03-23,34.27,34.76,33.56,33.78,32986029.0,1132830505.0
2026-03-24,34.43,34.79,33.41,34.64,23383732.0,806922590.0
2026-03-25,34.97,35.67,34.67,34.89,20681428.0,734371069.0
2026-03-26,34.93,35.39,34.22,34.48,13691755.0,481118914.0
2026-03-27,34.15,34.82,33.99,34.7,17867513.0,622066298.0
2026-03-30,34.48,34.92,34.09,34.33,16417523.0,571580507.0
2026-03-31,34.28,34.64,33.68,33.83,15518109.0,534098102.0
2026-04-01,34.49,34.7,33.87,34.55,15729351.0,545961867.0
2026-04-02,34.37,34.46,33.09,33.28,21653044.0,734878750.0
2026-04-03,33.67,34.22,33.29,33.36,17169962.0,583994298.0
2026-04-07,33.38,34.35,33.21,34.13,22340208.0,764432854.0
2026-04-08,34.87,35.11,34.45,34.67,32371658.0,1134586595.0
2026-04-09,34.47,34.72,33.57,34.37,21376065.0,736789602.0
2026-04-10,34.62,34.73,34.23,34.47,20227530.0,703753381.0
2026-04-13,34.42,34.47,33.25,33.53,34793402.0,1181885861.0
2026-04-14,33.78,35.16,32.61,35.01,48065941.0,1646764934.0
2026-04-15,35.25,35.89,33.93,34.09,42230696.0,1486453457.0
2026-04-16,34.09,34.45,33.68,33.78,34718400.0,1187742310.0
2026-04-17,33.78,33.8,33.04,33.47,29233280.0,983577491.0
2026-04-20,33.58,34.97,33.26,34.14,42628692.0,1478445590.0
2026-04-21,34.14,34.71,33.69,34.09,27509846.0,946149390.0
2026-04-22,33.99,34.03,33.26,33.61,37792691.0,1278152809.0
2026-04-23,33.83,34.33,33.1,33.29,32125396.0,1087583888.0
2026-04-24,33.35,35.0,33.24,34.72,48238261.0,1663716046.0
2026-04-27,34.72,35.86,34.58,35.54,47078929.0,1684272760.0
2026-04-28,35.54,36.32,34.97,35.88,42457077.0,1528915185.0
2026-04-29,36.47,37.04,35.99,36.47,42980737.0,1582004064.0
2026-04-30,36.33,37.0,36.14,36.29,32343517.0,1192184571.0
2026-05-06,36.3,36.91,35.76,36.69,42738342.0,1568184475.0
2026-05-07,36.74,36.85,35.54,35.82,42411468.0,1536600582.0
2026-05-08,35.58,35.84,35.01,35.25,33468281.0,1193673872.0
2026-05-11,35.24,36.01,35.15,35.42,38308026.0,1374027227.0
2026-05-12,35.34,35.6,34.62,34.83,31826057.0,1124549032.0
2026-05-13,34.57,35.05,34.47,34.87,30500905.0,1069039004.0
2026-05-14,34.78,35.65,34.23,34.23,39515175.0,1392611396.0
2026-05-15,35.66,37.31,35.36,35.57,106915355.0,3925919622.0
2026-05-18,36.26,36.26,33.45,33.75,89273830.0,3090081176.0
2026-05-19,33.2,33.25,31.32,32.15,69581159.0,2252884705.0
2026-05-20,32.14,33.9,31.74,32.74,51536538.0,1697795300.0
2026-05-21,32.76,33.37,32.19,32.27,42968557.0,1424194934.0
2026-05-22,33.18,35.5,32.55,35.5,91747620.0,3197061916.0
2026-05-25,35.5,35.72,34.85,34.93,57022469.0,2023625340.0
2026-05-26,34.88,36.45,33.98,35.42,75444351.0,2681557545.0
2026-05-27,35.65,36.74,34.67,34.87,61312438.0,2201587008.0
2026-05-28,34.87,35.32,33.28,34.24,51701211.0,1777980104.0
2026-05-29,34.24,34.31,32.71,32.71,38994385.0,1313291611.0
2026-06-01,34.27,35.98,34.27,35.98,82980000.0,2980028852.0
2026-06-02,36.85,38.14,36.07,37.87,126435854.0,4742709748.0
2026-06-03,37.8,39.62,37.45,38.43,109096090.0,4252871897.0
2026-06-04,37.86,38.85,37.44,37.88,65334340.0,2505795335.0
2026-06-05,37.54,39.82,37.53,38.9,85320630.0,3353428159.0
2026-06-08,37.64,40.55,37.25,37.79,98684638.0,3860291059.0
2026-06-09,38.43,38.62,36.67,37.37,69395507.0,2619348103.0
2026-06-10,37.08,40.61,37.02,40.01,106604712.0,4244682569.0
2026-06-11,40.65,42.56,39.24,41.0,133037510.0,5448687406.0
2026-06-12,41.1,43.05,41.1,42.39,114603142.0,4833825914.0
2026-06-15,45.0,46.63,42.22,46.59,138062461.0,6233341594.0
2026-06-16,46.06,48.0,44.8,46.7,137621197.0,6403432159.0
2026-06-17,45.61,47.77,44.88,47.7,116577485.0,5387546014.0
2026-06-18,47.17,47.17,43.25,44.12,162678365.0,7295143712.0
2026-06-22,44.55,48.53,43.51,48.53,125567813.0,5810419929.0
2026-06-23,50.01,50.49,46.2,46.85,139551367.0,6733569276.0
2026-06-24,46.08,51.34,46.08,50.73,128445196.0,6326912420.0
2026-06-25,50.73,52.0,50.3,50.8,101893221.0,5199360634.0
2026-06-26,50.3,52.46,49.67,50.95,100065657.0,5106653157.0
2026-06-29,53.0,54.9,48.22,53.8,133873139.0,6904309537.0
2026-06-30,52.0,55.0,51.13,53.01,99923058.0,5282766195.0
2026-07-01,53.11,57.78,52.55,55.85,125866324.0,6936058334.0
2026-07-02,53.7,58.0,51.07,54.83,126960584.0,7027193021.0
2026-07-03,53.51,54.68,49.35,49.35,137604778.0,6943810552.0
2026-07-06,48.8,50.77,47.6,49.05,97680184.0,4804459773.0
2026-07-07,48.05,48.77,46.11,46.58,83359052.0,3935069793.0
2026-07-08,46.58,48.15,44.9,45.72,85436057.0,3948178369.0
2026-07-09,45.92,46.88,44.63,46.0,68619685.0,3125417091.0
2026-07-10,45.97,46.97,43.35,43.42,103947637.0,4660570248.0
2026-07-13,42.0,43.2,41.64,41.96,70801953.0,2994033914.0
2026-07-14,42.05,43.09,41.11,42.85,52267755.0,2208199777.0
2026-07-15,42.85,43.08,41.5,42.2,46212010.0,1955674770.0
2026-07-16,41.89,41.98,39.69,39.98,58491259.0,2378692380.0
2026-07-17,39.87,41.15,38.81,39.13,52582183.0,2097791912.0
2026-07-20,39.75,39.99,37.07,37.9,57153685.0,2178257816.0
2026-07-21,37.9,40.4,36.78,40.38,61020901.0,2372418577.0
2026-07-22,39.98,40.29,38.5,38.78,44016446.0,1732769702.0
2026-07-23,38.78,40.95,38.42,40.83,49758769.0,1975620079.0
2026-07-24,40.1,40.75,39.52,39.78,37855636.0,1515546394.0
2026-07-27,39.58,40.4,39.15,40.16,32312156.0,1286152247.0
2026-07-28,39.5,39.63,38.24,38.44,29043612.0,1128484087.0
2026-07-29,38.42,39.82,37.23,39.11,39132634.0,1509220644.0
2026-07-30,38.95,40.5,38.88,39.61,47893223.0,1908390421.0
2026-07-31,40.99,41.28,39.13,39.52,44619453.0,1792106501.0
2026-08-03,39.3,40.43,38.95,39.86,26234100.0,1043716905.0
2026-08-04,40.0,41.61,39.64,41.35,42620548.0,1741771063.0
2026-08-05,41.07,43.2,40.9,43.09,46963599.0,1993777766.0
2026-08-06,42.71,43.99,42.35,43.84,40392070.0,1749639508.0
2026-08-07,43.54,43.69,42.74,43.29,31939506.0,1379461055.0
2026-08-10,43.0,44.5,43.0,44.26,35077316.0,1536748136.0
2026-08-11,44.01,44.44,42.13,42.22,36359800.0,1566521814.0
2026-08-12,42.09,42.45,40.89,41.2,41336628.0,1717155326.0
2026-08-13,41.2,41.98,40.81,41.32,37436927.0,1548155666.0
2026-08-14,41.33,41.6,40.5,40.77,26658383.0,1091734567.0
2026-08-17,40.9,41.3,40.56,40.84,31720719.0,1295999983.0
2026-08-18,40.75,41.74,39.4,40.0,46623584.0,1875723562.0
2026-08-19,39.46,40.69,38.51,38.8,38064361.0,1500226223.0
2026-08-20,39.01,39.44,38.52,38.7,26952601.0,1048466164.0
2026-08-21,38.51,39.01,38.1,38.7,25429491.0,980411228.0
2026-08-24,38.71,38.95,37.37,37.82,25089731.0,955051295.0
2026-08-25,37.46,38.2,36.99,37.92,28925357.0,1089821526.0
2026-08-26,37.99,38.55,37.5,38.15,25678520.0,976755143.0
2026-08-27,38.22,39.68,38.1,39.54,38424384.0,1495942337.0
2026-08-28,40.28,40.81,39.83,40.54,48784892.0,1969332162.0
2026-08-31,39.6,40.8,39.5,40.54,34714995.0,1393661164.0
2026-09-01,40.54,40.54,39.0,39.05,28823621.0,1144781775.0
2026-09-02,38.5,38.85,38.0,38.03,23233922.0,888741210.0
2026-09-03,38.2,38.85,37.91,38.55,24182976.0,927621564.0
2026-09-04,38.61,38.8,37.61,37.92,20837341.0,798351144.0
2026-09-07,38.0,38.27,37.51,37.95,16713173.0,632646285.0
2026-09-08,38.0,38.5,37.65,38.23,16374308.0,624315685.0
2026-09-09,37.93,38.5,37.9,38.4,14741538.0,562857095.0
2026-09-10,38.1,38.19,37.0,37.0,22323743.0,836138787.0
2026-09-11,36.68,36.7,34.99,35.26,34639909.0,1224862297.0
2026-09-14,35.2,35.37,34.82,35.06,19032524.0,667819109.0
2026-09-15,34.84,36.14,34.83,35.6,20083627.0,714312289.0
2026-09-16,35.65,35.84,35.27,35.62,14337275.0,510198425.0
2026-09-17,35.88,36.05,34.85,34.97,23175744.0,816044773.0
2026-09-18,35.19,35.31,34.56,34.74,32275353.0,1121689991.0
2026-09-21,34.75,35.34,34.71,34.85,26582723.0,929019189.0
2026-09-22,34.98,35.12,34.5,34.61,25815418.0,897056358.0
