code,board,first,last,ok_static,exclude_reason
000001,main,1991-01-02,2026-09-22,True,
000002,main,1991-01-02,2026-09-22,False,r1_loss
000006,main,1992-04-27,2026-09-22,False,r1_loss
000007,main,1992-04-13,2026-09-22,False,r1_loss
000008,main,1992-05-07,2026-09-22,False,r1_loss
000009,main,1991-06-25,2026-09-22,False,r1_loss
000010,main,1995-10-27,2026-09-22,False,r1_loss+r2_st
000011,main,1992-03-30,2026-09-22,False,r1_loss
000012,main,1992-02-28,2026-09-22,False,r1_loss
000014,main,1992-06-02,2026-09-22,False,r1_loss
000016,main,1992-03-27,2026-09-03,False,r1_loss+r2_st
000017,main,1992-03-31,2026-09-22,True,
000019,main,1992-10-12,2026-09-22,True,
000020,main,1992-04-28,2026-09-22,True,
000021,main,1994-02-02,2026-09-22,True,
000025,main,1993-06-21,2026-09-22,True,
000026,main,1993-06-03,2026-09-22,True,
000027,main,1993-09-03,2026-09-22,True,
000028,main,1993-08-09,2026-09-22,True,
000029,main,1993-09-15,2026-09-22,False,r1_loss
000030,main,1993-09-29,2026-09-22,True,
000031,main,1993-10-08,2026-09-22,False,r1_loss
000032,main,1993-10-28,2026-09-22,False,r1_loss
000034,main,1994-05-09,2026-09-22,True,
000035,main,1994-04-08,2026-09-22,True,
000036,main,1994-06-17,2026-09-22,True,
000037,main,1994-07-01,2026-09-22,True,
000039,main,1994-04-08,2026-09-22,False,r1_loss
000042,main,1994-09-21,2026-09-22,False,r1_loss
000045,main,1994-08-15,2026-09-22,True,
000048,main,1994-11-01,2026-09-22,False,r1_loss
000049,main,1995-03-20,2026-09-22,True,
000050,main,1995-03-15,2026-09-22,False,r1_loss
000055,main,1996-04-15,2026-09-22,False,r1_loss
000056,main,1996-07-08,2026-09-22,False,r1_loss+r2_st
000058,main,1996-12-26,2026-09-22,True,
000059,main,1997-01-30,2026-09-22,False,r1_loss
000060,main,1997-01-23,2026-09-22,True,
000061,main,1997-01-10,2026-09-22,True,
000062,main,1997-01-30,2026-09-22,True,
000063,main,1997-11-18,2026-09-22,True,
000065,main,1998-06-05,2026-09-22,True,
000066,main,1997-06-26,2026-09-22,False,r1_loss
000068,main,1997-06-11,2026-09-22,False,r1_loss
000069,main,1997-09-10,2026-09-22,False,r1_loss
000070,main,2000-05-11,2026-09-22,False,r1_loss
000078,main,1998-12-18,2026-09-22,False,r1_loss+r2_st
000088,main,1997-07-28,2026-09-22,True,
000089,main,1998-04-20,2026-09-22,True,
000090,main,1999-07-21,2026-09-22,False,r1_loss
000096,main,2000-07-24,2026-09-22,True,
000099,main,2000-07-31,2026-09-22,True,
000100,main,2004-01-30,2026-09-22,True,
000151,main,2000-09-06,2026-09-22,True,
000153,main,2000-09-20,2026-09-22,True,
000155,main,2000-09-26,2026-09-22,True,
000156,main,2000-09-06,2026-09-22,True,
000157,main,2000-10-12,2026-09-22,True,
000158,main,2000-07-24,2026-09-22,True,
000159,main,2000-09-26,2026-09-22,True,
000166,main,2015-01-26,2026-09-22,True,
000301,main,2000-05-29,2026-09-22,True,
000333,main,2013-09-18,2026-09-22,True,
000338,main,2007-04-30,2026-09-22,True,
000400,main,1997-04-18,2026-09-22,True,
000401,main,1996-06-14,2026-09-22,False,r1_loss
000402,main,1996-06-26,2026-09-22,False,r1_loss
000403,main,1996-06-28,2026-09-22,True,
000404,main,1996-06-19,2026-09-22,True,
000407,main,1996-07-03,2026-09-22,True,
000408,main,1996-06-28,2026-09-22,True,
000409,main,1996-06-27,2026-09-22,True,
000410,main,1996-07-18,2026-09-22,False,r1_loss
000411,main,1996-07-16,2026-09-22,True,
000415,main,1996-07-16,2026-09-22,False,r1_loss
000417,main,1996-08-12,2026-09-22,True,
000419,main,1996-08-16,2026-09-22,True,
000420,main,1996-08-02,2026-09-22,True,
000421,main,1996-08-06,2026-09-22,True,
000422,main,1996-08-15,2026-09-22,True,
000423,main,1996-07-29,2026-09-22,True,
000425,main,1996-08-28,2026-09-22,True,
000426,main,1996-08-28,2026-09-22,True,
000428,main,1996-08-08,2026-09-22,False,r1_loss
000429,main,1998-02-20,2026-09-22,True,
000430,main,1996-08-29,2026-09-22,False,r1_loss
000488,main,2000-11-20,2026-09-22,False,r1_loss+r2_st
000498,main,1997-06-09,2026-09-22,True,
000501,main,1992-11-20,2026-09-22,True,
000503,main,1992-11-30,2026-09-22,False,r1_loss
000504,main,1992-12-08,2026-09-22,True,
000505,main,1992-12-21,2026-09-22,False,r1_loss
000506,main,1993-03-12,2026-09-22,True,
000507,main,1993-03-26,2026-09-22,True,
000509,main,1993-05-07,2026-09-22,False,r1_loss
000510,main,1993-05-07,2026-09-22,False,r1_loss
000513,main,1993-10-28,2026-09-22,True,
000514,main,1993-07-12,2026-09-22,False,r1_loss
000516,main,1993-08-09,2026-09-22,False,r1_loss
000517,main,1993-08-06,2026-09-22,False,r1_loss
000518,main,1993-09-08,2026-09-22,False,r1_loss
000519,main,1993-10-08,2026-09-22,True,
000520,main,1993-10-25,2026-09-22,False,r1_loss
000521,main,1993-10-18,2026-09-22,True,
000523,main,1993-11-08,2026-09-22,True,
000524,main,1993-11-18,2026-09-22,True,
000525,main,1993-10-28,2026-09-22,False,r1_loss
000526,main,1993-11-01,2026-09-22,True,
000528,main,1993-11-18,2026-09-22,True,
000529,main,1993-11-18,2026-09-22,True,
000530,main,1993-12-08,2026-09-22,True,
000531,main,1994-01-06,2026-09-22,True,
000532,main,1994-01-03,2026-09-22,True,
000533,main,1994-01-03,2026-09-22,True,
000534,main,1994-01-10,2026-09-22,True,
000536,main,1993-11-26,2026-09-22,False,r1_loss
000537,main,1993-12-10,2026-09-22,True,
000538,main,1993-12-15,2026-09-22,True,
000539,main,1993-11-26,2026-09-22,True,
000541,main,1993-11-23,2026-09-22,True,
000543,main,1993-12-20,2026-09-22,True,
000544,main,1993-12-08,2026-09-22,True,
000545,main,1993-12-15,2026-09-22,False,r1_loss
000546,main,1993-12-15,2026-09-22,False,r1_loss
000547,main,1993-11-30,2026-09-22,False,r1_loss
000548,main,1993-12-20,2026-09-22,True,
000550,main,1993-12-01,2026-09-22,True,
000551,main,1994-01-06,2026-09-22,True,
000552,main,1994-01-06,2026-09-22,False,r1_loss
000553,main,1993-12-03,2026-09-22,False,r1_loss
000554,main,1993-12-15,2026-09-22,True,
000555,main,1994-04-08,2026-09-22,False,r1_loss
000557,main,1994-06-17,2026-09-22,True,
000558,main,1994-05-09,2026-09-22,False,r1_loss
000559,main,1994-01-10,2026-09-22,True,
000560,main,1994-02-02,2026-09-22,False,r1_loss
000561,main,1994-05-09,2026-09-22,False,r1_loss
000563,main,1994-01-10,2026-09-22,True,
000564,main,1994-01-10,2026-09-22,False,r1_loss
000565,main,1994-04-08,2026-09-22,True,
000566,main,1994-05-25,2026-09-22,False,r1_loss
000567,main,1994-05-25,2026-09-22,True,
000568,main,1994-05-09,2026-09-22,True,
000570,main,1994-07-01,2026-09-22,True,
000571,main,1994-05-25,2026-09-22,False,r1_loss
000572,main,1994-08-08,2026-09-22,False,r1_loss
000573,main,1994-08-15,2026-09-22,True,
000576,main,1994-09-07,2026-09-22,True,
000581,main,1998-09-24,2026-09-22,True,
000582,main,1995-11-02,2026-09-22,True,
000586,main,1995-12-20,2026-09-22,False,r1_loss
000589,main,1996-03-08,2026-09-22,True,
000590,main,1996-01-19,2026-09-22,False,r1_loss
000591,main,1996-02-08,2026-09-22,True,
000592,main,1996-03-27,2026-09-22,False,r1_loss
000593,main,1996-03-12,2026-09-22,True,
000595,main,1996-04-19,2026-09-22,False,r1_loss
000596,main,1996-09-27,2026-09-22,True,
000597,main,1996-05-23,2026-09-22,True,
000598,main,1996-05-29,2026-09-22,True,
000599,main,1996-04-30,2026-09-22,False,r1_loss
000600,main,1996-06-06,2026-09-22,True,
000601,main,1996-08-30,2026-09-22,True,
000603,main,1996-08-23,2026-09-22,True,
000605,main,1996-09-13,2026-09-22,True,
000607,main,1996-08-30,2026-09-22,False,r1_loss
000608,main,1996-09-19,2026-09-22,False,r1_loss
000609,main,1996-10-10,2026-09-22,False,r1_loss+r2_st
000610,main,1996-09-26,2026-09-22,False,r1_loss+r2_st
000612,main,1996-09-26,2026-09-22,True,
000615,main,1996-10-16,2026-09-22,False,r1_loss+r2_st
000617,main,1996-10-22,2026-09-22,True,
000619,main,1996-10-23,2026-09-22,False,r1_loss
000620,main,1996-10-29,2026-09-22,False,r1_loss
000623,main,1996-10-28,2026-09-22,True,
000625,main,1997-06-10,2026-09-22,True,
000626,main,1996-11-28,2026-09-22,False,r1_loss
000628,main,1996-11-18,2026-09-22,True,
000629,main,1996-11-15,2026-09-22,False,r1_loss
000630,main,1996-11-20,2026-09-22,True,
000631,main,1996-11-22,2026-09-22,True,
000632,main,1996-11-21,2026-09-22,False,r1_loss+r2_st
000633,main,1996-11-12,2026-09-22,True,
000635,main,1996-11-20,2026-09-22,False,r1_loss
000636,main,1996-11-29,2026-09-22,True,
000637,main,1996-11-14,2026-09-22,False,r1_loss
000639,main,1996-11-26,2026-09-22,False,r1_loss+r2_st
000650,main,1996-12-10,2026-09-22,True,
000651,main,1996-11-18,2026-09-22,True,
000652,main,1996-11-28,2026-09-22,False,r1_loss
000655,main,1996-11-28,2026-09-22,True,
000656,main,1996-11-28,2026-09-22,True,
000657,main,1996-12-05,2026-09-22,True,
000659,main,1996-12-03,2026-09-22,False,r1_loss
000661,main,1996-12-18,2026-09-22,False,r1_loss
000663,main,1996-12-06,2026-09-22,False,r1_loss
000665,main,1996-12-10,2026-09-22,False,r1_loss
000668,main,1996-12-10,2026-09-22,True,
000669,main,1996-12-10,2026-09-22,False,r2_st
000670,main,1996-12-17,2026-09-22,False,r1_loss
000672,main,1996-12-18,2026-09-22,True,
000676,main,1996-12-24,2026-09-22,True,
000677,main,1996-12-26,2026-09-22,False,r1_loss+r2_st
000678,main,1997-01-06,2026-09-22,False,r1_loss
000679,main,1997-01-24,2026-09-22,False,r1_loss
000680,main,1997-01-22,2026-09-22,True,
000681,main,1997-01-21,2026-09-22,True,
000682,main,1997-01-21,2026-09-22,True,
000683,main,1997-01-31,2026-09-22,True,
000685,main,1997-01-23,2026-09-22,True,
000686,main,1997-02-27,2026-09-22,True,
000688,main,1997-01-20,2026-09-22,True,
000690,main,1997-01-28,2026-09-22,True,
000691,main,1997-02-28,2026-09-22,False,r1_loss
000692,main,1997-02-27,2026-09-22,False,r1_loss
000695,main,1997-02-18,2026-09-22,False,r1_loss
000697,main,1997-03-25,2026-09-22,False,r1_loss
000698,main,1997-02-20,2026-09-22,False,r1_loss+r2_st
000700,main,1997-02-28,2026-09-22,True,
000701,main,1997-02-26,2026-09-22,True,
000702,main,1997-03-18,2026-09-22,False,r1_loss
000703,main,1997-03-28,2026-09-22,True,
000705,main,1997-04-10,2026-09-22,False,r1_loss
000707,main,1997-04-15,2026-09-22,False,r1_loss
000708,main,1997-03-26,2026-09-22,True,
000709,main,1997-04-16,2026-09-22,True,
000710,main,1997-04-22,2026-09-22,False,r1_loss
000711,main,1997-04-11,2026-09-22,False,r1_loss
000712,main,1997-04-15,2026-09-22,True,
000713,main,1997-04-22,2026-09-22,True,
000715,main,1997-05-08,2026-09-22,True,
000716,main,1997-04-18,2026-09-22,False,r1_loss
000717,main,1997-05-08,2026-09-22,False,r1_loss
000718,main,1997-04-08,2026-09-22,False,r1_loss
000719,main,1997-03-31,2026-09-22,True,
000720,main,1997-05-09,2026-09-22,False,r1_loss
000721,main,1997-04-30,2026-09-22,False,r1_loss
000722,main,1997-05-22,2026-09-22,True,
000723,main,1997-05-15,2026-09-22,False,r1_loss
000725,main,2001-01-12,2026-09-22,True,
000726,main,2000-12-25,2026-09-22,True,
000727,main,1997-05-20,2026-09-22,False,r1_loss
000728,main,1997-06-16,2026-09-22,True,
000729,main,1997-07-16,2026-09-22,True,
000731,main,1997-06-17,2026-09-22,False,r1_loss
000733,main,1997-07-03,2026-09-22,True,
000735,main,1997-06-11,2026-09-22,False,r1_loss
000736,main,1997-04-25,2026-09-22,False,r1_loss
000737,main,1997-04-28,2026-09-22,True,
000738,main,1997-06-26,2026-09-22,True,
000739,main,1997-05-09,2026-09-22,True,
000750,main,1997-07-09,2026-09-22,True,
000751,main,1997-06-26,2026-09-22,True,
000752,main,1997-06-25,2026-09-22,False,r2_st
000753,main,1997-06-26,2026-09-22,True,
000755,main,1997-06-27,2026-09-22,True,
000756,main,1997-08-06,2026-09-22,True,
000757,main,1997-06-27,2026-09-22,True,
000758,main,1997-04-16,2026-09-22,True,
000759,main,1997-05-19,2026-09-22,False,r1_loss
000761,main,1998-01-15,2026-09-22,False,r1_loss
000762,main,1997-07-08,2026-09-22,False,r1_loss
000766,main,1997-04-30,2026-09-22,True,
000767,main,1997-06-09,2026-09-22,True,
000768,main,1997-06-26,2026-09-22,True,
000776,main,1997-06-11,2026-09-22,True,
000777,main,1997-07-10,2026-09-22,True,
000778,main,1997-06-06,2026-09-22,True,
000779,main,1997-05-28,2026-09-22,True,
000782,main,1997-06-19,2026-09-22,False,r1_loss
000783,main,1997-07-31,2026-09-22,True,
000785,main,1997-07-11,2026-09-22,False,r1_loss
000786,main,1997-06-06,2026-09-22,True,
000788,main,1997-06-16,2026-09-22,True,
000789,main,1997-09-23,2026-09-22,False,r1_loss
000790,main,1998-03-27,2026-09-22,False,r1_loss
000791,main,1997-10-14,2026-09-22,True,
000792,main,1997-09-04,2026-09-22,True,
000793,main,1997-07-29,2026-09-22,False,r1_loss+r2_st
000795,main,1997-08-08,2026-09-22,True,
000796,main,1997-07-03,2026-09-22,True,
000797,main,1997-07-15,2026-09-22,False,r1_loss
000798,main,1998-02-12,2026-09-22,True,
000799,main,1997-07-18,2026-09-22,False,r1_loss
000800,main,1997-06-18,2026-09-22,True,
000801,main,1998-05-06,2026-09-22,True,
000802,main,1998-01-08,2026-09-22,False,r1_loss
000803,main,1998-03-03,2026-09-22,True,
000807,main,1998-04-08,2026-09-22,True,
000809,main,1998-06-16,2026-09-22,False,r1_loss
000810,main,1998-06-02,2026-09-22,True,
000811,main,1998-05-28,2026-09-22,True,
000812,main,1998-06-23,2026-09-22,False,r1_loss
000813,main,1998-05-19,2026-09-22,False,r1_loss
000815,main,1998-06-09,2026-09-22,True,
000816,main,1997-08-18,2026-09-22,False,r1_loss
000818,main,1997-10-17,2026-09-22,False,r1_loss
000819,main,1997-06-25,2026-09-22,False,r1_loss
000820,main,1998-06-30,2026-09-22,False,r1_loss
000821,main,1998-06-26,2026-09-22,False,r2_st
000822,main,1998-07-03,2026-09-22,False,r1_loss
000823,main,1997-10-08,2026-09-22,True,
000825,main,1998-10-21,2026-09-22,False,r1_loss
000826,main,1998-02-25,2026-09-22,False,r1_loss+r2_st
000828,main,1997-06-17,2026-09-22,True,
000829,main,1997-12-02,2026-09-22,False,r1_loss
000830,main,1998-08-07,2026-09-22,True,
000831,main,1998-09-11,2026-09-22,True,
000833,main,1998-11-11,2026-09-22,True,
000837,main,1998-09-28,2026-09-22,True,
000838,main,1997-06-26,2026-09-22,False,r1_loss+r2_st
000839,main,1997-10-31,2026-09-22,False,r1_loss
000848,main,1997-11-13,2026-09-22,True,
000850,main,1998-10-07,2026-09-22,True,
000852,main,1998-11-26,2026-09-22,False,r1_loss
000856,main,1998-08-13,2026-09-22,True,
000858,main,1998-04-27,2026-09-22,True,
000859,main,1998-11-19,2026-09-22,False,r1_loss
000860,main,1998-11-04,2026-09-22,False,r1_loss
000862,main,1998-09-15,2026-09-22,False,r1_loss
000863,main,1997-09-25,2026-09-22,False,r1_loss
000868,main,1997-07-25,2026-09-22,False,r1_loss
000869,main,2000-10-26,2026-09-22,True,
000875,main,2002-09-26,2026-09-22,True,
000876,main,1998-03-11,2026-09-22,False,r1_loss
000877,main,1999-01-07,2026-09-22,False,r1_loss
000878,main,1998-06-02,2026-09-22,True,
000880,main,1998-04-02,2026-09-22,True,
000881,main,1998-09-02,2026-09-22,False,r1_loss
000882,main,1998-06-16,2026-09-22,False,r1_loss
000883,main,1998-05-19,2026-09-22,True,
000885,main,1999-03-19,2026-09-22,True,
000886,main,1998-01-23,2026-09-22,True,
000887,main,1998-12-03,2026-09-22,True,
000888,main,1997-10-21,2026-09-22,True,
000889,main,1997-12-18,2026-09-22,False,r1_loss
000890,main,1999-01-19,2026-09-22,False,r1_loss
000892,main,1999-01-15,2026-09-22,False,r1_loss
000893,main,1998-12-24,2026-09-22,True,
000895,main,1998-12-10,2026-09-22,True,
000897,main,1999-04-22,2026-09-22,False,r1_loss
000898,main,1997-12-25,2026-09-22,False,r1_loss
000899,main,1997-11-26,2026-09-22,True,
000900,main,1999-01-28,2026-09-22,True,
000901,main,1999-04-01,2026-09-22,True,
000902,main,1999-04-08,2026-09-22,True,
000903,main,1999-04-15,2026-09-22,False,r1_loss+r2_st
000905,main,1999-04-29,2026-09-22,True,
000906,main,1999-07-07,2026-09-22,True,
000908,main,1999-02-03,2026-09-22,False,r1_loss
000909,main,1999-05-07,2026-09-22,False,r1_loss+r2_st
000910,main,1999-06-30,2026-09-22,False,r1_loss
000911,main,1999-05-27,2026-09-22,False,r1_loss+r2_st
000912,main,1999-06-03,2026-09-22,True,
000913,main,1999-05-14,2026-09-22,True,
000915,main,1999-06-09,2026-09-22,True,
000917,main,1999-03-25,2026-09-22,True,
000919,main,1999-11-18,2026-09-22,True,
000920,main,1999-06-16,2026-09-22,True,
000921,main,1999-07-13,2026-09-22,True,
000922,main,1999-06-18,2026-09-22,True,
000923,main,1999-07-14,2026-09-22,True,
000925,main,1999-06-11,2026-09-22,False,r1_loss
000926,main,1999-06-18,2026-09-22,False,r1_loss
000927,main,1999-07-27,2026-09-22,True,
000928,main,1999-03-12,2026-09-22,True,
000929,main,1999-06-23,2026-09-22,False,r1_loss
000930,main,1999-07-12,2026-09-22,False,r1_loss
000931,main,1999-07-12,2026-09-22,False,r1_loss
000932,main,1999-08-03,2026-09-22,True,
000933,main,1999-08-31,2026-09-22,True,
000935,main,1999-08-24,2026-09-22,True,
000936,main,1999-08-10,2026-09-22,False,r1_loss
000937,main,1999-09-09,2026-09-22,True,
000938,main,1999-11-04,2026-09-22,True,
000948,main,1999-10-14,2026-09-22,True,
000949,main,1999-10-21,2026-09-22,True,
000950,main,1999-09-16,2026-09-22,True,
000951,main,1999-11-25,2026-09-22,True,
000952,main,1999-11-12,2026-09-22,False,r1_loss
000953,main,1999-12-02,2026-09-22,True,
000955,main,1999-12-09,2026-09-22,False,r1_loss
000957,main,2000-01-13,2026-09-22,True,
000958,main,1999-12-23,2026-09-22,True,
000959,main,1999-12-16,2026-09-22,True,
000960,main,2000-02-21,2026-09-22,True,
000962,main,2000-01-20,2026-09-22,True,
000963,main,2000-01-27,2026-09-22,True,
000965,main,2000-04-06,2026-09-22,False,r1_loss
000966,main,2000-03-16,2026-09-22,False,r1_loss
000967,main,2000-03-30,2026-09-22,True,
000968,main,2000-06-22,2026-09-22,True,
000969,main,2000-05-29,2026-09-22,True,
000970,main,2000-04-20,2026-09-22,True,
000972,main,2000-09-26,2026-09-22,False,r1_loss
000973,main,2000-05-25,2026-09-22,True,
000975,main,2000-06-08,2026-09-22,True,
000977,main,2000-06-08,2026-09-22,True,
000978,main,2000-05-18,2026-09-22,True,
000980,main,2000-06-16,2026-09-22,False,r1_loss
000981,main,2000-06-22,2026-09-22,True,
000983,main,2000-07-26,2026-09-22,True,
000985,main,2000-07-26,2026-09-22,True,
000987,main,2000-07-18,2026-09-22,True,
000988,main,2000-06-08,2026-09-22,True,
000989,main,2000-06-28,2026-09-22,True,
000990,main,2000-07-06,2026-09-22,False,r1_loss
000993,main,2000-07-31,2026-09-22,True,
000995,main,2000-08-07,2026-09-22,True,
000997,main,2000-08-07,2026-09-22,True,
000998,main,2000-12-11,2026-09-22,True,
000999,main,2000-03-09,2026-09-22,True,
001201,main,2021-04-28,2026-09-22,False,r1_loss
001202,main,2021-04-29,2026-09-22,True,
001203,main,2021-05-10,2026-09-22,True,
001205,main,2021-05-13,2026-09-22,True,
001206,main,2021-05-18,2026-09-22,True,
001207,main,2021-06-23,2026-09-22,True,
001208,main,2021-06-24,2026-09-22,True,
001209,main,2021-07-23,2026-09-22,True,
001210,main,2021-07-29,2026-09-22,True,
001211,main,2021-08-05,2026-09-22,False,r1_loss
001212,main,2021-08-23,2026-09-22,False,r1_loss
001213,main,2021-09-08,2026-09-22,True,
001215,main,2021-09-06,2026-09-22,True,
001216,main,2021-10-19,2026-09-22,True,
001217,main,2021-09-29,2026-09-22,False,r1_loss
001218,main,2021-10-15,2026-09-22,True,
001219,main,2021-10-21,2026-09-22,True,
001220,main,2026-02-03,2026-09-22,True,
001221,main,2025-07-30,2026-09-22,True,
001222,main,2022-08-18,2026-09-22,True,
001223,main,2022-12-12,2026-09-22,False,r1_loss
001225,main,2023-02-22,2026-09-22,True,
001226,main,2022-06-22,2026-09-22,True,
001227,main,2022-01-17,2026-09-22,True,
001228,main,2022-04-29,2026-09-22,True,
001229,main,2022-08-08,2026-09-22,True,
001230,main,2022-07-15,2026-09-22,True,
001231,main,2022-08-19,2026-09-22,True,
001232,main,2026-08-04,2026-09-22,True,
001233,main,2025-11-25,2026-09-22,True,
001234,main,2022-01-11,2026-09-22,True,
001236,main,2022-08-05,2026-09-22,True,
001237,main,2026-05-22,2026-09-22,True,
001238,main,2022-09-19,2026-09-22,True,
001239,main,2023-12-12,2026-09-22,False,r1_loss
001248,main,2026-07-02,2026-09-22,True,
001255,main,2022-09-30,2026-09-22,True,
001256,main,2022-12-05,2026-09-22,True,
001257,main,2026-03-31,2026-09-22,True,
001258,main,2022-07-27,2026-09-22,True,
001259,main,2022-08-31,2026-09-22,True,
001260,main,2023-02-16,2026-09-22,True,
001266,main,2022-02-28,2026-09-22,True,
001267,main,2021-11-17,2026-09-22,True,
001268,main,2022-06-30,2026-09-22,False,r1_loss
001269,main,2022-09-30,2026-09-22,False,r1_loss
001270,main,2022-06-06,2026-09-22,True,
001277,main,2024-09-03,2026-09-22,True,
001278,main,2023-03-08,2026-09-22,False,r1_loss
001279,main,2024-10-11,2026-09-22,True,
001280,main,2025-12-03,2026-09-22,True,
001282,main,2023-05-24,2026-09-22,True,
001283,main,2022-09-05,2026-09-22,True,
001285,main,2025-09-30,2026-09-22,True,
001286,main,2023-04-10,2026-09-22,True,
001287,main,2023-04-10,2026-09-22,True,
001288,main,2021-11-01,2026-09-22,True,
001289,main,2022-01-24,2026-09-22,True,
001296,main,2021-12-24,2026-09-22,True,
001298,main,2022-10-31,2026-09-22,True,
001299,main,2022-10-31,2026-09-22,True,
001300,main,2022-10-19,2026-09-22,False,r1_loss
001301,main,2022-12-28,2026-09-22,True,
001306,main,2023-11-16,2026-09-22,False,r1_loss
001308,main,2022-03-18,2026-09-22,True,
001309,main,2022-07-01,2026-09-22,True,
001311,main,2023-02-27,2026-09-22,True,
001312,main,2026-04-21,2026-09-22,True,
001313,main,2022-02-16,2026-09-22,True,
001314,main,2023-02-14,2026-09-22,True,
001316,main,2022-06-24,2026-09-22,True,
001317,main,2021-11-30,2026-09-22,False,r1_loss
001318,main,2022-05-20,2026-09-22,True,
001319,main,2022-05-12,2026-09-22,True,
001322,main,2022-10-26,2026-09-22,False,r1_loss
001323,main,2022-06-23,2026-09-22,True,
001324,main,2023-05-22,2026-09-22,True,
001325,main,2025-12-18,2026-09-22,True,
001326,main,2023-11-09,2026-09-22,True,
001328,main,2023-04-10,2026-09-22,True,
001330,main,2022-08-18,2026-09-22,False,r1_loss
001331,main,2022-09-08,2026-09-22,False,r1_loss
001332,main,2022-09-20,2026-09-22,True,
001333,main,2022-12-08,2026-09-22,True,
001335,main,2025-04-15,2026-09-22,True,
001336,main,2022-07-25,2026-09-22,True,
001337,main,2023-03-03,2026-09-22,True,
001338,main,2022-11-16,2026-09-22,True,
001339,main,2022-08-15,2026-09-22,True,
001356,main,2025-01-23,2026-09-22,True,
001358,main,2023-12-21,2026-09-22,True,
001359,main,2024-03-28,2026-09-22,True,
001360,main,2023-04-10,2026-09-22,True,
001365,main,2026-05-18,2026-09-22,True,
001366,main,2023-03-07,2026-09-22,False,r1_loss
001367,main,2023-04-10,2026-09-22,True,
001368,main,2023-03-13,2026-09-22,True,
001369,main,2025-12-30,2026-09-22,True,
001373,main,2023-06-01,2026-09-22,False,r1_loss
001376,main,2023-11-03,2026-09-22,True,
001378,main,2023-10-30,2026-09-22,True,
001379,main,2024-01-19,2026-09-22,True,
001380,main,2023-05-16,2026-09-22,True,
001382,main,2025-03-21,2026-09-22,True,
001386,main,2025-10-22,2026-09-22,True,
001387,main,2024-01-11,2026-09-22,True,
001388,main,2025-07-01,2026-09-22,True,
001389,main,2024-04-02,2026-09-22,True,
001390,main,2025-05-29,2026-09-22,True,
001391,main,2024-12-30,2026-09-22,True,
001393,main,2026-05-15,2026-09-22,True,
001395,main,2025-01-27,2026-09-22,True,
001396,main,2025-12-30,2026-09-22,True,
001399,main,2026-06-26,2026-09-22,True,
001400,main,2025-04-24,2026-09-22,True,
001696,main,1997-03-06,2026-09-22,True,
001872,main,2018-12-26,2026-09-22,True,
001896,main,1998-01-22,2026-09-22,True,
001914,main,1994-09-28,2026-09-22,True,
001965,main,2017-12-25,2026-09-22,True,
001979,main,2015-12-30,2026-09-22,True,
002001,main,2004-06-25,2026-09-22,True,
002003,main,2004-06-25,2026-09-22,True,
002004,main,2004-06-25,2026-09-22,True,
002005,main,2004-06-25,2026-09-22,True,
002006,main,2004-06-25,2026-09-22,True,
002007,main,2004-06-25,2026-09-22,True,
002008,main,2004-06-25,2026-09-22,True,
002009,main,2004-06-29,2026-09-22,True,
002010,main,2004-06-29,2026-09-22,True,
002011,main,2004-07-05,2026-09-22,True,
002012,main,2004-07-05,2026-09-22,True,
002014,main,2004-07-08,2026-09-22,True,
002015,main,2004-07-08,2026-09-22,True,
002016,main,2004-07-08,2026-09-22,True,
002017,main,2004-07-13,2026-09-22,True,
002019,main,2004-07-13,2026-09-22,True,
002020,main,2004-07-15,2026-09-22,True,
002021,main,2004-07-15,2026-09-22,False,r1_loss
002022,main,2004-07-21,2026-09-22,False,r1_loss
002023,main,2004-07-21,2026-09-22,False,r1_loss
002024,main,2004-07-21,2026-09-22,False,r2_st
002025,main,2004-07-26,2026-09-22,True,
002026,main,2004-07-27,2026-09-22,True,
002027,main,2004-08-04,2026-09-22,True,
002028,main,2004-08-05,2026-09-22,True,
002029,main,2004-08-06,2026-09-22,True,
002030,main,2004-08-09,2026-09-22,False,r1_loss
002031,main,2004-08-16,2026-09-22,False,r1_loss
002032,main,2004-08-17,2026-09-22,True,
002033,main,2004-08-25,2026-09-22,True,
002034,main,2004-08-26,2026-09-22,True,
002035,main,2004-09-01,2026-09-22,True,
002036,main,2004-09-03,2026-09-22,False,r1_loss
002037,main,2004-09-08,2026-09-22,False,r1_loss
002038,main,2004-09-09,2026-09-22,False,r1_loss
002039,main,2005-03-03,2026-09-22,True,
002040,main,2005-03-25,2026-09-22,True,
002041,main,2005-04-18,2026-09-22,True,
002042,main,2005-04-27,2026-09-22,True,
002043,main,2005-05-10,2026-09-22,True,
002044,main,2005-05-18,2026-09-22,True,
002045,main,2005-05-23,2026-09-22,False,r1_loss
002046,main,2005-05-26,2026-09-22,True,
002047,main,2005-05-31,2026-09-22,True,
002048,main,2005-06-03,2026-09-22,True,
002049,main,2005-06-06,2026-09-22,True,
002050,main,2005-06-07,2026-09-22,True,
002051,main,2006-06-19,2026-09-22,True,
002052,main,2006-06-27,2026-09-22,False,r1_loss
002053,main,2006-06-27,2026-09-22,True,
002054,main,2006-07-25,2026-09-22,True,
002055,main,2006-07-25,2026-09-22,False,r1_loss+r2_st
002056,main,2006-08-02,2026-09-22,True,
002057,main,2006-08-02,2026-09-22,True,
002058,main,2006-08-02,2026-09-22,True,
002059,main,2006-08-10,2026-09-22,False,r1_loss
002060,main,2006-08-10,2026-09-22,True,
002061,main,2006-08-16,2026-09-22,True,
002062,main,2006-08-16,2026-09-22,True,
002063,main,2006-08-23,2026-09-22,True,
002064,main,2006-08-23,2026-09-22,True,
002065,main,2006-08-23,2026-09-22,True,
002066,main,2006-08-23,2026-09-22,False,r1_loss
002067,main,2006-09-15,2026-09-22,True,
002068,main,2006-09-15,2026-09-22,False,r1_loss
002069,main,2006-09-28,2026-09-22,False,r1_loss
002072,main,2006-10-18,2026-09-22,False,r1_loss
002073,main,2006-10-18,2026-09-22,True,
002074,main,2006-10-18,2026-09-22,True,
002075,main,2006-10-25,2026-09-22,True,
002076,main,2006-10-25,2026-09-22,False,r1_loss
002077,main,2006-11-16,2026-09-22,True,
002078,main,2006-11-16,2026-09-22,True,
002079,main,2006-11-16,2026-09-22,True,
002080,main,2006-11-20,2026-09-22,True,
002081,main,2006-11-20,2026-09-22,True,
002082,main,2006-11-20,2026-09-22,False,r1_loss+r2_st
002083,main,2006-11-24,2026-09-22,True,
002084,main,2006-11-24,2026-09-22,False,r1_loss
002085,main,2006-11-28,2026-09-22,True,
002086,main,2006-11-28,2026-09-22,False,r1_loss
002088,main,2006-11-30,2026-09-22,False,r1_loss
002090,main,2006-12-08,2026-09-22,True,
002091,main,2006-12-08,2026-09-22,True,
002092,main,2006-12-08,2026-09-22,False,r1_loss
002093,main,2006-12-15,2026-09-22,False,r1_loss
002094,main,2006-12-15,2026-09-22,False,r1_loss
002095,main,2006-12-15,2026-09-22,False,r1_loss
002096,main,2006-12-22,2026-09-22,True,
002097,main,2006-12-22,2026-09-22,True,
002098,main,2006-12-22,2026-09-22,True,
002099,main,2006-12-26,2026-09-22,False,r1_loss
002100,main,2006-12-26,2026-09-22,False,r1_loss
002101,main,2006-12-29,2026-09-22,True,
002102,main,2006-12-29,2026-09-22,False,r1_loss+r2_st
002103,main,2007-01-10,2026-09-22,True,
002104,main,2007-01-10,2026-09-22,False,r1_loss
002105,main,2007-01-12,2026-09-22,False,r1_loss
002106,main,2007-01-12,2026-09-22,True,
002107,main,2007-01-24,2026-09-22,True,
002108,main,2007-01-24,2026-09-22,True,
002109,main,2007-01-26,2026-09-22,False,r1_loss+r2_st
002110,main,2007-01-26,2026-09-22,False,r1_loss
002111,main,2007-01-26,2026-09-22,True,
002112,main,2007-02-08,2026-09-22,True,
002114,main,2007-02-15,2026-09-22,False,r1_loss
002115,main,2007-02-15,2026-09-22,False,r1_loss
002116,main,2007-02-15,2026-09-22,True,
002117,main,2007-03-02,2026-09-22,True,
002119,main,2007-03-02,2026-09-22,True,
002120,main,2007-03-06,2026-09-22,True,
002121,main,2007-03-06,2026-09-22,False,r1_loss
002122,main,2007-03-28,2026-09-22,False,r1_loss+r2_st
002123,main,2007-03-28,2026-09-22,False,r1_loss
002124,main,2007-04-03,2026-09-22,False,r1_loss
002125,main,2007-04-03,2026-09-22,True,
002126,main,2007-04-18,2026-09-22,True,
002127,main,2007-04-18,2026-09-22,False,r1_loss
002128,main,2007-04-18,2026-09-22,True,
002129,main,2007-04-20,2026-09-22,False,r1_loss
002130,main,2007-04-20,2026-09-22,True,
002131,main,2007-04-27,2026-09-22,False,r1_loss
002132,main,2007-04-27,2026-09-22,True,
002133,main,2007-04-27,2026-09-22,False,r1_loss
002134,main,2007-05-16,2026-09-22,True,
002135,main,2007-05-30,2026-09-22,True,
002136,main,2007-05-30,2026-09-22,False,r1_loss
002137,main,2007-06-13,2026-09-22,True,
002138,main,2007-06-13,2026-09-22,True,
002139,main,2007-06-29,2026-09-22,True,
002140,main,2007-07-12,2026-09-22,True,
002141,main,2007-07-20,2026-09-22,True,
002142,main,2007-07-19,2026-09-22,True,
002144,main,2007-08-03,2026-09-22,True,
002145,main,2007-08-03,2026-09-22,True,
002146,main,2007-08-08,2026-09-22,False,r1_loss
002148,main,2007-08-10,2026-09-22,False,r1_loss
002149,main,2007-08-10,2026-09-22,True,
002150,main,2007-08-10,2026-09-22,True,
002151,main,2007-08-13,2026-09-22,False,r1_loss
002152,main,2007-08-13,2026-09-22,True,
002153,main,2007-08-13,2026-09-22,False,r1_loss
002154,main,2007-08-16,2026-09-22,True,
002155,main,2007-08-16,2026-09-22,True,
002156,main,2007-08-16,2026-09-22,True,
002157,main,2007-08-17,2026-09-22,False,r1_loss
002158,main,2007-08-17,2026-09-22,True,
002159,main,2007-08-17,2026-09-22,True,
002160,main,2007-08-21,2026-09-22,True,
002161,main,2007-08-21,2026-09-22,False,r1_loss
002162,main,2007-08-23,2026-09-22,True,
002163,main,2007-08-23,2026-09-22,False,r1_loss
002164,main,2007-08-23,2026-09-22,True,
002165,main,2007-09-13,2026-09-22,False,r1_loss
002166,main,2007-09-13,2026-09-22,True,
002167,main,2007-09-13,2026-09-22,True,
002168,main,2007-09-19,2026-09-22,False,r1_loss+r2_st
002169,main,2007-09-19,2026-09-22,True,
002170,main,2007-09-19,2026-09-22,True,
002171,main,2007-09-21,2026-09-22,True,
002172,main,2007-09-21,2026-09-22,True,
002173,main,2007-09-25,2026-09-22,False,r1_loss
002174,main,2007-09-25,2026-09-22,False,r1_loss
002175,main,2007-10-12,2026-09-22,False,r1_loss+r2_st
002176,main,2007-10-12,2026-09-22,False,r1_loss
002177,main,2007-11-01,2026-09-22,True,
002178,main,2007-11-01,2026-09-22,False,r1_loss
002179,main,2007-11-01,2026-09-22,True,
002180,main,2007-11-13,2026-09-22,False,r1_loss
002181,main,2007-11-16,2026-09-22,False,r1_loss
002182,main,2007-11-13,2026-09-22,False,r1_loss
002183,main,2007-11-13,2026-09-22,False,r1_loss
002184,main,2007-11-16,2026-09-22,False,r1_loss
002185,main,2007-11-20,2026-09-22,True,
002186,main,2007-11-20,2026-09-22,True,
002187,main,2007-11-22,2026-09-22,False,r1_loss
002188,main,2007-11-22,2026-09-22,True,
002189,main,2007-12-03,2026-09-22,False,r1_loss
002190,main,2007-12-03,2026-09-22,False,r1_loss
002191,main,2007-12-05,2026-09-22,False,r1_loss
002192,main,2007-12-05,2026-09-22,True,
002193,main,2007-12-07,2026-09-22,False,r1_loss+r2_st
002194,main,2007-12-07,2026-09-22,False,r1_loss
002195,main,2007-12-12,2026-09-22,True,
002196,main,2007-12-12,2026-09-22,True,
002197,main,2007-12-18,2026-09-22,False,r1_loss
002198,main,2007-12-18,2026-09-22,False,r1_loss+r2_st
002199,main,2007-12-21,2026-09-22,False,r1_loss
002200,main,2007-12-21,2026-09-22,False,r1_loss
002201,main,2007-12-26,2026-09-22,True,
002202,main,2007-12-26,2026-09-22,True,
002203,main,2008-01-16,2026-09-22,True,
002204,main,2008-01-16,2026-09-22,True,
002205,main,2008-01-23,2026-09-22,False,r1_loss
002206,main,2008-01-23,2026-09-22,True,
002207,main,2008-01-28,2026-09-22,False,r1_loss+r2_st
002208,main,2008-01-28,2026-09-22,False,r1_loss
002209,main,2008-01-30,2026-09-22,True,
002210,main,2008-01-30,2026-09-22,True,
002211,main,2008-02-01,2026-09-22,False,r1_loss+r2_st
002212,main,2008-02-01,2026-09-22,False,r1_loss
002213,main,2008-02-01,2026-09-22,False,r1_loss
002214,main,2008-02-18,2026-09-22,False,r1_loss
002215,main,2008-02-18,2026-09-22,True,
002216,main,2008-02-20,2026-09-22,True,
002217,main,2008-02-20,2026-09-22,False,r2_st
002218,main,2008-02-28,2026-09-22,False,r1_loss
002219,main,2008-03-06,2026-09-22,True,
002221,main,2008-03-06,2026-09-22,False,r1_loss
002222,main,2008-03-19,2026-09-22,True,
002223,main,2008-04-18,2026-09-22,True,
002224,main,2008-04-25,2026-09-22,False,r1_loss
002225,main,2008-04-25,2026-09-22,True,
002226,main,2008-05-06,2026-09-22,True,
002227,main,2008-05-06,2026-09-22,False,r1_loss+r2_st
002228,main,2008-05-08,2026-09-22,True,
002229,main,2008-05-08,2026-09-22,False,r1_loss
002230,main,2008-05-12,2026-09-22,True,
002232,main,2008-05-09,2026-09-22,True,
002233,main,2008-05-16,2026-09-22,True,
002234,main,2008-05-16,2026-09-22,False,r1_loss
002235,main,2008-05-16,2026-09-22,False,r1_loss
002236,main,2008-05-20,2026-09-22,True,
002237,main,2008-05-20,2026-09-22,True,
002238,main,2008-05-26,2026-09-22,False,r1_loss
002239,main,2008-05-22,2026-09-22,True,
002240,main,2008-05-23,2026-09-22,False,r1_loss
002241,main,2008-05-22,2026-09-22,True,
002242,main,2008-05-28,2026-09-22,True,
002243,main,2008-05-28,2026-09-22,True,
002244,main,2008-05-29,2026-09-22,True,
002245,main,2008-06-05,2026-09-22,True,
002246,main,2008-06-05,2026-09-22,True,
002247,main,2008-06-12,2026-09-22,True,
002248,main,2008-06-12,2026-09-22,True,
002249,main,2008-06-19,2026-09-22,True,
002250,main,2008-06-19,2026-09-22,True,
002251,main,2008-06-19,2026-09-22,True,
002252,main,2008-06-23,2026-09-22,True,
002253,main,2008-06-23,2026-09-22,False,r1_loss
002254,main,2008-06-25,2026-09-22,True,
002255,main,2008-06-25,2026-09-22,True,
002256,main,2008-06-25,2026-09-22,True,
002258,main,2008-07-08,2026-09-22,True,
002259,main,2008-07-16,2026-09-22,True,
002261,main,2008-07-23,2026-09-22,True,
002262,main,2008-07-23,2026-09-22,True,
002263,main,2008-07-28,2026-09-22,True,
002264,main,2008-07-31,2026-09-22,True,
002265,main,2008-08-06,2026-09-22,True,
002266,main,2008-08-06,2026-09-22,True,
002267,main,2008-08-13,2026-09-22,True,
002268,main,2008-08-11,2026-09-22,True,
002269,main,2008-08-28,2026-09-22,False,r1_loss
002270,main,2008-09-05,2026-09-22,True,
002271,main,2008-09-10,2026-09-22,True,
002272,main,2008-09-19,2026-09-22,False,r1_loss
002273,main,2008-09-19,2026-09-22,True,
002274,main,2008-09-25,2026-09-22,False,r1_loss
002275,main,2009-07-10,2026-09-22,True,
002276,main,2009-07-10,2026-09-22,True,
002277,main,2009-07-28,2026-09-22,False,r1_loss
002278,main,2009-08-11,2026-09-22,True,
002279,main,2009-08-11,2026-09-22,True,
002281,main,2009-08-21,2026-09-22,True,
002282,main,2009-08-21,2026-09-22,True,
002283,main,2009-08-21,2026-09-22,True,
002284,main,2009-08-28,2026-09-22,True,
002285,main,2009-08-28,2026-09-22,False,r1_loss
002286,main,2009-08-28,2026-09-22,True,
002287,main,2009-08-28,2026-09-22,True,
002289,main,2009-09-03,2026-09-22,False,r1_loss
002290,main,2009-09-03,2026-09-22,True,
002291,main,2009-09-03,2026-09-22,False,r1_loss
002292,main,2009-09-10,2026-09-22,True,
002293,main,2009-09-10,2026-09-22,True,
002294,main,2009-09-10,2026-09-22,True,
002295,main,2009-09-29,2026-09-22,False,r1_loss
002296,main,2009-09-29,2026-09-22,True,
002297,main,2009-09-29,2026-09-22,True,
002298,main,2009-09-29,2026-09-22,False,r1_loss
002299,main,2009-10-21,2026-09-22,True,
002300,main,2009-10-21,2026-09-22,True,
002301,main,2009-10-21,2026-09-22,True,
002302,main,2009-11-03,2026-09-22,False,r1_loss
002303,main,2009-11-03,2026-09-22,True,
002304,main,2009-11-06,2026-09-22,True,
002305,main,2009-11-06,2026-09-22,False,r1_loss+r2_st
002306,main,2009-11-11,2026-09-22,False,r1_loss+r2_st
002307,main,2009-11-11,2026-09-22,False,r1_loss
002309,main,2009-11-27,2026-09-22,False,r1_loss
002310,main,2009-11-27,2026-09-22,False,r1_loss
002311,main,2009-11-27,2026-09-22,True,
002312,main,2009-12-03,2026-09-22,True,
002313,main,2009-12-03,2026-09-22,False,r1_loss
002314,main,2009-12-03,2026-09-22,False,r1_loss
002315,main,2009-12-09,2026-09-22,True,
002316,main,2009-12-09,2026-09-22,True,
002317,main,2009-12-11,2026-09-22,True,
002318,main,2009-12-11,2026-09-22,True,
002319,main,2009-12-11,2026-09-22,False,r1_loss
002320,main,2009-12-16,2026-09-22,True,
002321,main,2009-12-16,2026-09-22,False,r1_loss
002322,main,2009-12-18,2026-09-22,True,
002323,main,2009-12-18,2026-09-22,False,r1_loss+r2_st
002324,main,2009-12-18,2026-09-22,True,
002326,main,2009-12-22,2026-09-22,False,r1_loss
002327,main,2009-12-30,2026-09-22,True,
002328,main,2009-12-30,2026-09-22,True,
002329,main,2010-01-06,2026-09-22,False,r1_loss
002330,main,2010-01-06,2026-09-22,False,r1_loss
002331,main,2010-01-06,2026-09-22,False,r1_loss
002332,main,2010-01-12,2026-09-22,True,
002333,main,2010-01-12,2026-09-22,True,
002334,main,2010-01-13,2026-09-22,True,
002335,main,2010-01-13,2026-09-22,True,
002337,main,2010-01-15,2026-09-22,True,
002338,main,2010-01-15,2026-09-22,True,
002339,main,2010-01-22,2026-09-22,True,
002340,main,2010-01-22,2026-09-22,True,
002342,main,2010-01-26,2026-09-22,True,
002343,main,2010-01-26,2026-09-22,False,r1_loss
002344,main,2010-01-26,2026-09-22,True,
002345,main,2010-01-28,2026-09-22,True,
002346,main,2010-01-28,2026-09-22,True,
002347,main,2010-01-28,2026-09-22,False,r1_loss
002348,main,2010-02-03,2026-09-22,False,r1_loss
002349,main,2010-02-03,2026-09-22,True,
002350,main,2010-02-03,2026-09-22,True,
002351,main,2010-02-05,2026-09-22,True,
002352,main,2010-02-05,2026-09-22,True,
002353,main,2010-02-05,2026-09-22,True,
002354,main,2010-02-09,2026-09-22,False,r1_loss
002355,main,2010-02-09,2026-09-22,False,r1_loss
002356,main,2010-02-09,2026-09-22,True,
002357,main,2010-02-10,2026-09-22,True,
002358,main,2010-02-10,2026-09-22,True,
002360,main,2010-03-03,2026-09-22,False,r1_loss+r2_st
002361,main,2010-03-03,2026-09-22,False,r1_loss
002362,main,2010-03-03,2026-09-22,False,r1_loss
002363,main,2010-03-05,2026-09-22,True,
002364,main,2010-03-05,2026-09-22,True,
002365,main,2010-03-05,2026-09-22,True,
002366,main,2010-03-12,2026-09-22,False,r1_loss
002367,main,2010-03-12,2026-09-22,True,
002368,main,2010-03-12,2026-09-22,False,r1_loss
002369,main,2010-03-16,2026-09-22,False,r1_loss
002370,main,2010-03-16,2026-09-22,False,r1_loss
002371,main,2010-03-16,2026-09-22,True,
002372,main,2010-03-18,2026-09-22,True,
002373,main,2010-03-18,2026-09-22,True,
002374,main,2010-03-18,2026-09-22,False,r1_loss
002375,main,2010-03-23,2026-09-22,True,
002376,main,2010-03-23,2026-09-22,True,
002377,main,2010-03-23,2026-09-22,True,
002378,main,2010-03-31,2026-09-22,True,
002379,main,2010-03-31,2026-09-22,True,
002380,main,2010-03-31,2026-09-22,True,
002381,main,2010-04-02,2026-09-22,True,
002382,main,2010-04-02,2026-09-22,False,r1_loss
002383,main,2010-04-02,2026-09-22,False,r1_loss
002384,main,2010-04-09,2026-09-22,True,
002385,main,2010-04-09,2026-09-22,False,r1_loss
002386,main,2010-04-09,2026-09-22,True,
002387,main,2010-04-13,2026-09-22,False,r1_loss
002388,main,2010-04-13,2026-09-22,False,r1_loss
002389,main,2010-04-13,2026-09-22,True,
002390,main,2010-04-16,2026-09-22,True,
002391,main,2010-04-16,2026-09-22,True,
002392,main,2010-04-23,2026-09-22,True,
002393,main,2010-04-23,2026-09-22,True,
002394,main,2010-04-23,2026-09-22,True,
002395,main,2010-04-29,2026-09-22,True,
002396,main,2010-06-23,2026-09-22,True,
002397,main,2010-04-29,2026-09-22,True,
002398,main,2010-05-06,2026-09-22,True,
002399,main,2010-05-06,2026-09-22,True,
002400,main,2010-05-06,2026-09-22,True,
002401,main,2010-05-06,2026-09-22,True,
002402,main,2010-05-11,2026-09-22,True,
002403,main,2010-05-11,2026-09-22,False,r1_loss
002404,main,2010-05-11,2026-09-22,True,
002405,main,2010-05-18,2026-09-22,False,r1_loss
002406,main,2010-05-18,2026-09-22,True,
002407,main,2010-05-18,2026-09-22,True,
002408,main,2010-05-18,2026-09-22,False,r1_loss
002409,main,2010-05-25,2026-09-22,True,
002410,main,2010-05-25,2026-09-22,True,
002412,main,2010-05-25,2026-09-22,True,
002413,main,2010-05-28,2026-09-22,False,r1_loss
002414,main,2010-07-16,2026-09-22,True,
002415,main,2010-05-28,2026-09-22,True,
002416,main,2010-05-28,2026-09-22,True,
002418,main,2010-06-01,2026-09-22,True,
002419,main,2010-06-01,2026-09-22,True,
002420,main,2010-06-01,2026-09-22,True,
002421,main,2010-06-03,2026-09-22,False,r1_loss
002422,main,2010-06-03,2026-09-22,True,
002423,main,2010-06-03,2026-09-22,True,
002424,main,2010-06-03,2026-09-22,False,r1_loss+r2_st
002425,main,2010-06-08,2026-09-22,False,r1_loss
002426,main,2010-06-08,2026-09-22,False,r1_loss
002427,main,2010-06-08,2026-09-22,True,
002428,main,2010-06-08,2026-09-22,True,
002429,main,2010-06-10,2026-09-22,True,
002430,main,2010-06-10,2026-09-22,True,
002431,main,2010-06-10,2026-09-22,False,r1_loss+r2_st
002432,main,2010-06-10,2026-09-22,True,
002434,main,2010-06-18,2026-09-22,True,
002436,main,2010-06-18,2026-09-22,True,
002437,main,2010-06-23,2026-09-22,True,
002438,main,2010-06-23,2026-09-22,True,
002439,main,2010-06-23,2026-09-22,False,r1_loss
002440,main,2010-07-06,2026-09-22,True,
002441,main,2010-07-06,2026-09-22,True,
002442,main,2010-07-06,2026-09-22,True,
002443,main,2010-07-06,2026-09-22,True,
002444,main,2010-07-13,2026-09-22,True,
002445,main,2010-07-13,2026-09-22,True,
002446,main,2010-07-13,2026-09-22,True,
002448,main,2010-07-16,2026-09-22,True,
002449,main,2010-07-16,2026-09-22,False,r1_loss
002451,main,2010-07-20,2026-09-22,True,
002452,main,2010-07-20,2026-09-22,True,
002453,main,2010-07-20,2026-09-22,False,r1_loss
002454,main,2010-07-20,2026-09-22,True,
002455,main,2010-08-03,2026-09-22,False,r1_loss
002456,main,2010-08-03,2026-09-22,False,r1_loss
002457,main,2010-08-03,2026-09-22,True,
002458,main,2010-08-10,2026-09-22,True,
002459,main,2010-08-10,2026-09-22,False,r1_loss
002460,main,2010-08-10,2026-09-22,True,
002461,main,2010-08-18,2026-09-22,True,
002462,main,2010-08-18,2026-09-22,True,
002463,main,2010-08-18,2026-09-22,True,
002465,main,2010-08-31,2026-09-22,False,r1_loss
002466,main,2010-08-31,2026-09-22,True,
002467,main,2010-09-08,2026-09-22,False,r1_loss
002468,main,2010-09-08,2026-09-22,True,
002469,main,2010-09-08,2026-09-22,True,
002470,main,2010-09-08,2026-09-22,False,r1_loss
002471,main,2010-09-10,2026-09-22,False,r1_loss
002472,main,2010-09-10,2026-09-22,True,
002474,main,2010-09-15,2026-09-22,False,r1_loss
002475,main,2010-09-15,2026-09-22,True,
002476,main,2010-09-15,2026-09-22,True,
002478,main,2010-09-21,2026-09-22,True,
002479,main,2010-09-21,2026-09-22,True,
002480,main,2010-09-21,2026-09-22,False,r1_loss
002481,main,2010-09-21,2026-09-22,True,
002482,main,2010-09-29,2026-09-22,False,r1_loss
002483,main,2010-09-29,2026-09-22,True,
002484,main,2010-09-29,2026-09-22,True,
002485,main,2010-10-15,2026-09-22,False,r1_loss+r2_st
002486,main,2010-10-15,2026-09-22,True,
002487,main,2010-10-15,2026-09-22,True,
002488,main,2010-10-21,2026-09-22,True,
002489,main,2010-10-21,2026-09-22,False,r1_loss
002490,main,2010-10-21,2026-09-22,False,r1_loss
002491,main,2010-10-21,2026-09-22,False,r1_loss
002492,main,2010-11-02,2026-09-22,False,r1_loss
002493,main,2010-11-02,2026-09-22,True,
002494,main,2010-11-02,2026-09-22,True,
002495,main,2010-11-02,2026-09-22,True,
002496,main,2010-11-09,2026-09-22,False,r1_loss
002497,main,2010-11-09,2026-09-22,True,
002498,main,2010-11-09,2026-09-22,True,
002500,main,2010-11-15,2026-09-22,True,
002501,main,2010-11-17,2026-09-22,False,r1_loss+r2_st
002506,main,2010-11-18,2026-09-22,False,r1_loss
002507,main,2010-11-23,2026-09-22,True,
002508,main,2010-11-23,2026-09-22,True,
002510,main,2010-11-25,2026-09-22,True,
002511,main,2010-11-25,2026-09-22,True,
002512,main,2010-12-03,2026-09-22,False,r1_loss+r2_st
002513,main,2010-12-03,2026-09-22,False,r1_loss
002514,main,2010-12-03,2026-09-22,False,r1_loss+r2_st
002515,main,2010-12-03,2026-09-22,False,r1_loss
002516,main,2010-12-07,2026-09-22,True,
002517,main,2010-12-07,2026-09-22,True,
002518,main,2010-12-07,2026-09-22,True,
002519,main,2010-12-07,2026-09-22,False,r1_loss
002520,main,2010-12-10,2026-09-22,False,r1_loss
002521,main,2010-12-10,2026-09-22,True,
002522,main,2010-12-10,2026-09-22,True,
002523,main,2010-12-10,2026-09-22,True,
002524,main,2010-12-17,2026-09-22,False,r1_loss
002526,main,2010-12-17,2026-09-22,True,
002527,main,2010-12-24,2026-09-22,False,r1_loss
002528,main,2010-12-24,2026-09-22,False,r1_loss+r2_st
002529,main,2010-12-24,2026-09-22,False,r1_loss
002530,main,2010-12-31,2026-09-22,True,
002531,main,2010-12-31,2026-09-22,False,r1_loss
002532,main,2010-12-31,2026-09-22,True,
002533,main,2010-12-31,2026-09-22,True,
002534,main,2011-01-10,2026-09-22,True,
002535,main,2011-01-11,2026-09-22,False,r1_loss
002536,main,2011-01-11,2026-09-22,True,
002537,main,2011-01-10,2026-09-22,True,
002538,main,2011-01-18,2026-09-22,False,r2_st
002539,main,2011-01-18,2026-09-22,True,
002540,main,2011-01-18,2026-09-22,True,
002541,main,2011-01-18,2026-09-22,True,
002542,main,2011-01-28,2026-09-22,False,r1_loss+r2_st
002543,main,2011-01-28,2026-09-22,False,r1_loss
002544,main,2011-01-28,2026-09-22,True,
002545,main,2011-02-11,2026-09-22,True,
002546,main,2011-02-11,2026-09-22,True,
002547,main,2011-02-18,2026-09-22,False,r1_loss+r2_st
002548,main,2011-02-18,2026-09-22,False,r1_loss
002549,main,2011-02-18,2026-09-22,True,
002550,main,2011-02-18,2026-09-22,True,
002551,main,2011-02-25,2026-09-22,False,r1_loss
002552,main,2011-02-25,2026-09-22,True,
002553,main,2011-02-25,2026-09-22,True,
002554,main,2011-02-25,2026-09-22,False,r1_loss
002555,main,2011-03-02,2026-09-22,True,
002556,main,2011-03-02,2026-09-22,True,
002557,main,2011-03-02,2026-09-22,True,
002558,main,2011-03-02,2026-09-22,True,
002559,main,2011-03-03,2026-09-22,True,
002560,main,2011-03-03,2026-09-22,True,
002561,main,2011-03-03,2026-09-22,False,r1_loss
002562,main,2011-03-10,2026-09-22,True,
002563,main,2011-03-11,2026-09-22,True,
002564,main,2011-03-10,2026-09-22,False,r1_loss
002565,main,2011-03-18,2026-09-22,True,
002566,main,2011-03-18,2026-09-22,True,
002567,main,2011-03-25,2026-09-22,False,r1_loss
002568,main,2011-03-25,2026-09-22,True,
002569,main,2011-04-12,2026-09-22,False,r2_st
002570,main,2011-04-12,2026-09-22,True,
002571,main,2011-04-12,2026-09-22,False,r1_loss
002572,main,2011-04-12,2026-09-22,True,
002573,main,2011-04-22,2026-09-22,False,r1_loss
002574,main,2011-04-22,2026-09-22,False,r1_loss
002575,main,2011-04-22,2026-09-22,False,r1_loss
002576,main,2011-04-28,2026-09-22,True,
002577,main,2011-04-28,2026-09-22,False,r1_loss
002578,main,2011-04-28,2026-09-22,False,r1_loss
002579,main,2011-05-06,2026-09-22,False,r1_loss
002580,main,2011-05-06,2026-09-22,True,
002581,main,2011-05-20,2026-09-22,False,r1_loss+r2_st
002582,main,2011-05-20,2026-09-22,True,
002583,main,2011-05-27,2026-09-22,False,r1_loss
002584,main,2011-06-02,2026-09-22,False,r1_loss
002585,main,2011-06-02,2026-09-22,False,r1_loss
002586,main,2011-06-02,2026-09-22,True,
002587,main,2011-06-10,2026-09-22,True,
002588,main,2011-06-10,2026-09-22,True,
002589,main,2011-06-10,2026-09-22,True,
002590,main,2011-06-10,2026-09-22,True,
002591,main,2011-06-21,2026-09-22,False,r1_loss
002592,main,2011-11-11,2026-09-22,False,r2_st
002593,main,2011-06-28,2026-09-22,True,
002594,main,2011-06-30,2026-09-22,True,
002595,main,2011-06-28,2026-09-22,True,
002596,main,2011-07-07,2026-09-22,False,r1_loss
002597,main,2011-07-07,2026-09-22,True,
002598,main,2011-07-07,2026-09-22,False,r2_st
002599,main,2011-07-15,2026-09-22,False,r1_loss
002600,main,2011-07-15,2026-09-22,True,
002601,main,2011-07-15,2026-09-22,True,
002602,main,2011-07-28,2026-09-22,True,
002603,main,2011-07-28,2026-09-22,True,
002605,main,2011-08-05,2026-09-22,True,
002606,main,2011-08-05,2026-09-22,True,
002607,main,2011-08-10,2026-09-22,True,
002608,main,2011-08-10,2026-09-22,True,
002609,main,2011-08-15,2026-09-22,True,
002611,main,2011-08-30,2026-09-22,True,
002612,main,2011-08-30,2026-09-22,True,
002613,main,2011-08-30,2026-09-22,False,r1_loss
002614,main,2011-09-09,2026-09-22,False,r1_loss
002615,main,2011-09-09,2026-09-22,True,
002616,main,2011-09-20,2026-09-22,True,
002617,main,2011-09-20,2026-09-22,True,
002620,main,2011-09-29,2026-09-22,False,r1_loss+r2_st
002622,main,2011-10-18,2026-09-22,False,r1_loss
002623,main,2011-10-13,2026-09-22,False,r1_loss
002624,main,2011-10-28,2026-09-22,True,
002625,main,2011-11-03,2026-09-22,True,
002626,main,2011-10-28,2026-09-22,True,
002627,main,2011-11-03,2026-09-22,True,
002628,main,2011-11-03,2026-09-22,False,r1_loss
002629,main,2011-11-03,2026-09-22,True,
002630,main,2011-11-11,2026-09-22,False,r1_loss+r2_st
002631,main,2011-11-11,2026-09-22,False,r1_loss
002632,main,2011-11-22,2026-09-22,True,
002633,main,2011-11-22,2026-09-22,True,
002634,main,2011-12-05,2026-09-22,False,r1_loss+r2_st
002635,main,2011-11-25,2026-09-22,True,
002636,main,2011-11-25,2026-09-22,True,
002637,main,2011-11-25,2026-09-22,True,
002638,main,2011-11-25,2026-09-22,False,r1_loss
002639,main,2011-12-05,2026-09-22,True,
002640,main,2011-12-08,2026-09-22,False,r1_loss
002641,main,2011-12-08,2026-09-22,True,
002642,main,2011-12-20,2026-09-22,True,
002643,main,2011-12-20,2026-09-22,True,
002644,main,2011-12-22,2026-09-22,True,
002645,main,2011-12-20,2026-09-22,True,
002646,main,2011-12-22,2026-09-22,False,r1_loss
002647,main,2011-12-28,2026-09-22,True,
002648,main,2011-12-28,2026-09-22,True,
002649,main,2012-01-06,2026-09-22,True,
002650,main,2012-01-06,2026-09-22,False,r1_loss+r2_st
002651,main,2012-01-06,2026-09-22,True,
002652,main,2012-01-19,2026-09-22,False,r1_loss
002653,main,2012-01-17,2026-09-22,True,
002654,main,2012-02-17,2026-09-22,True,
002655,main,2012-02-17,2026-09-22,True,
002656,main,2012-02-28,2026-09-22,False,r1_loss
002657,main,2012-02-28,2026-09-22,False,r1_loss
002658,main,2012-03-09,2026-09-22,True,
002659,main,2012-03-09,2026-09-22,False,r1_loss
002660,main,2012-03-16,2026-09-22,False,r1_loss
002661,main,2012-03-16,2026-09-22,False,r1_loss
002662,main,2012-03-09,2026-09-22,True,
002663,main,2012-03-16,2026-09-22,False,r1_loss
002664,main,2012-03-16,2026-09-22,True,
002666,main,2012-03-27,2026-09-22,True,
002667,main,2012-03-29,2026-09-22,False,r1_loss+r2_st
002668,main,2012-04-16,2026-09-22,True,
002669,main,2012-04-16,2026-09-22,True,
002670,main,2012-04-16,2026-09-22,True,
002671,main,2012-04-26,2026-09-22,True,
002672,main,2012-04-26,2026-09-22,False,r1_loss
002673,main,2012-05-03,2026-09-22,True,
002674,main,2012-05-07,2026-09-22,True,
002675,main,2012-05-25,2026-09-22,True,
002676,main,2012-05-25,2026-09-22,True,
002677,main,2012-05-25,2026-09-22,False,r1_loss
002678,main,2012-05-30,2026-09-22,False,r1_loss
002679,main,2012-06-05,2026-09-22,True,
002681,main,2012-06-05,2026-09-22,False,r1_loss
002682,main,2012-06-12,2026-09-22,False,r1_loss
002683,main,2012-06-12,2026-09-22,True,
002685,main,2012-06-12,2026-09-22,True,
002686,main,2012-07-03,2026-09-22,False,r1_loss
002687,main,2012-07-16,2026-09-22,True,
002688,main,2012-07-16,2026-09-22,True,
002689,main,2012-07-18,2026-09-22,False,r2_st
002690,main,2012-07-31,2026-09-22,True,
002691,main,2012-07-31,2026-09-22,False,r1_loss+r2_st
002692,main,2012-08-08,2026-09-22,False,r1_loss
002693,main,2012-08-08,2026-09-22,True,
002694,main,2012-08-16,2026-09-22,False,r1_loss+r2_st
002695,main,2012-09-05,2026-09-22,True,
002696,main,2012-09-05,2026-09-22,False,r1_loss
002697,main,2012-09-05,2026-09-22,True,
002698,main,2012-09-11,2026-09-22,True,
002700,main,2012-09-21,2026-09-22,True,
002701,main,2012-10-11,2026-09-22,True,
002702,main,2012-10-11,2026-09-22,False,r1_loss
002703,main,2012-11-02,2026-09-22,True,
002705,main,2014-01-21,2026-09-22,True,
002706,main,2014-01-21,2026-09-22,True,
002707,main,2014-01-23,2026-09-22,False,r1_loss
002708,main,2014-01-21,2026-09-22,True,
002709,main,2014-01-23,2026-09-22,True,
002712,main,2014-01-23,2026-09-22,False,r1_loss
002713,main,2014-02-19,2026-09-22,True,
002714,main,2014-01-28,2026-09-22,False,r1_loss
002715,main,2014-02-19,2026-09-22,False,r1_loss
002716,main,2014-01-28,2026-09-22,True,
002717,main,2014-02-19,2026-09-22,False,r1_loss+r2_st
002718,main,2014-01-28,2026-09-22,True,
002719,main,2014-01-28,2026-09-22,False,r1_loss+r2_st
002721,main,2014-01-27,2026-09-22,True,
002722,main,2014-01-28,2026-09-22,True,
002723,main,2014-01-29,2026-09-22,False,r1_loss
002724,main,2014-11-04,2026-09-22,True,
002725,main,2014-01-29,2026-09-22,False,r1_loss
002726,main,2014-06-26,2026-09-22,False,r1_loss+r2_st
002727,main,2014-07-02,2026-09-22,True,
002728,main,2014-07-31,2026-09-22,True,
002729,main,2014-09-12,2026-09-22,True,
002730,main,2014-10-09,2026-09-22,True,
002731,main,2014-11-04,2026-08-31,False,r1_loss+r2_st
002732,main,2014-12-05,2026-09-22,True,
002733,main,2014-12-03,2026-09-22,True,
002734,main,2015-01-27,2026-09-22,True,
002735,main,2014-12-03,2026-09-22,False,r1_loss
002736,main,2014-12-29,2026-09-22,True,
002737,main,2014-12-30,2026-09-22,False,r1_loss
002738,main,2014-12-30,2026-09-22,True,
002739,main,2015-01-22,2026-09-22,False,r1_loss
002741,main,2015-02-16,2026-09-22,True,
002742,main,2015-02-17,2026-09-22,False,r1_loss
002743,main,2015-02-17,2026-09-22,False,r1_loss+r2_st
002745,main,2015-02-17,2026-09-22,False,r1_loss
002746,main,2015-02-16,2026-09-22,True,
002747,main,2015-03-20,2026-09-22,True,
002748,main,2015-03-19,2026-09-22,True,
002749,main,2015-03-20,2026-09-22,True,
002752,main,2015-04-22,2026-09-22,True,
002753,main,2015-05-19,2026-09-22,True,
002755,main,2015-05-15,2026-09-22,True,
002756,main,2015-05-15,2026-09-22,True,
002757,main,2015-05-27,2026-09-22,True,
002758,main,2015-05-27,2026-09-22,True,
002759,main,2015-05-28,2026-09-22,False,r2_st
002760,main,2015-06-11,2026-09-22,True,
002761,main,2015-06-10,2026-09-22,True,
002762,main,2015-06-10,2026-09-22,False,r1_loss
002763,main,2015-06-10,2026-09-22,True,
002765,main,2015-06-12,2026-09-22,True,
002766,main,2015-06-11,2026-09-22,False,r1_loss
002767,main,2015-06-12,2026-09-22,True,
002768,main,2015-06-30,2026-09-22,True,
002769,main,2015-06-29,2026-09-22,True,
002771,main,2015-06-29,2026-09-22,False,r1_loss
002772,main,2015-06-26,2026-09-22,True,
002773,main,2015-06-26,2026-09-22,True,
002774,main,2017-03-24,2026-09-22,True,
002775,main,2015-06-29,2026-09-22,False,r1_loss
002777,main,2015-12-31,2026-09-22,True,
002778,main,2016-01-06,2026-09-22,True,
002779,main,2015-12-09,2026-09-22,True,
002780,main,2015-12-09,2026-09-22,True,
002782,main,2015-12-22,2026-09-22,True,
002783,main,2015-12-09,2026-09-22,True,
002785,main,2015-12-23,2026-09-22,False,r1_loss
002786,main,2015-12-23,2026-09-22,False,r1_loss
002787,main,2015-12-31,2026-09-22,True,
002788,main,2016-02-18,2026-09-22,True,
002789,main,2016-03-11,2026-09-22,False,r1_loss+r2_st
002790,main,2016-03-08,2026-09-22,False,r1_loss
002791,main,2016-03-29,2026-09-22,False,r1_loss
002792,main,2016-03-28,2026-09-22,False,r1_loss
002793,main,2016-04-15,2026-09-22,False,r1_loss
002795,main,2016-04-28,2026-09-22,False,r1_loss
002796,main,2016-05-10,2026-09-22,False,r1_loss
002797,main,2016-05-11,2026-09-22,True,
002798,main,2016-05-25,2026-09-22,False,r1_loss
002799,main,2016-06-08,2026-09-22,False,r1_loss
002800,main,2016-05-30,2026-09-22,False,r1_loss
002801,main,2016-06-22,2026-09-22,True,
002802,main,2016-06-29,2026-09-22,True,
002803,main,2016-07-12,2026-09-22,True,
002805,main,2016-07-07,2026-09-22,False,r1_loss
002806,main,2016-07-26,2026-09-22,False,r1_loss
002807,main,2016-09-02,2026-09-22,True,
002809,main,2016-08-23,2026-09-22,False,r1_loss
002810,main,2016-08-26,2026-09-22,True,
002811,main,2016-09-08,2026-09-22,True,
002812,main,2016-09-14,2026-09-22,True,
002813,main,2016-10-12,2026-09-22,False,r1_loss
002815,main,2016-10-12,2026-09-22,True,
002816,main,2016-10-25,2026-09-22,False,r2_st
002817,main,2016-10-25,2026-09-22,True,
002818,main,2016-11-09,2026-09-22,True,
002819,main,2016-11-11,2026-09-22,False,r1_loss
002820,main,2016-11-18,2026-09-22,False,r1_loss
002821,main,2016-11-18,2026-09-22,True,
002822,main,2016-11-29,2026-09-22,False,r1_loss+r2_st
002823,main,2016-11-24,2026-09-22,True,
002824,main,2017-01-12,2026-09-22,True,
002825,main,2016-11-29,2026-09-22,True,
002826,main,2016-12-09,2026-09-22,True,
002827,main,2016-12-09,2026-09-22,True,
002828,main,2016-12-08,2026-09-22,False,r1_loss
002829,main,2016-12-13,2026-09-22,False,r1_loss
002830,main,2016-12-13,2026-09-22,True,
002831,main,2016-12-16,2026-09-22,True,
002832,main,2016-12-23,2026-09-22,True,
002833,main,2016-12-28,2026-09-22,True,
002835,main,2016-12-28,2026-09-22,True,
002836,main,2016-12-29,2026-09-22,True,
002837,main,2016-12-29,2026-09-22,True,
002838,main,2017-01-06,2026-09-22,True,
002839,main,2017-01-24,2026-09-22,True,
002840,main,2017-01-10,2026-09-22,False,r1_loss
002841,main,2017-01-19,2026-09-22,True,
002842,main,2017-01-19,2026-09-22,True,
002843,main,2017-01-20,2026-09-22,False,r1_loss
002845,main,2017-01-25,2026-09-22,True,
002846,main,2017-02-07,2026-09-22,True,
002847,main,2017-02-08,2026-09-22,True,
002848,main,2017-02-13,2026-09-22,False,r1_loss
002849,main,2017-02-17,2026-09-22,True,
002850,main,2017-03-02,2026-09-22,True,
002851,main,2017-03-06,2026-09-22,True,
002852,main,2017-03-10,2026-09-22,True,
002853,main,2017-03-10,2026-09-22,False,r1_loss
002855,main,2017-03-21,2026-09-22,False,r1_loss
002856,main,2017-03-20,2026-09-22,False,r1_loss+r2_st
002857,main,2017-03-23,2026-09-22,False,r1_loss
002858,main,2017-03-24,2026-09-22,False,r1_loss
002859,main,2017-04-07,2026-09-22,True,
002860,main,2017-04-12,2026-09-21,True,
002861,main,2017-04-13,2026-09-22,False,r1_loss
002862,main,2017-04-11,2026-09-22,False,r1_loss
002863,main,2017-04-18,2026-09-22,True,
002864,main,2017-11-16,2026-09-22,True,
002865,main,2017-04-25,2026-09-22,False,r1_loss
002866,main,2017-04-26,2026-09-22,True,
002867,main,2017-04-27,2026-09-22,True,
002868,main,2017-05-03,2026-09-22,False,r1_loss
002869,main,2017-05-15,2026-09-22,False,r1_loss
002870,main,2017-05-15,2026-09-22,True,
002871,main,2017-05-11,2026-09-22,True,
002872,main,2017-05-19,2026-09-22,False,r1_loss+r2_st
002873,main,2017-05-19,2026-09-22,True,
002875,main,2017-06-01,2026-09-22,False,r1_loss
002876,main,2017-05-25,2026-09-22,True,
002877,main,2017-06-05,2026-09-22,True,
002878,main,2017-06-06,2026-09-22,False,r1_loss
002879,main,2017-07-07,2026-09-22,True,
002880,main,2017-06-16,2026-09-22,True,
002881,main,2017-06-22,2026-09-22,True,
002882,main,2017-07-17,2026-09-22,True,
002883,main,2017-06-20,2026-09-22,False,r1_loss+r2_st
002884,main,2017-07-11,2026-09-22,True,
002885,main,2017-06-27,2026-09-22,True,
002886,main,2017-06-27,2026-09-22,True,
002887,main,2017-08-01,2026-09-22,True,
002888,main,2017-07-21,2026-09-22,True,
002889,main,2017-07-31,2026-09-22,True,
002890,main,2017-08-02,2026-09-22,True,
002891,main,2017-08-21,2026-09-22,True,
002892,main,2017-08-17,2026-09-22,False,r1_loss
002893,main,2017-09-15,2026-09-22,True,
002895,main,2017-08-25,2026-09-22,True,
002896,main,2017-08-29,2026-09-22,True,
002897,main,2017-09-07,2026-09-22,True,
002899,main,2017-09-15,2026-09-22,True,
002900,main,2017-09-22,2026-09-22,False,r1_loss
002901,main,2017-09-22,2026-09-22,True,
002902,main,2017-09-29,2026-09-22,False,r1_loss
002903,main,2017-10-13,2026-09-22,False,r1_loss
002905,main,2017-10-16,2026-09-22,False,r1_loss
002906,main,2017-10-13,2026-09-22,True,
002907,main,2017-10-20,2026-09-22,True,
002908,main,2017-10-20,2026-09-22,False,r1_loss
002909,main,2017-10-26,2026-09-22,False,r1_loss
002910,main,2017-10-31,2026-09-22,False,r1_loss
002911,main,2017-11-22,2026-09-22,True,
002912,main,2017-11-21,2026-09-22,True,
002913,main,2017-12-01,2026-09-22,True,
002915,main,2017-12-05,2026-09-22,True,
002916,main,2017-12-13,2026-09-22,True,
002917,main,2017-12-08,2026-09-22,True,
002918,main,2017-12-19,2026-09-22,True,
002919,main,2017-12-18,2026-09-22,False,r1_loss
002920,main,2017-12-26,2026-09-22,True,
002921,main,2017-12-27,2026-09-22,False,r1_loss
002922,main,2017-12-29,2026-09-22,True,
002923,main,2018-01-05,2026-09-22,False,r1_loss
002925,main,2018-01-15,2026-09-22,True,
002926,main,2018-02-05,2026-09-22,True,
002927,main,2018-02-23,2026-09-22,False,r1_loss
002928,main,2018-03-02,2026-09-22,True,
002929,main,2018-03-01,2026-09-22,True,
002930,main,2018-03-28,2026-09-22,False,r1_loss
002931,main,2018-04-03,2026-09-22,True,
002932,main,2018-07-10,2026-09-22,False,r1_loss+r2_st
002933,main,2018-08-28,2026-09-22,True,
002935,main,2018-09-03,2026-09-22,True,
002936,main,2018-09-19,2026-09-22,True,
002937,main,2018-09-26,2026-09-22,True,
002938,main,2018-09-18,2026-09-22,True,
002939,main,2018-10-26,2026-09-22,True,
002940,main,2018-10-23,2026-09-22,True,
002941,main,2018-11-28,2026-09-22,True,
002942,main,2018-12-05,2026-09-22,True,
002943,main,2018-11-29,2026-09-22,False,r1_loss
002945,main,2019-01-17,2026-09-22,True,
002946,main,2019-01-25,2026-09-22,True,
002947,main,2019-02-01,2026-09-22,True,
002948,main,2019-01-16,2026-09-22,True,
002949,main,2019-02-26,2026-09-22,True,
002950,main,2019-03-11,2026-09-22,True,
002951,main,2019-03-15,2026-09-22,False,r1_loss
002952,main,2019-03-28,2026-09-22,True,
002953,main,2019-05-09,2026-09-22,True,
002955,main,2019-05-23,2026-09-22,True,
002956,main,2019-06-19,2026-09-22,True,
002957,main,2019-07-26,2026-09-22,True,
002958,main,2019-03-26,2026-09-22,True,
002959,main,2019-08-23,2026-09-22,True,
002960,main,2019-08-09,2026-09-22,True,
002961,main,2019-09-05,2026-09-22,True,
002962,main,2019-09-17,2026-09-22,True,
002963,main,2019-10-28,2026-09-22,False,r1_loss
002965,main,2019-10-25,2026-09-22,True,
002966,main,2019-08-02,2026-09-22,True,
002967,main,2019-11-08,2026-09-22,True,
002968,main,2019-12-03,2026-09-22,True,
002969,main,2019-12-02,2026-09-22,True,
002970,main,2019-12-17,2026-09-22,True,
002971,main,2020-01-13,2026-09-22,True,
002972,main,2019-12-27,2026-09-22,True,
002973,main,2020-01-06,2026-09-22,True,
002975,main,2020-02-05,2026-09-22,True,
002976,main,2020-03-06,2026-09-22,False,r1_loss
002977,main,2020-03-17,2026-09-22,False,r1_loss+r2_st
002978,main,2020-04-17,2026-09-22,True,
002979,main,2020-04-08,2026-09-22,True,
002980,main,2020-04-15,2026-09-22,True,
002981,main,2020-04-17,2026-09-22,True,
002982,main,2020-04-24,2026-09-22,True,
002983,main,2020-04-28,2026-09-22,True,
002984,main,2020-09-11,2026-09-22,True,
002985,main,2020-04-29,2026-09-22,True,
002986,main,2020-06-02,2026-09-22,False,r1_loss
002987,main,2020-05-07,2026-09-22,True,
002988,main,2020-05-18,2026-09-22,True,
002989,main,2020-06-10,2026-09-22,False,r1_loss
002990,main,2020-05-25,2026-09-22,True,
002991,main,2020-07-31,2026-09-22,True,
002992,main,2020-08-03,2026-09-22,True,
002993,main,2020-08-17,2026-09-22,True,
002995,main,2020-08-05,2026-09-22,False,r1_loss
002996,main,2020-08-28,2026-09-22,True,
002997,main,2020-09-03,2026-09-22,True,
002998,main,2020-09-25,2026-09-22,True,
002999,main,2020-09-03,2026-09-22,True,
003000,main,2020-09-14,2026-09-22,True,
003001,main,2020-10-13,2026-09-22,False,r1_loss
003002,main,2020-09-22,2026-09-22,True,
003003,main,2020-09-21,2026-09-22,True,
003004,main,2020-11-26,2026-09-22,False,r1_loss
003005,main,2020-09-22,2026-09-22,False,r1_loss
003006,main,2020-09-21,2026-09-22,True,
003007,main,2020-09-23,2026-09-22,True,
003008,main,2020-09-23,2026-09-22,True,
003009,main,2020-09-25,2026-09-22,False,r1_loss
003010,main,2020-09-25,2026-09-22,True,
003011,main,2020-09-30,2026-09-22,True,
003012,main,2020-10-19,2026-09-22,True,
003013,main,2020-10-22,2026-09-22,True,
003015,main,2020-10-21,2026-09-22,True,
003016,main,2020-10-26,2026-09-22,True,
003017,main,2020-10-26,2026-09-22,True,
003018,main,2020-11-06,2026-09-22,True,
003019,main,2020-11-17,2026-09-22,True,
003020,main,2020-12-15,2026-09-22,True,
003021,main,2020-12-04,2026-09-22,True,
003022,main,2020-12-08,2026-09-22,True,
003023,main,2020-12-11,2026-09-22,True,
003025,main,2020-12-11,2026-09-22,True,
003026,main,2020-12-18,2026-09-22,True,
003027,main,2020-12-18,2026-09-22,True,
003028,main,2020-12-28,2026-09-22,True,
003029,main,2020-12-24,2026-09-22,False,r1_loss
003030,main,2021-01-06,2026-09-22,True,
003031,main,2021-01-04,2026-09-22,True,
003032,main,2021-01-12,2026-09-22,False,r1_loss
003033,main,2021-01-11,2026-09-22,True,
003035,main,2021-01-19,2026-09-22,True,
003036,main,2021-01-28,2026-09-22,True,
003037,main,2021-02-04,2026-09-22,False,r1_loss
003038,main,2021-02-10,2026-09-22,False,r1_loss
003039,main,2021-03-08,2026-09-22,True,
003040,main,2021-03-22,2026-09-22,False,r1_loss
003041,main,2021-04-06,2026-09-22,True,
003042,main,2021-04-06,2026-09-22,False,r1_loss
003043,main,2021-04-06,2026-09-22,True,
003816,main,2019-08-26,2026-09-22,True,
300001,chinext,2009-10-30,2026-09-22,True,
300002,chinext,2009-10-30,2026-09-22,True,
300003,chinext,2009-10-30,2026-09-22,True,
300004,chinext,2009-10-30,2026-09-22,True,
300005,chinext,2009-10-30,2026-09-22,True,
300006,chinext,2009-10-30,2026-09-22,False,r1_loss
300007,chinext,2009-10-30,2026-09-22,True,
300008,chinext,2009-10-30,2026-09-22,True,
300009,chinext,2009-10-30,2026-09-22,True,
300010,chinext,2009-10-30,2026-09-22,False,r1_loss+r2_st
300011,chinext,2009-10-30,2026-09-22,False,r1_loss
300012,chinext,2009-10-30,2026-09-22,True,
300013,chinext,2009-10-30,2026-09-22,False,r1_loss
300014,chinext,2009-10-30,2026-09-22,True,
300015,chinext,2009-10-30,2026-09-22,True,
300016,chinext,2009-10-30,2026-09-22,True,
300017,chinext,2009-10-30,2026-09-22,True,
300018,chinext,2009-10-30,2026-09-22,True,
300019,chinext,2009-10-30,2026-09-22,True,
300020,chinext,2009-10-30,2026-09-22,False,r1_loss+r2_st
300021,chinext,2009-10-30,2026-09-22,True,
300022,chinext,2009-10-30,2026-09-22,False,r1_loss
300024,chinext,2009-10-30,2026-09-22,False,r1_loss
300025,chinext,2009-10-30,2026-09-22,False,r1_loss
300026,chinext,2009-10-30,2026-09-22,True,
300027,chinext,2009-10-30,2026-09-22,False,r1_loss+r2_st
300030,chinext,2009-12-25,2026-09-22,True,
300031,chinext,2009-12-25,2026-09-22,True,
300032,chinext,2009-12-25,2026-09-22,False,r1_loss
300033,chinext,2009-12-25,2026-09-22,True,
300034,chinext,2009-12-25,2026-09-22,True,
300035,chinext,2009-12-25,2026-09-22,True,
300036,chinext,2009-12-25,2026-09-22,False,r1_loss
300037,chinext,2010-01-08,2026-09-22,True,
300039,chinext,2010-01-08,2026-09-22,True,
300040,chinext,2010-01-08,2026-09-22,True,
300041,chinext,2010-01-08,2026-09-22,True,
300042,chinext,2010-01-08,2026-09-22,True,
300043,chinext,2010-01-20,2026-09-22,True,
300044,chinext,2010-01-20,2026-09-22,False,r1_loss+r2_st
300045,chinext,2010-01-20,2026-09-22,False,r1_loss
300046,chinext,2010-01-20,2026-09-22,True,
300047,chinext,2010-01-20,2026-09-22,True,
300048,chinext,2010-01-20,2026-09-22,False,r1_loss
300049,chinext,2010-01-20,2026-09-22,True,
300050,chinext,2010-01-20,2026-09-22,True,
300051,chinext,2010-02-11,2026-09-22,False,r1_loss
300052,chinext,2010-02-11,2026-09-22,False,r1_loss
300053,chinext,2010-02-11,2026-09-22,False,r1_loss
300054,chinext,2010-02-11,2026-09-22,True,
300055,chinext,2010-02-26,2026-09-22,False,r1_loss
300056,chinext,2010-02-26,2026-09-22,False,r1_loss
300057,chinext,2010-02-26,2026-09-22,False,r1_loss
300058,chinext,2010-02-26,2026-09-22,True,
300059,chinext,2010-03-19,2026-09-22,True,
300061,chinext,2010-03-19,2026-09-22,False,r1_loss
300062,chinext,2010-03-19,2026-09-22,False,r1_loss
300063,chinext,2010-03-26,2026-09-22,True,
300065,chinext,2010-03-26,2026-09-22,True,
300066,chinext,2010-03-26,2026-09-22,True,
300067,chinext,2010-04-21,2026-09-22,False,r1_loss
300068,chinext,2010-04-21,2026-09-22,False,r1_loss+r2_st
300069,chinext,2010-04-21,2026-09-22,False,r1_loss
300070,chinext,2010-04-21,2026-09-22,True,
300071,chinext,2010-04-21,2026-09-22,False,r1_loss
300072,chinext,2010-04-27,2026-09-22,False,r1_loss
300073,chinext,2010-04-27,2026-09-22,True,
300074,chinext,2010-04-27,2026-09-22,False,r1_loss
300075,chinext,2010-04-27,2026-09-22,False,r1_loss
300076,chinext,2010-04-30,2026-09-22,False,r1_loss+r2_st
300077,chinext,2010-04-30,2026-09-22,False,r1_loss
300078,chinext,2010-04-30,2026-09-22,False,r1_loss
300079,chinext,2010-04-30,2026-09-22,True,
300080,chinext,2010-06-25,2026-09-22,False,r1_loss
300081,chinext,2010-05-20,2026-09-22,False,r1_loss+r2_st
300082,chinext,2010-05-20,2026-09-18,True,
300083,chinext,2010-05-20,2026-09-22,True,
300084,chinext,2010-05-20,2026-09-22,False,r1_loss
300085,chinext,2010-05-26,2026-09-22,False,r1_loss
300086,chinext,2010-05-26,2026-09-22,False,r1_loss
300087,chinext,2010-05-26,2026-09-22,False,r1_loss+r2_st
300088,chinext,2010-05-26,2026-09-22,True,
300091,chinext,2010-06-25,2026-09-22,False,r1_loss+r2_st
300092,chinext,2010-07-08,2026-09-22,True,
300093,chinext,2010-07-08,2026-09-22,True,
300094,chinext,2010-07-08,2026-09-22,False,r1_loss
300095,chinext,2010-07-28,2026-09-22,False,r1_loss
300096,chinext,2010-07-28,2026-09-22,False,r1_loss+r2_st
300097,chinext,2010-07-28,2026-09-22,False,r1_loss
300098,chinext,2010-07-28,2026-09-22,False,r1_loss
300099,chinext,2010-08-06,2026-09-22,True,
300100,chinext,2010-08-06,2026-09-22,True,
300101,chinext,2010-08-06,2026-09-22,False,r1_loss
300102,chinext,2010-08-12,2026-09-22,True,
300103,chinext,2010-08-12,2026-09-22,False,r1_loss
300105,chinext,2010-08-20,2026-09-22,False,r1_loss
300106,chinext,2010-08-20,2026-09-22,False,r1_loss
300107,chinext,2010-08-20,2026-09-22,False,r1_loss
300109,chinext,2010-08-25,2026-09-22,True,
300110,chinext,2010-08-25,2026-09-22,False,r1_loss
300111,chinext,2010-08-27,2026-09-22,False,r1_loss
300112,chinext,2010-08-27,2026-09-22,False,r1_loss
300113,chinext,2010-08-27,2026-09-22,True,
300115,chinext,2010-09-02,2026-09-22,True,
300118,chinext,2010-09-02,2026-09-22,False,r1_loss
300119,chinext,2010-09-17,2026-09-22,True,
300120,chinext,2010-09-17,2026-09-22,False,r1_loss
300121,chinext,2010-09-17,2026-09-22,True,
300122,chinext,2010-09-28,2026-09-22,False,r1_loss
300123,chinext,2010-09-28,2026-09-22,False,r1_loss+r2_st
300124,chinext,2010-09-28,2026-09-22,True,
300125,chinext,2010-10-13,2026-09-22,True,
300126,chinext,2010-10-13,2026-09-22,False,r1_loss
300127,chinext,2010-10-13,2026-09-22,True,
300128,chinext,2010-10-13,2026-09-22,False,r1_loss
300129,chinext,2010-10-19,2026-09-22,True,
300130,chinext,2010-10-19,2026-09-22,True,
300131,chinext,2010-10-19,2026-09-22,False,r1_loss
300132,chinext,2010-10-26,2026-09-22,True,
300133,chinext,2010-10-26,2026-09-22,True,
300134,chinext,2010-10-26,2026-09-22,False,r1_loss
300135,chinext,2010-10-26,2026-09-22,False,r1_loss
300136,chinext,2010-11-05,2026-09-22,True,
300137,chinext,2010-11-05,2026-09-22,False,r1_loss
300138,chinext,2010-11-05,2026-09-22,True,
300139,chinext,2010-11-12,2026-09-22,True,
300140,chinext,2010-11-12,2026-09-22,True,
300141,chinext,2010-11-12,2026-09-22,False,r1_loss
300142,chinext,2010-11-12,2026-09-22,True,
300143,chinext,2010-12-09,2026-09-22,True,
300144,chinext,2010-12-09,2026-09-22,True,
300145,chinext,2010-12-09,2026-09-22,True,
300146,chinext,2010-12-15,2026-09-22,True,
300147,chinext,2010-12-15,2026-09-22,False,r1_loss+r2_st
300148,chinext,2010-12-15,2026-09-22,True,
300149,chinext,2010-12-22,2026-09-22,False,r1_loss
300150,chinext,2010-12-22,2026-09-22,False,r1_loss
300151,chinext,2010-12-22,2026-09-22,True,
300152,chinext,2010-12-29,2026-09-22,False,r1_loss+r2_st
300153,chinext,2010-12-29,2026-09-22,True,
300154,chinext,2010-12-29,2026-09-22,True,
300155,chinext,2011-01-07,2026-09-22,False,r1_loss
300157,chinext,2011-01-07,2026-09-22,False,r1_loss
300158,chinext,2011-01-07,2026-09-22,False,r1_loss
300159,chinext,2011-01-07,2026-09-22,True,
300160,chinext,2011-01-13,2026-09-22,True,
300161,chinext,2011-01-13,2026-09-22,True,
300162,chinext,2011-01-13,2026-09-22,False,r1_loss
300163,chinext,2011-01-13,2026-09-22,False,r1_loss
300164,chinext,2011-01-13,2026-09-22,False,r1_loss
300165,chinext,2011-01-25,2026-09-22,False,r1_loss
300166,chinext,2011-01-25,2026-09-22,False,r1_loss
300167,chinext,2011-01-25,2026-09-22,False,r1_loss+r2_st
300168,chinext,2011-01-25,2026-09-22,False,r1_loss
300169,chinext,2011-01-25,2026-09-22,True,
300170,chinext,2011-02-09,2026-09-22,True,
300171,chinext,2011-02-09,2026-09-22,True,
300172,chinext,2011-02-09,2026-09-22,True,
300173,chinext,2011-02-09,2026-09-22,False,r1_loss+r2_st
300174,chinext,2011-02-09,2026-09-22,True,
300175,chinext,2011-02-15,2026-09-22,False,r1_loss
300176,chinext,2011-02-15,2026-09-22,True,
300177,chinext,2011-02-15,2026-09-22,False,r1_loss
300179,chinext,2011-02-15,2026-09-22,True,
300180,chinext,2011-02-22,2026-09-22,True,
300181,chinext,2011-02-22,2026-09-22,True,
300182,chinext,2011-02-22,2026-09-22,True,
300183,chinext,2011-02-22,2026-09-22,False,r1_loss
300184,chinext,2011-02-22,2026-09-22,True,
300185,chinext,2011-03-08,2026-09-22,True,
300187,chinext,2011-03-08,2026-09-22,True,
300188,chinext,2011-03-16,2026-09-22,False,r1_loss
300189,chinext,2011-03-16,2026-09-22,True,
300190,chinext,2011-03-16,2026-09-22,False,r1_loss
300191,chinext,2011-03-16,2026-09-22,True,
300192,chinext,2011-03-22,2026-09-22,True,
300193,chinext,2011-03-22,2026-09-22,True,
300194,chinext,2011-03-22,2026-09-22,True,
300195,chinext,2011-03-29,2026-09-22,True,
300196,chinext,2011-03-29,2026-09-22,True,
300197,chinext,2011-03-29,2026-09-22,False,r1_loss
300198,chinext,2011-04-07,2026-09-22,False,r1_loss+r2_st
300199,chinext,2011-04-07,2026-09-22,True,
300200,chinext,2011-04-07,2026-09-22,True,
300201,chinext,2011-04-07,2026-09-22,True,
300203,chinext,2011-04-15,2026-09-22,False,r1_loss
300204,chinext,2011-04-15,2026-09-22,False,r1_loss
300205,chinext,2011-04-21,2026-09-22,False,r1_loss+r2_st
300206,chinext,2011-04-21,2026-09-22,True,
300207,chinext,2011-04-21,2026-09-22,True,
300209,chinext,2011-04-26,2026-09-22,False,r1_loss
300210,chinext,2011-04-26,2026-09-22,False,r1_loss
300211,chinext,2011-05-05,2026-09-22,False,r1_loss+r2_st
300212,chinext,2011-05-05,2026-09-22,False,r1_loss+r2_st
300213,chinext,2011-05-05,2026-09-22,False,r1_loss
300214,chinext,2011-05-11,2026-09-22,False,r1_loss
300215,chinext,2011-05-11,2026-09-22,True,
300217,chinext,2011-05-18,2026-09-22,True,
300218,chinext,2011-05-18,2026-09-22,True,
300219,chinext,2011-05-18,2026-09-22,True,
300220,chinext,2011-05-25,2026-09-22,False,r1_loss
300221,chinext,2011-05-25,2026-09-22,True,
300222,chinext,2011-05-25,2026-09-22,True,
300223,chinext,2011-05-31,2026-09-22,True,
300224,chinext,2011-05-31,2026-09-22,True,
300225,chinext,2011-05-31,2026-09-22,True,
300226,chinext,2011-06-08,2026-09-22,True,
300227,chinext,2011-06-08,2026-09-22,False,r1_loss
300228,chinext,2011-06-08,2026-09-22,True,
300229,chinext,2011-06-16,2026-09-22,False,r1_loss
300230,chinext,2011-06-16,2026-09-22,True,
300231,chinext,2011-06-16,2026-09-22,True,
300232,chinext,2011-06-22,2026-09-22,False,r1_loss
300233,chinext,2011-06-22,2026-09-22,True,
300234,chinext,2011-06-22,2026-09-22,False,r1_loss
300235,chinext,2011-06-29,2026-09-22,True,
300236,chinext,2011-06-29,2026-09-22,True,
300237,chinext,2011-06-29,2026-09-22,False,r1_loss+r2_st
300238,chinext,2011-07-06,2026-09-22,True,
300239,chinext,2011-07-06,2026-09-22,True,
300240,chinext,2011-07-06,2026-09-22,True,
300241,chinext,2011-07-12,2026-09-22,True,
300242,chinext,2011-07-12,2026-09-22,False,r1_loss
300243,chinext,2011-07-12,2026-09-22,True,
300244,chinext,2011-07-19,2026-09-22,True,
300245,chinext,2011-07-19,2026-09-22,False,r1_loss+r2_st
300246,chinext,2011-07-19,2026-09-22,False,r1_loss
300247,chinext,2011-07-29,2026-09-22,True,
300248,chinext,2011-07-29,2026-09-22,True,
300249,chinext,2011-08-03,2026-09-22,True,
300250,chinext,2011-08-03,2026-09-22,True,
300251,chinext,2011-08-03,2026-09-22,False,r1_loss
300252,chinext,2011-08-18,2026-09-22,True,
300253,chinext,2011-08-18,2026-09-22,False,r1_loss
300254,chinext,2011-08-19,2026-09-22,True,
300255,chinext,2011-08-19,2026-09-22,False,r1_loss
300256,chinext,2011-08-19,2026-09-22,False,r1_loss
300257,chinext,2011-08-19,2026-09-22,True,
300258,chinext,2011-08-26,2026-09-22,True,
300259,chinext,2011-08-31,2026-09-22,True,
300260,chinext,2011-09-06,2026-09-22,True,
300261,chinext,2011-09-06,2026-09-22,False,r1_loss
300263,chinext,2011-09-16,2026-09-22,True,
300264,chinext,2011-09-16,2026-09-22,False,r1_loss
300265,chinext,2011-09-16,2026-09-22,False,r1_loss
300266,chinext,2011-09-27,2026-09-22,False,r1_loss
300267,chinext,2011-09-27,2026-09-22,False,r1_loss
300268,chinext,2011-09-27,2026-09-22,False,r1_loss
300269,chinext,2011-10-12,2026-09-22,False,r1_loss
300270,chinext,2011-10-12,2026-09-22,False,r1_loss
300271,chinext,2011-10-26,2026-09-22,False,r1_loss
300272,chinext,2011-11-02,2026-09-22,True,
300274,chinext,2011-11-02,2026-09-22,True,
300275,chinext,2011-11-02,2026-09-22,True,
300276,chinext,2011-11-15,2026-09-22,False,r1_loss
300277,chinext,2011-11-23,2026-09-22,True,
300278,chinext,2011-12-16,2026-09-22,False,r1_loss
300279,chinext,2011-12-29,2026-09-22,True,
300281,chinext,2011-12-29,2026-09-22,False,r1_loss
300283,chinext,2012-01-10,2026-09-22,True,
300284,chinext,2012-01-10,2026-09-22,True,
300285,chinext,2012-01-13,2026-09-22,True,
300286,chinext,2012-01-13,2026-09-22,True,
300287,chinext,2012-02-01,2026-09-22,False,r1_loss
300288,chinext,2012-02-16,2026-09-22,False,r1_loss
300289,chinext,2012-02-16,2026-09-22,False,r1_loss
300290,chinext,2012-02-16,2026-09-22,False,r1_loss+r2_st
300291,chinext,2012-02-09,2026-09-22,False,r1_loss
300292,chinext,2012-02-29,2026-09-22,True,
300293,chinext,2012-03-08,2026-09-22,False,r1_loss
300294,chinext,2012-03-08,2026-09-22,False,r1_loss
300295,chinext,2012-03-15,2026-09-22,False,r1_loss+r2_st
300296,chinext,2012-03-15,2026-09-22,True,
300298,chinext,2012-03-19,2026-09-22,True,
300299,chinext,2012-03-19,2026-09-22,False,r1_loss
300300,chinext,2012-03-19,2026-09-22,True,
300301,chinext,2012-03-21,2026-09-22,False,r1_loss+r2_st
300302,chinext,2012-03-21,2026-09-22,False,r1_loss
300303,chinext,2012-03-19,2026-09-22,True,
300304,chinext,2012-03-21,2026-09-22,True,
300305,chinext,2012-03-29,2026-09-22,False,r1_loss
300306,chinext,2012-03-29,2026-09-22,True,
300307,chinext,2012-03-29,2026-09-22,True,
300308,chinext,2012-04-10,2026-09-22,True,
300310,chinext,2012-04-25,2026-09-22,True,
300311,chinext,2012-04-25,2026-09-22,True,
300313,chinext,2012-04-25,2026-09-22,False,r1_loss
300314,chinext,2012-05-08,2026-09-22,True,
300315,chinext,2012-05-11,2026-09-22,False,r1_loss
300316,chinext,2012-05-11,2026-09-22,True,
300317,chinext,2012-05-11,2026-09-22,False,r1_loss
300318,chinext,2012-05-23,2026-09-22,False,r1_loss
300319,chinext,2012-05-23,2026-09-22,True,
300320,chinext,2012-06-01,2026-09-22,True,
300321,chinext,2012-05-23,2026-09-22,True,
300322,chinext,2012-06-08,2026-09-22,True,
300323,chinext,2012-06-01,2026-09-22,False,r1_loss
300324,chinext,2012-06-08,2026-09-22,False,r1_loss
300326,chinext,2012-06-13,2026-09-22,False,r2_st
300327,chinext,2012-06-13,2026-09-22,True,
300328,chinext,2012-06-19,2026-09-22,False,r1_loss
300329,chinext,2012-06-19,2026-09-22,False,r1_loss
300331,chinext,2012-06-28,2026-09-22,False,r1_loss
300332,chinext,2012-06-28,2026-09-22,False,r1_loss
300333,chinext,2012-06-28,2026-09-22,False,r1_loss
300334,chinext,2012-07-05,2026-09-22,False,r1_loss
300335,chinext,2012-07-10,2026-09-22,True,
300337,chinext,2012-07-18,2026-09-22,True,
300338,chinext,2012-07-26,2026-09-22,False,r1_loss+r2_st
300339,chinext,2012-07-18,2026-09-22,True,
300340,chinext,2012-07-26,2026-09-22,False,r1_loss
300341,chinext,2012-07-26,2026-09-22,True,
300342,chinext,2012-07-26,2026-09-22,True,
300343,chinext,2012-08-01,2026-09-22,True,
300345,chinext,2012-08-01,2026-09-22,False,r1_loss
300346,chinext,2012-08-07,2026-09-22,True,
300347,chinext,2012-08-17,2026-09-22,True,
300348,chinext,2012-08-17,2026-09-22,False,r1_loss
300349,chinext,2012-08-17,2026-09-22,True,
300350,chinext,2012-08-21,2026-09-22,False,r1_loss
300351,chinext,2012-09-20,2026-09-22,False,r1_loss
300352,chinext,2012-09-12,2026-09-22,False,r1_loss+r2_st
300353,chinext,2012-09-27,2026-09-22,True,
300354,chinext,2012-09-20,2026-09-22,True,
300355,chinext,2012-09-27,2026-09-22,False,r1_loss
300357,chinext,2014-01-21,2026-09-22,True,
300358,chinext,2014-01-21,2026-09-22,True,
300359,chinext,2014-01-21,2026-09-22,False,r1_loss
300360,chinext,2014-01-21,2026-09-22,True,
300363,chinext,2014-01-29,2026-09-22,False,r1_loss
300364,chinext,2015-01-21,2026-09-22,False,r1_loss
300365,chinext,2014-01-23,2026-09-22,False,r1_loss
300366,chinext,2014-01-27,2026-09-22,False,r1_loss+r2_st
300368,chinext,2014-01-23,2026-09-22,False,r1_loss
300369,chinext,2014-01-29,2026-09-22,False,r1_loss
300370,chinext,2014-01-23,2026-09-22,False,r1_loss
300371,chinext,2014-01-23,2026-09-22,True,
300373,chinext,2014-01-23,2026-09-22,True,
300374,chinext,2015-03-19,2026-09-22,False,r1_loss
300375,chinext,2014-01-27,2026-09-22,False,r1_loss
300376,chinext,2014-01-27,2026-09-22,False,r1_loss
300377,chinext,2014-01-27,2026-09-22,False,r1_loss
300378,chinext,2014-01-27,2026-09-22,True,
300380,chinext,2014-01-28,2026-09-22,True,
300381,chinext,2014-01-28,2026-09-22,False,r1_loss
300382,chinext,2014-01-29,2026-09-22,False,r1_loss
300383,chinext,2014-01-29,2026-09-22,False,r1_loss
300384,chinext,2014-08-01,2026-09-22,True,
300385,chinext,2014-06-26,2026-09-22,False,r1_loss+r2_st
300386,chinext,2014-06-26,2026-09-22,False,r1_loss
300387,chinext,2014-07-02,2026-09-22,True,
300388,chinext,2014-08-01,2026-09-22,True,
300389,chinext,2014-08-01,2026-09-22,True,
300390,chinext,2014-07-31,2026-09-22,True,
300393,chinext,2014-09-12,2026-09-22,False,r1_loss
300394,chinext,2015-02-17,2026-09-22,True,
300395,chinext,2014-09-10,2026-09-22,True,
300396,chinext,2014-09-10,2026-09-22,False,r1_loss+r2_st
300397,chinext,2014-09-10,2026-09-22,False,r1_loss
300398,chinext,2014-10-09,2026-09-22,True,
300399,chinext,2014-10-09,2026-09-22,False,r1_loss
300400,chinext,2014-10-10,2026-09-22,True,
300401,chinext,2014-10-09,2026-09-22,True,
300402,chinext,2014-10-10,2026-09-22,True,
300403,chinext,2014-10-30,2026-09-22,True,
300404,chinext,2015-04-24,2026-09-22,True,
300405,chinext,2014-10-30,2026-09-22,False,r1_loss
300406,chinext,2014-10-30,2026-09-22,True,
300407,chinext,2014-12-03,2026-09-22,True,
300408,chinext,2014-12-03,2026-09-22,True,
300409,chinext,2014-12-03,2026-09-22,True,
300410,chinext,2014-12-31,2026-09-22,True,
300411,chinext,2014-12-31,2026-09-22,True,
300412,chinext,2014-12-31,2026-09-22,True,
300413,chinext,2015-01-21,2026-09-22,True,
300414,chinext,2015-05-13,2026-09-22,True,
300415,chinext,2015-01-23,2026-09-22,True,
300416,chinext,2015-01-22,2026-09-22,True,
300417,chinext,2015-01-23,2026-09-22,False,r1_loss
300418,chinext,2015-01-21,2026-09-22,False,r1_loss
300419,chinext,2015-01-22,2026-09-22,False,r1_loss+r2_st
300420,chinext,2015-02-17,2026-09-22,True,
300421,chinext,2015-02-17,2026-09-22,True,
300422,chinext,2015-02-17,2026-09-22,False,r1_loss
300423,chinext,2015-02-17,2026-09-22,False,r1_loss
300424,chinext,2015-04-22,2026-09-22,False,r1_loss
300425,chinext,2015-02-16,2026-09-22,True,
300426,chinext,2015-02-17,2026-09-22,False,r1_loss
300427,chinext,2015-02-17,2026-09-22,False,r1_loss
300428,chinext,2015-03-19,2026-09-22,True,
300429,chinext,2015-03-24,2026-09-22,False,r1_loss
300430,chinext,2015-03-19,2026-09-22,False,r1_loss+r2_st
300432,chinext,2015-03-19,2026-09-22,True,
300433,chinext,2015-03-18,2026-09-22,True,
300434,chinext,2015-04-24,2026-09-22,True,
300435,chinext,2015-03-26,2026-09-22,True,
300436,chinext,2015-04-22,2026-09-22,False,r1_loss
300437,chinext,2015-04-23,2026-09-22,False,r1_loss
300438,chinext,2015-04-24,2026-09-22,True,
300439,chinext,2015-04-22,2026-09-22,True,
300440,chinext,2015-04-23,2026-09-22,True,
300441,chinext,2015-04-23,2026-09-22,True,
300442,chinext,2015-04-24,2026-09-22,True,
300443,chinext,2015-04-22,2026-09-22,True,
300444,chinext,2015-04-23,2026-09-22,True,
300445,chinext,2015-04-24,2026-09-22,True,
300446,chinext,2015-04-23,2026-09-22,True,
300447,chinext,2015-04-22,2026-09-22,True,
300448,chinext,2015-04-24,2026-09-22,False,r1_loss
300449,chinext,2015-04-22,2026-09-22,False,r1_loss
300450,chinext,2015-05-18,2026-09-22,True,
300451,chinext,2015-05-14,2026-09-22,False,r1_loss
300452,chinext,2015-05-15,2026-09-22,True,
300453,chinext,2015-05-15,2026-09-22,True,
300454,chinext,2018-05-16,2026-09-22,True,
300455,chinext,2015-05-15,2026-09-22,False,r1_loss
300456,chinext,2015-05-14,2026-09-22,True,
300457,chinext,2015-05-14,2026-09-22,True,
300458,chinext,2015-05-15,2026-09-22,True,
300459,chinext,2015-05-15,2026-09-22,False,r1_loss
300460,chinext,2015-05-15,2026-09-22,False,r1_loss+r2_st
300461,chinext,2015-05-19,2026-09-22,True,
300462,chinext,2015-05-27,2026-09-22,False,r1_loss+r2_st
300463,chinext,2015-05-28,2026-09-22,False,r1_loss
300464,chinext,2015-06-10,2026-09-22,True,
300465,chinext,2015-05-28,2026-09-22,True,
300466,chinext,2015-05-28,2026-09-22,False,r1_loss
300467,chinext,2015-05-27,2026-09-22,True,
300468,chinext,2015-05-27,2026-09-22,True,
300469,chinext,2015-06-11,2026-09-22,False,r1_loss
300470,chinext,2015-06-12,2026-09-22,True,
300471,chinext,2015-06-11,2026-09-22,True,
300472,chinext,2015-06-11,2026-09-22,False,r1_loss+r2_st
300473,chinext,2015-06-12,2026-09-22,True,
300474,chinext,2016-03-31,2026-09-22,False,r1_loss
300475,chinext,2015-06-10,2026-09-22,True,
300476,chinext,2015-06-11,2026-09-22,True,
300477,chinext,2015-06-10,2026-09-22,False,r1_loss+r2_st
300478,chinext,2015-06-10,2026-09-22,False,r1_loss
300479,chinext,2015-06-12,2026-09-22,True,
300480,chinext,2015-07-02,2026-09-22,True,
300481,chinext,2015-06-30,2026-09-22,True,
300482,chinext,2015-06-30,2026-09-22,False,r1_loss
300483,chinext,2015-06-30,2026-09-22,True,
300484,chinext,2016-03-22,2026-09-22,True,
300485,chinext,2015-06-26,2026-09-22,False,r1_loss
300486,chinext,2015-06-30,2026-09-22,True,
300487,chinext,2015-07-02,2026-09-22,True,
300488,chinext,2015-07-01,2026-09-22,True,
300489,chinext,2015-07-01,2026-09-22,False,r1_loss
300490,chinext,2015-12-31,2026-09-22,False,r1_loss
300491,chinext,2015-12-31,2026-09-22,True,
300492,chinext,2015-12-23,2026-09-22,True,
300493,chinext,2015-12-10,2026-09-22,True,
300494,chinext,2015-12-31,2026-09-22,False,r1_loss
300496,chinext,2015-12-10,2026-09-22,True,
300497,chinext,2015-12-22,2026-09-22,False,r1_loss
300498,chinext,2015-11-02,2026-09-22,False,r1_loss
300499,chinext,2016-02-02,2026-09-22,True,
300500,chinext,2016-02-04,2026-09-22,False,r1_loss
300501,chinext,2016-02-04,2026-09-22,False,r1_loss
300502,chinext,2016-03-03,2026-09-22,True,
300503,chinext,2016-03-09,2026-09-22,True,
300504,chinext,2018-03-30,2026-09-22,False,r1_loss
300505,chinext,2016-03-15,2026-09-22,True,
300506,chinext,2016-03-24,2026-09-22,False,r1_loss
300507,chinext,2016-04-29,2026-09-22,True,
300508,chinext,2016-04-19,2026-09-22,True,
300509,chinext,2016-04-25,2026-09-22,True,
300510,chinext,2016-05-06,2026-09-22,False,r1_loss
300511,chinext,2016-05-04,2026-09-22,True,
300512,chinext,2016-05-26,2026-09-22,True,
300513,chinext,2016-05-30,2026-09-22,False,r1_loss
300514,chinext,2017-04-26,2026-09-22,False,r1_loss
300515,chinext,2016-06-08,2026-09-22,True,
300516,chinext,2016-06-02,2026-09-22,True,
300517,chinext,2016-07-19,2026-09-22,False,r1_loss
300518,chinext,2016-06-24,2026-09-22,False,r1_loss
300519,chinext,2016-06-24,2026-09-22,True,
300520,chinext,2016-07-08,2026-09-22,False,r1_loss
300521,chinext,2016-07-05,2026-09-22,False,r1_loss
300522,chinext,2016-07-05,2026-09-22,True,
300523,chinext,2016-07-26,2026-09-22,False,r1_loss
300525,chinext,2016-07-26,2026-09-22,True,
300527,chinext,2016-08-05,2026-09-22,False,r2_st
300528,chinext,2016-08-08,2026-09-22,False,r1_loss
300529,chinext,2016-08-02,2026-09-22,True,
300530,chinext,2016-08-09,2026-09-22,False,r1_loss
300531,chinext,2016-08-09,2026-09-22,True,
300532,chinext,2016-08-18,2026-09-22,True,
300533,chinext,2016-08-18,2026-09-22,True,
300534,chinext,2016-09-13,2026-09-22,True,
300535,chinext,2016-08-12,2026-09-22,True,
300536,chinext,2016-09-20,2026-09-22,False,r1_loss
300537,chinext,2016-08-30,2026-09-22,True,
300538,chinext,2016-08-26,2026-09-22,False,r1_loss
300539,chinext,2016-08-30,2026-09-22,True,
300540,chinext,2016-08-23,2026-09-22,True,
300541,chinext,2016-09-13,2026-09-22,True,
300542,chinext,2016-09-20,2026-09-22,False,r1_loss
300543,chinext,2016-09-08,2026-09-22,False,r1_loss
300545,chinext,2016-09-28,2026-09-22,True,
300546,chinext,2016-09-28,2026-09-22,True,
300547,chinext,2016-09-30,2026-09-22,True,
300548,chinext,2016-10-12,2026-09-22,True,
300549,chinext,2016-09-30,2026-09-22,True,
300550,chinext,2016-10-18,2026-09-22,True,
300551,chinext,2016-10-18,2026-09-22,False,r1_loss
300552,chinext,2016-10-21,2026-09-22,False,r1_loss
300553,chinext,2016-10-21,2026-09-22,False,r1_loss
300554,chinext,2017-04-21,2026-09-22,False,r1_loss
300555,chinext,2016-10-18,2026-09-22,False,r1_loss+r2_st
300556,chinext,2016-11-04,2026-09-22,False,r1_loss
300557,chinext,2016-11-01,2026-09-22,True,
300558,chinext,2016-11-07,2026-09-22,True,
300559,chinext,2016-11-01,2026-09-22,True,
300560,chinext,2016-11-01,2026-09-22,False,r1_loss
300561,chinext,2016-11-17,2026-09-22,False,r1_loss
300562,chinext,2016-11-16,2026-09-22,True,
300563,chinext,2016-11-14,2026-09-22,True,
300564,chinext,2019-11-08,2026-09-22,True,
300565,chinext,2016-11-22,2026-09-22,False,r1_loss
300566,chinext,2016-11-15,2026-09-22,True,
300567,chinext,2016-11-22,2026-09-22,True,
300568,chinext,2016-12-01,2026-09-22,True,
300569,chinext,2016-11-25,2026-09-22,True,
300570,chinext,2016-12-06,2026-09-22,True,
300571,chinext,2016-12-13,2026-09-22,False,r1_loss
300572,chinext,2016-12-06,2026-09-22,False,r1_loss
300573,chinext,2016-12-08,2026-09-22,True,
300575,chinext,2016-12-20,2026-09-22,False,r1_loss
300576,chinext,2016-12-20,2026-09-22,True,
300577,chinext,2016-12-21,2026-09-22,True,
300578,chinext,2017-01-25,2026-09-22,False,r1_loss
300579,chinext,2016-12-23,2026-09-22,False,r1_loss
300580,chinext,2017-01-11,2026-09-22,True,
300581,chinext,2016-12-20,2026-09-22,False,r1_loss
300582,chinext,2016-12-28,2026-09-22,False,r1_loss
300583,chinext,2017-01-06,2026-09-22,False,r1_loss
300584,chinext,2017-01-12,2026-09-22,True,
300585,chinext,2016-12-29,2026-09-18,False,r1_loss
300586,chinext,2017-01-04,2026-09-22,False,r1_loss
300587,chinext,2017-01-05,2026-09-22,False,r1_loss
300588,chinext,2017-01-05,2026-09-22,False,r1_loss
300589,chinext,2017-01-13,2026-09-22,False,r1_loss
300590,chinext,2017-01-11,2026-09-22,True,
300591,chinext,2017-01-10,2026-09-22,False,r1_loss
300592,chinext,2017-01-20,2026-09-22,True,
300593,chinext,2017-01-13,2026-09-22,False,r1_loss
300594,chinext,2019-06-21,2026-09-22,False,r1_loss+r2_st
300595,chinext,2017-01-17,2026-09-22,True,
300596,chinext,2017-01-19,2026-09-22,True,
300597,chinext,2017-01-23,2026-09-22,False,r1_loss
300598,chinext,2017-01-20,2026-09-22,False,r1_loss
300599,chinext,2017-01-23,2026-09-22,False,r1_loss
300600,chinext,2017-01-25,2026-09-22,False,r1_loss
300601,chinext,2017-02-07,2026-09-22,True,
300602,chinext,2017-01-26,2026-09-22,True,
300603,chinext,2017-01-26,2026-09-22,False,r1_loss
300604,chinext,2017-04-17,2026-09-22,True,
300605,chinext,2017-02-08,2026-09-22,False,r1_loss
300606,chinext,2017-02-08,2026-09-22,True,
300607,chinext,2017-02-09,2026-09-22,True,
300608,chinext,2017-02-13,2026-09-22,False,r1_loss
300609,chinext,2017-02-15,2026-09-22,False,r1_loss
300610,chinext,2017-02-13,2026-09-22,True,
300611,chinext,2017-02-20,2026-09-22,True,
300612,chinext,2017-02-15,2026-09-22,False,r1_loss
300613,chinext,2017-02-20,2026-09-22,True,
300614,chinext,2021-05-25,2026-09-22,False,r1_loss
300615,chinext,2017-02-15,2026-09-22,False,r1_loss
300616,chinext,2017-03-07,2026-09-22,False,r1_loss
300617,chinext,2017-02-28,2026-09-22,True,
300618,chinext,2017-03-06,2026-09-22,True,
300619,chinext,2017-03-01,2026-09-22,True,
300620,chinext,2017-03-10,2026-09-22,True,
300621,chinext,2017-03-16,2026-09-22,False,r1_loss
300622,chinext,2017-03-15,2026-09-22,True,
300623,chinext,2017-03-14,2026-09-22,True,
300624,chinext,2018-01-18,2026-09-22,False,r1_loss
300625,chinext,2017-03-17,2026-09-22,False,r1_loss
300626,chinext,2017-03-20,2026-09-22,True,
300627,chinext,2017-03-21,2026-09-22,True,
300628,chinext,2017-03-17,2026-09-22,True,
300629,chinext,2017-03-24,2026-09-22,True,
300631,chinext,2017-03-23,2026-09-22,True,
300632,chinext,2017-04-06,2026-09-22,False,r1_loss
300633,chinext,2017-04-06,2026-09-22,True,
300634,chinext,2018-03-23,2026-09-22,True,
300635,chinext,2017-03-31,2026-09-22,False,r1_loss
300636,chinext,2017-03-31,2026-09-22,True,
300637,chinext,2017-04-12,2026-09-22,False,r1_loss
300638,chinext,2017-04-13,2026-09-22,True,
300639,chinext,2017-04-12,2026-09-22,False,r1_loss
300640,chinext,2017-04-17,2026-09-22,False,r1_loss
300641,chinext,2017-04-18,2026-09-22,True,
300642,chinext,2017-04-21,2026-09-22,True,
300643,chinext,2017-05-05,2026-09-22,True,
300644,chinext,2018-02-06,2026-09-22,True,
300645,chinext,2017-04-21,2026-09-22,True,
300647,chinext,2017-05-03,2026-09-22,False,r1_loss
300648,chinext,2017-04-25,2026-09-22,False,r1_loss
300649,chinext,2017-05-05,2026-09-22,False,r1_loss
300650,chinext,2017-05-03,2026-09-22,True,
300651,chinext,2017-05-09,2026-09-22,True,
300652,chinext,2017-05-16,2026-09-22,True,
300653,chinext,2017-05-16,2026-09-22,True,
300654,chinext,2017-09-26,2026-09-22,True,
300655,chinext,2017-05-23,2026-09-22,True,
300656,chinext,2017-05-19,2026-09-22,False,r1_loss
300657,chinext,2017-05-23,2026-09-22,True,
300658,chinext,2017-06-02,2026-09-22,True,
300659,chinext,2017-05-26,2026-09-22,False,r1_loss
300660,chinext,2017-06-02,2026-09-22,True,
300661,chinext,2017-06-06,2026-09-22,True,
300662,chinext,2017-06-08,2026-09-22,True,
300663,chinext,2017-06-08,2026-09-22,False,r1_loss
300664,chinext,2018-01-05,2026-09-22,True,
300665,chinext,2017-06-13,2026-09-22,False,r1_loss
300666,chinext,2017-06-15,2026-09-22,True,
300667,chinext,2017-06-19,2026-09-22,False,r1_loss
300668,chinext,2017-06-19,2026-09-22,True,
300669,chinext,2017-06-29,2026-09-22,True,
300670,chinext,2017-07-03,2026-09-22,False,r1_loss
300671,chinext,2017-07-05,2026-09-22,False,r1_loss
300672,chinext,2017-07-12,2026-09-22,False,r1_loss
300673,chinext,2017-07-11,2026-09-22,True,
300674,chinext,2018-11-07,2026-09-22,True,
300675,chinext,2017-07-19,2026-09-22,False,r1_loss
300676,chinext,2017-07-14,2026-09-22,False,r1_loss
300677,chinext,2017-07-21,2026-09-22,True,
300678,chinext,2017-07-28,2026-09-22,True,
300679,chinext,2017-07-31,2026-09-22,True,
300680,chinext,2017-07-25,2026-09-22,True,
300681,chinext,2017-07-25,2026-09-22,True,
300682,chinext,2017-08-01,2026-09-22,False,r1_loss
300683,chinext,2017-08-08,2026-09-22,False,r1_loss
300684,chinext,2017-12-27,2026-09-22,True,
300685,chinext,2017-08-02,2026-09-22,True,
300686,chinext,2017-08-04,2026-09-22,False,r1_loss
300687,chinext,2017-08-03,2026-09-22,False,r1_loss
300688,chinext,2017-08-10,2026-09-22,False,r1_loss
300689,chinext,2017-08-09,2026-09-22,True,
300690,chinext,2017-08-08,2026-09-22,True,
300691,chinext,2017-08-11,2026-09-22,True,
300692,chinext,2017-08-21,2026-09-22,True,
300693,chinext,2017-08-22,2026-09-22,True,
300694,chinext,2018-10-15,2026-09-22,True,
300695,chinext,2017-09-08,2026-09-22,True,
300696,chinext,2017-08-22,2026-09-22,True,
300697,chinext,2017-09-07,2026-09-22,True,
300698,chinext,2017-08-31,2026-09-22,True,
300699,chinext,2017-09-01,2026-09-22,True,
300700,chinext,2017-09-12,2026-09-22,False,r1_loss
300701,chinext,2017-09-15,2026-09-22,True,
300702,chinext,2017-09-19,2026-09-22,True,
300703,chinext,2017-09-19,2026-09-22,True,
300705,chinext,2017-10-10,2026-09-22,True,
300706,chinext,2017-09-26,2026-09-22,False,r1_loss
300707,chinext,2017-10-10,2026-09-22,False,r1_loss
300708,chinext,2017-10-16,2026-09-22,True,
300709,chinext,2017-10-19,2026-09-22,False,r1_loss
300710,chinext,2017-10-19,2026-09-22,False,r1_loss
300711,chinext,2017-11-01,2026-09-22,True,
300712,chinext,2017-10-31,2026-09-22,False,r1_loss
300713,chinext,2017-11-01,2026-09-22,False,r1_loss
300715,chinext,2017-10-26,2026-09-22,True,
300716,chinext,2017-11-09,2026-09-22,False,r1_loss+r2_st
300717,chinext,2017-11-06,2026-09-22,True,
300718,chinext,2017-11-06,2026-09-22,True,
300719,chinext,2017-11-09,2026-09-22,False,r1_loss
300720,chinext,2017-11-06,2026-09-22,True,
300721,chinext,2017-11-15,2026-09-22,False,r1_loss
300722,chinext,2017-11-10,2026-09-22,True,
300723,chinext,2017-11-16,2026-09-22,False,r1_loss
300724,chinext,2018-08-10,2026-09-22,True,
300725,chinext,2017-11-10,2026-09-22,True,
300726,chinext,2017-11-21,2026-09-22,True,
300727,chinext,2017-11-27,2026-09-22,True,
300729,chinext,2017-12-01,2026-09-22,True,
300730,chinext,2017-12-05,2026-09-22,False,r1_loss
300731,chinext,2017-12-08,2026-09-22,True,
300732,chinext,2017-12-12,2026-09-22,False,r1_loss
300733,chinext,2018-01-16,2026-09-22,True,
300735,chinext,2017-12-29,2026-09-22,True,
300736,chinext,2018-01-09,2026-09-22,False,r1_loss
300737,chinext,2018-01-25,2026-09-22,False,r1_loss
300738,chinext,2018-01-19,2026-09-22,True,
300739,chinext,2018-02-01,2026-09-22,True,
300740,chinext,2018-02-08,2026-09-22,True,
300741,chinext,2018-03-01,2026-09-22,True,
300743,chinext,2018-04-27,2026-09-22,True,
300745,chinext,2018-05-23,2026-09-22,False,r1_loss
300746,chinext,2018-05-25,2026-09-22,True,
300747,chinext,2018-06-25,2026-09-22,True,
300748,chinext,2018-09-21,2026-09-22,True,
300749,chinext,2018-09-25,2026-09-22,True,
300750,chinext,2018-06-11,2026-09-22,True,
300751,chinext,2018-11-09,2026-09-22,True,
300752,chinext,2018-11-30,2026-09-22,True,
300753,chinext,2018-12-13,2026-09-22,False,r1_loss
300755,chinext,2019-01-29,2026-09-22,False,r1_loss
300756,chinext,2018-12-28,2026-09-22,True,
300757,chinext,2019-01-08,2026-09-22,False,r1_loss
300758,chinext,2019-02-22,2026-09-22,True,
300759,chinext,2019-01-28,2026-09-22,True,
300760,chinext,2018-10-16,2026-09-22,True,
300761,chinext,2019-02-18,2026-09-22,True,
300762,chinext,2019-03-14,2026-09-22,False,r1_loss
300763,chinext,2019-03-19,2026-09-22,True,
300765,chinext,2019-03-22,2026-09-22,False,r1_loss
300766,chinext,2019-03-25,2026-09-22,False,r1_loss
300767,chinext,2019-03-29,2026-09-22,False,r1_loss
300768,chinext,2019-04-12,2026-09-22,True,
300769,chinext,2019-04-15,2026-09-22,False,r1_loss
300770,chinext,2019-04-19,2026-09-22,True,
300771,chinext,2019-04-22,2026-09-22,True,
300772,chinext,2019-04-26,2026-09-22,False,r1_loss
300773,chinext,2019-04-25,2026-09-22,True,
300774,chinext,2021-08-04,2026-09-22,True,
300775,chinext,2019-05-21,2026-09-22,True,
300776,chinext,2019-05-17,2026-09-22,True,
300777,chinext,2019-05-16,2026-09-22,True,
300778,chinext,2019-05-10,2026-09-22,False,r1_loss
300779,chinext,2019-05-22,2026-09-22,True,
300780,chinext,2019-05-31,2026-09-22,False,r1_loss
300781,chinext,2019-06-06,2026-09-22,False,r1_loss
300782,chinext,2019-06-18,2026-09-22,False,r1_loss
300783,chinext,2019-07-12,2026-09-22,True,
300784,chinext,2024-06-07,2026-09-22,True,
300785,chinext,2019-07-15,2026-09-22,True,
300786,chinext,2019-07-23,2026-09-22,False,r1_loss
300787,chinext,2019-08-15,2026-09-22,True,
300788,chinext,2019-07-05,2026-09-22,True,
300789,chinext,2019-08-28,2026-09-22,False,r1_loss
300790,chinext,2019-09-25,2026-09-22,True,
300791,chinext,2019-09-25,2026-09-22,True,
300792,chinext,2019-09-27,2026-09-22,True,
300793,chinext,2019-10-18,2026-09-22,False,r1_loss
300795,chinext,2019-10-22,2026-09-22,True,
300796,chinext,2019-11-15,2026-09-22,False,r1_loss
300797,chinext,2019-11-01,2026-09-22,True,
300798,chinext,2019-11-22,2026-09-22,False,r1_loss
300800,chinext,2019-11-06,2026-09-22,True,
300801,chinext,2019-11-28,2026-09-22,True,
300802,chinext,2019-11-14,2026-09-22,True,
300803,chinext,2019-11-18,2026-09-22,True,
300804,chinext,2023-06-27,2026-09-22,True,
300805,chinext,2019-11-21,2026-09-22,True,
300806,chinext,2019-11-25,2026-09-22,True,
300807,chinext,2019-12-19,2026-09-22,False,r1_loss
300808,chinext,2019-11-29,2026-09-22,False,r1_loss
300809,chinext,2019-12-04,2026-09-22,True,
300810,chinext,2019-12-06,2026-09-22,False,r1_loss
300811,chinext,2019-12-30,2026-09-22,True,
300812,chinext,2020-01-09,2026-09-22,False,r1_loss
300813,chinext,2020-01-14,2026-09-22,True,
300814,chinext,2021-08-12,2026-09-22,True,
300815,chinext,2020-01-23,2026-09-22,True,
300816,chinext,2020-02-10,2026-09-22,True,
300817,chinext,2020-02-18,2026-09-22,True,
300818,chinext,2020-02-12,2026-09-22,True,
300819,chinext,2020-03-12,2026-09-22,True,
300820,chinext,2020-02-13,2026-09-22,True,
300821,chinext,2020-03-12,2026-09-22,False,r1_loss
300822,chinext,2020-03-13,2026-09-22,True,
300823,chinext,2020-03-19,2026-09-22,True,
300824,chinext,2020-06-19,2026-09-22,True,
300825,chinext,2020-03-27,2026-09-22,False,r1_loss
300826,chinext,2020-04-03,2026-09-22,True,
300827,chinext,2020-04-10,2026-09-22,True,
300828,chinext,2020-04-21,2026-09-22,True,
300829,chinext,2020-04-22,2026-09-22,True,
300830,chinext,2020-05-06,2026-09-22,False,r1_loss
300831,chinext,2020-05-07,2026-09-22,False,r2_st
300832,chinext,2020-05-12,2026-09-22,True,
300833,chinext,2020-05-20,2026-09-22,True,
300834,chinext,2022-01-13,2026-09-22,True,
300835,chinext,2020-05-25,2026-09-22,True,
300836,chinext,2020-05-28,2026-09-22,True,
300837,chinext,2020-06-05,2026-09-22,True,
300838,chinext,2020-06-08,2026-09-22,False,r1_loss
300839,chinext,2020-06-30,2026-09-22,False,r1_loss
300840,chinext,2020-07-08,2026-09-22,True,
300841,chinext,2020-06-16,2026-09-22,True,
300842,chinext,2020-06-18,2026-09-22,False,r1_loss
300843,chinext,2020-07-02,2026-09-22,True,
300844,chinext,2021-08-13,2026-09-22,False,r1_loss
300845,chinext,2020-07-03,2026-09-22,True,
300846,chinext,2020-07-01,2026-09-22,False,r1_loss
300847,chinext,2020-07-09,2026-09-22,True,
300848,chinext,2020-07-20,2026-09-22,True,
300849,chinext,2020-07-10,2026-09-22,False,r1_loss
300850,chinext,2020-07-13,2026-09-22,True,
300851,chinext,2020-07-17,2026-09-22,True,
300852,chinext,2020-07-13,2026-09-22,True,
300853,chinext,2020-07-24,2026-09-22,False,r1_loss
300854,chinext,2021-09-16,2026-09-22,False,r1_loss
300855,chinext,2020-07-23,2026-09-22,True,
300856,chinext,2020-07-22,2026-09-22,True,
300857,chinext,2020-07-27,2026-09-22,True,
300858,chinext,2020-07-27,2026-09-22,True,
300859,chinext,2020-08-06,2026-09-22,True,
300860,chinext,2020-08-24,2026-09-22,False,r1_loss
300861,chinext,2020-08-24,2026-09-22,True,
300862,chinext,2020-08-24,2026-09-22,False,r1_loss
300863,chinext,2020-08-24,2026-09-22,True,
300864,chinext,2020-08-24,2026-09-22,True,
300865,chinext,2020-08-24,2026-09-22,True,
300866,chinext,2020-08-24,2026-09-22,True,
300867,chinext,2020-08-24,2026-09-22,True,
300868,chinext,2020-08-24,2026-09-22,False,r1_loss
300869,chinext,2020-08-24,2026-09-22,False,r1_loss
300870,chinext,2020-08-24,2026-09-22,True,
300871,chinext,2020-08-24,2026-09-22,True,
300872,chinext,2020-08-24,2026-09-22,False,r1_loss
300873,chinext,2020-08-24,2026-09-22,True,
300875,chinext,2020-08-24,2026-09-22,False,r1_loss
300876,chinext,2020-08-24,2026-09-22,False,r1_loss
300877,chinext,2020-08-24,2026-09-22,True,
300878,chinext,2020-08-24,2026-09-22,False,r1_loss
300879,chinext,2020-09-01,2026-09-22,False,r1_loss
300880,chinext,2020-09-01,2026-09-22,True,
300881,chinext,2020-09-01,2026-09-22,True,
300882,chinext,2020-09-10,2026-09-22,True,
300883,chinext,2020-09-10,2026-09-22,False,r1_loss
300884,chinext,2020-11-12,2026-09-22,True,
300885,chinext,2020-09-10,2026-09-22,True,
300886,chinext,2020-09-16,2026-09-22,True,
300887,chinext,2020-09-16,2026-09-22,False,r1_loss
300888,chinext,2020-09-17,2026-09-22,True,
300889,chinext,2020-09-16,2026-09-22,False,r1_loss
300890,chinext,2020-09-17,2026-09-22,True,
300891,chinext,2020-09-17,2026-09-22,False,r1_loss
300892,chinext,2020-09-24,2026-09-22,False,r1_loss
300893,chinext,2020-09-24,2026-09-22,True,
300894,chinext,2020-12-31,2026-09-22,False,r1_loss
300895,chinext,2020-09-24,2026-09-22,False,r1_loss
300896,chinext,2020-09-28,2026-09-22,True,
300897,chinext,2020-09-28,2026-09-22,True,
300898,chinext,2020-10-16,2026-09-22,True,
300899,chinext,2020-10-16,2026-09-22,True,
300900,chinext,2020-10-29,2026-09-22,False,r1_loss
300901,chinext,2020-10-29,2026-09-22,True,
300902,chinext,2020-10-29,2026-09-22,False,r1_loss
300903,chinext,2020-11-05,2026-09-22,False,r1_loss
300904,chinext,2023-08-09,2026-09-22,False,r1_loss
300905,chinext,2020-11-05,2026-09-22,True,
300906,chinext,2020-11-05,2026-09-22,True,
300907,chinext,2020-11-18,2026-09-22,True,
300908,chinext,2020-11-23,2026-09-22,True,
300909,chinext,2020-11-18,2026-09-22,True,
300910,chinext,2020-11-27,2026-09-22,True,
300911,chinext,2020-12-03,2026-09-22,False,r1_loss
300912,chinext,2020-12-07,2026-09-22,False,r1_loss
300913,chinext,2020-12-07,2026-09-22,True,
300915,chinext,2020-12-02,2026-09-22,False,r1_loss
300916,chinext,2020-12-02,2026-09-22,True,
300917,chinext,2020-12-21,2026-09-22,True,
300918,chinext,2020-12-22,2026-09-22,True,
300919,chinext,2020-12-23,2026-09-22,True,
300920,chinext,2020-12-25,2026-09-22,True,
300921,chinext,2020-12-22,2026-09-22,True,
300922,chinext,2020-12-25,2026-09-22,True,
300923,chinext,2020-12-24,2026-09-22,True,
300925,chinext,2020-12-30,2026-09-22,True,
300926,chinext,2021-01-07,2026-09-22,True,
300927,chinext,2021-01-07,2026-09-22,True,
300928,chinext,2021-01-06,2026-09-22,False,r1_loss
300929,chinext,2021-01-20,2026-09-22,False,r1_loss
300930,chinext,2021-01-21,2026-09-22,True,
300931,chinext,2021-01-21,2026-09-22,False,r1_loss
300932,chinext,2021-01-22,2026-09-22,True,
300933,chinext,2021-01-22,2026-09-22,False,r1_loss
300935,chinext,2021-01-20,2026-09-22,False,r1_loss
300936,chinext,2021-01-26,2026-09-22,True,
300937,chinext,2021-01-27,2026-09-22,False,r1_loss
300938,chinext,2021-01-27,2026-09-22,True,
300939,chinext,2021-01-28,2026-09-22,True,
300940,chinext,2021-02-03,2026-09-22,True,
300941,chinext,2021-02-09,2026-09-22,True,
300942,chinext,2021-02-09,2026-09-22,False,r1_loss
300943,chinext,2021-02-10,2026-09-22,True,
300945,chinext,2021-02-10,2026-09-22,True,
300946,chinext,2021-02-08,2026-09-22,True,
300947,chinext,2021-02-10,2026-09-22,False,r1_loss
300948,chinext,2021-02-25,2026-09-22,False,r1_loss
300949,chinext,2021-02-26,2026-09-22,False,r1_loss
300950,chinext,2021-03-03,2026-09-22,True,
300951,chinext,2021-02-26,2026-09-22,True,
300952,chinext,2021-03-11,2026-09-22,True,
300953,chinext,2021-03-18,2026-09-22,True,
300955,chinext,2021-03-24,2026-09-22,False,r1_loss
300956,chinext,2021-03-26,2026-09-22,False,r1_loss
300957,chinext,2021-03-25,2026-09-22,True,
300958,chinext,2021-03-29,2026-09-22,False,r1_loss
300959,chinext,2021-03-22,2026-09-22,False,r1_loss
300960,chinext,2021-03-29,2026-09-22,True,
300961,chinext,2021-03-30,2026-09-22,False,r1_loss
300962,chinext,2021-04-09,2026-09-22,True,
300963,chinext,2021-04-09,2026-09-22,True,
300964,chinext,2021-08-05,2026-09-22,True,
300965,chinext,2021-04-02,2026-09-22,True,
300966,chinext,2021-04-09,2026-09-22,False,r1_loss
300967,chinext,2021-04-13,2026-09-22,False,r1_loss
300968,chinext,2021-04-15,2026-09-22,False,r1_loss
300969,chinext,2021-04-12,2026-09-22,True,
300970,chinext,2021-04-12,2026-09-22,True,
300971,chinext,2021-04-15,2026-09-22,True,
300972,chinext,2021-04-19,2026-09-22,True,
300973,chinext,2021-04-15,2026-09-22,True,
300975,chinext,2021-04-21,2026-09-22,True,
300976,chinext,2021-04-19,2026-09-22,True,
300977,chinext,2021-04-20,2026-09-22,True,
300978,chinext,2021-04-26,2026-09-22,True,
300979,chinext,2021-04-26,2026-09-22,True,
300980,chinext,2021-04-21,2026-09-22,True,
300981,chinext,2021-04-27,2026-09-22,False,r1_loss
300982,chinext,2021-04-27,2026-09-22,False,r1_loss
300983,chinext,2021-04-20,2026-09-22,False,r1_loss
300984,chinext,2021-06-18,2026-09-22,True,
300985,chinext,2021-04-29,2026-09-22,False,r1_loss
300986,chinext,2021-04-30,2026-09-22,True,
300987,chinext,2021-05-11,2026-09-22,True,
300988,chinext,2021-05-12,2026-09-22,True,
300989,chinext,2021-05-07,2026-09-22,False,r1_loss
300990,chinext,2021-05-12,2026-09-22,True,
300991,chinext,2021-05-20,2026-09-22,False,r1_loss
300992,chinext,2021-05-25,2026-09-22,False,r1_loss
300993,chinext,2021-05-24,2026-09-22,True,
300994,chinext,2021-08-12,2026-09-22,True,
300995,chinext,2021-05-26,2026-09-22,True,
300996,chinext,2021-06-03,2026-09-22,True,
300997,chinext,2021-06-02,2026-09-22,True,
300998,chinext,2021-06-02,2026-09-22,True,
300999,chinext,2020-10-15,2026-09-22,True,
301000,chinext,2021-05-28,2026-09-22,True,
301001,chinext,2021-05-28,2026-09-22,False,r1_loss
301002,chinext,2021-06-07,2026-09-22,False,r1_loss
301003,chinext,2021-06-01,2026-09-22,True,
301004,chinext,2021-06-25,2026-09-22,True,
301005,chinext,2021-06-01,2026-09-22,True,
301006,chinext,2021-06-07,2026-09-22,True,
301007,chinext,2021-06-16,2026-09-22,True,
301008,chinext,2021-06-11,2026-09-22,True,
301009,chinext,2021-06-17,2026-09-22,False,r1_loss
301010,chinext,2021-06-18,2026-09-22,True,
301011,chinext,2021-06-17,2026-09-22,False,r1_loss
301012,chinext,2021-06-22,2026-09-22,True,
301013,chinext,2021-06-29,2026-09-22,False,r1_loss
301015,chinext,2021-06-30,2026-09-22,True,
301016,chinext,2021-06-30,2026-09-22,True,
301017,chinext,2021-07-05,2026-09-22,True,
301018,chinext,2021-07-07,2026-09-22,True,
301019,chinext,2021-06-28,2026-09-22,True,
301020,chinext,2021-07-06,2026-09-22,True,
301021,chinext,2021-07-06,2026-09-22,True,
301022,chinext,2021-07-02,2026-09-22,False,r1_loss
301023,chinext,2021-07-07,2026-09-22,True,
301024,chinext,2021-07-28,2026-09-22,False,r1_loss
301025,chinext,2021-07-19,2026-09-22,True,
301026,chinext,2021-07-16,2026-09-22,True,
301027,chinext,2021-07-15,2026-09-22,False,r1_loss
301028,chinext,2021-07-20,2026-09-22,True,
301029,chinext,2021-07-23,2026-09-22,True,
301030,chinext,2021-07-22,2026-09-22,False,r1_loss+r2_st
301031,chinext,2021-07-15,2026-09-22,True,
301032,chinext,2021-07-22,2026-09-22,True,
301033,chinext,2021-07-26,2026-09-22,True,
301035,chinext,2021-07-28,2026-09-22,True,
301036,chinext,2021-07-29,2026-09-22,True,
301037,chinext,2021-07-30,2026-09-22,False,r1_loss
301038,chinext,2021-08-04,2026-09-22,True,
301039,chinext,2021-07-08,2026-09-22,True,
301040,chinext,2021-08-03,2026-09-22,False,r1_loss
301041,chinext,2021-08-11,2026-09-22,True,
301042,chinext,2021-08-05,2026-09-22,True,
301043,chinext,2021-08-11,2026-09-22,True,
301045,chinext,2021-08-13,2026-09-22,True,
301046,chinext,2021-08-17,2026-09-22,False,r1_loss
301047,chinext,2021-08-16,2026-09-22,True,
301048,chinext,2021-08-18,2026-09-22,True,
301049,chinext,2021-08-24,2026-09-22,False,r1_loss
301050,chinext,2021-08-24,2026-09-22,False,r1_loss
301051,chinext,2021-08-27,2026-09-22,False,r1_loss
301052,chinext,2021-08-30,2026-09-22,False,r1_loss
301053,chinext,2021-09-01,2026-09-22,True,
301055,chinext,2021-09-06,2026-09-22,True,
301056,chinext,2021-09-07,2026-09-22,True,
301057,chinext,2021-09-09,2026-09-22,True,
301058,chinext,2021-09-09,2026-09-22,True,
301059,chinext,2021-09-13,2026-09-22,True,
301060,chinext,2021-09-13,2026-09-22,False,r1_loss
301061,chinext,2021-09-13,2026-09-22,True,
301062,chinext,2021-09-14,2026-09-22,False,r1_loss
301063,chinext,2021-09-24,2026-09-22,True,
301065,chinext,2021-09-14,2026-09-22,True,
301066,chinext,2021-09-22,2026-09-22,True,
301067,chinext,2021-09-22,2026-09-22,False,r1_loss
301068,chinext,2021-09-28,2026-09-22,False,r1_loss
301069,chinext,2021-09-27,2026-09-22,True,
301070,chinext,2021-09-23,2026-09-22,False,r1_loss
301071,chinext,2021-09-24,2026-09-22,True,
301072,chinext,2021-09-29,2026-09-22,False,r1_loss
301073,chinext,2021-09-30,2026-09-22,True,
301075,chinext,2021-09-29,2026-09-22,False,r1_loss
301076,chinext,2021-10-11,2026-09-22,True,
301077,chinext,2021-09-30,2026-09-22,True,
301078,chinext,2021-10-14,2026-09-22,True,
301079,chinext,2021-10-19,2026-09-22,True,
301080,chinext,2021-10-18,2026-09-22,True,
301081,chinext,2021-10-20,2026-09-22,True,
301082,chinext,2021-10-27,2026-09-22,True,
301083,chinext,2021-10-21,2026-09-22,True,
301085,chinext,2021-10-18,2026-09-22,False,r1_loss
301086,chinext,2021-10-20,2026-09-22,True,
301087,chinext,2021-10-25,2026-09-22,True,
301088,chinext,2021-10-28,2026-09-22,True,
301089,chinext,2021-10-27,2026-09-22,False,r1_loss
301090,chinext,2021-10-26,2026-09-22,False,r1_loss
301091,chinext,2021-10-29,2026-09-22,True,
301092,chinext,2021-11-02,2026-09-22,True,
301093,chinext,2021-11-01,2026-09-22,True,
301095,chinext,2022-08-05,2026-09-22,True,
301096,chinext,2021-12-20,2026-09-22,False,r1_loss
301097,chinext,2022-04-07,2026-09-22,False,r1_loss
301098,chinext,2021-11-12,2026-09-22,False,r1_loss
301099,chinext,2021-11-22,2026-09-22,True,
301100,chinext,2021-12-17,2026-09-22,False,r1_loss
301101,chinext,2021-12-16,2026-09-22,True,
301102,chinext,2022-03-28,2026-09-22,False,r1_loss
301103,chinext,2022-03-22,2026-09-22,True,
301105,chinext,2022-12-30,2026-09-22,False,r1_loss
301106,chinext,2022-01-28,2026-09-22,True,
301107,chinext,2022-05-24,2026-09-22,True,
301108,chinext,2021-12-03,2026-09-22,True,
301109,chinext,2022-04-13,2026-09-22,True,
301110,chinext,2022-03-11,2026-09-22,True,
301111,chinext,2021-12-07,2026-09-22,False,r1_loss
301112,chinext,2022-06-29,2026-09-22,False,r1_loss
301113,chinext,2021-12-22,2026-09-22,True,
301115,chinext,2022-08-31,2026-09-22,False,r1_loss
301116,chinext,2022-01-18,2026-09-22,False,r1_loss
301117,chinext,2022-01-17,2026-09-22,False,r1_loss+r2_st
301118,chinext,2021-11-18,2026-09-22,False,r1_loss
301119,chinext,2021-11-22,2026-09-22,True,
301120,chinext,2022-04-19,2026-09-22,True,
301121,chinext,2022-08-08,2026-09-22,False,r1_loss
301122,chinext,2022-01-26,2026-09-22,True,
301123,chinext,2022-01-25,2026-09-22,False,r1_loss
301125,chinext,2022-06-08,2026-09-22,False,r1_loss
301126,chinext,2021-12-07,2026-09-22,False,r1_loss
301127,chinext,2021-12-30,2026-09-22,True,
301128,chinext,2021-11-10,2026-09-22,True,
301129,chinext,2021-11-02,2026-09-22,True,
301130,chinext,2022-02-23,2026-09-22,True,
301131,chinext,2022-03-14,2026-09-22,True,
301132,chinext,2022-08-10,2026-09-22,True,
301133,chinext,2021-11-26,2026-09-22,False,r1_loss
301135,chinext,2022-04-12,2026-09-22,True,
301136,chinext,2022-01-11,2026-09-22,False,r1_loss
301137,chinext,2022-03-22,2026-09-22,True,
301138,chinext,2021-12-15,2026-09-22,True,
301139,chinext,2022-07-08,2026-08-28,False,r1_loss+r2_st
301141,chinext,2023-04-03,2026-09-22,True,
301148,chinext,2022-04-21,2026-09-22,True,
301149,chinext,2021-11-10,2026-09-22,True,
301150,chinext,2022-04-21,2026-09-22,True,
301151,chinext,2022-04-11,2026-09-22,True,
301152,chinext,2022-08-29,2026-09-22,False,r1_loss
301153,chinext,2022-05-18,2026-09-22,True,
301155,chinext,2021-11-24,2026-09-22,True,
301156,chinext,2022-06-17,2026-09-22,True,
301157,chinext,2023-03-09,2026-09-22,True,
301158,chinext,2022-01-17,2026-09-22,True,
301159,chinext,2022-01-07,2026-09-22,True,
301160,chinext,2022-06-06,2026-09-22,True,
301161,chinext,2022-09-14,2026-09-22,True,
301162,chinext,2022-04-29,2026-09-22,True,
301163,chinext,2022-04-19,2026-09-22,True,
301165,chinext,2022-11-21,2026-09-22,True,
301166,chinext,2021-12-28,2026-09-22,False,r1_loss
301167,chinext,2021-12-06,2026-09-22,True,
301168,chinext,2021-12-10,2026-09-22,False,r1_loss
301169,chinext,2021-11-03,2026-09-22,False,r1_loss
301170,chinext,2023-06-27,2026-09-22,True,
301171,chinext,2022-08-19,2026-09-22,True,
301172,chinext,2023-07-26,2026-09-22,True,
301173,chinext,2025-03-03,2026-09-22,True,
301175,chinext,2022-07-08,2026-09-22,True,
301176,chinext,2022-09-28,2026-09-22,False,r1_loss
301177,chinext,2021-12-15,2026-09-22,True,
301178,chinext,2021-11-12,2026-09-22,True,
301179,chinext,2021-12-08,2026-09-22,True,
301180,chinext,2021-11-16,2026-09-22,False,r1_loss
301181,chinext,2022-02-21,2026-09-22,True,
301182,chinext,2021-12-23,2026-09-22,False,r1_loss
301183,chinext,2022-05-24,2026-09-22,True,
301185,chinext,2021-11-19,2026-09-22,True,
301186,chinext,2021-12-23,2026-09-22,True,
301187,chinext,2022-04-22,2026-09-22,True,
301188,chinext,2021-11-11,2026-09-22,True,
301189,chinext,2021-12-28,2026-09-22,False,r1_loss
301190,chinext,2021-12-24,2026-09-22,True,
301191,chinext,2022-05-26,2026-09-22,True,
301192,chinext,2022-08-11,2026-09-22,True,
301193,chinext,2021-12-09,2026-09-22,False,r1_loss
301195,chinext,2022-08-01,2026-09-22,True,
301196,chinext,2022-01-11,2026-09-22,True,
301197,chinext,2022-08-08,2026-09-22,True,
301198,chinext,2021-12-02,2026-09-22,False,r1_loss
301199,chinext,2021-12-07,2026-09-22,True,
301200,chinext,2022-02-28,2026-09-22,True,
301201,chinext,2022-01-20,2026-09-22,False,r1_loss
301202,chinext,2023-07-05,2026-09-22,True,
301203,chinext,2023-04-04,2026-09-22,True,
301205,chinext,2022-09-13,2026-09-22,True,
301206,chinext,2022-02-10,2026-09-22,True,
301207,chinext,2022-02-18,2026-09-22,True,
301208,chinext,2022-07-07,2026-09-22,True,
301209,chinext,2022-08-25,2026-09-22,True,
301210,chinext,2023-06-30,2026-09-22,True,
301211,chinext,2021-12-22,2026-09-22,True,
301212,chinext,2022-04-19,2026-09-22,True,
301213,chinext,2021-12-06,2026-09-22,True,
301215,chinext,2022-03-08,2026-09-22,True,
301216,chinext,2022-03-29,2026-09-22,True,
301217,chinext,2022-01-27,2026-09-22,True,
301218,chinext,2022-03-07,2026-09-22,False,r1_loss
301219,chinext,2022-03-17,2026-09-22,True,
301220,chinext,2022-06-22,2026-09-22,True,
301221,chinext,2021-12-22,2026-09-22,True,
301222,chinext,2022-03-09,2026-09-22,True,
301223,chinext,2022-10-26,2026-09-22,True,
301225,chinext,2023-06-16,2026-09-22,True,
301226,chinext,2022-03-25,2026-09-22,True,
301227,chinext,2022-09-26,2026-09-22,False,r1_loss
301228,chinext,2022-01-28,2026-09-22,False,r1_loss
301229,chinext,2022-02-22,2026-09-22,True,
301230,chinext,2022-11-01,2026-09-22,True,
301231,chinext,2022-09-08,2026-09-22,False,r1_loss
301232,chinext,2023-06-15,2026-09-22,True,
301233,chinext,2022-07-06,2026-09-22,True,
301234,chinext,2022-07-05,2026-09-22,True,
301235,chinext,2022-01-28,2026-09-22,True,
301236,chinext,2022-03-15,2026-09-22,True,
301237,chinext,2022-03-23,2026-09-22,False,r1_loss
301238,chinext,2022-06-17,2026-09-22,True,
301239,chinext,2022-07-05,2026-09-22,False,r1_loss
301246,chinext,2023-03-20,2026-09-22,True,
301248,chinext,2022-04-20,2026-09-22,False,r1_loss
301251,chinext,2023-09-06,2026-09-22,True,
301252,chinext,2023-05-25,2026-09-22,True,
301255,chinext,2022-12-27,2026-09-22,True,
301256,chinext,2022-03-22,2026-09-22,True,
301257,chinext,2022-05-17,2026-09-22,True,
301258,chinext,2022-03-29,2026-09-22,True,
301259,chinext,2022-04-26,2026-09-22,False,r1_loss
301260,chinext,2023-02-08,2026-09-22,False,r1_loss
301261,chinext,2023-07-10,2026-09-22,True,
301262,chinext,2023-06-20,2026-09-22,True,
301263,chinext,2022-03-29,2026-09-22,False,r1_loss
301265,chinext,2022-12-16,2026-09-22,True,
301266,chinext,2022-06-08,2026-09-22,True,
301267,chinext,2022-11-07,2026-09-22,True,
301268,chinext,2022-04-07,2026-09-22,False,r1_loss
301269,chinext,2022-07-29,2026-09-22,True,
301270,chinext,2022-08-31,2026-09-22,True,
301272,chinext,2023-07-13,2026-09-22,True,
301273,chinext,2022-10-25,2026-09-22,False,r1_loss
301275,chinext,2025-03-11,2026-09-22,True,
301276,chinext,2022-09-09,2026-09-22,True,
301277,chinext,2022-11-16,2026-09-22,True,
301278,chinext,2022-08-04,2026-09-22,True,
301279,chinext,2022-04-13,2026-09-22,True,
301280,chinext,2022-12-26,2026-09-22,True,
301281,chinext,2023-04-04,2026-09-22,True,
301282,chinext,2022-08-26,2026-09-22,True,
301283,chinext,2022-09-02,2026-09-22,True,
301285,chinext,2022-09-28,2026-09-22,False,r1_loss
301286,chinext,2022-06-14,2026-09-22,True,
301287,chinext,2023-06-14,2026-09-22,True,
301288,chinext,2022-04-22,2026-09-22,False,r1_loss
301289,chinext,2022-06-22,2026-09-22,True,
301290,chinext,2022-11-30,2026-09-22,False,r1_loss
301291,chinext,2023-06-30,2026-09-22,True,
301292,chinext,2023-07-07,2026-09-22,False,r1_loss
301293,chinext,2023-05-05,2026-09-22,True,
301295,chinext,2023-06-28,2026-09-22,True,
301296,chinext,2022-09-02,2026-09-22,True,
301297,chinext,2022-12-30,2026-09-22,True,
301298,chinext,2022-06-06,2026-09-22,True,
301299,chinext,2022-10-19,2026-09-22,True,
301300,chinext,2022-08-19,2026-09-22,True,
301301,chinext,2022-12-27,2026-09-22,True,
301302,chinext,2022-06-23,2026-09-22,False,r1_loss
301303,chinext,2023-02-20,2026-09-22,True,
301305,chinext,2023-05-23,2026-09-22,True,
301306,chinext,2022-07-26,2026-09-22,False,r1_loss
301307,chinext,2023-04-24,2026-09-22,False,r1_loss
301308,chinext,2022-08-05,2026-09-22,True,
301309,chinext,2022-09-19,2026-09-22,True,
301310,chinext,2023-06-02,2026-09-22,True,
301311,chinext,2022-11-30,2026-09-22,False,r1_loss
301312,chinext,2022-07-11,2026-09-22,True,
301313,chinext,2022-09-30,2026-09-22,False,r1_loss
301314,chinext,2023-03-28,2026-09-22,True,
301315,chinext,2023-06-21,2026-09-22,True,
301316,chinext,2022-10-13,2026-09-22,True,
301317,chinext,2023-01-19,2026-09-22,False,r1_loss
301318,chinext,2022-08-10,2026-09-22,True,
301319,chinext,2022-09-29,2026-09-22,True,
301320,chinext,2023-06-09,2026-09-22,False,r1_loss
301321,chinext,2022-08-18,2026-09-22,False,r1_loss
301322,chinext,2023-03-06,2026-09-22,False,r1_loss
301323,chinext,2023-06-06,2026-09-22,True,
301325,chinext,2023-05-12,2026-09-22,False,r1_loss
301326,chinext,2022-09-21,2026-09-22,False,r1_loss
301327,chinext,2022-09-19,2026-09-22,False,r1_loss
301328,chinext,2022-09-08,2026-09-22,True,
301329,chinext,2023-07-17,2026-09-22,True,
301330,chinext,2022-08-17,2026-09-22,True,
301331,chinext,2022-09-21,2026-09-22,True,
301332,chinext,2023-05-18,2026-09-22,True,
301333,chinext,2022-08-02,2026-09-22,True,
301335,chinext,2022-11-18,2026-09-22,True,
301336,chinext,2022-08-12,2026-09-22,True,
301337,chinext,2023-05-26,2026-09-22,False,r1_loss
301338,chinext,2022-08-16,2026-09-22,True,
301339,chinext,2022-09-09,2026-09-22,True,
301345,chinext,2023-03-21,2026-09-22,True,
301348,chinext,2023-08-10,2026-09-22,False,r1_loss
301349,chinext,2022-09-09,2026-09-22,True,
301353,chinext,2023-05-30,2026-09-22,True,
301355,chinext,2023-06-12,2026-09-22,False,r1_loss
301356,chinext,2022-11-14,2026-09-22,True,
301357,chinext,2023-04-18,2026-09-22,True,
301358,chinext,2023-02-09,2026-09-22,True,
301359,chinext,2022-11-09,2026-09-22,True,
301360,chinext,2023-04-25,2026-09-22,True,
301361,chinext,2022-11-16,2026-09-22,True,
301362,chinext,2023-08-04,2026-09-22,True,
301363,chinext,2022-10-12,2026-09-22,True,
301365,chinext,2022-11-22,2026-09-22,True,
301366,chinext,2022-09-26,2026-09-22,True,
301367,chinext,2022-11-01,2026-09-22,True,
301368,chinext,2022-12-15,2026-09-22,False,r1_loss
301369,chinext,2022-09-22,2026-09-22,True,
301370,chinext,2023-07-12,2026-09-22,True,
301371,chinext,2023-08-01,2026-09-22,True,
301372,chinext,2023-08-11,2026-09-22,False,r1_loss
301373,chinext,2023-02-08,2026-09-22,True,
301376,chinext,2023-06-21,2026-09-22,True,
301377,chinext,2022-11-22,2026-09-22,True,
301378,chinext,2023-03-20,2026-09-22,False,r1_loss
301379,chinext,2022-11-01,2026-09-22,True,
301380,chinext,2022-10-25,2026-09-22,True,
301381,chinext,2023-07-12,2026-09-22,True,
301382,chinext,2023-05-17,2026-09-22,True,
301383,chinext,2023-06-09,2026-09-22,False,r1_loss
301386,chinext,2023-03-29,2026-09-22,True,
301387,chinext,2023-04-18,2026-09-22,False,r1_loss
301388,chinext,2022-11-09,2026-09-22,True,
301389,chinext,2022-10-31,2026-09-22,True,
301390,chinext,2023-05-08,2026-09-22,False,r1_loss
301391,chinext,2022-12-01,2026-09-22,True,
301392,chinext,2024-06-05,2026-09-22,False,r1_loss
301393,chinext,2023-07-12,2026-09-22,True,
301395,chinext,2023-07-03,2026-09-22,False,r1_loss
301396,chinext,2022-11-11,2026-09-22,True,
301397,chinext,2023-06-28,2026-09-22,True,
301398,chinext,2022-12-15,2026-09-22,False,r1_loss
301399,chinext,2023-05-23,2026-09-22,True,
301408,chinext,2023-03-01,2026-09-22,True,
301413,chinext,2023-12-18,2026-09-22,True,
301418,chinext,2023-08-21,2026-09-22,True,
301419,chinext,2023-02-09,2026-09-22,True,
301421,chinext,2023-08-23,2026-09-22,True,
301428,chinext,2023-05-19,2026-09-22,False,r1_loss
301429,chinext,2023-04-17,2026-09-22,True,
301439,chinext,2023-03-17,2026-09-22,True,
301446,chinext,2023-07-25,2026-09-22,True,
301448,chinext,2023-06-19,2026-09-22,False,r1_loss
301449,chinext,2025-12-23,2026-09-22,True,
301456,chinext,2023-07-14,2026-09-22,True,
301458,chinext,2025-01-10,2026-09-22,True,
301459,chinext,2023-12-13,2026-09-22,True,
301468,chinext,2023-07-24,2026-09-22,True,
301469,chinext,2023-08-22,2026-09-22,True,
301479,chinext,2025-03-18,2026-09-22,True,
301486,chinext,2023-07-07,2026-09-22,False,r1_loss
301487,chinext,2023-08-09,2026-09-22,True,
301488,chinext,2023-07-04,2026-09-22,True,
301489,chinext,2023-10-24,2026-09-22,True,
301491,chinext,2025-08-06,2026-09-22,True,
301498,chinext,2023-08-16,2026-09-22,True,
301499,chinext,2023-07-21,2026-09-22,True,
301500,chinext,2023-09-21,2026-09-22,True,
301501,chinext,2025-03-19,2026-09-22,True,
301502,chinext,2024-02-02,2026-09-22,True,
301503,chinext,2023-07-17,2026-09-22,True,
301505,chinext,2023-07-19,2026-09-22,True,
301507,chinext,2023-09-05,2026-09-22,True,
301508,chinext,2023-12-01,2026-09-22,True,
301509,chinext,2023-08-03,2026-09-22,True,
301510,chinext,2023-08-15,2026-09-22,True,
301511,chinext,2023-08-17,2026-09-22,True,
301512,chinext,2023-07-20,2026-09-22,True,
301513,chinext,2026-04-17,2026-09-22,True,
301515,chinext,2023-07-25,2026-09-22,False,r1_loss
301516,chinext,2023-12-08,2026-09-22,False,r1_loss
301517,chinext,2023-10-17,2026-09-22,False,r1_loss
301518,chinext,2023-08-03,2026-09-22,True,
301519,chinext,2023-07-27,2026-09-22,False,r1_loss
301520,chinext,2023-09-25,2026-09-22,True,
301522,chinext,2024-10-16,2026-09-22,True,
301525,chinext,2023-08-30,2026-09-22,True,
301526,chinext,2023-12-26,2026-09-22,True,
301528,chinext,2023-08-28,2026-09-22,True,
301529,chinext,2023-09-11,2026-09-22,True,
301531,chinext,2026-05-11,2026-09-22,True,
301533,chinext,2023-08-18,2026-09-22,True,
301535,chinext,2025-03-27,2026-09-22,True,
301536,chinext,2024-03-28,2026-09-22,True,
301538,chinext,2024-03-20,2026-09-22,True,
301539,chinext,2024-04-15,2026-09-22,False,r1_loss
301548,chinext,2023-09-20,2026-09-22,True,
301550,chinext,2023-09-15,2026-09-22,True,
301551,chinext,2024-09-26,2026-09-22,True,
301552,chinext,2024-07-22,2026-09-22,True,
301555,chinext,2023-10-31,2026-09-22,True,
301556,chinext,2024-10-17,2026-09-22,True,
301557,chinext,2025-03-04,2026-09-22,True,
301558,chinext,2023-09-28,2026-09-22,True,
301559,chinext,2023-10-11,2026-09-22,True,
301560,chinext,2025-04-25,2026-09-22,True,
301563,chinext,2025-09-30,2026-09-22,True,
301565,chinext,2024-06-20,2026-09-22,True,
301566,chinext,2023-12-29,2026-09-22,True,
301567,chinext,2024-01-16,2026-09-22,False,r1_loss
301568,chinext,2023-11-28,2026-09-22,True,
301571,chinext,2024-08-21,2026-09-22,True,
301575,chinext,2025-09-10,2026-09-22,True,
301577,chinext,2024-01-24,2026-09-22,False,r1_loss
301578,chinext,2023-12-28,2026-09-22,True,
301580,chinext,2024-06-26,2026-09-22,True,
301581,chinext,2025-01-03,2026-09-22,True,
301583,chinext,2026-07-10,2026-09-22,True,
301584,chinext,2025-09-25,2026-09-22,True,
301585,chinext,2024-12-20,2026-09-22,True,
301586,chinext,2024-08-28,2026-09-22,True,
301587,chinext,2024-04-08,2026-09-22,True,
301588,chinext,2024-03-13,2026-09-22,True,
301589,chinext,2024-02-08,2026-09-22,True,
301590,chinext,2025-06-05,2026-09-22,False,r1_loss
301591,chinext,2024-02-28,2026-09-22,True,
301592,chinext,2024-10-24,2026-09-22,True,
301595,chinext,2025-05-19,2026-09-22,True,
301596,chinext,2024-05-13,2026-09-22,True,
301598,chinext,2024-12-20,2026-09-22,True,
301599,chinext,2026-04-30,2026-09-22,True,
301600,chinext,2024-09-11,2026-09-22,True,
301601,chinext,2025-01-15,2026-09-22,True,
301602,chinext,2025-01-22,2026-09-22,True,
301603,chinext,2024-07-10,2026-09-22,True,
301606,chinext,2024-07-26,2026-09-22,True,
301607,chinext,2024-09-04,2026-09-22,True,
301608,chinext,2024-08-01,2026-09-22,True,
301609,chinext,2025-07-23,2026-09-22,True,
301611,chinext,2024-08-16,2026-09-22,True,
301613,chinext,2024-10-25,2026-09-22,True,
301616,chinext,2025-03-27,2026-09-22,True,
301617,chinext,2024-12-11,2026-09-22,True,
301618,chinext,2024-09-30,2026-09-22,True,
301622,chinext,2024-12-04,2026-09-22,True,
301626,chinext,2024-10-24,2026-09-22,True,
301628,chinext,2024-10-31,2026-09-22,True,
301629,chinext,2025-03-24,2026-09-22,True,
301630,chinext,2025-07-10,2026-09-22,True,
301631,chinext,2024-11-22,2026-09-22,True,
301632,chinext,2025-08-12,2026-09-22,True,
301633,chinext,2024-11-07,2026-09-22,True,
301636,chinext,2025-05-16,2026-09-22,False,r1_loss
301638,chinext,2025-11-18,2026-09-22,True,
301655,chinext,2026-08-20,2026-09-22,True,
301656,chinext,2025-09-25,2026-09-22,True,
301658,chinext,2025-04-02,2026-09-22,False,r1_loss
301662,chinext,2025-04-17,2026-09-22,True,
301665,chinext,2025-04-11,2026-09-22,True,
301666,chinext,2026-04-16,2026-09-22,False,r1_loss
301667,chinext,2025-12-23,2026-09-22,True,
301668,chinext,2025-09-26,2026-09-22,True,
301669,chinext,2026-06-09,2026-09-22,True,
301677,chinext,2026-07-30,2026-09-22,True,
301678,chinext,2025-06-20,2026-09-22,True,
301680,chinext,2026-03-06,2026-09-22,True,
301682,chinext,2026-03-25,2026-09-22,True,
301683,chinext,2026-04-01,2026-09-22,True,
301686,chinext,2026-09-22,2026-09-22,True,
301687,chinext,2025-12-31,2026-09-22,True,
301688,chinext,2026-09-02,2026-09-22,True,
301689,chinext,2026-09-10,2026-09-22,True,
301696,chinext,2026-04-10,2026-09-22,True,
301697,chinext,2026-09-01,2026-09-22,True,
301699,chinext,2026-09-09,2026-09-22,True,
301707,chinext,2026-08-07,2026-09-22,True,
301717,chinext,2026-08-11,2026-09-22,True,
302132,other,2010-08-27,2026-09-22,True,
600000,main,1999-11-10,2026-09-22,True,
600004,main,2003-04-28,2026-09-22,True,
600006,main,1999-07-27,2026-09-22,False,r1_loss
600007,main,1999-03-12,2026-09-22,True,
600008,main,2000-04-27,2026-09-22,True,
600009,main,1998-02-18,2026-09-22,True,
600010,main,2001-03-09,2026-09-22,True,
600011,main,2001-12-06,2026-09-22,True,
600012,main,2003-01-07,2026-09-22,True,
600015,main,2003-09-12,2026-09-22,True,
600016,main,2000-12-19,2026-09-22,True,
600017,main,2006-10-17,2026-09-22,True,
600018,main,2000-07-19,2026-09-22,True,
600019,main,2000-12-12,2026-09-22,True,
600020,main,2003-08-08,2026-09-22,True,
600021,main,2003-10-29,2026-09-22,True,
600022,main,2004-06-29,2026-09-22,True,
600023,main,2013-12-19,2026-09-22,True,
600025,main,2017-12-15,2026-09-22,True,
600026,main,2002-05-23,2026-09-22,True,
600027,main,2005-02-03,2026-09-22,True,
600028,main,2001-08-08,2026-09-22,True,
600029,main,2003-07-25,2026-09-22,False,r1_loss
600030,main,2003-01-06,2026-09-22,True,
600031,main,2003-07-03,2026-09-22,True,
600032,main,2021-05-25,2026-09-22,True,
600033,main,2001-02-09,2026-09-22,True,
600035,main,2004-03-10,2026-09-22,True,
600036,main,2002-04-09,2026-09-22,True,
600037,main,2001-02-08,2026-09-22,True,
600038,main,2000-12-18,2026-09-22,True,
600039,main,2003-03-25,2026-09-22,True,
600048,main,2006-07-31,2026-09-22,False,r1_loss
600050,main,2002-10-09,2026-09-22,True,
600051,main,1997-04-10,2026-09-22,True,
600052,main,1997-04-15,2026-09-22,False,r1_loss
600053,main,1997-04-18,2026-09-22,False,r1_loss+r2_st
600054,main,1997-05-06,2026-09-22,True,
600055,main,1997-05-19,2026-09-22,False,r1_loss
600056,main,1997-05-15,2026-09-22,True,
600057,main,1997-06-04,2026-09-22,True,
600058,main,1997-05-28,2026-09-22,False,r1_loss
600059,main,1997-05-16,2026-09-22,True,
600060,main,1997-04-22,2026-09-22,True,
600061,main,1997-05-19,2026-09-22,True,
600062,main,1997-05-22,2026-09-22,True,
600063,main,1997-05-28,2026-09-22,True,
600064,main,1997-05-06,2026-09-22,True,
600066,main,1997-05-08,2026-09-22,True,
600067,main,1997-05-08,2026-09-22,True,
600071,main,1997-05-28,2026-09-22,True,
600072,main,1997-06-03,2026-09-22,False,r1_loss
600073,main,1997-07-04,2026-09-22,False,r1_loss
600075,main,1997-06-17,2026-09-22,False,r1_loss
600076,main,1997-05-26,2026-09-22,False,r1_loss
600078,main,1997-06-27,2026-09-22,True,
600079,main,1997-06-06,2026-09-22,False,r2_st
600080,main,1997-06-12,2026-09-22,False,r2_st
600081,main,1997-07-03,2026-09-22,True,
600082,main,1997-06-20,2026-09-22,False,r1_loss+r2_st
600084,main,1997-07-11,2026-09-22,False,r1_loss+r2_st
600085,main,1997-06-25,2026-09-22,True,
600088,main,1997-06-16,2026-09-22,False,r1_loss
600089,main,1997-06-18,2026-09-22,True,
600094,main,1997-07-03,2026-09-22,True,
600095,main,1997-07-08,2026-09-22,True,
600096,main,1997-07-09,2026-09-22,True,
600097,main,1997-06-19,2026-09-22,True,
600098,main,1997-07-18,2026-09-22,True,
600099,main,1997-07-04,2026-09-22,True,
600100,main,1997-06-27,2026-09-22,True,
600101,main,1997-06-27,2026-09-22,True,
600103,main,1997-07-03,2026-09-22,True,
600104,main,1997-11-25,2026-09-22,True,
600105,main,1997-09-29,2026-09-22,True,
600106,main,1997-06-18,2026-09-22,True,
600107,main,1997-11-06,2026-09-22,False,r1_loss+r2_st
600108,main,1997-08-18,2026-09-22,True,
600109,main,1997-08-07,2026-09-22,True,
600110,main,1997-10-07,2026-09-22,False,r1_loss
600111,main,1997-09-24,2026-09-22,True,
600113,main,1997-10-21,2026-09-22,True,
600114,main,2004-05-11,2026-09-22,True,
600115,main,1997-11-05,2026-09-22,False,r1_loss
600116,main,1997-08-04,2026-09-22,True,
600117,main,1997-10-15,2026-09-22,False,r1_loss
600118,main,1997-09-08,2026-09-22,True,
600119,main,1998-01-15,2026-09-22,False,r1_loss+r2_st
600120,main,1997-12-01,2026-09-22,True,
600121,main,1998-01-07,2026-09-22,False,r1_loss
600123,main,1998-12-17,2026-09-22,False,r1_loss
600125,main,1998-05-11,2026-09-22,True,
600126,main,1998-03-11,2026-09-22,True,
600127,main,1998-05-06,2026-09-22,False,r1_loss
600128,main,1997-09-01,2026-09-22,True,
600129,main,1997-11-18,2026-09-22,True,
600130,main,2000-07-06,2026-09-22,True,
600131,main,1998-04-02,2026-09-22,True,
600132,main,1997-10-30,2026-09-22,True,
600133,main,1998-02-12,2026-09-22,True,
600135,main,1998-01-22,2026-09-22,False,r1_loss
600136,main,1998-03-03,2026-09-22,False,r1_loss+r2_st
600137,main,1998-04-16,2026-09-22,True,
600138,main,1997-12-03,2026-09-22,True,
600141,main,1999-06-16,2026-09-22,True,
600143,main,2004-06-23,2026-09-22,True,
600148,main,1998-05-20,2026-09-22,True,
600149,main,1999-10-14,2026-09-22,True,
600150,main,1998-05-20,2026-09-22,True,
600151,main,1998-06-05,2026-09-22,False,r1_loss
600152,main,1998-06-09,2026-09-22,False,r1_loss
600153,main,1998-06-16,2026-09-22,False,r1_loss
600155,main,1998-09-18,2026-09-22,True,
600156,main,1998-05-27,2026-09-22,False,r1_loss
600157,main,1998-05-13,2026-09-22,True,
600158,main,1998-03-27,2026-09-22,False,r1_loss
600159,main,1998-05-26,2026-09-22,False,r1_loss
600160,main,1998-06-26,2026-09-22,True,
600161,main,1998-06-16,2026-09-22,True,
600162,main,1998-06-09,2026-09-22,False,r1_loss
600163,main,1998-06-02,2026-09-22,True,
600165,main,1998-05-29,2026-09-22,False,r1_loss
600166,main,1998-06-02,2026-09-22,True,
600167,main,1999-01-28,2026-09-22,True,
600168,main,1998-04-27,2026-09-22,True,
600169,main,1998-09-04,2026-09-22,False,r2_st
600170,main,1998-06-23,2026-09-22,True,
600171,main,1998-09-24,2026-09-22,True,
600172,main,1998-11-26,2026-09-22,False,r1_loss
600173,main,1999-04-15,2026-09-22,False,r1_loss
600176,main,1999-04-22,2026-09-22,True,
600177,main,1998-11-19,2026-09-22,True,
600178,main,1998-10-14,2026-09-22,False,r1_loss
600179,main,1998-11-04,2026-09-22,True,
600180,main,1998-07-03,2026-09-22,False,r1_loss+r2_st
600182,main,1999-05-07,2026-09-22,True,
600183,main,1998-10-28,2026-09-22,True,
600184,main,2003-11-06,2026-09-22,True,
600185,main,1999-06-11,2026-09-22,False,r1_loss
600186,main,1998-08-25,2026-09-22,True,
600187,main,1998-11-11,2026-09-22,False,r1_loss+r2_st
600188,main,1998-07-01,2026-09-22,True,
600189,main,1998-10-07,2026-09-22,True,
600191,main,1998-12-10,2026-09-22,True,
600192,main,1998-12-24,2026-09-22,False,r1_loss
600195,main,1999-01-07,2026-09-22,True,
600196,main,1998-08-07,2026-09-22,True,
600197,main,1999-09-16,2026-09-22,True,
600198,main,1998-10-21,2026-09-22,False,r1_loss
600199,main,1998-08-12,2026-09-22,False,r1_loss
600201,main,1999-01-15,2026-09-22,True,
600202,main,1999-06-03,2026-09-22,False,r1_loss
600203,main,1999-05-14,2026-09-22,False,r1_loss
600206,main,1999-03-19,2026-09-22,True,
600207,main,1999-07-14,2026-09-22,False,r1_loss
600208,main,1999-06-23,2026-09-22,True,
600210,main,1999-08-24,2026-09-22,True,
600211,main,1999-07-21,2026-09-22,True,
600212,main,1999-08-17,2026-09-22,False,r1_loss
600215,main,1999-09-09,2026-09-22,False,r1_loss
600216,main,1999-10-21,2026-09-22,True,
600217,main,1999-12-16,2026-09-22,False,r1_loss
600218,main,1998-12-03,2026-09-22,True,
600219,main,1999-12-23,2026-09-22,True,
600221,main,1999-11-25,2026-09-22,True,
600222,main,1999-11-05,2026-09-22,True,
600223,main,2000-01-13,2026-09-22,True,
600226,main,1999-11-16,2026-09-22,True,
600227,main,2000-02-21,2026-09-22,False,r1_loss
600228,main,1999-01-19,2026-09-22,False,r1_loss
600229,main,2000-03-09,2026-09-22,False,r1_loss
600230,main,2000-04-06,2026-09-22,True,
600231,main,2000-05-11,2026-09-22,False,r1_loss
600232,main,2000-06-02,2026-09-22,True,
600233,main,2000-06-08,2026-09-22,True,
600234,main,2000-06-15,2026-09-22,False,r1_loss
600235,main,2000-06-15,2026-09-22,True,
600236,main,2000-03-23,2026-09-22,True,
600237,main,2000-06-09,2026-09-22,True,
600238,main,2000-01-20,2026-09-22,False,r1_loss+r2_st
600239,main,1999-12-02,2026-09-22,False,r1_loss+r2_st
600241,main,2000-11-28,2026-09-22,False,r1_loss
600243,main,2000-11-20,2026-09-22,False,r1_loss+r2_st
600246,main,2000-09-22,2026-09-22,False,r1_loss
600248,main,2000-06-22,2026-09-22,False,r1_loss
600249,main,2004-01-30,2026-09-22,True,
600250,main,2001-03-06,2026-09-22,True,
600251,main,2003-06-09,2026-09-22,True,
600252,main,2000-11-30,2026-09-22,False,r1_loss
600255,main,2000-11-22,2026-09-22,True,
600256,main,2000-05-26,2026-09-22,True,
600257,main,2000-06-12,2026-09-22,True,
600258,main,2000-06-01,2026-09-22,True,
600259,main,2000-05-25,2026-09-22,True,
600261,main,2000-07-20,2026-09-22,True,
600262,main,2000-06-30,2026-09-22,True,
600265,main,2000-08-25,2026-09-22,False,r1_loss+r2_st
600266,main,1999-02-03,2026-09-22,False,r1_loss
600267,main,2000-07-25,2026-09-22,True,
600268,main,1999-11-18,2026-09-22,True,
600269,main,2000-05-18,2026-09-22,True,
600271,main,2003-07-11,2026-09-22,False,r1_loss
600272,main,2001-02-28,2026-09-22,True,
600273,main,2003-06-27,2026-09-22,True,
600276,main,2000-10-18,2026-09-22,True,
600278,main,2000-07-12,2026-09-22,True,
600279,main,2000-07-31,2026-09-22,True,
600280,main,2000-09-26,2026-09-22,False,r1_loss
600281,main,2000-11-09,2026-09-22,False,r1_loss
600282,main,2000-09-19,2026-09-22,True,
600283,main,2000-10-18,2026-09-22,True,
600284,main,2004-03-16,2026-09-22,True,
600285,main,2000-10-18,2026-09-22,True,
600287,main,2000-09-01,2026-09-22,True,
600288,main,2000-11-29,2026-09-22,True,
600289,main,2000-07-20,2026-09-22,False,r1_loss+r2_st
600292,main,2000-11-01,2026-09-22,True,
600293,main,2000-09-19,2026-09-22,False,r1_loss
600295,main,2001-04-26,2026-09-22,True,
600298,main,2000-08-18,2026-09-22,True,
600299,main,2000-04-20,2026-09-22,True,
600300,main,2000-06-30,2026-09-22,True,
600301,main,2000-07-12,2026-09-22,True,
600302,main,2000-12-13,2026-09-22,False,r1_loss+r2_st
600303,main,2000-12-26,2026-09-22,False,r1_loss
600305,main,2001-02-06,2026-09-22,True,
600307,main,2000-12-20,2026-09-22,False,r1_loss
600308,main,2000-09-28,2026-09-22,False,r1_loss
600309,main,2001-01-05,2026-09-22,True,
600310,main,2001-02-28,2026-09-22,False,r1_loss
600312,main,2001-02-21,2026-09-22,True,
600313,main,2001-01-19,2026-09-22,True,
600315,main,2001-03-15,2026-09-22,True,
600316,main,2000-12-15,2026-09-22,True,
600318,main,2000-12-08,2026-09-22,True,
600319,main,2001-03-26,2026-09-22,False,r1_loss
600320,main,2000-12-21,2026-09-22,True,
600322,main,2001-09-10,2026-09-22,False,r1_loss
600323,main,2000-12-25,2026-09-22,True,
600325,main,2004-02-25,2026-09-22,False,r1_loss
600326,main,2001-01-16,2026-09-22,False,r1_loss
600327,main,2002-06-25,2026-09-22,False,r1_loss
600328,main,2000-12-22,2026-09-22,False,r1_loss
600329,main,2001-06-06,2026-09-22,True,
600330,main,2001-01-18,2026-09-22,False,r1_loss
600331,main,2001-12-20,2026-09-22,False,r1_loss
600332,main,2001-02-06,2026-09-22,True,
600333,main,2000-12-11,2026-09-22,False,r1_loss
600335,main,2001-03-05,2026-09-22,True,
600336,main,2000-12-29,2026-09-22,False,r1_loss
600337,main,2000-11-27,2026-09-22,False,r1_loss+r2_st
600338,main,2000-12-27,2026-09-22,True,
600339,main,2000-12-25,2026-09-22,True,
600340,main,2003-12-30,2026-09-22,False,r1_loss+r2_st
600343,main,2003-04-08,2026-09-22,False,r1_loss
600345,main,2000-12-22,2026-09-22,True,
600346,main,2001-08-20,2026-09-22,True,
600348,main,2003-08-21,2026-09-22,True,
600350,main,2002-03-18,2026-09-22,True,
600351,main,2002-09-26,2026-09-22,True,
600352,main,2003-08-01,2026-09-22,True,
600353,main,2002-11-20,2026-09-22,True,
600354,main,2004-01-15,2026-09-22,True,
600356,main,2001-04-19,2026-09-22,True,
600358,main,2000-09-22,2026-09-22,False,r1_loss
600359,main,1999-04-29,2026-09-22,False,r1_loss
600360,main,2001-03-16,2026-09-22,True,
600361,main,2001-11-29,2026-09-22,True,
600362,main,2002-01-11,2026-09-22,True,
600363,main,2001-03-29,2026-09-22,True,
600365,main,2001-01-15,2026-09-22,False,r1_loss+r2_st
600366,main,2000-10-30,2026-09-22,True,
600367,main,2001-03-20,2026-09-22,True,
600368,main,2000-12-21,2026-09-22,True,
600369,main,2001-01-09,2026-09-22,True,
600370,main,2003-03-06,2026-09-22,False,r1_loss+r2_st
600371,main,2002-09-16,2026-09-22,False,r1_loss
600372,main,2001-07-06,2026-09-22,True,
600373,main,2002-03-04,2026-09-22,True,
600375,main,2003-04-01,2026-09-22,True,
600376,main,2001-03-12,2026-09-22,False,r1_loss
600377,main,2001-01-16,2026-09-22,True,
600378,main,2001-01-11,2026-09-22,True,
600379,main,2002-01-16,2026-09-22,True,
600380,main,2001-06-08,2026-09-22,True,
600381,main,2001-05-08,2026-09-22,False,r1_loss+r2_st
600382,main,2001-01-18,2026-09-22,True,
600383,main,2001-04-12,2026-09-22,False,r1_loss
600386,main,2001-02-16,2026-09-22,False,r1_loss
600388,main,2000-12-29,2026-09-22,True,
600389,main,2001-01-10,2026-09-22,True,
600390,main,2001-01-15,2026-09-22,True,
600391,main,2001-12-12,2026-09-22,True,
600392,main,2003-05-29,2026-09-22,True,
600395,main,2001-05-31,2026-09-22,True,
600396,main,2001-03-28,2026-09-22,True,
600397,main,2002-07-02,2026-09-22,False,r1_loss
600398,main,2000-12-28,2026-09-22,True,
600399,main,2000-12-29,2026-09-22,False,r1_loss
600400,main,2001-01-08,2026-09-22,False,r1_loss
600403,main,2003-10-09,2026-09-22,False,r1_loss
600405,main,2004-04-01,2026-09-22,False,r1_loss
600406,main,2003-10-16,2026-09-22,True,
600408,main,2003-02-12,2026-09-22,False,r1_loss
600409,main,2003-06-18,2026-09-22,True,
600410,main,2004-04-27,2026-09-22,False,r1_loss
600415,main,2002-05-09,2026-09-22,True,
600416,main,2002-07-18,2026-09-22,True,
600418,main,2001-08-24,2026-09-22,False,r1_loss
600419,main,2001-06-28,2026-09-22,True,
600420,main,2004-06-16,2026-09-22,True,
600422,main,2000-12-06,2026-09-22,False,r1_loss
600423,main,2003-07-17,2026-09-22,False,r1_loss+r2_st
600425,main,2003-07-24,2026-09-22,True,
600426,main,2002-06-20,2026-09-22,True,
600428,main,2002-04-18,2026-09-22,True,
600429,main,2003-09-15,2026-09-22,False,r1_loss
600433,main,2003-06-19,2026-09-22,False,r1_loss
600435,main,2003-07-04,2026-09-22,False,r1_loss
600436,main,2003-06-16,2026-09-22,True,
600438,main,2004-03-02,2026-09-22,False,r1_loss
600439,main,2003-07-10,2026-09-22,False,r1_loss+r2_st
600444,main,2004-02-19,2026-09-22,True,
600446,main,2003-12-24,2026-09-22,False,r1_loss
600448,main,2001-09-03,2026-09-22,False,r1_loss
600449,main,2003-08-29,2026-09-22,True,
600452,main,2004-03-03,2026-09-22,True,
600455,main,2004-03-29,2026-09-22,True,
600456,main,2002-04-12,2026-09-22,True,
600458,main,2002-12-19,2026-09-22,True,
600459,main,2003-05-16,2026-09-22,True,
600460,main,2003-03-11,2026-09-22,True,
600461,main,2004-06-01,2026-09-22,True,
600463,main,2004-03-18,2026-09-22,False,r1_loss
600467,main,2004-04-05,2026-09-22,True,
600468,main,2001-06-15,2026-09-22,True,
600469,main,2003-10-21,2026-09-22,True,
600470,main,2004-03-05,2026-09-22,False,r1_loss
600475,main,2003-07-21,2026-09-22,True,
600476,main,2003-12-10,2026-09-22,False,r1_loss+r2_st
600477,main,2003-11-10,2026-09-22,True,
600478,main,2003-09-18,2026-09-22,True,
600479,main,2004-03-12,2026-09-22,True,
600480,main,2003-08-15,2026-09-22,True,
600481,main,2003-04-22,2026-09-22,False,r1_loss
600482,main,2004-07-14,2026-09-22,True,
600483,main,2004-05-31,2026-09-22,True,
600486,main,2002-04-25,2026-09-22,True,
600487,main,2003-08-22,2026-09-22,True,
600488,main,2001-06-18,2026-09-22,True,
600489,main,2003-08-14,2026-09-22,True,
600490,main,2003-06-26,2026-09-22,True,
600491,main,2004-05-24,2026-09-22,False,r1_loss+r2_st
600493,main,2004-04-21,2026-09-22,True,
600495,main,2004-05-26,2026-09-22,True,
600496,main,2002-06-05,2026-09-22,True,
600497,main,2004-04-20,2026-09-22,True,
600498,main,2001-08-23,2026-09-22,True,
600499,main,2002-10-10,2026-09-22,True,
600500,main,2000-03-01,2026-09-22,False,r1_loss
600501,main,2001-06-15,2026-09-22,False,r1_loss
600502,main,2003-04-15,2026-09-22,True,
600503,main,2002-07-09,2026-09-22,False,r1_loss
600505,main,2002-05-30,2026-09-22,True,
600506,main,2001-12-26,2026-09-22,True,
600507,main,2003-09-30,2026-09-22,True,
600508,main,2001-08-29,2026-09-22,True,
600509,main,2002-02-28,2026-09-22,True,
600510,main,2002-06-18,2026-09-22,False,r1_loss
600511,main,2002-11-27,2026-09-22,True,
600512,main,2002-12-26,2026-09-22,True,
600513,main,2003-03-19,2026-09-22,False,r1_loss
600515,main,2002-08-06,2026-09-22,True,
600516,main,2002-08-30,2026-09-22,True,
600517,main,2003-10-10,2026-09-22,True,
600518,main,2001-03-19,2026-09-22,True,
600519,main,2001-08-27,2026-09-22,True,
600520,main,2002-01-08,2026-09-22,True,
600521,main,2003-03-04,2026-09-22,True,
600522,main,2002-10-24,2026-09-22,True,
600523,main,2001-12-27,2026-09-22,True,
600525,main,2002-12-02,2026-09-22,False,r1_loss
600526,main,2002-07-22,2026-09-22,True,
600527,main,2003-11-27,2026-09-22,True,
600528,main,2001-05-28,2026-09-22,True,
600529,main,2002-06-03,2026-09-22,True,
600530,main,2001-07-02,2026-09-22,False,r1_loss+r2_st
600531,main,2002-07-30,2026-09-22,True,
600533,main,2002-03-28,2026-09-22,False,r1_loss
600535,main,2002-08-23,2026-09-22,True,
600536,main,2002-05-17,2026-09-22,False,r1_loss
600537,main,2003-01-23,2026-09-22,False,r1_loss+r2_st
600538,main,2003-01-14,2026-09-22,False,r1_loss
600539,main,2001-08-24,2026-09-22,False,r1_loss
600540,main,2004-01-07,2026-09-22,False,r1_loss
600543,main,2004-03-24,2026-09-22,False,r1_loss+r2_st
600545,main,2003-12-03,2026-09-22,False,r1_loss
600546,main,2003-07-31,2026-09-22,True,
600547,main,2003-08-28,2026-09-22,True,
600548,main,2001-12-25,2026-09-22,True,
600549,main,2002-11-07,2026-09-22,True,
600550,main,2001-02-28,2026-09-22,True,
600551,main,2002-09-05,2026-09-22,True,
600552,main,2002-11-08,2026-09-22,True,
600556,main,2001-08-07,2026-09-22,False,r1_loss
600557,main,2002-09-18,2026-09-22,True,
600558,main,2001-02-27,2026-09-22,True,
600559,main,2002-10-29,2026-09-22,True,
600560,main,2002-09-19,2026-09-22,True,
600561,main,2002-07-16,2026-09-22,True,
600562,main,2003-01-28,2026-09-22,True,
600563,main,2002-12-10,2026-09-22,True,
600566,main,2001-08-22,2026-09-22,True,
600567,main,2001-12-18,2026-09-22,False,r1_loss
600568,main,2001-05-18,2026-09-22,False,r1_loss+r2_st
600569,main,2001-08-20,2026-09-22,False,r1_loss
600570,main,2003-12-16,2026-09-22,True,
600571,main,2002-11-01,2026-09-22,True,
600572,main,2004-04-12,2026-09-22,True,
600573,main,2003-02-26,2026-09-22,True,
600575,main,2003-03-28,2026-09-22,True,
600576,main,2003-02-20,2026-09-22,True,
600577,main,2002-09-11,2026-09-22,True,
600578,main,2002-05-10,2026-09-22,True,
600579,main,2002-08-09,2026-09-22,False,r1_loss
600580,main,2002-06-06,2026-09-22,True,
600581,main,2002-08-16,2026-09-22,False,r1_loss+r2_st
600582,main,2002-05-15,2026-09-22,True,
600583,main,2002-02-05,2026-09-22,True,
600584,main,2003-06-03,2026-09-22,True,
600585,main,2002-02-07,2026-09-22,True,
600586,main,2002-08-15,2026-09-22,False,r1_loss
600587,main,2002-09-27,2026-09-22,True,
600588,main,2001-05-18,2026-09-22,False,r1_loss
600589,main,2001-06-12,2026-09-22,False,r1_loss
600590,main,2002-07-03,2026-09-22,True,
600592,main,2002-08-05,2026-09-22,True,
600593,main,2002-07-11,2026-09-22,True,
600594,main,2004-03-23,2026-09-22,False,r1_loss
600595,main,2002-06-26,2026-09-22,True,
600596,main,2001-09-06,2026-09-22,True,
600597,main,2002-08-28,2026-09-22,False,r1_loss
600598,main,2002-03-29,2026-09-22,False,r1_loss
600600,main,1993-08-27,2026-09-22,True,
600601,main,1990-12-19,2026-09-22,True,
600602,main,1990-12-19,2026-09-22,True,
600603,main,1992-01-13,2026-09-22,True,
600604,main,1992-04-10,2026-09-22,False,r1_loss
600605,main,1992-04-29,2026-09-22,True,
600606,main,1992-04-10,2026-09-22,False,r1_loss
600609,main,1992-07-24,2026-09-22,True,
600610,main,1992-08-05,2026-09-22,True,
600611,main,1992-08-07,2026-09-22,False,r1_loss
600612,main,1992-08-14,2026-09-22,True,
600613,main,1992-08-20,2026-09-22,True,
600615,main,1992-09-10,2026-09-22,False,r1_loss
600616,main,1992-09-29,2026-09-22,True,
600617,main,1992-10-13,2026-09-22,False,r1_loss
600618,main,1992-11-13,2026-09-22,True,
600619,main,1992-11-16,2026-09-22,True,
600620,main,1992-11-17,2026-09-22,True,
600621,main,1992-12-02,2026-09-22,True,
600622,main,1992-12-03,2026-09-22,False,r1_loss
600623,main,1992-12-04,2026-09-22,True,
600624,main,1993-01-05,2026-09-22,False,r1_loss+r2_st
600626,main,1993-01-07,2026-09-22,True,
600628,main,1993-01-19,2026-09-22,True,
600629,main,1993-02-09,2026-09-22,False,r1_loss
600630,main,1993-02-09,2026-09-22,True,
600633,main,1993-03-04,2026-09-22,True,
600635,main,1993-03-04,2026-09-22,True,
600637,main,1993-03-16,2026-09-22,True,
600638,main,1993-03-26,2026-09-22,True,
600639,main,1993-03-26,2026-09-22,True,
600640,main,1993-04-07,2026-09-22,True,
600641,main,1993-04-07,2026-09-22,False,r1_loss
600642,main,1993-04-16,2026-09-22,True,
600643,main,1993-04-26,2026-09-22,False,r1_loss
600644,main,1993-04-26,2026-09-22,True,
600645,main,1993-05-04,2026-09-22,True,
600648,main,1993-05-04,2026-09-22,True,
600649,main,1993-05-18,2026-09-22,True,
600650,main,1993-06-07,2026-09-22,True,
600651,main,1990-12-19,2026-09-22,True,
600653,main,1991-01-08,2026-09-22,False,r1_loss
600654,main,1990-12-21,2026-09-22,True,
600655,main,1990-12-24,2026-09-22,False,r1_loss
600657,main,1993-05-24,2026-09-22,False,r1_loss
600658,main,1993-05-24,2026-09-22,False,r1_loss
600660,main,1993-06-10,2026-09-22,True,
600661,main,1993-06-14,2026-09-22,True,
600662,main,1993-06-14,2026-09-22,True,
600663,main,1993-06-28,2026-09-22,True,
600664,main,1993-06-29,2026-09-22,True,
600665,main,1993-07-12,2026-09-22,False,r1_loss
600666,main,1993-07-12,2026-09-22,True,
600667,main,1993-07-28,2026-09-22,True,
600668,main,1993-07-28,2026-09-22,False,r1_loss
600671,main,1993-08-23,2026-09-22,True,
600673,main,1993-09-17,2026-09-22,True,
600674,main,1993-09-24,2026-09-22,True,
600675,main,1993-09-24,2026-09-22,False,r1_loss
600676,main,1993-09-28,2026-09-22,False,r1_loss
600678,main,1993-10-08,2026-09-22,False,r1_loss+r2_st
600679,main,1993-10-08,2026-09-22,True,
600681,main,1993-10-18,2026-09-22,True,
600682,main,1993-10-18,2026-09-22,False,r1_loss
600683,main,1993-10-25,2026-09-22,False,r1_loss
600684,main,1993-10-28,2026-09-22,True,
600685,main,1993-10-28,2026-09-22,True,
600686,main,1993-11-08,2026-09-22,True,
600688,main,1993-11-08,2026-09-22,False,r1_loss
600689,main,1993-11-08,2026-09-22,True,
600690,main,1993-11-19,2026-09-22,True,
600691,main,1993-11-19,2026-09-22,False,r1_loss
600692,main,1993-11-19,2026-09-22,True,
600693,main,1993-11-22,2026-09-22,True,
600694,main,1993-11-22,2026-09-22,True,
600697,main,1993-12-06,2026-09-22,False,r1_loss
600698,main,1993-12-06,2026-09-22,False,r1_loss
600699,main,1993-12-06,2026-09-22,True,
600702,main,1996-05-24,2026-09-22,False,r1_loss
600703,main,1996-05-28,2026-09-22,False,r1_loss
600704,main,1996-06-06,2026-09-22,True,
600706,main,1996-05-16,2026-09-22,False,r1_loss
600707,main,1996-05-20,2026-09-22,True,
600708,main,1996-06-06,2026-09-22,False,r1_loss
600710,main,1996-07-01,2026-09-22,True,
600711,main,1996-05-31,2026-09-22,True,
600712,main,1996-06-26,2026-09-22,False,r1_loss
600713,main,1996-07-01,2026-09-22,True,
600714,main,1996-06-06,2026-09-22,True,
600715,main,1996-07-01,2026-09-22,False,r1_loss
600716,main,1996-07-02,2026-09-22,False,r1_loss
600717,main,1996-06-14,2026-09-22,True,
600718,main,1996-06-18,2026-09-22,False,r1_loss
600719,main,1996-07-16,2026-09-22,False,r1_loss
600720,main,1996-07-16,2026-09-22,True,
600721,main,1996-06-26,2026-09-22,True,
600722,main,1996-06-26,2026-09-22,True,
600724,main,1996-07-16,2026-09-22,True,
600725,main,1996-07-02,2026-09-22,False,r1_loss
600726,main,1996-07-01,2026-09-22,True,
600727,main,1996-07-02,2026-09-22,True,
600728,main,1996-07-16,2026-09-22,True,
600729,main,1996-07-02,2026-09-22,True,
600730,main,1996-07-26,2026-09-22,False,r1_loss+r2_st
600731,main,1996-08-02,2026-09-22,True,
600732,main,1996-08-16,2026-09-22,False,r1_loss
600733,main,1996-08-16,2026-09-22,False,r1_loss
600734,main,1996-08-08,2026-09-22,False,r1_loss+r2_st
600735,main,1996-07-26,2026-09-22,False,r1_loss+r2_st
600736,main,1996-08-15,2026-09-22,True,
600737,main,1996-07-31,2026-09-22,True,
600738,main,1996-08-02,2026-09-22,True,
600739,main,1996-08-19,2026-09-22,True,
600740,main,1996-08-08,2026-09-22,True,
600741,main,1996-08-26,2026-09-22,True,
600742,main,1996-08-26,2026-09-22,True,
600743,main,1996-09-09,2026-09-22,False,r1_loss
600744,main,1996-09-05,2026-09-22,False,r1_loss
600745,main,1996-08-28,2026-09-22,False,r1_loss+r2_st
600746,main,1996-09-18,2026-09-22,True,
600748,main,1996-09-25,2026-09-22,False,r1_loss
600749,main,1996-10-15,2026-09-22,True,
600750,main,1996-09-23,2026-09-22,True,
600751,main,1996-09-09,2026-09-22,True,
600753,main,1996-09-27,2026-09-22,False,r2_st
600754,main,1996-10-11,2026-09-22,True,
600755,main,1996-10-03,2026-09-22,True,
600756,main,1996-09-23,2026-09-22,False,r1_loss
600757,main,1996-10-03,2026-09-22,True,
600758,main,1996-10-29,2026-09-22,False,r1_loss
600759,main,1996-10-08,2026-09-22,False,r2_st
600760,main,1996-10-11,2026-09-22,True,
600761,main,1996-10-09,2026-09-22,True,
600763,main,1996-10-30,2026-09-22,True,
600764,main,1996-11-04,2026-09-22,True,
600765,main,1996-11-06,2026-09-22,True,
600768,main,1996-11-11,2026-09-22,True,
600769,main,1996-11-01,2026-09-22,True,
600770,main,1996-11-20,2026-09-22,True,
600771,main,1996-11-05,2026-09-22,True,
600773,main,1996-11-08,2026-09-22,False,r1_loss
600774,main,1996-11-08,2026-09-22,False,r1_loss
600775,main,1996-11-18,2026-09-22,True,
600776,main,1996-11-26,2026-09-22,True,
600777,main,1996-11-21,2026-09-22,True,
600778,main,1996-12-03,2026-09-22,True,
600779,main,1996-12-06,2026-09-22,True,
600780,main,1996-12-05,2026-09-22,True,
600782,main,1996-12-25,2026-09-22,False,r1_loss
600783,main,1996-12-25,2026-09-22,True,
600784,main,1996-12-25,2026-09-22,True,
600785,main,1997-01-08,2026-09-22,True,
600787,main,1997-01-21,2026-09-22,True,
600789,main,1997-02-26,2026-09-22,True,
600790,main,1997-02-28,2026-09-22,False,r1_loss
600791,main,1997-01-30,2026-09-22,False,r1_loss
600792,main,1997-01-23,2026-09-22,False,r1_loss
600793,main,1997-02-20,2026-09-22,False,r1_loss
600794,main,1997-03-06,2026-09-22,False,r1_loss
600795,main,1997-03-18,2026-09-22,True,
600796,main,1997-04-08,2026-09-22,True,
600797,main,1997-04-18,2026-09-22,False,r1_loss
600798,main,1997-04-23,2026-09-22,True,
600800,main,1993-12-06,2026-09-22,False,r1_loss
600801,main,1994-01-03,2026-09-22,True,
600802,main,1994-01-03,2026-09-22,False,r1_loss
600803,main,1994-01-03,2026-09-22,True,
600805,main,1994-01-03,2026-09-22,True,
600807,main,1994-01-03,2026-09-22,False,r1_loss
600808,main,1994-01-06,2026-09-22,False,r1_loss
600809,main,1994-01-06,2026-09-22,True,
600810,main,1994-01-06,2026-09-22,False,r1_loss
600812,main,1994-01-14,2026-09-22,True,
600814,main,1994-01-14,2026-09-22,True,
600815,main,1994-01-28,2026-09-22,False,r1_loss
600816,main,1994-01-28,2026-09-22,True,
600817,main,1994-01-28,2026-09-22,True,
600818,main,1994-01-28,2026-09-22,False,r1_loss+r2_st
600819,main,1994-01-28,2026-09-22,True,
600820,main,1994-01-28,2026-09-22,True,
600821,main,1994-01-28,2026-09-22,False,r1_loss
600822,main,1994-02-04,2026-09-22,True,
600824,main,1994-02-04,2026-09-22,False,r1_loss
600825,main,1994-02-04,2026-09-22,True,
600826,main,1994-02-04,2026-09-22,True,
600827,main,1994-02-04,2026-09-22,True,
600828,main,1994-02-24,2026-09-22,False,r1_loss
600829,main,1994-02-24,2026-09-22,True,
600830,main,1994-02-24,2026-09-22,True,
600831,main,1994-02-24,2026-09-22,False,r1_loss
600833,main,1994-02-24,2026-09-22,True,
600834,main,1994-02-24,2026-09-22,True,
600835,main,1994-02-24,2026-09-22,True,
600838,main,1994-02-24,2026-09-22,True,
600839,main,1994-03-11,2026-09-22,True,
600841,main,1994-03-11,2026-09-22,True,
600843,main,1994-03-11,2026-09-22,False,r1_loss
600844,main,1994-03-11,2026-09-22,False,r1_loss
600845,main,1994-03-11,2026-09-22,True,
600846,main,1994-03-11,2026-09-22,True,
600847,main,1994-03-24,2026-09-22,False,r1_loss
600848,main,1994-03-24,2026-09-22,True,
600850,main,1994-03-24,2026-09-22,True,
600851,main,1994-04-04,2026-09-22,True,
600853,main,1994-04-04,2026-09-22,True,
600854,main,1994-04-25,2026-09-22,True,
600855,main,1994-04-25,2026-09-22,False,r1_loss
600857,main,1994-04-25,2026-09-22,True,
600858,main,1994-05-06,2026-09-22,True,
600859,main,1994-05-06,2026-09-22,False,r1_loss
600860,main,1994-05-06,2026-09-22,False,r1_loss
600861,main,1994-05-20,2026-09-22,True,
600862,main,1994-05-20,2026-09-22,True,
600863,main,1994-05-20,2026-09-22,True,
600864,main,1994-08-09,2026-09-22,True,
600865,main,1994-08-09,2026-09-22,False,r1_loss
600866,main,1994-08-18,2026-09-22,True,
600867,main,1994-08-24,2026-09-22,True,
600868,main,1994-09-12,2026-09-22,False,r1_loss
600869,main,1995-02-06,2026-09-22,True,
600871,main,1995-04-11,2026-09-22,True,
600872,main,1995-01-24,2026-09-22,True,
600873,main,1995-02-17,2026-09-22,True,
600874,main,1995-06-30,2026-09-22,True,
600875,main,1995-10-10,2026-09-22,True,
600876,main,1995-10-31,2026-09-22,False,r1_loss
600877,main,1995-10-13,2026-09-22,True,
600879,main,1995-11-15,2026-09-22,True,
600880,main,1995-11-15,2026-09-22,False,r1_loss
600881,main,1995-11-15,2026-09-22,False,r1_loss
600882,main,1995-12-06,2026-09-22,True,
600883,main,1995-12-08,2026-09-22,True,
600884,main,1996-01-30,2026-09-22,True,
600885,main,1996-02-05,2026-09-22,True,
600886,main,1996-01-18,2026-09-22,True,
600887,main,1996-03-12,2026-09-22,True,
600888,main,1996-02-15,2026-09-22,True,
600889,main,1996-03-08,2026-09-22,False,r1_loss+r2_st
600892,main,1996-03-15,2026-09-22,False,r1_loss
600893,main,1996-04-08,2026-09-22,True,
600894,main,1996-03-28,2026-09-22,True,
600895,main,1996-04-22,2026-09-22,True,
600897,main,1996-05-31,2026-09-22,True,
600900,main,2003-11-18,2026-09-22,True,
600901,main,2018-03-01,2026-09-22,True,
600903,main,2017-11-07,2026-09-22,True,
600905,main,2021-06-10,2026-09-22,True,
600906,main,2021-05-07,2026-09-22,True,
600908,main,2016-09-23,2026-09-22,True,
600909,main,2016-12-06,2026-09-22,True,
600916,main,2021-02-05,2026-09-22,True,
600917,main,2014-09-30,2026-09-22,True,
600918,main,2020-06-03,2026-09-22,True,
600919,main,2016-08-02,2026-09-22,True,
600925,main,2023-03-29,2026-09-22,True,
600926,main,2016-10-27,2026-09-22,True,
600927,main,2021-12-23,2026-09-22,True,
600928,main,2019-03-01,2026-09-22,True,
600929,main,2018-03-26,2026-09-22,True,
600930,main,2025-07-16,2026-09-22,True,
600933,main,2017-11-17,2026-09-22,True,
600935,main,2021-11-26,2026-09-22,False,r1_loss
600936,main,2016-08-15,2026-09-22,False,r1_loss
600938,main,2022-04-21,2026-09-22,True,
600939,main,2017-02-21,2026-09-22,False,r1_loss
600941,main,2022-01-05,2026-09-22,True,
600955,main,2021-09-15,2026-09-22,False,r1_loss
600956,main,2020-06-29,2026-09-22,True,
600958,main,2015-03-23,2026-09-22,True,
600959,main,2015-04-28,2026-09-22,True,
600960,main,2004-04-07,2026-09-22,False,r1_loss
600961,main,2004-08-30,2026-09-22,True,
600962,main,2004-06-22,2026-09-22,True,
600963,main,2004-05-25,2026-09-22,False,r1_loss
600965,main,2004-07-13,2026-09-22,False,r2_st
600966,main,2004-06-08,2026-09-22,True,
600967,main,2004-05-18,2026-09-22,True,
600968,main,2019-06-26,2026-09-22,True,
600969,main,2004-04-08,2026-09-22,True,
600970,main,2005-04-12,2026-09-22,True,
600971,main,2004-08-17,2026-09-22,False,r1_loss
600973,main,2004-08-02,2026-09-22,False,r1_loss
600975,main,2004-06-09,2026-09-22,False,r1_loss
600976,main,2004-04-19,2026-09-22,True,
600977,main,2016-08-09,2026-09-22,True,
600979,main,2004-09-06,2026-09-22,False,r1_loss
600980,main,2004-05-12,2026-09-22,True,
600981,main,2004-06-30,2026-09-22,False,r1_loss
600982,main,2004-07-06,2026-09-22,True,
600983,main,2004-07-27,2026-09-22,True,
600984,main,2004-07-07,2026-09-22,False,r1_loss
600985,main,2004-04-28,2026-09-22,True,
600986,main,2004-04-26,2026-09-22,False,r1_loss
600987,main,2004-08-09,2026-09-22,True,
600988,main,2004-04-14,2026-09-22,True,
600989,main,2019-05-16,2026-09-22,True,
600990,main,2004-05-10,2026-09-22,False,r1_loss
600992,main,2004-05-14,2026-09-22,False,r1_loss
600993,main,2004-05-17,2026-09-22,True,
600995,main,2004-06-15,2026-09-22,True,
600996,main,2016-12-26,2026-09-22,False,r1_loss
600997,main,2004-06-02,2026-09-22,False,r1_loss
600998,main,2010-11-02,2026-09-22,True,
600999,main,2009-11-17,2026-09-22,True,
601000,main,2010-07-05,2026-09-22,True,
601001,main,2006-06-23,2026-09-22,True,
601002,main,2007-01-26,2026-09-22,True,
601003,main,2007-02-27,2026-09-22,True,
601005,main,2007-02-28,2026-09-22,False,r1_loss
601006,main,2006-08-01,2026-09-22,True,
601007,main,2007-04-06,2026-09-22,True,
601008,main,2007-04-26,2026-09-22,True,
601009,main,2007-07-19,2026-09-22,True,
601010,main,2011-06-03,2026-09-22,False,r1_loss+r2_st
601011,main,2011-03-09,2026-09-22,False,r1_loss
601012,main,2012-04-11,2026-09-22,False,r1_loss
601015,main,2014-11-05,2026-09-22,False,r1_loss
601016,main,2014-09-29,2026-09-22,True,
601018,main,2010-09-28,2026-09-22,True,
601019,main,2017-11-22,2026-09-22,True,
601020,main,2016-03-16,2026-09-22,True,
601021,main,2015-01-21,2026-09-22,True,
601022,main,2022-12-08,2026-09-22,True,
601026,main,2025-10-17,2026-09-22,True,
601033,main,2024-01-18,2026-09-22,True,
601038,main,2012-08-08,2026-09-22,True,
601058,main,2011-06-30,2026-09-22,True,
601059,main,2023-02-01,2026-09-14,True,
601061,main,2023-04-10,2026-09-22,True,
601065,main,2023-04-10,2026-09-22,True,
601066,main,2018-06-20,2026-09-22,True,
601068,main,2018-08-31,2026-09-22,True,
601069,main,2015-01-22,2026-09-22,True,
601077,main,2019-10-29,2026-09-22,True,
601083,main,2023-12-05,2026-09-22,True,
601086,main,2017-09-29,2026-09-22,True,
601088,main,2007-10-09,2026-09-22,True,
601089,main,2022-06-30,2026-09-22,True,
601091,main,2026-09-17,2026-09-22,True,
601096,main,2023-12-22,2026-09-22,True,
601098,main,2010-10-28,2026-09-22,True,
601099,main,2007-12-28,2026-09-22,True,
601100,main,2011-10-28,2026-09-22,True,
601101,main,2010-03-31,2026-09-22,True,
601106,main,2010-02-09,2026-09-22,False,r1_loss
601107,main,2009-07-27,2026-09-22,True,
601108,main,2017-10-24,2026-09-22,True,
601111,main,2006-08-18,2026-09-22,False,r1_loss
601112,main,2026-01-29,2026-09-22,True,
601113,main,2011-05-09,2026-09-22,True,
601116,main,2011-03-02,2026-09-22,True,
601117,main,2010-01-07,2026-09-22,True,
601118,main,2011-01-07,2026-09-22,False,r1_loss
601121,main,2023-03-10,2026-09-22,True,
601123,main,2026-09-01,2026-09-22,True,
601126,main,2010-12-31,2026-09-22,True,
601127,main,2016-06-15,2026-09-22,True,
601128,main,2016-09-30,2026-09-22,True,
601133,main,2023-04-10,2026-09-22,True,
601136,main,2022-12-22,2026-09-22,True,
601137,main,2011-01-27,2026-09-22,False,r1_loss
601138,main,2018-06-08,2026-09-22,True,
601139,main,2009-12-25,2026-09-22,True,
601155,main,2015-12-04,2026-09-22,True,
601156,main,2021-06-09,2026-09-22,True,
601158,main,2010-03-29,2026-09-22,True,
601162,main,2018-10-19,2026-09-22,True,
601163,main,2016-09-09,2026-09-22,True,
601166,main,2007-02-05,2026-09-22,True,
601168,main,2007-07-12,2026-09-22,True,
601169,main,2007-09-19,2026-09-22,True,
601177,main,2010-10-11,2026-09-22,True,
601179,main,2010-01-28,2026-09-22,True,
601186,main,2008-03-10,2026-09-22,True,
601187,main,2020-10-27,2026-09-22,True,
601188,main,2010-03-19,2026-09-22,True,
601198,main,2015-02-26,2026-09-14,True,
601199,main,2011-03-17,2026-09-22,True,
601200,main,2017-03-31,2026-09-22,True,
601208,main,2011-05-20,2026-09-22,True,
601211,main,2015-06-26,2026-09-22,True,
601212,main,2017-02-15,2026-09-22,False,r1_loss
601216,main,2011-02-22,2026-09-22,True,
601218,main,2011-05-06,2026-09-22,True,
601222,main,2011-08-08,2026-09-22,True,
601225,main,2014-01-28,2026-09-22,True,
601226,main,2014-12-11,2026-09-22,True,
601228,main,2017-03-29,2026-09-22,True,
601229,main,2016-11-16,2026-09-22,True,
601231,main,2012-02-21,2026-09-22,True,
601233,main,2011-05-18,2026-09-22,True,
601236,main,2019-07-05,2026-09-22,True,
601238,main,2012-03-29,2026-09-11,False,r1_loss
601279,main,2021-04-15,2026-09-22,False,r1_loss
601288,main,2010-07-15,2026-09-22,True,
601298,main,2019-01-21,2026-09-22,True,
601311,main,2011-06-02,2026-09-22,True,
601318,main,2007-03-01,2026-09-22,True,
601319,main,2018-11-16,2026-09-22,True,
601326,main,2017-08-16,2026-09-22,True,
601328,main,2007-05-15,2026-09-22,True,
601330,main,2018-06-11,2026-09-22,True,
601333,main,2006-12-22,2026-09-22,True,
601336,main,2011-12-16,2026-09-22,True,
601339,main,2012-06-12,2026-09-22,True,
601360,main,2012-01-16,2026-09-22,True,
601366,main,2017-04-12,2026-09-22,False,r1_loss
601368,main,2015-06-12,2026-09-22,True,
601369,main,2010-04-28,2026-09-22,True,
601375,main,2017-01-03,2026-09-22,True,
601377,main,2010-10-13,2026-09-22,True,
601388,main,2012-04-23,2026-09-22,True,
601390,main,2007-12-03,2026-09-22,True,
601398,main,2006-10-27,2026-09-22,True,
601399,main,2020-06-08,2026-09-22,True,
601456,main,2020-07-31,2026-09-22,True,
601500,main,2016-09-19,2026-09-22,True,
601512,main,2019-12-20,2026-09-22,True,
601515,main,2012-02-16,2026-09-22,False,r1_loss
601518,main,2010-03-19,2026-09-22,True,
601519,main,2011-01-28,2026-09-22,False,r1_loss
601528,main,2021-06-25,2026-09-22,True,
601555,main,2011-12-12,2026-09-22,True,
601566,main,2011-05-30,2026-09-22,True,
601567,main,2011-06-16,2026-09-22,True,
601568,main,2020-10-20,2026-09-22,True,
601577,main,2018-09-26,2026-09-22,True,
601579,main,2014-08-25,2026-09-22,True,
601588,main,2006-10-16,2026-09-22,False,r1_loss
601595,main,2016-08-17,2026-09-22,True,
601598,main,2019-01-18,2026-09-22,True,
601599,main,2011-05-27,2026-09-22,True,
601600,main,2007-04-30,2026-09-22,True,
601601,main,2007-12-25,2026-09-22,True,
601606,main,2018-08-06,2026-09-22,False,r1_loss
601607,main,2010-03-09,2026-09-22,True,
601608,main,2012-07-06,2026-09-22,True,
601609,main,2020-04-22,2026-09-22,True,
601611,main,2016-06-06,2026-09-22,True,
601615,main,2019-01-23,2026-09-22,True,
601616,main,2011-02-09,2026-09-22,False,r1_loss
601618,main,2009-09-21,2026-09-22,True,
601619,main,2017-07-20,2026-09-22,True,
601628,main,2007-01-09,2026-09-22,True,
601633,main,2011-09-28,2026-09-22,True,
601636,main,2011-08-12,2026-09-22,False,r1_loss
601658,main,2019-12-10,2026-09-22,True,
601665,main,2021-06-18,2026-09-22,True,
601666,main,2006-11-23,2026-09-22,True,
601668,main,2009-07-29,2026-09-22,True,
601669,main,2011-10-18,2026-09-22,True,
601677,main,2011-09-19,2026-09-22,True,
601678,main,2010-02-23,2026-09-22,True,
601686,main,2020-12-04,2026-09-22,True,
601688,main,2010-02-26,2026-09-22,True,
601689,main,2015-03-19,2026-09-22,True,
601696,main,2020-02-26,2026-09-22,True,
601698,main,2019-06-28,2026-09-22,True,
601699,main,2006-09-22,2026-09-22,True,
601700,main,2011-01-18,2026-09-22,False,r1_loss
601702,main,2020-09-07,2026-09-22,True,
601717,main,2010-08-03,2026-09-22,True,
601718,main,2010-08-16,2026-09-22,False,r1_loss+r2_st
601727,main,2008-12-05,2026-09-22,True,
601728,main,2021-08-20,2026-09-22,True,
601766,main,2008-08-18,2026-09-22,True,
601777,main,2010-11-25,2026-09-22,True,
601778,main,2020-05-19,2026-09-22,True,
601788,main,2009-08-18,2026-09-22,True,
601789,main,2011-08-16,2026-09-22,True,
601798,main,2011-06-22,2026-09-22,True,
601799,main,2011-02-09,2026-09-22,True,
601800,main,2012-03-09,2026-09-22,True,
601801,main,2010-01-18,2026-09-22,True,
601808,main,2007-09-28,2026-09-22,True,
601811,main,2016-08-08,2026-09-22,True,
601816,main,2020-01-16,2026-09-22,True,
601818,main,2010-08-18,2026-09-22,True,
601825,main,2021-08-19,2026-09-22,True,
601827,main,2020-06-05,2026-09-22,True,
601828,main,2018-01-17,2026-09-22,False,r1_loss
601838,main,2018-01-31,2026-09-22,True,
601857,main,2007-11-05,2026-09-22,True,
601858,main,2017-01-18,2026-09-22,True,
601860,main,2019-01-03,2026-09-22,True,
601865,main,2019-02-15,2026-09-22,True,
601866,main,2007-12-12,2026-09-22,True,
601868,main,2021-09-28,2026-09-22,True,
601869,main,2018-07-20,2026-09-22,True,
601872,main,2006-12-01,2026-09-22,True,
601877,main,2010-01-21,2026-09-22,True,
601878,main,2017-06-26,2026-09-22,True,
601880,main,2010-12-06,2026-09-22,True,
601881,main,2017-01-23,2026-09-22,True,
601882,main,2016-11-07,2026-09-22,True,
601886,main,2011-08-18,2026-09-22,True,
601888,main,2009-10-15,2026-09-22,True,
601890,main,2010-12-28,2026-09-22,True,
601898,main,2008-02-01,2026-09-22,True,
601899,main,2008-04-25,2026-09-22,True,
601900,main,2016-02-15,2026-09-22,True,
601901,main,2011-08-10,2026-09-22,True,
601908,main,2011-09-08,2026-09-22,False,r1_loss
601916,main,2019-11-26,2026-09-22,True,
601918,main,2007-12-19,2026-09-22,True,
601919,main,2007-06-26,2026-09-22,True,
601921,main,2021-07-23,2026-09-22,True,
601928,main,2011-11-30,2026-09-22,True,
601929,main,2012-02-23,2026-09-22,False,r1_loss
601933,main,2010-12-15,2026-09-22,False,r1_loss
601939,main,2007-09-25,2026-09-22,True,
601949,main,2017-08-21,2026-09-22,True,
601952,main,2017-05-15,2026-09-22,True,
601956,main,2020-12-25,2026-09-22,False,r1_loss
601958,main,2008-04-17,2026-09-22,True,
601963,main,2021-02-05,2026-09-22,True,
601965,main,2012-06-11,2026-09-22,True,
601966,main,2016-07-06,2026-09-22,True,
601968,main,2015-06-11,2026-09-22,True,
601969,main,2014-12-09,2026-09-22,True,
601975,main,2019-01-08,2026-09-22,True,
601985,main,2015-06-10,2026-09-22,True,
601988,main,2006-07-05,2026-09-22,True,
601990,main,2018-06-13,2026-09-22,True,
601991,main,2006-12-20,2026-09-22,True,
601992,main,2011-03-01,2026-09-22,False,r1_loss
601995,main,2020-11-02,2026-09-14,True,
601996,main,2011-09-29,2026-09-22,False,r1_loss
601997,main,2016-08-16,2026-09-22,True,
601998,main,2007-04-27,2026-09-22,True,
601999,main,2007-12-21,2026-09-22,True,
603000,main,2012-04-27,2026-09-22,True,
603001,main,2012-04-26,2026-09-22,False,r1_loss
603002,main,2012-05-18,2026-09-22,True,
603004,main,2023-12-27,2026-09-22,True,
603005,main,2014-02-10,2026-09-22,True,
603006,main,2014-06-30,2026-09-22,True,
603007,main,2016-08-26,2026-09-22,False,r1_loss
603008,main,2012-07-18,2026-09-22,False,r1_loss+r2_st
603009,main,2014-07-18,2026-09-22,True,
603010,main,2014-10-10,2026-09-22,False,r1_loss
603011,main,2014-11-07,2026-09-22,False,r1_loss
603012,main,2015-03-20,2026-09-22,True,
603013,main,2018-05-09,2026-09-22,True,
603014,main,2025-05-19,2026-09-22,True,
603015,main,2015-03-03,2026-09-22,True,
603016,main,2016-07-01,2026-09-22,True,
603017,main,2014-12-31,2026-09-22,True,
603018,main,2014-10-13,2026-09-22,True,
603019,main,2014-11-06,2026-09-22,True,
603020,main,2015-03-25,2026-09-22,True,
603021,main,2015-04-23,2026-09-22,False,r1_loss+r2_st
603022,main,2015-05-18,2026-09-22,True,
603023,main,2015-05-27,2026-09-22,False,r1_loss
603025,main,2015-04-22,2026-09-22,True,
603026,main,2015-05-29,2026-09-22,True,
603027,main,2016-03-07,2026-09-22,True,
603028,main,2016-03-31,2026-09-22,False,r1_loss
603029,main,2016-04-27,2026-09-22,True,
603030,main,2015-03-20,2026-09-22,False,r1_loss
603031,main,2016-08-22,2026-09-22,True,
603032,main,2017-01-05,2026-09-22,True,
603033,main,2016-12-07,2026-09-22,False,r1_loss
603035,main,2017-01-05,2026-09-22,True,
603036,main,2016-12-09,2026-09-22,True,
603037,main,2017-01-20,2026-09-22,True,
603038,main,2017-01-16,2026-09-22,True,
603039,main,2017-01-13,2026-09-22,True,
603040,main,2017-02-09,2026-09-22,True,
603041,main,2017-03-30,2026-09-22,True,
603042,main,2017-06-02,2026-09-22,False,r1_loss
603043,main,2017-06-27,2026-09-22,True,
603045,main,2018-05-17,2026-09-22,True,
603048,main,2021-11-16,2026-09-22,True,
603049,main,2025-06-05,2026-09-22,True,
603050,main,2017-04-14,2026-09-22,True,
603051,main,2022-03-25,2026-09-22,False,r1_loss
603052,main,2022-10-11,2026-09-22,False,r1_loss
603053,main,2019-12-17,2026-09-22,True,
603055,main,2017-09-21,2026-09-22,True,
603057,main,2022-09-26,2026-09-22,True,
603058,main,2016-12-23,2026-09-22,True,
603059,main,2018-03-02,2026-09-22,True,
603060,main,2016-11-09,2026-09-22,True,
603061,main,2023-03-03,2026-09-22,True,
603062,main,2023-11-07,2026-09-22,True,
603063,main,2017-07-28,2026-09-22,True,
603065,main,2023-03-21,2026-09-22,False,r1_loss
603066,main,2015-06-11,2026-09-22,True,
603067,main,2016-09-13,2026-09-22,True,
603068,main,2019-04-15,2026-09-22,True,
603069,main,2016-07-12,2026-09-22,False,r1_loss
603070,main,2022-03-10,2026-09-22,True,
603071,main,2021-12-16,2026-09-22,True,
603072,main,2025-01-03,2026-09-22,True,
603073,main,2023-03-16,2026-09-22,True,
603075,main,2023-09-11,2026-09-22,True,
603076,main,2017-11-13,2026-09-22,True,
603077,main,2012-07-31,2026-09-22,False,r1_loss
603078,main,2017-04-10,2026-09-22,True,
603079,main,2017-08-23,2026-09-22,True,
603080,main,2018-01-03,2026-09-22,True,
603081,main,2017-04-20,2026-09-22,True,
603082,main,2024-01-30,2026-09-22,True,
603083,main,2017-11-10,2026-09-22,True,
603085,main,2015-06-30,2026-09-22,True,
603086,main,2017-05-11,2026-09-22,True,
603087,main,2020-06-29,2026-09-22,True,
603088,main,2014-11-11,2026-09-22,True,
603089,main,2017-01-26,2026-09-22,False,r1_loss
603090,main,2016-08-31,2026-09-22,True,
603091,main,2024-09-20,2026-09-22,True,
603092,main,2025-11-07,2026-09-22,True,
603093,main,2019-08-30,2026-09-22,True,
603095,main,2020-04-15,2026-09-22,True,
603096,main,2017-04-25,2026-09-22,True,
603097,main,2022-05-12,2026-09-22,True,
603098,main,2016-12-16,2026-09-22,True,
603099,main,2014-08-22,2026-09-22,True,
603100,main,2014-08-05,2026-09-22,True,
603101,main,2016-05-06,2026-09-22,True,
603102,main,2022-01-25,2026-09-22,True,
603103,main,2017-10-12,2026-09-22,False,r1_loss
603105,main,2018-07-09,2026-09-22,True,
603106,main,2017-09-20,2026-09-22,True,
603107,main,2023-11-01,2026-09-22,True,
603108,main,2015-05-27,2026-09-22,False,r1_loss
603109,main,2019-12-31,2026-09-22,True,
603110,main,2017-10-13,2026-09-22,False,r1_loss
603111,main,2014-08-01,2026-09-22,True,
603112,main,2020-09-17,2026-09-22,True,
603113,main,2017-05-11,2026-09-22,False,r1_loss
603115,main,2019-08-09,2026-09-22,True,
603116,main,2015-06-29,2026-09-22,False,r1_loss
603117,main,2015-06-29,2026-09-22,True,
603118,main,2015-02-25,2026-09-22,True,
603119,main,2023-08-01,2026-09-22,True,
603120,main,2025-04-16,2026-09-22,True,
603121,main,2019-01-11,2026-09-22,False,r1_loss
603122,main,2022-02-16,2026-09-22,False,r1_loss
603123,main,2012-05-03,2026-09-22,False,r1_loss
603124,main,2025-03-20,2026-09-22,True,
603125,main,2023-04-10,2026-09-22,True,
603126,main,2014-07-31,2026-09-22,True,
603127,main,2017-08-25,2026-09-22,True,
603128,main,2012-05-29,2026-09-22,True,
603129,main,2017-08-18,2026-09-22,True,
603130,main,2022-11-18,2026-09-22,True,
603131,main,2016-06-07,2026-09-22,False,r1_loss
603132,main,2022-02-22,2026-09-22,True,
603135,main,2023-04-10,2026-09-22,False,r1_loss
603136,main,2017-09-27,2026-09-22,True,
603137,main,2023-04-19,2026-09-22,False,r1_loss
603138,main,2017-03-06,2026-09-22,False,r1_loss
603139,main,2017-04-21,2026-09-22,False,r1_loss
603150,main,2022-01-24,2026-09-22,True,
603151,main,2022-10-19,2026-09-22,True,
603153,main,2023-03-13,2026-09-22,True,
603155,main,2020-09-01,2026-09-22,True,
603156,main,2018-02-12,2026-09-22,True,
603158,main,2015-03-20,2026-09-22,True,
603159,main,2016-08-12,2026-09-22,False,r1_loss
603160,main,2016-10-17,2026-09-22,True,
603161,main,2018-01-05,2026-09-22,True,
603162,main,2023-03-29,2026-09-22,True,
603163,main,2022-10-13,2026-09-22,True,
603165,main,2017-01-17,2026-09-22,True,
603166,main,2014-11-27,2026-09-22,True,
603167,main,2012-09-06,2026-09-22,True,
603168,main,2014-07-02,2026-09-22,False,r1_loss
603169,main,2014-10-09,2026-09-22,False,r1_loss
603170,main,2022-07-15,2026-09-22,True,
603171,main,2021-06-30,2026-09-22,True,
603172,main,2023-05-10,2026-09-22,True,
603173,main,2023-01-30,2026-09-22,True,
603175,main,2025-10-24,2026-09-22,False,r1_loss
603176,main,2021-12-31,2026-09-22,False,r1_loss
603177,main,2017-02-07,2026-09-22,False,r1_loss
603178,main,2017-03-28,2026-09-22,False,r1_loss
603179,main,2017-03-17,2026-09-22,True,
603180,main,2017-05-12,2026-09-22,False,r1_loss
603181,main,2017-08-24,2026-09-22,True,
603182,main,2022-09-09,2026-09-22,True,
603183,main,2017-09-05,2026-09-22,False,r1_loss
603185,main,2018-12-28,2026-09-22,False,r1_loss
603186,main,2017-01-03,2026-09-22,True,
603187,main,2018-11-29,2026-09-22,True,
603188,main,2014-09-09,2026-09-22,False,r1_loss
603189,main,2016-09-14,2026-09-22,False,r1_loss+r2_st
603190,main,2023-02-17,2026-09-22,True,
603191,main,2022-04-28,2026-09-22,True,
603192,main,2018-08-28,2026-09-22,True,
603193,main,2023-10-17,2026-09-22,True,
603194,main,2024-12-24,2026-09-22,True,
603195,main,2020-02-06,2026-09-22,True,
603196,main,2017-05-31,2026-09-22,True,
603197,main,2017-05-19,2026-09-22,True,
603198,main,2015-05-28,2026-09-22,True,
603199,main,2015-03-26,2026-09-22,True,
603200,main,2017-06-01,2026-09-22,False,r1_loss
603201,main,2022-07-29,2026-09-22,True,
603202,main,2025-04-24,2026-09-22,True,
603203,main,2016-11-08,2026-09-22,True,
603205,main,2024-11-07,2026-09-22,True,
603206,main,2022-05-06,2026-09-22,True,
603207,main,2024-08-26,2026-09-22,True,
603208,main,2017-02-10,2026-09-22,False,r1_loss
603209,main,2022-03-24,2026-09-22,True,
603210,main,2025-04-09,2026-09-22,True,
603211,main,2022-07-25,2026-09-22,True,
603212,main,2020-04-30,2026-09-22,False,r1_loss
603213,main,2021-11-11,2026-09-22,True,
603214,main,2018-03-30,2026-09-22,True,
603215,main,2022-02-18,2026-09-22,False,r1_loss
603216,main,2021-12-15,2026-09-22,True,
603217,main,2019-06-20,2026-09-22,True,
603218,main,2016-12-28,2026-09-22,True,
603219,main,2021-11-22,2026-09-22,True,
603220,main,2018-11-15,2026-09-22,True,
603221,main,2020-03-23,2026-09-22,False,r1_loss
603222,main,2015-02-17,2026-09-22,False,r1_loss
603223,main,2015-06-30,2026-09-22,True,
603225,main,2017-04-18,2026-09-22,True,
603226,main,2017-06-15,2026-09-22,False,r1_loss
603227,main,2015-05-15,2026-09-22,True,
603228,main,2017-01-06,2026-09-22,True,
603229,main,2017-05-09,2026-09-22,True,
603230,main,2021-12-24,2026-09-22,True,
603231,main,2023-12-15,2026-09-22,True,
603232,main,2017-04-21,2026-09-22,False,r1_loss
603233,main,2017-07-31,2026-09-22,True,
603235,main,2022-07-12,2026-09-22,True,
603236,main,2019-07-16,2026-09-22,True,
603237,main,2022-08-31,2026-09-22,True,
603238,main,2017-02-22,2026-09-22,True,
603239,main,2016-12-30,2026-09-22,True,
603248,main,2025-12-23,2026-09-22,True,
603255,main,2022-08-18,2026-09-22,True,
603256,main,2019-07-19,2026-09-22,True,
603257,main,2025-04-08,2026-09-22,True,
603258,main,2016-10-26,2026-09-22,False,r1_loss
603259,main,2018-05-08,2026-09-22,True,
603260,main,2017-10-30,2026-09-22,False,r1_loss
603261,main,2022-03-15,2026-09-22,False,r1_loss
603262,main,2025-07-23,2026-09-22,True,
603266,main,2017-01-10,2026-09-22,True,
603267,main,2019-05-15,2026-09-22,True,
603268,main,2015-03-19,2026-09-22,True,
603269,main,2017-05-17,2026-09-22,True,
603270,main,2023-09-01,2026-09-22,True,
603271,main,2025-03-11,2026-09-22,True,
603272,main,2022-05-20,2026-09-22,False,r1_loss+r2_st
603273,main,2023-10-23,2026-09-22,True,
603275,main,2023-08-23,2026-09-22,True,
603276,main,2023-09-25,2026-09-22,True,
603277,main,2017-09-11,2026-09-22,True,
603278,main,2017-11-13,2026-09-22,False,r1_loss
603279,main,2019-07-29,2026-09-22,True,
603280,main,2022-11-08,2026-09-22,True,
603281,main,2023-01-31,2026-09-22,True,
603282,main,2023-03-15,2026-09-22,True,
603283,main,2017-12-25,2026-09-22,True,
603284,main,2026-02-10,2026-09-22,True,
603285,main,2024-07-05,2026-09-22,True,
603286,main,2017-06-27,2026-09-22,False,r1_loss
603288,main,2014-02-11,2026-09-22,True,
603289,main,2017-10-31,2026-09-22,True,
603290,main,2020-02-04,2026-09-22,True,
603291,main,2023-03-27,2026-09-22,True,
603293,main,2026-04-16,2026-09-22,True,
603296,main,2023-08-08,2026-09-22,True,
603297,main,2018-09-10,2026-09-22,True,
603298,main,2016-12-27,2026-09-22,True,
603299,main,2015-12-31,2026-09-22,True,
603300,main,2015-05-29,2026-09-22,True,
603301,main,2018-04-12,2026-09-22,True,
603303,main,2017-03-30,2026-09-22,True,
603305,main,2017-07-10,2026-09-22,True,
603306,main,2014-09-26,2026-09-22,True,
603307,main,2023-02-16,2026-09-22,True,
603308,main,2014-01-22,2026-09-22,True,
603309,main,2015-03-02,2026-09-22,True,
603310,main,2024-08-14,2026-09-22,True,
603311,main,2015-05-18,2026-09-22,True,
603312,main,2024-01-11,2026-09-22,True,
603313,main,2016-10-13,2026-09-22,False,r1_loss
603315,main,2015-04-24,2026-09-22,True,
603316,main,2017-06-19,2026-09-22,False,r1_loss
603317,main,2019-04-16,2026-09-22,True,
603318,main,2015-04-24,2026-09-22,False,r1_loss
603319,main,2016-11-30,2026-09-22,True,
603320,main,2017-05-02,2026-09-22,True,
603321,main,2017-09-15,2026-09-22,True,
603322,main,2016-07-28,2026-09-22,False,r1_loss
603323,main,2016-11-29,2026-09-22,True,
603324,main,2021-04-07,2026-09-22,False,r1_loss
603325,main,2024-01-10,2026-09-22,True,
603326,main,2017-06-16,2026-09-22,True,
603327,main,2019-05-23,2026-09-22,True,
603328,main,2014-07-01,2026-09-22,True,
603329,main,2017-12-29,2026-09-22,True,
603330,main,2017-02-13,2026-09-22,False,r1_loss
603331,main,2017-07-05,2026-09-22,False,r1_loss
603332,main,2019-01-17,2026-09-22,True,
603333,main,2012-05-07,2026-09-22,False,r1_loss
603334,main,2025-11-05,2026-09-22,True,
603335,main,2017-06-20,2026-09-22,True,
603336,main,2016-11-24,2026-09-22,True,
603337,main,2017-01-19,2026-09-22,True,
603338,main,2015-03-25,2026-09-22,True,
603339,main,2016-05-19,2026-09-22,True,
603341,main,2024-03-01,2026-09-22,True,
603344,main,2024-03-20,2026-09-22,True,
603345,main,2017-02-22,2026-09-22,True,
603348,main,2018-04-26,2026-09-22,False,r1_loss
603350,main,2024-07-03,2026-09-22,True,
603351,main,2019-01-30,2026-09-22,True,
603352,main,2026-01-15,2026-09-22,True,
603353,main,2020-04-07,2026-09-22,False,r1_loss
603355,main,2015-05-13,2026-09-22,True,
603356,main,2018-01-24,2026-09-22,False,r1_loss
603357,main,2017-08-01,2026-09-22,True,
603358,main,2017-01-25,2026-09-22,False,r1_loss
603359,main,2017-09-01,2026-09-22,False,r1_loss+r2_st
603360,main,2017-02-06,2026-09-22,True,
603363,main,2017-09-26,2026-09-22,False,r1_loss
603365,main,2017-11-20,2026-09-22,True,
603366,main,2012-05-21,2026-09-22,True,
603367,main,2017-09-29,2026-09-22,True,
603368,main,2014-12-04,2026-09-22,True,
603369,main,2014-07-03,2026-09-22,True,
603370,main,2025-09-05,2026-09-22,True,
603373,main,2023-12-20,2026-09-22,True,
603375,main,2024-01-24,2026-09-22,False,r1_loss
603376,main,2025-11-06,2026-09-22,True,
603377,main,2016-02-05,2026-09-22,False,r1_loss+r2_st
603378,main,2017-09-28,2026-09-22,False,r1_loss+r2_st
603379,main,2019-04-02,2026-09-22,True,
603380,main,2017-06-22,2026-09-22,True,
603381,main,2024-06-26,2026-09-22,False,r1_loss
603382,main,2025-06-12,2026-09-22,True,
603383,main,2017-05-22,2026-09-22,True,
603385,main,2017-04-05,2026-09-22,False,r1_loss
603386,main,2017-09-12,2026-09-22,False,r1_loss
603387,main,2017-07-17,2026-09-22,True,
603389,main,2016-12-15,2026-09-22,False,r1_loss
603390,main,2019-11-25,2026-09-22,True,
603391,main,2024-07-31,2026-09-22,True,
603392,main,2020-04-29,2026-09-22,False,r1_loss
603393,main,2016-09-12,2026-09-22,True,
603395,main,2024-11-26,2026-09-22,True,
603396,main,2017-10-18,2026-09-22,True,
603398,main,2015-12-09,2026-09-22,False,r1_loss+r2_st
603399,main,2012-08-24,2026-09-22,False,r1_loss
603400,main,2025-06-20,2026-09-14,True,
603402,main,2026-01-06,2026-09-22,True,
603406,main,2025-08-08,2026-09-22,True,
603407,main,2026-05-11,2026-09-22,True,
603408,main,2020-07-30,2026-09-22,True,
603409,main,2025-03-04,2026-09-22,True,
603416,main,2016-12-21,2026-09-22,True,
603418,main,2025-09-23,2026-09-22,True,
603421,main,2016-10-11,2026-09-22,False,r1_loss
603429,main,2017-01-24,2026-09-22,False,r1_loss+r2_st
603435,main,2026-05-22,2026-09-22,True,
603439,main,2020-04-28,2026-09-22,True,
603444,main,2017-01-04,2026-09-22,True,
603448,main,2026-09-07,2026-09-22,True,
603456,main,2014-10-10,2026-09-22,True,
603458,main,2017-08-09,2026-09-22,False,r1_loss
603459,main,2026-04-08,2026-09-22,True,
603466,main,2017-10-20,2026-09-22,False,r1_loss
603468,main,2026-08-06,2026-09-22,True,
603477,main,2017-12-18,2026-09-22,False,r1_loss
603486,main,2018-05-28,2026-09-22,True,
603488,main,2017-05-16,2026-09-22,False,r1_loss
603489,main,2019-11-11,2026-09-22,True,
603496,main,2017-06-07,2026-09-22,True,
603499,main,2017-10-16,2026-09-22,True,
603500,main,2017-09-04,2026-09-22,True,
603501,main,2017-05-04,2026-09-22,True,
603505,main,2017-05-03,2026-09-22,True,
603506,main,2018-02-01,2026-09-22,True,
603507,main,2017-11-06,2026-09-22,True,
603508,main,2015-12-24,2026-09-22,True,
603511,main,2021-05-31,2026-09-22,True,
603515,main,2016-08-19,2026-09-22,True,
603516,main,2018-02-02,2026-09-22,True,
603517,main,2017-03-17,2026-09-22,False,r1_loss+r2_st
603518,main,2014-12-03,2026-09-22,True,
603519,main,2015-03-19,2026-09-22,True,
603520,main,2016-03-09,2026-09-22,True,
603527,main,2017-09-07,2026-09-22,True,
603528,main,2016-05-03,2026-09-22,False,r1_loss
603529,main,2021-06-15,2026-09-22,True,
603530,main,2019-08-05,2026-09-22,True,
603533,main,2017-09-21,2026-09-22,False,r1_loss
603535,main,2017-08-08,2026-09-22,False,r1_loss
603536,main,2017-06-13,2026-09-22,False,r1_loss
603538,main,2017-04-07,2026-09-22,True,
603551,main,2020-01-15,2026-09-22,True,
603556,main,2016-11-10,2026-09-22,True,
603557,main,2017-08-18,2026-09-22,False,r1_loss+r2_st
603558,main,2015-01-27,2026-09-22,True,
603559,main,2016-12-02,2026-09-22,False,r1_loss
603565,main,2020-09-25,2026-09-22,True,
603566,main,2015-05-18,2026-09-22,True,
603567,main,2015-04-24,2026-09-22,False,r1_loss
603568,main,2015-05-28,2026-09-22,True,
603569,main,2016-08-10,2026-09-22,False,r1_loss
603577,main,2016-12-22,2026-09-22,True,
603578,main,2017-03-06,2026-09-22,False,r1_loss
603579,main,2017-01-11,2026-09-22,True,
603580,main,2017-05-25,2026-09-22,True,
603583,main,2018-09-21,2026-09-22,True,
603585,main,2016-12-14,2026-09-22,True,
603586,main,2017-04-06,2026-09-22,True,
603587,main,2018-06-22,2026-09-22,True,
603588,main,2014-12-29,2026-09-22,True,
603589,main,2015-06-29,2026-09-22,True,
603590,main,2018-08-27,2026-09-22,True,
603595,main,2017-07-12,2026-09-22,False,r1_loss+r2_st
603596,main,2018-04-27,2026-09-22,True,
603598,main,2015-05-27,2026-09-22,True,
603599,main,2015-05-13,2026-09-22,True,
603600,main,2015-01-23,2026-09-22,True,
603601,main,2015-01-22,2026-09-22,True,
603602,main,2017-08-10,2026-09-22,False,r1_loss
603605,main,2017-11-15,2026-09-22,True,
603606,main,2014-10-15,2026-09-22,True,
603607,main,2017-10-25,2026-09-22,True,
603608,main,2016-02-18,2026-09-22,True,
603609,main,2014-08-08,2026-09-22,False,r1_loss
603610,main,2019-10-29,2026-09-22,True,
603611,main,2015-01-28,2026-09-22,True,
603612,main,2017-07-18,2026-09-22,True,
603613,main,2019-07-30,2026-09-22,True,
603615,main,2017-02-13,2026-09-22,True,
603616,main,2015-06-11,2026-09-22,False,r1_loss
603617,main,2017-07-03,2026-09-22,True,
603618,main,2015-02-17,2026-09-22,False,r1_loss
603619,main,2017-11-17,2026-09-22,True,
603626,main,2017-02-09,2026-09-22,False,r1_loss
603628,main,2017-01-12,2026-09-22,False,r1_loss
603629,main,2018-12-24,2026-09-22,True,
603630,main,2017-03-13,2026-09-22,False,r1_loss
603633,main,2016-11-17,2026-09-22,False,r1_loss
603636,main,2014-12-30,2026-09-22,False,r1_loss
603637,main,2017-02-08,2026-09-22,True,
603638,main,2017-01-20,2026-09-22,True,
603639,main,2017-01-12,2026-09-22,True,
603648,main,2017-09-13,2026-09-22,True,
603650,main,2018-06-27,2026-09-22,True,
603655,main,2017-12-29,2026-09-22,True,
603656,main,2017-03-21,2026-09-22,True,
603657,main,2018-07-30,2026-09-22,False,r1_loss
603658,main,2016-09-01,2026-09-22,True,
603659,main,2017-11-03,2026-09-22,True,
603660,main,2016-12-01,2026-09-22,False,r1_loss
603661,main,2017-11-21,2026-09-22,True,
603662,main,2019-08-06,2026-09-22,True,
603663,main,2016-08-01,2026-09-22,True,
603665,main,2017-03-13,2026-09-22,True,
603666,main,2018-06-12,2026-09-22,False,r1_loss
603667,main,2016-10-25,2026-09-22,True,
603668,main,2017-01-17,2026-09-22,False,r1_loss
603669,main,2015-05-28,2026-09-22,False,r1_loss
603676,main,2017-07-21,2026-09-22,True,
603677,main,2017-02-06,2026-09-22,True,
603678,main,2015-01-26,2026-09-22,True,
603679,main,2017-06-21,2026-09-22,False,r1_loss
603680,main,2018-02-27,2026-09-22,True,
603681,main,2019-03-26,2026-09-22,True,
603682,main,2020-04-21,2026-09-22,False,r1_loss
603683,main,2017-10-20,2026-09-22,True,
603685,main,2017-11-27,2026-09-22,True,
603686,main,2015-01-26,2026-09-22,True,
603687,main,2019-07-26,2026-09-22,True,
603688,main,2014-10-31,2026-09-22,True,
603689,main,2017-01-10,2026-09-22,True,
603690,main,2017-01-13,2026-09-22,False,r1_loss
603693,main,2018-07-03,2026-09-22,True,
603696,main,2015-12-09,2026-09-22,True,
603697,main,2019-05-08,2026-09-22,True,
603698,main,2015-01-28,2026-09-22,True,
603699,main,2014-01-17,2026-09-22,True,
603700,main,2019-01-22,2026-09-22,True,
603701,main,2016-04-12,2026-09-22,True,
603703,main,2015-04-23,2026-09-22,False,r1_loss
603706,main,2018-07-09,2026-09-22,True,
603707,main,2017-07-19,2026-09-22,True,
603708,main,2016-12-13,2026-09-22,True,
603709,main,2018-02-08,2026-09-22,False,r1_loss
603711,main,2017-11-30,2026-09-22,True,
603712,main,2018-02-26,2026-09-22,False,r1_loss
603713,main,2018-07-13,2026-09-22,True,
603716,main,2016-10-31,2026-09-22,False,r1_loss
603717,main,2017-03-27,2026-09-22,False,r1_loss
603718,main,2015-05-15,2026-09-22,False,r1_loss+r2_st
603719,main,2020-02-24,2026-09-22,False,r1_loss
603721,main,2017-08-11,2026-09-22,True,
603722,main,2017-10-25,2026-09-22,False,r1_loss
603725,main,2017-09-06,2026-09-22,True,
603726,main,2016-04-21,2026-09-22,True,
603727,main,2016-11-22,2026-09-22,False,r1_loss
603728,main,2017-05-09,2026-09-22,True,
603729,main,2015-03-24,2026-09-22,False,r1_loss+r2_st
603730,main,2017-07-28,2026-09-22,True,
603733,main,2018-04-20,2026-09-22,True,
603737,main,2016-06-03,2026-09-22,True,
603738,main,2016-09-28,2026-09-22,True,
603739,main,2019-01-16,2026-09-22,True,
603755,main,2019-08-28,2026-09-22,True,
603757,main,2017-07-11,2026-09-22,True,
603758,main,2017-05-17,2026-09-22,True,
603759,main,2021-03-26,2026-09-22,True,
603766,main,2012-08-10,2026-09-22,True,
603767,main,2017-06-13,2026-09-22,False,r1_loss
603768,main,2017-03-24,2026-09-22,False,r1_loss
603773,main,2018-04-17,2026-09-22,False,r1_loss
603776,main,2017-08-17,2026-09-22,False,r1_loss
603777,main,2016-10-12,2026-09-22,False,r1_loss
603778,main,2015-12-31,2026-09-22,False,r1_loss
603779,main,2016-05-16,2026-09-22,False,r1_loss
603786,main,2019-10-15,2026-09-22,True,
603787,main,2017-04-27,2026-09-22,True,
603788,main,2015-01-20,2026-09-22,True,
603789,main,2015-04-27,2026-09-22,False,r1_loss+r2_st
603790,main,2018-09-12,2026-09-22,True,
603797,main,2017-04-13,2026-09-22,True,
603798,main,2016-04-06,2026-09-22,True,
603799,main,2015-01-29,2026-09-22,True,
603800,main,2015-12-10,2026-09-22,True,
603801,main,2017-06-30,2026-09-22,False,r1_loss
603803,main,2017-04-20,2026-09-22,False,r1_loss
603806,main,2014-09-05,2026-09-22,True,
603808,main,2015-04-22,2026-09-22,True,
603809,main,2017-11-28,2026-09-22,True,
603810,main,2018-09-17,2026-09-22,True,
603811,main,2017-03-15,2026-09-22,True,
603813,main,2017-09-18,2026-09-22,False,r1_loss
603815,main,2019-10-21,2026-09-22,False,r1_loss
603816,main,2016-10-14,2026-09-22,True,
603817,main,2017-02-20,2026-09-22,True,
603818,main,2015-04-22,2026-09-22,False,r1_loss
603819,main,2016-11-25,2026-09-22,True,
603822,main,2016-04-28,2026-09-22,False,r2_st
603823,main,2016-12-20,2026-09-22,True,
603825,main,2017-08-02,2026-09-22,False,r1_loss+r2_st
603826,main,2017-04-14,2026-09-22,False,r1_loss
603828,main,2015-02-26,2026-09-22,False,r1_loss+r2_st
603829,main,2017-10-17,2026-09-22,True,
603833,main,2017-03-28,2026-09-22,True,
603836,main,2021-05-26,2026-09-22,True,
603838,main,2015-07-01,2026-09-22,False,r1_loss+r2_st
603839,main,2017-02-14,2026-09-22,False,r1_loss
603843,main,2016-09-05,2026-09-22,False,r1_loss+r2_st
603848,main,2017-12-01,2026-09-22,True,
603855,main,2017-05-24,2026-09-22,True,
603856,main,2017-11-06,2026-09-22,True,
603858,main,2016-11-18,2026-09-22,True,
603859,main,2016-10-21,2026-09-22,True,
603860,main,2017-08-02,2026-09-22,True,
603861,main,2016-03-22,2026-09-22,True,
603863,main,2019-06-21,2026-09-22,False,r1_loss
603866,main,2015-12-22,2026-09-22,True,
603867,main,2019-06-27,2026-09-22,True,
603868,main,2016-04-18,2026-09-22,True,
603869,main,2015-03-26,2026-09-22,False,r2_st
603871,main,2018-02-06,2026-09-22,True,
603876,main,2018-04-18,2026-09-22,True,
603877,main,2017-01-09,2026-09-22,True,
603878,main,2016-12-19,2026-09-22,False,r1_loss
603879,main,2017-06-14,2026-09-22,False,r1_loss
603880,main,2017-08-07,2026-09-22,False,r1_loss
603881,main,2017-02-08,2026-09-22,True,
603882,main,2017-09-08,2026-09-22,False,r1_loss
603883,main,2015-04-23,2026-09-22,True,
603885,main,2015-05-27,2026-09-22,True,
603886,main,2016-12-28,2026-09-22,True,
603887,main,2016-10-10,2026-09-22,False,r1_loss
603888,main,2016-10-28,2026-09-22,True,
603889,main,2014-12-31,2026-09-22,True,
603890,main,2017-12-12,2026-09-22,True,
603893,main,2020-02-07,2026-09-22,True,
603895,main,2018-01-22,2026-09-22,True,
603896,main,2017-05-10,2026-09-22,False,r1_loss
603897,main,2018-04-10,2026-09-22,True,
603898,main,2015-02-17,2026-09-22,False,r1_loss
603899,main,2015-01-27,2026-09-22,True,
603900,main,2016-11-23,2026-09-22,True,
603901,main,2015-05-29,2026-09-22,True,
603903,main,2017-03-14,2026-09-22,False,r1_loss
603906,main,2017-04-10,2026-09-22,False,r1_loss
603908,main,2017-03-07,2026-09-22,False,r1_loss
603909,main,2016-06-28,2026-09-22,True,
603912,main,2017-11-01,2026-09-22,False,r1_loss
603915,main,2019-06-14,2026-09-22,True,
603916,main,2017-11-10,2026-09-22,True,
603917,main,2017-12-04,2026-09-22,True,
603918,main,2015-05-28,2026-09-22,False,r1_loss
603919,main,2016-03-10,2026-09-22,True,
603920,main,2017-04-26,2026-09-22,True,
603922,main,2017-10-23,2026-09-22,False,r1_loss+r2_st
603926,main,2017-05-10,2026-09-22,True,
603927,main,2019-09-09,2026-09-22,True,
603928,main,2016-12-12,2026-09-22,True,
603929,main,2016-12-30,2026-09-22,True,
603931,main,2020-08-19,2026-09-22,True,
603933,main,2017-07-06,2026-09-22,True,
603936,main,2015-12-09,2026-09-22,False,r1_loss
603937,main,2017-11-02,2026-09-22,False,r1_loss
603938,main,2017-06-28,2026-09-22,True,
603939,main,2015-02-17,2026-09-22,True,
603948,main,2020-03-02,2026-09-22,True,
603949,main,2020-03-10,2026-09-22,True,
603950,main,2020-05-26,2026-09-22,True,
603955,main,2017-03-10,2026-09-22,False,r1_loss
603956,main,2019-02-22,2026-09-22,False,r1_loss
603958,main,2016-06-29,2026-09-22,False,r1_loss
603959,main,2016-05-17,2026-09-22,False,r1_loss+r2_st
603960,main,2017-03-14,2026-09-22,True,
603966,main,2017-01-25,2026-09-22,True,
603967,main,2019-04-29,2026-09-22,True,
603968,main,2015-05-18,2026-09-22,False,r1_loss
603969,main,2015-02-27,2026-09-22,True,
603970,main,2017-11-16,2026-09-22,True,
603976,main,2017-08-22,2026-09-22,True,
603977,main,2016-11-11,2026-09-22,True,
603978,main,2017-08-07,2026-09-22,False,r1_loss
603979,main,2015-06-30,2026-09-22,True,
603980,main,2017-06-15,2026-09-22,True,
603982,main,2019-05-22,2026-09-22,False,r1_loss
603983,main,2019-07-25,2026-09-22,True,
603985,main,2017-05-05,2026-09-22,True,
603986,main,2016-08-18,2026-09-22,True,
603987,main,2016-11-21,2026-09-22,True,
603988,main,2014-11-04,2026-09-22,True,
603989,main,2015-05-15,2026-09-22,True,
603990,main,2016-12-08,2026-09-22,True,
603991,main,2017-03-08,2026-09-22,False,r1_loss
603992,main,2019-08-26,2026-09-22,True,
603993,main,2012-10-09,2026-09-22,True,
603995,main,2019-12-24,2026-09-22,True,
603997,main,2015-03-02,2026-09-22,True,
603998,main,2014-12-05,2026-09-22,True,
603999,main,2015-12-10,2026-09-22,True,
605001,main,2020-05-22,2026-09-22,True,
605003,main,2020-09-08,2026-09-22,True,
605005,main,2021-01-19,2026-09-22,True,
605006,main,2020-09-03,2026-09-22,False,r1_loss
605007,main,2020-11-10,2026-09-22,True,
605008,main,2020-08-21,2026-09-22,False,r1_loss
605009,main,2020-09-11,2026-09-22,True,
605011,main,2021-06-30,2026-09-22,True,
605016,main,2021-04-21,2026-09-22,True,
605018,main,2020-09-29,2026-09-22,True,
605020,main,2021-07-09,2026-09-22,True,
605028,main,2021-07-12,2026-09-22,True,
605033,main,2021-09-16,2026-09-22,True,
605050,main,2020-09-24,2026-09-22,True,
605055,main,2021-01-29,2026-09-22,False,r1_loss
605056,main,2021-07-20,2026-09-22,True,
605058,main,2020-10-21,2026-09-22,True,
605060,main,2021-03-01,2026-09-22,True,
605066,main,2020-08-07,2026-09-22,True,
605068,main,2020-11-23,2026-09-22,False,r1_loss
605069,main,2021-08-16,2026-09-22,False,r1_loss
605077,main,2021-02-09,2026-09-22,True,
605080,main,2021-05-06,2026-09-22,True,
605086,main,2021-04-16,2026-09-22,True,
605088,main,2020-08-17,2026-09-22,True,
605089,main,2021-04-27,2026-09-22,True,
605090,main,2021-05-25,2026-09-22,True,
605098,main,2021-04-21,2026-09-22,True,
605099,main,2020-09-30,2026-09-22,True,
605100,main,2020-08-11,2026-09-22,True,
605108,main,2020-07-16,2026-09-22,True,
605111,main,2020-09-28,2026-09-22,True,
605116,main,2020-09-21,2026-09-22,True,
605117,main,2021-04-20,2026-09-22,True,
605118,main,2020-07-30,2026-09-22,True,
605122,main,2021-03-10,2026-09-22,False,r1_loss
605123,main,2020-08-25,2026-09-22,True,
605128,main,2020-09-15,2026-09-22,True,
605133,main,2021-02-24,2026-09-22,True,
605136,main,2020-09-29,2026-09-22,False,r1_loss
605138,main,2021-10-27,2026-09-22,True,
605151,main,2020-12-15,2026-09-22,False,r1_loss
605155,main,2020-12-31,2026-09-22,True,
605158,main,2020-08-05,2026-09-22,True,
605162,main,2021-07-07,2026-09-22,True,
605166,main,2020-06-18,2026-09-22,True,
605167,main,2021-07-26,2026-09-22,True,
605168,main,2020-05-28,2026-09-22,True,
605169,main,2020-10-30,2026-09-22,True,
605177,main,2020-11-25,2026-09-22,False,r1_loss
605178,main,2020-08-21,2026-09-22,False,r1_loss
605179,main,2020-12-28,2026-09-22,True,
605180,main,2021-04-30,2026-09-22,True,
605183,main,2020-12-07,2026-09-22,True,
605186,main,2020-12-22,2026-09-22,True,
605188,main,2020-07-28,2026-09-22,True,
605189,main,2021-05-28,2026-09-22,True,
605196,main,2021-05-11,2026-09-22,True,
605198,main,2020-09-18,2026-09-22,True,
605199,main,2020-07-10,2026-09-22,False,r1_loss+r2_st
605208,main,2021-03-08,2026-09-22,True,
605218,main,2020-09-28,2026-09-22,False,r1_loss
605222,main,2020-07-31,2026-09-22,True,
605228,main,2021-01-20,2026-09-22,True,
605255,main,2020-08-25,2026-09-22,True,
605258,main,2020-12-03,2026-09-22,True,
605259,main,2021-06-15,2026-09-22,True,
605266,main,2020-12-01,2026-09-22,True,
605268,main,2021-02-24,2026-09-22,True,
605277,main,2021-01-06,2026-09-22,True,
605286,main,2021-03-22,2026-09-22,True,
605287,main,2021-07-06,2026-09-22,True,
605288,main,2020-06-01,2026-09-22,True,
605289,main,2021-04-26,2026-09-22,True,
605296,main,2021-05-28,2026-09-22,False,r1_loss
605298,main,2021-03-01,2026-09-22,True,
605299,main,2020-12-15,2026-09-22,True,
605300,main,2021-04-30,2026-09-22,True,
605303,main,2021-03-01,2026-09-11,False,r1_loss
605305,main,2021-05-06,2026-09-22,True,
605318,main,2020-08-03,2026-09-22,False,r1_loss
605319,main,2021-06-07,2026-09-22,True,
605333,main,2020-08-18,2026-09-22,True,
605336,main,2020-10-19,2026-09-22,False,r1_loss+r2_st
605337,main,2021-02-08,2026-09-22,True,
605338,main,2020-10-12,2026-09-22,True,
605339,main,2021-05-18,2026-09-22,True,
605358,main,2020-09-11,2026-09-22,False,r1_loss
605365,main,2021-07-20,2026-09-22,True,
605366,main,2020-08-12,2026-09-22,False,r1_loss
605368,main,2021-01-29,2026-09-22,True,
605369,main,2020-09-16,2026-09-22,True,
605376,main,2020-12-08,2026-09-22,True,
605377,main,2020-12-28,2026-09-22,True,
605378,main,2021-04-12,2026-09-22,True,
605388,main,2020-08-18,2026-09-22,False,r1_loss
605389,main,2021-03-22,2026-09-22,True,
605398,main,2021-01-21,2026-09-22,True,
605399,main,2020-08-04,2026-09-22,False,r1_loss
605488,main,2021-05-13,2026-09-22,True,
605499,main,2021-05-27,2026-09-22,True,
605500,main,2020-12-22,2026-09-22,True,
605507,main,2021-08-02,2026-09-22,True,
605555,main,2021-10-21,2026-09-22,True,
605566,main,2021-10-25,2026-09-22,True,
605567,main,2021-10-13,2026-09-22,True,
605577,main,2021-08-24,2026-09-22,True,
605580,main,2021-08-19,2026-09-22,True,
605588,main,2021-08-12,2026-09-22,False,r1_loss
605589,main,2021-08-10,2026-09-22,True,
605598,main,2021-09-17,2026-09-22,False,r1_loss
605599,main,2021-09-09,2026-09-22,True,
688001,star,2019-07-22,2026-09-22,True,
688002,star,2019-07-22,2026-09-22,True,
688003,star,2019-07-22,2026-09-22,True,
688004,star,2020-06-12,2026-09-22,False,r1_loss
688005,star,2019-07-22,2026-09-22,False,r1_loss
688006,star,2019-07-22,2026-09-22,True,
688007,star,2019-07-22,2026-09-22,False,r1_loss
688008,star,2019-07-22,2026-09-22,True,
688009,star,2019-07-22,2026-09-22,True,
688010,star,2019-07-22,2026-09-22,True,
688011,star,2019-07-22,2026-09-22,False,r1_loss
688012,star,2019-07-22,2026-09-22,True,
688013,star,2020-09-28,2026-09-22,True,
688015,star,2019-07-22,2026-09-22,True,
688016,star,2019-07-22,2026-09-22,True,
688017,star,2020-08-28,2026-09-22,True,
688018,star,2019-07-22,2026-09-22,True,
688019,star,2019-07-22,2026-09-22,True,
688020,star,2019-07-22,2026-09-22,False,r1_loss
688021,star,2019-11-06,2026-09-22,True,
688022,star,2019-07-22,2026-09-22,False,r2_st
688023,star,2019-11-05,2026-09-22,False,r1_loss
688025,star,2019-10-31,2026-09-22,True,
688026,star,2020-01-22,2026-09-22,True,
688027,star,2020-07-09,2026-09-22,True,
688028,star,2019-07-22,2026-09-22,True,
688029,star,2019-07-22,2026-09-22,True,
688030,star,2019-09-30,2026-09-22,False,r1_loss
688031,star,2022-10-18,2026-09-22,False,r1_loss
688032,star,2021-12-20,2026-09-22,False,r1_loss
688033,star,2019-07-22,2026-09-22,False,r1_loss+r2_st
688035,star,2022-09-19,2026-09-22,True,
688036,star,2019-09-30,2026-09-22,True,
688037,star,2019-12-16,2026-09-22,True,
688038,star,2021-07-13,2026-09-22,False,r1_loss
688039,star,2019-12-11,2026-09-22,False,r1_loss
688041,star,2022-08-12,2026-09-22,True,
688045,star,2022-05-26,2026-09-22,True,
688046,star,2022-04-25,2026-09-22,True,
688047,star,2022-06-24,2026-09-22,False,r1_loss
688048,star,2022-04-01,2026-09-22,True,
688049,star,2021-11-29,2026-09-22,True,
688050,star,2020-07-29,2026-09-22,True,
688051,star,2020-03-20,2026-09-22,False,r1_loss
688052,star,2022-04-22,2026-09-22,False,r1_loss
688053,star,2022-07-08,2026-09-22,False,r1_loss+r2_st
688055,star,2020-08-17,2026-09-22,False,r1_loss
688056,star,2020-09-02,2026-09-22,True,
688057,star,2020-11-11,2026-09-22,True,
688058,star,2019-11-01,2026-09-22,False,r1_loss
688059,star,2021-02-08,2026-09-22,True,
688060,star,2020-07-10,2026-09-22,False,r1_loss
688061,star,2022-10-18,2026-09-22,False,r1_loss
688062,star,2022-01-18,2026-09-22,False,r1_loss
688063,star,2020-12-30,2026-09-22,True,
688065,star,2020-08-12,2026-09-22,True,
688066,star,2019-07-22,2026-09-22,False,r1_loss+r2_st
688067,star,2021-06-16,2026-09-22,True,
688068,star,2019-09-30,2026-09-22,False,r1_loss
688069,star,2020-07-22,2026-09-22,True,
688070,star,2021-02-10,2026-09-22,True,
688071,star,2021-07-29,2026-09-22,False,r1_loss
688072,star,2022-04-20,2026-09-22,True,
688073,star,2022-10-11,2026-09-22,True,
688075,star,2021-11-18,2026-09-22,False,r1_loss
688076,star,2021-05-20,2026-09-22,False,r2_st
688077,star,2020-07-22,2026-09-22,True,
688078,star,2019-12-30,2026-09-22,False,r1_loss
688079,star,2021-03-02,2026-09-22,False,r1_loss
688080,star,2020-02-12,2026-09-22,True,
688081,star,2020-01-06,2026-09-22,False,r1_loss
688082,star,2021-11-18,2026-09-22,True,
688083,star,2021-03-11,2026-09-22,True,
688084,star,2022-12-08,2026-09-22,False,r1_loss
688085,star,2020-04-09,2026-09-22,True,
688087,star,2021-07-09,2026-09-22,True,
688088,star,2019-07-22,2026-09-22,True,
688089,star,2019-12-19,2026-09-22,False,r1_loss+r2_st
688090,star,2020-02-17,2026-09-22,True,
688091,star,2021-09-09,2026-09-22,True,
688092,star,2021-03-19,2026-09-22,True,
688093,star,2020-09-30,2026-09-22,True,
688095,star,2020-09-08,2026-09-22,True,
688096,star,2020-04-09,2026-09-22,False,r1_loss
688097,star,2021-05-12,2026-09-22,True,
688098,star,2019-10-28,2026-09-22,False,r1_loss
688099,star,2019-08-08,2026-09-22,True,
688100,star,2020-01-21,2026-09-22,True,
688101,star,2019-11-15,2026-09-22,True,
688102,star,2022-03-16,2026-09-22,True,
688103,star,2021-09-10,2026-09-22,True,
688105,star,2021-11-15,2026-09-22,False,r1_loss
688106,star,2020-06-16,2026-09-22,True,
688107,star,2021-11-12,2026-09-22,False,r1_loss
688108,star,2019-10-30,2026-09-22,True,
688109,star,2021-03-30,2026-09-22,True,
688110,star,2021-12-10,2026-09-22,False,r1_loss
688111,star,2019-11-18,2026-09-22,True,
688112,star,2021-12-01,2026-09-22,True,
688113,star,2021-05-06,2026-09-22,True,
688114,star,2022-09-09,2026-09-22,False,r1_loss
688115,star,2022-03-14,2026-09-22,False,r1_loss
688116,star,2019-09-25,2026-09-22,True,
688117,star,2021-06-03,2026-09-22,True,
688118,star,2019-12-04,2026-09-22,False,r1_loss
688119,star,2022-06-06,2026-09-22,False,r1_loss
688120,star,2022-06-08,2026-09-22,True,
688121,star,2021-09-06,2026-09-22,False,r1_loss+r2_st
688122,star,2019-07-22,2026-09-22,True,
688123,star,2019-12-23,2026-09-22,True,
688125,star,2022-04-15,2026-09-22,False,r1_loss
688126,star,2020-04-20,2026-09-22,False,r1_loss
688127,star,2020-09-21,2026-09-22,True,
688128,star,2019-11-05,2026-09-22,True,
688129,star,2020-10-23,2026-09-22,True,
688130,star,2022-07-29,2026-09-22,False,r1_loss
688131,star,2021-06-08,2026-09-22,True,
688132,star,2022-09-23,2026-09-22,False,r1_loss
688133,star,2020-10-30,2026-09-22,False,r1_loss
688135,star,2020-11-11,2026-09-22,False,r1_loss
688136,star,2020-12-14,2026-09-22,True,
688137,star,2022-09-29,2026-09-22,False,r1_loss
688138,star,2019-11-20,2026-09-22,True,
688139,star,2019-10-25,2026-09-22,True,
688141,star,2022-12-23,2026-09-22,False,r1_loss
688143,star,2022-12-12,2026-09-22,True,
688146,star,2023-04-21,2026-09-22,True,
688147,star,2022-12-23,2026-09-22,True,
688148,star,2021-08-06,2026-09-22,False,r1_loss
688150,star,2022-03-18,2026-09-22,True,
688151,star,2021-12-06,2026-09-22,True,
688152,star,2022-10-28,2026-09-22,False,r1_loss
688153,star,2022-04-12,2026-09-22,False,r1_loss
688155,star,2020-08-11,2026-09-22,True,
688156,star,2020-09-22,2026-09-22,False,r1_loss
688157,star,2020-06-09,2026-09-22,True,
688158,star,2020-01-20,2026-09-22,False,r1_loss
688159,star,2020-01-23,2026-09-22,True,
688160,star,2020-11-12,2026-09-22,True,
688161,star,2021-06-30,2026-09-22,True,
688162,star,2021-11-10,2026-09-22,True,
688163,star,2022-03-11,2026-09-22,True,
688165,star,2020-07-15,2026-09-22,False,r1_loss
688166,star,2019-11-08,2026-09-22,True,
688167,star,2021-12-24,2026-09-22,False,r1_loss
688168,star,2019-09-06,2026-09-22,False,r1_loss
688169,star,2020-02-21,2026-09-22,True,
688170,star,2022-04-29,2026-09-22,True,
688171,star,2022-01-27,2026-09-22,True,
688172,star,2022-12-16,2026-09-22,False,r1_loss
688173,star,2022-01-21,2026-09-22,False,r1_loss
688175,star,2022-03-15,2026-09-22,False,r1_loss
688176,star,2022-01-07,2026-09-22,False,r1_loss
688177,star,2020-02-21,2026-09-22,False,r1_loss
688178,star,2020-01-14,2026-09-22,False,r1_loss
688179,star,2020-10-26,2026-09-22,True,
688180,star,2020-07-15,2026-09-22,False,r1_loss
688181,star,2020-01-06,2026-09-22,True,
688182,star,2021-11-16,2026-09-22,True,
688183,star,2021-02-25,2026-09-22,True,
688184,star,2022-09-19,2026-09-22,False,r1_loss+r2_st
688185,star,2020-08-13,2026-09-22,True,
688186,star,2020-02-11,2026-09-22,True,
688187,star,2021-09-07,2026-09-22,True,
688188,star,2019-08-08,2026-09-22,True,
688189,star,2020-03-26,2026-09-22,False,r1_loss+r2_st
688190,star,2021-11-26,2026-09-22,True,
688191,star,2021-04-08,2026-09-22,False,r1_loss
688192,star,2021-12-10,2026-09-22,False,r1_loss
688193,star,2022-03-30,2026-09-22,True,
688195,star,2021-03-26,2026-09-22,True,
688196,star,2019-11-21,2026-09-22,True,
688197,star,2022-03-23,2026-09-22,False,r1_loss
688198,star,2019-12-09,2026-09-22,True,
688199,star,2019-11-05,2026-09-22,True,
688200,star,2020-02-18,2026-09-22,True,
688201,star,2021-04-21,2026-09-22,False,r2_st
688202,star,2019-11-05,2026-09-22,False,r1_loss
688203,star,2022-08-16,2026-09-22,True,
688205,star,2022-08-09,2026-09-22,True,
688206,star,2021-12-28,2026-09-22,False,r1_loss
688207,star,2022-03-17,2026-09-22,False,r1_loss
688208,star,2020-02-13,2026-09-22,True,
688209,star,2022-04-19,2026-09-22,True,
688210,star,2021-12-27,2026-09-22,False,r1_loss
688211,star,2021-10-26,2026-09-22,False,r1_loss
688212,star,2021-11-15,2026-09-22,False,r1_loss
688213,star,2022-05-20,2026-09-22,True,
688215,star,2020-08-28,2026-09-22,True,
688216,star,2021-06-23,2026-09-22,False,r1_loss
688217,star,2021-05-17,2026-09-22,False,r1_loss
688218,star,2019-12-11,2026-09-22,False,r1_loss
688219,star,2020-11-18,2026-09-22,True,
688220,star,2022-01-14,2026-09-22,False,r1_loss
688221,star,2020-10-28,2026-09-22,False,r1_loss
688222,star,2020-04-16,2026-09-22,True,
688223,star,2022-01-26,2026-09-22,False,r1_loss
688225,star,2022-02-09,2026-09-22,False,r1_loss
688226,star,2021-07-07,2026-09-22,True,
688227,star,2021-12-30,2026-09-22,False,r1_loss
688228,star,2020-03-27,2026-09-22,False,r1_loss
688229,star,2020-08-17,2026-09-22,False,r1_loss
688230,star,2021-12-01,2026-09-22,True,
688231,star,2022-07-22,2026-09-22,True,
688232,star,2021-11-17,2026-09-22,True,
688233,star,2020-02-21,2026-09-22,True,
688234,star,2022-01-12,2026-09-22,False,r1_loss
688235,star,2021-12-15,2026-09-22,True,
688236,star,2021-12-30,2026-09-22,True,
688237,star,2022-07-01,2026-09-22,True,
688238,star,2022-03-22,2026-09-22,False,r1_loss
688239,star,2021-07-05,2026-09-22,True,
688244,star,2022-10-19,2026-09-22,False,r1_loss
688246,star,2021-12-14,2026-09-22,False,r1_loss
688247,star,2022-08-25,2026-09-22,True,
688248,star,2021-12-22,2026-09-22,True,
688249,star,2023-05-05,2026-09-22,True,
688251,star,2022-06-06,2026-09-22,False,r1_loss
688252,star,2022-09-27,2026-09-22,True,
688253,star,2022-07-28,2026-09-22,True,
688255,star,2021-10-25,2026-09-22,True,
688256,star,2020-07-20,2026-09-22,True,
688257,star,2021-10-27,2026-09-22,True,
688258,star,2019-12-09,2026-09-22,True,
688259,star,2022-01-12,2026-09-22,True,
688260,star,2021-04-06,2026-09-22,False,r1_loss
688261,star,2022-02-10,2026-09-22,True,
688262,star,2022-01-06,2026-09-22,False,r1_loss
688265,star,2021-12-28,2026-09-22,True,
688266,star,2020-01-23,2026-09-22,False,r1_loss
688267,star,2022-02-16,2026-09-22,True,
688268,star,2019-12-26,2026-09-22,True,
688269,star,2021-06-09,2026-09-22,True,
688270,star,2022-01-27,2026-09-22,False,r2_st
688271,star,2022-08-22,2026-09-22,True,
688272,star,2021-10-18,2026-09-22,False,r1_loss
688273,star,2022-08-11,2026-09-22,True,
688275,star,2022-09-29,2026-09-22,False,r1_loss
688276,star,2021-06-25,2026-09-22,False,r1_loss
688277,star,2020-07-07,2026-09-22,False,r1_loss
688278,star,2020-01-17,2026-09-22,True,
688279,star,2022-04-20,2026-09-22,True,
688280,star,2021-10-27,2026-09-22,False,r1_loss
688281,star,2022-03-07,2026-09-22,True,
688282,star,2022-03-18,2026-09-22,False,r1_loss
688283,star,2022-02-15,2026-09-22,True,
688285,star,2021-10-20,2026-09-22,True,
688286,star,2020-08-10,2026-09-22,False,r1_loss
688288,star,2019-11-06,2026-09-22,False,r1_loss
688289,star,2020-08-28,2026-09-22,True,
688290,star,2022-04-29,2026-09-22,False,r1_loss
688291,star,2022-10-26,2026-09-22,True,
688292,star,2022-08-18,2026-09-22,False,r1_loss
688293,star,2022-09-02,2026-09-22,True,
688295,star,2022-04-06,2026-09-22,True,
688296,star,2021-07-27,2026-09-22,False,r1_loss
688297,star,2022-06-29,2026-09-22,True,
688298,star,2020-02-05,2026-09-22,False,r1_loss
688299,star,2019-11-06,2026-09-22,False,r1_loss
688300,star,2019-11-15,2026-09-22,True,
688301,star,2020-09-18,2026-09-22,True,
688302,star,2022-04-12,2026-09-22,False,r1_loss
688303,star,2021-07-22,2026-09-22,False,r1_loss
688305,star,2021-07-09,2026-09-22,True,
688306,star,2022-03-22,2026-09-22,True,
688307,star,2023-02-16,2026-09-22,True,
688308,star,2020-12-10,2026-09-22,True,
688309,star,2020-07-14,2026-09-22,True,
688310,star,2019-12-03,2026-09-22,True,
688311,star,2020-07-31,2026-09-22,False,r1_loss
688312,star,2020-06-08,2026-09-22,True,
688313,star,2020-08-12,2026-09-22,True,
688314,star,2021-05-18,2026-09-22,True,
688315,star,2021-04-13,2026-09-22,True,
688316,star,2021-03-16,2026-09-22,False,r1_loss
688317,star,2021-01-18,2026-09-22,False,r1_loss
688318,star,2020-04-27,2026-09-22,True,
688319,star,2021-06-08,2026-09-22,False,r1_loss
688320,star,2022-04-28,2026-09-22,False,r1_loss
688321,star,2019-08-12,2026-09-22,True,
688322,star,2022-07-07,2026-09-22,True,
688323,star,2021-04-28,2026-09-22,False,r1_loss
688325,star,2022-04-22,2026-09-22,True,
688326,star,2022-04-19,2026-09-22,False,r1_loss
688327,star,2022-05-27,2026-09-22,False,r1_loss
688328,star,2021-03-09,2026-09-22,True,
688329,star,2021-03-29,2026-09-22,True,
688330,star,2020-10-15,2026-09-22,True,
688331,star,2022-03-31,2026-09-22,True,
688332,star,2022-07-15,2026-09-22,True,
688333,star,2019-07-22,2026-09-22,True,
688334,star,2023-06-19,2026-09-22,True,
688335,star,2020-08-17,2026-09-22,False,r1_loss
688336,star,2020-07-22,2026-09-22,True,
688337,star,2022-04-08,2026-09-22,True,
688338,star,2020-08-06,2026-09-22,True,
688339,star,2020-08-10,2026-09-22,False,r1_loss
688343,star,2023-04-04,2026-09-22,False,r1_loss
688345,star,2021-06-11,2026-09-22,True,
688347,star,2023-08-07,2026-09-22,True,
688348,star,2022-06-08,2026-09-22,False,r1_loss
688349,star,2022-06-22,2026-09-22,True,
688350,star,2021-01-28,2026-09-22,True,
688351,star,2022-08-31,2026-09-22,True,
688352,star,2023-04-20,2026-09-22,False,r1_loss
688353,star,2022-07-13,2026-09-22,True,
688355,star,2021-05-12,2026-09-22,True,
688356,star,2020-08-26,2026-09-22,True,
688357,star,2019-12-04,2026-09-22,True,
688358,star,2019-12-03,2026-09-22,True,
688359,star,2021-05-21,2026-09-22,False,r1_loss
688360,star,2020-06-02,2026-09-22,True,
688361,star,2023-05-19,2026-09-22,False,r1_loss
688362,star,2022-11-16,2026-09-22,True,
688363,star,2019-11-06,2026-09-22,True,
688365,star,2020-04-29,2026-09-22,False,r1_loss
688366,star,2019-10-30,2026-09-22,True,
688367,star,2021-06-28,2026-09-22,True,
688368,star,2019-10-14,2026-09-22,True,
688369,star,2019-10-31,2026-09-22,False,r1_loss
688370,star,2022-08-25,2026-09-22,True,
688371,star,2022-08-02,2026-09-22,False,r1_loss
688372,star,2022-10-26,2026-09-22,True,
688373,star,2022-08-05,2026-09-22,False,r1_loss
688375,star,2022-07-22,2026-09-22,True,
688376,star,2022-11-18,2026-09-22,True,
688377,star,2020-07-08,2026-09-22,True,
688378,star,2020-09-03,2026-09-22,True,
688379,star,2020-08-19,2026-09-22,True,
688380,star,2022-08-05,2026-09-22,True,
688381,star,2022-08-23,2026-09-22,False,r1_loss
688382,star,2022-07-25,2026-09-22,False,r1_loss
688383,star,2021-04-28,2026-09-22,False,r1_loss
688385,star,2021-08-04,2026-09-22,True,
688386,star,2020-10-16,2026-09-22,True,
688387,star,2022-09-26,2026-09-22,False,r1_loss
688388,star,2019-07-22,2026-09-22,True,
688389,star,2019-11-05,2026-09-22,True,
688390,star,2020-09-04,2026-09-22,True,
688391,star,2022-09-13,2026-09-22,True,
688392,star,2022-09-27,2026-09-22,True,
688393,star,2020-08-20,2026-09-22,False,r1_loss
688395,star,2021-04-29,2026-09-22,True,
688396,star,2020-02-27,2026-09-22,True,
688398,star,2020-02-11,2026-09-22,True,
688399,star,2019-12-05,2026-09-22,False,r1_loss
688400,star,2022-07-06,2026-09-22,True,
688401,star,2022-08-17,2026-09-22,True,
688403,star,2022-08-18,2026-09-22,True,
688408,star,2020-08-28,2026-09-22,False,r1_loss
688409,star,2022-10-10,2026-09-22,False,r1_loss
688410,star,2022-12-26,2026-09-22,True,
688411,star,2025-01-27,2026-09-22,True,
688416,star,2022-08-29,2026-09-22,False,r1_loss
688418,star,2020-07-22,2026-09-22,False,r1_loss
688419,star,2022-11-07,2026-09-22,True,
688420,star,2022-12-09,2026-09-22,False,r1_loss
688425,star,2021-06-22,2026-09-22,True,
688426,star,2022-10-25,2026-09-22,False,r1_loss
688428,star,2022-09-21,2026-09-22,True,
688429,star,2023-06-29,2026-09-22,False,r1_loss
688432,star,2022-11-10,2026-09-22,True,
688433,star,2023-04-17,2026-09-22,True,
688435,star,2023-01-19,2026-09-22,False,r1_loss
688439,star,2022-08-26,2026-09-22,True,
688443,star,2023-06-20,2026-09-22,False,r1_loss
688448,star,2022-09-21,2026-09-22,True,
688449,star,2024-11-29,2026-09-22,True,
688450,star,2023-07-24,2026-09-22,False,r1_loss
688455,star,2022-09-15,2026-09-22,True,
688456,star,2021-03-17,2026-09-22,True,
688458,star,2023-05-22,2026-09-22,False,r1_loss
688459,star,2022-10-12,2026-09-22,True,
688466,star,2020-05-08,2026-09-22,True,
688468,star,2021-04-09,2026-09-22,True,
688469,star,2023-05-10,2026-09-22,False,r1_loss
688472,star,2023-06-09,2026-09-22,True,
688475,star,2022-12-28,2026-09-22,True,
688478,star,2023-04-24,2026-09-22,False,r1_loss
688479,star,2023-05-11,2026-09-22,True,
688480,star,2022-11-25,2026-09-22,True,
688484,star,2023-04-07,2026-09-22,True,
688485,star,2023-01-18,2026-09-22,False,r1_loss
688486,star,2023-02-21,2026-09-22,True,
688488,star,2020-07-20,2026-09-22,False,r1_loss
688489,star,2022-12-02,2026-09-22,False,r1_loss
688496,star,2022-12-28,2026-09-10,False,r1_loss+r2_st
688498,star,2022-12-21,2026-09-22,True,
688499,star,2021-07-01,2026-09-22,True,
688500,star,2020-07-16,2026-09-22,False,r1_loss
688501,star,2021-07-16,2026-09-22,True,
688502,star,2023-03-09,2026-09-22,True,
688503,star,2022-12-09,2026-09-22,True,
688505,star,2020-06-19,2026-09-22,False,r1_loss
688506,star,2023-01-06,2026-09-22,False,r1_loss
688507,star,2023-04-18,2026-09-22,False,r1_loss
688508,star,2020-07-22,2026-09-22,True,
688509,star,2021-07-30,2026-09-22,False,r1_loss
688510,star,2020-12-16,2026-09-22,True,
688511,star,2021-07-30,2026-09-22,True,
688512,star,2023-05-16,2026-09-22,False,r1_loss
688513,star,2020-09-02,2026-09-22,True,
688515,star,2023-02-10,2026-09-22,False,r1_loss
688516,star,2020-05-21,2026-09-22,True,
688517,star,2021-06-18,2026-09-22,True,
688518,star,2020-06-22,2026-09-22,True,
688519,star,2020-08-18,2026-09-22,True,
688520,star,2020-06-22,2026-09-22,False,r1_loss
688521,star,2020-08-18,2026-09-22,False,r1_loss
688522,star,2023-03-01,2026-09-22,True,
688523,star,2023-06-02,2026-09-22,True,
688525,star,2022-12-30,2026-09-22,True,
688526,star,2020-09-22,2026-09-22,True,
688528,star,2020-07-01,2026-09-22,False,r1_loss
688529,star,2020-11-09,2026-09-22,False,r1_loss
688530,star,2024-05-09,2026-09-22,False,r1_loss
688531,star,2023-03-31,2026-09-22,True,
688533,star,2021-04-19,2026-09-22,True,
688535,star,2023-04-04,2026-09-22,True,
688536,star,2020-09-21,2026-09-22,True,
688538,star,2021-05-28,2026-09-22,False,r1_loss
688539,star,2023-04-18,2026-09-22,False,r1_loss
688543,star,2023-06-21,2026-09-22,True,
688545,star,2025-01-22,2026-09-22,True,
688548,star,2023-08-15,2026-09-22,True,
688549,star,2023-09-08,2026-09-22,False,r1_loss
688550,star,2020-09-02,2026-09-22,True,
688551,star,2020-09-10,2026-09-22,True,
688552,star,2023-05-18,2026-09-22,False,r1_loss
688553,star,2021-10-26,2026-09-22,False,r1_loss
688556,star,2020-08-07,2026-09-22,False,r1_loss
688557,star,2020-12-02,2026-09-22,True,
688558,star,2020-06-30,2026-09-22,True,
688559,star,2020-09-09,2026-09-22,False,r1_loss
688560,star,2020-12-24,2026-09-22,False,r1_loss
688561,star,2020-07-22,2026-09-22,False,r1_loss
688562,star,2023-05-24,2026-09-22,False,r1_loss
688563,star,2023-07-19,2026-09-22,True,
688565,star,2021-05-13,2026-09-22,True,
688566,star,2020-05-18,2026-09-22,True,
688567,star,2020-07-17,2026-09-22,False,r1_loss
688568,star,2020-07-08,2026-09-22,False,r1_loss
688569,star,2020-08-31,2026-09-22,True,
688570,star,2023-06-05,2026-09-22,True,
688571,star,2020-12-11,2026-09-22,True,
688573,star,2023-08-17,2026-09-22,False,r1_loss
688575,star,2021-05-17,2026-09-22,True,
688576,star,2023-06-06,2026-09-22,False,r1_loss
688577,star,2020-09-16,2026-09-22,True,
688578,star,2020-12-02,2026-09-22,True,
688579,star,2020-07-17,2026-09-22,True,
688580,star,2020-07-21,2026-09-22,True,
688581,star,2023-05-19,2026-09-22,True,
688582,star,2023-06-30,2026-09-22,True,
688583,star,2025-01-15,2026-09-22,True,
688584,star,2024-02-08,2026-09-22,True,
688585,star,2020-09-28,2026-09-22,False,r1_loss
688586,star,2020-07-31,2026-09-22,True,
688588,star,2020-05-11,2026-09-22,False,r1_loss
688589,star,2020-07-22,2026-09-22,True,
688590,star,2020-12-07,2026-09-22,False,r1_loss
688591,star,2023-08-25,2026-09-22,True,
688592,star,2023-08-16,2026-09-22,True,
688593,star,2023-06-01,2026-09-22,True,
688595,star,2020-09-28,2026-09-22,False,r1_loss
688596,star,2020-08-20,2026-09-22,False,r1_loss
688597,star,2021-06-17,2026-09-22,True,
688598,star,2020-05-18,2026-09-22,False,r1_loss
688599,star,2020-06-10,2026-09-22,False,r1_loss
688600,star,2020-07-03,2026-09-22,True,
688601,star,2021-06-28,2026-09-22,True,
688602,star,2023-07-20,2026-09-22,False,r1_loss
688603,star,2023-07-10,2026-09-22,True,
688605,star,2024-12-12,2026-09-22,True,
688606,star,2021-03-25,2026-09-22,True,
688607,star,2021-02-01,2026-09-22,False,r1_loss
688608,star,2020-12-16,2026-09-22,True,
688609,star,2021-03-23,2026-09-22,False,r1_loss
688610,star,2023-07-19,2026-09-22,True,
688611,star,2021-04-12,2026-09-22,False,r1_loss
688612,star,2023-07-26,2026-09-22,True,
688613,star,2021-05-21,2026-09-22,True,
688615,star,2024-09-26,2026-09-22,True,
688616,star,2021-03-18,2026-09-22,True,
688617,star,2021-01-07,2026-09-22,True,
688618,star,2020-12-30,2026-09-22,True,
688619,star,2021-02-23,2026-09-22,False,r1_loss
688620,star,2023-06-27,2026-09-22,False,r1_loss
688621,star,2021-06-21,2026-09-22,True,
688622,star,2021-09-13,2026-09-22,False,r1_loss+r2_st
688623,star,2023-06-08,2026-09-22,True,
688625,star,2021-06-07,2026-09-22,True,
688626,star,2021-03-31,2026-09-22,True,
688627,star,2023-07-18,2026-09-22,True,
688628,star,2021-02-01,2026-09-22,True,
688629,star,2023-06-27,2026-09-22,True,
688630,star,2021-04-01,2026-09-22,True,
688631,star,2023-06-28,2026-09-22,True,
688633,star,2021-03-24,2026-09-22,True,
688635,star,2026-05-27,2026-09-22,True,
688636,star,2021-04-08,2026-09-22,True,
688638,star,2023-07-12,2026-09-22,False,r1_loss
688639,star,2021-04-22,2026-09-22,True,
688646,star,2023-07-28,2026-09-22,False,r1_loss
688648,star,2023-11-13,2026-09-22,False,r1_loss
688651,star,2023-07-26,2026-09-22,False,r1_loss
688652,star,2023-11-29,2026-09-22,True,
688653,star,2023-11-17,2026-09-22,False,r1_loss
688655,star,2021-05-11,2026-09-22,False,r1_loss
688656,star,2021-01-13,2026-09-22,True,
688657,star,2023-10-10,2026-09-22,True,
688658,star,2020-12-24,2026-09-22,False,r1_loss
688659,star,2021-03-31,2026-09-22,False,r1_loss
688660,star,2021-05-19,2026-09-22,False,r1_loss
688661,star,2021-03-29,2026-09-22,False,r1_loss
688662,star,2021-04-01,2026-09-22,True,
688663,star,2021-04-13,2026-09-22,True,
688665,star,2021-02-09,2026-09-22,True,
688667,star,2021-03-12,2026-09-22,True,
688668,star,2020-12-21,2026-09-22,True,
688669,star,2021-01-25,2026-09-22,False,r1_loss
688670,star,2021-08-02,2026-09-22,False,r1_loss
688671,star,2023-08-09,2026-09-22,False,r1_loss
688676,star,2021-03-09,2026-09-22,True,
688677,star,2021-02-26,2026-09-22,True,
688678,star,2020-12-23,2026-09-22,True,
688679,star,2020-12-25,2026-09-22,False,r1_loss
688680,star,2021-01-22,2026-09-22,False,r1_loss
688681,star,2021-06-16,2026-09-22,True,
688682,star,2021-04-20,2026-09-22,False,r1_loss
688683,star,2021-04-12,2026-09-22,True,
688685,star,2021-05-13,2026-09-22,False,r1_loss
688686,star,2020-12-31,2026-09-22,True,
688687,star,2021-02-08,2026-09-22,True,
688689,star,2021-01-27,2026-09-22,True,
688690,star,2021-06-23,2026-09-22,True,
688691,star,2024-04-11,2026-09-22,False,r1_loss
688692,star,2024-06-12,2026-09-22,True,
688693,star,2023-08-18,2026-09-22,False,r1_loss
688695,star,2024-03-13,2026-09-22,False,r1_loss
688696,star,2021-03-03,2026-09-22,True,
688697,star,2021-09-17,2026-09-22,True,
688698,star,2020-12-29,2026-09-22,True,
688699,star,2020-12-18,2026-09-22,False,r1_loss
688700,star,2021-06-15,2026-09-22,True,
688701,star,2021-09-16,2026-09-22,False,r1_loss
688702,star,2023-09-14,2026-09-22,False,r1_loss
688707,star,2021-09-14,2026-09-22,False,r1_loss
688708,star,2024-12-05,2026-09-22,True,
688709,star,2024-02-07,2026-09-22,False,r1_loss
688710,star,2024-09-03,2026-09-22,False,r1_loss
688711,star,2021-09-01,2026-09-22,True,
688712,star,2026-02-05,2026-09-22,True,
688716,star,2023-09-20,2026-09-22,False,r1_loss
688717,star,2024-01-03,2026-09-22,False,r1_loss
688718,star,2021-07-28,2026-09-22,True,
688719,star,2023-09-28,2026-09-22,False,r1_loss
688720,star,2023-12-06,2026-09-22,True,
688721,star,2024-08-06,2026-09-22,True,
688722,star,2021-10-19,2026-09-22,True,
688726,star,2024-10-29,2026-09-22,True,
688727,star,2025-11-18,2026-09-22,True,
688728,star,2021-08-18,2026-09-22,True,
688729,star,2025-07-08,2026-09-22,True,
688733,star,2021-08-17,2026-09-22,False,r1_loss
688737,star,2021-10-22,2026-09-22,False,r1_loss
688739,star,2021-10-28,2026-09-22,True,
688750,star,2024-11-20,2026-09-22,True,
688755,star,2025-05-16,2026-09-22,True,
688757,star,2025-03-25,2026-09-22,True,
688758,star,2025-01-10,2026-09-22,True,
688759,star,2025-10-28,2026-09-22,False,r1_loss
688765,star,2025-10-28,2026-09-22,False,r1_loss
688766,star,2021-08-23,2026-09-22,True,
688767,star,2021-09-08,2026-09-22,True,
688768,star,2021-07-26,2026-09-22,True,
688772,star,2021-10-15,2026-09-22,True,
688775,star,2025-06-11,2026-09-22,True,
688776,star,2021-08-31,2026-09-22,False,r1_loss
688777,star,2020-11-24,2026-09-22,True,
688778,star,2021-08-05,2026-09-22,True,
688779,star,2021-08-11,2026-09-22,True,
688781,star,2026-03-25,2026-09-22,False,r1_loss
688783,star,2025-10-28,2026-09-22,False,r1_loss
688785,star,2026-01-28,2026-09-22,True,
688786,star,2021-08-26,2026-09-22,True,
688787,star,2021-08-13,2026-09-22,True,
688788,star,2020-10-22,2026-09-22,False,r1_loss
688789,star,2021-07-08,2026-09-22,True,
688790,star,2025-12-16,2026-09-22,False,r1_loss
688793,star,2021-07-15,2026-09-22,False,r1_loss
688795,star,2025-12-05,2026-09-22,False,r1_loss
688796,star,2025-12-10,2026-09-22,True,
688797,star,2026-06-24,2026-09-22,True,
688798,star,2021-08-16,2026-09-22,True,
688799,star,2021-07-13,2026-09-22,True,
688800,star,2021-07-22,2026-09-22,True,
688801,star,2026-09-11,2026-09-22,False,r1_loss
688802,star,2025-12-17,2026-09-22,False,r1_loss
688805,star,2025-12-24,2026-09-22,True,
688806,star,2026-07-21,2026-09-22,False,r1_loss
688807,star,2025-12-19,2026-09-22,True,
688808,star,2026-04-24,2026-09-22,True,
688809,star,2025-12-30,2026-09-22,True,
688811,star,2026-04-10,2026-09-22,True,
688813,star,2026-03-31,2026-09-22,True,
688816,star,2026-02-11,2026-09-22,True,
688818,star,2026-02-10,2026-09-22,True,
688819,star,2021-01-18,2026-09-22,True,
688820,star,2026-04-21,2026-09-22,True,
688825,star,2026-07-27,2026-09-22,True,
688826,star,2026-08-18,2026-09-22,True,
688828,star,2026-08-11,2026-09-22,False,r1_loss
688835,star,2026-08-25,2026-09-22,True,
688836,star,2026-08-19,2026-09-22,True,
688837,star,2026-09-16,2026-09-22,True,
688981,star,2020-07-16,2026-09-22,True,
689009,other,2020-10-29,2026-09-22,True,
