date,open,high,low,close,volume
2009-01-13,2.7,2.7,2.7,2.7,60
2009-06-29,2.75,2.75,2.75,2.75,600
2010-06-18,2.75,2.75,2.75,2.75,100
2010-06-22,2.75,2.75,2.75,2.75,500
2010-09-02,2.8,2.8,2.8,2.8,300
2011-09-08,4.6,4.6,4.6,4.6,100
2011-09-09,4.6,4.9,4.6,4.9,300
2011-09-13,5.2,5.2,4.2,4.2,600
2011-10-11,3.6,3.6,3.6,3.6,400
2011-10-17,3.6,3.6,3.6,3.6,600
2011-10-18,3.6,3.6,3.6,3.6,100
2011-10-26,3.6,3.6,3.6,3.6,100
2011-11-07,3.6,3.6,3.6,3.6,800
2011-11-11,3.6,3.6,3.6,3.6,10000
2011-11-15,0.61,3.6,0.61,3.6,10100
2011-11-16,3.6,3.6,3.6,3.6,100
2011-11-17,3.6,3.6,3.6,3.6,100
2011-11-18,3.6,3.6,3.6,3.6,3000
2011-11-21,3.6,3.6,3.6,3.6,1400
2011-12-02,3.4,3.4,3.4,3.4,100
2011-12-09,3.4,3.4,3.4,3.4,300
2011-12-13,3.5,3.5,3.4,3.4,400
2011-12-19,0.515,0.515,0.515,0.515,100
2011-12-22,3.3,3.3,3.3,3.3,100
2012-01-06,0.505,0.505,0.505,0.505,100
2012-01-17,1.02,1.03,1.015,1.03,300
2012-02-08,3.5,3.5,3.5,3.5,600
2012-02-13,3.5,3.5,3.5,3.5,100
2012-02-24,4,4,3.705,3.705,2200
2012-02-27,4,4,4,4,1100
2012-02-28,4,4,4,4,500
2012-02-29,4,4,4,4,100
2012-03-01,4,4,4,4,600
2012-03-09,3.5,4,3.5,3.5,1100
2012-03-12,3.7,3.7,3.7,3.7,400
2012-03-30,3.1,3.1,3.1,3.1,5000
2012-04-12,3.51,3.51,3.51,3.51,1200
2012-04-13,3.5,3.5,3.5,3.5,28000
2012-04-16,3.5,3.5,3.5,3.5,1800
2012-04-17,3.5,3.5,3.5,3.5,500
2012-04-18,3.51,3.51,3.51,3.51,900
2012-04-20,3.55,3.55,3.55,3.55,12800
2012-04-23,3.55,3.55,3.55,3.55,3200
2012-04-24,3.6,3.605,3.6,3.6,20800
2012-04-25,3.6,3.6,3.6,3.6,100
2012-04-26,3.55,3.55,3.55,3.55,1900
2012-04-27,3.45,3.45,3.45,3.45,100
2012-05-02,3.6,3.6,3.6,3.6,500
2012-05-04,3.5,3.6,3.5,3.5,27300
2012-05-07,3.5,3.5,3.5,3.5,500
2012-05-08,3.5,3.5,3.5,3.5,3400
2012-05-09,3.5,3.5,3.5,3.5,800
2012-05-11,3.4,3.4,3.4,3.4,600
2012-05-14,3.35,3.35,3.35,3.35,1400
2012-05-16,3.33,3.33,3.33,3.33,200
2012-05-17,3.34,3.34,3.34,3.34,5700
2012-05-21,3.3,3.3,3.3,3.3,500
2012-05-22,3.31,3.31,3.31,3.31,200
2012-05-23,3.3,3.3,3.3,3.3,100
2012-05-24,3.31,3.31,3.31,3.31,400
2012-05-25,3.3,3.3,3.3,3.3,6800
2012-05-28,3.3,3.3,3.3,3.3,1100
2012-05-29,3.3,3.3,3.3,3.3,1300
2012-05-30,3.31,3.31,3.31,3.31,400
2012-05-31,3.33,3.33,3.33,3.33,200
2012-06-01,3.3,3.3,3.3,3.3,400
2012-06-04,3.31,3.31,3.31,3.31,500
2012-06-05,3.3,3.3,3.3,3.3,2500
2012-06-06,3.31,3.31,3.31,3.31,700
2012-06-07,3.3,3.3,3.3,3.3,1100
2012-06-08,3.3,3.3,3.3,3.3,10000
2012-06-11,3.2,3.2,3.2,3.2,6600
2012-06-12,3.18,3.18,3.18,3.18,200
2012-06-13,3.19,3.19,3.19,3.19,300
2012-06-14,3.2,3.2,3.2,3.2,900
2012-06-15,3.21,3.21,3.21,3.21,600
2012-06-18,3.22,3.33,3.22,3.33,500
2012-06-19,3.25,3.5,3.25,3.5,2400
2012-06-20,3.5,3.8,3.5,3.7,51600
2012-06-21,3.8,3.8,3.8,3.8,5200
2012-06-25,3.8,3.8,3.7,3.715,40500
2012-06-26,3.8,3.8,3.8,3.8,66000
2012-06-27,3.85,3.85,3.8,3.8,100000
2012-06-28,3.78,3.81,3.78,3.8,20900
2012-07-02,3.8,3.85,3.8,3.81,1100
2012-07-03,3.8,3.8,3.8,3.8,2500
2012-07-04,3.81,3.85,3.81,3.85,49700
2012-07-05,3.84,3.84,3.75,3.75,60800
2012-07-06,3.7,3.7,3.7,3.7,54000
2012-07-09,3.6,3.7,3.6,3.6,1200
2012-07-10,3.6,3.7,3.6,3.6,2600
2012-07-11,3.51,3.51,3.51,3.51,300
2012-07-12,3.6,3.7,3.6,3.6,5300
2012-07-13,3.57,3.57,3.5,3.5,6600
2012-07-16,3.51,3.51,3.51,3.51,10500
2012-07-17,3.45,3.45,3.45,3.45,1600
2012-07-18,3.46,3.6,3.46,3.6,11800
2012-07-19,3.6,3.6,3.6,3.6,23200
2012-07-20,3.54,3.54,3.54,3.54,3400
2012-07-23,3.55,3.62,3.55,3.55,3000
2012-07-24,3.6,3.6,3.6,3.6,3500
2012-07-25,3.6,3.6,3.6,3.6,3600
2012-07-26,3.6,3.6,3.55,3.565,11800
2012-07-27,3.5,3.505,3.5,3.5,3400
2012-07-30,3.5,3.51,3.5,3.5,10400
2012-07-31,3.45,3.45,3.45,3.45,200
2012-08-01,3.5,3.5,3.5,3.5,1200
2012-08-02,3.45,3.45,3.45,3.45,300
2012-08-03,3.4,3.5,3.4,3.4,4300
2012-08-06,3.42,3.42,3.42,3.42,7000
2012-08-07,3.3,3.3,3.3,3.3,300
2012-08-08,3.33,3.33,3.33,3.33,200
2012-08-10,3.3,3.3,3.3,3.3,100
2012-08-13,3.33,3.33,3.33,3.33,1000
2012-08-14,3.3,3.3,3.3,3.3,100
2012-08-16,3.33,3.33,3.33,3.33,200
2012-08-17,3.4,3.4,3.4,3.4,2600
2012-08-20,3.45,3.6,3.45,3.51,25800
2012-08-21,3.6,3.6,3.6,3.6,10700
2012-08-22,3.6,3.61,3.52,3.52,16000
2012-08-23,3.5,3.5,3.5,3.5,400
2012-08-24,3.51,3.6,3.51,3.51,9300
2012-08-27,3.6,3.6,3.6,3.6,9300
2012-08-28,3.6,3.6,3.6,3.6,1700
2012-08-29,3.63,3.63,3.63,3.63,7900
2012-08-30,3.6,3.6,3.6,3.6,1400
2012-08-31,3.6,3.6,3.6,3.6,9400
2012-09-03,3.6,3.6,3.6,3.6,1400
2012-09-04,3.54,3.54,3.54,3.54,6500
2012-09-05,3.51,3.51,3.51,3.51,3200
2012-09-06,3.6,3.6,3.5,3.5,1400
2012-09-07,3.51,3.51,3.51,3.51,4500
2012-09-10,3.5,3.5,3.5,3.5,3600
2012-09-11,3.51,3.51,3.51,3.51,300
2012-09-13,3.51,3.51,3.51,3.51,200
2012-09-14,3.5,3.5,3.5,3.5,1000
2012-09-17,3.6,3.6,3.6,3.6,5400
2012-09-18,3.6,3.6,3.6,3.6,2000
2012-09-19,3.7,3.7,3.7,3.7,2400
2012-09-20,3.6,3.6,3.6,3.6,400
2012-09-21,3.6,3.6,3.6,3.6,600
2012-09-24,3.7,4,3.7,3.9,15600
2012-09-25,3.9,3.9,3.9,3.9,6600
2012-09-26,3.95,3.95,3.95,3.95,8400
2012-09-27,3.9,3.9,3.9,3.9,5900
2012-09-28,3.6,3.6,3.4,3.4,11300
2012-10-08,3.8,3.8,3.8,3.8,14100
2012-10-09,3.8,3.8,3.8,3.8,7800
2012-10-10,3.7,3.7,3.7,3.7,2500
2012-10-11,3.72,3.72,3.72,3.72,4900
2012-10-12,3.7,3.7,3.7,3.7,40600
2012-10-15,3.71,3.71,3.71,3.71,24400
2012-10-16,3.6,3.6,3.6,3.6,1100
2012-10-17,3.65,3.65,3.65,3.65,19000
2012-10-18,3.7,3.7,3.7,3.7,6200
2012-10-19,3.6,3.6,3.6,3.6,8900
2012-10-22,3.63,3.63,3.63,3.63,6600
2012-10-23,3.65,3.65,3.65,3.65,5700
2012-10-24,3.7,3.7,3.7,3.7,16000
2012-10-25,3.7,3.8,3.7,3.8,8500
2012-10-26,3.7,3.7,3.7,3.7,4900
2012-10-29,3.8,3.8,3.8,3.8,2800
2012-10-30,3.85,3.85,3.7,3.7,7900
2012-10-31,3.7,3.7,3.6,3.6,1900
2012-11-01,3.6,3.6,3.6,3.6,900
2012-11-02,3.6,3.6,3.6,3.6,27100
2012-11-05,3.65,3.65,3.6,3.6,1500
2012-11-06,3.6,3.6,3.6,3.6,300
2012-11-07,3.6,3.6,3.6,3.6,700
2012-11-08,3.7,3.7,3.7,3.7,7600
2012-11-09,3.6,3.605,3.6,3.6,2700
2012-11-12,3.7,3.7,3.7,3.7,8700
2012-11-13,3.7,3.7,3.7,3.7,2900
2012-11-14,3.72,3.72,3.72,3.72,4400
2012-11-15,3.8,3.8,3.8,3.8,17200
2012-11-19,3.8,3.8,3.7,3.7,20300
2012-11-20,3.72,3.72,3.72,3.72,1600
2012-11-21,3.8,3.8,3.8,3.8,6100
2012-11-22,3.8,3.8,3.8,3.8,5300
2012-11-23,3.7,3.7,3.7,3.7,6800
2012-11-26,3.72,3.72,3.72,3.72,900
2012-11-27,3.8,3.8,3.75,3.75,20100
2012-11-28,3.8,3.8,3.8,3.8,6500
2012-11-29,3.8,3.8,3.8,3.8,1500
2012-11-30,3.8,3.8,3.8,3.8,6900
2012-12-03,3.8,3.8,3.8,3.8,900
2012-12-04,3.85,3.85,3.85,3.85,20800
2012-12-05,3.85,3.85,3.85,3.85,3400
2012-12-06,3.85,3.85,3.85,3.85,1800
2012-12-07,3.85,3.85,3.85,3.85,8500
2012-12-10,3.85,3.85,3.85,3.85,23600
2012-12-11,3.85,3.9,3.85,3.85,4100
2012-12-12,3.85,3.85,3.85,3.85,8800
2012-12-13,3.85,3.85,3.85,3.85,3700
2012-12-14,3.8,3.8,3.7,3.7,4500
2012-12-17,3.85,3.85,3.85,3.85,6100
2012-12-18,3.85,3.9,3.85,3.9,3600
2012-12-19,3.9,3.9,3.9,3.9,2300
2012-12-20,3.95,4,3.95,3.95,2100
2012-12-21,3.8,3.8,3.8,3.8,5300
2012-12-24,3.85,3.85,3.85,3.85,500
2012-12-25,3.9,3.905,3.9,3.9,2900
2012-12-26,3.85,3.9,3.85,3.9,3900
2012-12-27,3.9,3.95,3.9,3.95,3800
2012-12-28,3.85,3.85,3.85,3.85,800
2012-12-31,4,4,3.9,3.9,3600
2013-01-04,4,4,3.85,3.85,3600
2013-01-07,3.85,3.85,3.85,3.85,1700
2013-01-08,3.9,3.9,3.85,3.85,9000
2013-01-10,3.7,3.7,3.7,3.7,1600
2013-01-11,3.7,3.8,3.65,3.65,6900
2013-01-14,3.71,3.71,3.7,3.7,17800
2013-01-15,3.7,3.7,3.7,3.7,6300
2013-01-16,3.75,3.75,3.7,3.7,26400
2013-01-17,1.5,3.72,1.5,3.72,1900
2013-01-18,3.7,3.75,3.7,3.7,7900
2013-01-21,3.7,3.705,3.7,3.7,4200
2013-01-22,3.72,3.72,3.72,3.72,8000
2013-01-23,3.75,3.75,3.75,3.75,2500
2013-01-24,3.75,3.75,3.75,3.75,200
2013-01-25,3.75,3.75,3.71,3.75,600
2013-01-28,3.8,3.8,3.8,3.8,5800
2013-01-29,3.83,4,3.83,3.83,1100
2013-01-30,3.85,3.85,3.85,3.85,1200
2013-01-31,3.85,4.2,3.85,4.2,1700
2013-02-01,3.8,3.81,3.8,3.81,5900
2013-02-04,3.82,4,3.82,3.82,600
2013-02-05,3.84,3.85,3.84,3.84,1100
2013-02-06,3.85,3.85,3.85,3.85,1800
2013-02-07,4,4,3.8,3.8,33300
2013-02-08,3.5,3.5,3.3,3.3,10900
2013-02-18,3.505,3.7,3.5,3.6,1600
2013-02-19,3.6,3.6,3.6,3.6,1300
2013-02-20,3.6,3.6,3.6,3.6,2900
2013-02-21,3.6,3.6,3.6,3.6,3900
2013-02-22,3.5,3.505,3.5,3.5,6500
2013-02-25,3.6,3.6,3.6,3.6,24500
2013-02-26,3.7,3.7,3.7,3.7,6300
2013-02-27,3.8,3.8,3.8,3.8,9100
2013-02-28,3.81,3.81,3.81,3.81,3400
2013-03-01,3.6,3.6,3.6,3.6,200
2013-03-04,3.7,3.7,3.7,3.7,6200
2013-03-05,3.72,3.72,3.72,3.72,100
2013-03-06,3.72,3.75,3.72,3.75,2500
2013-03-07,3.7,3.75,3.7,3.75,1000
2013-03-08,3.7,3.71,3.7,3.7,22200
2013-03-11,3.7,3.705,3.7,3.7,7700
2013-03-12,3.7,3.7,3.7,3.7,1700
2013-03-13,3.7,3.705,3.7,3.7,3400
2013-03-14,3.705,3.705,3.705,3.705,2700
2013-03-15,3.605,3.605,3.6,3.6,5100
2013-03-18,3.7,3.75,3.7,3.7,8000
2013-03-19,3.72,3.72,3.72,3.72,3300
2013-03-20,3.75,3.75,3.75,3.75,8400
2013-03-21,3.8,3.8,3.8,3.8,10500
2013-03-22,3.71,3.71,3.7,3.7,16600
2013-03-25,3.7,3.79,3.7,3.7,5600
2013-03-26,3.72,3.72,3.72,3.72,3400
2013-03-27,3.75,3.8,3.75,3.8,3200
2013-03-28,3.81,3.81,3.81,3.81,8200
2013-03-29,3.7,3.8,3.7,3.7,4600
2013-04-01,3.8,3.8,3.75,3.75,11300
2013-04-02,3.79,3.8,3.79,3.8,8100
2013-04-03,3.7,3.7,3.7,3.7,9400
2013-04-08,3.7,3.715,3.7,3.7,24200
2013-04-09,3.7,3.7,3.7,3.7,7000
2013-04-10,3.7,3.8,3.7,3.75,10100
2013-04-11,5,5,3.7,3.7,5200
2013-04-12,3.6,3.6,3.6,3.6,13000
2013-04-15,3.7,3.71,3.7,3.7,27600
2013-04-16,3.6,3.6,3.6,3.6,2700
2013-04-17,3.65,3.65,3.6,3.6,2700
2013-04-18,3.6,3.6,3.6,3.6,600
2013-04-19,3.65,3.9,3.6,3.9,400
2013-04-22,3.9,3.9,3.8,3.8,34200
2013-04-23,3.8,3.9,3.8,3.85,15700
2013-04-24,3.9,3.9,3.9,3.9,10000
2013-04-25,3.9,3.995,3.9,3.9,7900
2013-04-26,3.895,3.895,3.5,3.7,22800
2013-05-02,3.7,3.8,3.7,3.7,9800
2013-05-03,3.705,3.8,3.6,3.6,2600
2013-05-06,3.7,3.71,3.7,3.7,8500
2013-05-07,3.72,3.72,3.72,3.72,4200
2013-05-08,3.7,3.7,3.7,3.7,1100
2013-05-09,3.72,3.72,3.72,3.72,7900
2013-05-10,3.7,3.7,3.6,3.6,21200
2013-05-13,3.7,3.7,3.7,3.7,4600
2013-05-14,1.6,3.705,1.6,3.7,2100
2013-05-15,3.72,3.725,3.72,3.72,5200
2013-05-16,3.75,4.2,3.75,4.2,11400
2013-05-17,3.8,3.8,3.8,3.8,3500
2013-05-20,3.81,3.81,3.81,3.81,2900
2013-05-21,3.85,3.89,3.85,3.85,400
2013-05-22,3.9,3.9,3.9,3.9,10000
2013-05-23,3.9,4,3.9,4,3200
2013-05-24,3.8,3.8,3.8,3.8,4700
2013-05-27,3.85,3.85,3.85,3.85,3400
2013-05-28,3.85,3.86,3.85,3.85,1400
2013-05-29,3.8,3.8,3.8,3.8,200
2013-05-30,3.81,3.81,3.81,3.81,100
2013-05-31,3.85,3.86,3.85,3.85,6100
2013-06-03,3.9,3.9,3.9,3.9,11600
2013-06-04,3.91,3.91,3.91,3.91,1000
2013-06-05,3.95,3.95,3.95,3.95,1600
2013-06-06,4,4,4,4,14000
2013-06-07,4,4,3.9,3.9,18300
2013-06-13,4,4,4,4,400
2013-06-17,4.5,4.5,4.05,4.05,6700
2013-06-18,4.1,4.445,4.1,4.43,10200
2013-06-19,4.4,4.8,4.4,4.45,9100
2013-06-20,4.5,4.85,4.5,4.53,5700
2013-06-21,4.5,4.8,3.72,4.5,4300
2013-06-24,4.5,4.95,4.5,4.6,5700
2013-06-25,4.85,4.9,4.515,4.7,11000
2013-06-26,4.7,4.7,4.6,4.6,10400
2013-06-27,4.505,4.605,4.505,4.6,6000
2013-06-28,4.5,4.6,4.5,4.5,9300
2013-07-01,4.505,4.7,4.5,4.5,7100
2013-07-02,4.55,4.55,4.2,4.2,21300
2013-07-03,4.2,4.2,4.2,4.2,9500
2013-07-04,4.2,4.25,4.2,4.2,15900
2013-07-05,4.2,4.21,3.6,3.6,50800
2013-07-08,4,4,4,4,39500
2013-07-09,4.005,4.25,4.005,4.2,16700
2013-07-10,4.2,4.25,4.2,4.2,26300
2013-07-11,4.25,4.26,4.25,4.26,14300
2013-07-12,4.2,4.32,4.2,4.205,32100
2013-07-15,4.205,4.25,4.205,4.23,12000
2013-07-16,4.2,4.3,4.2,4.25,23000
2013-07-17,4.25,4.3,4.25,4.3,79200
2013-07-18,4.3,4.3,4.3,4.3,20200
2013-07-19,4.3,4.33,4.3,4.3,67300
2013-07-22,4.25,4.31,4.25,4.31,21000
2013-07-23,4.32,4.35,4.32,4.34,8300
2013-07-24,4.34,4.4,4.34,4.4,10300
2013-07-25,4.45,4.5,4.41,4.41,5100
2013-07-26,4.4,4.4,4.4,4.4,12700
2013-07-29,4.5,4.5,4.5,4.5,44700
2013-07-30,4.51,4.54,4.51,4.525,16300
2013-07-31,4.4,4.4,4.4,4.4,5200
2013-08-01,4.23,4.4,4.23,4.4,4200
2013-08-02,4.22,4.3,4.22,4.26,11700
2013-08-05,4.25,4.35,4.25,4.25,3700
2013-08-06,4.3,4.3,4.3,4.3,15300
2013-08-07,4.3,4.3,4.3,4.3,9300
2013-08-08,4.2,4.4,4.2,4.35,28900
2013-08-09,4.36,4.4,4.25,4.25,45300
2013-08-12,4.3,4.3,4.3,4.3,6900
2013-08-13,4.32,4.325,4.32,4.32,11700
2013-08-14,4.35,4.35,4.3,4.3,10600
2013-08-15,4.32,4.32,4.32,4.32,5300
2013-08-16,4.3,4.305,4.3,4.3,15500
2013-08-19,4.3,4.31,4.3,4.31,8100
2013-08-20,4.32,4.335,4.32,4.33,8900
2013-08-21,4.35,4.35,4.35,4.35,4200
2013-08-22,4.36,4.4,4.36,4.4,9300
2013-08-23,4.3,4.305,4.3,4.3,4800
2013-08-26,4.32,4.33,4.32,4.32,8500
2013-08-27,4.35,4.38,4.35,4.35,8500
2013-08-28,4.36,4.36,4.36,4.36,5100
2013-08-29,4.35,4.36,4.35,4.35,4300
2013-08-30,4.3,4.3,3.5,4.3,43200
2013-09-02,4.3,4.305,4.3,4.3,7000
2013-09-03,4.32,4.4,4.32,4.32,10800
2013-09-04,4.35,4.35,4.35,4.35,4500
2013-09-05,4.35,4.4,4.35,4.36,5200
2013-09-06,4.3,4.3,4.3,4.3,18800
2013-09-09,4.31,4.36,4.31,4.31,6300
2013-09-10,4.3,4.34,4.3,4.3,2000
2013-09-11,4.35,4.35,4.32,4.32,1900
2013-09-12,4.35,4.4,4.35,4.35,800
2013-09-13,4.3,4.3,4.3,4.3,1100
2013-09-16,4.32,4.435,4.32,4.4,3400
2013-09-17,4.41,4.5,4.41,4.41,2100
2013-09-18,4.3,4.3,4.3,4.3,3600
2013-09-23,4.32,4.45,4.32,4.45,40400
2013-09-24,4.4,4.49,4.4,4.4,2300
2013-09-25,4.5,4.5,4.5,4.5,10200
2013-09-26,4.5,4.5,4.5,4.5,116900
2013-09-27,4.4,4.45,4.4,4.4,2100
2013-09-30,4.2,4.2,4.2,4.2,13800
2013-10-08,4.4,4.4,4.4,4.4,15100
2013-10-09,4.5,4.7,4.5,4.5,2900
2013-10-10,4.7,4.7,4.505,4.505,2700
2013-10-11,4.4,4.41,4.4,4.4,4300
2013-10-14,4.5,4.68,4.5,4.5,32500
2013-10-15,4.5,4.5,4.5,4.5,21900
2013-10-16,4.5,4.5,4.5,4.5,21100
2013-10-17,4.41,4.7,4.41,4.41,1600
2013-10-18,4.65,4.65,4.4,4.4,5200
2013-10-21,4.5,4.5,4.5,4.5,29800
2013-10-22,4.5,4.55,4.5,4.5,21900
2013-10-23,4.5,4.505,4.5,4.5,8300
2013-10-24,4.5,4.51,4.5,4.5,3800
2013-10-25,4.5,4.55,4.5,4.505,14100
2013-10-28,4.5,4.55,4.5,4.5,5300
2013-10-29,4.21,4.51,4.21,4.5,3000
2013-10-30,4.55,4.6,4.55,4.6,2700
2013-10-31,4.505,4.51,4.505,4.51,300
2013-11-01,4.51,4.51,4.5,4.51,8200
2013-11-04,4.5,4.55,4.5,4.505,2400
2013-11-05,4.51,4.85,4.51,4.515,5900
2013-11-06,4.51,4.52,4.51,4.52,3500
2013-11-07,4.52,4.7,4.52,4.52,2200
2013-11-08,4.5,4.5,4.5,4.5,5600
2013-11-11,4.5,4.51,4.5,4.5,1300
2013-11-12,4.5,4.695,4.5,4.5,2000
2013-11-13,4.55,4.55,4.55,4.55,1000
2013-11-14,4.5,4.5,4.5,4.5,100
2013-11-15,4.5,4.6,4.5,4.55,1700
2013-11-18,4.7,4.88,4.635,4.835,5900
2013-11-19,4.61,5,4.61,4.8,1500
2013-11-20,5,5,4.7,4.9,2700
2013-11-21,4.715,5,4.715,4.9,1800
2013-11-22,4.98,5.01,4.8,4.91,41500
2013-11-25,5,5.05,4.81,5.005,4500
2013-11-26,5,5.19,5,5.15,31200
2013-11-27,5,5.3,5,5.3,16400
2013-11-28,5.2,5.39,5.2,5.385,39600
2013-11-29,5.005,5.38,5.005,5.105,65400
2013-12-02,5.35,5.495,5.065,5.3,31400
2013-12-03,5.3,5.36,5.3,5.3,30600
2013-12-04,5.3,5.305,5.01,5.01,20200
2013-12-05,5.2,5.205,5.2,5.2,12700
2013-12-06,5.2,5.2,5.1,5.2,32400
2013-12-09,5.15,5.3,5.15,5.25,25400
2013-12-10,5.1,5.2,5.1,5.15,6800
2013-12-11,5.25,5.5,5.15,5.32,25900
2013-12-12,5.3,5.395,5.3,5.34,18000
2013-12-13,5.315,5.355,5.25,5.25,42100
2013-12-16,5.3,5.33,5.26,5.3,39200
2013-12-17,5.28,5.375,5.25,5.365,34200
2013-12-18,5.265,5.465,5.265,5.46,27500
2013-12-19,5.46,5.53,5.405,5.48,44700
2013-12-20,5.4,5.8,5.4,5.8,199000
2013-12-23,5.6,5.85,5.6,5.8,184600
2013-12-24,5.6,5.81,5.6,5.7,177300
2013-12-25,2.86,5.36,2.86,5.33,38700
2013-12-26,5,5.4,5,5.4,43400
2013-12-27,5.37,5.59,5.16,5.58,46300
2013-12-30,5.5,5.82,5.4,5.68,51900
2013-12-31,5.5,5.7,5.2,5.2,33500
2014-01-02,5.2,5.345,5,5.3,13200
2014-01-03,5.3,5.45,5.2,5.3,35800
2014-01-06,5,5.4,5,5.34,16400
2014-01-07,5.3,5.38,5.3,5.35,24300
2014-01-08,105,105,4.5,5.32,11600
2014-01-09,5.32,5.5,5.32,5.4,16600
2014-01-10,5.3,5.42,5.3,5.32,66400
2014-01-13,5.32,5.56,5.32,5.42,34000
2014-01-14,5.31,5.5,5.31,5.4,42700
2014-01-15,5.45,5.5,5.44,5.44,15500
2014-01-16,5.5,5.5,5.5,5.5,17700
2014-01-17,5.5,5.55,5,5.3,56700
2014-01-20,5.3,5.85,5.3,5.365,13000
2014-01-21,5.6,5.61,5.3,5.59,21000
2014-01-22,5.3,5.495,5.3,5.34,5300
2014-01-23,5.4,5.5,5.4,5.4,17000
2014-01-24,5.3,5.4,5.3,5.31,15200
2014-01-27,5.38,5.4,5.38,5.38,13800
2014-01-28,5.45,5.45,5.4,5.4,12000
2014-01-29,5.2,5.3,5.05,5.05,22700
2014-01-30,5.01,5.1,4,5,22800
2014-02-07,5,5.21,5,5.1,91200
2014-02-10,5.2,5.33,5.15,5.15,70600
2014-02-11,5.3,5.305,5.16,5.16,63900
2014-02-12,5.3,5.4,5.3,5.35,52100
2014-02-13,5.2,5.31,5.2,5.27,65700
2014-02-14,5.27,5.31,5,5,220300
2014-02-17,5.27,5.27,4.9,4.95,18200
2014-02-18,4.9,5,4.9,4.98,32400
2014-02-19,3.155,5,3.155,4.91,30200
2014-02-20,4.615,4.685,4.615,4.685,2900
2014-02-21,4.69,4.71,4.69,4.7,27600
2014-02-24,4.7,4.8,4.7,4.72,15500
2014-02-25,4.7,4.8,4.7,4.73,17400
2014-02-26,4.85,4.85,4.8,4.8,7700
2014-02-27,4.7,4.71,4.7,4.71,9800
2014-02-28,4.7,4.8,4.7,4.72,28700
2014-03-03,4.7,4.705,4.7,4.7,25500
2014-03-04,4.6,4.8,4.6,4.6,8100
2014-03-05,4.505,4.7,4.505,4.6,6300
2014-03-06,4.65,4.7,4.65,4.65,12100
2014-03-07,4.5,4.65,4.5,4.55,26200
2014-03-10,4.5,4.565,4.5,4.5,32500
2014-03-11,4.5,4.505,4.4,4.505,23200
2014-03-12,4.5,4.5,4.31,4.32,3400
2014-03-13,4.21,4.225,4.21,4.225,400
2014-03-14,4,4.13,4,4.13,2200
2014-03-17,4.4,4.4,4.11,4.235,5500
2014-03-18,4.2,4.45,4.2,4.205,2800
2014-03-19,4.21,4.35,4.21,4.255,3200
2014-03-20,4.35,4.355,4.26,4.26,1100
2014-03-21,4.3,4.505,4.3,4.5,15200
2014-03-24,4.305,4.62,4.305,4.35,6300
2014-03-25,4.405,4.555,4.35,4.35,17600
2014-03-26,4.4,4.51,4.4,4.405,18600
2014-03-27,4.4,4.6,4.35,4.6,10700
2014-03-28,4.5,4.6,4.2,4.2,18700
2014-03-31,4.305,4.35,4.305,4.35,300
2014-04-01,5,5,4.305,4.305,700
2014-04-02,4.31,4.4,4.31,4.4,600
2014-04-04,4.3,4.32,4.3,4.32,2600
2014-04-08,4.32,4.335,4.32,4.33,2000
2014-04-09,4.3,4.5,4.3,4.4,1400
2014-04-10,4.4,4.4,4.4,4.4,100
2014-04-11,4.5,4.5,4.2,4.3,2600
2014-04-14,4.4,4.5,4.3,4.31,45100
2014-04-15,4.4,4.4,4.4,4.4,9900
2014-04-16,4.49,4.49,4.3,4.31,500
2014-04-17,4.31,4.31,4.31,4.31,600
2014-04-18,4.5,4.5,4.4,4.4,36100
2014-04-21,4.3,4.305,4.3,4.3,4200
2014-04-23,4.325,4.5,4.31,4.5,900
2014-04-25,4.4,4.45,4.35,4.35,5600
2014-04-28,4.36,4.4,4.36,4.365,1300
2014-04-29,4.4,4.5,4.4,4.5,2000
2014-04-30,4.3,4.3,3.1,3.1,300
2014-05-05,4.18,4.32,4.18,4.3,8400
2014-05-06,4.31,4.4,4.31,4.38,8700
2014-05-07,4.3,4.305,4.3,4.305,2100
2014-05-08,4.3,4.31,4.3,4.31,6000
2014-05-09,4.3,4.3,4.2,4.21,18300
2014-05-12,4.2,4.215,4.2,4.21,9800
2014-05-13,4.1,4.22,4.1,4.205,3800
2014-05-14,4.2,4.215,4.2,4.215,4900
2014-05-15,4.2,4.205,4.2,4.205,400
2014-05-16,4.205,4.25,4.2,4.21,6200
2014-05-19,4.205,4.3,4.205,4.23,7300
2014-05-20,4.25,4.3,4.25,4.25,3600
2014-05-21,4.295,4.3,4.265,4.27,1900
2014-05-22,4.3,4.3,4.23,4.23,400
2014-05-23,4.25,4.3,4.15,4.15,3100
2014-05-26,4.2,4.25,4.2,4.215,3400
2014-05-27,4.2,4.25,4.2,4.25,1200
2014-05-28,4.2,4.25,4.2,4.25,11100
2014-05-29,4.1,4.205,4.1,4.2,1700
2014-05-30,4.1,4.2,4.1,4.105,5000
2014-06-03,4.19,4.24,4.19,4.21,11000
2014-06-04,4.23,4.23,4.23,4.23,2700
2014-06-05,4.2,4.21,4.2,4.2,2500
2014-06-06,4.2,4.24,2.24,4.2,31200
2014-06-09,4.205,4.21,4.205,4.205,10100
2014-06-10,4.1,4.205,4.1,4.1,1000
2014-06-11,4,4,4,4,600
2014-06-12,4,4.1,4,4.1,2200
2014-06-13,4.1,4.1,4,4,1800
2014-06-16,4.095,4.1,4,4.1,500
2014-06-17,3.9,4.4,3.9,4.395,3600
2014-06-18,4.4,4.55,4.4,4.5,40300
2014-06-19,4.5,4.55,4.5,4.5,50700
2014-06-20,4.5,4.55,4.41,4.41,101100
2014-06-23,4.41,4.51,4.32,4.32,74200
2014-06-24,4.41,4.45,4.41,4.41,37200
2014-06-25,4.4,4.41,4.35,4.35,39600
2014-06-26,4.41,4.42,4.4,4.41,59800
2014-06-27,4.4,4.41,4.3,4.4,57000
2014-06-30,4.3,4.3,4,4.1,35800
2014-07-01,4.2,4.2,4.01,4.2,58800
2014-07-02,4.2,4.25,4.1,4.25,18700
2014-07-03,4.25,4.34,4.05,4.245,5600
2014-07-04,4.2,4.29,4.2,4.255,36000
2014-07-07,4.255,4.3,3.5,4.3,20100
2014-07-08,4.3,4.325,4.25,4.3,31900
2014-07-09,4.2,4.35,4.2,4.33,3500
2014-07-10,4.3,4.38,4.3,4.36,5500
2014-07-11,4.315,4.38,4.31,4.35,25400
2014-07-14,4.38,4.4,4.1,4.35,2400
2014-07-15,4.3,4.31,4.3,4.31,2800
2014-07-16,4.3,4.405,4.3,4.4,3500
2014-07-17,4.4,4.4,4.205,4.4,6300
2014-07-18,4.4,4.5,4.3,4.41,1500
2014-07-21,4.255,4.495,4.255,4.41,1000
2014-07-22,4.4,4.48,4.4,4.4,1800
2014-07-23,4.39,4.55,4.39,4.4,1800
2014-07-24,4.2,4.55,4.2,4.3,500
2014-07-25,4.5,4.5,4.21,4.3,13300
2014-07-28,4.3,4.5,4.3,4.41,19200
2014-07-29,4.4,4.43,4.205,4.3,9000
2014-07-30,4.305,4.4,4.305,4.4,7600
2014-07-31,4.2,4.42,4.2,4.41,10800
2014-08-01,4,4.425,4,4.42,23800
2014-08-04,4.305,4.4,4.305,4.4,8400
2014-08-05,4.31,4.4,4.31,4.4,4200
2014-08-06,4.4,4.4,4.3,4.4,2600
2014-08-07,4.4,4.4,4.4,4.4,23900
2014-08-08,4.4,4.4,4.3,4.35,42400
2014-08-11,4.2,4.26,4.2,4.25,4700
2014-08-12,4.255,4.3,4.25,4.255,8600
2014-08-13,4.255,4.305,4.255,4.305,6100
2014-08-14,4.305,4.4,4.305,4.4,900
2014-08-15,4.4,4.4,4.325,4.38,29600
2014-08-18,4.4,4.4,4.3,4.4,25600
2014-08-19,4.4,4.41,4.4,4.405,13700
2014-08-20,4.4,4.49,4.385,4.41,2200
2014-08-21,4.385,4.5,4.385,4.47,1500
2014-08-22,4.47,4.6,4.47,4.5,28900
2014-08-25,4.6,4.65,4.55,4.55,17000
2014-08-26,4.5,4.64,4.5,4.6,20900
2014-08-27,4.5,4.6,3.01,3.01,3100
2014-08-28,4.5,4.6,4.5,4.6,2900
2014-08-29,4.45,4.45,3.51,4.135,300
2014-09-01,2.61,4.4,2.61,4.4,1300
2014-09-02,4.495,4.5,4.4,4.4,14700
2014-09-03,3.4,4.4,3.4,4.4,8300
2014-09-04,4.1,4.4,4.1,4.4,2200
2014-09-05,4.3,4.4,4.005,4.3,30100
2014-09-09,4.4,4.5,4.065,4.405,23300
2014-09-10,4.495,4.5,4.41,4.41,2300
2014-09-11,4.4,4.5,4.4,4.41,6200
2014-09-12,4.4,4.4,4.4,4.4,4300
2014-09-15,4.4,4.4,4.4,4.4,1100
2014-09-16,4.5,4.55,4.5,4.5,3800
2014-09-17,4.41,4.45,4.41,4.45,200
2014-09-18,4.41,4.41,4.41,4.41,300
2014-09-19,4.2,4.2,4.2,4.2,100
2014-09-22,4.45,4.65,4.45,4.65,5300
2014-09-23,4.5,4.505,4.5,4.5,3300
2014-09-24,4.505,4.515,4.5,4.5,4500
2014-09-25,4.5,5,4.5,4.5,4200
2014-09-26,4.5,4.5,4.125,4.4,14200
2014-09-29,4.11,4.15,4.11,4.125,1600
2014-09-30,4.11,4.115,4.01,4.02,21300
2014-10-08,4.11,4.25,4.11,4.17,3000
2014-10-09,4.11,4.395,4.11,4.115,1400
2014-10-10,4.11,4.115,4.11,4.115,400
2014-10-13,4.11,4.3,4.11,4.3,2100
2014-10-14,4.15,4.15,4.115,4.115,300
2014-10-15,4.2,4.2,4.11,4.11,2900
2014-10-16,4.21,4.3,4.21,4.21,2100
2014-10-17,4.11,4.2,4.11,4.115,3400
2014-10-20,4.3,4.4,4.2,4.2,8600
2014-10-21,4.35,4.35,4.13,4.13,2000
2014-10-22,4.2,4.2,4.155,4.155,900
2014-10-23,4.3,4.305,4.3,4.3,8700
2014-10-24,4.01,4.3,4.01,4.29,9700
2014-10-27,4.3,4.4,4.29,4.31,6600
2014-10-28,4.2,4.25,4.025,4.19,3000
2014-10-29,3.93,3.94,3.93,3.94,1300
2014-10-30,4.02,4.13,4.02,4.02,5100
2014-10-31,4.015,4.195,3.91,3.91,10600
2014-11-03,3.91,4.1,3.91,3.91,12000
2014-11-04,3.92,3.92,3.91,3.91,500
2014-11-05,4,4,3.95,3.95,400
2014-11-07,3.91,3.91,3.91,3.91,700
2014-11-10,4.45,4.45,3.91,3.91,5800
2014-11-11,4,4,3.91,3.91,1400
2014-11-12,4,4,3.91,3.91,500
2014-11-13,3.91,3.95,3.91,3.95,600
2014-11-14,3.95,3.95,3.91,3.91,1200
2014-11-17,4,4,4,4,100
2014-11-18,4.1,4.4,4.02,4.02,15300
2014-11-19,4.35,4.4,4.35,4.4,5100
2014-11-21,3.91,3.91,3.91,3.91,1200
2014-11-24,4.35,4.35,3.915,4.35,1600
2014-11-25,4.44,4.44,4.44,4.44,100
2014-11-27,3.91,4.395,3.91,4.395,500
2014-11-28,3.955,3.955,3.91,3.91,800
2014-12-01,4.35,4.39,4.35,4.35,3400
2014-12-02,4.34,4.35,4.3,4.3,800
2014-12-03,4.3,4.3,4.3,4.3,1700
2014-12-04,4.3,4.35,4.3,4.3,1800
2014-12-05,3.95,4.35,3.9,4.35,300
2014-12-08,4,4.1,4,4.1,500
2014-12-09,4.98,4.98,3.21,4.5,3700
2014-12-10,4.5,4.5,4.5,4.5,2400
2014-12-11,4.5,4.51,4.5,4.5,800
2014-12-12,3.9,4.52,3.9,4.5,2800
2014-12-15,4.8,4.8,4.6,4.6,8700
2014-12-16,4.8,4.8,4.7,4.7,14300
2014-12-17,4.8,4.9,4.8,4.8,4500
2014-12-18,4.98,5.35,4.8,5,47500
2014-12-19,5,5.1,4.8,5,66700
2014-12-22,5,5.1,5,5,123000
2014-12-23,5,5,4.8,4.8,80700
2014-12-24,4.5,4.505,4.4,4.4,16200
2014-12-25,4.2,4.25,4.2,4.2,19700
2014-12-26,4.2,4.2,4.2,4.2,23600
2014-12-29,4.2,4.25,4.2,4.2,8200
2014-12-30,4,4.3,4,4,1200
2014-12-31,4.1,4.1,4.1,4.1,24400
2015-01-05,4.43,4.45,4.2,4.2,36100
2015-01-06,4.33,4.505,4.33,4.505,10400
2015-01-07,4.43,4.51,4.43,4.5,4900
2015-01-08,4.53,4.6,4.53,4.53,12100
2015-01-09,4.43,4.5,4.43,4.5,15300
2015-01-12,4.43,4.5,4.43,4.5,9400
2015-01-13,4.5,4.59,4.5,4.5,7400
2015-01-14,4.5,4.5,4.5,4.5,8000
2015-01-15,4.5,4.51,4.5,4.51,11100
2015-01-16,4.5,4.5,4.31,4.31,11000
2015-01-19,4.3,4.33,4.3,4.33,6900
2015-01-20,4.35,4.5,4.35,4.36,26600
2015-01-21,4.2,4.33,4.2,4.33,7200
2015-01-22,4.33,4.33,4.33,4.33,10200
2015-01-23,4.33,4.33,4.23,4.23,30400
2015-01-26,4.33,4.38,4.33,4.38,20900
2015-01-27,4.2,4.38,4.2,4.2,700
2015-01-28,4.3,4.33,4.3,4.33,10500
2015-01-29,4.2,4.35,4.2,4.35,1100
2015-01-30,4.38,4.4,4.2,4.4,10400
2015-02-02,4.4,4.5,4.2,4.2,18100
2015-02-03,4.5,4.505,4.3,4.3,16100
2015-02-04,4.32,4.32,4.32,4.32,1000
2015-02-05,4.3,4.3,4.3,4.3,900
2015-02-06,4.35,4.35,1.31,4.32,23700
2015-02-09,3.11,4.3,3.11,4.3,4700
2015-02-10,4.35,4.4,4.35,4.36,19400
2015-02-11,4.36,4.5,4.36,4.4,4900
2015-02-12,4.3,4.33,4.3,4.33,26100
2015-02-13,4.2,4.2,3.01,3.01,10200
2015-02-25,4.32,4.35,4.3,4.35,51000
2015-02-26,3.05,4,3.05,4,300
2015-02-27,4.25,4.34,3.01,3.68,52200
2015-03-02,4.05,4.2,4.05,4.05,10900
2015-03-03,4.3,4.33,4.3,4.33,6600
2015-03-04,4.3,4.33,4.3,4.31,5600
2015-03-05,4.25,4.25,4.25,4.25,200
2015-03-06,4.3,4.4,4.3,4.3,7100
2015-03-09,4.4,4.5,4.4,4.5,6800
2015-03-10,4.52,4.52,4.52,4.52,7500
2015-03-11,4.52,4.53,0.53,4.4,10400
2015-03-12,4.41,4.41,4.41,4.41,6100
2015-03-13,4.2,4.24,4.2,4.24,8300
2015-03-16,4.2,4.21,4.2,4.21,4900
2015-03-17,4.1,4.11,4.1,4.11,5100
2015-03-18,4.1,4.2,4.1,4.12,12300
2015-03-19,4.13,4.2,4.13,4.13,5500
2015-03-20,4.2,4.2,4,4,15200
2015-03-23,4.1,4.1,4.1,4.1,3400
2015-03-24,4.1,4.1,4.1,4.1,4300
2015-03-25,4.1,4.1,4.1,4.1,3500
2015-03-26,4.1,4.2,4.1,4.1,1800
2015-03-27,3.8,4.1,3.8,4.1,200
2015-03-30,4.1,4.1,4.1,4.1,2900
2015-03-31,4.1,4.1,4.1,4.1,1600
2015-04-01,4.1,4.1,4.1,4.1,1900
2015-04-02,4.1,4.1,4.1,4.1,1200
2015-04-03,4.1,4.1,4.1,4.1,2200
2015-04-07,4.11,4.8,4.11,4.11,1600
2015-04-08,4.1,4.55,4.1,4.1,1400
2015-04-09,4.1,4.1,4.1,4.1,400
2015-04-10,4.11,4.11,4.11,4.11,800
2015-04-14,4.1,4.1,4.1,4.1,1300
2015-04-15,4.1,4.1,4.1,4.1,4600
2015-04-16,4.1,4.1,4.1,4.1,3800
2015-04-17,3.6,3.6,3.6,3.6,900
2015-04-20,3.7,3.7,3.7,3.7,14200
2015-04-21,3.7,3.75,3.7,3.7,9400
2015-04-22,3.7,3.73,3.7,3.7,8700
2015-04-23,3.7,3.8,3.7,3.71,3500
2015-04-29,3.4,3.4,3.4,3.4,100
2015-05-04,3.5,3.5,3.5,3.5,400
2015-05-05,3.4,3.4,3.4,3.4,100
2015-05-06,3.2,3.4,3.2,3.4,500
2015-05-07,3.4,3.4,3.4,3.4,1700
2015-05-08,3.3,3.3,3.3,3.3,1000
2015-05-11,3,3,3,3,200
2015-05-12,3,3.4,3,3.4,1100
2015-05-15,3.3,3.3,2.6,2.6,300
2015-05-19,2.71,2.71,2.71,2.71,500
2015-05-21,4,4,2.7,2.7,600
2015-05-22,1.5,1.5,1.5,1.5,100
2015-05-26,3,3,3,3,200
2015-05-29,1.1,1.52,1.1,1.52,500
2015-06-01,2.2,3,2.2,3,1800
2015-06-08,4.5,4.5,0.26,2.7,1600
2015-06-09,1.3,2.5,1.3,2.5,5300
2015-06-11,1.58,1.61,1.58,1.61,400
2015-06-12,4,4,1.35,1.45,18700
2015-06-15,3.98,3.98,2,2,400
2015-06-24,3.1,3.1,3,3.1,4800
2015-06-25,3.1,3.15,3,3.15,4500
2015-06-29,1.61,1.61,1.61,1.61,200
2015-06-30,3,3,3,3,500
2015-07-06,3,3,3,3,14700
2015-07-07,3,3,2.3,3,36400
2015-07-08,2.7,2.7,2.7,2.7,1000
2015-07-09,2.5,2.5,2.5,2.5,600
2015-07-13,2.9,3,2.9,3,51600
2015-07-14,3,3,3,3,4000
2015-07-15,2.71,3,2.71,3,19600
2015-07-16,2.7,3,2.7,3,19200
2015-07-17,3,3,3,3,47400
2015-07-20,3,3,3,3,22900
2015-07-21,3,3,2.7,3,18000
2015-07-22,2.99,3,2.99,3,13700
2015-07-23,2.99,3,2.99,3,24500
2015-07-24,1.02,2.9,1.02,2.9,8100
2015-07-27,2.5,3,2.5,3,23000
2015-07-28,2.9,3,2.9,3,5000
2015-07-29,1,2.5,1,2.5,900
2015-07-30,2.7,2.9,2.7,2.9,12900
2015-07-31,2.9,2.9,2.9,2.9,8700
2015-08-03,2.7,2.7,2.7,2.7,10500
2015-08-04,2.7,2.7,2.7,2.7,7700
2015-08-05,2.7,2.9,2.7,2.9,6400
2015-08-06,2.72,2.9,2.72,2.9,15600
2015-08-07,2.9,2.9,2.9,2.9,27100
2015-08-11,2.68,2.68,1.16,1.16,200
2015-08-17,2,2,2,2,200
2015-08-19,2,2,2,2,100
2015-08-21,2.2,2.2,2.2,2.2,300
2015-08-24,2.36,2.36,2,2,200
2015-08-26,2.005,2.005,2,2,1600
2015-09-07,2.2,2.2,2.05,2.05,500
2015-09-08,2.1,2.1,2.1,2.1,100
2015-09-23,2.4,2.4,2.4,2.4,200
2015-09-25,2.4,2.41,2.4,2.4,700
2015-09-29,2.4,2.4,2.4,2.4,200
2015-09-30,2.3,2.3,2.3,2.3,4100
2015-10-08,2.3,2.5,2.3,2.46,6800
2015-10-13,2.45,2.45,2.45,2.45,200
2015-10-15,2.45,2.5,2.45,2.46,19600
2015-10-16,2.5,2.505,2.5,2.505,5100
2015-10-19,2.515,2.565,2.51,2.565,5200
2015-10-20,2.57,2.605,2.57,2.605,1500
2015-10-21,2.6,2.6,2.6,2.6,1400
2015-10-22,2.5,2.61,2.5,2.59,2500
2015-10-27,2.5,2.55,2.5,2.55,2300
2015-10-28,2.6,2.6,2.55,2.55,300
2015-10-30,2.55,2.8,2.55,2.8,27700
2015-11-02,2.59,2.59,2.59,2.59,600
2015-11-03,2.55,2.87,2.55,2.87,7800
2015-11-04,2.9,2.9,2.9,2.9,2700
2015-11-06,2.53,2.9,2.53,2.9,40000
2015-11-09,2.9,2.9,2.9,2.9,2500
2015-11-10,2.9,2.905,2.9,2.9,5200
2015-11-11,2.9,2.9,2.9,2.9,5600
2015-11-13,2.6,2.6,2.6,2.6,1200
2015-11-16,2.555,2.555,2.555,2.555,200
2015-11-18,2.7,2.9,2.7,2.9,5000
2015-11-19,2.9,2.9,2.9,2.9,100
2015-11-20,2.6,2.9,2.6,2.9,10100
2015-11-24,2.65,2.65,2.65,2.65,100
2015-11-26,2.9,2.9,2.9,2.9,200
2015-12-01,2.9,2.9,2.9,2.9,7700
2015-12-02,2.9,2.9,2.9,2.9,1500
2015-12-03,2.9,2.9,2.9,2.9,6200
2015-12-04,2.9,2.9,2.6,2.6,200
2015-12-07,2.6,2.6,2.6,2.6,200
2015-12-08,2.6,2.6,2.6,2.6,2800
2015-12-09,2.5,2.6,2.5,2.55,2000
2015-12-10,2.55,2.6,2.55,2.555,1300
2015-12-14,2.9,2.9,2.9,2.9,10200
2015-12-21,2.6,2.6,2.6,2.6,300
2015-12-22,2.9,2.9,2.7,2.9,2400
2015-12-23,2.89,2.905,2.89,2.9,25800
2015-12-24,2.9,2.9,2.9,2.9,15700
2015-12-25,2.65,2.65,1,2.65,2400
2015-12-28,1.895,2.9,1.895,2.9,59900
2015-12-29,2.89,2.9,2.89,2.9,17100
2015-12-30,2.8,2.8,2.8,2.8,900
2015-12-31,2.505,2.505,2.505,2.505,1400
2016-01-04,2.505,2.905,2.505,2.9,26000
2016-01-05,2.89,2.9,2.8,2.9,10800
2016-01-06,2.9,2.9,2.9,2.9,16400
2016-01-07,2.505,2.505,2.505,2.505,1500
2016-01-08,2.505,2.505,2.505,2.505,4000
2016-01-11,2.8,2.9,2.505,2.85,120200
2016-01-12,2.8,2.8,2.8,2.8,16600
2016-01-13,2.505,2.9,2.505,2.9,104400
2016-01-14,2.8,2.8,2.8,2.8,10500
2016-01-15,2.8,2.8,2.8,2.8,30800
2016-01-18,2.75,2.8,2.75,2.8,37000
2016-01-19,2.75,2.8,2.75,2.8,8200
2016-01-20,2.71,2.71,2.71,2.71,1100
2016-01-21,2.8,2.8,2.8,2.8,6900
2016-01-22,2.8,2.8,2.8,2.8,30200
2016-01-25,2.5,2.5,2.5,2.5,100
2016-01-26,2.5,2.8,2.5,2.8,10300
2016-01-28,2.5,2.5,2.5,2.5,3100
2016-01-29,2.7,2.7,2.7,2.7,13700
2016-02-01,2.6,2.6,2.6,2.6,200
2016-02-02,2.2,2.2,2.2,2.2,200
2016-02-03,2.2,2.2,2.2,2.2,1000
2016-02-04,2.7,2.9,2.7,2.7,8000
2016-02-05,2.65,2.73,1.6,1.6,104600
2016-02-15,2.79,2.79,2.69,2.69,500
2016-02-16,2.59,2.59,2.59,2.59,500
2016-02-18,2.55,2.55,2.55,2.55,200
2016-02-19,2.43,2.43,1.61,2.4,2200
2016-02-22,2.39,2.39,2.39,2.39,100
2016-02-24,2.3,2.39,2.3,2.39,200
2016-02-25,1.6,2.39,1.6,2.39,400
2016-02-26,2.1,2.105,2.1,2.1,1100
2016-02-29,2.12,2.12,1.615,1.67,2900
2016-03-02,2.1,2.1,2.1,2.1,1500
2016-03-03,2.1,2.1,2.1,2.1,100
2016-03-11,1,1,1,1,500
2016-03-14,1,1,1,1,100
2016-03-16,2.205,2.205,2.205,2.205,500
2016-03-18,1,2.205,1,1.805,700
2016-03-30,2.1,2.11,2.1,2.11,200
2016-04-06,2.3,2.3,2.3,2.3,1500
2016-04-07,2.1,2.105,2.1,2.105,1200
2016-04-18,2.3,2.3,2.3,2.3,100
2016-04-19,2.3,2.3,2.3,2.3,200
2016-04-20,2.4,2.4,2.4,2.4,400
2016-04-21,2.4,2.4,2.4,2.4,100
2016-04-25,2.4,2.4,2.4,2.4,1400
2016-04-28,2.1,2.1,1.6,2.1,15700
2016-04-29,2.2,2.2,1.4,1.405,7900
2016-05-03,2.08,2.2,2.08,2.2,300
2016-05-04,2.4,2.405,2.4,2.4,16100
2016-05-06,2.2,2.2,2.1,2.1,11100
2016-05-09,2.21,2.21,2.21,2.21,100
2016-05-13,1.1,1.8,1.1,1.8,2000
2016-05-17,1.91,1.91,1.91,1.91,500
2016-05-18,2.4,2.4,2.4,2.4,12600
2016-05-19,1.51,1.51,1.51,1.51,100
2016-05-20,2.4,2.4,1.2,1.2,28500
2016-05-30,1.9,1.91,1.9,1.91,1200
2016-06-01,2.015,2.015,2.015,2.015,300
2016-06-06,2.3,2.3,2.3,2.3,300
2016-06-13,2.15,2.15,2.14,2.14,300
2016-06-14,2.22,2.22,2.2,2.2,300
2016-06-15,2.2,2.2,2.2,2.2,900
2016-06-23,1.81,1.81,1.81,1.81,500
2016-06-27,2.25,2.25,2.25,2.25,100
2016-06-29,2.28,2.28,2.28,2.28,100
2016-06-30,2.1,2.1,2.1,2.1,200
2016-07-01,2.2,2.2,2.2,2.2,200
2016-07-04,2.12,2.25,2.12,2.25,800
2016-07-05,2.4,2.4,2.4,2.4,100
2016-07-06,2.12,2.12,2.12,2.12,200
2016-07-07,2.12,2.12,2.12,2.12,100
2016-07-08,2.13,2.13,2.13,2.13,200
2016-07-11,2.15,2.4,2.12,2.12,1300
2016-07-12,2.2,2.4,2.2,2.2,900
2016-07-14,2.18,2.18,2.18,2.18,100
2016-07-18,2.405,2.405,2.405,2.405,1400
2016-07-19,2.4,2.405,2.4,2.405,3100
2016-07-20,2.4,2.4,2.4,2.4,100
2016-07-21,2.4,2.4,2.31,2.4,7400
2016-07-22,2.125,2.135,2.12,2.135,500
2016-07-25,2.455,2.465,2.455,2.465,500
2016-07-26,2.5,2.5,2.5,2.5,500
2016-07-28,2.31,2.31,2.305,2.305,700
2016-08-01,1.02,1.8,1.02,1.8,300
2016-08-03,2.4,2.4,2.4,2.4,100
2016-08-04,2.4,2.4,2.4,2.4,1000
2016-08-05,2.4,2.4,2.4,2.4,1400
2016-08-08,2.4,2.5,2.3,2.405,5100
2016-08-09,2.4,2.4,2.4,2.4,300
2016-08-10,2.48,2.48,2.1,2.1,300
2016-08-11,2.5,2.5,2.5,2.5,1200
2016-08-12,2.48,2.8,2.4,2.4,3000
2016-08-15,2.5,2.6,2.425,2.435,600
2016-08-16,2.5,2.5,2,2,600
2016-08-17,2.5,2.5,2.5,2.5,1700
2016-08-19,2.49,2.5,2.45,2.5,1700
2016-08-22,2.5,2.51,2.5,2.5,3300
2016-08-23,2.5,2.5,2.5,2.5,1500
2016-08-24,2.49,2.505,2.49,2.5,2000
2016-08-25,2.6,2.6,2.5,2.5,600
2016-08-26,2.405,2.415,2.405,2.415,500
2016-08-30,2.5,2.5,2.5,2.5,1200
2016-08-31,2.215,2.5,2.215,2.5,1100
2016-09-01,2.26,2.29,2.26,2.29,1400
2016-09-05,2.2,2.2,2.2,2.2,200
2016-09-06,2.355,2.405,2.355,2.405,200
2016-09-07,2.5,2.5,2.5,2.5,100
2016-09-08,2.4,2.4,2.4,2.4,200
2016-09-12,2.4,2.5,2.3,2.41,1200
2016-09-13,2.4,2.4,2.305,2.305,500
2016-09-14,2.5,2.5,2.4,2.4,1700
2016-09-19,2.5,2.505,2.5,2.5,900
2016-09-20,2.5,2.6,2.5,2.6,500
2016-09-21,2.6,2.6,2.6,2.6,100
2016-09-22,2.405,2.405,2.405,2.405,200
2016-09-23,2.6,2.6,2.4,2.6,400
2016-09-26,2.59,2.6,2.59,2.6,1800
2016-09-29,2.4,2.4,2.4,2.4,100
2016-09-30,2.4,2.4,2.305,2.31,1200
2016-10-10,2.31,2.485,2.205,2.3,1200
2016-10-11,2.35,2.36,2.35,2.36,400
2016-10-12,2.215,2.255,2.21,2.245,1500
2016-10-13,2.4,2.4,2.4,2.4,100
2016-10-14,2.325,2.5,2.325,2.5,9600
2016-10-17,2.5,2.5,2.5,2.5,500
2016-10-18,2.5,2.5,2.5,2.5,1000
2016-10-19,2.5,2.7,2.5,2.5,1100
2016-10-20,2.6,2.65,2.5,2.5,400
2016-10-24,2.515,2.515,2.515,2.515,700
2016-10-25,2.6,2.6,2.56,2.56,400
2016-10-26,2.8,2.8,2.8,2.8,3400
2016-10-27,2.8,2.815,2.8,2.815,4700
2016-10-28,2.52,2.535,2.52,2.535,300
2016-10-31,2.56,2.56,2.56,2.56,100
2016-11-01,2.5,2.5,2.5,2.5,200
2016-11-02,2.5,2.5,2.5,2.5,100
2016-11-03,2.505,2.65,2.505,2.55,2200
2016-11-04,2.33,2.6,2.33,2.5,1600
2016-11-07,2.57,2.57,2.55,2.55,1500
2016-11-08,2.7,2.7,2.6,2.6,200
2016-11-09,2.335,2.405,2.335,2.405,400
2016-11-10,2.7,2.8,2.605,2.605,600
2016-11-11,2.7,2.7,2.605,2.605,200
2016-11-14,2.36,2.36,2.36,2.36,600
2016-11-15,2.65,2.65,2.65,2.65,100
2016-11-16,2.8,2.8,2.68,2.68,300
2016-11-18,2.75,2.8,2.355,2.355,600
2016-11-21,2.8,2.8,2.8,2.8,4900
2016-11-22,2.8,3,2.8,3,28400
2016-11-23,3,3,3,3,16600
2016-11-24,3,3.1,3,3,4300
2016-11-25,3,3.005,3,3,28000
2016-11-28,3,3.005,3,3.005,1300
2016-11-29,3.03,3.1,3.03,3.1,800
2016-11-30,3.005,3.2,3.005,3.1,2500
2016-12-01,3,3.1,3,3.01,800
2016-12-02,3.1,3.12,2.8,3.01,16100
2016-12-05,3.01,3.09,3.01,3.055,42100
2016-12-06,3,3,3,3,1500
2016-12-07,3,3,3,3,100
2016-12-08,3,3,3,3,1400
2016-12-09,3,3.005,3,3.005,2200
2016-12-12,3,3.5,3,3.1,12800
2016-12-13,3.1,3.4,3.1,3.105,900
2016-12-14,3.2,3.2,3.1,3.15,7800
2016-12-15,3.1,3.32,3.1,3.3,5600
2016-12-16,3.3,3.31,3.3,3.31,2100
2016-12-19,3.31,3.5,3.3,3.5,4100
2016-12-20,3.505,3.675,3.505,3.52,4400
2016-12-21,3.7,3.7,3.2,3.32,2600
2016-12-22,3.31,3.32,3.2,3.21,6700
2016-12-23,3.3,3.31,3.16,3.3,9500
2016-12-26,3.3,3.4,3.3,3.31,7000
2016-12-27,3.31,3.32,3.31,3.32,1500
2016-12-28,3.36,3.55,3.36,3.45,14200
2016-12-29,3.3,3.46,3.25,3.3,8700
2016-12-30,3.305,3.305,2.58,3.025,1600
2017-01-03,2.8,3.3,2.8,3.015,11200
2017-01-04,3.1,3.155,3.1,3.155,8200
2017-01-05,3.17,3.3,3.17,3.17,7400
2017-01-06,3.25,3.25,2.55,3.01,11400
2017-01-09,3.19,3.2,2.89,3,10700
2017-01-10,3.08,3.5,3.08,3.1,4500
2017-01-11,3.11,3.15,3.11,3.15,6900
2017-01-12,3.16,3.16,3.11,3.11,5800
2017-01-13,3.1,3.1,3.015,3.03,3600
2017-01-16,3.09,3.09,3.06,3.06,9400
2017-01-17,3.11,3.11,3.095,3.095,6600
2017-01-18,3.01,3.5,3.01,3.165,13500
2017-01-19,3.2,3.5,3.125,3.125,7200
2017-01-20,3.02,3.07,3.02,3.07,1000
2017-01-23,3.49,3.5,3.2,3.475,13300
2017-01-24,3.02,3.05,3.02,3.05,600
2017-01-25,3.015,3.02,3.015,3.015,600
2017-01-26,3.015,3.02,2.9,2.9,22300
2017-02-03,2.91,3.6,2.91,3.3,14600
2017-02-06,3.21,3.25,3.21,3.21,9400
2017-02-07,3.21,3.31,3.21,3.3,59500
2017-02-08,3.19,3.3,3.19,3.3,4100
2017-02-09,3.21,3.21,3.21,3.21,2800
2017-02-10,3.2,3.5,3.2,3.4,137600
2017-02-13,3.23,3.3,3.23,3.3,3600
2017-02-14,3.21,3.3,3.21,3.3,4200
2017-02-15,3,3.3,3,3.3,1600
2017-02-16,3.005,3.085,3.005,3.085,500
2017-02-17,3,3.28,2.9,3.25,5500
2017-02-20,3.3,3.5,3.08,3.5,18300
2017-02-21,3.3,3.7,3.3,3.4,13200
2017-02-22,3.1,3.355,3.1,3.315,1800
2017-02-23,3.315,3.315,3.2,3.2,300
2017-02-24,3.15,3.165,3.15,3.165,200
2017-02-27,3.22,3.5,3.22,3.5,18500
2017-03-01,3.05,3.05,3.05,3.05,200
2017-03-02,3.25,3.25,3.25,3.25,100
2017-03-03,3.025,3.04,3.025,3.04,600
2017-03-06,3.02,3.2,3.02,3.2,2200
2017-03-07,3.035,3.3,3.035,3.3,1700
2017-03-08,3.055,3.055,3.055,3.055,300
2017-03-09,3.015,3.015,3.01,3.01,300
2017-03-10,3.11,3.3,3.11,3.3,2400
2017-03-13,3.01,3.05,3.01,3.05,1900
2017-03-14,3.35,3.49,3.065,3.07,4500
2017-03-15,3.3,3.3,3.3,3.3,700
2017-03-16,3.3,3.305,3.1,3.1,600
2017-03-20,3.105,3.5,3.105,3.5,5300
2017-03-21,3.5,3.5,3.5,3.5,1600
2017-03-22,3.5,3.5,3.5,3.5,4600
2017-03-23,3.5,3.5,3.41,3.5,2400
2017-03-24,3.175,3.5,3.175,3.5,500
2017-03-27,3.4,3.4,3.4,3.4,500
2017-03-28,3.48,3.48,3.175,3.305,2400
2017-03-29,3.41,3.43,3.41,3.43,1600
2017-03-30,3.41,3.43,3.41,3.42,1400
2017-03-31,3.3,3.4,3.3,3.4,800
2017-04-05,3.565,3.565,3.565,3.565,500
2017-04-06,3.5,3.515,3.5,3.515,2300
2017-04-07,3.515,3.515,3.4,3.415,13300
2017-04-10,3.415,3.51,3.405,3.405,20900
2017-04-11,3.45,3.6,3.45,3.45,17900
2017-04-12,3.4,3.5,3.4,3.4,20700
2017-04-13,3.17,3.175,3.17,3.175,1800
2017-04-14,3.15,3.225,3.15,3.22,4000
2017-04-17,3.305,3.305,3.305,3.305,600
2017-04-18,3.035,3.2,3.035,3.2,700
2017-04-19,3.2,3.2,3.2,3.2,900
2017-04-20,3.2,3.2,3.2,3.2,100
2017-04-21,3.2,3.215,3.2,3.215,2200
2017-04-24,3.015,3.5,3.015,3.5,1200
2017-04-25,3.5,3.5,3.5,3.5,4700
2017-04-26,3.5,3.5,3.255,3.5,1200
2017-04-27,3.275,3.5,3.275,3.3,3600
2017-04-28,3.49,3.495,3.33,3.34,7400
2017-05-02,3.245,3.29,3.245,3.29,600
2017-05-03,3.405,3.5,3.405,3.5,2000
2017-05-04,3.5,3.5,3.5,3.5,200
2017-05-05,3.415,3.5,3.415,3.44,4200
2017-05-08,3.4,3.5,3.3,3.41,2400
2017-05-09,3.45,3.605,3.245,3.245,6400
2017-05-10,3.5,3.5,3.5,3.5,1600
2017-05-11,3.55,4,3.55,3.76,27300
2017-05-12,3.73,3.77,3.5,3.505,16400
2017-05-15,3.5,3.65,3.5,3.6,8400
2017-05-16,3.6,3.6,3.6,3.6,700
2017-05-17,3.6,3.6,3.6,3.6,2400
2017-05-18,3.6,3.61,3.6,3.6,1600
2017-05-19,3.61,3.61,3.6,3.6,2000
2017-05-22,3.65,3.65,3.6,3.63,4200
2017-05-23,3.64,3.66,3.64,3.65,16100
2017-05-24,3.65,3.665,3.65,3.66,3100
2017-05-25,3.655,3.8,3.65,3.69,11900
2017-05-26,3.65,3.68,3.6,3.64,19800
2017-05-31,3.52,3.8,3.52,3.705,12800
2017-06-01,3.58,3.8,3.58,3.705,6400
2017-06-02,3.66,3.8,3.66,3.8,14500
2017-06-05,3.8,4,3.77,3.925,11600
2017-06-06,3.8,3.95,3.8,3.9,8700
2017-06-07,3.86,3.86,3.8,3.835,4100
2017-06-08,3.6,3.875,3.6,3.81,600
2017-06-09,3.515,3.9,3.515,3.8,3500
2017-06-12,3.8,3.9,3.8,3.885,11000
2017-06-14,3.6,3.65,3.6,3.65,4700
2017-06-15,3.61,3.655,3.6,3.65,3100
2017-06-16,3.6,3.65,3.6,3.65,1200
2017-06-19,3.65,3.72,3.65,3.7,2900
2017-06-20,3.7,3.7,3.7,3.7,1600
2017-06-21,3.7,3.9,3.7,3.7,4100
2017-06-22,3.375,3.9,3.375,3.82,4200
2017-06-23,3.02,3.605,3.02,3.605,700
2017-06-26,3.6,3.65,3.6,3.65,8000
2017-06-27,3.7,3.8,3.7,3.7,6500
2017-06-28,3.7,3.8,3.65,3.695,11500
2017-06-29,3.505,3.8,3.505,3.67,5600
2017-06-30,3.67,3.8,3.67,3.725,12000
2017-07-03,3.72,3.83,3.6,3.7,7400
2017-07-04,3.8,3.82,3.62,3.71,11600
2017-07-05,3.8,3.8,3.78,3.78,24000
2017-07-06,3.75,3.755,3.7,3.7,8600
2017-07-07,3.6,3.68,3.5,3.595,31900
2017-07-10,3.6,3.655,3.6,3.635,7900
2017-07-11,3.71,3.71,3.635,3.65,11600
2017-07-12,3.65,3.7,3.65,3.655,10700
2017-07-13,3.61,3.69,3.61,3.63,11800
2017-07-14,3.66,3.66,3.4,3.42,1200
2017-07-17,3.66,3.66,3.51,3.535,10200
2017-07-18,3.66,3.66,3.65,3.65,4500
2017-07-20,3.55,3.64,3.55,3.565,1300
2017-07-21,3.565,3.6,3.565,3.6,600
2017-07-24,3.6,3.625,3.6,3.62,700
2017-07-26,3.6,3.6,3.6,3.6,1100
2017-07-27,3.605,3.68,3.605,3.66,2400
2017-07-28,3.63,3.75,3.63,3.75,6400
2017-07-31,3.7,3.75,3.7,3.75,1200
2017-08-01,3.75,3.9,3.75,3.9,14300
2017-08-02,3.72,3.75,3.72,3.735,600
2017-08-03,3.65,3.7,3.65,3.695,2800
2017-08-04,3.695,3.715,3.66,3.71,12300
2017-08-07,3.7,3.75,3.7,3.75,8700
2017-08-08,3.685,3.75,3.685,3.75,14200
2017-08-09,3.73,3.75,3.73,3.74,1200
2017-08-10,3.76,3.78,3.76,3.77,2500
2017-08-11,3.77,3.8,3.68,3.745,34400
2017-08-14,3.68,3.805,3.68,3.79,7700
2017-08-15,3.79,3.96,3.79,3.93,14900
2017-08-16,3.8,3.9,3.75,3.83,4800
2017-08-17,3.85,3.92,3.82,3.88,4300
2017-08-18,3.7,3.9,3.7,3.825,5700
2017-08-21,3.825,3.92,3.825,3.86,4800
2017-08-22,3.91,3.92,3.86,3.87,6700
2017-08-23,3.87,4,3.87,3.95,4700
2017-08-24,3.88,3.95,3.88,3.915,2200
2017-08-25,3.87,3.9,3.87,3.9,1400
2017-08-28,3.9,3.95,3.865,3.93,6500
2017-08-29,3.855,4,3.855,4,8600
2017-08-30,4,4.1,4,4.02,12600
2017-08-31,4.005,4.05,3.705,4.02,4900
2017-09-01,3.865,3.91,3.865,3.905,2900
2017-09-04,3.905,4.08,3.905,4.02,18200
2017-09-05,3.95,4.06,3.95,4.055,8700
2017-09-06,4.02,4.08,4.02,4.065,8800
2017-09-07,4,4.09,4,4.06,7800
2017-09-08,4.05,4.05,3.96,4,2100
2017-09-11,4.005,4.15,4.005,4.1,5100
2017-09-12,4.055,4.1,4.055,4.08,3700
2017-09-13,4.1,4.1,4.02,4.065,4800
2017-09-14,4.02,4.1,4.01,4.07,3100
2017-09-15,4.07,4.1,4.06,4.06,4300
2017-09-18,4.05,4.1,4.015,4.1,8200
2017-09-19,4.1,4.15,4.055,4.07,3400
2017-09-20,4.055,4.2,4.055,4.1,11600
2017-09-21,4.1,4.15,4.1,4.105,4100
2017-09-22,4.1,4.2,4.1,4.115,14600
2017-09-25,4.13,4.2,4.07,4.165,5500
2017-09-26,4.15,4.25,4.1,4.21,10100
2017-09-27,4.15,4.25,4.15,4.24,9800
2017-09-28,4.2,4.25,4.1,4.215,10400
2017-09-29,2.5,4.25,2.5,4.22,12400
2017-10-09,3.63,4.32,3.63,4.315,34900
2017-10-10,4.2,4.43,4.2,4.425,56200
2017-10-11,4.21,4.3,4.2,4.235,35700
2017-10-12,4.235,4.33,4.235,4.3,31200
2017-10-13,4.155,4.25,4.155,4.23,25500
2017-10-16,4.125,4.34,4.125,4.305,41700
2017-10-17,4.21,4.33,4.21,4.31,14400
2017-10-18,4.205,4.3,4.025,4.055,7400
2017-10-19,4.055,4.275,4.05,4.055,5100
2017-10-20,4.055,4.085,4.055,4.08,9000
2017-10-23,4.12,4.16,4.12,4.15,14100
2017-10-24,4.1,4.15,4.08,4.12,2900
2017-10-25,4.105,4.125,4.105,4.11,8100
2017-10-26,4.105,4.25,4.105,4.24,14900
2017-10-27,4.11,4.25,4.085,4.145,4900
2017-10-30,4.11,4.24,4.11,4.225,7800
2017-10-31,4.12,4.225,4.12,4.19,4100
2017-11-01,4.11,4.14,4.11,4.14,5900
2017-11-02,4.15,4.15,4.135,4.14,3900
2017-11-03,4.105,4.18,4.1,4.165,13600
2017-11-06,4.1,4.15,4.1,4.14,15200
2017-11-07,4.14,4.15,4.115,4.12,6800
2017-11-08,4.1,4.21,4.1,4.195,23000
2017-11-09,4.125,4.21,4.1,4.205,14700
2017-11-10,4.1,4.3,4.1,4.275,10600
2017-11-13,4.16,4.3,4.16,4.28,10400
2017-11-14,4.25,4.35,4.25,4.3,8500
2017-11-15,4.265,4.315,4.265,4.315,6100
2017-11-16,4.2,4.315,4.2,4.3,10200
2017-11-17,4.1,4.3,4.1,4.25,5600
2017-11-20,4.215,4.33,4.215,4.305,6200
2017-11-21,4.25,4.32,4.25,4.31,9200
2017-11-22,4.3,4.4,4.3,4.39,8700
2017-11-23,4.35,4.45,4.3,4.43,17400
2017-11-24,4.3,4.5,4.3,4.48,29400
2017-11-27,4.3,4.52,4.3,4.465,14900
2017-11-28,4.35,4.5,4.35,4.42,14600
2017-11-29,4.365,4.495,4.36,4.39,7800
2017-11-30,4.37,4.385,4.37,4.385,7800
2017-12-01,4.36,4.55,4.36,4.55,33900
2017-12-04,4.37,4.5,4.37,4.415,39500
2017-12-05,4.37,4.5,4.37,4.39,20000
2017-12-06,4.385,4.48,4.385,4.445,22400
2017-12-07,4.4,4.5,4.4,4.5,26300
2017-12-08,4.4,4.5,4.4,4.5,24800
2017-12-11,4.35,4.5,4.35,4.43,18100
2017-12-12,4.415,4.5,4.415,4.445,8200
2017-12-13,4.45,4.5,4.43,4.5,20400
2017-12-14,4.4,4.5,4.4,4.465,9700
2017-12-15,4.4,4.45,4.4,4.42,7900
2017-12-18,4.42,4.5,4.42,4.485,23300
2017-12-19,4.465,4.51,4.46,4.5,25000
2017-12-20,4.42,4.51,4.42,4.5,39000
2017-12-21,4.4,4.9,4.4,4.825,133500
2017-12-22,3.82,4.5,3.82,4.4,24600
2017-12-25,4.47,4.5,4.4,4.455,33100
2017-12-26,4.45,4.7,4.41,4.69,91200
2017-12-27,4.21,4.7,4.21,4.62,38700
2017-12-28,4.43,4.6,4.4,4.515,59900
2017-12-29,4.1,4.54,4.1,4.475,69400
2018-01-02,4.42,4.5,3.9,4.475,62600
2018-01-03,4.4,4.54,4.335,4.52,248700
2018-01-04,4.4,4.515,4.31,4.46,95500
2018-01-05,4.21,4.45,4.21,4.385,107900
2018-01-08,4.185,4.4,4.185,4.315,87100
2018-01-09,4.3,4.33,4.2,4.23,65200
2018-01-10,4.29,4.33,4.29,4.305,28800
2018-01-11,4.215,4.33,4.215,4.31,28400
2018-01-12,4.31,4.315,4.21,4.285,21800
2018-01-15,4.285,4.3,4.15,4.265,32900
2018-01-16,4.2,4.315,4.2,4.275,18000
2018-01-17,4.275,4.37,4.2,4.35,25700
2018-01-18,4.18,4.43,4.18,4.43,25300
2018-01-19,4.15,4.7,4.15,4.49,11200
2018-01-22,4.21,4.4,4.2,4.355,8300
2018-01-23,4.32,4.4,4.3,4.355,22600
2018-01-24,4.31,4.4,4.31,4.355,18200
2018-01-25,4.355,4.4,3.805,4.355,44800
2018-01-26,4.3,4.36,4.3,4.35,29600
2018-01-29,3.805,4.355,3.805,4.315,51900
2018-01-30,4.3,4.35,4.24,4.31,41300
2018-01-31,3.305,4.32,3.305,4.155,98700
2018-02-01,4.01,4.21,4.01,4.2,42600
2018-02-02,4.2,4.235,4.14,4.2,57900
2018-02-05,4.155,4.3,4.155,4.24,91400
2018-02-06,4.17,4.2,4.005,4.195,93600
2018-02-07,4,4.2,4,4.17,43400
2018-02-08,3.9,4.2,3.305,4.16,34800
2018-02-09,4,4.205,4,4.18,38600
2018-02-12,3.21,4.4,3.21,4.2,47400
2018-02-13,4.105,4.18,3.2,4.14,49100
2018-02-14,4,4.1,3.11,4.025,45500
2018-02-22,3.705,4.09,3.705,4.07,84200
2018-02-23,4,4.125,4,4.115,43000
2018-02-26,4.035,4.105,4.005,4.105,65600
2018-02-27,4.1,4.1,4,4.05,62200
2018-02-28,3.66,4.1,3.66,4.07,87600
2018-03-01,4,4.1,3.815,4.08,104700
2018-03-02,3.61,4.05,3.61,4.045,30000
2018-03-05,4.045,4.2,3.91,4.095,31800
2018-03-06,4.08,4.2,4.06,4.095,26800
2018-03-07,4,4.185,4,4.135,25000
2018-03-08,4.19,4.19,4.14,4.14,24700
2018-03-09,4.09,4.14,4.09,4.14,11600
2018-03-12,4.14,4.155,4.14,4.15,17600
2018-03-13,4.12,4.3,4.12,4.22,20900
2018-03-14,3.705,4.2,3.705,4.2,15700
2018-03-15,4.16,4.21,4.16,4.2,22600
2018-03-16,4,4.2,3.905,4.135,11200
2018-03-19,3.9,3.95,3.9,3.95,1100
2018-03-20,4,4.2,4,4.085,5000
2018-03-21,3.95,4.2,3.95,3.96,12800
2018-03-22,3.97,4,3.97,4,2400
2018-03-23,4,4,3.925,3.95,3800
2018-03-26,3.96,4.1,3.96,4.04,7600
2018-03-27,4.04,4.2,3.915,4.195,25900
2018-03-28,4,4.2,4,4.17,48500
2018-03-29,3.86,4.26,3.86,4.21,22800
2018-03-30,4.19,4.195,3.96,4.01,14100
2018-04-02,3.995,4.01,3.995,4.01,11300
2018-04-03,4.01,4.09,3.615,4,33700
2018-04-04,3.25,3.9,3.25,3.78,3200
2018-04-09,3.7,4,3.7,3.8,23900
2018-04-10,3.78,3.88,3.55,3.82,17100
2018-04-11,3.845,3.845,3.7,3.795,16200
2018-04-12,3.85,3.9,3.705,3.8,14900
2018-04-13,3.61,3.8,3.61,3.665,17500
2018-04-16,3.665,3.8,3.665,3.74,9000
2018-04-17,3.43,3.89,3.43,3.825,11100
2018-04-18,3.735,3.8,3.735,3.765,12900
2018-04-19,3.8,3.82,3.765,3.81,7400
2018-04-20,3.81,3.86,3.71,3.775,3300
2018-04-23,3.99,4.05,3.8,3.93,3900
2018-04-24,3.805,4.1,3.805,4.07,16800
2018-04-25,4,4,3.8,3.995,5900
2018-04-26,3.995,4.11,3.86,4.055,7300
2018-04-27,3.805,4.1,3.805,4.07,8200
2018-05-02,3.55,3.9,3.55,3.815,4200
2018-05-03,3.815,3.9,3.815,3.83,25000
2018-05-04,3.82,3.83,3.665,3.765,4900
2018-05-07,3.665,3.85,3.665,3.81,17200
2018-05-08,3.83,3.855,3.825,3.85,8900
2018-05-09,3.85,3.85,3.84,3.84,9300
2018-05-10,3.81,3.85,3.81,3.82,4900
2018-05-11,3.78,3.85,3.78,3.845,6500
2018-05-14,3.8,3.9,3.8,3.84,3800
2018-05-15,3.995,4,3.7,3.73,5100
2018-05-16,3.8,3.83,3.8,3.815,2700
2018-05-17,3.815,3.82,3.815,3.82,3800
2018-05-18,3.76,3.81,3.76,3.81,14500
2018-05-21,3.715,3.735,3.715,3.735,1800
2018-05-22,3.82,3.82,3.82,3.82,200
2018-05-23,3.82,4,3.8,3.81,6500
2018-05-24,3.8,3.85,3.8,3.8,4300
2018-05-25,3.75,3.8,3.655,3.8,9700
2018-05-28,3.865,3.9,3.715,3.795,70900
2018-05-29,3.76,3.98,3.76,3.895,8000
2018-05-30,3.785,3.8,3.785,3.79,2200
2018-05-31,3.78,3.855,3,3,13800
2018-06-01,3.705,3.81,3.705,3.78,5800
2018-06-04,3.77,3.9,3.77,3.835,7000
2018-06-05,3.835,3.9,3.78,3.825,5300
2018-06-06,3.76,3.84,3.76,3.84,5400
2018-06-07,3.81,3.95,3.81,3.86,2800
2018-06-08,3.95,3.96,3.88,3.89,2100
2018-06-11,3.88,3.89,3.785,3.825,25000
2018-06-12,3.805,3.82,3.745,3.755,19400
2018-06-13,3.85,3.85,3.85,3.85,1100
2018-06-14,3.78,3.85,3.78,3.85,800
2018-06-15,3.85,3.85,3.755,3.815,2700
2018-06-19,3.8,3.815,3.75,3.81,11900
2018-06-20,3.81,4,3.81,3.85,4800
2018-06-21,3.75,4,3.75,3.85,3600
2018-06-22,3.8,3.8,3.8,3.8,21700
2018-06-25,3.8,3.96,3.755,3.795,3500
2018-06-26,3.78,3.95,3.685,3.685,5900
2018-06-27,3.685,3.94,3.685,3.9,26400
2018-06-28,3.78,3.9,3.77,3.835,84400
2018-06-29,3.115,3.83,3.115,3.66,68400
2018-07-02,3.355,3.72,3.355,3.7,6900
2018-07-03,3.655,3.72,3.65,3.685,32800
2018-07-04,3.68,3.8,3.555,3.75,29400
2018-07-05,3.685,3.685,3.6,3.625,14300
2018-07-06,3.6,3.66,3.6,3.66,10900
2018-07-09,3.63,3.65,3.5,3.625,42800
2018-07-10,3.61,3.7,3.61,3.675,62400
2018-07-11,3.01,3.69,3.01,3.69,57600
2018-07-12,3.69,3.695,3.65,3.665,39700
2018-07-13,3.65,3.7,3.65,3.66,25700
2018-07-16,3.02,3.675,3.02,3.66,35700
2018-07-17,3.62,3.625,3.62,3.62,6200
2018-07-18,3.62,3.62,3.615,3.62,3900
2018-07-19,3.11,3.62,3.11,3.585,8500
2018-07-20,3.55,3.6,3.53,3.575,11100
2018-07-23,3.5,3.55,3.4,3.5,16700
2018-07-24,3.115,3.5,3.115,3.495,8600
2018-07-25,3.115,3.385,3.115,3.32,5000
2018-07-26,3.32,3.35,3.125,3.285,21300
2018-07-27,3.125,3.285,3.125,3.195,2600
2018-07-30,3.195,3.28,3.12,3.225,19700
2018-07-31,3.21,3.225,3.045,3.21,23500
2018-08-01,3.1,3.2,3.1,3.195,34200
2018-08-02,3.04,3.2,1,3.19,53100
2018-08-03,3.18,3.2,2.555,3.195,35100
2018-08-06,3,3.1,3,3.04,28400
2018-08-07,2.505,3.04,2.505,2.975,8300
2018-08-08,3.08,3.08,2.7,2.73,7700
2018-08-09,2.81,3,2.81,2.965,18100
2018-08-10,2.96,3.1,2.85,3,19100
2018-08-13,2.855,3.09,2.855,3.005,34100
2018-08-14,2.185,3.05,2.185,2.905,14600
2018-08-15,2.99,3,2.79,2.975,15600
2018-08-16,2.95,3.045,2.9,2.995,15300
2018-08-17,2.81,3.1,2.81,3.02,32800
2018-08-20,3.2,3.26,3,3.25,18300
2018-08-21,3.1,3.245,3.1,3.12,5800
2018-08-22,3.01,3.05,3.01,3.05,3400
2018-08-23,3,3.05,3,3,4100
2018-08-24,3.05,3.05,2.655,2.995,12400
2018-08-27,2.9,3,2.705,3,5000
2018-08-28,3,3,2.95,2.975,2300
2018-08-29,2.975,3.05,2.95,3.04,17000
2018-08-30,1.57,3,1.57,3,7100
2018-08-31,3,3,2.9,3,13900
2018-09-03,2.915,3,2.915,2.965,3000
2018-09-04,3,3,2.38,2.95,2200
2018-09-05,2.95,3,2.45,2.8,6400
2018-09-06,3,3.05,2.815,2.88,2000
2018-09-07,1.455,3,1.455,3,3300
2018-09-10,2.575,3.55,2.575,2.97,1100
2018-09-11,2.97,3.075,2.97,3.05,1600
2018-09-12,3.005,3.05,3.005,3.01,3700
2018-09-13,1.5,3,1.5,3,900
2018-09-14,3,3.45,3,3.175,19000
2018-09-17,3.01,3.01,3,3.005,900
2018-09-18,3.01,3.03,3,3.015,5200
2018-09-19,3.02,3.6,3.01,3.01,21100
2018-09-20,3.01,3.01,3.01,3.01,1800
2018-09-21,3.02,3.02,3,3,4000
2018-09-25,3,3.005,2.875,2.99,6000
2018-09-26,2.845,3,2.845,3,1100
2018-09-27,3,3.01,3,3,3400
2018-09-28,3,3,2.575,2.925,2400
2018-10-08,2.925,3,2.655,2.945,5900
2018-10-09,2.755,2.945,2.755,2.765,1600
2018-10-10,2.755,2.9,2.755,2.895,1800
2018-10-11,2.8,2.8,2.56,2.615,2700
2018-10-12,2.8,2.8,2.65,2.755,6300
2018-10-15,2.77,2.775,2.77,2.775,600
2018-10-16,2.63,2.63,2.62,2.63,600
2018-10-17,3,3,2.8,2.8,4000
2018-10-18,2.8,2.8,2.65,2.65,500
2018-10-19,2.65,2.71,2.65,2.71,800
2018-10-22,2.5,2.84,2.5,2.84,1400
2018-10-25,2.8,2.84,2.755,2.755,900
2018-10-29,2.755,2.755,2.755,2.755,100
2018-10-30,2.755,2.755,2.755,2.755,800
2018-10-31,2.8,2.8,2.8,2.8,200
2018-11-01,2.5,2.66,2.5,2.66,1200
2018-11-02,2.7,2.75,2.7,2.75,3100
2018-11-06,3,3.01,2.6,2.655,14600
2018-11-07,2.655,3,2.655,3,1500
2018-11-08,2.705,3,2.705,2.805,2000
2018-11-09,2.805,2.82,2.755,2.8,1300
2018-11-13,2.8,2.9,2.8,2.9,1800
2018-11-14,2.95,2.95,2.9,2.915,300
2018-11-15,2.9,2.91,2.9,2.91,2300
2018-11-16,2.91,3,2.89,3,2100
2018-11-19,2.9,2.995,2.9,2.945,1100
2018-11-20,3,3.1,3,3.095,9300
2018-11-21,3.1,3.1,3.08,3.1,11800
2018-11-22,3.01,3.01,3.01,3.01,1400
2018-11-23,2.91,2.91,2.55,2.69,1400
2018-11-26,2.795,2.805,2.7,2.78,3100
2018-11-27,2.81,2.855,2.81,2.855,1200
2018-11-28,2.9,2.9,2.9,2.9,200
2018-11-29,2.9,3.495,2.9,3.375,1300
2018-11-30,2.705,2.705,2.705,2.705,300
2018-12-03,2.8,2.8,2.8,2.8,100
2018-12-04,2.8,3,2.8,3,2600
2018-12-05,3.05,3.1,3.05,3.07,3300
2018-12-06,3,3,2.85,2.965,1100
2018-12-07,2.855,2.855,2.855,2.855,300
2018-12-10,3,3,3,3,1000
2018-12-11,3,3.5,2.58,2.88,18600
2018-12-12,3,3,3,3,1800
2018-12-13,3,3,3,3,500
2018-12-14,2.855,3.1,2.855,3.055,800
2018-12-17,3.05,3.3,3.05,3.06,2900
2018-12-18,3.06,3.06,3.06,3.06,700
2018-12-19,2.9,3.05,2.9,3.05,700
2018-12-20,3.05,3.1,3.05,3.1,5100
2018-12-21,2.64,3.15,2.64,3.12,6500
2018-12-24,3.005,3.25,3.005,3.24,10600
2018-12-25,3.005,3.025,3.005,3.025,8100
2018-12-26,3.025,3.06,3.025,3.05,12500
2018-12-27,3.05,3.2,2.85,3.06,48700
2018-12-28,3.06,3.085,3.005,3.03,37200
2019-01-02,2.845,3.03,2.845,2.995,3500
2019-01-03,2.995,2.995,2.995,2.995,2500
2019-01-04,2.9,2.905,2.9,2.905,1300
2019-01-07,3,3,2.72,2.765,13900
2019-01-08,2.75,2.9,2.75,2.9,3700
2019-01-09,2.9,3.08,2.9,3.035,15600
2019-01-10,3.01,3.035,3.01,3.01,13500
2019-01-11,3.01,3.05,2.9,3.025,15200
2019-01-14,2.665,3.05,2.665,3.005,5700
2019-01-15,2.705,2.72,2.705,2.71,300
2019-01-16,3,3,2.735,2.74,2800
2019-01-17,3,3,2.9,2.975,1900
2019-01-18,2.755,2.78,2.755,2.77,2400
2019-01-21,2.91,3,2.91,3,5100
2019-01-22,3,3,2.755,2.765,2500
2019-01-23,2.71,3,2.71,3,3700
2019-01-24,2.805,2.815,2.805,2.815,700
2019-01-25,2.735,2.795,2.735,2.795,400
2019-01-29,2.795,2.795,2.795,2.795,600
2019-01-30,3,3,2.8,2.875,6200
2019-01-31,2.875,3,2.68,2.845,12000
2019-02-01,2.845,2.85,2.555,2.57,4000
2019-02-11,2.555,2.8,2.555,2.75,8200
2019-02-12,2.78,2.8,2.78,2.8,16500
2019-02-13,2.78,2.8,2.55,2.755,6900
2019-02-14,2.755,2.79,2.55,2.625,7700
2019-02-15,2.6,2.65,2.6,2.63,1800
2019-02-18,2.705,2.8,2.705,2.71,5200
2019-02-19,2.75,2.8,2.56,2.56,4500
2019-02-20,2.8,2.8,2.56,2.57,5700
2019-02-21,2.8,2.8,2.61,2.635,6900
2019-02-22,2.65,2.65,2.65,2.65,1900
2019-02-25,2.65,2.695,2.65,2.69,4200
2019-02-26,2.8,2.9,2.6,2.75,13600
2019-02-27,2.75,2.76,2.75,2.75,4600
2019-02-28,2.7,2.7,2.615,2.625,2200
2019-03-01,2.625,2.63,2.59,2.6,1100
2019-03-04,2.7,2.7,2.595,2.67,1800
2019-03-05,2.65,2.65,2.6,2.62,1200
2019-03-08,2.59,2.59,2.59,2.59,3600
2019-03-11,2.59,2.59,2.59,2.59,200
2019-03-12,2.6,2.95,2.6,2.635,1900
2019-03-13,2.595,2.595,2.595,2.595,100
2019-03-14,2.59,2.6,2.59,2.595,700
2019-03-15,2.605,2.605,2.6,2.6,2200
2019-03-18,2.6,3.64,2.6,2.66,2400
2019-03-20,2.59,3.6,2.59,2.635,15000
2019-03-21,2.64,2.64,2.64,2.64,500
2019-03-22,2.66,2.66,2.64,2.645,900
2019-03-25,2.66,2.66,2.66,2.66,400
2019-03-26,2.65,2.7,2.65,2.7,1400
2019-03-27,2.68,2.7,2.68,2.7,1300
2019-03-28,2.7,2.8,2.7,2.7,1000
2019-03-29,2.735,2.735,2.6,2.6,1200
2019-04-01,2.6,2.63,2.6,2.63,1400
2019-04-02,2.85,2.85,2.6,2.665,400
2019-04-03,2.55,2.665,2.55,2.565,1400
2019-04-04,2.655,2.655,2.655,2.655,700
2019-04-08,2.56,2.655,2.56,2.605,4600
2019-04-09,2.605,2.655,2.605,2.63,3200
2019-04-10,2.63,2.64,2.63,2.64,500
2019-04-11,2.7,2.81,2.7,2.73,2300
2019-04-12,2.6,2.73,2.6,2.71,5000
2019-04-15,2.7,2.8,2.7,2.705,2200
2019-04-16,2.705,2.75,2.705,2.75,2500
2019-04-17,2.75,2.76,2.75,2.76,1000
2019-04-18,2.76,2.76,2.605,2.605,1000
2019-04-19,2.75,2.78,2.75,2.78,1500
2019-04-22,2.78,2.78,2.5,2.64,3500
2019-04-23,2.71,2.75,2.71,2.75,800
2019-04-24,2.75,2.8,2.75,2.8,1300
2019-04-25,2.8,2.81,2.8,2.805,900
2019-04-26,2.71,2.75,2.71,2.715,3100
2019-04-29,2.715,2.78,2.715,2.75,1700
2019-04-30,2.75,2.775,2.75,2.76,4200
2019-05-06,2.655,2.8,2.655,2.675,10500
2019-05-07,2.675,2.805,2.675,2.8,6000
2019-05-08,2.8,2.8,2.555,2.605,2100
2019-05-10,2.605,2.605,2.05,2.235,600
2019-05-13,2.235,2.6,2.235,2.6,5500
2019-05-14,2.6,2.86,2.6,2.7,2100
2019-05-15,2.5,2.8,2.5,2.7,4500
2019-05-16,2.8,2.85,2.605,2.715,7900
2019-05-17,2.85,2.85,2.11,2.595,8700
2019-05-20,2.6,2.62,2.6,2.62,1600
2019-05-21,2.85,2.85,2.615,2.745,2200
2019-05-22,2.745,2.745,2.745,2.745,2600
2019-05-23,2.745,2.85,2.65,2.85,700
2019-05-24,2.85,2.85,2.85,2.85,1000
2019-05-27,2.85,2.85,2.66,2.77,2400
2019-05-28,2.05,2.05,2.05,2.05,100
2019-05-29,2.65,2.65,2.6,2.63,1600
2019-05-30,2.6,2.6,2.6,2.6,300
2019-05-31,0.025,0.025,0.025,0.025,200
2019-06-03,2,2.7,2,2.69,2100
2019-06-04,2.68,2.705,2.68,2.705,2000
2019-06-05,2.7,2.7,2.6,2.665,10000
2019-06-06,2.3,2.625,2.3,2.625,600
2019-06-10,2.555,2.65,2.555,2.645,5800
2019-06-11,3.495,3.495,2.555,2.655,20500
2019-06-12,2.8,2.93,2.8,2.82,1200
2019-06-13,2.01,2.82,2.01,2.82,3400
2019-06-14,2.305,2.99,2.305,2.795,1500
2019-06-17,0.795,2.795,0.795,2.62,3700
2019-06-18,2.2,2.555,2.2,2.555,2100
2019-06-19,2.52,2.52,2.52,2.52,400
2019-06-20,2.675,2.675,2.42,2.42,200
2019-06-24,2.42,2.43,2.42,2.43,1700
2019-06-25,2.43,2.505,2.43,2.505,1700
2019-06-27,2.505,2.505,2.35,2.365,6500
2019-06-28,2.5,2.6,2.5,2.565,4500
2019-07-01,2.6,2.6,2.6,2.6,500
2019-07-02,2.6,2.88,2.455,2.575,2100
2019-07-03,2.2,2.4,2.2,2.205,1500
2019-07-04,2.5,2.5,2.27,2.435,500
2019-07-05,2.55,2.55,2.55,2.55,100
2019-07-08,2.55,2.62,2.51,2.56,4100
2019-07-09,2.52,2.56,2.51,2.52,5300
2019-07-10,2.52,2.62,2.5,2.52,4000
2019-07-11,2.6,2.6,2.5,2.525,400
2019-07-12,2.6,2.8,0.025,2.6,4600
2019-07-15,2.385,2.85,2.385,2.69,2500
2019-07-16,2.72,2.72,2.72,2.72,3300
2019-07-17,2.3,2.6,2.3,2.595,3400
2019-07-18,2.6,2.605,2.6,2.6,1300
2019-07-19,2.55,2.6,2.55,2.6,1000
2019-07-22,2.205,2.8,2.205,2.585,1000
2019-07-23,2.55,2.6,2.55,2.6,900
2019-07-24,2.6,2.605,2.6,2.605,900
2019-07-25,2.625,2.635,2.625,2.635,1700
2019-07-26,2.6,2.65,2.6,2.65,1400
2019-07-29,2.665,2.85,2.665,2.73,4400
2019-07-30,2.73,2.8,2.73,2.75,13400
2019-07-31,2.75,2.8,2.5,2.5,4000
2019-08-01,2.555,2.555,2.555,2.555,600
2019-08-02,2.565,2.8,2.565,2.755,4500
2019-08-05,2.615,2.615,2.615,2.615,1700
2019-08-06,2.625,2.68,2.625,2.655,1700
2019-08-07,2.6,2.65,2.6,2.65,3000
2019-08-08,2.65,2.65,2.65,2.65,6300
2019-08-09,2.65,2.65,2.65,2.65,2600
2019-08-12,2.7,2.85,2.675,2.795,3600
2019-08-13,2.11,2.8,2.11,2.78,2800
2019-08-14,2.78,2.85,2.75,2.75,7100
2019-08-15,2.705,2.75,2.705,2.75,2900
2019-08-16,2.75,2.75,2.75,2.75,2900
2019-08-19,2.75,2.9,2.75,2.75,3600
2019-08-20,2.75,2.75,2.75,2.75,900
2019-08-21,2.7,2.75,2.7,2.745,3900
2019-08-22,2.7,2.7,2.7,2.7,9700
2019-08-23,2.7,2.73,2.7,2.73,4400
2019-08-26,2.8,2.84,2.4,2.73,6700
2019-08-27,2.73,2.9,2.73,2.805,4600
2019-08-28,2.71,2.72,2.71,2.72,1000
2019-08-29,2.8,2.835,2.78,2.8,10200
2019-08-30,2.8,2.85,2.7,2.785,9400
2019-09-02,2.785,2.91,2.75,2.89,22200
2019-09-03,2.8,2.91,2.75,2.89,11600
2019-09-04,2.75,2.89,2.75,2.805,2700
2019-09-05,2.8,2.9,2.8,2.89,7800
2019-09-06,2.82,2.82,2.82,2.82,600
2019-09-09,2.82,2.9,2.81,2.86,5800
2019-09-10,2.83,2.9,2.82,2.875,4100
2019-09-11,2.8,2.825,2.8,2.82,4800
2019-09-12,2.8,2.81,2.8,2.81,4200
2019-09-16,2.8,2.81,2.8,2.81,1000
2019-09-17,2.81,2.81,2.8,2.81,2300
2019-09-18,2.81,2.89,2.81,2.855,900
2019-09-19,2.8,2.82,2.8,2.82,1700
2019-09-20,2.82,2.9,2.82,2.865,3000
2019-09-23,2.81,2.85,2.81,2.85,1400
2019-09-24,2.85,2.9,2.82,2.835,2700
2019-09-25,2.82,2.825,2.82,2.825,11800
2019-09-26,2.825,2.825,2.81,2.825,7800
2019-09-27,2.825,2.95,2.82,2.87,6000
2019-09-30,2.8,2.8,2.23,2.75,13500
2019-10-08,2.8,2.95,2.75,2.93,17300
2019-10-09,2.8,2.805,2.8,2.8,5100
2019-10-10,2.8,2.89,2.8,2.81,4800
2019-10-11,2.81,2.815,2.81,2.815,2500
2019-10-14,2.815,2.815,2.8,2.805,4500
2019-10-15,2.825,2.825,2.8,2.81,2600
2019-10-16,2.82,2.825,2.82,2.825,6700
2019-10-17,2.825,2.825,2.825,2.825,3000
2019-10-18,2.75,2.85,2.75,2.85,8400
2019-10-21,2.825,2.85,2.825,2.845,2700
2019-10-22,2.83,2.84,2.8,2.82,3800
2019-10-23,2.83,2.83,2.83,2.83,3300
2019-10-24,2.83,2.83,2.83,2.83,2800
2019-10-25,2.83,2.83,2.83,2.83,2200
2019-10-28,2.83,2.86,2.83,2.85,4500
2019-10-29,2.85,2.85,2.85,2.85,1000
2019-10-30,2.85,2.855,2.85,2.855,19800
2019-10-31,2.85,2.86,2.85,2.86,2200
2019-11-01,2.85,2.9,2.85,2.865,1900
2019-11-04,2.865,3.1,2.7,3.06,30300
2019-11-05,2.7,2.855,2.7,2.855,12700
2019-11-06,2.805,2.84,2.805,2.82,4500
2019-11-07,2.8,2.82,2.8,2.82,2500
2019-11-08,2.815,2.815,2.815,2.815,1800
2019-11-11,2.815,2.82,2.815,2.82,2400
2019-11-12,2.76,2.815,2.76,2.815,2400
2019-11-13,2.76,2.82,2.11,2.615,2300
2019-11-14,2.82,2.82,2.82,2.82,2100
2019-11-15,2.82,2.825,2.82,2.82,1100
2019-11-18,2.7,2.82,2.7,2.82,700
2019-11-19,2.825,2.825,2.825,2.825,1300
2019-11-20,2.825,2.825,2.825,2.825,2800
2019-11-21,2.8,2.825,2.8,2.825,1800
2019-11-22,2.825,2.825,2.825,2.825,6200
2019-11-25,2.805,2.825,2.805,2.825,4600
2019-11-26,2.825,2.825,2.825,2.825,3900
2019-11-27,2.82,2.91,2.82,2.82,5000
2019-11-28,2.725,2.82,2.725,2.82,900
2019-11-29,2.82,2.825,2.82,2.825,1700
2019-12-02,2.825,2.825,2.82,2.825,5400
2019-12-03,2.825,2.825,2.825,2.825,1000
2019-12-04,2.855,2.855,2.855,2.855,2700
2019-12-05,2.855,2.855,2.855,2.855,3000
2019-12-06,2.855,2.855,2.85,2.855,4000
2019-12-09,2.855,2.855,2.825,2.825,1400
2019-12-10,2.855,2.9,2.855,2.895,3000
2019-12-11,2.85,2.895,2.85,2.87,1000
2019-12-12,2.87,2.88,2.855,2.855,800
2019-12-13,2.855,2.9,2.8,2.86,7800
2019-12-16,2.86,2.86,2.855,2.855,800
2019-12-17,2.855,3,2.855,3,23300
2019-12-18,2.8,2.87,2.8,2.86,1800
2019-12-19,2.86,2.95,2.82,2.82,1700
2019-12-20,2.8,2.82,2.8,2.81,200
2019-12-23,2.11,2.95,2.11,2.845,8000
2019-12-24,2.845,2.845,2.845,2.845,2700
2019-12-25,2.845,2.845,2.135,2.135,6100
2019-12-26,2.7,2.71,2.7,2.71,5900
2019-12-27,2.71,2.82,2.71,2.78,12400
2019-12-30,2.78,2.8,2.75,2.75,8800
2019-12-31,2.8,2.8,2.65,2.795,5400
2020-01-02,2.795,2.81,2.795,2.81,8500
2020-01-03,2.7,2.81,2.7,2.8,9600
2020-01-06,2.8,2.8,2.605,2.695,3000
2020-01-07,2.695,2.85,2.65,2.805,11400
2020-01-08,2.805,2.85,2.805,2.825,12200
2020-01-09,2.825,2.825,2.755,2.765,5300
2020-01-10,2.765,2.8,2.705,2.76,13700
2020-01-13,2.76,2.825,2.725,2.825,6800
2020-01-14,2.825,2.825,2.7,2.815,5500
2020-01-15,2.815,2.815,2.7,2.775,4200
2020-01-16,2.7,2.8,2.7,2.8,2100
2020-01-17,2.755,2.805,2.755,2.805,700
2020-01-20,2.815,2.85,2.755,2.795,2900
2020-01-21,2.8,2.8,2.12,2.32,2000
2020-01-22,2.32,2.38,2.32,2.38,900
2020-01-23,2.02,2.02,2.02,2.02,100
2020-02-03,2.02,2.8,2.02,2.7,3200
2020-02-04,2.11,2.72,2.11,2.72,12300
2020-02-05,2.65,2.8,2.65,2.745,4100
2020-02-06,2.52,2.67,2.52,2.67,3800
2020-02-07,2.67,2.67,2.61,2.62,1700
2020-02-10,2.7,2.7,2.55,2.685,4700
2020-02-11,2.685,2.72,2.685,2.705,16500
2020-02-12,2.7,2.7,2.15,2.15,15200
2020-02-13,2.15,2.5,2.15,2.415,2200
2020-02-14,2.415,2.415,2.415,2.415,1500
2020-02-17,2.415,2.7,2.415,2.51,8800
2020-02-18,2.52,2.52,2.5,2.5,400
2020-02-19,2.51,2.52,2.305,2.455,1900
2020-02-20,2.305,2.46,2.305,2.45,2600
2020-02-21,2.4,2.45,2.4,2.45,2200
2020-02-24,2.65,2.65,2.46,2.515,9900
2020-02-25,2.405,2.405,2.275,2.295,1300
2020-02-26,2.365,2.48,2.365,2.47,25700
2020-02-27,2.47,2.505,2.41,2.505,4900
2020-02-28,2.5,2.5,2.375,2.395,2200
2020-03-02,2.395,2.5,2.365,2.42,5500
2020-03-03,2.34,2.4,2.34,2.38,2200
2020-03-04,2.265,2.3,2.265,2.295,2500
2020-03-05,2.35,2.355,2.35,2.35,2000
2020-03-06,2.22,2.5,2.22,2.265,102200
2020-03-09,2.21,2.3,2.015,2.145,800
2020-03-10,2.25,2.255,2.25,2.255,1800
2020-03-11,2.255,2.255,2.07,2.125,3100
2020-03-12,2.15,2.155,2.15,2.155,400
2020-03-13,2.155,2.155,2.11,2.125,4400
2020-03-16,2.135,2.175,2.12,2.13,6000
2020-03-17,2.135,2.2,2.135,2.16,9300
2020-03-18,2.16,2.2,2.115,2.125,5800
2020-03-19,2.125,2.15,2,2.1,20700
2020-03-20,2.1,2.1,1.81,2,4300
2020-03-23,2,2,1.515,1.605,800
2020-03-24,2.4,2.4,1.61,2.305,201300
2020-03-25,1.6,2.345,1.6,2.31,2700
2020-03-26,2.31,2.4,2.1,2.3,10500
2020-03-27,1.97,2.3,1.61,2.255,5800
2020-03-30,1.995,2.2,1.685,1.705,7700
2020-03-31,2.2,2.3,1.735,2.01,18400
2020-04-01,1.75,2.2,1.615,1.885,20500
2020-04-02,2,2.1,2,2.06,18500
2020-04-03,1.855,1.91,1.855,1.91,900
2020-04-07,1.75,1.91,1.75,1.785,15000
2020-04-08,1.7,1.995,1.7,1.9,5100
2020-04-09,1.9,2,1.505,1.9,17900
2020-04-10,1.66,1.9,1.65,1.65,1300
2020-04-13,1.65,1.65,1.65,1.65,100
2020-04-14,1.7,1.7,1.525,1.525,4000
2020-04-15,1.5,1.8,1.5,1.8,10300
2020-04-16,1.8,1.8,1.7,1.715,22500
2020-04-17,1.6,1.6,1.6,1.6,3800
2020-04-20,1.51,1.61,1.51,1.605,2400
2020-04-21,1.52,1.52,1.52,1.52,1800
2020-04-22,1.53,1.54,1.53,1.535,2400
2020-04-23,1.505,1.505,1.505,1.505,200
2020-04-24,1.51,1.51,1.51,1.51,200
2020-04-27,1.525,1.54,1.525,1.54,600
2020-04-28,1.525,1.58,1.525,1.58,1100
2020-04-30,1.58,1.6,1.58,1.6,4000
2020-05-06,1.6,1.6,1.515,1.545,9900
2020-05-07,1.6,1.68,1.56,1.56,3400
2020-05-08,1.52,1.56,1.52,1.55,1500
2020-05-11,1.55,1.565,1.55,1.56,1600
2020-05-12,1.56,1.56,1.56,1.56,1500
2020-05-13,1.55,1.565,1.55,1.565,3700
2020-05-14,1.505,1.55,1.505,1.51,4400
2020-05-15,1.55,1.6,1.55,1.55,5100
2020-05-18,1.55,1.56,1.505,1.555,6600
2020-05-19,1.555,1.57,1.555,1.57,3200
2020-05-20,1.55,1.7,1.55,1.64,5200
2020-05-21,1.555,1.6,1.555,1.59,1400
2020-05-22,1.58,1.6,1.58,1.595,2200
2020-05-25,1.595,1.6,1.595,1.6,1100
2020-05-26,1.6,1.605,1.6,1.605,1900
2020-05-27,1.63,1.635,1.625,1.635,500
2020-05-28,1.515,1.63,1.515,1.63,1000
2020-05-29,1.63,1.63,1.58,1.595,3200
2020-06-01,1.6,1.615,1.6,1.615,6200
2020-06-02,1.625,1.7,1.625,1.7,3700
2020-06-03,1.61,1.715,1.61,1.715,3300
2020-06-04,1.715,1.85,1.715,1.81,4300
2020-06-05,1.81,1.81,1.515,1.695,2700
2020-06-08,1.695,1.9,1.655,1.9,3300
2020-06-09,1.9,2,1.635,1.94,2800
2020-06-10,1.73,2,1.73,1.97,1500
2020-06-11,1.71,1.99,1.71,1.9,2400
2020-06-12,1.8,1.955,1.8,1.955,4100
2020-06-15,1.7,1.7,1.7,1.7,400
2020-06-16,1.85,1.95,1.85,1.95,4500
2020-06-17,1.95,1.985,1.95,1.98,6200
2020-06-18,2.1,2.1,1.95,1.95,600
2020-06-19,2.05,2.1,2.05,2.085,2400
2020-06-22,2.1,2.11,2.1,2.1,1900
2020-06-23,2.1,2.11,1.9,2.06,1200
2020-06-24,2.1,2.15,2.1,2.125,4500
2020-06-29,2.125,2.39,2.125,2.185,14500
2020-06-30,2.185,2.19,2.185,2.19,2300
2020-07-01,2.105,2.155,2.105,2.15,5100
2020-07-02,2.2,2.2,2.1,2.105,1200
2020-07-03,2.05,2.105,2.05,2.055,5000
2020-07-06,2.1,2.1,2.005,2.055,4000
2020-07-07,2.11,2.12,2.11,2.115,700
2020-07-08,2.1,2.21,2.1,2.18,2500
2020-07-09,2.18,2.205,2,2.195,3100
2020-07-10,2.19,2.25,2.19,2.225,5700
2020-07-13,2.2,2.5,2.2,2.23,8600
2020-07-14,2,2.3,2,2.3,800
2020-07-15,2.2,2.3,2.2,2.28,2400
2020-07-16,2.28,2.3,2.28,2.295,2000
2020-07-17,2.105,2.2,2.105,2.2,500
2020-07-20,2.2,2.5,2.2,2.275,21800
2020-07-21,2.275,2.275,2.275,2.275,700
2020-07-22,2.275,2.305,2.275,2.305,1500
2020-07-23,2.3,2.3,2.1,2.1,6900
2020-07-24,2.2,2.25,2.2,2.25,2500
2020-07-27,2.15,2.25,1.8,2.205,6400
2020-07-28,2.11,2.3,2.11,2.3,500
2020-07-29,2.28,2.3,2.28,2.3,2200
2020-07-30,2.225,2.3,2.225,2.265,200
2020-07-31,2.23,2.3,2.23,2.3,1300
2020-08-03,2.3,2.31,2.21,2.245,2700
2020-08-04,2.28,2.28,2.21,2.28,800
2020-08-05,2.01,2.35,2.01,2.35,6200
2020-08-06,2.3,2.3,2.01,2.085,700
2020-08-07,2.2,2.2,2.16,2.185,300
2020-08-10,2.25,2.26,2.25,2.26,2100
2020-08-11,2.26,2.3,2.26,2.3,5000
2020-08-12,2.3,2.305,2.265,2.3,1700
2020-08-13,2.3,2.33,2.3,2.33,2900
2020-08-14,2.3,2.35,2.3,2.35,400
2020-08-17,2.35,2.35,2.33,2.335,6800
2020-08-18,2.305,2.36,2.305,2.36,1700
2020-08-19,2.36,2.39,2.36,2.39,600
2020-08-20,2.4,2.41,2.4,2.41,300
2020-08-21,2.41,2.45,2.41,2.45,2600
2020-08-24,2.3,2.355,2.3,2.35,3500
2020-08-25,2.32,2.5,2.32,2.415,2400
2020-08-26,2.4,2.41,2.4,2.41,1600
2020-08-27,2.41,2.5,2.41,2.465,3500
2020-08-28,2.3,2.375,2.3,2.355,2600
2020-08-31,2.355,2.545,2.355,2.405,3400
2020-09-01,2.5,2.6,2.5,2.525,12100
2020-09-02,2.525,2.55,2.5,2.55,11600
2020-09-03,2.55,2.6,2.55,2.59,7600
2020-09-04,2.59,2.65,2.59,2.65,33800
2020-09-07,2.6,2.7,2.6,2.7,12900
2020-09-08,2.68,2.68,2.68,2.68,3500
2020-09-09,2.68,2.68,2.68,2.68,2700
2020-09-10,2.65,2.68,2.65,2.68,4100
2020-09-11,2.6,2.6,2.52,2.6,3100
2020-09-14,2.65,2.65,2.65,2.65,4700
2020-09-15,2.65,2.66,2.65,2.66,5000
2020-09-16,2.3,2.67,2.3,2.67,3100
2020-09-17,2.52,2.75,2.52,2.625,7000
2020-09-18,2.73,2.73,2.505,2.555,1600
2020-09-21,2.555,2.75,2.555,2.75,4100
2020-09-22,2.75,2.75,2.305,2.35,1000
2020-09-23,2.7,2.7,2.7,2.7,3300
2020-09-24,2.7,2.7,2.7,2.7,1800
2020-09-25,2.21,2.6,2.21,2.6,1700
2020-09-28,2.68,2.755,2.68,2.755,3500
2020-09-29,2.21,2.755,2.21,2.755,12400
2020-09-30,2.3,2.755,2.3,2.745,45400
2020-10-09,2.3,2.755,2.3,2.685,17700
2020-10-12,2.6,2.685,2.51,2.51,3100
2020-10-13,2.51,2.6,2.51,2.6,5700
2020-10-14,2.58,2.6,2.56,2.565,900
2020-10-15,2.56,2.61,2.56,2.605,3200
2020-10-16,2.565,2.58,2.56,2.565,500
2020-10-19,2.57,2.595,2.57,2.585,800
2020-10-20,2.62,2.65,2.61,2.635,5300
2020-10-21,2.635,2.65,2.635,2.65,1800
2020-10-22,2.565,2.7,2.565,2.7,4400
2020-10-23,2.56,2.61,2.56,2.605,1200
2020-10-26,2.62,2.66,2.62,2.66,1800
2020-10-27,2.66,2.68,2.66,2.68,1700
2020-10-28,2.56,2.61,2.56,2.61,1400
2020-10-29,2.635,2.68,2.635,2.68,1800
2020-10-30,2.6,2.63,2.6,2.63,3300
2020-11-02,2.63,2.7,2.63,2.655,3400
2020-11-03,2.7,2.715,2.605,2.715,1600
2020-11-04,2.6,2.6,2.6,2.6,1200
2020-11-05,2.7,2.7,2.62,2.625,1400
2020-11-06,2.61,2.63,2.61,2.625,1800
2020-11-09,2.625,2.665,2.625,2.665,4300
2020-11-10,2.66,2.73,2.66,2.73,2400
2020-11-11,2.635,2.73,2.635,2.655,900
2020-11-12,2.7,2.77,2.7,2.77,1600
2020-11-13,2.77,2.77,2.755,2.77,6500
2020-11-16,2.77,2.86,2.77,2.84,7100
2020-11-17,2.84,2.86,2.84,2.84,5900
2020-11-18,2.84,3.1,2.7,3.05,10200
2020-11-19,2.7,2.71,2.7,2.71,1300
2020-11-20,2.715,2.715,2.715,2.715,200
2020-11-23,2.715,2.74,2.715,2.74,3600
2020-11-24,2.735,2.735,2.735,2.735,1000
2020-11-25,2.65,2.66,2.65,2.66,1700
2020-11-26,2.55,2.55,2.55,2.55,300
2020-11-27,2.55,2.665,2.55,2.665,600
2020-11-30,2.55,2.635,2.55,2.635,3600
2020-12-01,2.64,2.66,2.63,2.64,1800
2020-12-02,2.63,2.66,2.63,2.64,500
2020-12-03,2.64,2.67,2.64,2.67,2800
2020-12-04,2.7,2.7,2.68,2.68,1800
2020-12-07,2.68,2.7,2.68,2.7,7700
2020-12-08,2.7,2.71,2.7,2.71,4000
2020-12-09,2.7,2.72,2.7,2.71,1200
2020-12-10,2.685,2.72,2.685,2.71,2300
2020-12-14,2.685,2.75,2.685,2.71,7400
2020-12-15,2.685,2.69,2.685,2.69,6100
2020-12-16,2.685,2.69,2.685,2.685,1300
2020-12-17,2.69,2.72,2.69,2.69,2700
2020-12-18,2.685,2.69,2.685,2.69,2700
2020-12-21,2.685,2.69,2.685,2.69,1800
2020-12-22,2.7,2.7,2.69,2.7,4500
2020-12-23,2.69,2.7,2.685,2.69,8900
2020-12-24,2.685,2.7,2.67,2.695,4800
2020-12-25,2.8,2.8,2.78,2.795,9500
2020-12-28,2.795,2.8,2.675,2.78,4300
2020-12-29,2.67,2.8,2.67,2.73,4100
2020-12-30,2.71,2.8,2.7,2.76,4500
2020-12-31,2.67,2.67,2.2,2.5,1100
2021-01-04,2.25,2.52,2.25,2.515,4100
2021-01-05,2.55,2.7,2.55,2.565,20700
2021-01-06,2.5,2.7,2.5,2.7,40300
2021-01-07,2.51,2.65,2.47,2.63,8500
2021-01-08,2.47,2.65,2.47,2.59,14500
2021-01-11,2.5,2.6,2.48,2.5,11700
2021-01-12,2.5,2.51,2.5,2.51,5300
2021-01-13,2.475,2.515,2.475,2.515,18200
2021-01-14,2.47,2.5,2.47,2.5,3800
2021-01-15,2.5,2.525,2.5,2.515,11700
2021-01-18,2.515,2.55,2.515,2.525,5200
2021-01-19,2.47,2.535,2.47,2.525,6700
2021-01-20,2.525,2.6,2.51,2.58,9100
2021-01-21,2.65,2.65,2.465,2.575,1800
2021-01-22,2.7,2.7,2.55,2.63,8500
2021-01-25,2.6,2.7,2.51,2.655,8200
2021-01-26,2.75,2.75,2.52,2.705,6000
2021-01-27,2.455,2.78,2.455,2.755,7800
2021-01-28,2.51,2.9,2.51,2.8,6800
2021-01-29,2.75,2.8,2.465,2.8,10900
2021-02-01,2.8,2.8,2.6,2.75,13100
2021-02-02,2.75,2.8,2.51,2.745,7400
2021-02-03,2.7,2.8,2.35,2.675,14800
2021-02-04,2.7,2.75,2.7,2.75,18700
2021-02-05,2.75,2.755,2.7,2.75,21000
2021-02-08,2.51,2.8,2.51,2.79,22800
2021-02-09,2.5,3,2.5,2.56,15700
2021-02-10,2.5,2.8,2.5,2.56,8000
2021-02-18,2.55,2.8,2.55,2.73,23900
2021-02-19,2.7,2.705,2.61,2.695,36400
2021-02-22,2.455,2.77,2.455,2.645,21500
2021-02-23,2.6,2.77,2.6,2.77,18800
2021-02-24,2.775,2.8,2.6,2.69,16300
2021-02-25,2.49,2.78,2.49,2.715,16700
2021-02-26,2.5,2.7,2.5,2.645,13100
2021-03-01,2.6,2.75,2.6,2.74,57100
2021-03-02,2.6,2.7,2.6,2.6,12600
2021-03-03,2.6,2.62,2.6,2.605,16400
2021-03-04,2.515,2.65,2.515,2.65,19500
2021-03-05,2.6,2.65,2.56,2.635,41800
2021-03-08,2.54,2.65,2.54,2.62,17900
2021-03-09,2.515,2.65,2.515,2.65,21600
2021-03-10,2.515,2.65,2.5,2.65,18800
2021-03-11,2.48,2.6,2.48,2.6,11100
2021-03-12,2.48,2.6,2.48,2.6,16800
2021-03-15,2.55,2.605,2.55,2.6,13800
2021-03-16,2.48,2.6,2.48,2.6,26300
2021-03-17,2.6,2.61,2.6,2.61,24300
2021-03-18,2.48,2.65,2.48,2.635,17600
2021-03-19,2.6,2.6,2.48,2.55,11200
2021-03-22,2.48,2.6,2.48,2.58,10800
2021-03-23,2.5,2.6,2.01,2.475,35900
2021-03-24,2.4,2.6,2.3,2.585,21100
2021-03-25,2.45,2.625,2.41,2.605,5200
2021-03-26,2.5,2.6,2.5,2.6,7900
2021-03-29,2.41,2.6,2.41,2.59,13600
2021-03-30,2.5,2.61,2.4,2.61,43800
2021-03-31,2.6,2.61,2.6,2.61,13400
2021-04-01,2.6,2.6,2.5,2.51,14300
2021-04-02,2.51,2.6,2.5,2.5,14000
2021-04-06,2.5,2.615,2.5,2.595,38100
2021-04-07,2.405,2.5,2.405,2.5,12800
2021-04-08,2.5,2.56,2.5,2.56,16100
2021-04-09,2.41,2.6,2.41,2.45,24800
2021-04-12,2.405,2.41,2.4,2.41,8900
2021-04-13,2.45,2.45,2.45,2.45,5300
2021-04-14,2.45,2.45,2.45,2.45,7800
2021-04-15,2.45,2.465,2.45,2.46,6700
2021-04-16,2.4,2.455,2.01,2.45,6400
2021-04-19,2.45,2.6,2.45,2.595,15500
2021-04-20,2.4,2.41,2.4,2.405,1100
2021-04-21,2.4,2.46,2.4,2.46,8000
2021-04-22,2.45,2.6,2.45,2.575,13400
2021-04-23,2.41,2.465,2.41,2.465,2700
2021-04-26,2.4,2.46,2.4,2.405,3600
2021-04-27,2.31,2.355,2.31,2.35,7100
2021-04-28,2.21,2.355,2.21,2.35,4300
2021-04-29,2.31,2.345,2.31,2.34,4400
2021-04-30,2.3,2.4,2.3,2.325,13100
2021-05-06,2.3,2.34,2.3,2.34,7500
2021-05-07,2.2,2.33,2.2,2.32,7000
2021-05-10,2.205,2.3,2.205,2.265,21700
2021-05-11,2.22,2.27,2.22,2.235,4200
2021-05-12,2.21,2.215,2.21,2.215,200
2021-05-13,2.3,2.31,2.3,2.31,2800
2021-05-14,2.3,2.305,2.3,2.3,9200
2021-05-17,2.3,2.305,2.2,2.25,3500
2021-05-18,2.3,2.3,2.3,2.3,2700
2021-05-19,2.25,2.255,2.2,2.225,3600
2021-05-20,1.81,2.215,1.81,2.215,1700
2021-05-21,2.22,2.245,2.22,2.24,2800
2021-05-24,2.24,2.3,2.2,2.3,6200
2021-05-25,2.255,2.285,2.255,2.285,1100
2021-05-26,2.3,2.5,2.25,2.3,35400
2021-05-27,2.3,2.3,2.205,2.3,4400
2021-05-28,2.305,2.4,2.3,2.345,4800
2021-05-31,2.305,2.345,2.305,2.31,2500
2021-06-01,2.31,2.32,2.2,2.27,11200
2021-06-02,2.27,2.3,2.27,2.3,3600
2021-06-03,2.3,2.3,2.29,2.29,4700
2021-06-04,2.28,2.32,2.28,2.32,6400
2021-06-07,2.3,2.34,2.3,2.335,7600
2021-06-08,2.3,2.335,2.3,2.32,4000
2021-06-09,2.32,2.325,2.32,2.32,3700
2021-06-10,2.32,2.325,2.22,2.3,9900
2021-06-11,2.32,2.325,2.32,2.325,4600
2021-06-15,2.31,2.36,2.31,2.36,3300
2021-06-16,2.32,2.4,2.32,2.395,7400
2021-06-17,2.31,2.335,2.31,2.33,4500
2021-06-18,2.33,2.36,2.33,2.36,5200
2021-06-21,2.31,2.35,2.31,2.35,5300
2021-06-22,2.36,2.4,2.36,2.38,10000
2021-06-23,2.3,2.35,2.3,2.35,3000
2021-06-24,2.31,2.35,2.31,2.345,8000
2021-06-25,2.315,2.36,2.315,2.36,11800
2021-06-28,2.305,2.4,2.305,2.4,2900
2021-06-29,2.32,2.36,2.32,2.36,1900
2021-06-30,2.36,2.37,2.36,2.365,5600
2021-07-01,2.31,2.4,2.31,2.39,26300
2021-07-02,2.3,2.39,2.3,2.365,7700
2021-07-05,2.32,2.39,2.32,2.345,8800
2021-07-06,2.345,2.35,2.305,2.31,13200
2021-07-07,2.3,2.335,2.3,2.33,4100
2021-07-08,2.3,2.31,2.3,2.305,8000
2021-07-09,2.3,2.34,2.3,2.34,15300
2021-07-12,2.3,2.305,2.28,2.305,18400
2021-07-13,2.305,2.355,2.305,2.355,7900
2021-07-14,2.305,2.305,2.27,2.28,11100
2021-07-15,2.3,2.31,2.3,2.3,6800
2021-07-16,2.3,2.3,2.255,2.255,2900
2021-07-19,2.29,2.305,2.29,2.305,5200
2021-07-20,2.3,2.31,2.3,2.31,3900
2021-07-21,2.3,2.31,2.255,2.285,10000
2021-07-22,2.255,2.305,2.255,2.305,3900
2021-07-23,2.305,2.4,2.3,2.305,2700
2021-07-26,2.11,2.21,2.11,2.21,500
2021-07-27,2.3,2.3,2.3,2.3,1000
2021-07-28,2.3,2.3,2.3,2.3,400
2021-07-29,2.3,2.3,2.3,2.3,2300
2021-07-30,2.3,2.3,2.2,2.25,3400
2021-08-02,2.2,2.5,2.2,2.245,49400
2021-08-03,2.21,2.24,2.21,2.24,6500
2021-08-04,2.3,2.3,2.2,2.25,4500
2021-08-05,2.3,2.3,2.2,2.235,6100
2021-08-06,2.23,2.25,2.23,2.25,4700
2021-08-09,2.2,2.3,2.2,2.28,6000
2021-08-10,2.24,2.3,2.24,2.275,13500
2021-08-11,2.275,2.28,2.255,2.27,4600
2021-08-12,2.27,2.3,2.27,2.3,5500
2021-08-13,2.3,2.33,2.295,2.3,4800
2021-08-16,2.28,2.285,2.255,2.28,3900
2021-08-17,2.285,2.29,2.285,2.285,3500
2021-08-18,2.28,2.3,2.28,2.3,7500
2021-08-19,2.255,2.3,2.255,2.3,11500
2021-08-20,2.28,2.3,2.255,2.3,4600
2021-08-23,2.215,2.305,2.215,2.3,15200
2021-08-24,2.255,2.3,2.255,2.29,5000
2021-08-25,2.285,2.295,2.285,2.295,2500
2021-08-26,2.29,2.29,2.255,2.26,2100
2021-08-27,2.28,2.3,2.255,2.26,27800
2021-08-30,2.29,2.305,2.28,2.305,5400
2021-08-31,2.28,2.305,2.28,2.305,11000
2021-09-01,2.28,2.3,2.28,2.295,7700
2021-09-02,2.25,2.325,2.25,2.32,7500
2021-09-03,2.285,2.35,2.285,2.305,6200
2021-09-06,2.285,2.35,2.285,2.31,6000
2021-09-07,2.31,2.31,2.3,2.31,1200
2021-09-08,2.3,2.32,2.3,2.315,2900
2021-09-09,2.3,2.35,2.3,2.35,1400
2021-09-10,2.35,2.35,2.2,2.305,3900
2021-09-13,2.305,2.355,2.305,2.33,3800
2021-09-14,2.31,2.35,2.31,2.35,3000
2021-09-15,2.3,2.355,2.3,2.35,2900
2021-09-16,2.34,2.35,2.34,2.35,1500
2021-09-17,2.35,2.5,2.35,2.37,6900
2021-09-22,2.37,2.5,2.35,2.365,4800
2021-09-23,2.36,2.5,2.36,2.5,11300
2021-09-24,2.4,2.41,2.4,2.41,1000
2021-09-27,2.355,2.45,2.355,2.37,1100
2021-09-28,2.45,2.5,2.45,2.455,3000
2021-09-29,2.5,2.5,2.45,2.46,4000
2021-09-30,2.41,2.41,2.345,2.365,7500
2021-10-08,2.365,2.4,2.365,2.395,47600
2021-10-11,2.38,2.4,2.345,2.4,14100
2021-10-12,2.35,2.4,2.35,2.4,15300
2021-10-13,2.4,2.4,2.35,2.375,7300
2021-10-14,2.375,2.385,2.355,2.355,5000
2021-10-15,2.35,2.385,2.35,2.38,11000
2021-10-18,2.35,2.38,2.34,2.38,11000
2021-10-19,2.37,2.38,2.37,2.375,9900
2021-10-20,2.36,2.395,2.36,2.395,8000
2021-10-21,2.335,2.38,2.335,2.37,5000
2021-10-22,2.37,2.375,2.37,2.37,4900
2021-10-25,2.35,2.39,2.35,2.38,3400
2021-10-26,2.38,2.38,2.375,2.38,3500
2021-10-27,2.38,2.38,2.38,2.38,3500
2021-10-28,2.38,2.385,2.365,2.37,24900
2021-10-29,2.37,2.37,2.37,2.37,6800
2021-11-01,2.37,2.37,2.36,2.37,8500
2021-11-02,2.365,2.365,2.355,2.355,12200
2021-11-03,2.355,2.365,2.355,2.365,8900
2021-11-04,2.365,2.38,2.365,2.38,18900
2021-11-05,2.355,2.375,2.355,2.37,7400
2021-11-08,2.365,2.375,2.365,2.375,8500
2021-11-09,2.375,2.385,2.375,2.38,7500
2021-11-10,2.265,2.38,2.265,2.38,4000
2021-11-11,2.37,2.395,2.37,2.39,3400
2021-11-12,2.375,2.395,2.375,2.385,7900
2021-11-15,2.385,2.39,2.375,2.385,3200
2021-11-16,2.37,2.385,2.37,2.385,4800
2021-11-17,2.265,2.39,2.265,2.39,2400
2021-11-18,2.39,2.4,2.385,2.395,8500
2021-11-19,2.39,2.395,2.38,2.39,6300
2021-11-22,2.4,2.405,2.37,2.395,6700
2021-11-23,2.4,2.4,2.4,2.4,3600
2021-11-24,2.39,2.41,2.39,2.41,3500
2021-11-25,2.41,2.41,2.4,2.4,5100
2021-11-26,2.4,2.4,2.265,2.3,2900
2021-11-29,2.405,2.405,2.4,2.405,3000
2021-11-30,2.405,2.41,2.4,2.405,4600
2021-12-01,2.35,2.395,2.35,2.39,3100
2021-12-02,2.3,2.405,2.3,2.4,6700
2021-12-03,2.4,2.45,2.4,2.4,26800
2021-12-06,2.4,2.41,2.4,2.41,8900
2021-12-07,2.41,2.435,2.41,2.42,7000
2021-12-08,2.42,2.45,2.42,2.44,11500
2021-12-09,2.4,2.45,2.4,2.445,44600
2021-12-10,2.45,2.45,2.405,2.445,5200
2021-12-13,2.4,2.45,2.4,2.45,5800
2021-12-14,2.45,2.5,2.41,2.455,6300
2021-12-15,0.5,2.455,0.5,2.455,2400
2021-12-16,2.325,2.465,2.2,2.465,18400
2021-12-17,2.42,2.43,2.42,2.43,2900
2021-12-20,2.43,2.46,2.43,2.455,2800
2021-12-21,2.315,2.455,2.315,2.455,5200
2021-12-22,2.45,2.455,2.45,2.455,3500
2021-12-23,2.455,2.5,2.355,2.5,8300
2021-12-24,2.45,2.6,2.45,2.6,57700
2021-12-27,2.455,2.6,2.455,2.6,8900
2021-12-28,2.6,2.7,2.6,2.68,18500
2021-12-29,2.5,2.6,2.5,2.6,18400
2021-12-30,2.6,2.7,2.5,2.665,15900
2021-12-31,2.4,2.7,2.4,2.65,11800
2022-01-04,2.315,2.45,2.315,2.45,19100
2022-01-05,2.4,2.45,2.4,2.45,7000
2022-01-06,2.45,2.455,2.45,2.455,11100
2022-01-07,2.45,2.455,2.4,2.4,24800
2022-01-10,2.45,2.45,2.4,2.41,17400
2022-01-11,2.41,2.42,2.4,2.4,22200
2022-01-12,2.4,2.435,2.4,2.43,11900
2022-01-13,2.4,2.41,2.4,2.405,7200
2022-01-14,2.4,2.505,2.4,2.425,23000
2022-01-17,2.405,2.425,2.4,2.425,8400
2022-01-18,2.4,2.43,2.4,2.425,10800
2022-01-19,2.405,2.45,2.4,2.4,8900
2022-01-20,2.4,2.41,2.4,2.41,9500
2022-01-21,2.405,2.45,2.4,2.44,11100
2022-01-24,2.4,2.45,2.4,2.405,18800
2022-01-25,2.4,2.405,2.4,2.405,8200
2022-01-26,2.4,2.415,2.4,2.41,8000
2022-01-27,2.405,2.42,2.4,2.41,15900
2022-01-28,2.33,2.36,2.33,2.355,28800
2022-02-07,2.305,2.4,2.305,2.375,80100
2022-02-08,2.4,2.4,2.355,2.365,136800
2022-02-09,2.32,2.35,2.25,2.31,65400
2022-02-10,2.3,2.325,2.285,2.3,50700
2022-02-11,2.3,2.325,2.225,2.25,78500
2022-02-14,2.235,2.3,2.215,2.28,98700
2022-02-15,2.3,2.32,2.21,2.255,23200
2022-02-16,2.255,2.275,2.25,2.27,27200
2022-02-17,2.25,2.27,2.25,2.27,26200
2022-02-18,2.25,2.3,2.215,2.26,23800
2022-02-21,2.26,2.31,2.26,2.285,17500
2022-02-22,2.275,2.35,2.255,2.295,16500
2022-02-23,2.295,2.3,2.275,2.295,9300
2022-02-24,2.295,2.325,2.285,2.32,7700
2022-02-25,2.3,2.315,2.255,2.31,12200
2022-02-28,2.3,2.31,0.5,2.3,34800
2022-03-01,2.3,2.315,2.27,2.31,35300
2022-03-02,2.25,2.315,0.5,2.305,42200
2022-03-03,2.3,2.31,2.26,2.26,25100
2022-03-04,2.26,2.3,2.25,2.28,12400
2022-03-07,2.25,2.32,2.25,2.315,17000
2022-03-08,2.27,2.31,2.27,2.305,11800
2022-03-09,2.25,2.25,2,2.09,7700
2022-03-10,2,2.165,2,2.155,2200
2022-03-11,2.2,2.29,2.2,2.285,5200
2022-03-14,2.2,2.3,2.2,2.255,4700
2022-03-15,2.255,2.31,2.255,2.305,6800
2022-03-16,2.305,2.33,2.3,2.33,6900
2022-03-17,2.3,2.33,2.3,2.315,4100
2022-03-18,2.315,2.32,2.315,2.32,6000
2022-03-21,0.5,2.32,0.5,2.305,6500
2022-03-22,2.3,2.305,2.3,2.3,17500
2022-03-23,2.3,2.315,2.3,2.315,9700
2022-03-24,2.305,2.315,2.305,2.315,8300
2022-03-25,2.3,2.325,2.3,2.325,6100
2022-03-28,2.325,2.335,2.325,2.335,10000
2022-03-29,2.31,2.335,2.31,2.315,4600
2022-03-30,2.305,2.325,2.305,2.315,4400
2022-03-31,0.5,2.33,0.5,2.255,10000
2022-04-01,2.255,2.35,2.215,2.31,46600
2022-04-06,2.205,2.35,2.205,2.33,36700
2022-04-07,2.285,2.3,2.28,2.3,23600
2022-04-08,2.205,2.5,2.205,2.27,24700
2022-04-11,2.205,2.245,2.205,2.24,16900
2022-04-12,2.17,2.4,2.17,2.245,53200
2022-04-13,2.245,2.35,2.245,2.32,25700
2022-04-14,2.23,2.26,2.225,2.245,10000
2022-04-15,2.25,2.305,2.25,2.295,26600
2022-04-18,2.25,2.3,2.25,2.26,29900
2022-04-19,2.165,2.265,2.165,2.26,22200
2022-04-20,2.2,2.26,2.16,2.25,28900
2022-04-21,2.165,2.25,2.165,2.24,33800
2022-04-22,2.16,2.2,2.105,2.2,19900
2022-04-25,2.155,2.3,2.155,2.165,27200
2022-04-26,2.165,2.205,2.155,2.18,27900
2022-04-27,2.155,2.2,2.155,2.175,18700
2022-04-28,2.15,2.205,2.15,2.165,61100
2022-04-29,2.105,2.2,2.105,2.195,114000
2022-05-05,2.1,2.2,2.055,2.185,95500
2022-05-06,2.15,2.2,2.15,2.195,95400
2022-05-09,2.1,2.2,2.1,2.17,56600
2022-05-10,2.13,2.18,1.81,2.02,24800
2022-05-11,1.815,1.88,1.815,1.88,800
2022-05-12,1.88,2,1.88,1.93,2700
2022-05-13,1.9,2,1.9,1.995,7900
2022-05-16,1.9,1.995,1.9,1.985,8293
2022-05-17,1.9,2,1.9,2,16637
2022-05-18,0.2,2,0.2,2,6983
2022-05-19,0.49,2,0.49,2,11982
2022-05-20,1.5,2,1.5,1.865,11899
2022-05-23,0.1,1.82,0.1,1.82,4888
2022-05-24,1.82,1.905,1.82,1.9,3376
2022-05-25,1.88,1.925,1.88,1.92,4231
2022-05-26,1.9,2,1.9,1.955,4937
2022-05-27,1.9,2,1.9,2,20031
2022-05-30,1.9,2,1.9,1.905,6067
2022-05-31,1.9,2,1.32,1.955,14016
2022-06-01,1.9,2,1.38,1.99,25870
2022-06-02,1.9,2,1.9,1.965,22944
2022-06-06,1.9,2.1,1.9,2.015,21185
2022-06-07,1.705,2.03,1.705,2.025,7680
2022-06-08,2.025,2.2,2,2.01,19322
2022-06-09,1.8,2.055,1.8,2.025,34424
2022-06-10,1.7,2.02,1.7,1.905,8899
2022-06-13,1.9,2.03,1.9,2.025,12951
2022-06-14,1.91,2.05,1.91,2.025,21024
2022-06-15,2,2,2,2,24142
2022-06-16,1.9,2.03,1.9,2.02,11300
2022-06-17,1.405,2,1.405,1.995,8569
2022-06-20,1.905,1.93,1.905,1.915,6950
2022-06-21,1.92,2.01,1.92,2.005,11312
2022-06-22,2,2.01,1.98,2,10528
2022-06-23,2,2.005,1.95,1.955,17794
2022-06-24,1.9,2,1.9,2,20679
2022-06-27,1.9,1.95,1.9,1.905,10610
2022-06-28,1.9,1.98,1.9,1.97,8078
2022-06-29,1.91,1.98,1.905,1.97,14006
2022-06-30,1.855,1.905,1.855,1.9,10704
2022-07-01,1.86,2,1.86,1.99,21992
2022-07-04,1.99,2.01,1.99,2.005,29583
2022-07-05,1.995,2.015,1.995,2.005,29706
2022-07-06,1.95,2.02,1.95,2.015,82753
2022-07-07,1.9,2,1.9,1.985,17442
2022-07-08,1.9,2,1.9,1.95,44111
2022-07-11,1.9,1.95,1.9,1.925,25954
2022-07-12,1.9,2,1.9,1.955,25989
2022-07-13,1.8,1.955,1.8,1.915,13383
2022-07-14,1.91,1.94,1.91,1.915,30603
2022-07-15,1.655,1.92,1.655,1.9,25726
2022-07-18,0.01,1.91,0.01,1.88,16987
2022-07-19,1.85,1.95,1.85,1.925,33766
2022-07-20,1.855,1.93,1.855,1.925,19531
2022-07-21,1.755,1.945,1.755,1.92,34943
2022-07-22,1.76,1.925,1.76,1.92,21454
2022-07-25,1.755,1.915,1.755,1.905,23415
2022-07-26,1.9,1.92,1.775,1.89,34422
2022-07-27,1.8,1.9,1.8,1.84,10679
2022-07-28,1.8,1.9,1.8,1.88,18932
2022-07-29,1.8,1.86,1.5,1.83,27016
2022-08-01,1.8,1.83,1.775,1.8,19849
2022-08-02,1.8,1.805,1.75,1.805,26187
2022-08-03,1.75,1.88,1.605,1.815,38290
2022-08-04,1.75,1.85,1.75,1.82,56281
2022-08-05,1.75,1.83,1.75,1.825,43841
2022-08-08,1.75,1.82,1.75,1.805,56444
2022-08-09,1.78,1.85,1.76,1.795,75813
2022-08-10,1.755,1.85,1.755,1.815,36660
2022-08-11,1.795,1.855,1.795,1.835,77598
2022-08-12,1.8,1.81,1.8,1.805,39614
2022-08-15,1.705,1.82,1.705,1.795,40947
2022-08-16,1.7,1.8,1.7,1.75,32697
2022-08-17,0.52,1.805,0.52,1.77,18663
2022-08-18,1.7,1.77,1.57,1.75,31967
2022-08-19,1.505,1.82,1.505,1.8,83163
2022-08-22,1.5,1.805,1.5,1.8,37003
2022-08-23,1.555,1.76,1.555,1.755,15447
2022-08-24,1.7,1.825,1.7,1.805,22712
2022-08-25,1.605,1.825,1.555,1.805,14149
2022-08-26,1.66,1.75,1.66,1.75,2912
2022-08-29,1.605,1.8,1.605,1.77,25070
2022-08-30,1.65,1.8,1.65,1.76,16349
2022-08-31,1.71,1.78,1.71,1.75,21832
2022-09-01,1.5,1.775,1.5,1.755,30267
2022-09-02,0.555,1.765,0.555,1.755,25936
2022-09-05,1.615,1.77,1.615,1.765,13808
2022-09-06,1.65,1.77,0.51,1.7,9898
2022-09-07,1.7,1.77,1.7,1.765,9450
2022-09-08,1.6,1.77,1.6,1.77,12129
2022-09-09,1.735,1.775,0.5,1.495,16403
2022-09-13,1.5,1.82,1.5,1.795,6838
2022-09-14,1.74,1.84,1.74,1.795,11149
2022-09-15,1.715,1.8,1.715,1.795,6458
2022-09-16,1.655,1.8,1.655,1.775,13764
2022-09-19,1.7,1.81,1.7,1.8,5534
2022-09-20,1.78,1.805,1.78,1.805,22927
2022-09-21,1.7,1.805,1.7,1.805,4029
2022-09-22,1.805,1.81,1.71,1.78,7518
2022-09-23,1.55,1.81,1.55,1.805,3146
2022-09-26,1.75,1.85,1.75,1.84,10688
2022-09-27,1.8,1.86,1.8,1.845,5493
2022-09-28,1.8,1.89,1.8,1.87,7890
2022-09-29,1.8,1.85,1.8,1.835,12790
2022-09-30,1.8,1.835,1.655,1.83,12700
2022-10-10,1.55,1.87,1.55,1.72,82881
2022-10-11,1.72,1.87,1.72,1.845,20940
2022-10-12,1.75,1.87,1.75,1.82,32667
2022-10-13,1.79,1.845,1.79,1.835,31375
2022-10-14,1.55,1.9,1.55,1.86,23171
2022-10-17,1.7,1.87,1.7,1.85,41022
2022-10-18,1.82,1.88,0.53,1.855,28199
2022-10-19,1.55,1.865,1.55,1.855,17560
2022-10-20,1.78,1.85,1.78,1.835,8277
2022-10-21,1.555,1.835,1.555,1.82,16523
2022-10-24,1.695,1.88,1.695,1.88,9106
2022-10-25,1.88,1.95,1.88,1.935,8092
2022-10-26,1.8,1.905,1.8,1.87,10460
2022-10-27,1.85,1.89,1.85,1.885,31522
2022-10-28,1.885,1.9,1.86,1.88,20000
2022-10-31,1.7,1.9,1.7,1.88,16340
2022-11-01,1.55,1.885,1.55,1.88,5240
2022-11-02,1.76,1.9,1.76,1.875,10413
2022-11-03,1.665,1.88,1.665,1.86,13940
2022-11-04,1.86,1.98,1.7,1.9,5853
2022-11-07,1.805,1.915,1.805,1.9,9462
2022-11-08,1.845,2,1.845,2,14304
2022-11-09,1.91,2,1.88,1.995,10056
2022-11-10,1.61,1.965,1.61,1.96,9319
2022-11-11,1.96,2.1,1.665,2.035,21578
2022-11-14,0.01,2,0.01,1.99,6059
2022-11-15,1.85,2.025,1.85,2.02,9898
2022-11-16,1.85,2.025,1.85,2.02,5993
2022-11-17,1.6,2.25,1.6,2.115,6160
2022-11-18,1.9,2.015,1.9,2.01,5916
2022-11-21,1.9,2.145,1.9,2.105,25768
2022-11-22,2.095,2.11,1.91,2.11,19954
2022-11-23,2.08,2.21,2.075,2.165,17998
2022-11-24,0.01,2.1,0.01,2.1,8647
2022-11-25,2.01,2.2,2.01,2.17,27767
2022-11-28,1.85,2.11,1.85,2.105,28051
2022-11-29,2,2.115,2,2.11,19781
2022-11-30,1.8,2.13,1.8,2.085,9723
2022-12-01,1.9,2.1,1.9,2.06,9147
2022-12-02,0.01,2.2,0.01,2.145,21834
2022-12-05,2,2.1,1.8,2.025,5491
2022-12-06,2,2.025,2,2.02,7154
2022-12-07,2,2.02,2,2.02,3475
2022-12-08,2.02,2.135,2.02,2.11,7292
2022-12-09,2,2.1,2,2.05,9050
2022-12-12,0.01,2.05,0.01,2.04,3578
2022-12-13,0.01,2.04,0.01,2.03,4476
2022-12-14,1.73,2.31,1.73,2.29,16427
2022-12-15,0.01,2.225,0.01,2.115,3322
2022-12-16,0.01,2.15,0.01,2.065,3063
2022-12-19,1.9,2.31,1.9,2.25,16224
2022-12-20,0.01,2.21,0.01,2.1,6792
2022-12-21,0.01,2.105,0.01,1.94,12115
2022-12-22,1.9,2.2,1.9,2.105,9388
2022-12-23,2.1,2.25,1.92,2.18,5748
2022-12-26,1.9,2.25,1.9,2.25,24517
2022-12-27,1.905,2.18,1.905,2.11,10781
2022-12-28,2.1,2.26,2.1,2.25,38080
2022-12-29,2.2,2.21,2,2.11,40629
2022-12-30,2.11,2.13,2.1,2.11,47716
2023-01-03,1.8,2.255,1.8,2.24,77317
2023-01-04,2.1,2.25,2.1,2.225,45220
2023-01-05,2.16,2.225,2,2.19,92309
2023-01-06,2.1,2.3,2.1,2.18,49561
2023-01-09,2.1,2.3,2.1,2.285,126516
2023-01-10,2.2,2.31,2.2,2.3,49633
2023-01-11,2.23,2.405,2.23,2.305,28943
2023-01-12,0.01,2.25,0.01,2.225,17371
2023-01-13,2.21,2.35,2.2,2.245,40183
2023-01-16,2.2,2.345,2.2,2.26,50802
2023-01-17,2.2,2.35,2.2,2.335,41196
2023-01-18,2.26,2.35,2.26,2.295,51276
2023-01-19,2.2,2.3,2.2,2.23,57084
2023-01-20,2,2.25,2,2.15,61654
2023-01-30,2.15,2.3,2.15,2.26,153675
2023-01-31,2.2,2.31,2.2,2.29,79946
2023-02-01,2.2,2.3,2.15,2.26,39398
2023-02-02,2.18,2.26,2.18,2.25,78088
2023-02-03,2.2,2.25,2,2.175,44568
2023-02-06,2,2.3,2,2.265,79117
2023-02-07,2.2,2.4,2.2,2.35,88941
2023-02-08,2.23,2.36,2.23,2.355,89337
2023-02-09,2.25,2.32,2.25,2.31,46300
2023-02-10,2.25,2.32,2.25,2.295,119455
2023-02-13,2.25,2.5,2.25,2.305,150152
2023-02-14,2.29,2.375,2.29,2.305,99673
2023-02-15,2.105,2.325,2.105,2.32,48816
2023-02-16,2.105,2.38,2.105,2.32,50247
2023-02-17,2.215,2.5,2.215,2.375,72726
2023-02-20,2.3,2.375,2.3,2.355,52337
2023-02-21,2.3,2.41,2.3,2.38,101006
2023-02-22,2.35,2.405,2.35,2.375,54091
2023-02-23,2.31,2.405,2.31,2.37,71577
2023-02-24,2.215,2.37,2.215,2.365,41699
2023-02-27,2.35,2.41,2.35,2.405,98849
2023-02-28,2.35,2.41,2.35,2.395,74211
2023-03-01,2.36,2.41,2.325,2.385,64642
2023-03-02,2.215,2.415,2.215,2.4,101832
2023-03-03,2.355,2.435,2.355,2.4,81677
2023-03-06,2.36,2.435,2.36,2.405,71541
2023-03-07,2.385,2.43,2.38,2.415,67605
2023-03-08,2.38,2.45,2.38,2.43,51906
2023-03-09,2.4,2.46,2.4,2.43,50160
2023-03-10,2.43,2.44,2.4,2.43,48803
2023-03-13,2.43,2.45,2.38,2.42,42732
2023-03-14,2.38,2.47,2.38,2.435,47034
2023-03-15,2.36,2.465,2.36,2.455,47927
2023-03-16,2.43,2.46,2.43,2.45,25780
2023-03-17,2.4,2.475,2.4,2.46,40423
2023-03-20,2.38,2.47,2.38,2.465,44234
2023-03-21,2.38,2.49,2.38,2.455,26474
2023-03-22,2.315,2.465,2.315,2.46,29953
2023-03-23,2.4,2.445,2.4,2.42,23709
2023-03-24,2.4,2.435,2.38,2.42,21302
2023-03-27,2.38,2.5,2.38,2.495,35104
2023-03-28,2.4,2.53,2.4,2.53,57401
2023-03-29,2.5,2.54,2.5,2.525,47262
2023-03-30,2.5,2.515,2.4,2.49,45647
2023-03-31,2.1,2.52,2.1,2.49,36385
2023-04-03,2.4,2.5,2.4,2.465,64138
2023-04-04,2.42,2.495,2.3,2.405,48007
2023-04-06,2.2,2.5,2.2,2.455,82993
2023-04-07,2.31,2.455,2.31,2.405,31978
2023-04-10,2.35,2.47,2.35,2.42,72260
2023-04-11,2.385,2.46,2.385,2.445,69600
2023-04-12,2.4,2.425,2.4,2.41,48883
2023-04-13,2.38,2.405,2.38,2.395,35346
2023-04-14,2.38,2.415,2.355,2.39,43100
2023-04-17,2.38,2.46,2.38,2.4,37500
2023-04-18,2.39,2.45,2.38,2.435,89606
2023-04-19,2.4,2.445,2.38,2.395,86180
2023-04-20,2.38,2.415,2.355,2.395,35908
2023-04-21,2.35,2.45,2.35,2.41,32771
2023-04-24,2.36,2.465,2.35,2.385,89831
2023-04-25,2.38,2.4,2.38,2.39,32489
2023-04-26,2.39,2.4,1,2.37,28663
2023-04-27,2.2,2.355,2.2,2.345,60559
2023-04-28,2.3,2.3,2.015,2.2,47733
2023-05-04,2.1,2.33,2.1,2.27,81323
2023-05-05,2.205,2.28,2.205,2.26,60208
2023-05-08,2.2,2.3,2.2,2.23,64118
2023-05-09,2.21,2.255,2.21,2.24,54625
2023-05-10,2.25,2.255,2.2,2.23,48811
2023-05-11,2.25,2.25,2.15,2.22,36590
2023-05-12,2.2,2.38,2.2,2.26,105697
2023-05-15,2.25,2.26,2.15,2.2,68939
2023-05-16,2.25,2.4,2.15,2.25,80101
2023-05-17,2.155,2.25,2.155,2.21,28360
2023-05-18,2.2,2.26,2.155,2.235,37056
2023-05-19,2.15,2.26,2.15,2.225,45758
2023-05-22,2.15,2.23,2.15,2.195,53710
2023-05-23,2.2,2.225,2.1,2.19,40510
2023-05-24,2.1,2.22,1.725,2.2,37171
2023-05-25,2.2,2.22,2.165,2.185,37466
2023-05-26,2.2,2.2,2,2.15,36572
2023-05-29,2.15,2.185,2.15,2.165,40505
2023-05-30,2.15,2.18,2.15,2.16,68306
2023-05-31,2.18,2.18,2.05,2.085,51732
2023-06-01,2.15,2.15,2,2.075,68722
2023-06-02,2,2.105,2,2.055,50714
2023-06-05,2.1,2.15,2.04,2.135,35247
2023-06-06,2.09,2.22,2.06,2.105,83664
2023-06-07,2.105,2.155,2.015,2.13,17607
2023-06-08,2.1,2.16,2.1,2.145,25852
2023-06-09,1.7,2.185,1.7,2.12,34225
2023-06-12,2.15,2.15,1.755,2.135,28956
2023-06-13,2.1,2.15,2.1,2.13,133649
2023-06-14,2.14,2.15,1.71,1.955,17752
2023-06-15,1.8,2.14,1.8,2.1,24609
2023-06-16,1.8,2.155,1.8,2.13,50008
2023-06-19,2.15,2.18,2.15,2.165,24797
2023-06-20,1.8,2.14,1.8,2.025,15025
2023-06-21,2.15,2.25,2.01,2.125,35131
2023-06-26,2.035,2.205,2.035,2.155,58125
2023-06-27,2.15,2.19,2.15,2.185,35573
2023-06-28,2.15,2.3,2.15,2.255,49814
2023-06-29,1.005,2.26,0.02,2.25,75813
2023-06-30,1.5,2.16,1.5,2.155,53293
2023-07-03,2.01,2.23,2.01,2.2,47394
2023-07-04,2.15,2.2,2.15,2.18,48763
2023-07-05,2.15,2.2,2.15,2.19,103791
2023-07-06,2.15,2.2,2.09,2.12,58108
2023-07-07,0.01,2.105,0.01,2.045,22151
2023-07-10,2.005,2.15,2.005,2.08,25952
2023-07-11,2.15,2.15,0.01,2.13,34756
2023-07-12,2.15,2.16,2.015,2.125,31413
2023-07-13,2.065,2.17,2.065,2.16,88412
2023-07-14,0.46,2.16,0.46,1.99,23824
2023-07-17,2.15,2.155,1.805,2.13,44266
2023-07-18,2.15,2.15,1.8,2.095,25503
2023-07-19,2.095,2.135,1.805,2.03,11831
2023-07-20,2.005,2.12,1.8,2.06,21231
2023-07-21,2.005,2.1,1.8,2,29031
2023-07-24,1.8,2.045,1.8,2.03,22862
2023-07-25,1.855,2.06,1.855,2.055,17708
2023-07-26,1.93,2.06,1.93,2.055,14921
2023-07-27,1.99,2.045,1.99,2.04,21953
2023-07-28,2,2.1,2,2.04,46079
2023-07-31,2.1,2.1,1.8,2.01,69970
2023-08-01,1.905,2.03,1.8,2.01,84763
2023-08-02,1.905,2.025,1.905,2.01,55609
2023-08-03,1.75,2.015,1.75,2.005,56605
2023-08-04,1.7,2.01,1.7,2.005,45455
2023-08-07,2,2.015,2,2.01,74588
2023-08-08,2.02,2.025,1.81,2.01,40961
2023-08-09,2,2.02,1.99,2.005,42197
2023-08-10,1.98,2.005,1.98,2,41527
2023-08-11,1.985,2.005,1.9,1.98,42715
2023-08-14,1.82,2.01,1.82,1.99,73210
2023-08-15,1.97,2.01,1.8,2.005,30372
2023-08-16,1.81,2.02,1.81,2.015,86332
2023-08-17,1.93,2.035,1.93,2.03,59700
2023-08-18,1.985,2.015,1.985,2.01,52544
2023-08-21,1.75,2.05,1.75,2.035,50832
2023-08-22,1.75,2.075,1.75,2.045,83374
2023-08-23,2,2.07,2,2.05,53914
2023-08-24,2.05,2.075,0.01,1.965,96194
2023-08-25,1.965,2.035,1.9,2.025,36573
2023-08-28,2.04,2.055,2.025,2.05,70270
2023-08-29,2.01,2.1,2.01,2.085,41981
2023-08-30,2.01,2.11,2.01,2.055,49791
2023-08-31,2.06,2.1,2.06,2.09,61382
2023-09-01,2.05,2.1,2.05,2.095,30864
2023-09-04,2.05,2.11,2.05,2.095,58028
2023-09-05,2.09,2.15,2.09,2.13,33143
2023-09-06,2.1,2.2,2.1,2.155,45768
2023-09-07,2.13,2.17,2.13,2.17,21451
2023-09-08,2.1,2.22,2.1,2.175,33573
2023-09-11,2.16,2.2,2.16,2.175,28822
2023-09-12,2.175,2.2,2.175,2.19,22899
2023-09-13,2.175,2.205,2.175,2.195,20309
2023-09-14,2.18,2.22,2.1,2.21,19620
2023-09-15,2.2,2.215,2.2,2.215,21906
2023-09-18,2.21,2.28,2.19,2.25,25752
2023-09-19,2.2,2.34,2.2,2.3,25322
2023-09-20,2.25,2.4,2.25,2.295,34546
2023-09-21,2.25,2.295,2.25,2.26,16026
2023-09-22,2.2,2.28,2.15,2.235,30883
2023-09-25,1.11,2.28,1.11,2.275,36567
2023-09-26,2.25,2.41,2.25,2.4,86452
2023-09-27,2.35,2.51,2.305,2.475,147071
2023-09-28,2.3,2.305,2.15,2.24,186263
2023-10-09,2.235,2.265,2.1,2.225,185361
2023-10-10,2.2,2.29,2.2,2.26,108384
2023-10-11,2.255,2.3,2.22,2.265,72891
2023-10-12,2.275,2.3,2.25,2.265,61068
2023-10-13,2.265,2.265,2.15,2.205,50768
2023-10-16,2.2,2.26,2.2,2.255,63104
2023-10-17,2.21,2.345,2.21,2.295,84215
2023-10-18,2.22,2.335,2.22,2.3,45362
2023-10-19,2.305,2.405,2.305,2.35,62928
2023-10-20,2.3,2.4,2.3,2.365,42210
2023-10-23,2.3,2.355,2.3,2.35,37737
2023-10-24,2.3,2.39,2.3,2.38,26400
2023-10-25,2.3,2.4,2.3,2.355,32210
2023-10-26,2.3,2.365,2.05,2.355,31859
2023-10-27,2.3,2.36,2.2,2.34,48102
2023-10-30,2.3,2.355,2.3,2.35,40243
2023-10-31,2.32,2.36,2.32,2.35,40411
2023-11-01,2.3,2.38,2.1,2.365,33256
2023-11-02,2.2,2.38,2.2,2.33,47509
2023-11-03,1,2.34,1,2.33,54805
2023-11-06,2.255,2.44,2.255,2.36,55679
2023-11-07,2.3,2.41,2.3,2.37,46557
2023-11-08,2.31,2.345,2.31,2.345,36883
2023-11-09,2.22,2.36,2.22,2.355,52203
2023-11-10,2.355,2.37,2.355,2.36,56684
2023-11-13,2.36,2.38,2.36,2.365,193471
2023-11-14,2.35,2.45,2.35,2.4,47788
2023-11-15,2.355,2.405,2.35,2.38,42525
2023-11-16,2.35,2.405,2.35,2.395,23651
2023-11-17,2.355,2.405,2.355,2.395,48766
2023-11-20,2.3,2.42,2.3,2.395,55747
2023-11-21,2.395,2.44,2.395,2.41,76712
2023-11-22,2.4,2.505,2.4,2.42,37634
2023-11-23,2.355,2.455,2.355,2.44,29214
2023-11-24,2.35,2.5,2.35,2.44,29277
2023-11-27,2.4,2.48,2.4,2.45,69466
2023-11-28,2.405,2.49,2.405,2.465,27450
2023-11-29,2.2,2.48,2.2,2.46,30473
2023-11-30,2.465,2.48,2.3,2.425,62322
2023-12-01,2.405,2.46,2.405,2.445,49787
2023-12-04,2.4,2.5,2.4,2.485,64513
2023-12-05,1.8,2.5,1.8,2.445,28255
2023-12-06,1.8,2.465,1.8,2.435,24324
2023-12-07,1.8,2.86,1.8,2.445,51990
2023-12-08,2.105,2.485,2.105,2.445,29354
2023-12-11,2,2.5,2,2.495,31480
2023-12-12,2.3,2.505,2.3,2.5,31680
2023-12-13,2.21,2.5,2.21,2.43,13853
2023-12-14,2.31,2.43,2.31,2.425,26197
2023-12-15,2.3,2.42,2.3,2.415,30590
2023-12-18,2.3,2.45,2.3,2.42,26645
2023-12-19,2.4,2.45,2.4,2.435,28477
2023-12-20,2.005,2.43,2.005,2.405,24719
2023-12-21,2.3,2.5,2.3,2.42,20165
2023-12-22,2.255,2.51,2.255,2.495,67308
2023-12-25,2.35,2.505,2.35,2.47,89433
2023-12-26,2.33,2.41,2.33,2.4,45023
2023-12-27,2.2,2.52,2.2,2.36,107791
2023-12-28,2,2.31,2,2.295,119998
2023-12-29,2.005,2.285,2.005,2.265,91545
2024-01-02,2.15,2.35,2.15,2.305,115356
2024-01-03,2.22,2.4,2.22,2.335,88438
2024-01-04,2.25,2.34,2.25,2.315,69635
2024-01-05,2.305,2.33,2.3,2.31,113415
2024-01-08,2.3,2.31,2.26,2.305,102189
2024-01-09,2.3,2.32,2.285,2.315,100925
2024-01-10,2.3,2.345,2.205,2.32,109120
2024-01-11,2.3,2.38,2.3,2.32,65006
2024-01-12,2.3,2.32,2.275,2.285,48822
2024-01-15,2.16,2.36,2.16,2.34,124294
2024-01-16,2.3,2.6,2.27,2.375,79838
2024-01-17,2.3,2.42,2.3,2.4,91393
2024-01-18,2.155,2.41,2.155,2.4,96914
2024-01-19,2.25,2.4,2.2,2.39,86006
2024-01-22,2.255,2.405,2.255,2.395,97226
2024-01-23,2.25,2.43,2.25,2.4,139515
2024-01-24,2.25,2.365,2.25,2.36,32420
2024-01-25,2.21,2.335,2.21,2.325,25103
2024-01-26,2.225,2.35,2.225,2.325,38793
2024-01-29,2.25,2.335,2.25,2.295,78185
2024-01-30,2.205,2.35,2.205,2.32,67418
2024-01-31,2.25,2.33,2.25,2.31,88102
2024-02-01,2.25,2.33,2.25,2.315,113234
2024-02-02,2.3,2.33,2.24,2.32,120586
2024-02-05,2.25,2.335,2.25,2.325,194276
2024-02-06,2.26,2.35,2.26,2.345,172889
2024-02-07,2.29,2.35,2.2,2.285,199197
2024-02-08,2.205,2.305,2.205,2.285,196116
2024-02-19,2.205,2.25,2.2,2.24,513025
2024-02-20,2.205,2.23,2.03,2.17,193500
2024-02-21,2.18,2.205,2.18,2.2,267164
2024-02-22,2.18,2.215,2.17,2.21,171698
2024-02-23,2.165,2.215,2.165,2.205,224270
2024-02-26,2.175,2.19,2.105,2.185,98339
2024-02-27,2.135,2.21,2.135,2.2,144181
2024-02-28,2.135,2.2,2.135,2.195,63227
2024-02-29,2.18,2.205,1.95,2.13,109711
2024-03-01,2.105,2.16,2.105,2.15,76275
2024-03-04,2.105,2.2,2.105,2.185,203451
2024-03-05,2.105,2.2,2.105,2.19,104046
2024-03-06,2.105,2.185,1.905,2.175,58075
2024-03-07,2.105,2.175,1.925,2.135,47620
2024-03-08,2.03,2.155,2.03,2.11,48569
2024-03-11,2.035,2.15,1.98,2.12,81905
2024-03-12,2.055,2.145,2.055,2.12,43998
2024-03-13,2.05,2.155,2.05,2.13,41515
2024-03-14,2.06,2.16,2.06,2.13,36712
2024-03-15,2.06,2.16,2.06,2.15,78773
2024-03-18,2.065,2.15,2.02,2.105,49938
2024-03-19,2.08,2.15,2.07,2.11,46575
2024-03-20,2.075,2.135,2.075,2.11,33778
2024-03-21,2.065,2.14,2.065,2.105,40846
2024-03-22,2.06,2.115,2.06,2.105,45065
2024-03-25,2.09,2.135,2.005,2.13,59453
2024-03-26,2.13,2.2,2.13,2.155,59119
2024-03-27,2.065,2.2,2.065,2.185,67990
2024-03-28,2.08,2.195,2.08,2.185,203907
2024-03-29,2.06,2.165,2.055,2.16,100452
2024-04-01,2.06,2.16,2.06,2.155,126854
2024-04-02,2.07,2.16,2.07,2.145,139630
2024-04-03,2.1,2.145,2.005,2.125,181090
2024-04-08,0.01,2.27,0.01,2.205,436375
2024-04-09,2.015,2.13,2.015,2.09,197158
2024-04-10,2.015,2.1,2.015,2.075,90189
2024-04-11,2.02,2.075,2.02,2.04,121215
2024-04-12,2.04,2.04,0.18,2.005,66994
2024-04-15,2.005,2.02,2,2.015,97723
2024-04-16,2.01,2.085,2,2.075,123533
2024-04-17,2.01,2.02,1.9,2.01,49215
2024-04-18,2,2.01,0.61,1.99,66543
2024-04-19,1.95,2,1.16,1.99,58893
2024-04-22,1.515,1.99,1.515,1.975,54764
2024-04-23,1.9,1.985,1.895,1.96,43206
2024-04-24,1.915,1.98,1.915,1.965,71988
2024-04-25,1.95,1.97,1.525,1.915,52921
2024-04-26,1.91,1.965,1.91,1.96,76048
2024-04-29,1.91,2,0.1,1.925,119554
2024-04-30,1.87,1.935,1.56,1.915,89204
2024-05-06,1.9,1.985,1.9,1.945,216260
2024-05-07,1.915,1.96,1.91,1.955,72702
2024-05-08,1.915,1.98,1.91,1.975,88867
2024-05-09,1.96,1.975,1.92,1.955,118711
2024-05-10,1.95,1.99,0.525,1.93,126910
2024-05-13,1.94,1.95,1.925,1.935,110127
2024-05-14,1.95,1.955,0.01,1.94,106196
2024-05-15,1.905,1.95,1.905,1.92,88028
2024-05-16,1.9,1.94,0.71,1.905,105833
2024-05-17,1.9,1.915,1.9,1.905,98781
2024-05-20,1.9,1.91,1.855,1.905,144263
2024-05-21,1.855,1.925,1.855,1.905,115674
2024-05-22,1.91,1.925,1.89,1.9,121166
2024-05-23,1.9,1.915,1.7,1.895,84755
2024-05-24,1.895,1.905,1.86,1.88,101343
2024-05-27,1.855,1.92,1.655,1.9,111410
2024-05-28,1.805,1.925,1.805,1.915,132423
2024-05-29,1.88,1.925,1.88,1.915,104374
2024-05-30,1.9,1.9,1.88,1.895,98824
2024-05-31,1.89,1.905,1.87,1.895,127261
2024-06-03,1.855,1.91,1.855,1.91,130426
2024-06-04,1.9,1.925,1.87,1.915,137151
2024-06-05,1.885,1.915,1.61,1.91,82149
2024-06-06,1.705,1.915,1.705,1.82,45616
2024-06-07,1.825,1.9,1.68,1.77,37883
2024-06-11,1.81,1.935,1.81,1.93,113175
2024-06-12,1.9,1.94,1.85,1.9,58694
2024-06-13,1.865,1.905,1.86,1.9,97062
2024-06-14,1.885,1.91,1.87,1.895,78412
2024-06-17,1.855,1.92,1.855,1.9,59390
2024-06-18,1.865,1.915,1.86,1.9,38189
2024-06-19,1.9,1.905,1.86,1.9,58871
2024-06-20,1.865,1.905,1.865,1.9,44891
2024-06-21,1.875,1.91,1.875,1.895,46191
2024-06-24,1.82,1.905,1.82,1.9,65295
2024-06-25,1.9,1.92,1.9,1.91,80234
2024-06-26,1.9,1.91,1.9,1.905,89770
2024-06-27,1.9,1.925,1.86,1.89,78851
2024-06-28,1.855,1.9,1.805,1.875,110679
2024-07-01,1.85,1.9,1.85,1.88,133402
2024-07-02,1.865,1.9,1.865,1.885,157222
2024-07-03,1.855,1.9,1.855,1.885,213138
2024-07-04,1.865,1.895,1.865,1.885,116567
2024-07-05,1.845,1.9,1.845,1.875,122120
2024-07-08,1.865,1.91,1.865,1.905,152121
2024-07-09,1.865,1.9,1.865,1.89,89945
2024-07-10,1.865,1.9,1.865,1.895,103206
2024-07-11,1.865,1.895,1.865,1.885,71912
2024-07-12,1.84,1.88,1.84,1.87,82535
2024-07-15,1.85,1.88,1.85,1.875,108309
2024-07-16,1.86,1.88,1.85,1.855,75249
2024-07-17,1.855,1.87,1.855,1.86,56944
2024-07-18,1.865,1.87,1.715,1.845,56593
2024-07-19,1.835,1.875,1.835,1.86,53105
2024-07-22,1.805,1.87,1.805,1.86,57068
2024-07-23,1.83,1.87,1.83,1.87,60074
2024-07-24,1.855,1.88,1.855,1.875,49371
2024-07-25,1.845,1.875,1.845,1.87,53242
2024-07-26,1.86,1.87,1.81,1.84,41445
2024-07-29,1.845,1.865,1.805,1.855,62014
2024-07-30,1.855,1.855,1.775,1.835,51598
2024-07-31,1.805,1.855,1.805,1.845,50662
2024-08-01,1.845,1.845,1.79,1.825,59518
2024-08-02,1.79,1.825,1.765,1.8,62579
2024-08-05,1.805,1.82,1.73,1.8,79626
2024-08-06,1.755,1.835,1.755,1.825,68122
2024-08-07,1.81,1.855,1.16,1.84,78057
2024-08-08,1.805,1.875,1.805,1.84,50359
2024-08-09,1.81,1.855,1.805,1.84,36340
2024-08-12,1.815,1.855,1.805,1.85,59721
2024-08-13,1.82,1.9,1.82,1.845,41593
2024-08-14,1.825,1.865,1.825,1.85,40461
2024-08-15,1.84,1.855,1.81,1.85,63609
2024-08-16,1.815,1.865,1.805,1.84,56221
2024-08-19,1.825,1.865,1.7,1.85,120797
2024-08-20,1.82,1.865,1.805,1.855,71484
2024-08-21,1.82,1.87,1.82,1.87,60966
2024-08-22,1.84,1.88,1.84,1.855,67938
2024-08-23,1.845,1.88,1.785,1.86,66742
2024-08-26,1.805,1.875,1.805,1.865,64507
2024-08-27,1.825,1.885,1.815,1.84,50790
2024-08-28,1.805,1.875,1.805,1.86,94428
2024-08-29,1.825,1.86,1.81,1.85,47811
2024-08-30,1.82,1.86,1.82,1.845,81698
2024-09-02,1.81,1.86,1.81,1.85,81140
2024-09-03,1.82,1.87,1.82,1.845,64133
2024-09-04,1.825,1.87,1.825,1.865,65415
2024-09-05,1.825,1.875,1.825,1.865,58589
2024-09-06,1.83,1.875,1.805,1.865,62388
2024-09-09,1.82,1.88,1.82,1.865,51045
2024-09-10,1.82,1.9,1.82,1.88,46580
2024-09-11,1.835,1.89,1.81,1.87,41858
2024-09-12,1.825,1.885,1.815,1.855,32642
2024-09-13,1.835,1.885,1.76,1.87,51076
2024-09-18,1.805,1.89,1.805,1.88,60682
2024-09-19,1.835,1.885,1.835,1.88,37825
2024-09-20,1.84,1.905,1.835,1.89,33348
2024-09-23,1.835,1.95,1.835,1.87,54960
2024-09-24,1.81,1.9,1.81,1.89,43346
2024-09-25,1.81,1.89,1.81,1.88,53905
2024-09-26,1.825,1.9,1.815,1.885,37522
2024-09-27,1.765,1.915,1.765,1.85,37532
2024-09-30,1.8,1.87,1.75,1.835,107166
2024-10-08,1.775,1.88,1.775,1.85,90692
2024-10-09,1.81,1.9,1.78,1.865,68779
2024-10-10,1.76,1.85,1.76,1.835,59101
2024-10-11,1.835,1.85,1.75,1.84,55720
2024-10-14,1.71,1.865,1.71,1.86,54254
2024-10-15,1.6,1.88,1.6,1.86,58608
2024-10-16,1.56,1.875,1.56,1.85,289576
2024-10-17,1.805,1.86,1.805,1.845,27262
2024-10-18,1.665,1.86,1.665,1.85,42010
2024-10-21,1.68,1.88,1.68,1.825,46642
2024-10-22,1.805,1.88,1.805,1.86,44153
2024-10-23,1.855,1.9,1.855,1.885,49170
2024-10-24,1.76,1.89,1.76,1.865,33044
2024-10-25,1.865,1.875,1.805,1.865,72207
2024-10-28,1.8,1.875,1.8,1.865,45366
2024-10-29,1.6,1.86,1.6,1.85,20460
2024-10-30,1.805,1.86,1.805,1.85,24328
2024-10-31,1.805,1.855,1.4,1.81,44891
2024-11-01,1.81,1.815,1.705,1.75,33059
2024-11-04,1.76,1.82,1.76,1.805,104171
2024-11-05,1.715,1.825,1.715,1.81,67215
2024-11-06,1.71,1.83,1.71,1.815,47562
2024-11-07,1.71,1.82,1.71,1.815,43910
2024-11-08,1.68,1.82,1.68,1.81,49885
2024-11-11,1.655,1.82,1.655,1.795,41520
2024-11-12,1.725,1.82,1.725,1.795,49324
2024-11-13,1.75,1.915,1.75,1.825,144657
2024-11-14,1.81,1.83,1.81,1.815,93287
2024-11-15,1.805,1.815,1.8,1.815,445431
2024-11-18,1.8,1.865,1.8,1.825,626347
2024-11-19,1.81,1.9,1.81,1.88,234065
2024-11-20,1.815,2.1,1.755,1.975,322111
2024-11-21,1.755,1.92,1.755,1.885,165731
2024-11-22,1.81,1.87,1.705,1.845,120954
2024-11-25,1.81,1.9,1.81,1.865,103411
2024-11-26,1.81,1.825,1.81,1.82,34116
2024-11-27,1.82,1.85,1.82,1.825,82932
2024-11-28,1.825,1.865,1.82,1.825,75834
2024-11-29,1.81,1.835,1.71,1.75,159206
2024-12-02,1.705,1.82,1.705,1.765,97740
2024-12-03,1.705,1.94,1.7,1.86,436632
2024-12-04,1.79,1.855,1.79,1.83,192353
2024-12-05,1.79,1.85,1.605,1.76,103546
2024-12-06,1.745,1.81,1.7,1.765,213917
2024-12-09,1.755,1.9,1.755,1.85,106369
2024-12-10,1.8,1.855,1.55,1.81,171998
2024-12-11,1.81,1.92,1.7,1.825,366598
2024-12-12,1.705,1.855,1.705,1.805,55559
2024-12-13,1.8,1.85,1.7,1.765,73707
2024-12-16,0.01,1.87,0.01,1.79,49890
2024-12-17,1.705,1.795,1.705,1.795,28213
2024-12-18,1.7,1.8,1.7,1.725,200007
2024-12-19,1.72,1.755,1.52,1.72,17706
2024-12-20,1.705,1.86,1.7,1.84,97140
2024-12-23,1.75,1.8,1.62,1.685,58869
2024-12-24,1.7,1.825,1.7,1.81,172266
2024-12-25,1.75,1.82,1.725,1.8,189247
2024-12-26,1.8,1.81,1.7,1.79,343752
2024-12-27,1.7,1.795,1.55,1.71,44071
2024-12-30,1.71,1.8,1.5,1.725,160358
2024-12-31,1.705,1.75,1.65,1.725,94660
2025-01-02,1.72,1.8,1.2,1.625,85031
2025-01-03,1.625,1.765,1.6,1.625,39906
2025-01-06,1.605,1.75,1.605,1.625,94319
2025-01-07,1.625,1.7,1.51,1.63,107780
2025-01-08,1.6,1.68,1.5,1.59,108647
2025-01-09,1.58,1.7,1.5,1.595,146621
2025-01-10,1.66,1.695,1.515,1.565,60420
2025-01-13,1.55,1.7,1.55,1.7,87866
2025-01-14,1.6,1.72,1.6,1.705,40082
2025-01-15,1.65,2.12,1.6,2.045,336046
2025-01-16,1.61,1.8,1.61,1.75,37391
2025-01-17,1.65,2.05,1.6,1.88,126790
2025-01-20,1.705,1.9,1.68,1.865,133592
2025-01-21,1.68,1.885,1.66,1.82,188794
2025-01-22,1.68,1.9,1.605,1.865,163423
2025-01-23,1.605,1.9,1.605,1.73,139491
2025-01-24,1.725,1.93,1.505,1.78,167636
2025-01-27,1.545,1.8,1.545,1.7,123129
2025-02-05,1.66,1.83,1.6,1.785,526158
2025-02-06,1.68,1.79,1.66,1.705,100152
2025-02-07,1.7,1.72,1.685,1.7,110207
2025-02-10,1.69,1.75,1.61,1.705,110680
2025-02-11,1.615,1.76,1.615,1.695,76713
2025-02-12,1.695,1.86,1.56,1.84,271111
2025-02-13,1.665,1.8,1.665,1.75,84200
2025-02-14,1.705,1.805,1.605,1.68,85482
2025-02-17,1.715,2,1.715,1.875,251095
2025-02-18,1.705,1.97,1.705,1.865,124834
2025-02-19,1.765,1.92,1.765,1.8,218022
2025-02-20,1.705,1.95,1.705,1.83,111413
2025-02-21,1.8,1.885,1.66,1.815,160817
2025-02-24,1.8,1.9,1.73,1.885,171241
2025-02-25,1.755,1.91,1.66,1.89,132749
2025-02-26,1.76,1.93,1.76,1.885,103714
2025-02-27,1.855,1.955,1.85,1.855,112151
2025-02-28,1.715,1.9,1.715,1.835,81292
2025-03-03,1.8,1.86,1.755,1.85,116178
2025-03-04,1.705,2,1.705,1.955,424496
2025-03-05,1.715,1.9,1.715,1.84,163443
2025-03-06,1.71,1.885,1.71,1.855,192756
2025-03-07,1.75,1.9,1.705,1.85,147509
2025-03-10,1.7,1.88,1.7,1.825,138878
2025-03-11,1.71,1.87,1.71,1.83,86689
2025-03-12,1.715,1.875,1.715,1.815,252770
2025-03-13,1.73,1.93,1.73,1.825,93581
2025-03-14,1.82,1.93,1.75,1.9,241555
2025-03-17,1.7,2,1.7,1.955,220548
2025-03-18,0.01,1.86,0.01,1.85,51997
2025-03-19,1.8,2.065,1.795,1.965,149674
2025-03-20,1.85,2.08,1.85,1.93,175256
2025-03-21,1.85,2.1,1.705,1.895,164060
2025-03-24,1.8,1.96,1.8,1.855,255493
2025-03-25,1.705,2.05,1.705,1.87,139124
2025-03-26,1.71,1.91,1.71,1.85,76621
2025-03-27,1.81,1.905,1.8,1.865,148428
2025-03-28,1.85,1.885,1.755,1.86,165316
2025-03-31,1.805,1.9,1.805,1.835,138816
2025-04-01,1.7,1.905,1.7,1.835,258137
2025-04-02,1.8,1.84,1.775,1.8,155735
2025-04-03,1.6,1.8,1.6,1.755,84107
2025-04-07,1.5,1.95,0.01,1.865,364090
2025-04-08,1.78,2.01,1.605,1.925,536146
2025-04-09,1.755,1.925,1.7,1.795,262797
2025-04-10,1.65,1.85,1.65,1.745,217571
2025-04-11,1.75,1.81,1.68,1.71,165520
2025-04-14,1.72,1.82,1.655,1.705,212614
2025-04-15,1.7,1.8,1.68,1.71,100118
2025-04-16,1.7,1.805,1.66,1.71,278430
2025-04-17,1.71,1.9,1.7,1.845,375502
2025-04-18,1.73,1.805,1.675,1.73,246883
2025-04-21,1.715,1.805,1.6,1.69,173531
2025-04-22,1.69,1.825,1.655,1.78,204232
2025-04-23,1.705,1.805,1.66,1.69,226401
2025-04-24,1.695,1.8,1.655,1.69,74925
2025-04-25,1.69,1.795,1.65,1.695,120613
2025-04-28,1.6,1.7,1.6,1.685,134018
2025-04-29,1.6,1.705,1.6,1.675,109058
2025-04-30,1.62,1.675,1.62,1.665,104722
2025-05-06,1.6,1.73,1.6,1.695,340966
2025-05-07,1.65,1.735,1.62,1.665,361830
2025-05-08,1.665,1.67,1.56,1.62,112946
2025-05-09,1.615,1.65,1.58,1.595,169865
2025-05-12,1.595,1.61,1.5,1.595,126663
2025-05-13,1.595,1.605,1.455,1.57,77057
2025-05-14,1.57,1.75,1.5,1.67,391415
2025-05-15,1.57,1.615,1.505,1.59,130396
2025-05-16,1.55,1.75,1.51,1.66,297734
2025-05-19,1.51,1.72,1.505,1.655,423135
2025-05-20,1.535,1.72,1.52,1.615,403749
2025-05-21,1.53,1.68,1.53,1.605,391891
2025-05-22,1.555,1.68,1.555,1.6,242539
2025-05-23,1.585,1.66,1.55,1.6,187468
2025-05-26,1.58,1.65,1.58,1.61,202765
2025-05-27,1.605,1.625,1.605,1.615,126833
2025-05-28,1.6,1.635,1.6,1.615,165856
2025-05-29,1.6,1.64,1.6,1.61,127207
2025-05-30,1.51,1.62,1.51,1.6,220507
2025-06-03,1.515,1.77,1.51,1.685,574988
2025-06-04,1.55,1.695,1.52,1.595,213614
2025-06-05,1.51,1.68,1.51,1.595,158353
2025-06-06,1.595,1.625,1.515,1.595,110284
2025-06-09,1.515,1.66,1.51,1.6,214360
2025-06-10,1.55,1.63,1.55,1.59,223422
2025-06-11,1.58,1.785,1.505,1.725,365770
2025-06-12,1.53,1.755,1.53,1.69,230105
2025-06-13,1.605,1.66,1.585,1.605,129975
2025-06-16,1.605,1.77,1.4,1.68,253286
2025-06-17,1.565,1.62,1.5,1.605,105585
2025-06-18,1.555,1.65,1.555,1.61,264487
2025-06-19,1.6,1.655,1.56,1.6,166118
2025-06-20,1.6,1.665,1.5,1.595,188648
2025-06-23,1.575,1.63,1.51,1.6,466186
2025-06-24,1.605,1.64,1.52,1.605,320411
2025-06-25,1.585,1.62,1.51,1.615,207882
2025-06-26,1.605,1.65,1.45,1.61,476907
2025-06-27,1.51,1.64,1.51,1.6,168740
2025-06-30,1.535,1.655,1.535,1.585,217556
2025-07-01,1.58,1.66,1.55,1.59,409130
2025-07-02,1.585,1.59,1.58,1.585,203726
2025-07-03,1.58,1.6,1.505,1.575,313561
2025-07-04,1.535,1.6,1.535,1.585,536848
2025-07-07,1.51,1.63,1.51,1.56,503039
2025-07-08,1.55,1.63,1.525,1.56,618007
2025-07-09,1.555,1.585,1.52,1.555,270012
2025-07-10,1.555,1.59,1.55,1.56,376928
2025-07-11,1.55,1.57,1.51,1.525,169128
2025-07-14,1.515,1.55,1.505,1.525,134201
2025-07-15,1.515,1.56,1.515,1.535,100737
2025-07-16,1.545,1.62,1.535,1.585,325338
2025-07-17,1.535,1.54,1.505,1.515,89450
2025-07-18,1.51,1.62,1.45,1.5,153287
2025-07-21,1.5,1.595,1.5,1.505,180351
2025-07-22,1.5,1.545,1.46,1.505,147914
2025-07-23,1.505,1.65,1.405,1.58,196190
2025-07-24,1.455,1.58,1.455,1.505,154056
2025-07-25,1.505,1.62,1.45,1.5,224736
2025-07-28,1.46,1.53,1.45,1.485,101551
2025-07-29,1.46,1.5,1.46,1.495,66564
2025-07-30,1.485,1.545,1.48,1.51,87251
2025-07-31,1.45,1.5,1.45,1.48,65166
2025-08-01,1.4,1.485,1.4,1.48,75098
2025-08-04,1.455,1.5,1.45,1.475,129323
2025-08-05,1.45,1.515,1.45,1.495,134652
2025-08-06,1.46,1.555,1.46,1.515,393808
2025-08-07,1.52,1.525,1.5,1.5,355427
2025-08-08,1.5,1.52,1.45,1.485,337420
2025-08-11,1.5,1.52,1.41,1.495,358778
2025-08-12,1.45,1.505,1.45,1.505,213001
2025-08-13,1.51,1.56,1.46,1.5,648090
2025-08-14,1.48,1.51,1.48,1.5,228083
2025-08-15,1.5,1.505,1.4,1.5,194782
2025-08-18,1.42,1.565,1.4,1.505,601112
2025-08-19,1.505,1.55,1.4,1.515,208950
2025-08-20,1.41,1.56,1,1.51,255194
2025-08-21,1.41,1.55,1.4,1.525,337932
2025-08-22,1.41,1.555,1.41,1.545,237932
2025-08-25,1.45,1.555,1.4,1.5,286136
2025-08-26,1.45,1.515,1.4,1.5,157706
2025-08-27,1.405,1.58,1.405,1.505,290804
2025-08-28,1.505,1.52,1.41,1.505,217344
2025-08-29,1.41,1.5,1.405,1.435,246753
2025-09-01,1.435,1.525,1.42,1.5,472890
2025-09-02,1.45,1.565,1.435,1.495,507441
2025-09-03,1.45,1.52,1.41,1.485,158683
2025-09-04,1.48,1.555,1.4,1.515,302246
2025-09-05,1.46,1.555,1.4,1.51,361084
2025-09-08,1.45,1.555,1.45,1.52,338000
2025-09-09,1.46,1.56,1.46,1.525,186710
2025-09-10,1.5,1.68,1.48,1.6,418238
2025-09-11,1.45,1.53,1.45,1.51,184862
2025-09-12,1.47,1.655,1.45,1.6,303299
2025-09-15,1.5,1.6,1.45,1.52,265476
2025-09-16,1.5,1.62,1.5,1.545,142099
2025-09-17,1.4,1.7,1.4,1.615,277987
2025-09-18,1.5,1.705,1.5,1.665,207592
2025-09-19,1.5,1.69,1.5,1.555,173714
2025-09-22,1.5,1.63,1.5,1.585,186692
2025-09-23,1.5,1.63,1.495,1.58,181677
2025-09-24,1.46,1.71,1.46,1.57,212563
2025-09-25,1.5,1.8,1.5,1.765,378996
2025-09-26,1.51,1.7,1.5,1.515,143504
2025-09-29,1.5,1.575,1.455,1.495,167331
2025-09-30,1.48,1.53,1.4,1.475,310524
2025-10-09,1.45,1.54,1.41,1.5,1139106
2025-10-10,1.48,1.515,1.48,1.495,628242
2025-10-13,1.48,1.51,1.425,1.5,333226
2025-10-14,1.5,1.505,1.405,1.5,143908
2025-10-15,1.5,1.54,1.5,1.5,380022
2025-10-16,1.5,1.56,1.45,1.5,442793
2025-10-17,1.5,1.535,1.46,1.49,284495
2025-10-20,1.4,1.53,1.4,1.485,275192
2025-10-21,1.45,1.54,1.4,1.485,311349
2025-10-22,1.35,1.53,1.35,1.5,251011
2025-10-23,0.01,1.505,0.01,1.5,111778
2025-10-24,1.5,1.505,1.42,1.47,176089
2025-10-27,1.43,1.51,1.3,1.495,185127
2025-10-28,1.455,1.515,1.42,1.47,71197
2025-10-29,1.5,1.515,1.405,1.5,132197
2025-10-30,1.45,1.45,1.41,1.44,30016
2025-10-31,1.45,1.46,1.41,1.45,51525
2025-11-03,1.435,1.46,1.405,1.45,53163
2025-11-04,1.455,1.535,1.455,1.5,266267
2025-11-05,1.48,1.53,1.4,1.5,470061
2025-11-06,1.41,1.505,1.41,1.455,208462
2025-11-07,1.5,1.5,1.45,1.47,243193
2025-11-10,1.45,1.5,1.415,1.475,145268
2025-11-11,1.475,1.5,1.455,1.49,96019
2025-11-12,1.48,1.53,1.48,1.485,310085
2025-11-13,1.47,1.5,1.45,1.465,154991
2025-11-14,1.45,1.52,1.45,1.48,356677
2025-11-17,1.45,1.58,1.45,1.51,463492
2025-11-18,1.45,1.58,1.45,1.525,275200
2025-11-19,1.5,1.62,1.45,1.465,321071
2025-11-20,1.495,1.56,1.4,1.445,222764
2025-11-21,1.45,1.53,1.45,1.45,170342
2025-11-24,1.45,1.56,1.45,1.485,223224
2025-11-25,1.455,1.53,1.455,1.49,153696
2025-11-26,1.4,1.55,1.4,1.47,261338
2025-11-27,1.45,1.525,1.45,1.465,116491
2025-11-28,1.46,1.495,1.45,1.455,128048
2025-12-01,1.45,1.48,1.45,1.465,87300
2025-12-02,1.405,1.63,1.405,1.565,847530
2025-12-03,1.46,1.53,1.455,1.48,149406
2025-12-04,1.48,1.52,1.45,1.46,136729
2025-12-05,1.46,1.52,1.45,1.475,105497
2025-12-08,1.45,1.53,1.45,1.5,232697
2025-12-09,1.45,1.53,1.45,1.485,182546
2025-12-10,1.485,1.58,1.485,1.555,335603
2025-12-11,1.48,1.56,1.455,1.475,182939
2025-12-12,1.455,1.51,1.455,1.475,64840
2025-12-15,1.475,1.53,1.455,1.49,176996
2025-12-16,1.49,1.55,1.46,1.49,134157
2025-12-17,1.46,1.6,1.46,1.54,240833
2025-12-18,1.5,1.66,1.46,1.585,261275
2025-12-19,1.48,1.6,1.45,1.55,145496
2025-12-22,1.455,1.55,1.455,1.49,144337
2025-12-23,1.49,1.6,1.48,1.505,257888
2025-12-24,1.5,1.575,1.5,1.53,283620
2025-12-25,1.51,1.555,1.48,1.49,330201
2025-12-26,1.49,1.505,1.46,1.485,85095
2025-12-29,1.5,1.55,1.45,1.5,260376
2025-12-30,1.485,1.63,1.47,1.49,340066
2025-12-31,1.45,1.485,1.45,1.475,118074
2026-01-05,1.475,1.535,1.42,1.485,650550
2026-01-06,1.49,1.6,1.46,1.5,535800
2026-01-07,1.49,1.54,1.465,1.5,266817
2026-01-08,1.475,1.55,1.455,1.5,700543
2026-01-09,1.455,1.525,1.455,1.5,286897
2026-01-12,1.49,1.505,1.46,1.48,162459
2026-01-13,1.47,1.5,1.4,1.475,94584
2026-01-14,1.48,1.6,1.48,1.535,376098
2026-01-15,1.48,1.495,1.47,1.485,89592
2026-01-16,1.495,1.515,1.48,1.495,169444
2026-01-19,1.48,1.525,1.48,1.505,157897
2026-01-20,1.5,1.52,1.5,1.5,175562
2026-01-21,1.5,1.58,1.5,1.515,194176
2026-01-22,1.505,1.515,1.485,1.5,137262
2026-01-23,1.49,1.5,1.46,1.49,83234
2026-01-26,1.47,1.52,1.47,1.5,186352
2026-01-27,1.48,1.5,1.48,1.49,65405
2026-01-28,1.45,1.49,1.45,1.49,66359
2026-01-29,1.49,1.505,1.485,1.5,102183
2026-01-30,1.5,1.505,1.455,1.49,107299
2026-02-02,1.455,1.505,1.455,1.5,157314
2026-02-03,1.5,1.51,1.46,1.505,164078
2026-02-04,1.505,1.56,1.5,1.505,330731
2026-02-05,1.505,1.515,1.48,1.505,155874
2026-02-06,1.505,1.515,1.48,1.5,170284
2026-02-09,1.495,1.535,1.495,1.53,376885
2026-02-10,1.5,1.535,1.45,1.52,254532
2026-02-11,1.465,1.6,1.465,1.515,426228
2026-02-12,1.5,1.52,1.45,1.48,174639
2026-02-13,1.465,1.505,1.46,1.49,409260
2026-02-24,1.46,1.525,1.46,1.505,720138
2026-02-25,1.5,1.51,1.46,1.5,291210
2026-02-26,1.49,1.52,1.46,1.5,278108
2026-02-27,1.5,1.515,1.45,1.5,314414
2026-03-02,1.49,1.52,1.46,1.48,389949
2026-03-03,1.475,1.5,1.465,1.49,276815
2026-03-04,1.47,1.495,1.47,1.49,153999
2026-03-05,1.49,1.49,1.46,1.48,165793
2026-03-06,1.48,1.505,1.46,1.495,290760
2026-03-09,1.48,1.505,1.45,1.505,287836
2026-03-10,1.49,1.515,1.45,1.5,297339
2026-03-11,1.5,1.51,1.46,1.505,243180
2026-03-12,1.5,1.51,1.5,1.5,172899
2026-03-13,1.5,1.5,1.47,1.495,206187
2026-03-16,1.48,1.505,1.48,1.5,288724
2026-03-17,1.5,1.505,1.46,1.5,165732
2026-03-18,1.5,1.505,1.48,1.5,155027
2026-03-19,1.5,1.5,1.48,1.5,160277
2026-03-20,1.495,1.505,1.45,1.49,116585
2026-03-23,1.45,1.505,1.205,1.5,191788
2026-03-24,1.45,1.515,1.45,1.49,339230
2026-03-25,1.46,1.51,1.46,1.5,209775
2026-03-26,1.495,1.505,1.455,1.495,247971
2026-03-27,1.465,1.495,1.465,1.485,157476
2026-03-30,1.475,1.5,1.45,1.485,248974
2026-03-31,1.465,1.485,1.45,1.47,278142
2026-04-01,1.46,1.48,1.425,1.43,281141
2026-04-02,1.435,1.44,1.205,1.425,152247
2026-04-03,1.4,1.43,1.4,1.415,242878
2026-04-07,1.4,1.44,1.4,1.425,332200
2026-04-08,1.4,1.42,1.4,1.42,303677
2026-04-09,1.41,1.43,1.41,1.42,367502
2026-04-10,1.41,1.445,1.41,1.43,432150
2026-04-13,1.415,1.43,1.4,1.425,502744
2026-04-14,1.41,1.43,1.41,1.42,178858
2026-04-15,1.41,1.42,1.405,1.42,256937
2026-04-16,1.41,1.42,1.4,1.41,137325
2026-04-17,1.405,1.41,1.355,1.385,119068
2026-04-20,1.36,1.41,1.36,1.4,135876
2026-04-21,1.38,1.405,1.365,1.395,137487
2026-04-22,1.39,1.405,1.36,1.39,108254
2026-04-23,1.39,1.4,1.355,1.385,84400
2026-04-24,1.38,1.395,1.3,1.37,140673
2026-04-27,1.31,1.385,1.31,1.375,111393
2026-04-28,1.355,1.425,1.35,1.375,154193
2026-04-29,1.36,1.375,1.33,1.35,120993
2026-04-30,1.33,1.34,1.2,1.3,180522
2026-05-06,1.295,1.41,1.295,1.39,444706
2026-05-07,1.36,1.4,1.36,1.385,211570
2026-05-08,1.37,1.4,1.005,1.38,290094
2026-05-11,1.315,1.385,1.3,1.36,331851
2026-05-12,1.31,1.37,1.31,1.36,336642
2026-05-13,1.31,1.39,1.31,1.375,176105
2026-05-14,1.35,1.35,1.31,1.345,111939
2026-05-15,1.34,1.37,1.32,1.355,256560
2026-05-18,1.33,1.375,1.325,1.365,151329
2026-05-19,1.355,1.385,1.31,1.365,147404
2026-05-20,1.355,1.4,1.31,1.385,149220
2026-05-21,1.35,1.37,1.31,1.36,105079
2026-05-22,1.36,1.37,1.32,1.355,139971
2026-05-25,1.355,1.38,1.35,1.375,155907
2026-05-26,1.36,1.385,1.36,1.37,180317
2026-05-27,1.35,1.38,1.35,1.37,177104
2026-05-28,1.365,1.39,1.3,1.36,176816
2026-05-29,1.31,1.365,1.3,1.325,178922
2026-06-01,1.33,1.36,1.31,1.345,147279
2026-06-02,1.325,1.365,1.325,1.36,195769
2026-06-03,1.35,1.37,1.33,1.365,156893
2026-06-04,1.36,1.375,1.355,1.37,175541
2026-06-05,1.36,1.385,1.35,1.365,185251
2026-06-08,1.355,1.4,1.355,1.365,197537
2026-06-09,1.355,1.4,1.355,1.36,176644
2026-06-10,1.36,1.385,1.35,1.36,139779
2026-06-11,1.36,1.375,1.36,1.37,107953
2026-06-12,1.36,1.4,1.36,1.385,142944
2026-06-15,1.36,1.41,1.36,1.405,134173
2026-06-16,1.4,1.41,1.38,1.41,138254
2026-06-17,1.38,1.49,1.36,1.44,180963
2026-06-18,1.38,1.425,1.38,1.41,160732
2026-06-22,1.38,1.42,1.38,1.42,273749
2026-06-23,1.4,1.42,1.4,1.42,165065
2026-06-24,1.405,1.45,1.405,1.425,228852
2026-06-25,1.425,1.45,1.405,1.42,219379
2026-06-26,1.405,1.415,1.4,1.41,282779
2026-06-29,1.405,1.42,1.405,1.415,243286
2026-06-30,1.405,1.41,1.36,1.405,206141
2026-07-01,1.38,1.415,1.36,1.41,196795
2026-07-02,1.4,1.42,1.38,1.41,240113
2026-07-03,1.4,1.42,1.38,1.395,167127
2026-07-06,1.36,1.42,1.36,1.405,356511
2026-07-07,1.39,1.41,1.375,1.4,344770
2026-07-08,1.4,1.42,1.38,1.415,291133
2026-07-09,1.4,1.42,1.38,1.415,254053
2026-07-10,1.38,1.425,1.355,1.405,377146
2026-07-13,1.39,1.42,1.35,1.415,333478
2026-07-14,1.405,1.42,1.4,1.415,206801
2026-07-15,1.4,1.425,1.4,1.415,197124
2026-07-16,1.415,1.425,1.415,1.42,320924
2026-07-17,1.4,1.425,1.4,1.415,201874
2026-07-20,1.405,1.43,1.405,1.425,221583
2026-07-21,1.405,1.43,1.405,1.42,219212
2026-07-22,1.4,1.425,1.4,1.42,244865
2026-07-23,1.4,1.42,1.4,1.41,210029
2026-07-24,1.4,1.42,1.36,1.4,261652
2026-07-27,1.36,1.45,1.36,1.45,400197
2026-07-28,1.4,1.435,1.39,1.425,195105
2026-07-29,1.38,1.425,1.38,1.42,340796
2026-07-30,1.385,1.42,1.37,1.395,105152
2026-07-31,1.395,1.405,1.365,1.395,200510
2026-08-03,1.365,1.405,1.35,1.405,188597
2026-08-04,1.4,1.415,1.4,1.41,307744
2026-08-05,1.405,1.42,1.4,1.41,298172
2026-08-06,1.4,1.41,1.4,1.405,272788
2026-08-07,1.355,1.405,1.355,1.4,259925
2026-08-10,1.395,1.415,1.385,1.41,303131
2026-08-11,1.35,1.42,1.35,1.405,208865
2026-08-12,1.4,1.405,1.35,1.4,121891
2026-08-13,1.355,1.405,1.355,1.405,148592
2026-08-14,1.355,1.405,1.355,1.385,133326
2026-08-17,1.385,1.405,1.38,1.4,176098
2026-08-18,1.39,1.405,1.37,1.4,235726
2026-08-19,1.39,1.405,1.39,1.4,140272
2026-08-20,1.385,1.405,1.355,1.39,97879
2026-08-21,1.39,1.4,1.38,1.39,91524
2026-08-24,1.38,1.4,1.37,1.395,124362
2026-08-25,1.36,1.415,1.36,1.4,267345
2026-08-26,1.37,1.405,1.37,1.39,139884
2026-08-27,1.385,1.4,1.38,1.385,124333
2026-08-28,1.38,1.395,1.38,1.39,195624
2026-08-31,1.39,1.405,1.385,1.395,220120
2026-09-01,1.385,1.405,1.385,1.4,400225
2026-09-02,1.39,1.4,1.385,1.395,155103
2026-09-03,1.385,1.4,1.38,1.385,141271
2026-09-04,1.38,1.41,1.195,1.385,227283
2026-09-07,1.375,1.4,1.375,1.39,186541
2026-09-08,1.39,1.4,1.38,1.395,148641
2026-09-09,1.4,1.405,1.395,1.4,182429
2026-09-10,1.4,1.4,1.375,1.39,110782
2026-09-11,1.39,1.395,1.38,1.385,133627
2026-09-14,1.38,1.41,1.38,1.4,238706
2026-09-15,1.395,1.405,1.385,1.4,167584
2026-09-16,1.38,1.4,1.38,1.395,98529
2026-09-17,1.395,1.4,1.37,1.395,100228
2026-09-18,1.39,1.4,1.38,1.39,98044
2026-09-21,1.38,1.41,1.38,1.405,228016
2026-09-22,1.38,1.41,1.38,1.405,186661
2026-09-23,1.38,1.415,1.36,1.405,318902
2026-09-24,1.365,1.41,1.365,1.405,195822
2026-09-28,1.385,1.41,1.38,1.4,306325
2026-09-29,1.38,1.41,1.37,1.385,247449
2026-09-30,1.38,1.39,1.355,1.375,409526
