day,open,high,low,close,volume,amount
2026-09-15 13:53:00,100.797,100.797,100.796,100.796,400500,40368998.1641
2026-09-15 13:54:00,100.796,100.797,100.796,100.797,361000,36387460.5859
2026-09-15 13:55:00,100.797,100.797,100.796,100.797,217300,21903079.0645
2026-09-15 13:56:00,100.796,100.797,100.796,100.797,287200,28948717.1987
2026-09-15 13:57:00,100.797,100.797,100.796,100.796,308000,31045382.4097
2026-09-15 13:58:00,100.796,100.797,100.796,100.797,208600,21026160.3711
2026-09-15 13:59:00,100.797,100.797,100.796,100.796,1005900,101391305.4756
2026-09-15 14:00:00,100.797,100.797,100.796,100.796,860900,86775846.5337
2026-09-15 14:01:00,100.797,100.797,100.796,100.797,1039800,104808526.7051
2026-09-15 14:02:00,100.797,100.797,100.796,100.796,317400,31992888.3618
2026-09-15 14:03:00,100.796,100.797,100.796,100.797,487100,49098082.1812
2026-09-15 14:04:00,100.797,100.798,100.796,100.797,1119820,112874563.6523
2026-09-15 14:05:00,100.797,100.798,100.797,100.797,286200,28848231.0635
2026-09-15 14:06:00,100.798,100.798,100.797,100.797,851000,85778857.3936
2026-09-15 14:07:00,100.798,100.798,100.797,100.798,331800,33444582.0283
2026-09-15 14:08:00,100.798,100.798,100.797,100.797,331600,33424425.3408
2026-09-15 14:09:00,100.797,100.798,100.797,100.798,328000,33061570.9639
2026-09-15 14:10:00,100.798,100.798,100.797,100.797,1051800,106019082.7725
2026-09-15 14:11:00,100.797,100.798,100.797,100.798,254300,25632788.1387
2026-09-15 14:12:00,100.797,100.798,100.797,100.797,237700,23959600.7441
2026-09-15 14:13:00,100.798,100.798,100.797,100.797,237000,23889050.6582
2026-09-15 14:14:00,100.798,100.798,100.797,100.797,298900,30128345.6436
2026-09-15 14:15:00,100.797,100.798,100.797,100.798,323400,32597929.6455
2026-09-15 14:16:00,100.798,100.798,100.797,100.797,424300,42768443.2930
2026-09-15 14:17:00,100.797,100.798,100.797,100.797,265700,26781887.9951
2026-09-15 14:18:00,100.797,100.798,100.797,100.798,287300,28959169.7236
2026-09-15 14:19:00,100.797,100.798,100.797,100.797,192700,19423687.5098
2026-09-15 14:20:00,100.797,100.798,100.797,100.797,319300,32184696.2617
2026-09-15 14:21:00,100.798,100.798,100.797,100.797,337500,34019182.2529
2026-09-15 14:22:00,100.798,100.798,100.797,100.798,663600,66889429.0029
2026-09-15 14:23:00,100.798,100.798,100.797,100.797,597000,60176259.6592
2026-09-15 14:24:00,100.798,100.798,100.797,100.797,536900,54118304.3184
2026-09-15 14:25:00,100.797,100.798,100.797,100.798,428600,43201886.2783
2026-09-15 14:26:00,100.797,100.798,100.797,100.798,737300,74318249.0762
2026-09-15 14:27:00,100.797,100.798,100.797,100.797,693600,69913341.1475
2026-09-15 14:28:00,100.797,100.799,100.797,100.799,1273920,128408568.5576
2026-09-15 14:29:00,100.799,100.799,100.797,100.797,1417800,142911474.5703
2026-09-15 14:30:00,100.797,100.798,100.797,100.798,335200,33787375.8916
2026-09-15 14:31:00,100.797,100.799,100.797,100.798,1779620,179382114.5479
2026-09-15 14:32:00,100.798,100.799,100.798,100.799,658300,66355695.2467
2026-09-15 14:33:00,100.799,100.799,100.798,100.798,543400,54774033.0168
2026-09-15 14:34:00,100.798,100.800,100.798,100.799,3372400,339934448.9668
2026-09-15 14:35:00,100.800,100.801,100.799,100.800,1626926,163994040.3779
2026-09-15 14:36:00,100.800,100.802,100.799,100.801,1360900,137179479.0996
2026-09-15 14:37:00,100.802,100.802,100.801,100.801,1542700,155507054.1025
2026-09-15 14:38:00,100.802,100.802,100.800,100.801,1985600,200151126.3398
2026-09-15 14:39:00,100.801,100.802,100.801,100.801,1310490,132099133.1465
2026-09-15 14:40:00,100.802,100.802,100.800,100.801,812790,81930058.4858
2026-09-15 14:41:00,100.801,100.801,100.800,100.801,542900,54724519.1641
2026-09-15 14:42:00,100.800,100.801,100.800,100.800,193900,19545203.9648
2026-09-15 14:43:00,100.800,100.801,100.799,100.800,818200,82474480.6348
2026-09-15 14:44:00,100.799,100.801,100.799,100.799,1165990,117531766.9512
2026-09-15 14:45:00,100.800,100.800,100.799,100.799,198700,20028900.8809
2026-09-15 14:46:00,100.799,100.800,100.799,100.800,755100,76113859.2246
2026-09-15 14:47:00,100.800,100.800,100.799,100.800,1108100,111696185.0859
2026-09-15 14:48:00,100.800,100.801,100.799,100.800,1030320,103856615.9912
2026-09-15 14:49:00,100.800,100.801,100.799,100.800,1659100,167237436.0977
2026-09-15 14:50:00,100.801,100.802,100.800,100.801,1281960,129222658.8350
2026-09-15 14:51:00,100.801,100.802,100.801,100.802,867800,87475417.0527
2026-09-15 14:52:00,100.801,100.802,100.801,100.801,1660700,167401311.4316
2026-09-15 14:53:00,100.801,100.802,100.801,100.802,702090,70771743.5264
2026-09-15 14:54:00,100.801,100.803,100.801,100.802,1575400,158803132.7407
2026-09-15 14:55:00,100.802,100.803,100.801,100.802,862210,86912771.9487
2026-09-15 14:56:00,100.803,100.804,100.801,100.802,1765620,177979578.3447
2026-09-15 14:57:00,100.801,100.803,100.800,100.801,1274000,128421273.7471
2026-09-15 15:00:00,100.801,100.801,100.801,100.801,1172980,118237559.1362
2026-09-16 09:31:00,100.804,100.805,100.803,100.805,2698800,272049556.3076
2026-09-16 09:32:00,100.805,100.805,100.803,100.804,1652000,166527901.9160
2026-09-16 09:33:00,100.804,100.804,100.803,100.803,1000400,100843772.4844
2026-09-16 09:34:00,100.804,100.804,100.803,100.804,353300,35613861.4443
2026-09-16 09:35:00,100.803,100.804,100.803,100.803,377010,38003840.6943
2026-09-16 09:36:00,100.803,100.804,100.803,100.804,570800,57538626.0400
2026-09-16 09:37:00,100.804,100.804,100.803,100.804,310400,31289332.9473
2026-09-16 09:38:00,100.804,100.804,100.803,100.803,890300,89745014.7637
2026-09-16 09:39:00,100.803,100.804,100.803,100.804,470700,47448144.0879
2026-09-16 09:40:00,100.803,100.804,100.803,100.803,202600,20422797.3018
2026-09-16 09:41:00,100.803,100.804,100.803,100.804,507300,51137505.0586
2026-09-16 09:42:00,100.803,100.804,100.803,100.804,864100,87104022.7549
2026-09-16 09:43:00,100.804,100.804,100.803,100.804,481000,48486344.2158
2026-09-16 09:44:00,100.803,100.804,100.803,100.803,507400,51147551.5664
2026-09-16 09:45:00,100.804,100.804,100.803,100.804,358000,36087606.3867
2026-09-16 09:46:00,100.803,100.804,100.803,100.803,349600,35240865.8447
2026-09-16 09:47:00,100.803,100.804,100.803,100.803,668900,67427539.6934
2026-09-16 09:48:00,100.804,100.804,100.803,100.803,447000,45059055.5127
2026-09-16 09:49:00,100.803,100.804,100.803,100.803,736400,74231630.3887
2026-09-16 09:50:00,100.803,100.804,100.803,100.803,462000,46571186.0928
2026-09-16 09:51:00,100.803,100.804,100.803,100.804,469300,47307064.0391
2026-09-16 09:52:00,100.803,100.804,100.803,100.803,314300,31682484.0127
2026-09-16 09:53:00,100.803,100.804,100.803,100.804,322900,32549458.2334
2026-09-16 09:54:00,100.803,100.804,100.803,100.803,386800,38990817.1895
2026-09-16 09:55:00,100.804,100.804,100.803,100.804,424000,42740658.2471
2026-09-16 09:56:00,100.803,100.804,100.803,100.804,235800,23769434.4199
2026-09-16 09:57:00,100.803,100.804,100.803,100.804,540600,54494206.9600
2026-09-16 09:58:00,100.804,100.804,100.803,100.803,854500,86136309.9092
2026-09-16 09:59:00,100.803,100.804,100.802,100.803,2856800,287973613.0752
2026-09-16 10:00:00,100.802,100.803,100.802,100.802,735900,74180596.9941
2026-09-16 10:01:00,100.803,100.803,100.802,100.802,1059800,106830534.5117
2026-09-16 10:02:00,100.803,100.803,100.802,100.802,935900,94341129.0908
2026-09-16 10:03:00,100.803,100.803,100.802,100.803,559700,56419213.4561
2026-09-16 10:04:00,100.803,100.803,100.802,100.803,406900,41016550.9268
2026-09-16 10:05:00,100.802,100.803,100.802,100.802,546000,55038251.1729
2026-09-16 10:06:00,100.803,100.804,100.802,100.803,1739900,175386985.8159
2026-09-16 10:07:00,100.803,100.804,100.803,100.804,563600,56812765.6172
2026-09-16 10:08:00,100.803,100.804,100.803,100.803,344600,34736842.2344
2026-09-16 10:09:00,100.804,100.804,100.803,100.803,360500,36339544.5713
2026-09-16 10:10:00,100.804,100.804,100.803,100.803,238300,24021403.8057
2026-09-16 10:11:00,100.803,100.804,100.803,100.804,503000,50704061.0205
2026-09-16 10:12:00,100.804,100.804,100.803,100.803,258400,26047584.4795
2026-09-16 10:13:00,100.803,100.804,100.803,100.804,1096600,110540664.1719
2026-09-16 10:14:00,100.804,100.804,100.803,100.803,544000,54836994.2227
2026-09-16 10:15:00,100.804,100.804,100.803,100.804,369300,37226617.1465
2026-09-16 10:16:00,100.804,100.804,100.803,100.803,393400,39656098.7627
2026-09-16 10:17:00,100.804,100.804,100.803,100.804,333900,33658227.0566
2026-09-16 10:18:00,100.803,100.804,100.803,100.804,268800,27095913.3760
2026-09-16 10:19:00,100.803,100.804,100.803,100.804,546400,55079062.6377
2026-09-16 10:20:00,100.804,100.804,100.803,100.803,604200,60905337.0557
2026-09-16 10:21:00,100.803,100.804,100.802,100.802,2846800,286966135.4531
2026-09-16 10:22:00,100.803,100.803,100.802,100.802,822300,82889851.4795
2026-09-16 10:23:00,100.803,100.803,100.802,100.802,783100,78938275.3105
2026-09-16 10:24:00,100.802,100.803,100.802,100.802,989300,99723665.3584
2026-09-16 10:25:00,100.803,100.803,100.802,100.802,1037600,104592584.9082
2026-09-16 10:26:00,100.803,100.803,100.802,100.803,1475100,148693941.7432
2026-09-16 10:27:00,100.802,100.803,100.802,100.802,943000,95056696.7217
2026-09-16 10:28:00,100.802,100.803,100.802,100.803,609400,61428998.5645
2026-09-16 10:29:00,100.803,100.803,100.801,100.801,2936100,295964811.4570
2026-09-16 10:30:00,100.802,100.802,100.801,100.801,596200,60097836.7432
2026-09-16 10:31:00,100.802,100.802,100.801,100.802,718900,72466196.8848
2026-09-16 10:32:00,100.802,100.802,100.801,100.802,454200,45783960.8145
2026-09-16 10:33:00,100.802,100.802,100.801,100.801,490500,49443006.1367
2026-09-16 10:34:00,100.802,100.802,100.801,100.802,560400,56488985.5293
2026-09-16 10:35:00,100.801,100.802,100.801,100.802,484900,48878548.9473
2026-09-16 10:36:00,100.802,100.802,100.800,100.800,2562800,258332809.0459
2026-09-16 10:37:00,100.801,100.801,100.800,100.800,219600,22135735.2148
2026-09-16 10:38:00,100.800,100.801,100.800,100.801,1887100,190219993.9473
2026-09-16 10:39:00,100.800,100.801,100.799,100.800,2060800,207728563.8838
2026-09-16 10:40:00,100.800,100.800,100.799,100.799,601300,60610769.5957
2026-09-16 10:41:00,100.800,100.801,100.799,100.801,1513700,152580497.7197
2026-09-16 10:42:00,100.800,100.801,100.800,100.800,1027800,103602515.0430
2026-09-16 10:43:00,100.801,100.801,100.798,100.799,3357000,338383931.3379
2026-09-16 10:44:00,100.799,100.801,100.799,100.800,2427900,244731860.1230
2026-09-16 10:45:00,100.800,100.800,100.799,100.800,890700,89781823.0840
2026-09-16 10:46:00,100.800,100.800,100.798,100.799,3413000,344026036.6104
2026-09-16 10:47:00,100.799,100.799,100.798,100.799,207800,20945931.0850
2026-09-16 10:48:00,100.799,100.799,100.798,100.799,495300,49925403.2412
2026-09-16 10:49:00,100.798,100.799,100.798,100.798,746600,75255875.5088
2026-09-16 10:50:00,100.798,100.799,100.798,100.799,1111300,112016927.7832
2026-09-16 10:51:00,100.798,100.799,100.798,100.799,688300,69379329.4688
2026-09-16 10:52:00,100.799,100.799,100.797,100.797,2061100,207754682.6748
2026-09-16 10:53:00,100.798,100.799,100.797,100.798,1772400,178654348.2500
2026-09-16 10:54:00,100.798,100.799,100.798,100.798,449500,45308839.5762
2026-09-16 10:55:00,100.799,100.799,100.798,100.799,212000,21369319.1621
2026-09-16 10:56:00,100.798,100.799,100.798,100.798,298700,30108500.8223
2026-09-16 10:57:00,100.799,100.799,100.798,100.798,759200,76526072.6729
2026-09-16 10:58:00,100.799,100.799,100.798,100.799,368300,37124038.0977
2026-09-16 10:59:00,100.798,100.799,100.797,100.797,2930400,295378598.8018
2026-09-16 11:00:00,100.798,100.798,100.797,100.798,177200,17861357.0156
2026-09-16 11:01:00,100.797,100.798,100.797,100.798,393800,39694021.8486
2026-09-16 11:02:00,100.797,100.799,100.797,100.799,2325600,234415947.9961
2026-09-16 11:03:00,100.798,100.799,100.798,100.798,819000,82554058.8184
2026-09-16 11:04:00,100.798,100.799,100.798,100.799,724800,73058756.1104
2026-09-16 11:05:00,100.798,100.799,100.797,100.798,4298700,433300424.3311
2026-09-16 11:06:00,100.798,100.799,100.797,100.798,2008800,202482623.0674
2026-09-16 11:07:00,100.797,100.798,100.797,100.797,2072200,208871889.6387
2026-09-16 11:08:00,100.798,100.798,100.796,100.797,4402300,443737231.9307
2026-09-16 11:09:00,100.796,100.797,100.795,100.796,2768200,279022368.9785
2026-09-16 11:10:00,100.795,100.796,100.795,100.796,597700,60245336.9512
2026-09-16 11:11:00,100.796,100.796,100.795,100.795,627400,63239134.1270
2026-09-16 11:12:00,100.795,100.797,100.795,100.797,1903300,191845032.5957
2026-09-16 11:13:00,100.796,100.797,100.795,100.795,2093000,210965414.4727
2026-09-16 11:14:00,100.795,100.796,100.795,100.796,577000,58158857.5840
2026-09-16 11:15:00,100.795,100.796,100.795,100.795,646700,65184360.2090
2026-09-16 11:16:00,100.795,100.796,100.794,100.796,2688700,271007458.4951
2026-09-16 11:17:00,100.796,100.796,100.795,100.796,1004400,101238996.4570
2026-09-16 11:18:00,100.795,100.796,100.795,100.796,690100,69558877.1992
2026-09-16 11:19:00,100.796,100.796,100.795,100.795,703000,70859110.8301
2026-09-16 11:20:00,100.796,100.796,100.795,100.795,2049300,206559420.9121
2026-09-16 11:21:00,100.794,100.795,100.794,100.795,1835800,185037767.8398
2026-09-16 11:22:00,100.795,100.795,100.794,100.794,473300,47705972.2256
2026-09-16 11:23:00,100.795,100.795,100.794,100.794,603400,60819269.7793
2026-09-16 11:24:00,100.795,100.795,100.793,100.794,1861200,187597987.2041
2026-09-16 11:25:00,100.793,100.795,100.793,100.793,2975500,299912707.6523
2026-09-16 11:26:00,100.794,100.794,100.793,100.794,1375400,138631836.1211
2026-09-16 11:27:00,100.794,100.795,100.794,100.795,864100,87096345.4590
2026-09-16 11:28:00,100.794,100.795,100.794,100.794,1037700,104594211.0684
2026-09-16 11:29:00,100.795,100.795,100.793,100.794,1754900,176883331.2832
2026-09-16 11:30:00,100.793,100.794,100.793,100.793,715200,72087369.1025
2026-09-16 13:01:00,100.793,100.795,100.793,100.794,3567900,359622107.1357
2026-09-16 13:02:00,100.794,100.795,100.793,100.793,3271000,329696760.1885
2026-09-16 13:03:00,100.793,100.794,100.793,100.793,1189800,119923830.5225
2026-09-16 13:04:00,100.793,100.794,100.793,100.793,930500,93788013.0938
2026-09-16 13:05:00,100.794,100.794,100.793,100.793,306000,30842769.8438
2026-09-16 13:06:00,100.793,100.794,100.793,100.793,748200,75413710.1260
2026-09-16 13:07:00,100.793,100.794,100.793,100.793,286000,28826902.3691
2026-09-16 13:08:00,100.793,100.794,100.793,100.793,479000,48280064.7979
2026-09-16 13:09:00,100.793,100.794,100.793,100.794,563300,56776853.0020
2026-09-16 13:10:00,100.793,100.794,100.793,100.793,740300,74617216.1270
2026-09-16 13:11:00,100.794,100.794,100.793,100.793,352800,35559859.7227
2026-09-16 13:12:00,100.793,100.794,100.793,100.794,831000,83759076.4307
2026-09-16 13:13:00,100.793,100.794,100.793,100.793,2049100,206535059.2832
2026-09-16 13:14:00,100.794,100.794,100.792,100.793,1987800,200356031.8486
2026-09-16 13:15:00,100.793,100.794,100.792,100.794,1540400,155261941.3301
2026-09-16 13:16:00,100.793,100.794,100.793,100.793,345200,34793863.9287
2026-09-16 13:17:00,100.793,100.794,100.793,100.794,276100,27829057.2998
2026-09-16 13:18:00,100.794,100.794,100.793,100.793,314800,31729795.2959
2026-09-16 13:19:00,100.794,100.794,100.793,100.794,648900,65404668.6396
2026-09-16 13:20:00,100.794,100.794,100.792,100.793,2548900,256911280.8379
2026-09-16 13:21:00,100.793,100.794,100.792,100.794,1596400,160906042.3604
2026-09-16 13:22:00,100.794,100.794,100.792,100.793,2908000,293106114.0898
2026-09-16 13:23:00,100.792,100.793,100.792,100.793,1886300,190124706.0234
2026-09-16 13:24:00,100.792,100.794,100.792,100.793,2384800,240371151.8281
2026-09-16 13:25:00,100.792,100.794,100.792,100.793,1314400,132482208.5000
2026-09-16 13:26:00,100.794,100.794,100.793,100.793,319900,32243830.6094
2026-09-16 13:27:00,100.793,100.794,100.793,100.794,1009400,101740802.7734
2026-09-16 13:28:00,100.794,100.794,100.793,100.794,733700,73952165.0967
2026-09-16 13:29:00,100.793,100.794,100.793,100.794,781600,78780198.2402
2026-09-16 13:30:00,100.793,100.794,100.793,100.793,691800,69728985.1719
2026-09-16 13:31:00,100.794,100.794,100.793,100.793,1061700,107012476.1895
2026-09-16 13:32:00,100.794,100.794,100.793,100.794,760400,76643402.3643
2026-09-16 13:33:00,100.794,100.794,100.793,100.794,793400,79969743.3789
2026-09-16 13:34:00,100.794,100.794,100.793,100.793,996300,100420726.9443
2026-09-16 13:35:00,100.793,100.794,100.793,100.793,634500,63953489.5654
2026-09-16 13:36:00,100.794,100.794,100.793,100.793,631900,63691397.4570
2026-09-16 13:37:00,100.794,100.795,100.793,100.795,3406200,343324417.7461
2026-09-16 13:38:00,100.794,100.795,100.794,100.794,592100,59680267.5439
2026-09-16 13:39:00,100.795,100.795,100.793,100.793,1984400,200015449.3447
2026-09-16 13:40:00,100.794,100.794,100.793,100.793,474500,47826472.0078
2026-09-16 13:41:00,100.793,100.794,100.793,100.794,550100,55446593.1387
2026-09-16 13:42:00,100.793,100.795,100.793,100.794,3074200,309860699.6572
2026-09-16 13:43:00,100.793,100.795,100.793,100.794,1466500,147814310.7207
2026-09-16 13:44:00,100.795,100.795,100.794,100.794,517500,52161177.9102
2026-09-16 13:45:00,100.795,100.795,100.794,100.794,616000,62089505.6621
2026-09-16 13:46:00,100.794,100.795,100.794,100.795,452800,45639677.4961
2026-09-16 13:47:00,100.795,100.795,100.794,100.795,663800,66907236.8994
2026-09-16 13:48:00,100.794,100.795,100.793,100.793,2160200,217735344.6680
2026-09-16 13:49:00,100.793,100.794,100.793,100.794,491300,49519872.3242
2026-09-16 13:50:00,100.794,100.795,100.793,100.795,1431600,144296569.0371
2026-09-16 13:51:00,100.794,100.795,100.794,100.794,796000,80232347.5216
2026-09-16 13:52:00,100.795,100.795,100.794,100.794,520600,52473584.6533
2026-09-16 13:53:00,100.794,100.795,100.794,100.794,564400,56888279.9923
2026-09-16 13:54:00,100.794,100.795,100.794,100.794,418600,42192523.5958
2026-09-16 13:55:00,100.795,100.795,100.794,100.794,545500,54983286.3525
2026-09-16 13:56:00,100.794,100.795,100.794,100.795,575600,58017247.0996
2026-09-16 13:57:00,100.794,100.795,100.794,100.794,617600,62250642.8184
2026-09-16 13:58:00,100.795,100.795,100.794,100.795,691500,69699317.9250
2026-09-16 13:59:00,100.795,100.795,100.793,100.793,1954700,197021911.3145
2026-09-16 14:00:00,100.793,100.794,100.793,100.794,1411600,142279656.1777
2026-09-16 14:01:00,100.794,100.794,100.793,100.793,1094300,110298593.3379
2026-09-16 14:02:00,100.793,100.794,100.793,100.793,788700,79495842.1963
2026-09-16 14:03:00,100.793,100.794,100.793,100.793,1005500,101348117.3662
2026-09-16 14:04:00,100.793,100.795,100.793,100.794,3240400,326613579.0410
2026-09-16 14:05:00,100.794,100.795,100.794,100.794,736400,74225059.2491
2026-09-16 14:06:00,100.795,100.795,100.794,100.795,679500,68489907.6886
2026-09-16 14:07:00,100.794,100.795,100.794,100.795,704400,70999578.3839
2026-09-16 14:08:00,100.794,100.795,100.794,100.794,728700,73448964.7278
2026-09-16 14:09:00,100.795,100.795,100.794,100.795,657800,66302606.1006
2026-09-16 14:10:00,100.795,100.795,100.794,100.795,595200,59992940.4199
2026-09-16 14:11:00,100.795,100.795,100.794,100.794,648400,65355160.0323
2026-09-16 14:12:00,100.794,100.795,100.794,100.795,591300,59599753.2143
2026-09-16 14:13:00,100.795,100.795,100.794,100.795,680300,68570424.0002
2026-09-16 14:14:00,100.795,100.795,100.794,100.794,554900,55930887.9961
2026-09-16 14:15:00,100.794,100.795,100.794,100.795,570000,57452884.8828
2026-09-16 14:16:00,100.795,100.795,100.794,100.795,678300,68368887.4005
2026-09-16 14:17:00,100.794,100.795,100.794,100.794,923400,93073803.0723
2026-09-16 14:18:00,100.795,100.795,100.794,100.794,1200400,120993884.6367
2026-09-16 14:19:00,100.795,100.795,100.794,100.794,1483700,149549352.8302
2026-09-16 14:20:00,100.795,100.796,100.794,100.796,2998800,302263853.4688
2026-09-16 14:21:00,100.796,100.796,100.795,100.795,669600,67492549.2676
2026-09-16 14:22:00,100.795,100.796,100.795,100.795,563301,56778143.8770
2026-09-16 14:23:00,100.796,100.796,100.795,100.796,478200,48200465.0195
2026-09-16 14:24:00,100.796,100.796,100.795,100.795,1052700,106107180.0391
2026-09-16 14:25:00,100.795,100.796,100.794,100.794,1900599,191570867.4522
2026-09-16 14:26:00,100.795,100.795,100.794,100.794,596200,60093733.2900
2026-09-16 14:27:00,100.795,100.795,100.794,100.795,502500,50649269.1230
2026-09-16 14:28:00,100.795,100.795,100.794,100.794,473800,47756534.4609
2026-09-16 14:29:00,100.794,100.795,100.794,100.794,533100,53733464.5303
2026-09-16 14:30:00,100.794,100.795,100.794,100.795,668000,67330682.1670
2026-09-16 14:31:00,100.794,100.795,100.794,100.794,795000,80131564.0744
2026-09-16 14:32:00,100.794,100.795,100.794,100.794,885200,89223206.8994
2026-09-16 14:33:00,100.795,100.795,100.794,100.794,1011100,101913191.5996
2026-09-16 14:34:00,100.795,100.795,100.794,100.794,2444700,246411450.1263
2026-09-16 14:35:00,100.795,100.795,100.793,100.794,2047200,206346272.7803
2026-09-16 14:36:00,100.795,100.795,100.794,100.794,1036200,104443342.6398
2026-09-16 14:37:00,100.795,100.795,100.794,100.794,671400,67673449.8742
2026-09-16 14:38:00,100.795,100.795,100.794,100.794,973700,98143518.3037
2026-09-16 14:39:00,100.794,100.795,100.793,100.794,3199100,322449865.4590
2026-09-16 14:40:00,100.794,100.795,100.793,100.795,1734900,174867727.2070
2026-09-16 14:41:00,100.795,100.795,100.794,100.794,738700,74457088.9150
2026-09-16 14:42:00,100.794,100.795,100.794,100.794,972000,97972490.5371
2026-09-16 14:43:00,100.795,100.795,100.794,100.794,1496400,150829380.1025
2026-09-16 14:44:00,100.795,100.795,100.794,100.794,1061800,107023836.6641
2026-09-16 14:45:00,100.795,100.796,100.794,100.795,3255600,328148812.2090
2026-09-16 14:46:00,100.796,100.796,100.795,100.796,686700,69216377.1035
2026-09-16 14:47:00,100.795,100.796,100.795,100.795,1090000,109867303.5195
2026-09-16 14:48:00,100.796,100.796,100.794,100.796,3961900,399340161.2246
2026-09-16 14:49:00,100.796,100.796,100.795,100.795,1456900,146849254.7891
2026-09-16 14:50:00,100.796,100.796,100.795,100.796,619700,62463066.6769
2026-09-16 14:51:00,100.795,100.796,100.794,100.795,2096900,211357238.8945
2026-09-16 14:52:00,100.794,100.795,100.794,100.794,1169500,117879089.3271
2026-09-16 14:53:00,100.794,100.795,100.794,100.795,681100,68651241.2080
2026-09-16 14:54:00,100.794,100.795,100.794,100.795,763600,76966667.2705
2026-09-16 14:55:00,100.794,100.795,100.794,100.795,1372900,138380608.7373
2026-09-16 14:56:00,100.794,100.795,100.794,100.795,2986500,301021856.8047
2026-09-16 14:57:00,100.794,100.795,100.793,100.793,2196790,221422707.4775
2026-09-16 15:00:00,100.794,100.794,100.794,100.794,1773500,178758156.9746
2026-09-17 09:31:00,100.798,100.799,100.796,100.797,6290800,634098470.5088
2026-09-17 09:32:00,100.797,100.798,100.796,100.798,2391500,241055153.8262
2026-09-17 09:33:00,100.798,100.798,100.796,100.797,1055700,106410834.7871
2026-09-17 09:34:00,100.796,100.797,100.795,100.795,1499900,151183594.7051
2026-09-17 09:35:00,100.795,100.796,100.793,100.794,2934900,295822326.3965
2026-09-17 09:36:00,100.793,100.795,100.793,100.794,1101000,110974145.2793
2026-09-17 09:37:00,100.795,100.795,100.794,100.795,427500,43089514.5801
2026-09-17 09:38:00,100.794,100.795,100.793,100.794,2071000,208744044.3760
2026-09-17 09:39:00,100.793,100.794,100.793,100.794,390400,39349673.5869
2026-09-17 09:40:00,100.793,100.794,100.793,100.794,560300,56474501.8994
2026-09-17 09:41:00,100.793,100.794,100.793,100.794,922200,92951925.0010
2026-09-17 09:42:00,100.793,100.794,100.793,100.794,835500,84213042.7256
2026-09-17 09:43:00,100.793,100.794,100.793,100.793,149400,15058530.9043
2026-09-17 09:44:00,100.793,100.794,100.793,100.794,281900,28413695.1260
2026-09-17 09:45:00,100.794,100.794,100.793,100.793,202000,20360265.8857
2026-09-17 09:46:00,100.793,100.794,100.793,100.793,330200,33282001.8730
2026-09-17 09:47:00,100.793,100.794,100.793,100.794,504000,50799947.1230
2026-09-17 09:48:00,100.793,100.794,100.793,100.794,398800,40196488.5889
2026-09-17 09:49:00,100.793,100.795,100.793,100.794,1816500,183092137.4600
2026-09-17 09:50:00,100.794,100.795,100.794,100.794,191100,19261794.3916
2026-09-17 09:51:00,100.795,100.795,100.794,100.795,879300,88628358.8691
2026-09-17 09:52:00,100.795,100.795,100.794,100.794,601100,60587713.2324
2026-09-17 09:53:00,100.794,100.795,100.794,100.795,310700,31316868.7354
2026-09-17 09:54:00,100.794,100.795,100.794,100.795,232800,23464935.2627
2026-09-17 09:55:00,100.795,100.795,100.794,100.794,525000,52917157.5840
2026-09-17 09:56:00,100.794,100.795,100.794,100.794,427600,43099778.7275
2026-09-17 09:57:00,100.794,100.795,100.794,100.795,271900,27406016.3662
2026-09-17 09:58:00,100.794,100.795,100.794,100.795,336800,33947600.5879
2026-09-17 09:59:00,100.795,100.795,100.794,100.794,389800,39289668.0000
2026-09-17 10:00:00,100.794,100.795,100.794,100.794,338400,34108820.9814
2026-09-17 10:01:00,100.794,100.795,100.794,100.794,382700,38574050.7881
2026-09-17 10:02:00,100.794,100.795,100.794,100.794,582900,58753031.0010
2026-09-17 10:03:00,100.794,100.795,100.794,100.794,673200,67854720.2793
2026-09-17 10:04:00,100.794,100.795,100.794,100.794,928700,93607877.2773
2026-09-17 10:05:00,100.795,100.795,100.794,100.794,413800,41708772.1826
2026-09-17 10:06:00,100.795,100.795,100.794,100.794,404400,40761326.3418
2026-09-17 10:07:00,100.795,100.795,100.794,100.795,468200,47192004.5352
2026-09-17 10:08:00,100.794,100.795,100.794,100.794,453300,45690190.1592
2026-09-17 10:09:00,100.795,100.795,100.794,100.794,863500,87036205.0615
2026-09-17 10:10:00,100.794,100.795,100.794,100.794,944200,95169900.8525
2026-09-17 10:11:00,100.795,100.795,100.794,100.794,592000,59670259.1797
2026-09-17 10:12:00,100.795,100.795,100.794,100.795,563100,56757498.8086
2026-09-17 10:13:00,100.795,100.795,100.794,100.794,457800,46143696.0352
2026-09-17 10:14:00,100.795,100.795,100.794,100.795,475400,47917737.6670
2026-09-17 10:15:00,100.795,100.795,100.794,100.794,528100,53229608.1650
2026-09-17 10:16:00,100.794,100.795,100.794,100.795,431200,43462574.7813
2026-09-17 10:17:00,100.795,100.795,100.794,100.795,333300,33594801.2744
2026-09-17 10:18:00,100.795,100.795,100.794,100.795,315500,31800669.3467
2026-09-17 10:19:00,100.795,100.795,100.794,100.795,559600,56404594.3406
2026-09-17 10:20:00,100.794,100.795,100.794,100.795,921000,92831960.0107
2026-09-17 10:21:00,100.795,100.795,100.794,100.794,497000,50094899.6523
2026-09-17 10:22:00,100.795,100.795,100.794,100.795,428400,43180388.5137
2026-09-17 10:23:00,100.794,100.795,100.794,100.794,467600,47131501.4180
2026-09-17 10:24:00,100.794,100.795,100.794,100.794,628400,63339266.5078
2026-09-17 10:25:00,100.795,100.795,100.794,100.794,771700,77783189.3643
2026-09-17 10:26:00,100.794,100.795,100.794,100.794,1075200,108374443.7031
2026-09-17 10:27:00,100.794,100.795,100.794,100.794,1089400,109805766.0352
2026-09-17 10:28:00,100.794,100.796,100.794,100.796,1777400,179152900.7510
2026-09-17 10:29:00,100.796,100.796,100.795,100.796,455900,45952626.5781
2026-09-17 10:30:00,100.795,100.796,100.795,100.795,430500,43392458.8184
2026-09-17 10:31:00,100.796,100.796,100.795,100.796,492100,49601474.8184
2026-09-17 10:32:00,100.795,100.796,100.795,100.796,473200,47696486.5664
2026-09-17 10:33:00,100.796,100.796,100.795,100.796,526700,53088939.4551
2026-09-17 10:34:00,100.795,100.796,100.795,100.796,734100,73994024.6211
2026-09-17 10:35:00,100.796,100.796,100.795,100.795,521400,52554760.4297
2026-09-17 10:36:00,100.795,100.796,100.795,100.796,576300,58088436.9258
2026-09-17 10:37:00,100.796,100.796,100.795,100.796,693400,69891616.9395
2026-09-17 10:38:00,100.796,100.796,100.795,100.795,818800,82531327.3906
2026-09-17 10:39:00,100.795,100.796,100.795,100.796,721500,72723945.0508
2026-09-17 10:40:00,100.795,100.796,100.795,100.796,1108900,111772260.4355
2026-09-17 10:41:00,100.795,100.796,100.795,100.795,770300,77642768.4629
2026-09-17 10:42:00,100.795,100.796,100.795,100.796,801800,80817816.2773
2026-09-17 10:43:00,100.796,100.796,100.795,100.795,759200,76523899.1074
2026-09-17 10:44:00,100.796,100.796,100.795,100.795,858800,86563250.4980
2026-09-17 10:45:00,100.795,100.797,100.795,100.796,2750000,277188764.8145
2026-09-17 10:46:00,100.796,100.796,100.795,100.795,1306100,131649256.5195
2026-09-17 10:47:00,100.795,100.796,100.795,100.795,457500,46113964.8086
2026-09-17 10:48:00,100.795,100.796,100.795,100.795,264900,26700741.7969
2026-09-17 10:49:00,100.796,100.796,100.795,100.796,386000,38907086.4023
2026-09-17 10:50:00,100.795,100.796,100.795,100.796,789800,79608341.7988
2026-09-17 10:51:00,100.795,100.796,100.795,100.796,526900,53109134.6230
2026-09-17 10:52:00,100.796,100.796,100.795,100.796,436300,43977087.6914
2026-09-17 10:53:00,100.796,100.796,100.795,100.795,689600,69508662.6523
2026-09-17 10:54:00,100.796,100.796,100.795,100.796,690700,69619530.6641
2026-09-17 10:55:00,100.795,100.796,100.795,100.795,777300,78348481.6367
2026-09-17 10:56:00,100.796,100.796,100.795,100.796,642200,64730936.8613
2026-09-17 10:57:00,100.796,100.796,100.795,100.796,599600,60437019.7539
2026-09-17 10:58:00,100.795,100.796,100.795,100.795,557700,56213672.8711
2026-09-17 10:59:00,100.795,100.796,100.795,100.796,591600,59630687.2012
2026-09-17 11:00:00,100.796,100.797,100.795,100.796,2415600,243482856.8887
2026-09-17 11:01:00,100.796,100.797,100.796,100.796,338100,34079285.7773
2026-09-17 11:02:00,100.796,100.797,100.796,100.796,396000,39915419.5801
2026-09-17 11:03:00,100.797,100.797,100.796,100.797,300500,30289372.4785
2026-09-17 11:04:00,100.796,100.797,100.796,100.796,407800,41104795.8184
2026-09-17 11:05:00,100.796,100.797,100.796,100.796,340300,34301059.9961
2026-09-17 11:06:00,100.796,100.797,100.796,100.796,405500,40872952.0195
2026-09-17 11:07:00,100.796,100.797,100.796,100.797,467600,47132398.4551
2026-09-17 11:08:00,100.797,100.797,100.796,100.797,680600,68602171.1113
2026-09-17 11:09:00,100.797,100.797,100.796,100.796,467600,47132516.8418
2026-09-17 11:10:00,100.797,100.797,100.796,100.797,763500,76958217.8555
2026-09-17 11:11:00,100.797,100.797,100.796,100.796,767200,77331280.5586
2026-09-17 11:12:00,100.797,100.797,100.796,100.797,710880,71654408.0176
2026-09-17 11:13:00,100.797,100.797,100.796,100.796,1063000,107147071.7051
2026-09-17 11:14:00,100.796,100.798,100.796,100.797,2622100,264300173.5820
2026-09-17 11:15:00,100.798,100.798,100.797,100.797,640800,64591189.6670
2026-09-17 11:16:00,100.797,100.798,100.797,100.797,482200,48604659.4189
2026-09-17 11:17:00,100.797,100.798,100.797,100.797,612680,61756732.8486
2026-09-17 11:18:00,100.797,100.798,100.797,100.798,838000,84468532.7617
2026-09-17 11:19:00,100.798,100.798,100.797,100.798,488200,49209464.9883
2026-09-17 11:20:00,100.798,100.799,100.797,100.799,2484200,250402274.0742
2026-09-17 11:21:00,100.798,100.799,100.798,100.798,394000,39714635.2461
2026-09-17 11:22:00,100.798,100.799,100.798,100.799,371100,37406315.8633
2026-09-17 11:23:00,100.798,100.799,100.798,100.799,333500,33616349.3096
2026-09-17 11:24:00,100.798,100.799,100.798,100.798,344100,34684771.2451
2026-09-17 11:25:00,100.798,100.799,100.798,100.799,400600,40379842.9131
2026-09-17 11:26:00,100.798,100.799,100.798,100.798,378000,38101829.9775
2026-09-17 11:27:00,100.798,100.799,100.798,100.799,290800,29312218.6875
2026-09-17 11:28:00,100.798,100.799,100.798,100.799,293060,29539995.3057
2026-09-17 11:29:00,100.799,100.799,100.798,100.798,2073700,209024899.3584
2026-09-17 11:30:00,100.797,100.798,100.797,100.797,416500,41982019.3496
2026-09-17 13:01:00,100.798,100.798,100.797,100.798,596000,60075332.2109
2026-09-17 13:02:00,100.798,100.798,100.797,100.798,326300,32890273.1396
2026-09-17 13:03:00,100.797,100.798,100.797,100.798,377900,38091469.1094
2026-09-17 13:04:00,100.797,100.798,100.797,100.798,256000,25804204.7715
2026-09-17 13:05:00,100.797,100.798,100.797,100.797,405500,40873483.8789
2026-09-17 13:06:00,100.798,100.799,100.797,100.798,1748200,176215108.1270
2026-09-17 13:07:00,100.798,100.799,100.798,100.798,345500,34825882.3604
2026-09-17 13:08:00,100.798,100.799,100.798,100.798,271900,27407122.5762
2026-09-17 13:09:00,100.798,100.799,100.798,100.798,486300,49018294.6260
2026-09-17 13:10:00,100.799,100.799,100.798,100.799,383300,38636098.6104
2026-09-17 13:11:00,100.798,100.799,100.798,100.799,321400,32396661.2295
2026-09-17 13:12:00,100.799,100.799,100.798,100.799,351200,35400460.2998
2026-09-17 13:13:00,100.799,100.799,100.798,100.798,356000,35884270.0156
2026-09-17 13:14:00,100.799,100.799,100.798,100.799,351400,35420591.6113
2026-09-17 13:15:00,100.798,100.799,100.798,100.799,470400,47415581.8789
2026-09-17 13:16:00,100.799,100.799,100.798,100.798,476300,48010339.5068
2026-09-17 13:17:00,100.799,100.799,100.798,100.798,435900,43938044.8672
2026-09-17 13:18:00,100.799,100.799,100.798,100.798,411400,41468476.5967
2026-09-17 13:19:00,100.799,100.799,100.798,100.799,472100,47586942.6025
2026-09-17 13:20:00,100.799,100.799,100.798,100.799,628600,63361857.5176
2026-09-17 13:21:00,100.799,100.799,100.798,100.798,483000,48685632.1758
2026-09-17 13:22:00,100.799,100.799,100.798,100.799,508200,51225806.8223
2026-09-17 13:23:00,100.798,100.799,100.798,100.798,609700,61456813.2539
2026-09-17 13:24:00,100.798,100.799,100.798,100.798,482100,48594953.0986
2026-09-17 13:25:00,100.798,100.799,100.798,100.799,443400,44694047.2969
2026-09-17 13:26:00,100.799,100.799,100.798,100.798,426900,43030880.5205
2026-09-17 13:27:00,100.798,100.799,100.798,100.799,560300,56477341.5938
2026-09-17 13:28:00,100.799,100.799,100.798,100.798,535500,53977573.7373
2026-09-17 13:29:00,100.798,100.799,100.798,100.798,483300,48715893.8818
2026-09-17 13:30:00,100.799,100.799,100.798,100.799,570300,57485342.4111
2026-09-17 13:31:00,100.798,100.799,100.798,100.798,458900,46256419.3418
2026-09-17 13:32:00,100.799,100.799,100.798,100.799,488300,49219907.8398
2026-09-17 13:33:00,100.799,100.799,100.798,100.798,491230,49515215.7593
2026-09-17 13:34:00,100.798,100.799,100.798,100.798,553700,55812167.1855
2026-09-17 13:35:00,100.798,100.799,100.798,100.799,553700,55812149.6113
2026-09-17 13:36:00,100.798,100.799,100.798,100.799,430400,43383651.8677
2026-09-17 13:37:00,100.799,100.799,100.798,100.798,550400,55479571.0342
2026-09-17 13:38:00,100.799,100.799,100.798,100.799,534200,53846538.6953
2026-09-17 13:39:00,100.799,100.799,100.798,100.799,452600,45621326.8096
2026-09-17 13:40:00,100.799,100.799,100.798,100.799,428200,43161972.6021
2026-09-17 13:41:00,100.798,100.799,100.798,100.799,356900,35974968.8857
2026-09-17 13:42:00,100.798,100.799,100.798,100.799,343200,34594033.8086
2026-09-17 13:43:00,100.799,100.799,100.798,100.798,397300,40047230.1924
2026-09-17 13:44:00,100.798,100.799,100.798,100.799,415600,41891915.9375
2026-09-17 13:45:00,100.799,100.799,100.798,100.798,477800,48161602.5024
2026-09-17 13:46:00,100.799,100.799,100.798,100.799,1153500,116271503.4189
2026-09-17 13:47:00,100.799,100.800,100.798,100.800,3487480,351534343.9409
2026-09-17 13:48:00,100.799,100.800,100.799,100.800,839480,84619194.5898
2026-09-17 13:49:00,100.800,100.800,100.799,100.800,380600,38364322.0139
2026-09-17 13:50:00,100.800,100.800,100.799,100.799,436600,44009097.8174
2026-09-17 13:51:00,100.799,100.800,100.799,100.799,330900,33354589.7520
2026-09-17 13:52:00,100.799,100.800,100.799,100.799,517800,52193989.2734
2026-09-17 13:53:00,100.800,100.800,100.799,100.799,633600,63866549.0793
2026-09-17 13:54:00,100.799,100.800,100.799,100.799,881300,88834601.4844
2026-09-17 13:55:00,100.800,100.800,100.799,100.800,1175400,118479820.7646
2026-09-17 13:56:00,100.800,100.800,100.799,100.799,379300,38233216.9688
2026-09-17 13:57:00,100.799,100.800,100.799,100.800,424100,42749084.4648
2026-09-17 13:58:00,100.799,100.800,100.799,100.800,1359300,137017000.3184
2026-09-17 13:59:00,100.799,100.800,100.799,100.799,603000,60782190.7891
2026-09-17 14:00:00,100.800,100.800,100.799,100.800,712600,71829831.4473
2026-09-17 14:01:00,100.799,100.800,100.799,100.800,709000,71466821.3945
2026-09-17 14:02:00,100.800,100.800,100.799,100.799,546700,55107034.2520
2026-09-17 14:03:00,100.800,100.800,100.799,100.800,609100,61396980.8203
2026-09-17 14:04:00,100.800,100.800,100.799,100.800,571700,57627193.9375
2026-09-17 14:05:00,100.799,100.800,100.799,100.800,500200,50419861.5137
2026-09-17 14:06:00,100.799,100.800,100.799,100.799,286600,28889135.1289
2026-09-17 14:07:00,100.799,100.800,100.799,100.799,367300,37023649.9492
2026-09-17 14:08:00,100.800,100.800,100.799,100.800,503700,50772791.2793
2026-09-17 14:09:00,100.800,100.800,100.799,100.799,713700,71940746.4727
2026-09-17 14:10:00,100.799,100.800,100.799,100.800,508510,51257622.4373
2026-09-17 14:11:00,100.800,100.800,100.799,100.799,543300,54764482.6641
2026-09-17 14:12:00,100.799,100.801,100.799,100.800,1960360,197604466.5928
2026-09-17 14:13:00,100.800,100.801,100.800,100.800,1584500,159717886.1428
2026-09-17 14:14:00,100.801,100.801,100.800,100.800,687100,69260050.9307
2026-09-17 14:15:00,100.800,100.801,100.800,100.800,818200,82474922.6409
2026-09-17 14:16:00,100.800,100.801,100.800,100.800,974900,98270239.8477
2026-09-17 14:17:00,100.801,100.801,100.799,100.799,2123400,214038626.7518
2026-09-17 14:18:00,100.799,100.800,100.799,100.799,447860,45144097.8965
2026-09-17 14:19:00,100.800,100.800,100.799,100.800,270900,27306596.6191
2026-09-17 14:20:00,100.800,100.800,100.799,100.800,331700,33435169.5942
2026-09-17 14:21:00,100.800,100.800,100.799,100.799,366300,36922862.1182
2026-09-17 14:22:00,100.800,100.800,100.799,100.799,266600,26873163.9487
2026-09-17 14:23:00,100.800,100.800,100.799,100.800,304900,30733794.6318
2026-09-17 14:24:00,100.800,100.800,100.799,100.799,334400,33707387.7432
2026-09-17 14:25:00,100.799,100.800,100.799,100.799,351700,35451172.7383
2026-09-17 14:26:00,100.800,100.800,100.799,100.799,306000,30844634.5293
2026-09-17 14:27:00,100.799,100.800,100.799,100.799,411000,41428566.2183
2026-09-17 14:28:00,100.799,100.800,100.799,100.800,587000,59169191.2837
2026-09-17 14:29:00,100.800,100.800,100.799,100.799,1978200,199400802.5625
2026-09-17 14:30:00,100.799,100.800,100.798,100.799,2124200,214117322.0332
2026-09-17 14:31:00,100.799,100.800,100.799,100.799,541900,54623271.9258
2026-09-17 14:32:00,100.799,100.800,100.799,100.800,718200,72394104.4824
2026-09-17 14:33:00,100.799,100.800,100.799,100.799,395900,39906553.7520
2026-09-17 14:34:00,100.800,100.800,100.798,100.798,2145100,216224166.4365
2026-09-17 14:35:00,100.798,100.799,100.798,100.799,449100,45268704.5508
2026-09-17 14:36:00,100.799,100.799,100.798,100.798,488200,49209914.9121
2026-09-17 14:37:00,100.798,100.799,100.798,100.799,445500,44905797.0420
2026-09-17 14:38:00,100.798,100.799,100.798,100.798,479200,48302715.9375
2026-09-17 14:39:00,100.798,100.799,100.798,100.798,564200,56870554.6885
2026-09-17 14:40:00,100.799,100.799,100.798,100.799,590400,59511508.0967
2026-09-17 14:41:00,100.799,100.800,100.798,100.799,2148900,216606981.4111
2026-09-17 14:42:00,100.799,100.800,100.799,100.800,647700,65287993.6523
2026-09-17 14:43:00,100.799,100.800,100.799,100.799,915400,92271735.5938
2026-09-17 14:44:00,100.800,100.800,100.799,100.800,697500,70307739.7090
2026-09-17 14:45:00,100.800,100.800,100.799,100.800,922800,93018064.5684
2026-09-17 14:46:00,100.799,100.800,100.799,100.800,1300600,131100195.3828
2026-09-17 14:47:00,100.800,100.800,100.799,100.800,1252300,126231237.3359
2026-09-17 14:48:00,100.799,100.800,100.799,100.799,691900,69743225.7129
2026-09-17 14:49:00,100.799,100.800,100.799,100.799,856400,86324818.5137
2026-09-17 14:50:00,100.800,100.800,100.799,100.800,1909600,192487337.8867
2026-09-17 14:51:00,100.800,100.801,100.799,100.800,2933310,295678176.3196
2026-09-17 14:52:00,100.801,100.801,100.799,100.800,1653800,166703064.2598
2026-09-17 14:53:00,100.800,100.800,100.798,100.800,2933102,295654604.6494
2026-09-17 14:54:00,100.800,100.800,100.799,100.799,528060,53228294.4160
2026-09-17 14:55:00,100.799,100.800,100.798,100.799,2037738,205401940.2373
2026-09-17 14:56:00,100.798,100.799,100.798,100.798,1816300,183080710.6189
2026-09-17 14:57:00,100.798,100.799,100.797,100.798,1529700,154191178.3994
2026-09-17 15:00:00,100.798,100.798,100.798,100.798,1681270,169468647.6235
2026-09-18 09:31:00,100.810,100.811,100.809,100.809,10658042,1074434809.0176
2026-09-18 09:32:00,100.809,100.810,100.808,100.809,3798422,382914767.9614
2026-09-18 09:33:00,100.809,100.809,100.808,100.808,796900,80334097.4546
2026-09-18 09:34:00,100.808,100.809,100.808,100.808,531800,53609742.5508
2026-09-18 09:35:00,100.808,100.809,100.807,100.808,4680770,471859024.3188
2026-09-18 09:36:00,100.808,100.809,100.808,100.808,480700,48458505.2070
2026-09-18 09:37:00,100.808,100.809,100.808,100.808,1227200,123711696.1710
2026-09-18 09:38:00,100.808,100.809,100.808,100.808,443200,44678222.6205
2026-09-18 09:39:00,100.808,100.809,100.808,100.808,1418300,142976224.3135
2026-09-18 09:40:00,100.809,100.809,100.808,100.809,741300,74729247.8195
2026-09-18 09:41:00,100.808,100.809,100.808,100.808,2570400,259117079.5247
2026-09-18 09:42:00,100.808,100.809,100.807,100.808,8573400,864267381.9326
2026-09-18 09:43:00,100.808,100.808,100.807,100.807,432300,43578939.8721
2026-09-18 09:44:00,100.808,100.808,100.807,100.808,341200,34395553.5928
2026-09-18 09:45:00,100.808,100.808,100.807,100.807,503400,50746402.4336
2026-09-18 09:46:00,100.807,100.808,100.807,100.807,1084300,109305336.7070
2026-09-18 09:47:00,100.807,100.808,100.807,100.808,419700,42308855.5342
2026-09-18 09:48:00,100.807,100.808,100.807,100.807,550500,55494463.5840
2026-09-18 09:49:00,100.808,100.808,100.807,100.808,307200,30968023.9004
2026-09-18 09:50:00,100.807,100.808,100.807,100.808,451000,45464201.1172
2026-09-18 09:51:00,100.807,100.808,100.807,100.807,428500,43195996.8643
2026-09-18 09:52:00,100.808,100.808,100.807,100.807,314100,31663639.4043
2026-09-18 09:53:00,100.807,100.808,100.807,100.808,341800,34455943.0049
2026-09-18 09:54:00,100.807,100.808,100.807,100.808,370600,37359277.0088
2026-09-18 09:55:00,100.807,100.808,100.807,100.808,396600,39980201.0293
2026-09-18 09:56:00,100.807,100.808,100.807,100.808,619600,62460475.4209
2026-09-18 09:57:00,100.807,100.808,100.807,100.808,372100,37510451.9131
2026-09-18 09:58:00,100.808,100.808,100.807,100.808,286400,28871285.4854
2026-09-18 09:59:00,100.808,100.808,100.807,100.807,411400,41472289.2480
2026-09-18 10:00:00,100.808,100.808,100.807,100.808,492200,49617427.9854
2026-09-18 10:01:00,100.808,100.808,100.807,100.807,684800,69032808.2842
2026-09-18 10:02:00,100.808,100.809,100.807,100.808,3470900,349894576.9287
2026-09-18 10:03:00,100.808,100.809,100.808,100.809,409700,41301169.1221
2026-09-18 10:04:00,100.808,100.809,100.808,100.809,475200,47904224.4180
2026-09-18 10:05:00,100.809,100.809,100.808,100.808,563500,56805575.5645
2026-09-18 10:06:00,100.809,100.809,100.808,100.808,527800,53206779.6230
2026-09-18 10:07:00,100.808,100.809,100.808,100.808,461300,46502918.0537
2026-09-18 10:08:00,100.809,100.809,100.808,100.808,505200,50928393.1748
2026-09-18 10:09:00,100.809,100.809,100.808,100.808,399500,40272946.0811
2026-09-18 10:10:00,100.808,100.809,100.808,100.808,306700,30917986.5986
2026-09-18 10:11:00,100.809,100.809,100.808,100.809,352000,35484631.2178
2026-09-18 10:12:00,100.808,100.809,100.808,100.808,294800,29718311.2471
2026-09-18 10:13:00,100.809,100.809,100.808,100.808,599300,60414537.0313
2026-09-18 10:14:00,100.808,100.809,100.808,100.808,380700,38377828.6211
2026-09-18 10:15:00,100.809,100.809,100.808,100.808,699600,70525656.5557
2026-09-18 10:16:00,100.809,100.809,100.808,100.809,475000,47883991.6611
2026-09-18 10:17:00,100.808,100.809,100.808,100.808,472000,47581544.7432
2026-09-18 10:18:00,100.809,100.809,100.808,100.809,792800,79920941.1445
2026-09-18 10:19:00,100.809,100.809,100.808,100.808,762500,76866443.8672
2026-09-18 10:20:00,100.809,100.809,100.808,100.808,730400,73630484.1074
2026-09-18 10:21:00,100.809,100.809,100.808,100.808,655200,66049748.9463
2026-09-18 10:22:00,100.808,100.809,100.808,100.809,893500,90072431.8291
2026-09-18 10:23:00,100.809,100.809,100.808,100.808,889300,89648974.3457
2026-09-18 10:24:00,100.808,100.809,100.808,100.808,869900,87693294.5078
2026-09-18 10:25:00,100.808,100.809,100.808,100.808,904300,91161045.7822
2026-09-18 10:26:00,100.808,100.809,100.808,100.809,734600,74053981.1055
2026-09-18 10:27:00,100.808,100.809,100.808,100.809,792300,79870513.5674
2026-09-18 10:28:00,100.809,100.809,100.808,100.808,740300,74628555.9844
2026-09-18 10:29:00,100.809,100.809,100.808,100.809,804500,81100441.0420
2026-09-18 10:30:00,100.808,100.809,100.808,100.808,522500,52672454.8696
2026-09-18 10:31:00,100.808,100.809,100.808,100.809,885900,89306144.2378
2026-09-18 10:32:00,100.808,100.809,100.808,100.809,948900,95657207.4141
2026-09-18 10:33:00,100.808,100.809,100.808,100.809,739200,74517656.3115
2026-09-18 10:34:00,100.809,100.809,100.808,100.809,693800,69940862.4355
2026-09-18 10:35:00,100.809,100.809,100.808,100.808,700900,70656623.0273
2026-09-18 10:36:00,100.808,100.809,100.808,100.808,643100,64829901.7729
2026-09-18 10:37:00,100.809,100.809,100.808,100.808,709300,71503460.3701
2026-09-18 10:38:00,100.808,100.809,100.808,100.809,779600,78590364.2407
2026-09-18 10:39:00,100.808,100.809,100.808,100.809,814700,82128638.3960
2026-09-18 10:40:00,100.808,100.809,100.808,100.808,1670500,168400043.3638
2026-09-18 10:41:00,100.808,100.809,100.807,100.807,5358600,540190078.3823
2026-09-18 10:42:00,100.808,100.808,100.807,100.807,265800,26794663.5645
2026-09-18 10:43:00,100.808,100.808,100.807,100.808,317400,31996310.8750
2026-09-18 10:44:00,100.807,100.808,100.807,100.807,480900,48478264.1660
2026-09-18 10:45:00,100.807,100.808,100.807,100.807,610800,61573162.7041
2026-09-18 10:46:00,100.808,100.808,100.807,100.807,1160300,116967211.6436
2026-09-18 10:47:00,100.808,100.808,100.807,100.808,530800,53508588.7734
2026-09-18 10:48:00,100.807,100.808,100.807,100.808,532900,53720285.8271
2026-09-18 10:49:00,100.807,100.808,100.807,100.807,390800,39395516.9805
2026-09-18 10:50:00,100.808,100.808,100.807,100.807,364600,36754431.6055
2026-09-18 10:51:00,100.807,100.808,100.807,100.807,228600,23044585.1162
2026-09-18 10:52:00,100.807,100.808,100.807,100.808,396000,39919695.6475
2026-09-18 10:53:00,100.807,100.808,100.807,100.808,300100,30252322.8291
2026-09-18 10:54:00,100.807,100.808,100.807,100.807,318900,32147502.5928
2026-09-18 10:55:00,100.808,100.808,100.807,100.808,459300,46300889.9102
2026-09-18 10:56:00,100.807,100.808,100.807,100.808,673200,67863507.2637
2026-09-18 10:57:00,100.807,100.808,100.807,100.808,500700,50474386.6270
2026-09-18 10:58:00,100.808,100.808,100.807,100.808,801000,80746988.7168
2026-09-18 10:59:00,100.808,100.809,100.807,100.808,3637300,366669625.4570
2026-09-18 11:00:00,100.808,100.809,100.808,100.809,307900,31038920.7451
2026-09-18 11:01:00,100.808,100.809,100.808,100.809,388400,39153974.0107
2026-09-18 11:02:00,100.808,100.809,100.808,100.808,319500,32208286.3662
2026-09-18 11:03:00,100.809,100.809,100.808,100.808,386700,38982591.3389
2026-09-18 11:04:00,100.809,100.809,100.808,100.808,352600,35545035.7207
2026-09-18 11:05:00,100.809,100.809,100.808,100.808,272200,27440053.0811
2026-09-18 11:06:00,100.808,100.809,100.808,100.809,291200,29355422.6904
2026-09-18 11:07:00,100.808,100.809,100.807,100.808,7033300,709012910.8135
2026-09-18 11:08:00,100.808,100.809,100.808,100.809,302600,30504611.3408
2026-09-18 11:09:00,100.809,100.809,100.807,100.807,4697700,473565804.7305
2026-09-18 11:10:00,100.807,100.808,100.807,100.808,317100,31966003.1455
2026-09-18 11:11:00,100.807,100.808,100.807,100.807,243000,24496180.4063
2026-09-18 11:12:00,100.808,100.808,100.807,100.808,458000,46169716.2754
2026-09-18 11:13:00,100.807,100.808,100.807,100.807,298800,30121224.4463
2026-09-18 11:14:00,100.807,100.808,100.807,100.807,394600,39778635.6660
2026-09-18 11:15:00,100.808,100.808,100.807,100.807,534700,53901765.3789
2026-09-18 11:16:00,100.808,100.808,100.807,100.807,514300,51845239.3438
2026-09-18 11:17:00,100.807,100.808,100.807,100.807,540100,54446103.8594
2026-09-18 11:18:00,100.807,100.808,100.807,100.808,742000,74798904.6523
2026-09-18 11:19:00,100.807,100.808,100.807,100.807,648300,65353674.2500
2026-09-18 11:20:00,100.808,100.808,100.807,100.807,314400,31693883.6045
2026-09-18 11:21:00,100.807,100.808,100.807,100.808,276300,27853091.9492
2026-09-18 11:22:00,100.807,100.808,100.807,100.808,600200,60504670.0029
2026-09-18 11:23:00,100.807,100.808,100.807,100.807,614900,61986543.9131
2026-09-18 11:24:00,100.807,100.808,100.807,100.807,870800,87783397.3604
2026-09-18 11:25:00,100.808,100.808,100.807,100.808,1083700,109245340.2314
2026-09-18 11:26:00,100.807,100.808,100.807,100.808,489700,49365450.1631
2026-09-18 11:27:00,100.807,100.808,100.807,100.808,1015000,102319717.5820
2026-09-18 11:28:00,100.807,100.808,100.807,100.807,253700,25574851.4971
2026-09-18 11:29:00,100.808,100.808,100.807,100.808,1372100,138318488.5400
2026-09-18 11:30:00,100.808,100.809,100.807,100.808,3647020,367648773.7429
2026-09-18 13:01:00,100.808,100.809,100.807,100.808,3992600,402485596.6083
2026-09-18 13:02:00,100.808,100.808,100.807,100.807,569400,57399596.8525
2026-09-18 13:03:00,100.808,100.808,100.807,100.808,295000,29738184.0430
2026-09-18 13:04:00,100.807,100.808,100.807,100.807,334800,33750260.2256
2026-09-18 13:05:00,100.807,100.808,100.807,100.807,285200,28750228.2074
2026-09-18 13:06:00,100.807,100.808,100.807,100.808,359500,36240311.1161
2026-09-18 13:07:00,100.808,100.808,100.807,100.808,484500,48841163.8427
2026-09-18 13:08:00,100.807,100.808,100.807,100.808,655703,66099533.3301
2026-09-18 13:09:00,100.808,100.808,100.807,100.807,3976200,400828952.5688
2026-09-18 13:10:00,100.807,100.808,100.806,100.808,1830800,184557338.1836
2026-09-18 13:11:00,100.807,100.808,100.806,100.807,2858600,288166172.2998
2026-09-18 13:12:00,100.807,100.807,100.806,100.807,222500,22429399.9199
2026-09-18 13:13:00,100.806,100.807,100.806,100.806,228300,23014068.1826
2026-09-18 13:14:00,100.807,100.807,100.806,100.807,215700,21743920.1523
2026-09-18 13:15:00,100.807,100.807,100.806,100.807,420500,42389018.3115
2026-09-18 13:16:00,100.807,100.807,100.806,100.806,437600,44112964.5000
2026-09-18 13:17:00,100.807,100.807,100.806,100.807,547900,55231708.3887
2026-09-18 13:18:00,100.806,100.807,100.806,100.807,669900,67530044.9746
2026-09-18 13:19:00,100.806,100.807,100.806,100.807,968100,97590925.7861
2026-09-18 13:20:00,100.806,100.807,100.806,100.806,356100,35897154.3848
2026-09-18 13:21:00,100.807,100.807,100.806,100.806,370400,37338669.5527
2026-09-18 13:22:00,100.806,100.807,100.806,100.807,676900,68235775.6846
2026-09-18 13:23:00,100.806,100.807,100.806,100.807,647400,65262105.0537
2026-09-18 13:24:00,100.807,100.807,100.806,100.806,771900,77812497.0244
2026-09-18 13:25:00,100.807,100.807,100.806,100.807,680900,68639114.0322
2026-09-18 13:26:00,100.807,100.807,100.806,100.807,731600,73750046.1704
2026-09-18 13:27:00,100.806,100.807,100.806,100.807,434700,43820575.2666
2026-09-18 13:28:00,100.806,100.807,100.806,100.806,643400,64858830.1406
2026-09-18 13:29:00,100.807,100.807,100.805,100.806,4991100,503132692.7100
2026-09-18 13:30:00,100.806,100.806,100.805,100.805,452200,45584192.7065
2026-09-18 13:31:00,100.806,100.806,100.805,100.806,320100,32267798.8809
2026-09-18 13:32:00,100.805,100.806,100.805,100.805,433900,43739452.1230
2026-09-18 13:33:00,100.806,100.806,100.805,100.805,493100,49707131.4434
2026-09-18 13:34:00,100.805,100.806,100.805,100.805,516100,52025667.9707
2026-09-18 13:35:00,100.805,100.806,100.805,100.806,358700,36158951.7969
2026-09-18 13:36:00,100.805,100.806,100.805,100.806,614600,61955013.6523
2026-09-18 13:37:00,100.806,100.806,100.805,100.806,840600,84736918.3145
2026-09-18 13:38:00,100.805,100.806,100.804,100.806,5473200,551726226.6387
2026-09-18 13:39:00,100.806,100.806,100.805,100.805,604700,60957039.3383
2026-09-18 13:40:00,100.805,100.806,100.805,100.806,510400,51451064.0332
2026-09-18 13:41:00,100.805,100.806,100.805,100.805,640800,64596205.2988
2026-09-18 13:42:00,100.805,100.806,100.805,100.805,414800,41814100.6278
2026-09-18 13:43:00,100.805,100.806,100.805,100.805,490200,49414868.8467
2026-09-18 13:44:00,100.805,100.806,100.805,100.806,568000,57257546.2793
2026-09-18 13:45:00,100.806,100.806,100.805,100.806,813000,81954874.2280
2026-09-18 13:46:00,100.806,100.806,100.805,100.805,848800,85563699.8145
2026-09-18 13:47:00,100.805,100.806,100.805,100.805,1048800,105724826.0078
2026-09-18 13:48:00,100.805,100.806,100.805,100.806,1277300,128759026.2948
2026-09-18 13:49:00,100.805,100.806,100.805,100.806,850200,85704852.4941
2026-09-18 13:50:00,100.805,100.807,100.805,100.806,3211400,323728178.8945
2026-09-18 13:51:00,100.806,100.807,100.806,100.807,387000,39012106.5117
2026-09-18 13:52:00,100.807,100.807,100.805,100.805,3050900,307549169.4331
2026-09-18 13:53:00,100.806,100.806,100.805,100.805,710200,71592078.1348
2026-09-18 13:54:00,100.805,100.806,100.805,100.805,938000,94555637.8398
2026-09-18 13:55:00,100.806,100.806,100.805,100.805,757500,76360191.6563
2026-09-18 13:56:00,100.806,100.806,100.805,100.806,925600,93305581.0234
2026-09-18 13:57:00,100.806,100.806,100.805,100.806,652000,65725195.5684
2026-09-18 13:58:00,100.806,100.806,100.805,100.805,683300,68880358.3340
2026-09-18 13:59:00,100.806,100.806,100.805,100.805,563400,56793823.5840
2026-09-18 14:00:00,100.805,100.806,100.805,100.805,499200,50322120.6914
2026-09-18 14:01:00,100.806,100.806,100.805,100.805,869200,87620029.0156
2026-09-18 14:02:00,100.806,100.806,100.805,100.806,762300,76843962.0273
2026-09-18 14:03:00,100.805,100.806,100.805,100.806,584300,58900641.9316
2026-09-18 14:04:00,100.805,100.806,100.805,100.805,632900,63799820.7480
2026-09-18 14:05:00,100.805,100.806,100.805,100.805,524200,52842246.7539
2026-09-18 14:06:00,100.806,100.806,100.805,100.806,630900,63598197.9941
2026-09-18 14:07:00,100.806,100.806,100.805,100.805,834800,84152284.4727
2026-09-18 14:08:00,100.806,100.806,100.805,100.805,681000,68648506.6895
2026-09-18 14:09:00,100.806,100.806,100.805,100.806,883000,89011143.3223
2026-09-18 14:10:00,100.805,100.806,100.805,100.805,1063400,107196276.3203
2026-09-18 14:11:00,100.806,100.806,100.804,100.805,5456800,550072705.3691
2026-09-18 14:12:00,100.806,100.806,100.804,100.805,2798900,282143215.9707
2026-09-18 14:13:00,100.804,100.805,100.804,100.805,378700,38174729.1777
2026-09-18 14:14:00,100.804,100.805,100.804,100.804,531400,53567477.7188
2026-09-18 14:15:00,100.805,100.805,100.804,100.804,756200,76228316.0430
2026-09-18 14:16:00,100.805,100.805,100.804,100.805,491900,49585659.8965
2026-09-18 14:17:00,100.805,100.805,100.804,100.805,662200,66752696.0391
2026-09-18 14:18:00,100.805,100.805,100.804,100.804,1199800,120945282.8945
2026-09-18 14:19:00,100.805,100.805,100.804,100.805,1088200,109695173.0156
2026-09-18 14:20:00,100.805,100.805,100.804,100.804,1137800,114695061.5469
2026-09-18 14:21:00,100.805,100.805,100.804,100.804,837800,84453827.3750
2026-09-18 14:22:00,100.804,100.805,100.804,100.804,929100,93657396.8613
2026-09-18 14:23:00,100.804,100.805,100.803,100.803,4924360,496394732.3057
2026-09-18 14:24:00,100.804,100.804,100.803,100.804,1116700,112567137.2329
2026-09-18 14:25:00,100.804,100.804,100.803,100.803,1299096,130953586.7080
2026-09-18 14:26:00,100.804,100.804,100.803,100.803,690900,69645091.5449
2026-09-18 14:27:00,100.803,100.804,100.803,100.803,872200,87920578.1875
2026-09-18 14:28:00,100.804,100.804,100.803,100.803,1042900,105127708.8916
2026-09-18 14:29:00,100.803,100.804,100.803,100.804,4694400,473209818.7500
2026-09-18 14:30:00,100.804,100.804,100.803,100.804,1731000,174490117.3008
2026-09-18 14:31:00,100.803,100.804,100.802,100.803,1692900,170649243.5830
2026-09-18 14:32:00,100.802,100.804,100.802,100.804,2736600,275857477.3037
2026-09-18 14:33:00,100.803,100.804,100.803,100.804,951500,95914240.5625
2026-09-18 14:34:00,100.803,100.804,100.803,100.804,630100,63516297.4268
2026-09-18 14:35:00,100.804,100.804,100.803,100.804,740200,74614659.4277
2026-09-18 14:36:00,100.804,100.804,100.803,100.804,697900,70350703.2510
2026-09-18 14:37:00,100.803,100.804,100.803,100.803,704200,70985971.4473
2026-09-18 14:38:00,100.804,100.804,100.803,100.804,790600,79695372.3945
2026-09-18 14:39:00,100.804,100.804,100.802,100.802,4241300,427535932.9297
2026-09-18 14:40:00,100.802,100.803,100.802,100.803,653500,65874529.5918
2026-09-18 14:41:00,100.802,100.803,100.802,100.803,541000,54534125.1934
2026-09-18 14:42:00,100.802,100.803,100.802,100.802,591100,59584453.0840
2026-09-18 14:43:00,100.802,100.803,100.802,100.802,1209310,121901771.5415
2026-09-18 14:44:00,100.803,100.803,100.802,100.803,715000,72073951.1982
2026-09-18 14:45:00,100.802,100.803,100.802,100.802,374900,37790955.9248
2026-09-18 14:46:00,100.802,100.803,100.802,100.802,876110,88313894.0786
2026-09-18 14:47:00,100.803,100.803,100.802,100.802,4188700,422229673.2979
2026-09-18 14:48:00,100.802,100.803,100.802,100.803,766930,77308350.9243
2026-09-18 14:49:00,100.803,100.803,100.801,100.802,3020260,304448297.0981
2026-09-18 14:50:00,100.803,100.803,100.801,100.801,2340770,235954277.4414
2026-09-18 14:51:00,100.801,100.802,100.801,100.802,1228500,123834687.2793
2026-09-18 14:52:00,100.801,100.802,100.801,100.802,1118500,112746644.5044
2026-09-18 14:53:00,100.801,100.802,100.800,100.801,4912400,495175271.8232
2026-09-18 14:54:00,100.801,100.802,100.800,100.801,3538000,356634122.3281
2026-09-18 14:55:00,100.802,100.802,100.801,100.802,1387112,139823175.2754
2026-09-18 14:56:00,100.801,100.802,100.800,100.801,5796544,584297777.1372
2026-09-18 14:57:00,100.800,100.802,100.800,100.801,2625526,264655416.0229
2026-09-18 15:00:00,100.800,100.800,100.800,100.800,1576086,158869470.2880
2026-09-21 09:31:00,100.807,100.807,100.804,100.804,15018700,1513976692.5687
2026-09-21 09:32:00,100.803,100.805,100.803,100.804,1403100,141437534.0264
2026-09-21 09:33:00,100.804,100.806,100.803,100.803,5995300,604353258.4746
2026-09-21 09:34:00,100.803,100.804,100.802,100.802,1749500,176354256.7627
2026-09-21 09:35:00,100.802,100.803,100.802,100.802,1109200,111809655.9463
2026-09-21 09:36:00,100.803,100.803,100.802,100.802,439000,44252223.0889
2026-09-21 09:37:00,100.802,100.803,100.801,100.802,2675800,269725725.7178
2026-09-21 09:38:00,100.801,100.802,100.801,100.801,967300,97504964.9453
2026-09-21 09:39:00,100.801,100.803,100.801,100.802,1388240,139937272.2832
2026-09-21 09:40:00,100.803,100.803,100.802,100.802,500700,50471656.2832
2026-09-21 09:41:00,100.802,100.803,100.802,100.803,432400,43586934.8936
2026-09-21 09:42:00,100.802,100.803,100.802,100.802,708300,71398314.2842
2026-09-21 09:43:00,100.803,100.803,100.802,100.803,946400,95399219.2354
2026-09-21 09:44:00,100.802,100.803,100.802,100.802,919800,92717896.0361
2026-09-21 09:45:00,100.803,100.803,100.801,100.801,2420260,243966977.5869
2026-09-21 09:46:00,100.801,100.802,100.801,100.801,607500,61236766.0322
2026-09-21 09:47:00,100.801,100.802,100.800,100.801,4739700,477766863.7461
2026-09-21 09:48:00,100.800,100.802,100.800,100.801,1811400,182591033.3154
2026-09-21 09:49:00,100.802,100.802,100.800,100.800,1609600,162249007.6982
2026-09-21 09:50:00,100.800,100.801,100.800,100.800,586800,59149664.4141
2026-09-21 09:51:00,100.801,100.802,100.800,100.801,1808710,182319716.3235
2026-09-21 09:52:00,100.801,100.802,100.801,100.801,647100,65228457.9316
2026-09-21 09:53:00,100.801,100.802,100.801,100.802,581300,58595838.1543
2026-09-21 09:54:00,100.801,100.802,100.800,100.801,1938500,195402759.0332
2026-09-21 09:55:00,100.800,100.802,100.800,100.801,1653600,166684695.0027
2026-09-21 09:56:00,100.801,100.802,100.801,100.802,778100,78433669.5508
2026-09-21 09:57:00,100.801,100.802,100.801,100.802,688000,69351459.7939
2026-09-21 09:58:00,100.802,100.802,100.801,100.801,644900,65006893.2344
2026-09-21 09:59:00,100.801,100.802,100.801,100.802,627600,63262994.2705
2026-09-21 10:00:00,100.801,100.802,100.801,100.801,799100,80550217.3652
2026-09-21 10:01:00,100.801,100.802,100.801,100.801,427100,43052237.3613
2026-09-21 10:02:00,100.801,100.802,100.801,100.802,683200,68867529.3320
2026-09-21 10:03:00,100.801,100.802,100.801,100.802,301800,30421856.0176
2026-09-21 10:04:00,100.802,100.802,100.801,100.801,467800,47154833.1953
2026-09-21 10:05:00,100.801,100.802,100.800,100.801,3607000,363589023.4258
2026-09-21 10:06:00,100.800,100.801,100.800,100.801,1154500,116373965.7988
2026-09-21 10:07:00,100.800,100.801,100.800,100.800,1179800,118924338.0342
2026-09-21 10:08:00,100.800,100.801,100.800,100.801,1317000,132754137.7705
2026-09-21 10:09:00,100.800,100.801,100.799,100.800,4529200,456543611.4111
2026-09-21 10:10:00,100.800,100.801,100.800,100.800,1606300,161915547.4063
2026-09-21 10:11:00,100.801,100.801,100.799,100.799,4627800,466481508.6318
2026-09-21 10:12:00,100.800,100.800,100.799,100.799,2833900,285656164.6289
2026-09-21 10:13:00,100.799,100.801,100.799,100.799,2808600,283105992.7236
2026-09-21 10:14:00,100.799,100.800,100.799,100.799,2948600,297216639.2617
2026-09-21 10:15:00,100.800,100.800,100.799,100.800,2218700,223644481.6816
2026-09-21 10:16:00,100.800,100.801,100.799,100.801,1647300,166047758.1494
2026-09-21 10:17:00,100.800,100.801,100.799,100.800,1206200,121585065.4202
2026-09-21 10:18:00,100.799,100.800,100.799,100.800,613100,61800264.0293
2026-09-21 10:19:00,100.799,100.801,100.799,100.801,2164800,218211865.6711
2026-09-21 10:20:00,100.800,100.801,100.800,100.801,1633000,164607801.1116
2026-09-21 10:21:00,100.800,100.802,100.800,100.801,1690120,170365770.2004
2026-09-21 10:22:00,100.801,100.802,100.801,100.802,347000,34978078.0967
2026-09-21 10:23:00,100.802,100.802,100.801,100.801,230300,23214569.2158
2026-09-21 10:24:00,100.801,100.802,100.801,100.801,436000,43949385.9072
2026-09-21 10:25:00,100.802,100.802,100.801,100.802,430000,43344559.5361
2026-09-21 10:26:00,100.801,100.802,100.800,100.801,2196400,221399076.4717
2026-09-21 10:27:00,100.801,100.801,100.800,100.801,300300,30270411.7158
2026-09-21 10:28:00,100.800,100.801,100.800,100.801,593600,59835228.7539
2026-09-21 10:29:00,100.801,100.801,100.800,100.800,611000,61588925.0713
2026-09-21 10:30:00,100.800,100.801,100.800,100.801,476800,48061641.0029
2026-09-21 10:31:00,100.800,100.801,100.800,100.801,327100,32971845.3477
2026-09-21 10:32:00,100.801,100.801,100.800,100.801,498900,50289361.0566
2026-09-21 10:33:00,100.800,100.801,100.800,100.800,337600,34030225.0811
2026-09-21 10:34:00,100.800,100.801,100.800,100.801,372400,37538061.2559
2026-09-21 10:35:00,100.801,100.801,100.800,100.801,509600,51367804.7354
2026-09-21 10:36:00,100.800,100.801,100.800,100.800,194500,19605659.8350
2026-09-21 10:37:00,100.800,100.801,100.800,100.800,339700,34241883.9209
2026-09-21 10:38:00,100.800,100.801,100.800,100.801,266900,26903658.6914
2026-09-21 10:39:00,100.801,100.801,100.800,100.800,413100,41640696.4883
2026-09-21 10:40:00,100.801,100.801,100.800,100.800,357900,36076531.9355
2026-09-21 10:41:00,100.801,100.801,100.800,100.801,304600,30703850.6348
2026-09-21 10:42:00,100.801,100.801,100.800,100.801,655100,66034432.2266
2026-09-21 10:43:00,100.800,100.801,100.800,100.801,796800,80318062.6260
2026-09-21 10:44:00,100.800,100.801,100.800,100.800,500500,50450712.2881
2026-09-21 10:45:00,100.801,100.802,100.800,100.801,2658800,268009576.3457
2026-09-21 10:46:00,100.801,100.802,100.801,100.801,745500,75147590.4893
2026-09-21 10:47:00,100.802,100.802,100.801,100.801,381000,38405314.0938
2026-09-21 10:48:00,100.802,100.802,100.801,100.801,330100,33274563.4473
2026-09-21 10:49:00,100.801,100.802,100.801,100.801,426000,42941405.2461
2026-09-21 10:50:00,100.802,100.802,100.801,100.801,434800,43828461.8252
2026-09-21 10:51:00,100.802,100.802,100.801,100.802,452700,45632782.9902
2026-09-21 10:52:00,100.802,100.802,100.801,100.802,384500,38758187.6533
2026-09-21 10:53:00,100.801,100.802,100.801,100.801,331100,33375360.8574
2026-09-21 10:54:00,100.802,100.802,100.801,100.802,415300,41862863.9971
2026-09-21 10:55:00,100.801,100.802,100.801,100.802,385700,38879128.2031
2026-09-21 10:56:00,100.802,100.802,100.801,100.802,399900,40310517.9102
2026-09-21 10:57:00,100.802,100.802,100.801,100.802,568700,57325725.2627
2026-09-21 10:58:00,100.802,100.802,100.801,100.801,728800,73463960.7910
2026-09-21 10:59:00,100.801,100.802,100.801,100.801,587900,59261099.7451
2026-09-21 11:00:00,100.801,100.802,100.801,100.801,426400,42981734.6016
2026-09-21 11:01:00,100.801,100.802,100.801,100.802,341000,34373281.6055
2026-09-21 11:02:00,100.802,100.802,100.801,100.801,508900,51297775.8457
2026-09-21 11:03:00,100.802,100.802,100.801,100.802,419100,42245850.3740
2026-09-21 11:04:00,100.801,100.802,100.801,100.801,301200,30361401.0313
2026-09-21 11:05:00,100.802,100.802,100.801,100.801,873000,87999519.6777
2026-09-21 11:06:00,100.802,100.802,100.801,100.801,522100,52628321.5566
2026-09-21 11:07:00,100.802,100.802,100.801,100.802,471100,47487526.3496
2026-09-21 11:08:00,100.801,100.802,100.801,100.801,2685300,270681091.3623
2026-09-21 11:09:00,100.801,100.801,100.800,100.801,761800,76789943.0234
2026-09-21 11:10:00,100.800,100.801,100.800,100.800,542300,54664218.2344
2026-09-21 11:11:00,100.801,100.801,100.800,100.800,694500,70006070.1074
2026-09-21 11:12:00,100.800,100.801,100.800,100.800,1093300,110205344.2773
2026-09-21 11:13:00,100.800,100.801,100.800,100.801,447000,45057838.6729
2026-09-21 11:14:00,100.801,100.801,100.800,100.801,1628400,164144147.1670
2026-09-21 11:15:00,100.800,100.802,100.800,100.802,1116500,112544478.0908
2026-09-21 11:16:00,100.801,100.802,100.801,100.801,453400,45703389.3770
2026-09-21 11:17:00,100.802,100.802,100.801,100.801,837800,84451287.0596
2026-09-21 11:18:00,100.802,100.802,100.800,100.801,2309300,232779801.3799
2026-09-21 11:19:00,100.800,100.801,100.800,100.800,431900,43535761.8574
2026-09-21 11:20:00,100.800,100.801,100.800,100.800,405400,40864552.4268
2026-09-21 11:21:00,100.801,100.801,100.800,100.800,341300,34403204.1211
2026-09-21 11:22:00,100.800,100.801,100.800,100.800,403600,40683034.7461
2026-09-21 11:23:00,100.800,100.801,100.800,100.801,280300,28254352.5137
2026-09-21 11:24:00,100.801,100.801,100.800,100.800,370900,37386926.7432
2026-09-21 11:25:00,100.800,100.801,100.800,100.801,444500,44805852.8701
2026-09-21 11:26:00,100.801,100.801,100.800,100.800,577800,58242615.5029
2026-09-21 11:27:00,100.800,100.801,100.800,100.800,659800,66508171.2861
2026-09-21 11:28:00,100.800,100.801,100.800,100.800,327000,32961793.5488
2026-09-21 11:29:00,100.801,100.801,100.800,100.800,319900,32246057.8330
2026-09-21 11:30:00,100.801,100.801,100.800,100.801,269500,27165659.1621
2026-09-21 13:01:00,100.801,100.801,100.800,100.800,3291600,331794190.9248
2026-09-21 13:02:00,100.800,100.801,100.800,100.801,382700,38576300.6182
2026-09-21 13:03:00,100.801,100.801,100.800,100.801,322200,32477930.0840
2026-09-21 13:04:00,100.801,100.801,100.800,100.800,499900,50390297.3711
2026-09-21 13:05:00,100.800,100.801,100.800,100.801,495500,49946582.8848
2026-09-21 13:06:00,100.800,100.801,100.800,100.800,265900,26802877.5586
2026-09-21 13:07:00,100.800,100.801,100.800,100.800,770800,77697133.6904
2026-09-21 13:08:00,100.800,100.801,100.800,100.801,447100,45067924.5459
2026-09-21 13:09:00,100.800,100.801,100.800,100.801,317700,32024297.8018
2026-09-21 13:10:00,100.801,100.801,100.800,100.800,282800,28506385.1455
2026-09-21 13:11:00,100.800,100.801,100.800,100.800,1441600,145313443.2627
2026-09-21 13:12:00,100.801,100.801,100.800,100.801,427900,43132499.4014
2026-09-21 13:13:00,100.801,100.801,100.800,100.800,657300,66256244.4082
2026-09-21 13:14:00,100.800,100.801,100.800,100.801,556900,56135820.9697
2026-09-21 13:15:00,100.800,100.801,100.800,100.800,625400,63040742.7510
2026-09-21 13:16:00,100.801,100.801,100.800,100.801,1013500,102161224.3203
2026-09-21 13:17:00,100.801,100.801,100.800,100.801,1021900,103007936.5176
2026-09-21 13:18:00,100.801,100.801,100.800,100.801,630300,63534535.7568
2026-09-21 13:19:00,100.801,100.801,100.800,100.801,865400,87232928.1396
2026-09-21 13:20:00,100.800,100.801,100.800,100.800,573500,57809199.8789
2026-09-21 13:21:00,100.800,100.801,100.800,100.800,573900,57849561.8604
2026-09-21 13:22:00,100.801,100.802,100.800,100.801,3931700,396319847.8154
2026-09-21 13:23:00,100.802,100.802,100.801,100.802,359000,36187782.6035
2026-09-21 13:24:00,100.802,100.802,100.801,100.801,662100,66740723.5845
2026-09-21 13:25:00,100.801,100.802,100.801,100.801,726100,73192150.3535
2026-09-21 13:26:00,100.801,100.802,100.801,100.802,769700,77586951.8818
2026-09-21 13:27:00,100.802,100.802,100.801,100.802,678700,68413978.9443
2026-09-21 13:28:00,100.801,100.802,100.801,100.801,600100,60491038.0654
2026-09-21 13:29:00,100.801,100.803,100.801,100.802,3894600,392583012.8779
2026-09-21 13:30:00,100.803,100.803,100.802,100.803,644400,64957059.6611
2026-09-21 13:31:00,100.803,100.803,100.802,100.803,552000,55642940.6094
2026-09-21 13:32:00,100.803,100.803,100.802,100.803,584300,58898928.0557
2026-09-21 13:33:00,100.802,100.803,100.802,100.802,619700,62467278.8086
2026-09-21 13:34:00,100.802,100.803,100.802,100.802,411100,41439901.5957
2026-09-21 13:35:00,100.802,100.803,100.802,100.802,523700,52790275.5449
2026-09-21 13:36:00,100.803,100.803,100.802,100.803,503500,50754048.2803
2026-09-21 13:37:00,100.802,100.803,100.802,100.802,501800,50582709.9102
2026-09-21 13:38:00,100.802,100.803,100.802,100.802,455900,45955862.6104
2026-09-21 13:39:00,100.803,100.803,100.802,100.803,541000,54534136.8525
2026-09-21 13:40:00,100.802,100.803,100.802,100.803,600900,60572128.3770
2026-09-21 13:41:00,100.802,100.803,100.802,100.803,523900,52810431.7002
2026-09-21 13:42:00,100.803,100.803,100.802,100.802,556300,56076463.2783
2026-09-21 13:43:00,100.802,100.803,100.802,100.802,510600,51469768.5117
2026-09-21 13:44:00,100.802,100.803,100.802,100.803,504800,50885146.2549
2026-09-21 13:45:00,100.802,100.803,100.802,100.803,638200,64332188.0566
2026-09-21 13:46:00,100.802,100.803,100.802,100.803,528000,53223731.9619
2026-09-21 13:47:00,100.803,100.803,100.802,100.803,586700,59140817.6357
2026-09-21 13:48:00,100.802,100.803,100.802,100.803,447300,45088970.4424
2026-09-21 13:49:00,100.803,100.803,100.802,100.802,472800,47659430.9404
2026-09-21 13:50:00,100.802,100.803,100.802,100.803,786400,79270901.1875
2026-09-21 13:51:00,100.802,100.803,100.802,100.803,533700,53798317.7432
2026-09-21 13:52:00,100.803,100.803,100.802,100.802,491900,49584722.9043
2026-09-21 13:53:00,100.802,100.803,100.802,100.802,577300,58193251.3379
2026-09-21 13:54:00,100.802,100.803,100.802,100.803,573100,57769929.5986
2026-09-21 13:55:00,100.803,100.803,100.802,100.802,741700,74765247.6328
2026-09-21 13:56:00,100.803,100.803,100.802,100.803,616800,62174923.1660
2026-09-21 13:57:00,100.803,100.803,100.802,100.803,952600,96024561.2871
2026-09-21 13:58:00,100.802,100.803,100.802,100.803,862300,86922050.9141
2026-09-21 13:59:00,100.802,100.804,100.802,100.803,4273300,430761267.4268
2026-09-21 14:00:00,100.802,100.803,100.801,100.802,2560100,258063370.4688
2026-09-21 14:01:00,100.801,100.802,100.801,100.802,696800,70238685.5664
2026-09-21 14:02:00,100.801,100.803,100.801,100.803,1068300,107687116.6826
2026-09-21 14:03:00,100.802,100.804,100.802,100.804,4285000,431940807.9385
2026-09-21 14:04:00,100.803,100.804,100.803,100.804,411700,41500856.8799
2026-09-21 14:05:00,100.804,100.804,100.802,100.803,8630300,869960226.2197
2026-09-21 14:06:00,100.802,100.803,100.802,100.802,814400,82093405.3105
2026-09-21 14:07:00,100.803,100.803,100.802,100.803,607700,61257705.7939
2026-09-21 14:08:00,100.802,100.803,100.802,100.803,633700,63878596.9150
2026-09-21 14:09:00,100.802,100.803,100.802,100.802,583200,58788028.7666
2026-09-21 14:10:00,100.802,100.803,100.802,100.802,5364000,540706913.7158
2026-09-21 14:11:00,100.803,100.803,100.802,100.802,817400,82395971.6777
2026-09-21 14:12:00,100.802,100.803,100.802,100.803,889700,89683973.5605
2026-09-21 14:13:00,100.803,100.803,100.802,100.803,754300,76035336.2236
2026-09-21 14:14:00,100.803,100.803,100.802,100.803,607500,61237577.1885
2026-09-21 14:15:00,100.803,100.804,100.802,100.802,5720900,576683697.1689
2026-09-21 14:16:00,100.802,100.803,100.802,100.803,1045100,105348844.3096
2026-09-21 14:17:00,100.802,100.803,100.802,100.803,1740000,175396946.4189
2026-09-21 14:18:00,100.803,100.803,100.802,100.803,4646100,468340338.9824
2026-09-21 14:19:00,100.802,100.803,100.802,100.802,920400,92778800.8955
2026-09-21 14:20:00,100.802,100.803,100.802,100.802,729400,73525352.9453
2026-09-21 14:21:00,100.803,100.803,100.802,100.803,695900,70148455.7773
2026-09-21 14:22:00,100.802,100.803,100.802,100.802,636100,64120496.1016
2026-09-21 14:23:00,100.803,100.803,100.802,100.802,2270000,228820855.7100
2026-09-21 14:24:00,100.802,100.803,100.801,100.802,3831500,386222870.4336
2026-09-21 14:25:00,100.802,100.802,100.801,100.802,2037600,205393864.6035
2026-09-21 14:26:00,100.802,100.802,100.801,100.801,636400,64150130.7705
2026-09-21 14:27:00,100.801,100.802,100.801,100.801,640900,64603679.8037
2026-09-21 14:28:00,100.801,100.802,100.801,100.802,1847600,186240553.0908
2026-09-21 14:29:00,100.801,100.802,100.800,100.800,4370500,440549589.0654
2026-09-21 14:30:00,100.800,100.801,100.799,100.800,1043610,105196203.6885
2026-09-21 14:31:00,100.801,100.801,100.800,100.800,771700,77787762.7373
2026-09-21 14:32:00,100.800,100.801,100.800,100.800,650700,65590941.5117
2026-09-21 14:33:00,100.801,100.801,100.800,100.801,4063300,409584497.7305
2026-09-21 14:34:00,100.801,100.801,100.799,100.800,2644510,266566733.3301
2026-09-21 14:35:00,100.800,100.801,100.799,100.800,1457380,146903855.1318
2026-09-21 14:36:00,100.801,100.801,100.800,100.800,445100,44866274.9043
2026-09-21 14:37:00,100.800,100.801,100.800,100.800,502700,50672359.1973
2026-09-21 14:38:00,100.800,100.801,100.800,100.801,1042600,105094663.6946
2026-09-21 14:39:00,100.800,100.801,100.800,100.800,958800,96647621.3057
2026-09-21 14:40:00,100.800,100.801,100.800,100.800,626010,63102149.3564
2026-09-21 14:41:00,100.800,100.801,100.800,100.800,699440,70503889.3545
2026-09-21 14:42:00,100.801,100.801,100.799,100.800,2391050,241018161.4980
2026-09-21 14:43:00,100.799,100.800,100.799,100.800,521500,52567017.7832
2026-09-21 14:44:00,100.800,100.800,100.799,100.800,756800,76285129.3203
2026-09-21 14:45:00,100.800,100.801,100.799,100.801,2591100,261182766.3350
2026-09-21 14:46:00,100.800,100.801,100.800,100.801,673500,67889216.6836
2026-09-21 14:47:00,100.801,100.801,100.800,100.801,934700,94218309.2344
2026-09-21 14:48:00,100.801,100.802,100.800,100.801,1960180,197588108.4365
2026-09-21 14:49:00,100.801,100.802,100.801,100.802,1167400,117675475.9663
2026-09-21 14:50:00,100.802,100.802,100.801,100.802,1146000,115518716.6274
2026-09-21 14:51:00,100.802,100.802,100.801,100.801,1310200,132070453.3232
2026-09-21 14:52:00,100.802,100.802,100.800,100.801,1898800,191401074.4014
2026-09-21 14:53:00,100.801,100.802,100.800,100.801,2080100,209675983.0869
2026-09-21 14:54:00,100.801,100.802,100.800,100.801,2271100,228929596.2139
2026-09-21 14:55:00,100.801,100.801,100.800,100.800,1067000,107554413.4980
2026-09-21 14:56:00,100.801,100.801,100.800,100.800,1423700,143509385.1699
2026-09-21 14:57:00,100.801,100.801,100.799,100.800,1436700,144818930.0752
2026-09-21 15:00:00,100.801,100.801,100.801,100.801,1270910,128109002.0266
2026-09-22 09:31:00,100.791,100.798,100.790,100.792,8864300,893444535.6641
2026-09-22 09:32:00,100.793,100.795,100.792,100.794,906000,91318688.2031
2026-09-22 09:33:00,100.793,100.794,100.793,100.793,704800,71039127.2207
2026-09-22 09:34:00,100.794,100.794,100.793,100.794,1258500,126848857.9453
2026-09-22 09:35:00,100.795,100.798,100.794,100.798,1410600,142183471.5000
2026-09-22 09:36:00,100.798,100.799,100.796,100.797,3136800,316179716.0293
2026-09-22 09:37:00,100.797,100.797,100.794,100.794,1983600,199937460.7520
2026-09-22 09:38:00,100.794,100.795,100.794,100.795,984300,99211898.8223
2026-09-22 09:39:00,100.794,100.795,100.794,100.795,1432500,144387843.5615
2026-09-22 09:40:00,100.795,100.795,100.794,100.795,1217200,122686681.4727
2026-09-22 09:41:00,100.794,100.795,100.793,100.793,1364200,137503033.1113
2026-09-22 09:42:00,100.793,100.794,100.792,100.793,2381500,240038282.2568
2026-09-22 09:43:00,100.793,100.794,100.793,100.794,1115800,112465559.3193
2026-09-22 09:44:00,100.793,100.794,100.793,100.794,1168600,117787564.2031
2026-09-22 09:45:00,100.793,100.795,100.793,100.794,1562300,157470512.3594
2026-09-22 09:46:00,100.794,100.797,100.794,100.796,1943400,195885562.4580
2026-09-22 09:47:00,100.797,100.798,100.796,100.796,902300,90948654.2070
2026-09-22 09:48:00,100.796,100.800,100.796,100.800,3693100,372257797.9063
2026-09-22 09:49:00,100.799,100.800,100.799,100.800,2052100,206851570.5781
2026-09-22 09:50:00,100.800,100.802,100.799,100.801,3097200,312198738.4629
2026-09-22 09:51:00,100.801,100.802,100.800,100.801,2543300,256367240.5078
2026-09-22 09:52:00,100.801,100.802,100.801,100.801,493200,49715291.7490
2026-09-22 09:53:00,100.801,100.802,100.801,100.801,3025800,305004276.2891
2026-09-22 09:54:00,100.802,100.802,100.801,100.801,1437800,144931785.3018
2026-09-22 09:55:00,100.801,100.802,100.801,100.802,1141600,115074495.4414
2026-09-22 09:56:00,100.802,100.802,100.801,100.801,399700,40290265.8906
2026-09-22 09:57:00,100.802,100.802,100.801,100.802,266400,26853462.7383
2026-09-22 09:58:00,100.801,100.802,100.801,100.801,282300,28456283.8721
2026-09-22 09:59:00,100.802,100.802,100.801,100.802,1519700,153188219.5879
2026-09-22 10:00:00,100.801,100.802,100.801,100.802,394700,39786295.0840
2026-09-22 10:01:00,100.801,100.802,100.801,100.801,240300,24222575.0771
2026-09-22 10:02:00,100.801,100.802,100.801,100.802,499100,50310059.0371
2026-09-22 10:03:00,100.801,100.803,100.801,100.803,1478500,149035726.1689
2026-09-22 10:04:00,100.802,100.803,100.801,100.802,1200400,121002432.6855
2026-09-22 10:05:00,100.802,100.802,100.801,100.802,286600,28889713.9434
2026-09-22 10:06:00,100.802,100.802,100.801,100.802,635200,64028933.7656
2026-09-22 10:07:00,100.801,100.803,100.801,100.803,3188000,321357056.6309
2026-09-22 10:08:00,100.802,100.803,100.802,100.803,340500,34323237.1367
2026-09-22 10:09:00,100.802,100.805,100.802,100.805,3087400,311220075.6572
2026-09-22 10:10:00,100.804,100.805,100.804,100.805,312200,31471188.2129
2026-09-22 10:11:00,100.805,100.805,100.804,100.804,1740100,175409827.8555
2026-09-22 10:12:00,100.804,100.805,100.803,100.803,945400,95300183.0605
2026-09-22 10:13:00,100.803,100.804,100.801,100.802,3324000,335067601.0850
2026-09-22 10:14:00,100.802,100.803,100.800,100.801,2017000,203316221.2559
2026-09-22 10:15:00,100.801,100.803,100.801,100.803,1025700,103392778.1738
2026-09-22 10:16:00,100.803,100.804,100.802,100.803,1416400,142777369.1611
2026-09-22 10:17:00,100.803,100.804,100.802,100.804,853100,85994998.6836
2026-09-22 10:18:00,100.803,100.804,100.803,100.804,261300,26339928.6807
2026-09-22 10:19:00,100.803,100.804,100.803,100.804,280400,28265228.2549
2026-09-22 10:20:00,100.803,100.804,100.803,100.803,444700,44827172.6455
2026-09-22 10:21:00,100.804,100.804,100.803,100.804,509100,51318926.4883
2026-09-22 10:22:00,100.803,100.804,100.802,100.802,932200,93968098.9219
2026-09-22 10:23:00,100.802,100.803,100.802,100.802,416300,41963958.8330
2026-09-22 10:24:00,100.802,100.803,100.802,100.802,139400,14051860.5859
2026-09-22 10:25:00,100.803,100.804,100.802,100.803,1952400,196808042.6826
2026-09-22 10:26:00,100.803,100.804,100.803,100.803,388500,39162247.9160
2026-09-22 10:27:00,100.804,100.804,100.803,100.803,597900,60270181.9150
2026-09-22 10:28:00,100.803,100.804,100.803,100.803,1532200,154450389.4453
2026-09-22 10:29:00,100.803,100.804,100.802,100.802,1200900,121054389.0107
2026-09-22 10:30:00,100.803,100.803,100.802,100.802,202400,20402390.7705
2026-09-22 10:31:00,100.803,100.803,100.802,100.802,727400,73324026.4854
2026-09-22 10:32:00,100.803,100.803,100.802,100.803,475800,47961906.2107
2026-09-22 10:33:00,100.803,100.803,100.802,100.803,434800,43829037.2207
2026-09-22 10:34:00,100.802,100.803,100.802,100.803,652500,65773740.6797
2026-09-22 10:35:00,100.803,100.803,100.802,100.802,413800,41712073.7773
2026-09-22 10:36:00,100.803,100.803,100.802,100.803,550600,55501992.0439
2026-09-22 10:37:00,100.802,100.803,100.802,100.802,1876600,189166362.1484
2026-09-22 10:38:00,100.803,100.803,100.802,100.803,406700,40996408.0986
2026-09-22 10:39:00,100.803,100.803,100.802,100.803,1549500,156194006.4541
2026-09-22 10:40:00,100.802,100.803,100.802,100.802,441900,44544543.3896
2026-09-22 10:41:00,100.802,100.803,100.802,100.802,530100,53435290.5801
2026-09-22 10:42:00,100.803,100.803,100.802,100.802,411600,41490251.7871
2026-09-22 10:43:00,100.802,100.803,100.802,100.803,378100,38113316.4395
2026-09-22 10:44:00,100.803,100.803,100.802,100.803,301700,30412085.8691
2026-09-22 10:45:00,100.802,100.803,100.802,100.803,512600,51671246.1533
2026-09-22 10:46:00,100.802,100.803,100.801,100.801,3171900,319733860.6064
2026-09-22 10:47:00,100.802,100.802,100.801,100.801,508100,51217261.7920
2026-09-22 10:48:00,100.802,100.802,100.801,100.801,495800,49977274.6660
2026-09-22 10:49:00,100.802,100.802,100.800,100.801,836200,84289899.3008
2026-09-22 10:50:00,100.800,100.801,100.800,100.800,256100,25814983.2578
2026-09-22 10:51:00,100.800,100.801,100.800,100.801,627200,63222007.3740
2026-09-22 10:52:00,100.800,100.801,100.800,100.801,1204100,121374357.2637
2026-09-22 10:53:00,100.801,100.802,100.801,100.802,750500,75651356.9248
2026-09-22 10:54:00,100.801,100.802,100.801,100.801,513100,51721221.8105
2026-09-22 10:55:00,100.802,100.802,100.801,100.801,201200,20281243.4268
2026-09-22 10:56:00,100.802,100.802,100.801,100.802,445900,44947379.5742
2026-09-22 10:57:00,100.801,100.802,100.801,100.802,335100,33778549.9277
2026-09-22 10:58:00,100.801,100.802,100.801,100.802,2040200,205655764.7900
2026-09-22 10:59:00,100.802,100.802,100.801,100.801,512500,51660770.0986
2026-09-22 11:00:00,100.801,100.802,100.800,100.801,3048000,307241544.7461
2026-09-22 11:01:00,100.801,100.801,100.800,100.801,1071500,108007892.4658
2026-09-22 11:02:00,100.801,100.801,100.797,100.798,4175300,420866016.3018
2026-09-22 11:03:00,100.798,100.800,100.797,100.799,1579300,159191694.9355
2026-09-22 11:04:00,100.799,100.800,100.798,100.799,751600,75760530.0977
2026-09-22 11:05:00,100.798,100.799,100.798,100.799,772300,77846557.7725
2026-09-22 11:06:00,100.798,100.799,100.797,100.797,1133300,114234302.8506
2026-09-22 11:07:00,100.798,100.798,100.795,100.796,1775700,178983643.9658
2026-09-22 11:08:00,100.795,100.797,100.795,100.795,798700,80505759.1504
2026-09-22 11:09:00,100.796,100.796,100.795,100.796,878800,88579141.2949
2026-09-22 11:10:00,100.796,100.797,100.795,100.796,1274400,128454564.1074
2026-09-22 11:11:00,100.796,100.798,100.796,100.796,1427400,143877613.6807
2026-09-22 11:12:00,100.797,100.798,100.796,100.797,886000,89306041.7969
2026-09-22 11:13:00,100.797,100.798,100.797,100.798,604100,60891748.2197
2026-09-22 11:14:00,100.798,100.798,100.797,100.798,668300,67363007.8145
2026-09-22 11:15:00,100.797,100.798,100.797,100.798,614900,61980445.3141
2026-09-22 11:16:00,100.798,100.798,100.797,100.798,479500,48332516.8629
2026-09-22 11:17:00,100.798,100.799,100.797,100.798,1210104,121975877.2285
2026-09-22 11:18:00,100.798,100.798,100.797,100.798,465600,46931381.8799
2026-09-22 11:19:00,100.798,100.798,100.797,100.797,945800,95334464.8359
2026-09-22 11:20:00,100.797,100.798,100.797,100.798,488500,49239607.5879
2026-09-22 11:21:00,100.797,100.798,100.797,100.798,366600,36952373.6675
2026-09-22 11:22:00,100.797,100.799,100.797,100.798,1460100,147175151.3105
2026-09-22 11:23:00,100.798,100.798,100.797,100.797,214100,21580754.2871
2026-09-22 11:24:00,100.798,100.798,100.797,100.797,248300,25028039.2925
2026-09-22 11:25:00,100.798,100.798,100.797,100.798,352700,35551280.7471
2026-09-22 11:26:00,100.797,100.800,100.797,100.799,2285500,230374989.6748
2026-09-22 11:27:00,100.799,100.800,100.799,100.799,461000,46468583.0605
2026-09-22 11:28:00,100.800,100.800,100.799,100.800,231400,23324989.7109
2026-09-22 11:29:00,100.799,100.801,100.799,100.801,1703700,171733024.6709
2026-09-22 11:30:00,100.801,100.801,100.800,100.801,601700,60651835.5967
2026-09-22 13:01:00,100.801,100.802,100.800,100.802,726300,73211925.3047
2026-09-22 13:02:00,100.801,100.802,100.801,100.801,161500,16279432.8594
2026-09-22 13:03:00,100.802,100.802,100.801,100.802,200200,20180453.0371
2026-09-22 13:04:00,100.802,100.802,100.801,100.802,236100,23799241.9951
2026-09-22 13:05:00,100.801,100.802,100.800,100.801,1781600,179587142.6680
2026-09-22 13:06:00,100.801,100.801,100.800,100.801,1672900,168629813.2646
2026-09-22 13:07:00,100.801,100.802,100.801,100.801,206000,20765119.6162
2026-09-22 13:08:00,100.801,100.802,100.801,100.801,463900,46761747.1816
2026-09-22 13:09:00,100.801,100.802,100.801,100.802,484300,48818093.8193
2026-09-22 13:10:00,100.801,100.802,100.801,100.802,506800,51086162.0586
2026-09-22 13:11:00,100.802,100.802,100.801,100.802,873000,87999455.9063
2026-09-22 13:12:00,100.802,100.802,100.800,100.801,1755500,176956207.0605
2026-09-22 13:13:00,100.801,100.802,100.801,100.801,326900,32951968.7314
2026-09-22 13:14:00,100.802,100.802,100.801,100.801,431300,43475638.7773
2026-09-22 13:15:00,100.801,100.802,100.801,100.802,406900,41016111.6016
2026-09-22 13:16:00,100.802,100.802,100.801,100.801,1041200,104954667.6484
2026-09-22 13:17:00,100.802,100.803,100.801,100.802,2572200,259282810.6553
2026-09-22 13:18:00,100.803,100.805,100.802,100.805,2869400,289246052.1104
2026-09-22 13:19:00,100.805,100.805,100.804,100.804,2689800,271144003.5234
2026-09-22 13:20:00,100.804,100.806,100.804,100.805,1919800,193524764.5313
2026-09-22 13:21:00,100.806,100.806,100.805,100.806,747300,75332096.9121
2026-09-22 13:22:00,100.805,100.806,100.805,100.805,656700,66199026.1797
2026-09-22 13:23:00,100.805,100.806,100.804,100.805,1472800,148465831.0664
2026-09-22 13:24:00,100.804,100.805,100.804,100.804,824100,83072893.8066
2026-09-22 13:25:00,100.805,100.805,100.804,100.805,454800,45845899.9180
2026-09-22 13:26:00,100.804,100.805,100.804,100.805,737500,74343388.6289
2026-09-22 13:27:00,100.804,100.806,100.804,100.804,2549900,257042664.0234
2026-09-22 13:28:00,100.805,100.805,100.804,100.805,511500,51561553.1777
2026-09-22 13:29:00,100.805,100.805,100.804,100.804,486300,49021234.3047
2026-09-22 13:30:00,100.805,100.805,100.804,100.804,645300,65049051.9043
2026-09-22 13:31:00,100.805,100.805,100.804,100.804,429200,43265308.6094
2026-09-22 13:32:00,100.805,100.806,100.804,100.806,3073100,309785595.2891
2026-09-22 13:33:00,100.806,100.808,100.806,100.806,2264200,228247022.0664
2026-09-22 13:34:00,100.806,100.808,100.806,100.808,1551300,156381743.6982
2026-09-22 13:35:00,100.808,100.808,100.807,100.808,1400000,141131065.5771
2026-09-22 13:36:00,100.807,100.809,100.807,100.808,961320,96908684.6279
2026-09-22 13:37:00,100.809,100.809,100.807,100.808,1011400,101957187.7500
2026-09-22 13:38:00,100.807,100.808,100.807,100.807,1540090,155252153.7051
2026-09-22 13:39:00,100.808,100.808,100.807,100.808,975000,98287079.8640
2026-09-22 13:40:00,100.807,100.808,100.807,100.808,1177400,118691023.6484
2026-09-22 13:41:00,100.808,100.809,100.807,100.808,1992790,200889128.1885
2026-09-22 13:42:00,100.809,100.809,100.808,100.808,609100,61402413.3203
2026-09-22 13:43:00,100.808,100.809,100.808,100.809,667700,67309784.2900
2026-09-22 13:44:00,100.808,100.809,100.808,100.808,508400,51250935.2197
2026-09-22 13:45:00,100.808,100.809,100.808,100.808,417700,42107612.2217
2026-09-22 13:46:00,100.809,100.809,100.808,100.808,601400,60626140.6650
2026-09-22 13:47:00,100.808,100.809,100.808,100.809,324800,32742547.2939
2026-09-22 13:48:00,100.808,100.809,100.808,100.808,318700,32127646.3262
2026-09-22 13:49:00,100.808,100.809,100.808,100.809,322900,32551025.0654
2026-09-22 13:50:00,100.809,100.809,100.808,100.809,700200,70585921.9629
2026-09-22 13:51:00,100.808,100.809,100.808,100.809,493500,49748945.4414
2026-09-22 13:52:00,100.808,100.809,100.808,100.808,470100,47390033.8105
2026-09-22 13:53:00,100.809,100.809,100.808,100.809,302600,30504622.5029
2026-09-22 13:54:00,100.808,100.809,100.808,100.808,413400,41674154.9443
2026-09-22 13:55:00,100.809,100.809,100.808,100.808,926100,93358509.3467
2026-09-22 13:56:00,100.808,100.809,100.807,100.808,1892300,190759194.9434
2026-09-22 13:57:00,100.808,100.809,100.807,100.808,4056300,408907634.0781
2026-09-22 13:58:00,100.808,100.809,100.807,100.808,4214900,424895803.8564
2026-09-22 13:59:00,100.808,100.809,100.807,100.808,3521100,354955144.6621
2026-09-22 14:00:00,100.808,100.809,100.807,100.808,2033900,205033427.1631
2026-09-22 14:01:00,100.808,100.809,100.807,100.808,1437100,144871115.9160
2026-09-22 14:02:00,100.808,100.808,100.807,100.808,573800,57843350.1406
2026-09-22 14:03:00,100.808,100.808,100.807,100.808,358900,36179759.4971
2026-09-22 14:04:00,100.808,100.808,100.807,100.807,225300,22711915.6108
2026-09-22 14:05:00,100.808,100.808,100.807,100.808,312300,31482201.9463
2026-09-22 14:06:00,100.807,100.808,100.807,100.808,604100,60898020.4741
2026-09-22 14:07:00,100.807,100.808,100.807,100.808,349500,35232238.5195
2026-09-22 14:08:00,100.807,100.808,100.807,100.808,366200,36915725.9995
2026-09-22 14:09:00,100.808,100.808,100.807,100.808,560500,56502530.0947
2026-09-22 14:10:00,100.808,100.808,100.807,100.808,499000,50303061.4180
2026-09-22 14:11:00,100.807,100.808,100.807,100.807,464600,46835169.9155
2026-09-22 14:12:00,100.808,100.808,100.807,100.807,599100,60393826.1792
2026-09-22 14:13:00,100.807,100.808,100.807,100.808,281600,28387409.8994
2026-09-22 14:14:00,100.808,100.808,100.807,100.808,268100,27026490.3159
2026-09-22 14:15:00,100.808,100.808,100.807,100.808,350200,35302806.3032
2026-09-22 14:16:00,100.808,100.808,100.807,100.807,398000,40121333.7988
2026-09-22 14:17:00,100.808,100.808,100.807,100.807,261900,26401480.3374
2026-09-22 14:18:00,100.808,100.808,100.807,100.807,314200,31673774.4775
2026-09-22 14:19:00,100.807,100.808,100.807,100.808,488600,49254634.2163
2026-09-22 14:20:00,100.808,100.808,100.807,100.807,1337100,134790218.5190
2026-09-22 14:21:00,100.808,100.809,100.807,100.808,1037800,104618512.6621
2026-09-22 14:22:00,100.808,100.808,100.807,100.808,337900,34062939.9639
2026-09-22 14:23:00,100.807,100.809,100.807,100.807,3068300,309309340.8594
2026-09-22 14:24:00,100.808,100.809,100.807,100.808,2215600,223350311.5820
2026-09-22 14:25:00,100.809,100.809,100.808,100.809,456000,45968577.5898
2026-09-22 14:26:00,100.808,100.809,100.808,100.809,284800,28710199.3633
2026-09-22 14:27:00,100.808,100.809,100.808,100.809,290600,29294901.3794
2026-09-22 14:28:00,100.809,100.809,100.808,100.809,637090,64223925.2974
2026-09-22 14:29:00,100.808,100.809,100.808,100.808,663700,66906442.7242
2026-09-22 14:30:00,100.809,100.809,100.807,100.808,1579810,159257567.5598
2026-09-22 14:31:00,100.808,100.808,100.807,100.808,439200,44274668.6852
2026-09-22 14:32:00,100.808,100.809,100.807,100.808,1582700,159548828.3176
2026-09-22 14:33:00,100.808,100.809,100.807,100.808,2361700,238078467.2637
2026-09-22 14:34:00,100.808,100.808,100.807,100.807,513200,51734393.3281
2026-09-22 14:35:00,100.808,100.808,100.807,100.808,525700,52994393.0254
2026-09-22 14:36:00,100.807,100.808,100.807,100.807,808900,81542995.2373
2026-09-22 14:37:00,100.807,100.808,100.807,100.808,1425600,143711185.0967
2026-09-22 14:38:00,100.807,100.808,100.807,100.807,838900,84567487.3721
2026-09-22 14:39:00,100.807,100.808,100.807,100.808,522800,52702261.7803
2026-09-22 14:40:00,100.807,100.808,100.807,100.808,630400,63549135.1875
2026-09-22 14:41:00,100.807,100.808,100.807,100.807,3838600,386961386.1816
2026-09-22 14:42:00,100.808,100.808,100.807,100.808,657200,66250835.9814
2026-09-22 14:43:00,100.808,100.808,100.807,100.808,787900,79426284.9131
2026-09-22 14:44:00,100.807,100.808,100.807,100.807,418300,42167815.2490
2026-09-22 14:45:00,100.807,100.808,100.807,100.808,442000,44556971.6846
2026-09-22 14:46:00,100.808,100.808,100.807,100.808,497400,50141664.6104
2026-09-22 14:47:00,100.808,100.808,100.807,100.808,759400,76553406.7471
2026-09-22 14:48:00,100.808,100.808,100.807,100.807,869900,87692630.6328
2026-09-22 14:49:00,100.808,100.808,100.807,100.807,2128110,214528965.8278
2026-09-22 14:50:00,100.807,100.808,100.806,100.806,1218090,122791950.6328
2026-09-22 14:51:00,100.807,100.808,100.806,100.807,3011930,303622536.5901
2026-09-22 14:52:00,100.808,100.808,100.807,100.807,667358,67274807.6841
2026-09-22 14:53:00,100.807,100.808,100.807,100.808,806710,81322545.1025
2026-09-22 14:54:00,100.807,100.808,100.807,100.808,835600,84234739.8203
2026-09-22 14:55:00,100.807,100.809,100.807,100.809,2355630,237466464.8633
2026-09-22 14:56:00,100.809,100.809,100.807,100.807,2732310,275438584.5127
2026-09-22 14:57:00,100.808,100.808,100.807,100.807,1616810,162986534.2129
2026-09-22 15:00:00,100.808,100.808,100.808,100.808,1915400,193087640.0703
2026-09-23 09:31:00,100.812,100.814,100.812,100.813,6400000,645198536.3359
2026-09-23 09:32:00,100.813,100.814,100.813,100.814,433500,43702630.4434
2026-09-23 09:33:00,100.813,100.814,100.812,100.813,1917200,193278693.9141
2026-09-23 09:34:00,100.813,100.813,100.812,100.812,1408100,141953731.6016
2026-09-23 09:35:00,100.812,100.813,100.812,100.812,2481800,250195331.1133
2026-09-23 09:36:00,100.813,100.813,100.812,100.812,2218300,223631291.1406
2026-09-23 09:37:00,100.811,100.812,100.811,100.812,664100,66948873.1484
2026-09-23 09:38:00,100.812,100.812,100.811,100.812,784900,79126803.7207
2026-09-23 09:39:00,100.812,100.813,100.811,100.813,2946700,297062158.5293
2026-09-23 09:40:00,100.813,100.813,100.812,100.813,527400,53168470.0938
2026-09-23 09:41:00,100.812,100.813,100.812,100.812,5273100,531596237.9277
2026-09-23 09:42:00,100.812,100.813,100.812,100.812,561200,56575946.0547
2026-09-23 09:43:00,100.812,100.813,100.812,100.812,996200,100429154.7539
2026-09-23 09:44:00,100.813,100.813,100.812,100.812,429000,43248494.4004
2026-09-23 09:45:00,100.812,100.813,100.812,100.813,522900,52714719.7598
2026-09-23 09:46:00,100.813,100.813,100.812,100.812,407700,41101091.8711
2026-09-23 09:47:00,100.812,100.813,100.812,100.812,971600,97949014.1563
2026-09-23 09:48:00,100.813,100.813,100.812,100.812,5818300,586554471.1328
2026-09-23 09:49:00,100.812,100.813,100.812,100.812,1297900,130843955.6543
2026-09-23 09:50:00,100.812,100.813,100.812,100.812,653000,65830305.2910
2026-09-23 09:51:00,100.813,100.813,100.811,100.812,6632800,668665830.0215
2026-09-23 09:52:00,100.812,100.813,100.811,100.812,3602600,363185323.3086
2026-09-23 09:53:00,100.812,100.812,100.811,100.811,311900,31443070.7168
2026-09-23 09:54:00,100.811,100.812,100.811,100.811,340900,34366582.3242
2026-09-23 09:55:00,100.811,100.812,100.811,100.811,398000,40122963.5215
2026-09-23 09:56:00,100.812,100.812,100.811,100.811,279500,28176814.2656
2026-09-23 09:57:00,100.811,100.812,100.811,100.811,317400,31997604.7266
2026-09-23 09:58:00,100.812,100.812,100.811,100.812,5884300,593207630.5293
2026-09-23 09:59:00,100.811,100.812,100.811,100.811,477500,48137503.1211
2026-09-23 10:00:00,100.812,100.813,100.811,100.813,3733414,376372740.6016
2026-09-23 10:01:00,100.812,100.813,100.811,100.811,5170186,521216408.9910
2026-09-23 10:02:00,100.811,100.812,100.811,100.812,503500,50758693.0684
2026-09-23 10:03:00,100.811,100.812,100.811,100.812,364900,36786122.0137
2026-09-23 10:04:00,100.811,100.812,100.811,100.811,527900,53218352.8281
2026-09-23 10:05:00,100.811,100.812,100.811,100.811,610100,61505150.6426
2026-09-23 10:06:00,100.812,100.812,100.811,100.812,457800,46151593.0469
2026-09-23 10:07:00,100.811,100.812,100.811,100.812,592100,59690503.2578
2026-09-23 10:08:00,100.811,100.812,100.811,100.812,9356800,943277151.7383
2026-09-23 10:09:00,100.812,100.812,100.811,100.811,390800,39397102.4883
2026-09-23 10:10:00,100.811,100.812,100.811,100.812,496700,50073077.8066
2026-09-23 10:11:00,100.811,100.812,100.811,100.811,536100,54045093.8750
2026-09-23 10:12:00,100.811,100.812,100.811,100.812,435800,43933706.5625
2026-09-23 10:13:00,100.811,100.812,100.811,100.812,383900,38701479.7773
2026-09-23 10:14:00,100.811,100.812,100.811,100.812,273000,27521519.9922
2026-09-23 10:15:00,100.812,100.812,100.811,100.811,309500,31201091.6758
2026-09-23 10:16:00,100.811,100.812,100.811,100.811,105700,10655749.9883
2026-09-23 10:17:00,100.812,100.812,100.811,100.812,1384000,139523563.5566
2026-09-23 10:18:00,100.811,100.812,100.811,100.812,490900,49488389.9688
2026-09-23 10:19:00,100.812,100.812,100.811,100.812,1337000,134785483.1211
2026-09-23 10:20:00,100.812,100.813,100.811,100.811,6210500,626092566.6563
2026-09-23 10:21:00,100.811,100.812,100.811,100.811,480000,48389488.6523
2026-09-23 10:22:00,100.811,100.812,100.811,100.811,495800,49982380.2832
2026-09-23 10:23:00,100.811,100.812,100.811,100.812,387000,39014053.2578
2026-09-23 10:24:00,100.811,100.812,100.811,100.811,511700,51585250.6250
2026-09-23 10:25:00,100.812,100.812,100.811,100.812,384300,38741836.4844
2026-09-23 10:26:00,100.811,100.812,100.811,100.811,304300,30676955.8984
2026-09-23 10:27:00,100.812,100.812,100.811,100.811,264300,26644448.5234
2026-09-23 10:28:00,100.811,100.812,100.811,100.812,228500,23035392.2559
2026-09-23 10:29:00,100.811,100.812,100.811,100.811,306200,30868448.1895
2026-09-23 10:30:00,100.811,100.812,100.811,100.812,257000,25908519.1504
2026-09-23 10:31:00,100.811,100.812,100.811,100.811,556100,56061304.3613
2026-09-23 10:32:00,100.811,100.812,100.811,100.811,502500,50657790.6055
2026-09-23 10:33:00,100.812,100.812,100.811,100.812,575700,58037162.0078
2026-09-23 10:34:00,100.811,100.812,100.811,100.812,346000,34880754.8848
2026-09-23 10:35:00,100.811,100.812,100.811,100.812,597900,60275049.7383
2026-09-23 10:36:00,100.812,100.812,100.811,100.811,474900,47875367.7578
2026-09-23 10:37:00,100.812,100.812,100.811,100.812,522500,52674053.1074
2026-09-23 10:38:00,100.812,100.812,100.811,100.812,724300,73017721.0371
2026-09-23 10:39:00,100.812,100.812,100.811,100.811,635800,64095900.6738
2026-09-23 10:40:00,100.811,100.812,100.811,100.811,579000,58369828.6152
2026-09-23 10:41:00,100.812,100.812,100.811,100.811,609400,61434511.6074
2026-09-23 10:42:00,100.812,100.812,100.811,100.811,649500,65477033.9824
2026-09-23 10:43:00,100.811,100.812,100.811,100.811,861400,86838968.4082
2026-09-23 10:44:00,100.812,100.812,100.811,100.811,702600,70830146.6660
2026-09-23 10:45:00,100.812,100.812,100.811,100.811,694100,69973273.2422
2026-09-23 10:46:00,100.812,100.812,100.811,100.811,991200,99924355.0820
2026-09-23 10:47:00,100.811,100.812,100.811,100.811,565900,57049208.0098
2026-09-23 10:48:00,100.812,100.812,100.811,100.812,857300,86425606.1895
2026-09-23 10:49:00,100.812,100.812,100.811,100.811,947500,95518916.1504
2026-09-23 10:50:00,100.812,100.812,100.811,100.811,834400,84117007.7461
2026-09-23 10:51:00,100.812,100.812,100.811,100.811,863900,87090975.4805
2026-09-23 10:52:00,100.812,100.812,100.811,100.812,852600,85951809.6680
2026-09-23 10:53:00,100.812,100.812,100.811,100.812,776000,78229752.8672
2026-09-23 10:54:00,100.811,100.812,100.811,100.812,748700,75477510.6055
2026-09-23 10:55:00,100.812,100.812,100.811,100.812,775100,78138977.9199
2026-09-23 10:56:00,100.811,100.812,100.811,100.812,882800,88996322.8262
2026-09-23 10:57:00,100.811,100.812,100.811,100.811,632600,63773297.6797
2026-09-23 10:58:00,100.812,100.812,100.811,100.812,356900,35979586.2871
2026-09-23 10:59:00,100.812,100.812,100.811,100.812,570600,57523063.7422
2026-09-23 11:00:00,100.811,100.812,100.811,100.811,1280600,129098797.8945
2026-09-23 11:01:00,100.811,100.812,100.811,100.811,613700,61867935.4063
2026-09-23 11:02:00,100.811,100.812,100.811,100.811,504800,50889674.5156
2026-09-23 11:03:00,100.811,100.812,100.811,100.812,680500,68602334.0469
2026-09-23 11:04:00,100.811,100.812,100.811,100.811,505900,51000496.0430
2026-09-23 11:05:00,100.811,100.812,100.811,100.812,385500,38862819.7988
2026-09-23 11:06:00,100.812,100.812,100.811,100.812,528600,53288925.2734
2026-09-23 11:07:00,100.812,100.812,100.811,100.812,800700,80719582.4785
2026-09-23 11:08:00,100.811,100.812,100.811,100.812,1625900,163909006.1992
2026-09-23 11:09:00,100.811,100.812,100.810,100.810,2791300,281393627.9512
2026-09-23 11:10:00,100.811,100.811,100.810,100.811,784400,79075819.3633
2026-09-23 11:11:00,100.810,100.812,100.810,100.811,2167100,218467482.5410
2026-09-23 11:12:00,100.811,100.812,100.811,100.812,799200,80568400.7637
2026-09-23 11:13:00,100.811,100.812,100.811,100.811,651300,65658457.3887
2026-09-23 11:14:00,100.812,100.812,100.811,100.812,835800,84258080.6406
2026-09-23 11:15:00,100.812,100.812,100.811,100.812,630700,63581672.6211
2026-09-23 11:16:00,100.811,100.812,100.811,100.811,490800,49478237.2012
2026-09-23 11:17:00,100.812,100.812,100.810,100.811,1687900,170158862.0527
2026-09-23 11:18:00,100.811,100.811,100.810,100.811,336400,33912646.1348
2026-09-23 11:19:00,100.810,100.811,100.810,100.811,301300,30374198.2363
2026-09-23 11:20:00,100.810,100.811,100.810,100.810,461500,46524071.2188
2026-09-23 11:21:00,100.810,100.811,100.810,100.811,510400,51453608.1934
2026-09-23 11:22:00,100.810,100.811,100.810,100.810,458100,46181273.1699
2026-09-23 11:23:00,100.810,100.811,100.810,100.810,588000,59276662.5449
2026-09-23 11:24:00,100.810,100.811,100.810,100.810,580700,58540760.4609
2026-09-23 11:25:00,100.811,100.811,100.810,100.810,372800,37582166.8535
2026-09-23 11:26:00,100.810,100.811,100.810,100.810,335400,33811847.7695
2026-09-23 11:27:00,100.810,100.811,100.810,100.810,618200,62321130.2070
2026-09-23 11:28:00,100.810,100.811,100.810,100.811,314400,31694817.9160
2026-09-23 11:29:00,100.810,100.811,100.810,100.810,426600,43005724.4922
2026-09-23 11:30:00,100.810,100.811,100.810,100.810,449900,45354653.7402
2026-09-23 13:01:00,100.810,100.812,100.810,100.812,3529700,355831986.5352
2026-09-23 13:02:00,100.811,100.812,100.811,100.811,80900,8155645.6055
2026-09-23 13:03:00,100.811,100.812,100.811,100.811,1240300,125035975.9277
2026-09-23 13:04:00,100.811,100.812,100.811,100.811,385800,38893014.5605
2026-09-23 13:05:00,100.811,100.812,100.811,100.811,282700,28499338.5566
2026-09-23 13:06:00,100.811,100.812,100.811,100.812,277210,27945913.1520
2026-09-23 13:07:00,100.812,100.812,100.810,100.811,2890990,291443722.0752
2026-09-23 13:08:00,100.810,100.811,100.810,100.811,239700,24164287.1543
2026-09-23 13:09:00,100.811,100.811,100.810,100.810,322700,32531527.0439
2026-09-23 13:10:00,100.811,100.811,100.810,100.811,428500,43197318.3727
2026-09-23 13:11:00,100.810,100.811,100.810,100.811,573700,57834962.6934
2026-09-23 13:12:00,100.811,100.811,100.810,100.810,515800,51998068.9088
2026-09-23 13:13:00,100.811,100.811,100.810,100.810,494600,49860833.0664
2026-09-23 13:14:00,100.811,100.811,100.810,100.811,815000,82160616.7148
2026-09-23 13:15:00,100.810,100.811,100.810,100.811,792400,79882292.0303
2026-09-23 13:16:00,100.811,100.811,100.810,100.810,6690600,674485715.9801
2026-09-23 13:17:00,100.811,100.811,100.810,100.810,898500,90578278.7559
2026-09-23 13:18:00,100.811,100.811,100.810,100.811,643300,64851485.9473
2026-09-23 13:19:00,100.810,100.811,100.810,100.810,715100,72089588.5332
2026-09-23 13:20:00,100.810,100.811,100.810,100.810,408600,41191191.7285
2026-09-23 13:21:00,100.811,100.811,100.810,100.811,459100,46282134.0045
2026-09-23 13:22:00,100.810,100.812,100.810,100.812,3575720,360472016.2174
2026-09-23 13:23:00,100.812,100.812,100.811,100.811,636000,64116061.3535
2026-09-23 13:24:00,100.811,100.812,100.811,100.812,1042400,105086070.4355
2026-09-23 13:25:00,100.811,100.812,100.811,100.811,841800,84863051.9016
2026-09-23 13:26:00,100.811,100.812,100.811,100.811,2127700,214495725.7754
2026-09-23 13:27:00,100.811,100.812,100.811,100.812,724900,73078005.2676
2026-09-23 13:28:00,100.811,100.812,100.811,100.812,562700,56726558.6973
2026-09-23 13:29:00,100.812,100.812,100.811,100.812,420500,42391199.2754
2026-09-23 13:30:00,100.812,100.812,100.811,100.811,369800,37280078.7617
2026-09-23 13:31:00,100.811,100.812,100.811,100.812,421500,42492002.4141
2026-09-23 13:32:00,100.811,100.812,100.811,100.812,574300,57896038.3730
2026-09-23 13:33:00,100.812,100.812,100.811,100.812,353700,35657004.6602
2026-09-23 13:34:00,100.812,100.812,100.811,100.811,364400,36735711.8047
2026-09-23 13:35:00,100.812,100.812,100.811,100.811,402500,40576589.8613
2026-09-23 13:36:00,100.812,100.812,100.811,100.812,428300,43177568.1660
2026-09-23 13:37:00,100.812,100.812,100.811,100.812,333700,33640789.6992
2026-09-23 13:38:00,100.811,100.812,100.811,100.811,748200,75427056.6895
2026-09-23 13:39:00,100.811,100.812,100.811,100.812,662940,66831846.3740
2026-09-23 13:40:00,100.812,100.812,100.811,100.812,471800,47562808.9570
2026-09-23 13:41:00,100.812,100.812,100.811,100.811,1398200,140954989.5410
2026-09-23 13:42:00,100.812,100.812,100.811,100.812,1349400,136035485.0684
2026-09-23 13:43:00,100.811,100.812,100.811,100.811,506600,51071042.1694
2026-09-23 13:44:00,100.811,100.812,100.811,100.812,692600,69822116.4580
2026-09-23 13:45:00,100.812,100.812,100.811,100.812,989800,99783080.4038
2026-09-23 13:46:00,100.811,100.812,100.811,100.811,505500,50960208.5957
2026-09-23 13:47:00,100.811,100.812,100.811,100.811,950900,95861611.3477
2026-09-23 13:48:00,100.811,100.812,100.811,100.812,1607000,162003802.8789
2026-09-23 13:49:00,100.812,100.812,100.811,100.811,1427400,143898400.6680
2026-09-23 13:50:00,100.811,100.812,100.811,100.811,645800,65104024.9551
2026-09-23 13:51:00,100.812,100.812,100.811,100.811,937600,94520614.5996
2026-09-23 13:52:00,100.811,100.812,100.811,100.812,1498000,151015164.6152
2026-09-23 13:53:00,100.812,100.812,100.811,100.811,490000,49397587.0977
2026-09-23 13:54:00,100.812,100.812,100.811,100.811,1124500,113362512.2090
2026-09-23 13:55:00,100.811,100.812,100.811,100.811,1288800,129925797.2148
2026-09-23 13:56:00,100.811,100.812,100.811,100.811,1271100,128141507.5156
2026-09-23 13:57:00,100.812,100.812,100.811,100.811,1463600,147547707.6211
2026-09-23 13:58:00,100.812,100.812,100.811,100.811,2220800,223881820.4614
2026-09-23 13:59:00,100.812,100.812,100.810,100.811,6896500,695242544.0410
2026-09-23 14:00:00,100.810,100.811,100.810,100.810,2119300,213647817.1738
2026-09-23 14:01:00,100.810,100.811,100.810,100.811,1270400,128069750.5566
2026-09-23 14:02:00,100.810,100.811,100.810,100.810,598600,60345293.0918
2026-09-23 14:03:00,100.810,100.811,100.810,100.810,1047400,105588870.5352
2026-09-23 14:04:00,100.810,100.811,100.810,100.811,545600,55002223.4355
2026-09-23 14:05:00,100.810,100.811,100.810,100.810,2053700,207034796.0996
2026-09-23 14:06:00,100.811,100.812,100.810,100.811,3984610,401692849.0785
2026-09-23 14:07:00,100.811,100.812,100.811,100.811,2348310,236736493.1563
2026-09-23 14:08:00,100.812,100.812,100.810,100.811,3611090,364038106.4772
2026-09-23 14:09:00,100.811,100.811,100.810,100.810,2083700,210058652.7236
2026-09-23 14:10:00,100.810,100.811,100.810,100.811,826100,83279543.3906
2026-09-23 14:11:00,100.810,100.811,100.810,100.811,842600,84943070.9629
2026-09-23 14:12:00,100.811,100.811,100.810,100.810,646200,65143803.1133
2026-09-23 14:13:00,100.811,100.811,100.810,100.810,440000,44356636.4609
2026-09-23 14:14:00,100.811,100.811,100.810,100.810,767000,77321763.4459
2026-09-23 14:15:00,100.811,100.811,100.810,100.810,822700,82937020.3727
2026-09-23 14:16:00,100.811,100.811,100.810,100.810,553800,55828887.6396
2026-09-23 14:17:00,100.811,100.811,100.810,100.811,580300,58500380.0371
2026-09-23 14:18:00,100.810,100.811,100.810,100.810,439400,44296158.9886
2026-09-23 14:19:00,100.811,100.811,100.810,100.810,995100,100316395.5980
2026-09-23 14:20:00,100.811,100.811,100.810,100.810,575410,58007417.3938
2026-09-23 14:21:00,100.811,100.811,100.810,100.811,557100,56161491.5925
2026-09-23 14:22:00,100.811,100.811,100.810,100.810,432000,43550141.0801
2026-09-23 14:23:00,100.811,100.811,100.810,100.811,582300,58701947.3662
2026-09-23 14:24:00,100.810,100.811,100.810,100.810,1040900,104933813.3569
2026-09-23 14:25:00,100.811,100.811,100.810,100.810,824800,83148484.6318
2026-09-23 14:26:00,100.811,100.811,100.810,100.810,1120000,112907524.4443
2026-09-23 14:27:00,100.810,100.811,100.810,100.810,724100,72996915.0258
2026-09-23 14:28:00,100.811,100.811,100.810,100.811,900600,90789884.3588
2026-09-23 14:29:00,100.810,100.811,100.810,100.810,969100,97695352.6743
2026-09-23 14:30:00,100.811,100.811,100.810,100.810,1640100,165338855.8557
2026-09-23 14:31:00,100.810,100.811,100.810,100.810,1947800,196358063.7588
2026-09-23 14:32:00,100.810,100.811,100.810,100.810,531000,53530362.6711
2026-09-23 14:33:00,100.810,100.811,100.810,100.811,660900,66625688.6875
2026-09-23 14:34:00,100.811,100.811,100.810,100.810,1488100,150016544.1246
2026-09-23 14:35:00,100.810,100.811,100.810,100.811,1070100,107877673.2578
2026-09-23 14:36:00,100.810,100.811,100.810,100.810,1202100,121184490.3945
2026-09-23 14:37:00,100.811,100.811,100.810,100.810,620700,62573156.3262
2026-09-23 14:38:00,100.810,100.812,100.810,100.812,3586400,361548606.1035
2026-09-23 14:39:00,100.812,100.812,100.811,100.812,799700,80619037.9707
2026-09-23 14:40:00,100.812,100.812,100.811,100.812,742800,74882764.3672
2026-09-23 14:41:00,100.812,100.812,100.811,100.811,743100,74913100.4297
2026-09-23 14:42:00,100.812,100.813,100.811,100.811,7834400,789800514.9473
2026-09-23 14:43:00,100.812,100.812,100.811,100.812,3886300,391785265.7852
2026-09-23 14:44:00,100.811,100.812,100.811,100.811,1010200,101839895.7285
2026-09-23 14:45:00,100.812,100.812,100.811,100.812,4244800,427926141.8125
2026-09-23 14:46:00,100.812,100.812,100.811,100.811,1272300,128262508.0000
2026-09-23 14:47:00,100.812,100.812,100.811,100.812,3008900,303333084.6836
2026-09-23 14:48:00,100.812,100.813,100.812,100.813,850900,85781274.8242
2026-09-23 14:49:00,100.812,100.813,100.812,100.813,826700,83341830.3926
2026-09-23 14:50:00,100.812,100.813,100.812,100.812,752100,75821171.1240
2026-09-23 14:51:00,100.812,100.813,100.811,100.812,3200200,322618892.8732
2026-09-23 14:52:00,100.811,100.812,100.811,100.811,1920210,193578842.0918
2026-09-23 14:53:00,100.812,100.812,100.811,100.811,1954500,197036036.7379
2026-09-23 14:54:00,100.811,100.812,100.811,100.811,1156000,116538202.4336
2026-09-23 14:55:00,100.811,100.812,100.811,100.812,716700,72251409.0625
2026-09-23 14:56:00,100.812,100.812,100.810,100.810,2383700,240303495.7070
2026-09-23 14:57:00,100.811,100.811,100.810,100.810,1626150,163932764.5938
2026-09-23 15:00:00,100.811,100.811,100.811,100.811,1840800,185572884.4414
2026-09-24 09:31:00,100.823,100.826,100.823,100.825,6446480,649957930.2822
2026-09-24 09:32:00,100.826,100.826,100.825,100.826,839800,84673216.0195
2026-09-24 09:33:00,100.826,100.826,100.825,100.825,1375900,138726404.2578
2026-09-24 09:34:00,100.826,100.827,100.825,100.826,2755590,277834235.7900
2026-09-24 09:35:00,100.825,100.826,100.824,100.824,1593030,160617240.6523
2026-09-24 09:36:00,100.825,100.826,100.824,100.825,1692570,170653393.3945
2026-09-24 09:37:00,100.825,100.826,100.824,100.824,2260600,227925093.1465
2026-09-24 09:38:00,100.825,100.826,100.824,100.825,2047000,206388749.2598
2026-09-24 09:39:00,100.826,100.826,100.825,100.826,644100,64941496.2012
2026-09-24 09:40:00,100.826,100.826,100.825,100.826,416000,41943289.3340
2026-09-24 09:41:00,100.825,100.826,100.825,100.825,1184000,119376998.0840
2026-09-24 09:42:00,100.826,100.826,100.825,100.825,895370,90275807.3613
2026-09-24 09:43:00,100.826,100.826,100.824,100.825,2860430,288402926.3740
2026-09-24 09:44:00,100.824,100.825,100.824,100.825,446000,44967749.4307
2026-09-24 09:45:00,100.824,100.825,100.824,100.824,532700,53709075.5508
2026-09-24 09:46:00,100.824,100.825,100.824,100.825,3505600,353451906.3447
2026-09-24 09:47:00,100.825,100.827,100.825,100.827,4649670,468807422.0557
2026-09-24 09:48:00,100.827,100.828,100.826,100.827,2598400,261988896.7979
2026-09-24 09:49:00,100.826,100.827,100.826,100.827,2039686,205654885.9575
2026-09-24 09:50:00,100.827,100.827,100.826,100.826,285400,28775855.9420
2026-09-24 09:51:00,100.826,100.827,100.826,100.826,427700,43123382.2510
2026-09-24 09:52:00,100.827,100.827,100.826,100.827,752289,75850413.7613
2026-09-24 09:53:00,100.826,100.827,100.825,100.826,2051910,206886015.5568
2026-09-24 09:54:00,100.826,100.827,100.826,100.826,734500,74056885.8789
2026-09-24 09:55:00,100.826,100.827,100.825,100.825,1039490,104807582.6055
2026-09-24 09:56:00,100.825,100.826,100.825,100.825,495500,49958968.1855
2026-09-24 09:57:00,100.826,100.826,100.824,100.826,2874100,289781264.0254
2026-09-24 09:58:00,100.825,100.826,100.825,100.826,311900,31447451.5687
2026-09-24 09:59:00,100.826,100.826,100.825,100.825,437000,44060709.8027
2026-09-24 10:00:00,100.826,100.826,100.825,100.826,446700,45038714.0068
2026-09-24 10:01:00,100.826,100.826,100.825,100.825,1162400,117199824.5842
2026-09-24 10:02:00,100.825,100.826,100.825,100.825,621100,62622747.8335
2026-09-24 10:03:00,100.825,100.826,100.825,100.826,2204800,222300989.2552
2026-09-24 10:04:00,100.826,100.826,100.825,100.825,712000,71787703.5176
2026-09-24 10:05:00,100.826,100.826,100.825,100.825,498000,50211122.4180
2026-09-24 10:06:00,100.826,100.826,100.825,100.826,1294000,130468563.1719
2026-09-24 10:07:00,100.826,100.827,100.825,100.825,2700700,272300806.9277
2026-09-24 10:08:00,100.825,100.826,100.825,100.825,548500,55302888.9922
2026-09-24 10:09:00,100.825,100.827,100.825,100.826,2153600,217138735.6826
2026-09-24 10:10:00,100.826,100.827,100.825,100.826,4577400,461520816.1921
2026-09-24 10:11:00,100.826,100.826,100.825,100.825,621700,62683327.0277
2026-09-24 10:12:00,100.825,100.827,100.825,100.827,1615060,162840041.7162
2026-09-24 10:13:00,100.827,100.827,100.826,100.827,437500,44111575.7461
2026-09-24 10:14:00,100.827,100.827,100.826,100.826,679600,68521590.0957
2026-09-24 10:15:00,100.826,100.828,100.826,100.827,2360994,238051716.2722
2026-09-24 10:16:00,100.828,100.828,100.827,100.828,2259400,227810609.3115
2026-09-24 10:17:00,100.827,100.828,100.827,100.828,354600,35753430.8760
2026-09-24 10:18:00,100.827,100.828,100.827,100.827,503800,50796923.3760
2026-09-24 10:19:00,100.827,100.828,100.827,100.827,249300,25136297.9863
2026-09-24 10:20:00,100.827,100.828,100.827,100.828,252100,25418619.0273
2026-09-24 10:21:00,100.828,100.828,100.827,100.827,266000,26820121.3555
2026-09-24 10:22:00,100.827,100.828,100.827,100.827,364900,36791962.4658
2026-09-24 10:23:00,100.828,100.828,100.827,100.828,471200,47509937.9375
2026-09-24 10:24:00,100.827,100.828,100.827,100.827,321200,32385832.8330
2026-09-24 10:25:00,100.827,100.828,100.827,100.827,2720500,274302458.1133
2026-09-24 10:26:00,100.827,100.828,100.827,100.827,402700,40603181.7490
2026-09-24 10:27:00,100.828,100.828,100.827,100.827,435700,43930470.2041
2026-09-24 10:28:00,100.827,100.828,100.827,100.828,280300,28261963.9971
2026-09-24 10:29:00,100.828,100.828,100.827,100.827,357500,36045812.4238
2026-09-24 10:30:00,100.827,100.828,100.827,100.827,277500,27979594.1445
2026-09-24 10:31:00,100.828,100.828,100.827,100.827,277200,27949342.1406
2026-09-24 10:32:00,100.828,100.828,100.827,100.827,282700,28503945.4053
2026-09-24 10:33:00,100.828,100.828,100.827,100.828,399600,40290697.9629
2026-09-24 10:34:00,100.828,100.828,100.827,100.828,3563370,359287295.8901
2026-09-24 10:35:00,100.828,100.829,100.828,100.829,2398900,241877435.0781
2026-09-24 10:36:00,100.828,100.830,100.828,100.829,3684170,371471083.6660
2026-09-24 10:37:00,100.829,100.831,100.829,100.829,3315870,334339104.6936
2026-09-24 10:38:00,100.830,100.833,100.829,100.833,3783830,381528688.0000
2026-09-24 10:39:00,100.833,100.834,100.832,100.833,1289500,130023984.0684
2026-09-24 10:40:00,100.832,100.833,100.832,100.833,254700,25682013.4189
2026-09-24 10:41:00,100.832,100.833,100.832,100.833,389700,39294433.6191
2026-09-24 10:42:00,100.832,100.833,100.832,100.832,309900,31247928.9932
2026-09-24 10:43:00,100.833,100.833,100.832,100.832,302800,30532029.4971
2026-09-24 10:44:00,100.832,100.833,100.831,100.833,2251200,226993101.9150
2026-09-24 10:45:00,100.833,100.833,100.832,100.832,506200,51041274.6572
2026-09-24 10:46:00,100.833,100.833,100.831,100.832,2036100,205303957.5293
2026-09-24 10:47:00,100.832,100.832,100.831,100.831,1370000,138138683.4688
2026-09-24 10:48:00,100.831,100.832,100.830,100.831,1884900,190056393.5225
2026-09-24 10:49:00,100.832,100.832,100.830,100.831,1508100,152063313.8838
2026-09-24 10:50:00,100.831,100.831,100.830,100.831,480300,48428889.8135
2026-09-24 10:51:00,100.831,100.831,100.830,100.830,698800,70460423.1074
2026-09-24 10:52:00,100.830,100.831,100.829,100.830,1532700,154542302.8916
2026-09-24 10:53:00,100.830,100.831,100.829,100.830,3408500,343679758.1982
2026-09-24 10:54:00,100.830,100.832,100.830,100.832,1252400,126280692.4688
2026-09-24 10:55:00,100.832,100.832,100.831,100.831,557300,56193305.0830
2026-09-24 10:56:00,100.831,100.832,100.830,100.830,1112600,112184728.1777
2026-09-24 10:57:00,100.830,100.832,100.830,100.831,2741800,276458315.8193
2026-09-24 10:58:00,100.831,100.831,100.830,100.831,665000,67052307.2803
2026-09-24 10:59:00,100.830,100.832,100.830,100.831,2028600,204545906.6416
2026-09-24 11:00:00,100.831,100.832,100.830,100.831,1485100,149744279.6240
2026-09-24 11:01:00,100.832,100.832,100.830,100.831,2513800,253468959.5410
2026-09-24 11:02:00,100.831,100.831,100.830,100.831,490200,49427142.1553
2026-09-24 11:03:00,100.831,100.831,100.830,100.830,548400,55295474.4141
2026-09-24 11:04:00,100.831,100.831,100.830,100.830,862800,86996334.4131
2026-09-24 11:05:00,100.831,100.831,100.830,100.831,678900,68453677.1533
2026-09-24 11:06:00,100.830,100.831,100.830,100.830,501400,50556341.9287
2026-09-24 11:07:00,100.831,100.831,100.830,100.831,2156300,217421590.6475
2026-09-24 11:08:00,100.831,100.831,100.830,100.830,778800,78526906.9248
2026-09-24 11:09:00,100.830,100.831,100.830,100.831,4167000,420162545.6035
2026-09-24 11:10:00,100.831,100.832,100.830,100.832,4157600,419214918.7959
2026-09-24 11:11:00,100.832,100.833,100.831,100.832,1424000,143584533.7051
2026-09-24 11:12:00,100.831,100.833,100.831,100.833,1489400,150178801.4746
2026-09-24 11:13:00,100.832,100.833,100.831,100.831,1013000,102142520.1641
2026-09-24 11:14:00,100.832,100.832,100.831,100.832,896700,90415816.6367
2026-09-24 11:15:00,100.831,100.833,100.831,100.832,4280200,431580955.7705
2026-09-24 11:16:00,100.832,100.832,100.831,100.832,689700,69543539.6924
2026-09-24 11:17:00,100.832,100.833,100.831,100.832,3041100,306640597.4248
2026-09-24 11:18:00,100.832,100.833,100.832,100.832,1142000,115150441.5127
2026-09-24 11:19:00,100.832,100.833,100.832,100.833,1842100,185743920.7822
2026-09-24 11:20:00,100.832,100.834,100.832,100.834,3247500,327455182.1143
2026-09-24 11:21:00,100.833,100.834,100.833,100.833,785400,79194475.1875
2026-09-24 11:22:00,100.834,100.834,100.832,100.833,1276800,128743430.8779
2026-09-24 11:23:00,100.832,100.833,100.832,100.832,813300,82007096.2754
2026-09-24 11:24:00,100.832,100.833,100.831,100.832,2385500,240535078.7598
2026-09-24 11:25:00,100.832,100.833,100.831,100.832,1490500,150289888.1396
2026-09-24 11:26:00,100.832,100.833,100.831,100.832,1248000,125838509.9248
2026-09-24 11:27:00,100.832,100.833,100.829,100.829,2433600,245382636.8086
2026-09-24 11:28:00,100.829,100.830,100.828,100.829,1530200,154288601.4883
2026-09-24 11:29:00,100.830,100.830,100.829,100.829,795600,80219719.6035
2026-09-24 11:30:00,100.829,100.830,100.829,100.830,735400,74149778.6348
2026-09-24 13:01:00,100.830,100.830,100.828,100.829,1946200,196233732.9277
2026-09-24 13:02:00,100.828,100.830,100.828,100.829,1114400,112363846.8809
2026-09-24 13:03:00,100.830,100.830,100.829,100.830,2358500,237807471.6582
2026-09-24 13:04:00,100.830,100.830,100.829,100.830,1969800,198614811.1172
2026-09-24 13:05:00,100.829,100.830,100.829,100.829,349800,35270236.8242
2026-09-24 13:06:00,100.829,100.830,100.829,100.830,762100,76842452.5391
2026-09-24 13:07:00,100.830,100.830,100.829,100.829,206700,20841425.0645
2026-09-24 13:08:00,100.830,100.830,100.829,100.830,190000,19157600.3184
2026-09-24 13:09:00,100.830,100.830,100.829,100.830,326300,32900605.9180
2026-09-24 13:10:00,100.829,100.830,100.829,100.830,143400,14458947.7910
2026-09-24 13:11:00,100.830,100.830,100.829,100.829,863600,87076627.6992
2026-09-24 13:12:00,100.830,100.830,100.829,100.830,270300,27254233.2578
2026-09-24 13:13:00,100.829,100.830,100.829,100.829,341600,34443348.7559
2026-09-24 13:14:00,100.829,100.830,100.829,100.829,221800,22363973.2051
2026-09-24 13:15:00,100.829,100.830,100.829,100.830,428000,43155039.9160
2026-09-24 13:16:00,100.830,100.830,100.829,100.830,393800,39706686.1230
2026-09-24 13:17:00,100.830,100.830,100.829,100.830,259500,26165241.7949
2026-09-24 13:18:00,100.829,100.830,100.829,100.830,280500,28282717.6191
2026-09-24 13:19:00,100.829,100.830,100.829,100.829,457200,46099302.2402
2026-09-24 13:20:00,100.830,100.830,100.827,100.827,3304300,333167810.1621
2026-09-24 13:21:00,100.827,100.828,100.826,100.827,924600,93224743.2930
2026-09-24 13:22:00,100.827,100.828,100.827,100.827,179800,18128775.1826
2026-09-24 13:23:00,100.827,100.828,100.827,100.828,218400,22020716.0371
2026-09-24 13:24:00,100.828,100.828,100.827,100.827,234000,23593589.2334
2026-09-24 13:25:00,100.828,100.828,100.827,100.827,439500,44313776.8184
2026-09-24 13:26:00,100.828,100.828,100.827,100.827,283700,28604794.8340
2026-09-24 13:27:00,100.827,100.828,100.827,100.828,271100,27334345.6895
2026-09-24 13:28:00,100.827,100.828,100.827,100.828,239500,24148186.7021
2026-09-24 13:29:00,100.827,100.828,100.827,100.828,328600,33131916.5283
2026-09-24 13:30:00,100.827,100.829,100.827,100.828,1258300,126871736.1826
2026-09-24 13:31:00,100.828,100.828,100.827,100.827,565500,57017954.5752
2026-09-24 13:32:00,100.828,100.828,100.827,100.827,1073600,108248359.2227
2026-09-24 13:33:00,100.827,100.828,100.826,100.827,2716600,273906682.9932
2026-09-24 13:34:00,100.826,100.827,100.826,100.827,521000,52530624.2607
2026-09-24 13:35:00,100.826,100.828,100.826,100.827,1319800,133071541.4824
2026-09-24 13:36:00,100.828,100.828,100.827,100.827,463900,46773943.2373
2026-09-24 13:37:00,100.828,100.829,100.827,100.829,1777200,179191474.9141
2026-09-24 13:38:00,100.828,100.829,100.828,100.828,472800,47671731.4063
2026-09-24 13:39:00,100.828,100.829,100.828,100.828,583000,58783020.7441
2026-09-24 13:40:00,100.829,100.829,100.828,100.828,548700,55324594.9531
2026-09-24 13:41:00,100.829,100.829,100.828,100.828,489500,49355589.2656
2026-09-24 13:42:00,100.828,100.829,100.828,100.829,708400,71426924.1621
2026-09-24 13:43:00,100.828,100.829,100.828,100.828,677500,68311369.0430
2026-09-24 13:44:00,100.829,100.829,100.828,100.829,534500,53892930.6621
2026-09-24 13:45:00,100.828,100.830,100.828,100.829,2391700,241152757.8184
2026-09-24 13:46:00,100.828,100.830,100.828,100.830,1739000,175341711.6602
2026-09-24 13:47:00,100.829,100.830,100.829,100.830,410300,41370365.7617
2026-09-24 13:48:00,100.829,100.832,100.829,100.831,3030941,305611230.5703
2026-09-24 13:49:00,100.831,100.831,100.830,100.831,518400,52270643.5088
2026-09-24 13:50:00,100.830,100.832,100.830,100.831,2611400,263310037.1943
2026-09-24 13:51:00,100.831,100.831,100.830,100.831,477000,48096247.4668
2026-09-24 13:52:00,100.830,100.832,100.830,100.831,1945600,196176665.8853
2026-09-24 13:53:00,100.831,100.831,100.830,100.830,2330600,234996619.5166
2026-09-24 13:54:00,100.831,100.832,100.830,100.831,3455741,348445637.5459
2026-09-24 13:55:00,100.831,100.832,100.830,100.831,5039700,508157710.2031
2026-09-24 13:56:00,100.831,100.831,100.830,100.831,2019500,203627956.8428
2026-09-24 13:57:00,100.831,100.831,100.830,100.831,792700,79928455.4541
2026-09-24 13:58:00,100.831,100.832,100.830,100.832,2860900,288467594.8682
2026-09-24 13:59:00,100.832,100.832,100.831,100.831,1592700,160593774.2285
2026-09-24 14:00:00,100.830,100.832,100.830,100.830,4224600,425969524.6680
2026-09-24 14:01:00,100.830,100.830,100.829,100.830,1356800,136806100.7168
2026-09-24 14:02:00,100.829,100.830,100.829,100.830,141500,14267390.1270
2026-09-24 14:03:00,100.829,100.830,100.829,100.829,108300,10919826.8145
2026-09-24 14:04:00,100.829,100.830,100.829,100.830,128900,12996924.4355
2026-09-24 14:05:00,100.830,100.830,100.829,100.829,166100,16747762.7539
2026-09-24 14:06:00,100.829,100.830,100.828,100.828,1777300,179203497.1172
2026-09-24 14:07:00,100.829,100.829,100.827,100.828,1110200,111939314.1104
2026-09-24 14:08:00,100.828,100.829,100.828,100.828,811100,81781643.3672
2026-09-24 14:09:00,100.829,100.830,100.828,100.830,2826000,284943645.0859
2026-09-24 14:10:00,100.829,100.830,100.829,100.830,325100,32779760.5313
2026-09-24 14:11:00,100.829,100.830,100.829,100.829,308700,31126033.6035
2026-09-24 14:12:00,100.830,100.830,100.829,100.829,208900,21063300.0137
2026-09-24 14:13:00,100.829,100.831,100.829,100.830,2585300,260675680.7988
2026-09-24 14:14:00,100.830,100.830,100.829,100.829,1245500,125583642.8594
2026-09-24 14:15:00,100.830,100.831,100.829,100.830,3474600,350344119.9922
2026-09-24 14:16:00,100.830,100.831,100.829,100.829,1921100,193704430.4766
2026-09-24 14:17:00,100.829,100.830,100.829,100.829,200100,20175985.5000
2026-09-24 14:18:00,100.829,100.830,100.829,100.830,200600,20226385.7383
2026-09-24 14:19:00,100.830,100.830,100.829,100.829,759600,76589860.0059
2026-09-24 14:20:00,100.830,100.830,100.829,100.830,193200,19480275.1152
2026-09-24 14:21:00,100.829,100.830,100.828,100.829,2651800,267378328.1191
2026-09-24 14:22:00,100.829,100.829,100.828,100.828,637900,64318558.7305
2026-09-24 14:23:00,100.828,100.829,100.828,100.828,350900,35380736.7461
2026-09-24 14:24:00,100.829,100.829,100.827,100.827,1965700,198198049.4199
2026-09-24 14:25:00,100.827,100.829,100.827,100.828,1393600,140513794.1074
2026-09-24 14:26:00,100.828,100.829,100.827,100.827,652600,65800341.3008
2026-09-24 14:27:00,100.828,100.828,100.826,100.827,1559100,157199483.8633
2026-09-24 14:28:00,100.827,100.828,100.826,100.826,876900,88415299.6006
2026-09-24 14:29:00,100.827,100.828,100.826,100.828,615200,62028882.6855
2026-09-24 14:30:00,100.828,100.828,100.827,100.827,282500,28483772.8447
2026-09-24 14:31:00,100.827,100.828,100.827,100.828,1130200,113955683.5381
2026-09-24 14:32:00,100.828,100.829,100.827,100.828,1467337,147949034.7939
2026-09-24 14:33:00,100.829,100.829,100.828,100.828,1050600,105930626.5273
2026-09-24 14:34:00,100.829,100.829,100.828,100.829,581000,58581430.7969
2026-09-24 14:35:00,100.828,100.830,100.828,100.828,2361820,238139981.6602
2026-09-24 14:36:00,100.828,100.829,100.828,100.828,517700,52198993.7188
2026-09-24 14:37:00,100.828,100.829,100.828,100.829,326300,32900410.2539
2026-09-24 14:38:00,100.829,100.829,100.828,100.828,385400,38859396.1250
2026-09-24 14:39:00,100.828,100.831,100.828,100.830,2761900,278480846.7285
2026-09-24 14:40:00,100.830,100.831,100.829,100.830,2241700,226031451.0830
2026-09-24 14:41:00,100.829,100.830,100.828,100.829,1171500,118121089.4336
2026-09-24 14:42:00,100.828,100.829,100.828,100.829,464200,46804631.3691
2026-09-24 14:43:00,100.828,100.830,100.828,100.828,2892300,291627509.3086
2026-09-24 14:44:00,100.828,100.829,100.828,100.829,1646800,166045068.7520
2026-09-24 14:45:00,100.829,100.830,100.828,100.829,2369600,238924615.8711
2026-09-24 14:46:00,100.829,100.830,100.828,100.830,3058600,308395922.3633
2026-09-24 14:47:00,100.829,100.831,100.829,100.831,2160900,217884420.4561
2026-09-24 14:48:00,100.831,100.835,100.831,100.834,3127400,315344550.4385
2026-09-24 14:49:00,100.834,100.836,100.833,100.835,2280800,229984113.0225
2026-09-24 14:50:00,100.835,100.835,100.833,100.834,1456100,146824174.4121
2026-09-24 14:51:00,100.833,100.834,100.832,100.833,1863400,187893082.0089
2026-09-24 14:52:00,100.834,100.835,100.833,100.834,2700500,272302899.3867
2026-09-24 14:53:00,100.833,100.835,100.833,100.834,3236100,326308998.7217
2026-09-24 14:54:00,100.834,100.834,100.831,100.833,2244600,226328903.7207
2026-09-24 14:55:00,100.832,100.833,100.830,100.831,2783300,280645109.6074
2026-09-24 14:56:00,100.831,100.832,100.830,100.831,2799190,282245195.0674
2026-09-24 14:57:00,100.830,100.832,100.829,100.829,1503400,151588845.4199
2026-09-24 15:00:00,100.829,100.829,100.829,100.829,879180,88646841.8828
2026-09-28 09:31:00,100.836,100.837,100.833,100.833,3252800,327997312.3486
2026-09-28 09:32:00,100.833,100.835,100.833,100.835,1992290,200889656.1602
2026-09-28 09:33:00,100.835,100.836,100.834,100.835,1593490,160679693.3164
2026-09-28 09:34:00,100.836,100.836,100.835,100.835,2531700,255285833.5566
2026-09-28 09:35:00,100.835,100.836,100.833,100.833,3008510,303361211.1722
2026-09-28 09:36:00,100.832,100.835,100.832,100.835,2777110,280025733.9072
2026-09-28 09:37:00,100.834,100.835,100.834,100.835,471500,47543385.7480
2026-09-28 09:38:00,100.835,100.835,100.834,100.835,2227100,224569406.5684
2026-09-28 09:39:00,100.834,100.835,100.834,100.834,174200,17565345.1660
2026-09-28 09:40:00,100.834,100.835,100.834,100.835,575560,58036229.1279
2026-09-28 09:41:00,100.834,100.835,100.834,100.834,795300,80193500.0117
2026-09-28 09:42:00,100.835,100.835,100.834,100.834,512800,51707856.3984
2026-09-28 09:43:00,100.835,100.835,100.833,100.833,5206920,525034391.1553
2026-09-28 09:44:00,100.833,100.834,100.833,100.834,385500,38871282.1523
2026-09-28 09:45:00,100.834,100.834,100.833,100.833,791500,79809575.2764
2026-09-28 09:46:00,100.834,100.834,100.833,100.834,523700,52806482.1816
2026-09-28 09:47:00,100.833,100.834,100.833,100.833,417200,42067677.9697
2026-09-28 09:48:00,100.834,100.834,100.832,100.834,6275280,632755337.4160
2026-09-28 09:49:00,100.834,100.834,100.833,100.833,250600,25268883.6660
2026-09-28 09:50:00,100.833,100.834,100.833,100.833,570900,57565648.4307
2026-09-28 09:51:00,100.834,100.834,100.832,100.833,2514600,253554636.1826
2026-09-28 09:52:00,100.833,100.833,100.832,100.833,827300,83418960.4160
2026-09-28 09:53:00,100.832,100.834,100.832,100.833,3686000,371670375.5693
2026-09-28 09:54:00,100.834,100.834,100.833,100.833,717400,72338078.7593
2026-09-28 09:55:00,100.833,100.835,100.833,100.834,5005900,504764587.5547
2026-09-28 09:56:00,100.834,100.834,100.833,100.834,412500,41593765.4063
2026-09-28 09:57:00,100.833,100.834,100.833,100.834,1323200,133422440.5029
2026-09-28 09:58:00,100.833,100.834,100.833,100.834,334800,33759013.3096
2026-09-28 09:59:00,100.833,100.834,100.833,100.834,621000,62617509.5723
2026-09-28 10:00:00,100.834,100.834,100.833,100.833,615500,62062889.1553
2026-09-28 10:01:00,100.833,100.834,100.833,100.834,432500,43610444.2813
2026-09-28 10:02:00,100.834,100.834,100.833,100.833,508700,51294041.2910
2026-09-28 10:03:00,100.833,100.835,100.833,100.834,6061800,611235679.3926
2026-09-28 10:04:00,100.834,100.836,100.834,100.835,1836900,185223538.2715
2026-09-28 10:05:00,100.835,100.835,100.833,100.834,5244300,528802455.2334
2026-09-28 10:06:00,100.834,100.834,100.833,100.834,329200,33194402.2852
2026-09-28 10:07:00,100.834,100.834,100.833,100.834,426300,42985418.7969
2026-09-28 10:08:00,100.834,100.834,100.832,100.833,3591300,362122289.7285
2026-09-28 10:09:00,100.832,100.833,100.832,100.833,3897000,392946015.4150
2026-09-28 10:10:00,100.833,100.834,100.832,100.834,6034300,608456749.1348
2026-09-28 10:11:00,100.834,100.834,100.833,100.834,297100,29957579.8682
2026-09-28 10:12:00,100.833,100.834,100.833,100.833,587600,59249711.7061
2026-09-28 10:13:00,100.834,100.834,100.833,100.833,571300,57606290.5439
2026-09-28 10:14:00,100.834,100.834,100.833,100.833,257500,25964609.3369
2026-09-28 10:15:00,100.834,100.834,100.833,100.833,229020,23092869.5643
2026-09-28 10:16:00,100.833,100.835,100.833,100.833,4989500,503111121.9453
2026-09-28 10:17:00,100.834,100.834,100.833,100.833,326300,32901970.2002
2026-09-28 10:18:00,100.834,100.834,100.833,100.833,493400,49751151.4355
2026-09-28 10:19:00,100.834,100.834,100.833,100.833,535300,53976169.0479
2026-09-28 10:20:00,100.834,100.834,100.833,100.834,216600,21840548.3145
2026-09-28 10:21:00,100.833,100.834,100.833,100.834,304300,30683604.5918
2026-09-28 10:22:00,100.834,100.834,100.833,100.833,171000,17242526.3613
2026-09-28 10:23:00,100.833,100.834,100.833,100.834,356700,35967217.8477
2026-09-28 10:24:00,100.834,100.834,100.833,100.833,267500,26972937.0469
2026-09-28 10:25:00,100.834,100.834,100.833,100.834,277702,28001652.7813
2026-09-28 10:26:00,100.834,100.834,100.833,100.834,210200,21195207.9932
2026-09-28 10:27:00,100.834,100.834,100.833,100.833,366500,36955519.5244
2026-09-28 10:28:00,100.833,100.834,100.833,100.833,333000,33577564.4717
2026-09-28 10:29:00,100.833,100.834,100.833,100.834,571400,57616414.8066
2026-09-28 10:30:00,100.834,100.834,100.833,100.834,600600,60560589.4336
2026-09-28 10:31:00,100.834,100.834,100.833,100.834,415400,41886338.5674
2026-09-28 10:32:00,100.833,100.834,100.833,100.833,480100,48410256.5371
2026-09-28 10:33:00,100.833,100.834,100.833,100.834,3584315,361417364.6074
2026-09-28 10:34:00,100.833,100.834,100.833,100.834,290300,29271975.6289
2026-09-28 10:35:00,100.833,100.834,100.833,100.833,4836800,487709198.8076
2026-09-28 10:36:00,100.833,100.833,100.832,100.832,411600,41502659.4453
2026-09-28 10:37:00,100.833,100.833,100.832,100.833,1695300,170941095.4658
2026-09-28 10:38:00,100.832,100.833,100.832,100.833,464100,46796322.1563
2026-09-28 10:39:00,100.832,100.833,100.832,100.833,798700,80535098.1357
2026-09-28 10:40:00,100.832,100.833,100.832,100.833,497900,50204602.4551
2026-09-28 10:41:00,100.833,100.833,100.832,100.833,231000,23292307.6016
2026-09-28 10:42:00,100.832,100.833,100.832,100.832,661400,66690494.4229
2026-09-28 10:43:00,100.832,100.833,100.832,100.833,215000,21678974.9521
2026-09-28 10:44:00,100.833,100.833,100.831,100.832,2658400,268052272.1875
2026-09-28 10:45:00,100.832,100.833,100.831,100.833,4383600,442007493.7041
2026-09-28 10:46:00,100.832,100.833,100.832,100.832,221100,22294060.1104
2026-09-28 10:47:00,100.832,100.833,100.832,100.832,461700,46554301.5986
2026-09-28 10:48:00,100.832,100.833,100.832,100.832,388300,39153193.0352
2026-09-28 10:49:00,100.832,100.833,100.832,100.832,342800,34565338.9033
2026-09-28 10:50:00,100.833,100.833,100.832,100.832,357700,36067772.3809
2026-09-28 10:51:00,100.833,100.833,100.832,100.832,424500,42803419.6689
2026-09-28 10:52:00,100.832,100.833,100.832,100.833,215800,21759630.8350
2026-09-28 10:53:00,100.833,100.833,100.832,100.833,299000,30148957.2461
2026-09-28 10:54:00,100.833,100.833,100.832,100.832,903300,91081660.0889
2026-09-28 10:55:00,100.833,100.833,100.832,100.833,192000,19359813.9961
2026-09-28 10:56:00,100.833,100.833,100.831,100.832,5029700,507154799.4922
2026-09-28 10:57:00,100.833,100.833,100.832,100.832,412600,41603521.3389
2026-09-28 10:58:00,100.833,100.833,100.832,100.832,461100,46493872.1377
2026-09-28 10:59:00,100.832,100.833,100.832,100.833,558200,56284773.1592
2026-09-28 11:00:00,100.833,100.833,100.832,100.833,367200,37025667.4893
2026-09-28 11:01:00,100.833,100.833,100.832,100.833,416100,41956396.6875
2026-09-28 11:02:00,100.833,100.833,100.831,100.833,3800400,383202068.3008
2026-09-28 11:03:00,100.832,100.833,100.832,100.832,454700,45848565.1143
2026-09-28 11:04:00,100.832,100.833,100.832,100.833,275300,27759184.8252
2026-09-28 11:05:00,100.832,100.833,100.832,100.833,481000,48500303.5898
2026-09-28 11:06:00,100.832,100.833,100.831,100.832,3597000,362692764.2959
2026-09-28 11:07:00,100.832,100.833,100.832,100.832,349200,35210694.1113
2026-09-28 11:08:00,100.833,100.833,100.832,100.832,553700,55830970.7461
2026-09-28 11:09:00,100.833,100.833,100.832,100.833,446400,45011588.4404
2026-09-28 11:10:00,100.832,100.833,100.832,100.833,779800,78629156.3105
2026-09-28 11:11:00,100.833,100.833,100.832,100.832,316300,31893335.3809
2026-09-28 11:12:00,100.833,100.833,100.832,100.832,505800,51001075.3633
2026-09-28 11:13:00,100.833,100.833,100.832,100.832,621300,62647240.4600
2026-09-28 11:14:00,100.832,100.833,100.832,100.833,661900,66741034.4551
2026-09-28 11:15:00,100.833,100.833,100.832,100.832,556700,56133451.8486
2026-09-28 11:16:00,100.833,100.833,100.832,100.832,532100,53653008.0313
2026-09-28 11:17:00,100.832,100.833,100.832,100.832,412300,41573275.3379
2026-09-28 11:18:00,100.832,100.833,100.832,100.832,320800,32347079.1943
2026-09-28 11:19:00,100.832,100.834,100.832,100.832,5490600,553633561.7803
2026-09-28 11:20:00,100.832,100.833,100.832,100.832,406600,40998566.6006
2026-09-28 11:21:00,100.833,100.833,100.832,100.833,963700,97172627.3975
2026-09-28 11:22:00,100.833,100.834,100.832,100.834,4307800,434368346.7148
2026-09-28 11:23:00,100.834,100.834,100.832,100.832,3569000,359872881.2959
2026-09-28 11:24:00,100.833,100.834,100.832,100.833,4026900,406044338.3213
2026-09-28 11:25:00,100.834,100.834,100.833,100.834,454300,45808727.9512
2026-09-28 11:26:00,100.834,100.834,100.833,100.833,3873300,390559960.3311
2026-09-28 11:27:00,100.834,100.834,100.833,100.833,636200,64150389.4287
2026-09-28 11:28:00,100.834,100.834,100.833,100.834,263600,26579675.2549
2026-09-28 11:29:00,100.833,100.834,100.833,100.833,551100,55569372.2900
2026-09-28 11:30:00,100.833,100.834,100.833,100.834,372300,37540348.2705
2026-09-28 13:01:00,100.834,100.834,100.833,100.834,812100,81886891.3369
2026-09-28 13:02:00,100.834,100.834,100.833,100.833,134400,13552058.6191
2026-09-28 13:03:00,100.834,100.834,100.833,100.834,142600,14378876.4443
2026-09-28 13:04:00,100.833,100.834,100.833,100.833,285800,28818168.5039
2026-09-28 13:05:00,100.833,100.834,100.833,100.833,1320300,133131022.3633
2026-09-28 13:06:00,100.833,100.834,100.833,100.834,317600,32024746.8496
2026-09-28 13:07:00,100.833,100.834,100.833,100.834,491800,49589918.3057
2026-09-28 13:08:00,100.834,100.834,100.833,100.833,372700,37580599.5811
2026-09-28 13:09:00,100.833,100.834,100.833,100.834,423800,42733305.8604
2026-09-28 13:10:00,100.834,100.834,100.833,100.834,315200,31782778.3877
2026-09-28 13:11:00,100.833,100.835,100.833,100.834,4945800,498704702.1250
2026-09-28 13:12:00,100.834,100.834,100.833,100.833,663500,66903205.1709
2026-09-28 13:13:00,100.834,100.835,100.833,100.834,7789500,785446163.9590
2026-09-28 13:14:00,100.833,100.835,100.833,100.834,4830400,487068844.6484
2026-09-28 13:15:00,100.835,100.835,100.834,100.834,433500,43711830.5664
2026-09-28 13:16:00,100.835,100.835,100.834,100.835,550500,55509470.5371
2026-09-28 13:17:00,100.835,100.835,100.834,100.835,607500,61256953.6641
2026-09-28 13:18:00,100.834,100.835,100.834,100.835,892500,89994775.9375
2026-09-28 13:19:00,100.835,100.835,100.834,100.835,4773200,481305374.6875
2026-09-28 13:20:00,100.835,100.837,100.835,100.836,2971700,299653851.8330
2026-09-28 13:21:00,100.836,100.836,100.835,100.835,1300200,131106623.4492
2026-09-28 13:22:00,100.835,100.836,100.835,100.835,340900,34374824.3008
2026-09-28 13:23:00,100.835,100.836,100.835,100.835,333500,33628703.5195
2026-09-28 13:24:00,100.836,100.836,100.835,100.835,731000,73710742.1055
2026-09-28 13:25:00,100.835,100.836,100.835,100.835,548900,55348640.5313
2026-09-28 13:26:00,100.836,100.836,100.834,100.835,6652600,670815045.5820
2026-09-28 13:27:00,100.835,100.837,100.835,100.837,2008300,202508896.6113
2026-09-28 13:28:00,100.836,100.837,100.836,100.837,1045600,105434611.3799
2026-09-28 13:29:00,100.837,100.837,100.835,100.836,5140700,518367782.5693
2026-09-28 13:30:00,100.836,100.837,100.835,100.837,7375800,743746136.9824
2026-09-28 13:31:00,100.836,100.837,100.836,100.836,611900,61701955.5479
2026-09-28 13:32:00,100.837,100.837,100.836,100.837,633800,63910334.9570
2026-09-28 13:33:00,100.837,100.837,100.836,100.836,1381100,139265819.4686
2026-09-28 13:34:00,100.836,100.837,100.836,100.836,664900,67046279.2266
2026-09-28 13:35:00,100.837,100.837,100.836,100.836,645400,65079890.1680
2026-09-28 13:36:00,100.837,100.837,100.836,100.836,735500,74165274.2939
2026-09-28 13:37:00,100.836,100.837,100.836,100.836,3430800,345948518.0000
2026-09-28 13:38:00,100.837,100.837,100.835,100.837,1923900,193998699.4570
2026-09-28 13:39:00,100.837,100.837,100.836,100.836,754900,76121629.9102
2026-09-28 13:40:00,100.836,100.837,100.836,100.836,1075000,108399483.4537
2026-09-28 13:41:00,100.836,100.837,100.836,100.836,785900,79247434.0519
2026-09-28 13:42:00,100.837,100.838,100.836,100.838,3824410,385643387.2295
2026-09-28 13:43:00,100.838,100.839,100.837,100.839,1626910,164054451.2402
2026-09-28 13:44:00,100.838,100.840,100.838,100.839,3085310,311119514.7676
2026-09-28 13:45:00,100.839,100.841,100.838,100.841,4423800,446093078.0615
2026-09-28 13:46:00,100.840,100.841,100.840,100.841,1647900,166175770.1943
2026-09-28 13:47:00,100.842,100.842,100.841,100.841,639800,64518445.1982
2026-09-28 13:48:00,100.841,100.842,100.840,100.841,4358800,439543852.6357
2026-09-28 13:49:00,100.841,100.842,100.841,100.842,1202900,121302598.8135
2026-09-28 13:50:00,100.843,100.844,100.842,100.843,3440500,346950254.7100
2026-09-28 13:51:00,100.843,100.844,100.842,100.843,1414000,142592346.4219
2026-09-28 13:52:00,100.843,100.843,100.842,100.842,606700,61180975.0146
2026-09-28 13:53:00,100.843,100.846,100.842,100.846,2187900,220635832.7725
2026-09-28 13:54:00,100.845,100.849,100.845,100.846,2100400,211819025.9834
2026-09-28 13:55:00,100.847,100.848,100.844,100.844,1552900,156602994.8477
2026-09-28 13:56:00,100.845,100.846,100.843,100.844,1030300,103899873.0747
2026-09-28 13:57:00,100.843,100.846,100.843,100.845,2691580,271431998.2832
2026-09-28 13:58:00,100.845,100.846,100.841,100.842,2365520,238549054.8936
2026-09-28 13:59:00,100.842,100.843,100.841,100.843,1519600,153239556.1621
2026-09-28 14:00:00,100.843,100.843,100.842,100.842,296100,29859551.5781
2026-09-28 14:01:00,100.842,100.844,100.842,100.844,1422580,143457670.5195
2026-09-28 14:02:00,100.844,100.844,100.843,100.843,533600,53810184.8506
2026-09-28 14:03:00,100.843,100.844,100.843,100.844,669500,67514841.8149
2026-09-28 14:04:00,100.843,100.844,100.841,100.841,2604000,262593603.8613
2026-09-28 14:05:00,100.841,100.842,100.841,100.842,468400,47234109.1172
2026-09-28 14:06:00,100.841,100.843,100.841,100.842,2509700,253083074.6113
2026-09-28 14:07:00,100.842,100.845,100.841,100.844,2395400,241559954.4092
2026-09-28 14:08:00,100.844,100.845,100.843,100.843,1491900,150448955.0654
2026-09-28 14:09:00,100.844,100.844,100.841,100.841,2743000,276609931.4131
2026-09-28 14:10:00,100.841,100.842,100.840,100.841,886100,89355333.4277
2026-09-28 14:11:00,100.841,100.843,100.841,100.843,1421350,143332229.4419
2026-09-28 14:12:00,100.842,100.843,100.842,100.843,466100,47002741.3721
2026-09-28 14:13:00,100.843,100.844,100.842,100.843,1613700,162730419.4766
2026-09-28 14:14:00,100.843,100.843,100.842,100.842,520500,52488538.0586
2026-09-28 14:15:00,100.842,100.843,100.842,100.842,538700,54323909.3403
2026-09-28 14:16:00,100.843,100.843,100.842,100.842,458500,46236277.6055
2026-09-28 14:17:00,100.843,100.845,100.842,100.845,2194900,221341569.6387
2026-09-28 14:18:00,100.845,100.845,100.844,100.844,1394000,140576869.2871
2026-09-28 14:19:00,100.844,100.845,100.843,100.844,1368700,138025329.3516
2026-09-28 14:20:00,100.845,100.845,100.843,100.843,927400,93522814.3398
2026-09-28 14:21:00,100.844,100.844,100.843,100.843,244100,24615924.4971
2026-09-28 14:22:00,100.844,100.845,100.843,100.844,1142500,115214445.2520
2026-09-28 14:23:00,100.845,100.846,100.844,100.845,1178700,118865973.2227
2026-09-28 14:24:00,100.846,100.846,100.844,100.845,1026671,103534612.8295
2026-09-28 14:25:00,100.845,100.846,100.845,100.845,529800,53428126.1116
2026-09-28 14:26:00,100.845,100.846,100.845,100.845,941500,94946306.2250
2026-09-28 14:27:00,100.845,100.846,100.845,100.846,586900,59186226.4954
2026-09-28 14:28:00,100.845,100.847,100.845,100.846,1509200,152196392.1953
2026-09-28 14:29:00,100.846,100.846,100.845,100.845,640300,64571496.6201
2026-09-28 14:30:00,100.846,100.847,100.845,100.847,1825351,184079513.4541
2026-09-28 14:31:00,100.847,100.848,100.846,100.846,1516800,152964422.9443
2026-09-28 14:32:00,100.847,100.849,100.846,100.849,1245810,125637222.8896
2026-09-28 14:33:00,100.848,100.851,100.848,100.851,1414640,142666021.7871
2026-09-28 14:34:00,100.851,100.851,100.849,100.850,1375460,138715189.7734
2026-09-28 14:35:00,100.850,100.852,100.849,100.851,1311240,132239411.5332
2026-09-28 14:36:00,100.851,100.855,100.851,100.854,1462790,147527047.5214
2026-09-28 14:37:00,100.854,100.857,100.853,100.857,1405512,141752964.7959
2026-09-28 14:38:00,100.857,100.857,100.855,100.855,1125300,113493652.0918
2026-09-28 14:39:00,100.855,100.856,100.853,100.856,1474772,148737377.6854
2026-09-28 14:40:00,100.856,100.856,100.853,100.853,932030,93999020.3574
2026-09-28 14:41:00,100.853,100.855,100.852,100.854,794290,80106901.4658
2026-09-28 14:42:00,100.855,100.857,100.854,100.857,891222,89885053.4977
2026-09-28 14:43:00,100.857,100.857,100.854,100.854,1118678,112825395.9901
2026-09-28 14:44:00,100.855,100.855,100.853,100.853,955388,96354509.4683
2026-09-28 14:45:00,100.854,100.854,100.850,100.854,816012,82296792.5308
2026-09-28 14:46:00,100.853,100.855,100.853,100.854,981670,99005647.8368
2026-09-28 14:47:00,100.855,100.855,100.848,100.849,1708080,172262815.1279
2026-09-28 14:48:00,100.850,100.850,100.844,100.845,2110930,212880651.6963
2026-09-28 14:49:00,100.847,100.848,100.844,100.845,2379260,239938305.9971
2026-09-28 14:50:00,100.846,100.849,100.844,100.846,2075640,209319600.6367
2026-09-28 14:51:00,100.846,100.846,100.841,100.844,2096562,211425294.7980
2026-09-28 14:52:00,100.845,100.847,100.844,100.846,2635202,265747477.4336
2026-09-28 14:53:00,100.845,100.846,100.843,100.844,1870598,188639207.2063
2026-09-28 14:54:00,100.843,100.845,100.843,100.844,1051922,106080355.4697
2026-09-28 14:55:00,100.844,100.846,100.844,100.846,2533540,255494591.6653
2026-09-28 14:56:00,100.846,100.846,100.843,100.844,2251600,227062229.5127
2026-09-28 14:57:00,100.843,100.845,100.841,100.845,1642600,165646161.0563
2026-09-28 15:00:00,100.845,100.845,100.845,100.845,1148050,115775102.2500
