cell_id,candidate_id,family,module,fn,no_entries,beat6m_k,beat6m_n,beat6m_rate,binom_z,binom_p,sharpe_full,dd_full,n_trades,n_entries,stop_face,stop_fired,gate_face,gate_zeroed,vol_face,vol_zeroed,yang_face,yang_zeroed,vconf_face,vconf_zeroed,streak_face,streak_zeroed,tstate_face,tstate_zeroed,amp_face,amp_zeroed,mom_face,mom_zeroed,std_face,std_zeroed,rsqr_face,rsqr_zeroed,survives_screen
SCREEN|W12-A-0000,W12-A-0000,A,volatility,low_vol_long,False,638,1253,0.509178,0.6498,0.515848,-1.0617,-0.0091,27,27,p8,0,none,0,none,0,none,0,none,0,none,0,none,0,amp_wide,492,mom_oversold,450,std10_hi,27,none,0,False
SCREEN|W12-A-0001,W12-A-0001,A,composite_rotation,top_n_rotation,False,641,1253,0.511572,0.8193,0.412637,0.0,0.0,0,0,p8,0,none,0,calm,0,first_yang,0,volume_dry,0,down_streak2,0,deep_pullback,0,amp_narrow,0,mom_oversold,0,none,0,none,0,False
SCREEN|W12-A-0007,W12-A-0007,A,composite_rotation,top_n_rotation,False,641,1253,0.511572,0.8193,0.412637,-0.5562,-0.001,5,5,p12,0,none,0,none,0,first_yang,3445,none,0,down_streak2,3197,oversold_rsv,168,amp_narrow,25,mom_oversold,23,std10_hi,14,none,0,False
SCREEN|W12-A-0009,W12-A-0009,A,ta,engulf_reversal,False,644,1253,0.513966,0.9888,0.322779,0.3904,-0.0001,1,1,a20,0,none,0,none,0,none,0,none,0,none,0,oversold_rsv,130,amp_wide,11,none,0,std20_hi,9,rsqr10_hi,6,True
SCREEN|W12-A-0013,W12-A-0013,A,composite_rotation,top_n_rotation,False,641,1253,0.511572,0.8193,0.412637,-0.5429,-0.0012,2,2,p8,0,bear,315,wild,216,first_yang,76,volume_dry,27,none,0,none,0,amp_wide,25,none,0,none,0,rsqr10_hi,4,False
SCREEN|W12-A-0014,W12-A-0014,A,composite_rotation,top_n_rotation,False,636,1253,0.507582,0.5368,0.591435,-0.7071,-0.0206,33,33,p12,0,bear,1468,wild,1112,none,0,volume_surge,319,down_streak2,190,deep_pullback,20,none,0,mom_oversold,20,none,0,none,0,False
SCREEN|W12-A-0025,W12-A-0025,A,composite_rotation,top_n_rotation,False,641,1253,0.511572,0.8193,0.412637,-0.3932,-0.0018,3,3,a25,0,bull,347,wild,107,none,0,none,0,none,0,oversold_rsv,161,amp_narrow,11,none,0,none,0,rsqr20_hi,9,False
SCREEN|W12-A-0027,W12-A-0027,A,ta,engulf_reversal,False,653,1253,0.521149,1.4973,0.134323,0.1823,-0.0068,6,6,a15,0,bull,153,none,0,first_yang,39,none,0,none,0,oversold_rsv,36,amp_narrow,3,none,0,none,0,none,0,True
SCREEN|W12-A-0028,W12-A-0028,A,patterns,needle_probe,False,641,1253,0.511572,0.8193,0.412637,0.5562,0.0,1,1,a25,0,bear,190,calm,186,first_yang,75,none,0,up_streak2,22,none,0,amp_wide,6,mom_oversold,10,std20_hi,0,none,0,False
SCREEN|W12-A-0031,W12-A-0031,A,composite_rotation,top_n_rotation,False,638,1253,0.509178,0.6498,0.515848,-0.1924,-0.0037,2,2,p8,0,bear,2307,wild,1690,none,0,none,0,none,0,deep_pullback,596,amp_narrow,220,mom_oversold,64,std20_hi,35,rsqr10_hi,11,False
SCREEN|W12-A-0036,W12-A-0036,A,volatility,low_vol_long,False,642,1253,0.51237,0.8758,0.381159,-0.5714,-0.0124,16,16,p5,0,bull,3421,wild,1475,first_yang,673,volume_surge,413,none,0,deep_pullback,345,amp_wide,10,none,0,none,0,none,0,False
SCREEN|W12-A-0037,W12-A-0037,A,composite_rotation,top_n_rotation,False,631,1253,0.503591,0.2543,0.7993,-0.3906,-0.0193,36,36,p12,0,bull,1745,none,0,none,0,none,0,none,0,none,0,amp_wide,777,mom_oversold,697,none,0,none,0,False
SCREEN|W12-A-0039,W12-A-0039,A,ta,engulf_reversal,False,648,1253,0.517159,1.2148,0.224455,0.4708,0.0,1,1,a15,0,none,0,calm,803,none,0,volume_dry,186,none,0,oversold_rsv,147,amp_narrow,11,none,0,none,0,rsqr10_hi,29,True
SCREEN|W12-A-0045,W12-A-0045,A,ta,engulf_reversal,False,650,1253,0.518755,1.3278,0.184255,0.2936,-0.0072,13,13,p3,0,bear,1853,wild,1596,none,0,volume_surge,588,up_streak2,505,deep_pullback,114,none,0,mom_oversold,45,std10_hi,0,none,0,True
SCREEN|W12-A-0047,W12-A-0047,A,patterns,vol_drought_reversal,False,666,1253,0.531524,2.2318,0.025629,0.7992,-0.012,75,75,none,0,bull,8356,none,0,none,0,none,0,none,0,none,0,amp_wide,2554,mom_oversold,1838,none,0,none,0,True
SCREEN|W12-A-0051,W12-A-0051,A,ta,engulf_reversal,False,671,1253,0.535515,2.5143,0.011927,0.7637,-0.0094,37,37,none,0,none,0,none,0,none,0,volume_surge,511,none,0,none,0,amp_wide,149,mom_oversold,227,std10_hi,25,none,0,True
SCREEN|W12-A-0057,W12-A-0057,A,ta,engulf_reversal,False,644,1253,0.513966,0.9888,0.322779,0.4417,-0.0016,6,6,p12,0,bear,621,wild,252,none,0,volume_dry,166,down_streak2,84,none,0,amp_narrow,14,none,0,std10_hi,28,none,0,True
SCREEN|W12-A-0066,W12-A-0066,A,volatility,low_vol_long,False,638,1253,0.509178,0.6498,0.515848,-0.5327,-0.0035,4,4,a15,0,none,0,wild,1139,none,0,volume_surge,505,none,0,deep_pullback,345,amp_wide,24,mom_oversold,34,std20_hi,36,rsqr10_hi,14,False
SCREEN|W12-A-0067,W12-A-0067,A,composite_rotation,top_n_rotation,False,639,1253,0.509976,0.7063,0.480027,-0.3932,-0.0013,3,3,p5,0,none,0,none,0,first_yang,281,none,0,down_streak2,360,deep_pullback,16,none,0,none,0,std20_hi,5,none,0,False
SCREEN|W12-A-0071,W12-A-0071,A,patterns,vol_drought_reversal,False,622,1253,0.496409,-0.2543,0.7993,-0.5384,-0.0249,18,18,a15,0,bear,176,none,0,none,0,volume_surge,115,up_streak2,86,none,0,amp_wide,11,none,0,none,0,none,0,False
SCREEN|W12-A-0077,W12-A-0077,A,patterns,vol_drought_reversal,False,684,1253,0.54589,3.2488,0.001159,0.7432,-0.0098,36,36,a25,0,none,0,none,0,none,0,none,0,none,0,deep_pullback,627,amp_wide,149,mom_oversold,40,none,0,none,0,True
SCREEN|W12-A-0080,W12-A-0080,A,composite_rotation,top_n_rotation,False,640,1253,0.510774,0.7628,0.445606,0.2123,-0.0033,50,50,none,0,none,0,none,0,none,0,none,0,none,0,oversold_rsv,3849,amp_wide,457,none,0,std20_hi,574,none,0,False
SCREEN|W12-A-0085,W12-A-0085,A,composite_rotation,top_n_rotation,False,638,1253,0.509178,0.6498,0.515848,-0.6493,-0.0137,21,21,p5,0,bear,401,none,0,none,0,none,0,none,0,oversold_rsv,279,amp_wide,72,none,0,std20_hi,100,none,0,False
SCREEN|W12-A-0088,W12-A-0088,A,patterns,needle_probe,False,647,1253,0.516361,1.1583,0.246755,-0.1541,-0.0206,15,15,p3,0,none,0,none,0,first_yang,185,volume_dry,109,none,0,deep_pullback,78,none,0,mom_oversold,13,none,0,none,0,True
SCREEN|W12-A-0092,W12-A-0092,A,composite_rotation,top_n_rotation,False,641,1253,0.511572,0.8193,0.412637,0.3085,-0.0025,5,5,p8,0,bull,1200,none,0,none,0,none,0,down_streak2,847,none,0,none,0,none,0,std10_hi,176,rsqr10_hi,15,False
SCREEN|W12-A-0096,W12-A-0096,A,volatility,low_vol_long,False,641,1253,0.511572,0.8193,0.412637,-0.5537,-0.0022,6,6,a15,0,bear,2152,calm,552,first_yang,692,none,0,none,0,oversold_rsv,340,amp_narrow,91,mom_oversold,67,none,0,rsqr20_hi,3,False
SCREEN|W12-A-0110,W12-A-0110,A,composite_rotation,top_n_rotation,False,641,1253,0.511572,0.8193,0.412637,-0.3932,-0.0001,1,1,p8,0,bear,1098,calm,265,first_yang,361,volume_dry,132,up_streak2,85,deep_pullback,30,none,0,none,0,none,0,rsqr20_hi,0,False
SCREEN|W12-A-0117,W12-A-0117,A,ta,engulf_reversal,False,641,1253,0.511572,0.8193,0.412637,0.3359,-0.0009,2,2,a20,0,none,0,wild,69,none,0,volume_surge,74,up_streak2,30,none,0,none,0,none,0,std20_hi,13,rsqr20_hi,6,False
SCREEN|W12-A-0120,W12-A-0120,A,volatility,low_vol_long,False,633,1253,0.505188,0.3673,0.713429,-0.0677,-0.0516,40,40,a20,0,bear,6104,none,0,first_yang,3240,none,0,up_streak2,1784,none,0,amp_wide,496,none,0,std10_hi,392,none,0,False
SCREEN|W12-A-0121,W12-A-0121,A,composite_rotation,top_n_rotation,False,645,1253,0.514765,1.0453,0.295901,-0.6476,-0.0102,27,27,p8,0,bull,2244,none,0,none,0,none,0,up_streak2,1380,none,0,none,0,none,0,std20_hi,489,none,0,True
SCREEN|W12-A-0123,W12-A-0123,A,ta,engulf_reversal,False,643,1253,0.513168,0.9323,0.351201,0.3537,-0.0039,4,4,none,0,bear,226,none,0,none,0,volume_surge,62,none,0,oversold_rsv,72,none,0,none,0,none,0,rsqr10_hi,21,False
SCREEN|W12-A-0127,W12-A-0127,A,composite_rotation,top_n_rotation,False,641,1253,0.511572,0.8193,0.412637,-0.3932,-0.0012,2,2,p12,0,none,0,wild,1755,none,0,volume_dry,686,none,0,oversold_rsv,648,amp_wide,73,none,0,std20_hi,50,rsqr10_hi,2,False
SCREEN|W12-A-0138,W12-A-0138,A,volatility,low_vol_long,False,641,1253,0.511572,0.8193,0.412637,-0.5619,-0.0011,9,9,p12,0,none,0,wild,2604,none,0,none,0,up_streak2,1580,oversold_rsv,495,amp_narrow,6,mom_oversold,18,none,0,none,0,False
SCREEN|W12-A-0144,W12-A-0144,A,volatility,low_vol_long,False,636,1253,0.507582,0.5368,0.591435,-0.4979,-0.0205,44,44,p12,0,none,0,none,0,first_yang,5717,volume_surge,2931,up_streak2,1555,deep_pullback,1190,none,0,none,0,std10_hi,29,none,0,False
SCREEN|W12-A-0151,W12-A-0151,A,composite_rotation,top_n_rotation,False,640,1253,0.510774,0.7628,0.445606,-0.491,-0.0039,10,10,p8,0,bull,3740,wild,1380,first_yang,845,volume_surge,525,none,0,deep_pullback,435,none,0,mom_oversold,20,std10_hi,0,none,0,False
SCREEN|W12-A-0157,W12-A-0157,A,composite_rotation,top_n_rotation,False,639,1253,0.509976,0.7063,0.480027,-0.6211,-0.0041,9,9,a20,0,none,0,calm,1881,none,0,volume_dry,1124,none,0,deep_pullback,1066,amp_narrow,27,none,0,none,0,rsqr20_hi,21,False
SCREEN|W12-A-0158,W12-A-0158,A,composite_rotation,top_n_rotation,False,641,1253,0.511572,0.8193,0.412637,-0.3403,-0.0021,15,15,p12,0,none,0,calm,1911,none,0,volume_surge,1134,up_streak2,867,oversold_rsv,228,none,0,none,0,none,0,rsqr20_hi,18,False
SCREEN|W12-A-0176,W12-A-0176,A,composite_rotation,top_n_rotation,False,640,1253,0.510774,0.7628,0.445606,-0.2919,-0.0029,15,15,p5,0,none,0,wild,4002,none,0,volume_dry,1671,none,0,oversold_rsv,1593,amp_narrow,115,mom_oversold,71,std10_hi,64,none,0,False
SCREEN|W12-A-0177,W12-A-0177,A,ta,engulf_reversal,False,644,1253,0.513966,0.9888,0.322779,0.3352,-0.0005,1,1,p3,0,none,0,none,0,none,0,volume_surge,215,down_streak2,183,deep_pullback,24,amp_narrow,9,none,0,std20_hi,0,none,0,True
SCREEN|W12-A-0181,W12-A-0181,A,composite_rotation,top_n_rotation,False,641,1253,0.511572,0.8193,0.412637,-0.2832,-0.0019,3,3,p12,0,bull,1745,wild,630,none,0,volume_dry,392,none,0,none,0,none,0,mom_oversold,420,none,0,rsqr20_hi,64,False
SCREEN|W12-A-0182,W12-A-0182,A,composite_rotation,top_n_rotation,False,638,1253,0.509178,0.6498,0.515848,-0.2913,-0.0061,21,21,p12,0,bear,1929,none,0,first_yang,1215,none,0,none,0,oversold_rsv,741,none,0,mom_oversold,231,std20_hi,36,none,0,False
SCREEN|W12-A-0186,W12-A-0186,A,volatility,low_vol_long,False,661,1253,0.527534,1.9493,0.051262,0.5789,-0.0179,74,74,p8,0,none,0,wild,6777,none,0,volume_surge,2921,down_streak2,1986,deep_pullback,308,none,0,mom_oversold,88,none,0,none,0,True
SCREEN|W12-A-0190,W12-A-0190,A,patterns,needle_probe,False,658,1253,0.52514,1.7798,0.075113,0.234,-0.022,34,34,a25,0,bear,289,none,0,none,0,volume_surge,223,none,0,deep_pullback,95,none,0,none,0,none,0,none,0,True
SCREEN|W12-A-0191,W12-A-0191,A,patterns,vol_drought_reversal,False,642,1253,0.51237,0.8758,0.381159,0.7827,-0.0011,7,7,p8,0,bear,2313,calm,1184,none,0,volume_surge,1104,none,0,none,0,none,0,mom_oversold,993,std10_hi,158,none,0,False
SCREEN|W12-A-0194,W12-A-0194,A,composite_rotation,top_n_rotation,False,639,1253,0.509976,0.7063,0.480027,-0.5112,-0.006,25,25,a15,0,bear,3215,calm,1350,none,0,volume_dry,1175,none,0,deep_pullback,1120,amp_narrow,45,mom_oversold,25,none,0,none,0,False
SCREEN|W12-A-0199,W12-A-0199,A,composite_rotation,top_n_rotation,False,639,1253,0.509976,0.7063,0.480027,-0.0123,-0.0061,10,10,p8,0,bear,5144,wild,3824,none,0,none,0,none,0,deep_pullback,1360,amp_wide,256,none,0,std20_hi,368,rsqr20_hi,152,False
SCREEN|W12-A-0200,W12-A-0200,A,composite_rotation,top_n_rotation,False,644,1253,0.513966,0.9888,0.322779,0.2095,-0.005,10,10,none,0,none,0,wild,6032,none,0,volume_dry,2400,none,0,oversold_rsv,2232,amp_wide,264,mom_oversold,120,std10_hi,56,none,0,True
SCREEN|W12-A-0205,W12-A-0205,A,composite_rotation,top_n_rotation,False,641,1253,0.511572,0.8193,0.412637,0.2077,-0.0014,9,9,p5,0,bear,1929,none,0,none,0,none,0,down_streak2,1551,deep_pullback,513,amp_wide,39,none,0,std10_hi,99,rsqr10_hi,30,False
SCREEN|W12-A-0210,W12-A-0210,A,volatility,low_vol_long,False,637,1253,0.50838,0.5933,0.553008,-0.7814,-0.0048,12,12,p5,0,bear,476,none,0,none,0,volume_dry,237,none,0,none,0,amp_narrow,78,none,0,std20_hi,150,none,0,False
SCREEN|W12-A-0211,W12-A-0211,A,composite_rotation,top_n_rotation,False,639,1253,0.509976,0.7063,0.480027,-0.3932,-0.0021,4,4,p8,0,bear,330,wild,212,none,0,volume_dry,61,down_streak2,48,deep_pullback,18,amp_narrow,2,mom_oversold,2,none,0,none,0,False
SCREEN|W12-A-0212,W12-A-0212,A,composite_rotation,top_n_rotation,False,639,1253,0.509976,0.7063,0.480027,-0.5328,-0.0042,15,15,p3,0,bear,663,none,0,none,0,none,0,down_streak2,522,oversold_rsv,90,amp_wide,47,none,0,std20_hi,106,none,0,False
SCREEN|W12-A-0216,W12-A-0216,A,volatility,low_vol_long,False,639,1253,0.509976,0.7063,0.480027,-0.7058,-0.0055,12,12,p3,0,bull,528,none,0,none,0,volume_dry,234,none,0,deep_pullback,180,none,0,mom_oversold,3,none,0,none,0,False
SCREEN|W12-A-0217,W12-A-0217,A,composite_rotation,top_n_rotation,False,641,1253,0.511572,0.8193,0.412637,0.3932,0.0,1,1,a25,0,bear,1098,calm,265,none,0,volume_dry,313,down_streak2,197,none,0,amp_narrow,42,mom_oversold,50,std20_hi,6,none,0,False
SCREEN|W12-A-0220,W12-A-0220,A,patterns,needle_probe,False,642,1253,0.51237,0.8758,0.381159,0.5816,-0.0015,6,6,a25,0,none,0,none,0,first_yang,248,volume_surge,146,none,0,oversold_rsv,70,none,0,mom_oversold,18,std20_hi,2,none,0,False
SCREEN|W12-A-0234,W12-A-0234,A,volatility,low_vol_long,False,640,1253,0.510774,0.7628,0.445606,-0.3619,-0.0025,13,13,none,0,bull,3677,none,0,first_yang,1511,none,0,up_streak2,962,none,0,none,0,mom_oversold,807,std10_hi,32,none,0,False
SCREEN|W12-A-0236,W12-A-0236,A,composite_rotation,top_n_rotation,False,641,1253,0.511572,0.8193,0.412637,-0.0648,-0.0012,15,15,none,0,none,0,wild,5843,first_yang,2246,volume_dry,1279,none,0,none,0,none,0,none,0,std20_hi,1156,rsqr20_hi,157,False
SCREEN|W12-A-0240,W12-A-0240,A,volatility,low_vol_long,False,641,1253,0.511572,0.8193,0.412637,-0.3932,-0.0008,4,4,p3,0,none,0,wild,519,none,0,none,0,down_streak2,358,deep_pullback,80,amp_wide,10,mom_oversold,17,std10_hi,10,rsqr10_hi,9,False
SCREEN|W12-A-0243,W12-A-0243,A,ta,engulf_reversal,False,627,1253,0.500399,0.0283,0.977462,-0.3928,-0.0219,9,9,p5,0,bear,547,calm,158,none,0,volume_dry,268,none,0,none,0,none,0,mom_oversold,243,std20_hi,22,none,0,False
SCREEN|W12-A-0246,W12-A-0246,A,volatility,low_vol_long,False,641,1253,0.511572,0.8193,0.412637,-0.3934,-0.0014,5,5,none,0,bear,1329,none,0,first_yang,608,none,0,none,0,none,0,amp_narrow,306,none,0,std20_hi,323,rsqr20_hi,8,False
SCREEN|W12-A-0248,W12-A-0248,A,composite_rotation,top_n_rotation,False,638,1253,0.509178,0.6498,0.515848,0.1651,-0.0064,39,39,none,0,none,0,calm,2254,none,0,none,0,none,0,none,0,amp_wide,1349,mom_oversold,1202,none,0,rsqr20_hi,27,False
SCREEN|W12-A-0260,W12-A-0260,A,composite_rotation,top_n_rotation,False,640,1253,0.510774,0.7628,0.445606,-0.4289,-0.0034,10,10,p3,0,bull,870,none,0,none,0,volume_dry,438,none,0,none,0,none,0,mom_oversold,321,std10_hi,41,none,0,False
SCREEN|W12-A-0263,W12-A-0263,A,patterns,vol_drought_reversal,False,642,1253,0.51237,0.8758,0.381159,0.2986,-0.001,5,5,a25,0,bear,5382,wild,5132,none,0,volume_surge,1297,none,0,deep_pullback,465,amp_wide,160,mom_oversold,230,std10_hi,77,rsqr20_hi,251,False
SCREEN|W12-A-0268,W12-A-0268,A,patterns,needle_probe,False,648,1253,0.517159,1.2148,0.224455,0.5372,-0.0023,14,14,none,0,bear,594,wild,434,first_yang,322,none,0,none,0,deep_pullback,168,amp_wide,53,mom_oversold,36,std20_hi,24,none,0,True
SCREEN|W12-A-0272,W12-A-0272,A,composite_rotation,top_n_rotation,False,641,1253,0.511572,0.8193,0.412637,0.1898,-0.0006,1,1,p12,0,none,0,wild,2680,first_yang,1041,volume_surge,584,down_streak2,550,deep_pullback,20,amp_narrow,6,none,0,none,0,none,0,False
SCREEN|W12-A-0284,W12-A-0284,A,composite_rotation,top_n_rotation,False,639,1253,0.509976,0.7063,0.480027,0.4455,-0.0096,43,43,p3,0,bull,2684,calm,1328,first_yang,409,none,0,none,0,none,0,amp_wide,265,none,0,none,0,rsqr10_hi,200,False
SCREEN|W12-A-0293,W12-A-0293,A,patterns,vol_drought_reversal,False,641,1253,0.511572,0.8193,0.412637,0.5294,-0.0,5,5,a15,0,bear,659,wild,501,none,0,volume_dry,78,up_streak2,127,deep_pullback,18,amp_wide,0,none,0,none,0,none,0,False
SCREEN|W12-A-0294,W12-A-0294,A,volatility,low_vol_long,False,641,1253,0.511572,0.8193,0.412637,-0.5305,-0.001,6,6,p8,0,bear,4061,none,0,none,0,volume_surge,1900,down_streak2,1192,deep_pullback,397,amp_wide,9,none,0,std20_hi,130,rsqr20_hi,25,False
SCREEN|W12-A-0296,W12-A-0296,A,composite_rotation,top_n_rotation,False,641,1253,0.511572,0.8193,0.412637,-0.9281,-0.0088,29,29,a20,0,bear,1493,none,0,none,0,volume_dry,809,down_streak2,616,oversold_rsv,149,none,0,mom_oversold,84,none,0,none,0,False
SCREEN|W12-A-0302,W12-A-0302,A,composite_rotation,top_n_rotation,False,641,1253,0.511572,0.8193,0.412637,-0.3932,-0.0005,1,1,p5,0,none,0,none,0,none,0,none,0,down_streak2,1483,deep_pullback,403,amp_narrow,70,none,0,std10_hi,15,none,0,False
SCREEN|W12-A-0303,W12-A-0303,A,ta,engulf_reversal,False,631,1253,0.503591,0.2543,0.7993,-0.2814,-0.0193,18,17,p12,0,none,0,none,0,none,0,none,0,none,0,none,0,amp_narrow,226,none,0,std10_hi,163,none,0,False
SCREEN|W12-A-0308,W12-A-0308,A,composite_rotation,top_n_rotation,False,638,1253,0.509178,0.6498,0.515848,-0.6691,-0.0422,111,111,a25,0,bear,2307,none,0,none,0,volume_surge,1365,none,0,none,0,none,0,none,0,std10_hi,1110,none,0,False
SCREEN|W12-A-0313,W12-A-0313,A,composite_rotation,top_n_rotation,False,641,1253,0.511572,0.8193,0.412637,-0.5388,-0.004,4,4,p12,0,bull,1707,none,0,first_yang,590,none,0,up_streak2,439,none,0,amp_wide,235,none,0,std10_hi,182,rsqr20_hi,18,False
SCREEN|W12-A-0318,W12-A-0318,A,volatility,low_vol_long,False,642,1253,0.51237,0.8758,0.381159,0.2923,-0.0026,15,15,p12,0,none,0,wild,1408,none,0,volume_dry,600,none,0,deep_pullback,576,none,0,none,0,std20_hi,80,none,0,False
SCREEN|W12-A-0333,W12-A-0333,A,ta,engulf_reversal,False,662,1253,0.528332,2.0058,0.04488,0.0619,-0.0236,9,9,p12,0,bear,1853,none,0,none,0,none,0,down_streak2,2015,none,0,none,0,mom_oversold,552,std20_hi,186,rsqr20_hi,99,True
SCREEN|W12-A-0335,W12-A-0335,A,patterns,vol_drought_reversal,False,647,1253,0.516361,1.1583,0.246755,0.2059,-0.0017,13,13,p8,0,bull,3373,wild,751,first_yang,394,volume_surge,501,up_streak2,136,none,0,none,0,mom_oversold,68,std20_hi,25,none,0,True
SCREEN|W12-A-0371,W12-A-0371,A,patterns,vol_drought_reversal,False,641,1253,0.511572,0.8193,0.412637,0.2862,-0.0007,5,5,p8,0,bull,825,wild,87,none,0,volume_dry,252,none,0,oversold_rsv,266,none,0,none,0,std20_hi,175,rsqr20_hi,0,False
SCREEN|W12-A-0372,W12-A-0372,A,volatility,low_vol_long,False,655,1253,0.522745,1.6103,0.107338,0.0832,-0.0196,37,37,a20,0,bear,6496,none,0,none,0,none,0,none,0,oversold_rsv,3656,amp_narrow,1399,none,0,std20_hi,840,none,0,True
SCREEN|W12-A-0381,W12-A-0381,A,ta,engulf_reversal,False,641,1253,0.511572,0.8193,0.412637,0.4598,-0.0002,2,2,p3,0,bear,113,wild,111,first_yang,15,none,0,none,0,oversold_rsv,11,none,0,mom_oversold,0,none,0,none,0,False
SCREEN|W12-A-0385,W12-A-0385,A,composite_rotation,top_n_rotation,False,641,1253,0.511572,0.8193,0.412637,-0.5556,-0.0025,6,6,a25,0,none,0,none,0,first_yang,2074,none,0,up_streak2,1234,oversold_rsv,767,amp_wide,45,mom_oversold,21,none,0,none,0,False
SCREEN|W12-A-0386,W12-A-0386,A,composite_rotation,top_n_rotation,False,631,1253,0.503591,0.2543,0.7993,-0.6564,-0.0212,39,39,none,0,none,0,calm,298,none,0,volume_surge,137,down_streak2,166,none,0,amp_wide,18,none,0,none,0,none,0,False
SCREEN|W12-A-0390,W12-A-0390,A,volatility,low_vol_long,False,641,1253,0.511572,0.8193,0.412637,-0.3932,-0.0012,5,5,p5,0,bull,4402,none,0,none,0,volume_dry,1675,up_streak2,1281,oversold_rsv,428,amp_narrow,0,mom_oversold,10,none,0,none,0,False
SCREEN|W12-A-0395,W12-A-0395,A,patterns,vol_drought_reversal,False,641,1253,0.511572,0.8193,0.412637,-0.5582,-0.0086,3,3,a20,0,none,0,none,0,none,0,volume_dry,5,up_streak2,14,none,0,none,0,mom_oversold,1,none,0,rsqr20_hi,2,False
SCREEN|W12-A-0396,W12-A-0396,A,volatility,low_vol_long,False,641,1253,0.511572,0.8193,0.412637,-0.3506,-0.0013,10,10,a15,0,bear,4244,wild,2385,first_yang,635,volume_surge,355,down_streak2,335,none,0,amp_wide,5,mom_oversold,10,none,0,none,0,False
SCREEN|W12-A-0397,W12-A-0397,A,composite_rotation,top_n_rotation,False,641,1253,0.511572,0.8193,0.412637,0.1747,-0.0017,11,11,none,0,bear,1918,wild,1419,none,0,volume_surge,423,down_streak2,267,oversold_rsv,21,none,0,none,0,none,0,rsqr10_hi,66,False
SCREEN|W12-A-0403,W12-A-0403,A,composite_rotation,top_n_rotation,False,634,1253,0.505986,0.4238,0.671744,-0.3436,-0.0166,18,18,a25,0,none,0,none,0,none,0,none,0,none,0,oversold_rsv,1164,amp_wide,127,none,0,std10_hi,189,rsqr10_hi,23,False
SCREEN|W12-A-0406,W12-A-0406,A,patterns,needle_probe,False,651,1253,0.519553,1.3843,0.166276,0.273,-0.0046,4,4,none,0,bull,118,wild,8,none,0,none,0,down_streak2,10,none,0,amp_narrow,2,none,0,none,0,none,0,True
SCREEN|W12-A-0411,W12-A-0411,A,ta,engulf_reversal,False,642,1253,0.51237,0.8758,0.381159,0.2179,-0.0088,13,13,a25,0,bear,317,wild,96,none,0,none,0,none,0,deep_pullback,56,amp_wide,32,mom_oversold,15,none,0,none,0,False
SCREEN|W12-A-0413,W12-A-0413,A,patterns,vol_drought_reversal,False,640,1253,0.510774,0.7628,0.445606,-0.3932,-0.0011,1,1,a25,0,bear,2096,wild,1066,none,0,none,0,up_streak2,486,deep_pullback,61,none,0,none,0,std20_hi,4,rsqr10_hi,20,False
SCREEN|W12-A-0417,W12-A-0417,A,ta,engulf_reversal,False,642,1253,0.51237,0.8758,0.381159,0.2861,-0.01,17,17,a25,0,none,0,wild,97,none,0,volume_surge,178,up_streak2,72,none,0,amp_narrow,55,none,0,none,0,none,0,False
SCREEN|W12-A-0440,W12-A-0440,A,composite_rotation,top_n_rotation,False,640,1253,0.510774,0.7628,0.445606,-0.1955,-0.0015,3,3,p5,0,none,0,wild,2514,first_yang,1054,volume_surge,655,up_streak2,340,oversold_rsv,235,amp_narrow,9,none,0,std10_hi,6,none,0,False
SCREEN|W12-A-0444,W12-A-0444,A,volatility,low_vol_long,False,641,1253,0.511572,0.8193,0.412637,-0.3932,-0.0001,3,3,p5,0,bull,2751,wild,951,none,0,volume_surge,582,up_streak2,354,deep_pullback,153,amp_wide,9,none,0,std20_hi,0,none,0,False
SCREEN|W12-A-0455,W12-A-0455,A,patterns,vol_drought_reversal,False,641,1253,0.511572,0.8193,0.412637,0.4906,-0.0007,2,2,p5,0,none,0,calm,182,none,0,volume_dry,58,down_streak2,51,oversold_rsv,1,none,0,mom_oversold,1,none,0,none,0,False
SCREEN|W12-A-0468,W12-A-0468,A,volatility,low_vol_long,False,610,1253,0.486832,-0.9323,0.351201,-1.4368,-0.0921,465,465,p8,0,none,0,none,0,first_yang,3572,volume_dry,1823,none,0,none,0,amp_wide,1276,none,0,none,0,none,0,False
SCREEN|W12-A-0469,W12-A-0469,A,composite_rotation,top_n_rotation,False,637,1253,0.50838,0.5933,0.553008,-0.451,-0.0133,13,13,p5,0,none,0,none,0,none,0,volume_surge,1032,none,0,none,0,none,0,mom_oversold,894,std10_hi,62,none,0,False
SCREEN|W12-A-0475,W12-A-0475,A,composite_rotation,top_n_rotation,False,641,1253,0.511572,0.8193,0.412637,-0.3932,-0.0002,3,3,a15,0,bull,2575,none,0,none,0,volume_dry,1079,up_streak2,859,none,0,amp_narrow,85,none,0,std20_hi,207,rsqr20_hi,8,False
SCREEN|W12-A-0479,W12-A-0479,A,patterns,vol_drought_reversal,False,641,1253,0.511572,0.8193,0.412637,-0.4539,-0.0209,5,5,p3,0,bear,5382,calm,2500,none,0,none,0,down_streak2,3612,deep_pullback,1220,amp_wide,75,none,0,none,0,rsqr10_hi,207,False
SCREEN|W12-A-0484,W12-A-0484,A,patterns,needle_probe,False,649,1253,0.517957,1.2713,0.203633,0.1477,-0.0127,16,16,none,0,none,0,wild,154,none,0,none,0,down_streak2,178,none,0,amp_wide,23,none,0,none,0,none,0,True
SCREEN|W12-A-0485,W12-A-0485,A,patterns,vol_drought_reversal,False,641,1253,0.511572,0.8193,0.412637,-0.5562,-0.0022,1,1,p3,0,bear,117,none,0,none,0,volume_surge,95,down_streak2,62,deep_pullback,5,none,0,none,0,std20_hi,5,rsqr20_hi,1,False
SCREEN|W12-A-0488,W12-A-0488,A,composite_rotation,top_n_rotation,False,636,1253,0.507582,0.5368,0.591435,-0.6527,-0.023,18,18,p5,0,bull,2563,wild,986,none,0,none,0,up_streak2,850,deep_pullback,447,none,0,mom_oversold,13,none,0,none,0,False
SCREEN|W12-B-0034,W12-B-0034,B,patterns,macd_divergence,False,636,1253,0.507582,0.5368,0.591435,-0.3808,-0.0421,13,13,a15,0,none,0,none,0,first_yang,4060,volume_dry,2016,none,0,deep_pullback,1320,amp_narrow,106,none,0,std20_hi,194,none,0,False
SCREEN|W12-B-0036,W12-B-0036,B,patterns,n_shape,False,646,1253,0.515563,1.1018,0.270564,0.1787,-0.0102,4,4,p8,0,bear,2449,wild,691,first_yang,261,volume_surge,220,up_streak2,81,none,0,amp_narrow,29,none,0,std10_hi,26,none,0,True
SCREEN|W12-B-0041,W12-B-0041,B,patterns,yang_break_3ma,False,641,1253,0.511572,0.8193,0.412637,0.5397,0.0,4,4,p8,0,bear,8627,calm,2118,none,0,volume_surge,1766,up_streak2,999,oversold_rsv,355,none,0,none,0,std10_hi,58,rsqr10_hi,4,False
SCREEN|W12-B-0049,W12-B-0049,B,sentiment,overnight_drift,False,638,1253,0.509178,0.6498,0.515848,0.2162,-0.0042,20,20,a20,0,none,0,none,0,first_yang,6885,volume_dry,3654,down_streak2,3181,none,0,amp_narrow,46,none,0,std10_hi,157,none,0,False
SCREEN|W12-B-0051,W12-B-0051,B,sentiment,turnover_surge,False,633,1253,0.505188,0.3673,0.713429,-0.6993,-0.0205,6,6,p3,0,bull,96,calm,109,none,0,volume_surge,16,none,0,none,0,amp_wide,9,none,0,none,0,rsqr10_hi,29,False
SCREEN|W12-B-0054,W12-B-0054,B,ta,hammer_reversal,False,642,1253,0.51237,0.8758,0.381159,-0.3257,-0.004,4,4,p3,0,none,0,none,0,first_yang,25,volume_dry,31,up_streak2,17,none,0,none,0,none,0,none,0,none,0,False
SCREEN|W12-B-0060,W12-B-0060,B,ta,streak_up,False,653,1253,0.521149,1.4973,0.134323,0.3745,-0.0021,7,7,a25,0,none,0,wild,7604,none,0,volume_surge,2840,down_streak2,2681,deep_pullback,160,amp_wide,2,mom_oversold,22,none,0,rsqr10_hi,59,True
SCREEN|W12-B-0067,W12-B-0067,B,trend,supertrend,False,641,1253,0.511572,0.8193,0.412637,-0.0119,-0.0014,10,10,p12,0,none,0,none,0,none,0,volume_dry,8790,down_streak2,7267,oversold_rsv,1426,amp_narrow,359,none,0,std20_hi,252,none,0,False
SCREEN|W12-B-0069,W12-B-0069,B,volatility,vol_breakout,False,641,1253,0.511572,0.8193,0.412637,0.0923,-0.0003,4,4,p8,0,bull,1574,wild,146,none,0,volume_dry,661,none,0,oversold_rsv,425,amp_narrow,6,none,0,none,0,none,0,False
SCREEN|W12-B-0074,W12-B-0074,B,event,double_bottom,False,641,1253,0.511572,0.8193,0.412637,-0.397,-0.0032,6,6,a15,0,none,0,none,0,none,0,none,0,up_streak2,923,none,0,none,0,mom_oversold,509,none,0,none,0,False
SCREEN|W12-B-0077,W12-B-0077,B,folk,false_break_back,False,641,1253,0.511572,0.8193,0.412637,-0.3378,-0.0028,10,10,p8,0,none,0,calm,1741,none,0,volume_surge,785,none,0,deep_pullback,1345,amp_wide,6,none,0,std20_hi,10,none,0,False
SCREEN|W12-B-0083,W12-B-0083,B,folk,volume_mound,False,638,1253,0.509178,0.6498,0.515848,-0.0603,-0.0078,6,6,none,0,none,0,wild,3712,none,0,none,0,none,0,oversold_rsv,3738,amp_narrow,206,none,0,std20_hi,48,rsqr10_hi,14,False
SCREEN|W12-B-0090,W12-B-0090,B,mean_reversion,rsi2,False,641,1253,0.511572,0.8193,0.412637,-0.3932,-0.0003,1,1,p8,0,bear,1335,calm,422,first_yang,556,volume_dry,88,down_streak2,89,deep_pullback,26,amp_wide,3,none,0,none,0,none,0,False
SCREEN|W12-B-0096,W12-B-0096,B,momentum,relative_strength_rotation,False,654,1253,0.521947,1.5538,0.120239,0.0571,-0.0881,340,342,a15,0,none,0,calm,1889,first_yang,1276,none,0,up_streak2,668,none,0,none,0,none,0,none,0,none,0,True
SCREEN|W12-B-0098,W12-B-0098,B,patterns,big_yin_shakeout,False,635,1253,0.506784,0.4803,0.631045,-0.4367,-0.0268,14,14,p5,0,none,0,none,0,none,0,none,0,none,0,none,0,none,0,none,0,none,0,rsqr10_hi,456,False
SCREEN|W12-B-0112,W12-B-0112,B,patterns,three_soldiers,False,641,1253,0.511572,0.8193,0.412637,-0.6151,-0.0014,2,2,p8,0,bull,2493,wild,1300,none,0,volume_dry,691,none,0,oversold_rsv,448,none,0,mom_oversold,9,none,0,rsqr20_hi,8,False
SCREEN|W12-B-0113,W12-B-0113,B,patterns,yang_break_3ma,False,641,1253,0.511572,0.8193,0.412637,0.0191,-0.0013,3,3,a20,0,bull,1835,wild,943,first_yang,319,volume_dry,402,none,0,none,0,amp_narrow,79,none,0,std10_hi,224,none,0,False
SCREEN|W12-B-0119,W12-B-0119,B,sentiment,amount_rank,False,650,1253,0.518755,1.3278,0.184255,0.19,-0.0111,9,9,a20,0,none,0,wild,1580,none,0,volume_surge,623,up_streak2,413,deep_pullback,140,amp_narrow,11,none,0,none,0,none,0,True
SCREEN|W12-B-0122,W12-B-0122,B,sentiment,price_volume_trend,False,593,1253,0.473264,-1.8928,0.058388,-0.466,-0.0704,221,218,p5,0,bull,5081,calm,2415,first_yang,798,volume_surge,902,none,0,none,0,amp_wide,301,none,0,none,0,none,0,False
SCREEN|W12-B-0125,W12-B-0125,B,ta,cci_revert,False,638,1253,0.509178,0.6498,0.515848,-0.249,-0.0066,11,11,a20,0,none,0,wild,579,none,0,none,0,none,0,none,0,amp_narrow,214,none,0,std20_hi,256,rsqr20_hi,9,False
SCREEN|W12-B-0126,W12-B-0126,B,ta,hammer_reversal,False,641,1253,0.511572,0.8193,0.412637,0.3538,-0.0019,4,4,a15,0,bull,1933,wild,133,none,0,volume_surge,426,none,0,oversold_rsv,208,none,0,none,0,std20_hi,43,none,0,False
SCREEN|W12-B-0136,W12-B-0136,B,trend,donchian_breakout,False,615,1253,0.490822,-0.6498,0.515848,0.1502,-0.0533,121,121,p8,0,bull,9520,calm,5622,none,0,none,0,none,0,none,0,none,0,none,0,none,0,rsqr10_hi,3985,False
SCREEN|W12-B-0137,W12-B-0137,B,trend,dual_ma_cross,False,640,1253,0.510774,0.7628,0.445606,-0.4594,-0.01,38,38,p12,0,bear,2432,none,0,none,0,none,0,down_streak2,1118,oversold_rsv,243,amp_wide,63,mom_oversold,125,none,0,none,0,False
SCREEN|W12-B-0144,W12-B-0144,B,composite_rotation,composite_score,False,651,1253,0.519553,1.3843,0.166276,0.8436,0.0,15,15,p12,0,none,0,none,0,none,0,volume_surge,8065,down_streak2,5750,deep_pullback,1382,none,0,none,0,std10_hi,255,rsqr10_hi,107,True
SCREEN|W12-B-0169,W12-B-0169,B,momentum,time_series_momentum,False,641,1253,0.511572,0.8193,0.412637,-0.4925,-0.0007,5,5,a25,0,none,0,none,0,first_yang,3854,volume_surge,3702,up_streak2,1895,none,0,amp_narrow,1408,mom_oversold,546,std20_hi,89,none,0,False
SCREEN|W12-B-0171,W12-B-0171,B,patterns,box_breakout,False,639,1253,0.509976,0.7063,0.480027,-0.4435,-0.0014,4,4,p5,0,none,0,wild,671,first_yang,281,none,0,none,0,deep_pullback,422,amp_wide,11,mom_oversold,13,std10_hi,0,none,0,False
SCREEN|W12-B-0177,W12-B-0177,B,patterns,ma_converge_break,False,637,1253,0.50838,0.5933,0.553008,-0.448,-0.0122,34,34,p8,0,bear,6225,none,0,none,0,none,0,none,0,none,0,amp_wide,1921,mom_oversold,1383,none,0,rsqr20_hi,137,False
SCREEN|W12-B-0184,W12-B-0184,B,patterns,three_soldiers,False,638,1253,0.509178,0.6498,0.515848,0.1903,-0.0123,11,11,none,0,bear,7373,none,0,first_yang,1922,none,0,up_streak2,1230,none,0,none,0,mom_oversold,1097,std10_hi,1,none,0,False
SCREEN|W12-B-0194,W12-B-0194,B,sentiment,price_volume_trend,False,595,1253,0.47486,-1.7798,0.075113,-0.5755,-0.0854,86,86,p5,0,bear,10994,wild,3977,none,0,volume_dry,962,up_streak2,807,none,0,none,0,none,0,none,0,none,0,False
SCREEN|W12-B-0200,W12-B-0200,B,ta,macd_trend,False,643,1253,0.513168,0.9323,0.351201,-0.0567,-0.0024,10,10,p8,0,none,0,wild,2625,none,0,volume_dry,1002,none,0,deep_pullback,910,amp_wide,47,none,0,none,0,none,0,False
SCREEN|W12-B-0201,W12-B-0201,B,ta,nr7_breakout,False,631,1253,0.503591,0.2543,0.7993,-0.79,-0.0302,36,36,a25,0,bull,5413,none,0,none,0,volume_surge,2593,up_streak2,1745,none,0,none,0,none,0,none,0,rsqr20_hi,833,False
SCREEN|W12-B-0206,W12-B-0206,B,ta,vol_breakout,False,650,1253,0.518755,1.3278,0.184255,0.3628,-0.0055,10,10,a15,0,none,0,none,0,none,0,volume_surge,1015,down_streak2,1011,deep_pullback,179,amp_wide,0,mom_oversold,21,none,0,none,0,True
SCREEN|W12-B-0211,W12-B-0211,B,trend,supertrend,False,651,1253,0.519553,1.3843,0.166276,0.5592,-0.008,17,17,a15,0,none,0,calm,8050,none,0,volume_surge,5082,none,0,none,0,amp_wide,1643,none,0,std10_hi,3234,none,0,True
SCREEN|W12-B-0230,W12-B-0230,B,macro,drawdown_filter,False,641,1253,0.511572,0.8193,0.412637,-0.5347,-0.0104,5,5,a25,0,bull,7065,wild,3965,none,0,volume_surge,958,up_streak2,807,deep_pullback,471,none,0,none,0,std10_hi,15,none,0,False
SCREEN|W12-B-0234,W12-B-0234,B,mean_reversion,rsi2,False,641,1253,0.511572,0.8193,0.412637,0.1095,-0.0003,1,1,p8,0,none,0,wild,1204,none,0,volume_surge,620,none,0,none,0,amp_narrow,455,mom_oversold,68,std10_hi,13,none,0,False
SCREEN|W12-B-0237,W12-B-0237,B,momentum,cross_sectional_momentum,False,637,1253,0.50838,0.5933,0.553008,-0.3613,-0.0069,7,7,a25,0,bear,631,none,0,first_yang,192,none,0,down_streak2,254,deep_pullback,12,amp_wide,3,none,0,none,0,none,0,False
SCREEN|W12-B-0244,W12-B-0244,B,patterns,doji_at_low,False,643,1253,0.513168,0.9323,0.351201,0.3781,-0.006,7,7,a20,0,none,0,calm,1699,first_yang,343,volume_surge,358,none,0,deep_pullback,497,none,0,mom_oversold,21,std20_hi,24,none,0,False
SCREEN|W12-B-0254,W12-B-0254,B,patterns,piercing_line,False,639,1253,0.509976,0.7063,0.480027,-0.4827,-0.0052,3,3,a15,0,bear,81,calm,93,none,0,volume_surge,56,down_streak2,48,deep_pullback,5,none,0,none,0,none,0,none,0,False
SCREEN|W12-B-0264,W12-B-0264,B,sentiment,intraday_momentum,False,644,1253,0.513966,0.9888,0.322779,0.2263,-0.0033,10,10,p5,0,bear,4995,wild,2221,none,0,none,0,none,0,deep_pullback,1131,amp_wide,182,none,0,std10_hi,75,rsqr10_hi,81,True
SCREEN|W12-B-0265,W12-B-0265,B,sentiment,overnight_drift,False,649,1253,0.517957,1.2713,0.203633,0.4074,-0.0042,23,23,p5,0,none,0,wild,2902,none,0,volume_surge,1281,down_streak2,1072,oversold_rsv,115,none,0,none,0,std10_hi,62,none,0,True
SCREEN|W12-B-0266,W12-B-0266,B,sentiment,price_volume_trend,False,640,1253,0.510774,0.7628,0.445606,-0.3927,-0.0223,17,17,p12,0,none,0,calm,4513,none,0,none,0,none,0,oversold_rsv,3535,none,0,none,0,std20_hi,415,rsqr20_hi,2,False
SCREEN|W12-B-0271,W12-B-0271,B,ta,kdj_reversal,False,641,1253,0.511572,0.8193,0.412637,-0.0202,-0.0065,5,5,a20,0,bear,6168,calm,1358,first_yang,2321,volume_dry,742,none,0,deep_pullback,758,amp_narrow,4,mom_oversold,10,none,0,rsqr20_hi,7,False
SCREEN|W12-B-0274,W12-B-0274,B,ta,rsi_divergence,False,641,1253,0.511572,0.8193,0.412637,0.0118,-0.0031,19,19,p3,0,bull,3732,none,0,none,0,volume_surge,1253,none,0,oversold_rsv,960,none,0,mom_oversold,33,none,0,none,0,False
SCREEN|W12-B-0285,W12-B-0285,B,volatility,vol_breakout,False,639,1253,0.509976,0.7063,0.480027,-0.5379,-0.0022,5,5,a15,0,none,0,none,0,first_yang,1542,volume_dry,901,up_streak2,552,none,0,amp_narrow,136,none,0,std20_hi,217,rsqr10_hi,52,False
SCREEN|W12-B-0288,W12-B-0288,B,composite_rotation,composite_score,False,635,1253,0.506784,0.4803,0.631045,0.3299,-0.0194,83,83,a25,0,none,0,none,0,none,0,none,0,none,0,oversold_rsv,21899,amp_wide,2179,none,0,none,0,rsqr20_hi,2421,False
SCREEN|W12-B-0293,W12-B-0293,B,folk,false_break_back,False,639,1253,0.509976,0.7063,0.480027,-0.4226,-0.0034,3,3,a15,0,bear,1377,calm,157,none,0,none,0,down_streak2,301,deep_pullback,108,amp_narrow,10,mom_oversold,0,none,0,rsqr20_hi,3,False
SCREEN|W12-B-0295,W12-B-0295,B,folk,lian_yin_first_yang,False,638,1253,0.509178,0.6498,0.515848,-0.4097,-0.0518,33,33,p8,0,bear,6473,calm,2017,first_yang,1397,none,0,none,0,none,0,none,0,mom_oversold,1849,none,0,rsqr20_hi,14,False
SCREEN|W12-B-0298,W12-B-0298,B,folk,second_wave,False,615,1253,0.490822,-0.6498,0.515848,-0.9879,-0.0867,68,68,p8,0,bull,3476,none,0,first_yang,1499,volume_surge,1306,none,0,none,0,none,0,none,0,none,0,rsqr20_hi,954,False
SCREEN|W12-B-0304,W12-B-0304,B,mean_reversion,bollinger_breakout,False,642,1253,0.51237,0.8758,0.381159,0.26,-0.0047,10,10,a25,0,bear,1430,wild,765,first_yang,379,none,0,none,0,deep_pullback,294,amp_wide,18,none,0,std20_hi,3,none,0,False
SCREEN|W12-B-0312,W12-B-0312,B,momentum,relative_strength_rotation,False,635,1253,0.506784,0.4803,0.631045,-0.2319,-0.018,56,56,none,0,bear,374,calm,186,none,0,volume_surge,147,down_streak2,116,none,0,none,0,none,0,none,0,none,0,False
SCREEN|W12-B-0317,W12-B-0317,B,patterns,duck_head,False,641,1253,0.511572,0.8193,0.412637,0.1725,-0.0018,6,6,p8,0,bear,3871,calm,822,first_yang,839,none,0,none,0,deep_pullback,677,amp_narrow,11,mom_oversold,11,none,0,rsqr20_hi,1,False
SCREEN|W12-B-0319,W12-B-0319,B,patterns,inside_bar_breakup,False,637,1253,0.50838,0.5933,0.553008,-0.1741,-0.0117,14,14,p3,0,none,0,wild,4511,first_yang,1731,volume_dry,1080,none,0,none,0,amp_narrow,307,none,0,std20_hi,611,rsqr10_hi,90,False
SCREEN|W12-B-0326,W12-B-0326,B,patterns,piercing_line,False,641,1253,0.511572,0.8193,0.412637,-0.0693,-0.0225,2,2,p12,0,bear,400,calm,399,none,0,none,0,none,0,none,0,amp_narrow,295,mom_oversold,242,std20_hi,31,rsqr10_hi,7,False
SCREEN|W12-B-0329,W12-B-0329,B,patterns,yang_break_3ma,False,640,1253,0.510774,0.7628,0.445606,-0.1615,-0.0083,42,42,p8,0,none,0,none,0,first_yang,9656,none,0,up_streak2,5963,deep_pullback,5821,none,0,none,0,std10_hi,82,none,0,False
SCREEN|W12-B-0337,W12-B-0337,B,sentiment,overnight_drift,False,641,1253,0.511572,0.8193,0.412637,0.4698,-0.0023,19,19,a15,0,none,0,wild,9743,none,0,volume_surge,4096,down_streak2,3453,deep_pullback,634,none,0,mom_oversold,69,std20_hi,83,none,0,False
SCREEN|W12-B-0341,W12-B-0341,B,ta,cci_revert,False,650,1253,0.518755,1.3278,0.184255,0.7873,-0.0005,12,12,p3,0,none,0,wild,5473,none,0,volume_surge,2095,down_streak2,1300,deep_pullback,188,amp_wide,13,none,0,none,0,rsqr10_hi,106,True
SCREEN|W12-B-0343,W12-B-0343,B,ta,kdj_reversal,False,645,1253,0.514765,1.0453,0.295901,0.3737,-0.0025,3,3,p3,0,bear,2808,none,0,none,0,none,0,none,0,deep_pullback,1617,amp_narrow,163,none,0,std20_hi,47,rsqr20_hi,1,True
SCREEN|W12-B-0345,W12-B-0345,B,ta,nr7_breakout,False,641,1253,0.511572,0.8193,0.412637,0.01,-0.0012,6,6,p3,0,none,0,calm,8667,first_yang,5234,volume_surge,3003,none,0,oversold_rsv,3225,amp_wide,118,none,0,std20_hi,169,rsqr20_hi,0,False
SCREEN|W12-B-0356,W12-B-0356,B,trend,triple_ma,False,641,1253,0.511572,0.8193,0.412637,-0.4628,-0.0017,13,13,a15,0,bear,14187,calm,2071,first_yang,2522,none,0,none,0,none,0,none,0,mom_oversold,1766,std20_hi,51,none,0,False
SCREEN|W12-B-0357,W12-B-0357,B,volatility,vol_breakout,False,648,1253,0.517159,1.2148,0.224455,0.3766,-0.0107,26,26,p5,0,none,0,none,0,none,0,volume_surge,374,none,0,deep_pullback,343,none,0,none,0,std20_hi,63,none,0,True
SCREEN|W12-B-0370,W12-B-0370,B,folk,second_wave,False,650,1253,0.518755,1.3278,0.184255,0.3587,-0.0056,6,6,p3,0,bull,2235,wild,1913,none,0,none,0,up_streak2,1132,none,0,none,0,mom_oversold,543,std20_hi,23,none,0,True
SCREEN|W12-B-0379,W12-B-0379,B,mean_reversion,rsi_revert,False,685,1253,0.546688,3.3053,0.000949,0.3215,-0.0338,168,168,a15,0,none,0,none,0,none,0,none,0,down_streak2,8544,deep_pullback,2252,amp_wide,149,none,0,none,0,none,0,True
SCREEN|W12-B-0381,W12-B-0381,B,momentum,cross_sectional_momentum,False,639,1253,0.509976,0.7063,0.480027,-0.2703,-0.0033,7,7,p5,0,bear,2895,calm,951,none,0,volume_dry,837,none,0,deep_pullback,848,amp_wide,37,mom_oversold,22,none,0,none,0,False
SCREEN|W12-B-0387,W12-B-0387,B,patterns,box_breakout,False,635,1253,0.506784,0.4803,0.631045,-0.1249,-0.0107,48,47,p8,0,bear,11663,calm,2487,none,0,none,0,none,0,none,0,amp_wide,2318,mom_oversold,2106,none,0,none,0,False
SCREEN|W12-B-0389,W12-B-0389,B,patterns,duck_head,False,638,1253,0.509178,0.6498,0.515848,-0.1045,-0.0127,18,18,p3,0,bear,5193,calm,962,none,0,volume_dry,714,none,0,deep_pullback,836,none,0,none,0,none,0,none,0,False
SCREEN|W12-B-0391,W12-B-0391,B,patterns,inside_bar_breakup,False,638,1253,0.509178,0.6498,0.515848,-0.4486,-0.0072,3,3,a15,0,none,0,none,0,none,0,none,0,none,0,oversold_rsv,1920,amp_narrow,148,mom_oversold,51,none,0,rsqr10_hi,19,False
SCREEN|W12-B-0393,W12-B-0393,B,patterns,ma_converge_break,False,642,1253,0.51237,0.8758,0.381159,0.274,-0.0053,32,31,p8,0,none,0,wild,6416,first_yang,2083,none,0,none,0,none,0,none,0,none,0,std20_hi,1913,rsqr20_hi,304,False
SCREEN|W12-B-0394,W12-B-0394,B,patterns,macd_divergence,False,646,1253,0.515563,1.1018,0.270564,0.2356,-0.0289,16,16,p3,0,none,0,none,0,none,0,none,0,none,0,oversold_rsv,2673,amp_wide,987,none,0,std20_hi,1340,rsqr10_hi,202,True
SCREEN|W12-B-0423,W12-B-0423,B,ta,williams_reversal,False,637,1253,0.50838,0.5933,0.553008,-0.4426,-0.0143,19,19,p12,0,none,0,none,0,none,0,volume_dry,1450,up_streak2,1606,none,0,none,0,none,0,std20_hi,308,none,0,False
SCREEN|W12-B-0427,W12-B-0427,B,trend,supertrend,False,642,1253,0.51237,0.8758,0.381159,0.1595,-0.0053,8,8,none,0,none,0,none,0,none,0,none,0,up_streak2,20049,none,0,none,0,mom_oversold,7241,std20_hi,100,rsqr20_hi,37,False
SCREEN|W12-B-0430,W12-B-0430,B,volatility,vol_regime_switch,False,641,1253,0.511572,0.8193,0.412637,-0.3019,-0.0157,10,10,none,0,bull,860,none,0,first_yang,408,volume_surge,290,none,0,none,0,amp_narrow,276,none,0,none,0,rsqr20_hi,85,False
SCREEN|W12-B-0435,W12-B-0435,B,event,gap_fill,False,641,1253,0.511572,0.8193,0.412637,0.0,0.0,0,0,a15,0,none,0,wild,257,first_yang,89,volume_dry,153,none,0,deep_pullback,116,none,0,none,0,std20_hi,45,none,0,False
SCREEN|W12-B-0438,W12-B-0438,B,folk,gap_up_hold,False,642,1253,0.51237,0.8758,0.381159,0.0895,-0.001,1,1,p5,0,bear,5487,none,0,first_yang,1239,none,0,up_streak2,776,none,0,amp_narrow,328,mom_oversold,313,std10_hi,0,none,0,False
SCREEN|W12-B-0441,W12-B-0441,B,folk,rsi_low_flat,False,637,1253,0.50838,0.5933,0.553008,0.1512,-0.0111,15,15,a15,0,bear,1086,calm,459,first_yang,240,volume_surge,222,up_streak2,189,deep_pullback,119,none,0,none,0,none,0,rsqr20_hi,8,False
SCREEN|W12-B-0444,W12-B-0444,B,macro,csi300_momentum_filter,False,628,1253,0.501197,0.0848,0.932459,-0.2047,-0.0142,20,20,p3,0,bear,4846,calm,106,none,0,volume_dry,307,none,0,oversold_rsv,128,none,0,none,0,none,0,none,0,False
SCREEN|W12-B-0450,W12-B-0450,B,mean_reversion,rsi2,False,642,1253,0.51237,0.8758,0.381159,0.5535,0.0,6,6,p5,0,none,0,wild,551,none,0,none,0,down_streak2,143,deep_pullback,149,amp_narrow,33,mom_oversold,0,none,0,none,0,False
SCREEN|W12-B-0454,W12-B-0454,B,momentum,dual_momentum,False,645,1253,0.514765,1.0453,0.295901,0.2081,-0.0051,4,4,a25,0,none,0,calm,1142,first_yang,596,volume_surge,283,none,0,oversold_rsv,248,none,0,none,0,std20_hi,37,rsqr20_hi,0,True
SCREEN|W12-B-0456,W12-B-0456,B,momentum,relative_strength_rotation,False,617,1253,0.492418,-0.5368,0.591435,-0.1505,-0.0449,66,66,p12,0,bear,3776,calm,1255,none,0,volume_dry,1109,none,0,none,0,none,0,none,0,none,0,rsqr10_hi,1053,False
SCREEN|W12-B-0473,W12-B-0473,B,patterns,yang_break_3ma,False,644,1253,0.513966,0.9888,0.322779,-0.1401,-0.0155,52,52,p12,0,bear,6552,none,0,none,0,volume_dry,1913,none,0,oversold_rsv,2058,none,0,mom_oversold,420,none,0,none,0,True
SCREEN|W12-B-0475,W12-B-0475,B,seasonal,month_end_effect,False,641,1253,0.511572,0.8193,0.412637,-0.3258,-0.0025,5,5,p8,0,none,0,calm,1367,none,0,volume_surge,683,down_streak2,716,oversold_rsv,73,amp_wide,41,none,0,none,0,none,0,False
SCREEN|W12-B-0479,W12-B-0479,B,sentiment,amount_rank,False,642,1253,0.51237,0.8758,0.381159,-0.6789,-0.0508,111,111,p5,0,bull,521,wild,219,first_yang,71,none,0,up_streak2,91,none,0,none,0,none,0,none,0,none,0,False
SCREEN|W12-B-0480,W12-B-0480,B,sentiment,intraday_momentum,False,633,1253,0.505188,0.3673,0.713429,-0.7897,-0.0329,15,15,a20,0,bull,2269,wild,1115,none,0,volume_surge,688,none,0,none,0,none,0,none,0,none,0,rsqr10_hi,591,False
SCREEN|W12-B-0482,W12-B-0482,B,sentiment,price_volume_trend,False,639,1253,0.509976,0.7063,0.480027,-0.3932,-0.0021,2,2,none,0,none,0,none,0,none,0,volume_surge,4589,none,0,oversold_rsv,4516,amp_narrow,507,mom_oversold,160,std10_hi,24,rsqr10_hi,3,False
SCREEN|W12-B-0496,W12-B-0496,B,trend,donchian_breakout,False,643,1253,0.513168,0.9323,0.351201,0.2554,-0.0021,10,10,p3,0,none,0,calm,13119,none,0,none,0,none,0,none,0,amp_narrow,8555,none,0,std10_hi,8678,none,0,False
SCREEN|W12-B-0505,W12-B-0505,B,event,breakout_confirm,False,641,1253,0.511572,0.8193,0.412637,0.3932,0.0,1,1,p8,0,bear,470,calm,47,none,0,volume_dry,34,none,0,deep_pullback,44,none,0,none,0,std10_hi,4,none,0,False
SCREEN|W12-B-0506,W12-B-0506,B,event,double_bottom,False,641,1253,0.511572,0.8193,0.412637,0.1981,-0.0007,2,2,p3,0,bear,3880,wild,1858,first_yang,381,volume_dry,236,none,0,none,0,amp_narrow,97,mom_oversold,179,none,0,rsqr10_hi,14,False
SCREEN|W12-B-0509,W12-B-0509,B,folk,false_break_back,False,645,1253,0.514765,1.0453,0.295901,-0.0408,-0.0106,41,41,a20,0,bull,6153,none,0,none,0,none,0,down_streak2,7790,oversold_rsv,1533,none,0,none,0,none,0,none,0,True
SCREEN|W12-B-0510,W12-B-0510,B,folk,gap_up_hold,False,643,1253,0.513168,0.9323,0.351201,0.1481,-0.0015,6,6,a25,0,none,0,none,0,first_yang,152,volume_dry,131,none,0,none,0,none,0,none,0,none,0,rsqr10_hi,114,False
SCREEN|W12-B-0513,W12-B-0513,B,folk,rsi_low_flat,False,628,1253,0.501197,0.0848,0.932459,0.1951,-0.0165,27,27,p8,0,bear,1042,none,0,none,0,volume_dry,1062,up_streak2,766,oversold_rsv,99,none,0,none,0,none,0,none,0,False
SCREEN|W12-B-0522,W12-B-0522,B,mean_reversion,rsi2,False,660,1253,0.526736,1.8928,0.058388,0.694,-0.003,38,38,none,0,none,0,wild,5894,first_yang,2932,volume_surge,924,none,0,none,0,none,0,mom_oversold,678,std10_hi,39,none,0,True
SCREEN|W12-B-0524,W12-B-0524,B,mean_reversion,zscore_revert,False,648,1253,0.517159,1.2148,0.224455,-0.0417,-0.0109,10,10,a15,0,bull,2245,none,0,none,0,volume_dry,423,none,0,none,0,none,0,mom_oversold,331,std10_hi,95,none,0,True
SCREEN|W12-B-0526,W12-B-0526,B,momentum,dual_momentum,False,641,1253,0.511572,0.8193,0.412637,0.6459,-0.0006,10,10,none,0,bear,4375,none,0,first_yang,1864,none,0,none,0,none,0,amp_narrow,766,mom_oversold,845,none,0,rsqr10_hi,40,False
SCREEN|W12-B-0528,W12-B-0528,B,momentum,relative_strength_rotation,False,635,1253,0.506784,0.4803,0.631045,-0.7402,-0.1437,12,12,p12,0,bull,591,wild,189,first_yang,93,volume_surge,78,none,0,none,0,none,0,none,0,std20_hi,57,none,0,False
SCREEN|W12-B-0535,W12-B-0535,B,patterns,inside_bar_breakup,False,622,1253,0.496409,-0.2543,0.7993,-0.8207,-0.0373,74,74,a20,0,bear,1166,none,0,none,0,volume_surge,311,none,0,oversold_rsv,224,amp_wide,13,none,0,none,0,none,0,False
SCREEN|W12-B-0542,W12-B-0542,B,patterns,piercing_line,False,638,1253,0.509178,0.6498,0.515848,-0.5197,-0.0076,6,6,p8,0,bear,108,calm,45,none,0,volume_dry,58,down_streak2,38,oversold_rsv,0,none,0,none,0,none,0,none,0,False
SCREEN|W12-B-0544,W12-B-0544,B,patterns,three_soldiers,False,641,1253,0.511572,0.8193,0.412637,-0.2542,-0.0089,8,8,none,0,bear,8284,wild,2529,first_yang,506,volume_dry,353,up_streak2,248,oversold_rsv,248,amp_narrow,0,none,0,none,0,none,0,False
SCREEN|W12-B-0552,W12-B-0552,B,sentiment,intraday_momentum,False,642,1253,0.51237,0.8758,0.381159,0.2854,-0.0022,10,10,a20,0,bear,2474,wild,1063,first_yang,365,volume_surge,258,none,0,deep_pullback,115,amp_wide,0,mom_oversold,16,std20_hi,0,none,0,False
SCREEN|W12-B-0553,W12-B-0553,B,sentiment,overnight_drift,False,644,1253,0.513966,0.9888,0.322779,0.0053,-0.023,40,40,p8,0,bear,1959,calm,457,first_yang,351,none,0,up_streak2,201,none,0,amp_wide,74,none,0,none,0,none,0,True
SCREEN|W12-B-0568,W12-B-0568,B,trend,donchian_breakout,False,641,1253,0.511572,0.8193,0.412637,0.1508,-0.0083,15,15,p3,0,none,0,none,0,first_yang,1627,none,0,none,0,none,0,none,0,mom_oversold,2055,std10_hi,81,none,0,False
SCREEN|W12-B-0575,W12-B-0575,B,volatility,vol_target,False,647,1253,0.516361,1.1583,0.246755,0.0177,-0.0075,42,42,a25,0,bull,18627,wild,9588,none,0,volume_dry,4894,none,0,oversold_rsv,4340,amp_narrow,100,none,0,none,0,none,0,True
SCREEN|W12-B-0585,W12-B-0585,B,folk,rsi_low_flat,False,613,1253,0.489226,-0.7628,0.445606,-0.8768,-0.0554,156,156,none,0,bull,1879,wild,384,none,0,volume_dry,286,none,0,none,0,amp_narrow,62,none,0,none,0,none,0,False
SCREEN|W12-B-0586,W12-B-0586,B,folk,second_wave,False,634,1253,0.505986,0.4238,0.671744,-0.5292,-0.0132,12,12,p5,0,none,0,calm,5890,first_yang,3069,none,0,none,0,oversold_rsv,4204,amp_wide,145,mom_oversold,95,none,0,none,0,False
SCREEN|W12-B-0594,W12-B-0594,B,mean_reversion,rsi2,False,639,1253,0.509976,0.7063,0.480027,-0.4675,-0.0093,19,19,a20,0,bear,1071,none,0,first_yang,516,none,0,down_streak2,189,oversold_rsv,57,none,0,none,0,none,0,none,0,False
SCREEN|W12-B-0598,W12-B-0598,B,momentum,dual_momentum,False,657,1253,0.524342,1.7233,0.084839,0.466,-0.0007,6,6,a20,0,none,0,none,0,none,0,volume_dry,1893,down_streak2,1543,deep_pullback,402,none,0,mom_oversold,22,std10_hi,28,none,0,True
SCREEN|W12-B-0600,W12-B-0600,B,momentum,relative_strength_rotation,False,655,1253,0.522745,1.6103,0.107338,0.3731,-0.0169,29,29,p5,0,bear,3673,none,0,none,0,none,0,none,0,deep_pullback,2256,none,0,mom_oversold,183,none,0,rsqr10_hi,231,True
SCREEN|W12-B-0617,W12-B-0617,B,patterns,yang_break_3ma,False,641,1253,0.511572,0.8193,0.412637,-0.5135,-0.0088,15,15,p5,0,bear,9290,none,0,first_yang,2947,volume_surge,1597,none,0,oversold_rsv,1279,amp_narrow,200,mom_oversold,123,none,0,none,0,False
SCREEN|W12-B-0624,W12-B-0624,B,sentiment,intraday_momentum,False,645,1253,0.514765,1.0453,0.295901,0.4102,-0.0036,30,30,a15,0,bear,12462,none,0,first_yang,2653,none,0,none,0,oversold_rsv,4270,amp_wide,477,mom_oversold,410,std10_hi,30,none,0,True
SCREEN|W12-B-0628,W12-B-0628,B,ta,bb_squeeze_breakout,False,638,1253,0.509178,0.6498,0.515848,-0.5487,-0.0039,2,2,p12,0,bull,62,calm,54,none,0,none,0,up_streak2,17,none,0,amp_wide,2,none,0,none,0,rsqr20_hi,10,False
SCREEN|W12-B-0635,W12-B-0635,B,ta,rsrs_timing,False,640,1253,0.510774,0.7628,0.445606,-0.2846,-0.0032,5,5,a15,0,none,0,calm,9671,none,0,volume_dry,6292,down_streak2,4681,oversold_rsv,1071,none,0,none,0,std10_hi,572,none,0,False
SCREEN|W12-B-0637,W12-B-0637,B,ta,strong_close,False,641,1253,0.511572,0.8193,0.412637,0.5137,0.0,1,1,p3,0,none,0,wild,745,none,0,volume_surge,307,none,0,oversold_rsv,612,amp_narrow,54,mom_oversold,7,none,0,none,0,False
SCREEN|W12-B-0640,W12-B-0640,B,trend,donchian_breakout,False,641,1253,0.511572,0.8193,0.412637,-0.1566,-0.0015,3,3,a25,0,none,0,none,0,none,0,volume_surge,1378,none,0,oversold_rsv,1419,amp_wide,46,none,0,std20_hi,126,rsqr10_hi,23,False
SCREEN|W12-B-0642,W12-B-0642,B,trend,parabolic_sar,False,643,1253,0.513168,0.9323,0.351201,0.5793,0.0,8,8,a25,0,none,0,none,0,first_yang,15273,volume_surge,8494,up_streak2,4270,none,0,amp_wide,1536,mom_oversold,3146,std20_hi,53,rsqr20_hi,43,False
SCREEN|W12-B-0643,W12-B-0643,B,trend,supertrend,False,640,1253,0.510774,0.7628,0.445606,-0.1318,-0.0499,127,127,a25,0,bull,9415,none,0,none,0,none,0,none,0,none,0,none,0,mom_oversold,6662,none,0,none,0,False
SCREEN|W12-B-0653,W12-B-0653,B,folk,false_break_back,False,636,1253,0.507582,0.5368,0.591435,-0.7761,-0.0172,27,27,a15,0,bear,1528,wild,588,none,0,none,0,none,0,deep_pullback,238,none,0,none,0,std20_hi,76,none,0,False
SCREEN|W12-B-0660,W12-B-0660,B,macro,csi300_momentum_filter,False,633,1253,0.505188,0.3673,0.713429,-0.3007,-0.0285,71,71,p5,0,bear,11580,none,0,first_yang,580,none,0,none,0,oversold_rsv,906,none,0,none,0,none,0,none,0,False
SCREEN|W12-B-0662,W12-B-0662,B,macro,drawdown_filter,False,641,1253,0.511572,0.8193,0.412637,0.1913,-0.016,10,10,a15,0,none,0,wild,2300,none,0,volume_surge,906,none,0,none,0,amp_wide,193,none,0,std20_hi,494,rsqr20_hi,73,False
SCREEN|W12-B-0665,W12-B-0665,B,mean_reversion,pullback_bounce,False,641,1253,0.511572,0.8193,0.412637,-0.4479,-0.0011,1,1,p12,0,none,0,none,0,first_yang,417,volume_dry,165,up_streak2,179,none,0,amp_wide,55,none,0,std20_hi,22,none,0,False
SCREEN|W12-B-0666,W12-B-0666,B,mean_reversion,rsi2,False,641,1253,0.511572,0.8193,0.412637,-0.3932,-0.0001,1,1,none,0,bear,1916,calm,541,none,0,volume_surge,812,up_streak2,896,oversold_rsv,45,amp_wide,1,mom_oversold,0,std10_hi,3,rsqr20_hi,1,False
SCREEN|W12-B-0670,W12-B-0670,B,momentum,dual_momentum,False,640,1253,0.510774,0.7628,0.445606,0.2001,-0.0029,11,11,none,0,bear,1478,none,0,first_yang,727,none,0,none,0,deep_pullback,690,none,0,none,0,none,0,rsqr10_hi,112,False
SCREEN|W12-B-0673,W12-B-0673,B,momentum,time_series_momentum,False,650,1253,0.518755,1.3278,0.184255,-0.0489,-0.0215,20,20,p8,0,bull,6169,wild,3382,none,0,volume_dry,2268,none,0,deep_pullback,2748,amp_narrow,51,none,0,none,0,none,0,True
SCREEN|W12-B-0675,W12-B-0675,B,patterns,box_breakout,False,642,1253,0.51237,0.8758,0.381159,0.2878,-0.001,5,5,none,0,bear,15998,wild,5708,first_yang,1053,none,0,none,0,deep_pullback,937,amp_wide,107,mom_oversold,83,std10_hi,14,rsqr20_hi,59,False
SCREEN|W12-B-0686,W12-B-0686,B,patterns,piercing_line,False,641,1253,0.511572,0.8193,0.412637,0.0402,-0.0004,1,1,p3,0,none,0,none,0,none,0,volume_dry,142,up_streak2,133,deep_pullback,37,none,0,none,0,none,0,none,0,False
SCREEN|W12-B-0696,W12-B-0696,B,sentiment,intraday_momentum,False,612,1253,0.488428,-0.8193,0.412637,-0.5372,-0.065,193,193,a15,0,none,0,none,0,none,0,volume_dry,10017,none,0,oversold_rsv,9936,amp_wide,545,none,0,none,0,none,0,False
SCREEN|W12-B-0698,W12-B-0698,B,sentiment,price_volume_trend,False,641,1253,0.511572,0.8193,0.412637,0.1993,-0.0005,5,5,a25,0,bear,11798,wild,3958,none,0,none,0,up_streak2,1844,deep_pullback,582,amp_wide,10,mom_oversold,26,none,0,rsqr20_hi,7,False
SCREEN|W12-B-0699,W12-B-0699,B,sentiment,turnover_surge,False,641,1253,0.511572,0.8193,0.412637,-0.4208,-0.0091,5,5,none,0,none,0,none,0,first_yang,3049,none,0,up_streak2,2050,none,0,none,0,none,0,std20_hi,1708,rsqr20_hi,139,False
SCREEN|W12-B-0700,W12-B-0700,B,ta,bb_squeeze_breakout,False,637,1253,0.50838,0.5933,0.553008,-0.7122,-0.0107,12,12,p8,0,bull,2483,none,0,none,0,none,0,up_streak2,1480,none,0,amp_narrow,351,mom_oversold,313,none,0,none,0,False
SCREEN|W12-B-0707,W12-B-0707,B,ta,rsrs_timing,False,638,1253,0.509178,0.6498,0.515848,-0.544,-0.0057,1,1,a20,0,none,0,calm,3895,none,0,volume_dry,2675,down_streak2,1840,deep_pullback,546,amp_wide,13,mom_oversold,12,std20_hi,7,rsqr20_hi,0,False
SCREEN|W12-B-0710,W12-B-0710,B,ta,vol_breakout,False,644,1253,0.513966,0.9888,0.322779,0.1803,-0.0034,6,6,p5,0,none,0,none,0,first_yang,3919,none,0,up_streak2,2326,deep_pullback,1900,amp_narrow,20,none,0,none,0,none,0,True
SCREEN|W12-B-0713,W12-B-0713,B,trend,dual_ma_cross,False,641,1253,0.511572,0.8193,0.412637,-0.1949,-0.0018,9,9,none,0,bear,3103,calm,731,none,0,volume_surge,566,down_streak2,419,deep_pullback,83,amp_wide,0,none,0,std20_hi,2,none,0,False
SCREEN|W12-B-0725,W12-B-0725,B,folk,false_break_back,False,630,1253,0.502793,0.1978,0.843239,-0.4762,-0.0133,10,10,p3,0,none,0,calm,7725,none,0,none,0,down_streak2,8031,deep_pullback,2262,none,0,none,0,std20_hi,88,none,0,False
SCREEN|W12-B-0735,W12-B-0735,B,macro,volatility_regime_filter,False,639,1253,0.509976,0.7063,0.480027,-0.4192,-0.0035,5,5,p3,0,bull,19776,none,0,first_yang,7008,none,0,up_streak2,4608,none,0,none,0,mom_oversold,3888,none,0,none,0,False
SCREEN|W12-B-0737,W12-B-0737,B,mean_reversion,pullback_bounce,False,644,1253,0.513966,0.9888,0.322779,0.281,-0.0016,2,2,p3,0,none,0,wild,30,none,0,volume_surge,30,down_streak2,5,deep_pullback,3,none,0,mom_oversold,0,none,0,none,0,True
SCREEN|W12-B-0745,W12-B-0745,B,momentum,time_series_momentum,False,653,1253,0.521149,1.4973,0.134323,0.2531,-0.0102,46,46,p5,0,none,0,wild,11596,none,0,volume_dry,4975,down_streak2,4889,oversold_rsv,724,none,0,mom_oversold,105,none,0,none,0,True
SCREEN|W12-B-0747,W12-B-0747,B,patterns,box_breakout,False,638,1253,0.509178,0.6498,0.515848,-0.8877,-0.0148,11,11,a20,0,bear,3141,calm,432,first_yang,494,volume_dry,176,none,0,oversold_rsv,114,amp_wide,21,none,0,none,0,none,0,False
SCREEN|W12-B-0751,W12-B-0751,B,patterns,inside_bar_breakup,False,642,1253,0.51237,0.8758,0.381159,-0.2772,-0.0495,37,37,none,0,none,0,wild,4754,none,0,none,0,none,0,none,0,none,0,none,0,std20_hi,2858,rsqr20_hi,427,False
SCREEN|W12-B-0756,W12-B-0756,B,patterns,n_shape,False,637,1253,0.50838,0.5933,0.553008,-0.3932,-0.0065,1,1,a25,0,bear,1222,none,0,first_yang,335,none,0,none,0,oversold_rsv,313,amp_wide,11,mom_oversold,8,std20_hi,0,none,0,False
SCREEN|W12-B-0767,W12-B-0767,B,sentiment,amount_rank,False,639,1253,0.509976,0.7063,0.480027,-0.4243,-0.0012,4,4,a25,0,bear,3867,none,0,first_yang,1847,volume_dry,826,up_streak2,495,none,0,none,0,mom_oversold,238,none,0,none,0,False
SCREEN|W12-B-0775,W12-B-0775,B,ta,kdj_reversal,False,643,1253,0.513168,0.9323,0.351201,0.2364,-0.0036,5,5,p5,0,bear,19110,none,0,none,0,volume_dry,5805,down_streak2,5235,oversold_rsv,1435,none,0,mom_oversold,536,std10_hi,113,none,0,False
SCREEN|W12-B-0778,W12-B-0778,B,ta,rsi_divergence,False,641,1253,0.511572,0.8193,0.412637,-0.1619,-0.0006,4,4,p8,0,none,0,calm,535,none,0,none,0,up_streak2,419,none,0,none,0,none,0,none,0,rsqr10_hi,133,False
SCREEN|W12-B-0779,W12-B-0779,B,ta,rsrs_timing,False,641,1253,0.511572,0.8193,0.412637,-0.0795,-0.0362,144,144,a20,0,none,0,none,0,none,0,volume_dry,7442,none,0,none,0,none,0,none,0,none,0,rsqr20_hi,6595,False
SCREEN|W12-B-0783,W12-B-0783,B,ta,williams_reversal,False,666,1253,0.531524,2.2318,0.025629,0.2217,-0.02,10,10,p3,0,bear,1955,wild,1492,none,0,volume_surge,465,none,0,deep_pullback,154,amp_wide,0,mom_oversold,135,none,0,rsqr10_hi,107,True
SCREEN|W12-B-0794,W12-B-0794,B,event,double_bottom,False,623,1253,0.497207,-0.1978,0.843239,-0.6178,-0.0446,51,51,a20,0,none,0,none,0,none,0,none,0,none,0,oversold_rsv,6052,amp_wide,354,none,0,none,0,rsqr20_hi,356,False
SCREEN|W12-B-0800,W12-B-0800,B,folk,low_suction,False,647,1253,0.516361,1.1583,0.246755,0.3404,-0.0025,24,24,a20,0,bull,1726,none,0,none,0,volume_dry,1105,down_streak2,832,none,0,none,0,mom_oversold,95,none,0,none,0,True
SCREEN|W12-B-0802,W12-B-0802,B,folk,second_wave,False,635,1253,0.506784,0.4803,0.631045,-0.5217,-0.0246,70,70,p3,0,none,0,wild,4464,none,0,volume_dry,1662,none,0,none,0,amp_narrow,586,none,0,std20_hi,1033,none,0,False
SCREEN|W12-B-0812,W12-B-0812,B,mean_reversion,zscore_revert,False,640,1253,0.510774,0.7628,0.445606,-0.1839,-0.0084,24,24,p8,0,none,0,none,0,none,0,none,0,up_streak2,1576,oversold_rsv,281,amp_narrow,41,none,0,none,0,none,0,False
SCREEN|W12-B-0814,W12-B-0814,B,momentum,dual_momentum,False,660,1253,0.526736,1.8928,0.058388,-0.0168,-0.0303,58,58,p8,0,none,0,none,0,first_yang,4349,volume_dry,2364,none,0,none,0,none,0,none,0,std10_hi,2102,none,0,True
SCREEN|W12-B-0817,W12-B-0817,B,momentum,time_series_momentum,False,639,1253,0.509976,0.7063,0.480027,-0.082,-0.0223,37,37,none,0,none,0,none,0,none,0,none,0,none,0,deep_pullback,20756,amp_narrow,759,none,0,std20_hi,452,none,0,False
SCREEN|W12-B-0831,W12-B-0831,B,patterns,three_methods_up,False,643,1253,0.513168,0.9323,0.351201,-0.0834,-0.0014,2,2,p8,0,bull,61,none,0,first_yang,18,none,0,none,0,none,0,none,0,mom_oversold,54,none,0,none,0,False
SCREEN|W12-B-0832,W12-B-0832,B,patterns,three_soldiers,False,650,1253,0.518755,1.3278,0.184255,0.0762,-0.0072,37,37,p12,0,bear,1177,wild,291,none,0,none,0,up_streak2,183,none,0,none,0,none,0,none,0,none,0,True
SCREEN|W12-B-0842,W12-B-0842,B,sentiment,price_volume_trend,False,628,1253,0.501197,0.0848,0.932459,-0.2923,-0.0286,87,87,a20,0,none,0,calm,2071,first_yang,688,volume_surge,520,none,0,none,0,amp_narrow,400,none,0,none,0,none,0,False
SCREEN|W12-B-0844,W12-B-0844,B,ta,bb_squeeze_breakout,False,591,1253,0.471668,-2.0058,0.04488,-0.5292,-0.1286,89,89,a25,0,none,0,none,0,none,0,none,0,down_streak2,9377,oversold_rsv,1981,none,0,mom_oversold,350,none,0,none,0,False
SCREEN|W12-B-0853,W12-B-0853,B,ta,strong_close,False,664,1253,0.529928,2.1188,0.034109,0.4087,-0.0196,71,71,a15,0,bear,1450,none,0,first_yang,205,none,0,none,0,none,0,amp_wide,274,none,0,std10_hi,349,none,0,True
SCREEN|W12-B-0868,W12-B-0868,B,folk,ants_climb,False,641,1253,0.511572,0.8193,0.412637,-0.3932,-0.0,1,1,a15,0,none,0,wild,436,none,0,volume_surge,160,down_streak2,134,deep_pullback,17,amp_wide,0,mom_oversold,4,std20_hi,2,none,0,False
SCREEN|W12-B-0873,W12-B-0873,B,folk,rsi_low_flat,False,672,1253,0.536313,2.5708,0.010147,0.8435,-0.0031,20,20,none,0,bear,5169,wild,4127,none,0,volume_surge,1111,down_streak2,781,oversold_rsv,38,amp_wide,2,mom_oversold,81,none,0,rsqr10_hi,87,True
SCREEN|W12-B-0874,W12-B-0874,B,folk,second_wave,False,639,1253,0.509976,0.7063,0.480027,-0.3984,-0.0126,23,23,p12,0,none,0,none,0,none,0,none,0,none,0,oversold_rsv,7189,amp_narrow,387,mom_oversold,253,none,0,rsqr20_hi,24,False
SCREEN|W12-B-0886,W12-B-0886,B,momentum,dual_momentum,False,630,1253,0.502793,0.1978,0.843239,-0.172,-0.0193,18,18,p5,0,none,0,wild,1997,first_yang,734,none,0,none,0,oversold_rsv,719,none,0,none,0,std20_hi,74,none,0,False
SCREEN|W12-B-0888,W12-B-0888,B,momentum,relative_strength_rotation,False,641,1253,0.511572,0.8193,0.412637,-0.1167,-0.0019,10,10,a15,0,bull,3520,none,0,none,0,none,0,up_streak2,2176,none,0,none,0,mom_oversold,816,none,0,rsqr20_hi,59,False
SCREEN|W12-B-0893,W12-B-0893,B,patterns,duck_head,False,641,1253,0.511572,0.8193,0.412637,-0.5271,-0.0005,2,2,p3,0,none,0,none,0,none,0,volume_surge,1901,down_streak2,1473,deep_pullback,370,none,0,mom_oversold,5,std10_hi,19,rsqr10_hi,8,False
SCREEN|W12-B-0897,W12-B-0897,B,patterns,ma_converge_break,False,635,1253,0.506784,0.4803,0.631045,-0.5272,-0.013,6,6,a15,0,none,0,calm,1129,none,0,volume_dry,880,down_streak2,382,oversold_rsv,40,amp_narrow,17,mom_oversold,7,none,0,none,0,False
SCREEN|W12-B-0898,W12-B-0898,B,patterns,macd_divergence,False,641,1253,0.511572,0.8193,0.412637,-0.0197,-0.001,5,5,a25,0,none,0,none,0,none,0,volume_surge,1391,down_streak2,946,none,0,amp_narrow,413,mom_oversold,75,none,0,none,0,False
SCREEN|W12-B-0907,W12-B-0907,B,seasonal,month_end_effect,False,642,1253,0.51237,0.8758,0.381159,0.2064,-0.0041,10,10,a25,0,bear,4692,wild,3144,first_yang,600,none,0,up_streak2,600,deep_pullback,288,none,0,none,0,std20_hi,24,rsqr20_hi,24,False
SCREEN|W12-B-0912,W12-B-0912,B,sentiment,intraday_momentum,False,641,1253,0.511572,0.8193,0.412637,-0.3732,-0.0035,5,5,none,0,none,0,wild,2171,none,0,volume_dry,907,down_streak2,943,none,0,amp_wide,153,none,0,std10_hi,65,none,0,False
SCREEN|W12-B-0913,W12-B-0913,B,sentiment,overnight_drift,False,651,1253,0.519553,1.3843,0.166276,0.3731,-0.0054,13,13,a20,0,bear,8795,wild,3912,none,0,volume_surge,1078,down_streak2,718,none,0,none,0,mom_oversold,113,none,0,rsqr10_hi,89,True
SCREEN|W12-B-0916,W12-B-0916,B,ta,bb_squeeze_breakout,False,661,1253,0.527534,1.9493,0.051262,0.4786,-0.0057,43,43,p12,0,none,0,wild,6108,first_yang,2254,none,0,none,0,oversold_rsv,2515,amp_wide,25,none,0,none,0,none,0,True
SCREEN|W12-B-0925,W12-B-0925,B,ta,strong_close,False,639,1253,0.509976,0.7063,0.480027,-0.2188,-0.0108,15,15,p8,0,none,0,none,0,first_yang,446,volume_surge,745,up_streak2,427,none,0,none,0,none,0,none,0,rsqr10_hi,634,False
SCREEN|W12-B-0929,W12-B-0929,B,trend,dual_ma_cross,False,639,1253,0.509976,0.7063,0.480027,-0.2477,-0.0145,10,10,p12,0,none,0,wild,20699,first_yang,8340,none,0,none,0,deep_pullback,8589,amp_wide,412,none,0,std10_hi,185,rsqr10_hi,117,False
SCREEN|W12-B-0931,W12-B-0931,B,trend,supertrend,False,639,1253,0.509976,0.7063,0.480027,-0.6105,-0.0072,10,10,none,0,none,0,none,0,none,0,none,0,none,0,deep_pullback,5097,amp_wide,122,mom_oversold,138,none,0,rsqr20_hi,79,False
SCREEN|W12-B-0932,W12-B-0932,B,trend,triple_ma,False,627,1253,0.500399,0.0283,0.977462,-0.5409,-0.0298,77,77,p8,0,none,0,calm,6004,none,0,volume_surge,3506,up_streak2,2438,none,0,none,0,none,0,none,0,rsqr20_hi,887,False
SCREEN|W12-B-0933,W12-B-0933,B,volatility,vol_breakout,False,688,1253,0.549082,3.4748,0.000511,0.8653,-0.0094,54,54,a20,0,bear,1151,none,0,first_yang,416,none,0,none,0,deep_pullback,305,amp_wide,45,none,0,none,0,none,0,True
SCREEN|W12-B-0941,W12-B-0941,B,folk,false_break_back,False,641,1253,0.511572,0.8193,0.412637,-0.0689,-0.0016,10,10,a20,0,bear,9341,calm,1519,none,0,volume_surge,1517,up_streak2,1266,none,0,none,0,none,0,none,0,rsqr10_hi,328,False
SCREEN|W12-B-0951,W12-B-0951,B,macro,volatility_regime_filter,False,615,1253,0.490822,-0.6498,0.515848,-0.4161,-0.0635,297,297,p12,0,none,0,none,0,none,0,none,0,down_streak2,12737,none,0,amp_narrow,2507,none,0,none,0,none,0,False
SCREEN|W12-B-0952,W12-B-0952,B,mean_reversion,bollinger_breakout,False,637,1253,0.50838,0.5933,0.553008,-0.3138,-0.013,10,10,none,0,bear,3377,none,0,none,0,none,0,none,0,deep_pullback,3560,amp_narrow,781,none,0,none,0,rsqr10_hi,291,False
SCREEN|W12-B-0953,W12-B-0953,B,mean_reversion,pullback_bounce,False,643,1253,0.513168,0.9323,0.351201,0.7815,0.0,5,5,p5,0,none,0,wild,463,none,0,volume_surge,285,down_streak2,141,deep_pullback,37,none,0,none,0,none,0,none,0,False
SCREEN|W12-B-0955,W12-B-0955,B,mean_reversion,rsi_revert,False,650,1253,0.518755,1.3278,0.184255,0.617,-0.0034,15,15,a20,0,bear,19853,none,0,none,0,volume_surge,9261,up_streak2,6930,deep_pullback,1488,none,0,mom_oversold,120,std20_hi,72,none,0,True
SCREEN|W12-B-0965,W12-B-0965,B,patterns,duck_head,False,637,1253,0.50838,0.5933,0.553008,-0.1885,-0.0033,8,8,a15,0,bear,5032,none,0,none,0,volume_surge,1357,down_streak2,776,none,0,amp_wide,74,mom_oversold,173,none,0,rsqr20_hi,49,False
SCREEN|W12-B-0968,W12-B-0968,B,patterns,island_reversal,False,640,1253,0.510774,0.7628,0.445606,-0.1198,-0.0074,13,13,a15,0,none,0,none,0,first_yang,369,volume_dry,209,none,0,none,0,none,0,none,0,std10_hi,171,none,0,False
SCREEN|W12-B-0969,W12-B-0969,B,patterns,ma_converge_break,False,641,1253,0.511572,0.8193,0.412637,-0.3186,-0.0029,8,8,a20,0,none,0,none,0,none,0,volume_surge,5313,down_streak2,4366,deep_pullback,1009,none,0,mom_oversold,52,none,0,rsqr10_hi,78,False
SCREEN|W12-B-0992,W12-B-0992,B,ta,macd_trend,False,639,1253,0.509976,0.7063,0.480027,-0.7094,-0.0048,9,9,none,0,none,0,wild,6549,first_yang,2343,volume_dry,1421,up_streak2,824,none,0,none,0,mom_oversold,552,none,0,none,0,False
SCREEN|W12-B-0993,W12-B-0993,B,ta,nr7_breakout,False,641,1253,0.511572,0.8193,0.412637,0.267,-0.002,9,9,none,0,none,0,wild,5204,none,0,none,0,none,0,oversold_rsv,4279,none,0,none,0,std20_hi,264,rsqr20_hi,26,False
SCREEN|W12-B-0996,W12-B-0996,B,ta,streak_up,False,633,1253,0.505188,0.3673,0.713429,-0.3321,-0.0107,8,8,a15,0,none,0,wild,508,none,0,none,0,none,0,none,0,amp_narrow,290,none,0,std20_hi,187,rsqr10_hi,17,False
SCREEN|W12-B-0999,W12-B-0999,B,ta,williams_reversal,False,640,1253,0.510774,0.7628,0.445606,-0.2386,-0.0081,16,16,p12,0,bear,955,none,0,none,0,none,0,down_streak2,878,deep_pullback,236,amp_narrow,60,none,0,none,0,none,0,False
SCREEN|W12-B-1001,W12-B-1001,B,trend,dual_ma_cross,False,641,1253,0.511572,0.8193,0.412637,0.0249,-0.0066,28,28,a25,0,bear,21701,calm,5013,none,0,volume_surge,4359,down_streak2,2266,oversold_rsv,841,none,0,none,0,none,0,rsqr20_hi,314,False
SCREEN|W12-B-1002,W12-B-1002,B,trend,parabolic_sar,False,648,1253,0.517159,1.2148,0.224455,-0.0322,-0.0381,39,39,p3,0,bear,12013,none,0,none,0,volume_surge,4009,none,0,oversold_rsv,2711,none,0,none,0,std10_hi,885,rsqr10_hi,108,True
SCREEN|W12-B-1004,W12-B-1004,B,trend,triple_ma,False,643,1253,0.513168,0.9323,0.351201,0.1682,-0.0017,11,11,a15,0,none,0,wild,11699,none,0,volume_surge,4377,down_streak2,3713,deep_pullback,710,amp_wide,6,mom_oversold,54,std10_hi,55,rsqr10_hi,49,False
SCREEN|W12-B-1006,W12-B-1006,B,volatility,vol_regime_switch,False,646,1253,0.515563,1.1018,0.270564,0.27,-0.002,17,17,none,0,bull,5820,wild,5642,first_yang,1402,volume_surge,792,none,0,oversold_rsv,750,amp_wide,0,none,0,none,0,none,0,True
SCREEN|W12-B-1008,W12-B-1008,B,composite_rotation,composite_score,False,644,1253,0.513966,0.9888,0.322779,0.2564,-0.004,10,10,p3,0,bear,2199,wild,1087,none,0,volume_dry,357,down_streak2,311,oversold_rsv,74,none,0,mom_oversold,13,none,0,none,0,True
SCREEN|W12-B-1010,W12-B-1010,B,event,double_bottom,False,641,1253,0.511572,0.8193,0.412637,-0.4453,-0.0097,6,6,a15,0,none,0,wild,2587,first_yang,1138,volume_dry,918,none,0,none,0,amp_wide,560,none,0,none,0,rsqr20_hi,295,False
SCREEN|W12-B-1016,W12-B-1016,B,folk,low_suction,False,641,1253,0.511572,0.8193,0.412637,-0.3932,-0.0004,2,2,none,0,none,0,none,0,first_yang,197,volume_surge,108,none,0,deep_pullback,121,amp_narrow,11,none,0,none,0,none,0,False
SCREEN|W12-B-1024,W12-B-1024,B,mean_reversion,bollinger_breakout,False,627,1253,0.500399,0.0283,0.977462,-0.6534,-0.0617,25,25,p5,0,bull,12639,wild,2356,none,0,none,0,up_streak2,2388,deep_pullback,862,none,0,none,0,none,0,none,0,False
SCREEN|W12-B-1033,W12-B-1033,B,momentum,time_series_momentum,False,638,1253,0.509178,0.6498,0.515848,-0.242,-0.0078,10,10,none,0,none,0,none,0,first_yang,16242,volume_dry,8670,none,0,none,0,amp_wide,6304,mom_oversold,2706,std10_hi,103,none,0,False
SCREEN|W12-B-1041,W12-B-1041,B,patterns,ma_converge_break,False,641,1253,0.511572,0.8193,0.412637,0.0257,-0.0055,10,10,p5,0,none,0,wild,2071,none,0,none,0,down_streak2,1291,none,0,amp_wide,110,none,0,none,0,rsqr20_hi,183,False
SCREEN|W12-B-1049,W12-B-1049,B,patterns,yang_break_3ma,False,643,1253,0.513168,0.9323,0.351201,0.1426,-0.0026,5,5,a20,0,bear,10888,wild,4129,first_yang,1265,volume_dry,671,down_streak2,834,none,0,none,0,none,0,none,0,rsqr10_hi,72,False
SCREEN|W12-B-1064,W12-B-1064,B,ta,macd_trend,False,641,1253,0.511572,0.8193,0.412637,0.017,-0.0001,4,4,none,0,none,0,none,0,none,0,volume_surge,5410,none,0,oversold_rsv,4684,amp_wide,181,mom_oversold,309,std10_hi,118,rsqr20_hi,61,False
SCREEN|W12-B-1067,W12-B-1067,B,ta,rsrs_timing,False,638,1253,0.509178,0.6498,0.515848,-0.4232,-0.0064,18,18,p8,0,bear,7930,none,0,none,0,none,0,up_streak2,3486,none,0,amp_wide,343,none,0,none,0,rsqr10_hi,326,False
SCREEN|W12-B-1068,W12-B-1068,B,ta,streak_up,False,641,1253,0.511572,0.8193,0.412637,-0.3932,-0.0,1,1,p5,0,bear,626,wild,197,none,0,volume_dry,44,none,0,deep_pullback,56,amp_narrow,1,mom_oversold,1,std20_hi,1,none,0,False
SCREEN|W12-B-1074,W12-B-1074,B,trend,parabolic_sar,False,641,1253,0.511572,0.8193,0.412637,-0.5763,-0.0063,10,10,p12,0,none,0,none,0,none,0,volume_dry,2409,none,0,oversold_rsv,1828,none,0,none,0,std10_hi,284,none,0,False
SCREEN|W12-B-1082,W12-B-1082,B,event,double_bottom,False,641,1253,0.511572,0.8193,0.412637,0.3531,-0.002,6,6,p3,0,none,0,none,0,none,0,volume_dry,2154,down_streak2,1534,none,0,amp_narrow,97,mom_oversold,134,none,0,rsqr10_hi,17,False
SCREEN|W12-B-1085,W12-B-1085,B,folk,false_break_back,False,638,1253,0.509178,0.6498,0.515848,-0.74,-0.0103,35,35,p12,0,none,0,none,0,first_yang,1033,none,0,up_streak2,849,oversold_rsv,666,none,0,none,0,none,0,none,0,False
SCREEN|W12-B-1089,W12-B-1089,B,folk,rsi_low_flat,False,641,1253,0.511572,0.8193,0.412637,0.34,-0.0004,1,1,p5,0,bull,564,none,0,none,0,none,0,none,0,deep_pullback,388,none,0,none,0,std20_hi,6,none,0,False
SCREEN|W12-B-1102,W12-B-1102,B,momentum,dual_momentum,False,648,1253,0.517159,1.2148,0.224455,0.0101,-0.0092,22,22,a25,0,none,0,wild,1792,none,0,volume_surge,768,up_streak2,411,none,0,none,0,mom_oversold,287,std10_hi,23,none,0,True
SCREEN|W12-B-1105,W12-B-1105,B,momentum,time_series_momentum,False,635,1253,0.506784,0.4803,0.631045,-0.2946,-0.0115,20,20,p12,0,bear,21863,none,0,first_yang,6031,volume_surge,2903,none,0,none,0,amp_wide,920,mom_oversold,1646,none,0,rsqr20_hi,100,False
SCREEN|W12-B-1111,W12-B-1111,B,patterns,inside_bar_breakup,False,649,1253,0.517957,1.2713,0.203633,0.4636,-0.0322,46,46,p12,0,bull,3770,none,0,first_yang,1910,none,0,up_streak2,1298,none,0,none,0,none,0,std20_hi,1241,none,0,True
SCREEN|W12-B-1123,W12-B-1123,B,seasonal,month_end_effect,False,645,1253,0.514765,1.0453,0.295901,0.5384,-0.0071,45,45,a15,0,none,0,none,0,none,0,none,0,none,0,deep_pullback,4879,amp_narrow,503,none,0,none,0,none,0,True
SCREEN|W12-B-1124,W12-B-1124,B,seasonal,month_seasonality,False,641,1253,0.511572,0.8193,0.412637,-0.0244,-0.0262,14,14,a15,0,bull,2187,none,0,none,0,volume_surge,744,none,0,none,0,none,0,none,0,none,0,rsqr20_hi,528,False
SCREEN|W12-B-1127,W12-B-1127,B,sentiment,amount_rank,False,647,1253,0.516361,1.1583,0.246755,-0.244,-0.026,43,43,p3,0,bear,2399,calm,765,none,0,none,0,none,0,none,0,amp_narrow,734,none,0,none,0,rsqr10_hi,651,True
SCREEN|W12-B-1129,W12-B-1129,B,sentiment,overnight_drift,False,659,1253,0.525938,1.8363,0.066317,0.5938,-0.0057,43,43,a15,0,bear,8903,wild,3643,none,0,none,0,down_streak2,1498,oversold_rsv,260,none,0,mom_oversold,118,none,0,none,0,True
SCREEN|W12-B-1130,W12-B-1130,B,sentiment,price_volume_trend,False,595,1253,0.47486,-1.7798,0.075113,-0.3544,-0.1447,894,897,none,0,bear,13409,none,0,none,0,none,0,none,0,none,0,amp_wide,4127,none,0,none,0,none,0,False
SCREEN|W12-B-1138,W12-B-1138,B,ta,rsi_divergence,False,641,1253,0.511572,0.8193,0.412637,-0.5134,-0.0006,1,1,a25,0,none,0,wild,144,none,0,none,0,up_streak2,103,none,0,amp_wide,6,none,0,std10_hi,2,rsqr10_hi,2,False
SCREEN|W12-B-1144,W12-B-1144,B,trend,donchian_breakout,False,641,1253,0.511572,0.8193,0.412637,0.0546,-0.0017,10,10,p3,0,none,0,wild,13533,first_yang,5059,none,0,none,0,none,0,none,0,mom_oversold,5535,std20_hi,410,rsqr20_hi,104,False
SCREEN|W12-B-1157,W12-B-1157,B,folk,false_break_back,False,638,1253,0.509178,0.6498,0.515848,-0.4812,-0.0042,7,7,a25,0,none,0,none,0,none,0,volume_surge,6233,up_streak2,4242,none,0,none,0,mom_oversold,1691,std20_hi,61,rsqr20_hi,45,False
SCREEN|W12-B-1172,W12-B-1172,B,mean_reversion,zscore_revert,False,644,1253,0.513966,0.9888,0.322779,0.4879,-0.0146,23,23,none,0,bear,7153,none,0,none,0,volume_surge,3897,up_streak2,3316,none,0,amp_wide,199,none,0,std20_hi,263,none,0,True
SCREEN|W12-B-1173,W12-B-1173,B,momentum,cross_sectional_momentum,False,642,1253,0.51237,0.8758,0.381159,0.1288,-0.0047,5,5,p3,0,bear,305,wild,104,none,0,volume_surge,38,down_streak2,25,none,0,amp_wide,0,none,0,std10_hi,6,none,0,False
SCREEN|W12-B-1185,W12-B-1185,B,patterns,ma_converge_break,False,634,1253,0.505986,0.4238,0.671744,-0.4062,-0.0086,10,10,a15,0,bull,1108,none,0,none,0,volume_surge,446,up_streak2,429,none,0,amp_wide,100,none,0,none,0,rsqr20_hi,157,False
SCREEN|W12-B-1201,W12-B-1201,B,sentiment,overnight_drift,False,645,1253,0.514765,1.0453,0.295901,0.4986,0.0,5,5,p3,0,bull,1574,wild,665,first_yang,353,volume_surge,249,none,0,deep_pullback,269,none,0,none,0,none,0,none,0,True
SCREEN|W12-B-1213,W12-B-1213,B,ta,strong_close,False,641,1253,0.511572,0.8193,0.412637,0.5286,-0.0037,13,13,p5,0,bear,11371,wild,5174,none,0,volume_dry,1822,none,0,oversold_rsv,1388,none,0,mom_oversold,216,none,0,rsqr20_hi,53,False
SCREEN|W12-B-1221,W12-B-1221,B,volatility,vol_breakout,False,641,1253,0.511572,0.8193,0.412637,-0.0252,-0.009,17,17,p8,0,none,0,wild,856,none,0,volume_surge,1374,up_streak2,1075,none,0,amp_wide,210,none,0,std20_hi,158,rsqr20_hi,201,False
SCREEN|W12-B-1229,W12-B-1229,B,folk,false_break_back,False,641,1253,0.511572,0.8193,0.412637,-0.4191,-0.0044,9,9,none,0,bull,5838,none,0,none,0,volume_dry,4402,up_streak2,2877,none,0,amp_narrow,274,mom_oversold,736,none,0,rsqr20_hi,4,False
SCREEN|W12-B-1231,W12-B-1231,B,folk,lian_yin_first_yang,False,641,1253,0.511572,0.8193,0.412637,0.0975,-0.0008,1,1,p3,0,none,0,wild,592,none,0,none,0,none,0,oversold_rsv,510,amp_wide,17,none,0,none,0,rsqr20_hi,31,False
SCREEN|W12-B-1236,W12-B-1236,B,macro,csi300_momentum_filter,False,626,1253,0.499601,-0.0283,0.977462,-0.5662,-0.0481,51,51,p12,0,bull,5803,none,0,first_yang,8570,none,0,none,0,none,0,amp_narrow,5384,none,0,std10_hi,5060,none,0,False
SCREEN|W12-B-1240,W12-B-1240,B,mean_reversion,bollinger_breakout,False,622,1253,0.496409,-0.2543,0.7993,-0.556,-0.0205,5,5,p5,0,none,0,calm,1521,first_yang,927,volume_surge,668,none,0,none,0,amp_narrow,459,none,0,none,0,rsqr10_hi,206,False
SCREEN|W12-B-1241,W12-B-1241,B,mean_reversion,pullback_bounce,False,641,1253,0.511572,0.8193,0.412637,-0.198,-0.0007,1,1,a20,0,bear,299,wild,205,none,0,none,0,none,0,none,0,none,0,none,0,std20_hi,41,none,0,False
SCREEN|W12-B-1242,W12-B-1242,B,mean_reversion,rsi2,False,648,1253,0.517159,1.2148,0.224455,0.089,-0.0079,22,22,p3,0,bull,2593,wild,761,first_yang,512,volume_surge,187,up_streak2,113,none,0,amp_narrow,25,none,0,none,0,none,0,True
SCREEN|W12-B-1249,W12-B-1249,B,momentum,time_series_momentum,False,647,1253,0.516361,1.1583,0.246755,-0.1233,-0.011,10,10,a15,0,bull,2262,wild,2151,first_yang,1067,none,0,none,0,oversold_rsv,1619,amp_narrow,55,mom_oversold,0,none,0,none,0,True
SCREEN|W12-B-1257,W12-B-1257,B,patterns,ma_converge_break,False,641,1253,0.511572,0.8193,0.412637,-0.55,-0.0022,9,9,none,0,none,0,none,0,none,0,none,0,none,0,none,0,amp_wide,1802,mom_oversold,1788,std20_hi,60,rsqr20_hi,20,False
SCREEN|W12-B-1279,W12-B-1279,B,ta,kdj_reversal,False,641,1253,0.511572,0.8193,0.412637,0.3974,-0.0008,2,2,a25,0,bear,619,wild,198,none,0,volume_dry,44,none,0,none,0,amp_narrow,14,mom_oversold,49,std20_hi,0,none,0,False
SCREEN|W12-B-1280,W12-B-1280,B,ta,macd_trend,False,644,1253,0.513966,0.9888,0.322779,-0.3813,-0.0254,25,25,a20,0,none,0,wild,5906,first_yang,2188,none,0,up_streak2,1473,deep_pullback,488,amp_wide,97,none,0,std10_hi,9,none,0,True
SCREEN|W12-B-1286,W12-B-1286,B,ta,vol_breakout,False,648,1253,0.517159,1.2148,0.224455,0.5642,-0.0001,10,10,p5,0,bull,6836,none,0,first_yang,3265,volume_dry,1955,up_streak2,1113,none,0,amp_wide,592,none,0,none,0,rsqr10_hi,178,True
SCREEN|W12-B-1289,W12-B-1289,B,trend,dual_ma_cross,False,644,1253,0.513966,0.9888,0.322779,-0.277,-0.0282,56,56,p8,0,none,0,wild,10262,first_yang,4196,volume_dry,2233,none,0,none,0,amp_narrow,693,mom_oversold,1550,none,0,none,0,True
SCREEN|W12-B-1290,W12-B-1290,B,trend,parabolic_sar,False,641,1253,0.511572,0.8193,0.412637,-0.0779,-0.0067,10,10,p12,0,bear,20981,none,0,first_yang,6784,volume_surge,3449,none,0,deep_pullback,2427,amp_narrow,209,mom_oversold,109,none,0,none,0,False
SCREEN|W12-B-1293,W12-B-1293,B,volatility,vol_breakout,False,641,1253,0.511572,0.8193,0.412637,0.0991,-0.005,4,4,p12,0,none,0,none,0,none,0,volume_dry,252,none,0,oversold_rsv,253,none,0,none,0,none,0,rsqr20_hi,22,False
SCREEN|W12-B-1296,W12-B-1296,B,composite_rotation,composite_score,False,629,1253,0.501995,0.1413,0.887671,-0.4687,-0.0566,15,15,none,0,none,0,none,0,first_yang,7682,volume_surge,4021,none,0,oversold_rsv,3222,amp_narrow,427,mom_oversold,204,none,0,none,0,False
SCREEN|W12-B-1304,W12-B-1304,B,folk,low_suction,False,641,1253,0.511572,0.8193,0.412637,-0.3932,-0.0003,1,1,p8,0,none,0,calm,128,none,0,volume_surge,49,down_streak2,64,oversold_rsv,9,amp_wide,2,none,0,std10_hi,5,none,0,False
SCREEN|W12-B-1310,W12-B-1310,B,macro,drawdown_filter,False,641,1253,0.511572,0.8193,0.412637,-0.3773,-0.0036,7,7,a25,0,bull,4671,none,0,none,0,volume_surge,1649,none,0,none,0,none,0,none,0,std20_hi,1906,none,0,False
SCREEN|W12-B-1320,W12-B-1320,B,momentum,relative_strength_rotation,False,641,1253,0.511572,0.8193,0.412637,-0.3227,-0.0015,6,6,p12,0,bull,2272,none,0,first_yang,559,volume_dry,661,down_streak2,558,oversold_rsv,28,none,0,mom_oversold,0,none,0,none,0,False
SCREEN|W12-B-1324,W12-B-1324,B,patterns,doji_at_low,False,641,1253,0.511572,0.8193,0.412637,0.5709,-0.0032,16,16,p3,0,bear,881,wild,236,none,0,none,0,none,0,oversold_rsv,367,none,0,mom_oversold,124,none,0,rsqr20_hi,167,False
SCREEN|W12-B-1325,W12-B-1325,B,patterns,duck_head,False,637,1253,0.50838,0.5933,0.553008,-0.4487,-0.0053,9,9,p12,0,bear,513,calm,91,none,0,none,0,down_streak2,121,oversold_rsv,17,amp_wide,6,none,0,none,0,none,0,False
SCREEN|W12-B-1328,W12-B-1328,B,patterns,island_reversal,False,641,1253,0.511572,0.8193,0.412637,0.3932,0.0,2,2,p3,0,none,0,wild,128,first_yang,69,volume_surge,49,none,0,oversold_rsv,68,none,0,none,0,std20_hi,3,none,0,False
SCREEN|W12-B-1339,W12-B-1339,B,seasonal,month_end_effect,False,641,1253,0.511572,0.8193,0.412637,-0.4911,-0.0007,8,8,p12,0,none,0,calm,2421,first_yang,1282,none,0,up_streak2,752,none,0,amp_wide,396,none,0,std20_hi,384,none,0,False
SCREEN|W12-B-1346,W12-B-1346,B,sentiment,price_volume_trend,False,641,1253,0.511572,0.8193,0.412637,0.5049,-0.003,13,13,p8,0,none,0,wild,10006,none,0,none,0,none,0,none,0,amp_narrow,4536,mom_oversold,3423,none,0,rsqr20_hi,245,False
SCREEN|W12-B-1352,W12-B-1352,B,ta,macd_trend,False,641,1253,0.511572,0.8193,0.412637,0.0085,-0.0107,5,5,a20,0,bull,10294,calm,5498,none,0,none,0,none,0,none,0,none,0,none,0,std10_hi,6831,none,0,False
SCREEN|W12-B-1362,W12-B-1362,B,trend,parabolic_sar,False,638,1253,0.509178,0.6498,0.515848,-0.2154,-0.0048,6,6,a15,0,none,0,none,0,none,0,volume_dry,3728,none,0,deep_pullback,2949,none,0,none,0,none,0,rsqr10_hi,148,False
SCREEN|W12-B-1371,W12-B-1371,B,event,gap_fill,False,641,1253,0.511572,0.8193,0.412637,-0.0444,-0.0037,3,3,a15,0,bear,317,none,0,none,0,volume_surge,209,up_streak2,129,oversold_rsv,2,amp_wide,0,none,0,none,0,rsqr20_hi,0,False
SCREEN|W12-B-1376,W12-B-1376,B,folk,low_suction,False,644,1253,0.513966,0.9888,0.322779,0.0278,-0.0243,75,75,a20,0,none,0,calm,1687,none,0,volume_surge,838,down_streak2,976,none,0,amp_wide,65,none,0,none,0,none,0,True
SCREEN|W12-B-1383,W12-B-1383,B,macro,volatility_regime_filter,False,643,1253,0.513168,0.9323,0.351201,0.4273,-0.0055,10,10,p5,0,none,0,none,0,first_yang,8934,volume_surge,3901,up_streak2,2108,none,0,none,0,mom_oversold,1963,none,0,rsqr20_hi,0,False
SCREEN|W12-B-1384,W12-B-1384,B,mean_reversion,bollinger_breakout,False,639,1253,0.509976,0.7063,0.480027,-0.4261,-0.0049,10,10,p5,0,bear,2007,calm,670,none,0,none,0,down_streak2,1099,oversold_rsv,195,amp_wide,86,none,0,std20_hi,163,none,0,False
SCREEN|W12-B-1386,W12-B-1386,B,mean_reversion,rsi2,False,648,1253,0.517159,1.2148,0.224455,0.4472,-0.0048,24,24,a25,0,none,0,none,0,none,0,volume_surge,5008,none,0,deep_pullback,3813,amp_wide,40,mom_oversold,172,none,0,rsqr10_hi,157,True
SCREEN|W12-B-1389,W12-B-1389,B,momentum,cross_sectional_momentum,False,635,1253,0.506784,0.4803,0.631045,-0.4773,-0.0212,12,12,a15,0,none,0,calm,3020,none,0,none,0,down_streak2,2452,none,0,none,0,mom_oversold,754,none,0,rsqr10_hi,54,False
SCREEN|W12-B-1391,W12-B-1391,B,momentum,momentum_acceleration,False,662,1253,0.528332,2.0058,0.04488,0.3036,-0.0278,20,20,a20,0,bear,14915,wild,12154,none,0,volume_surge,4549,none,0,oversold_rsv,2064,none,0,mom_oversold,1047,none,0,rsqr10_hi,632,True
SCREEN|W12-B-1392,W12-B-1392,B,momentum,relative_strength_rotation,False,643,1253,0.513168,0.9323,0.351201,0.1824,-0.0049,7,7,a20,0,bear,1608,none,0,first_yang,594,volume_surge,320,up_streak2,213,none,0,none,0,mom_oversold,151,std10_hi,0,none,0,False
SCREEN|W12-B-1403,W12-B-1403,B,patterns,morning_star,False,642,1253,0.51237,0.8758,0.381159,0.4381,-0.0,2,2,p5,0,bear,181,wild,114,none,0,volume_surge,49,none,0,oversold_rsv,16,none,0,none,0,std20_hi,0,none,0,False
SCREEN|W12-B-1415,W12-B-1415,B,sentiment,amount_rank,False,648,1253,0.517159,1.2148,0.224455,0.3652,-0.0118,8,8,none,0,none,0,none,0,none,0,volume_surge,315,down_streak2,302,none,0,none,0,none,0,std10_hi,65,none,0,True
SCREEN|W12-B-1416,W12-B-1416,B,sentiment,intraday_momentum,False,641,1253,0.511572,0.8193,0.412637,0.5323,0.0,6,6,p8,0,none,0,wild,17793,first_yang,5164,none,0,none,0,deep_pullback,6810,amp_narrow,288,mom_oversold,154,none,0,rsqr20_hi,131,False
SCREEN|W12-B-1433,W12-B-1433,B,trend,dual_ma_cross,False,650,1253,0.518755,1.3278,0.184255,0.3751,-0.0087,29,29,p5,0,none,0,none,0,first_yang,19115,volume_dry,9687,down_streak2,9003,none,0,none,0,mom_oversold,652,none,0,none,0,True
SCREEN|W12-B-1446,W12-B-1446,B,folk,gap_up_hold,False,640,1253,0.510774,0.7628,0.445606,-0.1036,-0.0056,6,6,p3,0,none,0,wild,583,first_yang,592,none,0,none,0,oversold_rsv,814,amp_wide,19,none,0,std10_hi,12,none,0,False
SCREEN|W12-B-1455,W12-B-1455,B,macro,volatility_regime_filter,False,641,1253,0.511572,0.8193,0.412637,-0.6285,-0.004,15,15,p12,0,none,0,none,0,none,0,none,0,down_streak2,10350,oversold_rsv,1124,none,0,none,0,std20_hi,517,none,0,False
SCREEN|W12-B-1460,W12-B-1460,B,mean_reversion,zscore_revert,False,643,1253,0.513168,0.9323,0.351201,0.4815,-0.0059,10,10,p8,0,bear,3348,calm,2263,first_yang,2128,volume_surge,602,none,0,deep_pullback,703,none,0,mom_oversold,39,std20_hi,54,rsqr20_hi,0,False
SCREEN|W12-B-1461,W12-B-1461,B,momentum,cross_sectional_momentum,False,646,1253,0.515563,1.1018,0.270564,-0.1382,-0.0092,9,9,p5,0,bear,1032,calm,571,none,0,none,0,none,0,oversold_rsv,534,none,0,none,0,std10_hi,350,rsqr10_hi,10,True
SCREEN|W12-B-1469,W12-B-1469,B,patterns,duck_head,False,641,1253,0.511572,0.8193,0.412637,0.324,-0.0004,4,4,none,0,bear,2396,wild,819,none,0,volume_dry,227,none,0,deep_pullback,307,none,0,none,0,none,0,rsqr10_hi,27,False
SCREEN|W12-B-1473,W12-B-1473,B,patterns,ma_converge_break,False,641,1253,0.511572,0.8193,0.412637,-0.5368,-0.0009,5,5,p8,0,none,0,wild,5914,first_yang,2010,none,0,down_streak2,2121,deep_pullback,133,amp_narrow,2,mom_oversold,6,none,0,none,0,False
SCREEN|W12-B-1500,W12-B-1500,B,ta,streak_up,False,641,1253,0.511572,0.8193,0.412637,-0.3087,-0.0023,8,8,p5,0,none,0,none,0,none,0,volume_surge,478,down_streak2,836,none,0,amp_wide,11,mom_oversold,29,std10_hi,7,none,0,False
SCREEN|W12-B-1504,W12-B-1504,B,trend,donchian_breakout,False,638,1253,0.509178,0.6498,0.515848,-0.6089,-0.022,20,20,p5,0,none,0,calm,16084,first_yang,9140,volume_surge,4451,none,0,oversold_rsv,3870,amp_narrow,305,none,0,none,0,rsqr20_hi,153,False
SCREEN|W12-B-1505,W12-B-1505,B,trend,dual_ma_cross,False,638,1253,0.509178,0.6498,0.515848,-0.3123,-0.0337,46,45,a25,0,bull,6818,wild,4300,none,0,volume_dry,1965,none,0,none,0,none,0,none,0,std20_hi,1714,none,0,False
SCREEN|W12-B-1511,W12-B-1511,B,volatility,vol_target,False,644,1253,0.513966,0.9888,0.322779,0.0011,-0.0165,86,86,a25,0,none,0,wild,40425,first_yang,15956,none,0,none,0,none,0,amp_narrow,8661,none,0,std20_hi,7957,none,0,True
SCREEN|W12-B-1532,W12-B-1532,B,mean_reversion,zscore_revert,False,641,1253,0.511572,0.8193,0.412637,-0.1018,-0.0184,5,5,a15,0,bull,635,wild,117,none,0,volume_dry,218,none,0,deep_pullback,184,none,0,none,0,std20_hi,49,none,0,False
SCREEN|W12-B-1539,W12-B-1539,B,patterns,box_breakout,False,641,1253,0.511572,0.8193,0.412637,-0.1965,-0.001,2,2,a25,0,bear,744,wild,241,none,0,volume_dry,53,down_streak2,37,deep_pullback,18,none,0,mom_oversold,1,none,0,none,0,False
SCREEN|W12-B-1544,W12-B-1544,B,patterns,island_reversal,False,645,1253,0.514765,1.0453,0.295901,0.4434,0.0,2,2,a15,0,bull,229,none,0,none,0,volume_surge,71,up_streak2,44,none,0,amp_narrow,13,mom_oversold,7,none,0,rsqr10_hi,8,True
SCREEN|W12-B-1545,W12-B-1545,B,patterns,ma_converge_break,False,641,1253,0.511572,0.8193,0.412637,-0.531,-0.0053,15,15,p5,0,none,0,calm,4416,first_yang,3155,volume_surge,1524,none,0,oversold_rsv,1548,amp_narrow,99,mom_oversold,71,none,0,rsqr20_hi,0,False
SCREEN|W12-B-1546,W12-B-1546,B,patterns,macd_divergence,False,637,1253,0.50838,0.5933,0.553008,-0.2312,-0.0092,14,14,p8,0,bear,397,wild,539,none,0,none,0,down_streak2,79,none,0,none,0,mom_oversold,65,none,0,none,0,False
SCREEN|W12-B-1549,W12-B-1549,B,patterns,obv_divergence,False,641,1253,0.511572,0.8193,0.412637,0.2662,-0.0007,1,1,p8,0,none,0,calm,352,none,0,volume_surge,160,up_streak2,165,deep_pullback,43,amp_wide,0,mom_oversold,0,none,0,none,0,False
SCREEN|W12-B-1555,W12-B-1555,B,seasonal,month_end_effect,False,662,1253,0.528332,2.0058,0.04488,0.5214,-0.0019,10,10,p3,0,bear,6048,none,0,none,0,none,0,none,0,deep_pullback,4320,none,0,mom_oversold,480,std10_hi,432,rsqr10_hi,336,True
SCREEN|W12-B-1562,W12-B-1562,B,sentiment,price_volume_trend,False,641,1253,0.511572,0.8193,0.412637,-0.3741,-0.0051,14,14,p3,0,none,0,calm,5440,none,0,none,0,none,0,oversold_rsv,4689,amp_narrow,258,mom_oversold,225,none,0,none,0,False
SCREEN|W12-B-1564,W12-B-1564,B,ta,bb_squeeze_breakout,False,638,1253,0.509178,0.6498,0.515848,-0.2858,-0.008,9,9,p8,0,bear,5304,none,0,none,0,volume_surge,1727,none,0,deep_pullback,1318,none,0,mom_oversold,78,none,0,rsqr20_hi,66,False
SCREEN|W12-B-1567,W12-B-1567,B,ta,kdj_reversal,False,626,1253,0.499601,-0.0283,0.977462,-0.0216,-0.0267,66,66,a15,0,none,0,calm,13369,none,0,none,0,none,0,oversold_rsv,14117,amp_wide,1150,none,0,none,0,rsqr20_hi,1020,False
SCREEN|W12-B-1575,W12-B-1575,B,ta,williams_reversal,False,645,1253,0.514765,1.0453,0.295901,0.5345,-0.0011,13,13,p12,0,bear,10095,wild,7272,first_yang,1857,none,0,up_streak2,1388,none,0,amp_narrow,357,none,0,std20_hi,240,none,0,True
SCREEN|W12-B-1576,W12-B-1576,B,trend,donchian_breakout,False,639,1253,0.509976,0.7063,0.480027,0.0701,-0.0097,15,15,p5,0,bull,11755,none,0,none,0,none,0,none,0,oversold_rsv,11430,amp_narrow,359,none,0,std10_hi,246,none,0,False
SCREEN|W12-B-1580,W12-B-1580,B,trend,triple_ma,False,639,1253,0.509976,0.7063,0.480027,0.161,-0.0176,33,33,a20,0,bear,14192,none,0,none,0,volume_dry,3195,none,0,none,0,amp_narrow,1174,none,0,std10_hi,2642,none,0,False
SCREEN|W12-B-1582,W12-B-1582,B,volatility,vol_regime_switch,False,565,1253,0.450918,-3.4748,0.000511,-0.8459,-0.1009,221,221,p12,0,none,0,calm,1564,first_yang,2773,volume_dry,1418,up_streak2,906,none,0,none,0,none,0,none,0,none,0,False
SCREEN|W12-B-1586,W12-B-1586,B,event,double_bottom,False,641,1253,0.511572,0.8193,0.412637,-0.1717,-0.004,6,6,p3,0,none,0,wild,806,first_yang,221,volume_surge,366,none,0,none,0,amp_wide,144,mom_oversold,289,std10_hi,0,none,0,False
SCREEN|W12-B-1590,W12-B-1590,B,folk,gap_up_hold,False,639,1253,0.509976,0.7063,0.480027,0.1323,-0.0069,33,33,p5,0,none,0,calm,2523,first_yang,883,volume_surge,427,none,0,oversold_rsv,539,none,0,none,0,none,0,none,0,False
SCREEN|W12-B-1591,W12-B-1591,B,folk,lian_yin_first_yang,False,645,1253,0.514765,1.0453,0.295901,0.3768,-0.0002,5,5,p8,0,none,0,wild,52,none,0,volume_dry,38,up_streak2,51,none,0,amp_wide,35,none,0,std10_hi,3,rsqr10_hi,0,True
SCREEN|W12-B-1595,W12-B-1595,B,folk,volume_mound,False,636,1253,0.507582,0.5368,0.591435,-0.4121,-0.0096,13,13,p3,0,none,0,none,0,first_yang,1632,none,0,down_streak2,1922,none,0,none,0,mom_oversold,73,none,0,none,0,False
SCREEN|W12-B-1599,W12-B-1599,B,macro,volatility_regime_filter,False,643,1253,0.513168,0.9323,0.351201,0.593,0.0,5,5,a20,0,bear,6984,wild,7752,none,0,volume_surge,1776,down_streak2,1248,oversold_rsv,144,amp_wide,0,none,0,std20_hi,384,rsqr10_hi,24,False
SCREEN|W12-B-1609,W12-B-1609,B,momentum,time_series_momentum,False,640,1253,0.510774,0.7628,0.445606,-0.283,-0.0188,58,58,p3,0,bear,11196,none,0,none,0,none,0,none,0,oversold_rsv,3861,amp_narrow,985,none,0,none,0,rsqr10_hi,636,False
SCREEN|W12-B-1611,W12-B-1611,B,patterns,box_breakout,False,641,1253,0.511572,0.8193,0.412637,-0.3571,-0.0028,6,6,p8,0,none,0,wild,152,first_yang,63,volume_surge,49,up_streak2,23,none,0,none,0,none,0,std20_hi,17,none,0,False
SCREEN|W12-B-1617,W12-B-1617,B,patterns,ma_converge_break,False,638,1253,0.509178,0.6498,0.515848,-0.0898,-0.0045,10,10,p12,0,bull,1701,calm,937,none,0,volume_dry,758,none,0,none,0,amp_narrow,62,none,0,none,0,rsqr10_hi,186,False
SCREEN|W12-B-1629,W12-B-1629,B,seasonal,trend_by_season,False,632,1253,0.504389,0.3108,0.755987,-0.6687,-0.0093,4,4,a15,0,none,0,none,0,first_yang,65,volume_dry,122,down_streak2,117,none,0,amp_narrow,0,none,0,none,0,none,0,False
SCREEN|W12-B-1632,W12-B-1632,B,sentiment,intraday_momentum,False,641,1253,0.511572,0.8193,0.412637,0.4056,-0.001,15,15,p5,0,none,0,none,0,first_yang,15828,volume_dry,9185,none,0,oversold_rsv,8704,none,0,none,0,std20_hi,528,none,0,False
SCREEN|W12-B-1635,W12-B-1635,B,sentiment,turnover_surge,False,641,1253,0.511572,0.8193,0.412637,-0.0135,-0.0019,4,4,a25,0,bull,608,none,0,none,0,volume_dry,477,down_streak2,119,oversold_rsv,18,amp_narrow,4,mom_oversold,0,none,0,none,0,False
SCREEN|W12-B-1637,W12-B-1637,B,ta,cci_revert,False,622,1253,0.496409,-0.2543,0.7993,-0.2949,-0.0656,237,237,a25,0,none,0,wild,4746,first_yang,1981,none,0,none,0,none,0,amp_narrow,916,none,0,none,0,none,0,False
SCREEN|W12-B-1656,W12-B-1656,B,composite_rotation,composite_score,False,648,1253,0.517159,1.2148,0.224455,0.2563,-0.0025,10,10,a15,0,bull,2760,none,0,first_yang,940,none,0,down_streak2,1330,none,0,amp_narrow,55,none,0,none,0,none,0,True
SCREEN|W12-B-1664,W12-B-1664,B,folk,low_suction,False,639,1253,0.509976,0.7063,0.480027,-0.484,-0.0095,10,10,a20,0,bull,3527,wild,2377,first_yang,617,none,0,none,0,deep_pullback,1470,amp_narrow,7,mom_oversold,6,std10_hi,8,none,0,False
SCREEN|W12-B-1665,W12-B-1665,B,folk,rsi_low_flat,False,641,1253,0.511572,0.8193,0.412637,-0.4823,-0.0017,1,1,none,0,bull,1598,wild,492,none,0,none,0,down_streak2,520,oversold_rsv,64,amp_narrow,17,none,0,std10_hi,2,none,0,False
SCREEN|W12-B-1667,W12-B-1667,B,folk,volume_mound,False,638,1253,0.509178,0.6498,0.515848,-0.2003,-0.0079,11,11,none,0,bear,4820,none,0,first_yang,1412,volume_dry,649,down_streak2,768,deep_pullback,64,none,0,none,0,none,0,none,0,False
SCREEN|W12-B-1668,W12-B-1668,B,macro,csi300_momentum_filter,False,635,1253,0.506784,0.4803,0.631045,0.1395,-0.0106,20,20,a25,0,bull,6081,calm,6146,none,0,volume_dry,2872,up_streak2,1872,none,0,none,0,none,0,none,0,rsqr20_hi,661,False
SCREEN|W12-B-1674,W12-B-1674,B,mean_reversion,rsi2,False,638,1253,0.509178,0.6498,0.515848,-0.2223,-0.0062,10,10,p3,0,bear,1280,calm,353,none,0,volume_surge,412,none,0,none,0,amp_wide,171,mom_oversold,227,std20_hi,9,none,0,False
SCREEN|W12-B-1678,W12-B-1678,B,momentum,dual_momentum,False,642,1253,0.51237,0.8758,0.381159,-0.4869,-0.016,12,12,a15,0,none,0,wild,248,first_yang,120,none,0,down_streak2,102,none,0,none,0,none,0,none,0,none,0,False
SCREEN|W12-B-1689,W12-B-1689,B,patterns,ma_converge_break,False,638,1253,0.509178,0.6498,0.515848,-0.4306,-0.0054,10,10,a15,0,none,0,calm,1342,none,0,none,0,down_streak2,1579,deep_pullback,300,none,0,mom_oversold,6,none,0,rsqr20_hi,3,False
SCREEN|W12-B-1690,W12-B-1690,B,patterns,macd_divergence,False,646,1253,0.515563,1.1018,0.270564,-0.2754,-0.0199,69,69,p12,0,bull,16774,wild,3368,first_yang,2334,none,0,down_streak2,2561,none,0,none,0,none,0,none,0,none,0,True
SCREEN|W12-B-1693,W12-B-1693,B,patterns,obv_divergence,False,635,1253,0.506784,0.4803,0.631045,-0.3967,-0.025,15,15,a20,0,none,0,wild,834,none,0,volume_dry,404,up_streak2,332,deep_pullback,166,none,0,mom_oversold,16,none,0,none,0,False
SCREEN|W12-B-1703,W12-B-1703,B,sentiment,amount_rank,False,638,1253,0.509178,0.6498,0.515848,-0.7325,-0.0234,13,13,none,0,bull,1455,none,0,none,0,none,0,up_streak2,749,deep_pullback,603,none,0,none,0,std10_hi,10,none,0,False
SCREEN|W12-B-1708,W12-B-1708,B,ta,bb_squeeze_breakout,False,638,1253,0.509178,0.6498,0.515848,-0.1117,-0.0189,23,23,p3,0,bear,774,calm,55,none,0,volume_surge,124,none,0,oversold_rsv,121,none,0,none,0,none,0,none,0,False
SCREEN|W12-B-1714,W12-B-1714,B,ta,rsi_divergence,False,636,1253,0.507582,0.5368,0.591435,-0.3485,-0.01,10,10,p3,0,none,0,calm,750,none,0,volume_dry,415,none,0,oversold_rsv,181,amp_narrow,89,none,0,none,0,rsqr10_hi,77,False
SCREEN|W12-B-1717,W12-B-1717,B,ta,strong_close,False,638,1253,0.509178,0.6498,0.515848,-0.084,-0.0145,20,20,p8,0,bull,2451,calm,1365,first_yang,264,none,0,none,0,none,0,none,0,none,0,none,0,rsqr20_hi,831,False
SCREEN|W12-B-1718,W12-B-1718,B,ta,vol_breakout,False,641,1253,0.511572,0.8193,0.412637,-0.3932,-0.0011,1,1,p5,0,bear,4289,calm,341,none,0,volume_surge,393,none,0,none,0,amp_wide,107,mom_oversold,231,std20_hi,8,rsqr20_hi,0,False
SCREEN|W12-B-1720,W12-B-1720,B,trend,donchian_breakout,False,636,1253,0.507582,0.5368,0.591435,-0.7322,-0.0085,15,15,a15,0,none,0,none,0,none,0,none,0,down_streak2,4511,deep_pullback,1045,amp_wide,51,none,0,std20_hi,121,none,0,False
SCREEN|W12-B-1722,W12-B-1722,B,trend,parabolic_sar,False,644,1253,0.513966,0.9888,0.322779,0.6372,0.0,10,10,a25,0,bear,28543,none,0,none,0,none,0,none,0,none,0,amp_wide,10741,none,0,std10_hi,8525,rsqr20_hi,971,True
SCREEN|W12-B-1724,W12-B-1724,B,trend,triple_ma,False,641,1253,0.511572,0.8193,0.412637,-0.51,-0.0005,2,2,a25,0,bull,6328,wild,3318,none,0,volume_dry,1571,none,0,oversold_rsv,1347,amp_narrow,31,mom_oversold,17,std20_hi,24,none,0,False
SCREEN|W12-B-1726,W12-B-1726,B,volatility,vol_regime_switch,False,633,1253,0.505188,0.3673,0.713429,-0.465,-0.0434,22,22,a25,0,none,0,none,0,none,0,none,0,none,0,deep_pullback,5457,none,0,mom_oversold,168,none,0,rsqr20_hi,125,False
SCREEN|W12-B-1727,W12-B-1727,B,volatility,vol_target,False,635,1253,0.506784,0.4803,0.631045,-0.1644,-0.0112,15,15,p12,0,bear,4064,none,0,none,0,volume_dry,1895,none,0,none,0,none,0,mom_oversold,1679,none,0,rsqr20_hi,168,False
SCREEN|W12-B-1746,W12-B-1746,B,mean_reversion,rsi2,False,641,1253,0.511572,0.8193,0.412637,-0.168,-0.0053,3,3,p5,0,none,0,none,0,first_yang,7092,volume_surge,1908,none,0,none,0,amp_narrow,982,mom_oversold,511,std20_hi,27,rsqr10_hi,13,False
SCREEN|W12-B-1751,W12-B-1751,B,momentum,momentum_acceleration,False,608,1253,0.485235,-1.0453,0.295901,-0.7422,-0.0863,55,55,a25,0,none,0,none,0,none,0,volume_surge,1337,none,0,none,0,amp_wide,478,none,0,none,0,rsqr10_hi,812,False
SCREEN|W12-B-1756,W12-B-1756,B,patterns,doji_at_low,False,639,1253,0.509976,0.7063,0.480027,-0.2605,-0.0259,10,10,p3,0,bear,1702,calm,1277,first_yang,1058,none,0,none,0,none,0,amp_narrow,371,mom_oversold,341,std20_hi,27,none,0,False
SCREEN|W12-B-1757,W12-B-1757,B,patterns,duck_head,False,641,1253,0.511572,0.8193,0.412637,-0.2021,-0.0017,1,1,a15,0,none,0,none,0,first_yang,1496,volume_dry,796,none,0,oversold_rsv,735,amp_wide,39,none,0,none,0,rsqr20_hi,21,False
SCREEN|W12-B-1761,W12-B-1761,B,patterns,ma_converge_break,False,654,1253,0.521947,1.5538,0.120239,0.1784,-0.0269,119,119,p5,0,bear,5540,wild,1803,none,0,none,0,up_streak2,701,none,0,none,0,none,0,none,0,none,0,True
SCREEN|W12-B-1763,W12-B-1763,B,patterns,morning_star,False,639,1253,0.509976,0.7063,0.480027,-0.5542,-0.002,1,1,p12,0,none,0,none,0,first_yang,2,none,0,none,0,none,0,amp_narrow,12,mom_oversold,0,none,0,none,0,False
SCREEN|W12-B-1764,W12-B-1764,B,patterns,n_shape,False,637,1253,0.50838,0.5933,0.553008,-0.7693,-0.0262,14,14,p12,0,none,0,none,0,first_yang,780,volume_dry,442,none,0,oversold_rsv,436,amp_narrow,4,none,0,none,0,none,0,False
SCREEN|W12-B-1769,W12-B-1769,B,patterns,yang_break_3ma,False,641,1253,0.511572,0.8193,0.412637,-0.2452,-0.0175,62,62,none,0,none,0,none,0,none,0,none,0,none,0,oversold_rsv,5444,amp_wide,268,mom_oversold,326,none,0,none,0,False
SCREEN|W12-B-1775,W12-B-1775,B,sentiment,amount_rank,False,651,1253,0.519553,1.3843,0.166276,0.6332,-0.0017,8,8,p5,0,none,0,none,0,none,0,none,0,down_streak2,940,deep_pullback,59,none,0,none,0,none,0,none,0,True
SCREEN|W12-B-1776,W12-B-1776,B,sentiment,intraday_momentum,False,641,1253,0.511572,0.8193,0.412637,0.2187,-0.0012,15,15,a20,0,bear,19817,none,0,first_yang,5869,volume_surge,3206,up_streak2,1723,deep_pullback,1225,amp_wide,36,mom_oversold,36,std10_hi,12,none,0,False
SCREEN|W12-B-1778,W12-B-1778,B,sentiment,price_volume_trend,False,630,1253,0.502793,0.1978,0.843239,-0.2413,-0.0188,23,23,none,0,none,0,wild,3975,none,0,volume_surge,2409,none,0,oversold_rsv,1930,none,0,mom_oversold,82,std20_hi,63,none,0,False
SCREEN|W12-B-1787,W12-B-1787,B,ta,rsrs_timing,False,644,1253,0.513966,0.9888,0.322779,0.4077,-0.0028,8,8,a20,0,bear,7348,wild,3958,first_yang,566,none,0,up_streak2,692,deep_pullback,508,none,0,none,0,std10_hi,56,rsqr20_hi,29,True
SCREEN|W12-B-1789,W12-B-1789,B,ta,strong_close,False,645,1253,0.514765,1.0453,0.295901,0.2566,-0.0066,7,7,none,0,none,0,none,0,first_yang,1265,none,0,none,0,oversold_rsv,3423,amp_wide,137,none,0,std20_hi,166,rsqr10_hi,45,True
SCREEN|W12-B-1792,W12-B-1792,B,trend,donchian_breakout,False,660,1253,0.526736,1.8928,0.058388,0.2515,-0.1693,1361,1199,p12,19,none,0,none,0,none,0,volume_surge,6116,none,0,none,0,none,0,none,0,none,0,none,0,True
SCREEN|W12-B-1793,W12-B-1793,B,trend,dual_ma_cross,False,636,1253,0.507582,0.5368,0.591435,0.1037,-0.0189,19,19,p8,0,none,0,wild,10428,first_yang,4063,volume_surge,2375,up_streak2,1274,none,0,amp_wide,326,none,0,std20_hi,460,rsqr20_hi,178,False
SCREEN|W12-B-1794,W12-B-1794,B,trend,parabolic_sar,False,635,1253,0.506784,0.4803,0.631045,-0.2065,-0.0145,75,75,p8,0,bull,2477,none,0,none,0,volume_dry,1246,up_streak2,660,none,0,amp_narrow,15,none,0,none,0,none,0,False
SCREEN|W12-B-1800,W12-B-1800,B,composite_rotation,composite_score,False,610,1253,0.486832,-0.9323,0.351201,-0.4642,-0.056,114,114,p8,0,none,0,calm,11761,none,0,none,0,down_streak2,11450,oversold_rsv,2551,amp_narrow,831,none,0,none,0,none,0,False
SCREEN|W12-B-1805,W12-B-1805,B,folk,false_break_back,False,642,1253,0.51237,0.8758,0.381159,-0.3135,-0.0062,15,15,p3,0,none,0,wild,10638,first_yang,3628,volume_dry,2110,none,0,deep_pullback,2088,amp_narrow,44,none,0,std20_hi,103,none,0,False
SCREEN|W12-B-1821,W12-B-1821,B,momentum,cross_sectional_momentum,False,641,1253,0.511572,0.8193,0.412637,-0.6374,-0.0102,5,5,a20,0,bull,1041,none,0,none,0,volume_surge,569,up_streak2,446,none,0,amp_wide,63,none,0,std10_hi,118,rsqr10_hi,18,False
SCREEN|W12-B-1823,W12-B-1823,B,momentum,momentum_acceleration,False,618,1253,0.493216,-0.4803,0.631045,-0.7667,-0.0414,85,85,p12,0,none,0,none,0,none,0,volume_surge,8820,up_streak2,6520,none,0,amp_wide,848,none,0,none,0,rsqr20_hi,1110,False
SCREEN|W12-B-1827,W12-B-1827,B,patterns,box_breakout,False,640,1253,0.510774,0.7628,0.445606,-0.612,-0.0035,3,3,p3,0,bull,6323,none,0,first_yang,4329,volume_surge,2631,none,0,deep_pullback,2629,amp_narrow,15,mom_oversold,0,std10_hi,0,none,0,False
SCREEN|W12-B-1831,W12-B-1831,B,patterns,inside_bar_breakup,False,648,1253,0.517159,1.2148,0.224455,0.5528,-0.0011,24,24,a15,0,bear,5423,calm,1004,none,0,volume_surge,1012,none,0,none,0,amp_narrow,591,none,0,none,0,rsqr10_hi,284,True
SCREEN|W12-B-1848,W12-B-1848,B,sentiment,intraday_momentum,False,641,1253,0.511572,0.8193,0.412637,-0.0131,-0.0063,10,10,p12,0,bear,21082,wild,8913,none,0,volume_dry,1862,up_streak2,1868,deep_pullback,509,amp_wide,0,none,0,std10_hi,23,none,0,False
SCREEN|W12-B-1849,W12-B-1849,B,sentiment,overnight_drift,False,641,1253,0.511572,0.8193,0.412637,0.2315,-0.0009,6,6,none,0,bear,8838,wild,3569,none,0,volume_surge,1141,up_streak2,553,oversold_rsv,375,none,0,none,0,std20_hi,15,rsqr20_hi,0,False
SCREEN|W12-B-1857,W12-B-1857,B,ta,nr7_breakout,False,632,1253,0.504389,0.3108,0.755987,-0.732,-0.013,35,35,p3,0,none,0,calm,1899,first_yang,913,none,0,none,0,oversold_rsv,1272,amp_wide,43,none,0,none,0,none,0,False
SCREEN|W12-B-1862,W12-B-1862,B,ta,vol_breakout,False,641,1253,0.511572,0.8193,0.412637,-0.3501,-0.0052,10,10,a15,0,bull,17349,none,0,none,0,volume_dry,9567,up_streak2,6283,deep_pullback,2074,amp_narrow,0,mom_oversold,9,none,0,none,0,False
SCREEN|W12-B-1863,W12-B-1863,B,ta,williams_reversal,False,641,1253,0.511572,0.8193,0.412637,0.0486,-0.0226,18,18,p5,0,bear,1207,none,0,none,0,volume_surge,381,none,0,none,0,none,0,none,0,std20_hi,361,none,0,False
SCREEN|W12-B-1865,W12-B-1865,B,trend,dual_ma_cross,False,640,1253,0.510774,0.7628,0.445606,-0.0967,-0.0118,8,8,a15,0,bear,2486,none,0,first_yang,758,volume_dry,353,none,0,oversold_rsv,388,none,0,mom_oversold,73,none,0,none,0,False
SCREEN|W12-B-1871,W12-B-1871,B,volatility,vol_target,False,640,1253,0.510774,0.7628,0.445606,-0.2728,-0.0444,22,22,a15,0,none,0,none,0,none,0,volume_surge,19717,none,0,oversold_rsv,16245,none,0,none,0,std20_hi,2189,rsqr10_hi,156,False
SCREEN|W12-B-1874,W12-B-1874,B,event,double_bottom,False,641,1253,0.511572,0.8193,0.412637,0.3407,-0.0015,3,3,p12,0,bear,4541,calm,1169,none,0,volume_surge,740,none,0,none,0,amp_wide,252,mom_oversold,421,none,0,rsqr10_hi,17,False
SCREEN|W12-B-1878,W12-B-1878,B,folk,gap_up_hold,False,632,1253,0.504389,0.3108,0.755987,0.3988,-0.0186,65,65,none,0,none,0,wild,1476,first_yang,1021,none,0,up_streak2,705,none,0,none,0,none,0,std20_hi,568,none,0,False
SCREEN|W12-B-1881,W12-B-1881,B,folk,rsi_low_flat,False,669,1253,0.533919,2.4013,0.016338,0.0556,-0.0295,11,11,a20,0,none,0,none,0,none,0,volume_surge,89,none,0,none,0,amp_wide,20,none,0,std10_hi,52,rsqr10_hi,18,True
SCREEN|W12-B-1897,W12-B-1897,B,momentum,time_series_momentum,False,641,1253,0.511572,0.8193,0.412637,-0.0223,-0.0054,30,30,a25,0,none,0,none,0,first_yang,10742,volume_surge,5949,none,0,oversold_rsv,5204,none,0,none,0,none,0,rsqr10_hi,508,False
SCREEN|W12-B-1902,W12-B-1902,B,patterns,immortal_guide,False,630,1253,0.502793,0.1978,0.843239,-0.4319,-0.0361,63,63,none,0,none,0,calm,3826,none,0,volume_surge,1394,up_streak2,1023,none,0,none,0,none,0,none,0,rsqr20_hi,726,False
SCREEN|W12-B-1904,W12-B-1904,B,patterns,island_reversal,False,641,1253,0.511572,0.8193,0.412637,-0.3566,-0.0026,3,3,p5,0,bull,146,none,0,first_yang,36,volume_surge,24,up_streak2,19,deep_pullback,10,amp_narrow,0,mom_oversold,0,none,0,none,0,False
SCREEN|W12-B-1926,W12-B-1926,B,ta,hammer_reversal,False,639,1253,0.509976,0.7063,0.480027,-0.2015,-0.004,10,10,a25,0,bear,780,wild,567,first_yang,93,volume_dry,229,none,0,none,0,amp_wide,98,mom_oversold,57,none,0,none,0,False
SCREEN|W12-B-1934,W12-B-1934,B,ta,vol_breakout,False,641,1253,0.511572,0.8193,0.412637,0.1213,-0.001,5,5,p8,0,none,0,none,0,none,0,none,0,none,0,none,0,amp_narrow,1125,none,0,std10_hi,1044,rsqr10_hi,69,False
SCREEN|W12-B-1943,W12-B-1943,B,volatility,vol_target,False,643,1253,0.513168,0.9323,0.351201,0.3099,-0.0036,10,10,a25,0,bear,19860,none,0,first_yang,9715,volume_dry,4173,none,0,oversold_rsv,3144,none,0,none,0,std20_hi,863,none,0,False
SCREEN|W12-B-1944,W12-B-1944,B,composite_rotation,composite_score,False,641,1253,0.511572,0.8193,0.412637,0.3899,-0.0015,10,10,a15,0,none,0,wild,2683,none,0,volume_dry,1107,none,0,oversold_rsv,1080,amp_narrow,62,mom_oversold,50,none,0,rsqr20_hi,104,False
SCREEN|W12-B-1947,W12-B-1947,B,event,gap_fill,False,636,1253,0.507582,0.5368,0.591435,-0.5727,-0.014,5,5,a20,0,bull,340,wild,51,first_yang,17,volume_surge,42,down_streak2,49,none,0,none,0,none,0,none,0,none,0,False
SCREEN|W12-B-1950,W12-B-1950,B,folk,gap_up_hold,False,641,1253,0.511572,0.8193,0.412637,0.258,-0.0011,5,5,a25,0,bear,1918,none,0,first_yang,445,volume_surge,327,up_streak2,101,oversold_rsv,101,amp_wide,9,none,0,none,0,rsqr20_hi,1,False
SCREEN|W12-B-1967,W12-B-1967,B,momentum,momentum_acceleration,False,637,1253,0.50838,0.5933,0.553008,0.1285,-0.0105,15,15,a15,0,none,0,calm,7182,none,0,none,0,up_streak2,7684,deep_pullback,1820,amp_wide,37,none,0,none,0,none,0,False
SCREEN|W12-B-1969,W12-B-1969,B,momentum,time_series_momentum,False,639,1253,0.509976,0.7063,0.480027,-0.2165,-0.0046,10,10,a25,0,bull,1550,wild,1015,none,0,none,0,down_streak2,1204,none,0,none,0,none,0,std10_hi,79,none,0,False
SCREEN|W12-B-1974,W12-B-1974,B,patterns,immortal_guide,False,637,1253,0.50838,0.5933,0.553008,-0.2854,-0.007,2,2,p8,0,bear,145,calm,29,none,0,volume_surge,18,down_streak2,14,none,0,none,0,none,0,none,0,none,0,False
SCREEN|W12-B-1978,W12-B-1978,B,patterns,macd_divergence,False,642,1253,0.51237,0.8758,0.381159,0.3786,-0.0043,10,10,a15,0,bear,1077,wild,1112,first_yang,384,none,0,none,0,oversold_rsv,170,none,0,none,0,std20_hi,59,none,0,False
SCREEN|W12-B-1985,W12-B-1985,B,patterns,yang_break_3ma,False,641,1253,0.511572,0.8193,0.412637,0.2905,-0.0009,5,5,p5,0,bull,2886,calm,1446,none,0,none,0,none,0,none,0,amp_narrow,787,none,0,none,0,rsqr20_hi,521,False
SCREEN|W12-B-1992,W12-B-1992,B,sentiment,intraday_momentum,False,642,1253,0.51237,0.8758,0.381159,0.4887,-0.0026,11,11,a25,0,bear,11529,wild,5168,none,0,volume_surge,2047,none,0,none,0,amp_wide,438,none,0,std20_hi,648,rsqr10_hi,196,False
SCREEN|W12-B-1994,W12-B-1994,B,sentiment,price_volume_trend,False,641,1253,0.511572,0.8193,0.412637,-0.1252,-0.01,11,11,p8,0,none,0,wild,983,none,0,none,0,none,0,none,0,amp_narrow,615,mom_oversold,543,std10_hi,47,none,0,False
SCREEN|W12-B-1995,W12-B-1995,B,sentiment,turnover_surge,False,630,1253,0.502793,0.1978,0.843239,-0.7135,-0.0336,10,10,p5,0,bear,16456,none,0,none,0,volume_dry,8554,none,0,deep_pullback,4957,none,0,none,0,std10_hi,624,rsqr10_hi,185,False
SCREEN|W12-B-1996,W12-B-1996,B,ta,bb_squeeze_breakout,False,641,1253,0.511572,0.8193,0.412637,0.2209,-0.0157,5,5,p3,0,none,0,wild,6108,first_yang,2254,volume_surge,1265,none,0,none,0,amp_wide,321,none,0,std10_hi,714,rsqr20_hi,252,False
SCREEN|W12-B-2001,W12-B-2001,B,ta,nr7_breakout,False,635,1253,0.506784,0.4803,0.631045,-0.1354,-0.0145,10,10,p12,0,none,0,none,0,first_yang,1989,volume_dry,2133,none,0,none,0,amp_narrow,611,none,0,std10_hi,1224,rsqr10_hi,36,False
SCREEN|W12-B-2006,W12-B-2006,B,ta,vol_breakout,False,640,1253,0.510774,0.7628,0.445606,0.3737,-0.0048,13,13,a20,0,bear,16606,wild,5435,none,0,none,0,up_streak2,2344,oversold_rsv,688,amp_narrow,0,none,0,none,0,none,0,False
SCREEN|W12-B-2016,W12-B-2016,B,composite_rotation,composite_score,False,641,1253,0.511572,0.8193,0.412637,-0.1724,-0.0068,10,10,a25,0,bear,1590,wild,789,none,0,volume_dry,240,up_streak2,207,none,0,amp_wide,46,none,0,none,0,none,0,False
SCREEN|W12-B-2032,W12-B-2032,B,mean_reversion,bollinger_breakout,False,701,1253,0.559457,4.2093,2.6e-05,0.4548,-0.0542,21,21,p3,0,bear,11373,wild,11917,none,0,volume_surge,3880,none,0,deep_pullback,1636,none,0,none,0,none,0,rsqr10_hi,1505,True
SCREEN|W12-B-2036,W12-B-2036,B,mean_reversion,zscore_revert,False,658,1253,0.52514,1.7798,0.075113,0.1953,-0.0852,482,482,a25,0,none,0,calm,3212,none,0,volume_surge,1590,none,0,none,0,amp_wide,493,none,0,none,0,none,0,True
SCREEN|W12-B-2037,W12-B-2037,B,momentum,cross_sectional_momentum,False,641,1253,0.511572,0.8193,0.412637,-0.2661,-0.0012,1,1,a15,0,bear,2241,calm,543,none,0,none,0,none,0,oversold_rsv,615,none,0,none,0,std10_hi,296,none,0,False
SCREEN|W12-B-2045,W12-B-2045,B,patterns,duck_head,False,642,1253,0.51237,0.8758,0.381159,0.2132,-0.0034,5,5,a15,0,bear,2490,calm,438,first_yang,313,volume_dry,185,up_streak2,116,none,0,amp_narrow,38,none,0,none,0,rsqr10_hi,55,False
SCREEN|W12-B-2053,W12-B-2053,B,patterns,obv_divergence,False,644,1253,0.513966,0.9888,0.322779,0.0929,-0.0144,46,46,p3,0,none,0,wild,4931,none,0,volume_surge,1829,none,0,deep_pullback,1074,amp_narrow,223,none,0,none,0,none,0,True
SCREEN|W12-B-2056,W12-B-2056,B,patterns,three_soldiers,False,641,1253,0.511572,0.8193,0.412637,-0.1803,-0.0024,2,2,a15,0,none,0,none,0,none,0,volume_dry,3589,up_streak2,1945,deep_pullback,1103,amp_narrow,29,none,0,none,0,rsqr20_hi,21,False
SCREEN|W12-B-2064,W12-B-2064,B,sentiment,intraday_momentum,False,643,1253,0.513168,0.9323,0.351201,0.0332,-0.0114,39,39,a20,0,none,0,none,0,none,0,none,0,down_streak2,3513,oversold_rsv,456,none,0,none,0,std10_hi,224,none,0,False
SCREEN|W12-B-2066,W12-B-2066,B,sentiment,price_volume_trend,False,639,1253,0.509976,0.7063,0.480027,-0.2182,-0.0058,8,8,a20,0,bull,8667,wild,3689,none,0,volume_surge,3221,none,0,deep_pullback,2713,none,0,mom_oversold,42,std10_hi,19,none,0,False
SCREEN|W12-B-2067,W12-B-2067,B,sentiment,turnover_surge,False,641,1253,0.511572,0.8193,0.412637,0.224,-0.0026,9,9,p3,0,bear,975,none,0,none,0,volume_surge,196,up_streak2,354,none,0,none,0,none,0,std20_hi,81,rsqr20_hi,7,False
SCREEN|W12-B-2069,W12-B-2069,B,ta,cci_revert,False,614,1253,0.490024,-0.7063,0.480027,-0.5376,-0.0595,41,41,p8,0,bull,1097,none,0,none,0,volume_surge,537,down_streak2,289,none,0,amp_wide,7,none,0,none,0,none,0,False
SCREEN|W12-B-2071,W12-B-2071,B,ta,kdj_reversal,False,650,1253,0.518755,1.3278,0.184255,0.2066,-0.0091,25,25,a25,0,none,0,wild,1652,none,0,volume_surge,683,none,0,none,0,amp_wide,182,mom_oversold,394,std10_hi,15,none,0,True
SCREEN|W12-B-2073,W12-B-2073,B,ta,nr7_breakout,False,641,1253,0.511572,0.8193,0.412637,-0.2505,-0.0067,12,12,a15,0,bear,1058,wild,415,first_yang,129,none,0,none,0,deep_pullback,123,amp_wide,14,none,0,none,0,none,0,False
SCREEN|W12-B-2076,W12-B-2076,B,ta,streak_up,False,638,1253,0.509178,0.6498,0.515848,-0.1478,-0.0061,20,20,p3,0,bear,599,wild,245,none,0,volume_surge,76,down_streak2,45,none,0,none,0,none,0,none,0,none,0,False
SCREEN|W12-B-2080,W12-B-2080,B,trend,donchian_breakout,False,641,1253,0.511572,0.8193,0.412637,0.3695,-0.0009,10,10,none,0,bear,2736,none,0,first_yang,658,none,0,none,0,deep_pullback,744,amp_wide,33,none,0,std20_hi,20,none,0,False
SCREEN|W12-B-2081,W12-B-2081,B,trend,dual_ma_cross,False,627,1253,0.500399,0.0283,0.977462,-0.5855,-0.025,57,57,a25,0,bear,10377,none,0,none,0,none,0,none,0,oversold_rsv,4093,amp_wide,518,none,0,none,0,rsqr10_hi,572,False
SCREEN|W12-B-2083,W12-B-2083,B,trend,supertrend,False,650,1253,0.518755,1.3278,0.184255,0.2305,-0.0024,10,10,a15,0,bear,13077,calm,4523,none,0,volume_surge,4305,down_streak2,2660,deep_pullback,1288,amp_wide,17,none,0,std20_hi,96,none,0,True
SCREEN|W12-B-2099,W12-B-2099,B,folk,volume_mound,False,641,1253,0.511572,0.8193,0.412637,-0.3127,-0.004,11,11,p3,0,none,0,calm,9974,none,0,none,0,down_streak2,10700,deep_pullback,2512,none,0,mom_oversold,44,std20_hi,27,none,0,False
SCREEN|W12-B-2104,W12-B-2104,B,mean_reversion,bollinger_breakout,False,642,1253,0.51237,0.8758,0.381159,0.2838,-0.0024,9,9,p5,0,bear,6029,wild,3652,none,0,volume_surge,1482,down_streak2,1234,deep_pullback,22,none,0,none,0,std20_hi,49,none,0,False
SCREEN|W12-B-2107,W12-B-2107,B,mean_reversion,rsi_revert,False,644,1253,0.513966,0.9888,0.322779,0.3371,-0.0068,25,25,p5,0,bear,9834,none,0,first_yang,5471,none,0,up_streak2,3154,deep_pullback,1405,none,0,mom_oversold,119,none,0,none,0,True
SCREEN|W12-B-2108,W12-B-2108,B,mean_reversion,zscore_revert,False,645,1253,0.514765,1.0453,0.295901,0.3066,-0.0072,9,9,p8,0,bear,2220,wild,1429,first_yang,1063,none,0,none,0,oversold_rsv,820,amp_wide,136,none,0,none,0,rsqr10_hi,207,True
SCREEN|W12-B-2120,W12-B-2120,B,patterns,island_reversal,False,641,1253,0.511572,0.8193,0.412637,-0.3932,-0.0002,1,1,p8,0,none,0,none,0,first_yang,34,volume_surge,21,none,0,oversold_rsv,32,none,0,none,0,std10_hi,4,none,0,False
SCREEN|W12-B-2126,W12-B-2126,B,patterns,piercing_line,False,641,1253,0.511572,0.8193,0.412637,0.5448,0.0,3,3,a20,0,none,0,wild,251,first_yang,122,none,0,none,0,oversold_rsv,130,amp_narrow,18,mom_oversold,2,none,0,rsqr20_hi,6,False
SCREEN|W12-B-2135,W12-B-2135,B,sentiment,amount_rank,False,641,1253,0.511572,0.8193,0.412637,0.0392,-0.002,6,6,a20,0,none,0,calm,1196,none,0,volume_surge,760,none,0,deep_pullback,769,amp_wide,7,mom_oversold,8,none,0,rsqr10_hi,26,False
SCREEN|W12-B-2136,W12-B-2136,B,sentiment,intraday_momentum,False,639,1253,0.509976,0.7063,0.480027,0.1735,-0.0046,10,10,p5,0,none,0,wild,2249,first_yang,513,volume_surge,807,none,0,none,0,amp_narrow,661,none,0,std10_hi,201,none,0,False
SCREEN|W12-B-2137,W12-B-2137,B,sentiment,overnight_drift,False,640,1253,0.510774,0.7628,0.445606,-0.5866,-0.0042,9,9,a25,0,bull,2318,none,0,first_yang,887,volume_dry,979,none,0,oversold_rsv,609,amp_narrow,0,mom_oversold,0,none,0,none,0,False
SCREEN|W12-B-2148,W12-B-2148,B,ta,streak_up,False,612,1253,0.488428,-0.8193,0.412637,0.1041,-0.0621,191,191,a15,0,none,0,none,0,first_yang,347,none,0,up_streak2,218,none,0,none,0,none,0,none,0,none,0,False
SCREEN|W12-B-2152,W12-B-2152,B,trend,donchian_breakout,False,619,1253,0.494014,-0.4238,0.671744,-0.3248,-0.0409,55,55,none,0,none,0,none,0,none,0,volume_dry,2202,none,0,none,0,none,0,none,0,none,0,rsqr20_hi,1824,False
SCREEN|W12-B-2153,W12-B-2153,B,trend,dual_ma_cross,False,642,1253,0.51237,0.8758,0.381159,0.5822,-0.0007,11,11,a25,0,bear,11597,none,0,first_yang,3694,none,0,up_streak2,2024,deep_pullback,1685,amp_wide,26,none,0,std20_hi,27,rsqr20_hi,28,False
SCREEN|W12-B-2155,W12-B-2155,B,trend,supertrend,False,638,1253,0.509178,0.6498,0.515848,-0.2866,-0.0129,30,30,none,0,bear,26419,wild,12582,none,0,none,0,up_streak2,5506,deep_pullback,1231,amp_wide,45,none,0,none,0,none,0,False
SCREEN|W12-B-2156,W12-B-2156,B,trend,triple_ma,False,638,1253,0.509178,0.6498,0.515848,-0.477,-0.005,15,15,a25,0,bear,13347,calm,1932,none,0,volume_dry,2068,none,0,deep_pullback,2098,none,0,mom_oversold,68,none,0,rsqr20_hi,20,False
SCREEN|W12-B-2158,W12-B-2158,B,volatility,vol_regime_switch,False,641,1253,0.511572,0.8193,0.412637,-0.5553,-0.0001,2,2,p8,0,none,0,wild,5391,first_yang,898,volume_surge,458,none,0,deep_pullback,473,amp_wide,11,none,0,none,0,rsqr20_hi,25,False
SCREEN|W12-B-2159,W12-B-2159,B,volatility,vol_target,False,646,1253,0.515563,1.1018,0.270564,0.1395,-0.0051,15,15,a20,0,bull,9092,none,0,none,0,volume_surge,3068,none,0,deep_pullback,3539,none,0,none,0,none,0,none,0,True
SCREEN|W12-B-2173,W12-B-2173,B,macro,csi300_trend_filter,False,641,1253,0.511572,0.8193,0.412637,-0.1582,-0.0424,15,15,p5,0,none,0,wild,9932,none,0,volume_surge,4336,down_streak2,3427,none,0,amp_wide,236,none,0,none,0,rsqr20_hi,417,False
SCREEN|W12-B-2182,W12-B-2182,B,momentum,dual_momentum,False,656,1253,0.523543,1.6668,0.09556,0.5373,-0.0051,15,15,p3,0,bull,2244,none,0,none,0,volume_dry,942,down_streak2,813,oversold_rsv,150,none,0,mom_oversold,3,none,0,none,0,True
SCREEN|W12-B-2183,W12-B-2183,B,momentum,momentum_acceleration,False,612,1253,0.488428,-0.8193,0.412637,-0.7538,-0.0456,87,87,a15,0,bear,4292,none,0,first_yang,5554,none,0,down_streak2,4412,none,0,amp_narrow,134,none,0,none,0,none,0,False
SCREEN|W12-B-2184,W12-B-2184,B,momentum,relative_strength_rotation,False,637,1253,0.50838,0.5933,0.553008,-0.3171,-0.0105,10,10,a20,0,bear,6744,none,0,first_yang,3240,volume_surge,1352,none,0,deep_pullback,1112,amp_narrow,200,none,0,std20_hi,64,rsqr20_hi,0,False
SCREEN|W12-B-2185,W12-B-2185,B,momentum,time_series_momentum,False,640,1253,0.510774,0.7628,0.445606,-0.3932,-0.001,1,1,p12,0,bear,12256,calm,1473,first_yang,1749,volume_surge,714,up_streak2,421,none,0,none,0,none,0,none,0,rsqr10_hi,314,False
SCREEN|W12-B-2191,W12-B-2191,B,patterns,inside_bar_breakup,False,641,1253,0.511572,0.8193,0.412637,-0.5213,-0.0014,2,2,p12,0,bear,3267,calm,840,none,0,volume_dry,632,down_streak2,502,oversold_rsv,114,amp_wide,27,none,0,none,0,rsqr10_hi,22,False
SCREEN|W12-B-2207,W12-B-2207,B,sentiment,amount_rank,False,656,1253,0.523543,1.6668,0.09556,-0.0848,-0.0225,19,19,a20,0,none,0,wild,823,none,0,none,0,none,0,none,0,none,0,none,0,std10_hi,576,rsqr10_hi,108,True
SCREEN|W12-B-2219,W12-B-2219,B,ta,rsrs_timing,False,601,1253,0.479649,-1.4408,0.14965,-0.8442,-0.1196,183,183,a25,0,none,0,wild,1420,first_yang,559,volume_dry,310,none,0,none,0,none,0,none,0,none,0,none,0,False
SCREEN|W12-B-2221,W12-B-2221,B,ta,strong_close,False,644,1253,0.513966,0.9888,0.322779,0.11,-0.0011,8,8,p12,0,none,0,none,0,none,0,volume_dry,5566,down_streak2,4117,deep_pullback,472,none,0,mom_oversold,29,std10_hi,15,none,0,True
SCREEN|W12-B-2226,W12-B-2226,B,trend,parabolic_sar,False,651,1253,0.519553,1.3843,0.166276,0.4099,-0.0073,10,10,p3,0,bear,2710,none,0,none,0,volume_surge,1080,none,0,deep_pullback,760,none,0,mom_oversold,108,std10_hi,14,rsqr10_hi,58,True
SCREEN|W12-B-2227,W12-B-2227,B,trend,supertrend,False,646,1253,0.515563,1.1018,0.270564,-0.1187,-0.0101,46,46,p8,0,bull,12694,none,0,none,0,none,0,down_streak2,10819,none,0,none,0,mom_oversold,1976,none,0,none,0,True
SCREEN|W12-B-2232,W12-B-2232,B,composite_rotation,composite_score,False,640,1253,0.510774,0.7628,0.445606,-0.4523,-0.0046,28,28,p5,0,none,0,none,0,none,0,volume_surge,1315,none,0,oversold_rsv,1322,none,0,mom_oversold,187,std20_hi,41,none,0,False
SCREEN|W12-B-2238,W12-B-2238,B,folk,gap_up_hold,False,638,1253,0.509178,0.6498,0.515848,-0.1834,-0.0147,6,6,p8,0,bull,156,wild,37,first_yang,71,volume_surge,42,none,0,none,0,none,0,none,0,none,0,rsqr10_hi,71,False
SCREEN|W12-B-2239,W12-B-2239,B,folk,lian_yin_first_yang,False,632,1253,0.504389,0.3108,0.755987,-0.6425,-0.0394,87,87,a20,0,none,0,wild,1299,none,0,volume_dry,495,up_streak2,424,none,0,none,0,none,0,none,0,none,0,False
SCREEN|W12-B-2242,W12-B-2242,B,folk,second_wave,False,643,1253,0.513168,0.9323,0.351201,-0.2877,-0.0083,35,35,a25,0,none,0,none,0,first_yang,4933,volume_surge,3491,none,0,none,0,amp_narrow,2618,mom_oversold,982,none,0,none,0,False
SCREEN|W12-B-2243,W12-B-2243,B,folk,volume_mound,False,647,1253,0.516361,1.1583,0.246755,0.5275,-0.0042,12,12,a25,0,bear,2170,none,0,none,0,none,0,none,0,none,0,none,0,none,0,std20_hi,1212,rsqr20_hi,205,True
SCREEN|W12-B-2251,W12-B-2251,B,mean_reversion,rsi_revert,False,653,1253,0.521149,1.4973,0.134323,0.1503,-0.0336,20,20,p3,0,none,0,calm,13230,first_yang,4607,volume_surge,4385,none,0,oversold_rsv,4930,none,0,none,0,std20_hi,684,none,0,True
SCREEN|W12-B-2254,W12-B-2254,B,momentum,dual_momentum,False,641,1253,0.511572,0.8193,0.412637,0.073,-0.0058,10,10,a25,0,none,0,wild,1028,none,0,none,0,none,0,deep_pullback,737,amp_wide,38,none,0,std10_hi,62,rsqr10_hi,26,False
SCREEN|W12-B-2256,W12-B-2256,B,momentum,relative_strength_rotation,False,641,1253,0.511572,0.8193,0.412637,-0.4441,-0.0518,7,7,a25,0,bull,1201,wild,497,none,0,volume_surge,278,none,0,none,0,none,0,none,0,std10_hi,245,rsqr10_hi,80,False
SCREEN|W12-B-2257,W12-B-2257,B,momentum,time_series_momentum,False,637,1253,0.50838,0.5933,0.553008,-0.1902,-0.0066,10,10,none,0,bear,24583,calm,3650,first_yang,4817,volume_dry,1887,up_streak2,1428,none,0,none,0,none,0,none,0,rsqr10_hi,576,False
SCREEN|W12-B-2259,W12-B-2259,B,patterns,box_breakout,False,660,1253,0.526736,1.8928,0.058388,0.3598,-0.0772,63,63,p3,1,none,0,wild,4894,none,0,none,0,up_streak2,2975,none,0,none,0,none,0,std10_hi,1010,none,0,True
SCREEN|W12-B-2269,W12-B-2269,B,patterns,obv_divergence,False,641,1253,0.511572,0.8193,0.412637,-0.5585,-0.0093,13,13,none,0,bull,4116,none,0,first_yang,1147,volume_surge,774,none,0,none,0,amp_narrow,411,none,0,std20_hi,224,none,0,False
SCREEN|W12-B-2284,W12-B-2284,B,ta,bb_squeeze_breakout,False,641,1253,0.511572,0.8193,0.412637,-0.296,-0.0043,10,10,p3,0,bear,428,calm,45,none,0,volume_surge,85,none,0,deep_pullback,84,none,0,none,0,none,0,none,0,False
SCREEN|W12-B-2291,W12-B-2291,B,ta,rsrs_timing,False,641,1253,0.511572,0.8193,0.412637,-0.6609,-0.0028,12,12,none,0,none,0,none,0,none,0,none,0,down_streak2,3423,deep_pullback,811,amp_wide,21,mom_oversold,61,std20_hi,50,none,0,False
SCREEN|W12-B-2297,W12-B-2297,B,trend,dual_ma_cross,False,641,1253,0.511572,0.8193,0.412637,-0.3805,-0.0234,66,66,p12,0,none,0,none,0,none,0,none,0,none,0,oversold_rsv,16672,amp_wide,1076,none,0,none,0,rsqr10_hi,1255,False
SCREEN|W12-B-2300,W12-B-2300,B,trend,triple_ma,False,664,1253,0.529928,2.1188,0.034109,0.4872,-0.0121,38,38,p3,0,none,0,none,0,first_yang,5375,volume_surge,2662,none,0,none,0,amp_wide,867,mom_oversold,2015,none,0,none,0,True
SCREEN|W12-B-2301,W12-B-2301,B,volatility,vol_breakout,False,641,1253,0.511572,0.8193,0.412637,-0.1086,-0.0052,5,5,p3,0,bear,1424,none,0,first_yang,676,volume_dry,388,none,0,oversold_rsv,248,none,0,none,0,std10_hi,70,none,0,False
SCREEN|W12-B-2306,W12-B-2306,B,event,double_bottom,False,641,1253,0.511572,0.8193,0.412637,0.1574,-0.0007,4,4,p5,0,none,0,wild,830,none,0,none,0,none,0,oversold_rsv,596,amp_narrow,61,mom_oversold,3,none,0,rsqr20_hi,19,False
SCREEN|W12-B-2309,W12-B-2309,B,folk,false_break_back,False,641,1253,0.511572,0.8193,0.412637,-0.519,-0.0007,2,2,a25,0,none,0,none,0,none,0,none,0,down_streak2,8366,none,0,amp_wide,957,none,0,std20_hi,1153,rsqr10_hi,66,False
SCREEN|W12-B-2310,W12-B-2310,B,folk,gap_up_hold,False,641,1253,0.511572,0.8193,0.412637,0.2878,-0.0014,15,15,none,0,bear,1495,none,0,none,0,volume_dry,281,down_streak2,307,oversold_rsv,51,amp_narrow,16,none,0,none,0,none,0,False
SCREEN|W12-B-2314,W12-B-2314,B,folk,second_wave,False,641,1253,0.511572,0.8193,0.412637,-0.672,-0.0058,9,9,a20,0,none,0,none,0,none,0,volume_dry,3447,up_streak2,2706,deep_pullback,908,amp_narrow,5,none,0,none,0,none,0,False
SCREEN|W12-B-2320,W12-B-2320,B,mean_reversion,bollinger_breakout,False,651,1253,0.519553,1.3843,0.166276,0.2711,-0.0075,10,10,a20,0,bear,5783,none,0,none,0,volume_surge,5323,none,0,deep_pullback,3565,amp_narrow,1112,mom_oversold,116,std20_hi,62,rsqr20_hi,16,True
SCREEN|W12-B-2335,W12-B-2335,B,patterns,inside_bar_breakup,False,643,1253,0.513168,0.9323,0.351201,0.3495,-0.0065,14,14,a15,0,bear,6359,none,0,none,0,none,0,down_streak2,2816,deep_pullback,702,amp_narrow,107,none,0,std20_hi,17,none,0,False
SCREEN|W12-B-2337,W12-B-2337,B,patterns,ma_converge_break,False,642,1253,0.51237,0.8758,0.381159,-0.2422,-0.0094,11,11,p5,0,bull,9904,none,0,first_yang,5103,none,0,none,0,none,0,amp_narrow,3289,none,0,std20_hi,2707,rsqr20_hi,47,False
SCREEN|W12-B-2339,W12-B-2339,B,patterns,morning_star,False,641,1253,0.511572,0.8193,0.412637,-0.0591,-0.0011,4,4,a20,0,none,0,none,0,none,0,volume_surge,4,none,0,none,0,amp_wide,4,none,0,std20_hi,3,none,0,False
SCREEN|W12-B-2351,W12-B-2351,B,sentiment,amount_rank,False,644,1253,0.513966,0.9888,0.322779,-0.0026,-0.0049,12,12,a25,0,bull,880,wild,299,none,0,none,0,none,0,none,0,amp_narrow,148,mom_oversold,166,std10_hi,31,none,0,True
SCREEN|W12-B-2361,W12-B-2361,B,ta,nr7_breakout,False,557,1253,0.444533,-3.9268,8.6e-05,-0.8524,-0.1779,654,654,a25,0,none,0,wild,9523,first_yang,3186,none,0,none,0,none,0,amp_wide,1969,none,0,none,0,none,0,False
SCREEN|W12-B-2365,W12-B-2365,B,ta,strong_close,False,654,1253,0.521947,1.5538,0.120239,0.6536,-0.0069,22,22,a15,0,none,0,none,0,first_yang,780,volume_surge,727,none,0,deep_pullback,1556,amp_wide,54,mom_oversold,81,std20_hi,36,none,0,True
SCREEN|W12-B-2368,W12-B-2368,B,trend,donchian_breakout,False,544,1253,0.434158,-4.6613,3e-06,-0.7254,-0.1785,157,157,a25,0,none,0,calm,1346,first_yang,507,volume_surge,305,none,0,none,0,amp_wide,140,none,0,none,0,none,0,False
SCREEN|W12-B-2369,W12-B-2369,B,trend,dual_ma_cross,False,641,1253,0.511572,0.8193,0.412637,-0.1208,-0.004,25,25,p12,0,bull,9517,wild,4675,none,0,volume_dry,2284,none,0,none,0,amp_narrow,767,none,0,std20_hi,1408,none,0,False
SCREEN|W12-B-2370,W12-B-2370,B,trend,parabolic_sar,False,638,1253,0.509178,0.6498,0.515848,-0.6579,-0.0101,10,10,a20,0,none,0,none,0,none,0,volume_dry,23597,down_streak2,19535,oversold_rsv,3943,amp_wide,630,mom_oversold,588,none,0,rsqr20_hi,118,False
SCREEN|W12-B-2385,W12-B-2385,B,folk,rsi_low_flat,False,637,1253,0.50838,0.5933,0.553008,-0.9187,-0.0108,12,12,none,0,none,0,calm,12,none,0,volume_surge,8,none,0,none,0,none,0,none,0,none,0,none,0,False
SCREEN|W12-B-2391,W12-B-2391,B,macro,volatility_regime_filter,False,635,1253,0.506784,0.4803,0.631045,-0.5903,-0.0887,53,53,none,0,bull,8816,wild,5712,first_yang,1480,volume_surge,797,up_streak2,457,none,0,none,0,none,0,none,0,none,0,False
SCREEN|W12-B-2396,W12-B-2396,B,mean_reversion,zscore_revert,False,636,1253,0.507582,0.5368,0.591435,-0.3191,-0.0097,15,15,a25,0,none,0,calm,591,first_yang,281,volume_surge,211,none,0,oversold_rsv,150,none,0,none,0,none,0,rsqr20_hi,37,False
SCREEN|W12-B-2399,W12-B-2399,B,momentum,momentum_acceleration,False,664,1253,0.529928,2.1188,0.034109,0.2924,-0.0267,49,49,a20,0,none,0,none,0,none,0,volume_dry,7760,down_streak2,6170,none,0,none,0,none,0,none,0,rsqr20_hi,1764,True
SCREEN|W12-B-2400,W12-B-2400,B,momentum,relative_strength_rotation,False,638,1253,0.509178,0.6498,0.515848,-0.4606,-0.0036,5,5,none,0,bear,161,none,0,first_yang,142,volume_surge,80,down_streak2,52,none,0,amp_wide,0,none,0,none,0,none,0,False
SCREEN|W12-B-2408,W12-B-2408,B,patterns,island_reversal,False,641,1253,0.511572,0.8193,0.412637,0.3932,0.0,2,2,none,0,bear,170,wild,70,first_yang,36,volume_surge,17,none,0,none,0,amp_wide,5,mom_oversold,18,std20_hi,1,none,0,False
SCREEN|W12-B-2426,W12-B-2426,B,sentiment,price_volume_trend,False,640,1253,0.510774,0.7628,0.445606,-0.0177,-0.0266,69,69,p5,3,none,0,none,0,none,0,none,0,none,0,deep_pullback,9355,none,0,none,0,std10_hi,340,none,0,False
SCREEN|W12-B-2427,W12-B-2427,B,sentiment,turnover_surge,False,637,1253,0.50838,0.5933,0.553008,-0.3504,-0.0625,15,15,p8,0,bear,8347,calm,2903,first_yang,2593,volume_surge,757,none,0,none,0,amp_narrow,858,mom_oversold,381,none,0,rsqr20_hi,0,False
SCREEN|W12-B-2445,W12-B-2445,B,volatility,vol_breakout,False,630,1253,0.502793,0.1978,0.843239,-0.5408,-0.0247,73,73,a25,0,bull,408,none,0,first_yang,247,volume_dry,148,none,0,none,0,amp_narrow,31,none,0,none,0,none,0,False
SCREEN|W12-B-2453,W12-B-2453,B,folk,false_break_back,False,633,1253,0.505188,0.3673,0.713429,-0.404,-0.0115,16,16,p12,0,bear,1387,none,0,none,0,volume_surge,305,none,0,none,0,amp_wide,125,none,0,none,0,rsqr10_hi,232,False
SCREEN|W12-B-2456,W12-B-2456,B,folk,low_suction,False,641,1253,0.511572,0.8193,0.412637,-0.5561,-0.0003,1,1,p12,0,bear,745,calm,214,none,0,none,0,up_streak2,382,oversold_rsv,51,amp_wide,10,mom_oversold,9,std10_hi,2,none,0,False
SCREEN|W12-B-2467,W12-B-2467,B,mean_reversion,rsi_revert,False,641,1253,0.511572,0.8193,0.412637,-0.1847,-0.0022,5,5,a25,0,none,0,calm,1553,none,0,volume_dry,889,none,0,oversold_rsv,630,amp_wide,51,none,0,none,0,rsqr10_hi,68,False
SCREEN|W12-B-2484,W12-B-2484,B,patterns,n_shape,False,644,1253,0.513966,0.9888,0.322779,0.2809,-0.0027,14,14,a20,0,none,0,calm,1194,first_yang,325,none,0,up_streak2,325,none,0,amp_narrow,216,none,0,none,0,rsqr20_hi,108,True
SCREEN|W12-B-2488,W12-B-2488,B,patterns,three_soldiers,False,641,1253,0.511572,0.8193,0.412637,-0.0723,-0.0024,8,8,p8,0,none,0,wild,1027,first_yang,327,none,0,none,0,deep_pullback,788,none,0,mom_oversold,3,std20_hi,3,none,0,False
SCREEN|W12-B-2507,W12-B-2507,B,ta,rsrs_timing,False,579,1253,0.462091,-2.6838,0.007279,-0.8273,-0.0792,193,195,a20,0,bear,2584,calm,632,none,0,volume_dry,729,none,0,none,0,none,0,none,0,none,0,none,0,False
SCREEN|W12-B-2511,W12-B-2511,B,ta,williams_reversal,False,637,1253,0.50838,0.5933,0.553008,-0.2581,-0.0054,7,7,p3,0,none,0,none,0,none,0,volume_dry,6561,up_streak2,5756,none,0,amp_wide,916,none,0,none,0,rsqr20_hi,346,False
SCREEN|W12-B-2514,W12-B-2514,B,trend,parabolic_sar,False,642,1253,0.51237,0.8758,0.381159,0.2786,-0.0024,5,5,none,0,bear,12344,wild,4862,none,0,volume_surge,1775,none,0,deep_pullback,1136,amp_wide,123,mom_oversold,146,std20_hi,95,rsqr20_hi,45,False
SCREEN|W12-B-2515,W12-B-2515,B,trend,supertrend,False,658,1253,0.52514,1.7798,0.075113,0.3442,-0.0625,69,69,a15,0,bear,11698,wild,6178,none,0,none,0,none,0,none,0,amp_wide,1600,none,0,std20_hi,1333,none,0,True
SCREEN|W12-B-2517,W12-B-2517,B,volatility,vol_breakout,False,641,1253,0.511572,0.8193,0.412637,-0.0953,-0.0019,5,5,p5,0,none,0,wild,207,none,0,volume_dry,485,up_streak2,408,oversold_rsv,209,none,0,none,0,none,0,none,0,False
SCREEN|W12-B-2521,W12-B-2521,B,event,breakout_confirm,False,638,1253,0.509178,0.6498,0.515848,-0.4945,-0.0045,3,3,a20,0,bear,393,calm,47,none,0,none,0,none,0,deep_pullback,61,none,0,mom_oversold,4,none,0,none,0,False
SCREEN|W12-B-2525,W12-B-2525,B,folk,false_break_back,False,641,1253,0.511572,0.8193,0.412637,0.0383,-0.0259,17,17,p12,0,none,0,none,0,none,0,none,0,none,0,none,0,amp_wide,7597,none,0,std10_hi,7044,rsqr20_hi,788,False
SCREEN|W12-B-2530,W12-B-2530,B,folk,second_wave,False,632,1253,0.504389,0.3108,0.755987,-0.3297,-0.0173,23,23,p8,0,bear,9188,none,0,none,0,none,0,none,0,none,0,amp_narrow,2049,none,0,std20_hi,2061,rsqr20_hi,77,False
SCREEN|W12-B-2542,W12-B-2542,B,momentum,dual_momentum,False,637,1253,0.50838,0.5933,0.553008,-0.5144,-0.0042,5,5,p5,0,bear,299,wild,303,first_yang,154,volume_dry,42,none,0,none,0,amp_wide,61,none,0,std20_hi,10,none,0,False
SCREEN|W12-B-2569,W12-B-2569,B,sentiment,overnight_drift,False,655,1253,0.522745,1.6103,0.107338,0.0516,-0.0157,37,37,p12,0,bear,3514,wild,1263,none,0,none,0,none,0,oversold_rsv,462,amp_wide,70,mom_oversold,87,std10_hi,21,none,0,True
SCREEN|W12-B-2571,W12-B-2571,B,sentiment,turnover_surge,False,640,1253,0.510774,0.7628,0.445606,0.2004,-0.0055,21,21,p5,0,bear,11487,none,0,none,0,volume_dry,3296,none,0,oversold_rsv,2354,none,0,none,0,std20_hi,641,none,0,False
SCREEN|W12-B-2572,W12-B-2572,B,ta,bb_squeeze_breakout,False,641,1253,0.511572,0.8193,0.412637,-0.3873,-0.0024,5,5,a15,0,bear,12942,calm,2283,none,0,none,0,down_streak2,3383,none,0,amp_wide,683,mom_oversold,731,std20_hi,21,rsqr20_hi,3,False
SCREEN|W12-B-2578,W12-B-2578,B,ta,rsi_divergence,False,666,1253,0.531524,2.2318,0.025629,-0.1707,-0.0621,120,120,p8,0,none,0,calm,4936,first_yang,3882,none,0,none,0,none,0,none,0,none,0,none,0,rsqr20_hi,2399,True
SCREEN|W12-B-2583,W12-B-2583,B,ta,williams_reversal,False,638,1253,0.509178,0.6498,0.515848,-0.5684,-0.0076,13,13,a25,0,none,0,wild,5679,first_yang,1263,volume_surge,967,up_streak2,446,none,0,amp_wide,117,none,0,none,0,rsqr10_hi,184,False
SCREEN|W12-B-2584,W12-B-2584,B,trend,donchian_breakout,False,641,1253,0.511572,0.8193,0.412637,0.5611,-0.0008,10,10,a20,0,bear,10640,none,0,first_yang,2627,volume_surge,2083,up_streak2,1262,none,0,amp_wide,419,mom_oversold,558,std10_hi,7,rsqr20_hi,12,False
SCREEN|W12-B-2585,W12-B-2585,B,trend,dual_ma_cross,False,639,1253,0.509976,0.7063,0.480027,-0.2263,-0.0057,19,19,none,0,none,0,calm,2991,none,0,none,0,none,0,deep_pullback,3677,amp_narrow,41,none,0,none,0,none,0,False
SCREEN|W12-B-2587,W12-B-2587,B,trend,supertrend,False,645,1253,0.514765,1.0453,0.295901,-0.0769,-0.0095,39,39,p3,0,none,0,none,0,none,0,volume_dry,2712,down_streak2,1860,deep_pullback,531,none,0,none,0,none,0,none,0,True
SCREEN|W12-B-2589,W12-B-2589,B,volatility,vol_breakout,False,641,1253,0.511572,0.8193,0.412637,0.5879,-0.0001,9,9,p5,0,bull,1029,wild,68,none,0,none,0,none,0,oversold_rsv,915,amp_narrow,19,mom_oversold,0,none,0,none,0,False
SCREEN|W12-B-2612,W12-B-2612,B,mean_reversion,zscore_revert,False,630,1253,0.502793,0.1978,0.843239,-0.4821,-0.0218,7,7,p8,0,bull,3948,calm,1559,none,0,none,0,none,0,oversold_rsv,945,amp_wide,6,none,0,none,0,none,0,False
SCREEN|W12-B-2617,W12-B-2617,B,momentum,time_series_momentum,False,628,1253,0.501197,0.0848,0.932459,-0.4359,-0.0118,5,5,a15,0,bear,11034,wild,3668,none,0,none,0,up_streak2,1194,none,0,amp_narrow,266,none,0,none,0,rsqr10_hi,205,False
SCREEN|W12-B-2626,W12-B-2626,B,patterns,macd_divergence,False,634,1253,0.505986,0.4238,0.671744,0.0119,-0.014,10,10,a20,0,none,0,calm,914,none,0,none,0,none,0,none,0,amp_wide,719,mom_oversold,852,none,0,rsqr20_hi,17,False
SCREEN|W12-B-2638,W12-B-2638,B,seasonal,weekday_effect,False,640,1253,0.510774,0.7628,0.445606,-0.5242,-0.0053,10,10,p12,0,none,0,wild,2979,none,0,volume_dry,1351,none,0,oversold_rsv,1337,none,0,none,0,std10_hi,137,none,0,False
SCREEN|W12-B-2640,W12-B-2640,B,sentiment,intraday_momentum,False,633,1253,0.505188,0.3673,0.713429,-0.5274,-0.0194,9,9,a20,0,bear,3440,calm,849,first_yang,430,volume_dry,378,down_streak2,335,deep_pullback,38,none,0,none,0,none,0,none,0,False
SCREEN|W12-B-2651,W12-B-2651,B,ta,rsrs_timing,False,643,1253,0.513168,0.9323,0.351201,0.3376,-0.0085,9,9,p3,0,bear,2039,none,0,first_yang,945,none,0,none,0,deep_pullback,925,amp_wide,60,mom_oversold,14,none,0,none,0,False
SCREEN|W12-B-2652,W12-B-2652,B,ta,streak_up,False,641,1253,0.511572,0.8193,0.412637,-0.5557,-0.0004,3,3,a25,0,bull,4322,none,0,first_yang,1327,none,0,up_streak2,893,deep_pullback,1777,none,0,none,0,std20_hi,43,none,0,False
SCREEN|W12-B-2657,W12-B-2657,B,trend,dual_ma_cross,False,557,1253,0.444533,-3.9268,8.6e-05,-1.1239,-0.1276,237,237,a20,0,bear,5058,calm,1237,none,0,none,0,none,0,none,0,amp_wide,1065,none,0,none,0,none,0,False
SCREEN|W12-B-2659,W12-B-2659,B,trend,supertrend,False,650,1253,0.518755,1.3278,0.184255,0.4641,-0.0074,30,30,p12,0,none,0,calm,8418,first_yang,3431,volume_dry,3737,none,0,none,0,amp_wide,2079,none,0,none,0,rsqr10_hi,848,True
SCREEN|W12-B-2666,W12-B-2666,B,event,double_bottom,False,639,1253,0.509976,0.7063,0.480027,-0.0955,-0.0083,6,6,a25,0,none,0,none,0,none,0,volume_surge,991,none,0,oversold_rsv,1269,amp_wide,21,none,0,std10_hi,93,rsqr10_hi,18,False
SCREEN|W12-B-2670,W12-B-2670,B,folk,gap_up_hold,False,644,1253,0.513966,0.9888,0.322779,0.1009,-0.0034,10,10,none,0,none,0,none,0,none,0,volume_dry,215,none,0,oversold_rsv,166,amp_narrow,8,mom_oversold,4,none,0,none,0,True
SCREEN|W12-B-2671,W12-B-2671,B,folk,lian_yin_first_yang,False,641,1253,0.511572,0.8193,0.412637,-0.3932,-0.0001,1,1,p12,0,bull,75,none,0,first_yang,15,none,0,none,0,deep_pullback,26,amp_narrow,0,none,0,none,0,none,0,False
SCREEN|W12-B-2675,W12-B-2675,B,folk,volume_mound,False,636,1253,0.507582,0.5368,0.591435,-0.415,-0.0115,15,15,a20,0,none,0,none,0,first_yang,13033,none,0,none,0,oversold_rsv,14133,amp_narrow,454,none,0,std20_hi,522,rsqr20_hi,0,False
SCREEN|W12-B-2676,W12-B-2676,B,macro,csi300_momentum_filter,False,644,1253,0.513966,0.9888,0.322779,0.2845,-0.0009,5,5,a20,0,none,0,calm,15792,none,0,volume_surge,10032,none,0,oversold_rsv,10560,amp_wide,0,none,0,none,0,none,0,True
SCREEN|W12-B-2682,W12-B-2682,B,mean_reversion,rsi2,False,641,1253,0.511572,0.8193,0.412637,-0.3706,-0.0031,9,9,a15,0,bear,1772,wild,1789,none,0,none,0,up_streak2,793,none,0,none,0,none,0,none,0,rsqr10_hi,40,False
SCREEN|W12-B-2687,W12-B-2687,B,momentum,momentum_acceleration,False,636,1253,0.507582,0.5368,0.591435,0.118,-0.0098,15,15,none,0,none,0,calm,8075,none,0,none,0,up_streak2,7637,deep_pullback,1825,amp_wide,47,none,0,none,0,rsqr20_hi,20,False
SCREEN|W12-B-2693,W12-B-2693,B,patterns,duck_head,False,640,1253,0.510774,0.7628,0.445606,-0.3256,-0.0018,3,3,p8,0,bear,2396,none,0,none,0,none,0,none,0,deep_pullback,1253,amp_narrow,94,mom_oversold,20,std10_hi,14,none,0,False
SCREEN|W12-B-2712,W12-B-2712,B,sentiment,intraday_momentum,False,651,1253,0.519553,1.3843,0.166276,0.3035,-0.0108,30,30,p5,0,none,0,none,0,first_yang,15828,volume_dry,9185,up_streak2,5444,none,0,none,0,none,0,std10_hi,3608,none,0,True
SCREEN|W12-B-2721,W12-B-2721,B,ta,nr7_breakout,False,639,1253,0.509976,0.7063,0.480027,-0.4851,-0.0096,20,20,p12,0,none,0,wild,11247,first_yang,4343,none,0,none,0,deep_pullback,4888,amp_narrow,196,none,0,std20_hi,239,none,0,False
SCREEN|W12-B-2727,W12-B-2727,B,ta,williams_reversal,False,645,1253,0.514765,1.0453,0.295901,0.5232,-0.0021,10,10,p8,0,none,0,wild,7882,first_yang,3190,volume_surge,1783,none,0,deep_pullback,1309,none,0,none,0,std10_hi,237,rsqr20_hi,171,True
SCREEN|W12-B-2728,W12-B-2728,B,trend,donchian_breakout,False,640,1253,0.510774,0.7628,0.445606,0.0151,-0.0124,30,30,a20,0,bull,14001,wild,5792,first_yang,3003,none,0,none,0,none,0,none,0,none,0,none,0,rsqr20_hi,3436,False
SCREEN|W12-B-2736,W12-B-2736,B,composite_rotation,composite_score,False,641,1253,0.511572,0.8193,0.412637,-0.4364,-0.0023,5,5,p12,0,bull,6180,wild,3068,first_yang,1192,volume_dry,1316,none,0,none,0,amp_narrow,409,none,0,none,0,rsqr10_hi,872,False
SCREEN|W12-B-2741,W12-B-2741,B,folk,false_break_back,False,638,1253,0.509178,0.6498,0.515848,-0.139,-0.006,19,19,p12,0,none,0,calm,1331,none,0,none,0,down_streak2,1315,deep_pullback,299,none,0,mom_oversold,6,none,0,none,0,False
SCREEN|W12-B-2742,W12-B-2742,B,folk,gap_up_hold,False,631,1253,0.503591,0.2543,0.7993,-0.5254,-0.043,10,10,a15,0,bear,4619,none,0,none,0,none,0,up_streak2,1654,none,0,none,0,none,0,std10_hi,637,rsqr10_hi,95,False
SCREEN|W12-B-2746,W12-B-2746,B,folk,second_wave,False,641,1253,0.511572,0.8193,0.412637,-0.5095,-0.0091,7,7,a20,0,none,0,calm,2591,first_yang,1481,none,0,up_streak2,985,none,0,amp_wide,406,none,0,std10_hi,476,none,0,False
SCREEN|W12-B-2748,W12-B-2748,B,macro,csi300_momentum_filter,False,641,1253,0.511572,0.8193,0.412637,-0.1569,-0.0049,15,15,a20,0,bear,29856,none,0,none,0,none,0,none,0,deep_pullback,4752,amp_narrow,336,mom_oversold,240,none,0,none,0,False
SCREEN|W12-B-2759,W12-B-2759,B,momentum,momentum_acceleration,False,644,1253,0.513966,0.9888,0.322779,0.0861,-0.0119,41,40,a25,0,none,0,wild,18640,none,0,none,0,none,0,deep_pullback,10542,amp_narrow,2243,none,0,std10_hi,953,none,0,True
SCREEN|W12-B-2765,W12-B-2765,B,patterns,duck_head,False,640,1253,0.510774,0.7628,0.445606,-0.573,-0.0029,4,4,p8,0,none,0,none,0,none,0,volume_dry,3516,down_streak2,2692,deep_pullback,627,amp_wide,9,mom_oversold,3,std20_hi,10,none,0,False
SCREEN|W12-B-2770,W12-B-2770,B,patterns,macd_divergence,False,654,1253,0.521947,1.5538,0.120239,0.6279,-0.0065,20,20,p5,0,none,0,calm,2497,none,0,none,0,none,0,oversold_rsv,1018,amp_wide,681,none,0,std20_hi,840,rsqr20_hi,15,True
SCREEN|W12-B-2773,W12-B-2773,B,patterns,obv_divergence,False,643,1253,0.513168,0.9323,0.351201,0.516,0.0,5,5,p3,0,bear,279,wild,246,none,0,volume_surge,116,none,0,oversold_rsv,33,amp_wide,6,mom_oversold,8,std20_hi,23,none,0,False
SCREEN|W12-B-2784,W12-B-2784,B,sentiment,intraday_momentum,False,648,1253,0.517159,1.2148,0.224455,0.4368,-0.0059,43,43,p3,0,none,0,wild,3364,first_yang,1127,none,0,none,0,deep_pullback,1945,none,0,none,0,none,0,none,0,True
SCREEN|W12-B-2791,W12-B-2791,B,ta,kdj_reversal,False,643,1253,0.513168,0.9323,0.351201,0.3945,-0.0018,10,10,a25,0,bear,34967,wild,21789,first_yang,5723,none,0,up_streak2,4130,oversold_rsv,2006,none,0,none,0,std20_hi,180,none,0,False
SCREEN|W12-B-2796,W12-B-2796,B,ta,streak_up,False,643,1253,0.513168,0.9323,0.351201,0.0989,-0.005,9,8,a15,0,none,0,wild,273,none,0,volume_dry,146,up_streak2,46,none,0,none,0,none,0,none,0,rsqr10_hi,32,False
SCREEN|W12-B-2802,W12-B-2802,B,trend,parabolic_sar,False,648,1253,0.517159,1.2148,0.224455,0.501,-0.0147,126,126,p12,0,bear,2987,none,0,none,0,none,0,none,0,deep_pullback,1545,none,0,none,0,none,0,none,0,True
SCREEN|W12-B-2815,W12-B-2815,B,folk,lian_yin_first_yang,False,641,1253,0.511572,0.8193,0.412637,0.1336,-0.0002,5,5,a15,0,bull,6636,wild,2114,first_yang,882,volume_dry,803,none,0,deep_pullback,928,none,0,mom_oversold,39,none,0,rsqr20_hi,40,False
SCREEN|W12-B-2831,W12-B-2831,B,momentum,momentum_acceleration,False,650,1253,0.518755,1.3278,0.184255,0.2058,-0.0111,17,17,p3,0,bear,1304,none,0,first_yang,307,volume_surge,533,none,0,deep_pullback,482,amp_wide,18,none,0,none,0,none,0,True
SCREEN|W12-B-2839,W12-B-2839,B,patterns,inside_bar_breakup,False,630,1253,0.502793,0.1978,0.843239,-1.2487,-0.0275,103,103,a20,0,bear,704,none,0,none,0,none,0,none,0,oversold_rsv,343,none,0,none,0,none,0,none,0,False
SCREEN|W12-B-2843,W12-B-2843,B,patterns,morning_star,False,642,1253,0.51237,0.8758,0.381159,0.4998,-0.0003,8,8,a15,0,bull,279,none,0,first_yang,25,none,0,up_streak2,43,none,0,amp_narrow,43,mom_oversold,17,none,0,none,0,False
SCREEN|W12-B-2845,W12-B-2845,B,patterns,obv_divergence,False,637,1253,0.50838,0.5933,0.553008,-0.6307,-0.0387,40,40,a15,0,none,0,wild,3988,first_yang,1612,none,0,none,0,none,0,amp_narrow,788,mom_oversold,655,std10_hi,173,none,0,False
SCREEN|W12-B-2849,W12-B-2849,B,patterns,yang_break_3ma,False,629,1253,0.501995,0.1413,0.887671,-0.6234,-0.033,66,66,a20,0,none,0,calm,10544,none,0,volume_surge,6281,up_streak2,4453,none,0,amp_wide,874,none,0,none,0,rsqr20_hi,1247,False
SCREEN|W12-B-2859,W12-B-2859,B,sentiment,turnover_surge,False,676,1253,0.539505,2.7968,0.005161,0.2763,-0.0249,121,121,p5,4,none,0,wild,9459,none,0,none,0,none,0,oversold_rsv,7486,amp_wide,193,mom_oversold,340,none,0,none,0,True
SCREEN|W12-B-2861,W12-B-2861,B,ta,cci_revert,False,615,1253,0.490822,-0.6498,0.515848,-0.4699,-0.0413,85,85,none,0,bull,1302,calm,701,none,0,none,0,up_streak2,775,none,0,amp_narrow,116,none,0,none,0,none,0,False
SCREEN|W12-B-2868,W12-B-2868,B,ta,streak_up,False,620,1253,0.494812,-0.3673,0.713429,-0.4101,-0.0413,54,54,p8,0,bear,1741,calm,354,first_yang,146,volume_surge,198,none,0,none,0,amp_wide,98,none,0,none,0,none,0,False
SCREEN|W12-B-2869,W12-B-2869,B,ta,strong_close,False,636,1253,0.507582,0.5368,0.591435,-0.4261,-0.0128,10,10,p5,0,bull,143,calm,119,none,0,volume_surge,22,up_streak2,40,none,0,amp_wide,5,none,0,none,0,rsqr10_hi,20,False
SCREEN|W12-B-2874,W12-B-2874,B,trend,parabolic_sar,False,644,1253,0.513966,0.9888,0.322779,0.4314,-0.011,43,43,none,0,none,0,wild,19346,none,0,volume_surge,7077,none,0,oversold_rsv,6130,none,0,none,0,std20_hi,578,none,0,True
SCREEN|W12-B-2876,W12-B-2876,B,trend,triple_ma,False,647,1253,0.516361,1.1583,0.246755,0.1456,-0.006,11,11,p8,0,bear,1603,wild,599,none,0,volume_surge,196,down_streak2,103,none,0,amp_wide,0,none,0,std10_hi,40,none,0,True
SCREEN|W12-B-2890,W12-B-2890,B,folk,second_wave,False,641,1253,0.511572,0.8193,0.412637,0.0129,-0.0028,13,13,a15,0,none,0,wild,1532,none,0,none,0,none,0,oversold_rsv,1202,none,0,none,0,none,0,rsqr20_hi,102,False
SCREEN|W12-B-2907,W12-B-2907,B,patterns,box_breakout,False,641,1253,0.511572,0.8193,0.412637,0.2633,-0.0047,13,13,a15,0,none,0,none,0,none,0,none,0,down_streak2,2001,none,0,amp_wide,212,none,0,std10_hi,260,rsqr10_hi,14,False
SCREEN|W12-B-2930,W12-B-2930,B,sentiment,price_volume_trend,False,642,1253,0.51237,0.8758,0.381159,0.4826,-0.0213,35,35,p3,0,none,0,wild,8932,none,0,volume_surge,4646,none,0,none,0,amp_wide,1129,mom_oversold,3038,std20_hi,205,none,0,False
SCREEN|W12-B-2932,W12-B-2932,B,ta,bb_squeeze_breakout,False,622,1253,0.496409,-0.2543,0.7993,-0.7296,-0.0333,83,83,p12,0,bear,5070,none,0,first_yang,1338,none,0,none,0,oversold_rsv,1063,amp_narrow,113,none,0,none,0,none,0,False
SCREEN|W12-B-2935,W12-B-2935,B,ta,kdj_reversal,False,644,1253,0.513966,0.9888,0.322779,0.4204,0.0,1,1,p3,0,none,0,calm,836,none,0,volume_surge,545,down_streak2,219,deep_pullback,143,none,0,none,0,std20_hi,1,none,0,True
SCREEN|W12-B-2938,W12-B-2938,B,ta,rsi_divergence,False,630,1253,0.502793,0.1978,0.843239,-0.4751,-0.0356,27,27,a25,0,none,0,none,0,none,0,volume_surge,2720,none,0,none,0,amp_narrow,1851,mom_oversold,700,std20_hi,59,none,0,False
SCREEN|W12-B-2940,W12-B-2940,B,ta,streak_up,False,642,1253,0.51237,0.8758,0.381159,0.3184,-0.0015,3,3,p5,0,bear,2051,none,0,none,0,volume_dry,650,none,0,deep_pullback,525,amp_narrow,4,none,0,std10_hi,26,none,0,False
SCREEN|W12-B-2950,W12-B-2950,B,volatility,vol_regime_switch,False,649,1253,0.517957,1.2713,0.203633,0.2028,-0.0061,7,7,a15,0,bull,5158,none,0,first_yang,3845,none,0,down_streak2,3942,oversold_rsv,254,none,0,mom_oversold,0,none,0,none,0,True
SCREEN|W12-B-2952,W12-B-2952,B,composite_rotation,composite_score,False,641,1253,0.511572,0.8193,0.412637,-0.2921,-0.0023,8,8,p8,0,bear,6867,calm,2436,none,0,volume_surge,1846,none,0,deep_pullback,1726,amp_narrow,146,mom_oversold,15,std20_hi,0,rsqr20_hi,0,False
SCREEN|W12-B-2954,W12-B-2954,B,event,double_bottom,False,638,1253,0.509178,0.6498,0.515848,-0.395,-0.0086,3,3,p3,0,none,0,none,0,none,0,none,0,none,0,deep_pullback,8297,amp_wide,246,none,0,std20_hi,177,rsqr10_hi,51,False
SCREEN|W12-B-2971,W12-B-2971,B,mean_reversion,rsi_revert,False,640,1253,0.510774,0.7628,0.445606,0.1219,-0.0158,61,61,p8,0,bear,40101,wild,22681,first_yang,6018,none,0,none,0,oversold_rsv,5073,amp_narrow,998,none,0,none,0,none,0,False
SCREEN|W12-B-2972,W12-B-2972,B,mean_reversion,zscore_revert,False,643,1253,0.513168,0.9323,0.351201,0.4963,0.0,5,5,a20,0,bear,3348,calm,2263,none,0,volume_surge,1510,up_streak2,1711,none,0,none,0,none,0,std10_hi,302,none,0,False
SCREEN|W12-B-2973,W12-B-2973,B,momentum,cross_sectional_momentum,False,641,1253,0.511572,0.8193,0.412637,0.158,-0.0091,2,2,none,0,none,0,wild,536,first_yang,200,volume_dry,95,down_streak2,111,none,0,amp_wide,5,none,0,none,0,rsqr20_hi,0,False
SCREEN|W12-B-2974,W12-B-2974,B,momentum,dual_momentum,False,641,1253,0.511572,0.8193,0.412637,-0.2217,-0.0059,5,5,p3,3,none,0,wild,2894,none,0,volume_dry,1344,none,0,none,0,none,0,mom_oversold,1284,std20_hi,205,rsqr20_hi,27,False
SCREEN|W12-B-2981,W12-B-2981,B,patterns,duck_head,False,641,1253,0.511572,0.8193,0.412637,-0.1863,-0.0004,1,1,a15,0,none,0,none,0,none,0,none,0,down_streak2,5447,deep_pullback,1324,amp_narrow,78,none,0,std10_hi,11,none,0,False
SCREEN|W12-B-2996,W12-B-2996,B,seasonal,month_seasonality,False,641,1253,0.511572,0.8193,0.412637,0.0179,-0.0029,10,10,p12,0,none,0,none,0,none,0,volume_dry,1387,none,0,none,0,amp_narrow,684,none,0,std20_hi,929,none,0,False
SCREEN|W12-B-3002,W12-B-3002,B,sentiment,price_volume_trend,False,641,1253,0.511572,0.8193,0.412637,-0.0338,-0.0008,4,4,p8,0,bull,1629,none,0,none,0,volume_surge,739,up_streak2,695,oversold_rsv,567,none,0,mom_oversold,6,none,0,none,0,False
SCREEN|W12-B-3005,W12-B-3005,B,ta,cci_revert,False,643,1253,0.513168,0.9323,0.351201,0.535,0.0,1,1,p5,0,bear,81,calm,6,none,0,none,0,none,0,none,0,amp_narrow,33,none,0,none,0,rsqr20_hi,26,False
SCREEN|W12-B-3007,W12-B-3007,B,ta,kdj_reversal,False,641,1253,0.511572,0.8193,0.412637,0.0346,-0.0005,2,2,p8,0,bear,159,wild,34,none,0,volume_surge,13,down_streak2,6,oversold_rsv,0,amp_wide,0,mom_oversold,3,std10_hi,0,none,0,False
SCREEN|W12-B-3011,W12-B-3011,B,ta,rsrs_timing,False,644,1253,0.513966,0.9888,0.322779,0.129,-0.0265,5,5,p8,0,bull,8660,none,0,first_yang,4602,volume_dry,2984,down_streak2,2472,none,0,none,0,none,0,std20_hi,163,none,0,True
SCREEN|W12-B-3015,W12-B-3015,B,ta,williams_reversal,False,629,1253,0.501995,0.1413,0.887671,-0.405,-0.0665,102,102,a15,0,bear,9691,none,0,none,0,volume_dry,5763,none,0,deep_pullback,4692,amp_wide,562,none,0,none,0,none,0,False
SCREEN|W12-B-3017,W12-B-3017,B,trend,dual_ma_cross,False,643,1253,0.513168,0.9323,0.351201,-0.4149,-0.0136,60,60,a25,0,none,0,calm,15911,none,0,none,0,none,0,oversold_rsv,16428,amp_narrow,1125,mom_oversold,988,none,0,none,0,False
SCREEN|W12-B-3021,W12-B-3021,B,volatility,vol_breakout,False,641,1253,0.511572,0.8193,0.412637,-0.5391,-0.0071,17,17,none,0,none,0,wild,146,first_yang,370,volume_surge,254,none,0,none,0,amp_narrow,182,none,0,none,0,none,0,False
SCREEN|W12-B-3023,W12-B-3023,B,volatility,vol_target,False,642,1253,0.51237,0.8758,0.381159,-0.1718,-0.013,23,23,p12,0,none,0,none,0,first_yang,18752,volume_surge,9879,none,0,none,0,amp_narrow,6617,none,0,std20_hi,2986,rsqr20_hi,18,False
SCREEN|W12-B-3043,W12-B-3043,B,mean_reversion,rsi_revert,False,643,1253,0.513168,0.9323,0.351201,0.4258,-0.0041,15,15,none,0,bear,4089,none,0,first_yang,3995,none,0,up_streak2,2207,none,0,amp_wide,507,mom_oversold,512,none,0,rsqr20_hi,38,False
SCREEN|W12-B-3055,W12-B-3055,B,patterns,inside_bar_breakup,False,645,1253,0.514765,1.0453,0.295901,0.0635,-0.0082,5,5,p3,0,none,0,calm,861,none,0,none,0,up_streak2,596,none,0,amp_narrow,164,none,0,none,0,rsqr10_hi,143,True
SCREEN|W12-B-3078,W12-B-3078,B,ta,hammer_reversal,False,642,1253,0.51237,0.8758,0.381159,0.3116,-0.0018,6,6,a15,0,bear,309,none,0,first_yang,279,none,0,none,0,oversold_rsv,169,amp_wide,49,mom_oversold,30,std10_hi,0,none,0,False
SCREEN|W12-B-3080,W12-B-3080,B,ta,macd_trend,False,637,1253,0.50838,0.5933,0.553008,-0.4281,-0.035,12,12,p8,0,bear,14683,none,0,none,0,volume_dry,3152,up_streak2,3199,deep_pullback,641,amp_wide,8,none,0,none,0,none,0,False
SCREEN|W12-B-3081,W12-B-3081,B,ta,nr7_breakout,False,647,1253,0.516361,1.1583,0.246755,0.5529,-0.0008,11,11,p5,0,bear,13314,wild,4616,none,0,volume_surge,1733,down_streak2,849,oversold_rsv,71,amp_wide,15,none,0,std10_hi,122,rsqr10_hi,46,True
SCREEN|W12-B-3086,W12-B-3086,B,ta,vol_breakout,False,631,1253,0.503591,0.2543,0.7993,-0.2687,-0.0488,90,90,p5,0,bull,4782,none,0,none,0,none,0,up_streak2,3960,none,0,none,0,none,0,none,0,rsqr10_hi,1354,False
SCREEN|W12-B-3087,W12-B-3087,B,ta,williams_reversal,False,686,1253,0.547486,3.3618,0.000774,0.1824,-0.0187,15,15,a15,0,bear,1724,none,0,none,0,none,0,down_streak2,1312,none,0,none,0,none,0,std10_hi,576,rsqr10_hi,63,True
SCREEN|W12-B-3088,W12-B-3088,B,trend,donchian_breakout,False,641,1253,0.511572,0.8193,0.412637,-0.2302,-0.0009,10,10,p3,0,none,0,wild,19486,none,0,none,0,up_streak2,10794,deep_pullback,3829,amp_narrow,91,none,0,std20_hi,72,rsqr20_hi,9,False
SCREEN|W12-B-3089,W12-B-3089,B,trend,dual_ma_cross,False,639,1253,0.509976,0.7063,0.480027,-0.5012,-0.0083,14,14,p3,0,bear,12260,none,0,none,0,volume_surge,3714,none,0,none,0,amp_wide,938,mom_oversold,1688,std20_hi,149,rsqr20_hi,38,False
SCREEN|W12-B-3092,W12-B-3092,B,trend,triple_ma,False,700,1253,0.558659,4.1528,3.3e-05,0.3612,-0.0494,45,45,a25,0,bear,16869,wild,5540,none,0,volume_surge,1811,none,0,none,0,amp_wide,390,mom_oversold,720,std10_hi,90,none,0,True
SCREEN|W12-B-3105,W12-B-3105,B,folk,rsi_low_flat,False,683,1253,0.545092,3.1923,0.001411,0.7528,-0.044,62,62,p5,19,bear,12402,wild,10991,none,0,volume_surge,3643,none,0,none,0,none,0,none,0,std20_hi,2612,none,0,True
SCREEN|W12-B-3107,W12-B-3107,B,folk,volume_mound,False,644,1253,0.513966,0.9888,0.322779,0.0567,-0.0062,10,10,p12,0,bear,906,none,0,first_yang,172,none,0,none,0,deep_pullback,198,amp_wide,9,mom_oversold,13,std20_hi,4,none,0,True
SCREEN|W12-B-3114,W12-B-3114,B,mean_reversion,rsi2,False,643,1253,0.513168,0.9323,0.351201,-0.3396,-0.0184,11,11,a25,0,none,0,none,0,first_yang,14564,volume_dry,2998,up_streak2,2928,none,0,amp_wide,524,none,0,std10_hi,237,none,0,False
SCREEN|W12-B-3117,W12-B-3117,B,momentum,cross_sectional_momentum,False,304,1253,0.242618,-18.2215,0.0,-1.0443,-0.4103,527,530,p5,0,bear,737,none,0,none,0,none,0,none,0,none,0,none,0,none,0,none,0,none,0,False
SCREEN|W12-B-3118,W12-B-3118,B,momentum,dual_momentum,False,628,1253,0.501197,0.0848,0.932459,-0.1315,-0.0372,76,76,a15,0,none,0,none,0,none,0,none,0,none,0,none,0,amp_wide,895,none,0,none,0,rsqr20_hi,905,False
SCREEN|W12-B-3124,W12-B-3124,B,patterns,doji_at_low,False,648,1253,0.517159,1.2148,0.224455,-0.2547,-0.0891,45,45,p8,0,bear,2097,none,0,none,0,volume_dry,2099,none,0,none,0,amp_wide,1137,none,0,std10_hi,542,none,0,True
SCREEN|W12-B-3125,W12-B-3125,B,patterns,duck_head,False,635,1253,0.506784,0.4803,0.631045,-0.2157,-0.0593,85,85,a15,0,bear,1087,wild,324,none,0,volume_dry,86,none,0,none,0,none,0,none,0,none,0,none,0,False
SCREEN|W12-B-3134,W12-B-3134,B,patterns,piercing_line,False,638,1253,0.509178,0.6498,0.515848,-0.1612,-0.01,9,9,a15,0,none,0,none,0,none,0,none,0,none,0,deep_pullback,1066,amp_narrow,194,none,0,none,0,rsqr10_hi,107,False
SCREEN|W12-B-3137,W12-B-3137,B,patterns,yang_break_3ma,False,641,1253,0.511572,0.8193,0.412637,-0.0418,-0.003,28,26,p5,0,bear,13122,wild,5008,none,0,volume_dry,1315,none,0,deep_pullback,1749,none,0,none,0,std20_hi,168,none,0,False
SCREEN|W12-B-3139,W12-B-3139,B,seasonal,month_end_effect,False,618,1253,0.493216,-0.4803,0.631045,0.0785,-0.063,190,190,p12,0,none,0,wild,11088,first_yang,3888,volume_surge,1968,none,0,none,0,none,0,none,0,none,0,none,0,False
SCREEN|W12-B-3144,W12-B-3144,B,sentiment,intraday_momentum,False,644,1253,0.513966,0.9888,0.322779,0.1657,-0.0251,15,15,none,0,bear,11529,none,0,none,0,volume_dry,3651,none,0,deep_pullback,4246,amp_narrow,256,none,0,std20_hi,236,none,0,True
SCREEN|W12-B-3148,W12-B-3148,B,ta,bb_squeeze_breakout,False,636,1253,0.507582,0.5368,0.591435,-0.3811,-0.013,21,21,p5,0,none,0,wild,4933,first_yang,1680,volume_dry,933,none,0,none,0,amp_narrow,321,mom_oversold,703,none,0,none,0,False
SCREEN|W12-B-3151,W12-B-3151,B,ta,kdj_reversal,False,643,1253,0.513168,0.9323,0.351201,0.5363,-0.0013,8,8,p3,0,none,0,none,0,first_yang,808,none,0,up_streak2,1064,deep_pullback,894,amp_wide,54,mom_oversold,28,std20_hi,0,rsqr20_hi,8,False
SCREEN|W12-B-3154,W12-B-3154,B,ta,rsi_divergence,False,645,1253,0.514765,1.0453,0.295901,0.4713,0.0,5,5,p5,0,bear,4145,none,0,none,0,volume_dry,4022,none,0,oversold_rsv,1866,amp_wide,948,mom_oversold,572,std10_hi,165,none,0,True
SCREEN|W12-B-3162,W12-B-3162,B,trend,parabolic_sar,False,646,1253,0.515563,1.1018,0.270564,0.3954,-0.0041,10,10,p12,0,bear,12199,wild,4627,none,0,volume_surge,1711,up_streak2,853,deep_pullback,601,amp_narrow,47,none,0,none,0,none,0,True
SCREEN|W12-B-3163,W12-B-3163,B,trend,supertrend,False,642,1253,0.51237,0.8758,0.381159,0.2393,-0.0031,12,12,p3,0,bull,15278,none,0,first_yang,3683,none,0,none,0,none,0,amp_narrow,1934,none,0,std20_hi,2126,rsqr20_hi,115,False
SCREEN|W12-B-3166,W12-B-3166,B,volatility,vol_regime_switch,False,462,1253,0.368715,-9.2944,0.0,-1.7462,-0.2626,964,964,a15,0,none,0,none,0,first_yang,4561,none,0,none,0,none,0,amp_wide,2465,none,0,none,0,none,0,False
SCREEN|W12-B-3167,W12-B-3167,B,volatility,vol_target,False,630,1253,0.502793,0.1978,0.843239,-0.0547,-0.04,30,30,a20,0,none,0,calm,13172,none,0,none,0,up_streak2,9157,none,0,amp_narrow,2744,none,0,none,0,rsqr20_hi,2474,False
SCREEN|W12-B-3168,W12-B-3168,B,composite_rotation,composite_score,False,636,1253,0.507582,0.5368,0.591435,-0.3406,-0.0287,32,32,p5,0,none,0,wild,13413,first_yang,5067,none,0,none,0,none,0,none,0,none,0,std20_hi,4947,rsqr10_hi,921,False
SCREEN|W12-B-3169,W12-B-3169,B,event,breakout_confirm,False,645,1253,0.514765,1.0453,0.295901,-0.0337,-0.0192,29,29,p3,0,none,0,none,0,first_yang,1042,volume_dry,1957,none,0,none,0,none,0,none,0,std10_hi,952,none,0,True
SCREEN|W12-B-3170,W12-B-3170,B,event,double_bottom,False,644,1253,0.513966,0.9888,0.322779,0.1897,-0.0036,10,10,a20,0,none,0,none,0,none,0,volume_dry,1584,none,0,oversold_rsv,974,none,0,none,0,none,0,rsqr10_hi,107,True
SCREEN|W12-B-3175,W12-B-3175,B,folk,lian_yin_first_yang,False,650,1253,0.518755,1.3278,0.184255,0.5499,-0.0043,13,13,p5,0,bull,1536,wild,612,none,0,volume_dry,427,down_streak2,375,none,0,none,0,mom_oversold,30,none,0,none,0,True
SCREEN|W12-B-3176,W12-B-3176,B,folk,low_suction,False,641,1253,0.511572,0.8193,0.412637,-0.0009,-0.0112,10,10,none,0,none,0,wild,10207,none,0,volume_dry,3647,down_streak2,3580,none,0,none,0,none,0,std20_hi,694,rsqr20_hi,46,False
SCREEN|W12-B-3178,W12-B-3178,B,folk,second_wave,False,607,1253,0.484437,-1.1018,0.270564,-0.8229,-0.0519,56,56,a15,0,bear,4701,none,0,first_yang,1304,volume_dry,717,down_streak2,654,none,0,none,0,none,0,none,0,none,0,False
SCREEN|W12-B-3190,W12-B-3190,B,momentum,dual_momentum,False,648,1253,0.517159,1.2148,0.224455,0.1581,-0.0074,27,27,p3,0,none,0,wild,3282,none,0,none,0,none,0,none,0,amp_wide,1216,mom_oversold,1097,std20_hi,120,none,0,True
SCREEN|W12-B-3191,W12-B-3191,B,momentum,momentum_acceleration,False,637,1253,0.50838,0.5933,0.553008,-0.4259,-0.0086,10,10,a20,0,none,0,wild,3742,first_yang,1394,volume_surge,933,none,0,none,0,amp_narrow,580,none,0,std10_hi,152,none,0,False
SCREEN|W12-B-3195,W12-B-3195,B,patterns,box_breakout,False,641,1253,0.511572,0.8193,0.412637,-0.5581,-0.0022,11,11,p3,0,none,0,none,0,none,0,volume_surge,3696,up_streak2,2779,deep_pullback,1135,none,0,none,0,none,0,rsqr20_hi,21,False
SCREEN|W12-B-3206,W12-B-3206,B,patterns,piercing_line,False,645,1253,0.514765,1.0453,0.295901,0.2124,-0.009,7,7,p12,0,bear,1519,calm,1052,none,0,none,0,down_streak2,1326,oversold_rsv,188,amp_wide,151,none,0,std10_hi,200,none,0,True
SCREEN|W12-B-3216,W12-B-3216,B,sentiment,intraday_momentum,False,641,1253,0.511572,0.8193,0.412637,-0.4477,-0.0014,10,10,p12,0,bear,3894,calm,841,none,0,none,0,down_streak2,1370,oversold_rsv,200,amp_wide,60,none,0,none,0,rsqr20_hi,69,False
SCREEN|W12-B-3222,W12-B-3222,B,ta,hammer_reversal,False,642,1253,0.51237,0.8758,0.381159,0.488,-0.0026,5,5,p12,0,none,0,calm,342,none,0,none,0,none,0,deep_pullback,232,none,0,none,0,none,0,none,0,False
SCREEN|W12-B-3224,W12-B-3224,B,ta,macd_trend,False,641,1253,0.511572,0.8193,0.412637,-0.4919,-0.0015,4,4,a25,0,bear,3245,calm,623,none,0,none,0,down_streak2,768,oversold_rsv,152,none,0,none,0,std10_hi,107,none,0,False
SCREEN|W12-B-3225,W12-B-3225,B,ta,nr7_breakout,False,641,1253,0.511572,0.8193,0.412637,-0.5451,-0.0006,2,2,none,0,none,0,none,0,first_yang,5381,none,0,none,0,oversold_rsv,6658,amp_narrow,273,none,0,std20_hi,287,rsqr10_hi,10,False
SCREEN|W12-B-3244,W12-B-3244,B,folk,ants_climb,False,651,1253,0.519553,1.3843,0.166276,0.2337,-0.0042,14,14,a15,0,bull,458,calm,167,first_yang,174,volume_dry,136,none,0,none,0,none,0,none,0,none,0,rsqr10_hi,59,True
SCREEN|W12-B-3247,W12-B-3247,B,folk,lian_yin_first_yang,False,643,1253,0.513168,0.9323,0.351201,0.775,0.0,5,5,a25,0,none,0,calm,573,first_yang,190,none,0,none,0,deep_pullback,297,amp_wide,4,none,0,none,0,rsqr20_hi,3,False
SCREEN|W12-B-3256,W12-B-3256,B,mean_reversion,bollinger_breakout,False,599,1253,0.478053,-1.5538,0.120239,-0.268,-0.1048,303,303,a25,0,none,0,wild,10104,none,0,none,0,up_streak2,4798,none,0,amp_wide,999,none,0,none,0,none,0,False
SCREEN|W12-B-3259,W12-B-3259,B,mean_reversion,rsi_revert,False,642,1253,0.51237,0.8758,0.381159,-0.2188,-0.0268,46,46,a20,0,none,0,calm,17255,none,0,none,0,down_streak2,15184,oversold_rsv,3339,none,0,mom_oversold,1509,none,0,none,0,False
SCREEN|W12-B-3270,W12-B-3270,B,patterns,immortal_guide,False,641,1253,0.511572,0.8193,0.412637,0.015,-0.0019,4,4,p12,0,none,0,none,0,first_yang,1587,volume_dry,1193,up_streak2,524,deep_pullback,448,none,0,mom_oversold,9,std20_hi,1,none,0,False
SCREEN|W12-B-3279,W12-B-3279,B,patterns,three_methods_up,False,641,1253,0.511572,0.8193,0.412637,0.5545,0.0,1,1,none,0,bear,410,wild,214,none,0,volume_dry,33,none,0,deep_pullback,11,amp_narrow,1,none,0,std20_hi,1,none,0,False
SCREEN|W12-B-3283,W12-B-3283,B,seasonal,month_end_effect,False,641,1253,0.511572,0.8193,0.412637,0.4431,0.0,5,5,a20,0,bull,3389,wild,966,none,0,none,0,down_streak2,1166,none,0,none,0,none,0,none,0,rsqr20_hi,118,False
SCREEN|W12-B-3293,W12-B-3293,B,ta,cci_revert,False,616,1253,0.49162,-0.5933,0.553008,-0.3079,-0.0599,77,81,p8,0,bear,3789,calm,1114,first_yang,1369,volume_dry,502,up_streak2,357,none,0,none,0,none,0,none,0,none,0,False
SCREEN|W12-B-3295,W12-B-3295,B,ta,kdj_reversal,False,638,1253,0.509178,0.6498,0.515848,-0.0711,-0.0286,18,18,a20,0,bear,16671,none,0,first_yang,7004,volume_dry,2798,none,0,deep_pullback,3207,none,0,none,0,std20_hi,184,none,0,False
SCREEN|W12-B-3300,W12-B-3300,B,ta,streak_up,False,639,1253,0.509976,0.7063,0.480027,-0.3861,-0.0038,6,6,p5,0,none,0,calm,782,first_yang,218,volume_surge,178,up_streak2,103,oversold_rsv,312,amp_wide,13,none,0,none,0,rsqr20_hi,0,False
SCREEN|W12-B-3304,W12-B-3304,B,trend,donchian_breakout,False,641,1253,0.511572,0.8193,0.412637,0.2337,-0.0018,5,5,p5,0,bear,18321,wild,8264,first_yang,1639,volume_dry,923,down_streak2,925,oversold_rsv,90,amp_narrow,11,none,0,none,0,none,0,False
SCREEN|W12-B-3318,W12-B-3318,B,folk,gap_up_hold,False,641,1253,0.511572,0.8193,0.412637,0.2664,-0.0004,4,4,none,0,none,0,calm,3507,none,0,none,0,down_streak2,2038,deep_pullback,408,none,0,none,0,std20_hi,12,none,0,False
SCREEN|W12-B-3319,W12-B-3319,B,folk,lian_yin_first_yang,False,635,1253,0.506784,0.4803,0.631045,-0.2241,-0.01,15,15,p8,0,none,0,calm,1103,none,0,volume_dry,697,none,0,none,0,amp_wide,415,none,0,none,0,rsqr10_hi,156,False
SCREEN|W12-B-3321,W12-B-3321,B,folk,rsi_low_flat,False,645,1253,0.514765,1.0453,0.295901,0.1581,-0.0256,7,7,p3,0,none,0,wild,1189,none,0,volume_surge,600,none,0,deep_pullback,450,none,0,none,0,std20_hi,41,rsqr10_hi,70,True
SCREEN|W12-B-3322,W12-B-3322,B,folk,second_wave,False,638,1253,0.509178,0.6498,0.515848,-0.441,-0.0077,8,8,a25,0,none,0,none,0,none,0,none,0,none,0,deep_pullback,5620,none,0,none,0,std10_hi,250,rsqr10_hi,63,False
SCREEN|W12-B-3334,W12-B-3334,B,momentum,dual_momentum,False,642,1253,0.51237,0.8758,0.381159,-0.4409,-0.0135,9,9,none,0,none,0,wild,2262,first_yang,888,none,0,up_streak2,609,deep_pullback,369,amp_narrow,24,mom_oversold,6,std10_hi,6,none,0,False
SCREEN|W12-B-3335,W12-B-3335,B,momentum,momentum_acceleration,False,639,1253,0.509976,0.7063,0.480027,0.1526,-0.0052,4,4,a15,0,none,0,none,0,first_yang,9186,none,0,down_streak2,8633,oversold_rsv,423,none,0,none,0,std10_hi,118,none,0,False
SCREEN|W12-B-3337,W12-B-3337,B,momentum,time_series_momentum,False,630,1253,0.502793,0.1978,0.843239,-0.2431,-0.0192,5,5,p5,0,bull,10555,calm,12705,first_yang,4855,volume_surge,2962,down_streak2,2938,none,0,amp_wide,0,none,0,none,0,none,0,False
SCREEN|W12-B-3339,W12-B-3339,B,patterns,box_breakout,False,620,1253,0.494812,-0.3673,0.713429,-1.1447,-0.1091,144,144,p12,0,none,0,none,0,first_yang,800,volume_surge,456,up_streak2,227,none,0,none,0,none,0,none,0,none,0,False
SCREEN|W12-B-3340,W12-B-3340,B,patterns,doji_at_low,False,655,1253,0.522745,1.6103,0.107338,0.7081,-0.0024,15,15,p5,0,bear,544,wild,250,none,0,volume_surge,217,down_streak2,172,none,0,amp_wide,1,mom_oversold,14,none,0,rsqr10_hi,20,True
SCREEN|W12-B-3341,W12-B-3341,B,patterns,duck_head,False,641,1253,0.511572,0.8193,0.412637,0.319,-0.0004,2,2,none,0,bear,458,none,0,none,0,volume_surge,105,none,0,oversold_rsv,83,amp_wide,3,none,0,std10_hi,18,none,0,False
SCREEN|W12-B-3343,W12-B-3343,B,patterns,inside_bar_breakup,False,641,1253,0.511572,0.8193,0.412637,-0.0028,-0.0023,9,9,a20,0,none,0,wild,4754,none,0,volume_dry,1831,none,0,deep_pullback,1637,amp_wide,85,none,0,std20_hi,30,none,0,False
SCREEN|W12-B-3346,W12-B-3346,B,patterns,macd_divergence,False,635,1253,0.506784,0.4803,0.631045,-0.2103,-0.0167,10,10,a15,0,none,0,calm,2497,none,0,volume_dry,1506,down_streak2,788,oversold_rsv,92,amp_narrow,138,mom_oversold,60,none,0,rsqr20_hi,29,False
SCREEN|W12-B-3352,W12-B-3352,B,patterns,three_soldiers,False,635,1253,0.506784,0.4803,0.631045,-0.2836,-0.048,31,31,a15,0,bull,918,none,0,first_yang,308,volume_surge,243,up_streak2,221,none,0,amp_narrow,196,none,0,none,0,none,0,False
SCREEN|W12-B-3359,W12-B-3359,B,sentiment,amount_rank,False,638,1253,0.509178,0.6498,0.515848,-0.5316,-0.0068,6,6,a25,0,none,0,none,0,first_yang,1151,volume_dry,1955,down_streak2,1561,none,0,none,0,mom_oversold,48,none,0,none,0,False
SCREEN|W12-B-3361,W12-B-3361,B,sentiment,overnight_drift,False,642,1253,0.51237,0.8758,0.381159,0.5525,0.0,5,5,a20,0,bear,16812,none,0,none,0,volume_surge,5921,up_streak2,3703,oversold_rsv,1000,amp_wide,146,none,0,std20_hi,86,none,0,False
SCREEN|W12-B-3371,W12-B-3371,B,ta,rsrs_timing,False,640,1253,0.510774,0.7628,0.445606,-0.3652,-0.0268,20,20,a25,0,bear,5724,calm,1747,first_yang,1165,volume_surge,847,none,0,oversold_rsv,844,none,0,mom_oversold,352,none,0,none,0,False
SCREEN|W12-B-3386,W12-B-3386,B,event,double_bottom,False,639,1253,0.509976,0.7063,0.480027,-0.0951,-0.0058,28,28,none,0,bull,2967,wild,1869,none,0,volume_surge,938,down_streak2,757,none,0,amp_narrow,67,none,0,none,0,none,0,False
SCREEN|W12-B-3395,W12-B-3395,B,folk,volume_mound,False,639,1253,0.509976,0.7063,0.480027,-0.2841,-0.0041,5,5,p12,0,none,0,calm,4012,first_yang,1742,volume_surge,879,none,0,none,0,none,0,mom_oversold,1082,std20_hi,4,none,0,False
SCREEN|W12-B-3405,W12-B-3405,B,momentum,cross_sectional_momentum,False,641,1253,0.511572,0.8193,0.412637,0.5603,-0.0007,10,10,a15,0,bear,865,wild,490,none,0,volume_dry,145,none,0,deep_pullback,120,none,0,none,0,none,0,rsqr20_hi,30,False
SCREEN|W12-B-3412,W12-B-3412,B,patterns,doji_at_low,False,645,1253,0.514765,1.0453,0.295901,0.5346,-0.0018,10,10,a20,0,bear,544,wild,250,first_yang,211,none,0,none,0,oversold_rsv,159,none,0,none,0,std20_hi,47,rsqr20_hi,17,True
SCREEN|W12-B-3430,W12-B-3430,B,seasonal,weekday_effect,False,641,1253,0.511572,0.8193,0.412637,-0.5485,-0.0025,5,5,none,0,bear,6043,calm,1119,first_yang,1986,volume_dry,557,none,0,oversold_rsv,394,amp_narrow,0,none,0,none,0,rsqr10_hi,74,False
SCREEN|W12-B-3432,W12-B-3432,B,sentiment,intraday_momentum,False,642,1253,0.51237,0.8758,0.381159,0.2816,-0.0035,13,13,p3,0,none,0,wild,2357,none,0,none,0,none,0,deep_pullback,2211,amp_narrow,89,mom_oversold,22,std20_hi,67,none,0,False
SCREEN|W12-B-3444,W12-B-3444,B,ta,streak_up,False,643,1253,0.513168,0.9323,0.351201,-0.1617,-0.1105,60,60,a15,0,none,0,wild,4541,none,0,volume_surge,2095,none,0,none,0,amp_wide,725,none,0,none,0,rsqr10_hi,1266,False
SCREEN|W12-B-3445,W12-B-3445,B,ta,strong_close,False,645,1253,0.514765,1.0453,0.295901,0.6442,-0.0014,15,15,p5,0,none,0,wild,1489,first_yang,446,none,0,none,0,oversold_rsv,994,none,0,mom_oversold,84,std20_hi,22,none,0,True
SCREEN|W12-B-3451,W12-B-3451,B,trend,supertrend,False,642,1253,0.51237,0.8758,0.381159,0.4152,-0.0021,10,10,p12,0,bear,9800,calm,2540,first_yang,1694,none,0,up_streak2,1417,none,0,none,0,none,0,std20_hi,914,rsqr20_hi,0,False
SCREEN|W12-B-3454,W12-B-3454,B,volatility,vol_regime_switch,False,647,1253,0.516361,1.1583,0.246755,0.3445,-0.0039,6,6,p5,0,none,0,none,0,first_yang,1971,none,0,up_streak2,1801,deep_pullback,1705,none,0,mom_oversold,34,std20_hi,11,none,0,True
SCREEN|W12-B-3455,W12-B-3455,B,volatility,vol_target,False,642,1253,0.51237,0.8758,0.381159,0.1149,-0.0016,9,9,p5,0,bear,15728,wild,7056,first_yang,1206,volume_surge,1609,down_streak2,1738,oversold_rsv,8,none,0,mom_oversold,13,none,0,none,0,False
SCREEN|W12-B-3461,W12-B-3461,B,folk,false_break_back,False,641,1253,0.511572,0.8193,0.412637,-0.557,-0.0091,31,31,a15,0,none,0,none,0,none,0,none,0,none,0,oversold_rsv,1994,none,0,none,0,std20_hi,255,none,0,False
SCREEN|W12-B-3464,W12-B-3464,B,folk,low_suction,False,648,1253,0.517159,1.2148,0.224455,-0.0353,-0.0163,49,49,none,0,bear,7470,wild,2714,none,0,none,0,none,0,none,0,amp_wide,744,mom_oversold,534,std10_hi,83,none,0,True
SCREEN|W12-B-3470,W12-B-3470,B,macro,drawdown_filter,False,641,1253,0.511572,0.8193,0.412637,-0.3599,-0.0033,5,5,none,0,bear,3766,calm,404,first_yang,332,volume_dry,195,down_streak2,227,deep_pullback,39,none,0,mom_oversold,0,none,0,none,0,False
SCREEN|W12-B-3475,W12-B-3475,B,mean_reversion,rsi_revert,False,641,1253,0.511572,0.8193,0.412637,-0.3788,-0.0053,20,20,p12,0,bear,15919,calm,3844,none,0,none,0,down_streak2,7310,oversold_rsv,1945,amp_wide,495,none,0,none,0,rsqr10_hi,899,False
SCREEN|W12-B-3478,W12-B-3478,B,momentum,dual_momentum,False,625,1253,0.498803,-0.0848,0.932459,-0.5249,-0.0524,109,109,p3,0,bear,2289,calm,810,none,0,volume_dry,705,none,0,oversold_rsv,471,amp_narrow,108,none,0,none,0,none,0,False
SCREEN|W12-B-3512,W12-B-3512,B,ta,macd_trend,False,636,1253,0.507582,0.5368,0.591435,-1.0091,-0.03,31,31,none,0,none,0,none,0,none,0,none,0,none,0,oversold_rsv,4316,amp_narrow,356,mom_oversold,139,none,0,none,0,False
SCREEN|W12-B-3527,W12-B-3527,B,volatility,vol_target,False,636,1253,0.507582,0.5368,0.591435,-0.7785,-0.0329,32,32,p3,0,none,0,wild,20616,first_yang,8153,volume_dry,4267,none,0,none,0,amp_wide,3218,none,0,std10_hi,1361,none,0,False
SCREEN|W12-B-3528,W12-B-3528,B,composite_rotation,composite_score,False,629,1253,0.501995,0.1413,0.887671,-0.0141,-0.0307,52,52,p12,0,none,0,none,0,first_yang,4428,volume_surge,4088,none,0,oversold_rsv,3951,none,0,none,0,std10_hi,490,none,0,False
SCREEN|W12-B-3549,W12-B-3549,B,momentum,cross_sectional_momentum,False,612,1253,0.488428,-0.8193,0.412637,-0.3128,-0.0649,48,48,none,0,bear,1369,wild,924,none,0,volume_dry,219,down_streak2,173,none,0,none,0,none,0,none,0,none,0,False
SCREEN|W12-B-3550,W12-B-3550,B,momentum,dual_momentum,False,638,1253,0.509178,0.6498,0.515848,-0.3892,-0.0205,10,10,a20,0,none,0,none,0,none,0,none,0,up_streak2,8562,deep_pullback,2318,none,0,none,0,none,0,rsqr10_hi,168,False
SCREEN|W12-B-3556,W12-B-3556,B,patterns,doji_at_low,False,663,1253,0.52913,2.0623,0.039181,0.3342,-0.0076,11,11,a20,0,none,0,calm,1686,none,0,volume_surge,283,none,0,oversold_rsv,137,none,0,none,0,std10_hi,157,rsqr10_hi,2,True
SCREEN|W12-B-3558,W12-B-3558,B,patterns,immortal_guide,False,629,1253,0.501995,0.1413,0.887671,-0.4472,-0.0512,17,17,a25,0,bear,2440,calm,705,none,0,volume_surge,355,none,0,oversold_rsv,223,amp_narrow,16,none,0,none,0,none,0,False
SCREEN|W12-B-3565,W12-B-3565,B,patterns,obv_divergence,False,626,1253,0.499601,-0.0283,0.977462,0.1602,-0.0304,30,30,p12,0,bull,678,calm,227,none,0,volume_dry,80,none,0,none,0,none,0,none,0,none,0,none,0,False
SCREEN|W12-B-3567,W12-B-3567,B,patterns,three_methods_up,False,632,1253,0.504389,0.3108,0.755987,-0.3052,-0.0402,12,12,p12,0,none,0,wild,16,none,0,volume_surge,26,none,0,none,0,none,0,none,0,none,0,none,0,False
SCREEN|W12-B-3579,W12-B-3579,B,sentiment,turnover_surge,False,691,1253,0.551476,3.6443,0.000268,0.8606,-0.0188,53,53,none,0,bear,684,wild,191,none,0,none,0,none,0,deep_pullback,89,none,0,mom_oversold,45,none,0,none,0,True
SCREEN|W12-B-3582,W12-B-3582,B,ta,hammer_reversal,False,641,1253,0.511572,0.8193,0.412637,-0.3932,-0.0005,1,1,p5,0,bear,42,none,0,first_yang,10,volume_dry,12,down_streak2,13,oversold_rsv,1,amp_narrow,0,none,0,none,0,none,0,False
SCREEN|W12-B-3583,W12-B-3583,B,ta,kdj_reversal,False,641,1253,0.511572,0.8193,0.412637,0.1742,-0.0008,1,1,p8,0,bear,353,none,0,first_yang,268,volume_surge,102,none,0,deep_pullback,95,none,0,mom_oversold,3,none,0,rsqr10_hi,6,False
SCREEN|W12-B-3595,W12-B-3595,B,trend,supertrend,False,641,1253,0.511572,0.8193,0.412637,0.3396,-0.0016,5,5,p8,0,none,0,none,0,none,0,none,0,down_streak2,15988,none,0,amp_wide,1830,none,0,std10_hi,2184,rsqr20_hi,110,False
SCREEN|W12-B-3623,W12-B-3623,B,momentum,momentum_acceleration,False,666,1253,0.531524,2.2318,0.025629,0.5262,-0.0147,95,95,a15,0,bear,5956,none,0,none,0,volume_surge,5432,down_streak2,3396,none,0,none,0,mom_oversold,1036,none,0,none,0,True
SCREEN|W12-B-3630,W12-B-3630,B,patterns,immortal_guide,False,601,1253,0.479649,-1.4408,0.14965,-0.4973,-0.0494,26,26,none,0,bear,4172,calm,1073,first_yang,573,none,0,none,0,none,0,none,0,none,0,none,0,rsqr10_hi,600,False
SCREEN|W12-B-3631,W12-B-3631,B,patterns,inside_bar_breakup,False,674,1253,0.537909,2.6838,0.007279,0.2003,-0.2359,363,363,p8,0,bear,5422,none,0,none,0,none,0,none,0,none,0,none,0,none,0,none,0,none,0,True
SCREEN|W12-B-3633,W12-B-3633,B,patterns,ma_converge_break,False,624,1253,0.498005,-0.1413,0.887671,-0.2365,-0.0197,10,10,p5,0,bull,2433,calm,1273,first_yang,501,volume_dry,681,none,0,none,0,amp_narrow,204,none,0,none,0,rsqr20_hi,293,False
SCREEN|W12-B-3636,W12-B-3636,B,patterns,n_shape,False,582,1253,0.464485,-2.5143,0.011927,-0.4117,-0.087,136,136,p8,0,bull,1784,calm,955,first_yang,404,volume_surge,237,none,0,none,0,amp_wide,65,none,0,none,0,none,0,False
SCREEN|W12-B-3648,W12-B-3648,B,sentiment,intraday_momentum,False,641,1253,0.511572,0.8193,0.412637,-0.3955,-0.0025,11,11,p3,0,none,0,calm,2215,none,0,volume_surge,831,down_streak2,1293,deep_pullback,114,amp_wide,0,none,0,none,0,none,0,False
SCREEN|W12-B-3649,W12-B-3649,B,sentiment,overnight_drift,False,643,1253,0.513168,0.9323,0.351201,0.5871,-0.0079,60,55,p3,1,bull,7652,none,0,first_yang,2198,none,0,none,0,none,0,amp_wide,2183,none,0,std20_hi,2209,none,0,False
SCREEN|W12-B-3664,W12-B-3664,B,trend,donchian_breakout,False,646,1253,0.515563,1.1018,0.270564,0.4436,-0.0006,8,8,a25,0,none,0,none,0,none,0,volume_surge,11659,down_streak2,8861,none,0,amp_narrow,1872,none,0,std10_hi,661,none,0,True
SCREEN|W12-B-3669,W12-B-3669,B,volatility,vol_breakout,False,641,1253,0.511572,0.8193,0.412637,-0.3932,-0.001,1,1,p5,0,bear,1553,calm,797,none,0,volume_surge,123,none,0,none,0,amp_wide,44,mom_oversold,51,none,0,rsqr10_hi,6,False
SCREEN|W12-B-3671,W12-B-3671,B,volatility,vol_target,False,638,1253,0.509178,0.6498,0.515848,-0.7202,-0.0057,13,13,p3,0,none,0,calm,17642,first_yang,10410,none,0,none,0,deep_pullback,10158,amp_wide,70,mom_oversold,28,none,0,none,0,False
SCREEN|W12-B-3678,W12-B-3678,B,folk,gap_up_hold,False,642,1253,0.51237,0.8758,0.381159,0.2519,-0.0017,5,5,a25,0,none,0,none,0,none,0,volume_surge,139,none,0,deep_pullback,292,none,0,none,0,std10_hi,4,none,0,False
SCREEN|W12-B-3680,W12-B-3680,B,folk,low_suction,False,639,1253,0.509976,0.7063,0.480027,-0.1169,-0.0015,9,9,p8,0,bear,2483,wild,855,first_yang,214,volume_surge,147,none,0,none,0,amp_wide,37,mom_oversold,51,std10_hi,0,none,0,False
SCREEN|W12-B-3681,W12-B-3681,B,folk,rsi_low_flat,False,641,1253,0.511572,0.8193,0.412637,0.3638,-0.0014,8,8,a20,0,bull,7593,wild,2479,none,0,volume_dry,1254,down_streak2,1361,none,0,amp_wide,150,none,0,none,0,rsqr20_hi,67,False
SCREEN|W12-B-3688,W12-B-3688,B,mean_reversion,bollinger_breakout,False,638,1253,0.509178,0.6498,0.515848,-0.6414,-0.0067,3,3,p3,0,bear,4487,calm,2586,none,0,volume_dry,1094,none,0,none,0,amp_wide,1083,mom_oversold,508,none,0,rsqr20_hi,3,False
SCREEN|W12-B-3697,W12-B-3697,B,momentum,time_series_momentum,False,633,1253,0.505188,0.3673,0.713429,-0.6384,-0.0246,10,10,a15,0,bull,975,wild,1039,first_yang,331,volume_surge,549,none,0,none,0,none,0,none,0,none,0,rsqr10_hi,437,False
SCREEN|W12-B-3705,W12-B-3705,B,patterns,ma_converge_break,False,644,1253,0.513966,0.9888,0.322779,0.2064,-0.0008,7,7,none,0,bear,7491,wild,2891,none,0,none,0,up_streak2,1285,deep_pullback,381,none,0,mom_oversold,25,std20_hi,6,none,0,True
SCREEN|W12-B-3710,W12-B-3710,B,patterns,piercing_line,False,677,1253,0.540303,2.8533,0.004327,0.7005,-0.0019,12,12,a15,0,bear,1519,wild,1875,none,0,none,0,down_streak2,742,oversold_rsv,102,amp_wide,25,mom_oversold,55,std10_hi,99,rsqr10_hi,13,True
SCREEN|W12-B-3713,W12-B-3713,B,patterns,yang_break_3ma,False,638,1253,0.509178,0.6498,0.515848,-0.7694,-0.11,34,34,p12,0,none,0,wild,1606,first_yang,547,volume_surge,489,none,0,none,0,amp_wide,139,none,0,std20_hi,260,none,0,False
SCREEN|W12-B-3719,W12-B-3719,B,sentiment,amount_rank,False,644,1253,0.513966,0.9888,0.322779,0.0332,-0.0021,10,10,none,0,bull,2800,wild,1366,first_yang,633,none,0,none,0,oversold_rsv,738,amp_wide,10,none,0,none,0,none,0,True
SCREEN|W12-B-3731,W12-B-3731,B,ta,rsrs_timing,False,630,1253,0.502793,0.1978,0.843239,-0.6484,-0.1269,108,108,p3,0,bull,801,wild,446,first_yang,207,volume_surge,261,none,0,none,0,none,0,none,0,none,0,none,0,False
SCREEN|W12-B-3738,W12-B-3738,B,trend,parabolic_sar,False,641,1253,0.511572,0.8193,0.412637,0.0838,-0.0025,10,10,p5,0,bear,13047,wild,6000,none,0,volume_dry,1586,down_streak2,1637,deep_pullback,452,amp_narrow,52,none,0,std10_hi,80,none,0,False
SCREEN|W12-B-3746,W12-B-3746,B,event,double_bottom,False,578,1253,0.461293,-2.7403,0.006139,-1.0143,-0.114,126,126,a15,0,none,0,calm,5581,first_yang,4219,volume_surge,2130,none,0,none,0,none,0,none,0,none,0,rsqr20_hi,1640,False
SCREEN|W12-B-3751,W12-B-3751,B,folk,lian_yin_first_yang,False,642,1253,0.51237,0.8758,0.381159,0.3122,-0.0026,10,10,p12,0,none,0,wild,7045,first_yang,1751,none,0,up_streak2,2344,deep_pullback,2164,amp_wide,116,none,0,none,0,rsqr20_hi,91,False
SCREEN|W12-B-3752,W12-B-3752,B,folk,low_suction,False,642,1253,0.51237,0.8758,0.381159,0.1146,-0.0005,9,9,a25,0,bear,7168,wild,2758,none,0,none,0,up_streak2,1303,deep_pullback,315,none,0,mom_oversold,24,std20_hi,7,none,0,False
SCREEN|W12-B-3759,W12-B-3759,B,macro,volatility_regime_filter,False,639,1253,0.509976,0.7063,0.480027,-0.3265,-0.0048,5,5,p5,0,bear,8128,none,0,none,0,none,0,up_streak2,6388,none,0,none,0,none,0,std20_hi,1392,none,0,False
SCREEN|W12-B-3764,W12-B-3764,B,mean_reversion,zscore_revert,False,636,1253,0.507582,0.5368,0.591435,0.0042,-0.0126,46,46,p5,0,none,0,none,0,none,0,none,0,none,0,none,0,amp_wide,2526,mom_oversold,2540,none,0,rsqr20_hi,342,False
SCREEN|W12-B-3771,W12-B-3771,B,patterns,box_breakout,False,637,1253,0.50838,0.5933,0.553008,-0.6532,-0.0085,32,32,a25,0,bear,3287,wild,1341,none,0,none,0,none,0,none,0,amp_narrow,427,none,0,none,0,rsqr10_hi,351,False
SCREEN|W12-B-3777,W12-B-3777,B,patterns,ma_converge_break,False,647,1253,0.516361,1.1583,0.246755,0.6172,-0.0129,39,35,a25,0,bull,9904,none,0,first_yang,5103,volume_surge,2770,up_streak2,1618,none,0,none,0,none,0,std10_hi,1544,none,0,True
SCREEN|W12-B-3787,W12-B-3787,B,seasonal,month_end_effect,False,643,1253,0.513168,0.9323,0.351201,0.3155,-0.0007,5,5,none,0,bull,1015,none,0,none,0,none,0,down_streak2,783,none,0,none,0,none,0,std10_hi,38,none,0,False
SCREEN|W12-B-3805,W12-B-3805,B,ta,strong_close,False,645,1253,0.514765,1.0453,0.295901,-0.3975,-0.0121,15,15,a15,0,bull,10096,none,0,first_yang,2715,volume_dry,4284,none,0,none,0,amp_wide,2377,none,0,std10_hi,1200,none,0,True
SCREEN|W12-B-3806,W12-B-3806,B,ta,vol_breakout,False,641,1253,0.511572,0.8193,0.412637,0.4662,0.0,1,1,none,0,bear,3214,wild,421,none,0,none,0,down_streak2,290,none,0,amp_wide,47,none,0,std20_hi,53,none,0,False
SCREEN|W12-B-3807,W12-B-3807,B,ta,williams_reversal,False,647,1253,0.516361,1.1583,0.246755,0.3617,-0.0118,31,31,a15,0,bear,6215,none,0,first_yang,4640,volume_surge,1665,up_streak2,1492,deep_pullback,517,amp_wide,68,none,0,none,0,none,0,True
SCREEN|W12-B-3812,W12-B-3812,B,trend,triple_ma,False,641,1253,0.511572,0.8193,0.412637,-0.3859,-0.0006,1,1,p3,0,none,0,calm,4819,none,0,volume_surge,2996,down_streak2,3200,oversold_rsv,335,amp_narrow,87,none,0,std20_hi,19,none,0,False
SCREEN|W12-B-3846,W12-B-3846,B,patterns,immortal_guide,False,624,1253,0.498005,-0.1413,0.887671,0.1342,-0.021,26,26,p8,0,bear,1370,none,0,first_yang,239,none,0,none,0,oversold_rsv,357,amp_wide,15,none,0,none,0,none,0,False
SCREEN|W12-B-3848,W12-B-3848,B,patterns,island_reversal,False,649,1253,0.517957,1.2713,0.203633,0.3859,-0.006,12,12,a15,0,bull,54,none,0,first_yang,18,volume_surge,11,none,0,none,0,amp_wide,1,none,0,none,0,none,0,True
SCREEN|W12-B-3856,W12-B-3856,B,patterns,three_soldiers,False,630,1253,0.502793,0.1978,0.843239,-0.1784,-0.0207,38,34,p8,0,none,0,wild,5855,none,0,volume_surge,2864,none,0,none,0,amp_wide,878,none,0,std20_hi,1258,rsqr20_hi,516,False
SCREEN|W12-B-3867,W12-B-3867,B,sentiment,turnover_surge,False,641,1253,0.511572,0.8193,0.412637,-0.3005,-0.0203,10,10,a25,0,bear,17185,calm,5721,first_yang,5452,volume_surge,1642,none,0,none,0,amp_narrow,1664,none,0,std20_hi,760,rsqr20_hi,0,False
SCREEN|W12-B-3868,W12-B-3868,B,ta,bb_squeeze_breakout,False,638,1253,0.509178,0.6498,0.515848,-0.2134,-0.0203,32,32,none,0,none,0,none,0,none,0,volume_surge,1334,none,0,none,0,amp_wide,419,mom_oversold,1128,none,0,none,0,False
SCREEN|W12-B-3872,W12-B-3872,B,ta,macd_trend,False,639,1253,0.509976,0.7063,0.480027,-0.4447,-0.0088,28,28,none,0,bear,14332,calm,2717,none,0,volume_dry,2037,none,0,deep_pullback,2421,none,0,mom_oversold,61,none,0,none,0,False
SCREEN|W12-B-3874,W12-B-3874,B,ta,rsi_divergence,False,625,1253,0.498803,-0.0848,0.932459,0.2249,-0.0377,155,155,a20,0,none,0,calm,2172,none,0,volume_surge,1090,up_streak2,1085,none,0,none,0,none,0,none,0,none,0,False
SCREEN|W12-B-3886,W12-B-3886,B,volatility,vol_regime_switch,False,644,1253,0.513966,0.9888,0.322779,0.1205,-0.0017,9,9,p8,0,none,0,wild,6334,first_yang,1442,volume_dry,808,up_streak2,521,none,0,amp_wide,234,none,0,std20_hi,101,none,0,True
SCREEN|W12-B-3898,W12-B-3898,B,folk,second_wave,False,637,1253,0.50838,0.5933,0.553008,-0.5768,-0.0068,9,9,none,0,none,0,calm,866,first_yang,354,volume_surge,262,up_streak2,127,oversold_rsv,281,none,0,none,0,none,0,none,0,False
SCREEN|W12-B-3907,W12-B-3907,B,mean_reversion,rsi_revert,False,568,1253,0.453312,-3.3053,0.000949,-0.3043,-0.1277,276,270,p5,0,none,0,calm,1280,none,0,none,0,none,0,none,0,amp_wide,576,none,0,none,0,none,0,False
SCREEN|W12-B-3909,W12-B-3909,B,momentum,cross_sectional_momentum,False,649,1253,0.517957,1.2713,0.203633,0.0685,-0.0151,26,26,p5,0,none,0,wild,280,none,0,volume_surge,123,up_streak2,62,none,0,none,0,none,0,none,0,none,0,True
SCREEN|W12-B-3916,W12-B-3916,B,patterns,doji_at_low,False,630,1253,0.502793,0.1978,0.843239,0.0773,-0.0111,35,35,p3,0,none,0,calm,947,none,0,none,0,down_streak2,204,none,0,amp_narrow,50,none,0,none,0,none,0,False
SCREEN|W12-B-3928,W12-B-3928,B,patterns,three_soldiers,False,640,1253,0.510774,0.7628,0.445606,0.0412,-0.0023,7,7,p8,0,bear,4384,wild,1281,first_yang,302,volume_dry,207,down_streak2,323,oversold_rsv,17,none,0,none,0,none,0,none,0,False
SCREEN|W12-B-3940,W12-B-3940,B,ta,bb_squeeze_breakout,False,641,1253,0.511572,0.8193,0.412637,0.2006,-0.001,2,2,a25,0,none,0,none,0,first_yang,1187,volume_surge,616,up_streak2,398,oversold_rsv,469,amp_narrow,8,none,0,none,0,none,0,False
SCREEN|W12-B-3944,W12-B-3944,B,ta,macd_trend,False,624,1253,0.498005,-0.1413,0.887671,-0.7815,-0.0314,29,29,a15,0,none,0,calm,1213,none,0,none,0,none,0,deep_pullback,1370,none,0,none,0,none,0,none,0,False
SCREEN|W12-B-3950,W12-B-3950,B,ta,vol_breakout,False,634,1253,0.505986,0.4238,0.671744,-0.3871,-0.0131,6,6,p12,0,bear,1962,wild,281,first_yang,115,volume_surge,77,up_streak2,38,deep_pullback,33,none,0,none,0,none,0,none,0,False
SCREEN|W12-B-3952,W12-B-3952,B,trend,donchian_breakout,False,642,1253,0.51237,0.8758,0.381159,0.0549,-0.0049,14,14,a25,0,none,0,calm,2438,none,0,volume_dry,1552,up_streak2,867,none,0,amp_wide,110,none,0,none,0,none,0,False
SCREEN|W12-B-3955,W12-B-3955,B,trend,supertrend,False,634,1253,0.505986,0.4238,0.671744,-0.6776,-0.024,38,38,p12,0,bear,16935,calm,3791,first_yang,3437,none,0,none,0,none,0,none,0,mom_oversold,2682,none,0,none,0,False
SCREEN|W12-B-3974,W12-B-3974,B,macro,drawdown_filter,False,638,1253,0.509178,0.6498,0.515848,-0.5029,-0.0025,5,5,a15,0,bear,12638,none,0,first_yang,2515,none,0,up_streak2,1532,none,0,amp_wide,456,none,0,none,0,rsqr10_hi,240,False
SCREEN|W12-B-3990,W12-B-3990,B,patterns,immortal_guide,False,638,1253,0.509178,0.6498,0.515848,0.2853,-0.0081,9,9,a15,0,bear,1670,none,0,first_yang,418,volume_surge,308,up_streak2,120,deep_pullback,126,none,0,none,0,std10_hi,1,none,0,False
SCREEN|W12-B-3991,W12-B-3991,B,patterns,inside_bar_breakup,False,641,1253,0.511572,0.8193,0.412637,-0.101,-0.0012,10,10,p12,0,bull,2801,none,0,none,0,none,0,up_streak2,1752,oversold_rsv,840,none,0,none,0,none,0,none,0,False
SCREEN|W12-B-3997,W12-B-3997,B,patterns,obv_divergence,False,642,1253,0.51237,0.8758,0.381159,0.0079,-0.0034,7,7,p8,0,none,0,none,0,none,0,volume_dry,3330,up_streak2,2724,none,0,amp_narrow,167,none,0,none,0,rsqr10_hi,476,False
SCREEN|W12-B-4009,W12-B-4009,B,sentiment,overnight_drift,False,641,1253,0.511572,0.8193,0.412637,-0.366,-0.0016,10,10,a20,0,bear,16812,none,0,first_yang,5866,volume_dry,2484,none,0,none,0,amp_narrow,843,none,0,std20_hi,1510,rsqr20_hi,150,False
SCREEN|W12-B-4011,W12-B-4011,B,sentiment,turnover_surge,False,630,1253,0.502793,0.1978,0.843239,-0.8648,-0.1427,79,79,p8,0,none,0,wild,144,none,0,volume_surge,48,none,0,none,0,amp_wide,18,none,0,none,0,none,0,False
SCREEN|W12-B-4014,W12-B-4014,B,ta,hammer_reversal,False,647,1253,0.516361,1.1583,0.246755,0.0302,-0.0118,9,9,a25,0,none,0,wild,32,none,0,none,0,down_streak2,111,oversold_rsv,9,amp_wide,8,none,0,std10_hi,3,none,0,True
SCREEN|W12-B-4020,W12-B-4020,B,ta,streak_up,False,641,1253,0.511572,0.8193,0.412637,0.0265,-0.0028,16,16,none,0,none,0,wild,8677,first_yang,2393,none,0,none,0,none,0,none,0,mom_oversold,5064,none,0,rsqr20_hi,459,False
SCREEN|W12-B-4026,W12-B-4026,B,trend,parabolic_sar,False,628,1253,0.501197,0.0848,0.932459,-0.6575,-0.0399,20,20,a20,0,bear,28002,calm,7940,none,0,volume_surge,6772,none,0,deep_pullback,5455,amp_wide,71,none,0,none,0,rsqr10_hi,354,False
SCREEN|W12-B-4029,W12-B-4029,B,volatility,vol_breakout,False,633,1253,0.505188,0.3673,0.713429,-0.1072,-0.0202,19,19,a15,0,bear,2837,none,0,none,0,none,0,none,0,none,0,amp_narrow,665,mom_oversold,586,std20_hi,56,none,0,False
SCREEN|W12-B-4030,W12-B-4030,B,volatility,vol_regime_switch,False,637,1253,0.50838,0.5933,0.553008,-0.6659,-0.0159,5,5,p8,0,bear,6828,wild,3476,first_yang,401,volume_dry,266,none,0,none,0,amp_wide,168,none,0,std10_hi,49,none,0,False
SCREEN|W12-B-4036,W12-B-4036,B,folk,ants_climb,False,641,1253,0.511572,0.8193,0.412637,-0.1721,-0.0005,5,5,a15,0,bear,2393,calm,388,first_yang,414,volume_surge,171,none,0,oversold_rsv,153,none,0,mom_oversold,18,none,0,rsqr20_hi,0,False
SCREEN|W12-B-4039,W12-B-4039,B,folk,lian_yin_first_yang,False,639,1253,0.509976,0.7063,0.480027,-0.6903,-0.0245,24,24,a20,0,bull,3258,none,0,none,0,volume_surge,1269,down_streak2,1171,none,0,amp_narrow,105,none,0,none,0,none,0,False
SCREEN|W12-B-4042,W12-B-4042,B,folk,second_wave,False,648,1253,0.517159,1.2148,0.224455,-0.2089,-0.0278,78,78,p12,0,none,0,wild,886,none,0,none,0,none,0,none,0,none,0,none,0,std10_hi,634,none,0,True
SCREEN|W12-B-4054,W12-B-4054,B,momentum,dual_momentum,False,641,1253,0.511572,0.8193,0.412637,-0.2272,-0.0026,6,6,p8,0,bear,2289,wild,1434,first_yang,381,volume_surge,213,up_streak2,138,deep_pullback,60,amp_wide,6,none,0,none,0,rsqr20_hi,6,False
SCREEN|W12-B-4073,W12-B-4073,B,patterns,yang_break_3ma,False,637,1253,0.50838,0.5933,0.553008,-0.7093,-0.0059,13,13,a25,0,bull,11086,none,0,none,0,none,0,none,0,oversold_rsv,12181,amp_narrow,173,mom_oversold,99,std10_hi,43,none,0,False
SCREEN|W12-B-4105,W12-B-4105,B,event,breakout_confirm,False,641,1253,0.511572,0.8193,0.412637,0.554,0.0,1,1,p8,0,none,0,wild,1267,none,0,volume_dry,869,none,0,deep_pullback,304,none,0,mom_oversold,22,none,0,rsqr10_hi,16,False
SCREEN|W12-B-4127,W12-B-4127,B,momentum,momentum_acceleration,False,653,1253,0.521149,1.4973,0.134323,0.4632,-0.0085,45,45,a15,0,none,0,none,0,none,0,none,0,down_streak2,24572,none,0,amp_narrow,4695,none,0,std20_hi,3101,none,0,True
SCREEN|W12-B-4128,W12-B-4128,B,momentum,relative_strength_rotation,False,611,1253,0.48763,-0.8758,0.381159,-0.5505,-0.0409,23,23,a25,0,none,0,none,0,none,0,volume_surge,596,up_streak2,466,none,0,amp_wide,98,none,0,none,0,rsqr20_hi,136,False
SCREEN|W12-B-4129,W12-B-4129,B,momentum,time_series_momentum,False,639,1253,0.509976,0.7063,0.480027,-0.6239,-0.0038,10,10,a20,0,none,0,none,0,none,0,none,0,down_streak2,22677,none,0,amp_narrow,3504,mom_oversold,2315,none,0,rsqr10_hi,201,False
SCREEN|W12-B-4145,W12-B-4145,B,patterns,yang_break_3ma,False,641,1253,0.511572,0.8193,0.412637,-0.2901,-0.0024,6,6,p3,0,none,0,none,0,none,0,none,0,down_streak2,14585,deep_pullback,2885,amp_wide,105,none,0,std20_hi,238,rsqr20_hi,33,False
SCREEN|W12-B-4155,W12-B-4155,B,sentiment,turnover_surge,False,641,1253,0.511572,0.8193,0.412637,-0.3667,-0.0106,12,12,p5,0,bull,10979,wild,5691,none,0,volume_surge,1938,none,0,none,0,amp_narrow,2447,none,0,std20_hi,725,rsqr20_hi,40,False
SCREEN|W12-B-4157,W12-B-4157,B,ta,cci_revert,False,637,1253,0.50838,0.5933,0.553008,-0.1212,-0.0078,10,10,p3,0,none,0,none,0,none,0,none,0,none,0,none,0,amp_wide,1930,mom_oversold,1867,std20_hi,100,rsqr20_hi,23,False
SCREEN|W12-B-4167,W12-B-4167,B,ta,williams_reversal,False,616,1253,0.49162,-0.5933,0.553008,-0.856,-0.0578,57,57,p5,0,none,0,wild,12977,first_yang,5440,none,0,down_streak2,5595,none,0,amp_wide,324,none,0,none,0,none,0,False
SCREEN|W12-B-4181,W12-B-4181,B,folk,false_break_back,False,638,1253,0.509178,0.6498,0.515848,0.0922,-0.0028,4,4,a15,0,none,0,wild,5333,first_yang,1733,volume_surge,1041,up_streak2,538,oversold_rsv,478,none,0,none,0,none,0,rsqr20_hi,10,False
SCREEN|W12-B-4187,W12-B-4187,B,folk,volume_mound,False,641,1253,0.511572,0.8193,0.412637,-0.2693,-0.0057,5,5,p8,0,bull,10574,none,0,none,0,volume_surge,5633,down_streak2,6142,none,0,amp_narrow,674,none,0,std20_hi,230,rsqr20_hi,9,False
SCREEN|W12-B-4199,W12-B-4199,B,momentum,momentum_acceleration,False,634,1253,0.505986,0.4238,0.671744,0.1432,-0.0247,49,49,p3,2,none,0,none,0,none,0,volume_surge,7575,none,0,deep_pullback,5990,none,0,none,0,none,0,rsqr20_hi,972,False
SCREEN|W12-B-4223,W12-B-4223,B,sentiment,amount_rank,False,611,1253,0.48763,-0.8758,0.381159,-0.3472,-0.0644,89,89,a15,0,bull,3085,calm,1656,none,0,volume_surge,739,down_streak2,692,none,0,none,0,none,0,none,0,none,0,False
SCREEN|W12-B-4224,W12-B-4224,B,sentiment,intraday_momentum,False,644,1253,0.513966,0.9888,0.322779,0.1601,-0.008,22,22,p12,0,none,0,none,0,first_yang,15828,none,0,none,0,none,0,none,0,mom_oversold,17807,std20_hi,458,rsqr20_hi,142,True
SCREEN|W12-B-4231,W12-B-4231,B,ta,kdj_reversal,False,641,1253,0.511572,0.8193,0.412637,0.0,0.0,0,0,a20,0,none,0,wild,17847,none,0,none,0,down_streak2,11488,none,0,none,0,none,0,std10_hi,2580,rsqr20_hi,686,False
SCREEN|W12-B-4235,W12-B-4235,B,ta,rsrs_timing,False,632,1253,0.504389,0.3108,0.755987,-0.6631,-0.0633,63,63,p12,0,none,0,wild,6356,none,0,none,0,none,0,none,0,none,0,none,0,std10_hi,3980,rsqr10_hi,764,False
SCREEN|W12-B-4243,W12-B-4243,B,trend,supertrend,False,642,1253,0.51237,0.8758,0.381159,0.2831,-0.0017,10,10,p12,0,bear,18917,none,0,first_yang,6316,volume_dry,2898,none,0,oversold_rsv,2642,none,0,mom_oversold,407,none,0,rsqr10_hi,25,False
SCREEN|W12-B-4244,W12-B-4244,B,trend,triple_ma,False,640,1253,0.510774,0.7628,0.445606,0.099,-0.0064,10,10,a25,0,bear,16660,wild,5339,none,0,none,0,up_streak2,1823,none,0,amp_wide,277,mom_oversold,269,std10_hi,0,none,0,False
SCREEN|W12-B-4247,W12-B-4247,B,volatility,vol_target,False,644,1253,0.513966,0.9888,0.322779,0.6288,-0.0036,53,53,a20,0,bear,16326,none,0,none,0,volume_surge,5790,none,0,oversold_rsv,4032,amp_wide,633,mom_oversold,867,std20_hi,208,none,0,True
SCREEN|W12-B-4253,W12-B-4253,B,folk,false_break_back,False,635,1253,0.506784,0.4803,0.631045,-0.416,-0.0114,47,47,none,0,none,0,none,0,none,0,none,0,none,0,deep_pullback,17194,amp_wide,434,mom_oversold,321,std20_hi,266,none,0,False
SCREEN|W12-B-4256,W12-B-4256,B,folk,low_suction,False,641,1253,0.511572,0.8193,0.412637,-0.3379,-0.0038,8,8,none,0,bear,2483,calm,459,none,0,volume_surge,395,down_streak2,350,none,0,none,0,none,0,std20_hi,101,none,0,False
SCREEN|W12-B-4265,W12-B-4265,B,mean_reversion,pullback_bounce,False,647,1253,0.516361,1.1583,0.246755,0.1647,-0.0036,6,6,a20,0,none,0,none,0,none,0,none,0,none,0,oversold_rsv,122,none,0,mom_oversold,16,std10_hi,7,none,0,True
SCREEN|W12-B-4268,W12-B-4268,B,mean_reversion,zscore_revert,False,641,1253,0.511572,0.8193,0.412637,0.6172,0.0,3,3,p8,0,none,0,none,0,first_yang,340,none,0,none,0,deep_pullback,301,amp_wide,8,none,0,std10_hi,0,none,0,False
SCREEN|W12-B-4295,W12-B-4295,B,sentiment,amount_rank,False,641,1253,0.511572,0.8193,0.412637,-0.2616,-0.0003,2,2,p3,0,bear,2004,wild,1021,none,0,volume_surge,211,none,0,oversold_rsv,128,none,0,none,0,none,0,rsqr20_hi,39,False
SCREEN|W12-B-4303,W12-B-4303,B,ta,kdj_reversal,False,641,1253,0.511572,0.8193,0.412637,0.4099,0.0,4,4,p12,0,bear,3174,none,0,first_yang,1554,volume_dry,566,none,0,oversold_rsv,415,none,0,none,0,std20_hi,143,rsqr20_hi,1,False
SCREEN|W12-B-4304,W12-B-4304,B,ta,macd_trend,False,641,1253,0.511572,0.8193,0.412637,-0.2241,-0.0011,4,4,none,0,bear,12538,none,0,first_yang,3393,none,0,up_streak2,1923,oversold_rsv,1378,none,0,none,0,std10_hi,132,none,0,False
SCREEN|W12-B-4308,W12-B-4308,B,ta,streak_up,False,621,1253,0.495611,-0.3108,0.755987,-0.2426,-0.0304,92,92,p5,0,none,0,none,0,first_yang,1284,none,0,none,0,deep_pullback,2732,none,0,none,0,none,0,none,0,False
SCREEN|W12-B-4309,W12-B-4309,B,ta,strong_close,False,612,1253,0.488428,-0.8193,0.412637,-0.6388,-0.113,158,158,a25,0,bull,539,wild,296,none,0,none,0,none,0,none,0,none,0,none,0,none,0,none,0,False
SCREEN|W12-B-4310,W12-B-4310,B,ta,vol_breakout,False,644,1253,0.513966,0.9888,0.322779,-0.1799,-0.0156,68,68,p3,0,bear,1703,none,0,none,0,volume_surge,440,down_streak2,331,none,0,amp_wide,44,none,0,none,0,none,0,True
SCREEN|W12-B-4317,W12-B-4317,B,volatility,vol_breakout,False,648,1253,0.517159,1.2148,0.224455,0.1509,-0.0135,13,13,a25,0,bear,702,none,0,first_yang,161,none,0,none,0,none,0,amp_narrow,83,mom_oversold,58,none,0,none,0,True
SCREEN|W12-B-4334,W12-B-4334,B,macro,drawdown_filter,False,635,1253,0.506784,0.4803,0.631045,-0.6801,-0.0433,31,31,p3,0,bull,6601,none,0,first_yang,2187,volume_surge,1363,none,0,none,0,none,0,none,0,none,0,rsqr20_hi,1127,False
SCREEN|W12-B-4336,W12-B-4336,B,mean_reversion,bollinger_breakout,False,659,1253,0.525938,1.8363,0.066317,0.6334,0.0,10,10,p12,0,bull,4170,none,0,none,0,volume_dry,1266,down_streak2,790,oversold_rsv,159,amp_wide,10,none,0,none,0,none,0,True
SCREEN|W12-B-4350,W12-B-4350,B,patterns,immortal_guide,False,640,1253,0.510774,0.7628,0.445606,-0.5612,-0.0133,3,3,p8,0,bull,372,none,0,none,0,volume_dry,229,none,0,none,0,amp_wide,96,none,0,std10_hi,47,none,0,False
SCREEN|W12-B-4358,W12-B-4358,B,patterns,piercing_line,False,659,1253,0.525938,1.8363,0.066317,0.1106,-0.04,22,22,a20,0,bull,1713,wild,176,none,0,volume_dry,162,none,0,none,0,none,0,mom_oversold,100,none,0,none,0,True
SCREEN|W12-B-4370,W12-B-4370,B,sentiment,price_volume_trend,False,640,1253,0.510774,0.7628,0.445606,-0.2656,-0.0232,128,128,p8,0,none,0,wild,1279,none,0,none,0,none,0,oversold_rsv,1498,none,0,none,0,none,0,none,0,False
SCREEN|W12-B-4372,W12-B-4372,B,ta,bb_squeeze_breakout,False,639,1253,0.509976,0.7063,0.480027,-0.2344,-0.004,7,7,p5,0,bear,675,none,0,none,0,volume_dry,66,up_streak2,78,none,0,amp_wide,11,none,0,none,0,none,0,False
SCREEN|W12-B-4382,W12-B-4382,B,ta,vol_breakout,False,641,1253,0.511572,0.8193,0.412637,0.0136,-0.0014,3,3,a20,0,bear,2630,wild,772,first_yang,170,volume_dry,99,none,0,deep_pullback,134,amp_wide,9,none,0,std10_hi,6,none,0,False
SCREEN|W12-B-4387,W12-B-4387,B,trend,supertrend,False,643,1253,0.513168,0.9323,0.351201,0.7044,0.0,10,10,p8,0,none,0,none,0,none,0,volume_surge,13269,down_streak2,9176,none,0,none,0,mom_oversold,2714,std20_hi,440,rsqr10_hi,124,False
SCREEN|W12-B-4390,W12-B-4390,B,volatility,vol_regime_switch,False,641,1253,0.511572,0.8193,0.412637,-0.6067,-0.0028,4,4,a15,0,none,0,calm,528,none,0,volume_surge,319,none,0,none,0,amp_wide,235,none,0,std20_hi,389,rsqr20_hi,4,False
SCREEN|W12-B-4393,W12-B-4393,B,event,breakout_confirm,False,638,1253,0.509178,0.6498,0.515848,-0.3276,-0.0087,4,4,a20,0,bull,47,none,0,first_yang,38,volume_surge,3,up_streak2,16,none,0,none,0,none,0,none,0,rsqr20_hi,57,False
SCREEN|W12-B-4408,W12-B-4408,B,mean_reversion,bollinger_breakout,False,639,1253,0.509976,0.7063,0.480027,-0.1779,-0.0259,15,15,p8,0,none,0,none,0,first_yang,10299,none,0,none,0,oversold_rsv,7913,amp_narrow,970,mom_oversold,758,none,0,rsqr10_hi,188,False
SCREEN|W12-B-4415,W12-B-4415,B,momentum,momentum_acceleration,False,644,1253,0.513966,0.9888,0.322779,0.1171,-0.0058,30,30,a20,0,none,0,none,0,first_yang,9131,none,0,down_streak2,7957,deep_pullback,409,amp_narrow,71,none,0,none,0,none,0,True
SCREEN|W12-B-4419,W12-B-4419,B,patterns,box_breakout,False,639,1253,0.509976,0.7063,0.480027,-0.6342,-0.0084,5,5,p12,0,bull,1622,none,0,first_yang,708,volume_dry,611,up_streak2,342,none,0,amp_narrow,21,none,0,std20_hi,143,none,0,False
SCREEN|W12-B-4422,W12-B-4422,B,patterns,immortal_guide,False,641,1253,0.511572,0.8193,0.412637,0.0698,-0.0035,13,13,a15,0,bear,4599,wild,1332,none,0,volume_dry,551,none,0,none,0,none,0,mom_oversold,601,std20_hi,25,none,0,False
SCREEN|W12-B-4425,W12-B-4425,B,patterns,ma_converge_break,False,641,1253,0.511572,0.8193,0.412637,-0.4214,-0.0021,6,6,a20,0,none,0,wild,6416,first_yang,2083,volume_dry,1187,none,0,oversold_rsv,1089,amp_narrow,20,none,0,none,0,rsqr10_hi,31,False
SCREEN|W12-B-4433,W12-B-4433,B,patterns,yang_break_3ma,False,636,1253,0.507582,0.5368,0.591435,0.0591,-0.0176,117,117,p5,0,none,0,none,0,none,0,none,0,none,0,oversold_rsv,19142,amp_narrow,1292,mom_oversold,832,none,0,none,0,False
SCREEN|W12-B-4440,W12-B-4440,B,sentiment,intraday_momentum,False,626,1253,0.499601,-0.0283,0.977462,-0.164,-0.0479,199,199,p5,0,bear,25727,none,0,none,0,volume_surge,9843,down_streak2,5432,oversold_rsv,1190,amp_wide,204,none,0,none,0,none,0,False
SCREEN|W12-B-4442,W12-B-4442,B,sentiment,price_volume_trend,False,556,1253,0.443735,-3.9833,6.8e-05,-1.3006,-0.2479,773,767,none,0,none,0,wild,5210,none,0,none,0,none,0,none,0,amp_narrow,2414,none,0,none,0,none,0,False
SCREEN|W12-B-4445,W12-B-4445,B,ta,cci_revert,False,638,1253,0.509178,0.6498,0.515848,-0.1429,-0.0049,6,6,a15,0,bear,1200,none,0,none,0,none,0,down_streak2,518,deep_pullback,190,amp_wide,15,none,0,none,0,rsqr20_hi,29,False
SCREEN|W12-B-4447,W12-B-4447,B,ta,kdj_reversal,False,644,1253,0.513966,0.9888,0.322779,-0.2391,-0.0083,9,9,p5,0,none,0,wild,1188,none,0,none,0,down_streak2,937,none,0,none,0,none,0,none,0,rsqr10_hi,244,True
SCREEN|W12-B-4452,W12-B-4452,B,ta,streak_up,False,642,1253,0.51237,0.8758,0.381159,0.011,-0.0022,6,6,p5,0,bear,403,wild,146,first_yang,31,none,0,none,0,none,0,amp_wide,36,none,0,std10_hi,20,none,0,False
SCREEN|W12-B-4455,W12-B-4455,B,ta,williams_reversal,False,641,1253,0.511572,0.8193,0.412637,-0.0922,-0.0027,14,14,a20,0,bull,7795,wild,2445,none,0,volume_dry,1047,up_streak2,1069,none,0,none,0,none,0,std10_hi,385,none,0,False
SCREEN|W12-B-4458,W12-B-4458,B,trend,parabolic_sar,False,648,1253,0.517159,1.2148,0.224455,0.4267,-0.0056,13,13,p3,0,bear,19919,wild,7401,none,0,volume_surge,2897,none,0,oversold_rsv,1258,amp_wide,127,mom_oversold,225,std10_hi,109,rsqr10_hi,113,True
SCREEN|W12-B-4460,W12-B-4460,B,trend,triple_ma,False,641,1253,0.511572,0.8193,0.412637,-0.3639,-0.0171,18,18,none,0,none,0,wild,6557,none,0,volume_dry,2411,none,0,none,0,amp_narrow,653,mom_oversold,1554,std20_hi,68,none,0,False
SCREEN|W12-B-4464,W12-B-4464,B,composite_rotation,composite_score,False,641,1253,0.511572,0.8193,0.412637,0.1554,-0.0046,5,5,p5,0,bull,13134,none,0,none,0,volume_dry,6913,none,0,oversold_rsv,6660,amp_narrow,109,none,0,none,0,rsqr20_hi,196,False
SCREEN|W12-B-4471,W12-B-4471,B,folk,lian_yin_first_yang,False,653,1253,0.521149,1.4973,0.134323,0.3754,-0.019,34,34,a15,0,none,0,none,0,none,0,volume_surge,615,none,0,deep_pullback,564,none,0,none,0,none,0,none,0,True
SCREEN|W12-B-4472,W12-B-4472,B,folk,low_suction,False,641,1253,0.511572,0.8193,0.412637,-0.5986,-0.0009,5,5,a15,0,bull,497,none,0,none,0,none,0,up_streak2,380,none,0,amp_narrow,54,none,0,std10_hi,77,none,0,False
SCREEN|W12-B-4473,W12-B-4473,B,folk,rsi_low_flat,False,646,1253,0.515563,1.1018,0.270564,0.2041,-0.0111,25,25,p12,0,none,0,none,0,none,0,none,0,down_streak2,4477,none,0,amp_wide,612,mom_oversold,624,none,0,rsqr20_hi,228,True
SCREEN|W12-B-4496,W12-B-4496,B,patterns,island_reversal,False,641,1253,0.511572,0.8193,0.412637,0.51,0.0,3,3,none,0,none,0,none,0,first_yang,369,volume_surge,184,none,0,oversold_rsv,180,amp_wide,9,mom_oversold,9,std20_hi,6,rsqr20_hi,2,False
